<COLLADA xmlns="http://www.collada.org/2005/11/COLLADASchema" version="1.4.1">
  <asset>
    <created>2026-09-29T18:16:48.095882</created>
    <modified>2026-09-29T18:16:48.095884</modified>
    <unit name="meter" meter="1.0"/>
    <up_axis>Z_UP</up_axis>
  </asset>
  <library_effects>
    <effect id="chrome-effect" name="chrome-effect">
      <profile_COMMON>
        <technique sid="common">
          <phong>
            <emission>
              <color>0 0 0 1.0</color>
            </emission>
            <ambient>
              <color>0.432 0.438 0.45599999999999996 1.0</color>
            </ambient>
            <diffuse>
              <color>0.72 0.73 0.76 1.0</color>
            </diffuse>
            <specular>
              <color>0.95 0.95 0.95 1.0</color>
            </specular>
            <shininess>
              <float>80.0</float>
            </shininess>
            <reflective>
              <color>0.0 0.0 0.0 1.0</color>
            </reflective>
            <reflectivity>
              <float>0.0</float>
            </reflectivity>
            <transparent>
              <color>0.0 0.0 0.0 1.0</color>
            </transparent>
            <transparency>
              <float>1.0</float>
            </transparency>
          </phong>
        </technique>
        <extra>
          <technique profile="GOOGLEEARTH">
            <double_sided>0</double_sided>
          </technique>
        </extra>
      </profile_COMMON>
    </effect>
  </library_effects>
  <library_geometries>
    <geometry id="g0_chrome" name="g0_chrome">
      <mesh>
        <source id="g0_chrome-pos">
          <float_array count="8163" id="g0_chrome-pos-array">0.0060165 0.0096424 0.0992647 0.0037952 -0.0074149 0.1074999 0.0034153 -0.0058693 0.1088794 0.0030753 -0.0031614 0.1101558 0.0064582 -0.00962 0.0974786 0.0053778 -0.0102325 0.1015108 0.004762 -0.0097868 0.1038114 0.0029409 0.0010323 0.1106047 0.0043131 0.0087836 0.1055017 0.0039015 0.0078106 0.1069961 0.0079535 0.0038901 0.0918567 0.0079542 -0.0041454 0.0918328 0.0072597 -0.0078264 0.0944161 0.0081421 0.0012523 0.0911005 0.005979 -0.0102123 0.0991463 0.0050146 0.0099122 0.1027499 0.0081609 -0.0005872 0.0909749 0.0030669 0.0040224 0.1099512 0.0055563 0.0101336 0.1006728 0.0073577 0.007224 0.0939393 0.0066276 0.0091865 0.0966101 0.0077082 -0.005843 0.0925353 0.0033494 0.006187 0.1087766 0.0066169 -0.009503 0.0965351 0.0028354 -0.0026609 0.1106018 0.0038206 -0.0085491 0.106833 0.0030002 -0.0047292 0.1099061 0.0027606 -0.001747 0.1108089 0.0075711 0.0061746 0.0927892 0.0047456 -0.0103103 0.1032951 0.0027319 -0.0017522 0.1108363 0.0068395 0.0087391 0.0954433 0.0078511 0.0043074 0.0916544 0.0046964 0.0100506 0.1033598 0.0080228 0.0022304 0.0909195 0.0026421 -0.0005017 0.1110021 0.003779 0.0084966 0.106688 0.0054057 -0.0107183 0.1005635 0.0040609 -0.0094999 0.1055878 0.0028506 0.0044367 0.1100463 0.0041045 0.0093357 0.1053776 0.0058705 0.0102324 0.0987862 0.0071137 0.0078752 0.0941383 0.0080529 0.0006718 0.0906124 0.0032283 0.0068427 0.1085409 0.0049422 0.0103834 0.1021513 0.0078808 -0.0037274 0.0911419 0.0042277 -0.0099629 0.1047649 0.007987 -0.0018783 0.0906449 0.0060647 -0.0103489 0.0977998 0.0029595 0.005865 0.1093274 0.0061953 0.0098826 0.0972562 0.0029605 -0.006225 0.1092915 0.0076497 -0.0052263 0.0916731 0.002554 0.0033034 0.1106045 0.0074492 0.0060787 0.0923348 0.0077667 0.0038161 0.0911434 0.0071843 -0.0075823 0.0932876 0.0067377 -0.0090389 0.0949514 0.0064502 -0.0096986 0.0960229 0.0049955 -0.0108719 0.1014513 0.0029903 -0.0067756 0.1089492 0.0032613 0.0078717 0.1077322 0.0053529 -0.0109044 0.0998731 0.003526 -0.0090233 0.1066994 0.0032627 -0.0082222 0.1076844 0.0025101 -0.0039921 0.1105055 0.0067906 0.0084468 0.0944298 0.0078488 0.0016561 0.0904606 0.0064092 0.0093502 0.0957267 0.0023567 -0.0030804 0.1108246 0.0022226 0.0017656 0.1110702 0.0034509 0.0089322 0.1065029 0.0049684 0.0107196 0.1008419 0.0076902 -0.0031878 0.0906427 0.0044659 -0.0108433 0.1026609 0.0021493 0.0007954 0.1112034 0.0024192 0.0045646 0.1102056 0.0060091 0.0099598 0.0968163 0.0073926 0.005343 0.0916386 0.0068654 -0.008147 0.0935713 0.0022003 -0.0024605 0.1110044 0.0067686 0.0081115 0.0938354 0.0077406 0.0003691 0.0901858 0.0071747 -0.0066998 0.0922799 0.0024596 -0.0055179 0.1098879 0.0028196 0.0072825 0.1084352 0.0036336 0.009629 0.1054023 0.0043565 0.0105731 0.1027057 0.0034121 -0.0094927 0.1061788 0.0028799 -0.0078731 0.10817 0.0021217 0.0027393 0.1108845 0.0054188 0.0105676 0.0985949 0.0065034 -0.0090152 0.0944936 0.0058293 -0.0104077 0.0970065 0.0030949 -0.0087563 0.1072205 0.0020395 -0.001498 0.1111801 0.0024755 0.0060156 0.1094261 0.0074484 0.0038951 0.0908531 0.0051325 -0.0110342 0.0994604 0.0047924 -0.0111072 0.10073 0.0037935 -0.0103843 0.1044615 0.0021213 0.0036866 0.1105944 0.0039145 0.0102846 0.1039165 0.0074974 0.0029654 0.0905197 0.0072294 -0.0056329 0.0914974 0.0061455 -0.0097427 0.0955336 0.0063963 0.0087727 0.0944968 0.0020266 -0.0034345 0.1107796 0.0032311 0.009233 0.106165 0.0046784 0.0108298 0.1007654 0.0070192 0.006221 0.0920134 0.0074887 -0.0022558 0.0902381 0.0017051 0.0048323 0.1100915 0.0025017 0.0085736 0.1071271 0.0054438 0.0099483 0.0961461 0.0060861 -0.0086772 0.0936987 0.000932 -0.0001858 0.1111987 0.0017326 0.00754 0.1082298 0.0041991 0.0109152 0.0990295 0.0053833 0.0092458 0.0946038 0.0058458 0.0078194 0.092873 0.0064664 0.004336 0.0905467 0.0066874 0.0011864 0.0897135 0.0064999 -0.0042811 0.0903988 0.0063555 -0.0054678 0.0909348 0.0063139 -0.0057537 0.0910895 0.0013703 -0.0060895 0.1095466 0.0012847 -0.0055246 0.1098674 0.0011729 -0.004643 0.1102874 0.001801 0.0092738 0.1062067 0.0021753 0.0100669 0.1048113 0.0030775 0.0110207 0.101445 0.0062523 0.0015226 0.0895661 0.0055358 -0.0076559 0.0922171 0.0038451 -0.0112382 0.0985203 0.0029103 -0.0112487 0.1020105 0.0011627 -0.0074566 0.1085456 0.0007122 -0.0046728 0.1102348 8.85e-05 0.0024456 0.1108046 0.0004068 0.0055177 0.109624 0.0031458 0.0111211 0.0994123 0.005214 0.0069378 0.0916793 0.0056764 0.003778 0.0899444 0.0058514 -0.0007835 0.0892791 0.0055001 -0.005534 0.090578 0.0042185 -0.0102901 0.0953506 0.0021283 -0.011027 0.1031528 0.0017257 -0.0104595 0.1046574 1.35e-05 -0.0008488 0.1110758 0.0003631 0.0076763 0.1080103 0.0015125 0.0105534 0.1037264 0.0019285 0.0109931 0.1021744 0.003295 0.0107757 0.0970718 0.0038545 0.0099139 0.0949803 0.0050664 0.005313 0.0904433 0.0053445 0.0025228 0.0893977 0.0053633 0.0021976 0.0893264 0.005405 0.001211 0.0891682 0.0052738 -0.0037262 0.0896452 0.0048849 -0.0066935 0.0910893 0.0034612 -0.0108585 0.0963937 0.0008957 -0.0097172 0.1059756 0.0004874 -0.0084956 0.1075034 -0.0004313 -0.0015161 0.110952 -0.0008901 0.0011513 0.1108852 -0.0006983 0.0040654 0.110177 -0.0004166 0.0061391 0.1091305 0.0002982 0.0090354 0.1064694 0.0039837 0.0084488 0.0927072 0.0049708 -0.0014558 0.0889957 0.0049291 -0.0024475 0.0891487 0.0047456 -0.0046791 0.0898279 0.0042318 -0.0077674 0.091738 0.0038517 -0.0091375 0.0931538 0.0024301 -0.0114535 0.0984555 0.0017387 -0.0115004 0.1010368 -0.0006976 -0.0044311 0.1101517 -0.0002921 0.0086522 0.1068823 0.0045482 0.0005527 0.0887888 0.0043072 -0.0046936 0.0896748 0.0031977 -0.0097517 0.093804 0.0028165 -0.0105593 0.095225 0.0015506 -0.0115936 0.0999489 0.0001389 -0.0101332 0.1052235 -0.0007703 -0.0070661 0.1086263 -0.0009629 -0.0059502 0.1093484 0.0017923 0.0110493 0.0973137 0.0024485 0.0101662 0.0948611 0.0027519 0.0095078 0.0937265 0.0034052 0.007304 0.0912816 -0.0009984 -0.008106 0.1076825 -0.0016688 -0.0038236 0.1101971 -0.0022759 -0.0001845 0.1106788 -0.0020936 0.0037823 0.1100088 -0.0017291 0.0064653 0.108655 -0.0014517 0.0077681 0.1076227 -0.0010584 0.0091043 0.1061578 -0.000289 0.0106784 0.1032893 0.000304 0.0112336 0.1010765 0.0008265 0.0113284 0.0991261 0.0031706 0.006242 0.0903604 0.003263 0.0056708 0.0900137 0.0036063 0.002226 0.0887229 0.0035157 -0.0037663 0.0890453 0.0031717 -0.0064892 0.0903225 0.0014317 -0.0112765 0.0968064 -3.66e-05 -0.0112929 0.1022885 -0.000609 -0.0104859 0.104428 -0.0020929 -0.0041473 0.1099853 -0.0026952 0.0014981 0.1104532 -0.0020191 0.0072723 0.1079444 -0.0011385 0.0100092 0.1046636 -0.0004029 0.0110629 0.1019199 0.0022073 0.0085208 0.0921677 0.0032022 0.0012294 0.0884336 -0.0016449 -0.0090407 0.106504 -0.0027154 -0.0011956 0.1105216 -0.0027704 0.0056187 0.1089493 0.0007836 0.0107099 0.0956929 0.0010268 0.0103355 0.0947842 0.0027536 -0.0014649 0.0883054 0.0018879 -0.0083176 0.0915197 0.0016934 -0.008998 0.0922438 0.0011855 -0.0103108 0.094137 0.0002784 -0.0114945 0.0975206 -0.0006782 -0.0115052 0.1010923 -0.0031296 -0.0021986 0.1102696 -0.003617 0.0004908 0.1103011 -0.0026089 0.0084706 0.1065582 0.0019597 0.0053784 0.0894921 -0.0022592 -0.0098255 0.1052039 -0.0021638 0.0105448 0.1031075 -0.0019995 0.0107698 0.1024944 -0.0014035 0.0112567 0.1002704 -0.0011426 0.0113189 0.0992966 -0.0005361 0.0111187 0.0970316 0.0005089 0.0095094 0.0931258 0.0005105 -0.0097734 0.0930684 -0.000114 -0.010962 0.0953972 -0.0009664 -0.011608 0.098578 -0.0019141 -0.0111864 0.1021177 -0.0022428 -0.0107441 0.1033462 -0.0024793 -0.0103162 0.10423 -0.0034672 -0.0070812 0.1079272 -0.004495 0.0008239 0.109993 -0.0042243 0.0046984 0.1089926 -0.003802 0.0072372 0.1074224 0.0004052 -0.0087354 0.0916717 -0.0010691 -0.011438 0.0971692 -0.0016754 -0.0115825 0.0994326 -0.004293 -0.0044426 0.1092248 -0.0048821 0.0021459 0.1096519 -0.0046986 0.0043775 0.1089727 -0.001099 0.0107279 0.0955496 1.44e-05 0.0082281 0.091386 0.0005921 0.0077852 0.0910176 0.0001392 -0.0080105 0.0908771 -0.0041245 -0.0080582 0.1067963 -0.0045835 -0.0056375 0.1085165 -0.0048413 -0.00316 0.1094855 -0.0049121 -0.0018503 0.1097533 -0.0048867 0.0061165 0.1078928 -0.0045637 0.0076798 0.1066908 -0.0041045 0.0091944 0.1049804 -0.0018835 0.0110091 0.0966925 -0.0009947 -0.0100244 0.0933186 -0.0029963 -0.0113072 0.1007885 -0.0033306 -0.0109817 0.1020374 -0.0052975 -0.0028244 0.1094028 -0.0058081 0.0001504 0.1095346 -0.0054531 0.0052324 0.1082225 -0.0048764 0.0081085 0.106077 -0.0028435 0.0111525 0.0984945 -0.0014491 0.00971 0.0932847 -0.0018353 -0.0106863 0.0946725 -0.00267 -0.0114179 0.0977871 -0.004875 -0.0084505 0.1060277 -0.0056294 -0.0040796 0.1088561 -0.0042127 0.0105484 0.1018274 -0.0014786 -0.008794 0.0915677 -0.0055438 -0.0074519 0.1067494 -0.0062053 -0.0018242 0.1092345 -0.0062317 -0.0008403 0.1093354 -0.0066493 0.0008016 0.1091264 -0.0060272 0.0068042 0.1068196 -0.0044044 0.010737 0.100771 -0.0041541 0.0109121 0.0998368 -0.0017465 0.0078248 0.0908395 -0.0022074 -0.0095124 0.0925145 -0.0033074 -0.0111594 0.0966173 -0.0039835 -0.0112821 0.0991411 -0.0052644 -0.00972 0.1039277 -0.0054761 -0.0091779 0.1047197 -0.0062659 -0.0058041 0.1076776 -0.0061656 0.0079456 0.1055732 -0.0020301 -0.0072992 0.0900919 -0.0070011 -0.0027571 0.1086644 -0.0072248 0.0045066 0.1077595 -0.007045 0.0057644 0.1070913 -0.0063983 0.0085065 0.104684 -0.0035575 0.0099976 0.0940813 -0.0032578 0.0094343 0.0929609 -0.0038704 -0.0106987 0.0951949 -0.0044444 -0.0111001 0.0973369 -0.0055151 -0.0106237 0.101336 -0.00575 -0.0102926 0.1022139 -0.0065255 -0.0084314 0.1051141 -0.0068713 -0.007039 0.1064089 -0.0018525 -0.0033009 0.0879865 -0.0018523 -0.0048219 0.0885526 -0.0018125 -0.0059877 0.0891703 -0.0014196 -0.0069493 0.0898366 -0.0008096 -0.0075904 0.0903931 0.0010756 -0.0075426 0.0906088 0.0016932 -0.0066681 0.0900564 0.0018809 -0.0059605 0.0896375 0.0018978 -0.0050395 0.0891441 0.0018975 -0.0022399 0.0882218 0.0018973 -0.0003334 0.0880272 0.0018971 0.0022424 0.0882835 0.001897 0.0040875 0.0888551 0.0016403 0.0065369 0.0901668 0.0011255 0.0072478 0.0906236 0.0005177 0.0075983 0.0908281 -0.0003146 0.007578 0.0906969 -0.0011318 0.0070655 0.0901794 -0.0016331 0.0063192 0.089587 -0.0018435 0.0055315 0.0890755 -0.001853 0.0033761 0.0881027 -0.0018719 0.0021254 0.087767 -0.0023358 0.0062302 0.0895097 -0.0001034 0.0069103 0.0874656 0.0018924 0.0052592 0.0866937 0.0017195 0.0059043 0.0866956 0.0012242 0.0067723 0.0891862 0.0009138 0.0067713 0.0879288 0.0005106 0.0070978 0.0891175 0.0005105 0.0069094 0.0879146 -0.0002862 0.0071161 0.0890653 -0.0008152 0.0067944 0.0879025 -0.0012283 0.0064916 0.0873138 -0.0016762 0.0059188 0.0873418 -0.0018523 0.0051979 0.0866939 0.0018811 0.0071111 -0.0542968 0.0018138 0.0062578 -0.0506421 0.0017047 0.0063112 -0.0486512 0.0014719 0.0073096 -0.0520286 0.00139 0.0080214 -0.0534266 0.001209 0.0070307 -0.049857 0.0012088 0.0073588 -0.0513583 0.0008987 0.0072225 -0.0498291 0.0006718 0.0087121 -0.0537398 0.0005542 0.0095971 -0.054944 0.0003749 0.0076983 -0.0512583 0.0001316 0.0073918 -0.0497622 0.0017754 0.0080561 -0.0546979 0.0011393 0.0097884 -0.055577 0.0006196 0.0107335 -0.0561628 -0.0001189 0.0084943 -0.0531778 -0.000423 0.0094323 -0.054694 -0.0004822 0.007321 -0.0495133 -0.0006595 0.0079221 -0.0521279 -0.00094 0.0072427 -0.0501319 -0.0009408 0.0096726 -0.0552726 -0.0009941 0.0089116 -0.054328 -0.0011469 0.0069593 -0.0486306 -0.0011962 0.0078951 -0.052798 -0.001498 0.0082087 -0.0540417 -0.0015343 0.0068606 -0.0508428 -0.0017827 0.0062532 -0.0503045 -0.0018305 0.0068362 -0.0529107 -0.0004457 0.0110023 -0.0563447 -0.0013038 0.0094157 -0.0553674 -0.0018423 0.0075795 -0.0544956 -0.0018594 0.0053003 0.0317137 -0.0018567 0.0052271 0.0563276 -0.0018596 0.005307 0.0294451 -0.0018598 0.0053115 0.0279436 -0.00186 0.0053183 0.0256516 -0.0018604 0.0053283 0.0222751 -0.0018611 0.0053474 0.0158673 -0.0018614 0.0053543 0.0135434 -0.0018616 0.0053609 0.0113297 -0.0018619 0.0053679 0.0089486 -0.0018621 0.0053749 0.0066171 -0.0018622 0.0053777 0.005682 -0.0018625 0.0053846 0.0033569 0.0013635 -0.0067304 0.0882344 0.0008597 -0.0070672 0.0881888 0.0003913 -0.0071137 0.0872641 0.0018821 -0.0032898 -0.0536536 0.0018815 0.0037473 -0.0534142 0.0018819 -0.0003729 -0.0532146 0.0018729 -0.0055106 -0.0520907 0.0017313 -0.005778 -0.0506995 0.001648 -0.006354 -0.0525307 0.0015832 -0.0071632 -0.0542424 0.0012572 -0.0086287 -0.0558687 0.000954 -0.0076682 -0.0539855 0.0009541 -0.0069084 -0.0520446 0.0009543 -0.0066037 -0.0505862 0.0007879 -0.008671 -0.0554591 0.0004963 -0.0079535 -0.0541696 0.0003153 -0.0087657 -0.0553889 0.0002546 -0.0071851 -0.0522704 0.0002549 -0.0067197 -0.0496851 0.0006788 -0.0096913 -0.0565863 0.0018607 -0.0066689 -0.0548175 -0.000163 -0.0074303 0.0893107 -0.0006429 -0.0070929 0.0878544 -0.0013611 -0.0065837 0.0869703 -0.001701 -0.0060936 0.087309 -0.0018258 -0.0056863 0.0873313 -0.0018643 -0.0050407 -0.0218108 -0.0018589 -0.0051885 0.0279123 -0.0003611 -0.0077065 -0.0536372 -0.0005996 -0.0067037 -0.0502752 -0.0007161 -0.0075037 -0.0534064 -0.0007732 -0.0086711 -0.0554589 -0.0008846 -0.0069353 -0.0520369 -0.0012883 -0.0063243 -0.0503164 -0.001418 -0.0068375 -0.0530256 -0.0015334 -0.007208 -0.0542194 -0.0015682 -0.0061453 -0.0512824 -0.0017817 -0.0055166 -0.0497484 -0.001782 -0.0070867 -0.055016 -0.0013949 -0.0082985 -0.0556717 -0.0006974 -0.0096364 -0.0565464 -0.002083 0.0042148 0.0884099 -0.0073165 -0.0043579 0.1079273 -0.0075452 0.0011364 0.1086465 -0.0018599 -0.0009399 0.0875633 -0.007554 -0.0011666 0.1086731 -0.0075677 0.0014615 0.1085833 -0.0073526 0.0042987 0.1077877 -0.0061711 0.0093499 0.10339 -0.0040298 0.0104371 0.0953979 -0.0031812 0.0089488 0.0922253 -0.0019401 0.0007066 0.0875697 -0.0050412 -0.0110513 0.0991173 -0.005979 0.0097908 0.1025273 -0.0037429 -0.0102816 0.0941255 -0.0073829 0.0045857 0.1076108 -0.0070164 0.006795 0.1062484 -0.0051151 0.010723 0.0991599 -0.0030517 -0.0085957 0.0914047 -0.0076463 0.0024167 0.108306 -0.0045089 0.0106391 0.0966138 -0.0022574 -0.003809 0.0881689 -0.0024301 -0.005304 0.08881 -0.0027108 -0.0069416 0.0898537 -0.0060013 -0.0101995 0.1021306 -0.006305 -0.0096235 0.1032663 -0.0056351 0.0103867 0.10068 -0.0048306 0.0106944 0.0975418 -0.0025927 0.0056102 0.0891728 -0.0045767 -0.0108873 0.0965367 -0.0074665 -0.0051974 0.1073416 -0.0035136 0.0090277 0.0924876 -0.0032401 0.0082702 0.0914644 -0.0029922 0.0073911 0.0905365 -0.003657 -0.0096216 0.0929738 -0.006681 -0.0088636 0.1042664 -0.0069992 -0.0078016 0.1054573 -0.0077112 -0.0030732 0.1081281 -0.0077599 0.0023978 0.1081947 -0.0022609 -0.0012517 0.0876535 -0.0069347 0.007879 0.1050014 -0.0042671 -0.0104674 0.0949929 -0.0066295 0.0088481 0.103741 -0.0039875 0.0097238 0.0938788 -0.0024333 0.0029156 0.0880582 -0.004958 -0.0108958 0.0974478 -0.0078702 -0.0014695 0.1083464 -0.005573 0.0104544 0.0996807 -0.0039424 -0.009835 0.0935387 -0.0079052 0.0014266 0.1082477 -0.0074507 0.0058878 0.1065627 -0.0043646 0.0101185 0.0950511 -0.0066093 -0.0093044 0.1033809 -0.0079563 0.0001432 0.1083219 -0.0077494 0.0038952 0.1075594 -0.0063422 0.0095606 0.1023202 -0.0026871 0.0043931 0.0886595 -0.0033816 -0.008203 0.0912194 -0.0060573 0.0099994 0.1011485 -0.0024656 0.0003642 0.0877128 -0.0034465 0.0079056 0.0912895 -0.0056778 -0.0106483 0.0995713 -0.0075135 -0.0061848 0.1064371 -0.0026651 -0.0034081 0.0882406 -0.0054818 0.0103938 0.0986968 -0.0079667 0.0023328 0.1078602 -0.0030786 0.0056884 0.0895298 -0.0030335 -0.0056657 0.0893312 -0.0044778 -0.0100959 0.094712 -0.0060865 -0.0102541 0.1007182 -0.0069107 -0.0087522 0.103715 -0.0073554 0.0069554 0.1053374 -0.0067213 0.0089004 0.102975 -0.0047601 0.0100123 0.0956555 -0.0026906 -0.0009003 0.0878995 -0.0065764 -0.0095171 0.1023852 -0.0075122 -0.0065796 0.1058871 -0.008038 -0.0020486 0.1078623 -0.0080808 0.0007597 0.1079545 -0.0041752 0.0091218 0.0933943 -0.0039629 -0.0089212 0.0925541 -0.0078663 0.0040598 0.1070923 -0.0070821 0.0079646 0.1041747 -0.0078974 -0.0041226 0.1071867 -0.0028956 0.0030875 0.0884652 -0.0053111 0.0101307 0.0974421 -0.006116 0.0097849 0.1003913 -0.0036681 0.0074164 0.0912453 -0.0036668 -0.0076701 0.0912005 -0.0080435 0.0022575 0.1075176 -0.0075166 0.0063196 0.1055158 -0.0034531 0.0062224 0.0903038 -0.0030577 -0.0038403 0.088801 -0.0048914 -0.0100041 0.0956311 -0.0055167 -0.0102848 0.097965 -0.0081193 -0.0001761 0.1076742 -0.0029437 0.0018427 0.0883556 -0.0061471 -0.0099439 0.1002848 -0.0066621 -0.0092158 0.1022095 -0.0077455 -0.005374 0.106265 -0.007065 0.0078479 0.1036864 -0.0044883 0.0090044 0.094069 -0.0056255 0.0097854 0.0983037 -0.0037447 0.0122469 -0.057286 0.0037573 -0.0106237 -0.0573109 -0.0037427 -0.0106243 -0.0573101 -0.0037427 -0.0127302 -0.0593756 0.0037573 -0.0131083 -0.0598296 -0.0037428 -0.0141527 -0.0612596 0.0037572 -0.014152 -0.0612604 0.0037571 -0.0150495 -0.0627873 -0.003743 -0.0155627 -0.0638504 0.003757 -0.0157918 -0.0643953 -0.0037427 -0.0092079 -0.0562469 -0.0037428 -0.0055471 -0.0543456 -0.0018679 -0.0044299 -0.0539623 -0.0018681 -0.0012046 -0.0532895 -0.0037431 -0.0009619 -0.0532632 -0.0037433 0.0013974 -0.0531829 -0.0018683 0.0019875 -0.0532117 -0.0037435 0.0037468 -0.0534135 -0.0018686 0.004328 -0.0535196 -0.0037437 0.0054778 -0.0537883 -0.0018688 0.0060457 -0.0539512 -0.0037441 0.008787 -0.0550398 -0.0037444 0.0108281 -0.0562258 0.0037554 0.0117863 -0.0569179 0.0037559 0.0087876 -0.0550406 0.0037561 0.007164 -0.054333 0.0037565 0.0037475 -0.0534144 0.0037567 0.0013981 -0.0531838 0.0037571 -0.0032896 -0.0536539 0.0037572 -0.0055464 -0.0543464 0.0037573 -0.0092072 -0.0562478 -0.0037463 0.017709 -0.0676818 0.0037537 0.0177096 -0.0676826 -0.0037461 0.0174766 -0.0657776 0.003754 0.0173786 -0.0653087 0.0037542 0.0169868 -0.0639238 -0.0037458 0.0168242 -0.0634712 0.0037545 0.0160252 -0.0617282 -0.0037454 0.0155371 -0.0609007 0.0037548 0.0147032 -0.0597289 -0.003745 0.0140812 -0.0589966 0.0037551 0.0134118 -0.0583103 0.0037523 0.0125512 -0.0847037 -0.0037477 0.0125505 -0.0847029 -0.0037476 0.0141261 -0.0823632 0.0037525 0.0144791 -0.0817528 -0.0037474 0.015713 -0.0792158 0.0037527 0.0159774 -0.0785623 0.0037528 0.0164497 -0.0772328 -0.0037471 0.0168463 -0.0758781 0.003753 0.017168 -0.0745051 -0.0037469 0.0174113 -0.0731146 0.0037534 0.0176314 -0.0710108 -0.0037431 -0.0163525 -0.0659581 0.0037568 -0.0164912 -0.0664182 -0.0037434 -0.0169488 -0.0687703 0.0037566 -0.0169908 -0.0692491 0.0037563 -0.0169575 -0.0716458 -0.0037437 -0.0169023 -0.0721216 -0.003744 -0.0165166 -0.0740008 0.003756 -0.0165159 -0.0740017 -0.0037444 -0.0152392 -0.0770996 0.0037556 -0.0152386 -0.0771004 0.0037552 -0.0137173 -0.0795106 -0.0037449 -0.0133164 -0.0800899 -0.0037453 -0.011553 -0.0822914 0.0037547 -0.0115524 -0.0822923 -0.0037456 -0.0100753 -0.083806 0.0037543 -0.0095545 -0.0842835 -0.0037461 -0.0073478 -0.0860387 0.0037539 -0.0073471 -0.0860396 0.0037536 -0.0055706 -0.087189 -0.0037467 -0.0037047 -0.0881849 -0.0037468 -0.0024168 -0.0887611 0.0037532 -0.0024161 -0.0887619 0.0037664 0.0038664 0.1076615 0.0073891 -0.0041759 0.0941142 0.005577 0.0079281 0.1009119 0.0066239 -0.007143 0.0969632 0.0073884 0.003907 0.0941382 0.0045315 0.0068335 0.1048125 0.0037671 -0.0042164 0.1076375 0.0045328 -0.0071664 0.1047709 0.0076281 0.0014544 0.0932367 0.0066227 0.0068569 0.0970048 0.0035979 0.0024273 0.108287 0.0043079 -0.0065892 0.1056121 0.0052402 -0.008135 0.1021269 0.0055784 -0.0082376 0.1008639 0.0061862 -0.0078818 0.0985955 0.0075576 -0.0027368 0.0934888 0.0043068 0.0062513 0.1056502 0.0034866 -0.0001781 0.1086956 0.007105 -0.0056607 0.0951708 0.0059834 0.0077786 0.0993943 0.0052388 0.0078179 0.1021743 0.0069019 0.0061143 0.0959604 0.0040049 -0.005497 0.1067462 0.0076689 -0.0001313 0.0930802 0.0076292 -0.0017025 0.0932244 0.0035266 -0.0017483 0.1085421 -0.0076219 -0.0001703 0.1057204 -0.0074867 -0.0030248 0.1052082 -0.0073414 -0.0042086 0.1046623 -0.0075098 0.0024442 0.1053088 -0.0073421 0.0038743 0.1046863 -0.0069602 0.0057387 0.1032653 -0.0065769 0.0068414 0.1018373 -0.0058696 0.0078258 0.0991992 -0.0055314 0.007936 0.0979367 -0.0048577 0.0075125 0.0954199 -0.0044858 0.0068648 0.0940297 -0.0040044 0.0053933 0.0922285 -0.0037201 0.0039148 0.0911631 -0.0034942 0.0017083 0.0903137 -0.0034396 -0.0001235 0.090105 -0.0035297 -0.0024739 0.0904351 -0.0037194 -0.004168 0.091139 -0.0041527 -0.0062127 0.0927513 -0.0044846 -0.0071351 0.093988 -0.0049888 -0.0079483 0.0958687 -0.00553 -0.0082297 0.0978887 -0.0057997 -0.0081652 0.0988958 -0.006269 -0.0077166 0.1006491 -0.0065757 -0.0071585 0.1017957 -0.0068006 -0.0065814 0.1026369 -0.0071913 -0.0050759 0.1040998 -0.0018534 -0.0009299 0.0813304 -0.0018533 -0.0007951 0.0820546 -0.0018537 -0.0015887 0.0784544 -0.0018536 0.0014028 0.081322 -0.0018534 -0.0005027 0.0820555 -0.0018537 0.0014039 0.0809537 -0.0018537 0.0006903 0.0801288 -0.0018539 0.0014102 0.0788317 -0.0018538 0.0006942 0.0788295 -0.0018539 0.0014113 0.0784633 -0.0018539 0.0006952 0.0784611 -0.0018539 0.0003565 0.0780549 -0.0018538 0.0003553 0.0784601 -0.0018625 0.0016431 0.000482 -0.0018677 0.0017851 -0.0472929 -0.0018676 0.001784 -0.0469245 -0.0018676 0.0010691 -0.047295 -0.0018534 -0.0016107 0.0809447 -0.0018537 0.0003503 0.0801278 0.0037523 0.0125512 -0.0847037 -0.0037477 0.0125505 -0.0847029 -0.0037477 0.0118229 -0.0849001 0.0037523 0.0118236 -0.084901 -0.0037468 -0.0024168 -0.0887611 0.0037532 -0.0024161 -0.0887619 -0.0037469 -0.0016892 -0.0885638 0.0037531 -0.0016885 -0.0885646 -0.0037477 0.0118229 -0.0849001 0.0037523 0.0118236 -0.084901 -0.0037469 -0.0016892 -0.0885638 0.0037531 -0.0016885 -0.0885646 0.0037545 0.0065925 -0.0695818 -0.0037455 0.0065034 -0.0695438 0.0037543 0.0073879 -0.0701102 -0.0037457 0.0076472 -0.0703914 0.0037542 0.0079595 -0.0708751 -0.0037458 0.0081089 -0.0712272 -0.0037449 -0.0006653 -0.0696689 -0.0037449 -0.0053987 -0.0738382 -0.003745 -0.0054434 -0.0744112 -0.0037448 -0.0031562 -0.0710372 -0.0037453 0.0049409 -0.0691342 -0.003745 0.0010441 -0.0691741 -0.0037452 0.0031688 -0.0689715 -0.0037448 -0.00424 -0.0719612 -0.0037449 -0.0050693 -0.0729419 0.0037551 -0.0006646 -0.0696697 0.003755 -0.0054208 -0.0746989 0.0037552 -0.0039803 -0.0717174 0.0037551 -0.0052718 -0.0733767 0.0037549 0.0028132 -0.0689759 0.003755 0.0010448 -0.0691749 0.0037551 -0.0049122 -0.0727012 -0.0037447 0.0122469 -0.057286 -0.0037427 -0.0106243 -0.0573101 -0.0037427 -0.0127302 -0.0593756 -0.0037428 -0.0141527 -0.0612596 -0.003743 -0.0155627 -0.0638504 -0.0037427 -0.0092079 -0.0562469 -0.0037428 -0.0055471 -0.0543456 -0.0037431 -0.0009619 -0.0532632 -0.0037433 0.0013974 -0.0531829 -0.0037435 0.0037468 -0.0534135 -0.0037437 0.0054778 -0.0537883 -0.0037441 0.008787 -0.0550398 -0.0037444 0.0108281 -0.0562258 -0.0037463 0.017709 -0.0676818 -0.0037461 0.0174766 -0.0657776 -0.0037458 0.0168242 -0.0634712 -0.0037454 0.0155371 -0.0609007 -0.003745 0.0140812 -0.0589966 -0.0037477 0.0125505 -0.0847029 -0.0037476 0.0141261 -0.0823632 -0.0037474 0.015713 -0.0792158 -0.0037471 0.0168463 -0.0758781 -0.0037469 0.0174113 -0.0731146 -0.0037477 0.0118229 -0.0849001 -0.0037431 -0.0163525 -0.0659581 -0.0037434 -0.0169488 -0.0687703 -0.0037437 -0.0169023 -0.0721216 -0.003744 -0.0165166 -0.0740008 -0.0037444 -0.0152392 -0.0770996 -0.0037449 -0.0133164 -0.0800899 -0.0037453 -0.011553 -0.0822914 -0.0037456 -0.0100753 -0.083806 -0.0037461 -0.0073478 -0.0860387 -0.0037467 -0.0037047 -0.0881849 -0.0037468 -0.0024168 -0.0887611 -0.0037469 -0.0016892 -0.0885638 -0.0037455 0.0065034 -0.0695438 -0.0037457 0.0076472 -0.0703914 -0.0037458 0.0081089 -0.0712272 -0.0037449 -0.0006653 -0.0696689 -0.0037449 -0.0053987 -0.0738382 -0.003745 -0.0054434 -0.0744112 -0.0037448 -0.0031562 -0.0710372 -0.0037453 0.0049409 -0.0691342 -0.003745 0.0010441 -0.0691741 -0.0037452 0.0031688 -0.0689715 -0.0037448 -0.00424 -0.0719612 -0.0037449 -0.0050693 -0.0729419 0.0037573 -0.0106237 -0.0573109 0.0037573 -0.0131083 -0.0598296 0.0037572 -0.014152 -0.0612604 0.0037571 -0.0150495 -0.0627873 0.003757 -0.0157918 -0.0643953 0.0037554 0.0117863 -0.0569179 0.0037559 0.0087876 -0.0550406 0.0037561 0.007164 -0.054333 0.0037565 0.0037475 -0.0534144 0.0037567 0.0013981 -0.0531838 0.0037571 -0.0032896 -0.0536539 0.0037572 -0.0055464 -0.0543464 0.0037573 -0.0092072 -0.0562478 0.0037537 0.0177096 -0.0676826 0.003754 0.0173786 -0.0653087 0.0037542 0.0169868 -0.0639238 0.0037545 0.0160252 -0.0617282 0.0037548 0.0147032 -0.0597289 0.0037551 0.0134118 -0.0583103 0.0037523 0.0125512 -0.0847037 0.0037525 0.0144791 -0.0817528 0.0037527 0.0159774 -0.0785623 0.0037528 0.0164497 -0.0772328 0.003753 0.017168 -0.0745051 0.0037534 0.0176314 -0.0710108 0.0037523 0.0118236 -0.084901 0.0037568 -0.0164912 -0.0664182 0.0037566 -0.0169908 -0.0692491 0.0037563 -0.0169575 -0.0716458 0.003756 -0.0165159 -0.0740017 0.0037556 -0.0152386 -0.0771004 0.0037552 -0.0137173 -0.0795106 0.0037547 -0.0115524 -0.0822923 0.0037543 -0.0095545 -0.0842835 0.0037539 -0.0073471 -0.0860396 0.0037536 -0.0055706 -0.087189 0.0037532 -0.0024161 -0.0887619 0.0037531 -0.0016885 -0.0885646 0.0037545 0.0065925 -0.0695818 0.0037543 0.0073879 -0.0701102 0.0037542 0.0079595 -0.0708751 0.0037551 -0.0006646 -0.0696697 0.003755 -0.0054208 -0.0746989 0.0037552 -0.0039803 -0.0717174 0.0037551 -0.0052718 -0.0733767 0.0037549 0.0028132 -0.0689759 0.003755 0.0010448 -0.0691749 0.0037551 -0.0049122 -0.0727012 0.0037671 -0.0042164 0.1076375 0.0034866 -0.0001781 0.1086956 0.0035266 -0.0017483 0.1085421 0.0024082 -0.0019407 0.1073456 0.0037671 -0.0042164 0.1076375 0.0034866 -0.0001781 0.1086956 0.0024082 -0.0019407 0.1073456 -0.0060155 -0.0019348 0.1050895 -0.0076219 -0.0001703 0.1057204 -0.0059991 -0.0021696 0.1050279 -0.0074867 -0.0030248 0.1052082 -0.0073414 -0.0042086 0.1046623 0.0037664 0.0038664 0.1076615 0.0035979 0.0024273 0.108287 0.0034866 -0.0001781 0.1086956 -0.0076219 -0.0001703 0.1057204 0.0026046 0.0011477 0.1076726 0.0024242 0.0018276 0.1072959 -0.0060047 0.0018448 0.1050385 -0.0073421 0.0038743 0.1046863 -0.0076219 -0.0001703 0.1057204 -0.0075098 0.0024442 0.1053088 -0.0060047 0.0018448 0.1050385 -0.0073421 0.0038743 0.1046863 0.0037664 0.0038664 0.1076615 0.0045315 0.0068335 0.1048125 0.0043068 0.0062513 0.1056502 -0.0073421 0.0038743 0.1046863 0.002912 0.0048297 0.1057187 0.0030815 0.0052847 0.1053442 -0.0054583 0.0049616 0.1032524 -0.0065769 0.0068414 0.1018373 -0.0073421 0.0038743 0.1046863 -0.0054583 0.0049616 0.1032524 -0.0069602 0.0057387 0.1032653 -0.0065769 0.0068414 0.1018373 0.005577 0.0079281 0.1009119 0.0045315 0.0068335 0.1048125 0.0052388 0.0078179 0.1021743 0.0036932 0.0068408 0.1023459 0.005577 0.0079281 0.1009119 0.0045315 0.0068335 0.1048125 -0.0065769 0.0068414 0.1018373 0.0036932 0.0068408 0.1023459 -0.004618 0.0068467 0.1001199 -0.0055314 0.007936 0.0979367 -0.0065769 0.0068414 0.1018373 -0.004618 0.0068467 0.1001199 -0.0058696 0.0078258 0.0991992 -0.0055314 0.007936 0.0979367 0.005577 0.0079281 0.1009119 0.0066227 0.0068569 0.0970048 0.0059834 0.0077786 0.0993943 0.0046637 0.0068517 0.0987223 0.005577 0.0079281 0.1009119 0.0066227 0.0068569 0.0970048 -0.0055314 0.007936 0.0979367 0.0046637 0.0068517 0.0987223 -0.0036475 0.0068575 0.0964963 -0.0044858 0.0068648 0.0940297 -0.0055314 0.007936 0.0979367 -0.0036475 0.0068575 0.0964963 -0.0048577 0.0075125 0.0954199 -0.0044858 0.0068648 0.0940297 0.0073884 0.003907 0.0941382 0.0066227 0.0068569 0.0970048 0.0069019 0.0061143 0.0959604 0.0056349 0.0053134 0.095811 0.0055044 0.0049854 0.0955786 0.0073884 0.003907 0.0941382 0.0066227 0.0068569 0.0970048 -0.0044858 0.0068648 0.0940297 0.0056349 0.0053134 0.095811 0.0055044 0.0049854 0.0955786 -0.0028794 0.0051003 0.0933988 -0.0037201 0.0039148 0.0911631 -0.0044858 0.0068648 0.0940297 -0.0028794 0.0051003 0.0933988 -0.0040044 0.0053933 0.0922285 -0.0037201 0.0039148 0.0911631 0.0073884 0.003907 0.0941382 0.0076281 0.0014544 0.0932367 0.0076689 -0.0001313 0.0930802 -0.0037201 0.0039148 0.0911631 0.0064702 0.0026522 0.0938886 0.0059899 0.0017421 0.0937572 0.0075259 -1.7e-06 0.0931199 -0.0034959 0.0036396 0.0912223 -0.0023213 0.001748 0.0915312 -0.0034396 -0.0001235 0.090105 -0.0037201 0.0039148 0.0911631 -0.0023213 0.001748 0.0915312 -0.0034942 0.0017083 0.0903137 -0.0034396 -0.0001235 0.090105 0.0073891 -0.0041759 0.0941142 0.0075576 -0.0027368 0.0934888 0.0076689 -0.0001313 0.0930802 0.0076292 -0.0017025 0.0932244 0.0060628 -0.0018999 0.0937006 0.0073891 -0.0041759 0.0941142 0.0076689 -0.0001313 0.0930802 -0.0034396 -0.0001235 0.090105 0.0060628 -0.0018999 0.0937006 -0.0028201 -0.0009829 0.0907809 -0.0023609 -0.0018939 0.0914445 -0.0032695 -0.0035995 0.0912612 -0.0037194 -0.004168 0.091139 -0.0034396 -0.0001235 0.090105 -0.0028201 -0.0009829 0.0907809 -0.0023609 -0.0018939 0.0914445 -0.0032695 -0.0035995 0.0912612 -0.0035297 -0.0024739 0.0904351 -0.0037194 -0.004168 0.091139 0.0073891 -0.0041759 0.0941142 0.0066239 -0.007143 0.0969632 0.007105 -0.0056607 0.0951708 0.0057698 -0.0050727 0.0952795 0.0055452 -0.0053725 0.0956237 0.0073891 -0.0041759 0.0941142 0.0066239 -0.007143 0.0969632 -0.0037194 -0.004168 0.091139 0.0057698 -0.0050727 0.0952795 0.0055452 -0.0053725 0.0956237 -0.0028059 -0.0052574 0.0933222 -0.0044846 -0.0071351 0.093988 -0.0037194 -0.004168 0.091139 -0.0028059 -0.0052574 0.0933222 -0.0041527 -0.0062127 0.0927513 -0.0044846 -0.0071351 0.093988 0.0066239 -0.007143 0.0969632 0.0055784 -0.0082376 0.1008639 0.0061862 -0.0078818 0.0985955 0.0046649 -0.0071483 0.0986807 0.0066239 -0.007143 0.0969632 0.0055784 -0.0082376 0.1008639 -0.0044846 -0.0071351 0.093988 0.0046649 -0.0071483 0.0986807 -0.0036462 -0.0071424 0.0964547 -0.00553 -0.0082297 0.0978887 -0.0044846 -0.0071351 0.093988 -0.0036462 -0.0071424 0.0964547 -0.0049888 -0.0079483 0.0958687 -0.00553 -0.0082297 0.0978887 0.0045328 -0.0071664 0.1047709 0.0052402 -0.008135 0.1021269 0.0055784 -0.0082376 0.1008639 0.0036944 -0.0071591 0.1023042 0.0045328 -0.0071664 0.1047709 0.0055784 -0.0082376 0.1008639 -0.00553 -0.0082297 0.0978887 0.0036944 -0.0071591 0.1023042 -0.0046167 -0.0071533 0.1000783 -0.0065757 -0.0071585 0.1017957 -0.00553 -0.0082297 0.0978887 -0.0046167 -0.0071533 0.1000783 -0.0057997 -0.0081652 0.0988958 -0.006269 -0.0077166 0.1006491 -0.0065757 -0.0071585 0.1017957 0.0037671 -0.0042164 0.1076375 0.0045328 -0.0071664 0.1047709 -0.0073414 -0.0042086 0.1046623 -0.0065757 -0.0071585 0.1017957 -0.0054574 -0.005287 0.1032219 0.0028538 -0.0052929 0.1054479 -0.0073414 -0.0042086 0.1046623 -0.0065757 -0.0071585 0.1017957 -0.0068006 -0.0065814 0.1026369 -0.0071913 -0.0050759 0.1040998 -0.0054574 -0.005287 0.1032219 0.0037671 -0.0042164 0.1076375 0.0045328 -0.0071664 0.1047709 0.0043079 -0.0065892 0.1056121 0.0040049 -0.005497 0.1067462 0.0028538 -0.0052929 0.1054479 -0.001862 0.0013457 0.0047107 -0.001862 0.0013463 0.0044307 -0.0018619 0.0010734 0.0049941 -0.001862 0.0007513 0.003997 -0.0018618 -0.0005415 0.0050166 -0.0018619 -0.0005385 0.003989 -0.0018676 0.0007303 -0.0477012 -0.0018676 0.0007291 -0.047296 -0.0016176 0.0007303 -0.0477013 -0.0016176 0.0007291 -0.047296 -0.0018676 0.0007291 -0.047296 -0.0018674 -0.0012149 -0.0473018 -0.0016176 0.0007291 -0.047296 -0.0016174 -0.0012148 -0.0473018 -0.0018674 -0.0012158 -0.0469986 -0.0018674 -0.0012149 -0.0473018 -0.0016174 -0.0012148 -0.0473018 -0.0016174 -0.0012158 -0.0469987 -0.0018674 -0.0012158 -0.0469986 -0.0018674 0.0007241 -0.0456283 -0.0016174 -0.0012158 -0.0469987 -0.0016174 0.0007242 -0.0456284 -0.0018674 0.0010641 -0.0456273 -0.0018674 0.0007241 -0.0456283 -0.0016174 0.0007242 -0.0456284 -0.0016174 0.0010641 -0.0456274 -0.0018676 0.001068 -0.0469266 -0.0018674 0.0010641 -0.0456273 -0.0016174 0.0010641 -0.0456274 -0.0016176 0.001068 -0.0469267 -0.0018676 0.001784 -0.0469245 -0.0018676 0.001068 -0.0469266 -0.0016176 0.001068 -0.0469267 -0.0016176 0.001784 -0.0469245 -0.0018677 0.0017851 -0.0472929 -0.0018676 0.001784 -0.0469245 -0.0016176 0.001784 -0.0469245 -0.0016177 0.0017851 -0.0472929 -0.0018677 0.0017851 -0.0472929 -0.0018676 0.0010691 -0.047295 -0.0016176 0.0010691 -0.047295 -0.0016177 0.0017851 -0.0472929 -0.0018674 0.0017766 -0.0444341 -0.0018674 0.0017777 -0.0448025 -0.0016174 0.0017766 -0.0444341 -0.0016174 0.0017777 -0.0448025 -0.0016174 0.0017766 -0.0444341 -0.0016174 0.0017777 -0.0448025 -0.0016171 -0.0004849 -0.0437018 -0.0016171 -0.0001288 -0.0437007 -0.0016171 -0.0008144 -0.0442261 -0.0016172 -0.0005702 -0.0444411 -0.0016171 -0.0012368 -0.0448115 -0.0016171 -0.0012375 -0.044572 -0.0018674 0.0017777 -0.0448025 -0.0018671 -0.0012369 -0.0448114 -0.0016174 0.0017777 -0.0448025 -0.0016171 -0.0012368 -0.0448115 -0.0018671 -0.000485 -0.0437018 -0.0018671 -0.0012369 -0.0448114 -0.0016171 -0.0004849 -0.0437018 -0.0016171 -0.0008144 -0.0442261 -0.0018671 -0.000485 -0.0437018 -0.0018671 -0.0001289 -0.0437007 -0.0016171 -0.0004849 -0.0437018 -0.0016171 -0.0001288 -0.0437007 -0.0018672 -0.0005703 -0.0444411 -0.0018671 -0.0001289 -0.0437007 -0.0016171 -0.0001288 -0.0437007 -0.0016172 -0.0005702 -0.0444411 -0.0018672 -0.0005703 -0.0444411 -0.0018674 0.0017766 -0.0444341 -0.0016174 0.0017766 -0.0444341 -0.0016172 -0.0005702 -0.0444411 -0.0016125 0.0016431 0.000482 -0.0016125 0.0016442 0.0001136 -0.0016122 -0.0001994 0.0014527 -0.0016121 -0.00058 0.0021342 -0.0016122 -1e-07 0.0017908 -0.0016122 -0.0004147 0.0015864 -0.0016122 -0.000261 0.0008458 -0.0016123 -3.35e-05 0.0005101 -0.0016122 -0.0005713 0.000661 -0.0016123 0.0016393 0.0017736 -0.0016122 -0.0001495 0.0011969 -0.0016122 -0.0002594 0.0014116 -0.0016122 -0.0002325 0.0014308 -0.001612 -0.0002608 0.0027039 -0.0016122 0.0016354 0.0030645 -0.0016122 0.0016365 0.0026961 -0.0016122 -0.0002039 0.0014498 -0.0016123 0.0016404 0.0014053 -0.0016121 -0.0001497 0.0024885 -0.0016123 -0.0003821 0.0002653 -0.0016121 -0.0002556 0.0020479 -0.0016122 0.0002237 0.0013914 -0.0016121 0.0001925 0.0026668 -0.001612 -0.0005357 0.003058 -0.001612 -0.0005347 0.0027265 -0.0018622 -0.0002325 0.0014308 -0.0018622 -0.0001994 0.0014528 -0.0018622 -0.000204 0.0014498 -0.0018622 -0.0002594 0.0014116 -0.0016122 -0.0001994 0.0014527 -0.0016122 -0.0002594 0.0014116 -0.0016122 -0.0002325 0.0014308 -0.0016122 -0.0002039 0.0014498 -0.0018622 -0.0005162 0.0010996 -0.0018622 -0.0002594 0.0014116 -0.0016122 -0.0005713 0.000661 -0.0016122 -0.0002594 0.0014116 -0.0018622 -0.0005162 0.0010996 -0.0018623 -0.0002925 0.0002036 -0.0016122 -0.0005713 0.000661 -0.0016123 -0.0003821 0.0002653 -0.001862 -0.0002316 0.0027236 -0.0018621 -0.0005385 0.0023471 -0.0016121 -0.00058 0.0021342 -0.001612 -0.0002608 0.0027039 -0.0018621 -0.0005599 0.0018611 -0.0018622 -0.0004147 0.0015865 -0.0018622 -0.0001994 0.0014528 -0.0018621 -0.0005385 0.0023471 -0.0016122 -0.0001994 0.0014527 -0.0016121 -0.00058 0.0021342 -0.0016122 -0.0004147 0.0015864 -0.001862 -0.0002316 0.0027236 -0.001862 -0.0005347 0.0027265 -0.001612 -0.0002608 0.0027039 -0.001612 -0.0005347 0.0027265 -0.001862 -0.0005347 0.0027265 -0.001862 -0.0005357 0.0030581 -0.001612 -0.0005357 0.003058 -0.001612 -0.0005347 0.0027265 -0.001862 -0.0005357 0.0030581 -0.0018622 0.0016354 0.0030645 -0.0016122 0.0016354 0.0030645 -0.001612 -0.0005357 0.003058 -0.0018622 0.0016365 0.0026962 -0.0018622 0.0016354 0.0030645 -0.0016122 0.0016354 0.0030645 -0.0016122 0.0016365 0.0026961 -0.0018621 -0.0001262 0.0018409 -0.0018623 0.0016393 0.0017737 -0.0016122 -1e-07 0.0017908 -0.0016123 0.0016393 0.0017736 -0.0018621 3.95e-05 0.0026243 -0.0018622 0.0016365 0.0026962 -0.0016122 0.0016365 0.0026961 -0.0016121 -0.0001497 0.0024885 -0.0016121 0.0001925 0.0026668 -0.0018623 0.0016393 0.0017737 -0.0018623 0.0016404 0.0014053 -0.0016123 0.0016393 0.0017736 -0.0016123 0.0016404 0.0014053 -0.0018623 -1.17e-05 0.0005035 -0.0018625 0.0016431 0.000482 -0.0016125 0.0016431 0.000482 -0.0016123 -3.35e-05 0.0005101 -0.0018623 -0.0002298 0.0006828 -0.0018623 -1.17e-05 0.0005035 -0.0016122 -0.000261 0.0008458 -0.0016123 -3.35e-05 0.0005101 -0.0018622 -4.76e-05 0.0012958 -0.0018622 -0.0002337 0.0010425 -0.0018623 -0.0002298 0.0006828 -0.0016122 -0.000261 0.0008458 -0.0016122 -0.0001495 0.0011969 -0.0016122 0.0002237 0.0013914 -0.0018622 -4.76e-05 0.0012958 -0.0018623 0.0016404 0.0014053 -0.0016123 0.0016404 0.0014053 -0.0016122 0.0002237 0.0013914 -0.0016121 0.0016328 0.0039571 -0.0016121 0.0016338 0.003627 -0.0016118 -0.0005415 0.0050166 -0.0016117 -0.0005426 0.005385 -0.0016119 0.0013011 0.0048188 -0.0016119 -0.0005374 0.0036206 -0.0016119 0.0011425 0.0049709 -0.001612 0.001646 0.0048991 -0.0016119 0.0013603 0.0052924 -0.001612 0.001585 0.0042513 -0.001612 0.0013137 0.0043344 -0.001612 0.0013409 0.0039808 -0.0016119 -0.0005385 0.003989 -0.001612 0.0008776 0.0040115 -0.0018621 0.0016337 0.0036271 -0.0018619 -0.0005374 0.0036206 -0.0016121 0.0016338 0.003627 -0.0016119 -0.0005374 0.0036206 -0.0018619 -0.0005385 0.003989 -0.0018619 -0.0005374 0.0036206 -0.0016119 -0.0005374 0.0036206 -0.0016119 -0.0005385 0.003989 -0.0018619 0.0010734 0.0049941 -0.0018618 -0.0005415 0.0050166 -0.0016118 -0.0005415 0.0050166 -0.0016119 0.0011425 0.0049709 -0.001862 0.0013457 0.0047107 -0.0018619 0.0010734 0.0049941 -0.0016119 0.0013011 0.0048188 -0.0016119 0.0011425 0.0049709 -0.001862 0.0013457 0.0047107 -0.001862 0.0013463 0.0044307 -0.0016119 0.0013011 0.0048188 -0.001612 0.0013137 0.0043344 -0.001862 0.0013463 0.0044307 -0.001862 0.0007513 0.003997 -0.001612 0.0013137 0.0043344 -0.001612 0.0008776 0.0040115 -0.001862 0.0007513 0.003997 -0.0018619 -0.0005385 0.003989 -0.0016119 -0.0005385 0.003989 -0.001612 0.0008776 0.0040115 -0.0018617 -0.0005426 0.005385 -0.0018618 -0.0005415 0.0050166 -0.0016118 -0.0005415 0.0050166 -0.0016117 -0.0005426 0.005385 -0.001862 0.0013135 0.0039611 -0.001862 0.0013409 0.0039808 -0.001612 0.0013409 0.0039808 -0.001862 0.0013409 0.0039808 -0.001862 0.0016806 0.0047005 -0.001612 0.001585 0.0042513 -0.001612 0.0013409 0.0039808 -0.0018619 0.001512 0.0051641 -0.001862 0.0016806 0.0047005 -0.001612 0.001646 0.0048991 -0.0016119 0.0013603 0.0052924 -0.0018619 0.0009465 0.0053853 -0.0018617 -0.0005426 0.005385 -0.0016117 -0.0005426 0.005385 -0.0016119 0.0013603 0.0052924 -0.0018618 0.0016257 0.0063185 -0.0018619 0.0016268 0.0059502 -0.0016118 0.0016258 0.0063185 -0.0016119 0.0016269 0.0059501 -0.0018619 0.0016268 0.0059502 -0.0018617 -0.0005443 0.0059437 -0.0016119 0.0016269 0.0059501 -0.0016117 -0.0005443 0.0059437 -0.0018616 -0.0005454 0.0063121 -0.0018617 -0.0005443 0.0059437 -0.0016117 -0.0005443 0.0059437 -0.0016116 -0.0005454 0.0063121 -0.0018616 -0.0005454 0.0063121 -0.0018618 0.0016257 0.0063185 -0.0016118 0.0016258 0.0063185 -0.0016116 -0.0005454 0.0063121 -0.0016118 0.0016258 0.0063185 -0.0016119 0.0016269 0.0059501 -0.0016117 -0.0005443 0.0059437 -0.0016116 -0.0005454 0.0063121 -0.0018616 -0.0009567 0.0063109 -0.0018616 -0.0009556 0.0059425 -0.0016116 -0.0009567 0.0063108 -0.0016116 -0.0009556 0.0059425 -0.0018616 -0.0013742 0.0063096 -0.0018616 -0.0009567 0.0063109 -0.0016116 -0.0009567 0.0063108 -0.0016116 -0.0013742 0.0063096 -0.0016116 -0.0009567 0.0063108 -0.0016116 -0.0009556 0.0059425 -0.0016116 -0.0013731 0.0059412 -0.0016116 -0.0013742 0.0063096 -0.0018617 0.001624 0.0068934 -0.0018616 -0.0005717 0.0068868 -0.0018615 -0.0013759 0.0068845 -0.0016117 0.0016241 0.0068933 -0.0016115 -0.0013759 0.0068844 -0.0018617 0.0013467 0.0072402 -0.0018617 0.001648 0.0076377 -0.0016117 0.0013904 0.0072695 -0.0016117 0.0016418 0.0076153 -0.0018616 0.0015452 0.0082961 -0.0018617 0.001648 0.0076377 -0.0016117 0.0016418 0.0076153 -0.0016116 0.0016041 0.0081853 -0.0018614 0.0004204 0.0087716 -0.0018616 0.0015452 0.0082961 -0.0018615 0.0010559 0.0086864 -0.0018614 -0.0004715 0.0083247 -0.0018614 -0.0001221 0.0086358 -0.0018614 -0.0005991 0.0078605 -0.0016116 0.0016041 0.0081853 -0.0016115 0.0011572 0.008641 -0.0016115 0.0007085 0.0087669 -0.0016114 -0.0001795 0.0086038 -0.0016114 -0.0005797 0.0080558 -0.0018615 -0.0004147 0.0073573 -0.0018614 -0.0005991 0.0078605 -0.0016114 -0.0005797 0.0080558 -0.0016115 -0.0003983 0.0073407 -0.0018615 -0.0004147 0.0073573 -0.0018615 -0.0003983 0.0073407 -0.0018615 -0.0003809 0.0073242 -0.0018615 -0.0003623 0.0073078 -0.0016115 -0.0003983 0.0073407 -0.0016115 -0.0003623 0.0073077 -0.0016115 -0.0003425 0.0072913 -0.0016115 -0.0003809 0.0073242 -0.0018612 -0.0006002 0.0098976 -0.0018612 1.6e-05 0.0110232 -0.0018613 -0.0004938 0.009486 -0.0018612 -0.000428 0.0107426 -0.0018613 -0.0001552 0.0092405 -0.0016112 4.79e-05 0.0110298 -0.0016111 -0.0004136 0.0107617 -0.0016112 -0.0005427 0.0105116 -0.0016113 -0.0005326 0.0095648 -0.0016113 -0.0002806 0.009279 -0.0018613 -0.0001552 0.0092405 -0.0018615 0.0016175 0.0090967 -0.0016115 0.0016175 0.0090967 -0.0016113 -0.0002806 0.009279 -0.0018612 1.6e-05 0.0110232 -0.0018612 0.0001086 0.0106725 -0.0016112 4.79e-05 0.0110298 -0.0016112 5.31e-05 0.0106588 -0.0018612 -9.62e-05 0.0105969 -0.0018612 -0.000277 0.010344 -0.0016112 -0.0002989 0.0102264 -0.0016112 5.31e-05 0.0106588 -0.0018613 -0.000203 0.0097098 -0.0018613 0.0002369 0.00958 -0.0016113 -3.51e-05 0.0095978 -0.0016113 0.0002369 0.0095799 -0.0018612 0.0004243 0.0105707 -0.0018613 0.0002369 0.00958 -0.0018612 0.0005452 0.0108463 -0.0016113 0.0002369 0.0095799 -0.0016112 0.0006217 0.010937 -0.0018614 0.0013772 0.0095545 -0.0018614 0.0016227 0.0100511 -0.0016114 0.0016404 0.010122 -0.0016114 0.0013483 0.0095587 -0.0018613 0.0014989 0.0108929 -0.0018614 0.0016227 0.0100511 -0.0016113 0.0016063 0.0107092 -0.0016114 0.0016404 0.010122 -0.0018613 0.0014989 0.0108929 -0.0018612 0.0008632 0.0110761 -0.0016113 0.0013243 0.0110344 -0.0016112 0.0009842 0.0110968 -0.0018612 0.0008632 0.0110761 -0.0018612 0.0005452 0.0108463 -0.0016112 0.0009842 0.0110968 -0.0016112 0.0006217 0.010937 -0.0018612 0.0016102 0.0115365 -0.0018612 0.0016091 0.0119064 -0.0016112 0.0016092 0.0119064 -0.0016112 0.0016103 0.0115364 -0.0016112 0.0016092 0.0119064 -0.0016112 0.0016103 0.0115364 -0.0016111 -0.0001004 0.0115555 -0.0016111 -5.68e-05 0.0119521 -0.001611 -0.0004043 0.0117086 -0.0016109 -0.0005863 0.0125065 -0.0016109 -0.0002853 0.0129458 -0.001611 0.001605 0.0133062 -0.0016111 0.0016061 0.0129378 -0.001611 5.1e-05 0.0128879 -0.001611 -0.0002861 0.0122461 -0.0016109 -0.0005661 0.0132998 -0.0016109 -0.0005652 0.0129682 -0.001861 -0.0006096 0.0123558 -0.0018609 -0.0002582 0.0129653 -0.0016109 -0.0005863 0.0125065 -0.0016109 -0.0002853 0.0129458 -0.001861 -0.0006096 0.0123558 -0.001861 -0.0005127 0.0118532 -0.001611 -0.0004043 0.0117086 -0.0016109 -0.0005863 0.0125065 -0.001861 -0.0005127 0.0118532 -0.0018612 0.0016102 0.0115365 -0.0018611 -0.0001186 0.011559 -0.0016112 0.0016103 0.0115364 -0.0016111 -0.0001004 0.0115555 -0.001611 -0.0004043 0.0117086 -0.0018609 -0.0002582 0.0129653 -0.0018609 -0.0005652 0.0129682 -0.0016109 -0.0002853 0.0129458 -0.0016109 -0.0005652 0.0129682 -0.0018609 -0.0005652 0.0129682 -0.0018609 -0.0005662 0.0132998 -0.0016109 -0.0005661 0.0132998 -0.0016109 -0.0005652 0.0129682 -0.0018609 -0.0005662 0.0132998 -0.001861 0.001605 0.0133062 -0.001611 0.001605 0.0133062 -0.0016109 -0.0005661 0.0132998 -0.001861 0.001605 0.0133062 -0.0018611 0.0016061 0.0129379 -0.001611 0.001605 0.0133062 -0.0016111 0.0016061 0.0129378 -0.001861 5.1e-05 0.0128879 -0.0018611 0.0016061 0.0129379 -0.0016111 0.0016061 0.0129378 -0.001611 5.1e-05 0.0128879 -0.001861 -0.0001326 0.0119913 -0.0018612 0.0016091 0.0119064 -0.0016112 0.0016092 0.0119064 -0.0016111 -5.68e-05 0.0119521 -0.001861 -0.0002949 0.0123265 -0.001861 -0.0001326 0.0119913 -0.0016111 -5.68e-05 0.0119521 -0.001611 -0.0002861 0.0122461 -0.001861 -0.0002949 0.0123265 -0.001861 -0.0001849 0.012715 -0.001611 5.1e-05 0.0128879 -0.001611 -0.0002861 0.0122461 -0.0018606 -5.64e-05 0.0156696 -0.0018606 -0.0004557 0.0153842 -0.0016106 2.2e-06 0.0156847 -0.0016106 -0.0004418 0.0154041 -0.0018607 -0.000604 0.0144599 -0.0018606 -0.0004557 0.0153842 -0.0016106 -0.0004418 0.0154041 -0.0016107 -0.0006094 0.0145065 -0.0018607 -0.000604 0.0144599 -0.0018608 -0.0003062 0.0139465 -0.0016107 -0.0006094 0.0145065 -0.0016108 -0.000341 0.0139669 -0.001861 0.0015784 0.0137721 -0.0018608 -0.0003062 0.0139465 -0.0016108 -0.000341 0.0139669 -0.001611 0.0015253 0.0137977 -0.0018606 -5.64e-05 0.0156696 -0.0018607 9.47e-05 0.015334 -0.0016106 2.2e-06 0.0156847 -0.0016107 6.56e-05 0.0153272 -0.0018608 -0.0001764 0.0143282 -0.0018607 -0.0003175 0.0147094 -0.0016107 -0.000309 0.014613 -0.0016108 -0.0001561 0.0143124 -0.0018607 -0.0003175 0.0147094 -0.0018607 -0.0002466 0.0151177 -0.0016107 -0.000309 0.014613 -0.0016107 -0.0002466 0.0151177 -0.0018607 9.47e-05 0.015334 -0.0018607 -0.0002466 0.0151177 -0.0016107 6.56e-05 0.0153272 -0.0016107 -0.0002466 0.0151177 -0.0018608 -0.0001764 0.0143282 -0.0018608 0.0002231 0.0142415 -0.0016108 -0.0001561 0.0143124 -0.0016108 0.0002231 0.0142415 -0.0018607 0.0004104 0.0152322 -0.0018608 0.0002231 0.0142415 -0.0016108 0.0002231 0.0142415 -0.0016107 0.000623 0.0156127 -0.0018609 0.0016512 0.0150021 -0.0018609 0.0013633 0.014216 -0.0016109 0.0015861 0.014642 -0.0016109 0.0013344 0.0142202 -0.0018609 0.0016512 0.0150021 -0.0018608 0.0014982 0.0155383 -0.0016109 0.0015861 0.014642 -0.0016108 0.0014851 0.0155544 -0.0018607 0.0011584 0.0157481 -0.0018608 0.0014982 0.0155383 -0.0016108 0.0014851 0.0155544 -0.0016107 0.0010675 0.0157592 -0.0018607 0.000715 0.0156807 -0.0018607 0.0011584 0.0157481 -0.0016107 0.0010675 0.0157592 -0.0016107 0.000623 0.0156127 -0.0018606 0.0015936 0.0171243 -0.0018605 -0.0014029 0.0159412 -0.0016106 0.0015936 0.0171243 -0.0016105 -0.0014029 0.0159412 -0.0016106 0.0015936 0.0171243 -0.0016105 -0.0014029 0.0159412 -0.0016106 0.0015924 0.0175295 -0.0016106 0.0012264 0.0173139 -0.0016102 -0.001411 0.0186833 -0.0016105 -0.001404 0.0163441 -0.0016102 -0.0014097 0.0182558 -0.0018605 -0.0014041 0.0163441 -0.0018605 -0.0014029 0.0159412 -0.0016105 -0.0014029 0.0159412 -0.0016105 -0.001404 0.0163441 -0.0018606 0.0012264 0.017314 -0.0018605 -0.0014041 0.0163441 -0.0016106 0.0012264 0.0173139 -0.0016105 -0.001404 0.0163441 -0.0018606 0.0012264 0.017314 -0.0018602 -0.0014098 0.0182559 -0.0016106 0.0012264 0.0173139 -0.0016102 -0.0014097 0.0182558 -0.0018606 0.0015936 0.0171243 -0.0018606 0.0015924 0.0175295 -0.0016106 0.0015936 0.0171243 -0.0016106 0.0015924 0.0175295 -0.0018602 0.0005926 0.0200416 -0.00186 0.0006051 0.0216674 -0.00161 0.0005878 0.0216685 -0.0016102 0.0005926 0.0200415 -0.0018603 0.0009669 0.020065 -0.0018603 0.0015341 0.0205283 -0.0016103 0.0009318 0.0200548 -0.0016103 0.0013506 0.0202795 -0.0018602 0.0016186 0.021212 -0.0018603 0.0015341 0.0205283 -0.0016103 0.0013506 0.0202795 -0.0016102 0.0016199 0.0208121 -0.0018602 0.0016186 0.021212 -0.0018601 0.0013884 0.0217149 -0.0016102 0.0016199 0.0208121 -0.0016101 0.0013679 0.0217365 -0.0018601 0.0013884 0.0217149 -0.00186 0.0009054 0.0219986 -0.0016101 0.0013679 0.0217365 -0.00161 0.0004762 0.0220447 -0.00186 -0.0001543 0.0218905 -0.00186 -0.0004589 0.0216299 -0.0018601 -0.0004664 0.0204537 -0.00186 0.0009054 0.0219986 -0.0018602 -3.26e-05 0.0201256 -0.00186 -0.0006142 0.0212755 -0.00161 0.0004762 0.0220447 -0.0016101 -0.0004154 0.0203894 -0.00161 -0.0006176 0.0208176 -0.00161 -0.0005982 0.0213418 -0.00161 -0.0002141 0.0218547 -0.0018602 -3.26e-05 0.0201256 -0.0018602 0.0005926 0.0200416 -0.0016102 0.0005926 0.0200415 -0.0016101 -0.0004154 0.0203894 -0.0018602 0.0013134 0.0211614 -0.0018602 0.0009479 0.0204571 -0.0018602 0.0013082 0.0208314 -0.0016103 0.0009318 0.0200548 -0.0016101 0.0012583 0.0213091 -0.0016102 0.0013297 0.020973 -0.0016102 0.0011706 0.0205981 -0.0018602 0.0013134 0.0211614 -0.00186 0.0006051 0.0216674 -0.00161 0.0005878 0.0216685 -0.0016101 0.0012583 0.0213091 -0.00186 0.0015766 0.022848 -0.00186 0.0015777 0.0224796 -0.00161 0.0015766 0.022848 -0.00161 0.0015777 0.0224796 -0.00161 0.0015766 0.022848 -0.00161 0.0015777 0.0224796 -0.0016097 -0.0002659 0.0238187 -0.0016098 0.0003059 0.0241359 -0.0016096 -0.0006406 0.0245609 -0.0016096 -0.0003127 0.0246677 -0.0016099 0.0015728 0.0241396 -0.0016099 -8.92e-05 0.0228726 -0.0016097 -0.0005539 0.0240451 -0.0016098 -0.0003263 0.0231883 -0.0016098 -0.0006408 0.0230582 -0.0016099 -0.0003412 0.0225601 -0.0016097 -0.000299 0.0237967 -0.0016097 0.001569 0.0254305 -0.0016098 0.00157 0.0250621 -0.0016097 -0.0002704 0.0238158 -0.0016097 -0.0002944 0.0243282 -0.0016098 -0.0001368 0.0236447 -0.0016099 0.0015739 0.0237712 -0.0016098 0.0003017 0.0237674 -0.0016096 -0.0001055 0.024952 -0.0016095 -0.0006022 0.025424 -0.0016096 -0.0004496 0.0250925 -0.0016096 -0.0006012 0.0250925 -0.0018597 -0.000299 0.0237968 -0.0018597 -0.0002659 0.0238188 -0.0018597 -0.0002705 0.0238158 -0.0016097 -0.0002659 0.0238187 -0.0016097 -0.000299 0.0237967 -0.0016097 -0.0002704 0.0238158 -0.0018597 -0.0005519 0.0235276 -0.0018597 -0.000299 0.0237968 -0.0016098 -0.0006408 0.0230582 -0.0016097 -0.000299 0.0237967 -0.0018598 -0.000634 0.022998 -0.0018598 -0.0004736 0.0226541 -0.0016098 -0.0006408 0.0230582 -0.0016099 -0.0003412 0.0225601 -0.00186 0.0015777 0.0224796 -0.0018598 -0.0004736 0.0226541 -0.0018599 -0.0002085 0.0225097 -0.00161 0.0015777 0.0224796 -0.0016099 -0.0003412 0.0225601 -0.0018597 -0.0006148 0.0241833 -0.0018596 -0.0003273 0.0250699 -0.0016096 -0.0006406 0.0245609 -0.0016096 -0.0004496 0.0250925 -0.0018597 -0.0006148 0.0241833 -0.0018597 -0.0004812 0.0239524 -0.0018597 -0.0002659 0.0238188 -0.0016097 -0.0002659 0.0238187 -0.0016096 -0.0006406 0.0245609 -0.0016097 -0.0005539 0.0240451 -0.0018596 -0.0003273 0.0250699 -0.0018596 -0.0006012 0.0250925 -0.0016096 -0.0004496 0.0250925 -0.0016096 -0.0006012 0.0250925 -0.0018596 -0.0006012 0.0250925 -0.0018595 -0.0006022 0.0254241 -0.0016095 -0.0006022 0.025424 -0.0016096 -0.0006012 0.0250925 -0.0018595 -0.0006022 0.0254241 -0.0018597 0.0015689 0.0254305 -0.0016097 0.001569 0.0254305 -0.0016095 -0.0006022 0.025424 -0.0018598 0.00157 0.0250621 -0.0018597 0.0015689 0.0254305 -0.0016097 0.001569 0.0254305 -0.0016098 0.00157 0.0250621 -0.0018597 -0.0001138 0.02417 -0.0018599 0.0015728 0.0241396 -0.0016098 0.0003059 0.0241359 -0.0016099 0.0015728 0.0241396 -0.0016097 -0.0002944 0.0243282 -0.0018597 -0.0003292 0.0244625 -0.0018596 -7.7e-05 0.0249679 -0.0016096 -0.0003127 0.0246677 -0.0016096 -0.0001055 0.024952 -0.0018596 -7.7e-05 0.0249679 -0.0018598 0.00157 0.0250621 -0.0016098 0.00157 0.0250621 -0.0016096 -0.0001055 0.024952 -0.0018599 0.0015728 0.0241396 -0.0018599 0.0015739 0.0237713 -0.0016099 0.0015728 0.0241396 -0.0016099 0.0015739 0.0237712 -0.0018598 -0.0001926 0.0229238 -0.00186 0.0015766 0.022848 -0.00161 0.0015766 0.022848 -0.0016099 -8.92e-05 0.0228726 -0.0018598 -0.0001926 0.0229238 -0.0018598 -0.0003263 0.0231884 -0.0016099 -8.92e-05 0.0228726 -0.0016098 -0.0003263 0.0231883 -0.0018598 -7.48e-05 0.0236861 -0.0018598 -0.0003263 0.0231884 -0.0016098 -0.0003263 0.0231883 -0.0016098 -0.0001368 0.0236447 -0.0018598 -7.48e-05 0.0236861 -0.0018599 0.0015739 0.0237713 -0.0016098 -0.0001368 0.0236447 -0.0016099 0.0015739 0.0237712 -0.0016098 0.0003017 0.0237674 -0.0016093 -0.0005422 0.0279722 -0.0016092 -0.000615 0.0285358 -0.0016093 -0.0002165 0.0281252 -0.0016092 -0.0002396 0.0285468 -0.0016093 0.0015579 0.0291619 -0.0016094 0.001559 0.0287935 -0.0016092 -0.0003497 0.0287824 -0.0016092 0.000148 0.0287673 -0.0016091 -0.0006133 0.0291554 -0.0016092 -0.0006123 0.0288193 -0.0018592 -0.0006599 0.0283613 -0.0018592 -0.0002846 0.0288164 -0.0016092 -0.000615 0.0285358 -0.0016092 -0.0003497 0.0287824 -0.0018592 -0.0006599 0.0283613 -0.0018593 -0.0005422 0.0279722 -0.0016093 -0.0005422 0.0279722 -0.0016092 -0.000615 0.0285358 -0.0018592 -0.0002846 0.0288164 -0.0018592 -0.0006123 0.0288193 -0.0016092 -0.0003497 0.0287824 -0.0016092 -0.0006123 0.0288193 -0.0018592 -0.0006123 0.0288193 -0.0018591 -0.0006133 0.0291554 -0.0016091 -0.0006133 0.0291554 -0.0016092 -0.0006123 0.0288193 -0.0018591 -0.0006133 0.0291554 -0.0018593 0.0015578 0.0291619 -0.0016093 0.0015579 0.0291619 -0.0016091 -0.0006133 0.0291554 -0.0018594 0.0015589 0.0287935 -0.0018593 0.0015578 0.0291619 -0.0016093 0.0015579 0.0291619 -0.0016094 0.001559 0.0287935 -0.0018592 -0.0001582 0.0286416 -0.0018594 0.0015589 0.0287935 -0.0016094 0.001559 0.0287935 -0.0016092 0.000148 0.0287673 -0.0018593 0.0015562 0.029706 -0.0018592 0.0015551 0.0300759 -0.0016092 0.0015551 0.0300759 -0.0016093 0.0015562 0.029706 -0.0016092 0.0015551 0.0300759 -0.0016093 0.0015562 0.029706 -0.0016091 4.98e-05 0.0300798 -0.001609 -0.0003492 0.0305073 -0.0016091 -0.0002313 0.0297486 -0.001609 -0.0005352 0.0299663 -0.001609 -0.0002875 0.0302711 -0.0016089 -0.0004393 0.0310398 -0.0016089 -0.0004596 0.0310172 -0.0016091 0.001551 0.0314803 -0.0016091 0.0015521 0.031112 -0.001609 -0.0006558 0.0303077 -0.001609 1.4e-06 0.0310556 -0.0016088 -0.001449 0.0314714 -0.0016088 -0.0014479 0.031103 -0.0018589 -0.0004393 0.0310398 -0.0018589 -0.0004597 0.0310172 -0.0016089 -0.0004393 0.0310398 -0.0016089 -0.0004596 0.0310172 -0.001859 -0.0006558 0.0303077 -0.0018589 -0.0004597 0.0310172 -0.0016089 -0.0004596 0.0310172 -0.001609 -0.0006558 0.0303077 -0.0018591 -0.0004004 0.0298254 -0.001859 -0.0006558 0.0303077 -0.001609 -0.0005352 0.0299663 -0.001609 -0.0006558 0.0303077 -0.0018591 -0.0002313 0.0297486 -0.0018591 -0.0004004 0.0298254 -0.0016091 -0.0002313 0.0297486 -0.001609 -0.0005352 0.0299663 -0.0018593 0.0015562 0.029706 -0.0018591 -0.0002313 0.0297486 -0.0016093 0.0015562 0.029706 -0.0016091 -0.0002313 0.0297486 -0.0018588 -0.0014479 0.0311031 -0.0018589 -0.0004393 0.0310398 -0.0016089 -0.0004393 0.0310398 -0.0016088 -0.0014479 0.031103 -0.0018588 -0.0014479 0.0311031 -0.0018588 -0.001449 0.0314714 -0.0016088 -0.001449 0.0314714 -0.0016088 -0.0014479 0.031103 -0.0018591 0.0015509 0.0314804 -0.0018588 -0.001449 0.0314714 -0.0016091 0.001551 0.0314803 -0.0016088 -0.001449 0.0314714 -0.0018591 0.0015509 0.0314804 -0.0018591 0.001552 0.031112 -0.0016091 0.001551 0.0314803 -0.0016091 0.0015521 0.031112 -0.001859 -0.0003153 0.0307288 -0.001859 -0.0002679 0.030242 -0.001609 -0.0003492 0.0305073 -0.001609 -0.0002875 0.0302711 -0.001859 -5.58e-05 0.0310318 -0.001859 -0.0003153 0.0307288 -0.001609 -0.0003492 0.0305073 -0.001609 1.4e-06 0.0310556 -0.001859 -5.58e-05 0.0310318 -0.0018591 0.001552 0.031112 -0.0016091 0.0015521 0.031112 -0.001609 1.4e-06 0.0310556 -0.001859 -0.0002679 0.030242 -0.0018591 2.54e-05 0.0300835 -0.0018592 0.0015551 0.0300759 -0.0016092 0.0015551 0.0300759 -0.0016091 4.98e-05 0.0300798 -0.001609 -0.0002875 0.0302711 -0.0016089 0.0006325 0.0319312 -0.001609 0.0012335 0.0322503 -0.0016088 -0.0005635 0.0323675 -0.0016089 0.0015864 0.0329733 -0.0016086 0.0001488 0.0345672 -0.0016087 0.000226 0.0341515 -0.0016088 0.0010209 0.0338269 -0.0016086 -0.0011552 0.0333282 -0.0016089 0.0012234 0.0329213 -0.0016087 -0.0012211 0.0323288 -0.0016087 0.001078 0.0342743 -0.0016088 0.001472 0.0338183 -0.0016085 -0.0013116 0.0339066 -0.0016087 -0.0010471 0.0327121 -0.0016086 -0.0007563 0.0339652 -0.0016085 -0.0008951 0.034335 -0.0016087 -0.0014709 0.0328308 -0.0016089 0.0008618 0.0324555 -0.0016089 0.0004963 0.032316 -0.0016088 -0.0006255 0.0319689 -0.0018589 0.000598 0.0319219 -0.0018589 0.0004963 0.0323161 -0.0016089 0.0006325 0.0319312 -0.0016089 0.0004963 0.032316 -0.0018587 -0.0010214 0.0326747 -0.0018588 -0.0005346 0.0323583 -0.0016088 -0.0005635 0.0323675 -0.0016087 -0.0010471 0.0327121 -0.0018587 -0.001157 0.0330246 -0.0018587 -0.0010214 0.0326747 -0.0016086 -0.0011552 0.0333282 -0.0016087 -0.0010471 0.0327121 -0.0018586 -0.0009044 0.033851 -0.0018586 -0.0002157 0.0341451 -0.0016087 0.000226 0.0341515 -0.0016086 -0.0007563 0.0339652 -0.0018589 0.0011165 0.0326877 -0.0018589 0.0004963 0.0323161 -0.0016089 0.0008618 0.0324555 -0.0016089 0.0004963 0.032316 -0.0018588 -0.0006782 0.031985 -0.0018588 -0.0005346 0.0323583 -0.0016088 -0.0005635 0.0323675 -0.0016088 -0.0006255 0.0319689 -0.0018588 0.0015285 0.0336682 -0.0018589 0.0015719 0.0328816 -0.001609 0.0012335 0.0322503 -0.0016089 0.0015864 0.0329733 -0.0016088 0.001472 0.0338183 -0.0018588 0.0015285 0.0336682 -0.0018587 0.0008858 0.0343849 -0.0016087 0.001078 0.0342743 -0.0016088 0.001472 0.0338183 -0.0018586 -0.0013529 0.0338328 -0.0018586 -0.0004661 0.0345148 -0.0016085 -0.0013116 0.0339066 -0.0016085 -0.0008951 0.034335 -0.0018586 -0.0013529 0.0338328 -0.0018587 -0.0014502 0.0327514 -0.0016085 -0.0013116 0.0339066 -0.0016087 -0.0014709 0.0328308 -0.0018587 -0.0014502 0.0327514 -0.0018587 -0.0011739 0.0322781 -0.0016087 -0.0012211 0.0323288 -0.0016087 -0.0014709 0.0328308 -0.0018587 -0.0011739 0.0322781 -0.0018588 -0.0006782 0.031985 -0.0016087 -0.0012211 0.0323288 -0.0016088 -0.0006255 0.0319689 -0.0018539 0.0003565 0.0780549 -0.0018538 0.0003553 0.0784601 -0.0016039 0.0003565 0.0780549 -0.0016038 0.0003553 0.0784601 -0.0018537 -0.0015887 0.0784544 -0.0018538 0.0003553 0.0784601 -0.0016038 0.0003553 0.0784601 -0.0016037 -0.0015887 0.0784543 -0.0018537 0.0006903 0.0801288 -0.0018537 0.0003503 0.0801278 -0.0016037 0.0003503 0.0801278 -0.0016037 0.0006903 0.0801288 -0.0018537 0.0006903 0.0801288 -0.0018538 0.0006942 0.0788295 -0.0016037 0.0006903 0.0801288 -0.0016038 0.0006942 0.0788295 -0.0018539 0.0014102 0.0788317 -0.0018538 0.0006942 0.0788295 -0.0016038 0.0006942 0.0788295 -0.0016039 0.0014102 0.0788316 -0.0018539 0.0014102 0.0788317 -0.0018539 0.0014113 0.0784633 -0.0016039 0.0014102 0.0788316 -0.0016039 0.0014113 0.0784632 -0.0018539 0.0014113 0.0784633 -0.0018539 0.0006952 0.0784611 -0.0016039 0.0006953 0.0784611 -0.0016039 0.0014113 0.0784632 -0.0018536 0.0014028 0.081322 -0.0018537 0.0014039 0.0809537 -0.0016036 0.0014028 0.081322 -0.0016037 0.0014039 0.0809536 -0.0016036 0.0014028 0.081322 -0.0016037 0.0014039 0.0809536 -0.0016033 -0.0008588 0.0820544 -0.0016034 -0.0005027 0.0820554 -0.0016034 -0.0009441 0.081315 -0.0016034 -0.0016107 0.0809447 -0.0016034 -0.0014729 0.0812679 -0.0018537 0.0014039 0.0809537 -0.0018534 -0.0016107 0.0809447 -0.0016037 0.0014039 0.0809536 -0.0016034 -0.0016107 0.0809447 -0.0018533 -0.0007951 0.0820546 -0.0018534 -0.0016107 0.0809447 -0.0016033 -0.0008588 0.0820544 -0.0016034 -0.0016107 0.0809447 -0.0016034 -0.0014729 0.0812679 -0.0018533 -0.0007951 0.0820546 -0.0018534 -0.0005027 0.0820555 -0.0016033 -0.0008588 0.0820544 -0.0016034 -0.0005027 0.0820554 -0.0018534 -0.0009299 0.0813304 -0.0018534 -0.0005027 0.0820555 -0.0016034 -0.0005027 0.0820554 -0.0016034 -0.0009441 0.081315 -0.0018534 -0.0009299 0.0813304 -0.0018536 0.0014028 0.081322 -0.0016036 0.0014028 0.081322 -0.0016034 -0.0009441 0.081315 -0.0018593 -0.0003914 0.0275718 -0.0018594 0.0007363 0.0278673 -0.0016093 0.0003088 0.0278758 -0.0016093 -0.0002263 0.0277112 -0.0018593 -0.0003914 0.0275718 -0.0018593 -0.0006228 0.0271449 -0.0016093 -0.0002263 0.0277112 -0.0016093 -0.0005699 0.0272999 -0.0018594 -0.000556 0.0263992 -0.0018593 -0.0006228 0.0271449 -0.0016094 -0.0005811 0.0264563 -0.0016093 -0.0005699 0.0272999 -0.0018596 0.0009393 0.0259093 -0.0018594 -0.000556 0.0263992 -0.0018595 -0.0001968 0.026001 -0.0018596 0.0001773 0.0258679 -0.0016094 -0.0005811 0.0264563 -0.0016095 -0.0002937 0.0260683 -0.0016096 0.00086 0.0258887 -0.0016095 9.14e-05 0.0258854 -0.0018596 0.0009393 0.0259093 -0.0018596 0.0015356 0.0264576 -0.0016096 0.00086 0.0258887 -0.0016096 0.0015796 0.0265857 -0.0018596 0.0015356 0.0264576 -0.0018595 0.0014148 0.0274928 -0.0016096 0.0015796 0.0265857 -0.0016095 0.001569 0.027189 -0.0016115 0.0016164 0.0094835 -0.0016115 0.0016175 0.0090967 -0.0016112 4.79e-05 0.0110298 -0.0016111 -0.0004136 0.0107617 -0.0016112 -0.0005427 0.0105116 -0.0016113 -0.0005326 0.0095648 -0.0016113 -0.0002806 0.009279 -0.0016112 -0.0002989 0.0102264 -0.0016112 5.31e-05 0.0106588 -0.0016113 -3.51e-05 0.0095978 -0.0016113 0.0002369 0.0095799 -0.0016113 0.0013243 0.0110344 -0.0016112 0.0009842 0.0110968 -0.0016112 0.0006217 0.010937 -0.0016113 0.0016063 0.0107092 -0.0016114 0.0016404 0.010122 -0.0016114 0.0013483 0.0095587 -0.0016113 0.0007671 0.0105656 -0.0016113 0.0011285 0.0106921 -0.0016114 0.0013352 0.0100171 -0.0016114 0.0005712 0.0095809 -0.0016114 0.0010889 0.0096802 -0.0016113 0.0013681 0.0103708 -0.0016114 0.0013352 0.0100171 -0.0016113 0.0013681 0.0103708 -0.0018613 0.0013681 0.0103708 -0.0018614 0.0012467 0.0098373 -0.0016114 0.0013352 0.0100171 -0.0016114 0.0005712 0.0095809 -0.0016114 0.0010889 0.0096802 -0.0018614 0.0012467 0.0098373 -0.0018614 0.0010045 0.0096382 -0.0018614 0.0005711 0.009581 -0.0016113 0.0011285 0.0106921 -0.0016113 0.0013681 0.0103708 -0.0018613 0.0013681 0.0103708 -0.0018613 0.0010547 0.0107051 -0.0016113 0.0007671 0.0105656 -0.0016114 0.0005712 0.0095809 -0.0018614 0.0005711 0.009581 -0.0018613 0.0007333 0.0105026 -0.0016113 0.0007671 0.0105656 -0.0016113 0.0011285 0.0106921 -0.0018613 0.0007333 0.0105026 -0.0018613 0.0010547 0.0107051 -0.0018613 0.0013681 0.0103708 -0.0018614 0.0012467 0.0098373 -0.0018614 0.0010045 0.0096382 -0.0018614 0.0005711 0.009581 -0.0018613 0.0007333 0.0105026 -0.0018613 0.0010547 0.0107051 -0.001611 0.0016025 0.014145 -0.0016106 2.2e-06 0.0156847 -0.0016106 -0.0004418 0.0154041 -0.0016107 -0.0006094 0.0145065 -0.0016108 -0.000341 0.0139669 -0.001611 0.0015253 0.0137977 -0.0016107 -0.000309 0.014613 -0.0016107 6.56e-05 0.0153272 -0.0016107 -0.0002466 0.0151177 -0.0016108 -0.0001561 0.0143124 -0.0016108 0.0002231 0.0142415 -0.0016109 0.0015861 0.014642 -0.0016108 0.0014851 0.0155544 -0.0016107 0.0010675 0.0157592 -0.0016107 0.000623 0.0156127 -0.0016109 0.0013344 0.0142202 -0.0016108 0.0005196 0.014262 -0.0016108 0.0007063 0.0151313 -0.0016109 0.0013572 0.0148513 -0.0016108 0.0012647 0.0152525 -0.0016109 0.0011511 0.0143993 -0.0016108 0.0009538 0.0153623 -0.0016108 0.0005196 0.014262 -0.0016109 0.0011511 0.0143993 -0.0018609 0.0011917 0.0144427 -0.0018609 0.000598 0.0142426 -0.0016108 0.0005196 0.014262 -0.0016108 0.0007063 0.0151313 -0.0018609 0.000598 0.0142426 -0.0018608 0.0007873 0.0152717 -0.0016108 0.0007063 0.0151313 -0.0016108 0.0009538 0.0153623 -0.0018608 0.0007873 0.0152717 -0.0018608 0.0009652 0.0153641 -0.0016108 0.0012647 0.0152525 -0.0016108 0.0009538 0.0153623 -0.0018608 0.0013195 0.0151637 -0.0018608 0.0009652 0.0153641 -0.0018608 0.0013195 0.0151637 -0.0018609 0.0011917 0.0144427 -0.0018609 0.000598 0.0142426 -0.0018608 0.0007873 0.0152717 -0.0018608 0.0009652 0.0153641 -0.0016117 0.0016241 0.0068933 -0.0016115 -0.0013759 0.0068844 -0.0016114 -0.001377 0.0072528 -0.0016117 0.0013904 0.0072695 -0.0016117 0.0016418 0.0076153 -0.0016116 0.0016041 0.0081853 -0.0016115 0.0011572 0.008641 -0.0016115 0.0007085 0.0087669 -0.0016114 -0.0001795 0.0086038 -0.0016114 -0.0005797 0.0080558 -0.0016115 -0.0003983 0.0073407 -0.0016115 -0.0003623 0.0073077 -0.0016115 -0.0003425 0.0072913 -0.0016115 -0.0003809 0.0073242 -0.0016117 0.0016095 0.0072371 -0.0016116 -5.16e-05 0.0073711 -0.0016115 0.0006147 0.0083966 -0.0016116 0.0012965 0.0080663 -0.0016115 -6.92e-05 0.0082498 -0.0016117 0.0012934 0.0075327 -0.0016115 -0.0002839 0.0076856 -0.0016116 0.000844 0.0072499 -0.0016115 0.0006147 0.0083966 -0.0016115 -6.92e-05 0.0082498 -0.0018615 0.0009935 0.0083202 -0.0018615 -0.0001159 0.0082167 -0.0016115 0.0006147 0.0083966 -0.0016116 0.0012965 0.0080663 -0.0018615 0.0009935 0.0083202 -0.0018616 0.0012325 0.0081561 -0.0016116 0.0012965 0.0080663 -0.0016117 0.0012934 0.0075327 -0.0018616 0.0012325 0.0081561 -0.0018616 0.0013252 0.0075915 -0.0016117 0.0012934 0.0075327 -0.0016116 0.000844 0.0072499 -0.0018616 0.0013252 0.0075915 -0.0018616 0.0008761 0.0072567 -0.0016116 -5.16e-05 0.0073711 -0.0016116 0.000844 0.0072499 -0.0018616 0.0008761 0.0072567 -0.0018616 8.99e-05 0.0073015 -0.0016116 -5.16e-05 0.0073711 -0.0016115 -0.0002839 0.0076856 -0.0018616 8.99e-05 0.0073015 -0.0018615 -0.0002237 0.0075378 -0.0018615 -0.0002893 0.0079249 -0.0016115 -6.92e-05 0.0082498 -0.0016115 -0.0002839 0.0076856 -0.0018615 -0.0002893 0.0079249 -0.0018615 -0.0001159 0.0082167 -0.0018615 0.0009935 0.0083202 -0.0018616 0.0012325 0.0081561 -0.0018616 0.0013252 0.0075915 -0.0018616 0.0008761 0.0072567 -0.0018616 8.99e-05 0.0073015 -0.0018615 -0.0002237 0.0075378 -0.0018615 -0.0002893 0.0079249 -0.0018615 -0.0001159 0.0082167 -0.0016094 0.0012117 0.0276969 -0.0016093 0.0003088 0.0278758 -0.0016093 -0.0002263 0.0277112 -0.0016094 -0.0005811 0.0264563 -0.0016093 -0.0005699 0.0272999 -0.0016095 -0.0002937 0.0260683 -0.0016096 0.00086 0.0258887 -0.0016096 0.0015796 0.0265857 -0.0016095 0.001569 0.027189 -0.0016095 9.14e-05 0.0258854 -0.0016094 -0.0003515 0.026934 -0.0016096 0.0012911 0.0266875 -0.0016095 -0.0001704 0.0264288 -0.0016094 0.0009261 0.0274322 -0.0016094 2.7e-06 0.0274193 -0.0016095 0.001292 0.0270312 -0.0016096 0.0007798 0.0262572 -0.0016094 0.0009261 0.0274322 -0.0016094 2.7e-06 0.0274193 -0.0018594 -0.0001267 0.0273413 -0.0018595 0.001007 0.0273928 -0.0016094 0.0009261 0.0274322 -0.0016095 0.001292 0.0270312 -0.0018595 0.001007 0.0273928 -0.0018595 0.0013009 0.0269931 -0.0016096 0.0012911 0.0266875 -0.0016095 0.001292 0.0270312 -0.0018595 0.0013009 0.0269931 -0.0018596 0.0012383 0.0265585 -0.0016095 -0.0001704 0.0264288 -0.0016096 0.0007798 0.0262572 -0.0018595 0.0005111 0.0262238 -0.0018595 0.0001125 0.0262678 -0.0016094 -0.0003515 0.026934 -0.0016095 -0.0001704 0.0264288 -0.0018594 -0.0003324 0.026696 -0.0018594 -0.0003515 0.026934 -0.0016094 -0.0003515 0.026934 -0.0016094 2.7e-06 0.0274193 -0.0018594 -0.0001267 0.0273413 -0.0018594 -0.0003515 0.026934 -0.0018594 -0.0001267 0.0273413 -0.0018595 0.001007 0.0273928 -0.0018595 0.0013009 0.0269931 -0.0018596 0.0012383 0.0265585 -0.0018595 0.0005111 0.0262238 -0.0018595 0.0001125 0.0262678 -0.0018594 -0.0003324 0.026696 -0.0018594 -0.0003515 0.026934 -0.0016176 0.0010691 -0.047295 -0.0016177 0.0010703 -0.0477003 -0.0016176 0.0007303 -0.0477013 -0.0016176 0.0007291 -0.047296 -0.0016174 -0.0012148 -0.0473018 -0.0016174 -0.0012158 -0.0469987 -0.0016174 0.0007242 -0.0456284 -0.0016174 0.0010641 -0.0456274 -0.0016176 0.001068 -0.0469267 -0.0016176 0.001784 -0.0469245 -0.0016177 0.0017851 -0.0472929 -0.0016175 0.000728 -0.0469277 -0.0016174 0.0007252 -0.0459883 -0.0016174 -0.0006265 -0.0469279 -0.0016175 0.000728 -0.0469277 -0.0016174 -0.0006265 -0.0469279 -0.0018674 -0.0006266 -0.0469279 -0.0018675 0.000728 -0.0469276 -0.0016175 0.000728 -0.0469277 -0.0016174 0.0007252 -0.0459883 -0.0018675 0.000728 -0.0469276 -0.0018674 0.0007252 -0.0459883 -0.0016174 0.0007252 -0.0459883 -0.0016174 -0.0006265 -0.0469279 -0.0018674 -0.0006266 -0.0469279 -0.0018674 0.0007252 -0.0459883 -0.0016039 0.0006953 0.0784611 -0.0016039 0.0006965 0.0780559 -0.0016039 0.0003565 0.0780549 -0.0016038 0.0003553 0.0784601 -0.0016037 -0.0015887 0.0784543 -0.0016036 -0.0015896 0.0787575 -0.0016037 0.0003503 0.0801278 -0.0016037 0.0006903 0.0801288 -0.0016038 0.0006942 0.0788295 -0.0016039 0.0014102 0.0788316 -0.0016039 0.0014113 0.0784632 -0.0016038 0.0003542 0.0788285 -0.0016037 0.0003514 0.0797679 -0.0016037 -0.0010004 0.0788283 -0.0016038 0.0003542 0.0788285 -0.0016037 -0.0010004 0.0788283 -0.0018537 -0.0010004 0.0788283 -0.0018538 0.0003542 0.0788285 -0.0016038 0.0003542 0.0788285 -0.0016037 0.0003514 0.0797679 -0.0018538 0.0003542 0.0788285 -0.0018537 0.0003514 0.0797679 -0.0016037 0.0003514 0.0797679 -0.0016037 -0.0010004 0.0788283 -0.0018537 -0.0010004 0.0788283 -0.0018537 0.0003514 0.0797679 -0.00161 0.0005878 0.0216685 -0.0016102 0.0005926 0.0200415 -0.0016103 0.0009318 0.0200548 -0.0016103 0.0013506 0.0202795 -0.0016102 0.0016199 0.0208121 -0.0016101 0.0013679 0.0217365 -0.00161 0.0004762 0.0220447 -0.0016101 -0.0004154 0.0203894 -0.00161 -0.0006176 0.0208176 -0.00161 -0.0005982 0.0213418 -0.00161 -0.0002141 0.0218547 -0.0016101 0.0012583 0.0213091 -0.0016102 0.0013297 0.020973 -0.0016102 0.0011706 0.0205981 -0.0016102 0.0002629 0.0204209 -0.0016101 -4.72e-05 0.0205054 -0.00161 -0.0001771 0.0214387 -0.00161 -0.0003332 0.0209526 -0.00161 0.0002213 0.0216386 -0.0016102 0.0002629 0.0204209 -0.0016101 -4.72e-05 0.0205054 -0.0018602 0.0002629 0.020421 -0.0018601 -0.0002863 0.0207801 -0.0016102 0.0002629 0.0204209 -0.00161 0.0002213 0.0216386 -0.0018602 0.0002629 0.020421 -0.00186 0.0002213 0.0216386 -0.00161 -0.0001771 0.0214387 -0.00161 -0.0003332 0.0209526 -0.0018601 -0.0002863 0.0207801 -0.00186 -0.0003236 0.0211646 -0.00186 -0.0001772 0.0214387 -0.00161 -0.0001771 0.0214387 -0.00161 0.0002213 0.0216386 -0.00186 -0.0001772 0.0214387 -0.00186 0.0002213 0.0216386 -0.0018602 0.0002629 0.020421 -0.0018601 -0.0002863 0.0207801 -0.00186 -0.0003236 0.0211646 -0.00186 -0.0001772 0.0214387 -0.00186 0.0002213 0.0216386 -0.0017827 0.0062532 -0.0503045 -0.0018594 0.0053003 0.0317137 -0.0018567 0.0052271 0.0563276 -0.0018596 0.005307 0.0294451 -0.0018598 0.0053115 0.0279436 -0.00186 0.0053183 0.0256516 -0.0018604 0.0053283 0.0222751 -0.0018611 0.0053474 0.0158673 -0.0018614 0.0053543 0.0135434 -0.0018616 0.0053609 0.0113297 -0.0018619 0.0053679 0.0089486 -0.0018621 0.0053749 0.0066171 -0.0018622 0.0053777 0.005682 -0.0018625 0.0053846 0.0033569 -0.0018258 -0.0056863 0.0873313 -0.0018643 -0.0050407 -0.0218108 -0.0018589 -0.0051885 0.0279123 -0.0018679 -0.0044299 -0.0539623 -0.0018681 -0.0012046 -0.0532895 -0.0018683 0.0019875 -0.0532117 -0.0018686 0.004328 -0.0535196 -0.0018617 -0.000568 0.0056643 -0.0018616 -0.0013742 0.0063096 -0.0018616 -0.0009567 0.0063109 -0.0018616 -0.0009556 0.0059425 -0.0018608 -0.001403 0.0135233 -0.0018598 -0.000634 0.022998 -0.0018597 -0.0006148 0.0241833 -0.0018597 -0.0004812 0.0239524 -0.0018597 -0.0005519 0.0235276 -0.0018597 -0.000299 0.0237968 -0.0018597 -0.0002659 0.0238188 -0.0018597 -0.0002705 0.0238158 -0.001861 -0.0006096 0.0123558 -0.0018612 -0.0006002 0.0098976 -0.0018611 -0.0005848 0.011312 -0.0018621 -0.0005599 0.0018611 -0.0018622 -0.0004147 0.0015865 -0.0018622 -0.0005162 0.0010996 -0.0018622 -0.0002325 0.0014308 -0.0018622 -0.0001994 0.0014528 -0.0018622 -0.000204 0.0014498 -0.0018622 -0.0002594 0.0014116 -0.0018672 -0.0005703 -0.0444411 -0.0018671 -0.000485 -0.0437018 -0.0018674 -0.0012158 -0.0469986 -0.0018597 -0.0003292 0.0244625 -0.0018596 -7.7e-05 0.0249679 -0.0018596 -0.0003273 0.0250699 -0.0018599 -0.0006173 0.0222575 -0.0018596 -0.0006012 0.0250925 -0.0018598 -0.0001926 0.0229238 -0.0018598 -7.48e-05 0.0236861 -0.0018597 -0.0001138 0.02417 -0.0018598 -0.0003263 0.0231884 -0.00186 0.0015766 0.022848 -0.00186 0.0015777 0.0224796 -0.0018598 -0.0004736 0.0226541 -0.0018595 -0.0006022 0.0254241 -0.0018598 0.00157 0.0250621 -0.0018599 0.0015728 0.0241396 -0.0018597 0.0015689 0.0254305 -0.0018599 0.0015739 0.0237713 -0.0018599 -0.0002085 0.0225097 -0.001861 -0.0002949 0.0123265 -0.001861 -0.0001326 0.0119913 -0.0018609 -0.0002582 0.0129653 -0.0018609 -0.0005652 0.0129682 -0.001861 5.1e-05 0.0128879 -0.001861 -0.0005127 0.0118532 -0.0018612 0.0016102 0.0115365 -0.001861 -0.0001849 0.012715 -0.0018612 0.0016091 0.0119064 -0.0018611 -0.0001186 0.011559 -0.0018609 -0.0005662 0.0132998 -0.001861 0.001605 0.0133062 -0.0018611 0.0016061 0.0129379 -0.0018612 1.6e-05 0.0110232 -0.0018614 0.0013772 0.0095545 -0.0018613 -0.0005777 0.008931 -0.0018613 0.0014989 0.0108929 -0.0018612 0.0008632 0.0110761 -0.0018613 -0.000203 0.0097098 -0.0018613 -0.0004938 0.009486 -0.0018612 -9.62e-05 0.0105969 -0.0018612 -0.000428 0.0107426 -0.0018614 0.0016227 0.0100511 -0.0018612 0.0001086 0.0106725 -0.0018612 0.0004243 0.0105707 -0.0018612 -0.000277 0.010344 -0.0018613 0.0002369 0.00958 -0.0018613 -0.0001552 0.0092405 -0.0018612 0.0005452 0.0108463 -0.0018615 0.0016175 0.0090967 -0.0018616 -0.0005454 0.0063121 -0.0018618 0.0016257 0.0063185 -0.0018619 0.0016268 0.0059502 -0.0018617 -0.0005443 0.0059437 -0.001862 0.0013409 0.0039808 -0.0018619 0.001512 0.0051641 -0.001862 0.0016806 0.0047005 -0.0018619 0.0009465 0.0053853 -0.0018617 -0.0005426 0.005385 -0.0018618 -0.0005415 0.0050166 -0.0018621 0.0016337 0.0036271 -0.0018619 -0.0005374 0.0036206 -0.0018622 -4.76e-05 0.0012958 -0.0018621 -0.0001262 0.0018409 -0.001862 -0.0002316 0.0027236 -0.0018622 -0.0002337 0.0010425 -0.001862 -0.0005347 0.0027265 -0.0018623 -0.0002298 0.0006828 -0.0018621 -0.00026 0.0022325 -0.0018621 3.95e-05 0.0026243 -0.0018623 -1.17e-05 0.0005035 -0.0018623 -0.0002925 0.0002036 -0.0018625 0.0016431 0.000482 -0.0018621 -0.0005385 0.0023471 -0.001862 -0.0005357 0.0030581 -0.0018622 0.0016365 0.0026962 -0.0018623 0.0016393 0.0017737 -0.0018623 0.0016404 0.0014053 -0.0018622 0.0016354 0.0030645 -0.0018674 0.0017766 -0.0444341 -0.0018676 0.001784 -0.0469245 -0.0018674 0.0017777 -0.0448025 -0.0018676 0.001068 -0.0469266 -0.0018674 0.0010641 -0.0456273 -0.0018676 0.0007303 -0.0477012 -0.0018671 -0.0001289 -0.0437007 -0.0018676 0.0010691 -0.047295 -0.0018674 0.0007241 -0.0456283 -0.0018676 0.0007291 -0.047296 -0.0018674 -0.0012149 -0.0473018 -0.0018671 -0.0012369 -0.0448114 -0.0018617 0.0013467 0.0072402 -0.0018614 0.0004204 0.0087716 -0.0018616 0.0015452 0.0082961 -0.0018615 0.0010559 0.0086864 -0.0018614 -0.0004715 0.0083247 -0.0018617 0.001648 0.0076377 -0.0018614 -0.0001221 0.0086358 -0.0018617 0.001624 0.0068934 -0.0018616 -0.0005717 0.0068868 -0.0018615 -0.0004147 0.0073573 -0.0018615 -0.0003983 0.0073407 -0.0018615 -0.0003809 0.0073242 -0.0018615 -0.0003623 0.0073078 -0.0018614 -0.0005991 0.0078605 -0.0018615 -0.0013759 0.0068845 -0.0018607 -0.000604 0.0144599 -0.0018606 -5.64e-05 0.0156696 -0.0018609 0.0016512 0.0150021 -0.0018609 0.0013633 0.014216 -0.0018607 0.000715 0.0156807 -0.001861 0.0015784 0.0137721 -0.0018606 -0.0004557 0.0153842 -0.0018608 -0.0001764 0.0143282 -0.0018607 9.47e-05 0.015334 -0.0018607 0.0004104 0.0152322 -0.0018607 0.0011584 0.0157481 -0.0018607 -0.0003175 0.0147094 -0.0018607 -0.0002466 0.0151177 -0.0018608 -0.0003062 0.0139465 -0.0018608 0.0014982 0.0155383 -0.0018608 0.0002231 0.0142415 -0.0018606 0.0015936 0.0171243 -0.0018602 0.0016186 0.021212 -0.0018606 0.0015924 0.0175295 -0.0018603 0.0009669 0.020065 -0.0018602 0.0013134 0.0211614 -0.0018602 0.0009479 0.0204571 -0.00186 -0.0001543 0.0218905 -0.0018602 0.0013082 0.0208314 -0.00186 -0.0004589 0.0216299 -0.0018601 0.0013884 0.0217149 -0.0018601 -0.0004664 0.0204537 -0.0018603 0.0015341 0.0205283 -0.00186 0.0009054 0.0219986 -0.0018602 -3.26e-05 0.0201256 -0.0018602 0.0005926 0.0200416 -0.00186 0.0006051 0.0216674 -0.00186 -0.0006142 0.0212755 -0.0018606 0.0012264 0.017314 -0.0018605 -0.0014041 0.0163441 -0.0018602 -0.0014098 0.0182559 -0.0018605 -0.0014029 0.0159412 -0.0018596 0.0009393 0.0259093 -0.0018593 -0.0003914 0.0275718 -0.0018596 0.0015356 0.0264576 -0.0018594 -0.000556 0.0263992 -0.0018595 -0.0001968 0.026001 -0.0018594 0.0007363 0.0278673 -0.0018595 0.0014148 0.0274928 -0.0018596 0.0001773 0.0258679 -0.0018593 -0.0006228 0.0271449 -0.0018592 -0.0006599 0.0283613 -0.0018592 -0.0001582 0.0286416 -0.0018592 -0.0002832 0.0283673 -0.0018592 -0.0002846 0.0288164 -0.0018592 -0.0006123 0.0288193 -0.0018591 -0.0006133 0.0291554 -0.0018594 0.0015589 0.0287935 -0.0018593 0.0015578 0.0291619 -0.0018593 -0.0005422 0.0279722 -0.0018593 0.0015562 0.029706 -0.001859 -5.58e-05 0.0310318 -0.001859 -0.0003153 0.0307288 -0.001859 -0.0002679 0.030242 -0.0018591 2.54e-05 0.0300835 -0.0018591 -0.0002313 0.0297486 -0.0018591 -0.0004004 0.0298254 -0.0018591 0.0015509 0.0314804 -0.0018592 0.0015551 0.0300759 -0.0018591 0.001552 0.031112 -0.0018588 -0.0014479 0.0311031 -0.0018588 -0.001449 0.0314714 -0.001859 -0.0006558 0.0303077 -0.0018589 -0.0004393 0.0310398 -0.0018589 -0.0004597 0.0310172 -0.0018586 -0.0013529 0.0338328 -0.0018587 -0.0014502 0.0327514 -0.0018587 -0.0011739 0.0322781 -0.0018588 -0.0006782 0.031985 -0.0018587 -0.001157 0.0330246 -0.0018587 -0.0010214 0.0326747 -0.0018586 -0.0009044 0.033851 -0.0018588 0.0015285 0.0336682 -0.0018589 0.000598 0.0319219 -0.0018587 0.000791 0.0340038 -0.0018587 0.0008858 0.0343849 -0.0018589 0.0011165 0.0326877 -0.0018588 0.001244 0.033368 -0.0018586 -0.0002157 0.0341451 -0.0018586 -0.0004661 0.0345148 -0.0018589 0.0015719 0.0328816 -0.0018589 0.0004963 0.0323161 -0.0018588 -0.0005346 0.0323583 0.0018978 -0.0050395 0.0891441 0.0018975 -0.0022399 0.0882218 0.0018973 -0.0003334 0.0880272 0.0018971 0.0022424 0.0882835 0.001897 0.0040875 0.0888551 0.0018924 0.0052592 0.0866937 0.0018821 -0.0032898 -0.0536536 0.0018815 0.0037473 -0.0534142 0.0018819 -0.0003729 -0.0532146 0.0029903 -0.0067756 0.1089492 0.0028799 -0.0078731 0.10817 0.0030949 -0.0087563 0.1072205 0.0025101 -0.0039921 0.1105055 0.0023567 -0.0030804 0.1108246 0.0022003 -0.0024605 0.1110044 0.003779 0.0084966 0.106688 0.0041045 0.0093357 0.1053776 0.0032613 0.0078717 0.1077322 -0.000114 -0.010962 0.0953972 -0.0018353 -0.0106863 0.0946725 -0.0037429 -0.0102816 0.0941255 0.0021493 0.0007954 0.1112034 0.000932 -0.0001858 0.1111987 1.35e-05 -0.0008488 0.1110758 -0.0003611 -0.0077065 -0.0536372 -0.0007732 -0.0086711 -0.0554589 -0.0006974 -0.0096364 -0.0565464 -0.001853 0.0033761 0.0881027 -0.002083 0.0042148 0.0884099 -0.0025927 0.0056102 0.0891728 -0.0075452 0.0011364 0.1086465 -0.0075677 0.0014615 0.1085833 -0.0076463 0.0024167 0.108306 -0.0018537 0.0014039 0.0809537 -0.0018539 0.0014102 0.0788317 -0.0018539 0.0014113 0.0784633 -0.0018618 -0.0005415 0.0050166 -0.0018619 -0.0005385 0.003989 -0.0018619 -0.0005374 0.0036206 -0.0018619 -0.0005374 0.0036206 -0.001862 -0.0005347 0.0027265 -0.001862 -0.0005357 0.0030581 -0.0018625 0.0016431 0.000482 -0.0018676 0.001784 -0.0469245 -0.0018674 0.0017777 -0.0448025 -0.0018625 0.0016431 0.000482 -0.0018674 0.0017766 -0.0444341 -0.0018674 0.0017777 -0.0448025 -0.0018676 0.0010691 -0.047295 -0.0016176 0.0010691 -0.047295 -0.0016177 0.0010703 -0.0477003 -0.0018676 0.0007303 -0.0477012 -0.0018676 0.0010691 -0.047295 -0.0016177 0.0010703 -0.0477003 -0.0018676 0.0007303 -0.0477012 -0.0016177 0.0010703 -0.0477003 -0.0016176 0.0007303 -0.0477013 -0.0018671 -0.0012369 -0.0448114 -0.0016171 -0.0012368 -0.0448115 -0.0016171 -0.0012375 -0.044572 -0.0018671 -0.0012369 -0.0448114 -0.0016171 -0.0008144 -0.0442261 -0.0016171 -0.0012375 -0.044572 -0.0018625 0.0016431 0.000482 -0.0016125 0.0016431 0.000482 -0.0016125 0.0016442 0.0001136 -0.0018623 -0.0002925 0.0002036 -0.0018625 0.0016431 0.000482 -0.0016125 0.0016442 0.0001136 -0.0018623 -0.0002925 0.0002036 -0.0016125 0.0016442 0.0001136 -0.0016123 -0.0003821 0.0002653 -0.0018621 -0.0001262 0.0018409 -0.0018621 -0.00026 0.0022325 -0.0016121 -0.0002556 0.0020479 -0.0018621 -0.00026 0.0022325 -0.0018621 3.95e-05 0.0026243 -0.0016121 -0.0001497 0.0024885 -0.0018621 -0.00026 0.0022325 -0.0016121 -0.0001497 0.0024885 -0.0016121 -0.0002556 0.0020479 -0.0018621 -0.0001262 0.0018409 -0.0016122 -1e-07 0.0017908 -0.0016121 -0.0002556 0.0020479 -0.001862 0.0013409 0.0039808 -0.0018621 0.0016337 0.0036271 -0.0016121 0.0016328 0.0039571 -0.0018621 0.0016337 0.0036271 -0.0016121 0.0016328 0.0039571 -0.0016121 0.0016338 0.003627 -0.0018619 0.001512 0.0051641 -0.0018619 0.0009465 0.0053853 -0.0016119 0.0013603 0.0052924 -0.001862 0.0016806 0.0047005 -0.001612 0.001646 0.0048991 -0.001612 0.001585 0.0042513 -0.001862 0.0013409 0.0039808 -0.0016121 0.0016328 0.0039571 -0.001612 0.0013409 0.0039808 -0.0018616 -0.0009556 0.0059425 -0.0016116 -0.0009556 0.0059425 -0.0016116 -0.0013731 0.0059412 -0.0018616 -0.0013742 0.0063096 -0.0018616 -0.0009556 0.0059425 -0.0016116 -0.0013731 0.0059412 -0.0018616 -0.0013742 0.0063096 -0.0016116 -0.0013731 0.0059412 -0.0016116 -0.0013742 0.0063096 -0.0018617 0.0013467 0.0072402 -0.0018617 0.001624 0.0068934 -0.0016117 0.0016095 0.0072371 -0.0018617 0.001624 0.0068934 -0.0016117 0.0016241 0.0068933 -0.0016117 0.0016095 0.0072371 -0.0018615 -0.0013759 0.0068845 -0.0016115 -0.0013759 0.0068844 -0.0016114 -0.001377 0.0072528 -0.0018615 -0.0003623 0.0073078 -0.0018615 -0.0013759 0.0068845 -0.0016114 -0.001377 0.0072528 -0.0018615 -0.0003623 0.0073078 -0.0016114 -0.001377 0.0072528 -0.0016115 -0.0003425 0.0072913 -0.0018617 0.0013467 0.0072402 -0.0016117 0.0013904 0.0072695 -0.0016117 0.0016095 0.0072371 -0.0018614 0.0013772 0.0095545 -0.0018615 0.0016175 0.0090967 -0.0016115 0.0016164 0.0094835 -0.0018615 0.0016175 0.0090967 -0.0016115 0.0016164 0.0094835 -0.0016115 0.0016175 0.0090967 -0.0018613 -0.000203 0.0097098 -0.0018612 -0.000277 0.010344 -0.0016112 -0.0002989 0.0102264 -0.0018612 -9.62e-05 0.0105969 -0.0018612 0.0001086 0.0106725 -0.0016112 5.31e-05 0.0106588 -0.0018613 -0.000203 0.0097098 -0.0016112 -0.0002989 0.0102264 -0.0016113 -3.51e-05 0.0095978 -0.0018613 0.0014989 0.0108929 -0.0016113 0.0013243 0.0110344 -0.0016113 0.0016063 0.0107092 -0.0018614 0.0013772 0.0095545 -0.0016115 0.0016164 0.0094835 -0.0016114 0.0013483 0.0095587 -0.001861 5.1e-05 0.0128879 -0.001861 -0.0001849 0.012715 -0.001611 5.1e-05 0.0128879 -0.0018609 0.0013633 0.014216 -0.001861 0.0015784 0.0137721 -0.001611 0.0016025 0.014145 -0.001861 0.0015784 0.0137721 -0.001611 0.0016025 0.014145 -0.001611 0.0015253 0.0137977 -0.0018607 0.000715 0.0156807 -0.0018607 0.0004104 0.0152322 -0.0016107 0.000623 0.0156127 -0.0018609 0.0013633 0.014216 -0.001611 0.0016025 0.014145 -0.0016109 0.0013344 0.0142202 -0.0018602 -0.0014098 0.0182559 -0.0016102 -0.001411 0.0186833 -0.0016102 -0.0014097 0.0182558 -0.0018606 0.0015924 0.0175295 -0.0018602 -0.0014098 0.0182559 -0.0016102 -0.001411 0.0186833 -0.0018606 0.0015924 0.0175295 -0.0016106 0.0015924 0.0175295 -0.0016102 -0.001411 0.0186833 -0.0018603 0.0009669 0.020065 -0.0018602 0.0009479 0.0204571 -0.0016103 0.0009318 0.0200548 -0.0018598 -0.000634 0.022998 -0.0018597 -0.0005519 0.0235276 -0.0016098 -0.0006408 0.0230582 -0.0018597 -0.0003292 0.0244625 -0.0018597 -0.0001138 0.02417 -0.0016097 -0.0002944 0.0243282 -0.0018597 -0.0003292 0.0244625 -0.0016096 -0.0003127 0.0246677 -0.0016097 -0.0002944 0.0243282 -0.0018592 -0.0002832 0.0283673 -0.0018593 -0.0005422 0.0279722 -0.0016093 -0.0002165 0.0281252 -0.0018593 -0.0005422 0.0279722 -0.0016093 -0.0005422 0.0279722 -0.0016093 -0.0002165 0.0281252 -0.0018592 -0.0001582 0.0286416 -0.0018592 -0.0002832 0.0283673 -0.0016092 -0.0002396 0.0285468 -0.0018592 -0.0001582 0.0286416 -0.0016092 -0.0002396 0.0285468 -0.0016092 0.000148 0.0287673 -0.0018592 -0.0002832 0.0283673 -0.0016093 -0.0002165 0.0281252 -0.0016092 -0.0002396 0.0285468 -0.0018589 0.000598 0.0319219 -0.0018589 0.0015719 0.0328816 -0.001609 0.0012335 0.0322503 -0.0018589 0.000598 0.0319219 -0.0016089 0.0006325 0.0319312 -0.001609 0.0012335 0.0322503 -0.0018587 -0.001157 0.0330246 -0.0018586 -0.0009044 0.033851 -0.0016086 -0.0011552 0.0333282 -0.0018587 0.000791 0.0340038 -0.0018586 -0.0002157 0.0341451 -0.0016087 0.000226 0.0341515 -0.0018587 0.000791 0.0340038 -0.0018588 0.001244 0.033368 -0.0016088 0.0010209 0.0338269 -0.0018589 0.0011165 0.0326877 -0.0018588 0.001244 0.033368 -0.0016089 0.0012234 0.0329213 -0.0018589 0.0011165 0.0326877 -0.0016089 0.0012234 0.0329213 -0.0016089 0.0008618 0.0324555 -0.0018588 0.001244 0.033368 -0.0016088 0.0010209 0.0338269 -0.0016089 0.0012234 0.0329213 -0.0018587 0.000791 0.0340038 -0.0016087 0.000226 0.0341515 -0.0016088 0.0010209 0.0338269 -0.0018586 -0.0009044 0.033851 -0.0016086 -0.0011552 0.0333282 -0.0016086 -0.0007563 0.0339652 -0.0018587 0.0008858 0.0343849 -0.0018586 -0.0004661 0.0345148 -0.0016086 0.0001488 0.0345672 -0.0018586 -0.0004661 0.0345148 -0.0016086 0.0001488 0.0345672 -0.0016085 -0.0008951 0.034335 -0.0018587 0.0008858 0.0343849 -0.0016086 0.0001488 0.0345672 -0.0016087 0.001078 0.0342743 -0.0018539 0.0006952 0.0784611 -0.0016039 0.0006953 0.0784611 -0.0016039 0.0006965 0.0780559 -0.0018539 0.0006952 0.0784611 -0.0018539 0.0003565 0.0780549 -0.0016039 0.0006965 0.0780559 -0.0018539 0.0003565 0.0780549 -0.0016039 0.0006965 0.0780559 -0.0016039 0.0003565 0.0780549 -0.0018537 -0.0015887 0.0784544 -0.0016037 -0.0015887 0.0784543 -0.0016036 -0.0015896 0.0787575 -0.0018537 -0.0015887 0.0784544 -0.0018537 0.0003503 0.0801278 -0.0016036 -0.0015896 0.0787575 -0.0018537 0.0003503 0.0801278 -0.0016036 -0.0015896 0.0787575 -0.0016037 0.0003503 0.0801278 -0.0018594 0.0007363 0.0278673 -0.0018595 0.0014148 0.0274928 -0.0016094 0.0012117 0.0276969 -0.0018594 0.0007363 0.0278673 -0.0016094 0.0012117 0.0276969 -0.0016093 0.0003088 0.0278758 -0.0018595 0.0014148 0.0274928 -0.0016094 0.0012117 0.0276969 -0.0016095 0.001569 0.027189 -0.0016109 0.0011511 0.0143993 -0.0018608 0.0013195 0.0151637 -0.0018609 0.0011917 0.0144427 -0.0016109 0.0013572 0.0148513 -0.0016109 0.0011511 0.0143993 -0.0018608 0.0013195 0.0151637 -0.0016109 0.0013572 0.0148513 -0.0016108 0.0012647 0.0152525 -0.0018608 0.0013195 0.0151637 -0.0016096 0.0012911 0.0266875 -0.0016096 0.0007798 0.0262572 -0.0018596 0.0012383 0.0265585 -0.0016096 0.0007798 0.0262572 -0.0018596 0.0012383 0.0265585 -0.0018595 0.0005111 0.0262238 -0.0016095 -0.0001704 0.0264288 -0.0018595 0.0001125 0.0262678 -0.0018594 -0.0003324 0.026696 -0.0018674 -0.0006266 -0.0469279 -0.0018675 0.000728 -0.0469276 -0.0018674 0.0007252 -0.0459883 -0.0018537 -0.0010004 0.0788283 -0.0018538 0.0003542 0.0788285 -0.0018537 0.0003514 0.0797679 -0.0016101 -4.72e-05 0.0205054 -0.00161 -0.0003332 0.0209526 -0.0018601 -0.0002863 0.0207801</float_array>
          <technique_common>
            <accessor count="2721" source="#g0_chrome-pos-array" stride="3">
              <param type="float" name="X"/>
              <param type="float" name="Y"/>
              <param type="float" name="Z"/>
            </accessor>
          </technique_common>
        </source>
        <source id="g0_chrome-nrm">
          <float_array count="8163" id="g0_chrome-nrm-array">0.94925 0.24311 0.19954 0.89258 -0.16746 0.41864 0.88135 -0.15645 0.4458 0.89954 -0.06296 0.43227 0.95668 -0.23086 0.17739 0.92763 -0.2572 0.27084 0.91785 -0.21883 0.33116 0.81787 0.05235 0.57302 0.90117 0.22626 0.36972 0.87944 0.21099 0.42669 0.99539 0.09074 0.0312 0.9932 -0.11617 -0.00709 0.96947 -0.2414 0.04315 0.99932 0.03506 -0.01174 0.91501 -0.35978 0.1825 0.91269 0.28088 0.29683 0.99682 -0.01998 -0.07709 0.83876 0.11802 0.53156 0.87561 0.42911 0.22174 0.97272 0.23195 0.00391 0.93619 0.34245 0.07925 0.96037 -0.25521 -0.11203 0.81819 0.22502 0.52908 0.91519 -0.401 0.04023 0.70934 -0.11642 0.69518 0.80221 -0.36145 0.47519 0.69749 -0.23853 0.67573 0.784 -0.07349 0.6164 0.93072 0.33003 -0.15759 0.75685 -0.55408 0.34667 0.5837 -0.11911 0.80319 0.88525 0.46026 -0.06699 0.91498 0.2716 -0.29842 0.68962 0.60742 0.39428 0.92487 0.15136 -0.34887 0.59886 -0.01366 0.80074 0.80975 0.35815 0.4648 0.78358 -0.59038 0.19354 0.68348 -0.5462 0.48427 0.57357 0.28593 0.76763 0.67211 0.58674 0.45167 0.79177 0.60409 0.09037 0.8462 0.48163 -0.22799 0.90243 0.03537 -0.42937 0.53322 0.48467 0.69338 0.68419 0.68004 0.26351 0.88209 -0.22773 -0.41237 0.64332 -0.62108 0.44766 0.87266 -0.10253 -0.47745 0.72125 -0.69267 0.00169 0.50911 0.40479 0.75957 0.74747 0.66366 -0.02897 0.54646 -0.40017 0.7357 0.81864 -0.33544 -0.46617 0.48829 0.22272 0.84378 0.76303 0.46709 -0.44678 0.80865 0.27539 -0.51985 0.79617 -0.49794 -0.34375 0.77094 -0.59991 -0.21392 0.71104 -0.68188 -0.17167 0.61308 -0.7552 0.23197 0.43464 -0.49318 0.75357 0.37862 0.63395 0.67436 0.62168 -0.77984 0.07322 0.40543 -0.6782 0.61292 0.37931 -0.58381 0.71784 0.33347 -0.31611 0.88818 0.68028 0.65882 -0.32121 0.68556 0.14611 -0.7132 0.59781 0.75677 -0.26443 0.52848 -0.17411 0.8309 0.28758 0.11539 0.95078 0.36391 0.70228 0.61186 0.51868 0.8459 0.12419 0.64378 -0.25963 -0.71982 0.40127 -0.87115 0.28298 0.2553 0.08431 0.96318 0.22809 0.38128 0.89588 0.47818 0.85229 -0.212 0.6382 0.43764 -0.63339 0.56598 -0.65765 -0.49716 0.19818 -0.17472 0.96447 0.54933 0.67298 -0.49531 0.63312 0.01984 -0.7738 0.62183 -0.53938 -0.56781 0.18866 -0.42817 0.88379 0.30948 0.57085 0.76049 0.29367 0.82833 0.47711 0.34143 0.89639 0.28269 0.303 -0.78893 0.53458 -0.00372 -0.67812 0.73494 0.10915 0.23203 0.96657 0.41875 0.90469 -0.0786 0.4697 -0.76564 -0.43953 0.44125 -0.87382 -0.20428 0.19584 -0.73958 0.64395 0.1538 -0.10834 0.98214 0.13546 0.53753 0.83229 0.55595 0.35401 -0.75206 0.37234 -0.92689 -0.0472 0.31631 -0.94384 0.0955 0.27409 -0.8691 0.41176 0.08879 0.34182 0.93556 0.39865 0.83185 0.38614 0.57521 0.24935 -0.77907 0.54146 -0.45768 -0.70523 0.4251 -0.8266 -0.36881 0.41824 0.77937 -0.46653 0.03907 -0.31423 0.94854 0.1089 0.81526 0.56877 0.2691 0.96139 0.05759 0.48488 0.56904 -0.66414 0.5372 -0.17161 -0.82581 -0.05839 0.42728 0.90223 0.05836 0.77708 0.62669 0.29688 0.89674 -0.32821 0.34146 -0.75522 -0.55951 -0.0372 -0.04558 0.99827 -0.02501 0.67158 0.74051 0.21056 0.97425 -0.08068 0.30558 0.82543 -0.47465 0.35552 0.7038 -0.61504 0.40209 0.41004 -0.81865 0.43335 0.10123 -0.89552 0.4374 -0.35421 -0.82657 0.4086 -0.43514 -0.80231 0.38116 -0.52604 -0.76026 -0.01799 -0.54049 0.84116 0.0069 -0.4717 0.88173 -0.04023 -0.31193 0.94925 0.01491 0.76542 0.64336 0.03152 0.89668 0.44155 0.11823 0.98422 0.13164 0.45381 0.22721 -0.86165 0.34831 -0.66442 -0.66123 0.19261 -0.97429 -0.11688 0.11562 -0.97636 0.18261 -0.02896 -0.63975 0.76804 -0.10182 -0.34788 0.93199 -0.12916 0.23784 0.96268 -0.09591 0.49895 0.86131 0.12986 0.99109 -0.02971 0.32999 0.59955 -0.72914 0.34769 0.34472 -0.87194 0.39767 -0.04497 -0.91642 0.33603 -0.46872 -0.81694 0.2552 -0.87968 -0.40129 0.0516 -0.95336 0.29738 0.02223 -0.90525 0.4243 -0.1288 -0.04611 0.9906 -0.07407 0.67644 0.73277 0.01473 0.93616 0.35127 0.05695 0.97394 0.21953 0.18361 0.95271 -0.24212 0.2183 0.89235 -0.39503 0.32602 0.48959 -0.80871 0.35335 0.26082 -0.8984 0.35258 0.16927 -0.92035 0.38812 0.07775 -0.91832 0.34818 -0.3396 -0.87375 0.31426 -0.56604 -0.76213 0.19365 -0.94219 -0.27347 -0.0272 -0.82862 0.55915 -0.05668 -0.73765 0.6728 -0.16986 -0.13154 0.97665 -0.19255 0.1291 0.97276 -0.15245 0.29283 0.94393 -0.11573 0.55295 0.82514 -0.05052 0.82639 0.56083 0.26256 0.75259 -0.60388 0.34022 -0.10622 -0.93433 0.33449 -0.21903 -0.91659 0.33701 -0.37626 -0.86305 0.26746 -0.67435 -0.68828 0.25793 -0.77889 -0.57166 0.12236 -0.98736 -0.10075 0.07073 -0.99091 0.11444 -0.14096 -0.36338 0.92091 -0.0945 0.75697 0.64658 0.32356 0.04499 -0.94514 0.28477 -0.42419 -0.85963 0.21206 -0.83864 -0.50171 0.16191 -0.90965 -0.38252 0.05173 -0.99827 0.02809 -0.06642 -0.86565 0.49623 -0.14747 -0.60315 0.78387 -0.16946 -0.5007 0.84887 0.10529 0.97506 -0.19538 0.17228 0.89145 -0.41908 0.16999 0.85759 -0.48544 0.24521 0.65388 -0.71576 -0.15648 -0.68548 0.71108 -0.18661 -0.28316 0.94074 -0.14074 0.19475 0.9707 -0.21599 0.32106 0.9221 -0.18076 0.57639 0.79693 -0.15329 0.69233 0.70511 -0.12744 0.81586 0.56403 -0.04721 0.93933 0.33974 0.00843 0.99245 0.12239 0.04472 0.99853 -0.03057 0.25232 0.56564 -0.7851 0.2637 0.47541 -0.83931 0.28669 0.233 -0.92926 0.27556 -0.27842 -0.92008 0.29763 -0.45885 -0.83718 0.09942 -0.96485 -0.24328 -0.02754 -0.96513 0.26031 -0.08304 -0.90408 0.41922 -0.23685 -0.36386 0.90084 -0.19431 0.14351 0.97039 -0.19505 0.64272 0.74086 -0.11307 0.88041 0.46054 -0.05494 0.97448 0.21764 0.17608 0.75451 -0.63222 0.25761 0.10528 -0.9605 -0.16324 -0.77363 0.61225 -0.243 -0.09858 0.965 -0.23071 0.49707 0.83648 0.08229 0.94762 -0.30863 0.09019 0.90656 -0.41233 0.26157 -0.10386 -0.95958 0.19081 -0.69796 -0.69025 0.16336 -0.77707 -0.60785 0.10922 -0.88761 -0.44746 0.03589 -0.9876 -0.15281 -0.04176 -0.99088 0.12814 -0.25921 -0.19548 0.94583 -0.28303 0.03657 0.95841 -0.20462 0.75222 0.62634 0.72721 0.40107 -0.55705 -0.18123 -0.83081 0.52622 -0.16631 0.91662 0.36352 -0.12917 0.96082 0.24522 -0.09145 0.98975 0.10972 -0.04727 0.99878 -0.01449 0.00302 0.98418 -0.17716 0.08521 0.83827 -0.53855 0.09136 -0.83421 -0.54383 0.03188 -0.93907 -0.34225 -0.02171 -0.99874 -0.04532 -0.11213 -0.96133 0.25152 -0.15327 -0.9229 0.35321 -0.18629 -0.88239 0.43207 -0.24051 -0.60618 0.75809 -0.34637 0.02352 0.9378 -0.28555 0.42784 0.85756 -0.24971 0.65141 0.71646 0.0877 -0.75406 -0.65092 -0.03098 -0.97939 -0.1996 -0.07308 -0.99682 0.03171 -0.29283 -0.38094 0.877 -0.34111 0.22537 0.91261 -0.33956 0.35677 0.87029 -0.01359 0.94326 -0.33178 0.07324 0.75704 -0.64925 0.13538 0.70322 -0.69796 0.07398 -0.80543 -0.58805 -0.25355 -0.70672 0.6605 -0.31252 -0.48377 0.81749 -0.31832 -0.26757 0.90944 -0.33081 -0.17944 0.92648 -0.31277 0.55138 0.77341 -0.291 0.68181 0.67116 -0.24443 0.83231 0.49751 -0.07366 0.97738 -0.19823 0.0141 -0.8671 -0.49794 -0.16183 -0.9766 0.14164 -0.20182 -0.94066 0.27281 -0.3869 -0.11432 0.91501 -0.36966 0.0344 0.92853 -0.35601 0.46685 0.80951 -0.29835 0.73415 0.60993 -0.12634 0.9905 -0.05436 0.00478 0.83092 -0.55638 -0.01279 -0.89336 -0.44915 -0.10916 -0.98908 -0.09904 -0.22073 -0.78264 0.58202 -0.37042 -0.38564 0.84503 -0.22528 0.93428 0.27635 0.02441 -0.75229 -0.65838 -0.34674 -0.62515 0.69925 -0.419 -0.15372 0.89488 -0.40223 -0.05237 0.91404 -0.44569 0.04164 0.89422 -0.36383 0.62832 0.68764 -0.22102 0.9607 0.16793 -0.1917 0.97842 0.07712 -0.01243 0.71696 -0.697 -0.04374 -0.83179 -0.55336 -0.11381 -0.96816 -0.22297 -0.1816 -0.98302 0.02623 -0.28563 -0.8544 0.43407 -0.30869 -0.79784 0.51784 -0.37784 -0.51228 0.77124 -0.38621 0.70367 0.5964 -0.03224 -0.65233 -0.75725 -0.45404 -0.22728 0.8615 -0.47172 0.42292 0.7737 -0.56244 0.49851 0.65966 -0.44488 0.75361 0.4839 -0.18951 0.88731 -0.42043 -0.15822 0.83871 -0.52108 -0.19595 -0.92504 -0.32544 -0.26686 -0.95403 -0.13643 -0.40354 -0.90187 0.15424 -0.32939 -0.89259 0.30788 -0.44735 -0.72006 0.53046 -0.51264 -0.58142 0.63179 -0.76807 -0.1478 -0.62308 -0.7319 -0.28349 -0.61965 -0.61007 -0.53576 -0.58375 -0.36882 -0.73443 -0.56972 -0.18006 -0.85718 -0.48251 0.31077 -0.77128 -0.55547 0.54318 -0.64004 -0.54342 0.69998 -0.45362 -0.55159 0.68227 -0.31491 -0.65981 0.23231 -0.2058 -0.95062 0.24307 -0.00405 -0.97 0.22721 0.20743 -0.9515 0.62342 0.27164 -0.73319 0.54886 0.64966 -0.52602 0.34898 0.77269 -0.53025 0.15981 0.81185 -0.56157 -0.0184 0.83481 -0.55023 -0.2379 0.80376 -0.54532 -0.48738 0.6713 -0.5584 -0.66487 0.46179 -0.58711 -0.77999 0.20526 -0.59118 -0.99507 0.05587 -0.08195 -0.14479 0.54485 -0.82594 -0.02205 0.99815 -0.05662 0.97594 0.21758 -0.01426 0.87584 0.48218 -0.01993 0.57885 0.80012 -0.15728 0.46001 0.87958 -0.12134 0.23014 0.95082 -0.20732 0.23365 0.93913 -0.25189 -0.12787 0.97262 -0.19407 -0.44824 0.88885 -0.09499 -0.71345 0.69594 0.08162 -0.85404 0.52014 -0.00896 -0.99988 0.01533 0.00016 0.68812 0.28296 0.66815 0.98079 0.19229 0.03266 0.67018 0.74206 0.0147 0.77039 0.5927 0.23496 0.6984 0.64679 0.30643 0.61384 0.78034 0.11943 0.50935 0.83246 0.21811 0.36168 0.92374 0.12609 0.31867 0.79476 0.51653 0.20572 0.77091 0.60281 0.1654 0.95093 0.26148 0.13763 0.88259 0.44955 0.51704 0.49693 0.69695 0.26952 0.61227 0.74329 0.06679 0.62119 0.78081 -0.08421 0.87507 0.47662 -0.12555 0.76936 0.62636 -0.17626 0.97892 0.10319 -0.32072 0.884 0.34012 -0.51353 0.84619 0.14234 -0.61448 0.62477 0.48174 -0.48328 0.71038 0.51166 -0.62215 0.78277 0.01438 -0.63364 0.70355 0.32175 -0.79474 0.51971 0.31352 -0.77851 0.59677 0.1944 -0.94606 0.31563 0.07314 -0.96679 0.23554 0.09915 -0.02506 0.62413 0.78092 -0.33365 0.59439 0.7317 -0.60121 0.40692 0.68772 -0.99985 0.01737 0.00016 -0.99988 0.01546 9e-05 -0.99985 0.01737 0.00016 -0.99985 0.01737 0.00016 -0.99985 0.01737 0.00016 -0.99383 0.11087 0.00035 -0.99279 0.11983 0.00046 -0.99279 0.11983 0.00046 -0.99279 0.11983 0.00046 -0.99279 0.11983 0.00046 -0.99279 0.11983 0.00046 -0.99279 0.11983 0.00046 -0.99279 0.11983 0.00046 0.69485 -0.71649 -0.06188 0.54852 -0.81263 -0.19684 0.17911 -0.98188 -0.06188 0.51645 -0.2067 0.831 0.49044 0.1505 0.85838 0.02747 -0.07028 0.99715 0.99012 -0.13752 0.02756 0.82936 -0.55713 0.04201 0.84795 -0.50249 0.16877 0.82384 -0.51502 0.23672 0.30301 -0.61889 0.72468 0.54026 -0.75932 0.3627 0.50991 -0.82735 0.23554 0.54264 -0.83276 0.10982 0.3741 -0.75974 0.53183 0.19654 -0.85502 0.47992 0.10886 -0.85013 0.5152 0.05893 -0.94957 0.30797 0.07718 -0.99604 0.04417 0.03237 -0.6495 0.75968 0.60904 -0.44361 0.65747 -0.0236 -0.9777 -0.20869 -0.37726 -0.91914 -0.11335 -0.71362 -0.69783 0.06151 -0.88136 -0.47242 0.00475 -0.98667 -0.16268 -0.0048 -0.98857 -0.15079 -0.00036 -0.9925 -0.12224 -0.00047 -0.1681 -0.88691 0.43027 -0.29784 -0.94869 0.10621 -0.39124 -0.84173 0.37205 -0.10748 -0.80918 0.57765 -0.37202 -0.89984 0.22779 -0.67879 -0.72841 0.09314 -0.50765 -0.81614 0.27605 -0.75463 -0.59323 0.28037 -0.73077 -0.65727 0.1843 -0.95276 -0.30313 0.01882 -0.57152 -0.48152 0.66446 -0.34419 -0.61467 0.70973 -0.06512 -0.65803 0.75017 0.2203 0.40787 -0.88606 -0.54383 -0.35959 0.75825 -0.58165 0.07025 0.8104 -0.81402 -0.02209 -0.58041 -0.56134 -0.0739 0.82428 -0.38277 0.20801 0.90012 -0.58371 0.32762 0.74293 -0.4459 0.82069 0.35727 -0.26468 0.91029 -0.31829 -0.14315 0.78106 -0.60783 -0.7197 0.02962 -0.69365 -0.39416 -0.91903 -0.00552 -0.43407 0.85497 0.28392 -0.24058 -0.86347 -0.44334 -0.59157 0.41973 0.68839 -0.58682 0.58695 0.55778 -0.40162 0.91521 -0.03301 -0.22653 -0.70669 -0.67028 -0.56591 0.24141 0.78833 -0.43342 0.86937 -0.23738 -0.22639 -0.30608 -0.9247 -0.26769 -0.41348 -0.87028 -0.30807 -0.55384 -0.77354 -0.58488 -0.79107 0.17923 -0.51471 -0.79489 0.32129 -0.47838 0.87118 0.11046 -0.47042 0.86518 -0.17371 -0.28796 0.48007 -0.82862 -0.48046 -0.83252 -0.27581 -0.6916 -0.40523 0.5979 -0.47843 0.6714 -0.56597 -0.25298 0.70474 -0.66283 -0.35891 0.58103 -0.73047 -0.36276 -0.75087 -0.55191 -0.62907 -0.6863 0.36506 -0.70146 -0.57842 0.41638 -0.73097 -0.23149 0.64195 -0.77899 0.19371 0.59636 -0.33651 -0.04864 -0.94042 -0.69459 0.60385 0.39105 -0.52116 -0.77391 -0.35979 -0.70605 0.65458 0.27022 -0.52363 0.71939 -0.45639 -0.38038 0.19887 -0.9032 -0.63174 -0.7468 -0.20782 -0.8007 -0.09725 0.59112 -0.67883 0.7325 -0.05139 -0.56757 -0.66894 -0.47998 -0.8584 0.12424 0.49771 -0.80219 0.41151 0.4326 -0.59253 0.70073 -0.39735 -0.75298 -0.63031 0.18902 -0.7984 0.02278 0.6017 -0.82129 0.27298 0.50096 -0.75645 0.64705 0.09547 -0.48399 0.31866 -0.81499 -0.5185 -0.53499 -0.66704 -0.75541 0.65435 0.03448 -0.52474 0.03553 -0.85052 -0.62904 0.48986 -0.60361 -0.73243 -0.67633 -0.07824 -0.83298 -0.39463 0.38782 -0.60455 -0.15654 -0.78104 -0.76319 0.62564 -0.16162 -0.92314 0.13494 0.36 -0.70327 0.28852 -0.64974 -0.68645 -0.29781 -0.6634 -0.77211 -0.50375 -0.38741 -0.79693 -0.60304 -0.03524 -0.9241 -0.37768 0.05822 -0.90818 0.3773 0.18125 -0.91043 0.41361 -0.00579 -0.81018 0.49343 -0.31643 -0.7642 -0.03728 -0.6439 -0.86593 -0.50012 0.00648 -0.94201 -0.31517 0.11525 -0.97185 -0.09814 0.21417 -0.97351 0.0423 0.22472 -0.78384 0.42659 -0.45124 -0.79462 -0.38612 -0.46849 -0.97667 0.18043 0.11647 -0.92716 0.37011 0.05825 -0.97055 -0.16199 0.17828 -0.77832 0.13053 -0.61415 -0.86396 0.42484 -0.27033 -0.9324 0.32097 -0.16619 -0.83678 0.25388 -0.48512 -0.8533 -0.22633 -0.46973 -0.99785 0.06427 -0.01258 -0.98699 0.1573 -0.03315 -0.8786 0.16835 -0.4469 -0.8672 -0.09352 -0.48911 -0.89816 -0.32947 -0.29114 -0.91921 -0.30273 -0.25182 -0.99996 -0.00876 -0.00156 -0.84763 0.05311 -0.52792 -0.95301 -0.21975 -0.20852 -0.96964 -0.17711 -0.16862 -0.99096 -0.12613 -0.04573 -0.97684 0.12535 -0.17343 -0.93474 0.16132 -0.31659 -0.95809 0.15307 -0.24215 -0.00362 0.64044 0.768 0.00251 -0.65934 0.75184 0.00069 -0.6548 0.75581 0.00238 -0.74876 0.66284 0.00065 -0.7621 0.64746 -0.00486 -0.83985 0.5428 0.00013 -0.83602 0.5487 0.00034 -0.88572 0.46422 -0.00473 -0.91019 0.41417 0.00211 -0.92769 0.37335 -0.01822 -0.54359 0.83915 -0.02436 -0.35056 0.93622 -0.53129 -0.2491 0.80974 -0.00192 -0.12217 0.99251 -0.00491 -0.11309 0.99357 0.00932 0.01912 0.99977 0.0066 0.05496 0.99847 -0.00287 0.15484 0.98794 -0.58343 0.15946 0.79636 -0.01086 0.27834 0.96042 -0.7116 0.21897 0.66759 -0.01401 0.43399 0.90081 -0.00474 0.55375 0.83267 0.01103 0.59785 0.80153 0.01146 0.46222 0.88669 0.01051 0.33064 0.9437 0.00186 0.17724 0.98417 -0.01246 0.02049 0.99971 0.00422 -0.22444 0.97448 -0.02687 -0.34798 0.93712 0.0172 -0.5417 0.8404 -0.00298 0.99923 0.03916 -8e-05 0.99835 0.05749 0.00068 0.98097 0.19417 -0.00192 0.97833 0.20705 -0.00022 0.94227 0.33486 -0.00541 0.9328 0.36035 0.0038 0.87865 0.47746 -0.0063 0.84764 0.53053 0.00425 0.78874 0.61472 -0.00547 0.74069 0.67183 0.00255 0.69595 0.71809 0.00392 0.83541 -0.54961 -0.00013 0.82945 -0.55858 -0.00185 0.86201 -0.50688 0.00362 0.87335 -0.48708 -0.00488 0.92179 -0.38767 0.00026 0.92595 -0.37766 -0.00058 0.95465 -0.29773 -0.00529 0.96543 -0.26062 0.00507 0.98094 -0.19425 -0.007 0.99143 -0.13044 0.0001 0.99718 -0.075 0.00088 -0.96089 0.27692 -0.00271 -0.96876 0.24797 0.00094 -0.9948 0.10189 -0.00528 -0.99675 0.08037 -0.00124 -0.99538 -0.09596 -0.00265 -0.99392 -0.11005 5e-05 -0.9563 -0.29238 0.0019 -0.95838 -0.28549 -0.00121 -0.88688 -0.462 3e-05 -0.88837 -0.45912 0.00201 -0.81937 -0.57326 -0.00074 -0.81127 -0.58467 -1e-05 -0.74902 -0.66255 0.00365 -0.74876 -0.66283 -0.00203 -0.6769 -0.73608 0.00107 -0.6643 -0.74746 -0.00696 -0.57387 -0.81891 -4e-05 -0.58359 -0.81205 0.00113 -0.49762 -0.8674 -0.00378 -0.45545 -0.89025 -6e-05 -0.40835 -0.91282 0.00689 -0.44177 -0.8971 0.95956 0.01388 0.28117 0.97062 -0.01287 0.24026 0.96583 0.036 0.25666 0.96802 -0.01263 0.25055 0.97127 0.01668 0.2374 0.96387 0.01395 0.26601 0.96392 -0.0038 0.26615 0.96541 -0.00975 0.26057 0.9727 0.00504 0.232 0.97077 0.01997 0.23916 0.96107 0.00634 0.27623 0.96542 -0.00344 0.26069 0.96498 -0.01364 0.26197 0.96608 -0.01349 0.25791 0.96669 -0.01299 0.25562 0.97209 -0.00558 0.23453 0.96211 0.01339 0.27233 0.96132 -0.00101 0.27542 0.97009 -0.01472 0.24231 0.96462 0.00612 0.26356 0.96488 0.02862 0.26114 0.97164 0.02852 0.23476 0.96526 -0.00288 0.26127 0.97375 -0.00011 0.2276 0.97401 -0.00787 0.22635 0.96284 -0.00085 0.27008 -0.96989 0.00353 -0.24353 -0.96975 -0.00297 -0.24409 -0.96869 -0.00543 -0.24823 -0.97217 0.00932 -0.2341 -0.9714 0.01156 -0.23716 -0.96908 0.00546 -0.24668 -0.96615 0.01548 -0.25752 -0.96607 0.00233 -0.25826 -0.96593 0.00221 -0.2588 -0.96565 0.00344 -0.25984 -0.96413 0.00538 -0.26539 -0.9626 0.01286 -0.27062 -0.96127 0.01284 -0.27531 -0.96275 0.00397 -0.27037 -0.96189 -0.00073 -0.27345 -0.96157 -0.00356 -0.27455 -0.96179 -0.01022 -0.27361 -0.96044 -0.02303 -0.27755 -0.96121 -0.02191 -0.27493 -0.96465 -0.0153 -0.26309 -0.96551 -0.01521 -0.25993 -0.96634 -0.01223 -0.25697 -0.9669 -0.01176 -0.25487 -0.96752 -0.01018 -0.25257 -0.96852 -0.01057 -0.24871 -0.96848 -0.00881 -0.24893 -1 -9e-05 0.00011 -1 0.00096 -0.00117 -0.99993 -0.01111 -0.00314 -1 0.00023 -0.00027 -1 -0.00029 -0.00078 -1 6e-05 0.00013 -1 -9e-05 0.00011 -1 -9e-05 0.00011 -1 -9e-05 0.00011 -1 -9e-05 0.00011 -1 -9e-05 0.00011 -1 -9e-05 0.00011 -1 -9e-05 0.00011 -0.99982 0.01912 0.00017 -0.99994 0.01068 -0.0018 -0.99982 0.01912 0.00017 -0.99999 0.00385 -0.00266 -0.99999 -0.004 -9e-05 -1 -9e-05 0.00011 -0.00013 0.26169 -0.96515 -0.00013 0.26169 -0.96515 -0.00013 0.26169 -0.96515 -0.00013 0.26169 -0.96515 -0.00013 0.26169 -0.96515 -0.00013 0.26169 -0.96515 -0.00013 0.26169 -0.96515 -0.00013 0.26169 -0.96515 -0.00206 -0.96437 -0.26455 6e-05 -0.96408 -0.2656 -6e-05 0.96657 0.2564 0.00209 0.96629 0.25746 -0.005 -0.37463 -0.92716 0.00055 -0.43093 -0.90238 0.00377 -0.68321 -0.73021 0.00421 -0.7521 -0.65903 -0.00465 -0.89843 -0.43909 -0.00102 -0.92827 -0.37192 -0.00013 0.38207 -0.92413 -0.00078 0.97774 -0.20984 -0.0007 0.99615 0.0877 -0.00213 0.56724 -0.82355 -0.00669 -0.17212 -0.98505 0.0016 0.18854 -0.98206 -0.00065 -0.00106 -1 -0.00171 0.71024 -0.70396 0.0005 0.8626 -0.50589 -0.00762 0.40008 -0.91645 -0.00115 0.99674 0.08066 -0.00608 0.6374 -0.77051 -0.00628 0.95449 -0.29817 -0.01006 -0.01595 -0.99982 -0.00012 0.19563 -0.98068 0.00186 0.80978 -0.58674 -1 -9e-05 0.00011 -1 -9e-05 0.00011 -1 -9e-05 0.00011 -1 -9e-05 0.00011 -1 -9e-05 0.00011 -1 -9e-05 0.00011 -1 -9e-05 0.00011 -1 -9e-05 0.00011 -1 -9e-05 0.00011 -1 -9e-05 0.00011 -1 -9e-05 0.00011 -1 -9e-05 0.00011 -1 -9e-05 0.00011 -1 -9e-05 0.00011 -1 -9e-05 0.00011 -1 -9e-05 0.00011 -1 -9e-05 0.00011 -1 -9e-05 0.00011 -1 -9e-05 0.00011 -1 -9e-05 0.00011 -1 -9e-05 0.00011 -1 -9e-05 0.00011 -1 -9e-05 0.00011 -1 -9e-05 0.00011 -1 -9e-05 0.00011 -1 -9e-05 0.00011 -1 -9e-05 0.00011 -1 -9e-05 0.00011 -1 -9e-05 0.00011 -1 -9e-05 0.00011 -1 -9e-05 0.00011 -1 -9e-05 0.00011 -1 -9e-05 0.00011 -1 -9e-05 0.00011 -1 -9e-05 0.00011 -1 -9e-05 0.00011 -1 -9e-05 0.00011 -1 -9e-05 0.00011 -1 -9e-05 0.00011 -1 -9e-05 0.00011 -1 -9e-05 0.00011 -1 -9e-05 0.00011 -1 -9e-05 0.00011 -1 -9e-05 0.00011 -1 -9e-05 0.00011 -1 -9e-05 0.00011 -1 -9e-05 0.00011 -1 -9e-05 0.00011 1 9e-05 -0.00011 1 9e-05 -0.00011 1 9e-05 -0.00011 1 9e-05 -0.00011 1 9e-05 -0.00011 1 9e-05 -0.00011 1 9e-05 -0.00011 1 9e-05 -0.00011 1 9e-05 -0.00011 1 9e-05 -0.00011 1 9e-05 -0.00011 1 9e-05 -0.00011 1 9e-05 -0.00011 1 9e-05 -0.00011 1 9e-05 -0.00011 1 9e-05 -0.00011 1 9e-05 -0.00011 1 9e-05 -0.00011 1 9e-05 -0.00011 1 9e-05 -0.00011 1 9e-05 -0.00011 1 9e-05 -0.00011 1 9e-05 -0.00011 1 9e-05 -0.00011 1 9e-05 -0.00011 1 9e-05 -0.00011 1 9e-05 -0.00011 1 9e-05 -0.00011 1 9e-05 -0.00011 1 9e-05 -0.00011 1 9e-05 -0.00011 1 9e-05 -0.00011 1 9e-05 -0.00011 1 9e-05 -0.00011 1 9e-05 -0.00011 1 9e-05 -0.00011 1 9e-05 -0.00011 1 9e-05 -0.00011 1 9e-05 -0.00011 1 9e-05 -0.00011 1 9e-05 -0.00011 1 9e-05 -0.00011 1 9e-05 -0.00011 1 9e-05 -0.00011 1 9e-05 -0.00011 1 9e-05 -0.00011 1 9e-05 -0.00011 1 9e-05 -0.00011 0.66837 0.31252 -0.67499 0.72096 0.08559 -0.68767 0.70346 0.18253 -0.6869 0.69135 0.23344 -0.68377 0.26358 0.02832 -0.96422 0.22401 0.5025 -0.83505 0.25156 0.28105 -0.92614 0.05506 0.32931 -0.94262 0.05197 0.37783 -0.92441 0.05033 0.1778 -0.98278 -0.27614 0.29442 -0.91491 0.01363 0.16778 -0.98573 0.47354 -0.15631 -0.86679 0.69751 -0.26472 -0.66588 0.42698 -0.36859 -0.82573 0.22654 -0.4715 -0.85227 0.32911 -0.41362 -0.84889 0.40555 -0.22076 -0.88701 0.25082 -0.23807 -0.9383 0.25871 0.00289 -0.96595 -0.22943 -0.14174 -0.96295 -0.27157 -0.26453 -0.92535 -0.25571 -0.21717 -0.94204 -0.2992 -0.3511 -0.88725 0.32768 -0.78119 -0.53139 0.43092 -0.62642 -0.64954 0.62288 -0.6726 -0.39953 0.12943 -0.86457 -0.48555 0.33582 -0.73876 -0.58435 0.39859 -0.61902 -0.67671 0.18314 -0.70506 -0.68509 0.2241 -0.49749 -0.83802 -0.28753 -0.54265 -0.78921 -0.3204 -0.60721 -0.72708 -0.3304 -0.62689 -0.70558 -0.3616 -0.68846 -0.6287 0.53864 -0.83954 0.07101 0.51192 -0.84071 -0.17646 0.53286 -0.84601 -0.01797 0.52203 -0.84547 -0.11252 0.12943 -0.86457 -0.48555 9e-05 -1 -0.00297 9e-05 -1 -0.00297 0.06704 -0.96517 -0.25288 0.06704 -0.96517 -0.25288 0.12943 -0.86457 -0.48555 -0.35631 -0.8401 -0.409 -0.39703 -0.84482 -0.35867 -0.45367 -0.84531 -0.28219 -0.50314 -0.8388 -0.20801 0.48631 -0.84725 0.21369 0.36942 -0.82953 0.41882 0.44223 -0.84584 0.29832 0.41122 -0.84075 0.35219 -0.12928 -0.86747 0.4804 9e-05 -1 -0.00297 -0.12928 -0.86747 0.4804 -0.06688 -0.96667 0.24713 -0.06688 -0.96667 0.24713 9e-05 -1 -0.00297 -0.48721 -0.87313 0.01648 -0.52789 -0.84564 0.07894 -0.55749 -0.82031 0.12764 -0.59857 -0.7754 0.20115 0.25802 -0.58062 0.77221 0.37484 -0.70528 0.60173 0.33188 -0.66088 0.67312 0.32694 -0.64595 0.68983 0.27502 -0.59571 0.75465 -0.12928 -0.86747 0.4804 -0.22401 -0.5025 0.83505 -0.22401 -0.5025 0.83505 -0.22401 -0.5025 0.83505 -0.18167 -0.71517 0.67493 -0.18994 -0.69457 0.6939 -0.14016 -0.8546 0.50001 -0.59997 -0.69061 0.40386 -0.63547 -0.62407 0.45465 -0.65055 -0.59055 0.47753 -0.68032 -0.51008 0.52629 -0.06377 -0.14967 0.98668 0.25675 -0.17793 0.94996 -0.02643 -0.31895 0.9474 -0.25871 -0.00289 0.96595 -0.03432 -0.15081 0.98797 -0.08617 -0.25598 0.96283 -0.01369 -0.32085 0.94703 -0.25871 -0.00289 0.96595 -0.24988 -0.26161 0.93227 -0.22401 -0.5025 0.83505 -0.67602 -0.32397 0.66185 -0.69666 -0.23233 0.67874 -0.70197 -0.20225 0.68288 -0.71491 -0.10016 0.69201 0.31881 0.34612 0.88236 0.29604 0.29919 0.90711 0.28062 0.08066 0.95642 0.2715 0.14214 0.95188 0.28681 0.21221 0.93419 -0.25832 0.02476 0.96574 -0.2241 0.49749 0.83802 -0.2241 0.49749 0.83802 -0.24876 0.27221 0.92953 -0.2241 0.49749 0.83802 -0.24775 0.2749 0.92901 -0.25809 0.00924 0.96608 -0.25871 -0.00289 0.96595 -0.6425 0.13067 0.75506 -0.66141 0.14408 0.73605 -0.69802 0.2216 0.68093 -0.65924 0.33991 0.67072 -0.68499 0.24789 0.68508 -0.63577 0.3558 0.68498 0.29293 0.51653 0.80461 0.31677 0.68743 0.65352 0.30795 0.6009 0.73762 0.31301 0.57048 0.75932 0.32046 0.64681 0.69206 -0.12943 0.86457 0.48555 -0.2241 0.49749 0.83802 -0.12549 0.8634 0.48866 -0.1497 0.8372 0.52601 -0.20403 0.65096 0.73118 -0.17855 0.70798 0.68329 -0.2241 0.49749 0.83802 -0.62687 0.55999 0.54171 -0.63388 0.60764 0.47852 -0.63658 0.64235 0.42679 -0.63591 0.69062 0.34446 0.40552 0.78699 0.46496 0.43176 0.8662 0.25154 0.42008 0.82806 0.37129 0.42356 0.83861 0.34254 -9e-05 1 0.00297 -0.12943 0.86457 0.48555 -9e-05 1 0.00297 -0.06704 0.96517 0.25288 -0.06704 0.96517 0.25288 -0.12943 0.86457 0.48555 -0.56586 0.80119 0.19467 -0.54104 0.83621 0.08964 -0.54104 0.83621 0.08964 -0.50925 0.86046 -0.01654 0.51177 0.84184 -0.17145 0.53271 0.8462 -0.01294 0.53849 0.8392 0.07601 0.52188 0.84622 -0.10749 -9e-05 1 0.00297 0.12928 0.86747 -0.4804 0.12928 0.86747 -0.4804 0.06688 0.96667 -0.24713 0.06688 0.96667 -0.24713 -9e-05 1 0.00297 -0.51969 0.83239 -0.19246 -0.43551 0.83168 -0.34444 -0.48347 0.84255 -0.23741 -0.42076 0.79921 -0.42921 -0.42769 0.76249 -0.48548 0.12928 0.86747 -0.4804 0.22401 0.5025 -0.83505 0.12928 0.86747 -0.4804 0.22401 0.5025 -0.83505 0.18288 0.70915 -0.68093 0.18288 0.70915 -0.68093 -0.35419 0.46496 -0.81139 -0.41394 0.69519 -0.58767 -0.37492 0.67588 -0.63452 -0.33451 0.52019 -0.78582 -0.3283 0.61307 -0.71859 0.68663 0.49689 -0.53069 0.65317 0.69444 -0.30187 0.64469 0.67858 -0.352 0.66266 0.55769 -0.49987 0.65396 0.60686 -0.45173 -1 -9e-05 0.00011 -1 -9e-05 0.00011 -1 -9e-05 0.00011 -1 -9e-05 0.00011 -1 -9e-05 0.00011 -1 -9e-05 0.00011 -9e-05 1 0.00297 -9e-05 1 0.00297 -9e-05 1 0.00297 -9e-05 1 0.00297 0.00011 -0.00297 1 0.00011 -0.00297 1 0.00011 -0.00297 1 0.00011 -0.00297 1 -9e-05 1 0.00297 -9e-05 1 0.00297 -9e-05 1 0.00297 -9e-05 1 0.00297 -0.00014 0.57695 -0.81678 -0.00014 0.57695 -0.81678 -0.00014 0.57695 -0.81678 -0.00014 0.57695 -0.81678 -0.00011 0.00297 -1 -0.00011 0.00297 -1 -0.00011 0.00297 -1 -0.00011 0.00297 -1 9e-05 -1 -0.00297 9e-05 -1 -0.00297 9e-05 -1 -0.00297 9e-05 -1 -0.00297 -0.00011 0.00297 -1 -0.00011 0.00297 -1 -0.00011 0.00297 -1 -0.00011 0.00297 -1 9e-05 -1 -0.00297 9e-05 -1 -0.00297 9e-05 -1 -0.00297 9e-05 -1 -0.00297 0.00011 -0.00297 1 0.00011 -0.00297 1 0.00011 -0.00297 1 0.00011 -0.00297 1 9e-05 -1 -0.00297 9e-05 -1 -0.00297 9e-05 -1 -0.00297 9e-05 -1 -0.00297 -1 -9e-05 0.00011 -1 -9e-05 0.00011 -1 -9e-05 0.00011 -1 -9e-05 0.00011 -1 -9e-05 0.00011 -1 -9e-05 0.00011 -1 -9e-05 0.00011 -1 -9e-05 0.00011 0.00011 -0.00297 1 0.00011 -0.00297 1 0.00011 -0.00297 1 0.00011 -0.00297 1 -0.02101 0.84202 -0.53903 -0.0853 0.82485 -0.55889 -0.00013 0.84673 -0.53203 -0.07368 0.82825 -0.55549 -0.00011 0.00297 -1 -0.00011 0.00297 -1 -0.00011 0.00297 -1 -0.00011 0.00297 -1 0.00013 -0.85894 0.51208 0.00013 -0.85894 0.51208 0.00013 -0.85894 0.51208 0.00013 -0.85894 0.51208 -0.00011 0.00297 -1 -0.00011 0.00297 -1 -0.00011 0.00297 -1 -0.00011 0.00297 -1 -1 -9e-05 0.00011 -1 -9e-05 0.00011 -1 -9e-05 0.00011 -1 -9e-05 0.00011 -1 -9e-05 0.00011 -1 -9e-05 0.00011 -1 -9e-05 0.00011 -1 -9e-05 0.00011 -1 -9e-05 0.00011 -1 -9e-05 0.00011 -1 -9e-05 0.00011 -1 -9e-05 0.00011 -1 -9e-05 0.00011 -1 -9e-05 0.00011 -1 -9e-05 0.00011 -1 -9e-05 0.00011 -1 -9e-05 0.00011 -1 -9e-05 0.00011 -1 -9e-05 0.00011 -1 -9e-05 0.00011 -1 -9e-05 0.00011 -1 -9e-05 0.00011 -1 -9e-05 0.00011 -1 -9e-05 0.00011 -1 -9e-05 0.00011 0.00014 -0.56844 0.82273 0.00014 -0.54066 0.84124 0.00014 -0.54799 0.83648 0.00014 -0.58145 0.81358 0.00014 -0.54066 0.84124 0.00014 -0.58145 0.81358 0.00014 -0.56844 0.82273 0.00014 -0.54799 0.83648 -0.33903 0.84131 -0.42102 -0.00014 0.77204 -0.63557 -0.42531 0.83576 -0.3473 -0.16657 0.82254 -0.54377 0.53815 0.81776 0.20409 0.3509 0.87257 0.33985 0.48404 0.83949 0.24691 0.2117 0.88175 0.42154 -0.05184 0.84992 -0.52435 -0.37922 0.71715 -0.58471 -0.21751 0.79706 -0.56337 0.06323 0.87066 -0.48781 -0.0975 0.96314 0.25071 1e-05 0.73123 0.68213 5e-05 0.52745 0.84959 0.12724 0.99092 -0.04353 5e-05 0.52745 0.84959 0.00753 0.99775 0.0666 -0.05421 0.75772 0.65033 0.04648 0.04791 0.99777 0.00011 0.00969 0.99995 0.08793 0.08205 0.99274 0.03883 0.0416 0.99838 -9e-05 1 0.00297 -9e-05 1 0.00297 -9e-05 1 0.00297 -9e-05 1 0.00297 -0.00011 0.00297 -1 -0.00011 0.00297 -1 -0.00011 0.00297 -1 -0.00011 0.00297 -1 9e-05 -1 -0.00297 9e-05 -1 -0.00297 9e-05 -1 -0.00297 9e-05 -1 -0.00297 -0.17828 -0.03746 -0.98327 -0.01755 -0.01311 -0.99976 -0.16521 -0.03549 -0.98562 -0.00011 -0.01045 -0.99995 0.0153 -0.27577 0.9611 0.00011 -0.04493 0.99899 -0.01545 -0.04249 0.99898 0.13087 -0.45804 0.87925 -0.06457 -0.1677 0.98372 9e-05 -1 -0.00297 9e-05 -1 -0.00297 9e-05 -1 -0.00297 9e-05 -1 -0.00297 0.02247 -0.01638 -0.99961 -0.00011 -0.01297 -0.99992 0.00226 -0.01333 -0.99991 0.02471 -0.01672 -0.99955 0.1502 -0.75398 -0.63949 -0.03524 -0.63453 -0.77209 0.2539 -0.80073 -0.54255 0.1033 -0.72797 -0.67779 0.04947 -0.63052 0.77459 -0.00949 -0.95046 0.31071 -0.11675 -0.9931 -0.01073 -0.01108 -0.99229 0.12341 0.06609 -0.77105 0.63333 0.16024 -0.45642 0.87522 -0.2847 -0.02003 0.95841 0.00011 -0.06476 0.9979 -0.03465 -0.05959 0.99762 -0.34871 -0.00918 0.93719 -1 -9e-05 0.00011 -1 -9e-05 0.00011 -1 -9e-05 0.00011 -1 -9e-05 0.00011 -1 -9e-05 0.00011 -1 -9e-05 0.00011 -1 -9e-05 0.00011 -1 -9e-05 0.00011 -1 -9e-05 0.00011 -1 -9e-05 0.00011 -1 -9e-05 0.00011 -1 -9e-05 0.00011 -1 -9e-05 0.00011 -1 -9e-05 0.00011 0.00011 -0.00297 1 0.00011 -0.00297 1 0.00011 -0.00297 1 0.00011 -0.00297 1 -9e-05 1 0.00297 -9e-05 1 0.00297 -9e-05 1 0.00297 -9e-05 1 0.00297 0.08846 0.01389 0.99598 0.00843 0.02587 0.99963 0.00011 0.0271 0.99963 0.07848 0.0154 0.9968 -0.15652 0.69987 0.69691 -0.13397 0.71452 0.68667 -0.18525 0.68025 0.70919 -0.1526 0.70247 0.69516 0.17505 0.98456 0.0019 0.14978 0.98854 0.01864 0.15724 0.98747 0.01371 0.13895 0.98996 0.02579 -0.23136 0.5771 -0.78322 -0.24308 0.57141 -0.78384 -0.22607 0.57964 -0.78289 -0.23974 0.57305 -0.78367 0.04517 0.01496 -0.99887 -0.00011 0.00618 -0.99998 0.00599 0.00737 -0.99995 0.04985 0.01586 -0.99863 -9e-05 1 0.00297 -9e-05 1 0.00297 -9e-05 1 0.00297 -9e-05 1 0.00297 -0.00014 0.58462 -0.81131 -0.00014 0.58462 -0.81131 -0.00014 0.58462 -0.81131 0.16219 -0.80236 0.57439 0.38833 -0.83336 0.39333 0.30282 -0.82965 0.46903 0.00014 -0.74235 0.67001 -0.0834 -0.8555 -0.51104 0.13995 -0.93056 -0.33833 0.03682 -0.90543 -0.4229 -0.18606 -0.79504 -0.57731 -0.26159 -0.04376 -0.96419 -0.00011 0.00017 -1 -0.03085 -0.005 -0.99951 -0.27894 -0.04668 -0.95917 9e-05 -1 -0.00297 9e-05 -1 -0.00297 9e-05 -1 -0.00297 9e-05 -1 -0.00297 0.00011 -0.00297 1 0.00011 -0.00297 1 0.00011 -0.00297 1 0.00011 -0.00297 1 -9e-05 1 0.00297 -9e-05 1 0.00297 -9e-05 1 0.00297 -9e-05 1 0.00297 -0.00011 0.00297 -1 -0.00011 0.00297 -1 -0.00011 0.00297 -1 -0.00011 0.00297 -1 -1 -9e-05 0.00011 -1 -9e-05 0.00011 -1 -9e-05 0.00011 -1 -9e-05 0.00011 9e-05 -1 -0.00297 9e-05 -1 -0.00297 9e-05 -1 -0.00297 9e-05 -1 -0.00297 -0.00011 0.00297 -1 -0.00011 0.00297 -1 -0.00011 0.00297 -1 -0.00011 0.00297 -1 -1 -9e-05 0.00011 -1 -9e-05 0.00011 -1 -9e-05 0.00011 -1 -9e-05 0.00011 0.00011 -0.00297 1 0.00011 -0.00297 1 0.00011 -0.00297 1 0.00011 -0.00297 1 0.00011 -0.00297 1 0.05887 -0.80325 0.59272 0.03426 -0.79643 0.60376 0.07216 -0.80668 0.58656 0.04533 -0.79958 0.59885 0.16238 -0.97491 -0.15225 0.01978 -0.99585 -0.08882 -0.03053 -0.99735 -0.06597 0.12168 -0.98343 -0.13435 -0.12274 0.11533 -0.98571 -0.08492 -0.69199 -0.7169 0.03946 -0.38288 -0.92295 -0.12463 0.82731 -0.54774 -0.01631 0.43258 -0.90145 0.1311 0.95591 -0.26278 -0.14054 -0.70683 -0.69328 0.00919 -0.51707 -0.85589 0.01207 -0.08858 -0.996 -0.0787 0.52557 -0.8471 -0.00326 0.92664 -0.37594 -0.03854 0.93822 0.34388 -0.21662 0.94116 0.2594 -0.25824 0.93642 0.23755 -0.1032 0.94352 0.31484 -1e-05 -0.71259 -0.70158 -2e-05 -0.70051 -0.71364 -2e-05 -0.67583 -0.73705 -2e-05 -0.66169 -0.74978 -2e-05 -0.6896 -0.72419 -3e-05 -0.65044 -0.75956 -3e-05 -0.63743 -0.77051 -2e-05 -0.67583 -0.73705 -0.12176 0.99198 0.03401 -0.02061 0.51104 -0.85931 0.03241 0.83219 0.55355 0.08129 0.78823 -0.60999 0.16731 0.5786 0.79827 -0.04108 0.50194 -0.86393 -0.00057 0.72271 -0.69115 0.12765 0.96247 -0.2395 -0.06226 0.92364 0.37817 0.07799 0.64574 0.75956 -0.09763 0.09413 0.99076 0.0001 0.08084 0.99673 -0.00927 0.08215 0.99658 -0.10476 0.09507 0.98994 0.12877 -0.95886 -0.253 -0.08811 -0.99039 -0.10661 -0.00655 -0.9866 -0.16303 -0.21726 -0.97602 -0.01381 0.32352 -0.76975 0.55029 0.25064 -0.76074 0.59871 0.22326 -0.75592 0.61541 0.27592 -0.7645 0.58259 -0.23297 -0.27521 -0.93273 -0.11361 -0.16853 -0.97913 -0.15578 -0.20643 -0.96598 -0.0001 -0.06541 -0.99786 -0.27811 0.91934 -0.27833 -0.00011 0.98258 -0.18585 -0.13347 0.90764 -0.39797 -0.05578 0.97839 -0.1991 -0.23603 0.91357 -0.33117 -0.09839 -0.88552 0.45406 -0.06189 -0.89475 0.44226 -0.07604 -0.89134 0.44691 -0.1097 -0.88237 0.45758 0.2797 -0.95633 -0.0849 0.11087 -0.98326 -0.14458 0.36046 -0.9312 -0.05411 0.15637 -0.97923 -0.12909 0.3305 -0.26132 -0.90691 0.24154 -0.21664 -0.9459 0.29411 -0.24318 -0.92432 0.16632 -0.17804 -0.96987 -0.03395 0.47242 -0.88072 0.11384 0.58191 -0.80525 -0.11877 0.40064 -0.90851 0.0284 0.52103 -0.85307 9e-05 -1 -0.00297 9e-05 -1 -0.00297 9e-05 -1 -0.00297 9e-05 -1 -0.00297 -1 -9e-05 0.00011 -1 -9e-05 0.00011 -1 -9e-05 0.00011 -1 -9e-05 0.00011 -1 -9e-05 0.00011 -1 -9e-05 0.00011 -1 -9e-05 0.00011 -1 -9e-05 0.00011 -1 -9e-05 0.00011 -1 -9e-05 0.00011 -1 -9e-05 0.00011 -1 -9e-05 0.00011 -1 -9e-05 0.00011 0.18934 0.82439 -0.53341 0.05485 0.86501 -0.49874 0.25495 0.79768 -0.54654 0.09849 0.85385 -0.51111 -0.23415 0.94912 0.2106 -0.30154 0.93621 0.18049 -0.27228 0.9425 0.19378 -0.21939 0.95121 0.21697 0.19985 0.58617 0.78515 0.00011 0.01303 0.99992 0.04386 0.28203 0.9584 0.00131 0.01286 0.99992 -0.00285 0.2263 0.97405 0.13348 0.549 0.8251 0.07873 0.0095 0.99685 0.03664 0.0472 0.99821 0.04464 0.04006 0.9982 0.0001 0.07972 0.99682 -9e-05 1 0.00297 -9e-05 1 0.00297 -9e-05 1 0.00297 -9e-05 1 0.00297 -0.00011 0.00297 -1 -0.00011 0.00297 -1 -0.00011 0.00297 -1 -0.00011 0.00297 -1 9e-05 -1 -0.00297 9e-05 -1 -0.00297 9e-05 -1 -0.00297 9e-05 -1 -0.00297 0.00011 -0.03212 0.99948 0.00011 -0.03212 0.99948 0.00011 -0.03212 0.99948 0.00011 -0.03212 0.99948 -0.13042 -0.0296 -0.99102 -0.0001 -0.04867 -0.99881 -0.01353 -0.04674 -0.99882 -0.14666 -0.02716 -0.98881 -0.10781 -0.89484 -0.43318 0.04802 -0.83412 -0.54949 0.14149 -0.78051 -0.60892 -0.01359 -0.86238 -0.50607 0.1205 -0.95517 0.27044 0.39031 -0.8348 0.38829 0.45706 -0.7874 0.41364 0.26253 -0.9048 0.33528 -0.04492 0.54687 -0.83601 0.03231 0.58119 -0.81312 -0.07389 0.53287 -0.84296 0.00089 0.56776 -0.8232 0.03773 0.98316 -0.17882 -0.04222 0.9865 -0.15821 -0.02538 0.98636 -0.16265 0.05565 0.98149 -0.18327 -0.07432 0.8627 0.50023 0.04559 0.88687 0.45977 -0.03096 0.87312 0.48652 0.0878 0.89189 0.44365 -0.08131 0.09017 0.9926 -0.06848 0.09192 0.99341 -0.06977 0.09175 0.99333 -0.08267 0.08998 0.99251 0.23202 -0.88694 -0.39937 0.01907 -0.96331 -0.26771 0.1006 -0.94199 -0.32021 -0.11855 -0.97769 -0.1734 -0.0153 -0.91149 -0.41103 -0.10157 -0.93299 -0.34528 -0.05093 -0.92172 -0.3845 0.04372 -0.89042 -0.45304 0.09887 -0.98046 0.17005 0.02897 -0.9902 0.13664 0.06172 -0.98639 0.15239 0.0001 -0.99245 0.12262 -0.03948 -0.53473 0.8441 -0.01467 -0.54896 0.83572 -0.02567 -0.54271 0.83953 0.00014 -0.55723 0.83036 -0.04444 -0.21195 -0.97627 -0.01635 -0.19427 -0.98081 -0.02911 -0.20233 -0.97888 -9e-05 -0.18395 -0.98294 -0.33097 0.90845 -0.25529 -0.00011 0.98258 -0.18585 -0.06044 0.97789 -0.20018 -0.36338 0.89439 -0.26081 0.24338 -0.91079 0.33351 -0.00053 -0.88599 0.46371 0.17809 -0.91101 0.37195 -0.10727 -0.85375 0.50951 -0.32973 -0.93482 -0.13185 -0.03261 -0.9611 -0.27426 -0.38505 -0.91729 -0.10153 -0.1374 -0.96399 -0.22769 -0.15171 -0.51939 -0.84096 -0.02529 -0.46779 -0.88348 0.03482 -0.44 -0.89732 -0.08077 -0.49159 -0.86707 -0.2091 0.14691 -0.9668 0.02912 0.25788 -0.96574 0.15422 0.30937 -0.93835 -0.07902 0.20962 -0.97458 0.00013 -0.36725 0.93012 0.00013 -0.36725 0.93012 0.00013 -0.36725 0.93012 0.00013 -0.36725 0.93012 -1 -9e-05 0.00011 -1 -9e-05 0.00011 -1 -9e-05 0.00011 -1 -9e-05 0.00011 -1 -9e-05 0.00011 -1 -9e-05 0.00011 -1 -9e-05 0.00011 -9e-05 1 0.00297 -9e-05 1 0.00297 -9e-05 1 0.00297 -9e-05 1 0.00297 -0.00013 0.34593 -0.93826 -0.00013 0.34593 -0.93826 -0.00013 0.34593 -0.93826 -0.00013 0.34593 -0.93826 7e-05 0.33646 0.9417 7e-05 0.33646 0.9417 7e-05 0.33646 0.9417 7e-05 0.33646 0.9417 9e-05 -1 -0.00297 9e-05 -1 -0.00297 9e-05 -1 -0.00297 9e-05 -1 -0.00297 -0.00666 -0.99998 -0.00194 -0.06922 -0.99757 0.00769 -0.06249 -0.99802 0.00666 9e-05 -1 -0.00297 0.07179 -0.52187 0.85 0.29319 -0.60485 0.7404 -0.03046 -0.47248 0.88081 0.22609 -0.58334 0.78012 0.19739 -0.97293 0.12018 -0.08692 -0.9298 0.35766 -0.2016 -0.87413 0.44188 0.08837 -0.97237 0.21608 -0.3309 -0.90308 -0.27378 -0.03841 -0.90861 -0.41588 -0.38378 -0.89094 -0.24276 -0.14285 -0.91779 -0.37047 0.03316 -0.5062 -0.86178 -0.29649 -0.34448 -0.89075 -0.07686 -0.45975 -0.88472 -0.36046 -0.30473 -0.8816 0.02747 0.4177 -0.90817 -0.11986 0.79663 -0.59246 0.0657 0.83099 0.55239 0.33682 0.09555 -0.93671 0.08187 0.60122 0.79488 0.05215 0.98601 -0.15832 0.28098 0.12142 -0.952 0.0075 0.76911 0.63907 0.19148 0.96351 0.18705 -0.05843 0.95217 -0.29992 -0.066 0.53932 -0.83951 -0.38545 0.2726 0.88154 0.0001 0.1332 0.99109 -0.11968 0.17913 0.97652 -0.44573 0.29195 0.84622 0.01883 0.99367 0.11076 -0.42751 0.77467 -0.46597 -0.02809 0.93603 -0.35079 -0.50741 0.78888 -0.34671 0.09249 0.97401 0.20676 0.04834 0.99574 -0.07858 -0.23968 0.80865 -0.53726 -0.33259 0.54816 0.7674 -0.04699 0.49413 0.86812 0.02875 0.47223 0.88101 -0.27713 0.54141 0.79377 9e-05 -1 -0.00297 9e-05 -1 -0.00297 9e-05 -1 -0.00297 9e-05 -1 -0.00297 -1 -9e-05 0.00011 -1 -9e-05 0.00011 -1 -9e-05 0.00011 -1 -9e-05 0.00011 -1 -9e-05 0.00011 -1 -9e-05 0.00011 -1 -9e-05 0.00011 -1 -9e-05 0.00011 -1 -9e-05 0.00011 -1 -9e-05 0.00011 -1 -9e-05 0.00011 -1 -9e-05 0.00011 -1 -9e-05 0.00011 -1 -9e-05 0.00011 -1 -9e-05 0.00011 -1 -9e-05 0.00011 -1 -9e-05 0.00011 -1 -9e-05 0.00011 -1 -9e-05 0.00011 -1 -9e-05 0.00011 -1 -9e-05 0.00011 -1 -9e-05 0.00011 -1 -9e-05 0.00011 -1 -9e-05 0.00011 0.00014 -0.55528 0.83166 0.00014 -0.54066 0.84124 0.00014 -0.54799 0.83648 0.00014 -0.54066 0.84124 0.00014 -0.55528 0.83166 0.00014 -0.54799 0.83648 -0.33168 0.82143 -0.46394 -0.00014 0.72873 -0.6848 -0.42244 0.82257 -0.3807 -0.17765 0.79406 -0.5813 -0.07679 0.90354 0.42157 -0.20832 0.85139 0.48139 -0.14645 0.87868 0.45439 -0.25129 0.82943 0.49889 0.00011 0.0168 0.99986 0.07679 0.47726 0.8754 -0.08507 0.19433 0.97724 -0.01577 0.01902 0.99969 -0.05162 0.26827 0.96196 0.49128 0.82851 -0.26871 0.45627 0.84019 -0.29309 0.48223 0.83172 -0.27513 0.44075 0.84475 -0.30353 -0.06162 0.94976 0.30685 -0.01953 0.70021 0.71367 5e-05 0.52745 0.84959 -0.05535 0.57226 0.8182 -0.14694 0.97548 0.16386 -0.07191 0.85324 0.51654 -0.04967 0.08229 0.99537 -0.03245 0.0539 0.99802 -0.02452 0.04081 0.99887 0.00011 0.0002 1 -9e-05 1 0.00297 -9e-05 1 0.00297 -9e-05 1 0.00297 -9e-05 1 0.00297 -0.00011 0.00297 -1 -0.00011 0.00297 -1 -0.00011 0.00297 -1 -0.00011 0.00297 -1 9e-05 -1 -0.00297 9e-05 -1 -0.00297 9e-05 -1 -0.00297 9e-05 -1 -0.00297 0.25177 -0.22641 -0.94093 -0.01327 0.00037 -0.99991 -0.01533 -0.06667 -0.99766 -0.00011 0.00297 -1 0.3572 -0.28502 -0.88948 -0.29399 -0.85524 0.42677 -0.1549 -0.83554 0.52714 -0.23197 -0.84947 0.4739 -0.0548 -0.80696 0.58806 0.05071 -0.06471 0.99661 0.00011 -0.05713 0.99837 0.00544 -0.05794 0.99831 0.05565 -0.06544 0.9963 9e-05 -1 -0.00297 9e-05 -1 -0.00297 9e-05 -1 -0.00297 9e-05 -1 -0.00297 -0.18397 -0.04211 -0.98203 -0.01784 -0.01742 -0.99969 -0.00011 -0.01476 -0.99989 -0.17021 -0.04008 -0.98459 0.1308 -0.82945 -0.54305 3e-05 -0.8924 -0.45125 0.20324 -0.7829 -0.58801 0.09279 -0.85048 -0.51776 -0.14548 -0.88299 0.44628 -0.04377 -0.91397 0.40342 0.00012 -0.9236 0.38337 -0.10822 -0.89576 0.43117 -0.01149 -0.19094 0.98153 0.00011 -0.0516 0.99867 0.09204 -0.26831 0.95893 -0.03059 -0.04694 0.99843 -0.23564 -0.05317 0.97038 -1 -9e-05 0.00011 -1 -9e-05 0.00011 -1 -9e-05 0.00011 -1 -9e-05 0.00011 -1 -9e-05 0.00011 -1 -9e-05 0.00011 -1 -9e-05 0.00011 -1 -9e-05 0.00011 -1 -9e-05 0.00011 -1 -9e-05 0.00011 0.29208 0.73781 -0.60854 0.16812 0.70892 -0.68496 0.23998 0.72748 -0.64279 0.07741 0.67876 -0.73027 -0.1932 0.96662 0.16829 -5e-05 0.95718 0.28949 -0.09412 0.96806 0.23236 -0.25858 0.95804 0.1237 0.13719 0.00867 0.99051 0.06679 0.07631 0.99484 0.08038 0.06335 0.99475 0.0001 0.13916 0.99027 -9e-05 1 0.00297 -9e-05 1 0.00297 -9e-05 1 0.00297 -9e-05 1 0.00297 -0.00011 0.00297 -1 -0.00011 0.00297 -1 -0.00011 0.00297 -1 -0.00011 0.00297 -1 9e-05 -1 -0.00297 9e-05 -1 -0.00297 9e-05 -1 -0.00297 9e-05 -1 -0.00297 -0.36561 -0.08203 0.92715 -0.04375 -0.0263 0.9987 0.00011 -0.01855 0.99983 -0.34079 -0.07781 0.93691 9e-05 -1 -0.00297 9e-05 -1 -0.00297 9e-05 -1 -0.00297 9e-05 -1 -0.00297 -1 -9e-05 0.00011 -1 -9e-05 0.00011 -1 -9e-05 0.00011 -1 -9e-05 0.00011 -1 -9e-05 0.00011 -1 -9e-05 0.00011 -1 -9e-05 0.00011 -1 -9e-05 0.00011 -1 -9e-05 0.00011 -1 -9e-05 0.00011 -1 -9e-05 0.00011 -1 -9e-05 0.00011 -1 -9e-05 0.00011 -1 -9e-05 0.00011 -1 -9e-05 0.00011 0.00014 -0.74282 0.66949 0.00014 -0.74282 0.66949 0.00014 -0.74282 0.66949 0.00014 -0.74282 0.66949 -0.00011 0.96386 -0.26641 -0.00011 0.96386 -0.26641 -0.00011 0.96386 -0.26641 -0.00011 0.96386 -0.26641 0.20818 0.86441 0.45767 0.08196 0.9194 0.38469 0.15167 0.89191 0.42602 -5e-05 0.94294 0.33297 -0.10917 0.51782 0.8485 -0.27889 0.39682 0.8745 4e-05 0.58225 0.81301 -0.10453 0.52076 0.84728 0.00011 0.02383 0.99972 0.00011 0.02383 0.99972 0.00011 0.02383 0.99972 0.00011 0.02383 0.99972 0.0001 0.06258 0.99804 0.0001 0.06258 0.99804 0.0001 0.06258 0.99804 0.0001 0.06258 0.99804 -9e-05 1 0.00297 -9e-05 1 0.00297 -9e-05 1 0.00297 -9e-05 1 0.00297 -0.00011 0.00297 -1 -0.00011 0.00297 -1 -0.00011 0.00297 -1 -0.00011 0.00297 -1 9e-05 -1 -0.00297 9e-05 -1 -0.00297 9e-05 -1 -0.00297 9e-05 -1 -0.00297 -0.21559 -0.97189 -0.09456 -0.13486 -0.97585 -0.17185 -0.16143 -0.9759 -0.14684 -0.04646 -0.96653 -0.25231 0.11111 -0.75482 0.64645 0.29014 -0.78857 0.54219 0.34126 -0.79193 0.50635 0.20214 -0.77606 0.59739 -0.07647 -0.03779 0.99636 0.00011 -0.04981 0.99876 -0.0084 -0.04849 0.99879 -0.08636 -0.03622 0.99561 0.06514 -0.47443 -0.87788 0.01914 -0.26781 -0.96328 -0.00011 -0.00492 -0.99999 -0.00157 -0.00468 -0.99999 0.00941 -0.24103 -0.97047 0.05281 -0.48222 -0.87446 -1 -9e-05 0.00011 -1 -9e-05 0.00011 -1 -9e-05 0.00011 -1 -9e-05 0.00011 -1 -9e-05 0.00011 -1 -9e-05 0.00011 -1 -9e-05 0.00011 -1 -9e-05 0.00011 -1 -9e-05 0.00011 -1 -9e-05 0.00011 -1 -9e-05 0.00011 -1 -9e-05 0.00011 -1 -9e-05 0.00011 -1 -9e-05 0.00011 -1 -9e-05 0.00011 -1 -9e-05 0.00011 -1 -9e-05 0.00011 -1 -9e-05 0.00011 -1 -9e-05 0.00011 -1 -9e-05 0.00011 -0.14138 0.95856 0.24735 -0.05 0.95132 0.30413 -0.09208 0.95602 0.27847 -5e-05 0.94274 0.33353 0.06937 -0.54361 -0.83646 -0.00904 -0.57109 -0.82084 -0.03698 -0.5799 -0.81385 0.04049 -0.55421 -0.83139 0.14558 -0.96398 -0.22261 -0.04172 -0.93162 -0.36104 0.21209 -0.96254 -0.16891 0.05457 -0.95481 -0.29218 -0.18407 -0.38596 0.90396 0.21769 -0.21607 0.9518 0.29093 -0.17826 0.93999 -0.09255 -0.35268 0.93116 -0.2635 0.49581 -0.82749 -0.09913 0.41307 -0.90529 -0.20454 0.46782 -0.85983 -0.00013 0.35643 -0.93432 0.09675 -0.969 0.22732 -0.12047 -0.92648 0.35655 0.00021 -0.9579 0.28709 0.21329 -0.9654 0.15005 -0.10649 -0.98698 -0.12052 -0.02811 -0.97294 0.22935 -0.10852 -0.89338 0.43599 -0.0201 -0.99089 0.13317 -0.14178 -0.98096 -0.13272 0.23268 -0.73217 -0.64015 0.26691 -0.71751 -0.64338 0.25962 -0.72073 -0.64276 0.21659 -0.73866 -0.63833 0.19412 0.675 -0.71182 0.42993 0.55043 -0.71568 0.08727 0.71426 -0.69442 0.38574 0.57818 -0.71897 -0.08947 0.98631 -0.13849 0.11002 0.98992 -0.08916 -0.11905 0.98219 -0.14538 0.08029 0.99206 -0.09682 -0.08847 0.8602 0.50223 0.03002 0.8861 0.46253 0.07831 0.89253 0.44413 -0.03847 0.87288 0.48642 -0.07079 0.51414 0.85478 -0.05156 0.50816 0.85972 -0.0758 0.51566 0.85343 -0.05832 0.51028 0.85803 -9e-05 1 0.00297 -9e-05 1 0.00297 -9e-05 1 0.00297 -9e-05 1 0.00297 0.00011 -0.00297 1 0.00011 -0.00297 1 0.00011 -0.00297 1 0.00011 -0.00297 1 -0.00011 0.00297 -1 -0.00011 0.00297 -1 -0.00011 0.00297 -1 -0.00011 0.00297 -1 9e-05 -1 -0.00297 9e-05 -1 -0.00297 9e-05 -1 -0.00297 9e-05 -1 -0.00297 -0.00011 0.00297 -1 -0.00011 0.00297 -1 -0.00011 0.00297 -1 -0.00011 0.00297 -1 9e-05 -1 -0.00297 9e-05 -1 -0.00297 9e-05 -1 -0.00297 9e-05 -1 -0.00297 0.00011 -0.00297 1 0.00011 -0.00297 1 0.00011 -0.00297 1 0.00011 -0.00297 1 9e-05 -1 -0.00297 9e-05 -1 -0.00297 9e-05 -1 -0.00297 9e-05 -1 -0.00297 -1 -9e-05 0.00011 -1 -9e-05 0.00011 -1 -9e-05 0.00011 -1 -9e-05 0.00011 -1 -9e-05 0.00011 -1 -9e-05 0.00011 -1 -9e-05 0.00011 0.00011 -0.00297 1 0.00011 -0.00297 1 0.00011 -0.00297 1 0.00011 -0.00297 1 0.21562 0.77263 -0.59712 0.12679 0.87325 -0.47049 0.19632 0.77285 -0.60345 -0.00012 0.91988 -0.39219 0.23905 0.80768 -0.53899 -0.00011 0.00297 -1 -0.00011 0.00297 -1 -0.00011 0.00297 -1 -0.00011 0.00297 -1 -0.01774 -0.86145 0.50754 -0.00308 -0.85941 0.51127 0.00013 -0.85894 0.51208 -0.01435 -0.861 0.50841 -0.06147 -0.00357 -0.9981 -0.00426 0.00253 -0.99999 -0.00011 0.00297 -1 -0.05718 -0.00312 -0.99836 0.35905 0.26079 -0.89614 0.42243 0.22977 -0.87679 0.40929 0.23639 -0.88125 0.32052 0.27855 -0.90536 -0.07385 0.80112 -0.59392 0.10899 0.87395 -0.47364 -0.14782 0.7589 -0.63421 0.02987 0.84792 -0.52929 0.07947 0.99286 0.08896 -0.15409 0.98805 0.00389 0.02494 0.99727 0.06943 -0.19916 0.97988 -0.01296 0.06484 -0.05418 0.99642 -0.0071 0.78624 0.61788 0.01736 0.53391 0.84536 -0.00864 0.12588 0.99201 -0.05511 0.80232 0.59435 0.01275 0.6528 0.75742 0.03946 -0.04494 0.99821 -0.02606 0.2256 0.97387 -0.15232 -0.66898 0.72751 -0.22647 -0.67506 0.70214 -0.17129 -0.67092 0.72147 -0.23834 -0.67565 0.69763 0.26281 -0.96376 -0.0458 0.42675 -0.89827 -0.10484 0.18203 -0.98314 -0.01729 0.39435 -0.91424 -0.09304 -1 -9e-05 0.00011 -1 -9e-05 0.00011 -1 -9e-05 0.00011 -1 -9e-05 0.00011 -1 -9e-05 0.00011 -1 -9e-05 0.00011 -1 -9e-05 0.00011 -1 -9e-05 0.00011 -1 -9e-05 0.00011 -1 -9e-05 0.00011 -1 -9e-05 0.00011 -1 -9e-05 0.00011 -1 -9e-05 0.00011 -1 -9e-05 0.00011 -1 -9e-05 0.00011 -1 -9e-05 0.00011 -1 -9e-05 0.00011 -1 -9e-05 0.00011 -1 -9e-05 0.00011 -1 -9e-05 0.00011 -1 -9e-05 0.00011 -1 -9e-05 0.00011 -1 -9e-05 0.00011 -0.27467 0.9574 -0.08916 -0.07806 0.97938 -0.18631 -0.00011 0.97508 -0.22186 -0.14964 0.97695 -0.15221 0.13745 0.79967 -0.58449 0.03345 0.14983 -0.98815 0.05027 0.53306 -0.84458 0.05381 0.74605 -0.66371 0.01246 0.36399 -0.93132 -0.00012 0.13089 -0.9914 -0.12242 0.74751 0.65287 0 0.80156 0.59791 -0.06384 0.77548 0.62814 -0.17686 0.71798 0.67322 0.07236 -0.98156 0.17695 0.00011 -0.98078 0.19514 0.01396 -0.98135 0.19174 0.08892 -0.98097 0.17262 -0.03474 -0.46053 0.88696 0.14508 -0.32696 0.93384 -0.13984 -0.52798 0.83767 0.04077 -0.40724 0.91241 -1 -9e-05 0.00011 -1 -9e-05 0.00011 -1 -9e-05 0.00011 -1 -9e-05 0.00011 -1 -9e-05 0.00011 -1 -9e-05 0.00011 -1 -9e-05 0.00011 -1 -9e-05 0.00011 -1 -9e-05 0.00011 -1 -9e-05 0.00011 -1 -9e-05 0.00011 -1 -9e-05 0.00011 -1 -9e-05 0.00011 -1 -9e-05 0.00011 -1 -9e-05 0.00011 -1 -9e-05 0.00011 -1 -9e-05 0.00011 -1 -9e-05 0.00011 -1 -9e-05 0.00011 -1 -9e-05 0.00011 -1 -9e-05 0.00011 -1 -9e-05 0.00011 -1 -9e-05 0.00011 -1 -9e-05 0.00011 -1 -9e-05 0.00011 -1 -9e-05 0.00011 -1 -9e-05 0.00011 -1 -9e-05 0.00011 0.1409 0.21037 -0.96742 -0.05331 0.2944 -0.95419 -0.11192 0.31735 -0.94168 0.08498 0.23583 -0.96807 -0.29024 -0.94035 0.1775 -0.19523 -0.95889 0.20594 -0.30689 -0.93603 0.17224 -0.2222 -0.95466 0.19814 0.18621 -0.67037 0.71828 0.1027 -0.58989 0.80092 0.09909 -0.58618 0.8041 -0.01478 -0.46053 0.88752 -0.12186 0.4341 0.89258 0.02199 0.33271 0.94277 -0.1975 0.48261 0.85328 -0.07037 0.39916 0.91418 -1 -9e-05 0.00011 -1 -9e-05 0.00011 -1 -9e-05 0.00011 -1 -9e-05 0.00011 -1 -9e-05 0.00011 -1 -9e-05 0.00011 -1 -9e-05 0.00011 -1 -9e-05 0.00011 -1 -9e-05 0.00011 -1 -9e-05 0.00011 -1 -9e-05 0.00011 -1 -9e-05 0.00011 -1 -9e-05 0.00011 -1 -9e-05 0.00011 -1 -9e-05 0.00011 -1 -9e-05 0.00011 -1 -9e-05 0.00011 -1 -9e-05 0.00011 -1 -9e-05 0.00011 -1 -9e-05 0.00011 -1 -9e-05 0.00011 -1 -9e-05 0.00011 -1 -9e-05 0.00011 -1 -9e-05 0.00011 -1 -9e-05 0.00011 -1 -9e-05 0.00011 -1 -9e-05 0.00011 -0.36785 -0.10178 0.9243 -0.08996 -0.20904 0.97376 -0.40657 -0.08493 0.90966 -0.17193 -0.17972 0.96858 0.35974 0.40677 0.83972 0.25654 0.48756 0.83455 0.31316 0.44471 0.83915 0.14909 0.55986 0.81506 -0.11283 0.98648 0.11889 0.12466 0.99218 -0.00584 -0.19108 0.96861 0.15902 0.03886 0.99845 0.03972 -0.07193 0.57979 -0.81159 0.04517 0.53206 -0.8455 -0.11216 0.59399 -0.79662 0.00189 0.5508 -0.83463 0.19621 -0.13152 -0.9717 0.00975 -0.07148 -0.99739 -0.03445 -0.05686 -0.99779 0.16164 -0.12059 -0.97945 -0.01255 -0.68629 -0.72722 -0.00924 -0.93129 -0.36416 -0.11741 -0.59773 -0.79305 -0.01126 -0.84697 -0.53153 -0.13747 -0.97655 -0.16567 0.20169 -0.8759 0.43832 0.33928 -0.87915 0.33465 0.27861 -0.88093 0.38254 0.09252 -0.85591 0.50878 -1 -9e-05 0.00011 -1 -9e-05 0.00011 -1 -9e-05 0.00011 -1 -9e-05 0.00011 -1 -9e-05 0.00011 -1 -9e-05 0.00011 -1 -9e-05 0.00011 -1 -9e-05 0.00011 -1 -9e-05 0.00011 -1 -9e-05 0.00011 -1 -9e-05 0.00011 -1 -9e-05 0.00011 -1 -9e-05 0.00011 -1 -9e-05 0.00011 -1 -9e-05 0.00011 -1 -9e-05 0.00011 -1 -9e-05 0.00011 -1 -9e-05 0.00011 -1 -9e-05 0.00011 -1 -9e-05 0.00011 -1 -9e-05 0.00011 -1 -9e-05 0.00011 -1 -9e-05 0.00011 -1 -9e-05 0.00011 -1 -9e-05 0.00011 -0.16013 -0.01385 0.987 -0.26293 -0.04006 0.96398 -0.27689 -0.04364 0.95991 -0.1837 -0.01983 0.98278 0.13142 0.73232 0.66816 -0.00516 0.78704 0.61688 0.08082 0.75483 0.65092 -0.06158 0.80409 0.59131 -0.0778 0.99239 -0.09545 0.03599 0.99935 -0.00259 -0.03239 0.99776 -0.05848 -0.13415 0.98085 -0.14118 0.38628 -0.13291 -0.91275 0.30713 -0.16911 -0.93652 0.33225 -0.1579 -0.92988 0.45882 -0.09739 -0.88317 0.12903 -0.96843 -0.21328 0.24198 -0.91332 -0.32756 0.16313 -0.95492 -0.24803 8e-05 -0.99679 -0.08004 0.07363 -0.85333 0.51614 0.22795 -0.78651 0.57397 0.17432 -0.81294 0.55564 0.00013 -0.87548 0.48326 -1 -9e-05 0.00011 -1 -9e-05 0.00011 -1 -9e-05 0.00011 -1 -9e-05 0.00011 -1 -9e-05 0.00011 -1 -9e-05 0.00011 -1 -9e-05 0.00011 -1 -9e-05 0.00011 -1 -9e-05 0.00011 -1 -9e-05 0.00011 -1 -9e-05 0.00011 -1 -9e-05 0.00011 -1 -9e-05 0.00011 -1 -9e-05 0.00011 -1 -9e-05 0.00011 -1 -9e-05 0.00011 -1 -9e-05 0.00011 -1 -9e-05 0.00011 -1 -9e-05 0.00011 -1 -9e-05 0.00011 -1 -9e-05 0.00011 -1 -9e-05 0.00011 -0.00011 0.00016 -1 -0.00011 0.00016 -1 -0.00011 0.00016 -1 -0.00011 0.00016 -1 -9e-05 1 0.00297 -9e-05 1 0.00297 -9e-05 1 0.00297 -9e-05 1 0.00297 0.00014 -0.57074 0.82113 0.00014 -0.57074 0.82113 0.00014 -0.57074 0.82113 0.00014 -0.57074 0.82113 -1 -9e-05 0.00011 -1 -9e-05 0.00011 -1 -9e-05 0.00011 -1 -9e-05 0.00011 -1 -9e-05 0.00011 -1 -9e-05 0.00011 -1 -9e-05 0.00011 -1 -9e-05 0.00011 -1 -9e-05 0.00011 -1 -9e-05 0.00011 -1 -9e-05 0.00011 -1 -9e-05 0.00011 -1 -9e-05 0.00011 -1 -9e-05 0.00011 -0.00011 0.00016 -1 -0.00011 0.00016 -1 -0.00011 0.00016 -1 -0.00011 0.00016 -1 -9e-05 1 0.00297 -9e-05 1 0.00297 -9e-05 1 0.00297 -9e-05 1 0.00297 0.00014 -0.57074 0.82113 0.00014 -0.57074 0.82113 0.00014 -0.57074 0.82113 0.00014 -0.57074 0.82113 -1 -9e-05 0.00011 -1 -9e-05 0.00011 -1 -9e-05 0.00011 -1 -9e-05 0.00011 -1 -9e-05 0.00011 -1 -9e-05 0.00011 -1 -9e-05 0.00011 -1 -9e-05 0.00011 -1 -9e-05 0.00011 -1 -9e-05 0.00011 -1 -9e-05 0.00011 -1 -9e-05 0.00011 -1 -9e-05 0.00011 -1 -9e-05 0.00011 -1 -9e-05 0.00011 -1 -9e-05 0.00011 -1 -9e-05 0.00011 -1 -9e-05 0.00011 -1 -9e-05 0.00011 -8e-05 -0.26275 -0.96486 -0.27443 -0.45234 -0.84857 -0.16786 -0.38271 -0.90849 -0.36841 -0.50892 -0.77799 -8e-05 0.99942 0.03411 -8e-05 0.99942 0.03411 -8e-05 0.99942 0.03411 -8e-05 0.99942 0.03411 0.09627 -0.91174 0.39932 0.01828 -0.9976 0.06683 -0.11934 -0.98822 -0.09585 0.07751 -0.9694 0.23293 0.00013 -0.88205 0.47116 0.00014 -0.44839 0.89384 0.00014 -0.44839 0.89384 0.00014 -0.44839 0.89384 0.00014 -0.44839 0.89384 -1 -9e-05 0.00011 -1 -9e-05 0.00011 -1 -9e-05 0.00011 -1 -9e-05 0.00011 -1 -9e-05 0.00011 -1 0.00112 -0.00147 -1 -9e-05 0.00011 -1 -0.00136 0.00044 -1 -9e-05 0.00011 -1 -9e-05 0.00011 -1 -9e-05 0.00011 -1 -9e-05 0.00011 -1 -9e-05 0.00011 -1 -9e-05 0.00011 -1 -9e-05 0.00011 -1 -9e-05 0.00011 -1 -9e-05 0.00011 -1 -9e-05 0.00011 -1 0.00027 -0.00036 -1 -0.00127 0.0005 -1 -9e-05 0.00011 -1 -0.00021 0.00019 -1 -9e-05 0.00011 -1 -9e-05 0.00011 -1 -9e-05 0.00011 -1 -9e-05 0.00011 -1 -9e-05 0.00011 -1 -9e-05 0.00011 -1 -9e-05 0.00011 -1 -9e-05 0.00011 -1 -9e-05 0.00011 -1 -9e-05 0.00011 -1 -9e-05 0.00011 -1 -9e-05 0.00011 -1 -9e-05 0.00011 -1 -9e-05 0.00011 -1 -9e-05 0.00011 -1 -9e-05 0.00011 -1 -9e-05 0.00011 -1 -9e-05 0.00011 -1 -9e-05 0.00011 -1 -9e-05 0.00011 -1 -9e-05 0.00011 -1 -9e-05 0.00011 -1 -9e-05 0.00011 -1 -9e-05 0.00011 -1 -9e-05 0.00011 -1 -9e-05 0.00011 -1 -9e-05 0.00011 -1 -9e-05 0.00011 -1 -9e-05 0.00011 -1 -9e-05 0.00011 -1 -9e-05 0.00011 -1 -9e-05 0.00011 -1 -9e-05 0.00011 -1 -9e-05 0.00011 -1 -9e-05 0.00011 -1 -9e-05 0.00011 -1 -9e-05 0.00011 -1 -9e-05 0.00011 -1 -9e-05 0.00011 -1 -9e-05 0.00011 -1 -9e-05 0.00011 -1 -9e-05 0.00011 -1 -9e-05 0.00011 -1 -9e-05 0.00011 -1 -9e-05 0.00011 -1 -9e-05 0.00011 -1 -9e-05 0.00011 -1 -9e-05 0.00011 -1 -9e-05 0.00011 -1 -9e-05 0.00011 -1 -9e-05 0.00011 -1 -9e-05 0.00011 -1 -9e-05 0.00011 -1 -9e-05 0.00011 -1 -9e-05 0.00011 -1 -9e-05 0.00011 -1 -9e-05 0.00011 -1 -9e-05 0.00011 -1 -9e-05 0.00011 -1 -9e-05 0.00011 -1 -9e-05 0.00011 -1 -9e-05 0.00011 -1 -9e-05 0.00011 -1 -9e-05 0.00011 -1 -9e-05 0.00011 -1 -9e-05 0.00011 -1 -9e-05 0.00011 -1 -9e-05 0.00011 -1 -9e-05 0.00011 -1 -9e-05 0.00011 -1 -9e-05 0.00011 -1 -9e-05 0.00011 -1 -9e-05 0.00011 -1 -9e-05 0.00011 -1 -9e-05 0.00011 -1 -9e-05 0.00011 -1 -9e-05 0.00011 -1 -9e-05 0.00011 -1 -9e-05 0.00011 -1 -9e-05 0.00011 -1 -9e-05 0.00011 -1 -9e-05 0.00011 -1 -9e-05 0.00011 -1 -9e-05 0.00011 -1 -9e-05 0.00011 -1 -9e-05 0.00011 -1 -9e-05 0.00011 -1 -9e-05 0.00011 -1 -9e-05 0.00011 -1 -9e-05 0.00011 -1 -9e-05 0.00011 -1 -9e-05 0.00011 -1 -9e-05 0.00011 -1 -9e-05 0.00011 -1 -9e-05 0.00011 -1 -9e-05 0.00011 -1 -9e-05 0.00011 -1 -9e-05 0.00011 -1 -9e-05 0.00011 -1 0.00034 -0.00045 -1 -9e-05 0.00011 -1 -9e-05 0.00011 -1 -9e-05 0.00011 -1 -9e-05 0.00011 -1 -9e-05 0.00011 -1 -9e-05 0.00011 -1 -9e-05 0.00011 -1 -9e-05 0.00011 -1 -9e-05 0.00011 -1 -9e-05 0.00011 -1 -9e-05 0.00011 -1 -9e-05 0.00011 -1 -9e-05 0.00011 -1 -9e-05 0.00011 -1 -9e-05 0.00011 -1 -9e-05 0.00011 -1 -9e-05 0.00011 -1 -9e-05 0.00011 -1 -9e-05 0.00011 -1 -9e-05 0.00011 -1 -9e-05 0.00011 -1 -9e-05 0.00011 -1 -9e-05 0.00011 -1 -9e-05 0.00011 -1 -9e-05 0.00011 -1 -9e-05 0.00011 -1 -9e-05 0.00011 -1 -9e-05 0.00011 -1 -9e-05 0.00011 -1 -9e-05 0.00011 -1 -9e-05 0.00011 -1 -9e-05 0.00011 -1 -9e-05 0.00011 -1 -9e-05 0.00011 -1 -9e-05 0.00011 -1 -9e-05 0.00011 -1 -9e-05 0.00011 -1 -9e-05 0.00011 -1 -9e-05 0.00011 -1 -9e-05 0.00011 -1 -9e-05 0.00011 -1 -9e-05 0.00011 -1 -9e-05 0.00011 -1 -9e-05 0.00011 -1 -9e-05 0.00011 -1 -9e-05 0.00011 -1 -9e-05 0.00011 -1 -9e-05 0.00011 -1 -9e-05 0.00011 -1 -9e-05 0.00011 -1 -9e-05 0.00011 -1 -9e-05 0.00011 -1 -9e-05 0.00011 -1 -9e-05 0.00011 -1 -9e-05 0.00011 -1 -9e-05 0.00011 -1 -9e-05 0.00011 -1 -9e-05 0.00011 -1 -9e-05 0.00011 -1 -9e-05 0.00011 -1 -9e-05 0.00011 -1 -9e-05 0.00011 -1 -9e-05 0.00011 -1 -9e-05 0.00011 -1 -9e-05 0.00011 -1 -9e-05 0.00011 -1 -9e-05 0.00011 -1 -9e-05 0.00011 -1 -9e-05 0.00011 -1 -9e-05 0.00011 -1 -9e-05 0.00011 -1 -9e-05 0.00011 -1 -9e-05 0.00011 -1 -9e-05 0.00011 -1 -9e-05 0.00011 -1 -9e-05 0.00011 -1 -9e-05 0.00011 -1 -9e-05 0.00011 -1 -9e-05 0.00011 -1 -9e-05 0.00011 -1 -9e-05 0.00011 -1 -9e-05 0.00011 -1 -9e-05 0.00011 -1 -9e-05 0.00011 -1 -9e-05 0.00011 -1 -9e-05 0.00011 -1 -9e-05 0.00011 -1 -9e-05 0.00011 -1 -9e-05 0.00011 -1 -9e-05 0.00011 -1 -9e-05 0.00011 -1 -9e-05 0.00011 -1 -9e-05 0.00011 -1 -9e-05 0.00011 -1 -9e-05 0.00011 -1 -9e-05 0.00011 -1 -9e-05 0.00011 -1 -9e-05 0.00011 -1 -9e-05 0.00011 -1 -9e-05 0.00011 -1 -9e-05 0.00011 -1 -9e-05 0.00011 -1 -9e-05 0.00011 -1 -0.00061 0.0005 -1 -9e-05 0.00011 -1 -9e-05 0.00011 -1 -9e-05 0.00011 -1 -9e-05 0.00011 -1 -9e-05 0.00011 -1 -9e-05 0.00011 -1 -9e-05 0.00011 -1 -9e-05 0.00011 -1 -9e-05 0.00011 -1 -9e-05 0.00011 -1 -9e-05 0.00011 -1 -9e-05 0.00011 -1 -9e-05 0.00011 -1 -0.00041 0.0004 -1 -9e-05 0.00011 -1 -9e-05 0.00011 -1 -9e-05 0.00011 1 9e-05 -0.00011 1 9e-05 -0.00011 1 0.00041 -0.00033 1 0.00038 -0.00223 1 0.00061 -0.0018 1 0.00074 -0.0007 1 9e-05 -0.00011 1 9e-05 -8e-05 1 0.0001 -9e-05 0.63522 -0.48853 0.59819 0.63522 -0.48853 0.59819 0.63522 -0.48853 0.59819 -0.54269 -0.35737 0.76011 -0.54269 -0.35737 0.76011 -0.54269 -0.35737 0.76011 0.13832 0.81811 0.55818 0.13832 0.81811 0.55818 0.13832 0.81811 0.55818 -0.2885 -0.89296 0.34553 -0.2885 -0.89296 0.34553 -0.2885 -0.89296 0.34553 -0.5616 0.6946 0.44961 -0.5616 0.6946 0.44961 -0.5616 0.6946 0.44961 0.68626 0.56706 -0.45551 0.68626 0.56706 -0.45551 0.68626 0.56706 -0.45551 -0.88991 -0.07949 -0.44916 -0.88991 -0.07949 -0.44916 -0.88991 -0.07949 -0.44916 -0.98994 -0.04223 0.13507 -0.98994 -0.04223 0.13507 -0.98994 -0.04223 0.13507 -0.17726 0.98416 0.00294 -0.17726 0.98416 0.00294 -0.17726 0.98416 0.00294 0.56431 -0.82556 -0.00247 0.56431 -0.82556 -0.00247 0.56431 -0.82556 -0.00247 -0.03676 -0.99932 -0.00301 -0.03676 -0.99932 -0.00301 -0.03676 -0.99932 -0.00301 0.24025 0.97071 0.00286 0.24025 0.97071 0.00286 0.24025 0.97071 0.00286 -0.1245 0.99222 0.00296 -0.1245 0.99222 0.00296 -0.1245 0.99222 0.00296 9e-05 -1 -0.00297 9e-05 -1 -0.00297 9e-05 -1 -0.00297 0.72154 -0.53175 0.44343 0.72154 -0.53175 0.44343 0.72154 -0.53175 0.44343 0.00011 -0.00297 1 0.00011 -0.00297 1 0.00011 -0.00297 1 -9e-05 1 0.00297 -9e-05 1 0.00297 -9e-05 1 0.00297 0.59644 0.50804 -0.62142 0.59644 0.50804 -0.62142 0.59644 0.50804 -0.62142 9e-05 -1 -0.00297 9e-05 -1 -0.00297 9e-05 -1 -0.00297 0.82494 -0.08043 0.55947 0.82494 -0.08043 0.55947 0.82494 -0.08043 0.55947 -0.21451 0.07289 0.974 -0.21451 0.07289 0.974 -0.21451 0.07289 0.974 -0.21674 -0.92388 -0.31539 -0.21674 -0.92388 -0.31539 -0.21674 -0.92388 -0.31539 -0.262 -0.76674 0.58606 -0.262 -0.76674 0.58606 -0.262 -0.76674 0.58606 0.18624 -0.95532 0.22952 0.18624 -0.95532 0.22952 0.18624 -0.95532 0.22952 0.21165 -0.69337 -0.68879 0.21165 -0.69337 -0.68879 0.21165 -0.69337 -0.68879 0.64263 -0.59012 -0.48866 0.64263 -0.59012 -0.48866 0.64263 -0.59012 -0.48866 9e-05 -1 -0.00297 9e-05 -1 -0.00297 9e-05 -1 -0.00297 0.24893 -0.35269 -0.90202 0.24893 -0.35269 -0.90202 0.24893 -0.35269 -0.90202 -0.20755 -0.97392 0.09164 -0.20755 -0.97392 0.09164 -0.20755 -0.97392 0.09164 -0.0001 -0.08116 -0.9967 -0.0001 -0.08116 -0.9967 -0.0001 -0.08116 -0.9967 0.00011 -0.00297 1 0.00011 -0.00297 1 0.00011 -0.00297 1 0.74144 0.44254 0.50441 0.74144 0.44254 0.50441 0.74144 0.44254 0.50441 -9e-05 1 0.00297 -9e-05 1 0.00297 -9e-05 1 0.00297 0.63089 -0.60593 -0.48459 0.63089 -0.60593 -0.48459 0.63089 -0.60593 -0.48459 8e-05 -0.9991 -0.04243 8e-05 -0.9991 -0.04243 8e-05 -0.9991 -0.04243 -9e-05 1 0.00297 -9e-05 1 0.00297 -9e-05 1 0.00297 0.80586 0.22822 -0.54636 0.80586 0.22822 -0.54636 0.80586 0.22822 -0.54636 -0.0686 0.0371 -0.99695 -0.0686 0.0371 -0.99695 -0.0686 0.0371 -0.99695 0.14013 -0.14482 -0.97949 0.14013 -0.14482 -0.97949 0.14013 -0.14482 -0.97949 0.58168 -0.72017 -0.37815 0.58168 -0.72017 -0.37815 0.58168 -0.72017 -0.37815 9e-05 -1 -0.00297 9e-05 -1 -0.00297 9e-05 -1 -0.00297 -0.14004 -0.98348 -0.1147 -0.14004 -0.98348 -0.1147 -0.14004 -0.98348 -0.1147 -0.02539 -0.3462 0.93782 -0.02539 -0.3462 0.93782 -0.02539 -0.3462 0.93782 0.40742 -0.84207 -0.35345 0.40742 -0.84207 -0.35345 0.40742 -0.84207 -0.35345 -0.15495 -0.74629 -0.64733 -0.15495 -0.74629 -0.64733 -0.15495 -0.74629 -0.64733 -0.01502 -0.26999 -0.96275 -0.01502 -0.26999 -0.96275 -0.01502 -0.26999 -0.96275 0.00014 -0.59116 0.80655 0.00014 -0.59116 0.80655 0.00014 -0.59116 0.80655 0.59341 -0.72437 -0.35093 0.59341 -0.72437 -0.35093 0.59341 -0.72437 -0.35093 -0.22359 -0.95146 0.21151 -0.22359 -0.95146 0.21151 -0.22359 -0.95146 0.21151 0.14984 0.81798 -0.55538 0.14984 0.81798 -0.55538 0.14984 0.81798 -0.55538 -0.01502 -0.27002 -0.96274 -0.01502 -0.27002 -0.96274 -0.01502 -0.27002 -0.96274 -9e-05 1 0.00297 -9e-05 1 0.00297 -9e-05 1 0.00297 0.85664 -0.12122 -0.50147 0.85664 -0.12122 -0.50147 0.85664 -0.12122 -0.50147 -7e-05 -0.3586 -0.93349 -7e-05 -0.3586 -0.93349 -7e-05 -0.3586 -0.93349 0.14071 0.98889 0.04799 0.14071 0.98889 0.04799 0.14071 0.98889 0.04799 0.06363 0.98619 -0.15288 0.06363 0.98619 -0.15288 0.06363 0.98619 -0.15288 -0.20222 -0.7887 -0.58057 -0.20222 -0.7887 -0.58057 -0.20222 -0.7887 -0.58057 0.10922 -0.99257 -0.05357 0.10922 -0.99257 -0.05357 0.10922 -0.99257 -0.05357 0.60208 -0.66775 0.43774 0.60208 -0.66775 0.43774 0.60208 -0.66775 0.43774 0.00014 -0.42525 0.90508 0.00014 -0.42525 0.90508 0.00014 -0.42525 0.90508 -0.13775 -0.90122 0.41089 -0.13775 -0.90122 0.41089 -0.13775 -0.90122 0.41089 0.16635 -0.48766 0.85704 0.16635 -0.48766 0.85704 0.16635 -0.48766 0.85704 0.20876 -0.9765 -0.05348 0.20876 -0.9765 -0.05348 0.20876 -0.9765 -0.05348 0.64701 -0.53517 0.54311 0.64701 -0.53517 0.54311 0.64701 -0.53517 0.54311 0.03192 -0.46875 0.88275 0.03192 -0.46875 0.88275 0.03192 -0.46875 0.88275 -0.32865 -0.90319 0.27611 -0.32865 -0.90319 0.27611 -0.32865 -0.90319 0.27611 -0.26134 0.13405 0.95589 -0.26134 0.13405 0.95589 -0.26134 0.13405 0.95589 -0.32031 0.77152 0.54968 -0.32031 0.77152 0.54968 -0.32031 0.77152 0.54968 -0.24086 0.95397 -0.17869 -0.24086 0.95397 -0.17869 -0.24086 0.95397 -0.17869 0.229 0.76893 -0.59691 0.229 0.76893 -0.59691 0.229 0.76893 -0.59691 0.42555 0.88313 0.19745 0.42555 0.88313 0.19745 0.42555 0.88313 0.19745 0.29418 0.36133 0.88482 0.29418 0.36133 0.88482 0.29418 0.36133 0.88482 0.25133 -0.82036 0.51366 0.25133 -0.82036 0.51366 0.25133 -0.82036 0.51366 0.40564 -0.08738 -0.90985 0.40564 -0.08738 -0.90985 0.40564 -0.08738 -0.90985 -0.31287 0.2062 -0.92714 -0.31287 0.2062 -0.92714 -0.31287 0.2062 -0.92714 -0.18752 -0.29532 -0.93682 -0.18752 -0.29532 -0.93682 -0.18752 -0.29532 -0.93682 9e-05 -1 -0.00297 9e-05 -1 -0.00297 9e-05 -1 -0.00297 0.72153 -0.53175 0.44343 0.72153 -0.53175 0.44343 0.72153 -0.53175 0.44343 0.00011 -0.00297 1 0.00011 -0.00297 1 0.00011 -0.00297 1 -9e-05 1 0.00297 -9e-05 1 0.00297 -9e-05 1 0.00297 0.67709 0.48081 -0.55711 0.67709 0.48081 -0.55711 0.67709 0.48081 -0.55711 -0.00014 0.57696 -0.81677 -0.00014 0.57696 -0.81677 -0.00014 0.57696 -0.81677 0.30654 -0.45993 -0.83337 0.30654 -0.45993 -0.83337 0.30654 -0.45993 -0.83337 -0.28663 -0.18625 -0.93976 -0.28663 -0.18625 -0.93976 -0.28663 -0.18625 -0.93976 -0.19115 -0.8028 -0.56478 -0.19115 -0.8028 -0.56478 -0.19115 -0.8028 -0.56478 0.12866 0.97646 -0.17312 0.12866 0.97646 -0.17312 0.12866 0.97646 -0.17312 -0.54822 0.76097 -0.34695 -0.54822 0.76097 -0.34695 -0.54822 0.76097 -0.34695 0.13261 0.96585 0.22258 0.13261 0.96585 0.22258 0.13261 0.96585 0.22258 0.25066 0.62336 -0.74067 0.25066 0.62336 -0.74067 0.25066 0.62336 -0.74067 -0.31156 0.3973 -0.86318 -0.31156 0.3973 -0.86318 -0.31156 0.3973 -0.86318 -0.30512 -0.6605 -0.68604 -0.30512 -0.6605 -0.68604 -0.30512 -0.6605 -0.68604 -1 -9e-05 0.00011 -1 -9e-05 0.00011 -1 -9e-05 0.00011 -1 -9e-05 0.00011 -1 -9e-05 0.00011 -1 -9e-05 0.00011 0.20882 -0.82385 -0.52693 0.20882 -0.82385 -0.52693 0.20882 -0.82385 -0.52693</float_array>
          <technique_common>
            <accessor count="2721" source="#g0_chrome-nrm-array" stride="3">
              <param type="float" name="X"/>
              <param type="float" name="Y"/>
              <param type="float" name="Z"/>
            </accessor>
          </technique_common>
        </source>
        <vertices id="g0_chrome-pos-vertices">
          <input semantic="POSITION" source="#g0_chrome-pos"/>
        </vertices>
        <triangles count="2554" material="chrome-ref">
          <input offset="0" semantic="VERTEX" source="#g0_chrome-pos-vertices"/>
          <input offset="1" semantic="NORMAL" source="#g0_chrome-nrm"/>
          <p>470 470 300 300 436 436 331 331 327 327 456 456 444 444 295 295 468 468 461 461 288 288 331 331 435 435 298 298 299 299 448 448 437 437 479 479 447 447 435 435 443 443 485 485 446 446 462 462 460 460 438 438 461 461 479 479 437 437 301 301 329 329 330 330 439 439 443 443 435 435 299 299 450 450 449 449 310 310 488 488 460 460 461 461 478 478 443 443 444 444 480 480 453 453 463 463 473 473 304 304 440 440 484 484 456 456 329 329 494 494 331 331 456 456 498 498 526 526 503 503 519 519 494 494 484 484 501 501 471 471 507 507 518 518 478 478 499 499 516 516 485 485 508 508 494 494 456 456 484 484 520 520 491 491 495 495 642 642 529 529 519 519 526 526 504 504 527 527 459 459 438 438 460 460 516 516 508 508 521 521 528 528 510 510 500 500 529 529 507 507 515 515 526 526 497 497 503 503 509 509 478 478 518 518 459 459 302 302 438 438 458 458 294 294 430 430 452 452 306 306 453 453 405 405 417 417 420 420 421 421 425 425 424 424 423 423 424 424 426 426 424 424 425 425 426 426 423 423 422 422 424 424 424 424 422 422 421 421 428 428 416 416 427 427 422 422 420 420 417 417 431 431 283 283 270 270 404 404 419 419 428 428 423 423 426 426 427 427 416 416 418 418 427 427 417 417 421 421 422 422 418 418 422 422 423 423 418 418 420 420 422 422 418 418 423 423 427 427 431 431 284 284 434 434 433 433 465 465 297 297 457 457 303 303 290 290 484 484 329 329 472 472 475 475 445 445 455 455 508 508 462 462 476 476 486 486 454 454 475 475 465 465 458 458 430 430 487 487 432 432 502 502 502 502 432 432 467 467 487 487 439 439 432 432 486 486 441 441 454 454 517 517 493 493 509 509 420 420 418 418 405 405 419 419 404 404 416 416 425 425 412 412 413 413 425 425 411 411 412 412 421 421 410 410 411 411 417 417 390 390 410 410 410 410 421 421 417 417 411 411 425 425 421 421 523 523 517 517 632 632 489 489 522 522 473 473 480 480 498 498 503 503 466 466 506 506 477 477 483 483 500 500 470 470 471 471 459 459 507 507 460 460 507 507 459 459 515 515 519 519 529 529 525 525 652 652 522 522 523 523 632 632 527 527 462 462 508 508 485 485 518 518 636 636 517 517 514 514 530 530 638 638 524 524 643 643 519 519 638 638 528 528 514 514 506 506 517 517 523 523 500 500 514 514 528 528 504 504 526 526 498 498 513 513 529 529 530 530 460 460 488 488 507 507 458 458 511 511 490 490 461 461 494 494 515 515 485 485 516 516 495 495 465 465 505 505 511 511 481 481 506 506 523 523 492 492 514 514 486 486 487 487 524 524 472 472 496 496 508 508 476 476 505 505 523 523 527 527 466 466 493 493 506 506 482 482 509 509 493 493 482 482 478 478 509 509 458 458 465 465 511 511 470 470 500 500 510 510 486 486 500 500 483 483 455 455 513 513 492 492 451 451 485 485 495 495 488 488 461 461 515 515 491 491 520 520 524 524 465 465 474 474 505 505 503 503 452 452 480 480 496 496 469 469 457 457 472 472 512 512 484 484 506 506 481 481 477 477 499 499 468 468 510 510 493 493 466 466 482 482 491 491 449 449 450 450 511 511 527 527 504 504 523 523 505 505 481 481 501 501 479 479 471 471 513 513 455 455 501 501 498 498 464 464 504 504 498 498 480 480 463 463 496 496 476 476 469 469 498 498 463 463 464 464 524 524 502 502 491 491 507 507 529 529 501 501 518 518 510 510 528 528 514 514 513 513 530 530 512 512 524 524 519 519 495 495 516 516 520 520 497 497 526 526 525 525 505 505 527 527 511 511 518 518 517 517 509 509 492 492 513 513 514 514 449 449 309 309 310 310 501 501 529 529 513 513 494 494 519 519 515 515 496 496 521 521 508 508 496 496 522 522 521 521 490 490 511 511 504 504 510 510 518 518 499 499 484 484 512 512 519 519 487 487 502 502 524 524 332 332 340 340 339 339 370 370 384 384 383 383 370 370 383 383 382 382 370 370 382 382 381 381 380 380 343 343 370 370 370 370 381 381 380 380 343 343 380 380 379 379 343 343 379 379 378 378 343 343 378 378 377 377 347 347 356 356 348 348 372 372 364 364 365 365 339 339 340 340 326 326 340 340 341 341 342 342 340 340 342 342 326 326 326 326 342 342 327 327 327 327 342 342 328 328 326 326 325 325 339 339 359 359 354 354 350 350 355 355 351 351 354 354 368 368 373 373 371 371 373 373 365 365 364 364 366 366 361 361 363 363 359 359 367 367 362 362 359 359 365 365 367 367 362 362 369 369 363 363 367 367 369 369 362 362 367 367 365 365 368 368 367 367 368 368 371 371 352 352 357 357 353 353 367 367 371 371 369 369 343 343 377 377 375 375 376 376 663 663 343 343 343 343 375 375 376 376 343 343 663 663 661 661 358 358 372 372 360 360 372 372 365 365 360 360 354 354 363 363 361 361 91 91 102 102 139 139 344 344 356 356 345 345 356 356 347 347 345 345 345 345 347 347 346 346 92 92 78 78 153 153 122 122 98 98 143 143 84 84 134 134 126 126 80 80 93 93 116 116 108 108 81 81 164 164 91 91 139 139 76 76 353 353 360 360 359 359 113 113 140 140 102 102 337 337 339 339 324 324 338 338 339 339 337 337 332 332 339 339 338 338 333 333 322 322 230 230 325 325 324 324 339 339 102 102 77 77 113 113 72 72 87 87 109 109 350 350 354 354 351 351 352 352 350 350 348 348 350 350 347 347 348 348 351 351 349 349 350 350 348 348 356 356 357 357 350 350 349 349 347 347 347 347 349 349 346 346 348 348 357 357 352 352 358 358 353 353 357 357 370 370 366 366 363 363 355 355 361 361 351 351 360 360 353 353 358 358 359 359 352 352 353 353 359 359 350 350 352 352 365 365 359 359 360 360 363 363 354 354 362 362 362 362 354 354 359 359 361 361 355 355 354 354 408 408 397 397 398 398 401 401 406 406 405 405 402 402 428 428 407 407 412 412 313 313 312 312 413 413 412 412 312 312 313 313 409 409 257 257 410 410 390 390 409 409 406 406 417 417 405 405 405 405 418 418 416 416 394 394 396 396 408 408 398 398 402 402 407 407 415 415 425 425 413 413 425 425 415 415 414 414 414 414 543 543 425 425 409 409 313 313 410 410 313 313 412 412 410 410 410 410 412 412 411 411 311 311 310 310 413 413 413 413 312 312 311 311 403 403 399 399 400 400 445 445 273 273 455 455 445 445 454 454 286 286 454 454 441 441 279 279 444 444 299 299 285 285 402 402 404 404 428 428 400 400 405 405 403 403 416 416 403 403 405 405 403 403 416 416 404 404 361 361 340 340 332 332 404 404 402 402 403 403 405 405 400 400 401 401 403 403 402 402 399 399 396 396 399 399 397 397 395 395 401 401 396 396 396 396 400 400 399 399 397 397 399 399 402 402 396 396 401 401 400 400 388 388 401 401 395 395 345 345 333 333 392 392 391 391 316 316 394 394 392 392 344 344 345 345 333 333 230 230 321 321 316 316 315 315 388 388 402 402 398 398 397 397 397 397 408 408 396 396 396 396 394 394 395 395 316 316 395 395 394 394 391 391 317 317 316 316 390 390 406 406 401 401 390 390 417 417 406 406 401 401 388 388 390 390 369 369 371 371 370 370 372 372 373 373 364 364 371 371 373 373 374 374 368 368 365 365 373 373 370 370 363 363 369 369 389 389 390 390 388 388 366 366 341 341 340 340 370 370 342 342 341 341 370 370 328 328 342 342 370 370 343 343 328 328 370 370 387 387 386 386 370 370 386 386 385 385 370 370 385 385 384 384 315 315 389 389 388 388 472 472 524 524 512 512 389 389 314 314 390 390 314 314 409 409 390 390 409 409 314 314 257 257 389 389 315 315 314 314 341 341 366 366 370 370 340 340 361 361 366 366 395 395 316 316 388 388 394 394 408 408 391 391 343 343 330 330 329 329 526 526 655 655 654 654 651 651 650 650 521 521 650 650 516 516 521 521 637 637 636 636 518 518 642 642 519 519 643 643 518 518 528 528 637 637 432 432 439 439 343 343 343 343 329 329 328 328 343 343 439 439 330 330 526 526 656 656 655 655 413 413 309 309 432 432 310 310 309 309 413 413 660 660 413 413 675 675 413 413 432 432 675 675 432 432 661 661 662 662 661 661 658 658 662 662 376 376 413 413 660 660 432 432 659 659 675 675 638 638 637 637 528 528 517 517 636 636 635 635 656 656 526 526 657 657 645 645 524 524 646 646 524 524 644 644 643 643 530 530 641 641 640 640 649 649 520 520 516 516 520 520 649 649 648 648 647 647 646 646 524 524 676 676 660 660 675 675 635 635 632 632 517 517 642 642 641 641 529 529 657 657 526 526 527 527 530 530 529 529 641 641 632 632 633 633 527 527 647 647 524 524 520 520 530 530 639 639 638 638 647 647 520 520 648 648 589 589 591 591 588 588 370 370 672 672 673 673 575 575 576 576 573 573 577 577 578 578 576 576 577 577 579 579 578 578 580 580 581 581 579 579 582 582 583 583 581 581 583 583 582 582 562 562 581 581 580 580 582 582 579 579 577 577 580 580 551 551 371 371 374 374 590 590 593 593 591 591 593 593 590 590 592 592 591 591 589 589 590 590 588 588 586 586 589 589 587 587 584 584 586 586 602 602 600 600 603 603 599 599 598 598 600 600 597 597 596 596 598 598 665 665 666 666 664 664 675 675 663 663 676 676 662 662 659 659 432 432 343 343 661 661 432 432 669 669 376 376 660 660 660 660 670 670 669 669 376 376 669 669 668 668 667 667 376 376 668 668 663 663 376 376 667 667 633 633 634 634 527 527 664 664 663 663 665 665 676 676 663 663 664 664 526 526 654 654 653 653 549 549 674 674 371 371 371 371 551 551 549 549 672 672 371 371 674 674 672 672 370 370 371 371 673 673 671 671 370 370 67 67 42 42 82 82 81 81 70 70 30 30 64 64 38 38 25 25 56 56 55 55 32 32 74 74 48 48 46 46 68 68 34 34 43 43 67 67 31 31 42 42 73 73 45 45 18 18 73 73 18 18 41 41 83 83 68 68 43 43 45 45 15 15 18 18 88 88 45 45 73 73 85 85 52 52 66 66 74 74 46 46 53 53 83 83 43 43 48 48 68 68 56 56 34 34 69 69 51 51 31 31 621 621 16 16 630 630 612 612 631 631 3 3 606 606 622 622 9 9 609 609 620 620 4 4 146 146 106 106 94 94 40 40 9 9 8 8 32 32 28 28 10 10 42 42 31 31 19 19 40 40 8 8 15 15 22 22 17 17 9 9 23 23 12 12 4 4 7 7 623 623 616 616 75 75 29 29 47 47 88 88 33 33 45 45 51 51 20 20 31 31 70 70 27 27 30 30 63 63 49 49 14 14 30 30 27 27 35 35 63 63 14 14 37 37 54 54 7 7 17 17 5 5 4 4 619 619 614 614 13 13 610 610 5 5 618 618 613 613 8 8 622 622 611 611 625 625 0 0 15 15 609 609 4 4 624 624 620 620 619 619 4 4 1 1 613 613 617 617 2 2 1 1 612 612 621 621 11 11 16 16 608 608 625 625 15 15 626 626 8 8 611 611 650 650 649 649 516 516 524 524 645 645 644 644 640 640 639 639 530 530 653 653 525 525 526 526 634 634 657 657 527 527 525 525 653 653 652 652 652 652 521 521 522 522 628 628 612 612 1 1 19 19 0 0 615 615 19 19 627 627 610 610 621 621 607 607 11 11 1 1 617 617 628 628 521 521 652 652 651 651 607 607 624 624 11 11 614 614 629 629 16 16 7 7 3 3 631 631 597 597 595 595 596 596 612 612 3 3 2 2 7 7 631 631 623 623 625 625 615 615 0 0 16 16 629 629 630 630 12 12 11 11 624 624 5 5 619 619 618 618 626 626 608 608 15 15 1 1 6 6 613 613 290 290 304 304 457 457 306 306 452 452 305 305 293 293 463 463 453 453 301 301 302 302 471 471 289 289 462 462 446 446 304 304 473 473 457 457 308 308 464 464 307 307 447 447 477 477 431 431 300 300 470 470 468 468 289 289 442 442 462 462 457 457 469 469 303 303 440 440 267 267 305 305 306 306 292 292 453 453 293 293 307 307 463 463 430 430 297 297 465 465 433 433 283 283 431 431 309 309 467 467 432 432 448 448 479 479 455 455 450 450 495 495 491 491 307 307 464 464 463 463 558 558 392 392 393 393 557 557 344 344 392 392 299 299 444 444 443 443 294 294 458 458 308 308 431 431 477 477 433 433 436 436 441 441 470 470 445 445 475 475 454 454 305 305 489 489 440 440 452 452 503 503 497 497 305 305 452 452 489 489 303 303 469 469 442 442 301 301 471 471 479 479 309 309 449 449 467 467 296 296 485 485 451 451 446 446 485 485 296 296 442 442 476 476 462 462 442 442 469 469 476 476 329 329 439 439 472 472 433 433 481 481 474 474 441 441 486 486 483 483 440 440 489 489 473 473 453 453 480 480 452 452 433 433 477 477 481 481 443 443 466 466 447 447 443 443 482 482 466 466 468 468 478 478 444 444 302 302 459 459 471 471 452 452 497 497 489 489 433 433 474 474 465 465 457 457 473 473 496 496 473 473 522 522 496 496 497 497 525 525 489 489 489 489 525 525 522 522 493 493 517 517 506 506 486 486 514 514 500 500 488 488 515 515 507 507 455 455 492 492 475 475 490 490 504 504 464 464 481 481 505 505 474 474 479 479 501 501 455 455 439 439 487 487 472 472 467 467 491 491 502 502 308 308 490 490 464 464 308 308 458 458 490 490 470 470 510 510 468 468 559 559 393 393 391 391 468 468 499 499 478 478 449 449 491 491 467 467 478 478 482 482 443 443 475 475 492 492 486 486 447 447 466 466 477 477 331 331 494 494 461 461 451 451 495 495 450 450 441 441 483 483 470 470 548 548 547 547 549 549 532 532 561 561 407 407 532 532 407 407 428 428 536 536 538 538 537 537 539 539 540 540 538 538 428 428 541 541 533 533 426 426 542 542 541 541 542 542 426 426 543 543 545 545 543 543 544 544 545 545 544 544 547 547 408 408 560 560 559 559 572 572 571 571 531 531 570 570 569 569 571 571 568 568 567 567 569 569 566 566 564 564 567 567 565 565 562 562 564 564 531 531 554 554 572 572 533 533 535 535 532 532 536 536 537 537 535 535 600 600 601 601 599 599 594 594 592 592 595 595 584 584 585 585 540 540 584 584 587 587 585 585 586 586 588 588 587 587 426 426 425 425 543 543 592 592 594 594 593 593 595 595 597 597 594 594 598 598 599 599 597 597 576 576 575 575 577 577 600 600 602 602 601 601 603 603 605 605 602 602 605 605 603 603 604 604 550 550 549 549 551 551 358 358 555 555 554 554 344 344 557 557 556 556 392 392 558 558 557 557 393 393 559 559 558 558 372 372 554 554 553 553 549 549 550 550 548 548 547 547 548 548 546 546 547 547 546 546 545 545 543 543 545 545 542 542 427 427 426 426 541 541 556 556 356 356 344 344 556 556 555 555 356 356 357 357 356 356 555 555 358 358 357 357 555 555 551 551 552 552 550 550 554 554 372 372 358 358 373 373 372 372 553 553 553 553 552 552 373 373 533 533 532 532 428 428 561 561 398 398 407 407 561 561 560 560 408 408 561 561 408 408 398 398 559 559 391 391 408 408 540 540 539 539 584 584 573 573 574 574 575 575 562 562 563 563 583 583 562 562 565 565 563 563 564 564 566 566 565 565 567 567 568 568 566 566 569 569 570 570 568 568 571 571 572 572 570 570 428 428 427 427 541 541 87 87 103 103 131 131 538 538 536 536 539 539 535 535 534 534 536 536 535 535 533 533 534 534 554 554 531 531 553 553 468 468 295 295 300 300 450 450 311 311 451 451 552 552 374 374 373 373 552 552 551 551 374 374 204 204 124 124 172 172 194 194 102 102 166 166 194 194 139 139 102 102 165 165 76 76 139 139 191 191 163 163 137 137 186 186 128 128 138 138 206 206 161 161 175 175 174 174 116 116 181 181 222 222 173 173 174 174 205 205 160 160 173 173 188 188 115 115 154 154 179 179 158 158 133 133 203 203 133 133 158 158 126 126 105 105 84 84 124 124 74 74 125 125 144 144 83 83 112 112 122 122 155 155 79 79 111 111 142 142 121 121 120 120 115 115 107 107 175 175 135 135 183 183 138 138 129 129 177 177 128 128 66 66 129 129 163 163 95 95 137 137 148 148 89 89 162 162 161 161 94 94 135 135 133 133 156 156 123 123 184 184 148 148 162 162 207 207 136 136 147 147 78 78 115 115 153 153 164 164 81 81 96 96 137 137 127 127 185 185 181 181 116 116 146 146 145 145 125 125 126 126 172 172 124 124 125 125 156 156 157 157 203 203 201 201 142 142 111 111 189 189 120 120 169 169 5 5 29 29 37 37 150 150 118 118 114 114 149 149 76 76 165 165 148 148 101 101 89 89 148 148 147 147 101 101 135 135 94 94 99 99 144 144 112 112 171 171 179 179 83 83 144 144 21 21 46 46 11 11 4 4 49 49 23 23 120 120 82 82 121 121 6 6 38 38 29 29 9 9 44 44 22 22 3 3 24 24 26 26 3 3 27 27 24 24 7 7 35 35 27 27 10 10 28 28 19 19 10 10 34 34 32 32 11 11 48 48 16 16 116 116 134 134 84 84 110 110 73 73 119 119 66 66 108 108 177 177 66 66 177 177 129 129 137 137 95 95 90 90 162 162 89 89 95 95 135 135 99 99 100 100 116 116 93 93 106 106 116 116 84 84 80 80 178 178 114 114 168 168 156 156 104 104 123 123 120 120 107 107 82 82 152 152 88 88 132 132 130 130 109 109 87 87 168 168 72 72 109 109 168 168 114 114 72 72 140 140 97 97 118 118 117 117 96 96 76 76 248 248 222 222 223 223 318 318 221 221 171 171 220 220 188 188 237 237 220 220 219 219 188 188 226 226 176 176 207 207 223 223 181 181 238 238 321 321 202 202 155 155 247 247 195 195 211 211 258 258 191 191 185 185 239 239 206 206 225 225 242 242 207 207 208 208 230 230 202 202 321 321 236 236 187 187 219 219 235 235 200 200 236 236 252 252 139 139 194 194 246 246 194 194 218 218 252 252 194 194 253 253 245 245 228 228 210 210 260 260 251 251 227 227 322 322 201 201 202 202 88 88 110 110 132 132 313 313 257 257 296 296 300 300 272 272 264 264 300 300 295 295 272 272 447 447 284 284 252 252 297 297 260 260 269 269 292 292 243 243 231 231 306 306 242 242 243 243 250 250 240 240 226 226 236 236 200 200 187 187 229 229 178 178 197 197 217 217 193 193 228 228 209 209 177 177 192 192 231 231 184 184 216 216 240 240 183 183 176 176 240 240 175 175 183 183 259 259 186 186 251 251 206 206 182 182 161 161 180 180 172 172 145 145 191 191 137 137 185 185 316 316 145 145 160 160 319 319 170 170 221 221 319 319 179 179 170 170 203 203 143 143 156 156 200 200 141 141 187 187 199 199 132 132 200 200 199 199 152 152 132 132 182 182 146 146 161 161 222 222 174 174 223 223 214 214 169 169 190 190 237 237 154 154 189 189 218 218 194 194 140 140 228 228 165 165 139 139 193 193 149 149 228 228 192 192 164 164 227 227 141 141 110 110 119 119 227 227 164 164 149 149 256 256 214 214 323 323 254 254 219 219 220 220 229 229 197 197 264 264 200 200 132 132 141 141 197 197 178 178 168 168 211 211 150 150 196 196 195 195 167 167 150 150 218 218 140 140 167 167 7 7 27 27 3 3 177 177 108 108 192 192 186 186 138 138 177 177 213 213 151 151 152 152 198 198 151 151 213 213 212 212 131 131 198 198 194 194 166 166 140 140 186 186 127 127 128 128 207 207 147 147 148 148 73 73 110 110 88 88 53 53 105 105 74 74 94 94 106 106 59 59 62 62 72 72 86 86 68 68 83 83 104 104 63 63 99 99 94 94 54 54 102 102 91 91 85 85 137 137 61 61 86 86 118 118 97 97 88 88 103 103 87 87 56 56 104 104 98 98 51 51 92 92 41 41 51 51 78 78 92 92 84 84 105 105 53 53 39 39 102 102 54 54 67 67 107 107 69 69 55 55 111 111 82 82 67 67 82 82 107 107 64 64 89 89 101 101 55 55 56 56 79 79 33 33 88 88 40 40 68 68 104 104 56 56 24 24 66 66 26 26 40 40 72 72 62 62 37 37 60 60 63 63 24 24 70 70 66 66 29 29 60 60 37 37 31 31 67 67 69 69 48 48 112 112 83 83 23 23 49 49 59 59 56 56 98 98 79 79 105 105 125 125 74 74 85 85 127 127 137 137 71 71 91 91 76 76 97 97 113 113 77 77 79 79 98 98 122 122 92 92 119 119 73 73 91 91 71 71 54 54 94 94 49 49 63 63 101 101 47 47 38 38 78 78 51 51 69 69 127 127 85 85 66 66 90 90 61 61 137 137 123 123 104 104 83 83 115 115 78 78 69 69 111 111 55 55 79 79 115 115 69 69 107 107 112 112 48 48 74 74 95 95 65 65 61 61 75 75 136 136 100 100 81 81 108 108 66 66 147 147 75 75 101 101 74 74 171 171 112 112 104 104 143 143 98 98 121 121 82 82 111 111 114 114 86 86 72 72 14 14 4 4 5 5 58 58 93 93 80 80 58 58 106 106 93 93 47 47 101 101 75 75 62 62 86 86 97 97 89 89 64 64 65 65 49 49 4 4 14 14 34 34 10 10 13 13 20 20 18 18 0 0 50 50 97 97 77 77 18 18 15 15 0 0 4 4 12 12 624 624 19 19 615 615 627 627 7 7 616 616 606 606 102 102 39 39 77 77 99 99 63 63 100 100 87 87 72 72 40 40 100 100 63 63 60 60 26 26 66 66 52 52 614 614 16 16 13 13 626 626 15 15 8 8 36 36 62 62 44 44 20 20 51 51 41 41 32 32 55 55 28 28 34 34 56 56 32 32 21 21 53 53 46 46 55 55 82 82 42 42 23 23 59 59 58 58 613 613 6 6 5 5 27 27 70 70 24 24 35 35 7 7 76 76 54 54 76 76 7 7 17 17 39 39 54 54 9 9 36 36 44 44 19 19 55 55 42 42 58 58 57 57 12 12 25 25 61 61 65 65 9 9 17 17 7 7 5 5 37 37 14 14 6 6 29 29 5 5 20 20 41 41 18 18 11 11 46 46 48 48 19 19 20 20 0 0 12 12 21 21 11 11 3 3 26 26 2 2 1 1 38 38 6 6 17 17 22 22 39 39 19 19 31 31 20 20 1 1 25 25 38 38 1 1 2 2 25 25 86 86 114 114 118 118 606 606 9 9 7 7 622 622 8 8 9 9 610 610 10 10 19 19 610 610 13 13 10 10 35 35 76 76 96 96 59 59 106 106 58 58 49 49 94 94 59 59 75 75 100 100 60 60 38 38 64 64 101 101 65 65 95 95 89 89 58 58 80 80 57 57 41 41 92 92 73 73 21 21 57 57 84 84 29 29 75 75 60 60 57 57 80 80 84 84 44 44 62 62 97 97 52 52 85 85 61 61 30 30 96 96 81 81 35 35 96 96 30 30 54 54 71 71 76 76 44 44 97 97 50 50 21 21 84 84 53 53 65 65 64 64 25 25 15 15 45 45 33 33 12 12 57 57 21 21 22 22 50 50 39 39 22 22 44 44 50 50 16 16 48 48 43 43 9 9 40 40 36 36 12 12 23 23 58 58 26 26 52 52 2 2 15 15 33 33 40 40 296 296 248 248 280 280 38 38 47 47 29 29 28 28 55 55 19 19 13 13 43 43 34 34 16 16 43 43 13 13 2 2 61 61 25 25 2 2 52 52 61 61 50 50 77 77 39 39 40 40 88 88 87 87 143 143 203 203 321 321 130 130 197 197 168 168 130 130 212 212 197 197 188 188 219 219 187 187 154 154 237 237 188 188 131 131 212 212 130 130 152 152 199 199 213 213 153 153 188 188 187 187 169 169 214 214 189 189 155 155 202 202 201 201 178 178 229 229 196 196 170 170 171 171 221 221 171 171 159 159 318 318 145 145 317 317 180 180 174 174 181 181 223 223 146 146 182 182 181 181 148 148 208 208 207 207 162 162 216 216 184 184 127 127 186 186 185 185 145 145 316 316 317 317 114 114 178 178 150 150 119 119 187 187 141 141 119 119 153 153 187 187 142 142 169 169 121 121 133 133 157 157 156 156 133 133 203 203 157 157 190 190 323 323 214 214 159 159 204 204 318 318 149 149 165 165 228 228 160 160 205 205 316 316 173 173 222 222 205 205 182 182 224 224 181 181 175 175 240 240 225 225 177 177 209 209 186 186 175 175 225 225 206 206 148 148 184 184 208 208 139 139 210 210 228 228 198 198 232 232 212 212 182 182 239 239 224 224 206 206 239 239 182 182 184 184 243 243 208 208 193 193 217 217 149 149 229 229 211 211 196 196 213 213 233 233 198 198 199 199 234 234 213 213 192 192 227 227 209 209 149 149 217 217 227 227 205 205 222 222 315 315 189 189 214 214 237 237 201 201 322 322 190 190 202 202 230 230 322 322 179 179 319 319 215 215 180 180 317 317 204 204 220 220 274 274 254 254 214 214 255 255 237 237 297 297 269 269 227 227 184 184 231 231 243 243 150 150 178 178 196 196 139 139 252 252 210 210 197 197 212 212 264 264 199 199 235 235 234 234 203 203 320 320 321 321 181 181 224 224 238 238 225 225 240 240 249 249 208 208 243 243 242 242 136 136 176 176 183 183 200 200 235 235 199 199 190 190 322 322 323 323 205 205 315 315 316 316 176 176 226 226 240 240 207 207 242 242 241 241 191 191 258 258 216 216 186 186 244 244 185 185 209 209 251 251 186 186 103 103 152 152 151 151 129 129 138 138 128 128 110 110 141 141 132 132 142 142 190 190 169 169 79 79 155 155 111 111 123 123 179 179 133 133 144 144 171 171 170 170 96 96 117 117 149 149 102 102 140 140 166 166 87 87 131 131 130 130 75 75 147 147 136 136 121 121 169 169 120 120 104 104 156 156 143 143 126 126 134 134 160 160 116 116 174 174 173 173 74 74 124 124 171 171 105 105 126 126 125 125 116 116 173 173 134 134 106 106 146 146 116 116 345 345 334 334 333 333 334 334 335 335 322 322 322 322 335 335 323 323 334 334 336 336 335 335 335 335 337 337 323 323 323 323 337 337 324 324 335 335 336 336 337 337 336 336 338 338 337 337 336 336 332 332 338 338 94 94 161 161 146 146 349 349 336 336 334 334 351 351 332 332 336 336 332 332 351 351 361 361 336 336 349 349 351 351 334 334 346 346 349 349 334 334 345 345 346 346 333 333 334 334 322 322 100 100 136 136 183 183 124 124 159 159 171 171 172 172 180 180 204 204 142 142 201 201 190 190 111 111 155 155 201 201 122 122 143 143 155 155 158 158 179 179 203 203 144 144 170 170 179 179 124 124 204 204 159 159 126 126 160 160 145 145 136 136 207 207 176 176 179 179 215 215 203 203 125 125 145 145 172 172 135 135 175 175 161 161 164 164 192 192 108 108 96 96 149 149 164 164 140 140 150 150 167 167 115 115 188 188 153 153 120 120 189 189 154 154 134 134 173 173 160 160 92 92 153 153 119 119 100 100 183 183 135 135 95 95 163 163 162 162 66 66 128 128 127 127 97 97 140 140 113 113 118 118 150 150 140 140 109 109 130 130 168 168 103 103 151 151 131 131 88 88 152 152 103 103 217 217 283 283 261 261 120 120 154 154 115 115 83 83 179 179 123 123 163 163 216 216 162 162 163 163 191 191 216 216 167 167 195 195 218 218 150 150 211 211 195 195 151 151 198 198 131 131 143 143 321 321 155 155 445 445 287 287 273 273 282 282 297 297 261 261 308 308 281 281 259 259 306 306 243 243 292 292 305 305 267 267 268 268 291 291 250 250 267 267 304 304 276 276 291 291 303 303 249 249 290 290 303 303 239 239 249 249 448 448 273 273 265 265 273 273 448 448 455 455 454 454 279 279 286 286 436 436 264 264 441 441 444 444 285 285 263 263 299 299 271 271 262 262 430 430 251 251 278 278 289 289 266 266 275 275 445 445 286 286 287 287 264 264 436 436 300 300 310 310 311 311 450 450 288 288 325 325 326 326 325 325 288 288 255 255 325 325 255 255 256 256 302 302 301 301 274 274 280 280 446 446 296 296 299 299 298 298 271 271 437 437 448 448 265 265 331 331 288 288 326 326 440 440 304 304 291 291 263 263 295 295 444 444 318 318 319 319 221 221 239 239 303 303 442 442 268 268 306 306 305 305 277 277 307 307 293 293 259 259 294 294 308 308 251 251 430 430 294 294 282 282 283 283 297 297 285 285 299 299 262 262 248 248 223 223 238 238 286 286 213 213 234 234 263 263 229 229 272 272 263 263 211 211 229 229 281 281 244 244 259 259 293 293 216 216 258 258 293 293 231 231 216 216 276 276 249 249 240 240 273 273 236 236 265 265 273 273 235 235 236 236 274 274 220 220 237 237 247 247 211 211 263 263 289 289 238 238 266 266 438 438 237 237 255 255 287 287 234 234 273 273 441 441 232 232 279 279 285 285 247 247 263 263 284 284 228 228 245 245 297 297 227 227 261 261 278 278 297 297 430 430 447 447 252 252 435 435 431 431 270 270 284 284 440 440 291 291 267 267 446 446 280 280 289 289 437 437 254 254 301 301 311 311 296 296 451 451 296 296 311 311 312 312 297 297 283 283 433 433 326 326 327 327 331 331 307 307 281 281 308 308 292 292 293 293 453 453 442 442 289 289 275 275 438 438 288 288 461 461 262 262 218 218 247 247 261 261 227 227 217 217 276 276 240 240 250 250 257 257 222 222 248 248 207 207 241 241 226 226 213 213 286 286 233 233 219 219 254 254 236 236 185 185 244 244 258 258 186 186 259 259 244 244 209 209 227 227 251 251 195 195 247 247 218 218 198 198 233 233 232 232 214 214 256 256 255 255 224 224 266 266 238 238 233 233 279 279 232 232 237 237 438 438 302 302 255 255 288 288 438 438 276 276 304 304 290 290 277 277 281 281 307 307 261 261 283 283 282 282 253 253 298 298 435 435 272 272 295 295 263 263 252 252 245 245 210 210 228 228 270 270 283 283 252 252 284 284 245 245 253 253 271 271 298 298 218 218 262 262 271 271 229 229 264 264 272 272 239 239 275 275 224 224 225 225 249 249 239 239 226 226 267 267 250 250 226 226 241 241 267 267 254 254 437 437 265 265 246 246 271 271 253 253 235 235 273 273 234 234 236 236 254 254 265 265 241 241 242 242 268 268 217 217 228 228 283 283 194 194 246 246 253 253 218 218 271 271 246 246 212 212 232 232 264 264 317 317 318 318 204 204 274 274 301 301 254 254 241 241 268 268 267 267 242 242 306 306 268 268 258 258 277 277 293 293 258 258 281 281 277 277 256 256 324 324 325 325 203 203 215 215 320 320 215 215 319 319 320 320 250 250 291 291 276 276 222 222 314 314 315 315 257 257 314 314 222 222 257 257 248 248 296 296 312 312 313 313 296 296 324 324 256 256 323 323 429 429 456 456 328 328 329 329 429 429 328 328 328 328 456 456 327 327 244 244 281 281 258 258 237 237 302 302 274 274 238 238 289 289 280 280 231 231 293 293 292 292 251 251 294 294 259 259 260 260 297 297 278 278 284 284 447 447 434 434 253 253 435 435 252 252 249 249 276 276 290 290 260 260 278 278 251 251 227 227 269 269 260 260 228 228 284 284 270 270 247 247 285 285 262 262 232 232 441 441 264 264 233 233 286 286 279 279 234 234 287 287 286 286 238 238 280 280 248 248 224 224 275 275 266 266 677 677 680 680 679 679 679 679 678 678 677 677 682 682 681 681 683 683 683 683 684 684 682 682 702 702 698 698 706 706 690 690 692 692 689 689 706 706 710 710 703 703 697 697 696 696 705 705 704 704 706 706 698 698 703 703 702 702 706 706 701 701 699 699 708 708 708 708 709 709 700 700 689 689 708 708 699 699 699 699 690 690 689 689 707 707 705 705 696 696 688 688 687 687 697 697 710 710 707 707 703 703 709 709 704 704 700 700 696 696 703 703 707 707 695 695 700 700 704 704 692 692 694 694 693 693 698 698 695 695 704 704 691 691 689 689 692 692 693 693 694 694 685 685 685 685 686 686 693 693 693 693 691 691 692 692 700 700 701 701 708 708 697 697 705 705 688 688 756 756 711 711 728 728 728 728 727 727 756 756 742 742 741 741 752 752 724 724 747 747 754 754 756 756 727 727 726 726 745 745 744 744 752 752 748 748 747 747 724 724 756 756 719 719 720 720 755 755 718 718 719 719 716 716 717 717 750 750 717 717 718 718 755 755 753 753 738 738 737 737 749 749 733 733 732 732 741 741 740 740 752 752 752 752 740 740 739 739 753 753 737 737 736 736 749 749 724 724 733 733 749 749 732 732 731 731 752 752 743 743 742 742 744 744 743 743 752 752 750 750 753 753 712 712 736 736 735 735 753 753 756 756 723 723 711 711 726 726 725 725 756 756 756 756 725 725 724 724 731 731 730 730 749 749 752 752 746 746 745 745 729 729 734 734 749 749 722 722 723 723 756 756 735 735 715 715 753 753 739 739 751 751 752 752 753 753 757 757 739 739 749 749 748 748 724 724 756 756 720 720 721 721 755 755 750 750 717 717 715 715 714 714 753 753 753 753 713 713 712 712 721 721 722 722 756 756 758 758 751 751 739 739 712 712 716 716 750 750 739 739 738 738 753 753 753 753 714 714 713 713 730 730 729 729 749 749 724 724 754 754 756 756 719 719 756 756 755 755 757 757 758 758 739 739 769 769 800 800 805 805 802 802 763 763 785 785 800 800 770 770 771 771 802 802 771 771 759 759 771 771 802 802 800 800 767 767 768 768 804 804 804 804 777 777 764 764 804 804 783 783 772 772 804 804 775 775 776 776 794 794 795 795 801 801 786 786 787 787 802 802 781 781 782 782 799 799 792 792 793 793 801 801 804 804 764 764 765 765 795 795 796 796 801 801 760 760 761 761 802 802 802 802 759 759 760 760 804 804 766 766 767 767 765 765 766 766 804 804 800 800 769 769 770 770 785 785 786 786 802 802 773 773 774 774 804 804 802 802 788 788 789 789 762 762 763 763 802 802 801 801 803 803 789 789 783 783 804 804 797 797 783 783 798 798 799 799 797 797 798 798 783 783 804 804 774 774 775 775 803 803 806 806 789 789 768 768 769 769 805 805 805 805 804 804 768 768 799 799 782 782 783 783 791 791 792 792 801 801 801 801 790 790 791 791 801 801 793 793 794 794 780 780 781 781 799 799 802 802 787 787 788 788 801 801 789 789 790 790 799 799 779 779 780 780 789 789 806 806 802 802 799 799 784 784 778 778 802 802 761 761 762 762 799 799 778 778 779 779 804 804 772 772 773 773 776 776 777 777 804 804 807 807 810 810 809 809 810 810 808 808 809 809 813 813 816 816 814 814 816 816 813 813 811 811 817 817 815 815 814 814 817 817 816 816 818 818 814 814 815 815 812 812 812 812 813 813 814 814 814 814 816 816 817 817 818 818 816 816 811 811 823 823 824 824 821 821 820 820 824 824 819 819 822 822 825 825 824 824 822 822 823 823 821 821 822 822 824 824 823 823 819 819 824 824 826 826 824 824 825 825 826 826 820 820 821 821 824 824 830 830 829 829 828 828 829 829 827 827 828 828 835 835 834 834 837 837 836 836 835 835 837 837 836 836 837 837 838 838 832 832 836 836 838 838 833 833 835 835 836 836 833 833 831 831 835 835 833 833 836 836 832 832 835 835 831 831 834 834 842 842 840 840 841 841 840 840 839 839 841 841 845 845 844 844 846 846 845 845 846 846 843 843 849 849 850 850 848 848 847 847 850 850 852 852 849 849 851 851 850 850 851 851 852 852 850 850 854 854 853 853 855 855 856 856 854 854 855 855 859 859 860 860 858 858 857 857 860 860 859 859 862 862 864 864 866 866 864 864 865 865 866 866 865 865 864 864 861 861 863 863 865 865 861 861 869 869 868 868 867 867 870 870 868 868 869 869 874 874 875 875 873 873 872 872 874 874 873 873 873 873 875 875 871 871 881 881 879 879 877 877 877 877 878 878 881 881 881 881 880 880 879 879 880 880 881 881 882 882 876 876 880 880 882 882 886 886 884 884 885 885 884 884 883 883 885 885 893 893 892 892 895 895 895 895 889 889 893 893 889 889 895 895 896 896 888 888 891 891 892 892 888 888 887 887 891 891 894 894 895 895 887 887 888 888 892 892 893 893 890 890 895 895 894 894 891 891 887 887 895 895 893 893 889 889 888 888 887 887 890 890 894 894 895 895 892 892 891 891 900 900 898 898 899 899 898 898 897 897 899 899 902 902 904 904 905 905 903 903 905 905 904 904 902 902 905 905 901 901 906 906 911 911 912 912 910 910 911 911 909 909 906 906 912 912 913 913 908 908 910 910 909 909 908 908 909 909 907 907 906 906 909 909 911 911 919 919 917 917 918 918 918 918 915 915 914 914 918 918 916 916 915 915 917 917 916 916 918 918 920 920 923 923 922 922 922 922 924 924 921 921 923 923 924 924 922 922 926 926 929 929 931 931 930 930 931 931 929 929 927 927 930 930 929 929 927 927 928 928 925 925 927 927 929 929 928 928 934 934 933 933 932 932 934 934 935 935 933 933 938 938 936 936 939 939 938 938 939 939 937 937 942 942 944 944 943 943 941 941 943 943 944 944 943 943 940 940 942 942 941 941 944 944 945 945 947 947 946 946 948 948 948 948 949 949 947 947 953 953 950 950 951 951 953 953 951 951 952 952 954 954 957 957 959 959 957 957 958 958 959 959 957 957 955 955 956 956 956 956 958 958 957 957 964 964 961 961 963 963 962 962 961 961 960 960 961 961 962 962 963 963 965 965 970 970 967 967 970 970 969 969 967 967 968 968 969 969 966 966 969 969 970 970 966 966 973 973 974 974 975 975 973 973 975 975 972 972 971 971 975 975 974 974 980 980 976 976 979 979 977 977 980 980 978 978 980 980 979 979 978 978 984 984 985 985 983 983 983 983 982 982 984 984 982 982 983 983 981 981 984 984 986 986 985 985 988 988 990 990 989 989 989 989 987 987 988 988 993 993 991 991 992 992 992 992 994 994 993 993 997 997 996 996 995 995 995 995 998 998 997 997 1001 1001 999 999 1000 1000 1000 1000 1002 1002 1001 1001 1005 1005 1004 1004 1003 1003 1003 1003 1006 1006 1005 1005 1009 1009 1008 1008 1007 1007 1007 1007 1010 1010 1009 1009 1011 1011 1014 1014 1013 1013 1013 1013 1012 1012 1011 1011 1015 1015 1018 1018 1017 1017 1017 1017 1016 1016 1015 1015 1019 1019 1020 1020 1021 1021 1021 1021 1022 1022 1019 1019 1024 1024 1026 1026 1025 1025 1025 1025 1023 1023 1024 1024 1032 1032 1033 1033 1034 1034 1028 1028 1033 1033 1032 1032 1032 1032 1027 1027 1028 1028 1032 1032 1034 1034 1031 1031 1030 1030 1032 1032 1031 1031 1031 1031 1029 1029 1030 1030 1035 1035 1038 1038 1037 1037 1038 1038 1035 1035 1036 1036 1039 1039 1041 1041 1042 1042 1042 1042 1040 1040 1039 1039 1046 1046 1045 1045 1043 1043 1043 1043 1044 1044 1046 1046 1049 1049 1048 1048 1047 1047 1050 1050 1049 1049 1047 1047 1053 1053 1054 1054 1051 1051 1051 1051 1052 1052 1053 1053 1059 1059 1064 1064 1057 1057 1068 1068 1079 1079 1078 1078 1077 1077 1073 1073 1068 1068 1070 1070 1077 1077 1069 1069 1063 1063 1061 1061 1062 1062 1078 1078 1069 1069 1068 1068 1072 1072 1076 1076 1064 1064 1068 1068 1069 1069 1077 1077 1057 1057 1064 1064 1076 1076 1063 1063 1065 1065 1061 1061 1065 1065 1063 1063 1066 1066 1065 1065 1066 1066 1067 1067 1073 1073 1058 1058 1068 1068 1065 1065 1067 1067 1071 1071 1071 1071 1076 1076 1065 1065 1076 1076 1071 1071 1057 1057 1062 1062 1074 1074 1063 1063 1056 1056 1062 1062 1055 1055 1057 1057 1060 1060 1059 1059 1056 1056 1074 1074 1062 1062 1060 1060 1075 1075 1059 1059 1058 1058 1073 1073 1075 1075 1075 1075 1060 1060 1058 1058 1081 1081 1082 1082 1087 1087 1087 1087 1084 1084 1081 1081 1082 1082 1080 1080 1086 1086 1083 1083 1085 1085 1086 1086 1086 1086 1087 1087 1082 1082 1086 1086 1080 1080 1083 1083 1091 1091 1088 1088 1089 1089 1091 1091 1090 1090 1088 1088 1093 1093 1094 1094 1095 1095 1093 1093 1092 1092 1094 1094 1097 1097 1096 1096 1098 1098 1099 1099 1098 1098 1096 1096 1106 1106 1101 1101 1100 1100 1101 1101 1106 1106 1104 1104 1100 1100 1103 1103 1105 1105 1102 1102 1101 1101 1104 1104 1100 1100 1105 1105 1106 1106 1110 1110 1109 1109 1107 1107 1107 1107 1108 1108 1110 1110 1112 1112 1113 1113 1114 1114 1114 1114 1111 1111 1112 1112 1118 1118 1115 1115 1116 1116 1116 1116 1117 1117 1118 1118 1119 1119 1122 1122 1121 1121 1121 1121 1120 1120 1119 1119 1125 1125 1123 1123 1124 1124 1124 1124 1126 1126 1125 1125 1129 1129 1128 1128 1127 1127 1130 1130 1131 1131 1127 1127 1131 1131 1129 1129 1127 1127 1133 1133 1135 1135 1134 1134 1134 1134 1132 1132 1133 1133 1138 1138 1136 1136 1137 1137 1136 1136 1138 1138 1139 1139 1143 1143 1140 1140 1141 1141 1143 1143 1142 1142 1140 1140 1148 1148 1144 1144 1145 1145 1148 1148 1149 1149 1144 1144 1147 1147 1145 1145 1146 1146 1147 1147 1148 1148 1145 1145 1150 1150 1153 1153 1152 1152 1152 1152 1151 1151 1150 1150 1165 1165 1167 1167 1164 1164 1158 1158 1162 1162 1161 1161 1163 1163 1164 1164 1158 1158 1157 1157 1162 1162 1160 1160 1155 1155 1159 1159 1165 1165 1157 1157 1160 1160 1156 1156 1155 1155 1165 1165 1154 1154 1161 1161 1163 1163 1158 1158 1162 1162 1158 1158 1160 1160 1164 1164 1163 1163 1165 1165 1166 1166 1167 1167 1159 1159 1167 1167 1165 1165 1159 1159 1169 1169 1171 1171 1170 1170 1170 1170 1168 1168 1169 1169 1172 1172 1175 1175 1174 1174 1174 1174 1173 1173 1172 1172 1179 1179 1176 1176 1177 1177 1177 1177 1178 1178 1179 1179 1180 1180 1181 1181 1183 1183 1180 1180 1183 1183 1182 1182 1185 1185 1186 1186 1187 1187 1186 1186 1185 1185 1184 1184 1188 1188 1190 1190 1191 1191 1189 1189 1188 1188 1191 1191 1194 1194 1193 1193 1192 1192 1195 1195 1194 1194 1192 1192 1196 1196 1199 1199 1198 1198 1198 1198 1197 1197 1196 1196 1202 1202 1200 1200 1201 1201 1200 1200 1201 1201 1202 1202 1206 1206 1205 1205 1203 1203 1205 1205 1204 1204 1203 1203 1209 1209 1210 1210 1207 1207 1209 1209 1207 1207 1208 1208 1213 1213 1212 1212 1211 1211 1214 1214 1213 1213 1211 1211 1217 1217 1215 1215 1216 1216 1216 1216 1218 1218 1217 1217 1221 1221 1219 1219 1220 1220 1220 1220 1222 1222 1221 1221 1225 1225 1224 1224 1223 1223 1223 1223 1226 1226 1225 1225 1229 1229 1230 1230 1227 1227 1227 1227 1228 1228 1229 1229 1234 1234 1231 1231 1232 1232 1232 1232 1233 1233 1234 1234 1236 1236 1238 1238 1237 1237 1237 1237 1235 1235 1236 1236 1239 1239 1240 1240 1241 1241 1241 1241 1242 1242 1239 1239 1244 1244 1245 1245 1246 1246 1246 1246 1243 1243 1244 1244 1248 1248 1249 1249 1251 1251 1248 1248 1251 1251 1250 1250 1250 1250 1247 1247 1248 1248 1255 1255 1253 1253 1252 1252 1252 1252 1254 1254 1255 1255 1256 1256 1257 1257 1259 1259 1257 1257 1258 1258 1259 1259 1263 1263 1269 1269 1270 1270 1263 1263 1264 1264 1269 1269 1270 1270 1265 1265 1263 1263 1260 1260 1268 1268 1269 1269 1267 1267 1268 1268 1262 1262 1266 1266 1267 1267 1261 1261 1260 1260 1262 1262 1268 1268 1267 1267 1262 1262 1261 1261 1269 1269 1264 1264 1260 1260 1273 1273 1274 1274 1272 1272 1271 1271 1272 1272 1274 1274 1277 1277 1282 1282 1279 1279 1281 1281 1280 1280 1278 1278 1280 1280 1282 1282 1277 1277 1275 1275 1276 1276 1279 1279 1277 1277 1278 1278 1280 1280 1279 1279 1276 1276 1277 1277 1290 1290 1283 1283 1286 1286 1289 1289 1286 1286 1284 1284 1285 1285 1283 1283 1291 1291 1284 1284 1288 1288 1289 1289 1286 1286 1289 1289 1290 1290 1285 1285 1291 1291 1292 1292 1290 1290 1291 1291 1283 1283 1287 1287 1285 1285 1292 1292 1293 1293 1296 1296 1295 1295 1295 1295 1294 1294 1293 1293 1299 1299 1297 1297 1298 1298 1298 1298 1300 1300 1299 1299 1304 1304 1301 1301 1302 1302 1303 1303 1304 1304 1302 1302 1308 1308 1307 1307 1306 1306 1307 1307 1305 1305 1306 1306 1309 1309 1313 1313 1312 1312 1313 1313 1309 1309 1311 1311 1310 1310 1309 1309 1312 1312 1316 1316 1315 1315 1314 1314 1314 1314 1317 1317 1316 1316 1321 1321 1320 1320 1318 1318 1321 1321 1318 1318 1319 1319 1323 1323 1324 1324 1325 1325 1324 1324 1323 1323 1322 1322 1329 1329 1327 1327 1326 1326 1328 1328 1329 1329 1326 1326 1332 1332 1331 1331 1330 1330 1330 1330 1333 1333 1332 1332 1340 1340 1343 1343 1344 1344 1343 1343 1340 1340 1341 1341 1337 1337 1334 1334 1336 1336 1335 1335 1336 1336 1334 1334 1336 1336 1338 1338 1337 1337 1338 1338 1344 1344 1337 1337 1340 1340 1346 1346 1345 1345 1345 1345 1341 1341 1340 1340 1344 1344 1338 1338 1339 1339 1342 1342 1343 1343 1341 1341 1344 1344 1339 1339 1340 1340 1347 1347 1348 1348 1350 1350 1347 1347 1350 1350 1349 1349 1353 1353 1352 1352 1351 1351 1354 1354 1353 1353 1351 1351 1360 1360 1357 1357 1355 1355 1357 1357 1360 1360 1359 1359 1358 1358 1356 1356 1357 1357 1359 1359 1358 1358 1357 1357 1362 1362 1364 1364 1363 1363 1363 1363 1361 1361 1362 1362 1366 1366 1367 1367 1368 1368 1368 1368 1365 1365 1366 1366 1370 1370 1371 1371 1372 1372 1372 1372 1369 1369 1370 1370 1374 1374 1376 1376 1375 1375 1375 1375 1373 1373 1374 1374 1377 1377 1380 1380 1379 1379 1379 1379 1378 1378 1377 1377 1383 1383 1384 1384 1381 1381 1381 1381 1382 1382 1383 1383 1388 1388 1385 1385 1386 1386 1387 1387 1388 1388 1386 1386 1392 1392 1390 1390 1389 1389 1390 1390 1392 1392 1391 1391 1395 1395 1396 1396 1393 1393 1396 1396 1394 1394 1393 1393 1399 1399 1400 1400 1397 1397 1397 1397 1398 1398 1399 1399 1402 1402 1403 1403 1404 1404 1403 1403 1402 1402 1401 1401 1407 1407 1405 1405 1406 1406 1405 1405 1407 1407 1408 1408 1411 1411 1409 1409 1410 1410 1410 1410 1412 1412 1411 1411 1415 1415 1414 1414 1413 1413 1413 1413 1416 1416 1415 1415 1418 1418 1419 1419 1420 1420 1419 1419 1418 1418 1417 1417 1422 1422 1424 1424 1423 1423 1423 1423 1421 1421 1422 1422 1426 1426 1428 1428 1427 1427 1427 1427 1425 1425 1426 1426 1429 1429 1432 1432 1431 1431 1430 1430 1429 1429 1431 1431 1435 1435 1433 1433 1434 1434 1434 1434 1436 1436 1435 1435 1437 1437 1439 1439 1440 1440 1440 1440 1438 1438 1437 1437 1444 1444 1441 1441 1442 1442 1442 1442 1443 1443 1444 1444 1446 1446 1447 1447 1448 1448 1445 1445 1446 1446 1448 1448 1450 1450 1452 1452 1451 1451 1451 1451 1449 1449 1450 1450 1455 1455 1453 1453 1456 1456 1456 1456 1459 1459 1457 1457 1457 1457 1455 1455 1456 1456 1454 1454 1458 1458 1456 1456 1453 1453 1454 1454 1456 1456 1462 1462 1461 1461 1460 1460 1460 1460 1463 1463 1462 1462 1466 1466 1465 1465 1464 1464 1465 1465 1466 1466 1467 1467 1470 1470 1468 1468 1469 1469 1469 1469 1471 1471 1470 1470 1475 1475 1473 1473 1472 1472 1472 1472 1474 1474 1475 1475 1476 1476 1479 1479 1478 1478 1478 1478 1477 1477 1476 1476 1480 1480 1482 1482 1483 1483 1481 1481 1480 1480 1483 1483 1484 1484 1485 1485 1487 1487 1485 1485 1486 1486 1487 1487 1491 1491 1489 1489 1488 1488 1490 1490 1491 1491 1488 1488 1493 1493 1494 1494 1495 1495 1493 1493 1492 1492 1494 1494 1504 1504 1503 1503 1498 1498 1497 1497 1506 1506 1505 1505 1505 1505 1504 1504 1501 1501 1506 1506 1497 1497 1496 1496 1502 1502 1496 1496 1499 1499 1502 1502 1506 1506 1496 1496 1503 1503 1500 1500 1498 1498 1504 1504 1498 1498 1501 1501 1501 1501 1497 1497 1505 1505 1509 1509 1508 1508 1507 1507 1507 1507 1510 1510 1509 1509 1511 1511 1515 1515 1516 1516 1512 1512 1517 1517 1514 1514 1516 1516 1513 1513 1511 1511 1512 1512 1513 1513 1517 1517 1513 1513 1516 1516 1517 1517 1521 1521 1518 1518 1519 1519 1520 1520 1521 1521 1519 1519 1523 1523 1525 1525 1524 1524 1524 1524 1522 1522 1523 1523 1530 1530 1531 1531 1542 1542 1527 1527 1537 1537 1533 1533 1543 1543 1536 1536 1538 1538 1542 1542 1528 1528 1534 1534 1532 1532 1544 1544 1545 1545 1548 1548 1539 1539 1546 1546 1528 1528 1532 1532 1545 1545 1528 1528 1529 1529 1532 1532 1528 1528 1542 1542 1529 1529 1542 1542 1534 1534 1530 1530 1527 1527 1533 1533 1526 1526 1548 1548 1549 1549 1547 1547 1545 1545 1543 1543 1528 1528 1531 1531 1530 1530 1548 1548 1536 1536 1543 1543 1535 1535 1540 1540 1546 1546 1539 1539 1547 1547 1539 1539 1548 1548 1533 1533 1537 1537 1536 1536 1543 1543 1538 1538 1541 1541 1548 1548 1546 1546 1531 1531 1536 1536 1535 1535 1533 1533 1543 1543 1541 1541 1528 1528 1552 1552 1550 1550 1554 1554 1552 1552 1555 1555 1553 1553 1554 1554 1555 1555 1552 1552 1553 1553 1551 1551 1552 1552 1559 1559 1558 1558 1556 1556 1559 1559 1556 1556 1557 1557 1562 1562 1561 1561 1560 1560 1561 1561 1562 1562 1563 1563 1564 1564 1566 1566 1567 1567 1568 1568 1566 1566 1565 1565 1566 1566 1568 1568 1567 1567 1572 1572 1571 1571 1570 1570 1571 1571 1569 1569 1570 1570 1574 1574 1578 1578 1576 1576 1576 1576 1575 1575 1574 1574 1578 1578 1574 1574 1573 1573 1577 1577 1578 1578 1573 1573 1580 1580 1582 1582 1581 1581 1581 1581 1579 1579 1580 1580 1584 1584 1585 1585 1586 1586 1586 1586 1583 1583 1584 1584 1590 1590 1587 1587 1588 1588 1588 1588 1589 1589 1590 1590 1591 1591 1594 1594 1593 1593 1593 1593 1592 1592 1591 1591 1597 1597 1595 1595 1596 1596 1597 1597 1599 1599 1595 1595 1596 1596 1598 1598 1597 1597 1602 1602 1603 1603 1601 1601 1602 1602 1601 1601 1600 1600 1604 1604 1607 1607 1606 1606 1606 1606 1605 1605 1604 1604 1610 1610 1608 1608 1609 1609 1609 1609 1611 1611 1610 1610 1613 1613 1614 1614 1615 1615 1615 1615 1612 1612 1613 1613 1619 1619 1617 1617 1616 1616 1616 1616 1618 1618 1619 1619 1623 1623 1620 1620 1621 1621 1621 1621 1622 1622 1623 1623 1627 1627 1625 1625 1624 1624 1624 1624 1626 1626 1628 1628 1624 1624 1628 1628 1627 1627 1634 1634 1636 1636 1633 1633 1636 1636 1635 1635 1633 1633 1637 1637 1633 1633 1635 1635 1635 1635 1636 1636 1632 1632 1630 1630 1632 1632 1631 1631 1632 1632 1630 1630 1635 1635 1635 1635 1638 1638 1637 1637 1631 1631 1629 1629 1630 1630 1641 1641 1639 1639 1640 1640 1642 1642 1641 1641 1640 1640 1645 1645 1644 1644 1643 1643 1643 1643 1646 1646 1645 1645 1649 1649 1647 1647 1648 1648 1648 1648 1650 1650 1649 1649 1652 1652 1653 1653 1654 1654 1654 1654 1651 1651 1652 1652 1658 1658 1655 1655 1656 1656 1656 1656 1657 1657 1658 1658 1662 1662 1661 1661 1660 1660 1660 1660 1659 1659 1662 1662 1666 1666 1664 1664 1663 1663 1666 1666 1665 1665 1664 1664 1669 1669 1668 1668 1667 1667 1667 1667 1670 1670 1669 1669 1678 1678 1685 1685 1684 1684 1682 1682 1674 1674 1677 1677 1684 1684 1680 1680 1678 1678 1675 1675 1676 1676 1673 1673 1680 1680 1681 1681 1683 1683 1678 1678 1680 1680 1683 1683 1676 1676 1677 1677 1673 1673 1683 1683 1679 1679 1678 1678 1679 1679 1683 1683 1674 1674 1677 1677 1676 1676 1682 1682 1673 1673 1671 1671 1675 1675 1671 1671 1672 1672 1675 1675 1674 1674 1682 1682 1679 1679 1686 1686 1687 1687 1689 1689 1689 1689 1688 1688 1686 1686 1692 1692 1693 1693 1691 1691 1693 1693 1690 1690 1691 1691 1695 1695 1697 1697 1696 1696 1696 1696 1694 1694 1695 1695 1701 1701 1698 1698 1699 1699 1698 1698 1701 1701 1700 1700 1705 1705 1702 1702 1703 1703 1702 1702 1705 1705 1704 1704 1708 1708 1707 1707 1706 1706 1709 1709 1708 1708 1706 1706 1713 1713 1710 1710 1711 1711 1711 1711 1712 1712 1713 1713 1716 1716 1717 1717 1715 1715 1715 1715 1714 1714 1716 1716 1720 1720 1718 1718 1719 1719 1719 1719 1721 1721 1720 1720 1723 1723 1725 1725 1724 1724 1724 1724 1722 1722 1723 1723 1727 1727 1728 1728 1729 1729 1726 1726 1727 1727 1729 1729 1732 1732 1731 1731 1730 1730 1730 1730 1733 1733 1732 1732 1735 1735 1737 1737 1738 1738 1739 1739 1734 1734 1735 1735 1735 1735 1738 1738 1739 1739 1737 1737 1735 1735 1736 1736 1759 1759 1749 1749 1742 1742 1748 1748 1743 1743 1741 1741 1750 1750 1751 1751 1746 1746 1750 1750 1746 1746 1745 1745 1747 1747 1756 1756 1752 1752 1749 1749 1753 1753 1742 1742 1748 1748 1746 1746 1751 1751 1741 1741 1758 1758 1757 1757 1754 1754 1755 1755 1744 1744 1744 1744 1745 1745 1754 1754 1758 1758 1741 1741 1740 1740 1757 1757 1748 1748 1741 1741 1756 1756 1747 1747 1753 1753 1753 1753 1749 1749 1756 1756 1752 1752 1754 1754 1747 1747 1748 1748 1751 1751 1743 1743 1754 1754 1752 1752 1755 1755 1744 1744 1750 1750 1745 1745 1762 1762 1760 1760 1761 1761 1761 1761 1763 1763 1762 1762 1765 1765 1766 1766 1767 1767 1767 1767 1764 1764 1765 1765 1768 1768 1769 1769 1771 1771 1768 1768 1771 1771 1770 1770 1775 1775 1773 1773 1772 1772 1773 1773 1775 1775 1774 1774 1777 1777 1778 1778 1779 1779 1778 1778 1777 1777 1776 1776 1782 1782 1781 1781 1780 1780 1780 1780 1783 1783 1782 1782 1787 1787 1784 1784 1785 1785 1786 1786 1787 1787 1785 1785 1787 1787 1788 1788 1784 1784 1792 1792 1791 1791 1789 1789 1791 1791 1790 1790 1789 1789 1796 1796 1793 1793 1794 1794 1793 1793 1796 1796 1795 1795 1797 1797 1799 1799 1800 1800 1798 1798 1797 1797 1800 1800 1804 1804 1802 1802 1801 1801 1802 1802 1804 1804 1803 1803 1805 1805 1807 1807 1808 1808 1808 1808 1806 1806 1805 1805 1810 1810 1812 1812 1811 1811 1811 1811 1809 1809 1810 1810 1813 1813 1816 1816 1815 1815 1815 1815 1814 1814 1813 1813 1819 1819 1818 1818 1817 1817 1817 1817 1820 1820 1819 1819 1823 1823 1821 1821 1822 1822 1822 1822 1824 1824 1823 1823 1827 1827 1826 1826 1825 1825 1825 1825 1828 1828 1827 1827 1831 1831 1829 1829 1830 1830 1830 1830 1832 1832 1831 1831 1833 1833 1834 1834 1835 1835 1835 1835 1836 1836 1833 1833 1838 1838 1840 1840 1839 1839 1839 1839 1837 1837 1838 1838 1845 1845 1841 1841 1842 1842 1843 1843 1844 1844 1845 1845 1842 1842 1846 1846 1845 1845 1845 1845 1846 1846 1847 1847 1845 1845 1847 1847 1843 1843 1848 1848 1851 1851 1850 1850 1851 1851 1848 1848 1849 1849 1853 1853 1856 1856 1855 1855 1856 1856 1853 1853 1852 1852 1854 1854 1856 1856 1852 1852 1860 1860 1859 1859 1857 1857 1857 1857 1858 1858 1860 1860 1862 1862 1861 1861 1864 1864 1864 1864 1863 1863 1862 1862 1868 1868 1865 1865 1866 1866 1867 1867 1868 1868 1866 1866 1869 1869 1870 1870 1871 1871 1869 1869 1871 1871 1872 1872 1875 1875 1876 1876 1873 1873 1876 1876 1874 1874 1873 1873 1877 1877 1878 1878 1879 1879 1878 1878 1880 1880 1879 1879 1886 1886 1888 1888 1883 1883 1888 1888 1887 1887 1884 1884 1881 1881 1884 1884 1887 1887 1888 1888 1884 1884 1883 1883 1885 1885 1886 1886 1882 1882 1883 1883 1882 1882 1886 1886 1890 1890 1891 1891 1892 1892 1891 1891 1890 1890 1889 1889 1896 1896 1894 1894 1893 1893 1893 1893 1895 1895 1896 1896 1901 1901 1900 1900 1905 1905 1910 1910 1909 1909 1914 1914 1915 1915 1908 1908 1911 1911 1903 1903 1906 1906 1907 1907 1918 1918 1916 1916 1913 1913 1911 1911 1919 1919 1915 1915 1907 1907 1910 1910 1914 1914 1916 1916 1912 1912 1913 1913 1901 1901 1905 1905 1904 1904 1916 1916 1919 1919 1912 1912 1902 1902 1901 1901 1904 1904 1914 1914 1917 1917 1907 1907 1911 1911 1912 1912 1919 1919 1906 1906 1903 1903 1902 1902 1900 1900 1899 1899 1905 1905 1898 1898 1913 1913 1897 1897 1902 1902 1904 1904 1906 1906 1917 1917 1918 1918 1903 1903 1918 1918 1913 1913 1903 1903 1907 1907 1917 1917 1903 1903 1898 1898 1903 1903 1913 1913 1909 1909 1908 1908 1915 1915 1915 1915 1914 1914 1909 1909 1923 1923 1921 1921 1920 1920 1921 1921 1923 1923 1922 1922 1929 1929 1928 1928 1925 1925 1928 1928 1926 1926 1925 1925 1926 1926 1928 1928 1927 1927 1927 1927 1924 1924 1926 1926 1932 1932 1930 1930 1931 1931 1932 1932 1933 1933 1930 1930 1936 1936 1935 1935 1934 1934 1934 1934 1937 1937 1936 1936 1938 1938 1941 1941 1940 1940 1938 1938 1939 1939 1941 1941 1945 1945 1943 1943 1944 1944 1946 1946 1947 1947 1942 1942 1946 1946 1942 1942 1943 1943 1943 1943 1945 1945 1946 1946 1954 1954 1951 1951 1950 1950 1964 1964 1953 1953 1952 1952 1969 1969 1965 1965 1962 1962 1955 1955 1956 1956 1950 1950 1962 1962 1965 1965 1964 1964 1962 1962 1961 1961 1969 1969 1969 1969 1961 1961 1960 1960 1958 1958 1962 1962 1964 1964 1960 1960 1966 1966 1967 1967 1960 1960 1959 1959 1966 1966 1952 1952 1957 1957 1958 1958 1950 1950 1949 1949 1955 1955 1951 1951 1954 1954 1957 1957 1953 1953 1963 1963 1948 1948 1964 1964 1968 1968 1953 1953 1950 1950 1956 1956 1954 1954 1968 1968 1963 1963 1953 1953 1957 1957 1952 1952 1951 1951 1959 1959 1963 1963 1968 1968 1960 1960 1967 1967 1969 1969 1959 1959 1968 1968 1966 1966 1958 1958 1964 1964 1952 1952 1971 1971 1970 1970 1973 1973 1973 1973 1972 1972 1971 1971 1974 1974 1977 1977 1976 1976 1977 1977 1974 1974 1975 1975 1979 1979 1981 1981 1980 1980 1978 1978 1979 1979 1980 1980 1982 1982 1984 1984 1985 1985 1985 1985 1983 1983 1982 1982 1989 1989 1990 1990 1986 1986 1989 1989 1987 1987 1988 1988 1989 1989 1986 1986 1987 1987 2003 2003 2012 2012 1992 1992 2012 2012 1994 1994 1992 1992 2010 2010 1995 1995 1994 1994 1994 1994 2012 2012 2010 2010 2004 2004 2001 2001 2006 2006 2011 2011 2006 2006 2001 2001 1992 1992 1993 1993 2003 2003 1998 1998 2008 2008 2007 2007 1998 1998 2007 2007 2009 2009 2008 2008 1996 1996 1995 1995 1994 1994 2005 2005 1991 1991 2000 2000 2009 2009 2011 2011 2011 2011 2001 2001 2000 2000 2006 2006 2012 2012 2003 2003 1997 1997 1996 1996 2008 2008 2008 2008 1998 1998 1997 1997 2003 2003 2002 2002 2006 2006 2010 2010 2008 2008 1995 1995 2002 2002 2004 2004 2006 2006 1991 1991 1992 1992 1994 1994 2000 2000 1999 1999 2009 2009 2009 2009 1999 1999 1998 1998 2013 2013 2015 2015 2016 2016 2016 2016 2014 2014 2013 2013 2018 2018 2020 2020 2019 2019 2019 2019 2017 2017 2018 2018 2024 2024 2021 2021 2022 2022 2024 2024 2023 2023 2021 2021 2028 2028 2025 2025 2026 2026 2025 2025 2028 2028 2027 2027 2032 2032 2030 2030 2029 2029 2030 2030 2032 2032 2031 2031 2033 2033 2036 2036 2035 2035 2033 2033 2034 2034 2036 2036 2037 2037 2036 2036 2034 2034 2038 2038 2041 2041 2040 2040 2039 2039 2038 2038 2040 2040 2046 2046 2048 2048 2049 2049 2049 2049 2042 2042 2044 2044 2049 2049 2044 2044 2045 2045 2042 2042 2043 2043 2044 2044 2049 2049 2045 2045 2046 2046 2048 2048 2046 2046 2047 2047 2059 2059 2062 2062 2066 2066 2051 2051 2063 2063 2064 2064 2063 2063 2050 2050 2058 2058 2062 2062 2059 2059 2055 2055 2062 2062 2055 2055 2053 2053 2063 2063 2051 2051 2050 2050 2052 2052 2051 2051 2064 2064 2065 2065 2058 2058 2057 2057 2065 2065 2063 2063 2058 2058 2057 2057 2056 2056 2066 2066 2060 2060 2053 2053 2054 2054 2061 2061 2065 2065 2057 2057 2066 2066 2056 2056 2059 2059 2066 2066 2061 2061 2057 2057 2054 2054 2052 2052 2064 2064 2060 2060 2062 2062 2053 2053 2064 2064 2060 2060 2054 2054 2068 2068 2067 2067 2070 2070 2068 2068 2070 2070 2069 2069 2072 2072 2074 2074 2073 2073 2071 2071 2072 2072 2073 2073 2075 2075 2078 2078 2077 2077 2077 2077 2076 2076 2075 2075 2081 2081 2080 2080 2079 2079 2079 2079 2082 2082 2081 2081 2083 2083 2086 2086 2085 2085 2085 2085 2084 2084 2083 2083 2089 2089 2090 2090 2087 2087 2089 2089 2087 2087 2088 2088 2098 2098 2096 2096 2097 2097 2092 2092 2094 2094 2095 2095 2096 2096 2098 2098 2091 2091 2095 2095 2091 2091 2092 2092 2092 2092 2093 2093 2094 2094 2091 2091 2095 2095 2096 2096 2103 2103 2104 2104 2112 2112 2105 2105 2111 2111 2112 2112 2112 2112 2104 2104 2105 2105 2107 2107 2108 2108 2109 2109 2102 2102 2110 2110 2099 2099 2107 2107 2110 2110 2111 2111 2101 2101 2102 2102 2099 2099 2109 2109 2099 2099 2107 2107 2111 2111 2106 2106 2107 2107 2102 2102 2103 2103 2112 2112 2105 2105 2106 2106 2111 2111 2107 2107 2099 2099 2110 2110 2099 2099 2100 2100 2101 2101 2112 2112 2110 2110 2102 2102 2114 2114 2115 2115 2116 2116 2116 2116 2113 2113 2114 2114 2120 2120 2118 2118 2117 2117 2117 2117 2119 2119 2120 2120 2124 2124 2123 2123 2122 2122 2122 2122 2121 2121 2124 2124 2128 2128 2129 2129 2138 2138 2127 2127 2128 2128 2125 2125 2138 2138 2136 2136 2128 2128 2133 2133 2134 2134 2135 2135 2125 2125 2126 2126 2127 2127 2129 2129 2130 2130 2138 2138 2137 2137 2132 2132 2133 2133 2131 2131 2132 2132 2137 2137 2135 2135 2125 2125 2133 2133 2133 2133 2125 2125 2136 2136 2128 2128 2136 2136 2125 2125 2133 2133 2136 2136 2137 2137 2131 2131 2137 2137 2138 2138 2138 2138 2130 2130 2131 2131 2140 2140 2141 2141 2142 2142 2142 2142 2139 2139 2140 2140 2143 2143 2145 2145 2146 2146 2146 2146 2144 2144 2143 2143 2147 2147 2150 2150 2149 2149 2149 2149 2148 2148 2147 2147 2151 2151 2157 2157 2156 2156 2166 2166 2165 2165 2158 2158 2168 2168 2158 2158 2159 2159 2167 2167 2168 2168 2160 2160 2165 2165 2169 2169 2151 2151 2161 2161 2157 2157 2169 2169 2151 2151 2169 2169 2157 2157 2151 2151 2152 2152 2165 2165 2155 2155 2154 2154 2164 2164 2154 2154 2153 2153 2164 2164 2165 2165 2152 2152 2158 2158 2168 2168 2159 2159 2160 2160 2167 2167 2160 2160 2161 2161 2164 2164 2163 2163 2155 2155 2155 2155 2163 2163 2162 2162 2158 2158 2168 2168 2166 2166 2162 2162 2151 2151 2156 2156 2162 2162 2156 2156 2155 2155 2169 2169 2167 2167 2161 2161 2172 2172 2170 2170 2171 2171 2173 2173 2172 2172 2171 2171 2177 2177 2175 2175 2174 2174 2174 2174 2176 2176 2177 2177 2181 2181 2179 2179 2178 2178 2178 2178 2182 2182 2181 2181 2181 2181 2180 2180 2179 2179 2184 2184 2186 2186 2185 2185 2185 2185 2183 2183 2184 2184 2191 2191 2188 2188 2189 2189 2191 2191 2187 2187 2188 2188 2189 2189 2190 2190 2191 2191 2286 2286 2203 2203 2287 2287 2275 2275 2271 2271 2341 2341 2233 2233 2231 2231 2229 2229 2336 2336 2337 2337 2341 2341 2340 2340 2336 2336 2341 2341 2334 2334 2203 2203 2286 2286 2287 2287 2203 2203 2204 2204 2213 2213 2289 2289 2288 2288 2204 2204 2288 2288 2287 2287 2261 2261 2227 2227 2341 2341 2280 2280 2282 2282 2274 2274 2275 2275 2283 2283 2271 2271 2396 2396 2390 2390 2196 2196 2394 2394 2196 2196 2390 2390 2280 2280 2281 2281 2276 2276 2273 2273 2269 2269 2227 2227 2277 2277 2226 2226 2227 2227 2276 2276 2279 2279 2280 2280 2341 2341 2225 2225 2261 2261 2335 2335 2214 2214 2341 2341 2341 2341 2271 2271 2340 2340 2214 2214 2335 2335 2215 2215 2267 2267 2266 2266 2217 2217 2217 2217 2200 2200 2267 2267 2259 2259 2225 2225 2217 2217 2372 2372 2373 2373 2363 2363 2370 2370 2241 2241 2198 2198 2200 2200 2264 2264 2268 2268 2225 2225 2341 2341 2217 2217 2285 2285 2202 2202 2271 2271 2352 2352 2346 2346 2343 2343 2345 2345 2344 2344 2199 2199 2342 2342 2355 2355 2217 2217 2196 2196 2208 2208 2396 2396 2394 2394 2395 2395 2195 2195 2207 2207 2308 2308 2321 2321 2360 2360 2377 2377 2371 2371 2367 2367 2370 2370 2198 2198 2321 2321 2308 2308 2315 2315 2317 2317 2319 2319 2323 2323 2322 2322 2212 2212 2211 2211 2359 2359 2367 2367 2198 2198 2210 2210 2326 2326 2325 2325 2320 2320 2210 2210 2325 2325 2374 2374 2368 2368 2377 2377 2325 2325 2324 2324 2320 2320 2314 2314 2310 2310 2297 2297 2307 2307 2308 2308 2207 2207 2213 2213 2293 2293 2294 2294 2337 2337 2338 2338 2341 2341 2297 2297 2205 2205 2314 2314 2302 2302 2309 2309 2297 2297 2270 2270 2201 2201 2202 2202 2292 2292 2291 2291 2204 2204 2290 2290 2292 2292 2204 2204 2286 2286 2289 2289 2213 2213 2239 2239 2245 2245 2238 2238 2218 2218 2249 2249 2241 2241 2243 2243 2246 2246 2244 2244 2197 2197 2252 2252 2251 2251 2319 2319 2317 2317 2316 2316 2342 2342 2217 2217 2378 2378 2202 2202 2285 2285 2270 2270 2273 2273 2227 2227 2201 2201 2269 2269 2284 2284 2280 2280 2279 2279 2269 2269 2280 2280 2272 2272 2273 2273 2201 2201 2198 2198 2369 2369 2359 2359 2366 2366 2374 2374 2241 2241 2363 2363 2361 2361 2372 2372 2335 2335 2286 2286 2213 2213 2208 2208 2378 2378 2217 2217 2213 2213 2294 2294 2295 2295 2205 2205 2296 2296 2290 2290 2291 2291 2293 2293 2204 2204 2293 2293 2213 2213 2204 2204 2274 2274 2281 2281 2280 2280 2297 2297 2216 2216 2213 2213 2400 2400 2399 2399 2398 2398 2195 2195 2397 2397 2405 2405 2254 2254 2252 2252 2197 2197 2197 2197 2247 2247 2254 2254 2251 2251 2253 2253 2197 2197 2331 2331 2340 2340 2271 2271 2271 2271 2202 2202 2328 2328 2296 2296 2205 2205 2297 2297 2295 2295 2297 2297 2213 2213 2344 2344 2356 2356 2199 2199 2406 2406 2404 2404 2193 2193 2406 2406 2405 2405 2401 2401 2416 2416 2429 2429 2417 2417 2429 2429 2416 2416 2418 2418 2414 2414 2415 2415 2408 2408 2234 2234 2230 2230 2229 2229 2351 2351 2349 2349 2353 2353 2351 2351 2353 2353 2354 2354 2290 2290 2204 2204 2205 2205 2377 2377 2376 2376 2208 2208 2371 2371 2372 2372 2360 2360 2387 2387 2219 2219 2208 2208 2388 2388 2208 2208 2407 2407 2419 2419 2194 2194 2193 2193 2192 2192 2308 2308 2205 2205 2398 2398 2401 2401 2400 2400 2217 2217 2266 2266 2259 2259 2210 2210 2209 2209 2326 2326 2237 2237 2325 2325 2326 2326 2326 2326 2317 2317 2237 2237 2205 2205 2312 2312 2311 2311 2249 2249 2255 2255 2241 2241 2241 2241 2255 2255 2248 2248 2247 2247 2244 2244 2254 2254 2261 2261 2265 2265 2227 2227 2326 2326 2209 2209 2207 2207 2263 2263 2264 2264 2257 2257 2227 2227 2265 2265 2262 2262 2330 2330 2328 2328 2202 2202 2211 2211 2320 2320 2322 2322 2316 2316 2318 2318 2319 2319 2235 2235 2321 2321 2315 2315 2343 2343 2348 2348 2378 2378 2356 2356 2352 2352 2199 2199 2427 2427 2419 2419 2193 2193 2240 2240 2219 2219 2242 2242 2247 2247 2243 2243 2244 2244 2257 2257 2256 2256 2263 2263 2264 2264 2263 2263 2260 2260 2248 2248 2198 2198 2241 2241 2247 2247 2197 2197 2198 2198 2198 2198 2248 2248 2247 2247 2205 2205 2308 2308 2313 2313 2370 2370 2364 2364 2241 2241 2373 2373 2365 2365 2363 2363 2347 2347 2200 2200 2217 2217 2405 2405 2193 2193 2195 2195 2419 2419 2422 2422 2194 2194 2418 2418 2423 2423 2428 2428 2218 2218 2241 2241 2377 2377 2377 2377 2375 2375 2376 2376 2384 2384 2380 2380 2208 2208 2333 2333 2331 2331 2271 2271 2329 2329 2330 2330 2202 2202 2328 2328 2333 2333 2271 2271 2202 2202 2327 2327 2332 2332 2332 2332 2329 2329 2202 2202 2217 2217 2207 2207 2208 2208 2215 2215 2335 2335 2213 2213 2208 2208 2219 2219 2377 2377 2413 2413 2414 2414 2408 2408 2361 2361 2360 2360 2372 2372 2199 2199 2378 2378 2358 2358 2199 2199 2358 2358 2360 2360 2426 2426 2412 2412 2206 2206 2413 2413 2408 2408 2208 2208 2420 2420 2427 2427 2193 2193 2412 2412 2208 2208 2206 2206 2388 2388 2396 2396 2208 2208 2391 2391 2388 2388 2392 2392 2389 2389 2394 2394 2390 2390 2392 2392 2388 2388 2393 2393 2393 2393 2195 2195 2395 2395 2381 2381 2385 2385 2196 2196 2213 2213 2216 2216 2215 2215 2341 2341 2226 2226 2275 2275 2341 2341 2227 2227 2226 2226 2230 2230 2216 2216 2228 2228 2230 2230 2307 2307 2207 2207 2216 2216 2297 2297 2309 2309 2398 2398 2406 2406 2401 2401 2309 2309 2228 2228 2216 2216 2228 2228 2229 2229 2230 2230 2387 2387 2250 2250 2219 2219 2361 2361 2199 2199 2360 2360 2376 2376 2378 2378 2208 2208 2420 2420 2408 2408 2415 2415 2415 2415 2429 2429 2428 2428 2377 2377 2241 2241 2374 2374 2207 2207 2341 2341 2214 2214 2207 2207 2217 2217 2341 2341 2348 2348 2342 2342 2378 2378 2305 2305 2312 2312 2299 2299 2407 2407 2393 2393 2388 2388 2222 2222 2221 2221 2220 2220 2220 2220 2223 2223 2224 2224 2219 2219 2220 2220 2221 2221 2218 2218 2377 2377 2219 2219 2197 2197 2250 2250 2379 2379 2250 2250 2386 2386 2379 2379 2230 2230 2207 2207 2216 2216 2305 2305 2311 2311 2312 2312 2298 2298 2313 2313 2308 2308 2409 2409 2393 2393 2407 2407 2224 2224 2222 2222 2220 2220 2298 2298 2306 2306 2303 2303 2300 2300 2309 2309 2302 2302 2303 2303 2301 2301 2298 2298 2298 2298 2308 2308 2306 2306 2403 2403 2402 2402 2393 2393 2424 2424 2418 2418 2425 2425 2194 2194 2422 2422 2426 2426 2425 2425 2421 2421 2424 2424 2418 2418 2428 2428 2429 2429 2273 2273 2284 2284 2269 2269 2206 2206 2194 2194 2426 2426 2428 2428 2420 2420 2415 2415 2221 2221 2218 2218 2219 2219 2361 2361 2369 2369 2199 2199 2385 2385 2384 2384 2196 2196 2380 2380 2387 2387 2208 2208 2193 2193 2405 2405 2406 2406 2408 2408 2193 2193 2404 2404 2393 2393 2409 2409 2403 2403 2193 2193 2408 2408 2420 2420 2383 2383 2386 2386 2250 2250 2345 2345 2199 2199 2200 2200 2368 2368 2371 2371 2377 2377 2369 2369 2198 2198 2199 2199 2317 2317 2323 2323 2237 2237 2201 2201 2262 2262 2264 2264 2321 2321 2236 2236 2207 2207 2207 2207 2214 2214 2216 2216 2288 2288 2204 2204 2213 2213 2195 2195 2196 2196 2394 2394 2397 2397 2195 2195 2393 2393 2208 2208 2408 2408 2407 2407 2411 2411 2409 2409 2407 2407 2410 2410 2411 2411 2407 2407 2424 2424 2423 2423 2418 2418 2311 2311 2314 2314 2205 2205 2313 2313 2312 2312 2205 2205 2305 2305 2299 2299 2304 2304 2270 2270 2278 2278 2201 2201 2283 2283 2285 2285 2271 2271 2203 2203 2334 2334 2327 2327 2327 2327 2202 2202 2203 2203 2286 2286 2335 2335 2334 2334 2211 2211 2210 2210 2320 2320 2352 2352 2343 2343 2378 2378 2252 2252 2245 2245 2251 2251 2412 2412 2413 2413 2208 2208 2268 2268 2267 2267 2200 2200 2264 2264 2260 2260 2268 2268 2338 2338 2339 2339 2341 2341 2200 2200 2347 2347 2345 2345 2343 2343 2346 2346 2351 2351 2352 2352 2378 2378 2199 2199 2351 2351 2354 2354 2350 2350 2217 2217 2355 2355 2347 2347 2207 2207 2236 2236 2326 2326 2231 2231 2234 2234 2229 2229 2229 2229 2232 2232 2233 2233 2269 2269 2277 2277 2227 2227 2201 2201 2278 2278 2272 2272 2262 2262 2201 2201 2227 2227 2264 2264 2200 2200 2201 2201 2250 2250 2387 2387 2382 2382 2393 2393 2402 2402 2397 2397 2365 2365 2373 2373 2362 2362 2364 2364 2366 2366 2241 2241 2384 2384 2208 2208 2196 2196 2196 2196 2197 2197 2381 2381 2250 2250 2382 2382 2383 2383 2239 2239 2251 2251 2245 2245 2379 2379 2381 2381 2197 2197 2357 2357 2349 2349 2351 2351 2350 2350 2343 2343 2351 2351 2258 2258 2225 2225 2259 2259 2250 2250 2197 2197 2253 2253 2242 2242 2219 2219 2250 2250 2433 2433 2432 2432 2435 2435 2430 2430 2436 2436 2438 2438 2431 2431 2430 2430 2438 2438 2435 2435 2432 2432 2438 2438 2435 2435 2438 2438 2437 2437 2435 2435 2434 2434 2433 2433 2432 2432 2431 2431 2438 2438 2439 2439 2440 2440 2441 2441 2443 2443 2444 2444 2442 2442 2445 2445 2446 2446 2447 2447 2450 2450 2449 2449 2448 2448 2451 2451 2453 2453 2452 2452 2455 2455 2454 2454 2456 2456 2459 2459 2458 2458 2457 2457 2461 2461 2462 2462 2460 2460 2465 2465 2464 2464 2463 2463 2468 2468 2466 2466 2467 2467 2469 2469 2471 2471 2470 2470 2472 2472 2473 2473 2474 2474 2477 2477 2476 2476 2475 2475 2478 2478 2480 2480 2479 2479 2483 2483 2482 2482 2481 2481 2484 2484 2486 2486 2485 2485 2487 2487 2489 2489 2488 2488 2491 2491 2492 2492 2490 2490 2493 2493 2495 2495 2494 2494 2497 2497 2496 2496 2498 2498 2499 2499 2501 2501 2500 2500 2504 2504 2503 2503 2502 2502 2507 2507 2506 2506 2505 2505 2508 2508 2510 2510 2509 2509 2512 2512 2513 2513 2511 2511 2516 2516 2514 2514 2515 2515 2517 2517 2519 2519 2518 2518 2522 2522 2521 2521 2520 2520 2523 2523 2525 2525 2524 2524 2527 2527 2528 2528 2526 2526 2529 2529 2531 2531 2530 2530 2534 2534 2533 2533 2532 2532 2535 2535 2537 2537 2536 2536 2540 2540 2538 2538 2539 2539 2541 2541 2542 2542 2543 2543 2544 2544 2546 2546 2545 2545 2549 2549 2548 2548 2547 2547 2550 2550 2552 2552 2551 2551 2555 2555 2554 2554 2553 2553 2558 2558 2556 2556 2557 2557 2559 2559 2561 2561 2560 2560 2563 2563 2562 2562 2564 2564 2567 2567 2566 2566 2565 2565 2568 2568 2570 2570 2569 2569 2571 2571 2573 2573 2572 2572 2575 2575 2576 2576 2574 2574 2579 2579 2577 2577 2578 2578 2582 2582 2580 2580 2581 2581 2583 2583 2585 2585 2584 2584 2588 2588 2587 2587 2586 2586 2589 2589 2590 2590 2591 2591 2592 2592 2593 2593 2594 2594 2597 2597 2596 2596 2595 2595 2598 2598 2599 2599 2600 2600 2603 2603 2601 2601 2602 2602 2604 2604 2605 2605 2606 2606 2609 2609 2607 2607 2608 2608 2610 2610 2612 2612 2611 2611 2615 2615 2613 2613 2614 2614 2616 2616 2617 2617 2618 2618 2621 2621 2619 2619 2620 2620 2622 2622 2623 2623 2624 2624 2625 2625 2626 2626 2627 2627 2630 2630 2629 2629 2628 2628 2631 2631 2632 2632 2633 2633 2636 2636 2635 2635 2634 2634 2639 2639 2637 2637 2638 2638 2642 2642 2641 2641 2640 2640 2643 2643 2644 2644 2645 2645 2646 2646 2647 2647 2648 2648 2649 2649 2650 2650 2651 2651 2653 2653 2654 2654 2652 2652 2656 2656 2657 2657 2655 2655 2659 2659 2658 2658 2660 2660 2661 2661 2662 2662 2663 2663 2666 2666 2665 2665 2664 2664 2667 2667 2669 2669 2668 2668 2672 2672 2670 2670 2671 2671 2673 2673 2675 2675 2674 2674 2676 2676 2678 2678 2677 2677 2681 2681 2679 2679 2680 2680 2682 2682 2684 2684 2683 2683 2687 2687 2685 2685 2686 2686 2688 2688 2689 2689 2690 2690 2693 2693 2692 2692 2691 2691 2694 2694 2696 2696 2695 2695 2699 2699 2697 2697 2698 2698 2702 2702 2701 2701 2700 2700 2705 2705 2703 2703 2704 2704 2706 2706 2708 2708 2707 2707 2711 2711 2710 2710 2709 2709 2713 2713 2712 2712 2714 2714 2716 2716 2715 2715 2717 2717 2720 2720 2718 2718 2719 2719</p>
        </triangles>
      </mesh>
    </geometry>
  </library_geometries>
  <library_materials>
    <material id="chrome-material" name="chrome">
      <instance_effect url="#chrome-effect"/>
    </material>
  </library_materials>
  <library_visual_scenes>
    <visual_scene id="scene">
      <node id="node_g0_chrome" name="node_g0_chrome">
        <instance_geometry url="#g0_chrome">
          <bind_material>
            <technique_common>
              <instance_material symbol="chrome-ref" target="#chrome-material"/>
            </technique_common>
          </bind_material>
        </instance_geometry>
      </node>
    </visual_scene>
  </library_visual_scenes>
  <scene>
    <instance_visual_scene url="#scene"/>
  </scene>
</COLLADA>
