<COLLADA xmlns="http://www.collada.org/2005/11/COLLADASchema" version="1.4.1">
  <asset>
    <created>2026-09-29T18:16:48.058974</created>
    <modified>2026-09-29T18:16:48.058976</modified>
    <unit name="meter" meter="1.0"/>
    <up_axis>Z_UP</up_axis>
  </asset>
  <library_effects>
    <effect id="chrome-effect" name="chrome-effect">
      <profile_COMMON>
        <technique sid="common">
          <phong>
            <emission>
              <color>0 0 0 1.0</color>
            </emission>
            <ambient>
              <color>0.432 0.438 0.45599999999999996 1.0</color>
            </ambient>
            <diffuse>
              <color>0.72 0.73 0.76 1.0</color>
            </diffuse>
            <specular>
              <color>0.95 0.95 0.95 1.0</color>
            </specular>
            <shininess>
              <float>80.0</float>
            </shininess>
            <reflective>
              <color>0.0 0.0 0.0 1.0</color>
            </reflective>
            <reflectivity>
              <float>0.0</float>
            </reflectivity>
            <transparent>
              <color>0.0 0.0 0.0 1.0</color>
            </transparent>
            <transparency>
              <float>1.0</float>
            </transparency>
          </phong>
        </technique>
        <extra>
          <technique profile="GOOGLEEARTH">
            <double_sided>0</double_sided>
          </technique>
        </extra>
      </profile_COMMON>
    </effect>
  </library_effects>
  <library_geometries>
    <geometry id="g0_chrome" name="g0_chrome">
      <mesh>
        <source id="g0_chrome-pos">
          <float_array count="8244" id="g0_chrome-pos-array">0.0070782 0.0002902 0.0820033 0.0025894 0.0001071 0.0987177 0.0067195 0.0047831 0.0832929 0.0059828 -0.0077118 0.0860238 0.0049436 -0.0088884 0.0899051 0.0033222 0.0063597 0.095965 0.0064951 -0.0061625 0.0840865 0.0046313 0.0086296 0.0910469 0.0037955 -0.0079995 0.094141 0.0041175 0.008259 0.0929315 0.0057042 0.0080297 0.0870019 0.0028381 -0.0045344 0.0976896 0.0064324 0.0061754 0.0842381 0.0069567 0.0030918 0.0822737 0.0026192 0.0026494 0.0984371 0.0061437 0.0071209 0.0852749 0.0068977 -0.0038824 0.082438 0.0070925 0.0008839 0.0816703 0.0042979 -0.008892 0.0920958 0.0024708 -0.001042 0.0988846 0.0030004 -0.0060356 0.0968399 0.0029753 0.0057174 0.0968933 0.005441 -0.0087854 0.0876542 0.0032792 0.0069542 0.0956947 0.0063349 -0.006775 0.084252 0.0052074 -0.0090336 0.0884612 0.0070351 -0.0017276 0.0815752 0.0033837 -0.0076559 0.0952092 0.0023582 0.0009982 0.0989832 0.0056801 -0.0084506 0.0865535 0.0024614 -0.0030664 0.0985904 0.0023503 -0.0010571 0.0990092 0.0067581 0.0042619 0.0824702 0.0025849 -0.0044301 0.0980492 0.0030687 0.0066615 0.0961801 0.0022615 0.0004175 0.0991007 0.0048853 0.0090192 0.0893112 0.0065649 0.0052898 0.0830284 0.0069118 -0.0029004 0.0817179 0.0065684 -0.0055441 0.0829965 0.0044028 0.0090545 0.0910261 0.005242 0.0087757 0.0878897 0.0058092 0.0078685 0.0857685 0.0062421 0.0066372 0.0841487 0.0035265 -0.0083793 0.0942699 0.0025083 0.0043964 0.0980053 0.0025474 0.0046543 0.0978598 0.0034953 0.0080791 0.0943236 0.0069821 0.0006238 0.0812813 0.0059892 -0.0076746 0.0849768 0.0021997 -0.0004747 0.0991499 0.002479 0.0044085 0.0980197 0.0028535 -0.0066593 0.0966009 0.0023445 0.0036153 0.0984225 0.0024491 0.0044202 0.0980332 0.0068836 0.002107 0.0814584 0.0069516 -0.0005718 0.0811995 0.0044131 -0.0094519 0.0906696 0.0036585 -0.0088155 0.0934907 0.0030834 0.0073458 0.0955666 0.0048531 -0.0093969 0.0889242 0.002349 -0.004245 0.0982902 0.00367 0.0086468 0.093272 0.0039752 -0.0092954 0.0921004 0.002353 -0.0045235 0.0981703 0.0024809 0.0052202 0.0976019 0.006285 -0.0063498 0.0833667 0.0056829 -0.0082603 0.0856134 0.0024844 -0.0055631 0.0975701 0.0023589 -0.0047983 0.0980404 0.0023214 -0.0045333 0.098181 0.0021336 0.0028023 0.0987854 0.002998 -0.007727 0.0955368 0.0023269 -0.0048082 0.0980498 0.0022893 -0.0045427 0.0981908 0.0020074 0.0013351 0.0991414 0.0067948 -0.0020807 0.0812462 0.0020084 -0.0016874 0.0991325 0.0025288 0.0059748 0.097086 0.0048682 0.009105 0.0883496 0.0052455 0.0086866 0.0869389 0.0065266 -0.0046453 0.0821284 0.0033397 -0.0086885 0.0940301 0.0020456 -0.0028745 0.0988758 0.0027157 0.0068598 0.0962714 0.0063749 0.0051828 0.0825948 0.0053687 -0.0087447 0.0863305 0.0019201 0.0016437 0.0991153 0.0029958 0.0078007 0.0951063 0.0039474 0.0092081 0.0915529 0.0045767 0.0092741 0.0892017 0.006206 0.0059219 0.0831074 0.0045041 -0.0095939 0.0894398 0.0041887 -0.0096074 0.0906182 0.0067454 3.18e-05 0.0809596 0.002023 -0.003752 0.0985994 0.0018075 0.0001294 0.0992876 0.0024484 0.0062443 0.0969034 0.0065801 -0.0032759 0.0814474 0.0048338 -0.0093848 0.0879622 0.0021299 0.0047816 0.0979652 0.0026427 0.0071041 0.0960528 0.0066511 0.0015557 0.0810648 0.0063523 -0.0049475 0.0821701 0.0059079 -0.0070959 0.0838267 0.0024187 -0.0065916 0.0968661 0.0018346 -0.0023035 0.0990561 0.0036648 0.0091452 0.0921098 0.0042159 0.0093755 0.090051 0.0054957 0.0079566 0.0852662 0.0064931 0.0033262 0.081531 0.0034411 -0.0092157 0.0929135 0.0017999 -0.0023061 0.0990584 0.0032531 0.0087003 0.093519 0.0039458 0.009346 0.0909315 0.0066316 -0.0002745 0.0808786 0.006014 -0.0064506 0.0831756 0.005666 -0.0077079 0.0844738 0.0025199 -0.0072532 0.0962306 0.0062596 0.0047136 0.0821472 0.0061779 -0.0054837 0.0824346 0.0050122 -0.0090625 0.0867842 0.003683 -0.0095344 0.0917504 0.0021746 0.0058106 0.0972827 0.0050484 0.0086793 0.0865488 0.005661 0.0072677 0.0842572 0.0051988 -0.0086988 0.0859564 0.0026367 -0.0078474 0.0955318 0.0018711 -0.0042601 0.0983991 0.001265 0.0022334 0.0989826 0.0016655 0.00552 0.0974918 0.0007613 0.0010477 0.0991628 0.0009819 0.003984 0.0983438 0.0018497 0.0079018 0.0951078 0.0051047 0.0064411 0.0829421 0.0053918 0.0049775 0.0818668 0.005729 0.0015592 0.0806007 0.0057598 -0.0008864 0.0804815 0.0057425 -0.0014966 0.080545 0.005698 -0.002401 0.0807098 0.0053524 -0.0054849 0.0819955 0.0045591 -0.0084474 0.0849547 0.0021289 -0.0088462 0.0940352 0.0011384 -0.005404 0.0977425 0.0007532 -0.0010961 0.0991892 0.0005395 0.0040137 0.0982905 0.000882 0.0060961 0.0970144 0.001908 0.0089651 0.0931856 0.0031639 0.0095574 0.0884936 0.0035541 0.0092352 0.087035 0.004137 0.0082399 0.0848551 0.0052453 0.0027718 0.0807041 0.0052695 -0.0027164 0.0806042 0.004749 -0.0065107 0.0825422 0.0035601 -0.0095151 0.0869797 0.0030112 -0.0099111 0.0890302 0.0026121 -0.0099035 0.0905216 0.0021411 -0.0095745 0.092282 0.0004237 -0.0032153 0.0987107 0.000299 -0.0004859 0.0991815 -0.0001003 0.0016784 0.0989656 0.0020174 0.0095865 0.0910661 0.0023375 0.0096979 0.0898701 0.0035773 0.0085949 0.0852353 0.0046835 0.0042313 0.0810939 0.0049469 -0.0002746 0.080102 0.004932 -0.0012055 0.0801561 0.004109 -0.0074412 0.0832204 0.0035111 -0.0090045 0.0854518 0.0028242 -0.0098575 0.0880172 0.000852 -0.0079756 0.0953898 -0.0005669 0.0010703 0.0989912 -0.0002687 0.0046177 0.0978833 0.0004105 0.0076841 0.0953506 0.0008929 0.0088208 0.0935499 0.0011172 0.0091769 0.0927124 0.0036234 0.0074261 0.0833446 0.0019956 -0.0100463 0.0893964 0.0009725 -0.0092669 0.0932207 -0.0002254 -0.0052346 0.097704 -0.0004042 -0.0038362 0.0983747 -0.0008745 0.003208 0.0984239 -0.0002693 0.0068875 0.096169 0.0021225 0.0095387 0.087236 0.0030073 0.008028 0.0839274 0.0041037 0.0006652 0.0798173 0.0041116 3.84e-05 0.0797867 0.0040587 -0.0021445 0.0799806 0.0038488 -0.0045144 0.0807608 0.0036877 -0.0056042 0.0813607 0.0018895 -0.0099932 0.0880726 0.0001114 -0.0084114 0.0947195 -0.0005764 -0.0057827 0.0972942 0.0008046 0.0097482 0.0904376 0.0012919 0.0097984 0.0886167 0.0020813 0.009096 0.0856657 0.0029537 0.0068386 0.0824019 0.0033458 0.0048396 0.0809331 0.0034924 -0.0039535 0.08037 0.0029582 -0.0070915 0.0823609 0.00238 -0.0088183 0.0845184 0.00065 -0.0099576 0.0909807 -0.0007006 -0.0072447 0.0960325 -0.001444 -0.001432 0.0988205 -0.0018389 0.002014 0.0985765 -0.0013047 0.0062241 0.0965879 -0.0005534 0.0086178 0.0937846 0.0027393 0.0058994 0.0814758 0.0032087 0.0019171 0.0797149 0.0022892 -0.0079525 0.0831334 0.0013494 -0.0097914 0.086642 -0.0005478 -0.00894 0.0937328 -0.0020518 0.0043874 0.0976493 -0.0004581 0.0094646 0.0917032 0.0001856 0.0098482 0.0892984 0.0009126 0.009522 0.0865811 0.0016557 0.0082532 0.0838022 0.002408 -0.0056364 0.0809666 -0.0006076 -0.009585 0.0922282 -0.0020104 -0.0050116 0.0974782 -0.002252 -0.0026741 0.0983852 -0.0027662 -0.0001761 0.0985836 -0.0023167 0.0054739 0.0969137 -0.0018849 0.0073622 0.0953035 -0.0011215 0.0091611 0.0924539 0.0007907 0.0091244 0.0853087 0.0017218 0.0066315 0.0818249 0.0022338 0.0034319 0.0799062 0.0017803 -0.0066452 0.0815832 0.0007206 -0.0095111 0.085538 -0.0005644 -0.0100376 0.0903388 -0.0018177 -0.0078976 0.0950258 -0.0020567 -0.0070402 0.0959204 -0.0001095 0.0096541 0.0869464 0.0019694 -0.000275 0.0791609 0.0013992 -0.0063956 0.0812809 0.0009953 -0.0079519 0.0827871 -2.36e-05 -0.0098681 0.0865911 -0.0006706 -0.0101332 0.0890084 -0.0018417 -0.0089394 0.0933865 -0.0029791 -0.0041592 0.0976453 -0.0030662 -0.0032761 0.0979724 -0.003183 -0.0011204 0.0984125 -0.0036094 0.0007674 0.0982836 -0.0034679 0.0032193 0.097759 -0.002742 0.0073402 0.0950537 -0.0023466 0.0084458 0.0935782 -0.001512 0.0096533 0.0904616 -0.0011891 0.0098056 0.0892552 -0.000227 0.0093142 0.0856595 0.0002187 0.0085532 0.0839927 0.0006192 0.0074809 0.0824942 0.0002242 -0.0088172 0.0839415 6.3e-06 -0.0092436 0.084755 -0.0029684 -0.0067878 0.0958749 -0.0033716 -0.0044372 0.0973858 -0.0036836 0.0049111 0.0968447 -0.0007311 -0.0096558 0.0857864 -0.0020143 -0.0098664 0.090581 -0.0023264 -0.0095277 0.0917478 -0.0027676 -0.0087419 0.0933978 -0.0030369 -0.008045 0.0944054 -0.0036804 -0.0052534 0.0968148 -0.0038191 0.0064057 0.0956332 -0.0017251 0.0097302 0.0878142 -0.0009412 0.0090328 0.0848838 -0.0005119 0.0081705 0.0832781 -0.0016383 -0.00999 0.0874553 -0.0041012 -0.0052328 0.0966668 -0.0044613 -0.0004874 0.0980208 -0.0031068 0.0092318 0.0912598 -0.0008757 -0.0082147 0.0828919 -0.0013689 -0.0092566 0.0847333 -0.0023894 -0.009993 0.0885454 -0.0044321 -0.0057301 0.096186 -0.0048324 -0.0020288 0.097688 -0.0052857 0.0004436 0.0976746 -0.003141 0.00953 0.0896763 -0.0023453 0.0095147 0.0867028 -0.001062 -0.0073946 0.081878 -0.0037484 -0.0091639 0.0919132 -0.0044824 -0.0073289 0.094659 -0.0056976 0.000133 0.0975067 -0.0054236 0.0042627 0.09649 -0.0051682 0.0058152 0.0955386 -0.0024654 0.0091714 0.0854446 -0.0020959 0.0086199 0.0840629 -0.0036365 -0.0097109 0.0897879 -0.0044511 -0.008552 0.0928336 -0.0060244 0.0022369 0.0970318 -0.0051314 0.0074824 0.093704 -0.0021897 0.0077852 0.0827121 -0.0065024 -0.0001729 0.097121 -0.0062985 0.0036408 0.0963658 -0.0057183 0.0068257 0.0942033 -0.0054135 0.0077657 0.0930663 -0.0041753 0.00939 0.0884421 -0.0020651 0.0056371 0.0805502 -0.0041664 -0.0096836 0.0883754 -0.0060244 -0.0058063 0.095325 -0.0017174 -0.0040069 0.0794562 -0.0017158 -0.0051536 0.0800409 -0.0012359 -0.0063405 0.0808852 -0.0006014 -0.0067489 0.0812745 0.0009137 -0.006789 0.08152 0.0017224 -0.0056963 0.0808297 0.0017828 -0.0041589 0.0799798 0.0017821 -0.0025372 0.0794149 0.0017816 -0.0013689 0.0791943 0.001781 0.0005022 0.0791389 0.0017804 0.0028055 0.0795743 0.0017741 0.0051198 0.0806549 0.0012289 0.0063247 0.0814318 0.0006063 0.0066015 0.0815616 -0.0012548 0.0060766 0.0809073 -0.0016589 0.0053095 0.0803254 -0.00172 0.0043832 0.0797737 0.001487 0.0055105 0.0790522 0.0008739 0.0059448 0.0793031 0.0008313 0.0058492 0.0778115 -0.0007732 0.0058814 0.0786515 -0.0008565 0.0063739 0.0811206 -0.0011332 0.005729 0.078664 -0.0013696 0.0056955 0.0798271 -0.0016296 0.0051389 0.0787119 -0.0017174 0.0047591 0.0787427 0.001739 0.0050927 -0.0408692 0.0015955 0.0056148 -0.0411321 0.0013892 0.0072572 -0.0451545 0.0013281 0.0059553 -0.0410996 0.0012262 0.006108 -0.0416531 0.0009588 0.0068648 -0.0437663 0.000834 0.00818 -0.0458834 0.0008337 0.0087296 -0.0465068 0.0006652 0.0064341 -0.0421601 0.0006224 0.0062325 -0.0405191 0.0004883 0.0101685 -0.0476557 0.0017329 0.0070592 -0.0461804 0.0014561 0.008355 -0.0467073 -0.0005113 0.0094237 -0.0470897 -0.0005094 0.0068894 -0.0435883 -0.0005519 0.0062516 -0.0407939 -0.0005971 0.007437 -0.044718 -0.0007257 0.0063716 -0.0418905 -0.0008548 0.0078458 -0.0454405 -0.0012084 0.0067512 -0.0438135 -0.001278 0.0060415 -0.0413755 -0.0013775 0.0064176 -0.0433332 -0.0014677 0.0073571 -0.0454314 -0.0016513 0.0062651 -0.0440194 -0.0016675 0.0056218 -0.0420318 -0.0008976 0.0096973 -0.0473893 -0.0013792 0.0086267 -0.0468332 -0.0017572 0.0069857 -0.0461534 -0.0017353 0.0047726 0.0313027 -0.0017287 0.0047103 0.0524342 -0.001736 0.0047793 0.0290341 -0.0017372 0.0047905 0.0252405 -0.0017383 0.0048004 0.0218641 -0.0017403 0.0048193 0.0154562 -0.001741 0.0048262 0.0131324 -0.0017417 0.0048327 0.0109186 -0.0017424 0.0048397 0.0085376 -0.0017435 0.0048493 0.0052709 -0.0017442 0.0048562 0.0029459 0.0017762 -0.0051769 0.0797554 0.0016366 -0.0055295 0.0790452 0.0010817 -0.0064417 0.0807472 0.0010014 -0.0060976 0.0789757 0.000577 -0.0062775 0.0795537 0.0017412 0.0033247 -0.0452885 0.0017435 -0.0047098 -0.0462 0.0017422 0.0004155 -0.0451755 0.0017076 -0.004854 -0.0424517 0.0016177 -0.0056046 -0.0447667 0.0015313 -0.0052144 -0.0418273 0.0013631 -0.0055179 -0.0429715 0.0012637 -0.0070316 -0.0466678 0.0010812 -0.006446 -0.0453686 0.0009223 -0.0058369 -0.0432062 0.0008808 -0.0062097 -0.0445546 0.0007966 -0.0073793 -0.0467725 0.0006692 -0.0057533 -0.041812 0.000625 -0.0068201 -0.0458087 0.0007261 -0.0088884 -0.0484081 0.0011929 -0.0079813 -0.0477987 0.001678 -0.0065435 -0.0469902 -0.0006406 -0.0062981 0.0797198 -0.0007696 -0.0060817 0.0780569 -0.0010922 -0.0059515 0.0780611 -0.0015272 -0.0055665 0.0786641 -0.0017145 -0.0049569 0.078092 -0.001738 -0.0046738 0.0131044 -0.0006364 -0.0069555 -0.0460516 -0.0007655 -0.0064426 -0.0450632 -0.0008083 -0.0082694 -0.0478455 -0.0008074 -0.0057616 -0.0423694 -0.0012042 -0.0057016 -0.0432306 -0.0013423 -0.0069857 -0.0466979 -0.0013741 -0.0062608 -0.045453 -0.0014626 -0.0053324 -0.0421149 -0.0015655 -0.0053922 -0.0435886 -0.0017279 -0.0047899 -0.0421468 -0.0017532 -0.0060172 -0.0467358 -0.0015906 -0.006964 -0.0472066 -0.0010537 -0.0082952 -0.0479991 -0.003811 0.0093495 0.0869495 -0.0025654 -0.0077112 0.0822652 -0.0065122 -0.0013993 0.0970245 -0.0051578 0.0084572 0.0918504 -0.004938 0.008814 0.0910299 -0.0029326 -0.0085383 0.0835058 -0.0036804 -0.0095388 0.0862982 -0.0052936 -0.0084915 0.0923282 -0.0064354 -0.0031908 0.0966042 -0.0017433 -0.0027144 0.0790071 -0.0040283 -0.0096605 0.0874694 -0.0055913 -0.0078216 0.0933131 -0.0066016 0.0010502 0.0969764 -0.0020854 0.004963 0.0801074 -0.0018164 -0.002985 0.0790885 -0.0018414 -0.003276 0.0791814 -0.0045342 -0.0095509 0.0892327 -0.0059745 -0.0065876 0.0946199 -0.0033256 0.0087481 0.0846228 -0.0029683 0.0080967 0.0832865 -0.0066444 -0.0007845 0.0970076 -0.0063598 0.004508 0.0958297 -0.002738 0.00741 0.0823007 -0.0017404 -0.0005761 0.0786829 -0.0021091 -0.0049303 0.0799292 -0.0050544 -0.0090776 0.0909277 -0.0047091 0.0091599 0.0895476 -0.0037683 0.0091412 0.0860317 -0.0019212 0.002736 0.0791183 -0.0019442 -0.0032625 0.079194 -0.0065768 -0.0031706 0.0965048 -0.0057402 0.0074438 0.0932775 -0.0025105 0.0063706 0.081207 -0.0018486 0.0006437 0.0787238 -0.0018408 3.52e-05 0.0786936 -0.0034154 -0.0089766 0.0845613 -0.0037162 -0.0093377 0.0856849 -0.0058857 -0.0073771 0.0936773 -0.0042482 0.0092698 0.0874723 -0.0063788 -0.0053308 0.0954084 -0.0067972 0.0004332 0.0968689 -0.0066237 0.0033752 0.0962259 -0.0022027 0.0041145 0.0797068 -0.0020322 0.0024247 0.079067 -0.0042706 -0.0095382 0.08741 -0.0067562 -0.0019782 0.0967114 -0.0053703 0.0084456 0.0914409 -0.0045386 0.0092208 0.0883345 -0.0021392 0.0032783 0.0793581 -0.0025815 -0.0063457 0.0809939 -0.0062131 0.0061546 0.0944787 -0.0025656 0.0058549 0.0808482 -0.002893 -0.0073785 0.0820484 -0.0022004 -0.0035012 0.0793626 -0.0033101 -0.008366 0.0835009 -0.00569 -0.0081704 0.0923944 -0.0068069 0.0022038 0.0964843 -0.0034126 0.0082186 0.0838112 -0.0020845 0.0009308 0.0788359 -0.0025271 -0.0055986 0.0804782 -0.0052921 -0.0089169 0.0908046 -0.0063532 -0.0059997 0.0947746 -0.0021023 -0.0005665 0.0788012 -0.0023557 -0.0043057 0.0797417 -0.0068029 -0.0028279 0.0963624 -0.0048115 -0.0093481 0.0888142 -0.0060915 0.0069018 0.093534 -0.0031622 0.0073916 0.0825888 -0.006477 0.0053701 0.0948836 -0.0024112 0.0037634 0.0796881 -0.0041666 -0.0092245 0.0862246 -0.0028117 -0.0062178 0.0810824 -0.0039193 0.0086202 0.0851662 -0.006742 -0.0041626 0.0956916 -0.006962 0.0012938 0.0964459 -0.0051435 0.0087668 0.0896638 -0.0023068 -0.0017283 0.0790454 -0.0041816 0.0087798 0.0859964 -0.0063315 -0.0065224 0.094003 -0.0068676 0.0029794 0.0959537 -0.0062937 0.0063806 0.0938153 -0.0058092 0.0077721 0.0920073 -0.0036247 -0.0082664 0.0838159 -0.0053889 -0.008782 0.0904074 -0.0067184 0.0042904 0.0953332 -0.0035826 0.0078407 0.0836218 -0.0060087 -0.0076017 0.0926604 -0.0048325 0.0088513 0.0882331 -0.0023712 -0.0005537 0.0790195 -0.0041562 -0.0089055 0.0856749 -0.0027489 -0.004922 0.0803661 -0.0047658 -0.0091228 0.0878953 -0.0070193 -0.0013207 0.0962774 -0.0054526 0.0083265 0.0903918 -0.0027525 0.0043977 0.0802951 -0.0025883 -0.0033488 0.079668 -0.0030317 0.0057651 0.0812972 -0.0033672 -0.0071603 0.0824889 -0.0042423 0.0084375 0.0857515 -0.0058074 -0.007995 0.0915711 -0.0068169 -0.0040111 0.0953503 -0.007038 0.0003931 0.096128 -0.0065906 0.0050899 0.0944647 -0.004326 -0.0087101 0.0859783 -0.0026 0.0019654 0.0795263 -0.0035482 0.0070902 0.083062 -0.0065824 -0.0053784 0.094378 -0.0017197 0.0028214 0.0791228 -0.0017195 0.0017316 0.078848 -0.0035126 0.0118354 -0.0488155 -0.0035057 -0.0101979 -0.0494468 0.0034943 -0.0101956 -0.049449 -0.0035057 -0.0114521 -0.0506646 0.0034943 -0.0118397 -0.0511002 -0.0035059 -0.0135607 -0.053448 0.0034941 -0.0135584 -0.0534502 -0.0035063 -0.0148605 -0.0560531 -0.0035058 -0.0088271 -0.0483619 -0.0035061 -0.0068423 -0.0471411 -0.0035066 -0.0041604 -0.0460083 -0.0017569 -0.00304 -0.0456849 -0.0035071 -0.0019015 -0.0454366 -0.0017575 -0.0007477 -0.0452667 -0.0035078 0.0004138 -0.0451739 -0.0017582 0.00158 -0.0451607 -0.0035084 0.0021619 -0.0451828 -0.0017588 0.0033236 -0.0452874 -0.0035092 0.0044744 -0.045469 -0.0017594 0.0050454 -0.0455896 -0.0035106 0.0078187 -0.0464735 -0.0035118 0.0104047 -0.0478109 0.0034879 0.0108951 -0.0481318 0.0034892 0.0083556 -0.0467079 0.0034901 0.0061742 -0.0458888 0.0034908 0.0044767 -0.0454712 0.0034918 0.0015817 -0.0451624 0.0034927 -0.0013241 -0.0453438 0.0034933 -0.003601 -0.045839 0.0034936 -0.0052536 -0.0464092 0.003494 -0.0078531 -0.0477202 0.0034937 -0.0148583 -0.0560553 -0.0035168 0.016147 -0.0578084 0.0034835 0.0161058 -0.0569891 -0.0035162 0.016004 -0.0561703 0.0034838 0.0160062 -0.0561725 -0.0035158 0.0157503 -0.054963 0.0034844 0.0156406 -0.0545693 -0.0035148 0.0148792 -0.0526581 0.0034852 0.0148814 -0.0526603 0.0034859 0.0140462 -0.0512439 -0.0035139 0.0138055 -0.0509065 0.0034867 0.0130252 -0.049955 -0.0035132 0.0127409 -0.0496533 0.0034872 0.012149 -0.0490866 0.0034804 0.010892 -0.0722113 -0.0035196 0.0108897 -0.0722091 -0.0035195 0.0128204 -0.0697273 0.0034805 0.0128226 -0.0697295 -0.0035191 0.0143372 -0.066973 0.003481 0.0145897 -0.0663976 -0.0035188 0.0150326 -0.0652179 0.0034816 0.0155612 -0.0634071 -0.0035182 0.015696 -0.0627905 0.0034821 0.0159139 -0.0615524 -0.0035177 0.01599 -0.0609256 0.0034934 -0.0152166 -0.0572357 -0.003507 -0.0155047 -0.0588528 0.0034928 -0.0155615 -0.0596755 -0.0035076 -0.0155466 -0.0609069 0.0034923 -0.0155105 -0.061319 -0.0035082 -0.0153272 -0.0625365 0.0034915 -0.0151321 -0.0633384 -0.0035088 -0.0148871 -0.0641208 0.0034908 -0.0145844 -0.0648888 -0.0035099 -0.0138322 -0.0663476 -0.0035108 -0.0126966 -0.068092 0.0034892 -0.0126944 -0.0680942 0.0034884 -0.0115454 -0.0695922 -0.0035119 -0.0111338 -0.0700643 -0.003513 -0.0093351 -0.0718242 0.003487 -0.0093329 -0.0718264 -0.0035139 -0.0078485 -0.0729878 0.0034859 -0.0073271 -0.073346 -0.003515 -0.005708 -0.074311 0.0034845 -0.0045773 -0.074871 -0.003516 -0.0034181 -0.0753543 -0.0035165 -0.0022283 -0.0757656 0.0034835 -0.0022261 -0.0757678 0.0046356 -0.0070221 0.0911179 0.0048666 -0.0070773 0.0902546 0.005758 0.005861 0.0869464 0.0030733 -0.0001694 0.0969677 0.0039707 -0.0061593 0.0936037 0.0057618 -0.006139 0.086911 0.0052102 0.0066509 0.0889946 0.0039669 0.0058407 0.0936391 0.0033121 0.0032974 0.0960813 0.0048621 0.006779 0.0902955 0.0033144 -0.0036308 0.0960609 0.0064166 -0.0035956 0.0844688 0.0065931 0.0016741 0.0838185 0.0035994 -0.0050624 0.094993 0.0064143 0.0033325 0.0844893 0.00315 0.0018452 0.0966847 0.0054435 -0.0067013 0.0880995 0.0044562 0.0065941 0.0918121 0.0036389 0.0048955 0.0948631 0.0031349 -0.0019619 0.0967344 0.0062104 0.0044301 0.0852532 0.0062516 -0.0045223 0.0850836 0.0066093 -0.0016999 0.083752 0.0066554 -0.0001288 0.0835824 -0.0065868 -0.0001649 0.0943826 -0.0065628 -0.0012851 0.0942911 -0.0064485 -0.0028247 0.0938612 -0.0063457 -0.0036263 0.0934757 -0.0064497 0.002503 0.0938749 -0.0063479 0.0033019 0.0934961 -0.0062885 0.003674 0.0932747 -0.0058856 0.0053462 0.091772 -0.0056932 0.0058452 0.0910539 -0.0053749 0.0064076 0.0898655 -0.0047979 0.0067836 0.0877103 -0.0042208 0.0064207 0.085553 -0.0039021 0.0058655 0.0843613 -0.0035735 0.0049278 0.0831317 -0.0032457 0.0033371 0.0819041 -0.0030518 0.0014457 0.0811761 -0.0030047 -0.0001243 0.0809972 -0.0030813 -0.0021389 0.0812802 -0.0032435 -0.0035911 0.0818837 -0.0034865 -0.0048638 0.0827894 -0.0038983 -0.0061344 0.0843259 -0.00433 -0.0068314 0.085938 -0.0047935 -0.0070728 0.0876695 -0.0051416 -0.0069447 0.0889704 -0.0056893 -0.0061547 0.0910185 -0.0060179 -0.005217 0.0922481 -0.00172 -0.0008009 0.0746598 -0.00172 -0.0005085 0.0746607 -0.00172 -0.0016165 0.0735499 -0.0017561 -0.0009355 -0.040941 -0.0017559 -0.0012008 -0.0406061 -0.0017551 -0.0012797 -0.0382354 -0.0017556 -0.0012037 -0.0397328 -0.0017568 0.0013799 -0.0411025 -0.001757 0.001736 -0.0411015 -0.0017563 0.0017302 -0.0391145 -0.0017563 -0.0001733 -0.0410546 -0.0017564 0.0013756 -0.0396275 -0.001755 -0.0005351 -0.0371258 0.001739 0.0050927 -0.0408692 0.0017289 0.0056364 -0.0432834 0.0013892 0.0072572 -0.0451545 0.0012262 0.006108 -0.0416531 0.0017329 0.0070592 -0.0461804 0.0014561 0.008355 -0.0467073 0.0017412 0.0033247 -0.0452885 0.0034804 0.010892 -0.0722113 -0.0035196 0.0108897 -0.0722091 -0.0035194 0.0101217 -0.0724174 0.0034806 0.0101239 -0.0724196 -0.0035165 -0.0022283 -0.0757656 0.0034835 -0.0022261 -0.0757678 -0.0035167 -0.0014602 -0.0755574 0.0034833 -0.001458 -0.0755596 -0.0035194 0.0101217 -0.0724174 0.0034806 0.0101239 -0.0724196 -0.0035167 -0.0014602 -0.0755574 0.0034833 -0.001458 -0.0755596 0.003486 0.0058607 -0.0593997 -0.003514 0.0057863 -0.059358 -0.0035143 0.0063787 -0.059797 -0.0035146 0.0067714 -0.0603224 0.0034853 0.0068816 -0.0605464 -0.003512 -0.0002953 -0.0592571 -0.0035117 -0.0016896 -0.0598756 -0.0035124 0.0014857 -0.0588386 -0.0035128 0.0027042 -0.058764 -0.0035133 0.0042231 -0.0589035 -0.0035119 -0.0046681 -0.0635907 -0.0035116 -0.0031952 -0.0609148 -0.0035118 -0.0046529 -0.0630165 -0.0035116 -0.0042231 -0.0619601 0.0034882 -0.0011424 -0.059602 0.0034872 0.0027064 -0.0587662 0.0034867 0.0042254 -0.0589057 0.0034879 0.0002907 -0.0590796 0.0034884 -0.0029572 -0.0607228 0.0034881 -0.0046659 -0.0635928 0.0034884 -0.0043126 -0.0620987 0.0034883 -0.0045805 -0.0626975 -0.0035126 0.0118354 -0.0488155 -0.0035057 -0.0101979 -0.0494468 -0.0035057 -0.0114521 -0.0506646 -0.0035059 -0.0135607 -0.053448 -0.0035063 -0.0148605 -0.0560531 -0.0035058 -0.0088271 -0.0483619 -0.0035061 -0.0068423 -0.0471411 -0.0035066 -0.0041604 -0.0460083 -0.0035071 -0.0019015 -0.0454366 -0.0035078 0.0004138 -0.0451739 -0.0035084 0.0021619 -0.0451828 -0.0035092 0.0044744 -0.045469 -0.0035106 0.0078187 -0.0464735 -0.0035118 0.0104047 -0.0478109 -0.0035168 0.016147 -0.0578084 -0.0035162 0.016004 -0.0561703 -0.0035158 0.0157503 -0.054963 -0.0035148 0.0148792 -0.0526581 -0.0035139 0.0138055 -0.0509065 -0.0035132 0.0127409 -0.0496533 -0.0035196 0.0108897 -0.0722091 -0.0035195 0.0128204 -0.0697273 -0.0035191 0.0143372 -0.066973 -0.0035188 0.0150326 -0.0652179 -0.0035182 0.015696 -0.0627905 -0.0035177 0.01599 -0.0609256 -0.0035194 0.0101217 -0.0724174 -0.003507 -0.0155047 -0.0588528 -0.0035076 -0.0155466 -0.0609069 -0.0035082 -0.0153272 -0.0625365 -0.0035088 -0.0148871 -0.0641208 -0.0035099 -0.0138322 -0.0663476 -0.0035108 -0.0126966 -0.068092 -0.0035119 -0.0111338 -0.0700643 -0.003513 -0.0093351 -0.0718242 -0.0035139 -0.0078485 -0.0729878 -0.003515 -0.005708 -0.074311 -0.003516 -0.0034181 -0.0753543 -0.0035165 -0.0022283 -0.0757656 -0.0035167 -0.0014602 -0.0755574 -0.003514 0.0057863 -0.059358 -0.0035143 0.0063787 -0.059797 -0.0035146 0.0067714 -0.0603224 -0.003512 -0.0002953 -0.0592571 -0.0035117 -0.0016896 -0.0598756 -0.0035124 0.0014857 -0.0588386 -0.0035128 0.0027042 -0.058764 -0.0035133 0.0042231 -0.0589035 -0.0035119 -0.0046681 -0.0635907 -0.0035116 -0.0031952 -0.0609148 -0.0035118 -0.0046529 -0.0630165 -0.0035116 -0.0042231 -0.0619601 0.0034943 -0.0101956 -0.049449 0.0034943 -0.0118397 -0.0511002 0.0034941 -0.0135584 -0.0534502 0.0034879 0.0108951 -0.0481318 0.0034892 0.0083556 -0.0467079 0.0034901 0.0061742 -0.0458888 0.0034908 0.0044767 -0.0454712 0.0034918 0.0015817 -0.0451624 0.0034927 -0.0013241 -0.0453438 0.0034933 -0.003601 -0.045839 0.0034936 -0.0052536 -0.0464092 0.003494 -0.0078531 -0.0477202 0.0034937 -0.0148583 -0.0560553 0.0034835 0.0161058 -0.0569891 0.0034838 0.0160062 -0.0561725 0.0034844 0.0156406 -0.0545693 0.0034852 0.0148814 -0.0526603 0.0034859 0.0140462 -0.0512439 0.0034867 0.0130252 -0.049955 0.0034872 0.012149 -0.0490866 0.0034804 0.010892 -0.0722113 0.0034805 0.0128226 -0.0697295 0.003481 0.0145897 -0.0663976 0.0034816 0.0155612 -0.0634071 0.0034821 0.0159139 -0.0615524 0.0034806 0.0101239 -0.0724196 0.0034934 -0.0152166 -0.0572357 0.0034928 -0.0155615 -0.0596755 0.0034923 -0.0155105 -0.061319 0.0034915 -0.0151321 -0.0633384 0.0034908 -0.0145844 -0.0648888 0.0034892 -0.0126944 -0.0680942 0.0034884 -0.0115454 -0.0695922 0.003487 -0.0093329 -0.0718264 0.0034859 -0.0073271 -0.073346 0.0034845 -0.0045773 -0.074871 0.0034835 -0.0022261 -0.0757678 0.0034833 -0.001458 -0.0755596 0.003486 0.0058607 -0.0593997 0.0034853 0.0068816 -0.0605464 0.0034882 -0.0011424 -0.059602 0.0034872 0.0027064 -0.0587662 0.0034867 0.0042254 -0.0589057 0.0034879 0.0002907 -0.0590796 0.0034884 -0.0029572 -0.0607228 0.0034881 -0.0046659 -0.0635928 0.0034884 -0.0043126 -0.0620987 0.0034883 -0.0045805 -0.0626975 0.0030733 -0.0001694 0.0969677 0.0033144 -0.0036308 0.0960609 0.0031349 -0.0019619 0.0967344 0.0021491 -0.0016805 0.0958108 0.0022266 -0.0014928 0.0959445 0.0030733 -0.0001694 0.0969677 0.0033144 -0.0036308 0.0960609 0.0021491 -0.0016805 0.0958108 0.0022266 -0.0014928 0.0959445 -0.0052741 -0.0015845 0.0938799 -0.0065868 -0.0001649 0.0943826 -0.0065628 -0.0012851 0.0942911 -0.0054209 -0.0023175 0.0937272 -0.0064485 -0.0028247 0.0938612 -0.0063457 -0.0036263 0.0934757 0.0030733 -0.0001694 0.0969677 0.0033121 0.0032974 0.0960813 0.00315 0.0018452 0.0966847 0.002162 0.0015495 0.0957682 0.0030733 -0.0001694 0.0969677 0.0033121 0.0032974 0.0960813 -0.0065868 -0.0001649 0.0943826 0.002162 0.0015495 0.0957682 -0.0051484 0.0014449 0.0938115 -0.0064497 0.002503 0.0938749 -0.0063479 0.0033019 0.0934961 0.0039669 0.0058407 0.0936391 0.0033121 0.0032974 0.0960813 0.0036389 0.0048955 0.0948631 0.0025286 0.0042308 0.0942101 0.0039669 0.0058407 0.0936391 0.0033121 0.0032974 0.0960813 -0.0063479 0.0033019 0.0934961 0.0025286 0.0042308 0.0942101 -0.0051297 0.0039595 0.0926503 -0.0062885 0.003674 0.0932747 -0.0058856 0.0053462 0.091772 -0.0048048 0.0044208 0.0921369 -0.0056932 0.0058452 0.0910539 0.0039669 0.0058407 0.0936391 0.0048621 0.006779 0.0902955 0.0044562 0.0065941 0.0918121 0.0032479 0.0058467 0.0915249 0.0039669 0.0058407 0.0936391 0.0048621 0.006779 0.0902955 -0.0056932 0.0058452 0.0910539 0.0032479 0.0058467 0.0915249 -0.0040143 0.0058501 0.0895815 -0.0047979 0.0067836 0.0877103 -0.0056932 0.0058452 0.0910539 -0.0040143 0.0058501 0.0895815 -0.0053749 0.0064076 0.0898655 -0.0047979 0.0067836 0.0877103 0.005758 0.005861 0.0869464 0.0052102 0.0066509 0.0889946 0.0048621 0.006779 0.0902955 0.0040791 0.0058561 0.0884189 0.005758 0.005861 0.0869464 0.0048621 0.006779 0.0902955 -0.0047979 0.0067836 0.0877103 0.0040791 0.0058561 0.0884189 -0.0031831 0.0058595 0.0864754 -0.0039021 0.0058655 0.0843613 -0.0047979 0.0067836 0.0877103 -0.0031831 0.0058595 0.0864754 -0.0042208 0.0064207 0.085553 -0.0039021 0.0058655 0.0843613 0.005758 0.005861 0.0869464 0.0064143 0.0033325 0.0844893 0.0062104 0.0044301 0.0852532 0.0047995 0.0042566 0.0857242 0.005758 0.005861 0.0869464 0.0064143 0.0033325 0.0844893 -0.0039021 0.0058655 0.0843613 0.0047995 0.0042566 0.0857242 -0.002525 0.0043534 0.0838203 -0.0032457 0.0033371 0.0819041 -0.0039021 0.0058655 0.0843613 -0.002525 0.0043534 0.0838203 -0.0035735 0.0049278 0.0831317 -0.0032457 0.0033371 0.0819041 0.0065931 0.0016741 0.0838185 0.0064143 0.0033325 0.0844893 0.0066554 -0.0001288 0.0835824 0.005216 0.0014767 0.0841629 0.0060859 0.0004145 0.0837568 0.0064143 0.0033325 0.0844893 0.0066554 -0.0001288 0.0835824 -0.0032457 0.0033371 0.0819041 0.005216 0.0014767 0.0841629 0.0060859 0.0004145 0.0837568 -0.0020945 0.0015882 0.0822069 -0.0030047 -0.0001243 0.0809972 -0.0032457 0.0033371 0.0819041 -0.0020945 0.0015882 0.0822069 -0.0030518 0.0014457 0.0811761 -0.0030047 -0.0001243 0.0809972 0.0064166 -0.0035956 0.0844688 0.0066093 -0.0016999 0.083752 0.0066554 -0.0001288 0.0835824 -0.0030047 -0.0001243 0.0809972 0.0055614 -0.001264 0.0839638 0.0062243 -0.0033597 0.0844181 -0.0020452 -0.0017353 0.08221 -0.0023186 -0.0022822 0.0821352 -0.0032435 -0.0035911 0.0818837 -0.0030047 -0.0001243 0.0809972 -0.0020452 -0.0017353 0.08221 -0.0023186 -0.0022822 0.0821352 -0.0030813 -0.0021389 0.0812802 -0.0032435 -0.0035911 0.0818837 0.0057618 -0.006139 0.086911 0.0064166 -0.0035956 0.0844688 0.0062516 -0.0045223 0.0850836 0.0048023 -0.004528 0.0856983 0.0057618 -0.006139 0.086911 0.0064166 -0.0035956 0.0844688 -0.0032435 -0.0035911 0.0818837 0.0048023 -0.004528 0.0856983 -0.0024599 -0.0045246 0.0837548 -0.0038983 -0.0061344 0.0843259 -0.0032435 -0.0035911 0.0818837 -0.0024599 -0.0045246 0.0837548 -0.0034865 -0.0048638 0.0827894 -0.0038983 -0.0061344 0.0843259 0.0048666 -0.0070773 0.0902546 0.0057618 -0.006139 0.086911 0.0054435 -0.0067013 0.0880995 0.004083 -0.0061438 0.0883835 0.0048666 -0.0070773 0.0902546 0.0057618 -0.006139 0.086911 -0.0038983 -0.0061344 0.0843259 0.004083 -0.0061438 0.0883835 -0.0031793 -0.0061404 0.08644 -0.0047935 -0.0070728 0.0876695 -0.0038983 -0.0061344 0.0843259 -0.0031793 -0.0061404 0.08644 -0.00433 -0.0068314 0.085938 -0.0047935 -0.0070728 0.0876695 0.0046356 -0.0070221 0.0911179 0.0048666 -0.0070773 0.0902546 0.0039707 -0.0061593 0.0936037 -0.0047935 -0.0070728 0.0876695 0.0032517 -0.0061533 0.0914896 -0.0040105 -0.0061498 0.0895461 -0.0056893 -0.0061547 0.0910185 -0.0047935 -0.0070728 0.0876695 -0.0040105 -0.0061498 0.0895461 -0.0051416 -0.0069447 0.0889704 -0.0056893 -0.0061547 0.0910185 0.0039707 -0.0061593 0.0936037 0.0033144 -0.0036308 0.0960609 -0.0063457 -0.0036263 0.0934757 -0.0056893 -0.0061547 0.0910185 0.0032201 -0.0054252 0.0938443 0.0025554 -0.0045 0.0942876 -0.0048034 -0.0044965 0.0923184 -0.0063457 -0.0036263 0.0934757 -0.0056893 -0.0061547 0.0910185 -0.0060179 -0.005217 0.0922481 -0.0048034 -0.0044965 0.0923184 0.0039707 -0.0061593 0.0936037 0.0033144 -0.0036308 0.0960609 0.0035994 -0.0050624 0.094993 0.0032201 -0.0054252 0.0938443 0.0025554 -0.0045 0.0942876 -0.001757 0.001736 -0.0411015 -0.0017563 0.0017302 -0.0391145 -0.0015063 0.0017302 -0.0391146 -0.001507 0.0017361 -0.0411015 -0.0015063 0.0017302 -0.0391146 -0.001507 0.0017361 -0.0411015 -0.0015061 -0.0004622 -0.0407234 -0.0015064 0.0013757 -0.0396275 -0.0015062 0.001338 -0.0392203 -0.0015062 -0.0007053 -0.0410609 -0.0015056 -0.0012602 -0.0399269 -0.001506 -0.0010765 -0.0408091 -0.0015057 -0.0008429 -0.0397611 -0.0015056 -0.0010663 -0.039502 -0.0015062 -0.00017 -0.0406555 -0.0015058 -0.0009765 -0.0402071 -0.0015063 -0.000204 -0.0410644 -0.001506 -0.0007944 -0.0405982 -0.0015057 -0.0004161 -0.0391923 -0.0015058 -0.000372 -0.0395713 -0.0015068 0.00138 -0.0411026 -0.0017568 0.0013799 -0.0411025 -0.001757 0.001736 -0.0411015 -0.001507 0.0017361 -0.0411015 -0.0015068 0.00138 -0.0411026 -0.0017568 0.0013799 -0.0411025 -0.0017564 0.0013756 -0.0396275 -0.0015064 0.0013757 -0.0396275 -0.0015068 0.00138 -0.0411026 -0.0017556 -0.0009172 -0.0393617 -0.0017557 -0.0004162 -0.0391922 -0.0015056 -0.0010663 -0.039502 -0.0015057 -0.0004161 -0.0391923 -0.0017559 -0.0012008 -0.0406061 -0.0017556 -0.0009172 -0.0393617 -0.0017556 -0.0012037 -0.0397328 -0.0015056 -0.0012602 -0.0399269 -0.0015056 -0.0010663 -0.039502 -0.0017561 -0.0009355 -0.040941 -0.0017559 -0.0012008 -0.0406061 -0.0015062 -0.0007053 -0.0410609 -0.001506 -0.0010765 -0.0408091 -0.0017561 -0.0009355 -0.040941 -0.0017563 -0.0001733 -0.0410546 -0.0015062 -0.0007053 -0.0410609 -0.0015063 -0.000204 -0.0410644 -0.0017563 -0.0001733 -0.0410546 -0.0017564 0.0013756 -0.0396275 -0.0015064 0.0013757 -0.0396275 -0.0015063 -0.000204 -0.0410644 -0.0017558 -0.0003721 -0.0395712 -0.0017557 -0.0004162 -0.0391922 -0.0015057 -0.0004161 -0.0391923 -0.0015058 -0.000372 -0.0395713 -0.0017563 0.0017302 -0.0391145 -0.0017562 -7.16e-05 -0.0405997 -0.0017562 0.0010824 -0.0393982 -0.0015063 0.0017302 -0.0391146 -0.0015062 0.001338 -0.0392203 -0.0015062 -0.00017 -0.0406555 -0.001756 -0.0007553 -0.04063 -0.0017562 -7.16e-05 -0.0405997 -0.0015061 -0.0004622 -0.0407234 -0.0015062 -0.00017 -0.0406555 -0.0017559 -0.0009148 -0.0404416 -0.001756 -0.0007553 -0.04063 -0.0015061 -0.0004622 -0.0407234 -0.0015058 -0.0009765 -0.0402071 -0.001506 -0.0007944 -0.0405982 -0.0017557 -0.0008893 -0.0398251 -0.0017559 -0.0009148 -0.0404416 -0.0017557 -0.000751 -0.0396748 -0.0017558 -0.0003721 -0.0395712 -0.0015057 -0.0008429 -0.0397611 -0.0015058 -0.0009765 -0.0402071 -0.0015058 -0.000372 -0.0395713 -0.0017559 0.0017265 -0.0378582 -0.0017561 0.0017276 -0.0382266 -0.0015059 0.0017265 -0.0378583 -0.0015061 0.0017276 -0.0382266 -0.0015059 0.0017265 -0.0378583 -0.0015061 0.0017276 -0.0382266 -0.001505 -0.000535 -0.0371259 -0.0015051 -0.0001789 -0.0371248 -0.0015052 -0.0006061 -0.0378499 -0.0015051 -0.0012869 -0.0382355 -0.001505 -0.0012876 -0.0379961 -0.0017551 -0.0012797 -0.0382354 -0.0017561 0.0017276 -0.0382266 -0.0015061 0.0017276 -0.0382266 -0.0015051 -0.0012869 -0.0382355 -0.0017551 -0.0012797 -0.0382354 -0.001755 -0.0005351 -0.0371258 -0.001505 -0.000535 -0.0371259 -0.001505 -0.0012876 -0.0379961 -0.0017551 -0.000179 -0.0371247 -0.001755 -0.0005351 -0.0371258 -0.001505 -0.000535 -0.0371259 -0.0015051 -0.0001789 -0.0371248 -0.0017552 -0.0006204 -0.0378651 -0.0017551 -0.000179 -0.0371247 -0.0015051 -0.0001789 -0.0371248 -0.0015052 -0.0006061 -0.0378499 -0.0017552 -0.0006204 -0.0378651 -0.0017559 0.0017265 -0.0378582 -0.0015059 0.0017265 -0.0378583 -0.0015052 -0.0006061 -0.0378499 -0.001744 0.0016147 7.26e-05 -0.0017442 0.0016157 -0.0002958 -0.001494 0.0016147 7.25e-05 -0.0014942 0.0016158 -0.0002959 -0.001494 0.0016147 7.25e-05 -0.0014942 0.0016158 -0.0002959 -0.0014931 -9.2e-06 0.0013771 -0.0014928 -0.0005982 0.0018137 -0.0014929 -0.0002856 0.0018412 -0.0014936 -0.0001119 -0.0002795 -0.0014933 -0.0002849 0.0005346 -0.0014932 -0.0005695 0.000624 -0.001493 -0.0005247 0.0012846 -0.0014931 -0.0003127 0.000983 -0.001493 -0.0002354 0.0015148 -0.0014936 0.0016109 0.0013641 -0.0014938 0.001612 0.0009957 -0.0014932 -0.0001651 0.0008031 -0.0014927 -0.0003129 0.0022772 -0.0014932 0.0016071 0.002655 -0.0014928 -0.0001665 0.0020925 -0.0014934 0.0016082 0.0022866 -0.0014934 -0.0005553 6.39e-05 -0.0014934 -0.0001747 0.000164 -0.0014929 0.0002014 0.0022637 -0.0014933 0.0001953 0.000982 -0.0014925 -0.000564 0.0026486 -0.0014926 -0.000563 0.002317 -0.0017432 -0.0005937 0.0005266 -0.0017431 -0.0003128 0.0009831 -0.0014932 -0.0005695 0.000624 -0.0014931 -0.0003127 0.000983 -0.0017435 -0.0004105 -0.0001441 -0.0017432 -0.0005937 0.0005266 -0.0014932 -0.0005695 0.000624 -0.0014934 -0.0005553 6.39e-05 -0.0017435 -0.0004105 -0.0001441 -0.0017442 0.0016157 -0.0002958 -0.0014942 0.0016158 -0.0002959 -0.0014936 -0.0001119 -0.0002795 -0.0017427 -0.0003129 0.0022772 -0.0017428 -0.0005669 0.0019377 -0.0017428 -0.0006103 0.0016601 -0.0017431 -0.0003767 0.0011207 -0.0017431 -0.0002878 0.0010022 -0.0014928 -0.0005982 0.0018137 -0.001493 -0.0005247 0.0012846 -0.0014931 -0.0003127 0.000983 -0.0014927 -0.0003129 0.0022772 -0.0017427 -0.0002892 0.0022945 -0.0017426 -0.0005631 0.0023171 -0.0014927 -0.0003129 0.0022772 -0.0014926 -0.000563 0.002317 -0.0017426 -0.0005631 0.0023171 -0.0017425 -0.0005641 0.0026487 -0.0014925 -0.000564 0.0026486 -0.0014926 -0.000563 0.002317 -0.0017425 -0.0005641 0.0026487 -0.0017432 0.001607 0.0026551 -0.0014932 0.0016071 0.002655 -0.0014925 -0.000564 0.0026486 -0.0017432 0.001607 0.0026551 -0.0017434 0.0016081 0.0022867 -0.0014932 0.0016071 0.002655 -0.0014934 0.0016082 0.0022866 -0.001743 -0.0002237 0.0014978 -0.0017436 0.0016109 0.0013642 -0.0014931 -9.2e-06 0.0013771 -0.0014936 0.0016109 0.0013641 -0.001743 -0.0002237 0.0014978 -0.0017429 -0.0002856 0.0018413 -0.0014929 -0.0002856 0.0018412 -0.001493 -0.0002354 0.0015148 -0.0017429 -0.0002856 0.0018413 -0.0017429 5.17e-05 0.0022294 -0.0014929 -0.0002856 0.0018412 -0.0014928 -0.0001665 0.0020925 -0.0017429 5.17e-05 0.0022294 -0.0017434 0.0016081 0.0022867 -0.0014928 -0.0001665 0.0020925 -0.0014934 0.0016082 0.0022866 -0.0014929 0.0002014 0.0022637 -0.0017436 0.0016109 0.0013642 -0.0017438 0.0016119 0.0009958 -0.0014936 0.0016109 0.0013641 -0.0014938 0.001612 0.0009957 -0.0017434 -0.0001952 0.0001823 -0.001744 0.0016147 7.26e-05 -0.001494 0.0016147 7.25e-05 -0.0014934 -0.0001747 0.000164 -0.0017434 -0.0001952 0.0001823 -0.0017433 -0.0002885 0.0004987 -0.0014933 -0.0002849 0.0005346 -0.0014934 -0.0001747 0.000164 -0.0017432 -0.0001094 0.0008606 -0.0017433 -0.0002885 0.0004987 -0.0014933 -0.0002849 0.0005346 -0.0014932 -0.0001651 0.0008031 -0.0017432 -0.0001094 0.0008606 -0.0017438 0.0016119 0.0009958 -0.0014938 0.001612 0.0009957 -0.0014933 0.0001953 0.000982 -0.001743 0.0016044 0.0035476 -0.0017431 0.0016054 0.0032176 -0.001493 0.0016045 0.0035475 -0.0014931 0.0016055 0.0032175 -0.001493 0.0016045 0.0035475 -0.0014931 0.0016055 0.0032175 -0.0014919 -0.0005698 0.0046071 -0.0014918 -0.0005709 0.0049755 -0.0014925 0.0010557 0.0045822 -0.0014924 0.001272 0.0049106 -0.0014924 -0.0005657 0.0032111 -0.0014927 0.0016321 0.0044346 -0.0014929 0.0015444 0.0038205 -0.0014923 -0.0005668 0.0035795 -0.0014929 0.0013126 0.0035713 -0.0014928 0.0011893 0.0037659 -0.0014926 0.0013214 0.0042855 -0.0014925 0.0014602 0.004782 -0.0014927 0.0009379 0.0036207 -0.0017431 0.0016054 0.0032176 -0.0017424 -0.0005657 0.0032112 -0.0014931 0.0016055 0.0032175 -0.0014924 -0.0005657 0.0032111 -0.0017424 -0.0005657 0.0032112 -0.0017423 -0.0005668 0.0035796 -0.0014924 -0.0005657 0.0032111 -0.0014923 -0.0005668 0.0035795 -0.0017425 0.0010954 0.0045696 -0.0017419 -0.0005699 0.0046072 -0.0014919 -0.0005698 0.0046071 -0.0014925 0.0010557 0.0045822 -0.0017426 0.0013084 0.0043309 -0.0017425 0.0010954 0.0045696 -0.0014925 0.0010557 0.0045822 -0.0014926 0.0013214 0.0042855 -0.0017427 0.0013007 0.0039639 -0.0017426 0.0013084 0.0043309 -0.0014928 0.0011893 0.0037659 -0.0014926 0.0013214 0.0042855 -0.0017427 0.0013007 0.0039639 -0.0017427 0.0009618 0.0036275 -0.0017423 -0.0005668 0.0035796 -0.0014923 -0.0005668 0.0035795 -0.0014928 0.0011893 0.0037659 -0.0014927 0.0009379 0.0036207 -0.0017418 -0.0005709 0.0049756 -0.0017419 -0.0005699 0.0046072 -0.0014919 -0.0005698 0.0046071 -0.0014918 -0.0005709 0.0049755 -0.0017429 0.0012851 0.0035517 -0.0017428 0.0016486 0.0041369 -0.0014929 0.0015444 0.0038205 -0.0014929 0.0013126 0.0035713 -0.0017425 0.0013989 0.004839 -0.0017424 0.0011106 0.0049537 -0.0017418 -0.0005709 0.0049756 -0.0017428 0.0016486 0.0041369 -0.0014918 -0.0005709 0.0049755 -0.0014924 0.001272 0.0049106 -0.0014927 0.0016321 0.0044346 -0.0014925 0.0014602 0.004782 -0.0017429 0.0012851 0.0035517 -0.001743 0.0016044 0.0035476 -0.001493 0.0016045 0.0035475 -0.0014929 0.0013126 0.0035713 -0.0017422 0.0015975 0.0059091 -0.0017423 0.0015985 0.0055407 -0.0014922 0.0015975 0.005909 -0.0014923 0.0015986 0.0055406 -0.0017423 0.0015985 0.0055407 -0.0017416 -0.0005726 0.0055343 -0.0014923 0.0015986 0.0055406 -0.0014916 -0.0005725 0.0055342 -0.0017415 -0.0005737 0.0059027 -0.0017416 -0.0005726 0.0055343 -0.0014916 -0.0005725 0.0055342 -0.0014915 -0.0005736 0.0059026 -0.0017415 -0.0005737 0.0059027 -0.0017422 0.0015975 0.0059091 -0.0014922 0.0015975 0.005909 -0.0014915 -0.0005736 0.0059026 -0.0014922 0.0015975 0.005909 -0.0014923 0.0015986 0.0055406 -0.0014916 -0.0005725 0.0055342 -0.0014915 -0.0005736 0.0059026 -0.0017414 -0.000985 0.0059015 -0.0017415 -0.0009839 0.0055331 -0.0014914 -0.000985 0.0059014 -0.0014915 -0.0009839 0.005533 -0.0017415 -0.0009839 0.0055331 -0.0017414 -0.0014014 0.0055319 -0.0014915 -0.0009839 0.005533 -0.0014914 -0.0014014 0.0055318 -0.0017413 -0.0014025 0.0059002 -0.0017414 -0.0014014 0.0055319 -0.0014914 -0.0014014 0.0055318 -0.0014913 -0.0014025 0.0059002 -0.0017413 -0.0014025 0.0059002 -0.0017414 -0.000985 0.0059015 -0.0014914 -0.000985 0.0059014 -0.0014913 -0.0014025 0.0059002 -0.0014914 -0.000985 0.0059014 -0.0014915 -0.0009839 0.005533 -0.0014914 -0.0014014 0.0055318 -0.0014913 -0.0014025 0.0059002 -0.0017411 -0.0014042 0.0064751 -0.001742 0.0015958 0.0064839 -0.0017413 -0.0005999 0.0064774 -0.001492 0.0015958 0.0064838 -0.0014911 -0.0014041 0.006475 -0.001741 -0.0014053 0.0068434 -0.0017411 -0.0014042 0.0064751 -0.0014911 -0.0014041 0.006475 -0.001491 -0.0014052 0.0068434 -0.0017413 -0.0003495 0.0068655 -0.001741 -0.0014053 0.0068434 -0.001491 -0.0014052 0.0068434 -0.0014913 -0.0003285 0.0068504 -0.0017418 0.0013185 0.0068307 -0.0017418 0.0014833 0.006969 -0.0014918 0.0013828 0.0068753 -0.0014918 0.0016443 0.0074171 -0.0017416 0.0015649 0.0077999 -0.0017415 0.0014052 0.0080276 -0.0017412 0.0007324 0.0083514 -0.0014915 0.0014672 0.0079567 -0.0014913 0.0010627 0.0082626 -0.0014918 0.0016443 0.0074171 -0.0017411 -0.0006 0.0072285 -0.0017413 -0.0003495 0.0068655 -0.0017409 -0.000538 0.0078484 -0.0017409 -5.56e-05 0.0082695 -0.0017412 0.0007324 0.0083514 -0.0014913 -0.0003285 0.0068504 -0.0014913 0.0010627 0.0082626 -0.001491 1.52e-05 0.0082949 -0.0014909 -0.0004001 0.0080412 -0.001491 -0.0006182 0.0075861 -0.0014912 -0.0005536 0.0071055 -0.0017402 -4.22e-05 0.0106065 -0.0017405 -0.0005686 0.0091756 -0.0017402 -0.0005482 0.0101646 -0.0014902 -0.000427 0.0103707 -0.0014902 -0.0005915 0.0100299 -0.0014904 -0.0006121 0.0093477 -0.0014902 3.26e-05 0.0106228 -0.0017405 -0.0005686 0.0091756 -0.0017406 -0.0003901 0.0089214 -0.0014904 -0.0006121 0.0093477 -0.0014906 -0.0003669 0.0089038 -0.0017406 -0.0003901 0.0089214 -0.0017408 -5.92e-05 0.0088129 -0.0017413 0.0015893 0.0086873 -0.0014906 -0.0003669 0.0089038 -0.0014913 0.0015641 0.008701 -0.0017402 -4.22e-05 0.0106065 -0.0017404 8.04e-05 0.010263 -0.0014902 3.26e-05 0.0106228 -0.0014904 5.13e-05 0.0102562 -0.0017406 -0.000184 0.0092517 -0.0017403 -0.0002679 0.0100333 -0.0014905 -0.0002884 0.0094037 -0.0014904 -0.000327 0.0098169 -0.0017404 8.04e-05 0.010263 -0.0017403 -0.0002679 0.0100333 -0.0014904 -0.000327 0.0098169 -0.0014904 5.13e-05 0.0102562 -0.0017407 0.0002204 0.0092054 -0.0017405 0.000517 0.0104369 -0.0014908 0.0002088 0.0091705 -0.0014905 0.0005049 0.0104182 -0.001741 0.0016335 0.0098578 -0.0017411 0.0013201 0.0091493 -0.001491 0.0016369 0.0099696 -0.0014911 0.0013491 0.0091449 -0.0017407 0.0014006 0.0105544 -0.001741 0.0016335 0.0098578 -0.001491 0.0016369 0.0099696 -0.0014906 0.0012802 0.0106328 -0.0017405 0.0008924 0.0106796 -0.0017407 0.0014006 0.0105544 -0.0014906 0.0012802 0.0106328 -0.0014905 0.0006852 0.0106001 -0.0017405 0.0008924 0.0106796 -0.0017405 0.000517 0.0104369 -0.0014905 0.0006852 0.0106001 -0.0014905 0.0005049 0.0104182 -0.0017406 0.0015821 0.011127 -0.0017405 0.001581 0.0114969 -0.0014905 0.0015811 0.0114969 -0.0014906 0.0015822 0.0111269 -0.0014905 0.0015811 0.0114969 -0.0014906 0.0015822 0.0111269 -0.0014899 -1.7e-05 0.0115212 -0.0014899 -0.0003781 0.0112542 -0.0014896 -0.0001741 0.0123539 -0.0014895 -0.0003133 0.0125364 -0.00149 0.0015769 0.0128967 -0.0014895 -0.0002862 0.0125558 -0.0014898 -0.0002882 0.0117459 -0.0014897 0.0001405 0.0125066 -0.0014895 -0.0005414 0.012284 -0.0014901 0.001578 0.0125283 -0.0014897 -0.0006329 0.0117511 -0.0014893 -0.0005942 0.0128903 -0.0014894 -0.0005932 0.0125588 -0.0017395 -0.0002863 0.0125559 -0.0017395 -0.0003134 0.0125364 -0.0017395 -0.000339 0.0125169 -0.0014895 -0.0003133 0.0125364 -0.0014895 -0.0002862 0.0125558 -0.0017396 -0.0006396 0.0119111 -0.0017395 -0.000339 0.0125169 -0.0017395 -0.0005527 0.0122632 -0.0014895 -0.0003133 0.0125364 -0.0014895 -0.0005414 0.012284 -0.0014897 -0.0006329 0.0117511 -0.0017396 -0.0006396 0.0119111 -0.00174 -0.000289 0.0111995 -0.0014899 -0.0003781 0.0112542 -0.0014897 -0.0006329 0.0117511 -0.0017406 0.0015821 0.011127 -0.00174 -0.000289 0.0111995 -0.0014906 0.0015822 0.0111269 -0.0014899 -0.0003781 0.0112542 -0.0017395 -0.0002863 0.0125559 -0.0017394 -0.0005933 0.0125588 -0.0014895 -0.0002862 0.0125558 -0.0014894 -0.0005932 0.0125588 -0.0017394 -0.0005933 0.0125588 -0.0017393 -0.0005943 0.0128904 -0.0014893 -0.0005942 0.0128903 -0.0014894 -0.0005932 0.0125588 -0.0017393 -0.0005943 0.0128904 -0.00174 0.0015769 0.0128968 -0.00149 0.0015769 0.0128967 -0.0014893 -0.0005942 0.0128903 -0.00174 0.0015769 0.0128968 -0.0017401 0.0015779 0.0125284 -0.00149 0.0015769 0.0128967 -0.0014901 0.001578 0.0125283 -0.0017397 4.14e-05 0.0124843 -0.0017401 0.0015779 0.0125284 -0.0014896 -0.0001741 0.0123539 -0.0014897 0.0001405 0.0125066 -0.0014901 0.001578 0.0125283 -0.00174 8.48e-05 0.0115026 -0.0017405 0.001581 0.0114969 -0.0014905 0.0015811 0.0114969 -0.0014899 -1.7e-05 0.0115212 -0.0017398 -0.0002772 0.0117208 -0.00174 8.48e-05 0.0115026 -0.0014899 -1.7e-05 0.0115212 -0.0014898 -0.0002882 0.0117459 -0.0017398 -0.0002772 0.0117208 -0.0017397 -0.0003211 0.0120043 -0.0014896 -0.0001741 0.0123539 -0.0014898 -0.0002882 0.0117459 -0.0017388 -5.6e-05 0.0152681 -0.0017387 -0.0003616 0.015113 -0.0014887 -0.0004102 0.0150666 -0.0014888 1.89e-05 0.0152843 -0.0017388 -0.0006304 0.0145635 -0.0017391 -0.0005008 0.0136858 -0.0017387 -0.0003616 0.015113 -0.0014887 -0.0004102 0.0150666 -0.0014887 -0.0005734 0.014796 -0.0014889 -0.0006375 0.0140971 -0.0017399 0.0015234 0.0133761 -0.0017393 -0.0001208 0.0134801 -0.0014892 -0.0003342 0.013537 -0.0014899 0.0015503 0.0133625 -0.0017388 -5.6e-05 0.0152681 -0.0017389 6.67e-05 0.0149246 -0.0014888 1.89e-05 0.0152843 -0.0014889 3.76e-05 0.0149178 -0.0017389 -0.0002284 0.0147757 -0.0017391 -0.0001821 0.0139016 -0.001489 -0.0003206 0.0141204 -0.0014889 -0.0002949 0.0146657 -0.0017389 6.67e-05 0.0149246 -0.0017389 -0.0002284 0.0147757 -0.0014889 -0.0002949 0.0146657 -0.0014889 3.76e-05 0.0149178 -0.0017391 -0.0001821 0.0139016 -0.0017393 0.000195 0.0138321 -0.0014892 -0.0001547 0.0138844 -0.0014893 0.000195 0.013832 -0.001739 0.0003824 0.0148228 -0.001739 0.0005949 0.0152033 -0.0017393 0.000195 0.0138321 -0.0014893 0.000195 0.013832 -0.001489 0.0007685 0.0153107 -0.001489 0.0004199 0.0149354 -0.0017397 0.0013352 0.0138066 -0.0017396 0.0015807 0.0143032 -0.0014896 0.0016115 0.0144458 -0.0014897 0.0013891 0.0137959 -0.0017393 0.0014152 0.0151901 -0.0017396 0.0015807 0.0143032 -0.0014896 0.0016115 0.0144458 -0.0014894 0.0015645 0.0149613 -0.0017393 0.0014152 0.0151901 -0.0017391 0.0011092 0.0153424 -0.0014894 0.0015645 0.0149613 -0.0014892 0.0012158 0.0153153 -0.0017388 0.0015656 0.0167149 -0.0017382 -0.0014309 0.0155318 -0.0014888 0.0015657 0.0167148 -0.0014882 -0.0014308 0.0155317 -0.0014888 0.0015657 0.0167148 -0.0014882 -0.0014308 0.0155317 -0.0014887 0.0015645 0.01712 -0.0014887 0.0012336 0.0169145 -0.0014874 -0.0014389 0.0182739 -0.0014881 -0.001432 0.0159347 -0.0014875 -0.0014377 0.0178464 -0.0017381 -0.0014321 0.0159347 -0.0017382 -0.0014309 0.0155318 -0.0014882 -0.0014308 0.0155317 -0.0014881 -0.001432 0.0159347 -0.0017387 0.0012335 0.0169146 -0.0017381 -0.0014321 0.0159347 -0.0014887 0.0012336 0.0169145 -0.0014881 -0.001432 0.0159347 -0.0017387 0.0012335 0.0169146 -0.0017375 -0.0014377 0.0178465 -0.0014887 0.0012336 0.0169145 -0.0014875 -0.0014377 0.0178464 -0.0017375 -0.0014377 0.0178465 -0.0017374 -0.001439 0.0182739 -0.0014874 -0.0014389 0.0182739 -0.0014875 -0.0014377 0.0178464 -0.0017374 -0.001439 0.0182739 -0.0017387 0.0015644 0.0171201 -0.0014887 0.0015645 0.01712 -0.0014874 -0.0014389 0.0182739 -0.0017388 0.0015656 0.0167149 -0.0017387 0.0015644 0.0171201 -0.0014888 0.0015657 0.0167148 -0.0014887 0.0015645 0.01712 -0.0017376 0.0005647 0.0196321 -0.0017371 0.0005599 0.0212591 -0.0014876 0.0005648 0.019632 -0.0014871 0.0005773 0.0212579 -0.0017377 0.0009039 0.0196454 -0.0017378 0.0014793 0.0200682 -0.0014877 0.000939 0.0196555 -0.0014878 0.0013228 0.01987 -0.0017375 0.0015293 0.0210343 -0.0017372 0.0011709 0.0214635 -0.0014876 0.0016044 0.0205351 -0.0014874 0.0014641 0.0211667 -0.0014872 0.0010856 0.0215114 -0.0017369 0.0003348 0.0216294 -0.0017368 -0.000242 0.0214453 -0.0017372 0.0011709 0.0214635 -0.0017368 -0.0005183 0.0211752 -0.0014872 0.0010856 0.0215114 -0.0014869 0.0003899 0.0216331 -0.0014868 -0.0002419 0.0214453 -0.0014868 -0.0006346 0.0208996 -0.0017369 -0.0006662 0.020615 -0.0017368 -0.0005183 0.0211752 -0.0017371 -0.0004615 0.0200014 -0.0017374 -8.79e-05 0.0197264 -0.0017376 0.0005647 0.0196321 -0.0014876 0.0005648 0.019632 -0.0014868 -0.0006346 0.0208996 -0.001487 -0.0006381 0.0203744 -0.0014872 -0.0004237 0.0199584 -0.0014874 7.96e-05 0.0196763 -0.0017377 0.0009039 0.0196454 -0.0017376 0.0008908 0.0200361 -0.0014877 0.000939 0.0196555 -0.0014876 0.000856 0.0200235 -0.0017373 0.0011217 0.0210444 -0.0017371 0.0005599 0.0212591 -0.0014871 0.0005773 0.0212579 -0.0014874 0.0012006 0.0209492 -0.0017375 0.0012805 0.0207722 -0.0017376 0.0012096 0.0202681 -0.0014874 0.0012006 0.0209492 -0.0014876 0.0012 0.0202543 -0.0017376 0.0012096 0.0202681 -0.0017376 0.0008908 0.0200361 -0.0014876 0.000856 0.0200235 -0.0014876 0.0012 0.0202543 -0.001737 0.0015487 0.0224386 -0.0017371 0.0015498 0.0220702 -0.001487 0.0015488 0.0224385 -0.0014871 0.0015499 0.0220701 -0.001487 0.0015488 0.0224385 -0.0014871 0.0015499 0.0220701 -0.0014861 -0.0002937 0.0234093 -0.0014861 -9.44e-05 0.0237473 -0.0014862 -0.0006673 0.0228382 -0.0014863 -0.0003544 0.0228646 -0.0014866 0.001545 0.0237301 -0.0014865 -9.47e-05 0.0224572 -0.0014857 -0.0005751 0.0244281 -0.0014865 -0.0003092 0.022124 -0.0014858 -0.0003064 0.0243492 -0.0014862 -0.0002178 0.0231844 -0.0014861 -0.0003268 0.0233873 -0.0014862 0.0015412 0.025021 -0.0014861 -0.0002982 0.0234063 -0.0014859 -0.0006486 0.0237951 -0.0014857 -0.0003301 0.0246773 -0.0014863 0.0015423 0.0246526 -0.0014857 -0.0003258 0.0246801 -0.0014867 0.0015461 0.0233617 -0.0014859 -0.0003433 0.0239767 -0.0014859 6.48e-05 0.0246165 -0.0014863 2.9e-06 0.0233207 -0.0014855 -0.0006299 0.0250146 -0.0014856 -0.000629 0.024683 -0.0017361 -0.0003268 0.0233874 -0.0017361 -0.0002937 0.0234093 -0.0017361 -0.0002983 0.0234064 -0.0014861 -0.0002937 0.0234093 -0.0014861 -0.0003268 0.0233873 -0.0014861 -0.0002982 0.0234063 -0.0017362 -0.0006709 0.0226824 -0.0017361 -0.0006106 0.0230561 -0.0017361 -0.0003268 0.0233874 -0.0014862 -0.0006673 0.0228382 -0.0014861 -0.0003268 0.0233873 -0.0017365 -0.0004494 0.0222003 -0.0017362 -0.0006709 0.0226824 -0.0014862 -0.0006673 0.0228382 -0.0014865 -0.0003092 0.022124 -0.0017365 -0.0004494 0.0222003 -0.0017371 0.0015498 0.0220702 -0.0017366 -0.0001779 0.0220866 -0.0014871 0.0015499 0.0220701 -0.0014865 -0.0003092 0.022124 -0.0017357 -0.0003259 0.0246802 -0.0017357 -0.0006328 0.0243037 -0.0014857 -0.0005751 0.0244281 -0.0014857 -0.0003301 0.0246773 -0.0017357 -0.0006328 0.0243037 -0.0017359 -0.0006224 0.0237162 -0.0014857 -0.0005751 0.0244281 -0.0014859 -0.0006486 0.0237951 -0.0017359 -0.0006224 0.0237162 -0.0017361 -0.0003571 0.0234361 -0.0017361 -0.0002937 0.0234093 -0.0014861 -0.0002937 0.0234093 -0.0014859 -0.0006486 0.0237951 -0.0017357 -0.0003259 0.0246802 -0.0017356 -0.000629 0.0246831 -0.0014857 -0.0003258 0.0246801 -0.0014856 -0.000629 0.024683 -0.0017356 -0.000629 0.0246831 -0.0017355 -0.00063 0.0250146 -0.0014855 -0.0006299 0.0250146 -0.0014856 -0.000629 0.024683 -0.0017355 -0.00063 0.0250146 -0.0017362 0.0015411 0.025021 -0.0014862 0.0015412 0.025021 -0.0014855 -0.0006299 0.0250146 -0.0017362 0.0015411 0.025021 -0.0017363 0.0015422 0.0246527 -0.0014862 0.0015412 0.025021 -0.0014863 0.0015423 0.0246526 -0.0017361 -0.0001546 0.0237651 -0.0017366 0.0015449 0.0237302 -0.0014861 -9.44e-05 0.0237473 -0.0014866 0.001545 0.0237301 -0.001736 -0.0003069 0.0238898 -0.0017361 -0.0001546 0.0237651 -0.0014861 -9.44e-05 0.0237473 -0.0014859 -0.0003433 0.0239767 -0.0017359 -0.000336 0.0242744 -0.001736 -0.0003069 0.0238898 -0.0014858 -0.0003064 0.0243492 -0.0014859 -0.0003433 0.0239767 -0.0017359 -0.000336 0.0242744 -0.0017358 -7.24e-05 0.0245737 -0.0014858 -0.0003064 0.0243492 -0.0014859 6.48e-05 0.0246165 -0.0017358 -7.24e-05 0.0245737 -0.0017363 0.0015422 0.0246527 -0.0014863 0.0015423 0.0246526 -0.0014859 6.48e-05 0.0246165 -0.0017366 0.0015449 0.0237302 -0.0017367 0.001546 0.0233618 -0.0014866 0.001545 0.0237301 -0.0014867 0.0015461 0.0233617 -0.0017365 -0.0001698 0.0224839 -0.001737 0.0015487 0.0224386 -0.001487 0.0015488 0.0224385 -0.0014865 -9.47e-05 0.0224572 -0.0017365 -0.0001698 0.0224839 -0.0017363 -0.0003554 0.022846 -0.0014863 -0.0003544 0.0228646 -0.0014865 -9.47e-05 0.0224572 -0.0017362 -0.0001536 0.0232439 -0.0017363 -0.0003554 0.022846 -0.0014863 -0.0003544 0.0228646 -0.0014862 -0.0002178 0.0231844 -0.0017362 -0.0001536 0.0232439 -0.0017363 0.0001293 0.023348 -0.0017367 0.001546 0.0233618 -0.0014862 -0.0002178 0.0231844 -0.0014867 0.0015461 0.0233617 -0.0014863 2.9e-06 0.0233207 -0.0014848 -0.0002303 0.0276911 -0.0014848 -0.0005699 0.0275627 -0.0014847 -0.0003109 0.0279578 -0.0014845 -0.0005839 0.0282118 -0.0014851 0.0015302 0.0287523 -0.0014852 0.0015313 0.028384 -0.0014846 -0.0006859 0.0278972 -0.0014847 -0.0001506 0.0282578 -0.0014844 -0.0006409 0.0287459 -0.0014845 -0.0006399 0.0284098 -0.0017346 -0.0006877 0.0279519 -0.0017345 -0.0006042 0.0281868 -0.0014845 -0.0005839 0.0282118 -0.0014846 -0.0006859 0.0278972 -0.0017346 -0.0006877 0.0279519 -0.0017348 -0.00057 0.0275628 -0.0014848 -0.0005699 0.0275627 -0.0014846 -0.0006859 0.0278972 -0.0017345 -0.00064 0.0284099 -0.0017344 -0.000641 0.028746 -0.0014845 -0.0005839 0.0282118 -0.0014844 -0.0006409 0.0287459 -0.0014845 -0.0006399 0.0284098 -0.0017344 -0.000641 0.028746 -0.0017351 0.0015301 0.0287524 -0.0014851 0.0015302 0.0287523 -0.0014844 -0.0006409 0.0287459 -0.0017352 0.0015312 0.028384 -0.0017351 0.0015301 0.0287524 -0.0014851 0.0015302 0.0287523 -0.0014852 0.0015313 0.028384 -0.0017347 -0.000311 0.0279579 -0.0017347 1.5e-06 0.0283284 -0.0014847 -0.0003109 0.0279578 -0.0014847 -0.0001506 0.0282578 -0.0017347 1.5e-06 0.0283284 -0.0017352 0.0015312 0.028384 -0.0014852 0.0015313 0.028384 -0.0014847 -0.0001506 0.0282578 -0.0017349 0.0015285 0.0292965 -0.0017348 0.0015274 0.0296665 -0.0014848 0.0015275 0.0296664 -0.0014849 0.0015286 0.0292965 -0.0014848 0.0015275 0.0296664 -0.0014849 0.0015286 0.0292965 -0.0014841 -0.0002737 0.0298062 -0.0014843 -0.0003571 0.0293753 -0.001484 -0.0003206 0.0303724 -0.0014838 -0.0004669 0.0306303 -0.0014838 -0.0004873 0.0306078 -0.0014843 0.0015234 0.0310708 -0.0014844 0.0015245 0.0307025 -0.001484 -0.0006782 0.0298667 -0.001484 4.22e-05 0.0306668 -0.0014834 -0.0014766 0.031062 -0.0014835 -0.0014755 0.0306936 -0.0017338 -0.000467 0.0306304 -0.0017338 -0.0004873 0.0306078 -0.0014838 -0.0004669 0.0306303 -0.0014838 -0.0004873 0.0306078 -0.0017339 -0.0006926 0.0300959 -0.0017338 -0.0004873 0.0306078 -0.0014838 -0.0004873 0.0306078 -0.001484 -0.0006782 0.0298667 -0.0017339 -0.0006926 0.0300959 -0.0017341 -0.0005529 0.0295418 -0.0014843 -0.0003571 0.0293753 -0.001484 -0.0006782 0.0298667 -0.0017349 0.0015285 0.0292965 -0.0017344 -9.15e-05 0.0293059 -0.0014849 0.0015286 0.0292965 -0.0014843 -0.0003571 0.0293753 -0.0017335 -0.0014756 0.0306937 -0.0017338 -0.000467 0.0306304 -0.0014838 -0.0004669 0.0306303 -0.0014835 -0.0014755 0.0306936 -0.0017335 -0.0014756 0.0306937 -0.0017334 -0.0014767 0.0310621 -0.0014834 -0.0014766 0.031062 -0.0014835 -0.0014755 0.0306936 -0.0017334 -0.0014767 0.0310621 -0.0017343 0.0015233 0.0310709 -0.0014843 0.0015234 0.0310708 -0.0014834 -0.0014766 0.031062 -0.0017343 0.0015233 0.0310709 -0.0017344 0.0015244 0.0307025 -0.0014843 0.0015234 0.0310708 -0.0014844 0.0015245 0.0307025 -0.0017341 -0.0002813 0.0298147 -0.001734 -0.0003706 0.03021 -0.0014841 -0.0002737 0.0298062 -0.001484 -0.0003206 0.0303724 -0.0017339 -0.0001147 0.030606 -0.0017344 0.0015244 0.0307025 -0.0014844 0.0015245 0.0307025 -0.001484 4.22e-05 0.0306668 -0.0017341 -0.0002813 0.0298147 -0.0017343 0.0001443 0.0296624 -0.0017348 0.0015274 0.0296665 -0.0014848 0.0015275 0.0296664 -0.0014841 -0.0002737 0.0298062 -0.0017339 0.0005703 0.0315125 -0.001734 0.0012789 0.031917 -0.0017339 0.0015522 0.0325171 -0.001484 0.0010591 0.0317238 -0.0014839 0.0005704 0.0315124 -0.0014838 0.0015681 0.0328374 -0.001484 0.0014236 0.0321277 -0.001484 0.0010591 0.0317238 -0.0014839 0.0005704 0.0315124 -0.0014834 -0.0005621 0.0319488 -0.0014837 0.0012196 0.0326295 -0.0014829 -0.001193 0.0327518 -0.0014829 0.0001212 0.0341577 -0.0014834 0.0012753 0.0336722 -0.0014832 0.0005244 0.0336878 -0.0014832 -0.0012015 0.0318686 -0.0014832 0.0007554 0.0340216 -0.0014838 0.0015681 0.0328374 -0.0014827 -0.001417 0.0333461 -0.001484 0.0014236 0.0321277 -0.0014838 0.001029 0.0322022 -0.0014831 -0.0010489 0.0322652 -0.0014836 0.0011793 0.0331091 -0.0014828 -0.0010347 0.0333218 -0.0014826 -0.0009921 0.033878 -0.0014829 -0.000541 0.03367 -0.0014827 -0.0006406 0.0340617 -0.0014829 -0.0015263 0.0325987 -0.0014837 0.0004687 0.0319066 -0.0014835 -0.0006531 0.0315594 -0.0017339 0.0005703 0.0315125 -0.0017337 0.0004686 0.0319066 -0.0014839 0.0005704 0.0315124 -0.0014837 0.0004687 0.0319066 -0.0017331 -0.0010622 0.0322838 -0.0017334 -0.0005622 0.0319489 -0.0014834 -0.0005621 0.0319488 -0.0014831 -0.0010489 0.0322652 -0.0017331 -0.0010622 0.0322838 -0.0017329 -0.0011931 0.0327519 -0.0017328 -0.0010728 0.0332617 -0.0014829 -0.001193 0.0327518 -0.0014831 -0.0010489 0.0322652 -0.0014828 -0.0010347 0.0333218 -0.0017328 -0.0010728 0.0332617 -0.001733 -0.0001111 0.0337468 -0.0014828 -0.0010347 0.0333218 -0.0014829 -0.000541 0.03367 -0.0017332 0.0006036 0.0336635 -0.001733 -0.0001111 0.0337468 -0.0014832 0.0005244 0.0336878 -0.0014829 -0.000541 0.03367 -0.0017332 0.0006036 0.0336635 -0.0017335 0.0010666 0.0333283 -0.0014832 0.0005244 0.0336878 -0.0014836 0.0011793 0.0331091 -0.0017335 0.0010666 0.0333283 -0.0017338 0.0009754 0.0321489 -0.0017337 0.0012146 0.032598 -0.0014837 0.0012196 0.0326295 -0.0014838 0.001029 0.0322022 -0.0014836 0.0011793 0.0331091 -0.0017338 0.0009754 0.0321489 -0.0017337 0.0004686 0.0319066 -0.0014838 0.001029 0.0322022 -0.0014837 0.0004687 0.0319066 -0.0017335 -0.0007058 0.0315756 -0.0017334 -0.0005622 0.0319489 -0.0014834 -0.0005621 0.0319488 -0.0014835 -0.0006531 0.0315594 -0.0017334 0.001151 0.0337915 -0.0017339 0.0015522 0.0325171 -0.0014834 0.0012753 0.0336722 -0.0014838 0.0015681 0.0328374 -0.0017326 -0.0013168 0.0335331 -0.0017331 -0.0013917 0.0321291 -0.0017334 0.001151 0.0337915 -0.001733 0.0004695 0.0341112 -0.0017327 -0.0006406 0.0340618 -0.0017328 -0.0015171 0.0329847 -0.0014829 0.0001212 0.0341577 -0.0014834 0.0012753 0.0336722 -0.0014832 0.0007554 0.0340216 -0.0014827 -0.001417 0.0333461 -0.0014826 -0.0009921 0.033878 -0.0014827 -0.0006406 0.0340617 -0.0014829 -0.0015263 0.0325987 -0.0017331 -0.0013917 0.0321291 -0.0017333 -0.0009657 0.0316892 -0.0017335 -0.0007058 0.0315756 -0.0014832 -0.0012015 0.0318686 -0.0014835 -0.0006531 0.0315594 -0.0017213 0.0013219 0.0726663 -0.0017219 0.0014065 0.0706839 -0.0014719 0.0014066 0.0706839 -0.0014713 0.0013465 0.0726686 -0.0014719 0.0014066 0.0706839 -0.0014712 -0.0008458 0.0706877 -0.001471 -0.0009008 0.0710736 -0.0014712 -0.000287 0.071271 -0.0014706 -0.0015897 0.0718585 -0.0014712 0.000702 0.0723416 -0.0014709 -0.0014821 0.0710835 -0.0014713 -0.0002159 0.070876 -0.0014711 -0.0011298 0.0707623 -0.0014707 -0.0012615 0.0718769 -0.0014705 -0.0013624 0.0723217 -0.0014713 0.001028 0.0721471 -0.0014708 -0.001306 0.0715783 -0.0014713 0.0013465 0.0726686 -0.0014707 -0.0009771 0.0721662 -0.0014706 -0.0007694 0.0725908 -0.0014707 -0.0007015 0.0722141 -0.0014718 0.0010505 0.0706828 -0.0017218 0.0010504 0.0706829 -0.0017219 0.0014065 0.0706839 -0.0014719 0.0014066 0.0706839 -0.0014718 0.0010505 0.0706828 -0.0017218 0.0010504 0.0706829 -0.0017213 0.0010461 0.0721579 -0.0014713 0.001028 0.0721471 -0.0014718 0.0010505 0.0706828 -0.0017205 -0.0011807 0.0724662 -0.0017206 -0.0007457 0.0725932 -0.0014705 -0.0013624 0.0723217 -0.0014706 -0.0007694 0.0725908 -0.0017205 -0.0011807 0.0724662 -0.0017205 -0.0015554 0.0719923 -0.0017208 -0.0015409 0.0712056 -0.0014706 -0.0015897 0.0718585 -0.0014709 -0.0014821 0.0710835 -0.0014705 -0.0013624 0.0723217 -0.0017208 -0.0015409 0.0712056 -0.0017211 -0.0010831 0.0707419 -0.0014712 -0.0008458 0.0706877 -0.0014709 -0.0014821 0.0710835 -0.0014711 -0.0011298 0.0707623 -0.0017211 -0.0010831 0.0707419 -0.0017213 -6.16e-05 0.0709966 -0.0014712 -0.0008458 0.0706877 -0.0014713 -0.0002159 0.070876 -0.0017213 -6.16e-05 0.0709966 -0.0017213 0.0010461 0.0721579 -0.0014713 -0.0002159 0.070876 -0.0014713 0.001028 0.0721471 -0.0017206 -0.0007457 0.0725932 -0.0017207 -0.0007645 0.0722118 -0.0014706 -0.0007694 0.0725908 -0.0014707 -0.0007015 0.0722141 -0.0017212 0.0006419 0.0722847 -0.0017213 0.0013219 0.0726663 -0.0017211 -0.0006301 0.0710818 -0.0014712 -0.000287 0.071271 -0.0014712 0.000702 0.0723416 -0.0014713 0.0013465 0.0726686 -0.0017208 -0.0012978 0.071508 -0.001721 -0.001045 0.0711291 -0.001471 -0.0009008 0.0710736 -0.0014708 -0.001306 0.0715783 -0.0017208 -0.0012978 0.071508 -0.0017207 -0.0011385 0.0720619 -0.0014707 -0.0012615 0.0718769 -0.0014708 -0.001306 0.0715783 -0.0017207 -0.0011385 0.0720619 -0.0017207 -0.0007645 0.0722118 -0.0014707 -0.0012615 0.0718769 -0.0014707 -0.0009771 0.0721662 -0.0014707 -0.0007015 0.0722141 -0.0017209 0.001397 0.0739272 -0.001721 0.001398 0.0735588 -0.0014709 0.001397 0.0739271 -0.001471 0.0013981 0.0735587 -0.0014709 0.001397 0.0739271 -0.001471 0.0013981 0.0735587 -0.0014699 -0.0008645 0.0746595 -0.00147 -0.0005084 0.0746606 -0.0014701 -0.0009356 0.0739355 -0.00147 -0.0016164 0.0735499 -0.00147 -0.001583 0.0738077 -0.001721 0.001398 0.0735588 -0.00172 -0.0016165 0.0735499 -0.001471 0.0013981 0.0735587 -0.00147 -0.0016164 0.0735499 -0.00172 -0.0008009 0.0746598 -0.00172 -0.0016165 0.0735499 -0.0014699 -0.0008645 0.0746595 -0.00147 -0.001583 0.0738077 -0.00172 -0.0008009 0.0746598 -0.00172 -0.0005085 0.0746607 -0.0014699 -0.0008645 0.0746595 -0.00147 -0.0005084 0.0746606 -0.0017201 -0.0008987 0.0739775 -0.00172 -0.0005085 0.0746607 -0.00147 -0.0005084 0.0746606 -0.0014701 -0.0009356 0.0739355 -0.0017201 -0.0008987 0.0739775 -0.0017209 0.001397 0.0739272 -0.0014709 0.001397 0.0739271 -0.0014701 -0.0009356 0.0739355 -0.0017351 0.0004693 0.0274737 -0.0017357 0.0015506 0.0267476 -0.0017349 -0.0002541 0.0273018 -0.0017359 0.0015204 0.0260797 -0.0017354 0.0011614 0.0273027 -0.0014853 0.0010866 0.0273459 -0.0014851 0.0004694 0.0274736 -0.0014849 -0.0003413 0.0272374 -0.0014859 0.0015205 0.0260797 -0.0014857 0.001578 0.026613 -0.0014855 0.0013872 0.0270833 -0.0017349 -0.0002541 0.0273018 -0.0017349 -0.0005845 0.0269194 -0.0014849 -0.0003413 0.0272374 -0.001485 -0.00061 0.026861 -0.0017353 -0.000555 0.0259347 -0.0017349 -0.0005845 0.0269194 -0.001485 -0.00061 0.026861 -0.0014852 -0.0006305 0.0261065 -0.0017359 0.0009115 0.0254999 -0.0017353 -0.000555 0.0259347 -0.0017355 -8.03e-05 0.0255209 -0.0014852 -0.0006305 0.0261065 -0.0014857 0.0002481 0.0254453 -0.0014859 0.0010685 0.0255593 -0.0014855 -0.0002501 0.0256074 -0.0017359 0.0009115 0.0254999 -0.0017359 0.0015204 0.0260797 -0.0014859 0.0010685 0.0255593 -0.0014859 0.0015205 0.0260797 -0.0014912 0.0015882 0.009074 -0.0014902 -0.000427 0.0103707 -0.0014902 -0.0005915 0.0100299 -0.0014904 -0.0006121 0.0093477 -0.0014906 -0.0003669 0.0089038 -0.0014913 0.0015641 0.008701 -0.0014902 3.26e-05 0.0106228 -0.0014905 -0.0002884 0.0094037 -0.0014904 -0.000327 0.0098169 -0.0014904 5.13e-05 0.0102562 -0.0014908 0.0002088 0.0091705 -0.001491 0.0016369 0.0099696 -0.0014906 0.0012802 0.0106328 -0.0014905 0.0006852 0.0106001 -0.0014905 0.0005049 0.0104182 -0.0014911 0.0013491 0.0091449 -0.0014907 0.0006551 0.0099156 -0.0014908 0.0004989 0.0091713 -0.0014907 0.0011099 0.0102796 -0.0014906 0.0008233 0.0102449 -0.001491 0.0013144 0.0096309 -0.001491 0.0011138 0.0093082 -0.0014908 0.0013156 0.0100661 -0.001491 0.0013144 0.0096309 -0.0014908 0.0013156 0.0100661 -0.0017408 0.0013294 0.0100189 -0.001741 0.00129 0.0095619 -0.001491 0.0013144 0.0096309 -0.001491 0.0011138 0.0093082 -0.001741 0.00129 0.0095619 -0.001741 0.0011254 0.0093182 -0.0014908 0.0004989 0.0091713 -0.001491 0.0011138 0.0093082 -0.001741 0.0011254 0.0093182 -0.0017408 0.0005052 0.009191 -0.0014907 0.0006551 0.0099156 -0.0014908 0.0004989 0.0091713 -0.0014906 0.0008233 0.0102449 -0.0017408 0.0005052 0.009191 -0.0017406 0.0007389 0.0101562 -0.0014907 0.0011099 0.0102796 -0.0014906 0.0008233 0.0102449 -0.0017406 0.0007389 0.0101562 -0.0017406 0.0009757 0.0102956 -0.0014907 0.0011099 0.0102796 -0.0014908 0.0013156 0.0100661 -0.0017408 0.0013294 0.0100189 -0.0017406 0.0009757 0.0102956 -0.0017408 0.0013294 0.0100189 -0.001741 0.00129 0.0095619 -0.001741 0.0011254 0.0093182 -0.0017408 0.0005052 0.009191 -0.0017406 0.0007389 0.0101562 -0.0017406 0.0009757 0.0102956 -0.0014898 0.0015745 0.0137355 -0.0014887 -0.0004102 0.0150666 -0.0014887 -0.0005734 0.014796 -0.0014889 -0.0006375 0.0140971 -0.0014892 -0.0003342 0.013537 -0.0014899 0.0015503 0.0133625 -0.0014888 1.89e-05 0.0152843 -0.001489 -0.0003206 0.0141204 -0.0014889 -0.0002949 0.0146657 -0.0014889 3.76e-05 0.0149178 -0.0014892 -0.0001547 0.0138844 -0.0014893 0.000195 0.013832 -0.0014896 0.0016115 0.0144458 -0.0014894 0.0015645 0.0149613 -0.0014892 0.0012158 0.0153153 -0.001489 0.0007685 0.0153107 -0.001489 0.0004199 0.0149354 -0.0014897 0.0013891 0.0137959 -0.0014894 0.0004851 0.0138329 -0.0014892 0.0007183 0.0148066 -0.0014895 0.0013073 0.0143162 -0.0014893 0.0011497 0.0149169 -0.0014895 0.0010748 0.0139505 -0.0014894 0.0013263 0.0146228 -0.0014895 0.0013073 0.0143162 -0.0014894 0.0013263 0.0146228 -0.0017394 0.0012914 0.0147542 -0.0017395 0.0012666 0.0142008 -0.0014895 0.0013073 0.0143162 -0.0014895 0.0010748 0.0139505 -0.0017395 0.0012666 0.0142008 -0.0017395 0.0009991 0.0139063 -0.0014894 0.0004851 0.0138329 -0.0014895 0.0010748 0.0139505 -0.0017395 0.0009991 0.0139063 -0.0017394 0.0004851 0.0138329 -0.0014894 0.0004851 0.0138329 -0.0014892 0.0007183 0.0148066 -0.0017394 0.0004851 0.0138329 -0.0017392 0.0007182 0.0148066 -0.0017394 0.0012914 0.0147542 -0.0017395 0.0012666 0.0142008 -0.0017395 0.0009991 0.0139063 -0.0017394 0.0004851 0.0138329 -0.0017392 0.0007182 0.0148066 -0.0017392 0.000962 0.0149571 -0.0014919 0.0015948 0.0068276 -0.001492 0.0015958 0.0064838 -0.0014911 -0.0014041 0.006475 -0.001491 -0.0014052 0.0068434 -0.0014913 -0.0003285 0.0068504 -0.0014918 0.0013828 0.0068753 -0.0014915 0.0014672 0.0079567 -0.0014913 0.0010627 0.0082626 -0.001491 1.52e-05 0.0082949 -0.0014909 -0.0004001 0.0080412 -0.001491 -0.0006182 0.0075861 -0.0014912 -0.0005536 0.0071055 -0.0014918 0.0016443 0.0074171 -0.0014915 0.0001864 0.0068537 -0.0014913 -0.0001706 0.0070305 -0.0014911 -0.0002516 0.0076893 -0.0014917 0.0013241 0.0072575 -0.0014916 0.0012866 0.0076228 -0.0014912 -0.000308 0.0072591 -0.0014913 0.0008266 0.0079552 -0.0014917 0.0010655 0.0069301 -0.0014911 0.0002322 0.0079646 -0.0014911 -0.0002516 0.0076893 -0.0014911 0.0002322 0.0079646 -0.0017411 1.5e-06 0.0078939 -0.0017411 -0.0002161 0.0077379 -0.0014913 0.0008266 0.0079552 -0.0014911 0.0002322 0.0079646 -0.0017411 1.5e-06 0.0078939 -0.0017415 0.0011239 0.0078211 -0.0014917 0.0013241 0.0072575 -0.0014916 0.0012866 0.0076228 -0.0014917 0.0010655 0.0069301 -0.0017415 0.0011239 0.0078211 -0.0017417 0.0013389 0.007444 -0.0017417 0.0012969 0.0071821 -0.0017417 0.0010073 0.0069001 -0.0014915 0.0001864 0.0068537 -0.0014913 -0.0001706 0.0070305 -0.0014911 -0.0002516 0.0076893 -0.0014912 -0.000308 0.0072591 -0.0014917 0.0010655 0.0069301 -0.0017417 0.0010073 0.0069001 -0.0017414 3.47e-05 0.0069028 -0.0017413 -0.0002055 0.0070662 -0.0017411 -0.0003227 0.0074789 -0.0017411 -0.0002161 0.0077379 -0.0017411 1.5e-06 0.0078939 -0.0017415 0.0011239 0.0078211 -0.0017417 0.0013389 0.007444 -0.0017417 0.0012969 0.0071821 -0.0017417 0.0010073 0.0069001 -0.0017414 3.47e-05 0.0069028 -0.0017413 -0.0002055 0.0070662 -0.0017411 -0.0003227 0.0074789 -0.0017411 -0.0002161 0.0077379 -0.0014853 0.0010866 0.0273459 -0.0014851 0.0004694 0.0274736 -0.0014849 -0.0003413 0.0272374 -0.001485 -0.00061 0.026861 -0.0014852 -0.0006305 0.0261065 -0.0014857 0.0002481 0.0254453 -0.0014859 0.0010685 0.0255593 -0.0014859 0.0015205 0.0260797 -0.0014857 0.001578 0.026613 -0.0014855 0.0013872 0.0270833 -0.0014855 -0.0002501 0.0256074 -0.0014853 0.0006331 0.0270874 -0.0014851 -0.0003768 0.0265455 -0.0014857 0.0012583 0.02626 -0.0014854 -5.16e-05 0.0259128 -0.0014856 0.0004834 0.0258143 -0.0014855 0.0011514 0.0268376 -0.0014858 0.0010535 0.0259794 -0.0014852 -0.0003547 0.0262682 -0.0014851 2.34e-05 0.0270299 -0.0014853 0.0006331 0.0270874 -0.0014851 2.34e-05 0.0270299 -0.0017351 -2.51e-05 0.0270099 -0.0017354 0.0009792 0.0269833 -0.0014854 -5.16e-05 0.0259128 -0.0014856 0.0004834 0.0258143 -0.0014858 0.0010535 0.0259794 -0.0017358 0.0012263 0.0261786 -0.0017357 0.0006307 0.0258257 -0.0017355 5.87e-05 0.0258665 -0.0014854 -5.16e-05 0.0259128 -0.0014852 -0.0003547 0.0262682 -0.0017355 5.87e-05 0.0258665 -0.0017352 -0.0003548 0.0262683 -0.0014851 -0.0003768 0.0265455 -0.0014852 -0.0003547 0.0262682 -0.0017352 -0.0003548 0.0262683 -0.0017351 -0.0003739 0.0265659 -0.0014851 -0.0003768 0.0265455 -0.0014851 2.34e-05 0.0270299 -0.0017351 -2.51e-05 0.0270099 -0.0017351 -0.0003739 0.0265659 -0.0017351 -2.51e-05 0.0270099 -0.0017354 0.0009792 0.0269833 -0.0017356 0.0012589 0.0266401 -0.0017358 0.0012263 0.0261786 -0.0017357 0.0006307 0.0258257 -0.0017355 5.87e-05 0.0258665 -0.0017352 -0.0003548 0.0262683 -0.0017351 -0.0003739 0.0265659 -0.0014876 0.0005648 0.019632 -0.0014877 0.000939 0.0196555 -0.0014878 0.0013228 0.01987 -0.0014876 0.0016044 0.0205351 -0.0014874 0.0014641 0.0211667 -0.0014872 0.0010856 0.0215114 -0.0014869 0.0003899 0.0216331 -0.0014868 -0.0002419 0.0214453 -0.0014868 -0.0006346 0.0208996 -0.001487 -0.0006381 0.0203744 -0.0014872 -0.0004237 0.0199584 -0.0014874 7.96e-05 0.0196763 -0.0014876 0.000856 0.0200235 -0.0014871 0.0005773 0.0212579 -0.0014874 0.0012006 0.0209492 -0.0014876 0.0012 0.0202543 -0.0014874 0.000235 0.0200115 -0.0014872 -0.0001434 0.0201407 -0.0014869 -0.0003471 0.0207739 -0.0014869 -0.0001748 0.0210583 -0.001487 -0.0003466 0.0204647 -0.001487 0.0002569 0.0212374 -0.0014874 0.000235 0.0200115 -0.0014872 -0.0001434 0.0201407 -0.0017374 0.0002604 0.0200096 -0.0017372 -0.0002196 0.0202163 -0.0014874 0.000235 0.0200115 -0.001487 0.0002569 0.0212374 -0.0017374 0.0002604 0.0200096 -0.001737 0.0001934 0.0212292 -0.0014872 -0.0001434 0.0201407 -0.0014869 -0.0003471 0.0207739 -0.0014869 -0.0001748 0.0210583 -0.001487 -0.0003466 0.0204647 -0.0017372 -0.0002196 0.0202163 -0.001737 -0.0003632 0.0205635 -0.0017369 -0.0002772 0.0209386 -0.0014869 -0.0001748 0.0210583 -0.001487 0.0002569 0.0212374 -0.0017369 -0.0002772 0.0209386 -0.001737 0.0001934 0.0212292 -0.0017374 0.0002604 0.0200096 -0.0017372 -0.0002196 0.0202163 -0.001737 -0.0003632 0.0205635 -0.0017369 -0.0002772 0.0209386 -0.001737 0.0001934 0.0212292 -0.0017174 0.0047591 0.0787427 -0.0017353 0.0047726 0.0313027 -0.0017287 0.0047103 0.0524342 -0.001736 0.0047793 0.0290341 -0.0017372 0.0047905 0.0252405 -0.0017383 0.0048004 0.0218641 -0.0017403 0.0048193 0.0154562 -0.001741 0.0048262 0.0131324 -0.0017417 0.0048327 0.0109186 -0.0017424 0.0048397 0.0085376 -0.0017435 0.0048493 0.0052709 -0.0017442 0.0048562 0.0029459 -0.0017145 -0.0049569 0.078092 -0.001738 -0.0046738 0.0131044 -0.0017279 -0.0047899 -0.0421468 -0.0017422 -0.0014011 0.0029275 -0.0017413 -0.0014025 0.0059002 -0.0017414 -0.000985 0.0059015 -0.0017415 -0.0009839 0.0055331 -0.0017414 -0.0014014 0.0055319 -0.0017364 -0.0008509 0.0218474 -0.0017201 -0.0008987 0.0739775 -0.0017208 -0.0012978 0.071508 -0.001721 -0.001045 0.0711291 -0.0017207 -0.0011385 0.0720619 -0.0017205 -0.0011807 0.0724662 -0.0017205 -0.0015554 0.0719923 -0.0017208 -0.0015409 0.0712056 -0.0017211 -0.0010831 0.0707419 -0.0017326 -0.0013168 0.0335331 -0.0017331 -0.0013917 0.0321291 -0.0017333 -0.0009657 0.0316892 -0.0017335 -0.0007058 0.0315756 -0.0017331 -0.0010622 0.0322838 -0.0017329 -0.0011931 0.0327519 -0.0017328 -0.0010728 0.0332617 -0.0017335 -0.0014756 0.0306937 -0.0017334 -0.0014767 0.0310621 -0.0017339 -0.0006926 0.0300959 -0.0017338 -0.000467 0.0306304 -0.0017338 -0.0004873 0.0306078 -0.0017346 -0.0006877 0.0279519 -0.0017388 0.0015656 0.0167149 -0.0017374 -0.001439 0.0182739 -0.0017382 -0.0014309 0.0155318 -0.0017388 -0.0006304 0.0145635 -0.0017411 -0.0006 0.0072285 -0.0017413 -0.0003495 0.0068655 -0.0017407 -0.000606 0.0085216 -0.001741 -0.0014053 0.0068434 -0.0017411 -0.0014042 0.0064751 -0.0017209 0.001397 0.0739272 -0.00172 -0.0005085 0.0746607 -0.001721 0.001398 0.0735588 -0.0017218 0.0010504 0.0706829 -0.0017212 0.0006419 0.0722847 -0.0017213 -6.16e-05 0.0709966 -0.0017206 -0.0007457 0.0725932 -0.0017213 0.0013219 0.0726663 -0.0017207 -0.0007645 0.0722118 -0.0017219 0.0014065 0.0706839 -0.0017213 0.0010461 0.0721579 -0.0017211 -0.0006301 0.0710818 -0.0017339 0.0005703 0.0315125 -0.0017334 0.001151 0.0337915 -0.0017332 0.0006036 0.0336635 -0.0017335 0.0010666 0.0333283 -0.0017338 0.0009754 0.0321489 -0.0017337 0.0012146 0.032598 -0.001734 0.0012789 0.031917 -0.001733 0.0004695 0.0341112 -0.001733 -0.0001111 0.0337468 -0.0017339 0.0015522 0.0325171 -0.0017327 -0.0006406 0.0340618 -0.0017337 0.0004686 0.0319066 -0.0017334 -0.0005622 0.0319489 -0.0017339 -0.0001147 0.030606 -0.0017349 0.0015285 0.0292965 -0.0017341 -0.0002813 0.0298147 -0.0017341 -0.0005529 0.0295418 -0.001734 -0.0003706 0.03021 -0.0017344 -9.15e-05 0.0293059 -0.0017343 0.0001443 0.0296624 -0.0017343 0.0015233 0.0310709 -0.0017348 0.0015274 0.0296665 -0.0017344 0.0015244 0.0307025 -0.0017347 -0.000311 0.0279579 -0.0017346 -0.0003123 0.028407 -0.0017345 -0.00064 0.0284099 -0.0017347 1.5e-06 0.0283284 -0.0017345 -0.0006042 0.0281868 -0.0017352 0.0015312 0.028384 -0.0017344 -0.000641 0.028746 -0.0017351 0.0015301 0.0287524 -0.0017348 -0.00057 0.0275628 -0.0017351 0.0004693 0.0274737 -0.0017359 0.0009115 0.0254999 -0.0017357 0.0015506 0.0267476 -0.0017349 -0.0002541 0.0273018 -0.0017359 0.0015204 0.0260797 -0.0017353 -0.000555 0.0259347 -0.0017354 0.0011614 0.0273027 -0.0017355 -8.03e-05 0.0255209 -0.0017349 -0.0005845 0.0269194 -0.0017388 -5.6e-05 0.0152681 -0.0017397 0.0013352 0.0138066 -0.0017399 0.0015234 0.0133761 -0.0017393 0.0014152 0.0151901 -0.0017391 -0.0005008 0.0136858 -0.0017387 -0.0003616 0.015113 -0.0017396 0.0015807 0.0143032 -0.0017389 6.67e-05 0.0149246 -0.001739 0.0003824 0.0148228 -0.0017389 -0.0002284 0.0147757 -0.001739 0.0005949 0.0152033 -0.0017391 -0.0001821 0.0139016 -0.0017391 0.0011092 0.0153424 -0.0017393 -0.0001208 0.0134801 -0.0017393 0.000195 0.0138321 -0.0017418 0.0013185 0.0068307 -0.0017418 0.0014833 0.006969 -0.0017416 0.0015649 0.0077999 -0.0017409 -0.000538 0.0078484 -0.0017409 -5.56e-05 0.0082695 -0.0017415 0.0014052 0.0080276 -0.0017412 0.0007324 0.0083514 -0.001742 0.0015958 0.0064839 -0.0017413 -0.0005999 0.0064774 -0.0017415 -0.0005737 0.0059027 -0.0017422 0.0015975 0.0059091 -0.0017423 0.0015985 0.0055407 -0.0017416 -0.0005726 0.0055343 -0.0017429 0.0012851 0.0035517 -0.001743 0.0016044 0.0035476 -0.0017427 0.0013007 0.0039639 -0.0017426 0.0013084 0.0043309 -0.0017425 0.0010954 0.0045696 -0.0017427 0.0009618 0.0036275 -0.0017425 0.0013989 0.004839 -0.0017424 0.0011106 0.0049537 -0.0017418 -0.0005709 0.0049756 -0.0017428 0.0016486 0.0041369 -0.0017431 0.0016054 0.0032176 -0.0017419 -0.0005699 0.0046072 -0.0017424 -0.0005657 0.0032112 -0.0017423 -0.0005668 0.0035796 -0.0017328 -0.0015171 0.0329847 -0.00172 -0.0016165 0.0735499 -0.0017557 -0.0008893 -0.0398251 -0.0017559 -0.0009148 -0.0404416 -0.001756 -0.0007553 -0.04063 -0.0017557 -0.000751 -0.0396748 -0.0017551 -0.0012797 -0.0382354 -0.0017556 -0.0009172 -0.0393617 -0.0017556 -0.0012037 -0.0397328 -0.0017552 -0.0006204 -0.0378651 -0.0017558 -0.0003721 -0.0395712 -0.0017563 0.0017302 -0.0391145 -0.0017562 -7.16e-05 -0.0405997 -0.0017559 0.0017265 -0.0378582 -0.0017561 0.0017276 -0.0382266 -0.0017562 0.0010824 -0.0393982 -0.0017557 -0.0004162 -0.0391922 -0.0017551 -0.000179 -0.0371247 -0.001755 -0.0005351 -0.0371258 -0.0017427 -0.0002892 0.0022945 -0.0017427 -0.0003129 0.0022772 -0.0017426 -0.0005631 0.0023171 -0.0017434 -0.0001952 0.0001823 -0.0017432 -0.0001094 0.0008606 -0.001743 -0.0002237 0.0014978 -0.0017429 -0.0002856 0.0018413 -0.0017433 -0.0002885 0.0004987 -0.0017435 -0.0004105 -0.0001441 -0.0017429 5.17e-05 0.0022294 -0.0017428 -0.0005669 0.0019377 -0.0017425 -0.0005641 0.0026487 -0.0017436 0.0016109 0.0013642 -0.001744 0.0016147 7.26e-05 -0.0017432 0.001607 0.0026551 -0.0017434 0.0016081 0.0022867 -0.0017438 0.0016119 0.0009958 -0.0017442 0.0016157 -0.0002958 -0.0017428 -0.0006103 0.0016601 -0.0017432 -0.0005937 0.0005266 -0.0017431 -0.0003767 0.0011207 -0.0017431 -0.0003128 0.0009831 -0.0017431 -0.0002878 0.0010022 -0.0017402 -4.22e-05 0.0106065 -0.0017405 0.0008924 0.0106796 -0.0017407 0.0014006 0.0105544 -0.0017405 -0.0005686 0.0091756 -0.001741 0.0016335 0.0098578 -0.0017411 0.0013201 0.0091493 -0.0017404 8.04e-05 0.010263 -0.0017406 -0.000184 0.0092517 -0.0017406 -0.0003901 0.0089214 -0.0017407 0.0002204 0.0092054 -0.0017402 -0.0005482 0.0101646 -0.0017408 -5.92e-05 0.0088129 -0.0017403 -0.0002679 0.0100333 -0.0017405 0.000517 0.0104369 -0.0017413 0.0015893 0.0086873 -0.0017396 -0.0006396 0.0119111 -0.0017395 -0.0002863 0.0125559 -0.0017395 -0.0003134 0.0125364 -0.0017395 -0.000339 0.0125169 -0.0017398 -0.0002772 0.0117208 -0.0017394 -0.0005933 0.0125588 -0.0017397 -0.0003211 0.0120043 -0.0017397 4.14e-05 0.0124843 -0.00174 8.48e-05 0.0115026 -0.0017395 -0.0005527 0.0122632 -0.0017406 0.0015821 0.011127 -0.00174 -0.000289 0.0111995 -0.0017393 -0.0005943 0.0128904 -0.00174 0.0015769 0.0128968 -0.0017405 0.001581 0.0114969 -0.0017401 0.0015779 0.0125284 -0.0017369 -0.0006662 0.020615 -0.0017369 0.0003348 0.0216294 -0.0017387 0.0015644 0.0171201 -0.0017377 0.0009039 0.0196454 -0.0017375 0.0012805 0.0207722 -0.0017376 0.0012096 0.0202681 -0.0017375 0.0015293 0.0210343 -0.0017376 0.0008908 0.0200361 -0.0017368 -0.000242 0.0214453 -0.0017372 0.0011709 0.0214635 -0.0017378 0.0014793 0.0200682 -0.0017373 0.0011217 0.0210444 -0.0017368 -0.0005183 0.0211752 -0.0017371 -0.0004615 0.0200014 -0.0017374 -8.79e-05 0.0197264 -0.0017376 0.0005647 0.0196321 -0.0017371 0.0005599 0.0212591 -0.0017357 -0.0003259 0.0246802 -0.0017359 -0.000336 0.0242744 -0.0017356 -0.000629 0.0246831 -0.0017362 -0.0001536 0.0232439 -0.001736 -0.0003069 0.0238898 -0.0017361 -0.0001546 0.0237651 -0.0017365 -0.0001698 0.0224839 -0.0017358 -7.24e-05 0.0245737 -0.0017363 -0.0003554 0.022846 -0.0017365 -0.0004494 0.0222003 -0.0017363 0.0001293 0.023348 -0.001737 0.0015487 0.0224386 -0.0017357 -0.0006328 0.0243037 -0.0017366 0.0015449 0.0237302 -0.0017371 0.0015498 0.0220702 -0.0017355 -0.00063 0.0250146 -0.0017362 0.0015411 0.025021 -0.0017363 0.0015422 0.0246527 -0.0017367 0.001546 0.0233618 -0.0017366 -0.0001779 0.0220866 -0.0017362 -0.0006709 0.0226824 -0.0017359 -0.0006224 0.0237162 -0.0017361 -0.0006106 0.0230561 -0.0017361 -0.0003268 0.0233874 -0.0017361 -0.0003571 0.0234361 -0.0017361 -0.0002937 0.0234093 -0.0017361 -0.0002983 0.0234064 0.0017816 -0.0013689 0.0791943 0.001781 0.0005022 0.0791389 0.0017804 0.0028055 0.0795743 0.0017741 0.0051198 0.0806549 0.001739 0.0050927 -0.0408692 0.0017762 -0.0051769 0.0797554 0.0017412 0.0033247 -0.0452885 0.0017435 -0.0047098 -0.0462 0.0017422 0.0004155 -0.0451755 0.0026192 0.0026494 0.0984371 0.0023582 0.0009982 0.0989832 0.0022615 0.0004175 0.0991007 0.0025083 0.0043964 0.0980053 0.0025474 0.0046543 0.0978598 0.0023445 0.0036153 0.0984225 0.002349 -0.004245 0.0982902 0.002353 -0.0045235 0.0981703 0.0023589 -0.0047983 0.0980404 0.0024844 -0.0055631 0.0975701 0.0023269 -0.0048082 0.0980498 0.002023 -0.003752 0.0985994 0.002998 -0.007727 0.0955368 0.0026367 -0.0078474 0.0955318 0.000852 -0.0079756 0.0953898 0.0016655 0.00552 0.0974918 0.000882 0.0060961 0.0970144 -0.0002693 0.0068875 0.096169 -0.0054135 0.0077657 0.0930663 -0.0051578 0.0084572 0.0918504 -0.004938 0.008814 0.0910299 -0.0023167 0.0054739 0.0969137 -0.0036836 0.0049111 0.0968447 -0.0054236 0.0042627 0.09649 -0.0036094 0.0007674 0.0982836 -0.0056976 0.000133 0.0975067 -0.0065024 -0.0001729 0.097121 0.0018497 0.0079018 0.0951078 0.0004105 0.0076841 0.0953506 -0.0018849 0.0073622 0.0953035 0.001739 0.0050927 -0.0408692 0.0015955 0.0056148 -0.0411321 0.0012262 0.006108 -0.0416531 -0.0013741 -0.0062608 -0.045453 -0.0015655 -0.0053922 -0.0435886 -0.0015906 -0.006964 -0.0472066 -0.006477 0.0053701 0.0948836 -0.0068676 0.0029794 0.0959537 -0.0067184 0.0042904 0.0953332 -0.0033256 0.0087481 0.0846228 -0.0034126 0.0082186 0.0838112 -0.0031622 0.0073916 0.0825888 -0.0060244 -0.0058063 0.095325 -0.0059745 -0.0065876 0.0946199 -0.0058857 -0.0073771 0.0936773 -0.0017387 0.0012335 0.0169146 -0.0017381 -0.0014321 0.0159347 -0.0017375 -0.0014377 0.0178465 -0.0017375 -0.0014377 0.0178465 -0.0017374 -0.001439 0.0182739 -0.0017382 -0.0014309 0.0155318 -0.0017381 -0.0014321 0.0159347 -0.0017375 -0.0014377 0.0178465 -0.0017382 -0.0014309 0.0155318 -0.0017415 -0.0009839 0.0055331 -0.0017423 0.0015985 0.0055407 -0.0017416 -0.0005726 0.0055343 -0.0017559 -0.0012008 -0.0406061 -0.0015056 -0.0012602 -0.0399269 -0.001506 -0.0010765 -0.0408091 -0.0017551 -0.0012797 -0.0382354 -0.0015051 -0.0012869 -0.0382355 -0.001505 -0.0012876 -0.0379961 -0.0017431 -0.0003128 0.0009831 -0.0017431 -0.0002878 0.0010022 -0.0014931 -0.0003127 0.000983 -0.0017435 -0.0004105 -0.0001441 -0.0014936 -0.0001119 -0.0002795 -0.0014934 -0.0005553 6.39e-05 -0.0017427 -0.0002892 0.0022945 -0.0017427 -0.0003129 0.0022772 -0.0014927 -0.0003129 0.0022772 -0.001743 -0.0002237 0.0014978 -0.0014931 -9.2e-06 0.0013771 -0.001493 -0.0002354 0.0015148 -0.0017432 -0.0001094 0.0008606 -0.0014932 -0.0001651 0.0008031 -0.0014933 0.0001953 0.000982 -0.0017428 0.0016486 0.0041369 -0.0014927 0.0016321 0.0044346 -0.0014929 0.0015444 0.0038205 -0.0017418 0.0013185 0.0068307 -0.001742 0.0015958 0.0064839 -0.0014919 0.0015948 0.0068276 -0.001742 0.0015958 0.0064839 -0.0014919 0.0015948 0.0068276 -0.001492 0.0015958 0.0064838 -0.0017418 0.0014833 0.006969 -0.0017416 0.0015649 0.0077999 -0.0014918 0.0016443 0.0074171 -0.0017418 0.0013185 0.0068307 -0.0014919 0.0015948 0.0068276 -0.0014918 0.0013828 0.0068753 -0.0017411 0.0013201 0.0091493 -0.0017413 0.0015893 0.0086873 -0.0014912 0.0015882 0.009074 -0.0017413 0.0015893 0.0086873 -0.0014912 0.0015882 0.009074 -0.0014913 0.0015641 0.008701 -0.0017406 -0.000184 0.0092517 -0.0017407 0.0002204 0.0092054 -0.0014908 0.0002088 0.0091705 -0.0017406 -0.000184 0.0092517 -0.0014905 -0.0002884 0.0094037 -0.0014908 0.0002088 0.0091705 -0.0017411 0.0013201 0.0091493 -0.0014912 0.0015882 0.009074 -0.0014911 0.0013491 0.0091449 -0.0017397 -0.0003211 0.0120043 -0.0017397 4.14e-05 0.0124843 -0.0014896 -0.0001741 0.0123539 -0.0017397 0.0013352 0.0138066 -0.0017399 0.0015234 0.0133761 -0.0014898 0.0015745 0.0137355 -0.0017399 0.0015234 0.0133761 -0.0014898 0.0015745 0.0137355 -0.0014899 0.0015503 0.0133625 -0.0017391 -0.0005008 0.0136858 -0.0017393 -0.0001208 0.0134801 -0.0014892 -0.0003342 0.013537 -0.0017391 -0.0005008 0.0136858 -0.0014889 -0.0006375 0.0140971 -0.0014892 -0.0003342 0.013537 -0.0017391 -0.0001821 0.0139016 -0.001489 -0.0003206 0.0141204 -0.0014892 -0.0001547 0.0138844 -0.001739 0.0005949 0.0152033 -0.0017391 0.0011092 0.0153424 -0.0014892 0.0012158 0.0153153 -0.001739 0.0005949 0.0152033 -0.0014892 0.0012158 0.0153153 -0.001489 0.0007685 0.0153107 -0.0017397 0.0013352 0.0138066 -0.0014898 0.0015745 0.0137355 -0.0014897 0.0013891 0.0137959 -0.0017375 0.0015293 0.0210343 -0.0017378 0.0014793 0.0200682 -0.0014876 0.0016044 0.0205351 -0.0017378 0.0014793 0.0200682 -0.0014878 0.0013228 0.01987 -0.0014876 0.0016044 0.0205351 -0.0017375 0.0012805 0.0207722 -0.0017373 0.0011217 0.0210444 -0.0014874 0.0012006 0.0209492 -0.0017357 -0.0003259 0.0246802 -0.0014857 -0.0003301 0.0246773 -0.0014857 -0.0003258 0.0246801 -0.0017347 -0.000311 0.0279579 -0.0017348 -0.00057 0.0275628 -0.0014848 -0.0002303 0.0276911 -0.0017348 -0.00057 0.0275628 -0.0014848 -0.0002303 0.0276911 -0.0014848 -0.0005699 0.0275627 -0.0017346 -0.0003123 0.028407 -0.0017345 -0.0006042 0.0281868 -0.0014845 -0.0005839 0.0282118 -0.0017346 -0.0003123 0.028407 -0.0017345 -0.00064 0.0284099 -0.0014845 -0.0005839 0.0282118 -0.0017347 -0.000311 0.0279579 -0.0014848 -0.0002303 0.0276911 -0.0014847 -0.0003109 0.0279578 -0.0017341 -0.0005529 0.0295418 -0.0017344 -9.15e-05 0.0293059 -0.0014843 -0.0003571 0.0293753 -0.0017339 -0.0001147 0.030606 -0.001734 -0.0003706 0.03021 -0.001484 4.22e-05 0.0306668 -0.001734 -0.0003706 0.03021 -0.001484 -0.0003206 0.0303724 -0.001484 4.22e-05 0.0306668 -0.0017331 -0.0013917 0.0321291 -0.0014832 -0.0012015 0.0318686 -0.0014829 -0.0015263 0.0325987 -0.001721 -0.001045 0.0711291 -0.0017211 -0.0006301 0.0710818 -0.001471 -0.0009008 0.0710736 -0.0017211 -0.0006301 0.0710818 -0.001471 -0.0009008 0.0710736 -0.0014712 -0.000287 0.071271 -0.00172 -0.0016165 0.0735499 -0.00147 -0.0016164 0.0735499 -0.00147 -0.001583 0.0738077 -0.0014893 0.0011497 0.0149169 -0.0014894 0.0013263 0.0146228 -0.0017394 0.0012914 0.0147542 -0.0014893 0.0011497 0.0149169 -0.0017392 0.0007182 0.0148066 -0.0017392 0.000962 0.0149571 -0.0014893 0.0011497 0.0149169 -0.0017394 0.0012914 0.0147542 -0.0017392 0.000962 0.0149571 -0.0014892 0.0007183 0.0148066 -0.0014893 0.0011497 0.0149169 -0.0017392 0.0007182 0.0148066 -0.0014916 0.0012866 0.0076228 -0.0014913 0.0008266 0.0079552 -0.0017415 0.0011239 0.0078211 -0.0014855 0.0011514 0.0268376 -0.0017354 0.0009792 0.0269833 -0.0017356 0.0012589 0.0266401 -0.0014855 0.0011514 0.0268376 -0.0017356 0.0012589 0.0266401 -0.0017358 0.0012263 0.0261786 -0.0014857 0.0012583 0.02626 -0.0014858 0.0010535 0.0259794 -0.0017358 0.0012263 0.0261786 -0.0014857 0.0012583 0.02626 -0.0014855 0.0011514 0.0268376 -0.0017358 0.0012263 0.0261786 -0.0014853 0.0006331 0.0270874 -0.0014855 0.0011514 0.0268376 -0.0017354 0.0009792 0.0269833</float_array>
          <technique_common>
            <accessor count="2748" source="#g0_chrome-pos-array" stride="3">
              <param type="float" name="X"/>
              <param type="float" name="Y"/>
              <param type="float" name="Z"/>
            </accessor>
          </technique_common>
        </source>
        <source id="g0_chrome-nrm">
          <float_array count="8244" id="g0_chrome-nrm-array">0.99113 -0.00649 0.13275 0.88849 0.00819 0.45883 0.9889 0.12719 0.0768 0.97023 -0.20954 0.1214 0.93241 -0.2687 0.24169 0.90809 0.15294 0.38984 0.98584 -0.1458 0.08289 0.92639 0.26015 0.27226 0.90509 -0.23289 0.35578 0.89212 0.30308 0.33505 0.94952 0.2827 0.13597 0.87851 -0.13116 0.45937 0.97812 0.202 0.04976 0.99161 0.11506 -0.0589 0.82122 0.10189 0.56144 0.95879 0.27999 0.04824 0.98504 -0.15647 -0.0722 0.99091 0.05038 -0.12477 0.87286 -0.3709 0.31708 0.82287 -0.04203 0.56667 0.80182 -0.26433 0.53592 0.75223 0.30207 0.58558 0.87409 -0.47936 0.07865 0.78071 0.38279 0.49393 0.90791 -0.39908 -0.12817 0.85832 -0.50115 0.11019 0.96924 -0.07896 -0.2331 0.75215 -0.4262 0.50262 0.81828 0.04289 0.57322 0.85444 -0.51953 -0.00456 0.68787 -0.16871 0.70596 0.62037 -0.06714 0.78143 0.86843 0.29455 -0.39884 0.65651 -0.27773 0.70132 0.60406 0.48163 0.63494 0.57549 0.03617 0.81701 0.79893 0.57982 0.15977 0.885 0.37223 -0.27969 0.90008 -0.19999 -0.38712 0.8771 -0.36725 -0.30956 0.69862 0.67107 0.2482 0.79566 0.60404 0.04535 0.78843 0.59972 -0.13678 0.80198 0.52786 -0.27962 0.62547 -0.58849 0.51232 0.52371 0.33577 0.78293 0.6775 0.27768 0.6811 0.62926 0.60431 0.48872 0.8527 0.07006 -0.51768 0.81518 -0.54723 -0.18982 0.48751 -0.02753 0.87268 0.50851 0.34274 0.7899 0.53925 -0.51875 0.66341 0.29611 0.38114 0.87581 0.37184 0.37688 0.84835 0.84071 0.19204 -0.50629 0.8446 -0.04672 -0.53336 0.70118 -0.67709 0.22338 0.61702 -0.66525 0.42039 0.50813 0.61533 0.60264 0.66688 -0.74132 0.07561 0.45098 -0.31409 0.83544 0.56376 0.71903 0.40641 0.56855 -0.75627 0.32373 0.39994 -0.37024 0.83844 0.40384 0.4744 0.78221 0.74453 -0.52172 -0.41651 0.64276 -0.71536 -0.27408 0.36749 -0.47427 0.80001 0.5481 -0.35774 0.75605 0.38266 -0.37435 0.84465 0.32016 0.26479 0.90961 0.39953 -0.68949 0.60414 0.35743 -0.42051 0.83391 0.16185 -0.4331 0.88669 0.36306 0.12499 0.92334 0.68713 -0.17436 -0.70531 0.25999 -0.14153 0.95518 0.2808 0.65065 0.70555 0.48446 0.8728 -0.05936 0.57021 0.8079 -0.14888 0.72912 -0.37425 -0.573 0.32119 -0.80563 0.49779 0.26878 -0.25515 0.92879 0.48885 0.5233 0.69799 0.62212 0.50072 -0.60187 0.58359 -0.78752 -0.19807 0.16726 0.18334 0.96872 0.26626 0.77632 0.57134 0.47566 0.82277 0.31112 0.43176 0.90165 0.02493 0.597 0.58304 -0.55106 0.41939 -0.90659 0.04695 0.36439 -0.91992 0.14478 0.61685 0.04541 -0.78577 0.19068 -0.32543 0.92614 0.13775 0.02187 0.99023 0.3044 0.52565 0.79437 0.59716 -0.32149 -0.73487 0.46863 -0.87801 -0.09736 0.12483 0.46692 0.87544 0.14315 0.72816 0.67029 0.61799 0.15015 -0.77172 0.55384 -0.4699 -0.68735 0.54622 -0.67422 -0.49707 0.15523 -0.62723 0.76321 0.15611 -0.20912 0.96535 0.32679 0.89521 0.30299 0.34942 0.93216 0.09482 0.50243 0.77881 -0.37553 0.64829 0.34066 -0.68093 0.2644 -0.88914 0.37354 -0.06023 -0.17003 0.9836 0.21565 0.87049 0.44244 0.31395 0.93655 0.15589 0.55858 -0.03029 -0.8289 0.4835 -0.6242 -0.61367 0.47875 -0.74856 -0.45875 0.1731 -0.70057 0.69227 0.54736 0.4637 -0.69669 0.53654 -0.53535 -0.65233 0.39106 -0.88981 -0.23519 0.25454 -0.9374 0.23769 0.0432 0.63281 0.7731 0.38076 0.88072 -0.28169 0.49237 0.72845 -0.47638 0.3776 -0.85177 -0.36318 0.13793 -0.82158 0.55316 0.0783 -0.42727 0.90073 -0.04364 0.26179 0.96414 -0.04161 0.58241 0.81183 -0.08139 0.11089 0.99049 -0.04311 0.4103 0.91093 0.03912 0.74483 0.66611 0.34927 0.66146 -0.66369 0.37043 0.53811 -0.75711 0.40877 0.16058 -0.8984 0.4251 -0.0667 -0.90269 0.43717 -0.15111 -0.88659 0.44444 -0.21576 -0.86944 0.36243 -0.49859 -0.78743 0.29857 -0.83307 -0.46567 0.05403 -0.87867 0.47436 -0.04177 -0.55068 0.83367 -0.07836 -0.12702 0.9888 -0.09608 0.41008 0.90698 -0.13531 0.57819 0.8046 0.06225 0.9178 0.39214 0.18214 0.97995 -0.08079 0.22523 0.94438 -0.23962 0.28341 0.84166 -0.45967 0.37448 0.29785 -0.87809 0.37597 -0.29408 -0.87873 0.33069 -0.64369 -0.69015 0.20711 -0.94504 -0.253 0.17835 -0.98357 -0.02782 0.11619 -0.98488 0.12851 0.0661 -0.95569 0.28687 -0.10398 -0.29174 0.95083 -0.12897 -0.02123 0.99142 -0.14305 0.20321 0.96863 0.07798 0.97737 0.19663 0.12524 0.99082 0.05098 0.22582 0.89168 -0.39231 0.34353 0.42854 -0.83567 0.35525 -0.01396 -0.93467 0.35541 -0.10182 -0.92915 0.28907 -0.74646 -0.59936 0.20029 -0.90672 -0.37114 0.17368 -0.97517 -0.13741 -0.03039 -0.78343 0.62074 -0.19269 0.12206 0.97364 -0.13717 0.49447 0.8583 -0.04385 0.74419 0.66652 -0.01233 0.89129 0.45327 0.01362 0.94572 0.3247 0.25811 0.76069 -0.59559 0.07889 -0.99665 0.02139 -0.00398 -0.91707 0.3987 -0.12669 -0.49124 0.86176 -0.15172 -0.37606 0.91409 -0.18512 0.34148 0.92148 -0.0992 0.69172 0.71532 0.13045 0.97244 -0.19326 0.21129 0.81766 -0.53552 0.33761 0.0961 -0.93637 0.32948 -0.00175 -0.94416 0.3126 -0.19956 -0.92869 0.34271 -0.41906 -0.8408 0.29651 -0.5518 -0.77949 0.08625 -0.99006 -0.11113 -0.07212 -0.83005 0.553 -0.11031 -0.63058 0.76825 0.01683 0.98991 0.14072 0.06596 0.99602 -0.05999 0.15711 0.91501 -0.37158 0.23886 0.66064 -0.71168 0.28163 0.49317 -0.82308 0.30017 -0.36468 -0.88142 0.23542 -0.68952 -0.68494 0.18066 -0.87216 -0.45464 0.01267 -0.98281 0.18419 -0.11895 -0.68652 0.71732 -0.18631 -0.14559 0.97164 -0.31766 0.28394 0.90469 -0.15274 0.63161 0.76009 -0.0915 0.86384 0.49539 0.25461 0.61638 -0.74515 0.28515 0.2124 -0.93465 0.19332 -0.78558 -0.58779 0.11142 -0.96212 -0.24882 -0.09415 -0.87684 0.47147 -0.20104 0.40873 0.89024 -0.05377 0.96393 0.26068 -0.00743 0.99997 -0.00102 0.08217 0.96795 -0.23732 0.15898 0.83584 -0.52545 0.23501 -0.54253 -0.80649 -0.07389 -0.94621 0.31501 -0.20089 -0.48189 0.85289 -0.23466 -0.24124 0.94167 -0.25218 0.0111 0.96762 -0.2279 0.56153 0.79545 -0.16871 0.75321 0.63577 -0.12426 0.92755 0.35244 0.09893 0.92098 -0.37684 0.19517 0.6977 -0.68929 0.20535 0.38065 -0.90163 0.19302 -0.66572 -0.7208 0.09809 -0.93433 -0.34264 -0.04869 -0.98896 0.13995 -0.17018 -0.79158 0.58689 -0.19825 -0.67182 0.71369 0.00935 0.98387 -0.17863 0.15892 -0.02621 -0.98694 0.41321 -0.72264 -0.55412 0.12823 -0.7759 -0.61769 0.02604 -0.97714 -0.21098 -0.02667 -0.99964 0.00089 -0.15122 -0.87745 0.4552 -0.27069 -0.38259 0.88338 -0.29798 -0.31642 0.9006 -0.28367 -0.14443 0.94798 -0.312 0.12978 0.94118 -0.29709 0.31789 0.90038 -0.23444 0.75367 0.61402 -0.20113 0.86315 0.46317 -0.10017 0.98041 0.16957 -0.06741 0.99727 0.0302 0.01635 0.95114 -0.30831 0.07299 0.87358 -0.48117 0.11946 0.768 -0.62921 0.06368 -0.8668 -0.49457 0.0501 -0.90696 -0.41823 -0.24477 -0.65789 0.71223 -0.31661 -0.40779 0.85643 -0.30514 0.43109 0.84915 -0.02128 -0.95609 -0.2923 -0.12792 -0.97513 0.18098 -0.16349 -0.94188 0.29349 -0.20746 -0.86286 0.46091 -0.23224 -0.78938 0.56829 -0.27254 -0.53028 0.80282 -0.29174 0.64873 0.70287 -0.07915 0.99374 -0.07885 -0.00452 0.91955 -0.39295 0.03718 0.83146 -0.55434 -0.06438 -0.9881 -0.13967 -0.35201 -0.48101 0.80294 -0.3679 -0.0239 0.92956 -0.2157 0.92193 0.32175 0.02482 -0.82135 -0.56988 -0.03747 -0.9154 -0.40079 -0.12518 -0.99213 -0.00385 -0.34131 -0.57183 0.746 -0.36675 -0.21056 0.90618 -0.36635 0.07695 0.92729 -0.18026 0.97819 0.10324 -0.09274 0.97602 -0.19695 0.02493 -0.72972 -0.6833 -0.23706 -0.91732 0.31989 -0.32429 -0.71853 0.61526 -0.42966 0.0662 0.90056 -0.32718 0.36297 0.87247 -0.37305 0.59206 0.71435 -0.0891 0.944 -0.31769 -0.05124 0.89074 -0.45162 -0.20595 -0.96828 0.14151 -0.28415 -0.84794 0.4475 -0.44693 0.24315 0.86089 -0.32149 0.77868 0.5388 -0.0307 0.80125 -0.59754 -0.55176 0.01412 0.83388 -0.49422 0.36418 0.78938 -0.4708 0.68422 0.55695 -0.41616 0.81412 0.405 -0.27998 0.95983 -0.01819 -0.12964 0.57619 -0.80697 -0.35225 -0.93485 -0.04456 -0.48262 -0.56156 0.67211 -0.77659 -0.25369 -0.57667 -0.63707 -0.53879 -0.55122 -0.29223 -0.78243 -0.54991 -0.02666 -0.83502 -0.54957 0.20155 -0.86845 -0.45295 0.65002 -0.53826 -0.53642 0.80104 -0.24678 -0.54537 0.7959 -0.15148 -0.58618 0.27883 -0.11844 -0.95301 0.23708 0.08782 -0.96751 0.21511 0.27974 -0.93567 0.53925 0.57469 -0.61558 0.33882 0.75869 -0.55641 0.12905 0.8331 -0.53785 -0.23077 0.70105 -0.67474 -0.55125 0.5944 -0.58551 -0.74426 0.31057 -0.59128 0.70171 0.71021 -0.05665 0.33619 0.92995 -0.14889 0.25558 0.96633 -0.02967 -0.24342 0.96564 -0.09104 -0.09347 0.85808 -0.50493 -0.58433 0.8103 -0.04441 -0.74502 0.65389 -0.13182 -0.90172 0.43044 -0.04021 -0.99209 0.12524 -0.008 0.96427 0.26491 -0.00034 0.86007 0.51013 0.00628 0.56753 0.71445 0.40922 0.6457 0.76147 0.05686 0.45157 0.87861 0.15531 0.14327 0.92246 0.35852 0.32561 0.7471 0.57951 0.32576 0.68314 0.65361 0.15555 0.95973 0.23394 0.19956 0.97869 0.04832 0.02144 0.55774 0.82974 -0.00687 0.32176 0.9468 0.23983 0.54874 0.80085 -0.02214 0.69012 0.72336 -0.11034 0.93149 0.34663 -0.15 0.98704 0.05696 -0.09079 0.85341 0.51327 -0.18333 0.95875 0.21721 -0.31448 0.77165 0.55287 -0.4234 0.83164 0.35932 -0.58319 0.80717 0.0915 -0.77907 0.59772 0.18919 -0.78079 0.53732 0.31883 -0.9506 0.27519 0.14363 -0.95523 0.29085 0.05428 -0.07694 0.56861 0.819 -0.35508 0.53428 0.76712 -0.60322 0.36193 0.71073 -0.99972 0.02378 0.00038 -0.99972 0.02378 0.00038 -0.99972 0.02378 0.00038 -0.99972 0.02378 0.00038 -0.99269 0.12067 0.00045 -0.98986 0.14202 0.00073 -0.98986 0.14202 0.00073 -0.98986 0.14202 0.00073 -0.98986 0.14202 0.00073 -0.98986 0.14202 0.00073 -0.99034 0.13864 0.00067 0.98774 -0.15518 -0.01705 0.83739 -0.54413 -0.05192 0.48219 -0.836 -0.26191 0.39708 -0.90993 -0.11983 0.08489 -0.97405 -0.20979 -0.00913 0.13013 0.99145 0.496 -0.30775 0.81196 -0.02088 -0.0644 0.99771 0.95262 -0.30309 0.0255 0.9241 -0.3679 0.10337 0.88734 -0.46101 0.01038 0.57199 -0.80913 0.13469 0.66076 -0.64002 0.39213 0.5049 -0.78289 0.36354 0.28423 -0.93425 0.2154 0.02004 -0.95267 0.30333 0.2337 -0.78795 0.56967 0.16574 -0.98596 0.02048 0.09871 -0.8709 0.48144 -0.00595 -0.69317 0.72075 0.2837 -0.62086 0.73079 0.50963 -0.51269 0.69096 -0.1018 -0.98013 -0.17023 -0.2294 -0.97291 -0.02849 -0.48909 -0.86451 0.11582 -0.85574 -0.51673 -0.02642 -0.98543 -0.17007 -0.00139 -0.99648 -0.08385 -1e-05 -0.16963 -0.85197 0.49536 -0.22383 -0.90885 0.35197 -0.16597 -0.80963 0.56298 -0.28928 -0.95244 0.09577 -0.68173 -0.68464 0.25791 -0.62477 -0.65357 0.42722 -0.51329 -0.78112 0.3555 -0.74638 -0.66465 0.03406 -0.76939 -0.61409 0.17588 -0.9699 -0.24222 0.02486 -0.64822 -0.37478 0.66283 -0.45688 -0.55599 0.69436 -0.13686 -0.674 0.72594 -0.26728 0.94866 -0.16913 -0.16256 -0.75066 -0.64037 -0.5246 -0.13703 0.84025 -0.57704 0.76801 0.27782 -0.41136 0.8851 0.21766 -0.18943 -0.83166 -0.52197 -0.28061 -0.92825 -0.24414 -0.44513 -0.83035 0.33522 -0.48373 -0.33192 0.80983 -0.82997 -0.11569 -0.54567 -0.2939 -0.94807 -0.12161 -0.47258 -0.7573 0.45075 -0.59221 0.13779 0.79392 -0.16503 0.50412 -0.84772 -0.14731 -0.2507 -0.95679 -0.00416 -0.33143 -0.94347 -0.41864 -0.90674 0.05058 -0.71903 -0.55722 0.41532 -0.32304 0.85351 -0.40886 -0.33935 0.78115 -0.52406 -0.66973 -0.05775 0.74035 -0.64158 0.45316 0.61888 -0.25342 0.70889 -0.65822 -0.81859 -0.04808 -0.57236 -0.20685 -0.46872 -0.85879 -0.44523 -0.87383 0.19542 -0.47183 0.87959 0.06083 -0.39067 0.87332 -0.29101 -0.17968 0.26657 -0.94692 -0.30443 -0.25487 -0.9178 -0.67294 -0.30931 0.67193 -0.61379 0.70006 0.36494 -0.30281 0.62553 -0.71904 -0.02593 0.06542 -0.99752 -0.13171 0.03966 -0.99049 -0.4078 -0.81771 -0.40626 -0.39125 -0.84938 -0.35422 -0.64111 -0.6414 0.42142 -0.54268 0.82052 -0.17956 -0.67905 -0.43941 0.58805 -0.78995 0.02238 0.61276 -0.74528 0.30192 0.59448 -0.3392 0.3926 -0.85488 -0.43497 0.1936 -0.87939 -0.60136 -0.77697 -0.18621 -0.76052 -0.15485 0.63058 -0.6879 0.71299 0.13577 -0.5967 0.79486 -0.11021 -0.35656 0.29748 -0.88565 -0.30012 -0.5859 -0.75276 -0.69557 0.54545 0.46762 -0.45597 0.48639 -0.74533 -0.48566 -0.59231 -0.64288 -0.46552 -0.27763 -0.84036 -0.52577 -0.65976 -0.53693 -0.73505 -0.65107 0.18924 -0.78412 0.20556 0.58557 -0.68361 0.57583 -0.44843 -0.52793 0.10473 -0.84281 -0.45227 -0.45134 -0.76925 -0.72223 -0.68784 0.07246 -0.81456 -0.44648 0.37033 -0.47467 -0.05028 -0.87873 -0.53756 -0.28537 -0.79347 -0.88793 -0.19305 0.41751 -0.7198 -0.68598 -0.10639 -0.8187 0.52508 0.23242 -0.65333 0.51167 -0.55799 -0.85896 0.39397 0.32707 -0.6415 0.24622 -0.72654 -0.70884 -0.64235 -0.29143 -0.69966 -0.37336 -0.60916 -0.71307 0.58623 -0.38454 -0.88936 -0.28086 0.36077 -0.94591 0.08197 0.31391 -0.81414 0.57549 -0.0774 -0.61416 -0.11165 -0.78124 -0.77015 0.56176 -0.30215 -0.91179 -0.3819 0.15097 -0.97317 0.16205 0.16334 -0.9451 0.32075 0.06254 -0.90823 0.41823 0.01414 -0.80102 -0.42848 -0.41806 -0.89089 -0.44079 -0.10965 -0.99382 0.08952 -0.06562 -0.80849 0.39715 -0.43431 -0.92517 -0.37734 0.04091 -0.88645 0.40812 -0.21826 -0.80101 -0.0101 -0.59856 -0.80254 -0.47388 -0.36245 -0.81776 -0.19439 -0.54173 -0.88552 -0.40099 -0.23465 -0.98459 -0.04448 0.16913 -0.93944 0.31619 -0.1322 -0.82292 0.19272 -0.53447 -0.83487 -0.1189 -0.53745 -0.84861 0.22258 -0.47992 -0.86839 -0.25038 -0.42803 -0.9287 0.21541 -0.30186 -0.95683 -0.26314 -0.12341 -0.99391 -0.1037 -0.03725 -0.99972 0.00496 0.02294 -0.98724 0.13568 -0.08334 -0.9402 -0.19939 -0.27615 -0.85936 0.07091 -0.50643 -0.91405 0.16235 -0.37169 -0.98868 -0.12929 -0.0761 -0.76533 0.20742 -0.6093 -0.83776 0.09911 -0.53697 -0.00193 0.62851 0.7778 0.00506 -0.65599 0.75475 0.00586 -0.65414 0.75635 -0.00013 -0.74887 0.66271 -0.00199 -0.76268 0.64678 0.00044 -0.84959 0.52744 -0.00254 -0.85271 0.52237 -0.005 -0.93995 0.34128 0.00564 -0.58111 0.81381 -0.0143 -0.46232 0.8866 0.00397 -0.31887 0.94779 -0.71961 -0.17742 0.67133 -0.00531 -0.17945 0.98375 -0.72027 -0.0784 0.68925 -0.00182 -0.05076 0.99871 -0.71748 0.01097 0.69649 -0.00797 0.06151 0.99807 -0.71888 0.08512 0.6899 -0.01606 0.20155 0.97935 -0.72241 0.16458 0.67159 -0.01822 0.37978 0.9249 -0.00924 0.52247 0.85261 0.00964 0.55294 0.83317 0.01246 0.42171 0.90665 -0.02367 0.27494 0.96117 -0.02775 0.19752 0.97991 0.0046 0.02402 0.9997 -0.06168 -0.16484 0.98439 -0.04229 -0.24833 0.96775 0.01046 -0.3843 0.92315 0.01174 -0.52999 0.84792 0.00041 -0.92912 0.36977 0.00433 0.9999 0.01327 0.00344 0.99911 0.04214 -0.00214 0.98901 0.14783 0.00108 0.98527 0.17101 -0.00242 0.96033 0.27887 0.00069 0.95463 0.29778 -0.00222 0.89729 0.44144 -0.00221 0.89729 0.44144 -0.00125 0.82602 0.56364 -0.00156 0.81029 0.58603 0.00206 0.74503 0.66703 -0.00229 0.72171 0.69219 0.00259 0.65663 0.75421 -0.00044 0.7893 -0.61401 -0.00044 0.7893 -0.61401 0.00248 0.83658 -0.54784 -0.00044 0.83953 -0.54331 0.00274 0.90308 -0.42946 0.00422 0.91975 -0.39247 -0.00224 0.94848 -0.31683 0.00402 0.96908 -0.24672 -0.0034 0.97779 -0.20955 0.00418 0.99322 -0.11619 0.00382 0.99512 -0.09858 0.00227 -0.97589 0.21827 -0.00673 -0.99261 0.12115 0.00486 -0.99858 0.05307 -0.00362 -0.99833 -0.05761 0.00421 -0.99425 -0.107 -0.0024 -0.97965 -0.2007 0.0046 -0.96559 -0.26002 -0.00512 -0.93749 -0.34797 0.00678 -0.90754 -0.4199 -0.00114 -0.87163 -0.49017 8e-05 -0.8118 -0.58394 0.00325 -0.8257 -0.5641 -0.00029 -0.75587 -0.65472 0.00035 -0.74296 -0.66934 -2e-05 -0.65886 -0.75226 0.00397 -0.65855 -0.75253 -0.0016 -0.57309 -0.81949 0.00499 -0.54685 -0.83722 -0.00322 -0.47158 -0.88182 0.00551 -0.42093 -0.90708 -0.00205 -0.36942 -0.92926 -0.00019 -0.32673 -0.94512 0.00485 -0.35304 -0.9356 0.96525 -0.01037 0.26111 0.96606 -0.00874 0.25818 0.96891 0.01771 0.24676 0.96382 -0.00053 0.26657 0.96381 -0.01368 0.26624 0.96738 -0.00758 0.2532 0.96709 0.01857 0.25377 0.96427 0.01519 0.26448 0.95958 0.00854 0.28132 0.96596 0.01566 0.25821 0.96133 -0.01061 0.2752 0.97245 -0.0156 0.2326 0.96928 0.00757 0.24585 0.96185 -0.01455 0.2732 0.96794 0.00352 0.25117 0.95997 0.01184 0.27987 0.96664 -0.00904 0.25597 0.96439 0.01659 0.26398 0.9638 0.00791 0.26652 0.96193 -0.00752 0.2732 0.96827 0.01549 0.24943 0.97019 -0.00782 0.24224 0.97025 -0.01229 0.2418 0.96601 -0.00045 0.25852 -0.96812 0.00071 -0.25047 -0.9686 -0.0021 -0.24861 -0.9695 -0.00562 -0.24501 -0.96868 -0.00141 -0.24829 -0.9683 0.00372 -0.24976 -0.96798 0.00457 -0.25099 -0.96769 0.00537 -0.25208 -0.96813 0.02128 -0.24955 -0.97011 0.02977 -0.24085 -0.96807 0.02846 -0.24907 -0.96638 0.02116 -0.25625 -0.96579 0.01282 -0.25899 -0.9656 0.00322 -0.26 -0.96131 0.00716 -0.27537 -0.95879 0.01554 -0.28369 -0.96377 0.00893 -0.26659 -0.96407 -0.00031 -0.26565 -0.95884 -0.00962 -0.28378 -0.95877 -0.01371 -0.28384 -0.96138 -0.01397 -0.27488 -0.96307 -0.01301 -0.26892 -0.96535 -0.00765 -0.26086 -0.96608 -0.00926 -0.25808 -0.96648 -0.0313 -0.25484 -0.96715 -0.01267 -0.2539 -0.96659 -0.00227 -0.25631 -0.99997 0.00466 -0.00533 -0.99999 0.00144 -0.00503 -0.99999 -0.00069 -0.00535 -1 -0.00032 0.00031 -0.99998 -0.00619 0.001 -0.99952 -0.0263 0.01665 -0.99997 -0.00776 5e-05 -1 -0.00032 0.00031 -0.99991 0.01333 0.00333 -0.99975 0.02222 -0.00082 -1 -0.00032 0.00031 -1 -0.00032 0.00031 -0.99929 -0.03115 0.021 0.95394 0.28307 0.0993 0.99018 0.13574 0.03333 0.89424 0.3945 0.21143 0.78908 0.57183 0.22441 0.95092 0.25224 0.17925 0.9208 0.29866 0.25085 0.99999 0.00442 0.00103 -0.00039 0.26166 -0.96516 -0.00039 0.26166 -0.96516 -0.00039 0.26166 -0.96516 -0.00039 0.26166 -0.96516 -0.00039 0.26167 -0.96516 -0.00039 0.26167 -0.96516 -0.00039 0.26167 -0.96516 -0.00039 0.26167 -0.96516 0.00234 -0.96436 -0.26459 0.00023 -0.96468 -0.26343 -0.00023 0.9659 0.25893 -0.00023 0.9659 0.25893 -0.00985 -0.53416 -0.84533 0.00048 -0.44378 -0.89614 -0.00353 -0.70755 -0.70666 -9e-05 -0.896 -0.44405 -0.00607 -0.88204 -0.47114 0.00414 0.31894 -0.94777 0.00257 0.48911 -0.87222 0.00099 0.14361 -0.98963 -0.00031 -0.01523 -0.99988 -0.00025 -0.18616 -0.98252 -0.00437 0.9934 0.11464 -0.00089 0.64538 -0.76386 -0.00247 0.97964 -0.20077 -0.00027 0.83394 -0.55186 -0.00567 0.43536 -0.90024 -0.00561 0.01497 -0.99987 -0.00128 -0.19053 -0.98168 -0.00729 0.23925 -0.97093 -0.00557 0.62405 -0.78136 -0.00029 0.99652 0.08331 0.002 0.82827 -0.56033 0.00438 0.96614 -0.258 -1 -0.00032 0.00031 -1 -0.00032 0.00031 -1 -0.00032 0.00031 -1 -0.00032 0.00031 -1 -0.00032 0.00031 -1 -0.00032 0.00031 -1 -0.00032 0.00031 -1 -0.00032 0.00031 -1 -0.00032 0.00031 -1 -0.00032 0.00031 -1 -0.00032 0.00031 -1 -0.00032 0.00031 -1 -0.00032 0.00031 -1 -0.00032 0.00031 -1 -0.00032 0.00031 -1 -0.00032 0.00031 -1 -0.00032 0.00031 -1 -0.00032 0.00031 -1 -0.00032 0.00031 -1 -0.00032 0.00031 -1 -0.00032 0.00031 -1 -0.00032 0.00031 -1 -0.00032 0.00031 -1 -0.00032 0.00031 -1 -0.00032 0.00031 -1 -0.00032 0.00031 -1 -0.00032 0.00031 -1 -0.00032 0.00031 -1 -0.00032 0.00031 -1 -0.00032 0.00031 -1 -0.00032 0.00031 -1 -0.00032 0.00031 -1 -0.00032 0.00031 -1 -0.00032 0.00031 -1 -0.00032 0.00031 -1 -0.00032 0.00031 -1 -0.00032 0.00031 -1 -0.00032 0.00031 -1 -0.00032 0.00031 -1 -0.00032 0.00031 -1 -0.00032 0.00031 -1 -0.00032 0.00031 -1 -0.00032 0.00031 -1 -0.00032 0.00031 -1 -0.00032 0.00031 -1 -0.00032 0.00031 -1 -0.00032 0.00031 -1 -0.00032 0.00031 -1 -0.00032 0.00031 -1 -0.00032 0.00031 -1 -0.00032 0.00031 -1 -0.00032 0.00031 1 0.00032 -0.00031 1 0.00032 -0.00031 1 0.00032 -0.00031 1 0.00032 -0.00031 1 0.00032 -0.00031 1 0.00032 -0.00031 1 0.00032 -0.00031 1 0.00032 -0.00031 1 0.00032 -0.00031 1 0.00032 -0.00031 1 0.00032 -0.00031 1 0.00032 -0.00031 1 0.00032 -0.00031 1 0.00032 -0.00031 1 0.00032 -0.00031 1 0.00032 -0.00031 1 0.00032 -0.00031 1 0.00032 -0.00031 1 0.00032 -0.00031 1 0.00032 -0.00031 1 0.00032 -0.00031 1 0.00032 -0.00031 1 0.00032 -0.00031 1 0.00032 -0.00031 1 0.00032 -0.00031 1 0.00032 -0.00031 1 0.00032 -0.00031 1 0.00032 -0.00031 1 0.00032 -0.00031 1 0.00032 -0.00031 1 0.00032 -0.00031 1 0.00032 -0.00031 1 0.00032 -0.00031 1 0.00032 -0.00031 1 0.00032 -0.00031 1 0.00032 -0.00031 1 0.00032 -0.00031 1 0.00032 -0.00031 1 0.00032 -0.00031 1 0.00032 -0.00031 1 0.00032 -0.00031 1 0.00032 -0.00031 1 0.00032 -0.00031 1 0.00032 -0.00031 1 0.00032 -0.00031 1 0.00032 -0.00031 1 0.00032 -0.00031 1 0.00032 -0.00031 0.68544 0.11711 -0.71865 0.6936 0.33248 -0.63904 0.69484 0.23628 -0.67925 0.69866 0.26004 -0.66652 0.69485 0.16797 -0.69927 0.22372 0.50254 -0.83511 0.26207 0.02903 -0.96461 0.25088 0.27254 -0.92886 0.22372 0.50254 -0.83511 0.06257 0.30509 -0.95027 0.00271 0.33597 -0.94187 -0.2711 0.14083 -0.95219 0.03397 0.15748 -0.98694 -0.27909 0.32684 -0.90293 0.00784 0.18333 -0.98302 0.69469 -0.12593 -0.7082 0.69211 -0.34152 -0.63588 0.69784 -0.24115 -0.67444 0.69801 -0.222 -0.6808 0.23241 -0.47534 -0.84855 0.25852 0.00293 -0.966 0.0596 -0.3806 -0.92282 0.25439 -0.23622 -0.93781 0.10763 -0.24853 -0.96263 -0.29442 -0.30784 -0.90474 0.00315 -0.16545 -0.98621 0.6266 -0.68903 -0.36416 0.64279 -0.54317 -0.54016 0.63805 -0.62744 -0.44632 0.64015 -0.60775 -0.46994 0.22404 -0.49746 -0.83806 0.12953 -0.86456 -0.48555 -0.08904 -0.72014 -0.68809 0.1828 -0.70503 -0.68521 -0.04196 -0.75954 -0.6491 -0.31488 -0.4942 -0.81032 -0.35394 -0.6737 -0.64873 0.01428 -0.65469 -0.75576 -0.05005 -0.62407 -0.77976 0.54867 -0.81442 -0.18891 0.5197 -0.85363 0.035 0.53624 -0.84146 -0.06625 0.54007 -0.83609 -0.09636 0.00032 -1 -0.00295 0.12953 -0.86456 -0.48555 0.00032 -1 -0.00295 0.06722 -0.96516 -0.25287 0.06722 -0.96516 -0.25287 0.12953 -0.86456 -0.48555 -0.41666 -0.77348 -0.47762 -0.41637 -0.84449 -0.33684 -0.41773 -0.81886 -0.39367 -0.4123 -0.8724 -0.26256 0.3697 -0.82943 0.41876 0.44248 -0.84573 0.29826 0.48655 -0.84713 0.21361 0.41149 -0.84064 0.35213 0.00032 -1 -0.00295 -0.12898 -0.86749 0.48045 -0.12898 -0.86749 0.48045 -0.0666 -0.96668 0.24717 -0.0666 -0.96668 0.24717 0.00032 -1 -0.00295 -0.487 -0.87324 0.0166 -0.52768 -0.84576 0.07907 -0.55727 -0.82044 0.12777 -0.59835 -0.77554 0.20129 0.30495 -0.68568 0.66095 0.3291 -0.49752 0.8026 0.32155 -0.5772 0.75063 0.31503 -0.62646 0.71295 -0.22372 -0.50254 0.83511 -0.13493 -0.86627 0.48101 -0.22372 -0.50254 0.83511 -0.18545 -0.71203 0.67721 -0.18597 -0.69722 0.69232 -0.13514 -0.85338 0.50347 -0.61993 -0.69494 0.36434 -0.63976 -0.61448 0.46165 -0.63732 -0.62788 0.44676 -0.64799 -0.54451 0.53255 0.25748 -0.24084 0.93579 0.27357 -0.33517 0.90157 0.18287 -0.12143 0.97561 0.26795 -0.24181 0.93259 0.21058 -0.13224 0.96859 -0.25852 -0.00293 0.966 -0.22945 -0.50061 0.83471 -0.25852 -0.00293 0.966 -0.25315 -0.26232 0.93118 -0.23013 -0.50731 0.83047 -0.25107 -0.24538 0.93635 -0.22722 -0.4784 0.84823 -0.66999 -0.32551 0.6672 -0.69488 -0.23878 0.67833 -0.70472 -0.19674 0.68166 -0.72219 -0.09966 0.68448 -0.06053 0.16246 0.98486 0.27276 0.21562 0.93761 -0.02291 0.33814 0.94082 -0.22404 0.49746 0.83806 -0.06226 0.29763 0.95265 -0.05641 0.1722 0.98345 -0.24775 0.26279 0.9325 -0.25852 -0.00293 0.966 -0.25852 -0.00293 0.966 -0.68933 0.12645 0.71333 -0.69529 0.18523 0.69445 -0.6885 0.29309 0.66337 -0.68671 0.23686 0.68726 -0.67004 0.34741 0.65601 0.28441 0.67894 0.67687 0.34168 0.47658 0.81002 0.32343 0.5532 0.7677 0.30117 0.62988 0.71592 -0.22404 0.49746 0.83806 -0.12953 0.86456 0.48555 -0.12953 0.86456 0.48555 -0.18302 0.70503 0.68515 -0.18302 0.70503 0.68515 -0.22404 0.49746 0.83806 -0.6727 0.50996 0.53612 -0.638 0.61611 0.46191 -0.64701 0.59264 0.47974 -0.60628 0.685 0.40398 0.4123 0.8724 0.26256 0.41666 0.77348 0.47762 0.41773 0.81886 0.39367 0.41637 0.84449 0.33684 -0.12953 0.86456 0.48555 -0.00032 1 0.00295 -0.00032 1 0.00295 -0.06722 0.96516 0.25287 -0.06722 0.96516 0.25287 -0.12953 0.86456 0.48555 -0.56601 0.80106 0.19477 -0.54122 0.83608 0.08973 -0.54122 0.83608 0.08973 -0.50945 0.86034 -0.01646 0.53375 0.84558 0.01064 0.32831 0.91037 -0.25188 0.20586 0.97627 -0.06724 0.12898 0.86749 -0.48045 0.20735 0.95512 -0.21157 0.0666 0.96668 -0.24717 -0.00032 1 0.00295 -0.48655 0.84713 -0.21361 -0.41149 0.84064 -0.35213 -0.44248 0.84573 -0.29826 -0.3697 0.82943 -0.41876 0.22372 0.50254 -0.83511 0.12898 0.86749 -0.48045 0.12898 0.86749 -0.48045 0.21954 0.52624 -0.82151 0.22 0.51714 -0.82714 0.17494 0.73086 -0.65972 0.17947 0.72092 -0.66938 -0.28042 0.54956 -0.78699 -0.37173 0.68758 -0.62374 -0.33522 0.63324 -0.69759 -0.31816 0.60742 -0.72788 0.56593 0.71392 -0.41236 0.65174 0.53256 -0.54002 0.63128 0.61192 -0.47647 0.59325 0.69043 -0.41397 0.6447 0.59528 -0.4796 0.00032 -1 -0.00295 0.00032 -1 -0.00295 0.00032 -1 -0.00295 0.00032 -1 -0.00295 -1 -0.00032 0.00031 -1 -0.00032 0.00031 -1 -0.00032 0.00031 -1 -0.00032 0.00031 -1 -0.00032 0.00031 -1 -0.00032 0.00031 -1 -0.00032 0.00031 -1 -0.00032 0.00031 -1 -0.00032 0.00031 -1 -0.00032 0.00031 -1 -0.00032 0.00031 -1 -0.00032 0.00031 -1 -0.00032 0.00031 -1 -0.00032 0.00031 -1 -0.00032 0.00031 -1 -0.00032 0.00031 -1 -0.00032 0.00031 0.00031 -0.00295 1 0.00031 -0.00295 1 0.00031 -0.00295 1 0.00031 -0.00295 1 -0.00032 1 0.00295 -0.00032 1 0.00295 -0.00032 1 0.00295 -0.00032 1 0.00295 -0.19529 0.40012 -0.89541 -0.0004 0.32046 -0.94726 -0.24268 0.41714 -0.87584 -0.07063 0.35092 -0.93374 0.22304 0.9748 0.00317 0.12811 0.78511 -0.60596 0.04314 0.93495 -0.35214 0.11631 0.98373 -0.1369 0.04662 0.83542 -0.54764 -0.02904 0.655 0.75507 0.11377 0.77888 0.61677 -0.11923 0.55736 0.82167 0.02175 0.70337 0.71049 0.32082 0.13966 0.93679 0.13004 0.04931 0.99028 0.26908 0.1151 0.95621 0.03993 0.00683 0.99918 -0.04987 -0.67236 0.73854 0.00045 -0.67761 0.73542 -0.00363 -0.67725 0.73575 -0.05365 -0.6719 0.7387 0.00028 -0.9933 -0.11557 0.00028 -0.9933 -0.11557 0.00028 -0.9933 -0.11557 0.00028 -0.9933 -0.11557 0.08468 0.30954 -0.94711 0.12826 0.71526 -0.68699 -0.08065 0.63195 -0.7708 -0.00039 0.26027 -0.96554 0.10279 0.44377 -0.89023 0.09035 0.71451 -0.69377 -0.39128 0.04063 -0.91937 -0.26152 0.13523 -0.95568 -0.33196 0.08498 -0.93946 -0.12694 0.22472 -0.96612 0.08998 -0.85382 -0.51273 0.00757 -0.60226 -0.79826 0.06399 -0.35206 -0.93379 0.16967 -0.89342 -0.41595 0.07134 -0.65992 -0.74794 -0.02533 -0.90912 0.41576 -0.27432 -0.96082 0.03975 0.07205 -0.49566 0.86552 0.00039 -0.26375 0.96459 0.10498 -0.74945 0.65369 -0.18298 -0.97767 0.10336 0.06625 -0.30335 0.95057 0.00032 -1 -0.00295 0.00032 -1 -0.00295 0.00032 -1 -0.00295 0.00032 -1 -0.00295 -1 -0.00032 0.00031 -1 -0.00032 0.00031 -1 -0.00032 0.00031 -1 -0.00032 0.00031 -1 -0.00032 0.00031 -1 -0.00032 0.00031 -1 -0.00032 0.00031 0.00031 -0.00295 1 0.00031 -0.00295 1 0.00031 -0.00295 1 0.00031 -0.00295 1 0.48836 0.72459 -0.48628 0.07587 0.76493 -0.63963 -0.00045 0.75636 -0.65415 0.44478 0.73674 -0.5093 -0.00031 0.00295 -1 -0.00031 0.00295 -1 -0.00031 0.00295 -1 -0.00031 0.00295 -1 0.01492 -0.86098 0.50843 0.00044 -0.85893 0.5121 0.00365 -0.8594 0.51129 0.01831 -0.86143 0.50755 0.06067 0.00296 -0.99815 0.00384 -0.00315 -0.99999 -0.00031 -0.0036 -0.99999 0.05668 0.00253 -0.99839 0.00032 -1 -0.00295 0.00032 -1 -0.00295 0.00032 -1 -0.00295 0.00032 -1 -0.00295 -1 -0.00032 0.00031 -1 -0.00032 0.00031 -1 -0.00032 0.00031 -1 -0.00032 0.00031 -1 -0.00032 0.00031 -1 -0.00032 0.00031 -1 -0.00032 0.00031 -1 -0.00032 0.00031 -1 -0.00032 0.00031 -1 -0.00032 0.00031 -1 -0.00032 0.00031 -1 -0.00032 0.00031 -1 -0.00032 0.00031 -1 -0.00032 0.00031 -1 -0.00032 0.00031 -1 -0.00032 0.00031 -1 -0.00032 0.00031 -1 -0.00032 0.00031 -1 -0.00032 0.00031 -1 -0.00032 0.00031 -1 -0.00032 0.00031 -1 -0.00032 0.00031 -1 -0.00032 0.00031 -1 -0.00032 0.00031 0.09382 0.82405 -0.55869 -0.00044 0.85168 -0.52406 0.14642 0.80458 -0.57552 0.04082 0.84073 -0.53992 0.3213 0.91357 0.24932 0.00823 0.99616 0.08711 -0.10596 0.99405 0.02527 0.2329 0.95072 0.20467 0.41119 0.06821 0.90899 0.04154 0.01545 0.99902 0.00031 0.00948 0.99996 0.38857 0.06502 0.91912 -0.00044 0.80075 -0.599 -0.05704 0.90862 -0.41372 0.00362 0.99573 0.09219 0.13468 0.82905 0.54271 0.10756 0.80663 0.58119 -0.08485 0.97677 -0.19678 0.15517 0.90318 0.40023 0.1247 0.81185 0.57039 -0.05239 0.81762 -0.57337 0.07657 0.0822 0.99367 0.03822 0.12023 0.99201 0.04075 0.11774 0.99221 0.00026 0.15743 0.98753 -0.00032 1 0.00295 -0.00032 1 0.00295 -0.00032 1 0.00295 -0.00032 1 0.00295 -0.00031 0.00295 -1 -0.00031 0.00295 -1 -0.00031 0.00295 -1 -0.00031 0.00295 -1 0.00032 -1 -0.00295 0.00032 -1 -0.00295 0.00032 -1 -0.00295 0.00032 -1 -0.00295 -0.38664 -0.06713 -0.91978 -0.04113 -0.01434 -0.99905 -0.36214 -0.06343 -0.92996 -0.00031 -0.00803 -0.99997 -0.02083 -0.98648 -0.16255 0.00026 -0.98412 -0.17748 -0.01402 -0.98579 -0.16738 -0.03581 -0.98775 -0.15186 -0.14013 -0.83334 0.5347 -0.28695 -0.72296 0.62848 0.00042 -0.90369 0.42818 -0.19833 -0.79437 0.57414 0.02204 -0.25858 0.96574 -0.01263 -0.01856 0.99975 0.12695 -0.4185 0.8993 0.00032 -0.01626 0.99987 -0.02945 -0.16496 0.98586 0.00032 -1 -0.00295 0.00032 -1 -0.00295 0.00032 -1 -0.00295 0.00032 -1 -0.00295 -0.0623 -0.05189 -0.99671 -0.00029 -0.06052 -0.99817 -0.00626 -0.0597 -0.9982 -0.06859 -0.051 -0.99634 0.05803 -0.95752 -0.28246 0.05592 -0.95721 -0.28393 0.05472 -0.95704 -0.28476 0.05665 -0.95732 -0.28342 -0.08198 -0.9024 0.42302 -0.05058 -0.89503 0.44312 -0.07116 -0.90001 0.43002 -0.10926 -0.90777 0.40499 -0.36206 -0.07311 0.92928 -0.04291 -0.01737 0.99893 0.00032 -0.00974 0.99995 -0.3375 -0.06886 0.9388 0.00032 -1 -0.00295 0.00032 -1 -0.00295 0.00032 -1 -0.00295 0.00032 -1 -0.00295 -1 -0.00032 0.00031 -1 -0.00032 0.00031 -1 -0.00032 0.00031 -1 -0.00032 0.00031 -1 -0.00032 0.00031 -1 -0.00032 0.00031 -1 -0.00032 0.00031 -1 -0.00032 0.00031 -1 -0.00032 0.00031 -1 -0.00032 0.00031 -1 -0.00032 0.00031 -1 -0.00032 0.00031 -1 -0.00032 0.00031 -1 -0.00032 0.00031 -1 -0.00032 0.00031 0.00031 -0.00295 1 0.00031 -0.00295 1 0.00031 -0.00295 1 0.00031 -0.00295 1 -0.00032 1 0.00295 -0.00032 1 0.00295 -0.00032 1 0.00295 -0.00032 1 0.00295 -0.04263 0.0161 0.99896 0.00031 0.02258 0.99974 -0.00425 0.02189 0.99975 -0.04768 0.01533 0.99875 0.08321 0.74279 0.66433 0.08471 0.74341 0.66345 0.08371 0.743 0.66404 0.08238 0.74246 0.66481 0.14867 0.97271 -0.17811 -0.05545 0.99824 -0.02098 0.2303 0.94314 -0.2397 0.05548 0.99272 -0.10691 -0.2412 0.68363 -0.68882 -0.06756 0.34631 -0.93568 -0.00282 0.02781 -0.99961 -0.00032 0.02739 -0.99962 -0.15446 0.63151 -0.75983 -0.00024 0.25889 -0.96591 -0.00032 1 0.00295 -0.00032 1 0.00295 -0.00032 1 0.00295 -0.00032 1 0.00295 0.14406 -0.77585 0.61425 0.29927 -0.81057 0.5034 0.23552 -0.79973 0.55223 0.02687 -0.73191 0.68088 0.10003 -0.67665 -0.72948 -0.07089 -0.14167 -0.98737 -0.00031 -0.01304 -0.99991 0.31922 -0.89282 -0.31776 -0.01433 -0.01513 -0.99978 -0.03695 -0.33756 -0.94058 0.27848 -0.89635 -0.34496 0.05277 -0.78628 -0.61562 0.07972 -0.01261 -0.99674 0.03583 -0.05034 -0.99809 -0.00029 -0.08118 -0.9967 0.04605 -0.04158 -0.99807 0.00032 -1 -0.00295 0.00032 -1 -0.00295 0.00032 -1 -0.00295 0.00032 -1 -0.00295 0.00031 -0.00295 1 0.00031 -0.00295 1 0.00031 -0.00295 1 0.00031 -0.00295 1 -0.00032 1 0.00295 -0.00032 1 0.00295 -0.00032 1 0.00295 -0.00032 1 0.00295 -0.00031 0.00295 -1 -0.00031 0.00295 -1 -0.00031 0.00295 -1 -0.00031 0.00295 -1 -1 -0.00032 0.00031 -1 -0.00032 0.00031 -1 -0.00032 0.00031 -1 -0.00032 0.00031 0.00032 -1 -0.00295 0.00032 -1 -0.00295 0.00032 -1 -0.00295 0.00032 -1 -0.00295 0.00031 -0.00295 1 0.00031 -0.00295 1 0.00031 -0.00295 1 0.00031 -0.00295 1 -0.00032 1 0.00295 -0.00032 1 0.00295 -0.00032 1 0.00295 -0.00032 1 0.00295 -0.00031 0.00295 -1 -0.00031 0.00295 -1 -0.00031 0.00295 -1 -0.00031 0.00295 -1 -1 -0.00032 0.00031 -1 -0.00032 0.00031 -1 -0.00032 0.00031 -1 -0.00032 0.00031 0.00031 -0.00295 1 0.00031 -0.00295 1 0.00031 -0.00295 1 0.00031 -0.00295 1 0.00031 -0.00295 1 -0.00032 1 0.00295 -0.00032 1 0.00295 -0.00032 1 0.00295 -0.00032 1 0.00295 -0.05247 0.00851 -0.99859 -0.00032 0.0209 -0.99978 -0.00931 0.01877 -0.99978 -0.06098 0.00648 -0.99812 0.02885 -0.64245 0.76579 -0.10633 -0.80676 0.58124 -0.10368 -0.80407 0.58542 -0.1951 -0.88325 0.42638 -0.09609 -0.90631 -0.41154 0.02642 -0.66922 -0.74259 0.24512 -0.42042 -0.87359 -0.07133 -0.79745 -0.59916 0.17659 -0.46597 -0.867 -0.1731 -0.9358 -0.30711 0.03399 0.96793 0.24891 0.03726 0.78006 0.62459 0.02841 0.89104 -0.45304 0.04324 0.38572 -0.9216 -0.25171 -0.01153 -0.96773 -0.02285 0.74968 0.6614 -0.30007 -0.02952 -0.95346 -0.0245 0.26738 -0.96328 0.06837 0.71192 -0.69893 0.05806 0.989 -0.13608 0.00878 0.89338 0.44921 0.01979 0.53188 -0.84659 0.18488 0.98255 -0.02029 0.10785 0.91125 -0.39747 0.13539 0.7033 -0.69788 0.07794 0.98213 -0.17128 0.18076 0.98329 -0.0216 -0.08675 0.47911 -0.87346 -0.13613 0.85135 0.50663 -0.03578 0.81799 0.57412 -0.17762 0.86136 0.47593 -0.09863 0.84037 0.53296 0.03777 0.31134 0.94955 -0.16361 0.1464 0.9756 -0.04703 0.07587 0.99601 -0.06954 0.23033 0.97062 -0.06391 0.07838 0.99487 0.29056 -0.90113 -0.32177 0.04434 -0.98582 -0.16182 0.13815 -0.96469 -0.22424 -0.11666 -0.99188 -0.05067 -0.33065 -0.93837 -0.10065 -0.31431 -0.94466 -0.09396 -0.32513 -0.94054 -0.09839 -0.30106 -0.94949 -0.08855 -0.04124 -0.55002 0.83413 0.26055 -0.68143 0.68393 0.36008 -0.7069 0.6088 0.10503 -0.62322 0.77496 0.01483 0.97278 -0.23125 0.02957 0.97177 -0.23406 0.0129 0.9729 -0.23088 0.02757 0.97192 -0.23368 -0.0942 -0.93561 0.34024 0.11236 -0.90875 0.40193 -0.1333 -0.93572 0.32658 0.06398 -0.91899 0.38906 -0.18941 -0.87969 -0.4362 0.1528 -0.93727 -0.31333 0.07078 -0.93502 -0.34745 -0.26588 -0.84907 -0.45649 -0.15038 -0.0223 -0.98838 0.18596 -0.23489 -0.95407 0.05951 -0.15723 -0.98577 -0.26231 0.05282 -0.96354 0.13576 0.61273 -0.77855 -0.03661 0.54248 -0.83927 0.34296 0.66725 -0.66118 0.09651 0.59863 -0.79519 0.00032 -1 -0.00295 0.00032 -1 -0.00295 0.00032 -1 -0.00295 0.00032 -1 -0.00295 -1 -0.00032 0.00031 -1 -0.00032 0.00031 -1 -0.00032 0.00031 -1 -0.00032 0.00031 -1 -0.00032 0.00031 -1 -0.00032 0.00031 -1 -0.00032 0.00031 -1 -0.00032 0.00031 -1 -0.00032 0.00031 -1 -0.00032 0.00031 -1 -0.00032 0.00031 -1 -0.00032 0.00031 -1 -0.00032 0.00031 -1 -0.00032 0.00031 -1 -0.00032 0.00031 0.00044 -0.58311 0.81239 0.00044 -0.59588 0.80307 0.00044 -0.6085 0.79356 0.00044 -0.58505 0.811 0.00044 -0.58311 0.81239 -0.10415 0.97671 -0.18758 -0.00654 0.75121 -0.66003 -0.00381 0.89718 -0.44165 -0.02373 0.74175 -0.67026 -0.03178 0.8869 -0.46086 -0.13375 0.97672 -0.16773 0.24532 0.865 0.43771 0.21745 0.87559 0.43134 0.22516 0.87275 0.43314 0.25899 0.85948 0.44071 -0.01626 0.06269 0.9979 -0.20095 0.03784 0.97887 0.00029 0.06481 0.9979 -0.1805 0.0407 0.98273 0.00031 0.00955 0.99995 0.00031 0.00955 0.99995 0.00031 0.00955 0.99995 0.00031 0.00955 0.99995 -0.00032 1 0.00295 -0.00032 1 0.00295 -0.00032 1 0.00295 -0.00032 1 0.00295 -0.00031 0.00295 -1 -0.00031 0.00295 -1 -0.00031 0.00295 -1 -0.00031 0.00295 -1 0.00032 -1 -0.00295 0.00032 -1 -0.00295 0.00032 -1 -0.00295 0.00032 -1 -0.00295 0.00636 -0.23499 0.97198 -0.00825 -0.01659 0.99983 0.09239 -0.43482 0.89576 -0.00893 -0.18691 0.98234 0.00032 -0.0151 0.99989 0.06214 -0.0142 -0.99797 -0.00031 -0.00379 -0.99999 0.00689 -0.005 -0.99996 0.0679 -0.01516 -0.99758 -0.02774 -0.5917 -0.80568 -0.14512 -0.5109 -0.8473 -0.0801 -0.55733 -0.82642 0.04878 -0.63718 -0.76917 -0.02842 -0.9878 -0.1531 0.20674 -0.97545 0.07588 0.30472 -0.93611 0.17564 0.13249 -0.99118 0.00208 -0.07736 0.45103 -0.88915 -0.0775 0.4511 -0.8891 -0.07755 0.45113 -0.88908 -0.07744 0.45108 -0.88912 0.01866 0.98892 -0.14728 0.28779 0.94743 0.13981 0.12851 0.86846 -0.47881 0.07032 0.8542 -0.51516 0.08853 0.92627 -0.36631 0.2089 0.9731 0.09716 0.02699 0.08984 0.99559 -0.17081 0.06209 0.98335 -0.13796 0.06694 0.98817 0.04421 0.09209 0.99477 0.29055 -0.90113 -0.32177 0.04434 -0.98582 -0.16182 0.13814 -0.96469 -0.22424 -0.11666 -0.99188 -0.05067 -0.31337 -0.94953 0.0141 -0.45207 -0.89074 -0.04705 -0.41785 -0.90797 -0.03158 -0.23811 -0.97016 0.0457 -0.02807 -0.45036 0.89241 0.11297 -0.54869 0.82836 0.18642 -0.59346 0.78298 0.06169 -0.51478 0.8551 -0.03108 -0.16138 -0.9864 -0.00025 -0.18126 -0.98344 -0.05142 -0.14813 -0.98763 -0.0191 -0.16914 -0.98541 -0.00033 0.9521 -0.30578 -0.12309 0.77438 -0.62063 -0.00037 0.98257 -0.18587 -0.00918 0.98212 -0.18801 -0.21147 0.71618 -0.6651 -0.0296 0.90049 -0.43386 0.20752 -0.87695 0.43346 -0.0102 -0.9371 0.34892 -0.06803 -0.94394 0.32302 0.13499 -0.90312 0.40761 0.36706 -0.9224 -0.12019 0.22023 -0.95887 -0.17908 0.26147 -0.95131 -0.16325 0.45546 -0.88656 -0.08108 -0.10837 -0.62282 -0.77482 0.09267 -0.44378 -0.89133 -0.2117 -0.69645 -0.68567 -0.03637 -0.564 -0.82497 0.00041 -0.36722 0.93013 0.00041 -0.36722 0.93013 0.00041 -0.36722 0.93013 0.00041 -0.36722 0.93013 -1 -0.00032 0.00031 -1 -0.00032 0.00031 -1 -0.00032 0.00031 -1 -0.00032 0.00031 -1 -0.00032 0.00031 -1 -0.00032 0.00031 -1 -0.00032 0.00031 -0.00032 1 0.00295 -0.00032 1 0.00295 -0.00032 1 0.00295 -0.00032 1 0.00295 -0.0004 0.34502 -0.9386 -0.0004 0.34502 -0.9386 -0.0004 0.34502 -0.9386 -0.0004 0.34502 -0.9386 0.00019 0.32939 0.94419 0.00019 0.32939 0.94419 0.00019 0.32939 0.94419 0.00019 0.32939 0.94419 -0.00032 1 0.00295 -0.00032 1 0.00295 -0.00032 1 0.00295 -0.00032 1 0.00295 -0.00018 -0.35863 -0.93348 -0.00018 -0.35863 -0.93348 -0.00018 -0.35863 -0.93348 -0.00018 -0.35863 -0.93348 0.00032 -1 -0.00295 0.00032 -1 -0.00295 0.00032 -1 -0.00295 0.00032 -1 -0.00295 0.00707 -0.99995 0.00669 0.06958 -0.99757 -0.00296 0.00032 -0.99997 0.00773 0.06289 -0.99802 -0.00193 0.11267 -0.52085 0.84618 0.25898 -0.57182 0.77843 0.0335 -0.48766 0.87239 0.21282 -0.55724 0.80261 -0.03085 -0.91847 -0.39429 -0.02434 -0.70098 -0.71277 -0.13852 -0.96678 -0.2148 0.00631 -0.84682 -0.53185 -0.08769 -0.67088 -0.73637 0.00334 0.08215 -0.99661 -0.00043 0.51547 -0.85691 0.11114 -0.1767 -0.97797 -0.19744 0.77068 -0.60586 0.12897 -0.17075 -0.97684 0.019 0.01569 -0.9997 -0.05723 0.53915 -0.84026 -0.25734 0.78436 -0.56441 0.02963 0.99937 0.01976 0.16598 0.95345 -0.25176 0.03461 0.79761 0.60218 -0.04329 0.39759 0.91654 0.00026 0.14304 0.98972 0.03228 0.13096 0.99086 0.08253 0.97994 -0.18138 0.07121 0.96292 0.26021 -0.03233 0.72422 0.68881 0.04938 0.21823 0.97465 -0.14059 0.98952 0.03305 0.03832 0.9879 0.15027 -0.03705 0.99414 0.10159 0.14539 0.96513 0.21766 0.15352 0.42112 0.89392 -0.02027 0.35691 0.93392 0.03443 0.37854 0.92494 0.19722 0.43516 0.87849 0.38338 0.91457 -0.12877 0.11953 0.99235 -0.03082 0.26573 0.9603 -0.08495 0.03835 0.99926 -0.00091 -0.02198 0.58818 -0.80843 0.01603 0.56776 -0.82304 0.03568 0.55673 -0.82992 -0.00137 0.57726 -0.81656 0.00032 -1 -0.00295 0.00032 -1 -0.00295 0.00032 -1 -0.00295 0.00032 -1 -0.00295 -1 -0.00032 0.00031 -1 -0.00032 0.00031 -1 -0.00032 0.00031 -1 -0.00032 0.00031 -1 -0.00032 0.00031 -1 -0.00032 0.00031 -1 -0.00032 0.00031 -1 -0.00032 0.00031 -1 -0.00032 0.00031 -1 -0.00032 0.00031 -1 -0.00032 0.00031 -1 -0.00032 0.00031 -1 -0.00032 0.00031 -1 -0.00032 0.00031 -1 -0.00032 0.00031 -1 -0.00032 0.00031 -1 -0.00032 0.00031 -1 -0.00032 0.00031 -1 -0.00032 0.00031 -1 -0.00032 0.00031 -1 -0.00032 0.00031 -1 -0.00032 0.00031 -1 -0.00032 0.00031 -1 -0.00032 0.00031 -1 -0.00032 0.00031 0.00044 -0.55526 0.83167 0.00044 -0.54064 0.84126 0.00044 -0.54797 0.8365 0.00044 -0.54064 0.84126 0.00044 -0.55526 0.83167 0.00044 -0.54797 0.8365 0.0845 0.98367 -0.15889 -0.12504 0.88326 -0.4519 -0.00045 0.75944 -0.65058 -0.05649 0.94859 -0.31143 -0.08881 0.78841 -0.6087 -0.3283 0.847 0.41809 -0.26381 0.87643 0.40284 -0.29155 0.86441 0.40962 -0.34249 0.83981 0.4212 0.06483 0.38569 0.92035 0.00031 0.00948 0.99996 -0.06016 0.15347 0.98632 -0.01201 0.01126 0.99986 -0.03616 0.20951 0.97714 0.05603 0.73725 -0.6733 0.13418 0.76801 -0.62622 0.0954 0.75357 -0.6504 0.00395 0.71309 -0.70106 -0.1101 0.99031 -0.08468 0.09849 0.99498 0.01764 -0.16955 0.97896 -0.11354 0.03268 0.99936 -0.01483 -0.13965 0.71883 0.68101 -0.07181 0.60047 0.79641 0.00016 0.38924 0.92114 -0.09547 0.68291 0.72424 -0.12936 0.72374 0.67783 0.00031 0.00971 0.99995 0.00031 0.00971 0.99995 0.00031 0.00971 0.99995 0.00031 0.00971 0.99995 -0.00032 1 0.00295 -0.00032 1 0.00295 -0.00032 1 0.00295 -0.00032 1 0.00295 -0.00031 0.00295 -1 -0.00031 0.00295 -1 -0.00031 0.00295 -1 -0.00031 0.00295 -1 0.00032 -1 -0.00295 0.00032 -1 -0.00295 0.00032 -1 -0.00295 0.00032 -1 -0.00295 -0.06607 -0.0205 -0.9976 -0.00666 -0.01144 -0.99991 -0.06058 -0.01966 -0.99797 -0.00031 -0.01047 -0.99995 0.174 -0.6238 -0.76197 0.13637 -0.65382 -0.74426 0.11009 -0.6736 -0.73085 0.13678 -0.6535 -0.74447 0.01073 -0.99938 0.0334 -0.11796 -0.99019 -0.07487 0.08819 -0.99125 0.09822 -0.04255 -0.99903 -0.01135 -0.10818 -0.746 0.6571 0.08766 -0.63927 0.76397 -0.00563 -0.69542 0.71858 0.17874 -0.57499 0.7984 -0.14273 -0.04842 0.98858 -0.0151 -0.02705 0.99952 0.00032 -0.02444 0.9997 -0.13126 -0.04652 0.99026 0.00032 -1 -0.00295 0.00032 -1 -0.00295 0.00032 -1 -0.00295 0.00032 -1 -0.00295 -0.09838 -0.02628 -0.9948 -0.00978 -0.01283 -0.99987 -0.00031 -0.01139 -0.99994 -0.09047 -0.02509 -0.99558 0.14688 -0.84871 -0.50805 0.03759 -0.88924 -0.45589 0.09348 -0.87036 -0.48346 0.1922 -0.8275 -0.52754 -0.12038 -0.8854 0.44898 -0.06379 -0.90713 0.416 -0.02558 -0.91931 0.39271 -0.09025 -0.89752 0.43164 -0.00336 -0.43629 0.8998 0.03197 -0.13896 0.98978 0.00032 -0.00974 0.99995 0.06749 -0.52443 0.84877 0.01093 -0.01161 0.99987 0.03025 -0.29595 0.95472 -1 -0.00032 0.00031 -1 -0.00032 0.00031 -1 -0.00032 0.00031 -1 -0.00032 0.00031 -1 -0.00032 0.00031 -1 -0.00032 0.00031 -1 -0.00032 0.00031 -1 -0.00032 0.00031 -1 -0.00032 0.00031 -1 -0.00032 0.00031 -0.06128 0.94587 -0.31871 -0.04317 0.94145 -0.33437 -0.05869 0.94527 -0.32096 -0.07395 0.94863 -0.30762 0.05667 0.95566 0.28898 0.0221 0.94958 0.31273 -0.0002 0.94477 0.32774 0.03701 0.95241 0.30255 -0.00029 0.99632 0.08575 -0.00032 1 0.00295 -0.00022 0.96218 0.2724 -0.00032 1 0.00295 -0.00027 0.9903 0.13897 -0.00031 0.00295 -1 -0.00031 0.00295 -1 -0.00031 0.00295 -1 -0.00031 0.00295 -1 0.00032 -1 -0.00295 0.00032 -1 -0.00295 0.00032 -1 -0.00295 0.00032 -1 -0.00295 0.00045 -0.76443 0.64471 -0.21234 -0.81302 0.54213 -0.12234 -0.79797 0.59016 -0.37436 -0.81789 0.43694 0.21249 -0.07008 0.97465 0.00032 -0.03637 0.99934 0.02461 -0.04032 0.99888 0.22963 -0.07273 0.97056 0.00032 -1 -0.00295 0.00032 -1 -0.00295 0.00032 -1 -0.00295 0.00032 -1 -0.00295 -1 -0.00032 0.00031 -1 -0.00032 0.00031 -1 -0.00032 0.00031 -1 -0.00032 0.00031 -1 -0.00032 0.00031 -1 -0.00032 0.00031 -1 -0.00032 0.00031 -1 -0.00032 0.00031 -1 -0.00032 0.00031 -1 -0.00032 0.00031 -1 -0.00032 0.00031 -1 -0.00032 0.00031 -1 -0.00032 0.00031 0.00045 -0.7428 0.66951 0.00045 -0.7428 0.66951 0.00045 -0.7428 0.66951 0.00045 -0.7428 0.66951 -0.22359 0.93744 -0.26684 -0.00041 0.92817 -0.37216 -0.07742 0.93781 -0.33841 -0.27365 0.93141 -0.23997 0.16613 0.95618 0.24107 -0.16233 0.87213 0.46157 -0.2795 0.80365 0.52538 0.04196 0.94255 0.33143 -0.02246 0.03872 0.999 -0.26172 0.0055 0.96513 0.0003 0.04175 0.99913 -0.21785 0.01178 0.97591 0.00029 0.0626 0.99804 0.00029 0.0626 0.99804 0.00029 0.0626 0.99804 0.00029 0.0626 0.99804 -0.00032 1 0.00295 -0.00032 1 0.00295 -0.00032 1 0.00295 -0.00032 1 0.00295 -0.00031 0.00295 -1 -0.00031 0.00295 -1 -0.00031 0.00295 -1 -0.00031 0.00295 -1 0.00032 -1 -0.00295 0.00032 -1 -0.00295 0.00032 -1 -0.00295 0.00032 -1 -0.00295 0.02218 -0.97518 -0.2203 0.18894 -0.97498 -0.11708 0.10375 -0.9798 -0.17094 0.24523 -0.96615 -0.08014 -0.20156 -0.05764 0.97778 -0.0216 -0.02775 0.99938 0.00032 -0.02405 0.99971 -0.18599 -0.05509 0.98101 -0.02201 -0.33681 -0.94131 0.31703 -0.11335 -0.94162 -0.00031 0.00291 -1 0.05024 -0.00622 -0.99872 0.1278 -0.25321 -0.95893 0.06601 -0.42429 0.90312 0.02789 -0.74486 0.66664 -0.10905 -0.96264 0.24786 0.11598 -0.541 0.83299 0.00041 -0.39709 0.91778 -0.1897 -0.9621 0.19592 0.03367 -0.89383 0.44713 -1 -0.00032 0.00031 -1 -0.00032 0.00031 -1 -0.00032 0.00031 -1 -0.00032 0.00031 -1 -0.00032 0.00031 -1 -0.00032 0.00031 -1 -0.00032 0.00031 -1 -0.00032 0.00031 -1 -0.00032 0.00031 -1 -0.00032 0.00031 -1 -0.00032 0.00031 -1 -0.00032 0.00031 -1 -0.00032 0.00031 -1 -0.00032 0.00031 -1 -0.00032 0.00031 -1 -0.00032 0.00031 -1 -0.00032 0.00031 -1 -0.00032 0.00031 -1 -0.00032 0.00031 -1 -0.00032 0.00031 -1 -0.00032 0.00031 -1 -0.00032 0.00031 -1 -0.00032 0.00031 -0.00023 0.96829 0.24982 -0.00023 0.96829 0.24982 -0.00023 0.96829 0.24982 -0.00023 0.96829 0.24982 -0.03229 -0.55626 -0.83038 -0.00843 -0.54795 -0.83647 -9e-05 -0.54496 -0.83846 -0.02439 -0.55355 -0.83246 0.02125 -0.95984 -0.27974 0.00031 -0.99979 -0.02048 0.06234 -0.96415 0.25794 0.01696 -0.99971 -0.01724 0.0297 -0.95841 -0.28386 0.08214 -0.96027 0.26672 -0.21153 -0.53066 0.82076 -0.44715 -0.40289 0.79858 -0.10806 -0.57292 0.81246 -0.4022 -0.43104 0.80774 -0.05963 0.11549 0.99152 0.22259 0.00303 0.97491 0.00747 0.08953 0.99596 0.26829 -0.01602 0.9632 0.18476 0.63898 0.7467 0.40727 0.53573 0.73968 0.13568 0.6561 0.74238 0.31463 0.58412 0.74821 -0.25845 0.94675 0.19201 -0.08842 0.87915 -0.46828 -0.05258 0.98195 -0.18166 -0.00092 0.98909 -0.14728 -0.05433 0.89036 -0.45201 -0.21441 0.96157 0.17148 0.06837 0.45767 -0.88649 -0.00042 0.43124 -0.90224 0.08843 0.46491 -0.88093 0.02336 0.44066 -0.89737 0.13982 -0.95183 0.2729 0.00041 -0.93327 0.35918 0.0787 -0.94684 0.31194 0.21518 -0.95099 0.22208 0.31432 -0.90548 -0.28515 0.40058 -0.86756 -0.29476 0.32793 -0.90011 -0.28681 0.43572 -0.84932 -0.29801 -0.0083 0.81376 -0.58115 0.25199 0.95752 0.14023 -0.05348 -0.52718 -0.84807 0.0216 -0.20974 -0.97752 0.07788 0.32103 -0.94386 -0.04539 0.99051 -0.12974 0.14861 0.00118 -0.9889 -0.11781 -0.55396 -0.82416 0.0554 -0.40023 -0.91474 -0.01479 0.92043 -0.39064 0.16121 0.61064 -0.77533 -0.00039 0.29883 -0.95431 0.15906 0.98407 0.07943 0.17542 0.70732 0.68478 -0.05725 0.52812 0.84724 -0.02508 0.40019 0.91609 0.08025 0.65621 0.7503 -0.08926 0.44176 0.89268 0.0984 -0.99424 -0.04247 0.00817 -0.99948 -0.03124 0.00031 -0.99954 -0.03024 0.09059 -0.99502 -0.04151 -1 -0.00032 0.00031 -1 -0.00032 0.00031 -1 -0.00032 0.00031 -1 -0.00032 0.00031 -1 -0.00032 0.00031 -1 -0.00032 0.00031 -1 -0.00032 0.00031 -1 -0.00032 0.00031 -1 -0.00032 0.00031 -1 -0.00032 0.00031 -1 -0.00032 0.00031 -1 -0.00032 0.00031 -1 -0.00032 0.00031 -1 -0.00032 0.00031 -1 -0.00032 0.00031 -1 -0.00032 0.00031 -1 -0.00032 0.00031 -1 -0.00032 0.00031 0.00031 -0.00295 1 0.00031 -0.00295 1 0.00031 -0.00295 1 0.00031 -0.00295 1 -0.00032 1 0.00295 0.0649 0.99779 0.01397 0.07293 0.99722 0.01533 0.00753 0.99996 0.00428 -0.1666 0.37716 -0.91104 0.01748 0.2801 -0.95981 -0.22054 0.40302 -0.88822 -0.0598 0.32247 -0.94469 0.20687 0.76748 -0.60678 0.03822 0.94407 -0.32752 -0.10872 0.98734 0.11551 0.02137 0.99134 -0.12954 -0.16377 0.9771 0.13584 0.12718 0.81063 -0.57158 0.1549 0.67935 0.71728 0.03257 0.54106 0.84035 -0.03141 0.25377 0.96675 0.19826 0.66047 0.72421 0.04609 0.52306 0.85105 0.39162 -0.24971 0.88559 0.30372 -0.23041 0.92448 0.43235 -0.2581 0.86398 0.32229 -0.23462 0.91711 -0.09756 -0.71195 0.69542 -0.02252 -0.72345 0.69 -0.10321 -0.71092 0.69566 -0.03021 -0.72247 0.69074 -0.09377 -0.99438 0.04917 0.12058 -0.98841 -0.09222 0.03344 -0.99883 -0.03484 0.24228 -0.95482 -0.17211 -0.00221 0.64123 -0.76735 -0.01229 0.46007 -0.8878 -0.36583 0.63948 -0.67619 -0.34266 0.64903 -0.67922 0.02709 0.59063 -0.80649 -0.03652 0.45209 -0.89122 0.12799 -0.82496 -0.55051 0.25993 -0.76503 -0.5892 0.29685 -0.74459 -0.59789 0.18799 -0.80018 -0.56954 -0.10841 -0.95535 0.27488 -0.23051 -0.95014 0.20998 -0.35346 -0.92524 0.13781 -0.17425 -0.95484 0.24068 0.0398 -0.58521 0.80991 -0.05155 -0.26727 0.96224 0.16547 -0.70328 0.69139 -0.00388 -0.43043 0.90261 0.03422 -0.17117 0.98465 0.00032 -1 -0.00295 0.00032 -1 -0.00295 0.00032 -1 -0.00295 0.00032 -1 -0.00295 -1 -0.00032 0.00031 -1 -0.00032 0.00031 -1 -0.00032 0.00031 -1 -0.00032 0.00031 -1 -0.00032 0.00031 -1 -0.00032 0.00031 -1 -0.00032 0.00031 0.00031 -0.00295 1 0.00031 -0.00295 1 0.00031 -0.00295 1 0.00031 -0.00295 1 0.20027 0.78948 -0.58019 0.43266 0.69802 -0.57059 0.23678 0.77864 -0.58108 0.48996 0.66636 -0.56205 -0.00031 0.00295 -1 -0.00031 0.00295 -1 -0.00031 0.00295 -1 -0.00031 0.00295 -1 -0.04506 -0.86748 0.49543 -0.00794 -0.8628 0.50548 0.00043 -0.86157 0.50764 -0.03537 -0.86638 0.49813 -0.15561 -0.00477 -0.98781 -0.00031 -0.02189 -0.99976 -0.0119 -0.02063 -0.99972 -0.16596 -0.0036 -0.98613 -0.00031 -0.00447 -0.99999 0.0448 -0.95979 -0.27712 -0.12356 0.2695 -0.95504 0.03741 -0.99526 0.08982 0.0588 -0.53927 -0.84008 0.04028 -0.39613 -0.91731 -0.0041 0.00481 -0.99998 -0.14788 0.2766 -0.94954 0.00035 -0.99425 0.10709 0.03497 -0.995 -0.0935 0.1047 -0.80892 -0.57852 0.09531 0.75315 -0.6509 -0.00702 0.79698 -0.60396 0.05341 0.77251 -0.63276 -0.05272 0.81281 -0.58014 0.25347 0.96728 -0.01108 0.1082 0.99368 0.02974 0.13878 0.9901 0.02126 0.30538 0.95188 -0.02602 -0.07713 -0.11058 0.99087 -0.0909 0.76226 0.64085 0.0535 0.36387 0.92991 -0.17373 0.78314 0.59708 0.14092 0.0632 0.988 -0.14737 -0.13615 0.97967 0.03531 0.58963 0.8069 0.25256 -0.66726 0.7007 0.05817 -0.7398 0.67031 0.21183 -0.68529 0.69678 0.00045 -0.75497 0.65576 -1 -0.00032 0.00031 -1 -0.00032 0.00031 -1 -0.00032 0.00031 -1 -0.00032 0.00031 -1 -0.00032 0.00031 -1 -0.00032 0.00031 -1 -0.00032 0.00031 -1 -0.00032 0.00031 -1 -0.00032 0.00031 -1 -0.00032 0.00031 -1 -0.00032 0.00031 -1 -0.00032 0.00031 -1 -0.00032 0.00031 -1 -0.00032 0.00031 -1 -0.00032 0.00031 -1 -0.00032 0.00031 -1 -0.00032 0.00031 -1 -0.00032 0.00031 -1 -0.00032 0.00031 -1 -0.00032 0.00031 -1 -0.00032 0.00031 -1 -0.00032 0.00031 -1 -0.00032 0.00031 -0.09644 0.99534 -0.00272 0.01532 0.99818 -0.05831 0.07085 0.9938 -0.08564 -0.03731 0.99878 -0.03223 0.06278 0.84761 -0.52689 0.03727 0.83757 -0.54505 0.04568 0.84098 -0.53913 0.01631 0.82866 -0.55952 -0.07131 0.21668 -0.97364 -0.03964 0.20453 -0.97806 -0.02982 0.20071 -0.9792 -0.06145 0.21292 -0.97514 -0.06297 -0.96108 0.269 -0.02619 -0.97275 0.23038 0.13815 -0.88205 0.45045 -0.00607 -0.97191 0.23528 0.04939 -0.93039 0.36322 0.12696 -0.11935 0.9847 -0.00198 -0.31858 0.94789 -0.1332 -0.50263 0.85418 -0.00161 -0.31804 0.94808 -0.21318 0.63701 0.74079 -0.09107 0.71707 0.69103 -0.17522 0.6639 0.72701 -0.26987 0.59332 0.75838 -1 -0.00032 0.00031 -1 -0.00032 0.00031 -1 -0.00032 0.00031 -1 -0.00032 0.00031 -1 -0.00032 0.00031 -1 -0.00032 0.00031 -1 -0.00032 0.00031 -1 -0.00032 0.00031 -1 -0.00032 0.00031 -1 -0.00032 0.00031 -1 -0.00032 0.00031 -1 -0.00032 0.00031 -1 -0.00032 0.00031 -1 -0.00032 0.00031 -1 -0.00032 0.00031 -1 -0.00032 0.00031 -1 -0.00032 0.00031 -1 -0.00032 0.00031 -1 -0.00032 0.00031 -1 -0.00032 0.00031 -1 -0.00032 0.00031 -1 -0.00032 0.00031 -1 -0.00032 0.00031 -1 -0.00032 0.00031 -1 -0.00032 0.00031 -1 -0.00032 0.00031 -1 -0.00032 0.00031 -1 -0.00032 0.00031 -1 -0.00032 0.00031 -1 -0.00032 0.00031 -0.13279 0.98925 -0.06125 -0.15337 0.98697 -0.04873 -0.16067 0.98601 -0.04427 -0.14601 0.98785 -0.05322 0.10945 0.83882 -0.5333 -0.02852 0.77955 -0.62569 0.03799 0.81121 -0.58352 -0.10468 0.73624 -0.66857 0.03239 0.1568 -0.9871 0.11351 0.19446 -0.97432 0.08654 0.18206 -0.97947 -0.00035 0.14127 -0.98997 0.00038 -0.97251 0.23284 0.00038 -0.97251 0.23284 0.00038 -0.97251 0.23284 0.00038 -0.97251 0.23284 -1 -0.00032 0.00031 -1 -0.00032 0.00031 -1 -0.00032 0.00031 -1 -0.00032 0.00031 -1 -0.00032 0.00031 -1 -0.00032 0.00031 -1 -0.00032 0.00031 -1 -0.00032 0.00031 -1 -0.00032 0.00031 -1 -0.00032 0.00031 -1 -0.00032 0.00031 -1 -0.00032 0.00031 -1 -0.00032 0.00031 -1 -0.00032 0.00031 -1 -0.00032 0.00031 -1 -0.00032 0.00031 -1 -0.00032 0.00031 -1 -0.00032 0.00031 -1 -0.00032 0.00031 -1 -0.00032 0.00031 -1 -0.00032 0.00031 -1 -0.00032 0.00031 -1 -0.00032 0.00031 -1 -0.00032 0.00031 -1 -0.00032 0.00031 -1 -0.00032 0.00031 -1 -0.00032 0.00031 -1 -0.00032 0.00031 0.14004 -0.53507 0.83312 0.20597 -0.48398 0.85049 0.16899 -0.51321 0.84146 0.07481 -0.58112 0.81037 -0.40034 0.0532 0.91482 -0.28509 0.01508 0.95838 -0.33514 0.03147 0.94164 -0.41673 0.05873 0.90713 0.0667 0.95707 -0.28209 -0.04975 0.93784 0.34348 -0.01414 0.72936 -0.68398 -0.17028 0.85602 0.4881 -0.01624 0.98891 0.14763 0.0004 0.88258 -0.47017 -0.07596 0.69565 -0.71436 -0.07398 -0.14162 -0.98715 0.03278 -0.68247 -0.73018 0.05142 -0.96304 0.2644 -0.02222 -0.97152 -0.23593 0.09922 0.08623 -0.99132 0.05131 0.0719 -0.99609 -0.03506 -0.34139 -0.93927 -0.05659 -0.78948 -0.61116 0.01194 -0.99588 0.08987 -0.05728 -0.92318 0.38007 -1 -0.00032 0.00031 -1 -0.00032 0.00031 -1 -0.00032 0.00031 -1 -0.00032 0.00031 -1 -0.00032 0.00031 -1 -0.00032 0.00031 -1 -0.00032 0.00031 -1 -0.00032 0.00031 -1 -0.00032 0.00031 -1 -0.00032 0.00031 -1 -0.00032 0.00031 -1 -0.00032 0.00031 -1 -0.00032 0.00031 -1 -0.00032 0.00031 -1 -0.00032 0.00031 -1 -0.00032 0.00031 -1 -0.00032 0.00031 -1 -0.00032 0.00031 -1 -0.00032 0.00031 -1 -0.00032 0.00031 -1 -0.00032 0.00031 -1 -0.00032 0.00031 -1 -0.00032 0.00031 -1 -0.00032 0.00031 -1 -0.00032 0.00031 -1 -0.00032 0.00031 -1 -0.00032 0.00031 -1 -0.00032 0.00031 -1 -0.00032 0.00031 -0.47799 -0.08258 0.87447 -0.15072 0.00869 0.98854 -0.08491 0.02629 0.99604 -0.33455 -0.04175 0.94145 0.10186 -0.18021 -0.97834 0.01368 0.02699 -0.99954 -0.22444 0.44738 -0.86573 -0.31605 0.48355 -0.81627 -0.0239 0.20435 -0.97861 0.052 -0.15195 -0.98702 -0.12957 -0.70763 -0.6946 4e-05 -0.76086 -0.64892 -0.17184 -0.68664 -0.7064 -0.05457 -0.74045 -0.66989 -0.00923 -0.99743 -0.0711 0.00029 -0.99682 -0.07964 -0.00768 -0.99734 -0.07249 -0.01682 -0.99779 -0.06428 0.043 -0.7702 0.63636 0.0859 -0.77916 0.62091 0.10253 -0.78219 0.61455 0.05718 -0.77334 0.63141 -1 -0.00032 0.00031 -1 -0.00032 0.00031 -1 -0.00032 0.00031 -1 -0.00032 0.00031 -1 -0.00032 0.00031 -1 -0.00032 0.00031 -1 -0.00032 0.00031 -1 -0.00032 0.00031 -1 -0.00032 0.00031 -1 -0.00032 0.00031 -1 -0.00032 0.00031 -1 -0.00032 0.00031 -1 -0.00032 0.00031 -1 -0.00032 0.00031 -1 -0.00032 0.00031 -1 -0.00032 0.00031 -1 -0.00032 0.00031 -1 -0.00032 0.00031 -1 -0.00032 0.00031 -1 -0.00032 0.00031 -1 -0.00032 0.00031 -1 -0.00032 0.00031 -1 -0.00032 0.00031 -1 -0.00032 0.00031 -1 -0.00032 0.00031 -1 -0.00032 0.00031 -1 -0.00032 0.00031 -1 -0.00032 0.00031 -1 -0.00032 0.00031 -1 -0.00032 0.00031 -0.02576 -0.3232 -0.94598 -0.12 -0.37314 -0.91998 -0.07317 -0.34879 -0.93434 -0.15527 -0.39086 -0.90726 0.0555 0.99742 0.04546 -0.2456 0.96922 -0.01722 0.10059 0.99343 0.05457 -0.20306 0.97913 -0.00816 0.09709 -0.8431 -0.52892 -0.00261 -0.9666 0.25626 0.10149 -0.85088 0.51547 0.01367 -0.96013 -0.27923 0.02757 -0.87848 -0.47698 -0.04816 -0.99507 -0.08674 -0.00056 -0.92073 0.3902 -0.2745 -0.36855 0.88815 -0.00839 -0.48532 0.87429 -0.13789 -0.43375 0.89042 0.10474 -0.52252 0.84617 -1 -0.00032 0.00031 -1 -0.00032 0.00031 -1 -0.00032 0.00031 -1 -0.00032 0.00031 -1 -0.00032 0.00031 -1 0.00024 0.00055 -1 -0.00032 0.00031 -1 -0.00028 0.00032 -1 -0.00032 0.00031 -1 -0.00032 0.00031 -1 -0.00032 0.00031 -1 -0.00032 0.00031 -1 -0.00032 0.00031 -1 -0.00032 0.00031 -1 -0.00032 0.00031 -1 -0.00032 0.00031 -1 -0.00032 0.00031 -1 -0.00116 0.00033 -1 -0.00049 0.0003 -0.99998 -0.00617 -0.00017 -1 -0.00032 0.00031 -1 -0.00032 0.00031 -1 -0.00032 0.00031 -1 -0.00032 0.00031 -1 -0.00032 0.00031 -1 -0.00032 0.00031 -1 -0.00032 0.00031 -1 -0.00032 0.00031 -1 -0.00032 0.00031 -1 -0.00032 0.00031 -1 -0.00062 0.00041 -1 -0.00108 0.00039 -1 -0.00097 0.00034 -1 -0.00032 0.00031 -1 -0.00032 0.00031 -1 -0.00032 0.00031 -1 -0.00032 0.00031 -1 -0.00032 0.00031 -1 -0.00032 0.00031 -1 -0.00032 0.00031 -1 -0.00032 0.00031 -1 -0.00032 0.00031 -1 -0.00032 0.00031 -1 -0.00032 0.00031 -1 -0.00032 0.00031 -1 -0.00032 0.00031 -1 -0.00032 0.00031 -1 -0.00032 0.00031 -1 -0.00032 0.00031 -1 -0.00032 0.00031 -1 -0.00032 0.00031 -1 -0.00032 0.00031 -1 -0.00032 0.00031 -1 -0.00032 0.00031 -1 -0.00032 0.00031 -1 -0.00032 0.00031 -1 0.00024 0.00051 -1 -0.00025 0.0005 -1 0.00016 0.00037 -1 -0.00032 0.00031 -1 -0.00032 0.00031 -1 -0.00032 0.00031 -1 -0.00032 0.00031 -1 -0.00032 0.00031 -1 -0.00032 0.00031 -1 -0.00032 0.00031 -1 -0.00032 0.00031 -1 -0.00032 0.00031 -1 -0.00032 0.00031 -1 -0.00032 0.00031 -1 -0.00032 0.00031 -1 -0.00032 0.00031 -1 -0.00032 0.00031 -1 -0.00032 0.00031 -1 -0.00032 0.00031 -1 -0.00032 0.00031 -1 -0.00032 0.00031 -1 -0.00032 0.00031 -1 -0.00032 0.00031 -1 -0.00032 0.00031 -1 -0.00032 0.00031 -1 -0.00032 0.00031 -1 -0.00032 0.00031 -1 -0.00032 0.00031 -1 -0.00032 0.00031 -1 -0.00032 0.00031 -1 -0.00032 0.00031 -1 -0.00032 0.00031 -1 -0.00032 0.00031 -1 -0.00032 0.00031 -1 -0.00032 0.00031 -1 -0.00032 0.00031 -1 -0.00032 0.00031 -1 -0.00032 0.00031 -1 -0.00032 0.00031 -1 -0.00032 0.00031 -1 -0.00032 0.00031 -1 -0.00032 0.00031 -1 -0.00032 0.00031 -1 -0.00032 0.00031 -1 -0.00032 0.00031 -1 -0.00032 0.00031 -1 -0.00032 0.00031 -1 -0.00032 0.00031 -1 -0.00032 0.00031 -1 -0.00032 0.00031 -1 -0.00032 0.00031 -1 -0.00032 0.00031 -1 -0.00032 0.00031 -1 -0.00032 0.00031 -1 -0.00032 0.00031 -1 -0.00032 0.00031 -1 -0.00032 0.00031 -1 -0.00032 0.00031 -1 -0.00032 0.00031 -1 -0.00032 0.00031 -1 -0.00032 0.00031 -1 -0.00032 0.00031 -1 -0.00032 0.00031 -1 -0.00032 0.00031 -1 -0.00032 0.00031 -1 -0.00032 0.00031 -1 -0.00032 0.00031 -1 -0.00032 0.00031 -1 -0.00032 0.00031 -1 -0.00032 0.00031 -1 -0.00032 0.00031 -1 -0.00032 0.00031 -1 -0.00032 0.00031 -1 -0.00032 0.00031 -1 -0.00032 0.00031 -1 -0.00032 0.00031 -1 -0.00032 0.00031 -1 -0.00032 0.00031 -1 -0.00032 0.00031 -1 -0.00032 0.00031 -1 -0.00032 0.00031 -1 -0.00032 0.00031 -1 -0.00032 0.00031 -1 -0.00032 0.00031 -1 -0.00032 0.00031 -1 -0.00032 0.00031 -1 -0.00032 0.00031 -1 -0.00032 0.00031 -1 -0.00032 0.00031 -1 -0.00032 0.00031 -1 -0.00032 0.00031 -1 -0.00032 0.00031 -1 -0.00032 0.00031 -1 -0.00032 0.00031 -1 -0.00032 0.00031 -1 -0.00032 0.00031 -1 -0.00174 -0.00026 -1 -0.00032 0.00031 -1 -0.00032 0.00031 -1 -0.00032 0.00031 -1 -0.00032 0.00031 -1 -0.00032 0.00031 -1 -0.00032 0.00031 -1 -0.00032 0.00031 -1 -0.00032 0.00031 -1 -0.00032 0.00031 -1 -0.00032 0.00031 -1 -0.00032 0.00031 -1 -0.00032 0.00031 -1 -0.00032 0.00031 -1 -0.00032 0.00031 -1 -0.00032 0.00031 -1 -0.00032 0.00031 -0.99999 -0.00376 3e-05 -1 -0.00032 0.00031 -1 -0.00032 0.00031 -1 -0.00032 0.00031 -1 -0.00032 0.00031 -1 -0.00032 0.00031 -1 -0.00032 0.00031 -1 -0.00032 0.00031 -1 -0.00032 0.00031 -1 -0.00032 0.00031 -1 -0.00032 0.00031 -1 -0.00032 0.00031 -1 -0.00032 0.00031 -1 -0.00032 0.00031 -1 -0.00032 0.00031 -1 -0.00032 0.00031 -1 -0.00032 0.00031 -1 -0.00032 0.00031 -1 -0.00032 0.00031 -1 -0.00032 0.00031 -1 -0.00032 0.00031 -1 -0.00032 0.00031 -1 -0.00032 0.00031 -1 -0.00032 0.00031 -1 -0.00032 0.00031 -1 -0.00032 0.00031 -1 -0.00032 0.00031 -1 -0.00032 0.00031 -1 -0.00032 0.00031 -1 -0.00032 0.00031 -1 -0.00032 0.00031 -1 -0.00032 0.00031 -1 -0.00032 0.00031 -1 -0.00032 0.00031 -1 -0.00032 0.00031 -1 -0.00032 0.00031 -1 -0.00032 0.00031 -1 -0.00032 0.00031 -1 -0.00032 0.00031 -1 -0.00032 0.00031 -1 -0.00032 0.00031 -1 -0.00032 0.00031 -1 -0.00032 0.00031 -1 -0.00032 0.00031 -1 -0.00032 0.00031 -1 -0.00032 0.00031 -1 -0.00032 0.00031 -1 -0.00032 0.00031 -1 -0.00032 0.00031 -1 -0.00032 0.00031 -1 -0.00032 0.00031 -1 -0.00032 0.00031 -1 -0.00032 0.00031 -1 -0.00032 0.00031 -1 -0.00032 0.00031 -1 -0.00032 0.00031 -1 -0.00032 0.00031 -1 -0.00032 0.00031 -1 -0.00032 0.00031 -1 -0.00032 0.00031 -1 -0.00032 0.00031 -1 -0.00032 0.00031 -1 -0.00032 0.00031 -1 -0.00032 0.00031 -1 -0.00032 0.00031 -1 -0.00032 0.00031 -1 -0.00032 0.00031 -1 -0.00032 0.00031 -1 -0.00032 0.00031 -1 -0.00032 0.00031 -1 -0.00032 0.00031 -1 -0.00032 0.00031 -1 -0.00032 0.00031 -1 -0.00032 0.00031 -1 -0.00032 0.00031 -1 -0.00032 0.00031 -1 -0.00032 0.00031 -1 -0.00032 0.00031 -1 -0.00032 0.00031 -1 -0.00032 0.00031 -1 -0.00032 0.00031 -1 -0.00032 0.00031 -1 -0.00032 0.00031 -1 -0.00032 0.00031 -1 -0.00032 0.00031 -1 -0.00032 0.00031 -1 -0.00032 0.00031 -1 -0.00032 0.00031 -1 -0.00032 0.00031 -1 -0.00032 0.00031 -1 -0.00032 0.00031 -1 -0.00032 0.00031 -1 -0.00032 0.00031 -1 -0.00032 0.00031 -1 -0.00032 0.00031 -1 -0.00032 0.00031 -1 -0.00032 0.00031 -1 -0.00032 0.00031 -1 -0.00032 0.00031 1 -0.00064 -0.00033 1 0.00032 -0.00031 1 0.00186 -0.00034 1 0.00284 -0.00036 1 0.00085 -0.00018 1 -0.00143 -0.00034 1 0.00035 0.00037 1 0.00031 -0.00026 1 0.00047 -0.00012 -0.98222 0.17647 0.06401 -0.98222 0.17647 0.06401 -0.98222 0.17647 0.06401 0.39937 -0.49565 -0.77126 0.39937 -0.49565 -0.77126 0.39937 -0.49565 -0.77126 0.98461 -0.05707 0.16519 0.98461 -0.05707 0.16519 0.98461 -0.05707 0.16519 -0.72813 -0.4694 0.4995 -0.72813 -0.4694 0.4995 -0.72813 -0.4694 0.4995 -0.09422 0.24253 0.96556 -0.09422 0.24253 0.96556 -0.09422 0.24253 0.96556 0.67103 0.69203 -0.26609 0.67103 0.69203 -0.26609 0.67103 0.69203 -0.26609 0.84811 0.36369 0.38528 0.84811 0.36369 0.38528 0.84811 0.36369 0.38528 -0.38052 0.89613 0.22839 -0.38052 0.89613 0.22839 -0.38052 0.89613 0.22839 0.03148 -0.81397 0.58005 0.03148 -0.81397 0.58005 0.03148 -0.81397 0.58005 -0.13978 0.9885 0.05771 -0.13978 0.9885 0.05771 -0.13978 0.9885 0.05771 0.754 -0.11813 -0.64617 0.754 -0.11813 -0.64617 0.754 -0.11813 -0.64617 -0.25455 -0.88633 0.38682 -0.25455 -0.88633 0.38682 -0.25455 -0.88633 0.38682 -0.41593 0.42729 0.80276 -0.41593 0.42729 0.80276 -0.41593 0.42729 0.80276 0.06448 0.83262 -0.55007 0.06448 0.83262 -0.55007 0.06448 0.83262 -0.55007 0.98272 -0.08543 0.16418 0.98272 -0.08543 0.16418 0.98272 -0.08543 0.16418 -1 -0.00032 0.00031 -1 -0.00032 0.00031 -1 -0.00032 0.00031 -0.83512 0.55006 0.00187 -0.83512 0.55006 0.00187 -0.83512 0.55006 0.00187 0.59998 -0.80001 -0.00253 0.59998 -0.80001 -0.00253 0.59998 -0.80001 -0.00253 0.35633 -0.00264 0.93436 0.35633 -0.00264 0.93436 0.35633 -0.00264 0.93436 -0.30571 0.9321 0.19425 -0.30571 0.9321 0.19425 -0.30571 0.9321 0.19425 0.02883 0.99958 0.00294 0.02883 0.99958 0.00294 0.02883 0.99958 0.00294 0.00044 -0.60729 0.79448 0.00044 -0.60729 0.79448 0.00044 -0.60729 0.79448 -0.29017 0.58593 0.75663 -0.29017 0.58593 0.75663 -0.29017 0.58593 0.75663 0.00044 -0.58724 0.80942 0.00044 -0.58724 0.80942 0.00044 -0.58724 0.80942 0.03362 -0.51962 -0.85374 0.03362 -0.51962 -0.85374 0.03362 -0.51962 -0.85374 0.1064 -0.44203 0.89067 0.1064 -0.44203 0.89067 0.1064 -0.44203 0.89067 -0.22766 -0.96395 0.13775 -0.22766 -0.96395 0.13775 -0.22766 -0.96395 0.13775 0.65018 -0.59325 -0.47469 0.65018 -0.59325 -0.47469 0.65018 -0.59325 -0.47469 0.00032 -1 -0.00295 0.00032 -1 -0.00295 0.00032 -1 -0.00295 0.42235 -0.9021 0.08856 0.42235 -0.9021 0.08856 0.42235 -0.9021 0.08856 0.2245 -0.21367 -0.95076 0.2245 -0.21367 -0.95076 0.2245 -0.21367 -0.95076 0.61268 -0.68272 -0.39814 0.61268 -0.68272 -0.39814 0.61268 -0.68272 -0.39814 -0.10356 -0.99255 0.06426 -0.10356 -0.99255 0.06426 -0.10356 -0.99255 0.06426 -0.14246 -0.1127 -0.98336 -0.14246 -0.1127 -0.98336 -0.14246 -0.1127 -0.98336 0.34962 -0.39777 -0.84826 0.34962 -0.39777 -0.84826 0.34962 -0.39777 -0.84826 0.01646 -0.28439 -0.95857 0.01646 -0.28439 -0.95857 0.01646 -0.28439 -0.95857 -0.34985 -0.74758 0.56456 -0.34985 -0.74758 0.56456 -0.34985 -0.74758 0.56456 0.60662 -0.72832 -0.31868 0.60662 -0.72832 -0.31868 0.60662 -0.72832 -0.31868 0.11027 -0.99183 0.06415 0.11027 -0.99183 0.06415 0.11027 -0.99183 0.06415 0.20212 0.46646 0.86114 0.20212 0.46646 0.86114 0.20212 0.46646 0.86114 -0.28941 0.84171 0.45581 -0.28941 0.84171 0.45581 -0.28941 0.84171 0.45581 0.05011 -0.81709 -0.57433 0.05011 -0.81709 -0.57433 0.05011 -0.81709 -0.57433 -0.21113 0.25521 -0.94355 -0.21113 0.25521 -0.94355 -0.21113 0.25521 -0.94355 0.38916 0.00964 -0.92112 0.38916 0.00964 -0.92112 0.38916 0.00964 -0.92112 0.02616 -0.30958 -0.95051 0.02616 -0.30958 -0.95051 0.02616 -0.30958 -0.95051 0.37399 -0.9262 0.04779 0.37399 -0.9262 0.04779 0.37399 -0.9262 0.04779 -0.2585 -0.88952 0.37675 -0.2585 -0.88952 0.37675 -0.2585 -0.88952 0.37675 -0.08044 0.8609 0.50237 -0.08044 0.8609 0.50237 -0.08044 0.8609 0.50237 0.00044 -0.5467 0.83733 0.00044 -0.5467 0.83733 0.00044 -0.5467 0.83733 0.64994 -0.6356 0.41664 0.64994 -0.6356 0.41664 0.64994 -0.6356 0.41664 0.00041 -0.35365 0.93538 0.00041 -0.35365 0.93538 0.00041 -0.35365 0.93538 0.03084 0.60189 -0.79798 0.03084 0.60189 -0.79798 0.03084 0.60189 -0.79798 0.6201 0.00707 0.78449 0.6201 0.00707 0.78449 0.6201 0.00707 0.78449 0.00022 -0.95723 -0.28934 0.00022 -0.95723 -0.28934 0.00022 -0.95723 -0.28934 0.23036 0.44308 0.86638 0.23036 0.44308 0.86638 0.23036 0.44308 0.86638 0.3677 -0.78111 0.50464 0.3677 -0.78111 0.50464 0.3677 -0.78111 0.50464 -0.35379 -0.58939 0.72626 -0.35379 -0.58939 0.72626 -0.35379 -0.58939 0.72626 -0.26213 0.88166 0.39237 -0.26213 0.88166 0.39237 -0.26213 0.88166 0.39237 -0.15346 -0.11203 -0.98178 -0.15346 -0.11203 -0.98178 -0.15346 -0.11203 -0.98178 0.28761 0.2933 -0.91173 0.28761 0.2933 -0.91173 0.28761 0.2933 -0.91173 -0.00036 0.99168 -0.1287 -0.00036 0.99168 -0.1287 -0.00036 0.99168 -0.1287 0.14935 0.84777 0.5089 0.14935 0.84777 0.5089 0.14935 0.84777 0.5089 0.46918 -0.46374 0.75154 0.46918 -0.46374 0.75154 0.46918 -0.46374 0.75154 -0.24876 0.50782 0.82477 -0.24876 0.50782 0.82477 -0.24876 0.50782 0.82477 0.00038 -0.24778 0.96882 0.00038 -0.24778 0.96882 0.00038 -0.24778 0.96882 0.253 0.56665 0.78415 0.253 0.56665 0.78415 0.253 0.56665 0.78415 -0.16362 0.76467 0.62331 -0.16362 0.76467 0.62331 -0.16362 0.76467 0.62331 0.43601 0.89769 -0.06359 0.43601 0.89769 -0.06359 0.43601 0.89769 -0.06359 0.08832 0.80457 -0.58725 0.08832 0.80457 -0.58725 0.08832 0.80457 -0.58725 -0.18196 0.96689 0.17891 -0.18196 0.96689 0.17891 -0.18196 0.96689 0.17891 0.22045 0.42342 0.8787 0.22045 0.42342 0.8787 0.22045 0.42342 0.8787</float_array>
          <technique_common>
            <accessor count="2748" source="#g0_chrome-nrm-array" stride="3">
              <param type="float" name="X"/>
              <param type="float" name="Y"/>
              <param type="float" name="Z"/>
            </accessor>
          </technique_common>
        </source>
        <vertices id="g0_chrome-pos-vertices">
          <input semantic="POSITION" source="#g0_chrome-pos"/>
        </vertices>
        <triangles count="2588" material="chrome-ref">
          <input offset="0" semantic="VERTEX" source="#g0_chrome-pos-vertices"/>
          <input offset="1" semantic="NORMAL" source="#g0_chrome-nrm"/>
          <p>455 455 407 407 458 458 509 509 503 503 488 488 499 499 481 481 493 493 509 509 476 476 497 497 509 509 495 495 476 476 416 416 298 298 422 422 439 439 514 514 429 429 454 454 316 316 434 434 437 437 294 294 295 295 510 510 494 494 501 501 435 435 420 420 421 421 434 434 316 316 513 513 436 436 445 445 414 414 467 467 423 423 299 299 478 478 433 433 424 424 451 451 408 408 426 426 450 450 416 416 422 422 412 412 416 416 450 450 512 512 484 484 479 479 510 510 475 475 464 464 502 502 457 457 500 500 507 507 446 446 480 480 502 502 473 473 457 457 493 493 444 444 483 483 498 498 451 451 446 446 504 504 491 491 511 511 512 512 479 479 506 506 460 460 411 411 441 441 501 501 494 494 482 482 500 500 475 475 510 510 506 506 470 470 498 498 508 508 474 474 486 486 485 485 507 507 480 480 506 506 498 498 507 507 512 512 505 505 492 492 507 507 485 485 490 490 395 395 393 393 405 405 404 404 398 398 399 399 405 405 393 393 398 398 398 398 394 394 399 399 398 398 393 393 394 394 399 399 394 394 397 397 393 393 395 395 381 381 402 402 390 390 391 391 400 400 389 389 390 390 487 487 437 437 452 452 396 396 401 401 397 397 396 396 400 400 401 401 398 398 404 404 405 405 397 397 401 401 399 399 401 401 402 402 403 403 403 403 404 404 401 401 402 402 401 401 400 400 413 413 431 431 280 280 457 457 438 438 419 419 438 438 297 297 419 419 452 452 409 409 410 410 479 479 436 436 470 470 464 464 439 439 468 468 459 459 435 435 469 469 442 442 412 412 476 476 482 482 468 468 415 415 435 435 430 430 469 469 497 497 471 471 489 489 468 468 429 429 415 415 475 475 454 454 449 449 488 488 460 460 441 441 477 477 465 465 455 455 457 457 419 419 448 448 466 466 422 422 431 431 477 477 455 455 458 458 493 493 453 453 444 444 432 432 481 481 452 452 447 447 474 474 485 485 448 448 500 500 457 457 461 461 489 489 466 466 465 465 496 496 469 469 422 422 466 466 471 471 423 423 467 467 484 484 436 436 479 479 445 445 423 423 484 484 443 443 445 445 479 479 467 467 453 453 481 481 432 432 454 454 475 475 448 448 499 499 504 504 627 627 501 501 635 635 510 510 642 642 505 505 512 512 641 641 497 497 505 505 641 641 509 509 497 497 631 631 511 511 502 502 496 496 501 501 459 459 450 450 471 471 476 476 463 463 491 491 478 478 463 463 473 473 491 491 468 468 494 494 464 464 459 459 501 501 482 482 443 443 492 492 461 461 443 443 484 484 492 492 448 448 475 475 500 500 629 629 504 504 511 511 460 460 503 503 458 458 451 451 498 498 470 470 462 462 485 485 480 480 452 452 499 499 487 487 464 464 449 449 439 439 442 442 495 495 488 488 447 447 485 485 462 462 465 465 477 477 496 496 503 503 460 460 488 488 458 458 503 503 477 477 471 471 497 497 476 476 461 461 505 505 489 489 467 467 479 479 484 484 446 446 507 507 498 498 461 461 492 492 505 505 478 478 491 491 504 504 449 449 464 464 475 475 489 489 505 505 497 497 496 496 459 459 469 469 473 473 438 438 457 457 486 486 456 456 472 472 489 489 471 471 466 466 481 481 453 453 493 493 495 495 442 442 476 476 488 488 441 441 442 442 511 511 491 491 473 473 508 508 622 622 507 507 507 507 490 490 508 508 486 486 487 487 508 508 484 484 512 512 492 492 495 495 509 509 488 488 483 483 504 504 493 493 487 487 499 499 508 508 493 493 504 504 499 499 496 496 503 503 501 501 442 442 441 441 272 272 468 468 482 482 494 494 470 470 506 506 479 479 502 502 511 511 473 473 474 474 508 508 490 490 494 494 510 510 464 464 478 478 504 504 483 483 496 496 477 477 503 503 351 351 352 352 344 344 346 346 343 343 345 345 345 345 340 340 342 342 348 348 345 345 344 344 344 344 339 339 351 351 340 340 345 345 343 343 343 343 346 346 341 341 342 342 344 344 345 345 345 345 347 347 346 346 349 349 347 347 348 348 352 352 348 348 344 344 345 345 348 348 347 347 347 347 350 350 346 346 350 350 361 361 360 360 350 350 360 360 359 359 358 358 325 325 350 350 350 350 359 359 358 358 325 325 358 358 357 357 341 341 335 335 343 343 379 379 378 378 376 376 378 378 374 374 376 376 377 377 386 386 374 374 374 374 386 386 371 371 365 365 373 373 371 371 365 365 375 375 373 373 344 344 342 342 333 333 331 331 342 342 340 340 325 325 357 357 356 356 351 351 339 339 336 336 343 343 335 335 334 334 334 334 340 340 343 343 331 331 332 332 342 342 333 333 339 339 344 344 347 347 349 349 350 350 352 352 353 353 348 348 349 349 348 348 353 353 338 338 333 333 332 332 333 333 338 338 336 336 342 342 332 332 333 333 340 340 334 334 331 331 339 339 333 333 336 336 67 67 49 49 29 29 329 329 327 327 330 330 328 328 338 338 332 332 328 328 332 332 331 331 322 322 324 324 323 323 331 331 334 334 330 330 329 329 330 330 335 335 330 330 334 334 335 335 167 167 153 153 116 116 105 105 202 202 170 170 128 128 179 179 143 143 128 128 180 180 179 179 132 132 145 145 129 129 327 327 317 317 311 311 325 325 356 356 354 354 325 325 354 354 355 355 324 324 325 325 315 315 315 315 325 325 316 316 315 315 314 314 323 323 315 315 323 323 324 324 323 323 320 320 322 322 321 321 313 313 318 318 380 380 378 378 379 379 329 329 319 319 317 317 319 319 335 335 341 341 341 341 320 320 319 319 321 321 318 318 319 319 319 319 320 320 321 321 321 321 320 320 314 314 320 320 323 323 314 314 396 396 379 379 382 382 385 385 381 381 384 384 385 385 386 386 377 377 384 384 381 381 395 395 383 383 378 378 380 380 383 383 394 394 393 393 383 383 380 380 394 394 394 394 380 380 379 379 379 379 396 396 394 394 378 378 383 383 381 381 371 371 373 373 374 374 373 373 375 375 374 374 375 375 376 376 374 374 302 302 391 391 390 390 302 302 301 301 391 391 302 302 387 387 303 303 387 387 304 304 303 303 369 369 387 387 388 388 453 453 432 432 296 296 279 279 455 455 302 302 301 301 302 302 430 430 297 297 438 438 321 321 428 428 291 291 321 321 286 286 425 425 424 424 396 396 397 397 394 394 458 458 407 407 411 411 419 419 297 297 316 316 382 382 368 368 388 388 443 443 281 281 299 299 438 438 428 428 321 321 425 425 291 291 428 428 456 456 284 284 294 294 462 462 289 289 293 293 374 374 378 378 377 377 377 377 378 378 381 381 376 376 382 382 379 379 366 366 365 365 305 305 350 350 362 362 361 361 235 235 367 367 366 366 235 235 304 304 367 367 367 367 304 304 369 369 367 367 369 369 368 368 306 306 305 305 365 365 369 369 304 304 387 387 368 368 366 366 367 367 350 350 363 363 362 362 366 366 376 376 375 375 368 368 382 382 376 376 376 376 366 366 368 368 375 375 365 365 366 366 308 308 307 307 365 365 307 307 306 306 365 365 305 305 235 235 366 366 381 381 385 385 377 377 302 302 390 390 388 388 395 395 405 405 384 384 381 381 383 383 393 393 396 396 388 388 389 389 388 388 396 396 382 382 389 389 400 400 396 396 390 390 402 402 400 400 392 392 402 402 391 391 387 387 302 302 388 388 487 487 486 486 472 472 388 388 390 390 389 389 324 324 346 346 350 350 320 320 341 341 346 346 346 346 322 322 320 320 346 346 324 324 322 322 350 350 325 325 324 324 350 350 364 364 363 363 512 512 643 643 642 642 621 621 643 643 512 512 633 633 510 510 634 634 500 500 633 633 632 632 638 638 503 503 509 509 638 638 637 637 503 503 503 503 637 637 636 636 640 640 509 509 641 641 512 512 506 506 621 621 618 618 619 619 507 507 509 509 639 639 638 638 501 501 503 503 636 636 644 644 646 646 429 429 300 300 391 391 301 301 391 391 415 415 646 646 300 300 415 415 391 391 429 429 325 325 645 645 652 652 350 350 349 349 620 620 621 621 506 506 630 630 629 629 511 511 626 626 625 625 499 499 623 623 622 622 508 508 627 627 504 504 628 628 625 625 508 508 499 499 631 631 502 502 500 500 619 619 620 620 507 507 506 506 507 507 620 620 653 653 364 364 350 350 636 636 635 635 501 501 500 500 632 632 631 631 629 629 628 628 504 504 508 508 624 624 623 623 509 509 640 640 639 639 499 499 627 627 626 626 510 510 635 635 634 634 633 633 500 500 510 510 561 561 563 563 560 560 650 650 402 402 649 649 402 402 648 648 526 526 648 648 528 528 526 526 526 526 403 403 402 402 577 577 576 576 578 578 575 575 574 574 576 576 573 573 572 572 574 574 571 571 522 522 572 572 650 650 648 648 402 402 562 562 565 565 563 563 582 582 580 580 581 581 522 522 571 571 546 546 572 572 573 573 571 571 574 574 575 575 573 573 576 576 577 577 575 575 578 578 579 579 577 577 580 580 582 582 579 579 349 349 353 353 652 652 350 350 652 652 653 653 648 648 647 647 528 528 325 325 514 514 513 513 513 513 316 316 325 325 325 325 429 429 514 514 646 646 415 415 429 429 532 532 530 530 652 652 353 353 534 534 652 652 631 631 630 630 511 511 534 534 532 532 652 652 651 651 530 530 528 528 651 651 528 528 654 654 651 651 652 652 530 530 651 651 654 654 655 655 645 645 644 644 429 429 647 647 654 654 528 528 649 649 402 402 656 656 604 604 613 613 11 11 42 42 10 10 15 15 5 5 14 14 602 602 91 91 43 43 37 37 613 613 597 597 1 1 4 4 594 594 598 598 3 3 599 599 610 610 610 610 595 595 4 4 86 86 29 29 22 22 115 115 94 94 76 76 9 9 601 601 611 611 10 10 600 600 596 596 10 10 596 596 614 614 2 2 614 614 608 608 7 7 611 611 603 603 16 16 605 605 615 615 595 595 594 594 4 4 29 29 24 24 3 3 66 66 39 39 24 24 51 51 45 45 46 46 42 42 15 15 43 43 81 81 16 16 39 39 76 76 26 26 38 38 76 76 56 56 26 26 46 46 21 21 65 65 68 68 20 20 33 33 66 66 24 24 49 49 44 44 18 18 8 8 43 43 12 12 37 37 58 58 18 18 44 44 62 62 9 9 40 40 35 35 19 19 28 28 37 37 2 2 32 32 43 43 15 15 12 12 121 121 126 126 86 86 117 117 49 49 67 67 16 16 616 616 605 605 12 12 10 10 614 614 2 2 12 12 614 614 610 610 4 4 3 3 607 607 11 11 8 8 508 508 625 625 624 624 608 608 606 606 2 2 606 606 617 617 0 0 0 0 617 617 616 616 600 600 10 10 7 7 602 602 612 612 5 5 603 603 600 600 7 7 3 3 6 6 599 599 598 598 607 607 8 8 616 616 16 16 0 0 611 611 7 7 9 9 507 507 622 622 618 618 642 642 641 641 505 505 44 44 8 8 27 27 14 14 1 1 609 609 602 602 14 14 609 609 601 601 9 9 5 5 6 6 615 615 599 599 598 598 8 8 4 4 11 11 607 607 604 604 21 21 5 5 23 23 31 31 30 30 19 19 579 579 578 578 580 580 57 57 4 4 18 18 36 36 40 40 7 7 53 53 14 14 21 21 29 29 3 3 22 22 54 54 51 51 46 46 1 1 597 597 609 609 601 601 5 5 612 612 316 316 448 448 419 419 514 514 439 439 449 449 300 300 435 435 421 421 279 279 407 407 455 455 292 292 426 426 408 408 409 409 452 452 295 295 302 302 455 455 430 430 293 293 447 447 462 462 293 293 427 427 447 447 514 514 449 449 513 513 415 415 420 420 435 435 405 405 404 404 524 524 521 521 520 520 522 522 521 521 518 518 520 520 517 517 516 516 518 518 537 537 515 515 536 536 299 299 414 414 445 445 289 289 462 462 418 418 316 316 454 454 448 448 372 372 542 542 541 541 371 371 543 543 542 542 371 371 544 544 543 543 384 384 405 405 517 517 300 300 430 430 435 435 413 413 461 461 431 431 294 294 437 437 456 456 296 296 444 444 453 453 284 284 456 456 427 427 414 414 408 408 451 451 418 418 462 462 446 446 295 295 452 452 437 437 415 415 421 421 420 420 415 415 300 300 421 421 451 451 436 436 414 414 292 292 418 418 426 426 406 406 444 444 296 296 425 425 428 428 473 473 406 406 433 433 444 444 424 424 463 463 478 478 435 435 459 459 415 415 411 411 460 460 458 458 422 422 471 471 450 450 417 417 443 443 461 461 456 456 474 474 427 427 425 425 473 473 424 424 431 431 461 461 466 466 410 410 432 432 452 452 513 513 449 449 434 434 429 429 440 440 439 439 413 413 417 417 461 461 299 299 445 445 467 467 434 434 449 449 454 454 452 452 481 481 499 499 456 456 486 486 474 474 440 440 468 468 439 439 437 437 472 472 456 456 437 437 487 487 472 472 433 433 483 483 444 444 433 433 478 478 483 483 426 426 446 446 451 451 462 462 480 480 446 446 427 427 474 474 447 447 428 428 438 438 473 473 370 370 541 541 540 540 430 430 465 465 469 469 430 430 455 455 465 465 429 429 468 468 440 440 415 415 459 459 482 482 412 412 450 450 476 476 451 451 470 470 436 436 418 418 446 446 426 426 518 518 521 521 519 519 533 533 534 534 353 353 557 557 556 556 558 558 554 554 553 553 556 556 552 552 551 551 553 553 550 550 549 549 551 551 548 548 547 547 549 549 515 515 537 537 559 559 518 518 519 519 517 517 533 533 532 532 534 534 563 563 561 561 562 562 549 549 550 550 548 548 551 551 552 552 550 550 553 553 554 554 552 552 556 556 555 555 554 554 556 556 557 557 555 555 558 558 559 559 557 557 559 559 558 558 515 515 584 584 583 583 582 582 589 589 590 590 588 588 591 591 593 593 590 590 593 593 591 591 592 592 590 590 589 589 591 591 588 588 587 587 589 589 586 586 585 585 587 587 586 586 584 584 585 585 582 582 581 581 584 584 566 566 567 567 565 565 584 584 586 586 583 583 587 587 588 588 586 586 522 522 546 546 521 521 405 405 524 524 523 523 525 525 403 403 526 526 527 527 526 526 528 528 529 529 528 528 530 530 531 531 530 530 532 532 385 385 384 384 517 517 337 337 539 539 538 538 338 338 337 337 538 538 538 538 336 336 338 338 336 336 537 537 536 536 536 536 351 351 336 336 536 536 535 535 351 351 405 405 523 523 516 516 516 516 517 517 405 405 539 539 337 337 370 370 517 517 545 545 385 385 386 386 385 385 545 545 545 545 544 544 386 386 544 544 371 371 386 386 542 542 372 372 371 371 352 352 351 351 535 535 336 336 538 538 537 537 370 370 540 540 539 539 353 353 535 535 533 533 568 568 569 569 567 567 570 570 548 548 569 569 548 548 570 570 547 547 569 569 568 568 570 570 567 567 566 566 568 568 565 565 564 564 566 566 565 565 562 562 564 564 353 353 352 352 535 535 330 330 328 328 331 331 532 532 533 533 531 531 530 530 531 531 529 529 528 528 529 529 527 527 526 526 527 527 525 525 524 524 404 404 403 403 525 525 524 524 403 403 541 541 370 370 372 372 1 1 28 28 19 19 180 180 95 95 158 158 198 198 98 98 103 103 164 164 110 110 151 151 164 164 119 119 110 110 176 176 125 125 134 134 163 163 109 109 150 150 0 0 26 26 17 17 8 8 20 20 27 27 160 160 131 131 129 129 3 3 24 24 6 6 9 9 47 47 23 23 13 13 32 32 2 2 19 19 30 30 11 11 5 5 21 21 14 14 11 11 20 20 8 8 4 4 22 22 3 3 9 9 23 23 5 5 162 162 114 114 148 148 137 137 115 115 138 138 150 150 109 109 125 125 163 163 124 124 109 109 148 148 90 90 79 79 161 161 107 107 114 114 182 182 130 130 101 101 172 172 132 132 130 130 159 159 144 144 96 96 10 10 12 12 15 15 174 174 88 88 147 147 145 145 132 132 172 172 180 180 128 128 95 95 170 170 142 142 127 127 169 169 92 92 155 155 154 154 126 126 121 121 139 139 138 138 98 98 181 181 129 129 145 145 25 25 60 60 22 22 134 134 91 91 119 119 147 147 113 113 107 107 13 13 55 55 32 32 57 57 60 60 25 25 31 31 77 77 30 30 14 14 53 53 71 71 21 21 46 46 53 53 42 42 80 80 41 41 151 151 110 110 102 102 31 31 50 50 77 77 19 19 35 35 50 50 9 9 62 62 47 47 16 16 81 81 38 38 20 20 52 52 27 27 20 20 68 68 52 52 14 14 71 71 35 35 21 21 34 34 65 65 129 129 131 131 87 87 0 0 16 16 26 26 4 4 25 25 22 22 1 1 19 19 11 11 14 14 28 28 1 1 113 113 147 147 88 88 88 88 173 173 101 101 130 130 132 132 100 100 132 132 71 71 100 100 117 117 141 141 167 167 615 615 6 6 16 16 613 613 1 1 11 11 4 4 8 8 18 18 167 167 104 104 117 117 140 140 103 103 120 120 98 98 138 138 76 76 136 136 102 102 115 115 102 102 136 136 151 151 233 233 183 183 215 215 306 306 198 198 188 188 307 307 187 187 198 198 308 308 166 166 187 187 225 225 215 215 195 195 243 243 204 204 181 181 243 243 160 160 204 204 228 228 199 199 209 209 309 309 185 185 186 186 306 306 188 188 217 217 248 248 193 193 214 214 247 247 213 213 193 193 246 246 223 223 206 206 239 239 211 211 191 191 239 239 218 218 211 211 171 171 131 131 160 160 191 191 142 142 170 170 201 201 122 122 157 157 243 243 171 171 160 160 205 205 172 172 182 182 204 204 160 160 181 181 227 227 151 151 208 208 196 196 176 176 134 134 215 215 183 183 195 195 214 214 162 162 194 194 193 193 161 161 162 162 220 220 158 158 144 144 177 177 155 155 156 156 221 221 159 159 171 171 203 203 159 159 221 221 240 240 179 179 180 180 230 230 177 177 201 201 130 130 146 146 172 172 216 216 163 163 184 184 224 224 174 174 175 175 238 238 177 177 230 230 188 188 198 198 103 103 190 190 169 169 155 155 210 210 154 154 169 169 232 232 202 202 143 143 191 191 170 170 202 202 218 218 157 157 178 178 200 200 168 168 154 154 199 199 153 153 167 167 188 188 103 103 189 189 190 190 155 155 177 177 187 187 138 138 139 139 68 68 128 128 143 143 105 105 170 170 118 118 170 170 72 72 118 118 142 142 111 111 82 82 122 122 156 156 93 93 155 155 92 92 93 93 99 99 169 169 154 154 185 185 136 136 115 115 200 200 141 141 168 168 184 184 150 150 176 176 161 161 114 114 162 162 182 182 101 101 173 173 168 168 126 126 154 154 209 209 167 167 141 141 189 189 140 140 153 153 187 187 152 152 198 198 23 23 59 59 34 34 197 197 135 135 164 164 183 183 148 148 149 149 206 206 133 133 174 174 186 186 137 137 166 166 208 208 136 136 185 185 194 194 148 148 183 183 194 194 162 162 148 148 178 178 157 157 111 111 92 92 169 169 99 99 115 115 76 76 138 138 115 115 102 102 94 94 108 108 90 90 148 148 112 112 106 106 77 77 107 107 89 89 114 114 101 101 97 97 84 84 67 67 141 141 117 117 87 87 131 131 96 96 116 116 140 140 120 120 127 127 142 142 82 82 77 77 144 144 158 158 158 158 112 112 77 77 158 158 95 95 112 112 154 154 121 121 99 99 83 83 77 77 106 106 100 100 123 123 130 130 97 97 101 101 123 123 127 127 82 82 72 72 69 69 73 73 68 68 70 70 74 74 73 73 47 47 113 113 88 88 47 47 62 62 113 113 40 40 89 89 107 107 43 43 125 125 42 42 37 37 85 85 91 91 55 55 110 110 85 85 86 86 126 126 67 67 103 103 81 81 120 120 91 91 85 85 119 119 129 129 87 87 71 71 118 118 72 72 105 105 101 101 59 59 88 88 116 116 66 66 104 104 108 108 40 40 36 36 141 141 67 67 126 126 90 90 36 36 79 79 95 95 30 30 83 83 88 88 59 59 47 47 100 100 54 54 65 65 87 87 75 75 71 71 74 74 70 70 61 61 73 73 69 69 70 70 105 105 72 72 52 52 98 98 38 38 81 81 99 99 22 22 60 60 107 107 62 62 40 40 114 114 89 89 108 108 113 113 62 62 107 107 119 119 85 85 110 110 97 97 34 34 59 59 123 123 78 78 34 34 95 95 73 73 74 74 93 93 57 57 63 63 17 17 13 13 0 0 95 95 128 128 68 68 106 106 112 112 95 95 77 77 96 96 144 144 61 61 33 33 30 30 71 71 53 53 54 54 41 41 36 36 10 10 37 37 12 12 2 2 36 36 7 7 10 10 54 54 100 100 71 71 13 13 606 606 0 0 13 13 2 2 606 606 54 54 53 53 51 51 70 70 64 64 61 61 68 68 33 33 61 61 120 120 39 39 66 66 85 85 32 32 55 55 96 96 50 50 35 35 68 68 105 105 52 52 36 36 90 90 108 108 49 49 104 104 66 66 60 60 92 92 99 99 57 57 92 92 60 60 57 57 93 93 92 92 27 27 72 72 82 82 44 44 27 27 82 82 108 108 89 89 40 40 64 64 70 70 69 69 41 41 80 80 79 79 48 48 94 94 55 55 22 22 99 99 86 86 58 58 111 111 63 63 58 58 82 82 111 111 71 71 75 75 35 35 41 41 79 79 36 36 44 44 82 82 58 58 17 17 26 26 48 48 10 10 42 42 41 41 17 17 55 55 13 13 19 19 50 50 31 31 17 17 48 48 55 55 26 26 56 56 48 48 4 4 57 57 25 25 24 24 29 29 49 49 11 11 33 33 20 20 30 30 95 95 61 61 6 6 39 39 16 16 6 6 24 24 39 39 16 16 38 38 26 26 9 9 7 7 40 40 11 11 30 30 33 33 23 23 34 34 21 21 23 23 47 47 59 59 61 61 69 69 68 68 125 125 109 109 42 42 91 91 125 125 43 43 83 83 106 106 95 95 34 34 97 97 123 123 59 59 84 84 97 97 94 94 102 102 55 55 42 42 124 124 80 80 55 55 102 102 110 110 59 59 101 101 84 84 42 42 109 109 124 124 38 38 98 98 76 76 66 66 116 116 120 120 49 49 117 117 104 104 74 74 61 61 95 95 75 75 87 87 96 96 65 65 123 123 100 100 65 65 78 78 123 123 65 65 34 34 78 78 56 56 94 94 48 48 35 35 75 75 96 96 46 46 65 65 54 54 76 76 94 94 56 56 39 39 120 120 81 81 32 32 85 85 37 37 57 57 18 18 63 63 52 52 72 72 27 27 45 45 51 51 53 53 236 236 209 209 200 200 29 29 86 86 67 67 18 18 58 58 63 63 30 30 77 77 83 83 81 81 103 103 98 98 86 86 99 99 121 121 63 63 122 122 93 93 63 63 111 111 122 122 50 50 96 96 77 77 175 175 213 213 224 224 202 202 232 232 231 231 192 192 262 262 232 232 220 220 241 241 240 240 212 212 256 256 244 244 194 194 264 264 248 248 207 207 312 312 226 226 185 185 309 309 208 208 186 186 308 308 234 234 143 143 179 179 192 192 193 193 248 248 247 247 194 194 233 233 264 264 227 227 311 311 197 197 200 200 253 253 252 252 190 190 237 237 210 210 190 190 267 267 237 237 191 191 261 261 239 239 166 166 308 308 186 186 164 164 227 227 197 197 182 182 223 223 205 205 174 174 224 224 206 206 144 144 203 203 220 220 173 173 223 223 182 182 161 161 213 213 175 175 161 161 193 193 213 213 176 176 226 226 184 184 176 176 196 196 226 226 189 189 228 228 217 217 199 199 228 228 189 189 149 149 195 195 183 183 136 136 208 208 151 151 137 137 186 186 165 165 138 138 187 187 166 166 154 154 229 229 200 200 154 154 210 210 229 229 156 156 201 201 177 177 225 225 265 265 249 249 244 244 293 293 289 289 253 253 271 271 252 252 273 273 230 230 258 258 238 238 273 273 267 267 239 239 280 280 259 259 239 239 261 261 260 260 203 203 242 242 275 275 223 223 245 245 263 263 242 242 269 269 275 275 226 226 313 313 251 251 236 236 271 271 279 279 237 237 267 267 257 257 213 213 270 270 224 224 213 213 247 247 270 270 225 225 250 250 265 265 226 226 251 251 216 216 228 228 279 279 304 304 179 179 219 219 192 192 179 179 240 240 219 219 171 171 243 243 221 221 172 172 244 244 181 181 172 172 212 212 244 244 222 222 256 256 212 212 223 223 246 246 245 245 201 201 218 218 230 230 202 202 231 231 191 191 172 172 205 205 222 222 180 180 220 220 240 240 183 183 233 233 194 194 215 215 225 225 249 249 163 163 216 216 225 225 208 208 310 310 227 227 254 254 281 281 232 232 262 262 274 274 254 254 241 241 275 275 240 240 157 157 218 218 201 201 319 319 329 329 335 335 317 317 327 327 329 329 311 311 326 326 327 327 311 311 317 317 312 312 317 317 318 318 312 312 317 317 319 319 318 318 313 313 312 312 318 318 368 368 369 369 388 388 93 93 156 156 155 155 142 142 211 211 178 178 142 142 191 191 211 211 158 158 220 220 180 180 159 159 203 203 144 144 131 131 171 171 159 159 133 133 206 206 223 223 147 147 175 175 174 174 146 146 182 182 172 172 119 119 135 135 134 134 107 107 161 161 147 147 79 79 149 149 148 148 122 122 111 111 157 157 105 105 68 68 143 143 96 96 131 131 159 159 88 88 133 133 173 173 108 108 148 148 114 114 125 125 176 176 150 150 150 150 184 184 163 163 138 138 166 166 137 137 129 129 71 71 132 132 123 123 101 101 130 130 79 79 80 80 149 149 80 80 124 124 149 149 125 125 91 91 134 134 140 140 116 116 153 153 116 116 104 104 167 167 134 134 207 207 226 226 98 98 152 152 139 139 98 98 198 198 152 152 126 126 168 168 141 141 145 145 172 172 181 181 162 162 214 214 193 193 163 163 225 225 195 195 184 184 226 226 216 216 134 134 226 226 196 196 137 137 165 165 115 115 189 189 217 217 188 188 167 167 209 209 199 199 177 177 238 238 190 190 141 141 200 200 209 209 169 169 190 190 210 210 178 178 211 211 218 218 143 143 192 192 232 232 172 172 222 222 212 212 115 115 165 165 186 186 135 135 207 207 134 134 135 135 197 197 207 207 151 151 227 227 164 164 115 115 186 186 185 185 152 152 187 187 139 139 153 153 199 199 189 189 88 88 174 174 133 133 147 147 161 161 175 175 253 253 257 257 272 272 140 140 189 189 103 103 122 122 201 201 156 156 142 142 178 178 111 111 105 105 143 143 202 202 129 129 181 181 160 160 124 124 195 195 149 149 124 124 163 163 195 195 119 119 164 164 135 135 425 425 286 286 291 291 407 407 271 271 411 411 407 407 279 279 271 271 291 291 286 286 266 266 424 424 285 285 265 265 406 406 264 264 278 278 410 410 270 270 277 277 292 292 282 282 418 418 442 442 272 272 257 257 422 422 298 298 287 287 278 278 264 264 233 233 285 285 424 424 433 433 277 277 432 432 410 410 413 413 280 280 288 288 298 298 273 273 287 287 412 412 267 267 416 416 442 442 257 257 412 412 305 305 306 306 217 217 217 217 228 228 305 305 274 274 299 299 281 281 268 268 414 414 299 299 427 427 293 293 283 283 284 284 427 427 283 283 285 285 433 433 278 278 265 265 286 286 424 424 272 272 441 441 411 411 267 267 412 412 257 257 273 273 298 298 416 416 261 261 417 417 288 288 228 228 304 304 235 235 269 269 408 408 275 275 286 286 265 265 266 266 296 296 277 277 264 264 414 414 255 255 240 240 321 321 251 251 313 313 291 291 266 266 251 251 285 285 249 249 265 265 285 285 278 278 249 249 266 266 250 250 216 216 246 246 206 206 224 224 242 242 203 203 221 221 261 261 191 191 231 231 271 271 236 236 252 252 266 266 216 216 251 251 277 277 247 247 248 248 289 289 243 243 244 244 262 262 219 219 255 255 273 273 238 238 230 230 233 233 215 215 249 249 255 255 219 219 240 240 277 277 248 248 264 264 295 295 246 246 410 410 283 283 222 222 263 263 268 268 262 262 255 255 278 278 233 233 249 249 290 290 245 245 246 246 293 293 244 244 256 256 248 248 214 214 194 194 430 430 300 300 301 301 443 443 417 417 281 281 413 413 288 288 417 417 431 431 287 287 280 280 287 287 431 431 422 422 257 257 210 210 237 237 309 309 186 186 234 234 225 225 216 216 250 250 200 200 252 252 236 236 263 263 205 205 223 223 262 262 192 192 219 219 267 267 190 190 238 238 253 253 200 200 229 229 254 254 232 232 262 262 261 261 231 231 232 232 259 259 218 218 239 239 258 258 230 230 259 259 253 253 272 272 271 271 243 243 418 418 276 276 243 243 289 289 418 418 256 256 283 283 293 293 263 263 284 284 283 283 250 250 266 266 265 265 251 251 321 321 291 291 272 272 411 411 271 271 247 247 277 277 270 270 279 279 302 302 303 303 243 243 276 276 282 282 258 258 287 287 273 273 259 259 280 280 258 258 239 239 260 260 280 280 243 243 292 292 269 269 232 232 281 281 261 261 262 262 268 268 274 274 221 221 243 243 269 269 245 245 294 294 263 263 245 245 290 290 294 294 205 205 263 263 222 222 228 228 236 236 279 279 229 229 257 257 253 253 209 209 236 236 228 228 210 210 257 257 229 229 218 218 259 259 230 230 220 220 275 275 241 241 203 203 275 275 220 220 221 221 269 269 242 242 181 181 244 244 243 243 261 261 281 281 417 417 267 267 273 273 416 416 258 258 280 280 287 287 260 260 288 288 280 280 260 260 261 261 288 288 254 254 274 274 281 281 255 255 414 414 268 268 240 240 275 275 414 414 276 276 418 418 282 282 278 278 433 433 406 406 303 303 304 304 279 279 235 235 305 305 228 228 306 306 307 307 198 198 308 308 309 309 234 234 246 246 295 295 290 290 314 314 297 297 321 321 269 269 292 292 408 408 408 408 414 414 275 275 406 406 296 296 264 264 263 263 294 294 284 284 277 277 296 296 432 432 295 295 294 294 290 290 187 187 307 307 308 308 297 297 315 315 316 316 268 268 299 299 274 274 224 224 410 410 246 246 224 224 270 270 410 410 208 208 309 309 310 310 314 314 315 315 297 297 226 226 312 312 313 313 227 227 310 310 311 311 311 311 207 207 197 197 207 207 311 311 312 312 659 659 661 661 662 662 660 660 657 657 659 659 661 661 659 659 658 658 658 658 659 659 657 657 657 657 663 663 658 658 663 663 661 661 658 658 664 664 667 667 666 666 666 666 665 665 664 664 669 669 668 668 670 670 670 670 671 671 669 669 682 682 681 681 690 690 672 672 673 673 680 680 681 681 683 683 693 693 680 680 679 679 672 672 676 676 692 692 677 677 683 683 684 684 691 691 677 677 678 678 676 676 678 678 679 679 680 680 680 680 676 676 678 678 686 686 688 688 697 697 688 688 689 689 696 696 696 696 697 697 688 688 697 697 695 695 686 686 675 675 674 674 686 686 686 686 695 695 675 675 694 694 696 696 687 687 684 684 685 685 692 692 685 685 677 677 692 692 692 692 691 691 684 684 687 687 682 682 694 694 689 689 687 687 696 696 691 691 693 693 683 683 693 693 690 690 681 681 690 690 694 694 682 682 712 712 715 715 714 714 732 732 731 731 746 746 731 731 730 730 746 746 742 742 727 727 726 726 712 712 706 706 707 707 748 748 746 746 729 729 747 747 749 749 729 729 725 725 702 702 742 742 739 739 738 738 712 712 712 712 704 704 705 705 730 730 729 729 746 746 702 702 701 701 712 712 712 712 705 705 706 706 710 710 711 711 712 712 712 712 699 699 703 703 703 703 704 704 712 712 712 712 707 707 708 708 712 712 700 700 699 699 717 717 716 716 712 712 712 712 708 708 709 709 736 736 735 735 746 746 712 712 698 698 717 717 709 709 710 710 712 712 743 743 741 741 702 702 744 744 743 743 702 702 712 712 745 745 744 744 718 718 724 724 740 740 740 740 739 739 712 712 729 729 749 749 748 748 742 742 747 747 729 729 744 744 702 702 712 712 741 741 742 742 702 702 720 720 719 719 740 740 746 746 737 737 736 736 740 740 721 721 720 720 723 723 722 722 740 740 712 712 716 716 715 715 726 726 725 725 742 742 729 729 728 728 742 742 712 712 723 723 740 740 746 746 734 734 733 733 746 746 735 735 734 734 719 719 718 718 740 740 712 712 738 738 745 745 728 728 727 727 742 742 713 713 712 712 714 714 733 733 732 732 746 746 722 722 721 721 740 740 712 712 701 701 700 700 711 711 698 698 712 712 763 763 759 759 760 760 763 763 757 757 758 758 794 794 790 790 776 776 763 763 752 752 762 762 760 760 761 761 763 763 796 796 794 794 781 781 797 797 796 796 781 781 761 761 750 750 763 763 763 763 758 758 759 759 754 754 755 755 763 763 785 785 786 786 795 795 788 788 789 789 763 763 793 793 791 791 776 776 763 763 750 750 751 751 783 783 784 784 795 795 766 766 767 767 763 763 794 794 778 778 779 779 777 777 778 778 794 794 789 789 772 772 773 773 773 773 774 774 789 789 795 795 782 782 783 783 765 765 763 763 764 764 779 779 780 780 794 794 771 771 772 772 789 789 776 776 777 777 794 794 795 795 784 784 785 785 780 780 781 781 794 794 789 789 775 775 770 770 774 774 763 763 789 789 789 789 770 770 771 771 795 795 781 781 782 782 765 765 766 766 763 763 769 769 753 753 763 763 786 786 787 787 795 795 795 795 797 797 781 781 753 753 754 754 763 763 792 792 788 788 763 763 763 763 762 762 776 776 776 776 790 790 793 793 755 755 756 756 763 763 763 763 791 791 792 792 791 791 763 763 776 776 767 767 768 768 763 763 763 763 768 768 769 769 756 756 757 757 763 763 763 763 751 751 752 752 800 800 802 802 798 798 799 799 801 801 800 800 800 800 801 801 802 802 805 805 804 804 810 810 810 810 807 807 805 805 807 807 808 808 803 803 809 809 808 808 807 807 812 812 810 810 804 804 806 806 805 805 807 807 811 811 810 810 812 812 811 811 809 809 807 807 811 811 807 807 810 810 803 803 806 806 807 807 813 813 816 816 815 815 815 815 816 816 814 814 820 820 817 817 821 821 821 821 823 823 820 820 818 818 820 820 823 823 821 821 819 819 822 822 819 819 821 821 817 817 821 821 822 822 823 823 827 827 824 824 826 826 826 826 825 825 827 827 831 831 835 835 836 836 833 833 832 832 830 830 836 836 828 828 831 831 836 836 835 835 834 834 832 832 833 833 834 834 831 831 832 832 835 835 831 831 829 829 830 830 834 834 835 835 832 832 830 830 832 832 831 831 839 839 837 837 840 840 839 839 840 840 838 838 843 843 845 845 844 844 843 843 844 844 841 841 845 845 846 846 844 844 842 842 844 844 846 846 849 849 848 848 847 847 849 849 850 850 848 848 854 854 851 851 852 852 853 853 854 854 852 852 859 859 858 858 856 856 858 858 859 859 860 860 855 855 858 858 860 860 857 857 859 859 856 856 864 864 862 862 863 863 862 862 861 861 863 863 868 868 866 866 867 867 865 865 868 868 867 867 873 873 872 872 869 869 870 870 873 873 874 874 869 869 871 871 873 873 873 873 870 870 872 872 877 877 878 878 876 876 876 876 875 875 877 877 879 879 882 882 883 883 883 883 881 881 879 879 880 880 882 882 879 879 885 885 888 888 889 889 889 889 888 888 887 887 885 885 889 889 890 890 886 886 889 889 884 884 889 889 887 887 884 884 894 894 892 892 893 893 893 893 892 892 891 891 903 903 895 895 900 900 900 900 899 899 901 901 900 900 895 895 896 896 896 896 899 899 900 900 901 901 902 902 900 900 900 900 902 902 903 903 899 899 898 898 901 901 898 898 899 899 897 897 897 897 899 899 896 896 906 906 905 905 907 907 907 907 908 908 906 906 905 905 904 904 907 907 911 911 912 912 909 909 910 910 912 912 911 911 916 916 914 914 917 917 914 914 915 915 917 917 913 913 917 917 918 918 913 913 916 916 917 917 920 920 919 919 921 921 922 922 920 920 921 921 925 925 926 926 923 923 924 924 926 926 925 925 927 927 930 930 931 931 927 927 931 931 932 932 929 929 931 931 930 930 929 929 930 930 928 928 934 934 933 933 935 935 935 935 936 936 934 934 941 941 939 939 937 937 940 940 942 942 941 941 939 939 941 941 943 943 941 941 942 942 943 943 940 940 941 941 938 938 938 938 941 941 937 937 946 946 947 947 945 945 946 946 945 945 944 944 953 953 952 952 951 951 951 951 952 952 948 948 953 953 954 954 950 950 951 951 954 954 953 953 949 949 953 953 950 950 957 957 958 958 956 956 955 955 958 958 957 957 961 961 959 959 962 962 962 962 963 963 961 961 963 963 960 960 961 961 966 966 965 965 964 964 964 964 967 967 966 966 978 978 972 972 971 971 974 974 976 976 979 979 971 971 980 980 978 978 969 969 984 984 971 971 981 981 973 973 975 975 973 973 981 981 970 970 979 979 981 981 975 975 972 972 968 968 971 971 980 980 970 970 978 978 977 977 983 983 976 976 983 983 977 977 982 982 975 975 974 974 979 979 980 980 973 973 970 970 968 968 969 969 971 971 976 976 974 974 977 977 987 987 986 986 985 985 985 985 988 988 987 987 990 990 991 991 992 992 992 992 989 989 990 990 993 993 996 996 995 995 996 996 993 993 994 994 1000 1000 997 997 999 999 999 999 1001 1001 1000 1000 1001 1001 999 999 998 998 1005 1005 1002 1002 1003 1003 1002 1002 1005 1005 1004 1004 1007 1007 1008 1008 1009 1009 1008 1008 1007 1007 1006 1006 1010 1010 1013 1013 1012 1012 1012 1012 1011 1011 1010 1010 1014 1014 1017 1017 1016 1016 1016 1016 1015 1015 1014 1014 1018 1018 1021 1021 1022 1022 1020 1020 1022 1022 1023 1023 1022 1022 1020 1020 1018 1018 1023 1023 1019 1019 1020 1020 1024 1024 1025 1025 1026 1026 1025 1025 1027 1027 1026 1026 1028 1028 1029 1029 1032 1032 1029 1029 1030 1030 1032 1032 1028 1028 1032 1032 1031 1031 1035 1035 1037 1037 1039 1039 1033 1033 1038 1038 1037 1037 1038 1038 1033 1033 1034 1034 1039 1039 1036 1036 1035 1035 1037 1037 1035 1035 1033 1033 1042 1042 1040 1040 1041 1041 1041 1041 1043 1043 1042 1042 1048 1048 1050 1050 1046 1046 1048 1048 1044 1044 1045 1045 1048 1048 1049 1049 1050 1050 1047 1047 1048 1048 1046 1046 1045 1045 1049 1049 1048 1048 1051 1051 1054 1054 1053 1053 1053 1053 1052 1052 1051 1051 1056 1056 1057 1057 1058 1058 1058 1058 1055 1055 1056 1056 1060 1060 1059 1059 1062 1062 1062 1062 1061 1061 1060 1060 1065 1065 1064 1064 1063 1063 1063 1063 1066 1066 1065 1065 1069 1069 1070 1070 1068 1068 1070 1070 1067 1067 1068 1068 1073 1073 1071 1071 1072 1072 1072 1072 1074 1074 1073 1073 1097 1097 1090 1090 1089 1089 1084 1084 1086 1086 1096 1096 1084 1084 1096 1096 1088 1088 1089 1089 1090 1090 1095 1095 1095 1095 1091 1091 1089 1089 1079 1079 1083 1083 1078 1078 1093 1093 1081 1081 1094 1094 1080 1080 1093 1093 1094 1094 1086 1086 1087 1087 1096 1096 1084 1084 1088 1088 1081 1081 1089 1089 1098 1098 1097 1097 1084 1084 1077 1077 1086 1086 1090 1090 1092 1092 1095 1095 1081 1081 1082 1082 1084 1084 1085 1085 1077 1077 1083 1083 1081 1081 1093 1093 1082 1082 1080 1080 1094 1094 1075 1075 1084 1084 1083 1083 1077 1077 1075 1075 1076 1076 1080 1080 1079 1079 1078 1078 1089 1089 1083 1083 1079 1079 1085 1085 1089 1089 1091 1091 1079 1079 1099 1099 1102 1102 1101 1101 1102 1102 1099 1099 1100 1100 1106 1106 1103 1103 1104 1104 1105 1105 1106 1106 1104 1104 1110 1110 1108 1108 1107 1107 1108 1108 1110 1110 1109 1109 1119 1119 1112 1112 1111 1111 1117 1117 1115 1115 1114 1114 1112 1112 1119 1119 1116 1116 1117 1117 1114 1114 1113 1113 1115 1115 1117 1117 1118 1118 1116 1116 1117 1117 1113 1113 1116 1116 1113 1113 1112 1112 1121 1121 1123 1123 1122 1122 1122 1122 1120 1120 1121 1121 1125 1125 1126 1126 1127 1127 1127 1127 1124 1124 1125 1125 1129 1129 1130 1130 1131 1131 1131 1131 1128 1128 1129 1129 1133 1133 1135 1135 1134 1134 1134 1134 1132 1132 1133 1133 1137 1137 1139 1139 1138 1138 1138 1138 1136 1136 1137 1137 1142 1142 1141 1141 1140 1140 1140 1140 1143 1143 1142 1142 1144 1144 1146 1146 1147 1147 1147 1147 1145 1145 1144 1144 1152 1152 1151 1151 1149 1149 1150 1150 1152 1152 1148 1148 1149 1149 1148 1148 1152 1152 1154 1154 1156 1156 1155 1155 1155 1155 1153 1153 1154 1154 1157 1157 1159 1159 1160 1160 1159 1159 1157 1157 1158 1158 1164 1164 1162 1162 1161 1161 1162 1162 1164 1164 1163 1163 1165 1165 1167 1167 1168 1168 1167 1167 1165 1165 1166 1166 1172 1172 1170 1170 1169 1169 1170 1170 1172 1172 1171 1171 1174 1174 1176 1176 1175 1175 1175 1175 1173 1173 1174 1174 1188 1188 1185 1185 1187 1187 1178 1178 1183 1183 1187 1187 1180 1180 1182 1182 1181 1181 1186 1186 1191 1191 1183 1183 1191 1191 1187 1187 1183 1183 1189 1189 1184 1184 1185 1185 1191 1191 1188 1188 1187 1187 1187 1187 1177 1177 1178 1178 1181 1181 1182 1182 1190 1190 1180 1180 1181 1181 1179 1179 1181 1181 1190 1190 1184 1184 1184 1184 1189 1189 1181 1181 1185 1185 1188 1188 1189 1189 1193 1193 1195 1195 1194 1194 1194 1194 1192 1192 1193 1193 1197 1197 1199 1199 1198 1198 1198 1198 1196 1196 1197 1197 1200 1200 1202 1202 1203 1203 1202 1202 1200 1200 1201 1201 1206 1206 1204 1204 1205 1205 1204 1204 1206 1206 1207 1207 1211 1211 1208 1208 1209 1209 1208 1208 1211 1211 1210 1210 1213 1213 1216 1216 1217 1217 1216 1216 1213 1213 1212 1212 1214 1214 1217 1217 1215 1215 1217 1217 1214 1214 1213 1213 1220 1220 1219 1219 1218 1218 1218 1218 1221 1221 1220 1220 1224 1224 1223 1223 1222 1222 1222 1222 1225 1225 1224 1224 1232 1232 1226 1226 1229 1229 1231 1231 1227 1227 1226 1226 1227 1227 1231 1231 1230 1230 1226 1226 1233 1233 1231 1231 1226 1226 1232 1232 1233 1233 1230 1230 1228 1228 1227 1227 1237 1237 1234 1234 1235 1235 1235 1235 1236 1236 1237 1237 1240 1240 1238 1238 1239 1239 1239 1239 1241 1241 1240 1240 1244 1244 1242 1242 1243 1243 1243 1243 1245 1245 1244 1244 1246 1246 1249 1249 1248 1248 1248 1248 1247 1247 1246 1246 1252 1252 1253 1253 1250 1250 1250 1250 1251 1251 1252 1252 1255 1255 1256 1256 1257 1257 1257 1257 1254 1254 1255 1255 1259 1259 1261 1261 1260 1260 1260 1260 1258 1258 1259 1259 1263 1263 1265 1265 1264 1264 1264 1264 1262 1262 1263 1263 1268 1268 1267 1267 1266 1266 1266 1266 1269 1269 1268 1268 1270 1270 1271 1271 1272 1272 1272 1272 1273 1273 1270 1270 1277 1277 1274 1274 1275 1275 1275 1275 1276 1276 1277 1277 1280 1280 1282 1282 1281 1281 1281 1281 1279 1279 1280 1280 1280 1280 1278 1278 1282 1282 1285 1285 1284 1284 1283 1283 1283 1283 1286 1286 1285 1285 1287 1287 1290 1290 1289 1289 1289 1289 1288 1288 1287 1287 1292 1292 1293 1293 1294 1294 1293 1293 1292 1292 1291 1291 1298 1298 1296 1296 1295 1295 1295 1295 1300 1300 1298 1298 1299 1299 1297 1297 1296 1296 1296 1296 1298 1298 1299 1299 1311 1311 1302 1302 1301 1301 1301 1301 1310 1310 1311 1311 1311 1311 1306 1306 1302 1302 1303 1303 1309 1309 1310 1310 1304 1304 1308 1308 1309 1309 1308 1308 1304 1304 1305 1305 1310 1310 1301 1301 1303 1303 1307 1307 1308 1308 1305 1305 1309 1309 1303 1303 1304 1304 1314 1314 1316 1316 1317 1317 1314 1314 1315 1315 1316 1316 1315 1315 1314 1314 1312 1312 1317 1317 1313 1313 1314 1314 1312 1312 1318 1318 1315 1315 1322 1322 1320 1320 1319 1319 1321 1321 1322 1322 1319 1319 1326 1326 1324 1324 1323 1323 1327 1327 1325 1325 1324 1324 1324 1324 1326 1326 1327 1327 1330 1330 1328 1328 1329 1329 1329 1329 1331 1331 1330 1330 1333 1333 1334 1334 1335 1335 1334 1334 1333 1333 1332 1332 1337 1337 1338 1338 1339 1339 1339 1339 1336 1336 1337 1337 1340 1340 1343 1343 1342 1342 1343 1343 1340 1340 1341 1341 1344 1344 1347 1347 1346 1346 1347 1347 1344 1344 1345 1345 1348 1348 1350 1350 1351 1351 1348 1348 1349 1349 1350 1350 1354 1354 1352 1352 1353 1353 1354 1354 1355 1355 1352 1352 1357 1357 1356 1356 1359 1359 1356 1356 1358 1358 1359 1359 1362 1362 1361 1361 1360 1360 1360 1360 1363 1363 1362 1362 1368 1368 1369 1369 1371 1371 1373 1373 1371 1371 1370 1370 1367 1367 1372 1372 1366 1366 1372 1372 1367 1367 1376 1376 1370 1370 1375 1375 1373 1373 1365 1365 1367 1367 1366 1366 1376 1376 1374 1374 1372 1372 1374 1374 1368 1368 1372 1372 1373 1373 1368 1368 1371 1371 1371 1371 1378 1378 1377 1377 1365 1365 1366 1366 1364 1364 1368 1368 1374 1374 1369 1369 1377 1377 1370 1370 1371 1371 1382 1382 1383 1383 1379 1379 1382 1382 1380 1380 1381 1381 1379 1379 1380 1380 1382 1382 1384 1384 1388 1388 1389 1389 1388 1388 1384 1384 1386 1386 1385 1385 1387 1387 1388 1388 1388 1388 1386 1386 1385 1385 1392 1392 1391 1391 1390 1390 1393 1393 1392 1392 1390 1390 1394 1394 1397 1397 1396 1396 1397 1397 1394 1394 1395 1395 1400 1400 1398 1398 1399 1399 1399 1399 1401 1401 1400 1400 1405 1405 1402 1402 1403 1403 1403 1403 1404 1404 1405 1405 1409 1409 1406 1406 1407 1407 1407 1407 1408 1408 1409 1409 1412 1412 1410 1410 1411 1411 1411 1411 1413 1413 1412 1412 1415 1415 1417 1417 1418 1418 1417 1417 1415 1415 1414 1414 1414 1414 1416 1416 1417 1417 1419 1419 1421 1421 1422 1422 1421 1421 1419 1419 1420 1420 1425 1425 1423 1423 1424 1424 1423 1423 1425 1425 1426 1426 1430 1430 1429 1429 1428 1428 1430 1430 1428 1428 1427 1427 1432 1432 1434 1434 1433 1433 1434 1434 1432 1432 1431 1431 1439 1439 1435 1435 1437 1437 1437 1437 1438 1438 1439 1439 1440 1440 1436 1436 1435 1435 1435 1435 1439 1439 1440 1440 1443 1443 1441 1441 1442 1442 1441 1441 1443 1443 1444 1444 1446 1446 1448 1448 1447 1447 1447 1447 1445 1445 1446 1446 1449 1449 1451 1451 1452 1452 1451 1451 1449 1449 1450 1450 1456 1456 1453 1453 1454 1454 1454 1454 1455 1455 1456 1456 1457 1457 1460 1460 1459 1459 1460 1460 1457 1457 1458 1458 1466 1466 1461 1461 1462 1462 1464 1464 1463 1463 1461 1461 1461 1461 1466 1466 1464 1464 1462 1462 1465 1465 1466 1466 1468 1468 1470 1470 1469 1469 1470 1470 1468 1468 1467 1467 1473 1473 1471 1471 1472 1472 1473 1473 1474 1474 1471 1471 1478 1478 1476 1476 1475 1475 1475 1475 1477 1477 1478 1478 1481 1481 1479 1479 1480 1480 1480 1480 1482 1482 1481 1481 1486 1486 1489 1489 1487 1487 1483 1483 1484 1484 1488 1488 1483 1483 1488 1488 1486 1486 1487 1487 1485 1485 1486 1486 1485 1485 1483 1483 1486 1486 1490 1490 1493 1493 1492 1492 1492 1492 1491 1491 1490 1490 1495 1495 1496 1496 1497 1497 1496 1496 1495 1495 1494 1494 1499 1499 1501 1501 1500 1500 1500 1500 1498 1498 1499 1499 1505 1505 1502 1502 1503 1503 1503 1503 1504 1504 1505 1505 1509 1509 1506 1506 1507 1507 1507 1507 1508 1508 1509 1509 1510 1510 1512 1512 1513 1513 1513 1513 1511 1511 1510 1510 1517 1517 1515 1515 1514 1514 1514 1514 1516 1516 1517 1517 1521 1521 1519 1519 1518 1518 1518 1518 1520 1520 1521 1521 1522 1522 1524 1524 1525 1525 1525 1525 1526 1526 1523 1523 1525 1525 1523 1523 1522 1522 1529 1529 1531 1531 1532 1532 1532 1532 1527 1527 1529 1529 1530 1530 1528 1528 1533 1533 1533 1533 1528 1528 1527 1527 1527 1527 1532 1532 1533 1533 1530 1530 1533 1533 1534 1534 1540 1540 1539 1539 1538 1538 1543 1543 1538 1538 1537 1537 1542 1542 1537 1537 1535 1535 1537 1537 1542 1542 1543 1543 1541 1541 1535 1535 1536 1536 1538 1538 1544 1544 1540 1540 1535 1535 1541 1541 1542 1542 1543 1543 1544 1544 1538 1538 1546 1546 1548 1548 1547 1547 1547 1547 1545 1545 1546 1546 1549 1549 1551 1551 1552 1552 1551 1551 1549 1549 1550 1550 1555 1555 1554 1554 1553 1553 1555 1555 1556 1556 1554 1554 1560 1560 1558 1558 1557 1557 1558 1558 1560 1560 1559 1559 1563 1563 1561 1561 1562 1562 1562 1562 1564 1564 1563 1563 1576 1576 1579 1579 1567 1567 1567 1567 1587 1587 1576 1576 1575 1575 1581 1581 1583 1583 1582 1582 1586 1586 1578 1578 1583 1583 1578 1578 1586 1586 1567 1567 1571 1571 1584 1584 1569 1569 1570 1570 1572 1572 1583 1583 1589 1589 1588 1588 1566 1566 1572 1572 1565 1565 1576 1576 1577 1577 1579 1579 1584 1584 1587 1587 1567 1567 1569 1569 1576 1576 1570 1570 1575 1575 1573 1573 1581 1581 1585 1585 1568 1568 1567 1567 1572 1572 1574 1574 1569 1569 1588 1588 1578 1578 1583 1583 1583 1583 1586 1586 1575 1575 1568 1568 1571 1571 1567 1567 1566 1566 1574 1574 1572 1572 1567 1567 1580 1580 1585 1585 1585 1585 1580 1580 1573 1573 1576 1576 1569 1569 1577 1577 1573 1573 1575 1575 1585 1585 1591 1591 1592 1592 1595 1595 1590 1590 1594 1594 1595 1595 1595 1595 1593 1593 1591 1591 1595 1595 1592 1592 1590 1590 1597 1597 1600 1600 1599 1599 1597 1597 1598 1598 1600 1600 1596 1596 1597 1597 1599 1599 1603 1603 1601 1601 1602 1602 1601 1601 1603 1603 1604 1604 1607 1607 1609 1609 1608 1608 1609 1609 1607 1607 1605 1605 1608 1608 1606 1606 1607 1607 1613 1613 1612 1612 1610 1610 1611 1611 1610 1610 1612 1612 1615 1615 1614 1614 1617 1617 1614 1614 1616 1616 1617 1617 1621 1621 1620 1620 1619 1619 1619 1619 1622 1622 1621 1621 1622 1622 1619 1619 1618 1618 1624 1624 1626 1626 1625 1625 1625 1625 1623 1623 1624 1624 1628 1628 1629 1629 1630 1630 1630 1630 1627 1627 1628 1628 1632 1632 1633 1633 1634 1634 1634 1634 1631 1631 1632 1632 1636 1636 1638 1638 1637 1637 1637 1637 1635 1635 1636 1636 1640 1640 1642 1642 1641 1641 1641 1641 1639 1639 1640 1640 1646 1646 1643 1643 1644 1644 1645 1645 1646 1646 1644 1644 1647 1647 1650 1650 1649 1649 1647 1647 1648 1648 1650 1650 1652 1652 1653 1653 1654 1654 1653 1653 1652 1652 1651 1651 1658 1658 1656 1656 1655 1655 1656 1656 1658 1658 1657 1657 1660 1660 1662 1662 1661 1661 1661 1661 1659 1659 1660 1660 1666 1666 1663 1663 1664 1664 1664 1664 1665 1665 1666 1666 1667 1667 1670 1670 1669 1669 1669 1669 1668 1668 1667 1667 1671 1671 1672 1672 1674 1674 1672 1672 1673 1673 1674 1674 1675 1675 1678 1678 1680 1680 1680 1680 1676 1676 1675 1675 1676 1676 1680 1680 1679 1679 1679 1679 1677 1677 1676 1676 1685 1685 1686 1686 1688 1688 1683 1683 1687 1687 1684 1684 1684 1684 1690 1690 1689 1689 1689 1689 1685 1685 1684 1684 1688 1688 1684 1684 1685 1685 1683 1683 1681 1681 1687 1687 1684 1684 1688 1688 1683 1683 1682 1682 1687 1687 1681 1681 1691 1691 1693 1693 1694 1694 1693 1693 1691 1691 1692 1692 1698 1698 1696 1696 1695 1695 1696 1696 1698 1698 1697 1697 1703 1703 1699 1699 1700 1700 1699 1699 1703 1703 1701 1701 1700 1700 1702 1702 1703 1703 1705 1705 1706 1706 1707 1707 1707 1707 1704 1704 1705 1705 1710 1710 1709 1709 1708 1708 1708 1708 1711 1711 1710 1710 1713 1713 1714 1714 1715 1715 1714 1714 1713 1713 1712 1712 1718 1718 1717 1717 1716 1716 1719 1719 1718 1718 1716 1716 1720 1720 1723 1723 1722 1722 1722 1722 1721 1721 1720 1720 1732 1732 1734 1734 1731 1731 1729 1729 1731 1731 1734 1734 1735 1735 1731 1731 1729 1729 1728 1728 1726 1726 1733 1733 1729 1729 1736 1736 1735 1735 1729 1729 1734 1734 1728 1728 1728 1728 1733 1733 1730 1730 1728 1728 1730 1730 1729 1729 1726 1726 1724 1724 1725 1725 1725 1725 1727 1727 1726 1726 1726 1726 1727 1727 1733 1733 1740 1740 1739 1739 1737 1737 1737 1737 1738 1738 1740 1740 1741 1741 1743 1743 1744 1744 1743 1743 1741 1741 1742 1742 1748 1748 1746 1746 1745 1745 1748 1748 1747 1747 1746 1746 1752 1752 1751 1751 1749 1749 1752 1752 1749 1749 1750 1750 1756 1756 1755 1755 1753 1753 1755 1755 1754 1754 1753 1753 1760 1760 1757 1757 1758 1758 1758 1758 1759 1759 1760 1760 1764 1764 1761 1761 1762 1762 1763 1763 1764 1764 1762 1762 1766 1766 1768 1768 1767 1767 1767 1767 1765 1765 1766 1766 1770 1770 1771 1771 1772 1772 1771 1771 1770 1770 1769 1769 1776 1776 1774 1774 1773 1773 1774 1774 1776 1776 1775 1775 1780 1780 1778 1778 1779 1779 1778 1778 1780 1780 1781 1781 1781 1781 1777 1777 1778 1778 1784 1784 1788 1788 1787 1787 1782 1782 1786 1786 1785 1785 1785 1785 1783 1783 1782 1782 1783 1783 1785 1785 1788 1788 1788 1788 1784 1784 1783 1783 1803 1803 1797 1797 1809 1809 1804 1804 1796 1796 1798 1798 1795 1795 1799 1799 1804 1804 1802 1802 1792 1792 1801 1801 1807 1807 1805 1805 1806 1806 1796 1796 1807 1807 1808 1808 1805 1805 1800 1800 1806 1806 1799 1799 1792 1792 1804 1804 1794 1794 1798 1798 1796 1796 1792 1792 1799 1799 1801 1801 1798 1798 1795 1795 1804 1804 1808 1808 1794 1794 1796 1796 1793 1793 1803 1803 1809 1809 1807 1807 1806 1806 1808 1808 1810 1810 1802 1802 1789 1789 1810 1810 1789 1789 1790 1790 1801 1801 1789 1789 1802 1802 1811 1811 1797 1797 1803 1803 1809 1809 1800 1800 1793 1793 1800 1800 1805 1805 1793 1793 1803 1803 1791 1791 1811 1811 1814 1814 1812 1812 1813 1813 1813 1813 1815 1815 1814 1814 1817 1817 1818 1818 1819 1819 1819 1819 1816 1816 1817 1817 1822 1822 1823 1823 1825 1825 1820 1820 1824 1824 1823 1823 1823 1823 1821 1821 1820 1820 1823 1823 1822 1822 1821 1821 1826 1826 1828 1828 1829 1829 1829 1829 1827 1827 1826 1826 1832 1832 1830 1830 1831 1831 1833 1833 1832 1832 1831 1831 1837 1837 1835 1835 1834 1834 1834 1834 1836 1836 1837 1837 1840 1840 1841 1841 1842 1842 1843 1843 1841 1841 1840 1840 1842 1842 1839 1839 1840 1840 1843 1843 1840 1840 1838 1838 1847 1847 1845 1845 1844 1844 1844 1844 1846 1846 1847 1847 1850 1850 1849 1849 1848 1848 1848 1848 1851 1851 1850 1850 1854 1854 1852 1852 1853 1853 1853 1853 1855 1855 1854 1854 1860 1860 1862 1862 1867 1867 1860 1860 1867 1867 1866 1866 1863 1863 1864 1864 1858 1858 1866 1866 1856 1856 1860 1860 1864 1864 1859 1859 1858 1858 1861 1861 1865 1865 1868 1868 1859 1859 1864 1864 1862 1862 1856 1856 1866 1866 1865 1865 1862 1862 1860 1860 1859 1859 1868 1868 1857 1857 1861 1861 1865 1865 1861 1861 1856 1856 1872 1872 1870 1870 1869 1869 1870 1870 1872 1872 1873 1873 1873 1873 1871 1871 1870 1870 1875 1875 1876 1876 1877 1877 1877 1877 1874 1874 1875 1875 1891 1891 1878 1878 1889 1889 1878 1878 1895 1895 1889 1889 1893 1893 1894 1894 1892 1892 1880 1880 1886 1886 1884 1884 1881 1881 1885 1885 1879 1879 1879 1879 1886 1886 1880 1880 1882 1882 1887 1887 1890 1890 1888 1888 1893 1893 1892 1892 1890 1890 1880 1880 1884 1884 1885 1885 1881 1881 1883 1883 1892 1892 1887 1887 1888 1888 1889 1889 1885 1885 1883 1883 1882 1882 1888 1888 1887 1887 1879 1879 1880 1880 1881 1881 1890 1890 1884 1884 1882 1882 1889 1889 1883 1883 1891 1891 1896 1896 1899 1899 1898 1898 1898 1898 1897 1897 1896 1896 1901 1901 1902 1902 1903 1903 1903 1903 1900 1900 1901 1901 1907 1907 1904 1904 1905 1905 1904 1904 1907 1907 1906 1906 1911 1911 1910 1910 1909 1909 1910 1910 1911 1911 1912 1912 1913 1913 1909 1909 1908 1908 1909 1909 1913 1913 1911 1911 1915 1915 1918 1918 1916 1916 1914 1914 1917 1917 1918 1918 1918 1918 1915 1915 1914 1914 1922 1922 1920 1920 1919 1919 1921 1921 1922 1922 1919 1919 1923 1923 1925 1925 1926 1926 1926 1926 1924 1924 1923 1923 1929 1929 1927 1927 1928 1928 1928 1928 1930 1930 1929 1929 1934 1934 1933 1933 1931 1931 1932 1932 1936 1936 1935 1935 1935 1935 1931 1931 1932 1932 1931 1931 1935 1935 1934 1934 1938 1938 1939 1939 1940 1940 1940 1940 1937 1937 1938 1938 1944 1944 1942 1942 1941 1941 1942 1942 1944 1944 1943 1943 1945 1945 1947 1947 1948 1948 1946 1946 1948 1948 1949 1949 1948 1948 1946 1946 1945 1945 1952 1952 1950 1950 1951 1951 1951 1951 1953 1953 1952 1952 1958 1958 1960 1960 1956 1956 1957 1957 1958 1958 1956 1956 1958 1958 1959 1959 1960 1960 1955 1955 1959 1959 1958 1958 1958 1958 1954 1954 1955 1955 1962 1962 1964 1964 1963 1963 1963 1963 1961 1961 1962 1962 1967 1967 1966 1966 1965 1965 1966 1966 1967 1967 1968 1968 1969 1969 1970 1970 1972 1972 1972 1972 1971 1971 1969 1969 1974 1974 1976 1976 1975 1975 1976 1976 1974 1974 1973 1973 1979 1979 1980 1980 1977 1977 1977 1977 1978 1978 1979 1979 1987 1987 1983 1983 1981 1981 1985 1985 1991 1991 1986 1986 1985 1985 1986 1986 1987 1987 1982 1982 1990 1990 1991 1991 1987 1987 1981 1981 1985 1985 1990 1990 1982 1982 1984 1984 1991 1991 1985 1985 1982 1982 1984 1984 1989 1989 1990 1990 1983 1983 1987 1987 1988 1988 1994 1994 1993 1993 1992 1992 1993 1993 1994 1994 1995 1995 1996 1996 1998 1998 1999 1999 1998 1998 1996 1996 1997 1997 2002 2002 2006 2006 2004 2004 2000 2000 2004 2004 2005 2005 2006 2006 2002 2002 2001 2001 2004 2004 2000 2000 2002 2002 2001 2001 2003 2003 2006 2006 2008 2008 2009 2009 2010 2010 2009 2009 2008 2008 2007 2007 2018 2018 2015 2015 2014 2014 2028 2028 2032 2032 2016 2016 2030 2030 2024 2024 2023 2023 2021 2021 2028 2028 2015 2015 2032 2032 2026 2026 2016 2016 2014 2014 2013 2013 2019 2019 2014 2014 2019 2019 2018 2018 2020 2020 2019 2019 2012 2012 2025 2025 2027 2027 2028 2028 2032 2032 2031 2031 2026 2026 2016 2016 2026 2026 2011 2011 2018 2018 2021 2021 2015 2015 2028 2028 2016 2016 2015 2015 2028 2028 2021 2021 2025 2025 2013 2013 2012 2012 2019 2019 2022 2022 2026 2026 2031 2031 2022 2022 2031 2031 2033 2033 2030 2030 2027 2027 2025 2025 2029 2029 2030 2030 2023 2023 2012 2012 2017 2017 2020 2020 2033 2033 2023 2023 2022 2022 2025 2025 2024 2024 2030 2030 2023 2023 2033 2033 2029 2029 2035 2035 2037 2037 2036 2036 2037 2037 2035 2035 2034 2034 2040 2040 2038 2038 2039 2039 2039 2039 2041 2041 2040 2040 2043 2043 2045 2045 2044 2044 2043 2043 2042 2042 2045 2045 2047 2047 2050 2050 2049 2049 2050 2050 2047 2047 2046 2046 2050 2050 2046 2046 2048 2048 2054 2054 2052 2052 2051 2051 2054 2054 2053 2053 2052 2052 2055 2055 2057 2057 2058 2058 2057 2057 2055 2055 2056 2056 2061 2061 2062 2062 2063 2063 2063 2063 2064 2064 2059 2059 2063 2063 2060 2060 2061 2061 2063 2063 2059 2059 2060 2060 2088 2088 2078 2078 2077 2077 2081 2081 2080 2080 2086 2086 2086 2086 2084 2084 2081 2081 2082 2082 2087 2087 2085 2085 2086 2086 2079 2079 2078 2078 2069 2069 2075 2075 2076 2076 2068 2068 2072 2072 2075 2075 2066 2066 2071 2071 2074 2074 2085 2085 2077 2077 2082 2082 2075 2075 2069 2069 2068 2068 2070 2070 2082 2082 2065 2065 2080 2080 2079 2079 2086 2086 2067 2067 2066 2066 2073 2073 2074 2074 2073 2073 2066 2066 2076 2076 2084 2084 2083 2083 2073 2073 2072 2072 2067 2067 2078 2078 2088 2088 2086 2086 2076 2076 2081 2081 2084 2084 2070 2070 2069 2069 2082 2082 2087 2087 2082 2082 2069 2069 2076 2076 2083 2083 2069 2069 2068 2068 2067 2067 2072 2072 2085 2085 2088 2088 2077 2077 2083 2083 2087 2087 2069 2069 2092 2092 2090 2090 2089 2089 2090 2090 2092 2092 2091 2091 2094 2094 2096 2096 2095 2095 2093 2093 2094 2094 2095 2095 2099 2099 2098 2098 2097 2097 2097 2097 2100 2100 2099 2099 2101 2101 2102 2102 2103 2103 2102 2102 2104 2104 2103 2103 2108 2108 2110 2110 2105 2105 2110 2110 2108 2108 2109 2109 2108 2108 2106 2106 2107 2107 2108 2108 2105 2105 2106 2106 2126 2126 2129 2129 2121 2121 2115 2115 2125 2125 2124 2124 2115 2115 2122 2122 2125 2125 2119 2119 2130 2130 2132 2132 2113 2113 2124 2124 2131 2131 2119 2119 2118 2118 2130 2130 2113 2113 2114 2114 2115 2115 2118 2118 2128 2128 2130 2130 2128 2128 2118 2118 2117 2117 2121 2121 2120 2120 2126 2126 2129 2129 2125 2125 2122 2122 2126 2126 2120 2120 2119 2119 2112 2112 2113 2113 2116 2116 2116 2116 2111 2111 2112 2112 2119 2119 2132 2132 2126 2126 2127 2127 2123 2123 2116 2116 2131 2131 2116 2116 2113 2113 2122 2122 2121 2121 2129 2129 2115 2115 2124 2124 2113 2113 2123 2123 2127 2127 2128 2128 2116 2116 2131 2131 2127 2127 2117 2117 2123 2123 2128 2128 2133 2133 2135 2135 2136 2136 2135 2135 2133 2133 2134 2134 2139 2139 2138 2138 2137 2137 2140 2140 2139 2139 2137 2137 2145 2145 2142 2142 2141 2141 2142 2142 2145 2145 2144 2144 2143 2143 2147 2147 2146 2146 2141 2141 2146 2146 2145 2145 2146 2146 2141 2141 2143 2143 2148 2148 2154 2154 2153 2153 2153 2153 2152 2152 2148 2148 2150 2150 2157 2157 2156 2156 2151 2151 2156 2156 2155 2155 2149 2149 2155 2155 2154 2154 2154 2154 2148 2148 2149 2149 2155 2155 2149 2149 2151 2151 2156 2156 2151 2151 2150 2150 2158 2158 2161 2161 2162 2162 2165 2165 2163 2163 2164 2164 2159 2159 2160 2160 2161 2161 2166 2166 2162 2162 2163 2163 2163 2163 2165 2165 2166 2166 2161 2161 2158 2158 2159 2159 2162 2162 2166 2166 2158 2158 2183 2183 2167 2167 2176 2176 2172 2172 2181 2181 2182 2182 2186 2186 2179 2179 2170 2170 2184 2184 2180 2180 2174 2174 2169 2169 2168 2168 2186 2186 2182 2182 2173 2173 2172 2172 2174 2174 2173 2173 2184 2184 2171 2171 2179 2179 2185 2185 2173 2173 2182 2182 2184 2184 2171 2171 2170 2170 2179 2179 2170 2170 2169 2169 2186 2186 2168 2168 2178 2178 2186 2186 2177 2177 2185 2185 2181 2181 2183 2183 2176 2176 2175 2175 2175 2175 2180 2180 2183 2183 2167 2167 2183 2183 2178 2178 2175 2175 2174 2174 2180 2180 2178 2178 2168 2168 2167 2167 2181 2181 2172 2172 2177 2177 2185 2185 2177 2177 2171 2171 2188 2188 2187 2187 2190 2190 2188 2188 2190 2190 2189 2189 2192 2192 2196 2196 2195 2195 2196 2196 2192 2192 2191 2191 2195 2195 2193 2193 2192 2192 2193 2193 2195 2195 2194 2194 2200 2200 2197 2197 2198 2198 2197 2197 2200 2200 2199 2199 2201 2201 2204 2204 2203 2203 2203 2203 2202 2202 2201 2201 2205 2205 2206 2206 2208 2208 2206 2206 2207 2207 2208 2208 2209 2209 2212 2212 2213 2213 2212 2212 2210 2210 2211 2211 2209 2209 2213 2213 2214 2214 2212 2212 2209 2209 2210 2210 2216 2216 2214 2214 2215 2215 2214 2214 2216 2216 2209 2209 2231 2231 2230 2230 2222 2222 2230 2230 2223 2223 2222 2222 2217 2217 2234 2234 2233 2233 2234 2234 2217 2217 2228 2228 2231 2231 2221 2221 2220 2220 2229 2229 2232 2232 2219 2219 2219 2219 2218 2218 2229 2229 2224 2224 2223 2223 2238 2238 2230 2230 2217 2217 2233 2233 2237 2237 2227 2227 2226 2226 2236 2236 2235 2235 2225 2225 2231 2231 2222 2222 2221 2221 2230 2230 2238 2238 2223 2223 2238 2238 2236 2236 2224 2224 2227 2227 2237 2237 2234 2234 2225 2225 2224 2224 2236 2236 2232 2232 2231 2231 2220 2220 2220 2220 2219 2219 2232 2232 2234 2234 2228 2228 2227 2227 2226 2226 2225 2225 2235 2235 2235 2235 2237 2237 2226 2226 2233 2233 2238 2238 2230 2230 2241 2241 2239 2239 2240 2240 2240 2240 2242 2242 2241 2241 2246 2246 2244 2244 2243 2243 2243 2243 2245 2245 2246 2246 2252 2252 2250 2250 2248 2248 2250 2250 2252 2252 2251 2251 2248 2248 2253 2253 2252 2252 2253 2253 2248 2248 2249 2249 2251 2251 2247 2247 2250 2250 2256 2256 2254 2254 2255 2255 2255 2255 2257 2257 2256 2256 2260 2260 2261 2261 2262 2262 2262 2262 2259 2259 2260 2260 2262 2262 2258 2258 2259 2259 2294 2294 2295 2295 2300 2300 2278 2278 2282 2282 2281 2281 2280 2280 2390 2390 2281 2281 2277 2277 2276 2276 2427 2427 2275 2275 2290 2290 2276 2276 2429 2429 2438 2438 2430 2430 2433 2433 2434 2434 2437 2437 2419 2419 2421 2421 2413 2413 2303 2303 2301 2301 2299 2299 2320 2320 2288 2288 2410 2410 2288 2288 2275 2275 2410 2410 2288 2288 2289 2289 2275 2275 2290 2290 2265 2265 2336 2336 2336 2336 2292 2292 2290 2290 2292 2292 2409 2409 2290 2290 2293 2293 2294 2294 2300 2300 2485 2485 2269 2269 2484 2484 2338 2338 2297 2297 2298 2298 2297 2297 2338 2338 2296 2296 2276 2276 2300 2300 2299 2299 2299 2299 2355 2355 2276 2276 2301 2301 2355 2355 2299 2299 2301 2301 2342 2342 2355 2355 2302 2302 2303 2303 2299 2299 2482 2482 2495 2495 2306 2306 2270 2270 2480 2480 2481 2481 2481 2481 2479 2479 2270 2270 2271 2271 2476 2476 2480 2480 2480 2480 2270 2270 2271 2271 2476 2476 2271 2271 2477 2477 2482 2482 2306 2306 2283 2283 2493 2493 2487 2487 2489 2489 2268 2268 2513 2513 2510 2510 2510 2510 2267 2267 2268 2268 2269 2269 2307 2307 2305 2305 2485 2485 2484 2484 2497 2497 2509 2509 2507 2507 2502 2502 2506 2506 2504 2504 2503 2503 2519 2519 2508 2508 2283 2283 2499 2499 2511 2511 2501 2501 2520 2520 2523 2523 2521 2521 2522 2522 2521 2521 2523 2523 2523 2523 2524 2524 2525 2525 2525 2525 2522 2522 2523 2523 2267 2267 2512 2512 2516 2516 2516 2516 2515 2515 2267 2267 2267 2267 2510 2510 2517 2517 2517 2517 2512 2512 2267 2267 2473 2473 2480 2480 2474 2474 2471 2471 2466 2466 2478 2478 2478 2478 2270 2270 2479 2479 2473 2473 2481 2481 2480 2480 2276 2276 2514 2514 2511 2511 2276 2276 2521 2521 2519 2519 2519 2519 2283 2283 2276 2276 2511 2511 2520 2520 2276 2276 2425 2425 2416 2416 2415 2415 2273 2273 2401 2401 2402 2402 2400 2400 2408 2408 2399 2399 2273 2273 2389 2389 2382 2382 2393 2393 2273 2273 2281 2281 2363 2363 2514 2514 2276 2276 2291 2291 2265 2265 2290 2290 2475 2475 2466 2466 2471 2471 2396 2396 2273 2273 2274 2274 2278 2278 2407 2407 2405 2405 2281 2281 2403 2403 2406 2406 2404 2404 2401 2401 2273 2273 2279 2279 2282 2282 2278 2278 2478 2478 2276 2276 2307 2307 2283 2283 2306 2306 2276 2276 2286 2286 2287 2287 2322 2322 2409 2409 2276 2276 2290 2290 2409 2409 2293 2293 2276 2276 2275 2275 2289 2289 2290 2290 2413 2413 2412 2412 2411 2411 2413 2413 2411 2411 2414 2414 2413 2413 2414 2414 2419 2419 2274 2274 2405 2405 2396 2396 2408 2408 2406 2406 2399 2399 2359 2359 2362 2362 2267 2267 2360 2360 2364 2364 2266 2266 2361 2361 2366 2366 2357 2357 2266 2266 2364 2364 2358 2358 2365 2365 2359 2359 2514 2514 2367 2367 2372 2372 2307 2307 2406 2406 2408 2408 2281 2281 2408 2408 2407 2407 2278 2278 2420 2420 2419 2419 2425 2425 2427 2427 2274 2274 2426 2426 2426 2426 2274 2274 2422 2422 2428 2428 2429 2429 2430 2430 2375 2375 2381 2381 2378 2378 2372 2372 2308 2308 2307 2307 2266 2266 2267 2267 2362 2362 2358 2358 2357 2357 2266 2266 2484 2484 2496 2496 2497 2497 2488 2488 2491 2491 2268 2268 2466 2466 2477 2477 2276 2276 2472 2472 2473 2473 2470 2470 2405 2405 2274 2274 2278 2278 2278 2278 2281 2281 2408 2408 2397 2397 2399 2399 2398 2398 2399 2399 2397 2397 2400 2400 2494 2494 2482 2482 2283 2283 2483 2483 2283 2283 2268 2268 2497 2497 2498 2498 2489 2489 2495 2495 2496 2496 2306 2306 2487 2487 2493 2493 2486 2486 2483 2483 2490 2490 2283 2283 2490 2490 2494 2494 2283 2283 2485 2485 2492 2492 2269 2269 2501 2501 2511 2511 2514 2514 2514 2514 2267 2267 2515 2515 2489 2489 2485 2485 2497 2497 2269 2269 2305 2305 2484 2484 2492 2492 2488 2488 2268 2268 2492 2492 2268 2268 2269 2269 2491 2491 2483 2483 2268 2268 2489 2489 2498 2498 2493 2493 2513 2513 2268 2268 2283 2283 2521 2521 2276 2276 2520 2520 2508 2508 2518 2518 2283 2283 2510 2510 2509 2509 2517 2517 2506 2506 2516 2516 2504 2504 2510 2510 2505 2505 2509 2509 2516 2516 2512 2512 2504 2504 2518 2518 2513 2513 2283 2283 2371 2371 2380 2380 2478 2478 2377 2377 2367 2367 2307 2307 2367 2367 2377 2377 2375 2375 2379 2379 2307 2307 2269 2269 2270 2270 2369 2369 2368 2368 2368 2368 2269 2269 2270 2270 2373 2373 2370 2370 2269 2269 2373 2373 2269 2269 2368 2368 2383 2383 2272 2272 2382 2382 2387 2387 2388 2388 2272 2272 2384 2384 2387 2387 2272 2272 2388 2388 2311 2311 2272 2272 2383 2383 2384 2384 2272 2272 2386 2386 2385 2385 2311 2311 2307 2307 2379 2379 2377 2377 2378 2378 2376 2376 2375 2375 2265 2265 2333 2333 2336 2336 2298 2298 2337 2337 2338 2338 2295 2295 2338 2338 2337 2337 2326 2326 2300 2300 2295 2295 2337 2337 2326 2326 2295 2295 2264 2264 2300 2300 2326 2326 2369 2369 2270 2270 2478 2478 2388 2388 2386 2386 2311 2311 2273 2273 2396 2396 2395 2395 2395 2395 2404 2404 2273 2273 2281 2281 2402 2402 2403 2403 2402 2402 2281 2281 2273 2273 2264 2264 2347 2347 2348 2348 2355 2355 2342 2342 2344 2344 2298 2298 2329 2329 2331 2331 2329 2329 2334 2334 2328 2328 2347 2347 2264 2264 2266 2266 2340 2340 2266 2266 2355 2355 2350 2350 2353 2353 2351 2351 2349 2349 2352 2352 2354 2354 2353 2353 2304 2304 2351 2351 2351 2351 2304 2304 2355 2355 2339 2339 2341 2341 2343 2343 2339 2339 2345 2345 2341 2341 2354 2354 2356 2356 2266 2266 2357 2357 2349 2349 2266 2266 2359 2359 2267 2267 2514 2514 2362 2362 2360 2360 2266 2266 2358 2358 2361 2361 2357 2357 2514 2514 2363 2363 2365 2365 2348 2348 2346 2346 2264 2264 2266 2266 2340 2340 2347 2347 2312 2312 2276 2276 2461 2461 2461 2461 2454 2454 2312 2312 2276 2276 2477 2477 2461 2461 2455 2455 2453 2453 2271 2271 2271 2271 2456 2456 2455 2455 2311 2311 2462 2462 2465 2465 2355 2355 2266 2266 2356 2356 2354 2354 2266 2266 2349 2349 2375 2375 2376 2376 2374 2374 2370 2370 2379 2379 2269 2269 2478 2478 2380 2380 2369 2369 2374 2374 2367 2367 2375 2375 2457 2457 2451 2451 2464 2464 2452 2452 2464 2464 2451 2451 2449 2449 2447 2447 2448 2448 2448 2448 2450 2450 2449 2449 2272 2272 2465 2465 2456 2456 2456 2456 2271 2271 2272 2272 2459 2459 2462 2462 2311 2311 2465 2465 2272 2272 2311 2311 2466 2466 2276 2276 2478 2478 2471 2471 2467 2467 2468 2468 2477 2477 2451 2451 2461 2461 2454 2454 2459 2459 2311 2311 2469 2469 2475 2475 2471 2471 2332 2332 2335 2335 2264 2264 2327 2327 2333 2333 2265 2265 2329 2329 2298 2298 2334 2334 2331 2331 2330 2330 2298 2298 2330 2330 2337 2337 2298 2298 2452 2452 2451 2451 2477 2477 2452 2452 2477 2477 2271 2271 2276 2276 2357 2357 2366 2366 2366 2366 2363 2363 2276 2276 2308 2308 2478 2478 2307 2307 2308 2308 2371 2371 2478 2478 2309 2309 2310 2310 2312 2312 2385 2385 2309 2309 2312 2312 2473 2473 2474 2474 2470 2470 2468 2468 2469 2469 2471 2471 2355 2355 2344 2344 2340 2340 2339 2339 2347 2347 2345 2345 2347 2347 2339 2339 2348 2348 2300 2300 2264 2264 2346 2346 2410 2410 2316 2316 2321 2321 2322 2322 2318 2318 2325 2325 2304 2304 2276 2276 2355 2355 2304 2304 2357 2357 2276 2276 2323 2323 2321 2321 2316 2316 2312 2312 2311 2311 2385 2385 2313 2313 2276 2276 2312 2312 2314 2314 2284 2284 2315 2315 2314 2314 2263 2263 2316 2316 2315 2315 2263 2263 2314 2314 2317 2317 2319 2319 2324 2324 2484 2484 2306 2306 2496 2496 2446 2446 2448 2448 2447 2447 2322 2322 2321 2321 2318 2318 2321 2321 2322 2322 2320 2320 2316 2316 2265 2265 2323 2323 2265 2265 2317 2317 2323 2323 2319 2319 2317 2317 2265 2265 2291 2291 2319 2319 2265 2265 2320 2320 2410 2410 2321 2321 2280 2280 2279 2279 2313 2313 2335 2335 2327 2327 2264 2264 2327 2327 2265 2265 2264 2264 2326 2326 2332 2332 2264 2264 2436 2436 2445 2445 2427 2427 2447 2447 2278 2278 2446 2446 2447 2447 2427 2427 2278 2278 2438 2438 2446 2446 2278 2278 2453 2453 2452 2452 2271 2271 2457 2457 2464 2464 2460 2460 2458 2458 2463 2463 2460 2460 2460 2460 2463 2463 2457 2457 2286 2286 2285 2285 2287 2287 2322 2322 2325 2325 2286 2286 2278 2278 2313 2313 2279 2279 2313 2313 2390 2390 2280 2280 2437 2437 2440 2440 2433 2433 2278 2278 2439 2439 2430 2430 2430 2430 2438 2438 2278 2278 2278 2278 2274 2274 2442 2442 2440 2440 2437 2437 2443 2443 2441 2441 2432 2432 2444 2444 2274 2274 2420 2420 2423 2423 2423 2423 2422 2422 2274 2274 2274 2274 2440 2440 2443 2443 2443 2443 2442 2442 2274 2274 2274 2274 2441 2441 2444 2444 2444 2444 2440 2440 2274 2274 2445 2445 2274 2274 2427 2427 2445 2445 2441 2441 2274 2274 2447 2447 2436 2436 2427 2427 2431 2431 2435 2435 2432 2432 2389 2389 2273 2273 2390 2390 2281 2281 2390 2390 2391 2391 2390 2390 2273 2273 2392 2392 2392 2392 2391 2391 2390 2390 2273 2273 2393 2393 2392 2392 2391 2391 2394 2394 2281 2281 2441 2441 2431 2431 2432 2432 2442 2442 2439 2439 2278 2278 2506 2506 2503 2503 2500 2500 2505 2505 2507 2507 2509 2509 2454 2454 2311 2311 2312 2312 2293 2293 2300 2300 2276 2276 2276 2276 2306 2306 2307 2307 2276 2276 2313 2313 2278 2278 2276 2276 2278 2278 2427 2427 2382 2382 2272 2272 2273 2273 2416 2416 2417 2417 2415 2415 2422 2422 2418 2418 2426 2426 2425 2425 2423 2423 2420 2420 2415 2415 2423 2423 2425 2425 2424 2424 2421 2421 2419 2419 2419 2419 2420 2420 2424 2424 2265 2265 2316 2316 2263 2263 2534 2534 2532 2532 2530 2530 2530 2530 2529 2529 2534 2534 2534 2534 2526 2526 2531 2531 2534 2534 2529 2529 2528 2528 2531 2531 2533 2533 2534 2534 2527 2527 2526 2526 2534 2534 2534 2534 2528 2528 2527 2527 2537 2537 2536 2536 2535 2535 2538 2538 2540 2540 2539 2539 2543 2543 2541 2541 2542 2542 2545 2545 2546 2546 2544 2544 2549 2549 2548 2548 2547 2547 2551 2551 2550 2550 2552 2552 2554 2554 2553 2553 2555 2555 2556 2556 2558 2558 2557 2557 2559 2559 2560 2560 2561 2561 2562 2562 2564 2564 2563 2563 2565 2565 2567 2567 2566 2566 2568 2568 2569 2569 2570 2570 2571 2571 2573 2573 2572 2572 2574 2574 2576 2576 2575 2575 2577 2577 2578 2578 2579 2579 2582 2582 2580 2580 2581 2581 2584 2584 2583 2583 2585 2585 2587 2587 2586 2586 2588 2588 2589 2589 2591 2591 2590 2590 2592 2592 2593 2593 2594 2594 2595 2595 2597 2597 2596 2596 2599 2599 2598 2598 2600 2600 2601 2601 2603 2603 2602 2602 2604 2604 2605 2605 2606 2606 2607 2607 2608 2608 2609 2609 2610 2610 2611 2611 2612 2612 2613 2613 2615 2615 2614 2614 2618 2618 2616 2616 2617 2617 2619 2619 2621 2621 2620 2620 2624 2624 2623 2623 2622 2622 2625 2625 2626 2626 2627 2627 2630 2630 2628 2628 2629 2629 2631 2631 2633 2633 2632 2632 2636 2636 2634 2634 2635 2635 2637 2637 2639 2639 2638 2638 2640 2640 2641 2641 2642 2642 2645 2645 2644 2644 2643 2643 2648 2648 2646 2646 2647 2647 2649 2649 2651 2651 2650 2650 2653 2653 2652 2652 2654 2654 2655 2655 2656 2656 2657 2657 2658 2658 2660 2660 2659 2659 2663 2663 2661 2661 2662 2662 2664 2664 2665 2665 2666 2666 2667 2667 2668 2668 2669 2669 2672 2672 2670 2670 2671 2671 2673 2673 2674 2674 2675 2675 2678 2678 2676 2676 2677 2677 2680 2680 2681 2681 2679 2679 2684 2684 2682 2682 2683 2683 2685 2685 2687 2687 2686 2686 2690 2690 2689 2689 2688 2688 2693 2693 2691 2691 2692 2692 2694 2694 2695 2695 2696 2696 2699 2699 2698 2698 2697 2697 2702 2702 2700 2700 2701 2701 2703 2703 2704 2704 2705 2705 2706 2706 2708 2708 2707 2707 2711 2711 2709 2709 2710 2710 2712 2712 2714 2714 2713 2713 2715 2715 2717 2717 2716 2716 2720 2720 2718 2718 2719 2719 2721 2721 2723 2723 2722 2722 2724 2724 2725 2725 2726 2726 2729 2729 2727 2727 2728 2728 2732 2732 2731 2731 2730 2730 2735 2735 2734 2734 2733 2733 2736 2736 2738 2738 2737 2737 2741 2741 2739 2739 2740 2740 2744 2744 2743 2743 2742 2742 2747 2747 2745 2745 2746 2746</p>
        </triangles>
      </mesh>
    </geometry>
  </library_geometries>
  <library_materials>
    <material id="chrome-material" name="chrome">
      <instance_effect url="#chrome-effect"/>
    </material>
  </library_materials>
  <library_visual_scenes>
    <visual_scene id="scene">
      <node id="node_g0_chrome" name="node_g0_chrome">
        <instance_geometry url="#g0_chrome">
          <bind_material>
            <technique_common>
              <instance_material symbol="chrome-ref" target="#chrome-material"/>
            </technique_common>
          </bind_material>
        </instance_geometry>
      </node>
    </visual_scene>
  </library_visual_scenes>
  <scene>
    <instance_visual_scene url="#scene"/>
  </scene>
</COLLADA>
