<COLLADA xmlns="http://www.collada.org/2005/11/COLLADASchema" version="1.4.1">
  <asset>
    <created>2026-09-29T18:16:47.986203</created>
    <modified>2026-09-29T18:16:47.986205</modified>
    <unit name="meter" meter="1.0"/>
    <up_axis>Z_UP</up_axis>
  </asset>
  <library_effects>
    <effect id="chrome-effect" name="chrome-effect">
      <profile_COMMON>
        <technique sid="common">
          <phong>
            <emission>
              <color>0 0 0 1.0</color>
            </emission>
            <ambient>
              <color>0.432 0.438 0.45599999999999996 1.0</color>
            </ambient>
            <diffuse>
              <color>0.72 0.73 0.76 1.0</color>
            </diffuse>
            <specular>
              <color>0.95 0.95 0.95 1.0</color>
            </specular>
            <shininess>
              <float>80.0</float>
            </shininess>
            <reflective>
              <color>0.0 0.0 0.0 1.0</color>
            </reflective>
            <reflectivity>
              <float>0.0</float>
            </reflectivity>
            <transparent>
              <color>0.0 0.0 0.0 1.0</color>
            </transparent>
            <transparency>
              <float>1.0</float>
            </transparency>
          </phong>
        </technique>
        <extra>
          <technique profile="GOOGLEEARTH">
            <double_sided>0</double_sided>
          </technique>
        </extra>
      </profile_COMMON>
    </effect>
  </library_effects>
  <library_geometries>
    <geometry id="g0_chrome" name="g0_chrome">
      <mesh>
        <source id="g0_chrome-pos">
          <float_array count="8121" id="g0_chrome-pos-array">-0.0049595 0.0057875 0.07291 -0.0032897 -0.0057864 0.0791368 -0.0026953 -0.0038296 0.0813378 -0.0042158 -0.0065841 0.0756643 -0.0028107 0.0045792 0.0808936 -0.00248 -0.0024113 0.0821204 -0.0057771 -0.0015477 0.0698072 -0.0032767 0.0060289 0.0791321 -0.0058289 -0.0001585 0.069589 -0.0055302 -0.0037056 0.0706841 -0.0055962 0.0034628 0.0704265 -0.0024345 0.0024201 0.0822344 -0.004896 -0.005914 0.0730263 -0.0052919 -0.0048058 0.071546 -0.0053755 0.004643 0.0711869 -0.0022856 -0.0001326 0.0826965 -0.0040561 0.0069349 0.0760743 -0.0029659 0.0054933 0.0801474 -0.0057486 0.0019767 0.0696801 -0.0045866 0.0066415 0.0740122 -0.0044063 0.0068298 0.0746849 -0.0037112 -0.0067168 0.0772559 -0.0036523 0.0068592 0.0774549 -0.0034123 0.0065952 0.0783514 -0.0023706 -0.0027173 0.0822072 -0.0055326 -0.0035986 0.0704013 -0.0024893 0.0037813 0.0817539 -0.0022361 -0.0013414 0.0826553 -0.004185 -0.006834 0.0753864 -0.0022671 0.0020248 0.0825344 -0.0026838 -0.0047495 0.0809342 -0.00579 0.00032 0.0693274 -0.0021575 0.0001065 0.0828344 -0.002541 -0.0042102 0.0814092 -0.0044683 -0.0066477 0.074216 -0.0049824 -0.0057256 0.0722949 -0.0055708 0.0033672 0.0700838 -0.0057449 -0.001144 0.06938 -0.0028663 -0.005602 0.0800728 -0.00516 0.0053191 0.071491 -0.0032771 -0.0065643 0.0784058 -0.005605 -0.0025783 0.0697067 -0.0049842 0.0058168 0.0720121 -0.0025872 0.0050263 0.0809638 -0.0046343 -0.0064078 0.0732664 -0.0056553 0.0020355 0.0694408 -0.0023641 0.0040785 0.0817275 -0.0046201 0.0065947 0.0732257 -0.0037201 -0.0070337 0.0765315 -0.0056702 0.0013165 0.0692363 -0.0053071 0.004477 0.0705874 -0.0021899 0.0032367 0.0822296 -0.0020429 0.0015917 0.0827808 -0.0035102 0.0071457 0.0772149 -0.0020088 -0.0016299 0.0827544 -0.0027182 -0.0057058 0.0801115 -0.0038118 0.0072681 0.0760081 -0.0021779 -0.0034915 0.0820431 -0.0052143 -0.0045439 0.0707063 -0.0056285 -0.0004271 0.0690688 -0.0030714 0.0067797 0.0786061 -0.002235 -0.0041408 0.0816597 -0.0049469 -0.0054508 0.0715352 -0.0051362 0.0049117 0.0708124 -0.0042002 0.0070944 0.074304 -0.002598 0.0057915 0.0802891 -0.003271 -0.0069249 0.0777071 -0.0018581 0.0006116 0.0829715 -0.0023992 -0.0051112 0.0808696 -0.002999 -0.0066226 0.0786323 -0.0018028 -0.0001464 0.0829972 -0.0036128 -0.007163 0.0762495 -0.0039422 0.0072776 0.0749972 -0.0018064 0.0006133 0.0829827 -0.0053995 -0.0026468 0.0694773 -0.0052518 0.0039304 0.0700186 -0.004362 0.006826 0.0733371 -0.0022164 0.0047764 0.081352 -0.001868 0.0023528 0.0826566 -0.0041505 -0.0069114 0.0740533 -0.0054745 -0.0014379 0.0691009 -0.0018363 -0.0023871 0.0825921 -0.0049642 -0.0049839 0.0709158 -0.005273 -0.003345 0.0697602 -0.0047706 0.0058257 0.0716221 -0.0027245 0.0065349 0.0792615 -0.0021374 -0.0045877 0.0813739 -0.0042904 -0.0066813 0.0733374 -0.0044696 -0.0063599 0.072668 -0.005111 -0.0042112 0.0702696 -0.0054723 7.54e-05 0.0689138 -0.0045295 0.0064035 0.0724247 -0.0053362 0.0025749 0.0693201 -0.0017265 0.0018739 0.0828001 -0.0019663 -0.0039846 0.0818149 -0.0023696 -0.0056612 0.0803114 -0.0037316 -0.0071826 0.0752278 -0.0039297 0.0072403 0.0744659 -0.0032732 0.0073344 0.0769173 -0.0012655 -0.0006665 0.082962 -0.0013941 -0.0026659 0.0824851 -0.0050417 0.0016137 0.0688577 -0.0046363 0.0048348 0.0703666 -0.0014798 0.0035789 0.0821552 -0.0008683 -0.0001539 0.082972 -0.0017753 -0.0062411 0.0795947 -0.0032021 -0.0072258 0.0742682 -0.0044756 -0.0036615 0.0695073 -0.003464 0.007111 0.0732681 -0.0023346 0.0073493 0.0774849 -0.0017208 0.0062983 0.0797786 -0.0010349 0.0031467 0.0823447 -0.0005376 -0.0017186 0.0827299 -0.0009803 -0.0049454 0.0810816 -0.0021587 -0.0073781 0.0766853 -0.0024303 -0.0074538 0.0756712 -0.0034063 -0.0064512 0.0720251 -0.0032883 0.0068645 0.072445 -0.0028386 0.007467 0.0741232 -0.0024329 0.0076352 0.0756381 -0.0021613 0.0075641 0.0766525 -0.001639 0.0069896 0.0786037 -0.0011267 0.0057083 0.0805187 -0.0009374 0.0049528 0.0812267 -0.0001126 -0.0009512 0.0828301 -0.0013864 -0.0070481 0.0780827 -0.0016502 -0.0073427 0.0770985 -0.0032153 -0.0060699 0.0712521 -0.0039683 -0.0017647 0.0684334 -0.0039974 0.0013945 0.0683199 -0.0032722 0.0060715 0.0710206 -0.0001903 0.0024556 0.0825346 2.7e-05 -0.0037209 0.0818646 -0.0006378 -0.0063896 0.0793863 -0.0016174 -0.0075557 0.0757302 -0.0025543 -0.0067939 0.0722306 -0.0036622 -0.0004599 0.0680837 -0.0036624 0.0006076 0.0680814 -0.0035908 0.0021835 0.0683462 -0.0035707 0.002439 0.0684211 -0.0034361 0.0036679 0.0689218 -0.0032484 0.004788 0.069621 -0.0027378 0.0065704 0.0715246 -0.0018961 0.0076981 0.0746662 -0.0010121 0.007286 0.0779675 -0.0007598 0.006854 0.0789105 -0.0005821 0.006443 0.0795745 0.0002865 0.0006407 0.0828272 -0.0016584 -0.0074861 0.0740821 -0.0019277 -0.0072288 0.0730759 -0.002592 -0.0058116 0.0705934 -0.0031311 -0.0030529 0.068576 -0.0026972 0.0056106 0.070183 -0.0020607 0.0072143 0.072557 -0.0010387 0.007708 0.0763725 0.0005908 -0.0048591 0.0809783 0.0004483 -0.0054512 0.0804473 -0.0010778 -0.0076118 0.0747519 -0.0018762 -0.0067337 0.0717694 -0.0025126 -0.0046757 0.0693896 -0.0027024 -0.0035488 0.0686792 -0.0028598 0.0022018 0.0680826 -0.0021703 0.0061629 0.0706509 -0.0009412 0.0078096 0.0752382 0.0009112 0.0029974 0.0821626 0.001378 -0.001766 0.0824124 0.0013395 -0.0022856 0.0822697 -1.17e-05 -0.0073447 0.0772316 -0.0016246 -0.006482 0.0712077 -0.0024216 0.0029735 0.0682171 -0.0022993 0.0039449 0.0686722 -0.0009138 0.0077085 0.0738399 -1.43e-05 0.0075338 0.0771989 0.0006108 0.0063608 0.079535 0.0009679 0.0050773 0.0808704 0.0012021 0.003738 0.0817473 0.0013773 0.0019785 0.0824042 0.0014065 0.0014503 0.0825138 0.0013909 -0.0046676 0.080963 0.0006904 -0.0068674 0.0783507 -0.0006049 -0.0074931 0.0735147 -0.0021927 -0.0001974 0.0675744 -0.0003307 0.0078185 0.0745151 0.0006246 0.0071755 0.0780831 0.0010435 0.0062062 0.079649 0.0018039 0.0009165 0.0824964 0.0021602 -0.0012394 0.0823279 0.002045 -0.0027975 0.0819 0.0016288 -0.005281 0.0803498 0.0001174 -0.007655 0.0747095 -0.0007539 -0.00676 0.0714547 -0.0013928 -0.0046942 0.0690659 -0.0018074 -0.0007371 0.0675114 -0.0015147 0.0041816 0.068597 -0.0013944 0.004847 0.0690449 -0.0011563 0.0058368 0.0699326 -0.0006306 0.0071616 0.0718937 0.0005327 0.0077236 0.0762367 0.0007719 -0.0076054 0.0756515 0.000215 -0.0075349 0.0735718 -0.0006702 -0.0060193 0.0702641 -0.0008284 -0.0054892 0.0696724 -0.0006165 0.0063406 0.0704453 0.0014377 0.0070526 0.0781149 0.0018999 0.0058519 0.0798427 0.0021801 0.0046519 0.080891 0.0024421 0.0027521 0.0818721 0.0028562 -0.0020224 0.0819253 0.0019957 -0.0064483 0.0787186 0.0017498 -0.006956 0.0778012 0.0015547 -0.0072472 0.0770731 0.0001895 -0.0070744 0.0719751 0.0003846 0.0075052 0.072681 0.0014854 0.0075144 0.0767918 0.0032953 -0.0004307 0.0820641 0.0017256 -0.0074296 0.0762135 0.0008307 -0.0073768 0.0728717 0.0005642 0.0072132 0.071854 0.0013788 0.0077754 0.0748948 0.0020547 0.0072257 0.0774196 0.0025884 0.005991 0.0794145 0.0030666 0.0037143 0.0812035 0.0030982 0.0034754 0.0813218 0.0032696 0.001441 0.0819652 0.003289 0.0009096 0.0820385 0.0034639 -0.0032502 0.0812027 0.003109 -0.0052142 0.0798807 0.0029039 -0.0059302 0.079116 0.0015476 -0.0075449 0.0740536 0.0008178 -0.0067953 0.0713275 0.0014761 0.0076967 0.0737631 0.00279 0.0064416 0.0786714 0.0030583 0.0056045 0.0796745 0.0039654 -0.0017344 0.0815825 0.0037607 -0.0036983 0.0808211 0.0036487 -0.0043666 0.0804039 0.0021268 -0.0075087 0.0747257 0.0010157 -0.0063674 0.0705751 0.000847 -0.0059124 0.0699444 0.0025313 0.0074698 0.0762131 0.003853 0.0031962 0.0811549 0.0034634 -0.0063007 0.0782292 0.003223 -0.0067969 0.0773326 0.0028351 -0.0072875 0.0758847 0.0021577 -0.0073847 0.0733554 0.001025 -0.0051639 0.0691224 0.0013927 0.0064781 0.0704773 0.0032824 0.0068768 0.0775331 0.0041506 0.0036451 0.0807801 0.0043785 0.0003683 0.0816359 0.0047214 -0.0006769 0.0814385 0.0022013 -0.0070272 0.0720381 0.0015026 0.0056339 0.0694095 0.0020099 0.0069122 0.0713017 0.0025273 0.0074902 0.0732328 0.0028639 0.0075612 0.0744899 0.0042342 0.0051034 0.0796103 0.0050382 -0.0014343 0.0811502 0.004589 -0.0048507 0.0794781 0.002573 0.0071205 0.0719316 0.0053947 -0.0011659 0.0810165 0.0047485 -0.005503 0.0786102 0.0019282 -0.0038001 0.0680762 0.0017773 0.0028127 0.0675027 0.0052591 0.0030769 0.0805038 -0.0013762 0.0025673 0.0677803 -0.001376 0.0017894 0.0675565 -0.0013757 5.69e-05 0.067363 -0.0013811 -0.0017991 0.0676038 -0.00137 -0.0035577 0.0682978 -0.0013752 -0.0033202 0.0681741 -0.0010243 -0.0045031 0.0688306 -0.0005934 -0.0049011 0.0690649 0.000413 -0.0049117 0.0689352 0.0010592 -0.0043381 0.068441 0.0013583 -0.0035677 0.0679455 0.0017137 -0.0019425 0.0672725 0.0013746 -0.0017559 0.0672316 0.0013744 -0.0003685 0.0670168 0.0013738 0.0026781 0.0674602 0.0013564 0.0037204 0.0679317 0.0010225 0.0045398 0.0684595 0.0007102 0.004878 0.0687345 0.0002483 0.0051188 0.0689764 -0.0007179 0.0049746 0.0689992 -0.0012303 0.0042875 0.0685976 -0.0013575 0.0038306 0.068347 -0.0001249 -0.0045774 0.0676544 -0.0013629 -0.0033719 0.0667108 -0.0012287 -0.0038374 0.0672361 -0.00075 -0.0044132 0.0676868 -0.0004272 -0.0044085 0.0666448 -0.0013489 0.0035852 0.066402 -0.0009298 0.0042825 0.0663776 -0.000635 0.0046181 0.0676538 -0.0004709 0.0045397 0.0666254 -0.0013606 0.0025055 -0.0445507 -0.0013603 0.0003168 -0.0441567 -0.0013599 -0.0019071 -0.0441426 -0.0013595 -0.0036675 -0.0444055 -0.0013591 -0.0036348 -0.0420729 -0.0013225 -0.0042817 -0.043299 -0.0012987 -0.0039187 -0.0417406 -0.0010669 -0.0051867 -0.0440109 -0.0010088 -0.0046353 -0.0426194 -0.0009781 -0.0044713 -0.0418934 -0.0009464 -0.0043479 -0.040666 -0.0006572 -0.005718 -0.0442565 -0.0005777 -0.0051688 -0.0431961 -0.000496 -0.0047544 -0.0418326 -0.0003689 -0.0062271 -0.044766 -0.0003269 -0.0046497 -0.0406547 -0.0013403 -0.004967 -0.0447637 -0.0010664 -0.006017 -0.0451641 -0.0008689 -0.0064702 -0.0453703 -0.0005205 -0.0071267 -0.0457076 0.0003851 -0.0044174 0.0666313 0.001054 -0.004081 0.0671771 0.0013719 -0.0032839 0.0667018 0.0002273 -0.0046655 -0.0406541 0.0003147 -0.005684 -0.0439948 0.0004003 -0.0049719 -0.0425091 0.0004012 -0.0072454 -0.0457476 0.0004848 -0.004721 -0.0415973 0.0006093 -0.0063347 -0.0449866 0.0006492 -0.0056027 -0.0440457 0.0009437 -0.0044419 -0.0413977 0.0010694 -0.0046863 -0.0428649 0.0012002 -0.0041179 -0.0411856 0.0012008 -0.0051962 -0.0443003 0.001371 -0.0036509 -0.0409629 0.001181 -0.0057898 -0.0450684 0.0013296 -0.0052385 -0.0448571 0.0013806 -0.0032682 0.0258156 0.0013782 -0.0032294 0.0434369 0.001381 -0.0032732 0.023547 0.0013812 -0.0032765 0.0220455 0.0013815 -0.0032815 0.0197535 0.0013832 -0.0033081 0.0076453 0.0013841 -0.0033233 0.000719 -0.0012858 0.0035279 -0.0418975 -0.0011711 0.0038978 -0.0428792 -0.0010685 0.0044825 -0.0442608 -0.0009793 0.0051488 -0.0452933 -0.0009477 0.0040163 -0.0416219 -0.0008459 0.0042395 -0.0428086 -0.000659 0.0046032 -0.0436943 -0.0004973 0.0051479 -0.044735 -0.0003711 0.0044035 -0.0425372 -0.0002853 0.0043366 -0.0418436 -0.0004133 0.0065239 -0.0464218 -0.0012369 0.0048003 -0.045411 0.0001387 0.0043486 -0.04184 0.0002542 0.004601 0.0668584 0.0003405 0.0046982 0.0675996 0.0007486 0.0044203 0.0666209 0.0007485 0.0045526 0.0676284 0.0012472 0.0039093 0.0669269 0.001373 0.0034074 0.0669765 0.0006069 0.004243 -0.0413795 0.0001826 0.0068352 -0.0466406 0.000226 0.0045213 -0.0429868 0.0003129 0.0054321 -0.0451072 0.0003988 0.0048673 -0.0440936 0.000764 0.0055764 -0.0455799 0.0008734 0.0040989 -0.041619 0.0010073 0.0046715 -0.0444442 0.0010381 0.0041535 -0.043076 0.0013135 0.0035501 -0.0421561 0.0013782 0.0042017 -0.0451374 0.0011502 0.0051517 -0.0455883 0.0052833 -0.0028687 0.0805043 0.0035576 -0.0072173 0.0740671 0.0029112 -0.0067821 0.0716526 0.0017809 -0.0024253 0.0674253 0.0017594 -0.0021844 0.0673446 0.001677 -0.0006912 0.0670346 0.002196 0.0051517 0.0689637 0.0023406 0.0056744 0.0695027 0.004076 0.0071151 0.0759808 0.0050845 0.0043951 0.0797507 0.0054173 0.0013724 0.0809979 0.0045824 -0.0060924 0.0777938 0.0018073 -0.0024227 0.0674256 0.0016977 -0.0004366 0.0670133 0.002015 0.0041561 0.0681912 0.0033823 0.0073445 0.0732917 0.0045237 0.0064163 0.0775554 0.0048432 0.0055222 0.0787496 0.0054124 0.0018691 0.0808808 0.0054863 -0.0004045 0.0810634 0.0022496 -0.0049869 0.068984 0.0017376 0.0010871 0.0670629 0.0017921 0.0020823 0.067265 0.003801 0.0073394 0.0747581 0.0043709 0.0067539 0.0768874 0.0033682 -0.0071234 0.0730687 0.0017643 -0.0009406 0.0670698 0.00263 0.0062538 0.0702914 0.0044783 -0.0064392 0.0771182 0.0041089 -0.0069622 0.0757397 0.0019095 -0.0026499 0.06752 0.0039386 -0.0070982 0.0750107 0.0029111 0.0067134 0.0711524 0.0054377 -0.0026122 0.0805098 0.0031809 0.0070505 0.0720679 0.0052737 -0.0039445 0.0798096 0.0032699 -0.0069356 0.0723316 0.0019227 -0.0019211 0.0672934 0.0054797 0.0025774 0.0805685 0.0048426 -0.005745 0.078114 0.0028106 -0.0061737 0.0705269 0.00216 -0.0037519 0.0680936 0.0055745 -0.0016403 0.0807542 0.0025167 0.0054338 0.0693249 0.0052108 0.0047233 0.0793015 0.0043199 -0.0068064 0.07591 0.0049994 0.0055959 0.078428 0.0056515 -0.00114 0.080793 0.0026374 -0.0054071 0.0695446 0.0023154 -0.0039193 0.0682615 0.0029216 0.0062668 0.0705096 0.0044775 0.0068061 0.0763186 0.0047695 0.0062823 0.0774099 0.0057079 -0.0001451 0.0808478 0.0054295 -0.0036749 0.0798138 0.003117 -0.0064279 0.0711829 0.0020323 0.0008176 0.0671211 0.0020501 0.0013103 0.0671869 0.004075 0.0071581 0.0746654 0.0056253 -0.0023218 0.080398 0.0052217 -0.0048248 0.0788947 0.0041583 -0.0069291 0.0749269 0.0038366 0.0071715 0.073704 0.0043442 0.0069696 0.0755999 0.0024788 -0.0042759 0.068583 0.0022231 0.0027218 0.0676173 0.0023348 0.0036091 0.0680329 0.0034138 0.0068787 0.072057 0.0052012 0.0051689 0.078668 0.0055448 0.0034106 0.0799538 0.0057414 0.0013234 0.0806279 0.003468 -0.0066509 0.0720906 0.0029539 -0.0057289 0.0701696 0.0029001 0.0057473 0.0699508 0.0037931 -0.0068596 0.0732475 0.0022013 0.001286 0.0672906 0.0031877 0.0063589 0.0709661 0.0057422 -0.0015816 0.0804627 0.0047259 0.0064543 0.0766551 0.0046809 -0.0063402 0.0764554 0.002368 -0.0027481 0.0678131 0.0025544 0.0041546 0.0684986 0.0055374 -0.0035641 0.0796004 0.0029342 -0.0053522 0.0698371 0.0022492 -0.0001674 0.0672711 0.0038546 0.0069169 0.0732127 0.0043599 -0.006649 0.0750813 0.0042965 0.006867 0.0748236 0.00582 -0.0003729 0.0804878 0.0052847 0.0050033 0.0784808 0.0052453 -0.0049508 0.0783161 0.0037644 -0.006605 0.0727891 0.0032444 -0.0059173 0.0708463 0.0034278 0.0063342 0.0714566 0.0024022 -0.0015511 0.0676168 0.0031153 0.0056484 0.0702683 0.0027675 -0.0042239 0.0689659 0.0024874 0.002581 0.0679095 0.005697 0.0026079 0.0798944 -0.0027333 -0.0088615 -0.0468524 0.0027665 -0.0081406 -0.0463276 -0.0027361 0.0072358 -0.0469546 0.0027638 0.0085452 -0.0481605 -0.0027362 0.0088445 -0.0484901 0.0027638 0.0099284 -0.0499019 -0.0027361 0.010167 -0.050278 -0.0027361 0.0109926 -0.0518548 0.002764 0.0111655 -0.0522648 0.002764 0.0065235 -0.0464207 0.0027641 0.0053892 -0.0457159 0.0027642 0.0041885 -0.0451315 0.0013893 0.0033571 -0.0448121 0.0027643 0.002934 -0.0446737 0.0013897 0.0007599 -0.044205 0.0027647 0.0003175 -0.0441561 0.0027652 -0.0023496 -0.044185 0.0013903 -0.0027913 -0.0442434 0.0027655 -0.0036667 -0.0444049 0.0013906 -0.0041001 -0.0445084 0.0027661 -0.0066014 -0.0454338 -0.0027339 -0.0066024 -0.0454345 -0.0027343 -0.0049552 -0.0447599 -0.0027347 -0.002792 -0.044244 -0.0027351 -0.0005725 -0.0441054 -0.0027355 0.0016381 -0.0443482 -0.0027359 0.0045944 -0.0453132 -0.002736 0.0061526 -0.0461736 0.0027682 -0.0120784 -0.0532904 -0.002732 -0.0119838 -0.0523709 0.0027679 -0.0117933 -0.0514645 -0.0027322 -0.0116166 -0.0508744 0.0027676 -0.0113979 -0.0502963 -0.0027328 -0.0103379 -0.0484218 0.0027671 -0.0099542 -0.0479371 -0.002731 -0.0081391 -0.0643971 0.002769 -0.0081381 -0.0643964 0.002769 -0.0097099 -0.0623475 -0.002731 -0.0097108 -0.0623482 0.002769 -0.0104752 -0.0609988 -0.002731 -0.0104761 -0.0609996 0.0027689 -0.0110968 -0.0595783 -0.0027312 -0.0112719 -0.0590921 0.0027687 -0.0115682 -0.058101 -0.0027314 -0.0117973 -0.0570933 0.0027685 -0.0119543 -0.0560706 -0.0027316 -0.0120423 -0.055041 0.0027641 0.0115634 -0.0537534 -0.0027359 0.011611 -0.0540589 -0.0027357 0.0117005 -0.0552888 0.0027645 0.0116219 -0.0565187 -0.0027354 0.0114512 -0.0574291 0.0027647 0.0113749 -0.057727 -0.0027351 0.0109641 -0.0588909 0.002765 0.010838 -0.0591713 -0.0027346 0.0097867 -0.0609415 0.0027655 0.0094979 -0.061369 -0.0027342 0.0085412 -0.0625909 0.0027662 0.0074652 -0.0637057 -0.0027338 0.0074643 -0.0637065 -0.0027333 0.0058599 -0.0650095 0.0027669 0.0049951 -0.0655741 0.0027672 0.0036285 -0.0663067 -0.0027328 0.0036275 -0.0663075 0.0027677 0.0017024 -0.0670563 -0.0027323 0.0017014 -0.0670571 -0.0029426 -0.0024969 0.0804559 -0.0027629 0.0001027 0.0811226 -0.0034342 -0.004403 0.0786229 -0.004108 0.0052875 0.0760919 -0.0044541 -0.0049306 0.0748153 -0.0041062 -0.0051047 0.0761148 -0.0034358 0.004597 0.0786031 -0.00478 0.0045858 0.0735838 -0.00285 0.001938 0.0807948 -0.0029238 0.0025634 0.080518 -0.0038033 0.0051548 0.0772301 -0.0052716 0.0026797 0.0717508 -0.0052707 -0.0025164 0.0717622 -0.0050249 -0.0037102 0.072682 -0.0047784 -0.0044142 0.0736036 -0.003156 -0.0035749 0.0796606 -0.0028343 -0.001572 0.0808587 -0.0030676 0.0033918 0.0799798 -0.0054047 -0.0012722 0.0712601 -0.0036732 -0.004824 0.0777313 -0.0050891 0.0036337 0.0724308 -0.0053799 0.0017548 0.071348 -0.0054513 8.01e-05 0.0710841 -0.0044559 0.0051076 0.0747932 0.0054477 9.93e-05 0.0789238 0.0054125 0.0012769 0.0787905 0.0052672 0.0026958 0.0782456 0.0053894 -0.0014184 0.0787084 0.0052681 -0.0025003 0.0782571 0.0051718 -0.0030598 0.0778983 0.0047764 -0.0044064 0.0764241 0.0044092 -0.0049703 0.0750535 0.0041045 -0.0051081 0.073916 0.0036714 -0.0048347 0.0722982 0.0034323 -0.0044176 0.0714048 0.0031537 -0.0035942 0.0703634 0.0029399 -0.0025198 0.0695634 0.0027946 -0.0011009 0.0690185 0.0027594 7.67e-05 0.0688853 0.0027848 0.0010867 0.0689787 0.0028458 0.0019135 0.069205 0.002939 0.0026763 0.069552 0.0031844 0.0038742 0.0704665 0.0034307 0.0045824 0.071385 0.0036696 0.0050034 0.0722766 0.0041027 0.0052841 0.0738931 0.0043639 0.0051873 0.0748687 0.0047749 0.0045936 0.0764043 0.0051143 0.0035195 0.0776733 0.001371 -0.0036509 -0.0409629 0.0013296 -0.0052385 -0.0448571 0.0013897 0.0007599 -0.044205 0.0013903 -0.0027913 -0.0442434 0.0013906 -0.0041001 -0.0445084 -0.002731 -0.0081391 -0.0643971 0.002769 -0.0081381 -0.0643964 0.0027689 -0.0075619 -0.0645521 -0.0027311 -0.0075629 -0.0645529 0.0027677 0.0017024 -0.0670563 -0.0027323 0.0017014 -0.0670571 0.0027677 0.0011263 -0.0669006 -0.0027323 0.0011253 -0.0669013 0.0027689 -0.0075619 -0.0645521 -0.0027311 -0.0075629 -0.0645529 0.0027677 0.0011263 -0.0669006 -0.0027323 0.0011253 -0.0669013 0.002767 -0.0041499 -0.0546775 -0.002733 -0.0042637 -0.0547281 0.0027672 -0.0049225 -0.0552718 -0.0027328 -0.005057 -0.0554798 0.002766 0.0035314 -0.0576772 0.0027661 0.0008806 -0.0549326 0.002766 0.0034222 -0.0571351 0.002766 0.0020606 -0.0556327 0.002766 0.0027578 -0.0562262 0.0027663 -0.0004166 -0.0544856 0.0027668 -0.0031456 -0.0544134 -0.0027339 0.0035321 -0.0577397 -0.002734 0.0016824 -0.0553736 -0.0027335 -0.0015496 -0.0543208 -0.0027339 0.0008796 -0.0549334 -0.0027332 -0.0031466 -0.0544142 -0.0027337 -0.0001955 -0.0545423 -0.002734 0.0022414 -0.0557729 -0.002734 0.0032905 -0.056857 0.0027665 -0.0081406 -0.0463276 0.0027638 0.0085452 -0.0481605 0.0027638 0.0099284 -0.0499019 0.002764 0.0111655 -0.0522648 0.002764 0.0065235 -0.0464207 0.0027641 0.0053892 -0.0457159 0.0027642 0.0041885 -0.0451315 0.0027643 0.002934 -0.0446737 0.0027647 0.0003175 -0.0441561 0.0027652 -0.0023496 -0.044185 0.0027655 -0.0036667 -0.0444049 0.0027661 -0.0066014 -0.0454338 0.0027682 -0.0120784 -0.0532904 0.0027679 -0.0117933 -0.0514645 0.0027676 -0.0113979 -0.0502963 0.0027671 -0.0099542 -0.0479371 0.002769 -0.0081381 -0.0643964 0.002769 -0.0097099 -0.0623475 0.002769 -0.0104752 -0.0609988 0.0027689 -0.0110968 -0.0595783 0.0027687 -0.0115682 -0.058101 0.0027685 -0.0119543 -0.0560706 0.0027689 -0.0075619 -0.0645521 0.0027641 0.0115634 -0.0537534 0.0027645 0.0116219 -0.0565187 0.0027647 0.0113749 -0.057727 0.002765 0.010838 -0.0591713 0.0027655 0.0094979 -0.061369 0.0027662 0.0074652 -0.0637057 0.0027669 0.0049951 -0.0655741 0.0027672 0.0036285 -0.0663067 0.0027677 0.0017024 -0.0670563 0.0027677 0.0011263 -0.0669006 0.002767 -0.0041499 -0.0546775 0.0027672 -0.0049225 -0.0552718 0.002766 0.0035314 -0.0576772 0.0027661 0.0008806 -0.0549326 0.002766 0.0034222 -0.0571351 0.002766 0.0020606 -0.0556327 0.002766 0.0027578 -0.0562262 0.0027663 -0.0004166 -0.0544856 0.0027668 -0.0031456 -0.0544134 -0.0027333 -0.0088615 -0.0468524 -0.0027361 0.0072358 -0.0469546 -0.0027362 0.0088445 -0.0484901 -0.0027361 0.010167 -0.050278 -0.0027361 0.0109926 -0.0518548 -0.0027339 -0.0066024 -0.0454345 -0.0027343 -0.0049552 -0.0447599 -0.0027347 -0.002792 -0.044244 -0.0027351 -0.0005725 -0.0441054 -0.0027355 0.0016381 -0.0443482 -0.0027359 0.0045944 -0.0453132 -0.002736 0.0061526 -0.0461736 -0.002732 -0.0119838 -0.0523709 -0.0027322 -0.0116166 -0.0508744 -0.0027328 -0.0103379 -0.0484218 -0.002731 -0.0081391 -0.0643971 -0.002731 -0.0097108 -0.0623482 -0.002731 -0.0104761 -0.0609996 -0.0027312 -0.0112719 -0.0590921 -0.0027314 -0.0117973 -0.0570933 -0.0027316 -0.0120423 -0.055041 -0.0027311 -0.0075629 -0.0645529 -0.0027359 0.011611 -0.0540589 -0.0027357 0.0117005 -0.0552888 -0.0027354 0.0114512 -0.0574291 -0.0027351 0.0109641 -0.0588909 -0.0027346 0.0097867 -0.0609415 -0.0027342 0.0085412 -0.0625909 -0.0027338 0.0074643 -0.0637065 -0.0027333 0.0058599 -0.0650095 -0.0027328 0.0036275 -0.0663075 -0.0027323 0.0017014 -0.0670571 -0.0027323 0.0011253 -0.0669013 -0.002733 -0.0042637 -0.0547281 -0.0027328 -0.005057 -0.0554798 -0.0027339 0.0035321 -0.0577397 -0.002734 0.0016824 -0.0553736 -0.0027335 -0.0015496 -0.0543208 -0.0027339 0.0008796 -0.0549334 -0.0027332 -0.0031466 -0.0544142 -0.0027337 -0.0001955 -0.0545423 -0.002734 0.0022414 -0.0557729 -0.002734 0.0032905 -0.056857 -0.0027629 0.0001027 0.0811226 -0.00285 0.001938 0.0807948 -0.0029238 0.0025634 0.080518 -0.0020698 0.0012365 0.0802557 -0.0027629 0.0001027 0.0811226 -0.0029238 0.0025634 0.080518 -0.0020698 0.0012365 0.0802557 0.004415 0.0012337 0.0785191 0.0054477 9.93e-05 0.0789238 0.0052672 0.0026958 0.0782456 0.004415 0.0012337 0.0785191 0.0054477 9.93e-05 0.0789238 0.0054125 0.0012769 0.0787905 0.0052672 0.0026958 0.0782456 -0.0029426 -0.0024969 0.0804559 -0.0027629 0.0001027 0.0811226 -0.0028343 -0.001572 0.0808587 0.0054477 9.93e-05 0.0789238 -0.0020694 -0.0010347 0.0802607 -0.0020798 -0.001186 0.0802219 -0.0022021 -0.0014306 0.0802552 -0.0023497 -0.0016857 0.0802953 -0.0026534 -0.0021313 0.0803776 0.004372 -0.0011152 0.0784939 0.0052681 -0.0025003 0.0782571 0.0054477 9.93e-05 0.0789238 0.0053894 -0.0014184 0.0787084 0.004372 -0.0011152 0.0784939 0.0052681 -0.0025003 0.0782571 -0.0029426 -0.0024969 0.0804559 -0.0034342 -0.004403 0.0786229 -0.003156 -0.0035749 0.0796606 -0.0023552 -0.0031961 0.0790519 -0.0029426 -0.0024969 0.0804559 -0.0034342 -0.004403 0.0786229 0.0052681 -0.0025003 0.0782571 -0.0023552 -0.0031961 0.0790519 0.0051718 -0.0030598 0.0778983 0.0042094 -0.0035545 0.0770823 0.0047764 -0.0044064 0.0764241 -0.0034342 -0.004403 0.0786229 -0.0041062 -0.0051047 0.0761148 -0.0036732 -0.004824 0.0777313 -0.0028953 -0.0044063 0.0770372 -0.0034342 -0.004403 0.0786229 -0.0041062 -0.0051047 0.0761148 0.0047764 -0.0044064 0.0764241 -0.0028953 -0.0044063 0.0770372 0.0035171 -0.004409 0.0753199 0.0041045 -0.0051081 0.073916 0.0047764 -0.0044064 0.0764241 0.0035171 -0.004409 0.0753199 0.0044092 -0.0049703 0.0750535 0.0041045 -0.0051081 0.073916 -0.0044541 -0.0049306 0.0748153 -0.0041062 -0.0051047 0.0761148 -0.0047784 -0.0044142 0.0736036 -0.0035191 -0.0044116 0.0747077 -0.0041062 -0.0051047 0.0761148 -0.0047784 -0.0044142 0.0736036 0.0041045 -0.0051081 0.073916 -0.0035191 -0.0044116 0.0747077 0.0028933 -0.0044142 0.0729905 0.0034323 -0.0044176 0.0714048 0.0041045 -0.0051081 0.073916 0.0028933 -0.0044142 0.0729905 0.0036714 -0.0048347 0.0722982 0.0034323 -0.0044176 0.0714048 -0.0052707 -0.0025164 0.0717622 -0.0050249 -0.0037102 0.072682 -0.0047784 -0.0044142 0.0736036 -0.0041139 -0.00317 0.0726295 -0.0052707 -0.0025164 0.0717622 -0.0047784 -0.0044142 0.0736036 0.0034323 -0.0044176 0.0714048 -0.0041139 -0.00317 0.0726295 0.0023709 -0.0031726 0.0708929 0.0029399 -0.0025198 0.0695634 0.0034323 -0.0044176 0.0714048 0.0031537 -0.0035942 0.0703634 0.0023709 -0.0031726 0.0708929 0.0029399 -0.0025198 0.0695634 -0.0052707 -0.0025164 0.0717622 -0.0054047 -0.0012722 0.0712601 -0.0054513 8.01e-05 0.0710841 -0.0044905 -0.0013746 0.0715507 -0.0043718 -0.0011245 0.0715184 -0.0052707 -0.0025164 0.0717622 -0.0054513 8.01e-05 0.0710841 0.0029399 -0.0025198 0.0695634 -0.0044905 -0.0013746 0.0715507 -0.0043718 -0.0011245 0.0715184 0.0020406 -0.0011272 0.0698012 0.0027594 7.67e-05 0.0688853 0.0029399 -0.0025198 0.0695634 0.0020406 -0.0011272 0.0698012 0.0027946 -0.0011009 0.0690185 0.0027594 7.67e-05 0.0688853 -0.0052716 0.0026797 0.0717508 -0.0053799 0.0017548 0.071348 -0.0054513 8.01e-05 0.0710841 0.0027594 7.67e-05 0.0688853 -0.0044672 0.0011473 0.0714554 -0.0045308 0.0016128 0.0715548 -0.0046259 0.0017811 0.0715799 0.0020401 0.0012844 0.0697959 0.002939 0.0026763 0.069552 0.0027594 7.67e-05 0.0688853 0.0020401 0.0012844 0.0697959 0.0027848 0.0010867 0.0689787 0.002939 0.0026763 0.069552 -0.00478 0.0045858 0.0735838 -0.0052716 0.0026797 0.0717508 -0.0050891 0.0036337 0.0724308 -0.0040607 0.0033781 0.0726732 -0.00478 0.0045858 0.0735838 -0.0052716 0.0026797 0.0717508 0.002939 0.0026763 0.069552 -0.0040607 0.0033781 0.0726732 0.0023897 0.0032945 0.0708014 0.0034307 0.0045824 0.071385 0.002939 0.0026763 0.069552 0.0023897 0.0032945 0.0708014 0.0031844 0.0038742 0.0704665 0.0034307 0.0045824 0.071385 -0.004108 0.0052875 0.0760919 -0.00478 0.0045858 0.0735838 -0.0044559 0.0051076 0.0747932 -0.0035207 0.0045884 0.0746879 -0.004108 0.0052875 0.0760919 -0.00478 0.0045858 0.0735838 0.0034307 0.0045824 0.071385 -0.0035207 0.0045884 0.0746879 0.0028917 0.0045857 0.0729707 0.0041027 0.0052841 0.0738931 0.0034307 0.0045824 0.071385 0.0028917 0.0045857 0.0729707 0.0036696 0.0050034 0.0722766 0.0041027 0.0052841 0.0738931 -0.004108 0.0052875 0.0760919 -0.0034358 0.004597 0.0786031 -0.0038033 0.0051548 0.0772301 -0.0028968 0.0045936 0.0770174 -0.004108 0.0052875 0.0760919 -0.0034358 0.004597 0.0786031 0.0041027 0.0052841 0.0738931 -0.0028968 0.0045936 0.0770174 0.0035728 0.0045911 0.0753688 0.0047749 0.0045936 0.0764043 0.0041027 0.0052841 0.0738931 0.0043639 0.0051873 0.0748687 0.0035728 0.0045911 0.0753688 0.0047749 0.0045936 0.0764043 -0.0034358 0.004597 0.0786031 -0.0029238 0.0025634 0.080518 -0.0030676 0.0033918 0.0799798 0.0052672 0.0026958 0.0782456 0.0047749 0.0045936 0.0764043 0.004056 0.0033897 0.0773202 -0.0030992 0.0042806 0.078703 0.0046537 0.0044407 0.0765286 -0.0023744 0.003352 0.079115 0.0052672 0.0026958 0.0782456 0.0047749 0.0045936 0.0764043 0.0051143 0.0035195 0.0776733 0.004056 0.0033897 0.0773202 0.0013831 -0.0013117 0.0060151 0.0013831 -0.0013125 0.0056451 0.0011331 -0.0013117 0.006015 0.0011331 -0.0013125 0.0056451 0.0011331 -0.0013117 0.006015 0.0011331 -0.0013125 0.0056451 0.0011329 0.0001263 0.0056432 0.0011328 0.000241 0.0060306 0.0011327 0.0006476 0.0057739 0.0011327 0.000473 0.006137 0.0011329 -0.0013087 0.0074149 0.0011326 0.0005548 0.0070754 0.0011326 0.0008421 0.0067393 0.0011326 0.000877 0.0061417 0.0011329 -0.0013095 0.0070465 0.0011326 0.0003018 0.0069756 0.0011325 0.0008625 0.0074101 0.0011327 0.0005907 0.0064145 0.0011325 0.0008618 0.0070786 0.0013826 0.0009038 0.0064987 0.0013826 0.0005548 0.0070754 0.0013826 0.0007436 0.0069025 0.0013827 0.0008678 0.0061087 0.0013828 0.0005761 0.0057283 0.0011327 0.0006476 0.0057739 0.0011326 0.0005548 0.0070754 0.0011326 0.0008421 0.0067393 0.0011326 0.000877 0.0061417 0.0013828 0.0005761 0.0057283 0.0013831 -0.0013125 0.0056451 0.0011331 -0.0013125 0.0056451 0.0011329 0.0001263 0.0056432 0.0011327 0.0006476 0.0057739 0.0013826 0.0005548 0.0070754 0.0013825 0.0008618 0.0070786 0.0011326 0.0005548 0.0070754 0.0011325 0.0008618 0.0070786 0.0013825 0.0008618 0.0070786 0.0013825 0.0008625 0.0074101 0.0011325 0.0008625 0.0074101 0.0011325 0.0008618 0.0070786 0.0013825 0.0008625 0.0074101 0.0013829 -0.0013086 0.0074149 0.0011329 -0.0013087 0.0074149 0.0011325 0.0008625 0.0074101 0.0013829 -0.0013086 0.0074149 0.0013829 -0.0013094 0.0070465 0.0011329 -0.0013087 0.0074149 0.0011329 -0.0013095 0.0070465 0.0013826 0.0003292 0.006962 0.0013829 -0.0013094 0.0070465 0.0011329 -0.0013095 0.0070465 0.0011326 0.0003018 0.0069756 0.0013827 0.0005574 0.0062655 0.0013826 0.0005771 0.0066064 0.0013828 0.0002864 0.0060406 0.0013831 -0.0013117 0.0060151 0.0011331 -0.0013117 0.006015 0.0011328 0.000241 0.0060306 0.0011327 0.000473 0.006137 0.0011327 0.0005907 0.0064145 0.0013826 0.0003292 0.006962 0.0013826 0.0005771 0.0066064 0.0011326 0.0003018 0.0069756 0.0011327 0.0005907 0.0064145 0.0013834 -0.001317 0.0035922 0.0013834 -0.0013179 0.0032054 0.0011334 -0.0013171 0.0035922 0.0011334 -0.0013179 0.0032054 0.001383 0.0008548 0.0037416 0.0013829 0.0004859 0.0050602 0.0013829 0.0008301 0.0046543 0.0011329 0.0002502 0.0051397 0.0011329 0.000862 0.0045497 0.001133 0.000883 0.0038675 0.0011329 0.0006346 0.0049562 0.001383 0.0008548 0.0037416 0.0013831 0.0006382 0.0034235 0.001133 0.000883 0.0038675 0.0011331 0.0005801 0.0033891 0.0013834 -0.0011638 0.003274 0.0013831 0.0006382 0.0034235 0.0013831 0.0004193 0.0033441 0.0013834 -0.0013179 0.0032054 0.0011334 -0.0013179 0.0032054 0.0011331 0.0005801 0.0033891 0.0011334 -0.0009118 0.0033139 0.001383 0.0004751 0.0037891 0.001383 0.0005941 0.0040616 0.0013829 0.0005167 0.0045915 0.001133 0.0006003 0.0041212 0.0011329 0.0004774 0.0046418 0.001133 0.0004751 0.0037891 0.0013829 0.0005167 0.0045915 0.001383 0.000219 0.0047756 0.0011329 0.0004774 0.0046418 0.001133 0.0002189 0.0047755 0.001383 0.0004751 0.0037891 0.0013831 6.23e-05 0.0036897 0.001133 0.0004751 0.0037891 0.0011331 6.23e-05 0.0036897 0.001383 -0.0002822 0.0050025 0.0013831 6.23e-05 0.0036897 0.0011331 6.23e-05 0.0036897 0.001133 -0.0002589 0.0049728 0.0013833 -0.0010779 0.0036633 0.0013833 -0.0013238 0.0041598 0.0013832 -0.0012599 0.0049178 0.0011333 -0.0013131 0.0041244 0.0011331 -0.0011019 0.0050957 0.0011333 -0.001049 0.0036676 0.0013831 -0.0006861 0.005206 0.0013831 -0.0009937 0.0051587 0.0013832 -0.0012599 0.0049178 0.0011331 -0.0011019 0.0050957 0.0011331 -0.0007578 0.0052077 0.0013831 -0.0006861 0.005206 0.001383 -0.0002822 0.0050025 0.0011331 -0.0007578 0.0052077 0.001133 -0.0002589 0.0049728 0.0013834 -0.001317 0.0035922 0.0013833 -0.0010779 0.0036633 0.0011334 -0.0013171 0.0035922 0.0011333 -0.001049 0.0036676 0.0013837 -0.0013084 0.0013458 0.0013837 -0.0013227 0.001002 0.0011337 -0.0013227 0.001002 0.0011337 -0.0013084 0.0013458 0.0013837 -0.0013227 0.001002 0.0013832 0.0016773 0.0009954 0.0011337 -0.0013227 0.001002 0.0011332 0.0016772 0.0009954 0.0013832 0.0016781 0.0013638 0.0013832 0.0016773 0.0009954 0.0011332 0.0016772 0.0009954 0.0011332 0.0016781 0.0013638 0.0013832 0.0016781 0.0013638 0.0013834 0.0006014 0.00137 0.0011332 0.0016781 0.0013638 0.0011333 0.0006819 0.0014344 0.0013837 -0.0010673 0.0013631 0.0013837 -0.001327 0.0016819 0.0011337 -0.0010673 0.0013631 0.0011337 -0.0013411 0.001724 0.0013837 -0.001327 0.0016819 0.0013836 -0.0013232 0.002245 0.0013832 0.000672 0.0025609 0.0013834 -0.0008246 0.002766 0.0013832 0.0003603 0.0027751 0.0013832 0.0008588 0.0022484 0.0013833 -0.0004086 0.0028763 0.0011337 -0.0013411 0.001724 0.0011336 -0.0013525 0.002142 0.0011335 -0.001245 0.0024047 0.0011334 -0.0008247 0.002766 0.0011332 0.0004794 0.0027138 0.0011332 0.0008212 0.0023449 0.0011332 0.0008996 0.0019709 0.0011333 -0.0004608 0.0028702 0.0013832 0.0008588 0.0022484 0.0013833 0.0007156 0.0014676 0.0011332 0.0008996 0.0019709 0.0011333 0.0007156 0.0014675 0.0013833 0.0007156 0.0014676 0.0013833 0.0006993 0.001451 0.0011333 0.0007156 0.0014675 0.0011333 0.0006993 0.0014509 0.0011333 0.0006819 0.0014344 0.0013837 -0.0010673 0.0013631 0.0013837 -0.0013084 0.0013458 0.0011337 -0.0010673 0.0013631 0.0011337 -0.0013084 0.0013458 0.0013834 0.0012585 0.0004215 0.0013834 0.0012577 5.31e-05 0.0011334 0.0012585 0.0004215 0.0011334 0.0012577 5.31e-05 0.0013834 0.0012577 5.31e-05 0.0013834 0.0016752 5.22e-05 0.0011334 0.0012577 5.31e-05 0.0011334 0.0016752 5.22e-05 0.0013833 0.001676 0.0004206 0.0013834 0.0016752 5.22e-05 0.0011334 0.0016752 5.22e-05 0.0011333 0.001676 0.0004206 0.0013833 0.001676 0.0004206 0.0013834 0.0012585 0.0004215 0.0011334 0.0012585 0.0004215 0.0011333 0.001676 0.0004206 0.0011334 0.0012585 0.0004215 0.0011334 0.0012577 5.31e-05 0.0011334 0.0016752 5.22e-05 0.0011333 0.001676 0.0004206 0.0013838 -0.001324 0.0004272 0.0013839 -0.0013248 5.88e-05 0.0011338 -0.001324 0.0004272 0.0011339 -0.0013248 5.88e-05 0.0013839 -0.0013248 5.88e-05 0.0013835 0.0008464 5.4e-05 0.0011339 -0.0013248 5.88e-05 0.0011335 0.0008463 5.4e-05 0.0013834 0.0008472 0.0004224 0.0013835 0.0008464 5.4e-05 0.0011335 0.0008463 5.4e-05 0.0011334 0.0008471 0.0004224 0.0013834 0.0008472 0.0004224 0.0013838 -0.001324 0.0004272 0.0011338 -0.001324 0.0004272 0.0011334 0.0008471 0.0004224 0.0011338 -0.001324 0.0004272 0.0011339 -0.0013248 5.88e-05 0.0011335 0.0008463 5.4e-05 0.0011334 0.0008471 0.0004224 0.0013842 -0.0013292 -0.0019343 0.0013842 -0.0013299 -0.0022643 0.0011342 -0.0013292 -0.0019343 0.0011342 -0.0013299 -0.0022643 0.0011342 -0.0013292 -0.0019343 0.0011342 -0.0013299 -0.0022643 0.0011336 0.0008443 -0.0008731 0.0011336 0.0008451 -0.0005047 0.0011341 -0.0013479 -0.0014799 0.0011338 0.0008412 -0.0022691 0.0011339 -0.0009978 -0.000571 0.001134 -0.0013431 -0.0009923 0.0011339 -0.000858 -0.0009294 0.0011341 -0.0009552 -0.0016586 0.0011341 -0.0011139 -0.0018476 0.0011338 0.000842 -0.0019007 0.001134 -0.0010556 -0.0012477 0.001134 -0.0006363 -0.0018671 0.0013842 -0.0013299 -0.0022643 0.0013838 0.0008413 -0.002269 0.0011342 -0.0013299 -0.0022643 0.0011338 0.0008412 -0.0022691 0.0013838 0.0008413 -0.002269 0.0013838 0.0008421 -0.0019007 0.0011338 0.0008412 -0.0022691 0.0011338 0.000842 -0.0019007 0.0013836 0.0008443 -0.000873 0.0013839 -0.0007293 -0.0008893 0.0011336 0.0008443 -0.0008731 0.0011339 -0.000858 -0.0009294 0.001384 -0.0009981 -0.0010722 0.0013839 -0.0007293 -0.0008893 0.0011339 -0.000858 -0.0009294 0.001134 -0.0010556 -0.0012477 0.001384 -0.0008246 -0.0017938 0.001384 -0.0010103 -0.0015567 0.001384 -0.0009981 -0.0010722 0.0011341 -0.0009552 -0.0016586 0.001134 -0.0010556 -0.0012477 0.001134 -0.0006363 -0.0018671 0.001384 -0.0008246 -0.0017938 0.0013838 0.0008421 -0.0019007 0.0011338 0.000842 -0.0019007 0.001134 -0.0006363 -0.0018671 0.0013836 0.0008443 -0.000873 0.0013836 0.0008451 -0.0005047 0.0011336 0.0008443 -0.0008731 0.0011336 0.0008451 -0.0005047 0.001384 -0.0013574 -0.0010472 0.0013841 -0.0010373 -0.0019103 0.0013841 -0.0013237 -0.0015514 0.0011341 -0.0013479 -0.0014799 0.001134 -0.0013431 -0.0009923 0.0011341 -0.0011139 -0.0018476 0.001384 -0.0013574 -0.0010472 0.0013839 -0.0011496 -0.0006638 0.0011339 -0.0009978 -0.000571 0.001134 -0.0013431 -0.0009923 0.0013839 -0.0011496 -0.0006638 0.0013839 -0.0008364 -0.0005279 0.0013836 0.0008451 -0.0005047 0.0011336 0.0008451 -0.0005047 0.0011339 -0.0009978 -0.000571 0.0013841 -0.0010373 -0.0019103 0.0013842 -0.0013292 -0.0019343 0.0011342 -0.0013292 -0.0019343 0.0011341 -0.0011139 -0.0018476 0.0013847 -0.0013376 -0.0057777 0.0013846 -0.0013368 -0.0054093 0.0011346 -0.0013368 -0.0054094 0.0011347 -0.0013376 -0.0057777 0.0011346 -0.0013368 -0.0054094 0.0011347 -0.0013376 -0.0057777 0.0011342 0.0002404 -0.0041111 0.001134 0.000885 -0.0037555 0.0011342 0.0008754 -0.0049803 0.0011344 0.0002901 -0.0057748 0.0011341 0.0007536 -0.004266 0.0011345 -0.001334 -0.0041177 0.0011342 0.0005339 -0.0048317 0.0011343 -0.0013312 -0.0028269 0.001134 0.0005653 -0.003186 0.0011343 0.0004323 -0.0053322 0.0011342 0.000725 -0.0046303 0.0011342 0.0005095 -0.0044401 0.0011345 -0.0013348 -0.0044861 0.0011343 0.0006885 -0.0056245 0.0011343 0.0008103 -0.005468 0.0011343 -0.001332 -0.0031952 0.0011341 -0.0002685 -0.0031976 0.0011342 0.0003408 -0.0045861 0.0011341 0.0003881 -0.0033348 0.0011341 0.0005541 -0.0038697 0.0011339 0.00084 -0.0028316 0.0011339 0.0008392 -0.0031632 0.0013842 0.0008022 -0.0047484 0.0013842 0.0005049 -0.0044372 0.0011342 0.0008754 -0.0049803 0.0011342 0.000725 -0.0046303 0.0011342 0.0005095 -0.0044401 0.0013843 0.0006615 -0.005646 0.0013842 0.0008022 -0.0047484 0.0011342 0.0008754 -0.0049803 0.0011343 0.0008103 -0.005468 0.0013847 -0.0013376 -0.0057777 0.0013843 0.0006615 -0.005646 0.0011347 -0.0013376 -0.0057777 0.0011344 0.0002901 -0.0057748 0.0011343 0.0006885 -0.0056245 0.0011343 0.0008103 -0.005468 0.001384 0.0005654 -0.003186 0.001384 0.0007739 -0.003399 0.001134 0.000885 -0.0037555 0.001134 0.0005653 -0.003186 0.0013841 0.0008472 -0.0040926 0.0013842 0.0005049 -0.0044372 0.0011341 0.0007536 -0.004266 0.0011342 0.0005095 -0.0044401 0.001384 0.0005404 -0.0031691 0.0013839 0.0008393 -0.0031631 0.001134 0.0005653 -0.003186 0.0011339 0.0008392 -0.0031632 0.0013839 0.0008393 -0.0031631 0.0013839 0.00084 -0.0028316 0.0011339 0.00084 -0.0028316 0.0011339 0.0008392 -0.0031632 0.0013839 0.00084 -0.0028316 0.0013843 -0.0013311 -0.0028268 0.0011343 -0.0013312 -0.0028269 0.0011339 0.00084 -0.0028316 0.0013843 -0.0013311 -0.0028268 0.0013843 -0.0013319 -0.0031952 0.0011343 -0.0013312 -0.0028269 0.0011343 -0.001332 -0.0031952 0.0013842 0.0003773 -0.004077 0.0013845 -0.001334 -0.0041177 0.0011342 0.0002404 -0.0041111 0.0011345 -0.001334 -0.0041177 0.0013841 0.0005331 -0.0039276 0.0013842 0.0003773 -0.004077 0.0011342 0.0002404 -0.0041111 0.0011341 0.0005541 -0.0038697 0.0013841 0.0005331 -0.0039276 0.001384 0.0004934 -0.0034552 0.0011341 0.0003881 -0.0033348 0.0011341 0.0005541 -0.0038697 0.001384 0.0004934 -0.0034552 0.0013841 0.0002458 -0.0032586 0.0013843 -0.0013319 -0.0031952 0.0011343 -0.001332 -0.0031952 0.0011341 -0.0002685 -0.0031976 0.0011341 0.0003881 -0.0033348 0.0013845 -0.001334 -0.0041177 0.0013845 -0.0013348 -0.0044861 0.0011345 -0.001334 -0.0041177 0.0011345 -0.0013348 -0.0044861 0.0013843 0.0003179 -0.0053866 0.0013846 -0.0013368 -0.0054093 0.0011346 -0.0013368 -0.0054094 0.0011343 0.0004323 -0.0053322 0.0013842 0.0005532 -0.0048949 0.0013843 0.0005033 -0.0052648 0.0011342 0.0005339 -0.0048317 0.0011343 0.0004323 -0.0053322 0.0013842 0.0003409 -0.004586 0.0013842 0.0005532 -0.0048949 0.0011342 0.0005339 -0.0048317 0.0011342 0.0003408 -0.0045861 0.0013842 0.0003409 -0.004586 0.0013845 -0.0013348 -0.0044861 0.0011345 -0.0013348 -0.0044861 0.0011342 0.0003408 -0.0045861 0.0013887 -0.0003494 -0.0359687 0.0013888 6e-06 -0.036935 0.0013888 -0.000381 -0.036311 0.0011388 -2.81e-05 -0.0369116 0.0011388 -0.0002986 -0.0365939 0.0011388 -0.0003854 -0.0362257 0.0011387 -0.0002887 -0.0358209 0.0013887 -0.000679 -0.0357401 0.0013889 -0.0011106 -0.0360198 0.0011388 -0.0009787 -0.0358569 0.0011387 -0.000679 -0.0357401 0.0013889 -0.0011106 -0.0360198 0.0013889 -0.0010831 -0.0365246 0.0011389 -0.0011431 -0.0361254 0.0011389 -0.0010081 -0.0366279 0.0013889 -0.0007123 -0.0368218 0.0013888 6e-06 -0.036935 0.0013889 -0.0010831 -0.0365246 0.0011388 -2.81e-05 -0.0369116 0.0011389 -0.0010081 -0.0366279 0.0011389 -0.0004344 -0.0369008 0.0013887 -0.0007066 -0.0353885 0.0013887 -0.000679 -0.0357401 0.0011387 -0.000679 -0.0357401 0.0011387 -0.0007066 -0.0353886 0.0013887 -0.0003494 -0.0359687 0.0013886 0.0001108 -0.0354377 0.0011387 -0.0002887 -0.0358209 0.0011385 0.000196 -0.0354015 0.0013886 0.0001108 -0.0354377 0.0013884 0.0011285 -0.0354594 0.0011385 0.000196 -0.0354015 0.0011384 0.0009512 -0.035386 0.0013884 0.0014498 -0.0357418 0.0013884 0.0011285 -0.0354594 0.0011384 0.0009512 -0.035386 0.0011384 0.001433 -0.035719 0.0011384 0.0015984 -0.0361185 0.0013885 0.0014914 -0.0367424 0.0013884 0.0014498 -0.0357418 0.0011384 0.0015984 -0.0361185 0.0011384 0.0015992 -0.0364269 0.0013887 0.0004908 -0.0372914 0.0013885 0.0014914 -0.0367424 0.0011384 0.0015992 -0.0364269 0.0011385 0.0014575 -0.0367981 0.0011386 0.0011567 -0.0370987 0.0013889 -0.0006475 -0.0372103 0.0013887 0.0004908 -0.0372914 0.0011386 0.0011567 -0.0370987 0.0011388 0.0003991 -0.0372988 0.0011389 -0.0002869 -0.0372808 0.001139 -0.0009189 -0.0371064 0.0013889 -0.0006475 -0.0372103 0.001389 -0.0014163 -0.036532 0.001139 -0.0009189 -0.0371064 0.001139 -0.0012205 -0.0368826 0.001389 -0.0014163 -0.036532 0.0013887 -0.0007066 -0.0353885 0.0013889 -0.0013826 -0.0358504 0.0013888 -0.0011461 -0.0355471 0.0011387 -0.0007066 -0.0353886 0.0011389 -0.0014522 -0.0361363 0.0011389 -0.0013341 -0.0357562 0.0013827 -0.0013068 0.0082537 0.0013828 -0.0013076 0.0078669 0.0011327 -0.0013068 0.0082537 0.0011328 -0.0013077 0.0078669 0.0013823 0.0002477 0.0098037 0.0013822 0.0006769 0.0095862 0.0011322 0.0002605 0.0098013 0.0011322 0.0007918 0.0094252 0.0013823 0.0008498 0.0083569 0.0013822 0.0006769 0.0095862 0.0013822 0.0008722 0.0092113 0.0011322 0.0007918 0.0094252 0.0011322 0.0009084 0.0089857 0.0011323 0.0008724 0.0084298 0.0013823 0.0008498 0.0083569 0.0013824 0.0006716 0.0081025 0.0011323 0.0008724 0.0084298 0.0011324 0.0006253 0.0080698 0.0013827 -0.0010095 0.0079672 0.0013824 0.0006716 0.0081025 0.0013828 -0.0013076 0.0078669 0.0011328 -0.0013077 0.0078669 0.0011324 0.0006253 0.0080698 0.0011327 -0.0010096 0.0079671 0.0013823 0.0002477 0.0098037 0.0013823 0.0002001 0.0094438 0.0011322 0.0002605 0.0098013 0.0011323 0.0002292 0.0094371 0.0013824 0.0005923 0.0086575 0.0013824 0.0004223 0.008404 0.0011323 0.0006079 0.0089981 0.0011324 0.000492 0.0084575 0.0013825 6.09e-05 0.008386 0.0013824 0.0004223 0.008404 0.0011324 0.000492 0.0084575 0.0011325 6.08e-05 0.008386 0.0013824 -0.0001282 0.0093838 0.0013825 6.09e-05 0.008386 0.0011325 6.08e-05 0.008386 0.0011324 -0.0002834 0.0096771 0.0013827 -0.0013068 0.0082537 0.0013827 -0.0012463 0.0086438 0.0013826 -0.0013561 0.0091493 0.0011326 -0.001306 0.0094569 0.0011327 -0.0010946 0.00832 0.0013826 -0.0013561 0.0091493 0.0013825 -0.0009835 0.0098203 0.0013826 -0.0012701 0.0095418 0.0011325 -0.0010621 0.0097779 0.0011326 -0.001306 0.0094569 0.0013824 -0.0005925 0.009856 0.0013825 -0.0009835 0.0098203 0.0011325 -0.0010621 0.0097779 0.0011324 -0.0005192 0.0098358 0.0013824 -0.0005925 0.009856 0.0013824 -0.0001282 0.0093838 0.0011324 -0.0005192 0.0098358 0.0011324 -0.0002834 0.0096771 0.0013823 -0.0013002 0.011233 0.001382 0.0016972 0.0100522 0.0011323 -0.0013003 0.011233 0.001132 0.0016971 0.0100522 0.0011323 -0.0013003 0.011233 0.001132 0.0016971 0.0100522 0.0011323 -0.0012994 0.0116382 0.0011322 -0.0009332 0.0114229 0.0011316 0.0017032 0.0127943 0.0011319 0.001698 0.0104551 0.0011316 0.0017022 0.0123668 0.001382 0.0016972 0.0100522 0.0013819 0.0016981 0.0104551 0.001132 0.0016971 0.0100522 0.0011319 0.001698 0.0104551 0.0013822 -0.0009682 0.011433 0.0013819 0.0016981 0.0104551 0.0011322 -0.0009332 0.0114229 0.0011319 0.001698 0.0104551 0.0013816 0.0017023 0.0123669 0.0013822 -0.0009682 0.011433 0.0011322 -0.0009332 0.0114229 0.0011316 0.0017022 0.0123668 0.0013816 0.0017032 0.0127943 0.0013816 0.0017023 0.0123669 0.0011316 0.0017032 0.0127943 0.0011316 0.0017022 0.0123668 0.0013823 -0.0012993 0.0116382 0.0013816 0.0017032 0.0127943 0.0011323 -0.0012994 0.0116382 0.0011316 0.0017032 0.0127943 0.0013823 -0.0012993 0.0116382 0.0013823 -0.0013002 0.011233 0.0011323 -0.0013003 0.011233 0.0011323 -0.0012994 0.0116382 0.0013817 -0.0003015 0.014151 0.0013815 -0.0002979 0.015778 0.0011315 -0.0002979 0.015778 0.0011317 -0.0003015 0.014151 0.0013817 -0.0012019 0.015685 0.0013818 -0.001335 0.0149646 0.0013818 -0.0006407 0.014164 0.0013818 -0.0011869 0.0145385 0.0011318 -0.0006407 0.014164 0.0011318 -0.0011369 0.0144709 0.0011318 -0.0012891 0.0147496 0.0011317 -0.0013068 0.0154286 0.0013814 -2.12e-05 0.0161433 0.0013814 0.0004743 0.0159831 0.0013817 -0.0012019 0.015685 0.0013816 -0.0009091 0.015982 0.0013813 0.0008223 0.0156221 0.0013815 -0.0006549 0.0160967 0.0013814 0.000922 0.0152711 0.0011317 -0.0013068 0.0154286 0.0011316 -0.0008238 0.01603 0.0011315 -0.0003116 0.0161527 0.0011313 0.000588 0.0159045 0.0011313 0.0007803 0.0156948 0.0011314 0.0009143 0.0149618 0.0013815 0.0007245 0.0145211 0.0013814 0.000922 0.0152711 0.0011314 0.0009143 0.0149618 0.0011315 0.0006657 0.0144564 0.0013815 0.0007245 0.0145211 0.0013816 0.0002606 0.0142152 0.0013817 -0.0003015 0.014151 0.0011317 -0.0003015 0.014151 0.0011316 0.000425 0.0142792 0.0011315 0.0006657 0.0144564 0.0013818 -0.0006407 0.014164 0.0013817 -0.000593 0.0145423 0.0011318 -0.0006407 0.014164 0.0011317 -0.0005931 0.0145422 0.0013817 -0.0008748 0.0155472 0.0013815 -0.0002979 0.015778 0.0011315 -0.0002979 0.015778 0.0011316 -0.0006869 0.0156851 0.0013817 -0.0010313 0.015228 0.0013817 -0.0008748 0.0155472 0.0011317 -0.0010127 0.0153102 0.0011316 -0.0006869 0.0156851 0.0013818 -0.0008799 0.0147071 0.0013817 -0.0010313 0.015228 0.0011317 -0.0010127 0.0153102 0.0011318 -0.0009469 0.0147864 0.0013818 -0.0008799 0.0147071 0.0013817 -0.000593 0.0145423 0.0011317 -0.0005931 0.0145422 0.0011318 -0.0009469 0.0147864 0.0013815 -0.0012876 0.0169567 0.0013816 -0.0012884 0.0165883 0.0011315 -0.0012877 0.0169567 0.0011316 -0.0012885 0.0165883 0.0011315 -0.0012877 0.0169567 0.0011316 -0.0012885 0.0165883 0.0011311 0.0005541 0.0179288 0.001131 0.0004653 0.0183076 0.0011309 0.0008663 0.0188881 0.0011311 0.0008513 0.0176176 0.0011311 0.0006134 0.0172795 0.0011311 0.0005769 0.0175499 0.001131 0.0008825 0.018236 0.0011309 0.000701 0.0191109 0.0011311 0.0005872 0.0179069 0.0011312 0.0006482 0.0166797 0.0011313 -0.0012848 0.0182483 0.0011309 0.0006814 0.0191283 0.0011312 -0.001282 0.0195392 0.0011312 0.0004713 0.0170268 0.0011311 0.0005586 0.0179259 0.0011312 -0.0012828 0.0191708 0.0011311 0.0008893 0.0169687 0.0011314 -0.0012857 0.0178799 0.001131 0.0006098 0.018524 0.0011311 0.0003161 0.0178188 0.001131 0.0001612 0.0191426 0.0011309 0.0003792 0.0190699 0.0011308 0.0008891 0.0195344 0.0011308 0.0008884 0.0192029 0.0013811 0.0005541 0.0179289 0.0013811 0.0005587 0.0179259 0.0011311 0.0005541 0.0179288 0.0011311 0.0005872 0.0179069 0.0011311 0.0005586 0.0179259 0.0013811 0.0008287 0.017658 0.0013811 0.0005587 0.0179259 0.0011311 0.0008513 0.0176176 0.0011311 0.0005872 0.0179069 0.0013812 0.0008674 0.0169145 0.0013811 0.0008287 0.017658 0.0011311 0.0008513 0.0176176 0.0011311 0.0008893 0.0169687 0.0013812 0.0008674 0.0169145 0.0013812 0.0006482 0.0166797 0.0011312 0.0006482 0.0166797 0.0011311 0.0008893 0.0169687 0.0013812 0.0006482 0.0166797 0.0013816 -0.0012884 0.0165883 0.0011316 -0.0012885 0.0165883 0.0011312 0.0006482 0.0166797 0.0013809 0.0006814 0.0191283 0.0013809 0.0009279 0.018414 0.0011309 0.0008663 0.0188881 0.0011309 0.000701 0.0191109 0.0013809 0.0009279 0.018414 0.001381 0.0008328 0.0181409 0.0013811 0.0005587 0.0179259 0.0011311 0.0005541 0.0179288 0.0011309 0.0008663 0.0188881 0.001131 0.0008825 0.018236 0.0013808 0.0008884 0.0192029 0.0013809 0.0006814 0.0191283 0.0011309 0.0006814 0.0191283 0.0011308 0.0008884 0.0192029 0.0013808 0.0008884 0.0192029 0.0013808 0.0008892 0.0195344 0.0011308 0.0008891 0.0195344 0.0011308 0.0008884 0.0192029 0.0013808 0.0008892 0.0195344 0.0013812 -0.001282 0.0195392 0.0011312 -0.001282 0.0195392 0.0011308 0.0008891 0.0195344 0.0013812 -0.001282 0.0195392 0.0013812 -0.0012828 0.0191708 0.0011312 -0.001282 0.0195392 0.0011312 -0.0012828 0.0191708 0.0013811 0.0003354 0.0182626 0.0013813 -0.0012848 0.0182483 0.001131 0.0004653 0.0183076 0.0011313 -0.0012848 0.0182483 0.001381 0.0005723 0.0184187 0.0013811 0.0003354 0.0182626 0.001131 0.0004653 0.0183076 0.001131 0.0006098 0.018524 0.0013809 0.0005661 0.0188688 0.0013809 0.0003319 0.019093 0.0013812 -0.0012828 0.0191708 0.0011312 -0.0012828 0.0191708 0.001131 0.0001612 0.0191426 0.0011309 0.0003792 0.0190699 0.0013813 -0.0012848 0.0182483 0.0013814 -0.0012856 0.01788 0.0011313 -0.0012848 0.0182483 0.0011314 -0.0012857 0.0178799 0.0013812 0.000389 0.016986 0.0013815 -0.0012876 0.0169567 0.0011315 -0.0012877 0.0169567 0.0011312 0.0004713 0.0170268 0.0013812 0.0005572 0.0171077 0.0013812 0.000389 0.016986 0.0011311 0.0006134 0.0172795 0.0011312 0.0004713 0.0170268 0.0013811 0.0005702 0.0175653 0.0013812 0.0005572 0.0171077 0.0011311 0.0006134 0.0172795 0.0011311 0.0005769 0.0175499 0.0013811 0.00039 0.01778 0.0013811 0.0005702 0.0175653 0.0011311 0.0005769 0.0175499 0.0011311 0.0003161 0.0178188 0.0013811 0.00039 0.01778 0.0013814 -0.0012856 0.01788 0.0011314 -0.0012857 0.0178799 0.0011311 0.0003161 0.0178188 0.0011305 0.0004875 0.0222106 0.0011304 0.0008272 0.0220825 0.0011304 0.0008783 0.0226821 0.0011304 0.0005461 0.0226096 0.0011304 0.0009447 0.0224576 0.0011306 -0.0012738 0.0232705 0.0011304 0.0006898 0.0228591 0.0011307 -0.0012746 0.0229022 0.0011304 0.000227 0.0228561 0.0011303 0.0008973 0.0232658 0.0011303 0.0008966 0.0229296 0.0013804 0.0006899 0.0228591 0.0013804 0.0008996 0.0226462 0.0011304 0.0008783 0.0226821 0.0011304 0.0009447 0.0224576 0.0011304 0.0006898 0.0228591 0.0013804 0.0008996 0.0226462 0.0013804 0.0008272 0.0220825 0.0011304 0.0008272 0.0220825 0.0011304 0.0009447 0.0224576 0.0013804 0.0006635 0.0228755 0.0013803 0.0008966 0.0229297 0.0011304 0.0006898 0.0228591 0.0011303 0.0008966 0.0229296 0.0013803 0.0008966 0.0229297 0.0013803 0.0008974 0.0232658 0.0011303 0.0008973 0.0232658 0.0011303 0.0008966 0.0229296 0.0013803 0.0008974 0.0232658 0.0013806 -0.0012738 0.0232706 0.0011306 -0.0012738 0.0232705 0.0011303 0.0008973 0.0232658 0.0013806 -0.0012738 0.0232706 0.0013807 -0.0012746 0.0229022 0.0011306 -0.0012738 0.0232705 0.0011307 -0.0012746 0.0229022 0.0013804 0.0005462 0.0226096 0.0013805 0.0005409 0.0223244 0.0011305 0.0004875 0.0222106 0.0011304 0.0005461 0.0226096 0.0013804 0.0005462 0.0226096 0.0013805 0.0001693 0.0228705 0.0011304 0.0005461 0.0226096 0.0011304 0.000227 0.0228561 0.0013805 0.0001693 0.0228705 0.0013807 -0.0012746 0.0229022 0.0011307 -0.0012746 0.0229022 0.0011304 0.000227 0.0228561 0.0013805 -0.0012718 0.0241846 0.0013806 -0.0012726 0.0238147 0.0011305 -0.0012718 0.0241846 0.0011306 -0.0012726 0.0238147 0.0011305 -0.0012718 0.0241846 0.0011306 -0.0012726 0.0238147 0.0011302 0.0002804 0.0241974 0.00113 0.0009134 0.0248201 0.0011302 0.0008086 0.0240615 0.0011302 0.0005805 0.0238809 0.00113 0.0006537 0.0252164 0.0011301 0.0005981 0.0248389 0.0011302 0.0005883 0.0244142 0.0011303 -0.0012687 0.025589 0.0011301 0.0003837 0.0251171 0.0011304 -0.0012695 0.0252207 0.0011298 0.0017313 0.0255824 0.0011299 0.0017305 0.0252141 0.0013801 0.0009333 0.0247383 0.00138 0.0006538 0.0252165 0.00113 0.0009134 0.0248201 0.00113 0.0006537 0.0252164 0.0013802 0.0008383 0.0241094 0.0013801 0.0009333 0.0247383 0.00113 0.0009134 0.0248201 0.0011302 0.0008086 0.0240615 0.0013802 0.0008383 0.0241094 0.0013802 0.0006283 0.0239024 0.0011302 0.0008086 0.0240615 0.0011302 0.0005805 0.0238809 0.0013806 -0.0012726 0.0238147 0.0013802 0.0006283 0.0239024 0.0011306 -0.0012726 0.0238147 0.0011302 0.0005805 0.0238809 0.0013799 0.0017305 0.0252141 0.00138 0.0006538 0.0252165 0.00113 0.0006537 0.0252164 0.0011299 0.0017305 0.0252141 0.0013799 0.0017305 0.0252141 0.0013798 0.0017313 0.0255825 0.0011298 0.0017313 0.0255824 0.0011299 0.0017305 0.0252141 0.0013803 -0.0012687 0.0255891 0.0013798 0.0017313 0.0255825 0.0011303 -0.0012687 0.025589 0.0011298 0.0017313 0.0255824 0.0013804 -0.0012695 0.0252207 0.0013803 -0.0012687 0.0255891 0.0011303 -0.0012687 0.025589 0.0011304 -0.0012695 0.0252207 0.0013801 0.0003209 0.0251498 0.0013801 0.0005089 0.0250005 0.0013802 0.000505 0.0243017 0.0013801 0.0006322 0.0246594 0.0011301 0.0005981 0.0248389 0.0011302 0.0005883 0.0244142 0.0011301 0.0003837 0.0251171 0.0013801 0.0003209 0.0251498 0.0013804 -0.0012695 0.0252207 0.0011301 0.0003837 0.0251171 0.0011304 -0.0012695 0.0252207 0.0013802 0.0002804 0.0241974 0.0013802 0.000505 0.0243017 0.0013805 -0.0012718 0.0241846 0.0011305 -0.0012718 0.0241846 0.0011302 0.0002804 0.0241974 0.0011302 0.0005883 0.0244142 0.0013801 -0.0013141 0.0271823 0.00138 -0.00126 0.0277346 0.0013799 -0.0009513 0.0282639 0.0013801 -0.000316 0.0260313 0.0013801 -0.0007348 0.0261985 0.0013802 -0.0011874 0.0266804 0.0011302 -0.0008973 0.0263112 0.0011301 -0.0003161 0.0260313 0.0011299 -0.0010655 0.0281385 0.0011298 -0.0004495 0.0285614 0.0011302 -0.0012197 0.0267514 0.0011301 -0.0013059 0.0274812 0.0011302 -0.0008973 0.0263112 0.0011301 -0.0003161 0.0260313 0.0011298 0.0008161 0.0264686 0.0011298 0.0010504 0.0265675 0.0011298 -0.0002277 0.028218 0.0011299 -0.0010655 0.0281385 0.0011298 0.0013772 0.0263175 0.0011299 -0.0008137 0.0278468 0.0011298 -0.0004495 0.0285614 0.0011302 -0.0012197 0.0267514 0.0011296 0.0014017 0.0276026 0.00113 -0.0009746 0.0273702 0.0011295 0.0016865 0.0278264 0.0011301 -0.0008612 0.0268373 0.0011296 0.0003719 0.0286773 0.0011295 0.0011752 0.0284456 0.0011297 0.0013625 0.0268827 0.0011296 0.0017521 0.0269418 0.0011296 0.0012225 0.0279232 0.0011301 -0.0013059 0.0274812 0.0011296 0.0006585 0.0282274 0.00113 -0.0002147 0.0264256 0.0011299 0.0009074 0.0260793 0.0013801 -0.000316 0.0260313 0.00138 -0.0002711 0.0264398 0.0011301 -0.0003161 0.0260313 0.00113 -0.0002147 0.0264256 0.0013797 0.0013159 0.0268039 0.0013798 0.0008162 0.0264686 0.0011298 0.0008161 0.0264686 0.0011298 0.0010504 0.0265675 0.0013796 0.0014445 0.0272026 0.0013797 0.0013159 0.0268039 0.0011298 0.0010504 0.0265675 0.0011297 0.0013625 0.0268827 0.0013796 0.0014445 0.0272026 0.0013796 0.0013928 0.0276312 0.0011296 0.0014017 0.0276026 0.0011297 0.0013625 0.0268827 0.0013796 0.0011644 0.0279804 0.0013796 0.0013928 0.0276312 0.0011296 0.0014017 0.0276026 0.0011296 0.0012225 0.0279232 0.0013799 -0.0006969 0.0279796 0.0013797 -7.3e-05 0.0282473 0.0011298 -0.0002277 0.028218 0.0011299 -0.0008137 0.0278468 0.0011296 0.0006585 0.0282274 0.00138 -0.0009718 0.0274075 0.0013801 -0.0008352 0.0267968 0.0013799 -0.0006969 0.0279796 0.0011299 -0.0008137 0.0278468 0.00113 -0.0009746 0.0273702 0.0011301 -0.0008612 0.0268373 0.0013801 -0.0008352 0.0267968 0.00138 -0.0002711 0.0264398 0.0011301 -0.0008612 0.0268373 0.00113 -0.0002147 0.0264256 0.0013799 0.0009601 0.0260955 0.0013798 0.0008162 0.0264686 0.0011298 0.0008161 0.0264686 0.0011299 0.0009074 0.0260793 0.0013796 0.000444 0.0286727 0.0013799 -0.0009513 0.0282639 0.0013795 0.0012104 0.0284224 0.0011298 -0.0004495 0.0285614 0.0011296 0.0003719 0.0286773 0.0011295 0.0011752 0.0284456 0.0013795 0.0012104 0.0284224 0.0013795 0.0017297 0.0276987 0.0011295 0.0016865 0.0278264 0.0011295 0.0011752 0.0284456 0.0013795 0.0017297 0.0276987 0.0013796 0.0017684 0.027027 0.0011295 0.0016865 0.0278264 0.0011296 0.0017521 0.0269418 0.0013796 0.0017684 0.027027 0.0013797 0.0015027 0.0264396 0.0011298 0.0013772 0.0263175 0.0011296 0.0017521 0.0269418 0.0013797 0.0015027 0.0264396 0.0013799 0.0009601 0.0260955 0.0011298 0.0013772 0.0263175 0.0011299 0.0009074 0.0260793 0.0013754 -0.0004691 0.059744 0.0013755 -0.0007919 0.0596088 0.0011254 -0.0004897 0.0597401 0.0011255 -0.0008225 0.0595801 0.0013756 -0.0009404 0.0591857 0.0013755 -0.0007919 0.0596088 0.0011255 -0.0008225 0.0595801 0.0011256 -0.0009423 0.0592777 0.0013756 -0.0008345 0.0588998 0.0013756 -0.0009404 0.0591857 0.0011256 -0.0009423 0.0592777 0.0011256 -0.0008552 0.0589293 0.0013756 -0.0006308 0.0587248 0.0013756 -0.0008345 0.0588998 0.0011256 -0.0008552 0.0589293 0.0011256 -0.0003296 0.0586061 0.0013755 0.0002159 0.058549 0.0013755 3.53e-05 0.0585532 0.0011255 5.24e-05 0.0586865 0.0011256 -0.0003296 0.0586061 0.0013754 -0.0004967 0.0600955 0.0013754 -0.0004691 0.059744 0.0011254 -0.0004897 0.0597401 0.0011254 -0.0004968 0.0600955 0.0013754 -0.0001396 0.0595154 0.0013755 0.0002159 0.058549 0.0013755 -0.000153 0.0590656 0.0011255 5.24e-05 0.0586865 0.0011255 -0.0001755 0.0592584 0.0011253 5.74e-05 0.0598514 0.0013751 0.0011928 0.0600879 0.0013753 0.0003207 0.0600463 0.0011252 0.0006104 0.0601341 0.0011251 0.0010225 0.0601304 0.0013751 0.0011928 0.0600879 0.0013751 0.0017814 0.0594892 0.0011251 0.0017302 0.0596227 0.0011251 0.0010225 0.0601304 0.0013751 0.0017814 0.0594892 0.0013752 0.0017912 0.0589671 0.0011251 0.0017302 0.0596227 0.0011252 0.0017834 0.058938 0.0013752 0.0017912 0.0589671 0.0013753 0.0014379 0.0584346 0.0013755 0.0005049 0.0581802 0.0013757 -0.0006317 0.0583418 0.0011252 0.0017834 0.058938 0.0011253 0.0014586 0.0584511 0.0011254 0.0011226 0.0582751 0.0011255 0.0005049 0.0581801 0.0011256 -0.0003783 0.0582578 0.0013757 -0.0010486 0.0586456 0.0013757 -0.0006317 0.0583418 0.0011257 -0.0010828 0.0586909 0.0011256 -0.0003783 0.0582578 0.0013757 -0.0010486 0.0586456 0.0013756 -0.0011926 0.0595834 0.0011257 -0.0010828 0.0586909 0.0011256 -0.0012446 0.0593127 0.0013756 -0.0011926 0.0595834 0.0013755 -0.0008096 0.0600109 0.0011256 -0.0012446 0.0593127 0.0011256 -0.0011101 0.0597504 0.0013754 -0.0004967 0.0600955 0.0013755 -0.0008096 0.0600109 0.0011254 -0.0004968 0.0600955 0.0011256 -0.0011101 0.0597504 0.0013806 7.98e-05 0.0219733 0.0013805 0.0004361 0.0218643 0.0013808 -0.0009686 0.0217742 0.0013805 0.0007969 0.0215228 0.0013807 -0.0006331 0.02194 0.0011308 -0.0008554 0.0218504 0.0011307 -0.0003445 0.0219876 0.0011305 0.0004874 0.0218361 0.0011305 0.0008678 0.0213808 0.0013805 0.0007969 0.0215228 0.0013806 0.0009219 0.0207558 0.0011306 0.0009071 0.0206891 0.0011305 0.0008678 0.0213808 0.0013806 0.0009219 0.0207558 0.0013808 0.0005334 0.0201435 0.0011306 0.0009071 0.0206891 0.0011308 0.0005802 0.0201785 0.0013809 -0.0012927 0.0212658 0.001381 -0.0005734 0.019998 0.0013808 0.0005334 0.0201435 0.001381 -0.0010362 0.0202384 0.001381 -0.0012621 0.0205979 0.0013809 0.0001536 0.019986 0.0011308 0.0005802 0.0201785 0.0011309 -0.0002381 0.0199578 0.001131 -0.0007528 0.0200529 0.001131 -0.0012495 0.0205663 0.001131 -0.00132 0.0211312 0.0013809 -0.0012927 0.0212658 0.0013808 -0.0009686 0.0217742 0.0011308 -0.0008554 0.0218504 0.001131 -0.00132 0.0211312 0.0011334 -0.0013171 0.0035922 0.0011334 -0.0013179 0.0032054 0.0011329 0.0002502 0.0051397 0.0011329 0.000862 0.0045497 0.001133 0.000883 0.0038675 0.0011331 0.0005801 0.0033891 0.0011334 -0.0009118 0.0033139 0.0011329 0.0006346 0.0049562 0.001133 0.0006003 0.0041212 0.0011329 0.0004774 0.0046418 0.001133 0.0002189 0.0047755 0.001133 0.0004751 0.0037891 0.0011331 6.23e-05 0.0036897 0.0011333 -0.0013131 0.0041244 0.0011331 -0.0011019 0.0050957 0.0011331 -0.0007578 0.0052077 0.001133 -0.0002589 0.0049728 0.0011333 -0.001049 0.0036676 0.0011332 -0.0002342 0.0037099 0.0011331 -0.0007318 0.004815 0.0011331 -0.0004415 0.0046264 0.0011333 -0.0010363 0.004126 0.0011333 -0.0008658 0.0038468 0.0011332 -0.0010452 0.0045844 0.0011331 -0.0007318 0.004815 0.0011332 -0.0010452 0.0045844 0.0013832 -0.001063 0.0045188 0.0013831 -0.00083 0.0048012 0.0011333 -0.0010363 0.004126 0.0011333 -0.0008658 0.0038468 0.0011332 -0.0010452 0.0045844 0.0013832 -0.001063 0.0045188 0.0013833 -0.0009157 0.0039018 0.0011332 -0.0002342 0.0037099 0.0011333 -0.0008658 0.0038468 0.0013833 -0.0009157 0.0039018 0.0013832 -0.0002278 0.0036903 0.0011332 -0.0002342 0.0037099 0.0011331 -0.0007318 0.004815 0.0011331 -0.0004415 0.0046264 0.0013832 -0.0002278 0.0036903 0.0013831 -0.0004415 0.0046264 0.0013831 -0.0005843 0.0047823 0.0013832 -0.001063 0.0045188 0.0013833 -0.0009157 0.0039018 0.0013832 -0.0002278 0.0036903 0.0013831 -0.0004415 0.0046264 0.0013831 -0.0005843 0.0047823 0.0013831 -0.00083 0.0048012 0.0011327 -0.0013068 0.0082537 0.0011328 -0.0013077 0.0078669 0.0011322 0.0002605 0.0098013 0.0011322 0.0007918 0.0094252 0.0011322 0.0009084 0.0089857 0.0011323 0.0008724 0.0084298 0.0011324 0.0006253 0.0080698 0.0011327 -0.0010096 0.0079671 0.0011323 0.0006079 0.0089981 0.0011323 0.0002292 0.0094371 0.0011324 0.000492 0.0084575 0.0011325 6.08e-05 0.008386 0.0011325 -0.0010621 0.0097779 0.0011324 -0.0005192 0.0098358 0.0011324 -0.0002834 0.0096771 0.0011326 -0.001306 0.0094569 0.0011327 -0.0010946 0.00832 0.0011325 -0.0002176 0.0083518 0.0011325 -0.0003921 0.009179 0.0011325 -0.0009595 0.0093732 0.0011324 -0.0005741 0.0094438 0.0011326 -0.001009 0.0087417 0.0011326 -0.0006527 0.0083936 0.0011325 -0.0009595 0.0093732 0.0011326 -0.001009 0.0087417 0.0013825 -0.0009831 0.0093449 0.0013826 -0.001064 0.0089873 0.0011326 -0.001009 0.0087417 0.0011326 -0.0006527 0.0083936 0.0013826 -0.001064 0.0089873 0.0013826 -0.0007316 0.0084249 0.0011325 -0.0002176 0.0083518 0.0011326 -0.0006527 0.0083936 0.0013826 -0.0007316 0.0084249 0.0013825 -0.0002175 0.0083519 0.0011325 -0.0002176 0.0083518 0.0011325 -0.0003921 0.009179 0.0011324 -0.0005741 0.0094438 0.0013825 -0.0002175 0.0083519 0.0013824 -0.0004787 0.0093649 0.0013825 -0.0006826 0.0094746 0.0011325 -0.0009595 0.0093732 0.0011324 -0.0005741 0.0094438 0.0013825 -0.0009831 0.0093449 0.0013825 -0.0006826 0.0094746 0.0013825 -0.0009831 0.0093449 0.0013826 -0.001064 0.0089873 0.0013826 -0.0007316 0.0084249 0.0013825 -0.0002175 0.0083519 0.0013824 -0.0004787 0.0093649 0.0013825 -0.0006826 0.0094746 0.0011337 -0.0013227 0.001002 0.0011332 0.0016772 0.0009954 0.0011332 0.0016781 0.0013638 0.0011337 -0.0010673 0.0013631 0.0011337 -0.0013411 0.001724 0.0011336 -0.0013525 0.002142 0.0011335 -0.001245 0.0024047 0.0011334 -0.0008247 0.002766 0.0011332 0.0004794 0.0027138 0.0011332 0.0008212 0.0023449 0.0011332 0.0008996 0.0019709 0.0011333 0.0007156 0.0014675 0.0011333 0.0006993 0.0014509 0.0011333 0.0006819 0.0014344 0.0011333 -0.0004608 0.0028702 0.0011337 -0.0013084 0.0013458 0.0011335 -5.9e-05 0.0013469 0.0011334 0.0003867 0.0015038 0.0011333 0.0005468 0.001688 0.0011336 -0.0008713 0.0015043 0.0011333 0.0004432 0.0023038 0.0011334 -0.0006672 0.0024397 0.0011333 -9.71e-05 0.002502 0.0011335 -0.0009322 0.002265 0.0011336 -0.0010647 0.0019787 0.0011334 -0.0006672 0.0024397 0.0011333 -9.71e-05 0.002502 0.0011335 -0.0009322 0.002265 0.0011336 -0.0010647 0.0019787 0.0013833 0.0002705 0.0024132 0.0013834 -0.0007177 0.0024187 0.0013836 -0.0010517 0.0020434 0.0011336 -0.0008713 0.0015043 0.0011336 -0.0010647 0.0019787 0.0013836 -0.0010517 0.0020434 0.0013836 -0.0009925 0.0016416 0.0011333 0.0004432 0.0023038 0.0011333 -9.71e-05 0.002502 0.0013833 0.0002705 0.0024132 0.0013833 0.0005522 0.0021571 0.0011335 -5.9e-05 0.0013469 0.0011334 0.0003867 0.0015038 0.0011336 -0.0008713 0.0015043 0.0013836 -0.0005081 0.001353 0.0013834 0.0002111 0.0014113 0.0011334 0.0003867 0.0015038 0.0011333 0.0005468 0.001688 0.0013834 0.0002111 0.0014113 0.0013833 0.0005597 0.0017165 0.0011333 0.0005468 0.001688 0.0011333 0.0004432 0.0023038 0.0013833 0.0005597 0.0017165 0.0013833 0.0005522 0.0021571 0.0013833 0.0002705 0.0024132 0.0013834 -0.0007177 0.0024187 0.0013836 -0.0010517 0.0020434 0.0013836 -0.0009925 0.0016416 0.0013836 -0.0005081 0.001353 0.0013834 0.0002111 0.0014113 0.0013833 0.0005597 0.0017165 0.0013833 0.0005522 0.0021571 0.0011388 -2.81e-05 -0.0369116 0.0011388 -0.0009787 -0.0358569 0.0011389 -0.0011431 -0.0361254 0.0011389 -0.0010081 -0.0366279 0.0011389 -0.0004344 -0.0369008 0.0011387 -0.000679 -0.0357401 0.0011387 -0.0007066 -0.0353886 0.0011388 -0.0002986 -0.0365939 0.0011388 -0.0003854 -0.0362257 0.0011387 -0.0002887 -0.0358209 0.0011385 0.000196 -0.0354015 0.0011384 0.0009512 -0.035386 0.0011384 0.001433 -0.035719 0.0011384 0.0015984 -0.0361185 0.0011384 0.0015992 -0.0364269 0.0011385 0.0014575 -0.0367981 0.0011386 0.0011567 -0.0370987 0.0011388 0.0003991 -0.0372988 0.0011389 -0.0002869 -0.0372808 0.001139 -0.0009189 -0.0371064 0.001139 -0.0012205 -0.0368826 0.0011389 -0.0014522 -0.0361363 0.0011389 -0.0013341 -0.0357562 0.0011386 0.0010821 -0.0367566 0.0011386 0.0007788 -0.0368852 0.0011387 -2.54e-05 -0.0365329 0.0011385 0.0012702 -0.0365209 0.0011384 0.001247 -0.0360719 0.0011386 0.0003101 -0.0357606 0.0011387 0.0002769 -0.0368338 0.0011387 -3.25e-05 -0.0361127 0.0011385 0.0008003 -0.0357385 0.0011387 -2.54e-05 -0.0365329 0.0011387 0.0002769 -0.0368338 0.0013887 -1.9e-05 -0.0365482 0.0013887 0.0002769 -0.0368338 0.0011386 0.0010821 -0.0367566 0.0011386 0.0007788 -0.0368852 0.0011385 0.0012702 -0.0365209 0.0011387 0.0002769 -0.0368338 0.0013887 0.0002769 -0.0368338 0.0013886 0.0008779 -0.0368607 0.0013885 0.0012502 -0.036565 0.0011385 0.0012702 -0.0365209 0.0011384 0.001247 -0.0360719 0.0013885 0.0012502 -0.036565 0.0013884 0.0011717 -0.0359633 0.0011384 0.001247 -0.0360719 0.0011386 0.0003101 -0.0357606 0.0011385 0.0008003 -0.0357385 0.0013884 0.0011717 -0.0359633 0.0013885 0.0008971 -0.0357702 0.0013885 0.0005664 -0.0357123 0.0013886 0.000156 -0.0358507 0.0011387 -2.54e-05 -0.0365329 0.0011387 -3.25e-05 -0.0361127 0.0013887 -1.9e-05 -0.0365482 0.0013886 0.000156 -0.0358507 0.0013887 -1.9e-05 -0.0365482 0.0013887 0.0002769 -0.0368338 0.0013886 0.0008779 -0.0368607 0.0013885 0.0012502 -0.036565 0.0013884 0.0011717 -0.0359633 0.0013885 0.0008971 -0.0357702 0.0013885 0.0005664 -0.0357123 0.0013886 0.000156 -0.0358507 0.0011255 5.24e-05 0.0586865 0.0011254 -0.0004897 0.0597401 0.0011255 -0.0008225 0.0595801 0.0011256 -0.0009423 0.0592777 0.0011256 -0.0008552 0.0589293 0.0011256 -0.0003296 0.0586061 0.0011254 -0.0004968 0.0600955 0.0011255 -0.0001755 0.0592584 0.0011253 5.74e-05 0.0598514 0.0011252 0.0006104 0.0601341 0.0011251 0.0017302 0.0596227 0.0011252 0.0017834 0.058938 0.0011253 0.0014586 0.0584511 0.0011254 0.0011226 0.0582751 0.0011255 0.0005049 0.0581801 0.0011257 -0.0010828 0.0586909 0.0011256 -0.0012446 0.0593127 0.0011256 -0.0011101 0.0597504 0.0011256 -0.0003783 0.0582578 0.0011251 0.0010225 0.0601304 0.0011252 0.0013827 0.0588087 0.0011254 0.0001481 0.0591115 0.0011253 0.0003028 0.059575 0.0011253 0.0010643 0.0586163 0.0011252 0.0015069 0.0592686 0.0011252 0.0006432 0.0597588 0.0011254 0.0004667 0.0586597 0.0011254 0.0002485 0.0588362 0.0011252 0.0010599 0.059731 0.0011254 0.0004667 0.0586597 0.0011254 0.0002485 0.0588362 0.0013754 0.0001559 0.0590525 0.0013754 0.0005745 0.0586179 0.0011252 0.0013827 0.0588087 0.0011253 0.0010643 0.0586163 0.0011254 0.0004667 0.0586597 0.0013754 0.0005745 0.0586179 0.0013753 0.0012349 0.0586894 0.0013752 0.0014262 0.058863 0.0011252 0.0013827 0.0588087 0.0011252 0.0015069 0.0592686 0.0013752 0.0014262 0.058863 0.0013751 0.0014074 0.0594893 0.0011253 0.0003028 0.059575 0.0011252 0.0015069 0.0592686 0.0011252 0.0006432 0.0597588 0.0011252 0.0010599 0.059731 0.0013751 0.0014074 0.0594893 0.0013752 0.000957 0.0597572 0.0013753 0.0003983 0.0596578 0.0011254 0.0001481 0.0591115 0.0011253 0.0003028 0.059575 0.0013754 0.0001559 0.0590525 0.0013753 0.0003983 0.0596578 0.0013754 0.0001559 0.0590525 0.0013754 0.0005745 0.0586179 0.0013753 0.0012349 0.0586894 0.0013752 0.0014262 0.058863 0.0013751 0.0014074 0.0594893 0.0013752 0.000957 0.0597572 0.0013753 0.0003983 0.0596578 0.0011308 -0.0008554 0.0218504 0.0011307 -0.0003445 0.0219876 0.0011305 0.0004874 0.0218361 0.0011306 0.0009071 0.0206891 0.0011305 0.0008678 0.0213808 0.0011308 0.0005802 0.0201785 0.0011309 -0.0002381 0.0199578 0.001131 -0.0007528 0.0200529 0.001131 -0.0012495 0.0205663 0.001131 -0.00132 0.0211312 0.0011306 0.0006373 0.0210441 0.0011307 0.0004393 0.0205225 0.0011308 -0.0007393 0.0214913 0.0011306 0.0005538 0.0212948 0.0011309 -0.0007891 0.0204939 0.0011306 0.0001126 0.0215851 0.0011309 -0.0010259 0.0210177 0.0011309 -0.0003722 0.0203445 0.0011308 -0.0007393 0.0214913 0.0011306 0.0001126 0.0215851 0.0013807 -0.000415 0.0216011 0.0013808 -0.0008029 0.0214461 0.0011308 -0.0007393 0.0214913 0.0011309 -0.0010259 0.0210177 0.0013808 -0.0008029 0.0214461 0.0013809 -0.001001 0.0211585 0.0011309 -0.0007891 0.0204939 0.0011309 -0.0010259 0.0210177 0.0013809 -0.001001 0.0211585 0.001381 -0.0009251 0.0206254 0.0011307 0.0004393 0.0205225 0.0011309 -0.0007891 0.0204939 0.0011309 -0.0003722 0.0203445 0.001381 -0.0009251 0.0206254 0.0013809 -0.0003721 0.0203446 0.0013808 0.0002905 0.0204224 0.0011306 0.0006373 0.0210441 0.0011307 0.0004393 0.0205225 0.0013808 0.0002905 0.0204224 0.0013807 0.0006233 0.020825 0.0011306 0.0006373 0.0210441 0.0011306 0.0005538 0.0212948 0.0013806 0.0004271 0.0214392 0.0013807 0.0006233 0.020825 0.0013806 0.0004271 0.0214392 0.0013807 -0.000415 0.0216011 0.0013808 -0.0008029 0.0214461 0.0013809 -0.001001 0.0211585 0.001381 -0.0009251 0.0206254 0.0013809 -0.0003721 0.0203446 0.0013808 0.0002905 0.0204224 0.0013807 0.0006233 0.020825 0.0011315 -0.0002979 0.015778 0.0011317 -0.0003015 0.014151 0.0011318 -0.0006407 0.014164 0.0011318 -0.0011369 0.0144709 0.0011318 -0.0012891 0.0147496 0.0011317 -0.0013068 0.0154286 0.0011316 -0.0008238 0.01603 0.0011315 -0.0003116 0.0161527 0.0011313 0.000588 0.0159045 0.0011313 0.0007803 0.0156948 0.0011314 0.0009143 0.0149618 0.0011316 0.000425 0.0142792 0.0011315 0.0006657 0.0144564 0.0011317 -0.0005931 0.0145422 0.0011317 -0.0010127 0.0153102 0.0011318 -0.0009469 0.0147864 0.0011316 -0.0006869 0.0156851 0.0011316 2.5e-06 0.0145287 0.0011316 0.0003938 0.0146508 0.0011314 0.000437 0.0155778 0.0011315 0.0006236 0.0150627 0.0011315 3.63e-05 0.015753 0.0011316 2.5e-06 0.0145287 0.0011316 0.0003938 0.0146508 0.0013816 2.8e-05 0.0145307 0.0013816 0.000338 0.0146153 0.0011316 2.5e-06 0.0145287 0.0011315 3.63e-05 0.015753 0.0013816 2.8e-05 0.0145307 0.0013815 6.86e-05 0.0157483 0.0011316 0.0003938 0.0146508 0.0011314 0.000437 0.0155778 0.0011315 0.0006236 0.0150627 0.0013816 0.000338 0.0146153 0.0013815 0.0005918 0.0149277 0.0013814 0.0006096 0.0152936 0.0013814 0.0003865 0.0156191 0.0011314 0.000437 0.0155778 0.0011315 3.63e-05 0.015753 0.0013814 0.0003865 0.0156191 0.0013815 6.86e-05 0.0157483 0.0013816 2.8e-05 0.0145307 0.0013816 0.000338 0.0146153 0.0013815 0.0005918 0.0149277 0.0013814 0.0006096 0.0152936 0.0013814 0.0003865 0.0156191 0.0013815 6.86e-05 0.0157483 -0.0013629 -0.0033719 0.0667108 -0.0013489 0.0035852 0.066402 -0.0013606 0.0025055 -0.0445507 -0.0013603 0.0003168 -0.0441567 -0.0013599 -0.0019071 -0.0441426 -0.0013595 -0.0036675 -0.0444055 -0.0013591 -0.0036348 -0.0420729 0.0013746 -0.0017559 0.0672316 0.0013744 -0.0003685 0.0670168 0.0013738 0.0026781 0.0674602 0.0013719 -0.0032839 0.0667018 0.001371 -0.0036509 -0.0409629 0.0013806 -0.0032682 0.0258156 0.0013782 -0.0032294 0.0434369 0.001381 -0.0032732 0.023547 0.0013812 -0.0032765 0.0220455 0.0013815 -0.0032815 0.0197535 0.0013832 -0.0033081 0.0076453 0.0013841 -0.0033233 0.000719 0.001373 0.0034074 0.0669765 0.0013831 0.0031746 -0.0002304 0.001383 0.0031767 0.0007047 0.001382 0.0031919 0.007631 0.0013798 0.0032268 0.0235328 0.0013771 0.0032705 0.0434226 0.0013893 0.0033571 -0.0448121 0.0013897 0.0007599 -0.044205 0.0013837 0.0016768 -0.0025522 0.0013834 0.0008472 0.0004224 0.0013838 -0.001324 0.0004272 0.0013839 -0.0013248 5.88e-05 0.0013835 0.0008464 5.4e-05 0.0013833 0.001676 0.0004206 0.0013834 0.0012585 0.0004215 0.0013834 0.0012577 5.31e-05 0.0013834 0.0016752 5.22e-05 0.0013751 0.0011928 0.0600879 0.0013751 0.0017814 0.0594892 0.0013752 0.0017912 0.0589671 0.0013753 0.0014379 0.0584346 0.0013755 0.0005049 0.0581802 0.0013757 -0.0010486 0.0586456 0.0013757 -0.0006317 0.0583418 0.0013754 -0.0004967 0.0600955 0.0013756 -0.0011926 0.0595834 0.0013754 -0.0004691 0.059744 0.0013754 -0.0001396 0.0595154 0.0013755 0.0002159 0.058549 0.0013756 -0.0006308 0.0587248 0.0013755 3.53e-05 0.0585532 0.0013753 0.0003207 0.0600463 0.0013755 -0.000153 0.0590656 0.0013756 -0.0008345 0.0588998 0.0013756 -0.0009404 0.0591857 0.0013755 -0.0008096 0.0600109 0.0013755 -0.0007919 0.0596088 0.0013811 0.00039 0.01778 0.0013809 0.0005661 0.0188688 0.0013812 0.0009068 0.0163678 0.0013811 0.0005702 0.0175653 0.0013808 0.0008884 0.0192029 0.0013809 0.0006814 0.0191283 0.001381 0.0005723 0.0184187 0.0013812 0.0008674 0.0169145 0.0013812 0.0005572 0.0171077 0.0013812 0.000389 0.016986 0.0013809 0.0003319 0.019093 0.0013815 -0.0012876 0.0169567 0.0013811 0.0003354 0.0182626 0.0013812 0.0006482 0.0166797 0.0013813 -0.0012848 0.0182483 0.0013808 0.0008892 0.0195344 0.0013812 -0.001282 0.0195392 0.0013814 -0.0012856 0.01788 0.0013812 -0.0012828 0.0191708 0.0013816 -0.0012884 0.0165883 0.0013806 0.0017258 0.0197425 0.0013809 0.0009279 0.018414 0.001381 0.0008328 0.0181409 0.0013811 0.0008287 0.017658 0.0013811 0.0005587 0.0179259 0.0013814 -2.12e-05 0.0161433 0.0013814 0.0004743 0.0159831 0.0013817 -0.0012019 0.015685 0.0013816 -0.0009091 0.015982 0.0013813 0.0008223 0.0156221 0.0013815 -0.0006549 0.0160967 0.0013831 0.0008775 0.0030413 0.0013834 -0.0011638 0.003274 0.001383 0.0008548 0.0037416 0.0013834 -0.001317 0.0035922 0.0013833 -0.0010779 0.0036633 0.0013831 0.0006382 0.0034235 0.0013831 0.0004193 0.0033441 0.0013833 -0.0013238 0.0041598 0.0013834 -0.0013179 0.0032054 0.0013831 -0.0006861 0.005206 0.0013829 0.0004859 0.0050602 0.0013831 -0.0009937 0.0051587 0.001383 0.0004751 0.0037891 0.0013832 -0.0012599 0.0049178 0.001383 0.0005941 0.0040616 0.0013829 0.0005167 0.0045915 0.001383 -0.0002822 0.0050025 0.0013829 0.0008301 0.0046543 0.0013831 6.23e-05 0.0036897 0.001383 0.000219 0.0047756 0.0013818 -0.001335 0.0149646 0.0013828 -0.0013338 0.007641 0.0013842 -0.0013562 -0.0025455 0.0013889 -0.0006475 -0.0372103 0.0013887 0.0004908 -0.0372914 0.001389 -0.0014163 -0.036532 0.0013885 0.0014914 -0.0367424 0.0013826 0.0009038 0.0064987 0.0013826 0.0005548 0.0070754 0.0013826 0.0003292 0.006962 0.0013827 0.0005574 0.0062655 0.0013825 0.0008618 0.0070786 0.0013826 0.0005771 0.0066064 0.0013826 0.0007436 0.0069025 0.0013828 0.0002864 0.0060406 0.0013827 0.0008678 0.0061087 0.0013828 0.0005761 0.0057283 0.0013831 -0.0013117 0.0060151 0.0013825 0.0008625 0.0074101 0.0013829 -0.0013086 0.0074149 0.0013829 -0.0013094 0.0070465 0.0013831 -0.0013125 0.0056451 0.0013837 -0.0010673 0.0013631 0.0013837 -0.0013084 0.0013458 0.0013837 -0.001327 0.0016819 0.0013837 -0.0013227 0.001002 0.0013836 -0.0013232 0.002245 0.0013832 0.000672 0.0025609 0.0013834 -0.0008246 0.002766 0.0013832 0.0003603 0.0027751 0.0013832 0.0008588 0.0022484 0.0013833 -0.0004086 0.0028763 0.0013833 0.0007156 0.0014676 0.0013833 0.0006993 0.001451 0.0013832 0.0016781 0.0013638 0.0013832 0.0016773 0.0009954 0.001384 -0.0013574 -0.0010472 0.001384 -0.0008246 -0.0017938 0.0013841 -0.0010373 -0.0019103 0.001384 -0.0010103 -0.0015567 0.0013842 -0.0013292 -0.0019343 0.001384 -0.0009981 -0.0010722 0.0013839 -0.0011496 -0.0006638 0.0013836 0.0008443 -0.000873 0.0013839 -0.0008364 -0.0005279 0.0013841 -0.0013237 -0.0015514 0.0013839 -0.0007293 -0.0008893 0.0013842 -0.0013299 -0.0022643 0.0013838 0.0008413 -0.002269 0.0013838 0.0008421 -0.0019007 0.0013836 0.0008451 -0.0005047 0.001384 0.0005404 -0.0031691 0.001384 0.0005654 -0.003186 0.0013887 -0.0007066 -0.0353885 0.0013841 0.0005331 -0.0039276 0.0013842 0.0003409 -0.004586 0.0013847 -0.0013376 -0.0057777 0.0013839 0.0008393 -0.0031631 0.001384 0.0004934 -0.0034552 0.0013842 0.0005532 -0.0048949 0.0013889 -0.0013826 -0.0358504 0.0013842 0.0003773 -0.004077 0.0013889 -0.0007123 -0.0368218 0.0013887 -0.000679 -0.0357401 0.0013887 -0.0003494 -0.0359687 0.001384 0.0007739 -0.003399 0.0013841 0.0002458 -0.0032586 0.0013843 0.0005033 -0.0052648 0.0013843 0.0006615 -0.005646 0.0013888 6e-06 -0.036935 0.0013888 -0.0011461 -0.0355471 0.0013843 0.0003179 -0.0053866 0.0013886 0.0001108 -0.0354377 0.0013846 -0.0013368 -0.0054093 0.0013845 -0.001334 -0.0041177 0.0013889 -0.0011106 -0.0360198 0.0013889 -0.0010831 -0.0365246 0.0013839 0.00084 -0.0028316 0.0013888 -0.000381 -0.036311 0.0013843 -0.0013311 -0.0028268 0.0013843 -0.0013319 -0.0031952 0.0013845 -0.0013348 -0.0044861 0.0013884 0.0014498 -0.0357418 0.0013884 0.0011285 -0.0354594 0.0013841 0.0008472 -0.0040926 0.0013842 0.0008022 -0.0047484 0.0013842 0.0005049 -0.0044372 0.0013827 -0.0013068 0.0082537 0.0013823 0.0008498 0.0083569 0.0013827 -0.0010095 0.0079672 0.0013824 0.0006716 0.0081025 0.0013827 -0.0012463 0.0086438 0.0013828 -0.0013076 0.0078669 0.0013826 -0.0013561 0.0091493 0.0013823 0.0002477 0.0098037 0.0013824 -0.0005925 0.009856 0.0013822 0.0006769 0.0095862 0.0013825 -0.0009835 0.0098203 0.0013826 -0.0012701 0.0095418 0.0013824 0.0005923 0.0086575 0.0013823 0.0002001 0.0094438 0.0013824 -0.0001282 0.0093838 0.0013825 6.09e-05 0.008386 0.0013824 0.0004223 0.008404 0.0013823 0.0005154 0.0092701 0.0013822 0.0008722 0.0092113 0.0013818 -0.0008799 0.0147071 0.0013817 -0.0010313 0.015228 0.0013823 -0.0012993 0.0116382 0.0013818 -0.0006407 0.014164 0.0013816 0.0017032 0.0127943 0.0013817 -0.0008748 0.0155472 0.0013818 -0.0011869 0.0145385 0.0013815 0.0007245 0.0145211 0.0013817 -0.000593 0.0145423 0.0013816 0.0002606 0.0142152 0.0013817 -0.0003015 0.014151 0.0013815 -0.0002979 0.015778 0.0013823 -0.0013002 0.011233 0.001382 0.0016972 0.0100522 0.0013816 0.0017023 0.0123669 0.0013822 -0.0009682 0.011433 0.0013814 0.000922 0.0152711 0.0013819 0.0016981 0.0104551 0.0013806 7.98e-05 0.0219733 0.0013809 -0.0012927 0.0212658 0.0013805 0.0004361 0.0218643 0.0013808 -0.0009686 0.0217742 0.0013805 0.0007969 0.0215228 0.0013807 -0.0006331 0.02194 0.0013806 0.0009219 0.0207558 0.001381 -0.0005734 0.019998 0.0013808 0.0005334 0.0201435 0.001381 -0.0010362 0.0202384 0.001381 -0.0012621 0.0205979 0.0013809 0.0001536 0.019986 0.0013804 0.0005462 0.0226096 0.0013804 0.0006635 0.0228755 0.0013803 0.0008966 0.0229297 0.0013804 0.0006899 0.0228591 0.0013805 0.0005409 0.0223244 0.0013805 0.0001693 0.0228705 0.0013804 0.0008996 0.0226462 0.0013803 0.0008974 0.0232658 0.0013806 -0.0012738 0.0232706 0.0013807 -0.0012746 0.0229022 0.0013804 0.0008272 0.0220825 0.0013801 0.0003209 0.0251498 0.0013801 0.0005089 0.0250005 0.0013802 0.0008383 0.0241094 0.0013802 0.0002804 0.0241974 0.0013802 0.000505 0.0243017 0.0013801 0.0006322 0.0246594 0.0013804 -0.0012695 0.0252207 0.0013805 -0.0012718 0.0241846 0.0013803 -0.0012687 0.0255891 0.0013806 -0.0012726 0.0238147 0.0013802 0.0006283 0.0239024 0.0013799 0.0017305 0.0252141 0.0013801 0.0009333 0.0247383 0.0013798 0.0017313 0.0255825 0.00138 0.0006538 0.0252165 0.0013801 -0.0013141 0.0271823 0.00138 -0.00126 0.0277346 0.0013796 0.000444 0.0286727 0.0013799 -0.0009513 0.0282639 0.0013795 0.0012104 0.0284224 0.0013795 0.0017297 0.0276987 0.0013796 0.0017684 0.027027 0.0013797 0.0015027 0.0264396 0.0013799 0.0009601 0.0260955 0.0013796 0.0014445 0.0272026 0.0013797 0.0013159 0.0268039 0.0013796 0.0011644 0.0279804 0.0013796 0.0013928 0.0276312 0.0013801 -0.000316 0.0260313 0.00138 -0.0009718 0.0274075 0.0013801 -0.0008352 0.0267968 0.0013801 -0.0007348 0.0261985 0.0013802 -0.0011874 0.0266804 0.0013799 -0.0006969 0.0279796 0.0013797 -7.3e-05 0.0282473 0.0013798 0.0008162 0.0264686 0.00138 -0.0002711 0.0264398 0.0013834 0.0006014 0.00137 -0.0049469 -0.0054508 0.0715352 -0.0049642 -0.0049839 0.0709158 -0.005111 -0.0042112 0.0702696 -0.0018028 -0.0001464 0.0829972 -0.0018064 0.0006133 0.0829827 -0.0017265 0.0018739 0.0828001 -0.0018581 0.0006116 0.0829715 -0.0018028 -0.0001464 0.0829972 -0.0017265 0.0018739 0.0828001 -0.0023641 0.0040785 0.0817275 -0.0021899 0.0032367 0.0822296 -0.001868 0.0023528 0.0826566 -0.0025872 0.0050263 0.0809638 -0.0023641 0.0040785 0.0817275 -0.0021899 0.0032367 0.0822296 -0.0049595 0.0057875 0.07291 -0.0053755 0.004643 0.0711869 -0.0045866 0.0066415 0.0740122 0.0012021 0.003738 0.0817473 0.0030666 0.0037143 0.0812035 0.0041506 0.0036451 0.0807801 -0.0013595 -0.0036675 -0.0444055 -0.0013591 -0.0036348 -0.0420729 -0.0013403 -0.004967 -0.0447637 0.0010073 0.0046715 -0.0444442 0.0010381 0.0041535 -0.043076 0.0011502 0.0051517 -0.0455883 0.0017773 0.0028127 0.0675027 0.002015 0.0041561 0.0681912 0.0017921 0.0020823 0.067265 0.0026374 -0.0054071 0.0695446 0.0029539 -0.0057289 0.0701696 0.0032444 -0.0059173 0.0708463 0.0029111 0.0067134 0.0711524 0.0029216 0.0062668 0.0705096 0.0029001 0.0057473 0.0699508 0.0016977 -0.0004366 0.0670133 0.0017643 -0.0009406 0.0670698 0.0019227 -0.0019211 0.0672934 0.0017137 -0.0019425 0.0672725 0.0017594 -0.0021844 0.0673446 0.0018073 -0.0024227 0.0674256 0.0013835 0.0008464 5.4e-05 0.0013836 0.0008443 -0.000873 0.0013836 0.0008451 -0.0005047 0.0013829 0.0004859 0.0050602 0.001383 0.000219 0.0047756 0.0011329 0.0002502 0.0051397 0.001383 0.000219 0.0047756 0.0011329 0.0002502 0.0051397 0.001133 0.0002189 0.0047755 0.0013833 0.0006993 0.001451 0.0013834 0.0006014 0.00137 0.0011333 0.0006819 0.0014344 0.001384 0.0005404 -0.0031691 0.001384 0.0005654 -0.003186 0.001134 0.0005653 -0.003186 0.001384 0.0007739 -0.003399 0.0013841 0.0008472 -0.0040926 0.001134 0.000885 -0.0037555 0.0013841 0.0008472 -0.0040926 0.001134 0.000885 -0.0037555 0.0011341 0.0007536 -0.004266 0.0013843 0.0005033 -0.0052648 0.0013843 0.0003179 -0.0053866 0.0011343 0.0004323 -0.0053322 0.0013889 -0.0011106 -0.0360198 0.0011388 -0.0009787 -0.0358569 0.0011389 -0.0011431 -0.0361254 0.001389 -0.0014163 -0.036532 0.001139 -0.0012205 -0.0368826 0.0011389 -0.0014522 -0.0361363 0.0013824 0.0005923 0.0086575 0.0013823 0.0005154 0.0092701 0.0011323 0.0006079 0.0089981 0.0013823 0.0002001 0.0094438 0.0013823 0.0005154 0.0092701 0.0011323 0.0002292 0.0094371 0.0013823 0.0005154 0.0092701 0.0011323 0.0006079 0.0089981 0.0011323 0.0002292 0.0094371 0.0013827 -0.0013068 0.0082537 0.0011327 -0.0013068 0.0082537 0.0011327 -0.0010946 0.00832 0.0013809 0.0006814 0.0191283 0.0011309 0.000701 0.0191109 0.0011309 0.0006814 0.0191283 0.0013809 0.0005661 0.0188688 0.001381 0.0005723 0.0184187 0.001131 0.0006098 0.018524 0.0013809 0.0005661 0.0188688 0.001131 0.0006098 0.018524 0.0011309 0.0003792 0.0190699 0.0013805 0.0005409 0.0223244 0.0013804 0.0008272 0.0220825 0.0011305 0.0004875 0.0222106 0.0013804 0.0008272 0.0220825 0.0011305 0.0004875 0.0222106 0.0011304 0.0008272 0.0220825 0.0013804 0.0006635 0.0228755 0.0013804 0.0006899 0.0228591 0.0011304 0.0006898 0.0228591 0.0013796 0.0011644 0.0279804 0.0013797 -7.3e-05 0.0282473 0.0011296 0.0006585 0.0282274 0.0013796 0.0011644 0.0279804 0.0011296 0.0012225 0.0279232 0.0011296 0.0006585 0.0282274 0.0013756 -0.0006308 0.0587248 0.0013755 3.53e-05 0.0585532 0.0011256 -0.0003296 0.0586061 0.0013754 -0.0001396 0.0595154 0.0013753 0.0003207 0.0600463 0.0011253 5.74e-05 0.0598514 0.0013753 0.0003207 0.0600463 0.0011253 5.74e-05 0.0598514 0.0011252 0.0006104 0.0601341 0.0011331 -0.0007318 0.004815 0.0013831 -0.0005843 0.0047823 0.0013831 -0.00083 0.0048012 0.0011336 -0.0008713 0.0015043 0.0013836 -0.0009925 0.0016416 0.0013836 -0.0005081 0.001353 0.0011386 0.0003101 -0.0357606 0.0011387 -3.25e-05 -0.0361127 0.0013886 0.000156 -0.0358507 0.0011254 0.0001481 0.0591115 0.0011254 0.0002485 0.0588362 0.0013754 0.0001559 0.0590525 0.0011306 0.0001126 0.0215851 0.0013806 0.0004271 0.0214392 0.0013807 -0.000415 0.0216011 0.0011306 0.0005538 0.0212948 0.0011306 0.0001126 0.0215851 0.0013806 0.0004271 0.0214392</float_array>
          <technique_common>
            <accessor count="2707" source="#g0_chrome-pos-array" stride="3">
              <param type="float" name="X"/>
              <param type="float" name="Y"/>
              <param type="float" name="Z"/>
            </accessor>
          </technique_common>
        </source>
        <source id="g0_chrome-nrm">
          <float_array count="8121" id="g0_chrome-nrm-array">-0.96746 0.02046 0.25221 -0.90515 -0.22246 0.36224 -0.89832 -0.1212 0.42229 -0.92801 -0.24781 0.2782 -0.89206 0.15788 0.42345 -0.89656 -0.06512 0.43811 -0.99726 -0.07096 0.02106 -0.88545 0.26068 0.38474 -0.99987 -0.00822 0.01384 -0.98746 -0.14286 0.06723 -0.99055 0.13177 0.03817 -0.86442 0.10348 0.49201 -0.95866 -0.25777 0.12056 -0.96678 -0.2555 0.0072 -0.97443 0.2247 -0.00186 -0.84853 -0.0163 0.5289 -0.90522 0.35611 0.23187 -0.80577 0.35498 0.47405 -0.98723 0.11204 -0.11323 -0.90845 0.40238 0.11318 -0.89772 0.40889 0.16405 -0.86036 -0.40729 0.30643 -0.8474 0.421 0.32353 -0.8063 0.44857 0.38557 -0.66554 -0.22671 0.7111 -0.91913 -0.29286 -0.26349 -0.68527 0.30987 0.65908 -0.69717 -0.08996 0.71124 -0.79604 -0.58844 0.14163 -0.67776 0.14825 0.72018 -0.71741 -0.37583 0.58658 -0.95735 0.07073 -0.28015 -0.61058 0.01279 0.79185 -0.6638 -0.36566 0.65243 -0.82707 -0.5569 0.07622 -0.83216 -0.53617 -0.14154 -0.89582 0.2641 -0.35743 -0.91588 -0.11783 -0.38377 -0.71502 -0.45808 0.52812 -0.86271 0.47041 -0.1856 -0.65641 -0.65513 0.37408 -0.88999 -0.23793 -0.38898 -0.8332 0.53447 -0.14187 -0.57238 0.48374 0.66211 -0.75933 -0.64347 -0.09679 -0.82453 0.2168 -0.52264 -0.19136 0.47974 0.85629 -0.77483 0.62268 -0.10914 -0.64266 -0.72936 0.23458 -0.81183 0.11471 -0.57252 -0.803 0.44445 -0.39705 -0.64756 0.24144 0.72275 -0.5023 0.10101 0.85877 -0.55506 0.77633 0.2987 -0.30105 -0.19646 0.93315 -0.40095 -0.70381 0.58642 -0.52823 0.84027 0.12211 -0.35516 -0.39427 0.84759 -0.70584 -0.55236 -0.4435 -0.71255 -0.07628 -0.69747 -0.42694 0.78462 0.44955 -0.21471 -0.50252 0.83748 -0.64188 -0.65972 -0.39083 -0.62067 0.60649 -0.49694 -0.59073 0.80442 -0.06287 -0.37421 0.6784 0.63225 -0.43388 -0.83175 0.34633 -0.50296 0.0798 0.86062 -0.25102 -0.64755 0.7195 -0.33458 -0.82315 0.45878 -0.21315 -0.05914 0.97523 -0.40335 -0.90559 0.1312 -0.48878 0.87163 0.0368 0.06905 0.09972 0.99262 -0.59136 -0.3389 -0.73173 -0.60056 0.46249 -0.65224 -0.47555 0.85108 -0.22251 -0.21152 0.58534 0.78271 -0.21266 0.29773 0.93066 -0.46803 -0.87607 -0.11597 -0.62019 -0.19353 -0.76021 -0.15308 -0.28611 0.94589 -0.34666 -0.6939 -0.63114 -0.61024 -0.42519 -0.66844 -0.50605 0.72567 -0.46617 -0.30667 0.79585 0.52209 -0.15324 -0.61036 0.77716 -0.43059 -0.87057 -0.23811 -0.49982 -0.79659 -0.34003 -0.54539 -0.54647 -0.63555 -0.59248 0.00559 -0.80557 -0.51986 0.77646 -0.35618 -0.58392 0.34504 -0.73484 -0.05148 0.20544 0.97732 -0.11119 -0.52102 0.84627 -0.13815 -0.7591 0.63615 -0.40319 -0.91511 0.00321 -0.32338 0.93873 -0.11919 -0.28793 0.93588 0.20305 -0.14635 -0.25953 0.95458 0.03463 -0.37 0.92839 -0.48315 0.18858 -0.85499 -0.39645 0.65429 -0.644 -0.03613 0.47359 0.88 0.08243 -0.00987 0.99655 -0.05661 -0.82922 0.55605 -0.2264 -0.96173 -0.15433 -0.38785 -0.48773 -0.78211 -0.26533 0.92498 -0.27205 -0.12862 0.9457 0.29852 -0.04986 0.81373 0.5791 0.05949 0.40425 0.91271 0.08209 -0.2577 0.96273 0.03481 -0.66827 0.74311 -0.13459 -0.9743 0.18064 -0.16694 -0.98547 0.03127 -0.29547 -0.85054 -0.43507 -0.27039 0.87849 -0.39388 -0.20478 0.96697 -0.15178 -0.176 0.98375 0.03563 -0.11661 0.97877 0.16858 -0.07348 0.89961 0.43047 0.02434 0.72885 0.68424 0.06457 0.61991 0.78201 0.14732 -0.12079 0.98169 -0.04784 -0.9245 0.37817 -0.07031 -0.96889 0.23729 -0.2578 -0.8144 -0.5199 -0.38247 -0.24503 -0.89089 -0.38308 0.15899 -0.90993 -0.31908 0.76452 -0.56009 0.11155 0.2834 0.95249 0.12465 -0.4823 0.86709 0.03699 -0.83492 0.54913 -0.07466 -0.99435 0.07541 -0.21787 -0.90141 -0.37415 -0.37197 -0.08746 -0.92411 -0.35598 0.07307 -0.93163 -0.36846 0.25467 -0.89408 -0.37229 0.33885 -0.86405 -0.36324 0.45863 -0.811 -0.31846 0.60508 -0.7297 -0.23283 0.85292 -0.46724 -0.14181 0.9869 -0.07696 -0.02096 0.93986 0.34091 0.02117 0.87962 0.4752 0.04364 0.81833 0.5731 0.14981 0.06905 0.9863 -0.13992 -0.98063 -0.13707 -0.16451 -0.94412 -0.2856 -0.25985 -0.7526 -0.60503 -0.33095 -0.38044 -0.86356 -0.27374 0.70479 -0.65447 -0.17281 0.91626 -0.36138 -0.04661 0.98601 0.16004 0.13154 -0.62964 0.76567 0.1098 -0.74169 0.66169 -0.07191 -0.99672 -0.03705 -0.17394 -0.89824 -0.40361 -0.27865 -0.6225 -0.73133 -0.28617 -0.48656 -0.82545 -0.29593 0.2419 -0.92407 -0.20304 0.79932 -0.56556 -0.05193 0.99845 0.01998 0.18515 0.34485 0.92022 0.20495 -0.22081 0.95354 0.21577 -0.37343 0.90222 0.03012 -0.96343 0.26627 -0.18071 -0.8374 -0.51585 -0.26284 0.37952 -0.88706 -0.26407 0.49981 -0.8249 -0.08384 0.97972 -0.18201 0.0297 0.96104 0.2748 0.10875 0.81534 0.56868 0.12876 0.66198 0.73838 0.1844 0.48163 0.85676 0.20612 0.26556 0.9418 0.22077 0.18511 0.9576 0.21154 -0.58009 0.7866 0.09247 -0.89375 0.43893 -0.06889 -0.97568 -0.20811 -0.28459 -0.00675 -0.95863 -0.01809 0.99766 -0.06586 0.09127 0.90619 0.4129 0.14811 0.77625 0.61278 0.25362 0.06808 0.96491 0.26355 -0.13261 0.95549 0.1457 -0.28555 0.94722 0.20199 -0.71224 0.67225 -0.00049 -0.99978 -0.02113 -0.10247 -0.88809 -0.44811 -0.20135 -0.62027 -0.75811 -0.22123 -0.13468 -0.96588 -0.22212 0.5366 -0.81408 -0.2079 0.62479 -0.7526 -0.15399 0.73438 -0.66104 -0.10527 0.90868 -0.40401 0.0597 0.9882 0.14106 0.05109 -0.99388 0.09799 -0.00518 -0.98564 -0.16876 -0.11929 -0.79697 -0.59213 -0.15026 -0.71898 -0.67859 -0.10143 0.81656 -0.56828 0.15247 0.88924 0.43128 0.20473 0.72753 0.65481 0.26348 0.58089 0.77016 0.28538 0.34178 0.8954 0.3106 -0.27557 0.90972 0.18633 -0.8364 0.51547 0.16882 -0.90951 0.37986 0.14082 -0.94953 0.28029 -0.04392 -0.93117 -0.36194 -0.01035 0.96355 -0.26731 0.12802 0.9618 0.24198 0.31337 -0.05672 0.94794 0.14258 -0.97338 0.17945 0.02509 -0.96546 -0.25933 -0.00852 0.91514 -0.40305 0.10777 0.99334 0.04065 0.18919 0.92249 0.33647 0.25466 0.77412 0.57956 0.30231 0.4546 0.83782 0.30528 0.42235 0.85348 0.35103 0.21305 0.91181 0.33452 0.08059 0.93894 0.325 -0.43336 0.84058 0.28977 -0.68701 0.66638 0.26159 -0.77704 0.57252 0.08614 -0.99212 -0.09101 0.00399 -0.89151 -0.45298 0.07351 0.98728 -0.14096 0.25732 0.82557 0.50221 0.27317 0.59895 0.75275 0.38172 -0.24682 0.89071 0.33571 -0.50515 0.79506 0.33115 -0.57847 0.74546 0.14736 -0.98906 0.00685 0.01127 -0.84388 -0.53641 -0.01037 -0.77726 -0.62909 0.19318 0.96513 0.17665 0.39584 0.28486 0.87302 0.29229 -0.83558 0.46516 0.25903 -0.90612 0.33443 0.21376 -0.96298 0.16422 0.1266 -0.97597 -0.17738 -0.01603 -0.68382 -0.72947 0.00429 0.83432 -0.55126 0.26642 0.89007 0.36985 0.37753 0.48749 0.78729 0.41947 0.03603 0.90705 0.42033 -0.05041 0.90597 0.09728 -0.93577 -0.33893 -0.01083 0.72532 -0.68833 0.06893 0.89614 -0.43839 0.13625 0.97148 -0.19405 0.18417 0.98288 -0.00583 0.35949 0.65065 0.6689 0.43695 -0.18706 0.87982 0.43325 -0.64333 0.63121 0.12867 0.93365 -0.33429 0.56509 -0.16532 0.8083 0.48614 -0.70548 0.51572 0.08623 -0.5153 -0.85266 -0.01057 0.37972 -0.92504 0.54353 0.39444 0.74094 -0.80244 0.20152 -0.56168 -0.80891 0.1128 -0.577 -0.80383 0.01851 -0.59457 -0.81074 -0.15045 -0.56574 -0.70105 -0.46282 -0.54251 -0.79794 -0.2536 -0.5468 -0.46519 -0.6935 -0.55014 -0.21412 -0.79992 -0.5606 0.03031 -0.83739 -0.54577 0.35612 -0.74439 -0.56486 0.59221 -0.50242 -0.62997 0.0451 -0.23893 -0.96999 0.20845 -0.21321 -0.95451 -0.06416 -0.0357 -0.9973 0.24607 0.32186 -0.91425 0.61744 0.49565 -0.61082 0.39628 0.73947 -0.54419 0.48698 0.8725 -0.0399 -0.01317 0.83724 -0.54667 -0.24774 0.77977 -0.57497 -0.52555 0.63317 -0.56824 -0.70304 0.42314 -0.57156 -0.15233 -0.96807 -0.19908 -0.98241 -0.18661 -0.00753 -0.86119 -0.50531 -0.05489 -0.50221 -0.83833 -0.21212 -0.32155 -0.94436 -0.06922 -0.99985 -0.01621 -0.00522 -0.62303 0.78163 -0.0299 -0.37079 0.91399 -0.16472 -0.25891 0.96388 -0.06244 -0.52039 0.26373 0.81218 0.00467 0.09408 0.99555 0.00116 -0.07204 0.9974 -0.03165 -0.22919 0.97287 -0.98437 -0.17157 0.0397 -0.84663 -0.48307 0.22329 -0.93169 -0.35975 0.05041 -0.71392 -0.59263 0.37298 -0.7345 -0.64371 0.21483 -0.70155 -0.69807 0.14325 -0.637 -0.76981 0.04033 -0.55875 -0.69506 0.45242 -0.34195 -0.85494 0.39006 -0.28394 -0.93899 0.19409 -0.15923 -0.7763 0.60992 -0.22535 -0.9728 0.05364 -0.49324 -0.3836 0.78075 -0.39912 -0.5071 0.76391 -0.26819 -0.55077 0.79039 -0.06316 -0.56973 0.8194 0.24127 -0.96775 -0.07246 0.7622 -0.64109 -0.08969 0.96528 -0.26091 -0.01272 0.13925 -0.98973 0.03231 0.12226 -0.84676 0.51773 0.22278 -0.92285 0.3142 0.02037 -0.56091 0.82762 0.25325 -0.94993 0.18305 0.30853 -0.70622 0.63723 0.48392 -0.75157 0.4483 0.593 -0.79465 0.12993 0.57092 -0.76306 0.30295 0.86999 -0.49126 0.04213 0.74362 -0.59518 0.30462 0.92732 -0.37303 0.03039 0.40981 -0.51611 0.75212 0.46774 -0.41907 0.7782 0.99959 -0.02866 0.0002 0.99959 -0.02866 0.0002 0.99959 -0.02866 0.0002 0.99959 -0.02866 0.0002 0.99959 -0.02866 0.0002 0.9978 -0.06626 0.00022 0.99679 -0.08005 0.00031 -0.95238 0.30318 0.0324 -0.47028 0.84881 0.24157 -0.57748 0.75703 0.30564 -0.71466 0.60366 0.35336 -0.6541 0.75514 0.04381 -0.59863 0.78656 0.15154 -0.44353 0.84017 0.31208 -0.31076 0.81982 0.48095 -0.23645 0.95772 0.16388 -0.21876 0.97354 0.06599 -0.09041 0.64153 0.76176 -0.50598 0.53115 0.67961 0.13393 0.98943 0.05562 0.10748 0.99081 -0.08207 0.1361 0.96929 -0.20483 0.54136 0.83879 -0.0579 0.39216 0.9061 -0.15874 0.88899 0.45454 -0.05558 0.9855 0.16896 -0.01575 0.35247 0.93481 -0.04356 0.03729 0.73033 0.68208 0.03305 0.97735 0.20901 0.1192 0.82404 0.55385 0.26591 0.88373 0.38511 0.56364 0.68743 0.45798 0.59969 0.8002 0.00726 0.51037 0.76504 0.39274 0.6992 0.6884 0.19295 0.88847 0.45711 0.04089 0.60196 0.41356 0.68309 0.41518 0.59048 0.69207 0.52331 -0.40033 0.75225 0.38932 -0.91559 -0.10065 0.24861 -0.87626 -0.41275 -0.04839 -0.35374 -0.93409 -0.3156 -0.32668 -0.89088 -0.00817 -0.13357 -0.99101 0.17594 0.60626 -0.77556 0.1643 0.73649 -0.65619 0.39483 0.90623 0.15117 0.57747 0.51355 0.63466 0.59834 0.14562 0.7879 0.47164 -0.79519 0.38109 0.18655 -0.29121 -0.93829 0.20452 -0.05201 -0.97748 0.19645 0.52807 -0.82616 0.35934 0.90993 -0.20713 0.45514 0.80369 0.38332 0.48603 0.70346 0.51858 0.6637 0.2135 0.71688 0.59604 -0.04198 0.80186 0.2109 -0.64721 -0.73256 -0.05657 0.12677 -0.99032 0.11009 0.24079 -0.96431 0.38347 0.92355 -0.00085 0.4593 0.84928 0.26031 0.38122 -0.89475 -0.23257 -0.21191 -0.23827 -0.9478 0.24285 0.77479 -0.58371 0.54936 -0.79669 0.25197 0.42201 -0.89772 0.12649 0.23447 -0.35668 -0.90432 0.42706 -0.90422 0.00139 0.34553 0.81188 -0.47059 0.65415 -0.32299 0.68394 0.37461 0.86142 -0.34297 0.61535 -0.51427 0.59738 0.42646 -0.85167 -0.30461 0.36255 -0.19452 -0.91144 0.72584 0.28131 0.62771 0.70633 -0.64563 0.29028 0.33139 -0.76229 -0.55596 0.345 -0.42393 -0.83741 0.70222 -0.22491 0.6755 0.45153 0.57332 -0.68369 0.73527 0.51105 0.4452 0.6706 -0.73917 0.0626 0.71892 0.62415 0.30594 0.80029 -0.12013 0.58745 0.38279 -0.65855 -0.64791 0.48678 -0.45283 -0.74699 0.38915 0.7329 -0.55805 0.68719 0.72199 0.08056 0.77157 0.60982 0.1811 0.84376 0.00613 0.53668 0.81565 -0.37563 0.44002 0.60252 -0.65134 -0.46122 0.45135 0.04046 -0.89143 0.42853 0.15176 -0.89069 0.69287 0.71169 -0.11586 0.89217 -0.2296 0.38898 0.79546 -0.49965 0.34292 0.73343 -0.66761 -0.12801 0.67244 0.71285 -0.19917 0.739 0.673 -0.03079 0.59831 -0.38774 -0.7012 0.5063 0.281 -0.81529 0.53626 0.32755 -0.7779 0.71536 0.5929 -0.36977 0.85988 0.45582 0.22986 0.87383 0.33281 0.35448 0.92526 0.10114 0.3656 0.74576 -0.55505 -0.36846 0.55637 -0.61524 -0.55851 0.67637 0.47541 -0.56259 0.78522 -0.57287 -0.23507 0.73654 0.08684 -0.6708 0.70642 0.52809 -0.47126 0.97329 -0.11751 0.1972 0.91488 0.4003 -0.05252 0.89903 -0.43621 -0.03822 0.70769 -0.2147 -0.67311 0.72286 0.32038 -0.61223 0.9784 -0.19454 0.06986 0.79318 -0.37182 -0.4823 0.75091 -0.02825 -0.6598 0.88308 0.37097 -0.28731 0.93067 -0.31626 -0.18396 0.92945 0.30927 -0.2012 0.99792 -0.02589 0.05906 0.97586 0.21108 -0.05607 0.96595 -0.2539 -0.0497 0.9208 -0.25783 -0.29267 0.86912 -0.31146 -0.38422 0.90616 0.26768 -0.32746 0.83335 -0.06806 -0.54854 0.90939 0.18066 -0.37466 0.89055 -0.15098 -0.4291 0.88424 0.08378 -0.45945 0.99575 0.0911 -0.01375 -0.01017 -0.63795 0.77001 0.0139 -0.58709 0.8094 -0.00354 0.6395 0.76878 0.00619 0.72197 0.69189 -0.0044 0.75003 0.66139 0.00462 0.83791 0.54579 0.00079 0.84956 0.52749 0 0.92783 0.373 -0.00267 0.93374 0.35794 0.00038 0.5868 0.80973 -0.00216 0.48761 0.87306 0.00551 0.3918 0.92003 0.51049 0.27397 0.81507 -0.00258 0.2684 0.9633 -0.00893 0.11852 0.99291 -0.01234 0.07167 0.99735 -0.01899 -0.07269 0.99717 -0.01612 -0.11415 0.99333 0.0188 -0.23498 0.97182 0.00812 -0.25658 0.96649 0.02597 -0.42763 0.90358 -0.01549 -0.45561 0.89004 -0.00502 -0.30165 0.95341 -0.01034 -0.15262 0.98823 -0.00497 0.02153 0.99976 -0.01208 0.20276 0.97915 -0.0036 0.41043 0.91189 0.00615 0.52891 0.84865 0.00498 -0.9985 0.05459 -0.00768 -0.99104 0.13336 0.00529 -0.97082 0.23976 -0.00859 -0.9365 0.35056 0.00496 -0.90683 0.42148 -0.00751 -0.81468 0.57987 0.01168 -0.76702 0.64152 0.00022 -0.79343 -0.60866 0.00022 -0.79343 -0.60866 0.00022 -0.83356 -0.55242 0.00022 -0.83356 -0.55242 0.00022 -0.89412 -0.44783 -0.00179 -0.89729 -0.44144 0.00117 -0.93528 -0.3539 -0.00466 -0.94712 -0.32083 0.00374 -0.96905 -0.24683 -0.00477 -0.98238 -0.18681 0.00558 -0.9932 -0.1163 -0.00704 -0.9987 -0.05057 0.00301 0.98868 0.15001 -0.00082 0.98567 0.16869 -0.00014 0.99986 -0.01652 0.00801 0.99543 -0.09517 -0.00697 0.97561 -0.21941 0.00258 0.96146 -0.27494 5e-05 0.91126 -0.41184 -0.00182 0.89819 -0.43961 0.00131 0.83633 -0.54823 0.00388 0.81073 -0.58541 0.0005 0.75915 -0.65091 0.01106 0.68207 -0.7312 -2e-05 0.6762 -0.73672 -0.00204 0.57088 -0.82103 0.00433 0.536 -0.84421 5e-05 0.41834 -0.90829 -0.00398 0.43124 -0.90223 7e-05 0.36269 -0.93191 7e-05 0.36269 -0.93191 -0.96381 -0.00326 0.26656 -0.95787 -0.00272 0.28718 -0.96527 -0.00381 0.26121 -0.96552 0.03322 0.25819 -0.96798 -0.01328 0.25067 -0.96593 -0.00702 0.2587 -0.96443 0.00953 0.26418 -0.96601 0.00068 0.25852 -0.96129 0.0059 0.27548 -0.9622 0.00496 0.27229 -0.96571 0.02526 0.25839 -0.97008 0.00924 0.24259 -0.97001 -0.00861 0.24291 -0.96935 -0.0164 0.24513 -0.96868 -0.01935 0.24756 -0.96457 -0.00408 0.26378 -0.96108 0.00146 0.27628 -0.96449 0.00623 0.26405 -0.96884 -0.00493 0.24763 -0.96561 -0.00513 0.25994 -0.96888 0.00511 0.24746 -0.9713 0.00943 0.23768 -0.96941 0.00177 0.24544 -0.96487 0.02123 0.26186 0.97282 -9e-05 -0.23158 0.9702 -0.0024 -0.24229 0.9677 0.00379 -0.25207 0.97344 -0.01174 -0.22865 0.97684 -0.03149 -0.21164 0.97222 -0.01531 -0.23355 0.96858 -0.02704 -0.24721 0.96771 -0.03253 -0.24995 0.96628 -0.02831 -0.25595 0.96394 -0.02207 -0.2652 0.96259 -0.01993 -0.27021 0.96418 -0.01205 -0.26499 0.96271 -0.00894 -0.27038 0.96323 -0.00296 -0.26867 0.95549 0.00819 -0.29492 0.95846 -0.0058 -0.28517 0.96495 0.00179 -0.26242 0.95995 0.01042 -0.27998 0.96359 0.0077 -0.26726 0.96457 0.01057 -0.2636 0.96485 0.01367 -0.26244 0.96612 0.02488 -0.25689 0.96789 0.03221 -0.24929 0.96913 0.03255 -0.24439 0.96931 0.01845 -0.24513 0.99991 -0.01155 0.00719 0.99827 -0.05739 0.01278 0.99998 0.00011 0.00591 0.99998 -0.00037 0.00579 0.99931 -0.0357 0.01004 0.00018 -0.26093 -0.96536 0.00018 -0.26093 -0.96536 0.00018 -0.26093 -0.96536 0.00018 -0.26093 -0.96536 0.00018 -0.26093 -0.96536 0.00018 -0.26093 -0.96536 0.00018 -0.26093 -0.96536 0.00018 -0.26093 -0.96536 -0.00452 0.96321 -0.2687 -0.00013 0.96391 -0.26622 0.00013 -0.96764 0.25233 -0.00091 -0.96749 0.25291 -0.00242 0.43919 -0.89839 0.00628 0.49154 -0.87083 -0.00856 0.82608 -0.56348 0.00062 0.85981 -0.51061 9e-05 -0.99963 0.0272 0.0002 -0.42022 -0.90742 -0.00365 -0.91674 -0.39946 -0.0012 -0.5808 -0.81405 -0.00478 -0.7309 -0.68247 -0.01066 -0.18577 -0.98254 -0.01008 0.12269 -0.99239 0.00319 -0.99999 -0.00112 -0.00358 -0.52933 -0.84841 -0.00214 -0.05066 -0.99871 -0.00518 -0.4137 -0.9104 0.00151 0.16443 -0.98639 -0.00028 -0.25513 -0.96691 0.00539 -0.65059 -0.75941 0.00889 -0.86877 -0.49514 1 0.00018 0.00014 1 0.00018 0.00014 1 0.00018 0.00014 1 0.00018 0.00014 1 0.00018 0.00014 1 0.00018 0.00014 1 0.00018 0.00014 1 0.00018 0.00014 1 0.00018 0.00014 1 0.00018 0.00014 1 0.00018 0.00014 1 0.00018 0.00014 1 0.00018 0.00014 1 0.00018 0.00014 1 0.00018 0.00014 1 0.00018 0.00014 1 0.00018 0.00014 1 0.00018 0.00014 1 0.00018 0.00014 1 0.00018 0.00014 1 0.00018 0.00014 1 0.00018 0.00014 1 0.00018 0.00014 1 0.00018 0.00014 1 0.00018 0.00014 1 0.00018 0.00014 1 0.00018 0.00014 1 0.00018 0.00014 1 0.00018 0.00014 1 0.00018 0.00014 1 0.00018 0.00014 1 0.00018 0.00014 1 0.00018 0.00014 1 0.00018 0.00014 1 0.00018 0.00014 1 0.00018 0.00014 1 0.00018 0.00014 1 0.00018 0.00014 1 0.00018 0.00014 1 0.00018 0.00014 1 0.00018 0.00014 1 0.00018 0.00014 -1 -0.00018 -0.00014 -1 -0.00018 -0.00014 -1 -0.00018 -0.00014 -1 -0.00018 -0.00014 -1 -0.00018 -0.00014 -1 -0.00018 -0.00014 -1 -0.00018 -0.00014 -1 -0.00018 -0.00014 -1 -0.00018 -0.00014 -1 -0.00018 -0.00014 -1 -0.00018 -0.00014 -1 -0.00018 -0.00014 -1 -0.00018 -0.00014 -1 -0.00018 -0.00014 -1 -0.00018 -0.00014 -1 -0.00018 -0.00014 -1 -0.00018 -0.00014 -1 -0.00018 -0.00014 -1 -0.00018 -0.00014 -1 -0.00018 -0.00014 -1 -0.00018 -0.00014 -1 -0.00018 -0.00014 -1 -0.00018 -0.00014 -1 -0.00018 -0.00014 -1 -0.00018 -0.00014 -1 -0.00018 -0.00014 -1 -0.00018 -0.00014 -1 -0.00018 -0.00014 -1 -0.00018 -0.00014 -1 -0.00018 -0.00014 -1 -0.00018 -0.00014 -1 -0.00018 -0.00014 -1 -0.00018 -0.00014 -1 -0.00018 -0.00014 -1 -0.00018 -0.00014 -1 -0.00018 -0.00014 -1 -0.00018 -0.00014 -1 -0.00018 -0.00014 -1 -0.00018 -0.00014 -1 -0.00018 -0.00014 -1 -0.00018 -0.00014 -1 -0.00018 -0.00014 -1 -0.00018 -0.00014 -0.65576 -0.16278 -0.73721 -0.70625 -0.28869 -0.64643 -0.72444 -0.34874 -0.59462 -0.67393 -0.2038 -0.71013 -0.22394 -0.50188 -0.83545 -0.26021 0.01515 -0.96543 -0.25067 -0.24838 -0.93567 -0.25286 -0.27272 -0.92827 -0.22394 -0.50188 -0.83545 -0.26687 -0.02466 -0.96342 0.26485 -0.22655 -0.9373 0.26528 -0.10058 -0.95891 0.26521 -0.20688 -0.94174 0.2615 -0.32257 -0.90971 -0.47072 0.16371 -0.86696 -0.42613 0.36656 -0.82707 -0.68496 0.26462 -0.67882 -0.22446 0.49577 -0.83894 -0.43093 0.32363 -0.84235 -0.45753 0.16812 -0.87316 -0.49021 0.14269 -0.85984 -0.25868 -0.00217 -0.96596 -0.25868 -0.00217 -0.96596 -0.25002 0.25513 -0.93402 -0.25868 -0.00217 -0.96596 0.24079 0.1273 -0.96219 0.26963 0.24616 -0.93097 0.2629 0.21713 -0.94007 0.29004 0.34059 -0.89436 -0.65808 0.52703 -0.53775 -0.61666 0.68758 -0.38335 -0.6415 0.61124 -0.46353 -0.6415 0.61124 -0.46353 -0.12949 0.86494 -0.48488 -0.22411 0.49812 -0.83764 0.04398 0.73363 -0.67813 -0.18177 0.70561 -0.68489 0.40669 0.48536 -0.77397 -0.03852 0.66588 -0.74506 -0.03053 0.59839 -0.80062 -0.59877 0.7742 -0.20517 -0.48744 0.8729 -0.02101 -0.5577 0.8195 -0.13189 -0.52811 0.84508 -0.08333 -0.00017 1 -0.0022 -0.12949 0.86494 -0.48488 -0.00017 1 -0.0022 -0.06712 0.96536 -0.25213 -0.06712 0.96536 -0.25213 -0.12949 0.86494 -0.48488 0.38174 0.81426 -0.43734 0.42055 0.83584 -0.35286 0.43228 0.84119 -0.32487 0.46855 0.85327 -0.22889 -0.42514 0.8372 0.34402 -0.45072 0.86089 0.23604 -0.3941 0.80273 0.44756 -0.42514 0.8372 0.34402 0.12919 0.86711 0.48108 -0.00017 1 -0.0022 0.12919 0.86711 0.48108 0.06678 0.96648 0.24789 0.06678 0.96648 0.24789 -0.00017 1 -0.0022 0.48713 0.87316 0.01717 0.52781 0.84562 0.07962 0.55742 0.82026 0.12829 0.5985 0.7753 0.20177 -0.2802 0.54901 0.78745 -0.33501 0.63276 0.69813 -0.37152 0.68716 0.62432 -0.31794 0.60692 0.72839 0.12919 0.86711 0.48108 0.22027 0.52564 0.8217 0.22027 0.52564 0.8217 0.17969 0.72039 0.66989 0.17969 0.72039 0.66989 0.12919 0.86711 0.48108 0.62332 0.68585 0.37561 0.64104 0.61678 0.45679 0.64248 0.60903 0.46509 0.6519 0.53207 0.54031 -0.25028 0.33903 0.90687 -0.25644 0.2218 0.94077 -0.25654 0.11607 0.95954 -0.26157 0.2832 0.9227 -0.26325 0.18531 0.94676 0.25868 0.00217 0.96596 0.22394 0.50188 0.83545 0.25868 0.00217 0.96596 0.25868 0.00217 0.96596 0.24925 0.26911 0.9303 0.24982 0.26091 0.93248 0.22394 0.50188 0.83545 0.67597 0.32351 0.66212 0.69662 0.23187 0.67894 0.70193 0.20179 0.68306 0.71488 0.09969 0.69211 0.02716 -0.1679 0.98543 -0.24672 -0.26272 0.93279 0.04464 -0.36477 0.93003 0.22411 -0.49812 0.83764 0.07338 -0.29573 0.95245 0.03131 -0.15887 0.9868 0.00343 -0.15907 0.98726 0.24421 -0.25006 0.93693 0.25068 -0.00177 0.96807 0.72676 -0.08143 0.68205 0.68954 -0.23461 0.68519 0.70636 -0.17457 0.68599 0.66424 -0.30977 0.68032 -0.32406 -0.685 0.6525 -0.3154 -0.51005 0.80023 -0.3214 -0.59269 0.73853 -0.32252 -0.61615 0.71857 0.22411 -0.49812 0.83764 0.12949 -0.86494 0.48488 0.12949 -0.86494 0.48488 0.18355 -0.70555 0.68447 0.18126 -0.73149 0.65731 0.22619 -0.53959 0.81097 0.63115 -0.54822 0.54873 0.63997 -0.60005 0.47997 0.64317 -0.63179 0.43264 0.64386 -0.67967 0.35141 -0.45042 -0.86 0.23983 -0.39382 -0.80089 0.45109 -0.42485 -0.83583 0.34769 -0.42485 -0.83583 0.34769 0.12949 -0.86494 0.48488 0.00017 -1 0.0022 0.00017 -1 0.0022 0.06712 -0.96536 0.25213 0.06712 -0.96536 0.25213 0.12949 -0.86494 0.48488 0.59877 -0.7742 0.20517 0.52811 -0.84508 0.08333 0.5577 -0.8195 0.13189 0.48744 -0.8729 0.02101 -0.51927 -0.8537 0.03948 -0.5483 -0.81565 -0.18462 -0.53583 -0.84206 -0.06183 -0.53967 -0.83684 -0.09196 -0.12396 -0.86813 -0.48061 0.00017 -1 0.0022 -0.12293 -0.88058 -0.45767 -0.06457 -0.96559 -0.25194 -0.06231 -0.97067 -0.23221 0.00017 -1 0.0022 0.4966 -0.84057 -0.21642 0.44923 -0.8434 -0.29473 0.40697 -0.84038 -0.35796 0.36254 -0.83253 -0.41888 -0.3846 -0.59866 -0.70263 -0.38094 -0.73426 -0.56192 -0.6618 -0.55406 -0.50502 -0.12972 -0.86242 -0.4893 -0.22394 -0.50188 -0.83545 -0.18299 -0.70863 -0.68144 -0.2764 -0.54904 -0.78877 -0.22394 -0.50188 -0.83545 -0.3346 -0.69958 -0.63137 0.32888 -0.49696 -0.80303 0.30474 -0.68523 -0.66151 0.32133 -0.57669 -0.75112 0.31482 -0.62597 -0.71348 -0.00017 1 -0.0022 -0.00017 1 -0.0022 -0.00017 1 -0.0022 -0.00017 1 -0.0022 1 0.00018 0.00014 1 0.00018 0.00014 1 0.00018 0.00014 1 0.00018 0.00014 1 0.00018 0.00014 1 0.00018 0.00014 1 0.00018 0.00014 1 0.00018 0.00014 1 0.00018 0.00014 1 0.00018 0.00014 1 0.00018 0.00014 1 0.00018 0.00014 1 0.00018 0.00014 1 0.00018 0.00014 1 0.00018 0.00014 0.06758 -0.99168 -0.10956 0.00022 -0.67559 -0.73728 0.02003 -0.80162 -0.5975 -0.01851 -0.93502 0.35411 -0.11517 -0.78828 0.60444 -0.06964 -0.8088 0.58395 0.06155 -0.71724 -0.6941 0.02959 -0.92292 -0.38386 0.04757 -0.96114 0.27195 0.00874 -0.19057 0.98163 -0.02871 -0.00361 0.99958 -0.00014 0.00136 1 -0.18296 -0.07319 0.98039 0.10682 -0.24181 0.96443 -0.00014 -0.0103 0.99995 -0.00014 -0.0103 0.99995 -0.00014 -0.0103 0.99995 -0.00014 -0.0103 0.99995 0.00017 -1 0.0022 0.00017 -1 0.0022 0.00017 -1 0.0022 0.00017 -1 0.0022 0.00014 -0.0022 -1 0.00014 -0.0022 -1 0.00014 -0.0022 -1 0.00014 -0.0022 -1 -0.00017 1 -0.0022 -0.00017 1 -0.0022 -0.00017 1 -0.0022 -0.00017 1 -0.0022 0.04443 0.04468 0.99801 -0.00015 0.0515 0.99867 0.00464 0.05078 0.9987 0.04958 0.04388 0.99781 0.0567 0.90147 -0.42911 0.09793 0.99354 -0.0574 0.05784 0.31386 -0.94771 0.00388 0.01064 -0.99994 0.00014 0.01003 -0.99995 0.00133 0.19735 -0.98033 0.02241 0.6998 -0.71399 0.00157 0.97654 -0.21531 -0.05881 0.8189 0.57091 -0.23799 0.8489 0.47195 -0.14118 0.83702 0.52864 -0.29028 0.85083 0.43798 -0.00017 1 -0.0022 -0.00017 1 -0.0022 -0.00017 1 -0.0022 -0.00017 1 -0.0022 -0.12542 -0.99174 -0.0269 -0.00476 -0.5784 -0.81574 -0.041 -0.93161 -0.36113 0.11817 -0.42785 -0.89609 -0.03822 -0.97762 -0.20688 -0.12367 -0.99194 -0.02747 -0.03778 -0.70076 -0.71239 0.1569 -0.82981 0.53553 0.1141 -0.82118 0.55915 0.17149 -0.8323 0.52713 0.13642 -0.82592 0.54703 -0.01816 -0.25391 0.96706 -0.04977 -0.34052 0.93892 0.08361 -0.14288 0.9862 -6e-05 -0.40683 0.9135 -0.06619 -0.31445 0.94696 0.0571 -0.18608 0.98087 0.06188 -0.09803 0.99326 -0.0001 0.91644 -0.40018 0.00403 0.98776 -0.15596 -0.06202 0.97646 0.20659 -0.01842 0.99821 -0.05686 -0.10622 0.96772 0.22853 -0.02718 0.92497 -0.37908 0.08812 0.52391 0.8472 0.03988 0.48957 0.87105 0.05341 0.49939 0.86473 -0.0002 0.45962 0.88812 9e-05 0.23411 -0.97221 9e-05 0.23411 -0.97221 9e-05 0.23411 -0.97221 9e-05 0.23411 -0.97221 -0.05983 -0.96551 -0.25341 -0.00695 -0.96971 -0.24416 0.0002 -0.97006 -0.24285 -0.05328 -0.96618 -0.2523 0.07104 0.87247 0.48348 0.01928 0.98656 0.16228 0.37475 0.90967 -0.17905 0.07351 0.97545 0.20759 0.42258 0.88564 -0.19251 0.10783 0.86076 0.49746 -0.0504 0.15169 -0.98714 -0.00924 0.40949 -0.91227 -0.10296 0.66755 -0.73741 -0.00304 0.50858 -0.86101 0.01775 0.22138 -0.97503 0.10186 -0.43015 -0.89699 0.0642 -0.44904 -0.8912 0.11511 -0.4233 -0.89865 0.08116 -0.44064 -0.89401 8e-05 0.28515 -0.95848 0.00804 0.27749 -0.96069 0.00755 0.27796 -0.96056 0.015 0.27077 -0.96253 -0.00017 0.99913 -0.04165 -0.00017 0.99913 -0.04165 -0.00017 0.99913 -0.04165 -0.00017 0.99913 -0.04165 -0.00014 0.0022 1 -0.00014 0.0022 1 -0.00014 0.0022 1 -0.00014 0.0022 1 0.00017 -1 0.0022 0.00017 -1 0.0022 0.00017 -1 0.0022 0.00017 -1 0.0022 0.00014 -0.00576 -0.99998 -0.2225 -0.05734 -0.97325 -0.0405 -0.0152 -0.99906 -0.26933 -0.06815 -0.96063 -0.00022 0.7753 0.63159 0.03879 0.78948 0.61254 0.0196 0.78271 0.62208 0.05668 0.79544 0.60337 -0.07386 0.99715 0.01509 -0.0974 0.93136 -0.35084 0.04067 -0.72925 -0.68303 -0.03562 0.48249 -0.87518 0.07358 -0.30746 -0.94871 0.00066 -0.93247 -0.36124 0.01642 0.03874 -0.99911 -0.05175 0.99829 0.02717 -0.04451 0.98869 -0.14319 -0.10521 0.78509 -0.61038 4e-05 0.47452 -0.88025 0.0696 -0.48491 -0.87179 0.03651 -0.89346 -0.44766 0.06765 -0.97648 -0.2047 0.0221 0.09008 -0.99569 -0.33951 -0.9252 0.16952 -0.10033 -0.94951 0.29726 -0.27889 -0.93831 0.20443 0.00012 -0.93919 0.3434 -3e-05 0.71298 -0.70119 -3e-05 0.71162 -0.70257 -3e-05 0.71298 -0.70119 -2e-05 0.70106 -0.7131 -2e-05 0.68895 -0.72481 0.00013 0.07152 -0.99744 0.00013 0.07152 -0.99744 0.00013 0.07152 -0.99744 0.00013 0.07152 -0.99744 -0.00017 1 -0.0022 -0.00017 1 -0.0022 -0.00017 1 -0.0022 -0.00017 1 -0.0022 -0.00014 0.0022 1 -0.00014 0.0022 1 -0.00014 0.0022 1 -0.00014 0.0022 1 0.00017 -1 0.0022 0.00017 -1 0.0022 0.00017 -1 0.0022 0.00017 -1 0.0022 0.00014 -0.0022 -1 0.00014 -0.0022 -1 0.00014 -0.0022 -1 0.00014 -0.0022 -1 1 0.00018 0.00014 1 0.00018 0.00014 1 0.00018 0.00014 1 0.00018 0.00014 -0.00017 1 -0.0022 -0.00017 1 -0.0022 -0.00017 1 -0.0022 -0.00017 1 -0.0022 -0.00014 0.0022 1 -0.00014 0.0022 1 -0.00014 0.0022 1 -0.00014 0.0022 1 0.00017 -1 0.0022 0.00017 -1 0.0022 0.00017 -1 0.0022 0.00017 -1 0.0022 0.00014 -0.0022 -1 0.00014 -0.0022 -1 0.00014 -0.0022 -1 0.00014 -0.0022 -1 1 0.00018 0.00014 1 0.00018 0.00014 1 0.00018 0.00014 1 0.00018 0.00014 -0.00017 1 -0.0022 -0.00017 1 -0.0022 -0.00017 1 -0.0022 -0.00017 1 -0.0022 1 0.00018 0.00014 1 0.00018 0.00014 1 0.00018 0.00014 1 0.00018 0.00014 1 0.00018 0.00014 1 0.00018 0.00014 1 0.00018 0.00014 1 0.00018 0.00014 1 0.00018 0.00014 1 0.00018 0.00014 1 0.00018 0.00014 1 0.00018 0.00014 1 0.00018 0.00014 1 0.00018 0.00014 -0.00014 0.0022 1 -0.00014 0.0022 1 -0.00014 0.0022 1 -0.00014 0.0022 1 0.00017 -1 0.0022 0.00017 -1 0.0022 0.00017 -1 0.0022 0.00017 -1 0.0022 -0.01451 -0.03098 0.99941 -0.15325 -0.01025 0.98813 -0.00013 -0.03309 0.99945 -0.1331 -0.01331 0.99101 -0.03675 -0.74472 0.66636 0.15509 -0.55566 0.81682 0.00903 -0.7058 0.70835 -0.17215 -0.83686 0.51964 -0.06455 -0.65567 -0.75228 0.02651 -0.94341 -0.33057 0.20774 -0.97787 0.02476 -0.06908 -0.81942 -0.56902 0.10775 -0.99247 -0.05829 -0.16475 -0.53974 -0.82555 0.23731 -0.0621 -0.96945 0.02617 -0.02711 -0.99929 0.00014 -0.02272 -0.99974 0.21978 -0.05924 -0.97375 0.00017 -1 0.0022 0.00017 -1 0.0022 0.00017 -1 0.0022 0.00017 -1 0.0022 0.01614 0.99979 0.01265 -0.08312 0.77895 0.62156 -0.02004 0.92719 0.37406 0.00594 0.96694 0.25495 0.05502 0.99844 -0.00984 -0.03501 0.80152 0.59694 0.0371 0.80672 -0.58977 0.33626 0.828 -0.44871 0.17271 0.8275 -0.53424 -0.09463 0.76988 -0.63114 -0.09809 0.39617 -0.91292 0.06447 0.15178 -0.98631 0.00014 0.0138 -0.9999 0.01415 0.01588 -0.99977 0.01425 0.23775 -0.97122 -0.26501 0.07895 -0.96101 -0.14483 0.22005 -0.96468 6e-05 0.37349 -0.92764 -0.14664 0.21802 -0.96486 -0.00017 1 -0.0022 -0.00017 1 -0.0022 -0.00017 1 -0.0022 -0.00017 1 -0.0022 1 0.00018 0.00014 1 0.00018 0.00014 1 0.00018 0.00014 1 0.00018 0.00014 1 0.00018 0.00014 1 0.00018 0.00014 1 0.00018 0.00014 1 0.00018 0.00014 1 0.00018 0.00014 1 0.00018 0.00014 1 0.00018 0.00014 1 0.00018 0.00014 1 0.00018 0.00014 1 0.00018 0.00014 1 0.00018 0.00014 1 0.00018 0.00014 1 0.00018 0.00014 1 0.00018 0.00014 1 0.00018 0.00014 1 0.00018 0.00014 1 0.00018 0.00014 1 0.00018 0.00014 1 0.00018 0.00014 1 0.00018 0.00014 0.00583 -0.84285 -0.53811 -0.04875 -0.6895 -0.72264 0.09651 -0.91448 -0.39295 -0.0128 -0.78913 -0.6141 -0.0031 -0.66156 -0.74989 -0.431 -0.89149 0.13959 -0.40245 -0.90624 0.12951 -0.38191 -0.91608 0.12227 -0.42294 -0.89578 0.13674 -0.04049 -0.00803 0.99915 -0.0945 -0.41526 0.90478 -0.00014 -0.00183 1 -0.29314 -0.11423 0.94922 0.0021 -0.6122 0.7907 -0.03222 -0.7888 0.6138 0.00022 -0.71469 -0.69944 0.21648 -0.81247 -0.54133 0.29641 -0.83284 -0.46745 0.13862 -0.78411 -0.60495 -0.1773 -0.63903 0.74847 -0.02118 -0.70934 0.70455 -0.32832 -0.54845 0.76903 -0.11974 -0.66759 0.73484 -0.03995 -0.05326 0.99778 -0.00014 -0.01998 0.9998 -0.07548 -0.08291 0.99369 -0.03365 -0.048 0.99828 0.00017 -1 0.0022 0.00017 -1 0.0022 0.00017 -1 0.0022 0.00017 -1 0.0022 0.00014 -0.0022 -1 0.00014 -0.0022 -1 0.00014 -0.0022 -1 0.00014 -0.0022 -1 -0.00017 1 -0.0022 -0.00017 1 -0.0022 -0.00017 1 -0.0022 -0.00017 1 -0.0022 0.12275 0.02364 -0.99216 0.01252 0.00615 -0.9999 0.11348 0.02217 -0.99329 0.00014 0.00418 -0.99999 -0.18233 0.6294 -0.75539 -0.26981 0.66632 -0.69514 -0.19135 0.63353 -0.74969 -0.13111 0.60463 -0.78564 0.1025 0.99124 0.08324 -0.16156 0.95784 0.23757 -0.25145 0.92438 0.28688 -0.00694 0.98883 0.14887 0.11422 0.6178 0.778 -0.03667 0.32518 0.94494 0.02358 0.00778 0.99969 -0.00014 0.0022 1 0.09904 0.06101 0.99321 -0.02676 0.43536 0.89986 -0.00017 1 -0.0022 -0.00017 1 -0.0022 -0.00017 1 -0.0022 -0.00017 1 -0.0022 -0.20679 0.01341 -0.97829 -0.01875 0.04092 -0.99899 0.00013 0.04359 -0.99905 -0.18186 0.01715 -0.98317 -0.10977 0.98502 -0.13296 -0.18872 0.96591 -0.17719 -0.15373 0.97545 -0.15766 -0.21933 0.95613 -0.19417 0.03407 0.80245 0.59575 0.07932 0.8215 0.56466 0.0498 0.80937 0.58518 -0.00022 0.78625 0.61791 -0.00015 0.05955 0.99823 -0.00015 0.05955 0.99823 -0.00015 0.05955 0.99823 -0.00015 0.05955 0.99823 0.04547 0.98231 -0.18167 -0.13936 0.78703 0.60097 -0.06982 0.98217 0.17453 -0.04306 0.76053 0.64787 -0.18105 0.86091 0.47545 0.03147 0.9995 0.00111 0.09831 0.96796 -0.23106 0.10952 -0.43896 0.89181 0.25146 -0.52631 0.81226 0.17794 -0.48266 0.85754 -7e-05 -0.36315 0.93173 0.15092 -0.98708 -0.05381 -0.08819 -0.97544 -0.20186 0.0568 -0.99191 -0.1135 -0.17927 -0.95015 -0.25512 -0.05036 -0.41068 -0.91039 -0.0073 -0.0733 -0.99728 0.13405 -0.61976 -0.77326 -0.08968 -0.02643 -0.99562 0.03492 -0.56809 -0.82223 0.02535 -0.19923 -0.97963 0.00019 -0.99693 -0.07833 0.00019 -0.99693 -0.07833 0.00019 -0.99693 -0.07833 0.00019 -0.99693 -0.07833 -0.15176 0.67817 -0.71907 0.16046 0.74588 -0.64647 -0.277 0.62864 -0.72669 0.05037 0.7309 -0.68062 -0.1504 -0.02112 -0.9884 -0.25581 0.00848 -0.96669 -0.1714 -0.01528 -0.98508 -0.29452 0.01954 -0.95545 -0.0019 -0.79539 -0.60609 0.11338 -0.589 -0.80014 0.15951 -0.5613 -0.81209 0.03377 -0.79073 -0.61124 0.02712 -0.92359 -0.38241 -0.44058 -0.89743 -0.02266 -0.46923 -0.88231 -0.03674 -0.45779 -0.88852 -0.03109 -0.39877 -0.91705 -0.00254 -0.51786 -0.41158 0.74995 -0.11866 -0.79563 0.59405 0.04705 -0.9332 0.35626 -0.0163 -0.82009 0.57201 -0.44601 -0.47465 0.7588 0.04196 0.21157 0.97646 0.0124 -0.11398 0.99341 0.06492 -0.25485 0.9648 -0.02292 -0.06012 0.99793 -0.17221 0.07249 0.98239 0.11134 0.26436 0.95798 -0.37658 0.61289 0.69466 -0.46047 0.56201 0.6871 -0.40562 0.5962 0.69284 -0.55068 0.49735 0.67037 -0.21622 0.97515 -0.04835 7e-05 0.3394 -0.94064 -0.05144 0.92764 -0.36991 0.18198 0.54848 -0.81612 0.10703 0.39075 -0.91425 -0.13793 0.98329 -0.11879 0.07961 0.81416 -0.57516 -0.00017 1 -0.0022 -0.00017 1 -0.0022 -0.00017 1 -0.0022 -0.00017 1 -0.0022 -0.01457 -0.4518 -0.892 0.1935 -0.53931 -0.81958 0.06869 -0.48993 -0.86905 0.25185 -0.55904 -0.78997 -0.0994 -0.99363 0.05302 -0.10943 -0.88155 -0.45923 -0.03176 -0.97033 -0.23969 -0.03473 -0.92145 -0.38693 -0.08708 -0.99517 -0.04525 -0.07111 -0.99539 0.06443 0.08574 -0.81963 0.56645 0.07637 -0.81655 0.5722 0.09027 -0.82107 0.56364 0.08254 -0.81858 0.56843 -0.00572 -0.19314 0.98115 -0.11496 -0.07975 0.99016 -8e-05 -0.31867 0.94787 -8e-05 -0.31867 0.94787 -0.10514 -0.07832 0.99137 -0.0001 -0.19231 0.98133 0.052 0.99002 -0.13097 0.09254 0.9904 -0.10268 0.07731 0.99054 -0.11335 0.11746 0.98943 -0.08508 -0.10869 0.93637 -0.33376 0.11177 0.8253 -0.55352 -0.21928 0.954 -0.20443 -0.03995 0.9123 -0.40757 0.00013 0.04952 -0.99877 -0.11061 0.12546 -0.98591 -0.16329 0.16126 -0.97331 -0.06367 0.09338 -0.99359 0.25821 -0.93531 -0.2419 0.0002 -0.98251 -0.18622 0.0459 -0.97932 -0.19706 0.28525 -0.9261 -0.24692 0.62376 0.77242 -0.11956 0.39122 0.91174 0.1252 0.37825 0.90944 0.17276 0.3886 0.90587 0.16852 0.52803 0.84922 -0.00161 -0.06764 0.97459 -0.21354 -0.09717 0.69352 -0.71386 -0.01192 0.87113 -0.49091 -0.03067 0.73369 -0.6788 0.01145 0.90827 -0.41824 0.11824 0.10137 -0.9878 0.13874 0.0902 -0.98621 0.12793 0.0961 -0.98712 0.11084 0.10538 -0.98824 -0.2271 -0.61893 -0.7519 -0.35504 -0.66659 -0.65545 -0.09621 -0.55579 -0.82574 -0.29173 -0.64488 -0.70642 -0.00019 0.36653 0.93041 -0.00019 0.36653 0.93041 -0.00019 0.36653 0.93041 -0.00019 0.36653 0.93041 1 0.00018 0.00014 1 0.00018 0.00014 1 0.00018 0.00014 1 0.00018 0.00014 1 0.00018 0.00014 1 0.00018 0.00014 1 0.00018 0.00014 0.00017 -1 0.0022 0.00017 -1 0.0022 0.00017 -1 0.0022 0.00017 -1 0.0022 -0.01037 -0.3443 -0.9388 -0.00041 -0.34515 -0.93855 -0.00982 -0.34435 -0.93879 0.00019 -0.3452 -0.93853 -7e-05 -0.3301 0.94395 -0.07977 -0.3357 0.93858 -0.0849 -0.33599 0.93803 -0.00485 -0.3305 0.94379 0.00017 -1 0.0022 0.00017 -1 0.0022 0.00017 -1 0.0022 0.00017 -1 0.0022 7e-05 0.35933 -0.93321 7e-05 0.35933 -0.93321 7e-05 0.35933 -0.93321 7e-05 0.35933 -0.93321 -0.00017 1 -0.0022 -0.00017 1 -0.0022 -0.00017 1 -0.0022 -0.00017 1 -0.0022 -0.00017 1 -0.0022 -0.00017 1 -0.0022 -0.00017 1 -0.0022 -0.00017 1 -0.0022 -0.22075 0.95909 -0.17725 0.02574 0.99669 0.07717 -0.00021 0.56547 0.82477 -0.05036 0.79079 0.61002 -0.0289 0.55627 0.8305 -0.05814 0.68826 0.72313 0.00562 0.95707 0.2898 -0.143 0.98025 -0.13663 0.1656 -0.1906 -0.9676 0.06829 -0.4615 -0.88451 0.26379 0.73952 -0.6193 0.0539 0.60527 -0.79419 0.01388 -0.89302 -0.44981 0.01608 0.25689 -0.96631 0.21121 -0.95766 -0.19563 0.30048 0.74365 -0.59723 0.09362 0.49682 -0.86279 0.01317 0.02778 -0.99953 0.00358 -0.59409 -0.80439 0.01777 -0.85677 -0.51539 0.24501 -0.95371 -0.17436 -0.00098 -0.91859 0.3952 -0.2745 -0.92989 0.24484 -0.20316 -0.93586 0.2879 0.09624 -0.89312 0.43941 -0.08619 -0.54851 0.83169 0.03593 -0.29486 0.95486 -0.00012 -0.11344 0.99354 0.03644 -0.12939 0.99092 -0.08532 -0.47149 0.87774 -0.11099 -0.5582 0.82225 0.00016 -0.99216 0.12498 0.00016 -0.99216 0.12498 0.00016 -0.99216 0.12498 0.00016 -0.99216 0.12498 0.19342 -0.29098 0.93697 -6e-05 -0.37146 0.92845 0.08824 -0.33677 0.93744 0.3406 -0.21818 0.91454 0.07755 -0.89514 0.43899 -0.11232 -0.80284 0.58551 -0.03411 -0.84781 0.52921 -0.20117 -0.73952 0.64237 0.10245 -0.97954 -0.17321 -0.16118 -0.94769 -0.27551 -0.04526 -0.9715 -0.23269 0.22089 -0.9677 -0.12149 -0.0723 -0.54367 -0.83618 0.00021 -0.49822 -0.86705 -0.04474 -0.52688 -0.84876 -0.10821 -0.56465 -0.81821 -0.00017 1 -0.0022 -0.00017 1 -0.0022 -0.00017 1 -0.0022 -0.00017 1 -0.0022 1 0.00018 0.00014 1 0.00018 0.00014 1 0.00018 0.00014 1 0.00018 0.00014 1 0.00018 0.00014 1 0.00018 0.00014 1 0.00018 0.00014 1 0.00018 0.00014 1 0.00018 0.00014 1 0.00018 0.00014 1 0.00018 0.00014 1 0.00018 0.00014 1 0.00018 0.00014 1 0.00018 0.00014 1 0.00018 0.00014 1 0.00018 0.00014 1 0.00018 0.00014 1 0.00018 0.00014 1 0.00018 0.00014 1 0.00018 0.00014 1 0.00018 0.00014 1 0.00018 0.00014 1 0.00018 0.00014 1 0.00018 0.00014 1 0.00018 0.00014 1 0.00018 0.00014 -0.00021 0.53951 0.84198 -0.00021 0.54015 0.84157 -0.00021 0.53951 0.84198 -0.00021 0.55472 0.83204 -0.00021 0.54713 0.83705 0.05093 -0.7035 -0.70886 -0.0018 -0.72612 -0.68757 0.01902 -0.71751 -0.69629 -0.03276 -0.73813 -0.67386 -0.09504 -0.99386 -0.05665 -0.08154 -0.99532 -0.05188 -0.08511 -0.99495 -0.05315 -0.09956 -0.99333 -0.05825 0.0837 -0.72831 0.68011 0.03138 -0.75393 0.65621 5e-05 -0.76781 0.64068 0.04754 -0.74634 0.66386 -0.00013 -0.04714 0.99889 -0.00013 -0.04714 0.99889 -0.00013 -0.04714 0.99889 -0.00013 -0.04714 0.99889 -0.19251 -0.86426 -0.46475 -0.35979 -0.88201 -0.30431 -0.27426 -0.87868 -0.39076 -0.02147 -0.80298 -0.59562 0.10524 -0.98897 0.10419 0.04173 -0.7922 0.60883 0.02049 -0.61699 0.7867 0.06857 -0.64233 0.76335 0.19525 -0.98045 -0.02437 0.09755 -0.91372 0.39446 -7e-05 -0.3389 0.94082 -7e-05 -0.3389 0.94082 -7e-05 -0.3389 0.94082 -7e-05 -0.3389 0.94082 0.00017 -1 0.0022 0.00017 -1 0.0022 0.00017 -1 0.0022 0.00017 -1 0.0022 0.00014 -0.0022 -1 0.00014 -0.0022 -1 0.00014 -0.0022 -1 0.00014 -0.0022 -1 -0.00017 1 -0.0022 -0.00017 1 -0.0022 -0.00017 1 -0.0022 -0.00017 1 -0.0022 -0.17307 0.00862 -0.98487 -0.01574 0.03162 -0.99938 -0.15088 0.01192 -0.98848 0.00013 0.03389 -0.99943 0.01845 0.69901 -0.71488 0.13425 0.54522 -0.82747 0.01294 0.70544 -0.70866 -0.10855 0.82676 -0.55198 0.06396 0.6901 0.72089 0.07418 0.41646 0.90612 0.0179 0.02264 0.99958 -0.00014 0.01952 0.99981 0.0969 0.12968 0.98681 0.01188 0.48903 0.87219 -0.00017 1 -0.0022 -0.00017 1 -0.0022 -0.00017 1 -0.0022 -0.00017 1 -0.0022 -0.13675 0.03771 -0.98989 0.00014 0.01749 -0.99985 -0.014 0.0196 -0.99971 -0.14826 0.03939 -0.98816 -0.03554 0.73822 -0.67362 0.0608 0.58505 -0.80872 -0.13936 0.8631 -0.48542 -0.05988 0.77135 -0.63359 0.10677 0.99266 0.05684 0.2011 0.97918 -0.02769 0.14136 0.98961 0.02613 0.01824 0.99082 0.13397 -0.12575 0.75992 0.63774 -0.06214 0.73486 0.67536 -0.02386 0.71771 0.69593 -0.07699 0.7411 0.66697 0.12605 0.04033 0.9912 -0.00015 0.05956 0.99822 0.01341 0.05754 0.99825 0.14239 0.03777 0.98909 1 0.00018 0.00014 1 0.00018 0.00014 1 0.00018 0.00014 1 0.00018 0.00014 1 0.00018 0.00014 1 0.00018 0.00014 1 0.00018 0.00014 1 0.00018 0.00014 1 0.00018 0.00014 1 0.00018 0.00014 1 0.00018 0.00014 -0.01946 -0.6982 -0.71563 -0.01053 -0.82584 -0.56381 0.00643 -0.84304 -0.53781 0.04097 -0.95811 -0.28346 0.00022 -0.68458 -0.72894 -0.2182 -0.95106 0.21881 0.00016 -0.99187 0.12725 -0.10489 -0.97946 0.17223 -0.36944 -0.88682 0.27761 -0.08762 -0.22542 0.97031 -0.04781 -0.27053 0.96152 -0.04258 -0.27638 0.96011 -7e-05 -0.32306 0.94638 0.00017 -1 0.0022 0.00017 -1 0.0022 0.00017 -1 0.0022 0.00017 -1 0.0022 0.00014 -0.0022 -1 0.00014 -0.0022 -1 0.00014 -0.0022 -1 0.00014 -0.0022 -1 -0.00017 1 -0.0022 -0.00017 1 -0.0022 -0.00017 1 -0.0022 -0.00017 1 -0.0022 -0.00017 0.99983 -0.0183 -0.09271 0.99073 -0.09928 -0.14387 0.97907 -0.14393 -0.06677 0.99482 -0.07661 -0.00021 0.56929 0.82214 0.05995 0.59494 0.80153 0.03017 0.58258 0.81221 0.09493 0.60862 0.78776 -0.04561 0.02977 0.99852 -0.00014 0.02193 0.99976 -0.00563 0.02288 0.99972 -0.05039 0.03059 0.99826 -0.00017 1 -0.0022 -0.00017 1 -0.0022 -0.00017 1 -0.0022 -0.00017 1 -0.0022 1 0.00018 0.00014 1 0.00018 0.00014 1 0.00018 0.00014 1 0.00018 0.00014 1 0.00018 0.00014 1 0.00018 0.00014 1 0.00018 0.00014 1 0.00018 0.00014 1 0.00018 0.00014 1 0.00018 0.00014 1 0.00018 0.00014 1 0.00018 0.00014 1 0.00018 0.00014 1 0.00018 0.00014 -0.09584 -0.85932 -0.50237 -0.02961 -0.84463 -0.53452 -0.0711 -0.85439 -0.51475 0.00022 -0.83648 -0.548 0.09777 -0.98552 0.13856 0.12654 -0.98083 0.14819 0.11708 -0.98247 0.14504 0.09095 -0.98649 0.13626 -0.0529 -0.70107 0.71112 0.00395 -0.65868 0.75241 -0.00583 -0.66628 0.74567 0.05142 -0.61986 0.78303 -0.00668 -0.03661 0.99931 -0.07666 -0.04595 0.996 -0.00013 -0.03573 0.99936 -0.07086 -0.04518 0.99646 -0.00014 0.0022 1 -0.00014 0.0022 1 -0.00014 0.0022 1 -0.00014 0.0022 1 0.00017 -1 0.0022 0.00017 -1 0.0022 0.00017 -1 0.0022 0.00017 -1 0.0022 0.00014 -0.0022 -1 0.00014 -0.0022 -1 0.00014 -0.0022 -1 0.00014 -0.0022 -1 -0.00017 1 -0.0022 -0.00017 1 -0.0022 -0.00017 1 -0.0022 -0.00017 1 -0.0022 0.0537 0.62089 0.78205 0.00826 0.80231 0.59684 0.16125 0.92984 -0.33075 0.00955 0.99992 0.008 -0.03507 0.94599 0.3223 0.04079 0.97551 -0.21613 -0.03414 0.71668 0.69657 -0.10444 0.06064 0.99268 -0.00015 0.04454 0.99901 -0.11413 0.06211 0.99152 -0.01152 0.04632 0.99886 0.0001 0.21973 -0.97556 -0.10681 0.51422 -0.85098 0.00014 0.00824 -0.99997 0.00014 0.00824 -0.99997 -0.04587 0.2629 -0.96373 -0.17323 0.56694 -0.80534 0.07701 0.99291 0.09053 0.05907 0.94856 -0.31105 0.04848 0.68879 -0.72333 -0.00019 0.37079 0.92872 0.0201 0.51725 0.8556 -0.02088 0.87957 0.4753 -0.04529 0.66567 0.74487 0.03985 0.39103 0.91952 0.00399 0.80398 -0.59465 0.15347 0.55928 -0.81465 0.03102 0.92767 0.37212 0.03771 0.99303 -0.11167 1 0.00018 0.00014 1 0.00018 0.00014 1 0.00018 0.00014 1 0.00018 0.00014 1 0.00018 0.00014 1 0.00018 0.00014 1 0.00018 0.00014 1 0.00018 0.00014 1 0.00018 0.00014 1 0.00018 0.00014 1 0.00018 0.00014 1 0.00018 0.00014 1 0.00018 0.00014 1 0.00018 0.00014 1 0.00018 0.00014 1 0.00018 0.00014 1 0.00018 0.00014 1 0.00018 0.00014 1 0.00018 0.00014 1 0.00018 0.00014 1 0.00018 0.00014 1 0.00018 0.00014 1 0.00018 0.00014 0.00016 -0.99401 0.10926 -0.1483 -0.96905 0.19735 -0.08103 -0.98413 0.15785 -0.22683 -0.94324 0.24257 0.1658 0.49095 -0.85526 2e-05 0.55716 -0.8304 0.11493 0.51321 -0.85053 0.41635 0.3538 -0.83754 0.08036 0.94867 -0.30589 -0.00674 0.85126 -0.52471 -0.08897 0.70777 -0.70082 -0.00333 0.85613 -0.51676 -0.43201 0.89538 0.108 -0.07345 0.99717 -0.01583 0.04197 0.99764 -0.05439 -0.21998 0.97491 0.03399 0.04101 0.85811 0.51183 -0.03242 0.83657 0.5469 0.01086 0.84999 0.52668 0.09051 0.86923 0.48606 -0.12748 -0.50262 0.85505 -0.02118 -0.15256 0.98807 0.0085 -0.29589 0.95518 -0.19469 -0.52498 0.82855 -0.10977 -0.01049 0.9939 0.03675 -0.99459 0.09712 0.06084 -0.97567 -0.21064 0.18785 -0.88524 0.42551 0.13717 -0.90459 0.40362 0.01027 -0.99954 0.02862 0.06791 -0.97585 -0.2076 -0.08097 -0.53305 -0.8422 -0.07464 -0.5352 -0.84142 -0.07908 -0.5337 -0.84197 -0.07316 -0.53571 -0.84123 -0.13964 0.95164 0.27364 -0.00021 0.933 0.35988 -0.07851 0.94661 0.31266 -0.21501 0.95085 0.22283 -0.02766 -0.11545 -0.99293 -0.49999 0.24338 -0.83113 -0.02597 -0.2836 -0.95859 -0.45929 0.23517 -0.85659 -0.01571 -0.04421 -0.9989 -0.05001 -0.27675 -0.95964 0.01168 -0.77886 -0.62708 -0.15564 -0.8026 -0.57586 -0.12409 -0.8 -0.58702 0.04959 -0.7701 -0.63599 0.12566 -0.98955 -0.07074 0.0844 -0.99478 -0.05727 0.13328 -0.98837 -0.07322 0.09702 -0.99339 -0.0614 -0.02955 -0.87091 0.49055 0.24808 -0.88264 0.39926 0.13964 -0.88712 0.43992 -0.11877 -0.85126 0.51113 -0.14223 -0.53019 0.83587 -0.01195 -0.4754 0.87969 -0.10211 -0.51442 0.85144 0.03752 -0.4519 0.89128 -0.00894 -0.41537 0.90961 -0.05838 -0.38559 0.92082 0.02182 -0.43316 0.90105 -0.02604 -0.40523 0.91384 0.12802 -0.9358 0.32848 0.09556 -0.93148 0.35102 0.07129 -0.92731 0.36745 0.11001 -0.93358 0.34107 0.03632 -0.93711 -0.34715 -0.03573 -0.95819 -0.2839 -0.08179 -0.96686 -0.24186 -0.01547 -0.95319 -0.30199 -0.39116 -0.5998 -0.69802 -0.144 -0.54994 -0.8227 -0.05721 -0.52307 -0.85037 -0.19844 -0.56443 -0.80127 -0.4716 -0.02023 -0.88158 -0.46631 0.06321 -0.88236 -0.46027 0.12488 -0.87895 -0.45279 0.18372 -0.87248 0.03258 -0.99855 -0.04275 0.08291 -0.9935 -0.07805 0.05046 -0.99719 -0.0553 0.00018 -0.9998 -0.01999 0.13238 0.95581 -0.2625 -0.20807 0.79596 0.56847 0.03829 0.9547 0.29509 -0.11344 0.84031 0.5301 0.06941 0.99758 0.00476 0.2352 0.90466 -0.35535 -0.19842 0.04659 -0.97901 -0.27337 0.01781 -0.96174 -0.34001 -0.0085 -0.94038 -0.22246 0.03745 -0.97422 0.1765 -0.596 -0.78335 -0.22256 -0.69521 -0.68348 -0.14427 -0.68517 -0.71395 0.25051 -0.56437 -0.7866 0.13471 -0.98878 -0.0646 0.03355 -0.99926 -0.01877 0.1608 -0.98402 -0.07641 0.0713 -0.99681 -0.03588 -0.03816 -0.83268 0.55244 -0.06777 -0.62266 0.77955 -0.05159 -0.04139 0.99781 -0.18645 0.13827 0.97269 -0.03681 -0.83241 0.55293 -0.0081 -0.68097 0.73226 -0.18369 -0.2866 0.94028 -0.00013 -0.03239 0.99948 -0.16514 0.13264 0.97731 0.0659 0.58766 0.80642 0.20796 0.52404 0.82592 0.11982 0.5653 0.81613 0.23769 0.50875 0.82745 -0.15705 0.96188 0.22386 -0.34722 0.92692 0.14231 -0.08639 0.96412 0.251 -0.30987 0.93733 0.15936 -0.00667 0.89268 -0.45065 -0.19626 0.73031 -0.65431 0.11815 0.94919 -0.29168 -0.08313 0.83858 -0.5384 9e-05 0.26116 -0.9653 0.22751 0.41956 -0.87875 0.13382 0.35702 -0.92446 0.30357 0.46728 -0.83036 0.14544 -0.15842 -0.9766 0.00237 -0.47403 -0.88051 -0.0723 0.44186 -0.89416 0.09562 -0.74521 -0.65994 0.00991 0.26121 -0.96523 0.0013 0.37272 -0.92794 -0.01318 0.05679 -0.9983 0.05656 -0.5309 -0.84555 0.145 -0.75927 -0.63442 -0.14997 -0.98501 -0.08527 0.10057 -0.98199 -0.15997 0.02381 -0.99014 -0.13804 -0.24328 -0.96839 -0.0551 -0.09276 -0.84081 0.53332 -0.08467 -0.83976 0.53631 -0.09056 -0.84054 0.53413 -0.0817 -0.83936 0.53739 -0.13248 0.99015 0.04537 -0.02619 0.23427 0.97182 0.05744 -0.38254 0.92215 0.14601 0.69106 0.7079 -0.01638 0.95127 0.30792 0.17588 -0.22637 0.95803 0.14464 -0.33537 0.93092 -0.01251 -0.00032 0.99992 0.02001 0.44092 0.89732 0.06328 0.91972 0.38744 -0.09728 0.99331 0.06222 0.1935 0.82737 -0.52728 0.2075 0.82227 -0.52993 0.21027 0.82123 -0.53044 0.19861 0.82553 -0.52826 1 0.00018 0.00014 1 0.00018 0.00014 1 0.00018 0.00014 1 0.00018 0.00014 1 0.00018 0.00014 1 0.00018 0.00014 1 0.00018 0.00014 1 0.00018 0.00014 1 0.00018 0.00014 1 0.00018 0.00014 1 0.00018 0.00014 1 0.00018 0.00014 1 0.00018 0.00014 1 0.00018 0.00014 1 0.00018 0.00014 1 0.00018 0.00014 1 0.00018 0.00014 1 0.00018 0.00014 1 0.00018 0.00014 1 0.00018 0.00014 1 0.00018 0.00014 1 0.00018 0.00014 1 0.00018 0.00014 1 0.00018 0.00014 -0.18512 -0.58239 0.79155 -0.00265 -0.70819 0.70602 0.11144 -0.76657 0.63242 -0.07812 -0.66105 0.74626 0.11803 -0.95591 -0.26891 -0.05554 -0.85217 -0.52031 -0.07595 -0.99692 -0.01935 0.02909 -0.99586 -0.08611 0.07859 -0.91187 -0.40288 -0.01685 -0.27664 -0.96083 0.17023 -0.20861 -0.96307 0.11028 -0.23159 -0.96654 -0.06719 -0.29311 -0.95371 -0.00796 0.97534 0.22058 -0.2072 0.53286 0.82045 -0.06321 0.84943 0.5239 -0.00663 0.97527 0.22092 -0.00022 0.88553 0.46458 -0.12105 0.62761 0.76906 1 0.00018 0.00014 1 0.00018 0.00014 1 0.00018 0.00014 1 0.00018 0.00014 1 0.00018 0.00014 1 0.00018 0.00014 1 0.00018 0.00014 1 0.00018 0.00014 1 0.00018 0.00014 1 0.00018 0.00014 1 0.00018 0.00014 1 0.00018 0.00014 1 0.00018 0.00014 1 0.00018 0.00014 1 0.00018 0.00014 1 0.00018 0.00014 1 0.00018 0.00014 1 0.00018 0.00014 1 0.00018 0.00014 1 0.00018 0.00014 1 0.00018 0.00014 1 0.00018 0.00014 1 0.00018 0.00014 1 0.00018 0.00014 1 0.00018 0.00014 1 0.00018 0.00014 1 0.00018 0.00014 1 0.00018 0.00014 1 0.00018 0.00014 -0.15495 -0.9743 0.16347 -0.28393 -0.95591 0.07491 -0.067 -0.97316 0.22016 -0.23234 -0.96626 0.11115 0.20014 -0.80998 -0.55124 -0.13016 -0.69283 -0.70926 0.2964 -0.82218 -0.48597 -0.00332 -0.75109 -0.66019 0.00015 -0.0956 -0.99542 0.05736 -0.12795 -0.99012 0.07903 -0.14009 -0.98698 0.02633 -0.11045 -0.99353 0.02758 0.96959 0.24316 0.09454 0.94486 0.31353 -0.03543 0.69067 0.7223 -0.0002 0.96833 0.24969 0.02733 0.7879 0.61519 0.09662 0.47196 0.87631 -0.04434 -0.30815 0.9503 -0.19572 -0.17677 0.9646 0.06617 -0.39535 0.91614 -0.10164 -0.26007 0.96023 1 0.00018 0.00014 1 0.00018 0.00014 1 0.00018 0.00014 1 0.00018 0.00014 1 0.00018 0.00014 1 0.00018 0.00014 1 0.00018 0.00014 1 0.00018 0.00014 1 0.00018 0.00014 1 0.00018 0.00014 1 0.00018 0.00014 1 0.00018 0.00014 1 0.00018 0.00014 1 0.00018 0.00014 1 0.00018 0.00014 1 0.00018 0.00014 1 0.00018 0.00014 1 0.00018 0.00014 1 0.00018 0.00014 1 0.00018 0.00014 1 0.00018 0.00014 1 0.00018 0.00014 1 0.00018 0.00014 1 0.00018 0.00014 1 0.00018 0.00014 1 0.00018 0.00014 1 0.00018 0.00014 1 0.00018 0.00014 1 0.00018 0.00014 1 0.00018 0.00014 1 0.00018 0.00014 0.01724 -0.30859 0.95104 0.28861 -0.01208 0.95737 0.09017 -0.75081 0.65434 -0.06134 -0.9058 0.41924 0.32764 0.00534 0.94479 0.10892 -0.41197 0.90467 0.06588 -0.84533 0.53017 -0.23488 -0.90009 -0.36696 -0.02627 -0.97333 -0.22789 0.08885 -0.98542 -0.14508 -0.14212 -0.94106 -0.30693 0.01223 0.54776 0.83654 -0.17051 0.33934 0.92508 -0.06278 0.46776 0.88162 0.13952 0.66618 0.73262 0.02185 0.09708 -0.99504 -0.115 0.32984 -0.93701 -0.3029 -0.18128 -0.93562 -0.21193 -0.13106 -0.96846 -0.02144 0.25063 -0.96785 0.27606 0.72539 -0.63055 0.12425 0.68458 -0.71827 0.15129 0.69339 -0.70451 0.05163 0.6578 -0.75142 -0.06954 0.98376 0.16548 -0.27252 0.95928 0.0742 -0.15288 0.97976 0.12921 -0.39174 0.91994 0.01564 1 0.00018 0.00014 1 0.00018 0.00014 1 0.00018 0.00014 1 0.00018 0.00014 1 0.00018 0.00014 1 0.00018 0.00014 1 0.00018 0.00014 1 0.00018 0.00014 1 0.00018 0.00014 1 0.00018 0.00014 1 0.00018 0.00014 1 0.00018 0.00014 1 0.00018 0.00014 1 0.00018 0.00014 1 0.00018 0.00014 1 0.00018 0.00014 1 0.00018 0.00014 1 0.00018 0.00014 1 0.00018 0.00014 1 0.00018 0.00014 1 0.00018 0.00014 1 0.00018 0.00014 1 0.00018 0.00014 1 0.00018 0.00014 1 0.00018 0.00014 1 0.00018 0.00014 1 0.00018 0.00014 1 0.00018 0.00014 1 0.00018 0.00014 1 0.00018 0.00014 1 0.00018 0.00014 1 0.00018 0.00014 1 0.00018 0.00014 1 0.00018 0.00014 1 0.00018 0.00014 1 0.00018 0.00014 1 0.00018 0.00014 1 0.00018 0.00014 1 0.00018 0.00014 1 0.00018 0.00014 -0.02532 -0.70528 -0.70847 -0.00866 -0.69827 -0.71578 -0.01677 -0.70172 -0.71226 0.00022 -0.69442 -0.71957 0.05883 0.60859 -0.7913 0.03081 0.1153 -0.99285 -0.04732 0.78073 -0.62307 0.00016 -0.10185 -0.9948 0.03401 -0.08508 -0.99579 0.07198 0.29871 -0.95163 0.05458 0.7143 -0.69771 0.1435 0.98358 0.10947 0.26834 0.96204 0.04971 0.10181 0.98645 0.12867 0.20851 0.97484 0.07879 -0.15664 0.57845 0.80054 0.04113 -0.22365 0.9738 -0.06929 0.28845 0.95499 -0.17911 0.566 0.80472 -0.06815 0.442 0.89442 -0.02149 -0.0565 0.99817 0.143 -0.31625 0.93784 0.02448 -0.99956 -0.01681 0.34652 -0.92242 0.1705 0.18007 -0.98093 0.07311 0.4299 -0.87571 0.21982 1 0.00018 0.00014 1 0.00018 0.00014 1 0.00018 0.00014 1 0.00018 0.00014 1 0.00018 0.00014 1 0.00018 0.00014 1 0.00018 0.00014 1 0.00018 0.00014 1 0.00018 0.00014 1 0.00018 0.00014 1 0.00018 0.00014 1 0.00018 0.00014 1 0.00018 0.00014 1 0.00018 0.00014 1 0.00018 0.00014 1 0.00018 0.00014 1 0.00018 0.00014 1 0.00018 0.00014 1 0.00018 0.00014 1 0.00018 0.00014 1 0.00018 0.00014 1 0.00018 0.00014 1 0.00018 0.00014 1 0.00018 0.00014 1 0.00018 0.00014 1 0.00018 0.00014 1 0.00018 0.00014 1 0.00018 0.00014 1 0.00018 0.00014 1 0.00018 0.00014 1 0.00018 0.00014 1 0.00018 0.00014 1 0.00018 0.00014 1 0.00018 0.00014 1 0.00018 0.00014 1 0.00018 0.00014 1 0.00018 0.00014 0.24641 -0.67762 -0.6929 0.40225 -0.57597 -0.71166 0.29152 -0.65119 -0.70069 0.19111 -0.70697 -0.68093 -0.02983 0.59691 -0.80175 0.06679 0.20983 -0.97545 -0.13411 -0.07179 -0.98836 -0.05062 -0.02919 -0.99829 0.03787 0.4533 -0.89055 0.04387 0.6715 -0.73971 -0.1107 0.95945 -0.25925 0.24228 0.96923 -0.04356 0.03495 0.98406 -0.17434 0.3482 0.937 0.02816 -0.10913 -0.47225 0.87468 -0.31097 0.68329 0.66061 0.07739 -0.19941 0.97686 -0.03231 0.39477 0.91821 -0.21342 0.65673 0.72329 0.06462 0.18846 0.97995 0.01712 -0.36631 0.93033 0.14669 -0.92305 0.3556 0.24956 -0.91858 0.30649 0.11585 -0.92208 0.36926 0.20434 -0.92204 0.32876 1 0.00018 0.00014 1 0.00018 0.00014 1 0.00018 0.00014 1 0.00018 0.00014 1 0.00018 0.00014 1 0.00018 0.00014 1 0.00018 0.00014 1 0.00018 0.00014 1 0.00018 0.00014 1 0.00018 0.00014 1 0.00018 0.00014 1 0.00018 0.00014 1 0.00018 0.00014 1 0.00018 0.00014 1 0.00018 0.00014 1 0.00018 0.00014 1 0.00018 0.00014 1 0.00018 0.00014 1 0.00018 0.00014 1 0.00018 0.00014 1 0.00018 0.00014 1 0.00018 0.00014 1 0.00018 0.00014 1 0.00018 0.00014 1 0.00018 0.00014 -0.05233 -0.28395 0.95741 -0.28271 -0.10506 0.95344 -0.20134 -0.17148 0.96439 0.07332 -0.37017 0.92607 -0.12305 -0.8491 0.5137 -0.18372 -0.82397 0.53602 -0.15187 -0.83771 0.52458 -0.23101 -0.80133 0.55182 -0.26874 -0.87768 -0.39681 0.05341 -0.97484 -0.21639 0.1753 -0.9747 -0.13865 -0.15683 -0.92786 -0.33835 -0.25517 0.20712 -0.94445 0.167 -0.41959 -0.89222 -0.03092 -0.10209 -0.99429 0.21745 -0.44197 -0.87027 0.03783 -0.13356 -0.99032 -0.21335 0.19291 -0.95774 -0.25053 0.90505 -0.34368 0.06935 0.82576 -0.55974 0.19925 0.75538 -0.62425 -0.12838 0.89078 -0.43592 0.30029 0.90773 0.29301 0.28588 0.90914 0.30289 0.29631 0.90815 0.29576 0.30482 0.90722 0.28989 1 0.00018 0.00014 1 0.00018 0.00014 1 0.00018 0.00014 1 0.00018 0.00014 1 0.00018 0.00014 1 0.00018 0.00014 1 0.00018 0.00014 1 0.00018 0.00014 1 0.00018 0.00014 1 0.00018 0.00014 1 0.00018 0.00014 1 0.00018 0.00014 1 0.00018 0.00014 1 0.00018 0.00014 1 0.00018 0.00014 1 0.00018 0.00014 1 0.00018 0.00014 1 0.00018 0.00014 1 0.00018 0.00014 1 0.00018 0.00014 1 0.00018 0.00014 1 0.00018 0.00014 1 0.00018 0.00014 1 0.00018 0.00014 1 0.00018 0.00014 1 0.00018 0.00014 1 0.00018 0.00014 1 0.00018 0.00014 1 0.00018 0.00014 1 0.00018 0.00014 -0.04024 0.27792 -0.95976 -0.06862 0.29715 -0.95236 -0.01917 0.26345 -0.96448 -0.05164 0.28569 -0.95693 0.10488 -0.99396 0.03244 0.12856 -0.99132 0.02744 0.10132 -0.9943 0.03318 0.12508 -0.99175 0.02818 0.00114 0.81293 -0.58237 -0.04686 0.87162 0.48793 -0.08634 0.99121 -0.10021 0.0836 0.77333 -0.62847 -0.01729 0.92593 -0.3773 -0.0936 0.95281 0.28878 0.07287 0.82282 0.56361 -0.05932 0.38593 0.92062 -0.03447 0.4005 0.91565 -0.07703 0.37532 0.92369 -0.04837 0.39239 0.91853 1 0.00018 0.00014 1 0.00018 0.00014 1 0.00018 0.00014 1 0.00018 0.00014 1 0.00018 0.00014 1 0.00018 0.00014 -1 0.00201 -4e-05 -1 0.00193 -3e-05 -1 -0.00018 0.00015 -1 -9e-05 0.00039 -1 -0.00019 0.00022 -1 -0.00022 0.00019 -1 -0.00015 0.00015 0.99999 -0.00044 -0.00383 1 -0.00023 -0.00019 1 0.00036 -0.00115 1 -0.00077 -0.00028 0.99998 -0.00574 -0.00116 1 0.00018 0.00014 1 0.00013 0.00014 1 0.00018 0.00014 1 0.00018 0.00014 1 0.00018 0.00014 1 0.00018 0.00014 1 3e-05 0.00013 1 0.0004 -0.00017 1 0.00018 0.00014 1 0.00018 0.00014 1 0.00112 0.00014 0.99999 0.00465 0.00013 0.99999 0.00465 0.00013 1 0.00018 0.00014 1 -0.00114 -0.00023 1 0.00018 0.00014 1 0.00018 0.00014 1 0.00018 0.00014 1 0.00018 0.00014 1 0.00018 0.00014 1 0.00018 0.00014 1 0.00018 0.00014 1 0.00018 0.00014 1 0.00018 0.00014 1 0.00018 0.00014 1 0.00044 0.00017 1 0.00018 0.00014 1 0.00018 0.00014 1 0.00018 0.00014 1 0.00018 0.00014 1 0.00018 0.00014 1 5e-05 0.00026 1 -0.00061 0.00031 1 0.00018 0.00014 1 0.00018 0.00014 1 0.00018 0.00014 1 0.00018 0.00014 1 0.00018 0.00014 1 0.00018 0.00014 1 0.00018 0.00014 1 0.00018 0.00014 1 0.00018 0.00014 1 -7e-05 0.0005 1 0.00018 0.00014 1 0.00018 0.00014 1 0.00018 0.00014 1 0.00018 0.00014 1 0.00018 0.00014 1 0.00018 0.00014 1 0.00018 0.00014 1 0.00018 0.00014 1 0.00018 0.00014 1 0.00018 0.00014 1 0.00018 0.00014 1 0.00018 0.00014 1 0.00018 0.00014 1 0.00018 0.00014 1 0.00018 0.00014 1 0.00018 0.00014 1 0.00018 0.00014 1 0.00018 0.00014 1 0.00018 0.00014 1 0.00018 0.00014 1 0.00018 0.00014 1 0.00018 0.00014 1 0.00018 0.00014 1 0.00018 0.00014 1 0.00018 0.00014 1 0.00018 0.00014 1 0.00018 0.00014 1 0.00018 0.00014 1 0.00018 0.00014 1 0.00018 0.00014 1 0.00018 0.00014 1 0.00018 0.00014 1 0.00018 0.00014 1 0.00018 0.00014 1 0.00018 0.00014 1 0.00018 0.00014 1 0.00018 0.00014 1 0.00018 0.00014 1 0.00018 0.00014 1 0.00018 0.00014 1 0.00018 0.00014 1 0.00018 0.00014 1 0.00018 0.00014 1 0.00018 0.00014 1 0.00018 0.00014 1 0.00018 0.00014 1 0.00018 0.00014 1 0.00018 0.00014 1 0.00018 0.00014 1 0.00018 0.00014 1 0.00018 0.00014 1 0.00018 0.00014 1 0.00018 0.00014 1 0.00018 0.00014 1 0.00018 0.00014 1 0.00018 0.00014 1 0.00018 0.00014 0.99998 -0.00584 -0.0004 1 0.00018 0.00014 1 0.00018 0.00014 1 0.00018 0.00014 1 0.00018 0.00014 1 0.00018 0.00014 1 0.00018 0.00014 1 0.00018 0.00014 1 0.00018 0.00014 1 0.00018 0.00014 1 0.00018 0.00014 1 0.00018 0.00014 1 0.00018 0.00014 1 0.00018 0.00014 1 0.00018 0.00014 1 0.00018 0.00014 1 0.00018 0.00014 1 0.00018 0.00014 1 0.00018 0.00014 1 0.00018 0.00014 1 0.00018 0.00014 1 0.00018 0.00014 1 0.00018 0.00014 1 0.00018 0.00014 1 0.00018 0.00014 1 0.00018 0.00014 1 0.00018 0.00014 1 0.00018 0.00014 1 0.00018 0.00014 1 0.00018 0.00014 1 0.00018 0.00014 1 0.00018 0.00014 1 0.00018 0.00014 1 0.00018 0.00014 1 0.00018 0.00014 1 0.00018 0.00014 1 0.00018 0.00014 1 0.00018 0.00014 1 0.00018 0.00014 1 0.00018 0.00014 1 0.00018 0.00014 1 0.00018 0.00014 1 0.00018 0.00014 1 0.00018 0.00014 1 0.00018 0.00014 1 0.00018 0.00014 1 0.00018 0.00014 1 0.00018 0.00014 1 0.00018 0.00014 1 0.00018 0.00014 1 0.00018 0.00014 1 0.00018 0.00014 1 0.00018 0.00014 1 0.00018 0.00014 1 0.00018 0.00014 1 0.00018 0.00014 1 0.00018 0.00014 1 0.00018 0.00014 1 0.00018 0.00014 1 0.00018 0.00014 1 0.00018 0.00014 1 0.00018 0.00014 1 0.00018 0.00014 1 0.00018 0.00014 1 0.00018 0.00014 1 0.00018 0.00014 1 0.00018 0.00014 1 0.00018 0.00014 1 0.00018 0.00014 1 0.00018 0.00014 1 0.00018 0.00014 1 0.00018 0.00014 1 0.00018 0.00014 1 0.00018 0.00014 1 0.00018 0.00014 1 0.00018 0.00014 1 0.00018 0.00014 1 0.00018 0.00014 1 0.00018 0.00014 1 0.00018 0.00014 1 0.00018 0.00014 1 0.00018 0.00014 1 0.00018 0.00014 1 0.00018 0.00014 1 0.00018 0.00014 1 0.00018 0.00014 1 0.00018 0.00014 1 0.00018 0.00014 1 0.00018 0.00014 1 0.00018 0.00014 1 0.00018 0.00014 1 0.00018 0.00014 1 0.00018 0.00014 1 0.00018 0.00014 1 0.00018 0.00014 1 0.00018 0.00014 1 0.00018 0.00014 1 0.00018 0.00014 1 0.00018 0.00014 1 0.00018 0.00014 1 0.00018 0.00014 1 0.00018 0.00014 1 0.00018 0.00014 1 0.00018 0.00014 1 0.00018 0.00014 1 0.00018 0.00014 1 0.00018 0.00014 1 0.00018 0.00014 1 0.00018 0.00014 1 0.00018 0.00014 1 0.00018 0.00014 1 0.00018 0.00014 1 0.00018 0.00014 1 0.00018 0.00014 1 0.00018 0.00014 1 0.00018 0.00014 1 0.00018 0.00014 1 0.00018 0.00014 1 0.00018 0.00014 1 0.00018 0.00014 1 0.00018 0.00014 1 0.00018 0.00014 1 0.00018 0.00014 1 0.00018 0.00014 1 0.00018 0.00014 1 0.00018 0.00014 1 0.00018 0.00014 1 0.00018 0.00014 1 0.00018 0.00014 1 0.00018 0.00014 1 0.00018 0.00014 1 0.00018 0.00014 1 0.00018 0.00014 1 0.00018 0.00014 1 0.00018 0.00014 1 0.00018 0.00014 1 0.00018 0.00014 1 0.00018 0.00014 1 0.00018 0.00014 1 0.00018 0.00014 1 0.00018 0.00014 1 0.00018 0.00014 1 0.00018 0.00014 1 0.00018 0.00014 1 0.00018 0.00014 1 0.00018 0.00014 1 0.00018 0.00014 1 0.00018 0.00014 1 0.00018 0.00014 1 0.00018 0.00014 1 0.00018 0.00014 1 0.00018 0.00014 1 0.00018 0.00014 1 0.00018 0.00014 1 0.00018 0.00014 1 0.00018 0.00014 1 0.00018 0.00014 1 0.00018 0.00014 1 0.00018 0.00014 1 0.00018 0.00014 1 0.00018 0.00014 1 0.00018 0.00014 1 0.00018 0.00014 1 0.00018 0.00014 1 0.00018 0.00014 1 0.00018 0.00014 1 0.00018 0.00014 1 0.00018 0.00014 1 0.00018 0.00014 1 0.00018 0.00014 1 0.00018 0.00014 1 0.00018 0.00014 1 0.00018 0.00014 1 0.00018 0.00014 1 0.00018 0.00014 1 0.00018 0.00014 1 0.00018 0.00014 1 0.00018 0.00014 1 0.00018 0.00014 1 0.00018 0.00014 -0.87699 -0.39518 -0.27334 -0.87699 -0.39518 -0.27334 -0.87699 -0.39518 -0.27334 -0.87954 -0.01319 -0.47564 -0.87954 -0.01319 -0.47564 -0.87954 -0.01319 -0.47564 0.49702 0.06564 0.86525 0.49702 0.06564 0.86525 0.49702 0.06564 0.86525 0.50073 0.51751 0.69387 0.50073 0.51751 0.69387 0.50073 0.51751 0.69387 -0.98325 -0.12354 0.13401 -0.98325 -0.12354 0.13401 -0.98325 -0.12354 0.13401 -0.72876 0.63828 -0.248 -0.72876 0.63828 -0.248 -0.72876 0.63828 -0.248 -0.1216 0.88193 -0.45543 -0.1216 0.88193 -0.45543 -0.1216 0.88193 -0.45543 -0.99989 -0.01494 0.00039 -0.99989 -0.01494 0.00039 -0.99989 -0.01494 0.00039 -0.25179 0.90319 0.34763 -0.25179 0.90319 0.34763 -0.25179 0.90319 0.34763 0.66757 0.24264 -0.7039 0.66757 0.24264 -0.7039 0.66757 0.24264 -0.7039 0.90494 0.29549 -0.30621 0.90494 0.29549 -0.30621 0.90494 0.29549 -0.30621 0.95928 -0.22433 0.17161 0.95928 -0.22433 0.17161 0.95928 -0.22433 0.17161 0.96429 0.0999 -0.24527 0.96429 0.0999 -0.24527 0.96429 0.0999 -0.24527 0.95775 0.10081 -0.26934 0.95775 0.10081 -0.26934 0.95775 0.10081 -0.26934 0.65426 0.75627 -0.00164 0.65426 0.75627 -0.00164 0.65426 0.75627 -0.00164 -0.67113 0.54058 -0.50731 -0.67113 0.54058 -0.50731 -0.67113 0.54058 -0.50731 -0.00016 0.99632 -0.08569 -0.00016 0.99632 -0.08569 -0.00016 0.99632 -0.08569 -0.00665 -0.63705 0.7708 -0.00665 -0.63705 0.7708 -0.00665 -0.63705 0.7708 -0.00021 0.56049 0.82816 -0.00021 0.56049 0.82816 -0.00021 0.56049 0.82816 -0.28029 -0.95459 -0.101 -0.28029 -0.95459 -0.101 -0.28029 -0.95459 -0.101 0.18631 -0.95151 0.2448 0.18631 -0.95151 0.2448 0.18631 -0.95151 0.2448 0.06894 0.54767 -0.83385 0.06894 0.54767 -0.83385 0.06894 0.54767 -0.83385 -0.1092 -0.84782 0.51891 -0.1092 -0.84782 0.51891 -0.1092 -0.84782 0.51891 0.31539 0.9063 0.28135 0.31539 0.9063 0.28135 0.31539 0.9063 0.28135 0.22541 0.96666 0.1215 0.22541 0.96666 0.1215 0.22541 0.96666 0.1215 0.03255 0.48226 0.87542 0.03255 0.48226 0.87542 0.03255 0.48226 0.87542 -0.39558 0.69546 0.59988 -0.39558 0.69546 0.59988 -0.39558 0.69546 0.59988 8e-05 0.29804 -0.95455 8e-05 0.29804 -0.95455 8e-05 0.29804 -0.95455 -0.00022 0.66231 0.74923 -0.00022 0.66231 0.74923 -0.00022 0.66231 0.74923 0.15402 0.98797 0.01353 0.15402 0.98797 0.01353 0.15402 0.98797 0.01353 -0.35166 0.86236 0.36425 -0.35166 0.86236 0.36425 -0.35166 0.86236 0.36425 -0.43688 0.58052 0.68712 -0.43688 0.58052 0.68712 -0.43688 0.58052 0.68712 -0.00019 0.35295 0.93564 -0.00019 0.35295 0.93564 -0.00019 0.35295 0.93564 -0.00021 0.52863 0.84885 -0.00021 0.52863 0.84885 -0.00021 0.52863 0.84885 0.4745 0.18564 0.86046 0.4745 0.18564 0.86046 0.4745 0.18564 0.86046 -0.09081 0.47276 0.8765 -0.09081 0.47276 0.8765 -0.09081 0.47276 0.8765 0.15723 -0.24635 -0.95634 0.15723 -0.24635 -0.95634 0.15723 -0.24635 -0.95634 -0.27395 0.7267 -0.62997 -0.27395 0.7267 -0.62997 -0.27395 0.7267 -0.62997 0.21019 0.44514 -0.87044 0.21019 0.44514 -0.87044 0.21019 0.44514 -0.87044 0.0848 0.0765 0.99346 0.0848 0.0765 0.99346 0.0848 0.0765 0.99346 0.21837 -0.49947 -0.83836 0.21837 -0.49947 -0.83836 0.21837 -0.49947 -0.83836 -0.18717 -0.70414 0.68494 -0.18717 -0.70414 0.68494 -0.18717 -0.70414 0.68494 -0.05166 -0.93822 -0.34216 -0.05166 -0.93822 -0.34216 -0.05166 -0.93822 -0.34216 0.31814 0.17907 0.93098 0.31814 0.17907 0.93098 0.31814 0.17907 0.93098 -0.19983 0.53858 0.81853 -0.19983 0.53858 0.81853 -0.19983 0.53858 0.81853</float_array>
          <technique_common>
            <accessor count="2707" source="#g0_chrome-nrm-array" stride="3">
              <param type="float" name="X"/>
              <param type="float" name="Y"/>
              <param type="float" name="Z"/>
            </accessor>
          </technique_common>
        </source>
        <vertices id="g0_chrome-pos-vertices">
          <input semantic="POSITION" source="#g0_chrome-pos"/>
        </vertices>
        <triangles count="2552" material="chrome-ref">
          <input offset="0" semantic="VERTEX" source="#g0_chrome-pos-vertices"/>
          <input offset="1" semantic="NORMAL" source="#g0_chrome-nrm"/>
          <p>431 431 258 258 261 261 428 428 392 392 393 393 412 412 262 262 401 401 408 408 278 278 397 397 441 441 409 409 381 381 387 387 388 388 417 417 421 421 398 398 403 403 436 436 393 393 385 385 407 407 373 373 426 426 434 434 394 394 379 379 431 431 406 406 258 258 409 409 389 389 381 381 437 437 436 436 385 385 420 420 412 412 401 401 435 435 391 391 412 412 399 399 400 400 416 416 418 418 390 390 413 413 433 433 386 386 394 394 404 404 371 371 406 406 431 431 261 261 410 410 410 410 261 261 382 382 423 423 395 395 387 387 407 407 251 251 373 373 391 391 411 411 238 238 259 259 254 254 386 386 383 383 374 374 375 375 408 408 276 276 278 278 397 397 376 376 384 384 409 409 264 264 389 389 401 401 383 383 276 276 450 450 416 416 457 457 460 460 439 439 440 440 467 467 435 435 420 420 365 365 355 355 357 357 361 361 366 366 363 363 348 348 352 352 361 361 390 390 250 250 260 260 404 404 257 257 371 371 371 371 234 234 406 406 365 365 352 352 359 359 370 370 360 360 364 364 368 368 482 482 369 369 367 367 369 369 370 370 367 367 368 368 369 369 365 365 368 368 367 367 366 366 370 370 364 364 352 352 367 367 366 366 353 353 359 359 352 352 359 359 353 353 355 355 453 453 430 430 425 425 368 368 357 357 358 358 362 362 360 360 350 350 352 352 348 348 349 349 366 366 361 361 352 352 364 364 362 362 363 363 355 355 281 281 357 357 356 356 281 281 355 355 283 283 282 282 356 356 354 354 356 356 355 355 101 101 90 90 49 49 358 358 482 482 368 368 357 357 368 368 365 365 355 355 365 365 359 359 390 390 260 260 413 413 416 416 400 400 402 402 467 467 465 465 571 571 438 438 456 456 447 447 420 420 451 451 467 467 431 431 461 461 453 453 436 436 468 468 446 446 449 449 460 460 458 458 452 452 466 466 468 468 440 440 469 469 460 460 442 442 463 463 462 462 448 448 453 453 459 459 441 441 459 459 469 469 458 458 464 464 456 456 447 447 456 456 464 464 465 465 467 467 451 451 574 574 465 465 455 455 469 469 459 459 561 561 432 432 462 462 457 457 462 462 463 463 569 569 461 461 565 565 459 459 453 453 461 461 459 459 454 454 467 467 463 463 449 449 423 423 439 439 449 449 439 439 460 460 441 441 424 424 459 459 468 468 436 436 437 437 452 452 444 444 466 466 468 468 437 437 452 452 461 461 450 450 457 457 468 468 455 455 446 446 430 430 448 448 413 413 418 418 459 459 424 424 417 417 439 439 423 423 450 450 399 399 416 416 454 454 419 419 435 435 466 466 444 444 447 447 469 469 440 440 441 441 454 454 435 435 467 467 443 443 426 426 411 411 446 446 455 455 427 427 447 447 403 403 405 405 447 447 405 405 438 438 442 442 407 407 426 426 444 444 414 414 421 421 457 457 416 416 432 432 446 446 428 428 436 436 431 431 425 425 406 406 445 445 372 372 396 396 427 427 392 392 428 428 352 352 365 365 367 367 451 451 401 401 408 408 445 445 396 396 442 442 458 458 429 429 434 434 459 459 418 418 448 448 415 415 380 380 264 264 432 432 402 402 372 372 429 429 394 394 434 434 422 422 395 395 423 423 423 423 387 387 417 417 440 440 264 264 409 409 455 455 384 384 427 427 417 417 415 415 439 439 447 447 464 464 466 466 433 433 458 458 456 456 442 442 462 462 445 445 304 304 302 302 301 301 304 304 309 309 305 305 302 302 305 305 306 306 313 313 303 303 301 301 287 287 316 316 273 273 318 318 275 275 317 317 317 317 275 275 274 274 307 307 313 313 314 314 309 309 306 306 305 305 311 311 306 306 309 309 310 310 308 308 307 307 309 309 323 323 311 311 308 308 310 310 320 320 310 310 324 324 320 320 315 315 322 322 324 324 313 313 301 301 312 312 314 314 310 310 307 307 304 304 301 301 303 303 305 305 302 302 304 304 307 307 303 303 313 313 308 308 303 303 307 307 309 309 304 304 308 308 308 308 304 304 303 303 292 292 267 267 266 266 267 267 292 292 288 288 292 292 266 266 265 265 265 265 286 286 292 292 270 270 268 268 288 288 288 288 268 268 267 267 302 302 300 300 301 301 301 301 300 300 312 312 318 318 333 333 334 334 289 289 290 290 271 271 344 344 286 286 293 293 349 349 293 293 295 295 295 295 352 352 349 349 293 293 349 349 344 344 286 286 344 344 340 340 292 292 340 340 296 296 319 319 316 316 291 291 306 306 291 291 289 289 302 302 289 289 288 288 293 293 286 286 285 285 295 295 293 293 294 294 294 294 353 353 295 295 284 284 283 283 294 294 285 285 284 284 294 294 289 289 291 291 290 290 318 318 335 335 333 333 288 288 289 289 271 271 288 288 271 271 269 269 288 288 300 300 302 302 289 289 302 302 306 306 291 291 306 306 311 311 291 291 311 311 319 319 86 86 113 113 94 94 54 54 100 100 112 112 70 70 104 104 73 73 288 288 269 269 270 270 287 287 273 273 272 272 290 290 287 287 272 272 290 290 291 291 287 287 271 271 290 290 272 272 310 310 314 314 315 315 347 347 346 346 361 361 356 356 354 354 283 283 281 281 356 356 282 282 280 280 279 279 358 358 357 357 280 280 358 358 281 281 280 280 357 357 344 344 349 349 345 345 346 346 347 347 342 342 341 341 346 346 342 342 341 341 342 342 351 351 296 296 340 340 351 351 363 363 347 347 361 361 347 347 363 363 362 362 350 350 347 347 362 362 345 345 341 341 344 344 347 347 343 343 342 342 355 355 353 353 354 354 343 343 350 350 351 351 346 346 348 348 361 361 343 343 347 347 350 350 345 345 349 349 348 348 345 345 348 348 346 346 326 326 317 317 316 316 316 316 319 319 326 326 317 317 326 326 328 328 317 317 328 328 330 330 341 341 351 351 340 340 341 341 340 340 344 344 343 343 351 351 342 342 346 346 341 341 345 345 363 363 366 366 364 364 362 362 364 364 360 360 326 326 323 323 321 321 318 318 336 336 335 335 318 318 337 337 336 336 318 318 338 338 337 337 318 318 330 330 338 338 330 330 339 339 338 338 330 330 318 318 317 317 326 326 327 327 328 328 325 325 329 329 327 327 322 322 331 331 329 329 324 324 329 329 325 325 321 321 325 325 327 327 323 323 326 326 319 319 322 322 329 329 324 324 320 320 325 325 321 321 325 325 320 320 324 324 411 411 419 419 443 443 326 326 321 321 327 327 330 330 328 328 327 327 332 332 330 330 329 329 331 331 332 332 329 329 329 329 330 330 327 327 316 316 317 317 274 274 316 316 274 274 273 273 287 287 291 291 316 316 321 321 309 309 308 308 309 309 321 321 323 323 310 310 315 315 324 324 308 308 320 320 321 321 323 323 319 319 311 311 352 352 295 295 353 353 354 354 353 353 294 294 544 544 537 537 11 11 544 544 11 11 545 545 536 536 551 551 2 2 1 1 551 551 538 538 541 541 1 1 555 555 10 10 8 8 547 547 10 10 547 547 556 556 0 0 543 543 559 559 3 3 1 1 541 541 15 15 11 11 537 537 552 552 536 536 5 5 12 12 3 3 540 540 9 9 12 12 549 549 9 9 548 548 554 554 8 8 6 6 558 558 4 4 7 7 553 553 553 553 545 545 4 4 559 559 539 539 16 16 3 3 541 541 540 540 552 552 5 5 15 15 549 549 548 548 9 9 0 0 556 556 543 543 8 8 557 557 547 547 8 8 558 558 557 557 540 540 550 550 12 12 545 545 11 11 4 4 556 556 0 0 10 10 554 554 558 558 6 6 7 7 542 542 553 553 575 575 576 576 577 577 462 462 569 569 568 568 575 575 574 574 455 455 582 582 581 581 464 464 522 522 523 523 521 521 526 526 527 527 525 525 526 526 525 525 523 523 520 520 521 521 519 519 517 517 519 519 518 518 517 517 518 518 477 477 523 523 524 524 526 526 527 527 526 526 528 528 530 530 528 528 531 531 533 533 531 531 532 532 533 533 532 532 534 534 506 506 508 508 505 505 477 477 478 478 517 517 519 519 517 517 520 520 521 521 520 520 522 522 523 523 522 522 524 524 584 584 583 583 460 460 510 510 509 509 511 511 512 512 511 511 513 513 514 514 513 513 515 515 516 516 515 515 498 498 515 515 516 516 514 514 513 513 514 514 512 512 511 511 512 512 510 510 509 509 510 510 508 508 546 546 7 7 16 16 12 12 550 550 549 549 555 555 1 1 538 538 554 554 6 6 9 9 15 15 537 537 552 552 546 546 542 542 7 7 16 16 539 539 546 546 59 59 80 80 37 37 69 69 55 55 38 38 83 83 25 25 41 41 75 75 36 36 50 50 68 68 30 30 55 55 79 79 34 34 44 44 88 88 44 44 62 62 45 45 36 36 75 75 98 98 53 53 60 60 119 119 72 72 98 98 65 65 110 110 85 85 60 60 109 109 98 98 17 17 7 7 4 4 53 53 23 23 60 60 66 66 125 125 69 69 67 67 29 29 32 32 86 86 68 68 95 95 78 78 29 29 52 52 84 84 42 42 47 47 96 96 34 34 79 79 90 90 59 59 49 49 77 77 43 43 46 46 74 74 41 41 37 37 94 94 81 81 57 57 89 89 58 58 83 83 92 92 45 45 75 75 98 98 56 56 53 53 49 49 45 45 92 92 76 76 47 47 64 64 91 91 47 47 76 76 62 62 58 58 89 89 77 77 46 46 103 103 584 584 469 469 562 562 459 459 564 564 563 563 461 461 457 457 566 566 457 457 567 567 566 566 567 567 457 457 568 568 580 580 579 579 464 464 460 460 583 583 582 582 463 463 570 570 569 569 465 465 572 572 571 571 466 466 577 577 576 576 464 464 581 581 580 580 464 464 458 458 582 582 561 561 562 562 469 469 466 466 464 464 579 579 277 277 275 275 318 318 576 576 468 468 466 466 528 528 529 529 527 527 571 571 570 570 463 463 584 584 460 460 469 469 565 565 564 564 459 459 461 461 566 566 565 565 573 573 572 572 465 465 578 578 577 577 466 466 459 459 560 560 561 561 463 463 467 467 571 571 466 466 579 579 578 578 582 582 458 458 460 460 560 560 459 459 563 563 568 568 457 457 462 462 573 573 465 465 574 574 455 455 468 468 575 575 468 468 576 576 575 575 394 394 429 429 433 433 259 259 386 386 405 405 259 259 405 405 403 403 376 376 397 397 278 278 374 374 383 383 401 401 413 413 404 404 430 430 379 379 422 422 434 434 390 390 424 424 381 381 395 395 422 422 379 379 378 378 398 398 414 414 378 378 414 414 377 377 392 392 427 427 384 384 382 382 399 399 410 410 412 412 420 420 435 435 391 391 435 435 419 419 390 390 418 418 424 424 380 380 415 415 388 388 385 385 377 377 452 452 402 402 432 432 416 416 388 388 415 415 417 417 262 262 412 412 391 391 377 377 414 414 452 452 384 384 455 455 408 408 406 406 425 425 404 404 264 264 440 440 415 415 386 386 433 433 438 438 386 386 438 438 405 405 398 398 421 421 414 414 385 385 452 452 437 437 322 322 470 470 471 471 470 470 322 322 315 315 315 315 314 314 491 491 425 425 431 431 453 453 418 418 413 413 448 448 381 381 424 424 441 441 393 393 436 436 428 428 372 372 445 445 432 432 426 426 443 443 442 442 399 399 450 450 410 410 423 423 449 449 422 422 414 414 444 444 452 452 401 401 451 451 420 420 404 404 425 425 430 430 415 415 440 440 439 439 407 407 442 442 396 396 434 434 449 449 458 458 433 433 456 456 438 438 428 428 446 446 427 427 314 314 313 313 491 491 409 409 441 441 440 440 422 422 449 449 434 434 429 429 458 458 433 433 403 403 447 447 444 444 408 408 455 455 465 465 408 408 465 465 451 451 410 410 450 450 461 461 430 430 453 453 448 448 419 419 454 454 463 463 410 410 461 461 431 431 443 443 463 463 442 442 445 445 462 462 432 432 404 404 413 413 260 260 276 276 408 408 401 401 411 411 391 391 419 419 313 313 492 492 491 491 500 500 501 501 499 499 498 498 499 499 516 516 508 508 506 506 507 507 508 508 507 507 509 509 483 483 482 482 484 484 481 481 369 369 482 482 370 370 481 481 480 480 360 360 480 480 479 479 478 478 477 477 476 476 475 475 476 476 474 474 473 473 474 474 472 472 499 499 498 498 500 500 297 297 495 495 494 494 298 298 494 494 493 493 312 312 493 493 492 492 502 502 503 503 501 501 315 315 491 491 470 470 331 331 322 322 490 490 488 488 487 487 489 489 486 486 484 484 487 487 495 495 297 297 296 296 296 296 351 351 496 496 351 351 350 350 496 496 497 497 496 496 350 350 350 350 360 360 472 472 472 472 497 497 350 350 479 479 472 472 360 360 296 296 496 496 495 495 534 534 535 535 533 533 531 531 533 533 530 530 528 528 530 530 529 529 472 472 479 479 473 473 313 313 312 312 492 492 493 493 312 312 299 299 493 493 299 299 298 298 494 494 298 298 297 297 482 482 483 483 481 481 484 484 485 485 483 483 484 484 486 486 485 485 487 487 488 488 486 486 489 489 332 332 488 488 332 332 490 490 488 488 332 332 331 331 490 490 471 471 490 490 322 322 241 241 382 382 261 261 257 257 404 404 260 260 470 470 504 504 471 471 354 354 294 294 283 283 474 474 473 473 475 475 476 476 475 475 478 478 480 480 360 360 370 370 481 481 370 370 369 369 275 275 374 374 401 401 373 373 411 411 426 426 256 256 380 380 388 388 253 253 403 403 398 398 246 246 398 398 378 378 384 384 376 376 278 278 276 276 375 375 374 374 275 275 401 401 262 262 501 501 500 500 502 502 503 503 502 502 504 504 504 504 470 470 503 503 192 192 128 128 136 136 173 173 122 122 184 184 175 175 111 111 164 164 174 174 123 123 103 103 184 184 122 122 123 123 173 173 145 145 146 146 172 172 109 109 144 144 163 163 119 119 154 154 129 129 101 101 138 138 155 155 113 113 156 156 185 185 147 147 124 124 183 183 144 144 145 145 161 161 138 138 139 139 161 161 129 129 138 138 201 201 150 150 159 159 179 179 133 133 125 125 178 178 132 132 155 155 176 176 131 131 147 147 156 156 105 105 133 133 167 167 125 125 126 126 157 157 115 115 148 148 148 148 106 106 149 149 158 158 135 135 116 116 168 168 116 116 150 150 147 147 73 73 104 104 165 165 124 124 112 112 148 148 115 115 106 106 160 160 107 107 151 151 153 153 117 117 108 108 153 153 108 108 118 118 171 171 118 118 143 143 145 145 110 110 146 146 212 212 196 196 171 171 107 107 83 83 151 151 134 134 114 114 115 115 137 137 90 90 129 129 141 141 102 102 152 152 154 154 119 119 120 120 154 154 120 120 109 109 175 175 103 103 111 111 164 164 111 111 131 131 132 132 94 94 113 113 113 113 86 86 95 95 106 106 79 79 87 87 82 82 89 89 159 159 159 159 89 89 107 107 118 118 97 97 143 143 144 144 109 109 121 121 145 145 121 121 85 85 218 218 163 163 197 197 151 151 83 83 128 128 128 128 74 74 80 80 128 128 59 59 90 90 139 139 101 101 92 92 108 108 76 76 97 97 143 143 97 97 119 119 111 111 103 103 78 78 139 139 92 92 75 75 120 120 98 98 109 109 122 122 65 65 77 77 103 103 46 46 78 78 111 111 78 78 93 93 116 116 88 88 62 62 127 127 62 62 82 82 107 107 89 89 83 83 226 226 235 235 188 188 233 233 214 214 207 207 238 238 237 237 200 200 248 248 221 221 222 222 249 249 223 223 224 224 241 241 208 208 242 242 244 244 228 228 216 216 219 219 213 213 183 183 219 219 183 183 203 203 236 236 198 198 228 228 229 229 211 211 190 190 229 229 190 190 200 200 283 283 284 284 195 195 239 239 197 197 213 213 239 239 213 213 219 219 207 207 186 186 165 165 223 223 185 185 224 224 226 226 188 188 227 227 215 215 167 167 198 198 228 228 189 189 199 199 284 284 194 194 195 195 246 246 202 202 217 217 217 217 196 196 212 212 201 201 159 159 191 191 268 268 192 192 267 267 230 230 171 171 182 182 218 218 182 182 163 163 231 231 173 173 184 184 231 231 184 184 220 220 222 222 164 164 206 206 223 223 176 176 185 185 406 406 234 234 235 235 196 196 153 153 171 171 213 213 172 172 183 183 222 222 175 175 164 164 225 225 132 132 178 178 235 235 178 178 188 188 216 216 180 180 211 211 211 211 158 158 190 190 195 195 152 152 162 162 203 203 145 145 173 173 185 185 176 176 177 177 224 224 185 185 186 186 227 227 156 156 208 208 189 189 157 157 180 180 200 200 168 168 150 150 202 202 162 162 196 196 194 194 141 141 152 152 166 166 112 112 132 132 197 197 154 154 172 172 207 207 166 166 132 132 200 200 150 150 201 201 266 266 137 137 129 129 266 266 161 161 169 169 170 170 141 141 194 194 178 178 155 155 156 156 208 208 156 156 133 133 198 198 126 126 134 134 198 198 134 134 157 157 211 211 149 149 135 135 191 191 159 159 160 160 181 181 136 136 137 137 266 266 129 129 161 161 221 221 175 175 222 222 64 64 97 97 76 76 41 41 74 74 83 83 34 34 96 96 28 28 39 39 84 84 63 63 44 44 87 87 79 79 25 25 83 83 58 58 28 28 71 71 48 48 33 33 61 61 57 57 50 50 63 63 75 75 28 28 96 96 71 71 30 30 68 68 61 61 61 61 68 68 86 86 29 29 78 78 51 51 65 65 85 85 60 60 37 37 80 80 74 74 47 47 91 91 84 84 100 100 81 81 94 94 61 61 86 86 57 57 43 43 77 77 65 65 72 72 97 97 64 64 44 44 88 88 87 87 48 48 71 71 66 66 55 55 95 95 68 68 67 67 93 93 52 52 105 105 55 55 69 69 55 55 105 105 95 95 49 49 92 92 101 101 81 81 100 100 54 54 70 70 54 54 112 112 52 52 93 93 78 78 56 56 98 98 72 72 57 57 86 86 94 94 35 35 12 12 13 13 55 55 30 30 38 38 69 69 38 38 40 40 62 62 35 35 58 58 67 67 52 52 29 29 66 66 69 69 21 21 59 59 31 31 49 49 76 76 117 117 91 91 56 56 22 22 53 53 32 32 15 15 27 27 54 54 27 27 24 24 41 41 6 6 37 37 58 58 35 35 13 13 72 72 64 64 20 20 51 51 26 26 29 29 59 59 37 37 31 31 19 19 47 47 42 42 18 18 10 10 45 45 24 24 27 27 5 5 48 48 21 21 28 28 36 36 14 14 50 50 53 53 22 22 23 23 29 29 15 15 32 32 43 43 4 4 26 26 109 109 60 60 85 85 28 28 1 1 3 3 30 30 2 2 1 1 19 19 0 0 16 16 34 34 3 3 12 12 36 36 10 10 14 14 25 25 13 13 9 9 31 31 8 8 49 49 3 3 34 34 28 28 536 536 2 2 5 5 104 104 70 70 99 99 99 99 70 70 112 112 114 114 66 66 71 71 115 115 71 71 96 96 106 106 96 96 79 79 128 128 80 80 59 59 5 5 27 27 15 15 2 2 24 24 5 5 11 11 26 26 4 4 340 340 292 292 286 286 9 9 13 13 12 12 7 7 22 22 16 16 8 8 10 10 18 18 551 551 1 1 2 2 559 559 16 16 0 0 1 1 38 38 30 30 7 7 17 17 23 23 7 7 23 23 22 22 15 15 29 29 11 11 16 16 20 20 19 19 19 19 42 42 14 14 28 28 21 21 1 1 14 14 39 39 50 50 1 1 21 21 40 40 14 14 42 42 39 39 10 10 36 36 45 45 6 6 41 41 25 25 11 11 29 29 26 26 9 9 6 6 25 25 8 8 18 18 49 49 27 27 54 54 32 32 8 8 31 31 37 37 25 25 58 58 13 13 2 2 33 33 24 24 8 8 37 37 6 6 12 12 35 35 44 44 12 12 44 44 34 34 1 1 40 40 38 38 57 57 81 81 24 24 26 26 51 51 43 43 20 20 16 16 72 72 39 39 63 63 50 50 18 18 45 45 49 49 22 22 56 56 16 16 30 30 33 33 2 2 24 24 33 33 57 57 0 0 14 14 10 10 19 19 64 64 47 47 24 24 81 81 54 54 4 4 43 43 17 17 17 17 43 43 65 65 17 17 65 65 23 23 20 20 64 64 19 19 16 16 56 56 72 72 54 54 70 70 32 32 42 42 84 84 39 39 32 32 70 70 67 67 23 23 65 65 60 60 35 35 62 62 44 44 30 30 61 61 33 33 48 48 66 66 21 21 21 21 69 69 40 40 163 163 182 182 171 171 128 128 192 192 268 268 107 107 160 160 159 159 149 149 180 180 148 148 125 125 167 167 179 179 112 112 166 166 165 165 124 124 165 165 186 186 126 126 198 198 167 167 131 131 176 176 206 206 131 131 206 206 164 164 175 175 205 205 174 174 123 123 174 174 204 204 123 123 204 204 184 184 144 144 183 183 172 172 143 143 163 163 171 171 147 147 177 177 176 176 139 139 169 169 161 161 140 140 170 170 169 169 136 136 181 181 192 192 128 128 268 268 151 151 158 158 168 168 190 190 135 135 158 158 211 211 148 148 180 180 157 157 151 151 270 270 160 160 149 149 211 211 180 180 157 157 189 189 198 198 133 133 179 179 208 208 132 132 187 187 207 207 166 166 207 207 165 165 124 124 186 186 185 185 147 147 185 185 177 177 87 87 149 149 106 106 196 196 217 217 202 202 154 154 197 197 163 163 142 142 196 196 162 162 152 152 195 195 194 194 169 169 170 170 265 265 137 137 266 266 181 181 151 151 268 268 270 270 170 170 194 194 193 193 169 169 265 265 266 266 181 181 266 266 267 267 181 181 267 267 192 192 167 167 210 210 209 209 167 167 209 209 179 179 179 179 209 209 208 208 156 156 188 188 178 178 182 182 218 218 230 230 66 66 126 126 125 125 168 168 200 200 190 190 180 180 216 216 199 199 180 180 199 199 189 189 156 156 227 227 188 188 145 145 203 203 183 183 162 162 202 202 195 195 189 189 228 228 198 198 167 167 215 215 210 210 178 178 235 235 225 225 187 187 225 225 207 207 186 186 207 207 214 214 176 176 223 223 206 206 184 184 204 204 220 220 172 172 213 213 197 197 140 140 141 141 170 170 95 95 105 105 113 113 63 63 152 152 102 102 63 63 102 102 75 75 101 101 129 129 90 90 90 90 137 137 136 136 74 74 128 128 83 83 71 71 115 115 114 114 90 90 136 136 128 128 88 88 116 116 87 87 69 69 125 125 105 105 77 77 103 103 123 123 65 65 122 122 110 110 85 85 121 121 109 109 72 72 119 119 97 97 76 76 108 108 117 117 66 66 114 114 126 126 63 63 84 84 152 152 94 94 132 132 100 100 100 100 132 132 112 112 112 112 124 124 99 99 99 99 124 124 104 104 93 93 73 73 131 131 93 93 131 131 111 111 97 97 118 118 108 108 84 84 117 117 142 142 84 84 142 142 130 130 75 75 102 102 140 140 75 75 140 140 139 139 62 62 127 127 116 116 116 116 135 135 87 87 96 96 106 106 115 115 285 285 294 294 293 293 116 116 168 168 158 158 105 105 125 125 133 133 105 105 156 156 113 113 73 73 147 147 131 131 77 77 123 123 122 122 85 85 110 110 145 145 98 98 120 120 119 119 82 82 159 159 150 150 127 127 150 150 116 116 114 114 134 134 126 126 110 110 122 122 146 146 84 84 130 130 152 152 102 102 141 141 140 140 82 82 150 150 127 127 87 87 135 135 149 149 139 139 140 140 169 169 400 400 242 242 243 243 115 115 157 157 134 134 113 113 155 155 132 132 121 121 145 145 144 144 130 130 142 142 162 162 130 130 162 162 152 152 139 139 138 138 101 101 104 104 124 124 147 147 103 103 175 175 174 174 122 122 173 173 146 146 109 109 172 172 154 154 119 119 163 163 143 143 118 118 171 171 153 153 117 117 153 153 196 196 117 117 196 196 142 142 91 91 117 117 84 84 237 237 411 411 229 229 214 214 390 390 249 249 214 214 250 250 390 390 229 229 373 373 251 251 283 283 252 252 385 385 255 255 386 386 254 254 231 231 388 388 387 387 248 248 380 380 256 256 224 224 214 214 249 249 226 226 258 258 235 235 227 227 261 261 226 226 227 227 241 241 261 261 215 215 243 243 242 242 231 231 387 387 247 247 273 273 391 391 245 245 230 230 255 255 254 254 269 269 271 271 160 160 160 160 270 270 269 269 388 388 232 232 256 256 386 386 255 255 394 394 385 385 252 252 377 377 391 391 238 238 245 245 407 407 244 244 251 251 400 400 243 243 402 402 277 277 276 276 374 374 374 374 275 275 277 277 242 242 399 399 382 382 235 235 234 234 225 225 173 173 231 231 203 203 174 174 205 205 204 204 175 175 248 248 205 205 206 206 240 240 222 222 209 209 242 242 208 208 210 210 215 215 242 242 198 198 236 236 215 215 199 199 216 216 228 228 253 253 259 259 403 403 239 239 379 379 394 394 247 247 387 387 395 395 262 262 274 274 275 275 242 242 400 400 399 399 244 244 396 396 372 372 244 244 407 407 396 396 286 286 265 265 170 170 248 248 264 264 380 380 233 233 260 260 250 250 233 233 257 257 260 260 233 233 371 371 257 257 235 235 258 258 406 406 226 226 261 261 258 258 236 236 372 372 402 402 252 252 378 378 377 377 248 248 240 240 264 264 253 253 246 246 217 217 252 252 283 283 202 202 251 251 216 216 211 211 381 381 223 223 249 249 389 389 223 223 381 381 248 248 222 222 240 240 259 259 212 212 254 254 259 259 217 217 212 212 259 259 253 253 217 217 244 244 216 216 251 251 244 244 236 236 228 228 381 381 249 249 390 390 255 255 218 218 197 197 388 388 231 231 232 232 379 379 239 239 247 247 394 394 255 255 239 239 378 378 252 252 246 246 372 372 236 236 244 244 250 250 214 214 233 233 395 395 379 379 247 247 398 398 246 246 253 253 411 411 237 237 238 238 373 373 229 229 411 411 402 402 243 243 236 236 382 382 241 241 242 242 392 392 384 384 278 278 245 245 272 272 273 273 245 245 201 201 272 272 271 271 272 272 201 201 201 201 191 191 271 271 191 191 160 160 271 271 385 385 282 282 283 283 385 385 281 281 282 282 280 280 385 385 263 263 385 385 280 280 281 281 263 263 279 279 280 280 263 263 393 393 279 279 393 393 392 392 279 279 132 132 225 225 187 187 273 273 274 274 391 391 274 274 262 262 391 391 277 277 278 278 276 276 278 278 279 279 392 392 286 286 170 170 193 193 285 285 193 193 194 194 193 193 285 285 286 286 194 194 284 284 285 285 243 243 215 215 236 236 241 241 227 227 208 208 371 371 233 233 225 225 264 264 206 206 223 223 203 203 231 231 247 247 225 225 234 234 371 371 200 200 237 237 229 229 201 201 238 238 200 200 201 201 245 245 238 238 171 171 230 230 212 212 204 204 232 232 220 220 205 205 256 256 204 204 225 225 233 233 207 207 205 205 248 248 256 256 204 204 256 256 232 232 220 220 232 232 231 231 203 203 247 247 219 219 195 195 202 202 283 283 210 210 242 242 209 209 206 206 264 264 240 240 186 186 214 214 224 224 211 211 229 229 251 251 202 202 246 246 252 252 212 212 230 230 254 254 218 218 255 255 230 230 223 223 389 389 264 264 219 219 247 247 239 239 197 197 239 239 255 255 588 588 587 587 585 585 589 589 588 588 585 585 586 586 589 589 585 585 590 590 593 593 592 592 592 592 591 591 590 590 596 596 597 597 595 595 595 595 594 594 596 596 609 609 607 607 616 616 602 602 604 604 603 603 605 605 603 603 604 604 605 605 604 604 598 598 603 603 617 617 602 602 612 612 602 602 617 617 611 611 612 612 615 615 607 607 611 611 616 616 598 598 599 599 605 605 610 610 609 609 619 619 618 618 616 616 611 611 615 615 618 618 611 611 606 606 613 613 601 601 601 601 600 600 606 606 620 620 613 613 608 608 608 608 610 610 620 620 617 617 615 615 612 612 616 616 614 614 609 609 614 614 619 619 609 609 606 606 608 608 613 613 619 619 620 620 610 610 636 636 635 635 662 662 629 629 624 624 623 623 622 622 625 625 628 628 632 632 621 621 624 624 627 627 628 628 626 626 649 649 648 648 656 656 655 655 638 638 637 637 624 624 630 630 631 631 652 652 651 651 656 656 662 662 635 635 634 634 624 624 621 621 636 636 623 623 622 622 629 629 639 639 638 638 655 655 641 641 640 640 655 655 655 655 633 633 642 642 655 655 642 642 641 641 655 655 640 640 639 639 622 622 628 628 629 629 625 625 626 626 628 628 662 662 661 661 636 636 636 636 645 645 644 644 636 636 657 657 659 659 636 636 644 644 624 624 633 633 654 654 662 662 647 647 636 636 659 659 636 636 646 646 645 645 633 633 655 655 654 654 648 648 647 647 656 656 660 660 658 658 647 647 631 631 632 632 624 624 634 634 633 633 662 662 659 659 660 660 647 647 624 624 629 629 630 630 656 656 650 650 649 649 636 636 661 661 657 657 647 647 658 658 656 656 637 637 643 643 655 655 636 636 647 647 646 646 656 656 653 653 652 652 656 656 651 651 650 650 677 677 663 663 688 688 667 667 671 671 672 672 698 698 688 688 689 689 697 697 678 678 679 679 697 697 684 684 678 678 665 665 666 666 672 672 672 672 673 673 665 665 702 702 675 675 676 676 676 676 677 677 702 702 697 697 681 681 682 682 668 668 669 669 667 667 677 677 701 701 703 703 698 698 705 705 688 688 683 683 696 696 697 697 685 685 686 686 663 663 687 687 688 688 663 663 691 691 692 692 698 698 697 697 680 680 681 681 698 698 690 690 691 691 667 667 685 685 663 663 674 674 664 664 673 673 702 702 683 683 675 675 667 667 663 663 668 668 697 697 679 679 680 680 689 689 690 690 698 698 673 673 664 664 665 665 672 672 666 666 667 667 697 697 682 682 683 683 688 688 705 705 704 704 670 670 671 671 667 667 688 688 704 704 699 699 703 703 700 700 677 677 677 677 700 700 702 702 669 669 670 670 667 667 663 663 686 686 687 687 699 699 677 677 688 688 702 702 696 696 683 683 693 693 694 694 698 698 692 692 693 693 698 698 699 699 701 701 677 677 694 694 695 695 698 698 707 707 709 709 706 706 707 707 708 708 709 709 713 713 714 714 710 710 710 710 712 712 713 713 711 711 715 715 713 713 712 712 711 711 713 713 718 718 717 717 716 716 716 716 719 719 718 718 721 721 724 724 722 722 726 726 725 725 730 730 724 724 725 725 722 722 726 726 720 720 722 722 720 720 726 726 727 727 720 720 727 727 728 728 722 722 725 725 726 726 727 727 726 726 730 730 725 725 729 729 730 730 728 728 727 727 730 730 721 721 723 723 729 729 725 725 724 724 729 729 729 729 724 724 721 721 720 720 728 728 730 730 733 733 731 731 732 732 734 734 733 733 732 732 737 737 735 735 738 738 737 737 738 738 736 736 740 740 744 744 745 745 740 740 742 742 744 744 743 743 745 745 744 744 743 743 744 744 741 741 741 741 742 742 739 739 741 741 744 744 742 742 749 749 747 747 748 748 748 748 746 746 749 749 753 753 752 752 754 754 751 751 753 753 754 754 751 751 754 754 755 755 753 753 750 750 752 752 757 757 756 756 758 758 758 758 759 759 757 757 763 763 760 760 761 761 763 763 762 762 760 760 768 768 769 769 767 767 765 765 767 767 769 769 767 767 764 764 766 766 766 766 768 768 767 767 773 773 771 771 772 772 772 772 771 771 770 770 777 777 774 774 775 775 776 776 777 777 775 775 781 781 779 779 780 780 783 783 778 778 781 781 781 781 782 782 783 783 780 780 782 782 781 781 787 787 786 786 785 785 786 786 784 784 785 785 788 788 791 791 789 789 792 792 790 790 789 789 791 791 792 792 789 789 797 797 798 798 799 799 799 799 794 794 797 797 798 798 796 796 793 793 798 798 797 797 796 796 795 795 798 798 793 793 801 801 800 800 802 802 803 803 801 801 802 802 809 809 808 808 812 812 805 805 810 810 804 804 806 806 808 808 805 805 805 805 809 809 810 810 808 808 811 811 812 812 810 810 809 809 812 812 805 805 808 808 809 809 804 804 810 810 812 812 806 806 807 807 811 811 808 808 806 806 811 811 816 816 814 814 815 815 814 814 813 813 815 815 818 818 820 820 819 819 819 819 820 820 817 817 824 824 825 825 826 826 821 821 824 824 826 826 822 822 823 823 825 825 825 825 824 824 822 822 830 830 828 828 829 829 828 828 827 827 829 829 832 832 834 834 833 833 833 833 834 834 831 831 839 839 840 840 835 835 835 835 838 838 839 839 838 838 837 837 839 839 837 837 838 838 836 836 842 842 841 841 843 843 843 843 844 844 842 842 845 845 848 848 847 847 848 848 846 846 847 847 853 853 854 854 852 852 854 854 850 850 852 852 851 851 853 853 849 849 853 853 852 852 849 849 858 858 857 857 856 856 856 856 857 857 855 855 861 861 859 859 867 867 860 860 861 861 867 867 865 865 867 867 859 859 863 863 864 864 866 866 865 865 863 863 866 866 863 863 865 865 859 859 866 866 864 864 865 865 867 867 865 865 864 864 862 862 860 860 867 867 864 864 862 862 867 867 870 870 868 868 871 871 871 871 869 869 870 870 874 874 872 872 873 873 873 873 875 875 874 874 888 888 882 882 883 883 882 882 886 886 887 887 885 885 889 889 881 881 887 887 883 883 882 882 885 885 884 884 889 889 884 884 887 887 889 889 881 881 880 880 885 885 883 883 890 890 888 888 879 879 876 876 877 877 878 878 880 880 879 879 881 881 879 879 880 880 887 887 884 884 883 883 877 877 878 878 879 879 894 894 899 899 896 896 898 898 899 899 891 891 893 893 897 897 898 898 897 897 893 893 892 892 898 898 891 891 893 893 894 894 891 891 899 899 895 895 894 894 896 896 900 900 904 904 903 903 903 903 901 901 900 900 903 903 902 902 901 901 907 907 905 905 906 906 906 906 908 908 907 907 910 910 911 911 912 912 912 912 909 909 910 910 914 914 915 915 916 916 916 916 913 913 914 914 918 918 920 920 919 919 919 919 917 917 918 918 921 921 924 924 923 923 922 922 921 921 923 923 930 930 927 927 928 928 925 925 927 927 931 931 932 932 926 926 925 925 928 928 929 929 930 930 927 927 930 930 931 931 925 925 931 931 932 932 934 934 936 936 935 935 935 935 933 933 934 934 938 938 940 940 939 939 939 939 937 937 938 938 944 944 947 947 942 942 943 943 947 947 945 945 947 947 943 943 942 942 946 946 941 941 943 943 943 943 945 945 946 946 948 948 950 950 951 951 951 951 949 949 948 948 952 952 958 958 956 956 958 958 952 952 954 954 957 957 954 954 953 953 956 956 955 955 952 952 957 957 958 958 954 954 960 960 964 964 962 962 961 961 962 962 963 963 964 964 960 960 959 959 961 961 960 960 962 962 966 966 967 967 968 968 967 967 966 966 965 965 972 972 969 969 970 970 969 969 972 972 971 971 976 976 974 974 973 973 976 976 975 975 974 974 980 980 979 979 978 978 980 980 978 978 977 977 977 977 982 982 980 980 979 979 980 980 981 981 986 986 984 984 985 985 984 984 986 986 987 987 987 987 983 983 984 984 991 991 989 989 988 988 988 988 990 990 991 991 993 993 994 994 995 995 994 994 993 993 992 992 999 999 996 996 997 997 997 997 998 998 999 999 1000 1000 1003 1003 1002 1002 1000 1000 1001 1001 1003 1003 1006 1006 1005 1005 1004 1004 1004 1004 1007 1007 1006 1006 1010 1010 1008 1008 1009 1009 1009 1009 1011 1011 1010 1010 1013 1013 1014 1014 1015 1015 1014 1014 1013 1013 1012 1012 1030 1030 1020 1020 1022 1022 1028 1028 1021 1021 1018 1018 1025 1025 1026 1026 1019 1019 1024 1024 1025 1025 1017 1017 1026 1026 1030 1030 1019 1019 1018 1018 1020 1020 1027 1027 1021 1021 1028 1028 1029 1029 1024 1024 1017 1017 1016 1016 1030 1030 1022 1022 1019 1019 1025 1025 1019 1019 1017 1017 1020 1020 1030 1030 1027 1027 1018 1018 1027 1027 1028 1028 1016 1016 1023 1023 1024 1024 1033 1033 1032 1032 1031 1031 1033 1033 1034 1034 1032 1032 1035 1035 1036 1036 1038 1038 1039 1039 1038 1038 1036 1036 1038 1038 1037 1037 1035 1035 1043 1043 1042 1042 1041 1041 1042 1042 1040 1040 1041 1041 1046 1046 1044 1044 1045 1045 1045 1045 1047 1047 1046 1046 1049 1049 1051 1051 1050 1050 1050 1050 1048 1048 1049 1049 1052 1052 1055 1055 1054 1054 1054 1054 1053 1053 1052 1052 1058 1058 1059 1059 1056 1056 1056 1056 1057 1057 1058 1058 1061 1061 1062 1062 1063 1063 1063 1063 1060 1060 1061 1061 1065 1065 1067 1067 1066 1066 1066 1066 1064 1064 1065 1065 1070 1070 1068 1068 1069 1069 1069 1069 1071 1071 1070 1070 1074 1074 1073 1073 1072 1072 1072 1072 1075 1075 1074 1074 1077 1077 1078 1078 1079 1079 1079 1079 1076 1076 1077 1077 1081 1081 1082 1082 1083 1083 1083 1083 1080 1080 1081 1081 1085 1085 1087 1087 1086 1086 1086 1086 1084 1084 1085 1085 1091 1091 1096 1096 1090 1090 1093 1093 1099 1099 1101 1101 1092 1092 1097 1097 1100 1100 1097 1097 1092 1092 1098 1098 1098 1098 1101 1101 1097 1097 1101 1101 1098 1098 1093 1093 1089 1089 1098 1098 1088 1088 1089 1089 1093 1093 1098 1098 1094 1094 1100 1100 1096 1096 1095 1095 1092 1092 1100 1100 1091 1091 1094 1094 1096 1096 1100 1100 1094 1094 1095 1095 1103 1103 1105 1105 1104 1104 1104 1104 1102 1102 1103 1103 1107 1107 1109 1109 1108 1108 1108 1108 1106 1106 1107 1107 1110 1110 1112 1112 1113 1113 1113 1113 1111 1111 1110 1110 1116 1116 1114 1114 1115 1115 1114 1114 1116 1116 1117 1117 1121 1121 1118 1118 1119 1119 1122 1122 1119 1119 1120 1120 1119 1119 1122 1122 1121 1121 1118 1118 1121 1121 1123 1123 1125 1125 1124 1124 1127 1127 1127 1127 1126 1126 1125 1125 1129 1129 1131 1131 1130 1130 1130 1130 1128 1128 1129 1129 1135 1135 1132 1132 1134 1134 1134 1134 1137 1137 1135 1135 1135 1135 1136 1136 1132 1132 1137 1137 1134 1134 1133 1133 1138 1138 1141 1141 1140 1140 1140 1140 1139 1139 1138 1138 1143 1143 1146 1146 1145 1145 1143 1143 1142 1142 1146 1146 1145 1145 1144 1144 1143 1143 1150 1150 1147 1147 1148 1148 1148 1148 1149 1149 1150 1150 1153 1153 1152 1152 1151 1151 1151 1151 1154 1154 1153 1153 1174 1174 1167 1167 1168 1168 1157 1157 1168 1168 1161 1161 1156 1156 1160 1160 1155 1155 1171 1171 1163 1163 1166 1166 1166 1166 1160 1160 1170 1170 1175 1175 1158 1158 1165 1165 1161 1161 1176 1176 1157 1157 1163 1163 1159 1159 1167 1167 1158 1158 1175 1175 1176 1176 1166 1166 1170 1170 1171 1171 1163 1163 1171 1171 1159 1159 1169 1169 1174 1174 1168 1168 1173 1173 1175 1175 1165 1165 1177 1177 1164 1164 1165 1165 1165 1165 1178 1178 1177 1177 1164 1164 1172 1172 1173 1173 1174 1174 1163 1163 1167 1167 1160 1160 1166 1166 1155 1155 1168 1168 1157 1157 1162 1162 1165 1165 1164 1164 1173 1173 1168 1168 1162 1162 1169 1169 1176 1176 1161 1161 1158 1158 1180 1180 1183 1183 1182 1182 1179 1179 1182 1182 1181 1181 1182 1182 1179 1179 1180 1180 1187 1187 1184 1184 1185 1185 1185 1185 1186 1186 1187 1187 1188 1188 1191 1191 1190 1190 1192 1192 1191 1191 1189 1189 1189 1189 1193 1193 1192 1192 1191 1191 1188 1188 1189 1189 1197 1197 1195 1195 1194 1194 1197 1197 1196 1196 1195 1195 1199 1199 1198 1198 1201 1201 1198 1198 1200 1200 1201 1201 1205 1205 1204 1204 1202 1202 1202 1202 1203 1203 1205 1205 1207 1207 1208 1208 1209 1209 1209 1209 1206 1206 1207 1207 1211 1211 1212 1212 1213 1213 1213 1213 1210 1210 1211 1211 1216 1216 1214 1214 1215 1215 1215 1215 1217 1217 1216 1216 1220 1220 1218 1218 1219 1219 1219 1219 1221 1221 1220 1220 1224 1224 1222 1222 1223 1223 1222 1222 1224 1224 1225 1225 1227 1227 1229 1229 1228 1228 1229 1229 1227 1227 1226 1226 1231 1231 1230 1230 1235 1235 1231 1231 1235 1235 1234 1234 1232 1232 1234 1234 1233 1233 1234 1234 1232 1232 1231 1231 1238 1238 1236 1236 1237 1237 1237 1237 1239 1239 1238 1238 1241 1241 1242 1242 1243 1243 1243 1243 1240 1240 1241 1241 1245 1245 1247 1247 1246 1246 1246 1246 1244 1244 1245 1245 1248 1248 1250 1250 1251 1251 1250 1250 1248 1248 1249 1249 1252 1252 1255 1255 1254 1254 1254 1254 1253 1253 1252 1252 1257 1257 1259 1259 1260 1260 1260 1260 1258 1258 1257 1257 1261 1261 1256 1256 1258 1258 1258 1258 1260 1260 1261 1261 1261 1261 1262 1262 1256 1256 1263 1263 1266 1266 1265 1265 1265 1265 1264 1264 1263 1263 1269 1269 1270 1270 1268 1268 1269 1269 1268 1268 1267 1267 1271 1271 1275 1275 1276 1276 1276 1276 1272 1272 1271 1271 1272 1272 1276 1276 1274 1274 1271 1271 1273 1273 1275 1275 1279 1279 1278 1278 1277 1277 1277 1277 1280 1280 1279 1279 1283 1283 1284 1284 1281 1281 1282 1282 1281 1281 1284 1284 1287 1287 1286 1286 1285 1285 1286 1286 1287 1287 1288 1288 1292 1292 1289 1289 1290 1290 1291 1291 1292 1292 1290 1290 1289 1289 1292 1292 1293 1293 1296 1296 1294 1294 1295 1295 1294 1294 1296 1296 1297 1297 1299 1299 1300 1300 1301 1301 1302 1302 1298 1298 1299 1299 1299 1299 1301 1301 1302 1302 1303 1303 1304 1304 1306 1306 1303 1303 1307 1307 1308 1308 1303 1303 1306 1306 1307 1307 1304 1304 1305 1305 1306 1306 1311 1311 1310 1310 1309 1309 1310 1310 1311 1311 1312 1312 1319 1319 1316 1316 1315 1315 1318 1318 1319 1319 1315 1315 1316 1316 1319 1319 1317 1317 1318 1318 1315 1315 1313 1313 1317 1317 1314 1314 1316 1316 1322 1322 1320 1320 1321 1321 1321 1321 1323 1323 1322 1322 1326 1326 1325 1325 1324 1324 1326 1326 1327 1327 1325 1325 1328 1328 1332 1332 1333 1333 1331 1331 1332 1332 1330 1330 1332 1332 1328 1328 1330 1330 1330 1330 1329 1329 1331 1331 1337 1337 1335 1335 1334 1334 1334 1334 1336 1336 1337 1337 1343 1343 1341 1341 1338 1338 1340 1340 1338 1338 1341 1341 1342 1342 1338 1338 1339 1339 1338 1338 1342 1342 1343 1343 1346 1346 1344 1344 1345 1345 1345 1345 1347 1347 1346 1346 1351 1351 1348 1348 1349 1349 1348 1348 1351 1351 1350 1350 1355 1355 1353 1353 1352 1352 1353 1353 1355 1355 1354 1354 1357 1357 1356 1356 1358 1358 1356 1356 1359 1359 1358 1358 1364 1364 1361 1361 1360 1360 1362 1362 1364 1364 1363 1363 1364 1364 1362 1362 1361 1361 1368 1368 1366 1366 1367 1367 1369 1369 1367 1367 1365 1365 1367 1367 1369 1369 1368 1368 1370 1370 1371 1371 1372 1372 1372 1372 1373 1373 1370 1370 1374 1374 1376 1376 1377 1377 1377 1377 1375 1375 1374 1374 1379 1379 1381 1381 1380 1380 1380 1380 1378 1378 1379 1379 1384 1384 1382 1382 1385 1385 1385 1385 1388 1388 1384 1384 1382 1382 1383 1383 1385 1385 1383 1383 1387 1387 1385 1385 1386 1386 1384 1384 1388 1388 1391 1391 1389 1389 1390 1390 1390 1390 1392 1392 1391 1391 1395 1395 1394 1394 1393 1393 1394 1394 1395 1395 1396 1396 1400 1400 1398 1398 1397 1397 1398 1398 1400 1400 1399 1399 1401 1401 1403 1403 1404 1404 1404 1404 1402 1402 1401 1401 1405 1405 1407 1407 1408 1408 1408 1408 1406 1406 1405 1405 1412 1412 1409 1409 1410 1410 1410 1410 1411 1411 1412 1412 1415 1415 1414 1414 1413 1413 1413 1413 1416 1416 1415 1415 1420 1420 1422 1422 1423 1423 1420 1420 1421 1421 1422 1422 1418 1418 1423 1423 1424 1424 1424 1424 1417 1417 1418 1418 1421 1421 1420 1420 1419 1419 1418 1418 1420 1420 1423 1423 1430 1430 1433 1433 1434 1434 1432 1432 1433 1433 1427 1427 1428 1428 1427 1427 1433 1433 1434 1434 1425 1425 1430 1430 1436 1436 1437 1437 1431 1431 1435 1435 1426 1426 1425 1425 1429 1429 1435 1435 1436 1436 1435 1435 1429 1429 1426 1426 1425 1425 1434 1434 1435 1435 1436 1436 1431 1431 1429 1429 1433 1433 1430 1430 1428 1428 1438 1438 1440 1440 1441 1441 1440 1440 1438 1438 1439 1439 1445 1445 1444 1444 1443 1443 1447 1447 1443 1443 1442 1442 1443 1443 1446 1446 1445 1445 1443 1443 1447 1447 1446 1446 1449 1449 1451 1451 1450 1450 1450 1450 1448 1448 1449 1449 1454 1454 1452 1452 1453 1453 1452 1452 1454 1454 1455 1455 1458 1458 1456 1456 1457 1457 1457 1457 1459 1459 1458 1458 1462 1462 1463 1463 1460 1460 1462 1462 1460 1460 1461 1461 1464 1464 1467 1467 1466 1466 1466 1466 1465 1465 1464 1464 1470 1470 1468 1468 1469 1469 1469 1469 1471 1471 1470 1470 1492 1492 1480 1480 1476 1476 1474 1474 1475 1475 1484 1484 1491 1491 1493 1493 1484 1484 1473 1473 1483 1483 1472 1472 1493 1493 1479 1479 1482 1482 1487 1487 1472 1472 1483 1483 1481 1481 1495 1495 1492 1492 1474 1474 1480 1480 1475 1475 1487 1487 1483 1483 1490 1490 1492 1492 1476 1476 1481 1481 1495 1495 1481 1481 1485 1485 1478 1478 1490 1490 1477 1477 1477 1477 1479 1479 1478 1478 1474 1474 1484 1484 1493 1493 1485 1485 1486 1486 1494 1494 1485 1485 1497 1497 1496 1496 1494 1494 1495 1495 1485 1485 1496 1496 1486 1486 1485 1485 1479 1479 1477 1477 1482 1482 1489 1489 1494 1494 1486 1486 1493 1493 1488 1488 1474 1474 1493 1493 1482 1482 1488 1488 1490 1490 1478 1478 1487 1487 1480 1480 1492 1492 1475 1475 1498 1498 1499 1499 1502 1502 1502 1502 1500 1500 1498 1498 1500 1500 1498 1498 1499 1499 1501 1501 1502 1502 1499 1499 1504 1504 1506 1506 1505 1505 1503 1503 1504 1504 1505 1505 1509 1509 1507 1507 1508 1508 1507 1507 1509 1509 1510 1510 1512 1512 1514 1514 1513 1513 1514 1514 1512 1512 1511 1511 1518 1518 1516 1516 1515 1515 1516 1516 1518 1518 1517 1517 1521 1521 1520 1520 1519 1519 1522 1522 1521 1521 1519 1519 1524 1524 1528 1528 1526 1526 1528 1528 1524 1524 1523 1523 1527 1527 1528 1528 1523 1523 1526 1526 1525 1525 1524 1524 1529 1529 1532 1532 1531 1531 1530 1530 1529 1529 1531 1531 1534 1534 1535 1535 1536 1536 1536 1536 1533 1533 1534 1534 1538 1538 1539 1539 1540 1540 1540 1540 1537 1537 1538 1538 1542 1542 1544 1544 1543 1543 1543 1543 1541 1541 1542 1542 1546 1546 1548 1548 1547 1547 1545 1545 1546 1546 1547 1547 1549 1549 1551 1551 1552 1552 1551 1551 1549 1549 1550 1550 1554 1554 1558 1558 1557 1557 1558 1558 1554 1554 1553 1553 1557 1557 1555 1555 1554 1554 1555 1555 1557 1557 1556 1556 1560 1560 1562 1562 1561 1561 1561 1561 1559 1559 1560 1560 1565 1565 1566 1566 1563 1563 1565 1565 1563 1563 1564 1564 1567 1567 1570 1570 1569 1569 1570 1570 1567 1567 1568 1568 1573 1573 1571 1571 1572 1572 1571 1571 1573 1573 1574 1574 1576 1576 1577 1577 1578 1578 1578 1578 1575 1575 1576 1576 1581 1581 1580 1580 1579 1579 1579 1579 1582 1582 1581 1581 1591 1591 1589 1589 1588 1588 1590 1590 1591 1591 1588 1588 1586 1586 1587 1587 1585 1585 1584 1584 1587 1587 1586 1586 1592 1592 1588 1588 1589 1589 1586 1586 1583 1583 1584 1584 1589 1589 1591 1591 1586 1586 1589 1589 1593 1593 1592 1592 1586 1586 1585 1585 1589 1589 1596 1596 1595 1595 1594 1594 1594 1594 1598 1598 1596 1596 1596 1596 1597 1597 1595 1595 1599 1599 1602 1602 1601 1601 1600 1600 1599 1599 1601 1601 1604 1604 1606 1606 1605 1605 1605 1605 1603 1603 1604 1604 1608 1608 1609 1609 1610 1610 1610 1610 1607 1607 1608 1608 1612 1612 1613 1613 1614 1614 1614 1614 1611 1611 1612 1612 1617 1617 1615 1615 1616 1616 1616 1616 1618 1618 1617 1617 1622 1622 1619 1619 1620 1620 1620 1620 1621 1621 1622 1622 1625 1625 1624 1624 1623 1623 1624 1624 1625 1625 1626 1626 1627 1627 1630 1630 1629 1629 1629 1629 1628 1628 1627 1627 1632 1632 1634 1634 1633 1633 1633 1633 1631 1631 1632 1632 1643 1643 1640 1640 1639 1639 1643 1643 1639 1639 1638 1638 1641 1641 1644 1644 1645 1645 1641 1641 1645 1645 1642 1642 1647 1647 1644 1644 1641 1641 1641 1641 1648 1648 1647 1647 1638 1638 1642 1642 1643 1643 1637 1637 1635 1635 1636 1636 1643 1643 1637 1637 1640 1640 1636 1636 1640 1640 1637 1637 1646 1646 1645 1645 1644 1644 1642 1642 1638 1638 1641 1641 1651 1651 1649 1649 1650 1650 1650 1650 1652 1652 1651 1651 1653 1653 1655 1655 1656 1656 1655 1655 1653 1653 1654 1654 1659 1659 1658 1658 1657 1657 1658 1658 1659 1659 1660 1660 1664 1664 1661 1661 1662 1662 1661 1661 1664 1664 1663 1663 1668 1668 1667 1667 1665 1665 1667 1667 1666 1666 1665 1665 1672 1672 1669 1669 1670 1670 1670 1670 1671 1671 1672 1672 1675 1675 1676 1676 1674 1674 1674 1674 1673 1673 1675 1675 1679 1679 1678 1678 1677 1677 1677 1677 1680 1680 1679 1679 1685 1685 1682 1682 1684 1684 1687 1687 1681 1681 1682 1682 1686 1686 1684 1684 1683 1683 1685 1685 1687 1687 1682 1682 1686 1686 1685 1685 1684 1684 1691 1691 1689 1689 1688 1688 1688 1688 1690 1690 1691 1691 1694 1694 1695 1695 1696 1696 1693 1693 1696 1696 1697 1697 1696 1696 1693 1693 1692 1692 1696 1696 1692 1692 1694 1694 1702 1702 1705 1705 1704 1704 1704 1704 1708 1708 1703 1703 1705 1705 1702 1702 1701 1701 1704 1704 1703 1703 1702 1702 1709 1709 1706 1706 1699 1699 1709 1709 1699 1699 1698 1698 1708 1708 1698 1698 1703 1703 1706 1706 1700 1700 1699 1699 1700 1700 1706 1706 1707 1707 1698 1698 1708 1708 1709 1709 1720 1720 1727 1727 1722 1722 1723 1723 1721 1721 1719 1719 1712 1712 1732 1732 1716 1716 1720 1720 1726 1726 1727 1727 1713 1713 1712 1712 1716 1716 1729 1729 1719 1719 1721 1721 1710 1710 1711 1711 1731 1731 1725 1725 1724 1724 1730 1730 1710 1710 1731 1731 1723 1723 1718 1718 1715 1715 1717 1717 1728 1728 1720 1720 1722 1722 1726 1726 1713 1713 1716 1716 1726 1726 1716 1716 1727 1727 1719 1719 1710 1710 1723 1723 1729 1729 1721 1721 1717 1717 1714 1714 1724 1724 1718 1718 1715 1715 1729 1729 1717 1717 1722 1722 1725 1725 1728 1728 1717 1717 1714 1714 1718 1718 1730 1730 1728 1728 1725 1725 1714 1714 1730 1730 1724 1724 1735 1735 1733 1733 1734 1734 1734 1734 1736 1736 1735 1735 1737 1737 1739 1739 1740 1740 1739 1739 1737 1737 1738 1738 1744 1744 1741 1741 1742 1742 1742 1742 1743 1743 1744 1744 1748 1748 1747 1747 1746 1746 1746 1746 1745 1745 1748 1748 1749 1749 1751 1751 1752 1752 1751 1751 1749 1749 1750 1750 1755 1755 1753 1753 1754 1754 1753 1753 1755 1755 1756 1756 1754 1754 1757 1757 1755 1755 1761 1761 1758 1758 1760 1760 1758 1758 1761 1761 1762 1762 1762 1762 1759 1759 1758 1758 1759 1759 1762 1762 1763 1763 1765 1765 1766 1766 1767 1767 1766 1766 1765 1765 1764 1764 1770 1770 1769 1769 1768 1768 1768 1768 1771 1771 1770 1770 1775 1775 1772 1772 1773 1773 1776 1776 1774 1774 1772 1772 1774 1774 1776 1776 1777 1777 1772 1772 1775 1775 1776 1776 1778 1778 1781 1781 1780 1780 1779 1779 1778 1778 1780 1780 1782 1782 1784 1784 1785 1785 1785 1785 1783 1783 1782 1782 1788 1788 1787 1787 1786 1786 1786 1786 1789 1789 1788 1788 1792 1792 1791 1791 1790 1790 1791 1791 1792 1792 1793 1793 1796 1796 1797 1797 1794 1794 1797 1797 1795 1795 1794 1794 1799 1799 1800 1800 1801 1801 1801 1801 1798 1798 1799 1799 1803 1803 1804 1804 1805 1805 1805 1805 1802 1802 1803 1803 1809 1809 1806 1806 1807 1807 1808 1808 1809 1809 1807 1807 1811 1811 1813 1813 1812 1812 1812 1812 1810 1810 1811 1811 1816 1816 1815 1815 1814 1814 1814 1814 1817 1817 1816 1816 1821 1821 1822 1822 1820 1820 1821 1821 1820 1820 1819 1819 1818 1818 1822 1822 1823 1823 1822 1822 1818 1818 1820 1820 1827 1827 1824 1824 1825 1825 1825 1825 1826 1826 1827 1827 1828 1828 1831 1831 1830 1830 1829 1829 1828 1828 1830 1830 1835 1835 1833 1833 1832 1832 1832 1832 1834 1834 1835 1835 1837 1837 1841 1841 1842 1842 1840 1840 1837 1837 1836 1836 1840 1840 1841 1841 1837 1837 1842 1842 1843 1843 1838 1838 1842 1842 1838 1838 1837 1837 1844 1844 1839 1839 1838 1838 1838 1838 1843 1843 1844 1844 1845 1845 1846 1846 1847 1847 1846 1846 1848 1848 1847 1847 1849 1849 1851 1851 1852 1852 1852 1852 1850 1850 1849 1849 1853 1853 1855 1855 1856 1856 1856 1856 1854 1854 1853 1853 1859 1859 1857 1857 1858 1858 1860 1860 1859 1859 1858 1858 1866 1866 1865 1865 1863 1863 1868 1868 1862 1862 1861 1861 1868 1868 1864 1864 1862 1862 1868 1868 1869 1869 1864 1864 1867 1867 1861 1861 1865 1865 1861 1861 1867 1867 1868 1868 1866 1866 1867 1867 1865 1865 1870 1870 1873 1873 1872 1872 1871 1871 1870 1870 1872 1872 1875 1875 1876 1876 1877 1877 1876 1876 1875 1875 1874 1874 1884 1884 1883 1883 1880 1880 1885 1885 1879 1879 1883 1883 1885 1885 1886 1886 1879 1879 1887 1887 1888 1888 1882 1882 1886 1886 1887 1887 1881 1881 1888 1888 1878 1878 1882 1882 1883 1883 1884 1884 1885 1885 1886 1886 1881 1881 1879 1879 1887 1887 1882 1882 1881 1881 1890 1890 1892 1892 1891 1891 1892 1892 1890 1890 1889 1889 1909 1909 1908 1908 1913 1913 1912 1912 1913 1913 1908 1908 1899 1899 1910 1910 1893 1893 1907 1907 1916 1916 1912 1912 1910 1910 1915 1915 1914 1914 1900 1900 1895 1895 1902 1902 1903 1903 1902 1902 1895 1895 1893 1893 1894 1894 1899 1899 1906 1906 1910 1910 1914 1914 1898 1898 1904 1904 1905 1905 1899 1899 1898 1898 1911 1911 1909 1909 1913 1913 1911 1911 1911 1911 1905 1905 1909 1909 1911 1911 1910 1910 1899 1899 1910 1910 1911 1911 1915 1915 1914 1914 1916 1916 1906 1906 1896 1896 1900 1900 1902 1902 1902 1902 1901 1901 1896 1896 1908 1908 1907 1907 1912 1912 1897 1897 1901 1901 1904 1904 1897 1897 1896 1896 1901 1901 1905 1905 1911 1911 1898 1898 1904 1904 1898 1898 1897 1897 1916 1916 1907 1907 1906 1906 1920 1920 1917 1917 1918 1918 1918 1918 1919 1919 1920 1920 1924 1924 1923 1923 1921 1921 1921 1921 1922 1922 1925 1925 1921 1921 1925 1925 1924 1924 1926 1926 1929 1929 1928 1928 1928 1928 1927 1927 1926 1926 1932 1932 1935 1935 1934 1934 1935 1935 1932 1932 1931 1931 1933 1933 1930 1930 1932 1932 1934 1934 1933 1933 1932 1932 1938 1938 1936 1936 1937 1937 1941 1941 1939 1939 1940 1940 1938 1938 1941 1941 1936 1936 1941 1941 1938 1938 1939 1939 1942 1942 1943 1943 1949 1949 1952 1952 1953 1953 1948 1948 1954 1954 1961 1961 1962 1962 1962 1962 1960 1960 1956 1956 1952 1952 1947 1947 1946 1946 1946 1946 1945 1945 1950 1950 1959 1959 1949 1949 1948 1948 1956 1956 1955 1955 1962 1962 1951 1951 1950 1950 1945 1945 1957 1957 1963 1963 1961 1961 1963 1963 1957 1957 1958 1958 1953 1953 1956 1956 1960 1960 1953 1953 1960 1960 1959 1959 1946 1946 1950 1950 1952 1952 1952 1952 1948 1948 1947 1947 1959 1959 1964 1964 1949 1949 1961 1961 1954 1954 1957 1957 1955 1955 1954 1954 1962 1962 1964 1964 1963 1963 1958 1958 1953 1953 1959 1959 1948 1948 1964 1964 1958 1958 1949 1949 1951 1951 1945 1945 1944 1944 1949 1949 1958 1958 1942 1942 1965 1965 1966 1966 1968 1968 1965 1965 1968 1968 1967 1967 1969 1969 1972 1972 1971 1971 1972 1972 1969 1969 1970 1970 1974 1974 1973 1973 1976 1976 1974 1974 1976 1976 1975 1975 1981 1981 1978 1978 1979 1979 1982 1982 1981 1981 1979 1979 1977 1977 1981 1981 1980 1980 1981 1981 1977 1977 1978 1978 1986 1986 1984 1984 1983 1983 1983 1983 1985 1985 1986 1986 1989 1989 1990 1990 1991 1991 1991 1991 1987 1987 1988 1988 1991 1991 1988 1988 1989 1989 1991 1991 1992 1992 1987 1987 2005 2005 2004 2004 2011 2011 2006 2006 2005 2005 2011 2011 1997 1997 2012 2012 2017 2017 2014 2014 2015 2015 2007 2007 2004 2004 2003 2003 2011 2011 2012 2012 1997 1997 1996 1996 1999 1999 2016 2016 2014 2014 1998 1998 1997 1997 2017 2017 2014 2014 2000 2000 1999 1999 2003 2003 2013 2013 2011 2011 2015 2015 2013 2013 2001 2001 1993 1993 1994 1994 1996 1996 2017 2017 1999 1999 1998 1998 2017 2017 2016 2016 1999 1999 2009 2009 2012 2012 1996 1996 2006 2006 2009 2009 1994 1994 2014 2014 2007 2007 2000 2000 1994 1994 1995 1995 2006 2006 2011 2011 2010 2010 2006 2006 2003 2003 2002 2002 2013 2013 1993 1993 1996 1996 2008 2008 2001 2001 2007 2007 2015 2015 2009 2009 1996 1996 1994 1994 2006 2006 2010 2010 2009 2009 2002 2002 2001 2001 2013 2013 2020 2020 2021 2021 2024 2024 2023 2023 2018 2018 2020 2020 2023 2023 2019 2019 2018 2018 2019 2019 2023 2023 2022 2022 2020 2020 2024 2024 2023 2023 2026 2026 2028 2028 2027 2027 2028 2028 2026 2026 2025 2025 2029 2029 2031 2031 2032 2032 2031 2031 2029 2029 2030 2030 2037 2037 2033 2033 2034 2034 2036 2036 2035 2035 2033 2033 2033 2033 2037 2037 2036 2036 2040 2040 2038 2038 2039 2039 2039 2039 2041 2041 2040 2040 2043 2043 2045 2045 2044 2044 2044 2044 2042 2042 2043 2043 2046 2046 2050 2050 2051 2051 2047 2047 2048 2048 2049 2049 2051 2051 2052 2052 2053 2053 2046 2046 2047 2047 2049 2049 2046 2046 2049 2049 2050 2050 2051 2051 2053 2053 2046 2046 2074 2074 2073 2073 2057 2057 2054 2054 2058 2058 2072 2072 2072 2072 2071 2071 2054 2054 2054 2054 2071 2071 2083 2083 2062 2062 2079 2079 2084 2084 2058 2058 2073 2073 2072 2072 2076 2076 2056 2056 2055 2055 2076 2076 2075 2075 2056 2056 2067 2067 2066 2066 2081 2081 2085 2085 2065 2065 2064 2064 2079 2079 2061 2061 2054 2054 2085 2085 2081 2081 2065 2065 2084 2084 2063 2063 2062 2062 2058 2058 2057 2057 2073 2073 2060 2060 2076 2076 2055 2055 2060 2060 2055 2055 2059 2059 2067 2067 2081 2081 2080 2080 2063 2063 2084 2084 2082 2082 2068 2068 2067 2067 2080 2080 2071 2071 2070 2070 2078 2078 2082 2082 2064 2064 2063 2063 2080 2080 2077 2077 2069 2069 2079 2079 2062 2062 2061 2061 2077 2077 2070 2070 2069 2069 2054 2054 2083 2083 2079 2079 2080 2080 2069 2069 2068 2068 2070 2070 2077 2077 2078 2078 2066 2066 2065 2065 2081 2081 2078 2078 2083 2083 2071 2071 2074 2074 2057 2057 2056 2056 2056 2056 2075 2075 2074 2074 2082 2082 2085 2085 2064 2064 2088 2088 2086 2086 2087 2087 2087 2087 2089 2089 2088 2088 2095 2095 2091 2091 2090 2090 2095 2095 2094 2094 2091 2091 2090 2090 2096 2096 2095 2095 2096 2096 2090 2090 2092 2092 2093 2093 2091 2091 2094 2094 2100 2100 2097 2097 2098 2098 2097 2097 2100 2100 2099 2099 2103 2103 2106 2106 2105 2105 2107 2107 2106 2106 2102 2102 2105 2105 2101 2101 2103 2103 2106 2106 2103 2103 2102 2102 2101 2101 2105 2105 2104 2104 2110 2110 2109 2109 2108 2108 2109 2109 2110 2110 2111 2111 2116 2116 2119 2119 2112 2112 2115 2115 2116 2116 2112 2112 2112 2112 2113 2113 2114 2114 2116 2116 2118 2118 2119 2119 2114 2114 2115 2115 2112 2112 2116 2116 2117 2117 2118 2118 2120 2120 2125 2125 2134 2134 2127 2127 2141 2141 2142 2142 2148 2148 2144 2144 2130 2130 2120 2120 2133 2133 2146 2146 2125 2125 2138 2138 2134 2134 2120 2120 2146 2146 2147 2147 2130 2130 2139 2139 2148 2148 2131 2131 2130 2130 2144 2144 2142 2142 2145 2145 2129 2129 2142 2142 2128 2128 2127 2127 2131 2131 2144 2144 2140 2140 2126 2126 2122 2122 2121 2121 2120 2120 2147 2147 2141 2141 2137 2137 2136 2136 2123 2123 2140 2140 2143 2143 2132 2132 2145 2145 2139 2139 2129 2129 2124 2124 2136 2136 2135 2135 2137 2137 2123 2123 2122 2122 2140 2140 2132 2132 2131 2131 2143 2143 2133 2133 2132 2132 2143 2143 2146 2146 2133 2133 2125 2125 2135 2135 2138 2138 2120 2120 2134 2134 2133 2133 2125 2125 2124 2124 2135 2135 2124 2124 2123 2123 2136 2136 2141 2141 2127 2127 2120 2120 2126 2126 2137 2137 2122 2122 2142 2142 2129 2129 2128 2128 2139 2139 2145 2145 2148 2148 2150 2150 2149 2149 2151 2151 2149 2149 2152 2152 2151 2151 2156 2156 2155 2155 2154 2154 2153 2153 2158 2158 2157 2157 2157 2157 2154 2154 2153 2153 2154 2154 2157 2157 2156 2156 2161 2161 2159 2159 2160 2160 2160 2160 2162 2162 2161 2161 2167 2167 2164 2164 2166 2166 2169 2169 2165 2165 2163 2163 2168 2168 2167 2167 2166 2166 2165 2165 2169 2169 2168 2168 2168 2168 2166 2166 2165 2165 2170 2170 2172 2172 2173 2173 2173 2173 2171 2171 2170 2170 2179 2179 2177 2177 2178 2178 2174 2174 2175 2175 2176 2176 2177 2177 2179 2179 2180 2180 2176 2176 2177 2177 2174 2174 2177 2177 2180 2180 2174 2174 2198 2198 2188 2188 2187 2187 2189 2189 2188 2188 2195 2195 2198 2198 2195 2195 2188 2188 2185 2185 2183 2183 2194 2194 2198 2198 2187 2187 2186 2186 2186 2186 2192 2192 2198 2198 2193 2193 2182 2182 2181 2181 2184 2184 2191 2191 2192 2192 2197 2197 2193 2193 2190 2190 2196 2196 2194 2194 2183 2183 2195 2195 2197 2197 2189 2189 2192 2192 2186 2186 2184 2184 2183 2183 2182 2182 2196 2196 2194 2194 2191 2191 2185 2185 2182 2182 2193 2193 2196 2196 2190 2190 2189 2189 2197 2197 2184 2184 2185 2185 2191 2191 2193 2193 2181 2181 2190 2190 2201 2201 2200 2200 2199 2199 2199 2199 2202 2202 2201 2201 2205 2205 2203 2203 2204 2204 2204 2204 2206 2206 2205 2205 2210 2210 2208 2208 2207 2207 2208 2208 2210 2210 2209 2209 2212 2212 2215 2215 2214 2214 2216 2216 2213 2213 2211 2211 2215 2215 2212 2212 2213 2213 2213 2213 2216 2216 2215 2215 2220 2220 2218 2218 2217 2217 2218 2218 2220 2220 2219 2219 2223 2223 2221 2221 2222 2222 2221 2221 2223 2223 2224 2224 2226 2226 2229 2229 2230 2230 2227 2227 2228 2228 2229 2229 2225 2225 2230 2230 2231 2231 2230 2230 2225 2225 2226 2226 2226 2226 2227 2227 2229 2229 2231 2231 2232 2232 2225 2225 2252 2252 2253 2253 2242 2242 2246 2246 2236 2236 2235 2235 2237 2237 2236 2236 2248 2248 2253 2253 2245 2245 2243 2243 2245 2245 2253 2253 2251 2251 2243 2243 2242 2242 2253 2253 2233 2233 2240 2240 2239 2239 2250 2250 2234 2234 2244 2244 2244 2244 2251 2251 2250 2250 2248 2248 2247 2247 2237 2237 2249 2249 2233 2233 2239 2239 2254 2254 2252 2252 2241 2241 2242 2242 2241 2241 2252 2252 2233 2233 2234 2234 2250 2250 2233 2233 2254 2254 2240 2240 2246 2246 2248 2248 2236 2236 2250 2250 2254 2254 2233 2233 2247 2247 2238 2238 2237 2237 2238 2238 2247 2247 2249 2249 2249 2249 2239 2239 2238 2238 2251 2251 2244 2244 2245 2245 2241 2241 2240 2240 2254 2254 2258 2258 2255 2255 2256 2256 2255 2255 2258 2258 2257 2257 2259 2259 2261 2261 2262 2262 2262 2262 2260 2260 2259 2259 2268 2268 2267 2267 2265 2265 2263 2263 2267 2267 2266 2266 2265 2265 2264 2264 2268 2268 2267 2267 2263 2263 2265 2265 2264 2264 2269 2269 2268 2268 2270 2270 2273 2273 2272 2272 2270 2270 2271 2271 2273 2273 2275 2275 2276 2276 2279 2279 2279 2279 2274 2274 2275 2275 2276 2276 2277 2277 2279 2279 2277 2277 2278 2278 2279 2279 2286 2286 2284 2284 2285 2285 2286 2286 2280 2280 2281 2281 2286 2286 2282 2282 2283 2283 2281 2281 2282 2282 2286 2286 2286 2286 2283 2283 2284 2284 2511 2511 2513 2513 2533 2533 2532 2532 2531 2531 2294 2294 2522 2522 2518 2518 2296 2296 2296 2296 2356 2356 2522 2522 2515 2515 2517 2517 2303 2303 2405 2405 2477 2477 2476 2476 2476 2476 2388 2388 2405 2405 2405 2405 2475 2475 2477 2477 2492 2492 2475 2475 2302 2302 2302 2302 2506 2506 2492 2492 2516 2516 2511 2511 2295 2295 2533 2533 2527 2527 2295 2295 2511 2511 2533 2533 2295 2295 2471 2471 2472 2472 2307 2307 2520 2520 2521 2521 2296 2296 2519 2519 2522 2522 2356 2356 2518 2518 2520 2520 2296 2296 2517 2517 2519 2519 2356 2356 2510 2510 2303 2303 2507 2507 2303 2303 2338 2338 2509 2509 2497 2497 2303 2303 2509 2509 2534 2534 2540 2540 2537 2537 2293 2293 2549 2549 2550 2550 2293 2293 2292 2292 2549 2549 2548 2548 2546 2546 2545 2545 2545 2545 2546 2546 2536 2536 2545 2545 2536 2536 2303 2303 2528 2528 2532 2532 2295 2295 2541 2541 2292 2292 2294 2294 2294 2294 2543 2543 2541 2541 2540 2540 2542 2542 2292 2292 2303 2303 2533 2533 2515 2515 2292 2292 2541 2541 2540 2540 2547 2547 2292 2292 2542 2542 2541 2541 2537 2537 2540 2540 2452 2452 2471 2471 2307 2307 2303 2303 2544 2544 2543 2543 2534 2534 2537 2537 2538 2538 2534 2534 2539 2539 2535 2535 2543 2543 2294 2294 2303 2303 2534 2534 2538 2538 2539 2539 2465 2465 2462 2462 2463 2463 2476 2476 2479 2479 2388 2388 2474 2474 2480 2480 2388 2388 2388 2388 2479 2479 2474 2474 2478 2478 2480 2480 2474 2474 2482 2482 2488 2488 2481 2481 2488 2488 2486 2486 2491 2491 2484 2484 2482 2482 2505 2505 2483 2483 2492 2492 2506 2506 2389 2389 2447 2447 2443 2443 2468 2468 2461 2461 2389 2389 2496 2496 2499 2499 2495 2495 2389 2389 2460 2460 2468 2468 2481 2481 2483 2483 2506 2506 2481 2481 2505 2505 2482 2482 2480 2480 2485 2485 2297 2297 2297 2297 2388 2388 2480 2480 2471 2471 2473 2473 2472 2472 2442 2442 2468 2468 2460 2460 2307 2307 2389 2389 2466 2466 2362 2362 2365 2365 2338 2338 2510 2510 2506 2506 2302 2302 2356 2356 2303 2303 2517 2517 2514 2514 2516 2516 2295 2295 2512 2512 2514 2514 2295 2295 2513 2513 2515 2515 2533 2533 2551 2551 2553 2553 2304 2304 2506 2506 2505 2505 2481 2481 2491 2491 2487 2487 2488 2488 2295 2295 2296 2296 2521 2521 2295 2295 2521 2521 2512 2512 2550 2550 2552 2552 2293 2293 2497 2497 2507 2507 2303 2303 2302 2302 2303 2303 2510 2510 2485 2485 2484 2484 2505 2505 2487 2487 2481 2481 2488 2488 2488 2488 2489 2489 2490 2490 2488 2488 2490 2490 2486 2486 2494 2494 2504 2504 2498 2498 2495 2495 2497 2497 2502 2502 2504 2504 2494 2494 2493 2493 2375 2375 2373 2373 2368 2368 2383 2383 2382 2382 2386 2386 2377 2377 2384 2384 2403 2403 2380 2380 2378 2378 2408 2408 2387 2387 2363 2363 2355 2355 2361 2361 2338 2338 2355 2355 2370 2370 2374 2374 2375 2375 2372 2372 2373 2373 2367 2367 2371 2371 2374 2374 2370 2370 2373 2373 2375 2375 2367 2367 2367 2367 2369 2369 2372 2372 2385 2385 2381 2381 2382 2382 2353 2353 2350 2350 2296 2296 2347 2347 2296 2296 2355 2355 2354 2354 2352 2352 2296 2296 2365 2365 2509 2509 2338 2338 2364 2364 2366 2366 2355 2355 2363 2363 2364 2364 2355 2355 2361 2361 2362 2362 2338 2338 2309 2309 2298 2298 2310 2310 2387 2387 2355 2355 2297 2297 2297 2297 2408 2408 2388 2388 2562 2562 2547 2547 2557 2557 2326 2326 2330 2330 2323 2323 2324 2324 2334 2334 2290 2290 2300 2300 2315 2315 2314 2314 2311 2311 2314 2314 2313 2313 2313 2313 2312 2312 2301 2301 2301 2301 2422 2422 2313 2313 2377 2377 2408 2408 2376 2376 2403 2403 2408 2408 2377 2377 2558 2558 2569 2569 2559 2559 2297 2297 2505 2505 2387 2387 2297 2297 2355 2355 2296 2296 2324 2324 2290 2290 2293 2293 2327 2327 2328 2328 2329 2329 2311 2311 2422 2422 2308 2308 2302 2302 2403 2403 2384 2384 2384 2384 2369 2369 2421 2421 2376 2376 2383 2383 2377 2377 2386 2386 2377 2377 2383 2383 2303 2303 2547 2547 2545 2545 2303 2303 2294 2294 2531 2531 2525 2525 2529 2529 2303 2303 2557 2557 2569 2569 2570 2570 2560 2560 2570 2570 2569 2569 2565 2565 2566 2566 2292 2292 2524 2524 2526 2526 2525 2525 2380 2380 2408 2408 2297 2297 2402 2402 2403 2403 2302 2302 2413 2413 2375 2375 2297 2297 2420 2420 2571 2571 2421 2421 2528 2528 2295 2295 2527 2527 2507 2507 2508 2508 2510 2510 2496 2496 2495 2495 2503 2503 2495 2495 2387 2387 2505 2505 2501 2501 2496 2496 2503 2503 2502 2502 2503 2503 2495 2495 2503 2503 2504 2504 2501 2501 2551 2551 2304 2304 2293 2293 2536 2536 2544 2544 2303 2303 2509 2509 2500 2500 2497 2497 2552 2552 2551 2551 2293 2293 2556 2556 2557 2557 2547 2547 2555 2555 2556 2556 2547 2547 2554 2554 2555 2555 2303 2303 2554 2554 2303 2303 2304 2304 2553 2553 2554 2554 2304 2304 2469 2469 2393 2393 2307 2307 2303 2303 2530 2530 2525 2525 2526 2526 2529 2529 2525 2525 2527 2527 2523 2523 2528 2528 2444 2444 2452 2452 2307 2307 2300 2300 2311 2311 2307 2307 2314 2314 2311 2311 2300 2300 2343 2343 2338 2338 2303 2303 2369 2369 2367 2367 2421 2421 2423 2423 2310 2310 2298 2298 2475 2475 2405 2405 2302 2302 2485 2485 2505 2505 2297 2297 2294 2294 2295 2295 2532 2532 2531 2531 2530 2530 2303 2303 2296 2296 2347 2347 2353 2353 2358 2358 2360 2360 2359 2359 2357 2357 2358 2358 2359 2359 2359 2359 2343 2343 2356 2356 2303 2303 2356 2356 2343 2343 2291 2291 2392 2392 2298 2298 2300 2300 2301 2301 2312 2312 2346 2346 2342 2342 2337 2337 2343 2343 2349 2349 2338 2338 2296 2296 2350 2350 2354 2354 2352 2352 2351 2351 2356 2356 2356 2356 2351 2351 2340 2340 2346 2346 2354 2354 2350 2350 2356 2356 2296 2296 2352 2352 2340 2340 2357 2357 2356 2356 2323 2323 2325 2325 2326 2326 2331 2331 2332 2332 2328 2328 2338 2338 2349 2349 2355 2355 2350 2350 2348 2348 2346 2346 2341 2341 2357 2357 2340 2340 2336 2336 2347 2347 2345 2345 2300 2300 2307 2307 2393 2393 2470 2470 2469 2469 2307 2307 2394 2394 2402 2402 2302 2302 2392 2392 2389 2389 2298 2298 2374 2374 2380 2380 2297 2297 2297 2297 2375 2375 2374 2374 2304 2304 2317 2317 2318 2318 2421 2421 2301 2301 2302 2302 2393 2393 2305 2305 2300 2300 2393 2393 2306 2306 2305 2305 2345 2345 2344 2344 2336 2336 2424 2424 2436 2436 2433 2433 2288 2288 2287 2287 2290 2290 2383 2383 2385 2385 2382 2382 2379 2379 2381 2381 2385 2385 2408 2408 2378 2378 2376 2376 2346 2346 2348 2348 2342 2342 2392 2392 2291 2291 2306 2306 2392 2392 2447 2447 2389 2389 2336 2336 2353 2353 2347 2347 2302 2302 2305 2305 2299 2299 2566 2566 2549 2549 2292 2292 2560 2560 2563 2563 2564 2564 2563 2563 2560 2560 2568 2568 2560 2560 2564 2564 2570 2570 2568 2568 2567 2567 2563 2563 2331 2331 2326 2326 2333 2333 2326 2326 2325 2325 2335 2335 2328 2328 2327 2327 2331 2331 2330 2330 2288 2288 2323 2323 2299 2299 2304 2304 2303 2303 2499 2499 2387 2387 2495 2495 2299 2299 2303 2303 2302 2302 2305 2305 2302 2302 2301 2301 2293 2293 2322 2322 2321 2321 2320 2320 2322 2322 2293 2293 2319 2319 2320 2320 2304 2304 2318 2318 2319 2319 2304 2304 2316 2316 2317 2317 2288 2288 2312 2312 2315 2315 2300 2300 2313 2313 2422 2422 2311 2311 2562 2562 2565 2565 2292 2292 2344 2344 2339 2339 2336 2336 2293 2293 2321 2321 2324 2324 2320 2320 2293 2293 2304 2304 2323 2323 2288 2288 2290 2290 2334 2334 2323 2323 2290 2290 2288 2288 2330 2330 2316 2316 2331 2331 2333 2333 2332 2332 2326 2326 2335 2335 2333 2333 2422 2422 2298 2298 2309 2309 2302 2302 2405 2405 2394 2394 2569 2569 2561 2561 2560 2560 2569 2569 2558 2558 2561 2561 2529 2529 2533 2533 2303 2303 2555 2555 2547 2547 2303 2303 2292 2292 2547 2547 2562 2562 2570 2570 2562 2562 2557 2557 2309 2309 2308 2308 2422 2422 2305 2305 2301 2301 2300 2300 2500 2500 2502 2502 2497 2497 2433 2433 2426 2426 2424 2424 2307 2307 2430 2430 2436 2436 2434 2434 2389 2389 2307 2307 2307 2307 2435 2435 2434 2434 2465 2465 2463 2463 2449 2449 2441 2441 2445 2445 2453 2453 2465 2465 2449 2449 2456 2456 2454 2454 2446 2446 2442 2442 2493 2493 2501 2501 2504 2504 2311 2311 2310 2310 2431 2431 2311 2311 2431 2431 2437 2437 2436 2436 2435 2435 2307 2307 2442 2442 2458 2458 2454 2454 2453 2453 2448 2448 2441 2441 2438 2438 2439 2439 2444 2444 2430 2430 2307 2307 2311 2311 2298 2298 2389 2389 2432 2432 2421 2421 2422 2422 2301 2301 2421 2421 2367 2367 2417 2417 2419 2419 2420 2420 2421 2421 2399 2399 2401 2401 2397 2397 2389 2389 2461 2461 2467 2467 2470 2470 2307 2307 2455 2455 2307 2307 2472 2472 2455 2455 2443 2443 2460 2460 2389 2389 2465 2465 2451 2451 2462 2462 2451 2451 2450 2450 2462 2462 2461 2461 2448 2448 2453 2453 2440 2440 2450 2450 2451 2451 2467 2467 2466 2466 2389 2389 2455 2455 2459 2459 2470 2470 2427 2427 2432 2432 2389 2389 2466 2466 2464 2464 2307 2307 2447 2447 2457 2457 2443 2443 2459 2459 2455 2455 2440 2440 2451 2451 2459 2459 2440 2440 2439 2439 2452 2452 2444 2444 2440 2440 2455 2455 2443 2443 2460 2460 2458 2458 2442 2442 2307 2307 2464 2464 2444 2444 2453 2453 2467 2467 2461 2461 2404 2404 2388 2388 2408 2408 2401 2401 2396 2396 2407 2407 2400 2400 2394 2394 2398 2398 2404 2404 2401 2401 2407 2407 2421 2421 2302 2302 2384 2384 2355 2355 2366 2366 2361 2361 2411 2411 2413 2413 2298 2298 2299 2299 2289 2289 2288 2288 2299 2299 2288 2288 2317 2317 2317 2317 2304 2304 2299 2299 2398 2398 2394 2394 2405 2405 2407 2407 2406 2406 2388 2388 2388 2388 2404 2404 2407 2407 2405 2405 2388 2388 2406 2406 2357 2357 2359 2359 2356 2356 2393 2393 2391 2391 2306 2306 2390 2390 2392 2392 2306 2306 2306 2306 2391 2391 2390 2390 2399 2399 2396 2396 2401 2401 2398 2398 2395 2395 2400 2400 2432 2432 2423 2423 2298 2298 2389 2389 2434 2434 2427 2427 2436 2436 2430 2430 2433 2433 2414 2414 2417 2417 2367 2367 2418 2418 2416 2416 2367 2367 2375 2375 2413 2413 2415 2415 2367 2367 2375 2375 2418 2418 2423 2423 2429 2429 2310 2310 2425 2425 2432 2432 2427 2427 2426 2426 2433 2433 2428 2428 2429 2429 2431 2431 2310 2310 2413 2413 2297 2297 2298 2298 2412 2412 2298 2298 2422 2422 2410 2410 2411 2411 2298 2298 2298 2298 2412 2412 2410 2410 2409 2409 2411 2411 2410 2410 2421 2421 2417 2417 2419 2419 2416 2416 2414 2414 2367 2367 2415 2415 2418 2418 2375 2375 2457 2457 2440 2440 2443 2443 2573 2573 2572 2572 2574 2574 2575 2575 2576 2576 2577 2577 2578 2578 2579 2579 2580 2580 2582 2582 2583 2583 2581 2581 2586 2586 2585 2585 2584 2584 2587 2587 2589 2589 2588 2588 2590 2590 2591 2591 2592 2592 2593 2593 2595 2595 2594 2594 2597 2597 2598 2598 2596 2596 2601 2601 2599 2599 2600 2600 2602 2602 2604 2604 2603 2603 2605 2605 2607 2607 2606 2606 2609 2609 2608 2608 2610 2610 2612 2612 2611 2611 2613 2613 2614 2614 2616 2616 2615 2615 2619 2619 2617 2617 2618 2618 2620 2620 2622 2622 2621 2621 2625 2625 2624 2624 2623 2623 2626 2626 2627 2627 2628 2628 2631 2631 2630 2630 2629 2629 2632 2632 2633 2633 2634 2634 2637 2637 2635 2635 2636 2636 2639 2639 2640 2640 2638 2638 2641 2641 2642 2642 2643 2643 2645 2645 2644 2644 2646 2646 2649 2649 2647 2647 2648 2648 2651 2651 2652 2652 2650 2650 2653 2653 2654 2654 2655 2655 2657 2657 2658 2658 2656 2656 2661 2661 2659 2659 2660 2660 2662 2662 2663 2663 2664 2664 2667 2667 2665 2665 2666 2666 2668 2668 2670 2670 2669 2669 2671 2671 2672 2672 2673 2673 2676 2676 2675 2675 2674 2674 2677 2677 2678 2678 2679 2679 2681 2681 2680 2680 2682 2682 2685 2685 2684 2684 2683 2683 2686 2686 2687 2687 2688 2688 2689 2689 2691 2691 2690 2690 2692 2692 2694 2694 2693 2693 2697 2697 2695 2695 2696 2696 2700 2700 2698 2698 2699 2699 2703 2703 2702 2702 2701 2701 2706 2706 2704 2704 2705 2705</p>
        </triangles>
      </mesh>
    </geometry>
  </library_geometries>
  <library_materials>
    <material id="chrome-material" name="chrome">
      <instance_effect url="#chrome-effect"/>
    </material>
  </library_materials>
  <library_visual_scenes>
    <visual_scene id="scene">
      <node id="node_g0_chrome" name="node_g0_chrome">
        <instance_geometry url="#g0_chrome">
          <bind_material>
            <technique_common>
              <instance_material symbol="chrome-ref" target="#chrome-material"/>
            </technique_common>
          </bind_material>
        </instance_geometry>
      </node>
    </visual_scene>
  </library_visual_scenes>
  <scene>
    <instance_visual_scene url="#scene"/>
  </scene>
</COLLADA>
