<COLLADA xmlns="http://www.collada.org/2005/11/COLLADASchema" version="1.4.1">
  <asset>
    <created>2026-09-29T18:16:48.222350</created>
    <modified>2026-09-29T18:16:48.222353</modified>
    <unit name="meter" meter="1.0"/>
    <up_axis>Z_UP</up_axis>
  </asset>
  <library_effects>
    <effect id="chrome-effect" name="chrome-effect">
      <profile_COMMON>
        <technique sid="common">
          <phong>
            <emission>
              <color>0 0 0 1.0</color>
            </emission>
            <ambient>
              <color>0.432 0.438 0.45599999999999996 1.0</color>
            </ambient>
            <diffuse>
              <color>0.72 0.73 0.76 1.0</color>
            </diffuse>
            <specular>
              <color>0.95 0.95 0.95 1.0</color>
            </specular>
            <shininess>
              <float>80.0</float>
            </shininess>
            <reflective>
              <color>0.0 0.0 0.0 1.0</color>
            </reflective>
            <reflectivity>
              <float>0.0</float>
            </reflectivity>
            <transparent>
              <color>0.0 0.0 0.0 1.0</color>
            </transparent>
            <transparency>
              <float>1.0</float>
            </transparency>
          </phong>
        </technique>
        <extra>
          <technique profile="GOOGLEEARTH">
            <double_sided>0</double_sided>
          </technique>
        </extra>
      </profile_COMMON>
    </effect>
  </library_effects>
  <library_geometries>
    <geometry id="g0_chrome" name="g0_chrome">
      <mesh>
        <source id="g0_chrome-pos">
          <float_array count="8598" id="g0_chrome-pos-array">0.0081792 -0.0154142 0.1383464 0.0116998 -0.0022716 0.1252189 0.0071103 -0.0154834 0.14228 0.0041358 0.0062075 0.153462 0.0113164 0.006834 0.1265859 0.0112667 -0.0076393 0.1267036 0.0101251 -0.0127272 0.130946 0.0037056 4.25e-05 0.1549445 0.0049305 0.0108605 0.150418 0.0088205 0.0147314 0.1358988 0.0061226 0.0140581 0.1459179 0.0039372 -0.0058966 0.1539911 0.0102699 0.0119004 0.1303411 0.0050899 -0.0123447 0.1495854 0.0109414 0.0092021 0.1277437 0.0116849 0.0026197 0.1249341 0.0044219 0.0093036 0.1520252 0.0073917 0.015485 0.1409561 0.0095909 0.0136798 0.1327287 0.0106736 -0.0108999 0.1285668 0.0087373 -0.0155429 0.1356907 0.005831 -0.0145552 0.1465565 0.003542 0.0019729 0.1550907 0.0041731 -0.0090799 0.1526803 0.0085093 0.0153001 0.1364848 0.0114784 -0.0053856 0.1251795 0.0034746 -0.0030439 0.1551015 0.005798 0.0143033 0.1463813 0.0109108 -0.0095605 0.1271615 0.0070456 -0.0162579 0.1415749 0.0107111 0.0100424 0.1278738 0.0047045 0.0118248 0.150197 0.0035109 0.0054412 0.1544879 0.0037209 0.0072361 0.1537117 0.0104532 -0.0114693 0.128464 0.0079565 -0.0163689 0.1377714 0.0066109 0.0156931 0.1428055 0.0079314 0.0158653 0.1378714 0.0111841 0.0068278 0.1256729 0.0092816 -0.0147873 0.1326812 0.0057769 -0.0154442 0.1456233 0.0034417 0.0062257 0.1542943 0.005838 0.0150249 0.1453805 0.0071402 0.0160636 0.1405189 0.0090381 0.0146912 0.1334198 0.0115187 -0.0020097 0.1240705 0.0099077 -0.0131638 0.1300385 0.0048819 0.013223 0.1487811 0.0095451 0.0136124 0.1313558 0.0109986 -0.0080599 0.125822 0.0040367 -0.0109374 0.1518258 0.011221 -0.0058967 0.1248313 0.0063309 -0.016372 0.1430569 0.0037488 0.0093964 0.1526529 0.0052274 0.0143233 0.1471504 0.0098891 0.0125182 0.1297205 0.010539 0.0099634 0.1272797 0.0113604 0.0031485 0.1241778 0.0048616 -0.0141381 0.1483831 0.0029269 -0.0007377 0.1556765 0.0080981 0.0158422 0.1362488 0.01062 -0.0098198 0.1267032 0.0083888 -0.016067 0.1350121 0.0053047 -0.0153561 0.1463557 0.0029652 -0.0047035 0.155149 0.0033526 -0.008774 0.153492 0.0029685 -0.0054834 0.154943 0.003864 0.0110386 0.1514791 0.0064075 0.0161804 0.1419982 0.0108295 0.0073459 0.1254307 0.0110379 0.0055016 0.1246435 0.0066047 -0.0168494 0.1411055 0.0027621 -0.0031479 0.1555303 0.0027706 0.0036665 0.1553318 0.010135 0.0109947 0.1278444 0.0027681 -0.0043392 0.1553031 0.0083667 0.015443 0.1342705 0.0089398 0.014464 0.1321242 0.0093766 -0.013907 0.1303579 0.0074021 0.0163113 0.1376724 0.0111552 0.001193 0.1235751 0.0039109 -0.0126003 0.1505833 0.0026059 -0.0035618 0.1555025 0.0110854 -0.0024531 0.1236082 0.0050797 -0.0156874 0.1459898 0.0024066 -0.0003381 0.1558377 0.0053273 0.0155472 0.1449976 0.0072876 -0.0169098 0.1375187 0.0066581 -0.0170511 0.1398708 0.0043758 -0.0143762 0.1484125 0.0029046 -0.0081534 0.1539398 0.0025876 -0.0051495 0.1551388 0.0024681 -0.0031717 0.1555945 0.009357 0.0130097 0.1297088 0.0098904 -0.0115621 0.1275998 0.0034431 -0.0114953 0.1516947 0.0023918 -0.0027734 0.1556645 0.0066642 0.0165331 0.1395687 0.0102366 0.0091815 0.1261834 0.0109789 -2.03e-05 0.123366 0.0094607 -0.013 0.1289787 0.0056094 -0.0166407 0.1433546 0.0024678 -0.0051618 0.1551491 0.002226 -0.0003381 0.1558528 0.0027305 0.0075188 0.1540042 0.0047655 0.0149912 0.1464345 0.0106954 -0.0056419 0.1241763 0.0088091 -0.0146914 0.1311833 0.0084367 -0.0154665 0.1325713 0.0078464 -0.0163594 0.1347729 0.0056083 0.0161779 0.1430652 0.0060252 0.0164498 0.1415085 0.0106114 0.0055779 0.124318 0.0060152 -0.0170251 0.1413885 0.0022607 0.0041108 0.1552917 0.0037503 0.0128679 0.1497661 0.0040936 0.0138291 0.1484878 0.0097573 0.0108265 0.1273077 0.0102413 -0.0086338 0.1254073 0.0030695 -0.0109195 0.1521985 0.0021251 -0.0019717 0.1557699 0.0028626 0.009494 0.1528391 0.0069662 0.0164656 0.1375359 0.0078901 0.0156161 0.1340794 0.0036833 -0.0135107 0.1496637 0.0100834 -0.0048314 0.1235964 0.0095729 -0.0092714 0.1254832 0.0010249 0.0037046 0.155293 0.0063868 0.0162988 0.1353143 0.0024726 0.0143771 0.1477309 0.0047936 0.0168798 0.1390689 0.008144 0.0108817 0.1265197 0.0086784 0.007844 0.1245083 0.0091891 -0.0012451 0.1225568 0.0012792 -0.0109653 0.1520714 0.0004775 -0.0047924 0.1550967 0.0013084 0.0127451 0.149867 0.0015578 0.01352 0.1489384 0.0028796 0.0161451 0.1440109 0.0059999 0.0155364 0.1323471 0.0084701 0.0048481 0.1230656 0.0085752 0.0032547 0.1226651 0.0085731 -0.0036967 0.1226402 0.0069903 -0.0136975 0.1285084 0.0058924 -0.0162077 0.1325996 0.0004655 -0.0096761 0.1529113 -0.0001525 0.0087075 0.1530956 0.0002209 0.0107273 0.1517099 0.0029456 0.0167888 0.1415557 0.0065393 0.0130055 0.1281077 0.0081053 0.0016371 0.1222021 0.0077432 -0.007248 0.1235132 0.0059208 -0.0151608 0.1302866 0.0043186 -0.0173764 0.1362637 0.0024146 -0.0169167 0.1433815 0.0016213 -0.015714 0.1463519 0.0007371 -0.0134271 0.1496671 -0.0002649 -0.0086487 0.153434 -0.0013488 0.0017333 0.155318 0.0004334 0.0136197 0.1487136 0.0037779 0.0168957 0.1362303 0.0075836 -0.0012541 0.1219223 0.0074223 -0.0049291 0.1225081 0.0043947 -0.0168787 0.1337663 0.0031269 -0.017633 0.1385007 -0.0001365 -0.0123331 0.1507213 -0.0007657 0.0114236 0.1509657 0.0008034 0.0157301 0.145122 0.0051078 0.0140897 0.1290283 0.0064183 0.0086858 0.1241052 0.0069106 0.0041012 0.1222439 0.0070424 0.0008216 0.1217359 0.0062378 -0.0101867 0.124691 3.91e-05 -0.0147582 0.1478349 -4.81e-05 0.0152339 0.1460804 0.0037081 0.015891 0.1320462 0.0062743 0.005309 0.1224058 -0.0027053 0.0065729 0.1537463 -0.0024626 0.0084394 0.1528479 -0.0022281 0.0098445 0.1519784 0.00115 0.0171541 0.1393883 0.0054288 0.0079957 0.1233546 0.0059568 -0.0004242 0.1213417 0.0059306 -0.0020904 0.1214319 0.004807 -0.0118635 0.125585 0.000711 -0.0175278 0.1408657 -0.0030432 -0.0024153 0.1549666 -0.001977 0.013212 0.1488307 -0.0003618 0.0165143 0.1428099 0.0010258 0.0172092 0.1376273 0.001776 0.0168883 0.1348222 0.0041892 0.0117232 0.1257796 0.0052637 -0.0045579 0.1216875 0.0015529 -0.0175598 0.1354938 0.0011232 -0.0177348 0.1370988 -0.0004753 -0.0169759 0.1430763 -0.0010772 -0.0160633 0.14533 -0.0029725 -0.0094581 0.1524442 -0.0034814 -0.0048745 0.1543676 0.002627 0.0148409 0.1294062 0.0044161 -0.0077043 0.1226139 0.0040972 -0.0098913 0.1237956 0.0029798 -0.0144075 0.12795 0.0025241 -0.0155362 0.1296478 -0.0034731 -0.0098155 0.152087 -0.0038277 -0.0072408 0.1534245 -0.0041924 -0.0007505 0.154818 -0.0045315 0.0050187 0.153886 -0.0041364 0.0084557 0.1524255 -0.0034114 0.012096 0.1497333 -0.0027433 0.0142222 0.1472465 0.0013905 0.0160987 0.131807 0.0041823 0.0037226 0.1213152 0.0015808 -0.0162825 0.1309433 0.0011768 -0.0168834 0.13245 -0.0033414 -0.0130148 0.1493535 -0.0053029 -0.0003311 0.1545177 -0.0052818 0.0013379 0.1544466 -0.0048891 0.0069655 0.1530057 -0.0048428 0.0073438 0.1528344 -0.0015028 0.016981 0.1403974 -0.0012992 -0.0176553 0.1394737 -0.0041223 -0.0121161 0.15005 -0.0047484 -0.0087346 0.1524056 -0.0052216 -0.0036523 0.1541982 -0.0035756 0.0148639 0.1459086 0.0027872 -0.0073102 0.1220258 0.0019551 -0.012169 0.1251123 0.0010392 -0.0150838 0.1285215 -0.0035847 -0.0154649 0.1457998 -0.0063897 0.0009196 0.154136 -0.0053588 0.0108245 0.1503301 -0.0046637 0.0134405 0.1477447 -0.0021837 0.01713 0.1384942 -0.001538 0.0171235 0.136081 -0.0011108 0.0169207 0.1344834 0.0010114 0.0131214 0.1265345 -0.0045864 -0.0143055 0.1473251 -0.0068637 0.0029785 0.1536955 -0.0065786 0.0065518 0.1526468 0.0006819 -0.0127177 0.1254229 -0.0008496 -0.0165105 0.1311282 -0.0016775 -0.0174033 0.1342182 -0.0042052 -0.0163219 0.1436694 -0.0054087 0.0143364 0.1460926 -0.0044443 0.0161407 0.1424971 -0.0040324 0.0166055 0.1409598 0.0007655 0.0119681 0.1252266 -0.0006403 -0.0149855 0.1281344 -0.0062436 -0.0123254 0.1490871 -0.0072754 -0.0056294 0.1529747 -0.0040562 0.0169139 0.1388349 -0.0024658 0.0165299 0.1328894 -0.0010137 0.0140116 0.127451 -0.0006822 -0.013476 0.1260825 -0.0047989 -0.0169076 0.1414512 -0.0079655 -0.0032058 0.1533496 -0.0070896 0.0124822 0.1479386 -0.0069282 0.0130215 0.1473377 -0.0021253 0.0152017 0.1293991 -0.0046169 -0.0173975 0.1385569 -0.0062309 -0.0154549 0.1445979 -0.0077331 -0.0103449 0.1502357 -0.0084382 0.0086444 0.1507532 -0.0082623 0.0096716 0.1501007 -0.0021464 -0.0143642 0.1271316 -0.0045311 -0.0174162 0.1360292 -0.0076353 -0.0130389 0.1476507 -0.0094952 0.0037178 0.152478 -0.0093013 0.0060487 0.1517644 -0.0045467 0.0166261 0.1340454 -0.009617 -0.0011395 0.1529102 -0.0034466 -0.0146621 0.1275905 -0.0097483 -0.0073966 0.1511754 -0.0086438 0.013936 0.144958 -0.0072039 0.0162319 0.1395877 -0.0037055 0.0133373 0.1265001 -0.004731 -0.0159785 0.1301944 -0.0057629 -0.0170012 0.134046 -0.0074166 -0.0166019 0.1402278 -0.0104588 -0.0054767 0.1516494 -0.0025144 -0.0098905 0.1227594 -0.0022612 -0.0106404 0.1233054 -0.0014106 -0.01176 0.1242718 -0.0006904 -0.012165 0.1247041 0.0007456 -0.0122752 0.1249931 0.0014752 -0.0119588 0.1248222 0.0019245 -0.0115257 0.1245257 0.0023799 -0.0107733 0.12401 0.002669 -0.0094139 0.1231272 0.0026694 -0.0066482 0.1217188 0.00267 -0.0033652 0.1207696 0.0026708 -0.0004783 0.1204891 0.0026731 0.0059736 0.1216678 0.0026742 0.0083504 0.1228147 0.0025068 0.0100092 0.1238715 0.0016497 0.0113693 0.1248134 -0.0009739 0.0115959 0.1246506 -0.0020421 0.0105833 0.1236921 -0.002497 0.0095066 0.1228653 -0.0004106 -0.0114095 0.1215759 -0.0007235 -0.0111762 0.1193382 -0.0015899 -0.0111637 0.1223893 -0.0018379 -0.0106683 0.1201257 -0.0022404 -0.0101668 0.1197615 -0.0025482 -0.0093452 0.1189698 -0.0026194 -0.0085607 0.0091429 -0.0025855 -0.0089199 0.1093192 0.0022832 -0.0102923 0.1205981 0.0019809 -0.0106922 0.1209638 0.0010376 -0.0111384 0.1197396 0.0008861 -0.0115974 0.1228092 -0.0009443 -0.0141234 -0.0762925 -0.0011684 -0.0129244 -0.074021 -0.0011643 -0.0104847 -0.0640829 -0.0012398 -0.0113696 -0.0696641 -0.001316 -0.0150663 -0.0781241 -0.0016534 -0.0103797 -0.0656482 -0.0017827 -0.0115045 -0.0712417 -0.0019596 -0.0107882 -0.0692766 -0.0020674 -0.0100889 -0.0662112 -0.002302 -0.0095007 -0.0625539 -0.0023844 -0.0111651 -0.0724691 -0.0026325 -0.0087607 -0.0658407 -0.0026307 -0.0126646 -0.0775555 -0.0017492 -0.0159739 -0.0798809 -0.0009665 -0.0176031 -0.081316 -0.0004122 -0.0186057 -0.0823185 -0.0024563 -0.013821 -0.0782891 0.0024953 -0.0091103 -0.0647155 0.0022179 -0.0110155 -0.0714004 0.002124 -0.0124751 -0.0747965 0.0016075 -0.0146303 -0.0777897 0.0016131 -0.0103238 -0.0651338 0.0015446 -0.0117967 -0.0716933 0.0014121 -0.0102961 -0.0625441 0.0012687 -0.011095 -0.068672 0.0009697 -0.0146163 -0.077194 0.0008204 -0.0117602 -0.0706223 0.0007421 -0.0128153 -0.0735099 0.0006616 -0.0160778 -0.0793009 0.0006668 -0.0111541 -0.068133 0.0004335 -0.0106576 -0.064585 0.0012628 -0.0169171 -0.0806849 0.0022722 -0.0143522 -0.0786538 0.0026003 -0.0121668 -0.077264 -0.00124 0.0110745 0.1231731 -0.0012411 0.0106329 0.1201772 -0.0022343 0.0097716 0.1202299 -0.0025272 0.0090485 0.1202739 -0.0026053 0.0088456 0.0352938 -0.0026058 0.008851 0.0337922 -0.0026077 0.0088713 0.0281238 -0.0026099 0.0088943 0.021716 -0.0026107 0.0089026 0.0193921 -0.0026114 0.0089106 0.0171784 -0.0026122 0.0089191 0.0147973 -0.0026133 0.0089308 0.0115307 -0.0026141 0.0089391 0.0092057 0.0026518 0.0089268 0.1207508 0.0021478 0.0100948 0.1210578 0.0016823 0.0104737 0.1206195 0.0010447 0.0108534 0.1213679 0.0006608 0.011483 0.1240092 0.0026071 0.0068133 -0.0739223 0.0026079 0.0104667 -0.0748107 0.0026025 -0.0072889 -0.0750492 0.0026039 -0.0036607 -0.074063 -0.0003869 0.0114478 -0.0603491 -0.0005463 0.0128979 -0.0686463 -0.0007015 0.0119727 -0.0651848 -0.0007808 0.014419 -0.0724482 -0.000935 0.0161683 -0.0755804 -0.0013022 0.0112625 -0.0606167 -0.0015139 0.0120399 -0.0667522 -0.0017752 0.013169 -0.0707457 -0.0018961 0.0144087 -0.0736165 -0.0020597 0.0107719 -0.0616857 -0.0022972 0.0111813 -0.0664223 -0.0022989 0.0142408 -0.0743083 -0.0025707 0.0097529 -0.0606744 -0.0025725 0.0105506 -0.0665702 -0.0026361 0.0092711 -0.0601427 -0.0026389 0.0110173 -0.069843 -0.0020919 0.016788 -0.0776885 -0.0025745 0.0148947 -0.0766245 -0.0007042 0.0193702 -0.0795766 0.0025997 0.0095036 -0.0617804 0.0025883 0.0107395 -0.0682081 0.0023463 0.0127098 -0.0715094 0.002226 0.0115038 -0.0674348 0.0021827 0.0105881 -0.0617006 0.0021322 0.014669 -0.0746734 0.0018655 0.0132759 -0.0712667 0.0016833 0.012187 -0.0677872 0.0013493 0.0112286 -0.0606188 0.0011287 0.0169884 -0.0768871 0.0010567 0.0119898 -0.0657057 0.0009045 0.0137459 -0.071065 0.0006728 0.015144 -0.0738039 0.0005201 0.0114357 -0.0600982 0.0026084 0.0139705 -0.0761742 0.002472 0.0153164 -0.0768476 0.0021318 0.0165837 -0.0775666 0.0011982 0.0185087 -0.0788341 -0.0099989 0.0089605 0.1497698 -0.0076828 0.0157811 0.1411465 -0.0081849 -0.0156129 0.1428751 -0.0090826 -0.0134849 0.1462398 -0.010658 -0.0031711 0.1521761 -0.0061748 0.0165625 0.1352873 -0.0052386 0.0159762 0.1317859 -0.0041747 0.0142182 0.1278016 -0.0042747 -0.0148961 0.1280384 -0.0087946 -0.0144249 0.1449319 -0.010115 -0.0092342 0.1498909 -0.0107617 -0.0015468 0.152344 -0.0081888 0.0151749 0.1425824 -0.0067587 0.0165268 0.1372441 -0.0026471 0.0078158 0.1218377 -0.006874 -0.017033 0.137517 -0.0108638 0.0009012 0.1522893 -0.0094485 0.0123046 0.1468337 -0.0036031 -0.0124202 0.1248724 -0.005419 -0.0164216 0.1316395 -0.0106494 0.0060306 0.1510749 -0.0105649 0.0067771 0.1507625 -0.0098011 0.0111512 0.1479288 -0.0050662 0.0153929 0.1302538 -0.0026264 0.0067047 0.1213121 -0.011021 -0.0003211 0.1522196 -0.010772 0.0052613 0.1513154 -0.0058263 0.0161598 0.132884 -0.0033538 0.0104575 0.1236169 -0.007506 -0.0167271 0.1390063 -0.0037691 0.0119164 0.1249651 -0.0050891 -0.0156811 0.129768 -0.0100438 -0.0111245 0.1483062 -0.0105609 0.0078275 0.1501207 -0.0075978 0.016124 0.1390863 -0.0108305 -0.0062584 0.151062 -0.0025942 0.0036039 0.1203279 -0.003532 -0.0108453 0.1235616 -0.0095365 -0.0133271 0.1459895 -0.0103657 0.0094987 0.1489967 -0.0091466 0.0138684 0.1444611 -0.0055338 0.0155332 0.1309675 -0.0026227 0.0016038 0.1200226 -0.0026708 -0.0016157 0.1199925 -0.0041538 -0.0128192 0.1254821 -0.0107903 -0.0076969 0.1503078 -0.0109133 0.0063233 0.1506432 -0.0032325 -0.0081164 0.1218709 -0.0028814 -0.0039845 0.1203928 -0.0050284 -0.0148092 0.1283655 -0.0065015 -0.016649 0.1338621 -0.010492 -0.0100553 0.1488062 -0.0113001 -0.0015215 0.1518663 -0.0070534 0.0162236 0.135899 -0.0045459 0.0130252 0.1265132 -0.0060401 -0.0162306 0.1319595 -0.0112225 -0.0042788 0.1513831 -0.0096104 0.0130449 0.1452648 -0.0030123 0.0039344 0.1205639 -0.0073133 -0.0166988 0.1365402 -0.0096184 -0.0136378 0.1451691 -0.0113794 0.0016661 0.1516524 -0.0034408 0.0076117 0.1220131 -0.0112899 0.0039976 0.1511652 -0.0101529 0.011442 0.1469509 -0.0042996 0.0116559 0.1250773 -0.004233 -0.01183 0.1247179 -0.0082072 -0.0161839 0.1395495 -0.0087929 -0.0154672 0.1417417 -0.0100855 -0.0123186 0.1465872 -0.007666 0.0159363 0.1373679 -0.0087895 0.0149145 0.141416 -0.0055239 0.0144206 0.1292099 -0.0078122 -0.0163874 0.1376164 -0.0110837 -0.0075294 0.1498841 -0.0107341 0.0092322 0.1485169 -0.0084334 0.0153518 0.139948 -0.0106164 -0.0104686 0.1479845 -0.0067587 0.0156865 0.133558 -0.0037318 -0.0079092 0.1221347 -0.0062124 -0.0156188 0.1312429 -0.0044607 0.0108633 0.1247018 -0.0041363 0.0093863 0.1234826 -0.0070329 -0.0161967 0.1341872 -0.0114993 -0.0037873 0.1509368 -0.0101304 0.0119432 0.1457829 -0.0093814 0.0138842 0.1429931 -0.003515 -0.0046095 0.1209826 -0.0116003 -0.0014787 0.151213 -0.0033947 -0.0004026 0.1204474 -0.0056607 -0.0144518 0.1288497 -0.0085742 -0.015656 0.1397324 -0.0094977 -0.0142319 0.1431902 -0.0115555 0.0027431 0.1508626 -0.0062333 0.0148032 0.1310294 -0.0036006 0.0037713 0.1210482 -0.0041733 -0.0090701 0.123128 -0.0109743 0.0083527 0.1485436 -0.0113083 -0.006625 0.149721 -0.0048097 -0.0116217 0.1253362 -0.0086497 0.0148291 0.1397437 -0.0071916 0.0152938 0.1342966 -0.0038838 -0.0059341 0.1217751 -0.0067358 -0.0154372 0.1323885 -0.0052513 0.0122439 0.126919 -0.0040242 0.0065168 0.1223064 -0.003715 -0.0033889 0.121104 -0.0083072 -0.0155229 0.1381644 -0.009832 -0.0132542 0.1438737 -0.0109873 -0.008774 0.1481762 -0.0116172 -0.0010558 0.1505179 -0.0025808 -0.0061787 0.1208918 -0.0052787 -0.0190918 -0.0828425 -0.00528 -0.0209887 -0.0851779 0.0052199 -0.0209918 -0.0851814 -0.0052814 -0.0226276 -0.087701 0.0052186 -0.0226308 -0.0877045 -0.0052827 -0.0239902 -0.0903834 -0.005277 -0.0163907 -0.080227 -0.0052757 -0.0139954 -0.0784064 -0.0052744 -0.0114209 -0.0768495 -0.0026475 -0.0072873 -0.0750474 -0.0052725 -0.0072866 -0.0750465 -0.0026464 -0.0043947 -0.0742198 -0.0026451 -0.0006825 -0.0736234 -0.0052698 6.84e-05 -0.0735626 -0.0026439 0.003076 -0.0735231 -0.0052687 0.0038283 -0.073562 -0.0026429 0.0068148 -0.0739206 -0.0052677 0.0075552 -0.0740584 -0.0026421 0.0104682 -0.0748089 -0.0052664 0.0146503 -0.0764993 -0.0052661 0.0185107 -0.0788319 0.0052339 0.0185075 -0.0788354 0.0052334 0.0132839 -0.0758654 0.0052329 0.0104659 -0.0748116 0.0052319 0.0060695 -0.0738041 0.0052311 0.0030737 -0.0735257 0.0052292 -0.0029219 -0.0739249 0.0052278 -0.006575 -0.0748145 0.0052256 -0.011424 -0.0768531 0.005224 -0.0146153 -0.0788411 0.0052227 -0.0169614 -0.0807247 0.0052216 -0.0185829 -0.0822947 0.0052173 -0.0239933 -0.090387 0.0052306 0.0264263 -0.0956001 -0.005269 0.0263815 -0.0942777 0.0052313 0.0263248 -0.0936236 -0.0052682 0.0260492 -0.0916605 -0.0052676 0.0255955 -0.089734 0.0052324 0.0255923 -0.0897376 -0.0052669 0.024461 -0.0866387 0.0052331 0.0244579 -0.0866423 -0.0052666 0.0235624 -0.0848753 0.0052337 0.0221217 -0.0826667 -0.0052662 0.0217248 -0.0821383 0.0052209 0.0189751 -0.1177143 -0.0052791 0.0189783 -0.1177107 -0.0052777 0.0208824 -0.1150978 0.0052223 0.0208792 -0.1151014 0.0052238 0.0225215 -0.1123165 -0.0052755 0.0232427 -0.1108641 0.0052255 0.0241829 -0.1086335 -0.0052738 0.0247237 -0.1071049 -0.0052728 0.0253901 -0.104773 0.0052275 0.0255712 -0.1039893 0.0052285 0.0260088 -0.1016039 -0.0052712 0.0261191 -0.1007989 0.0052159 -0.0248742 -0.0935638 -0.0052843 -0.0249895 -0.0942094 -0.005285 -0.0252274 -0.0961743 0.0052147 -0.0252705 -0.0968365 -0.0052866 -0.0250914 -0.1007834 0.0052132 -0.0249963 -0.1014396 -0.0052873 -0.0245816 -0.1033719 0.0052125 -0.024409 -0.1040116 -0.0052879 -0.0237655 -0.1058808 0.005212 -0.0235181 -0.1064949 -0.0052886 -0.0219942 -0.1094163 0.0052114 -0.0219974 -0.1094198 -0.005289 -0.0199147 -0.1125307 0.0052109 -0.0194353 -0.1131831 -0.0052893 -0.0173492 -0.1156522 0.0052107 -0.0162235 -0.1168134 -0.0052894 -0.0150367 -0.1179116 0.0052107 -0.0131678 -0.1194569 -0.0052893 -0.0118565 -0.1204039 0.0052109 -0.009815 -0.1217117 -0.005289 -0.0091099 -0.1221094 0.0052112 -0.007681 -0.1228639 -0.0052884 -0.0047131 -0.1241499 0.0052116 -0.0047162 -0.1241535 0.0061349 -0.0113041 0.1460094 0.0094248 0.0107388 0.1338184 0.0106214 -0.0065962 0.1292651 0.0049384 0.0060309 0.1505628 0.0049345 -0.0066707 0.1505172 0.0066161 -0.0121801 0.1442069 0.007776 -0.0129843 0.1398684 0.0085204 -0.0126439 0.137088 0.0094182 -0.0112611 0.1337395 0.0089436 0.0116148 0.1356209 0.0077837 0.012419 0.1399595 0.0051696 -0.0080332 0.1496324 0.0099399 -0.0098105 0.1317968 0.0109212 0.003467 0.1281919 0.0106252 0.0061054 0.1293106 0.0101797 0.0084278 0.1309863 0.0085279 0.012098 0.1371767 0.0044966 -0.0003257 0.1521839 0.0057822 -0.0103978 0.1473319 0.0061415 0.0106958 0.1460883 0.0046394 0.0033681 0.1516674 0.0110632 -0.0002397 0.127644 0.0069338 0.011975 0.1431336 0.0055392 0.0089618 0.1483313 0.0046075 -0.0036116 0.151754 0.01085 -0.0047306 0.1284194 -0.0109596 -0.0003062 0.148048 -0.0108488 -0.0035921 0.1476181 -0.0105217 -0.0066512 0.1463814 -0.0109307 0.001362 0.1479478 -0.0105179 0.0060504 0.1464269 -0.0107053 0.0045855 0.1471205 -0.010071 0.0083845 0.1447679 -0.0093147 0.0107152 0.1419525 -0.008627 0.0118776 0.139388 -0.0076725 0.0124384 0.1358236 -0.0068229 0.0120168 0.1326464 -0.0060314 0.0107582 0.1296825 -0.0055935 0.009592 0.1280405 -0.0047017 0.0062314 0.1254022 -0.0050016 0.0071499 0.1258169 -0.0045039 0.0030658 0.123938 -0.0047334 0.00542 0.1248066 -0.0043931 -0.0002202 0.1235081 -0.0044794 -0.0031007 0.1238172 -0.0048348 -0.0065768 0.1251292 -0.0046062 -0.0047111 0.1242836 -0.0052086 -0.0085981 0.1265167 -0.006038 -0.0112416 0.1296037 -0.0076802 -0.0129648 0.1357325 -0.0070421 -0.0127143 0.1333491 -0.0082111 -0.0128045 0.1377176 -0.0093213 -0.0112846 0.1418736 -0.0089411 -0.0120068 0.1404493 -0.0102192 -0.0083427 0.1452432 -0.0025829 -0.0011884 0.1100182 -0.0025828 -0.0013585 0.1106656 -0.0025825 -0.0012109 0.1113342 -0.002583 -0.0016625 0.1101977 -0.0025825 -0.0007797 0.1110567 -0.0025828 -0.0006867 0.1099301 -0.0025818 0.0009301 0.1114088 -0.0026415 0.0015995 -0.0651293 0.0026731 0.0059736 0.1216678 0.0026742 0.0083504 0.1228147 0.0025068 0.0100092 0.1238715 0.0026518 0.0089268 0.1207508 0.0052209 0.0189751 -0.1177143 -0.0052791 0.0189783 -0.1177107 -0.0052796 0.0177475 -0.1180452 0.0052204 0.0177444 -0.1180488 -0.0052884 -0.0047131 -0.1241499 0.0052116 -0.0047162 -0.1241535 -0.0052879 -0.0034823 -0.1238154 0.0052121 -0.0034855 -0.123819 -0.0052796 0.0177475 -0.1180452 0.0052204 0.0177444 -0.1180488 -0.0052879 -0.0034823 -0.1238154 0.0052121 -0.0034855 -0.123819 -0.0052749 0.0112954 -0.0985006 0.0052251 0.0116581 -0.0987732 -0.0052749 0.0124819 -0.0996556 0.005225 0.0127903 -0.100178 -0.0052752 0.013078 -0.1008751 -0.0052832 -0.0082634 -0.1055929 -0.0052824 -0.0078114 -0.1036937 -0.0052805 -0.0054547 -0.1003441 -0.0052785 -0.001778 -0.0976699 -0.0052768 0.0025879 -0.0964017 -0.0052761 0.004869 -0.096349 -0.0052756 0.0066792 -0.0965906 -0.0052797 -0.0040971 -0.0991226 -0.0052751 0.0092888 -0.0974144 0.0052175 -0.0079388 -0.1039734 0.0052166 -0.008209 -0.1063505 0.0052222 -8.97e-05 -0.096985 0.0052245 0.007122 -0.0966936 0.005224 0.0053213 -0.0963894 0.0052232 0.0025848 -0.0964053 0.005219 -0.00607 -0.1010258 0.0052207 -0.0033614 -0.0985887 0.0052249 0.0097016 -0.0976071 -0.0052787 -0.0190918 -0.0828425 -0.00528 -0.0209887 -0.0851779 -0.0052814 -0.0226276 -0.087701 -0.0052827 -0.0239902 -0.0903834 -0.005277 -0.0163907 -0.080227 -0.0052757 -0.0139954 -0.0784064 -0.0052744 -0.0114209 -0.0768495 -0.0052725 -0.0072866 -0.0750465 -0.0052698 6.84e-05 -0.0735626 -0.0052687 0.0038283 -0.073562 -0.0052677 0.0075552 -0.0740584 -0.0052664 0.0146503 -0.0764993 -0.0052661 0.0185107 -0.0788319 -0.005269 0.0263815 -0.0942777 -0.0052682 0.0260492 -0.0916605 -0.0052676 0.0255955 -0.089734 -0.0052669 0.024461 -0.0866387 -0.0052666 0.0235624 -0.0848753 -0.0052662 0.0217248 -0.0821383 -0.0052791 0.0189783 -0.1177107 -0.0052777 0.0208824 -0.1150978 -0.0052755 0.0232427 -0.1108641 -0.0052738 0.0247237 -0.1071049 -0.0052728 0.0253901 -0.104773 -0.0052712 0.0261191 -0.1007989 -0.0052796 0.0177475 -0.1180452 -0.0052843 -0.0249895 -0.0942094 -0.005285 -0.0252274 -0.0961743 -0.0052866 -0.0250914 -0.1007834 -0.0052873 -0.0245816 -0.1033719 -0.0052879 -0.0237655 -0.1058808 -0.0052886 -0.0219942 -0.1094163 -0.005289 -0.0199147 -0.1125307 -0.0052893 -0.0173492 -0.1156522 -0.0052894 -0.0150367 -0.1179116 -0.0052893 -0.0118565 -0.1204039 -0.005289 -0.0091099 -0.1221094 -0.0052884 -0.0047131 -0.1241499 -0.0052879 -0.0034823 -0.1238154 -0.0052749 0.0112954 -0.0985006 -0.0052749 0.0124819 -0.0996556 -0.0052752 0.013078 -0.1008751 -0.0052832 -0.0082634 -0.1055929 -0.0052824 -0.0078114 -0.1036937 -0.0052805 -0.0054547 -0.1003441 -0.0052785 -0.001778 -0.0976699 -0.0052768 0.0025879 -0.0964017 -0.0052761 0.004869 -0.096349 -0.0052756 0.0066792 -0.0965906 -0.0052797 -0.0040971 -0.0991226 -0.0052751 0.0092888 -0.0974144 0.0052199 -0.0209918 -0.0851814 0.0052186 -0.0226308 -0.0877045 0.0052339 0.0185075 -0.0788354 0.0052334 0.0132839 -0.0758654 0.0052329 0.0104659 -0.0748116 0.0052319 0.0060695 -0.0738041 0.0052311 0.0030737 -0.0735257 0.0052292 -0.0029219 -0.0739249 0.0052278 -0.006575 -0.0748145 0.0052256 -0.011424 -0.0768531 0.005224 -0.0146153 -0.0788411 0.0052227 -0.0169614 -0.0807247 0.0052216 -0.0185829 -0.0822947 0.0052173 -0.0239933 -0.090387 0.0052306 0.0264263 -0.0956001 0.0052313 0.0263248 -0.0936236 0.0052324 0.0255923 -0.0897376 0.0052331 0.0244579 -0.0866423 0.0052337 0.0221217 -0.0826667 0.0052209 0.0189751 -0.1177143 0.0052223 0.0208792 -0.1151014 0.0052238 0.0225215 -0.1123165 0.0052255 0.0241829 -0.1086335 0.0052275 0.0255712 -0.1039893 0.0052285 0.0260088 -0.1016039 0.0052204 0.0177444 -0.1180488 0.0052159 -0.0248742 -0.0935638 0.0052147 -0.0252705 -0.0968365 0.0052132 -0.0249963 -0.1014396 0.0052125 -0.024409 -0.1040116 0.005212 -0.0235181 -0.1064949 0.0052114 -0.0219974 -0.1094198 0.0052109 -0.0194353 -0.1131831 0.0052107 -0.0162235 -0.1168134 0.0052107 -0.0131678 -0.1194569 0.0052109 -0.009815 -0.1217117 0.0052112 -0.007681 -0.1228639 0.0052116 -0.0047162 -0.1241535 0.0052121 -0.0034855 -0.123819 0.0052251 0.0116581 -0.0987732 0.005225 0.0127903 -0.100178 0.0052175 -0.0079388 -0.1039734 0.0052166 -0.008209 -0.1063505 0.0052222 -8.97e-05 -0.096985 0.0052245 0.007122 -0.0966936 0.005224 0.0053213 -0.0963894 0.0052232 0.0025848 -0.0964053 0.005219 -0.00607 -0.1010258 0.0052207 -0.0033614 -0.0985887 0.0052249 0.0097016 -0.0976071 0.0049345 -0.0066707 0.1505172 0.0044966 -0.0003257 0.1521839 0.0046075 -0.0036116 0.151754 0.0027376 -0.0032646 0.1499413 0.0049345 -0.0066707 0.1505172 0.0044966 -0.0003257 0.1521839 0.0027376 -0.0032646 0.1499413 -0.0109596 -0.0003062 0.148048 -0.0083226 -0.0032506 0.1469817 -0.0092033 -0.0048787 0.1467404 -0.0105217 -0.0066512 0.1463814 -0.0109596 -0.0003062 0.148048 -0.0083226 -0.0032506 0.1469817 -0.0108488 -0.0035921 0.1476181 -0.0092033 -0.0048787 0.1467404 -0.0105217 -0.0066512 0.1463814 0.0049384 0.0060309 0.1505628 0.0044966 -0.0003257 0.1521839 0.0046394 0.0033681 0.1516674 0.002828 0.0028287 0.1499868 0.0033596 0.003837 0.1501326 0.0049384 0.0060309 0.1505628 0.0044966 -0.0003257 0.1521839 -0.0109596 -0.0003062 0.148048 0.002828 0.0028287 0.1499868 0.0033596 0.003837 0.1501326 -0.0105179 0.0060504 0.1464269 -0.0107053 0.0045855 0.1471205 -0.00851 0.0030551 0.1469537 0.0049384 0.0060309 0.1505628 0.0061415 0.0106958 0.1460883 0.0055392 0.0089618 0.1483313 0.0035027 0.0077454 0.1471335 0.0049384 0.0060309 0.1505628 0.0061415 0.0106958 0.1460883 -0.0105179 0.0060504 0.1464269 0.0035027 0.0077454 0.1471335 -0.0093147 0.0107152 0.1419525 -0.0076204 0.0079316 0.144055 -0.0105179 0.0060504 0.1464269 -0.010071 0.0083845 0.1447679 -0.0093147 0.0107152 0.1419525 -0.0076204 0.0079316 0.144055 0.0077837 0.012419 0.1399595 0.0061415 0.0106958 0.1460883 0.0069338 0.011975 0.1431336 0.0048233 0.0107101 0.1422124 0.0077837 0.012419 0.1399595 0.0061415 0.0106958 0.1460883 -0.0093147 0.0107152 0.1419525 0.0048233 0.0107101 0.1422124 -0.0062369 0.010724 0.1392529 -0.0076725 0.0124384 0.1358236 -0.0093147 0.0107152 0.1419525 -0.0062369 0.010724 0.1392529 -0.008627 0.0118776 0.139388 -0.0076725 0.0124384 0.1358236 0.0094248 0.0107388 0.1338184 0.0089436 0.0116148 0.1356209 0.0077837 0.012419 0.1399595 0.0085279 0.012098 0.1371767 0.0063471 0.01073 0.1365179 0.0094248 0.0107388 0.1338184 0.0077837 0.012419 0.1399595 -0.0076725 0.0124384 0.1358236 0.0063471 0.01073 0.1365179 -0.0047131 0.010744 0.1335584 -0.0060314 0.0107582 0.1296825 -0.0076725 0.0124384 0.1358236 -0.0047131 0.010744 0.1335584 -0.0068229 0.0120168 0.1326464 -0.0060314 0.0107582 0.1296825 0.0094248 0.0107388 0.1338184 0.0106252 0.0061054 0.1293106 0.0101797 0.0084278 0.1309863 0.0076658 0.0077999 0.1315758 0.0094248 0.0107388 0.1338184 0.0106252 0.0061054 0.1293106 -0.0060314 0.0107582 0.1296825 0.0076658 0.0077999 0.1315758 -0.0033944 0.0078138 0.1286163 -0.0047017 0.0062314 0.1254022 -0.0060314 0.0107582 0.1296825 -0.0033944 0.0078138 0.1286163 -0.0055935 0.009592 0.1280405 -0.0047017 0.0062314 0.1254022 -0.0050016 0.0071499 0.1258169 0.0109212 0.003467 0.1281919 0.0106252 0.0061054 0.1293106 0.0110632 -0.0002397 0.127644 0.0084262 0.0027048 0.1287102 0.0106252 0.0061054 0.1293106 0.0110632 -0.0002397 0.127644 -0.0047017 0.0062314 0.1254022 0.0084262 0.0027048 0.1287102 -0.002634 0.0027187 0.1257507 -0.0043931 -0.0002202 0.1235081 -0.0047017 0.0062314 0.1254022 -0.002634 0.0027187 0.1257507 -0.0045039 0.0030658 0.123938 -0.0047334 0.00542 0.1248066 -0.0043931 -0.0002202 0.1235081 0.0106214 -0.0065962 0.1292651 0.0110632 -0.0002397 0.127644 0.01085 -0.0047306 0.1284194 -0.0043931 -0.0002202 0.1235081 0.0087837 -0.0026732 0.1284785 0.0087066 -0.0037869 0.1287625 -0.0026358 -0.0031761 0.1257296 -0.0048348 -0.0065768 0.1251292 -0.0043931 -0.0002202 0.1235081 -0.0026358 -0.0031761 0.1257296 -0.0044794 -0.0031007 0.1238172 -0.0048348 -0.0065768 0.1251292 -0.0046062 -0.0047111 0.1242836 0.0106214 -0.0065962 0.1292651 0.0094182 -0.0112611 0.1337395 0.0099399 -0.0098105 0.1317968 0.007661 -0.0083051 0.1315181 0.0106214 -0.0065962 0.1292651 0.0094182 -0.0112611 0.1337395 -0.0048348 -0.0065768 0.1251292 0.007661 -0.0083051 0.1315181 -0.0034433 -0.0081915 0.1283696 -0.0052086 -0.0085981 0.1265167 -0.006038 -0.0112416 0.1296037 -0.0040308 -0.0091609 0.1289056 0.007776 -0.0129843 0.1398684 0.0085204 -0.0126439 0.137088 0.0094182 -0.0112611 0.1337395 -0.006038 -0.0112416 0.1296037 0.0069337 -0.0112676 0.1357736 0.0064334 -0.0114683 0.1368165 -0.0047198 -0.0112559 0.1334795 -0.0076802 -0.0129648 0.1357325 -0.006038 -0.0112416 0.1296037 -0.0047198 -0.0112559 0.1334795 -0.0076802 -0.0129648 0.1357325 -0.0070421 -0.0127143 0.1333491 0.0061349 -0.0113041 0.1460094 0.0066161 -0.0121801 0.1442069 0.007776 -0.0129843 0.1398684 0.0048167 -0.0112898 0.1421336 0.0061349 -0.0113041 0.1460094 0.007776 -0.0129843 0.1398684 -0.0076802 -0.0129648 0.1357325 0.0048167 -0.0112898 0.1421336 -0.0062435 -0.0112759 0.139174 -0.0093213 -0.0112846 0.1418736 -0.0076802 -0.0129648 0.1357325 -0.0062435 -0.0112759 0.139174 -0.0082111 -0.0128045 0.1377176 -0.0093213 -0.0112846 0.1418736 -0.0089411 -0.0120068 0.1404493 0.0061349 -0.0113041 0.1460094 0.0049345 -0.0066707 0.1505172 -0.0105217 -0.0066512 0.1463814 -0.0093213 -0.0112846 0.1418736 -0.0102192 -0.0083427 0.1452432 0.0034979 -0.0083597 0.1470757 -0.0077676 -0.0088608 0.1437508 -0.0076951 -0.0082471 0.1442586 0.0061349 -0.0113041 0.1460094 0.0049345 -0.0066707 0.1505172 0.0051696 -0.0080332 0.1496324 0.0057822 -0.0103978 0.1473319 0.0034979 -0.0083597 0.1470757 -0.0023914 0.0019555 -0.0651281 -0.002392 -0.0006266 -0.0645733 -0.0023921 -0.0004859 -0.065089 -0.0023918 -0.0007324 -0.0639903 -0.0023917 -0.0008145 -0.0634919 -0.002391 0.0013824 -0.0633587 -0.002391 0.0015759 -0.0636651 -0.0023919 0.0002172 -0.0650076 -0.0023921 -0.0010118 -0.0645524 -0.0023916 -0.0005324 -0.063703 -0.0023919 -0.0001421 -0.0647441 -0.0023914 -0.0001979 -0.0632202 -0.0023915 -0.0001536 -0.0635992 -0.0023915 0.0015994 -0.0651293 -0.0023907 0.0019411 -0.0631412 -0.0026415 0.0015995 -0.0651293 -0.002641 0.0015942 -0.0636542 -0.002391 0.0015759 -0.0636651 -0.0023915 0.0015994 -0.0651293 -0.0026407 0.0018943 -0.0631433 -0.0026409 0.0014497 -0.0633107 -0.0026419 -8.12e-05 -0.0647314 -0.002391 0.0013824 -0.0633587 -0.0023919 -0.0001421 -0.0647441 -0.0023907 0.0019411 -0.0631412 -0.0026419 -0.0007301 -0.0643852 -0.0026419 -8.12e-05 -0.0647314 -0.002392 -0.0006266 -0.0645733 -0.0023919 -0.0001421 -0.0647441 -0.0026417 -0.000637 -0.0638052 -0.0026415 -0.0001535 -0.0635991 -0.0023916 -0.0005324 -0.063703 -0.0023915 -0.0001536 -0.0635992 -0.0023899 0.00194 -0.0608104 -0.0023906 0.0019472 -0.0627973 -0.0023911 -0.0007673 -0.0618277 -0.0023901 0.0015478 -0.0609164 -0.0023913 -0.0004172 -0.0627788 -0.0023911 -0.0010662 -0.0617457 -0.0023913 -0.0008817 -0.062487 -0.0023909 0.0001938 -0.0622586 -0.0023902 0.0015676 -0.0613343 -0.0023912 -0.0005313 -0.0623368 -0.0023911 0.0001039 -0.0627269 -0.0023908 -0.0005144 -0.0613549 -0.0023908 -0.000664 -0.0610303 -0.0023906 -0.0002063 -0.0608894 -0.0023907 -0.0001619 -0.0612684 -0.0023907 0.0015911 -0.0627986 -0.0026407 0.0015911 -0.0627985 -0.0026402 0.0015859 -0.0613234 -0.0023902 0.0015676 -0.0613343 -0.0023907 0.0015911 -0.0627986 -0.0026408 -0.0007478 -0.0610904 -0.0026406 -0.0002062 -0.0608893 -0.0023908 -0.000664 -0.0610303 -0.0023906 -0.0002063 -0.0608894 -0.0026413 -0.0004431 -0.0627727 -0.0026413 -0.0008971 -0.0624668 -0.0023913 -0.0004172 -0.0627788 -0.0023913 -0.0008817 -0.062487 -0.0026413 -0.0004431 -0.0627727 -0.002641 0.0003246 -0.0626061 -0.0023913 -0.0004172 -0.0627788 -0.0023911 0.0001039 -0.0627269 -0.002641 0.0003246 -0.0626061 -0.0026402 0.0015859 -0.0613234 -0.0023902 0.0015676 -0.0613343 -0.0023911 0.0001039 -0.0627269 -0.002641 8.85e-05 -0.0623275 -0.0026402 0.0013363 -0.0610577 -0.0023901 0.0015478 -0.0609164 -0.0023909 0.0001938 -0.0622586 -0.0026411 -0.0007576 -0.0619749 -0.0026409 -0.0005766 -0.0614004 -0.0023911 -0.0007673 -0.0618277 -0.0023908 -0.0005144 -0.0613549 -0.0026172 0.0016995 0.0063159 -0.0026174 0.0017008 0.0059475 -0.0023672 0.0016994 0.0063158 -0.0023674 0.0017007 0.0059475 -0.0023672 0.0016994 0.0063158 -0.0023674 0.0017007 0.0059475 -0.0023675 -0.0001437 0.0072854 -0.0023672 -0.0002095 0.0080062 -0.0023673 -7.08e-05 0.0076736 -0.0023675 -0.0001649 0.0072936 -0.0023675 -0.0001867 0.0073027 -0.0023668 0.0016947 0.0076075 -0.0023679 -0.0002183 0.0060268 -0.0023664 0.0016901 0.0088983 -0.0023675 -0.0001483 0.0072825 -0.0023677 -0.0001594 0.0064862 -0.0023675 -1.46e-05 0.0071115 -0.0023665 0.0016914 0.0085299 -0.0023669 0.0016961 0.0072391 -0.0023674 -0.0005215 0.0077991 -0.0023679 -0.0005019 0.0064121 -0.002367 1.59e-05 0.0084189 -0.002367 -0.000481 0.0088905 -0.0023671 -0.0003282 0.0085591 -0.0023671 -0.0004798 0.008559 -0.0026175 -0.0001866 0.0073028 -0.0026175 -0.0001648 0.0072937 -0.0026175 -0.0001436 0.0072855 -0.0023675 -0.0001483 0.0072825 -0.0026177 -0.0005042 0.0067941 -0.0026175 -0.0001866 0.0073028 -0.0023675 -0.0001483 0.0072825 -0.0023679 -0.0005019 0.0064121 -0.0026179 -0.0002688 0.0060558 -0.0026174 0.0017008 0.0059475 -0.0023674 0.0017007 0.0059475 -0.0023679 -0.0002183 0.0060268 -0.002617 -0.0001766 0.0085563 -0.0026174 -0.0005181 0.0077701 -0.0023674 -0.0005215 0.0077991 -0.0023671 -0.0003282 0.0085591 -0.0026174 -0.0005181 0.0077701 -0.0026175 -0.0001866 0.0073028 -0.0023675 -0.0001867 0.0073027 -0.0023674 -0.0005215 0.0077991 -0.002617 -0.0001766 0.0085563 -0.0026171 -0.0004797 0.0085591 -0.0023671 -0.0003282 0.0085591 -0.0023671 -0.0004798 0.008559 -0.0026171 -0.0004797 0.0085591 -0.002617 -0.0004809 0.0088906 -0.002367 -0.000481 0.0088905 -0.0023671 -0.0004798 0.008559 -0.002617 -0.0004809 0.0088906 -0.0026164 0.0016902 0.0088984 -0.0023664 0.0016901 0.0088983 -0.002367 -0.000481 0.0088905 -0.0026164 0.0016902 0.0088984 -0.0026165 0.0016915 0.00853 -0.0023664 0.0016901 0.0088983 -0.0023665 0.0016914 0.0085299 -0.0026173 -5.54e-05 0.0076645 -0.0026168 0.0016948 0.0076075 -0.0023673 -7.08e-05 0.0076736 -0.0023668 0.0016947 0.0076075 -0.0026173 -5.54e-05 0.0076645 -0.0026172 -0.000202 0.0080834 -0.0023672 -0.0002095 0.0080062 -0.0023673 -7.08e-05 0.0076736 -0.0026172 -0.000202 0.0080834 -0.002617 0.0001351 0.0084717 -0.0023672 -0.0002095 0.0080062 -0.002367 1.59e-05 0.0084189 -0.002617 0.0001351 0.0084717 -0.0026165 0.0016915 0.00853 -0.0023665 0.0016914 0.0085299 -0.002367 1.59e-05 0.0084189 -0.0026177 -0.0001105 0.0064245 -0.0026172 0.0016995 0.0063159 -0.0023672 0.0016994 0.0063158 -0.0023677 -0.0001594 0.0064862 -0.0026161 0.0015143 0.0099186 -0.0026162 0.0016882 0.0094609 -0.0023662 0.0016881 0.0094609 -0.0023661 0.0016532 0.0097908 -0.0023662 0.0016881 0.0094609 -0.0023664 -0.000488 0.0108491 -0.0023662 -0.0004894 0.0112175 -0.0023668 -0.000483 0.0094531 -0.0023657 0.0016707 0.0108142 -0.0023657 0.0014136 0.0111261 -0.0023659 0.0012234 0.0107899 -0.0023667 -0.0004843 0.0098215 -0.0023659 0.0014033 0.0105286 -0.0023661 0.0016532 0.0097908 -0.0023662 0.0011231 0.0098993 -0.0026162 0.0016882 0.0094609 -0.0026168 -0.000483 0.0094532 -0.0023662 0.0016881 0.0094609 -0.0023668 -0.000483 0.0094531 -0.0026167 -0.0004843 0.0098216 -0.0026168 -0.000483 0.0094532 -0.0023668 -0.000483 0.0094531 -0.0023667 -0.0004843 0.0098215 -0.0026159 0.0012771 0.0107498 -0.0026164 -0.000488 0.0108492 -0.0023664 -0.000488 0.0108491 -0.0023659 0.0012234 0.0107899 -0.0026159 0.0012771 0.0107498 -0.002616 0.0013895 0.0102263 -0.0023659 0.0012234 0.0107899 -0.0023659 0.0014033 0.0105286 -0.0026162 0.0011553 0.0099151 -0.002616 0.0013895 0.0102263 -0.0023659 0.0014033 0.0105286 -0.0023662 0.0011231 0.0098993 -0.0026162 0.0011553 0.0099151 -0.0026167 -0.0004843 0.0098216 -0.0023667 -0.0004843 0.0098215 -0.0023662 0.0011231 0.0098993 -0.0026164 -0.000488 0.0108492 -0.0026162 -0.0004893 0.0112175 -0.0023664 -0.000488 0.0108491 -0.0023662 -0.0004894 0.0112175 -0.0026158 0.001714 0.010678 -0.0026157 0.0014277 0.0111182 -0.0023657 0.0016707 0.0108142 -0.0023657 0.0014136 0.0111261 -0.0026157 0.0014277 0.0111182 -0.0026162 -0.0004893 0.0112175 -0.0023662 -0.0004894 0.0112175 -0.0023657 0.0014136 0.0111261 -0.0026153 0.0016785 0.0121524 -0.0026154 0.0016798 0.011784 -0.0023653 0.0016785 0.0121523 -0.0023654 0.0016798 0.0117839 -0.0026154 0.0016798 0.011784 -0.002616 -0.0004913 0.0117762 -0.0023654 0.0016798 0.0117839 -0.002366 -0.0004914 0.0117762 -0.0026159 -0.0004926 0.0121446 -0.002616 -0.0004913 0.0117762 -0.002366 -0.0004914 0.0117762 -0.0023659 -0.0004927 0.0121445 -0.0026159 -0.0004926 0.0121446 -0.0026153 0.0016785 0.0121524 -0.0023653 0.0016785 0.0121523 -0.0023659 -0.0004927 0.0121445 -0.0023653 0.0016785 0.0121523 -0.0023654 0.0016798 0.0117839 -0.002366 -0.0004914 0.0117762 -0.0023659 -0.0004927 0.0121445 -0.002616 -0.000904 0.0121432 -0.0026162 -0.0009026 0.0117748 -0.002366 -0.000904 0.0121431 -0.0023662 -0.0009027 0.0117747 -0.0026162 -0.0013215 0.0121417 -0.002616 -0.000904 0.0121432 -0.002366 -0.000904 0.0121431 -0.0023662 -0.0013215 0.0121416 -0.002366 -0.000904 0.0121431 -0.0023662 -0.0009027 0.0117747 -0.0023663 -0.0013202 0.0117732 -0.0023662 -0.0013215 0.0121416 -0.002615 0.0016752 0.0130711 -0.0026151 0.0016765 0.0127272 -0.0023651 0.0016764 0.0127272 -0.002365 0.0016616 0.0130709 -0.0026158 -0.0007249 0.0127186 -0.002616 -0.0013235 0.0127165 -0.0026151 0.0016765 0.0127272 -0.0023651 0.0016764 0.0127272 -0.002366 -0.0013236 0.0127164 -0.002615 0.0015007 0.0131494 -0.002615 0.0014632 0.0131186 -0.002615 0.0014825 0.013134 -0.002365 0.0014824 0.0131339 -0.0026148 0.0005876 0.0146082 -0.002615 -0.0001281 0.0144366 -0.0023647 0.0009511 0.0145684 -0.0023649 0.0001327 0.0145489 -0.0026155 -0.0003625 0.01319 -0.0026154 -0.0005421 0.0137958 -0.002615 -0.0001281 0.0144366 -0.0023653 -0.0004582 0.0140902 -0.0023654 -0.000545 0.013762 -0.0023655 -0.0003462 0.0131733 -0.0026155 -0.0003625 0.01319 -0.0026155 -0.0003462 0.0131734 -0.0026155 -0.0003288 0.0131569 -0.0023655 -0.0003462 0.0131733 -0.0023655 -0.0003288 0.0131568 -0.002615 0.0013989 0.0130739 -0.002615 0.0016752 0.0130711 -0.002365 0.0014205 0.0130879 -0.002365 0.0016616 0.0130709 -0.0026142 0.0014549 0.0153834 -0.0026143 0.0015902 0.01497 -0.0023643 0.0015901 0.0149699 -0.0023642 0.0014548 0.0153833 -0.0026143 -0.0003026 0.0166633 -0.0026148 -0.0004818 0.0153974 -0.0026145 -0.0005226 0.0162312 -0.0023645 -0.0005227 0.0162311 -0.0023648 -0.0004664 0.0153619 -0.0026148 -0.0004818 0.0153974 -0.0026148 -0.0002178 0.0151063 -0.0023648 -0.0004664 0.0153619 -0.0023648 1.99e-05 0.0150551 -0.0026143 0.0015902 0.01497 -0.0026148 -0.0002178 0.0151063 -0.0023648 1.99e-05 0.0150551 -0.0023643 0.0015901 0.0149699 -0.0026141 0.0001106 0.0168652 -0.0026143 0.0001032 0.0164917 -0.0023641 9.77e-05 0.0168627 -0.0023643 1.93e-05 0.0164625 -0.0026147 -0.0002013 0.0156262 -0.0026144 -0.0001754 0.0163017 -0.0023643 1.93e-05 0.0164625 -0.0023647 -0.0001593 0.0155517 -0.0026147 -0.0002013 0.0156262 -0.0026146 0.0002877 0.015413 -0.0023647 -0.0001593 0.0155517 -0.0023646 0.0002876 0.0154129 -0.0026141 0.000536 0.0165734 -0.0026146 0.0002877 0.015413 -0.0023646 0.0002876 0.0154129 -0.002364 0.0007018 0.0167976 -0.0026142 0.0014549 0.0153834 -0.0026142 0.001428 0.0153882 -0.0023643 0.001399 0.0153923 -0.0023642 0.0014548 0.0153833 -0.0023642 0.0014279 0.0153881 -0.0026135 0.0016598 0.0173703 -0.0026134 0.0016585 0.0177403 -0.0023634 0.0016584 0.0177402 -0.0023635 0.0016597 0.0173703 -0.0023634 0.0016584 0.0177402 -0.0023635 0.0016597 0.0173703 -0.0023639 2.33e-05 0.017774 -0.002364 -0.0003904 0.0175784 -0.0023636 -0.0002858 0.0187395 -0.0023629 0.0016534 0.01914 -0.0023636 -7.68e-05 0.018617 -0.0023637 -0.0002312 0.0183289 -0.002364 -0.0005454 0.0179289 -0.002363 0.0016547 0.0187716 -0.0023636 -0.0005177 0.0191322 -0.0023637 -0.0005165 0.0188007 -0.0026139 -0.0005577 0.0182209 -0.0026136 -0.0002621 0.018759 -0.0023636 -0.0002858 0.0187395 -0.002364 -0.0005454 0.0179289 -0.0026139 -0.0005577 0.0182209 -0.002614 -0.0004126 0.0176059 -0.002364 -0.0003904 0.0175784 -0.002364 -0.0005454 0.0179289 -0.002614 -0.0004126 0.0176059 -0.0026135 0.0016598 0.0173703 -0.0023635 0.0016597 0.0173703 -0.002364 -0.0003904 0.0175784 -0.0026136 -0.0005177 0.0191323 -0.0026129 0.0016535 0.0191401 -0.0023629 0.0016534 0.01914 -0.0023636 -0.0005177 0.0191322 -0.0026129 0.0016535 0.0191401 -0.002613 0.0016548 0.0187717 -0.0023629 0.0016534 0.01914 -0.002363 0.0016547 0.0187716 -0.0026135 0.0001388 0.0187324 -0.002613 0.0016548 0.0187717 -0.0023636 -7.68e-05 0.018617 -0.002363 0.0016547 0.0187716 -0.0026139 -0.000211 0.0179881 -0.0026135 0.0001388 0.0187324 -0.0023636 -7.68e-05 0.018617 -0.0023637 -0.0002312 0.0183289 -0.0026127 0.0014382 0.0200449 -0.0026128 0.0016266 0.0196059 -0.0023628 0.0016265 0.0196058 -0.0023627 0.0014112 0.0200496 -0.0026126 -3.64e-05 0.021494 -0.0026129 -0.0005092 0.0210057 -0.0023628 -0.0004352 0.021174 -0.0023626 8.09e-05 0.0215242 -0.0026128 0.0016266 0.0196059 -0.0026133 -0.0001982 0.0197539 -0.0023633 -0.0001983 0.0197538 -0.0023628 0.0016265 0.0196058 -0.002613 -0.00027 0.0206589 -0.0026127 6.26e-05 0.0211461 -0.0023626 8.09e-05 0.0215242 -0.0023628 -4.85e-05 0.0210993 -0.0026131 -0.000169 0.020204 -0.002613 0.0002826 0.0201093 -0.0023631 -0.0002047 0.02026 -0.002363 0.0002826 0.0201092 -0.002613 0.0002826 0.0201093 -0.0026124 0.0007004 0.0214717 -0.002363 0.0002826 0.0201092 -0.0023624 0.0006398 0.0214166 -0.0026122 0.0016217 0.0212469 -0.0026123 0.0010402 0.0215932 -0.0023622 0.0014331 0.0214821 -0.0023623 0.0010401 0.0215931 -0.0026124 0.0007004 0.0214717 -0.0026123 0.0010402 0.0215932 -0.0023623 0.0010401 0.0215931 -0.0023624 0.0006398 0.0214166 -0.0026116 0.0016398 0.0229582 -0.0026129 -0.001356 0.0217732 -0.0023616 0.0016397 0.0229581 -0.0023629 -0.0013561 0.0217731 -0.0023616 0.0016397 0.0229581 -0.0023629 -0.0013561 0.0217731 -0.0023615 0.0016383 0.0233633 -0.002362 -0.0013659 0.0245152 -0.0023617 0.0012724 0.0231475 -0.0023628 -0.0013575 0.022176 -0.0023621 -0.0013644 0.0240878 -0.0026128 -0.0013574 0.0221761 -0.0026129 -0.001356 0.0217732 -0.0023629 -0.0013561 0.0217731 -0.0023628 -0.0013575 0.022176 -0.0026116 0.0013075 0.0231577 -0.0026128 -0.0013574 0.0221761 -0.0023617 0.0012724 0.0231475 -0.0023628 -0.0013575 0.022176 -0.0026116 0.0013075 0.0231577 -0.0026121 -0.0013643 0.0240879 -0.0023617 0.0012724 0.0231475 -0.0023621 -0.0013644 0.0240878 -0.0026116 0.0016398 0.0229582 -0.0026121 -0.0013643 0.0240879 -0.0023615 0.0016383 0.0233633 -0.002362 -0.0013659 0.0245152 -0.0026109 0.000637 0.0258748 -0.0026104 0.0006312 0.0275018 -0.0023604 0.0006311 0.0275017 -0.0023609 0.0006369 0.0258747 -0.0026102 0.0015766 0.027333 -0.0026106 0.0013948 0.0261132 -0.0023605 0.0015905 0.0263887 -0.0023602 0.001622 0.027218 -0.0026102 0.0015766 0.027333 -0.0026102 0.0009878 0.027821 -0.0023602 0.001622 0.027218 -0.0023602 0.0007576 0.0278674 -0.002611 -0.0005945 0.0268569 -0.0026108 -0.0005248 0.0272642 -0.0023606 -0.0003227 0.0275679 -0.0023609 -0.0005939 0.0269041 -0.0023611 -0.0003895 0.0262434 -0.0026109 0.000637 0.0258748 -0.0026111 -8.97e-05 0.026002 -0.0023609 0.0006369 0.0258747 -0.0023611 -0.0003895 0.0262434 -0.0026104 0.0013686 0.0269302 -0.0026107 0.0009629 0.026279 -0.0023608 0.0010112 0.0258984 -0.0023605 0.0012509 0.0264707 -0.0026104 0.0006929 0.0274968 -0.0026104 0.0006312 0.0275018 -0.0026104 0.0006485 0.0275006 -0.0023604 0.0006311 0.0275017 -0.0023604 0.0006485 0.0275006 -0.0023604 0.0006929 0.0274967 -0.0023604 0.0007338 0.0274918 -0.0026098 0.0015126 0.0283131 -0.0026097 0.0016193 0.0286819 -0.0023597 0.0016192 0.0286818 -0.0023598 0.0016205 0.0283134 -0.0023597 0.0016192 0.0286818 -0.0023598 0.0016205 0.0283134 -0.0023597 -0.0002901 0.0303507 -0.0023599 -0.0003576 0.0297181 -0.0023597 -0.0001076 0.0300163 -0.0023597 -0.0005374 0.0306102 -0.0023592 0.0016146 0.0299734 -0.0023604 -0.0005111 0.0285894 -0.0023599 -0.0001154 0.0294598 -0.0023588 0.0016099 0.0312643 -0.0023589 0.0016113 0.0308959 -0.0023602 -0.0002351 0.0288445 -0.0023594 0.0016159 0.029605 -0.0023598 -0.0006017 0.030165 -0.0023595 -5.07e-05 0.0307927 -0.0023595 -0.0005612 0.0312565 -0.0023596 -0.00056 0.0309249 -0.0026098 0.0015126 0.0283131 -0.0026104 -0.0003162 0.0284022 -0.0023598 0.0016205 0.0283134 -0.0023604 -0.0005111 0.0285894 -0.0026096 -0.0004246 0.0307807 -0.0026099 -0.0005666 0.0299956 -0.0023597 -0.0005374 0.0306102 -0.0023598 -0.0006017 0.030165 -0.0023596 -0.00056 0.0309249 -0.0026099 -0.0005666 0.0299956 -0.0026099 -0.0002238 0.0296515 -0.0023599 -0.0003576 0.0297181 -0.0023598 -0.0006017 0.030165 -0.0026089 0.0016113 0.030896 -0.0026088 0.00161 0.0312643 -0.0023588 0.0016099 0.0312643 -0.0023589 0.0016113 0.0308959 -0.0026098 -0.0001937 0.0300749 -0.0026092 0.0016146 0.0299735 -0.0023597 -0.0001076 0.0300163 -0.0023592 0.0016146 0.0299734 -0.0026095 -0.0001748 0.0306873 -0.0026089 0.0016113 0.030896 -0.0023589 0.0016113 0.0308959 -0.0023595 -5.07e-05 0.0307927 -0.0026092 0.0016146 0.0299735 -0.0026094 0.0014992 0.0296047 -0.0023592 0.0016146 0.0299734 -0.0023594 0.0016159 0.029605 -0.0026102 -4.65e-05 0.0287054 -0.0026097 0.0016193 0.0286819 -0.0023597 0.0016192 0.0286818 -0.0023602 -0.0002351 0.0288445 -0.0026099 1.43e-05 0.0295418 -0.0026094 0.0014992 0.0296047 -0.0023599 -0.0001154 0.0294598 -0.0023594 0.0016159 0.029605 -0.0026083 -0.0002315 0.0343032 -0.0026086 -0.0005027 0.0338047 -0.0023584 -0.0001633 0.0339333 -0.0023582 -5.47e-05 0.0345178 -0.0023584 -0.0001633 0.0339333 -0.0023585 -0.000614 0.0342595 -0.0023586 -0.0005347 0.0338607 -0.0023575 0.0015966 0.0349956 -0.0023577 0.0015979 0.0346272 -0.0023582 -0.0002457 0.034649 -0.0023582 -5.47e-05 0.0345178 -0.0023582 -0.0005746 0.0349878 -0.0023583 -0.0004095 0.0346518 -0.0023583 -0.0005734 0.0346517 -0.0026083 -0.0004094 0.0346519 -0.0026082 -0.0002456 0.0346491 -0.0023582 -0.0002457 0.034649 -0.0026083 -0.0005733 0.0346518 -0.0026086 -0.0005027 0.0338047 -0.0023585 -0.000614 0.0342595 -0.0023586 -0.0005347 0.0338607 -0.0026083 -0.0004094 0.0346519 -0.0026083 -0.0005733 0.0346518 -0.0023582 -0.0002457 0.034649 -0.0023583 -0.0004095 0.0346518 -0.0023583 -0.0005734 0.0346517 -0.0026083 -0.0005733 0.0346518 -0.0026082 -0.0005745 0.0349879 -0.0023582 -0.0005746 0.0349878 -0.0023583 -0.0005734 0.0346517 -0.0026082 -0.0005745 0.0349879 -0.0026075 0.0015966 0.0349957 -0.0023575 0.0015966 0.0349956 -0.0023582 -0.0005746 0.0349878 -0.0026075 0.0015966 0.0349957 -0.0026077 0.0015979 0.0346273 -0.0023575 0.0015966 0.0349956 -0.0023577 0.0015979 0.0346272 -0.0026081 0.000224 0.0346065 -0.0026077 0.0015979 0.0346273 -0.0023577 0.0015979 0.0346272 -0.0023582 -5.47e-05 0.0345178 -0.0026074 0.0015947 0.0355398 -0.0026072 0.0015934 0.0359097 -0.0023572 0.0015933 0.0359097 -0.0023574 0.0015946 0.0355397 -0.0023572 0.0015933 0.0359097 -0.0023574 0.0015946 0.0355397 -0.0023577 -0.0005758 0.0365933 -0.0023579 -0.0002387 0.035596 -0.0023575 -0.0003337 0.0369388 -0.0023577 -0.000116 0.0359758 -0.0023575 -0.0001407 0.0367792 -0.0023568 0.0015882 0.0373141 -0.0023579 -0.0005992 0.0360463 -0.0023569 0.0015896 0.0369457 -0.0023577 -0.0014117 0.0373033 -0.0023578 -0.0014104 0.036935 -0.0026075 -0.0003336 0.0369389 -0.0026079 -0.0005991 0.0360463 -0.0023577 -0.0005758 0.0365933 -0.0023579 -0.0005992 0.0360463 -0.0026079 -0.0005991 0.0360463 -0.0026079 -0.0002763 0.0356108 -0.0023579 -0.0002387 0.035596 -0.0023579 -0.0005992 0.0360463 -0.0026074 0.0015947 0.0355398 -0.0026079 -0.0002763 0.0356108 -0.0023574 0.0015946 0.0355397 -0.0023579 -0.0002387 0.035596 -0.0026078 -0.0014103 0.036935 -0.0026075 -0.0006061 0.0369379 -0.0023575 -0.0003337 0.0369388 -0.0023578 -0.0014104 0.036935 -0.0026078 -0.0014103 0.036935 -0.0026077 -0.0014117 0.0373034 -0.0023577 -0.0014117 0.0373033 -0.0023578 -0.0014104 0.036935 -0.0026076 -0.0002633 0.0365968 -0.0026077 -0.0001835 0.0360244 -0.0023577 -0.000116 0.0359758 -0.0023575 -0.0001407 0.0367792 -0.0026074 -6.34e-05 0.0368399 -0.0026069 0.0015896 0.0369458 -0.0023575 -0.0001407 0.0367792 -0.0023569 0.0015896 0.0369457 -0.0026077 -0.0001835 0.0360244 -0.0026072 0.0015934 0.0359097 -0.0023572 0.0015933 0.0359097 -0.0023577 -0.000116 0.0359758 -0.0026069 0.0006351 0.0377551 -0.0026066 0.0012438 0.0380597 -0.0023567 0.0011236 0.0379668 -0.0023569 0.000635 0.037755 -0.0023564 0.0015521 0.0385133 -0.0023567 0.0011236 0.0379668 -0.0023569 0.000635 0.037755 -0.0023573 -0.0006412 0.0378174 -0.0023571 -0.0005268 0.0382 -0.002356 0.0012142 0.0400345 -0.0023561 0.0005325 0.0403538 -0.0023569 -0.0011078 0.0392306 -0.0023562 0.0007372 0.0398795 -0.002357 -0.0014358 0.0393266 -0.0023564 0.0015521 0.0385133 -0.0023562 0.0012132 0.0394274 -0.0023565 0.0010931 0.0384452 -0.0023566 -0.0007206 0.0397975 -0.0023561 0.0015879 0.039415 -0.0023571 -0.0010339 0.0385836 -0.0023565 -0.0007475 0.0402313 -0.0023572 -0.0014508 0.0387478 -0.0023568 0.0005895 0.0381634 -0.0026069 0.0006351 0.0377551 -0.0026068 0.0005896 0.0381635 -0.0023569 0.000635 0.037755 -0.0023568 0.0005895 0.0381634 -0.0026071 -0.0009979 0.0385254 -0.0026071 -0.0006731 0.0382588 -0.0023571 -0.0005268 0.0382 -0.0023571 -0.0010339 0.0385836 -0.0026071 -0.0009979 0.0385254 -0.0026069 -0.0010932 0.0392943 -0.0023569 -0.0011078 0.0392306 -0.0023571 -0.0010339 0.0385836 -0.0026062 0.001285 0.0391677 -0.0026065 0.0011531 0.0385213 -0.0023562 0.0012132 0.0394274 -0.0023565 0.0010931 0.0384452 -0.0026065 0.0011531 0.0385213 -0.0026068 0.0005896 0.0381635 -0.0023565 0.0010931 0.0384452 -0.0023568 0.0005895 0.0381634 -0.0026062 0.0016333 0.0389568 -0.0026062 -0.0001286 0.0403954 -0.002356 0.0012142 0.0400345 -0.0023561 0.0005325 0.0403538 -0.0026066 -0.0009949 0.0400678 -0.0026073 -0.0012701 0.0382739 -0.002607 -0.0014533 0.039226 -0.002357 -0.0014358 0.0393266 -0.0023565 -0.0007475 0.0402313 -0.0023572 -0.0014508 0.0387478 -0.0025833 0.0009817 0.1071958 -0.0025826 0.0009722 0.1090952 -0.0023332 0.0013377 0.107197 -0.0023325 0.0012269 0.1091761 -0.0023332 0.0013377 0.107197 -0.0023336 -0.0013738 0.1082133 -0.0023329 0.0007395 0.1084779 -0.0023339 -0.0010781 0.1072283 -0.0023328 0.000572 0.1087973 -0.0023329 0.0007795 0.1085173 -0.0023337 -0.0012193 0.107724 -0.0023328 0.0008145 0.1085498 -0.0023328 0.0008454 0.1085769 -0.0023336 -0.0002501 0.1074125 -0.0023328 0.0008729 0.1085995 -0.0023328 0.0008975 0.1086186 -0.0023328 0.0009197 0.1086347 -0.0023325 0.0012269 0.1091761 -0.0023334 -0.0011862 0.1085938 -0.0023338 -0.0016385 0.1078026 -0.0023335 -0.0015186 0.1087233 -0.0023336 -0.0007398 0.1075844 -0.0023332 -0.0009612 0.109084 -0.0023333 -0.0008344 0.1087235 -0.0023333 0.0009816 0.1071957 -0.0025833 0.0009817 0.1071958 -0.0025828 0.0009198 0.1086347 -0.0023328 0.0009197 0.1086347 -0.0023333 0.0009816 0.1071957 -0.0025833 -0.0012506 0.1089777 -0.0025836 -0.0016143 0.1085342 -0.0023335 -0.0015186 0.1087233 -0.0023332 -0.0009612 0.109084 -0.0025839 -0.0015511 0.1075949 -0.0025839 -0.001128 0.1072444 -0.0023339 -0.0010781 0.1072283 -0.0023338 -0.0016385 0.1078026 -0.0025839 -0.001128 0.1072444 -0.0025834 -4.5e-06 0.1076269 -0.0023339 -0.0010781 0.1072283 -0.0023336 -0.0002501 0.1074125 -0.0025829 0.0006935 0.1084297 -0.0025834 -4.5e-06 0.1076269 -0.0023329 0.0007395 0.1084779 -0.0023336 -0.0002501 0.1074125 -0.0025829 0.0007795 0.1085174 -0.0025829 0.0007396 0.1084779 -0.0025829 0.0006935 0.1084297 -0.0023329 0.0007395 0.1084779 -0.0023329 0.0007795 0.1085173 -0.0025828 0.0008146 0.1085499 -0.0025829 0.0007795 0.1085174 -0.0023329 0.0007795 0.1085173 -0.0023328 0.0008145 0.1085498 -0.0025828 0.0009198 0.1086347 -0.0025828 0.0008976 0.1086186 -0.0025828 0.000873 0.1085996 -0.0025828 0.0008455 0.108577 -0.0025828 0.0008146 0.1085499 -0.0023328 0.0008145 0.1085498 -0.0023328 0.0008454 0.1085769 -0.0023328 0.0008729 0.1085995 -0.0023328 0.0008975 0.1086186 -0.0023328 0.0009197 0.1086347 -0.0025835 -0.0012421 0.1085358 -0.0025833 -0.0012506 0.1089777 -0.0023332 -0.0009612 0.109084 -0.0023333 -0.0008344 0.1087235 -0.0025835 -0.0004702 0.1076976 -0.0025826 0.0009722 0.1090952 -0.0023328 0.000572 0.1087973 -0.0023325 0.0012269 0.1091761 -0.0023336 -0.0007398 0.1075844 -0.0025835 -0.0012421 0.1085358 -0.0025837 -0.0010319 0.1076026 -0.0023336 -0.0013738 0.1082133 -0.0023337 -0.0012193 0.107724 -0.0025818 0.0009301 0.1114088 -0.0025826 0.0009722 0.1090952 -0.0023324 0.0013293 0.1095278 -0.0023317 0.0013149 0.1115146 -0.0023324 0.0013293 0.1095278 -0.0023329 -0.0013855 0.1104724 -0.0023331 -0.001061 0.1095522 -0.0023321 0.0007311 0.1108086 -0.0023318 0.0010271 0.111454 -0.0023321 0.0007711 0.1108481 -0.0023329 -0.0010254 0.1099283 -0.0023327 -0.0015102 0.1110783 -0.0023328 -0.0005536 0.1099844 -0.0023331 -0.0016285 0.1100749 -0.0023329 -0.00058 0.1095734 -0.0023325 -0.0008125 0.1110559 -0.0023324 -0.0008241 0.1114356 -0.0023325 0.0009732 0.1095265 -0.0023317 0.0013149 0.1115146 -0.002583 -0.0016625 0.1101977 -0.0025831 -0.00123 0.1096161 -0.0023331 -0.001061 0.1095522 -0.0023331 -0.0016285 0.1100749 -0.0025831 -0.00123 0.1096161 -0.0025829 -0.0004801 0.1096129 -0.0023331 -0.001061 0.1095522 -0.0023329 -0.00058 0.1095734 -0.0025821 0.0007312 0.1108087 -0.0025829 -0.0004801 0.1096129 -0.0023321 0.0007311 0.1108086 -0.0023329 -0.00058 0.1095734 -0.0025821 0.0007712 0.1108481 -0.0025821 0.0007312 0.1108087 -0.0023321 0.0007311 0.1108086 -0.0023321 0.0007711 0.1108481 -0.0025828 -0.0006867 0.1099301 -0.0025818 0.0009301 0.1114088 -0.0023318 0.0010271 0.111454 -0.0023328 -0.0005536 0.1099844 -0.0025829 -0.0011884 0.1100182 -0.0025828 -0.0006867 0.1099301 -0.0023329 -0.0010254 0.1099283 -0.0023328 -0.0005536 0.1099844 -0.0025828 -0.0013585 0.1106656 -0.0025825 -0.0007797 0.1110567 -0.0023329 -0.0013855 0.1104724 -0.0023325 -0.0008125 0.1110559 -0.0026083 0.0004066 0.0337131 -0.0026082 0.0011539 0.033589 -0.0023582 0.0009578 0.0336642 -0.0023582 0.0014067 0.033387 -0.002609 -0.0006119 0.0327944 -0.0026087 -0.0003516 0.0334045 -0.0023589 -0.0005829 0.0329773 -0.0023586 -0.000274 0.0334795 -0.002609 -0.0006119 0.0327944 -0.0026091 -0.0004867 0.0321766 -0.0023589 -0.0005829 0.0329773 -0.0023591 -0.0003965 0.0320444 -0.0026091 -0.0004867 0.0321766 -0.0026091 9.31e-05 0.0317284 -0.0023591 -0.0003965 0.0320444 -0.0023591 0.0002655 0.0316936 -0.0026089 0.0009419 0.0317322 -0.0026091 9.31e-05 0.0317284 -0.0023591 0.0002655 0.0316936 -0.0023588 0.00108 0.0317773 -0.0023641 9.77e-05 0.0168627 -0.0023645 -0.0005227 0.0162311 -0.0023648 -0.0004664 0.0153619 -0.0023648 1.99e-05 0.0150551 -0.0023643 0.0015901 0.0149699 -0.0023643 1.93e-05 0.0164625 -0.0023647 -0.0001593 0.0155517 -0.0023646 0.0002876 0.0154129 -0.0023638 0.0016476 0.0165646 -0.0023638 0.0012619 0.016911 -0.002364 0.0007018 0.0167976 -0.0023643 0.001399 0.0153923 -0.0023642 0.0014548 0.0153833 -0.0023642 0.0014279 0.0153881 -0.0023645 0.0006075 0.0155105 -0.0023645 0.0005841 0.0154336 -0.0023645 0.0005777 0.0154139 -0.002364 0.0009168 0.0164975 -0.0023639 0.001342 0.0164081 -0.0023643 0.0011673 0.015532 -0.0023645 0.0006218 0.0154141 -0.0023645 0.0006626 0.0154143 -0.0023645 0.0007002 0.0154144 -0.0023639 0.001342 0.0164081 -0.0023643 0.0011673 0.015532 -0.0026139 0.0013889 0.016323 -0.0026142 0.0013117 0.0156932 -0.0023643 0.0011673 0.015532 -0.0023645 0.0007002 0.0154144 -0.0026142 0.0013117 0.0156932 -0.0026145 0.0007002 0.0154145 -0.0023645 0.0005777 0.0154139 -0.0023645 0.0006218 0.0154141 -0.0023645 0.0006626 0.0154143 -0.0023645 0.0007002 0.0154144 -0.0026145 0.0007002 0.0154145 -0.0026145 0.0006626 0.0154143 -0.0026145 0.0006219 0.0154142 -0.0026145 0.0005778 0.015414 -0.0023645 0.0006075 0.0155105 -0.0023645 0.0005841 0.0154336 -0.0023645 0.0005777 0.0154139 -0.0026145 0.0005778 0.015414 -0.0026145 0.0005842 0.0154337 -0.0023645 0.0006075 0.0155105 -0.002364 0.0009168 0.0164975 -0.0026145 0.0005842 0.0154337 -0.0026141 0.0008172 0.016399 -0.0026139 0.0013889 0.016323 -0.0026142 0.0013117 0.0156932 -0.0026145 0.0007002 0.0154145 -0.0026145 0.0006626 0.0154143 -0.0026145 0.0006219 0.0154142 -0.0026145 0.0005778 0.015414 -0.0026145 0.0005842 0.0154337 -0.0026141 0.0008172 0.016399 -0.002614 0.0010674 0.0165392 -0.0023628 -0.0004352 0.021174 -0.0023632 -0.0005216 0.0201252 -0.0023633 -0.0001983 0.0197538 -0.0023628 0.0016265 0.0196058 -0.0023626 8.09e-05 0.0215242 -0.0023628 -4.85e-05 0.0210993 -0.0023631 -0.0002047 0.02026 -0.002363 0.0002826 0.0201092 -0.0023623 0.0016952 0.0207626 -0.0023622 0.0014331 0.0214821 -0.0023623 0.0010401 0.0215931 -0.0023624 0.0006398 0.0214166 -0.0023627 0.0014112 0.0200496 -0.0023629 0.0005908 0.020172 -0.0023629 0.0005674 0.0200951 -0.0023629 0.000561 0.0200755 -0.0023626 0.0007471 0.0209458 -0.0023624 0.0012162 0.0211647 -0.0023626 0.0013205 0.0203992 -0.0023627 0.0011078 0.0201663 -0.0023624 0.0012162 0.0211647 -0.0023626 0.0013205 0.0203992 -0.0026125 0.0013888 0.0205835 -0.0026123 0.0013016 0.0210979 -0.0023626 0.0013205 0.0203992 -0.0023627 0.0011078 0.0201663 -0.0026125 0.0013888 0.0205835 -0.0026127 0.0010919 0.0201577 -0.0023629 0.000561 0.0200755 -0.0023627 0.0011078 0.0201663 -0.0026127 0.0010919 0.0201577 -0.0026129 0.0005675 0.0200952 -0.0023629 0.000561 0.0200755 -0.0026129 0.0005611 0.0200756 -0.0026129 0.0005675 0.0200952 -0.0023629 0.0005908 0.020172 -0.0023626 0.0007471 0.0209458 -0.0026129 0.0005675 0.0200952 -0.0026125 0.0008628 0.0211324 -0.0023629 0.0005908 0.020172 -0.0023629 0.0005674 0.0200951 -0.0023629 0.000561 0.0200755 -0.0026129 0.0005675 0.0200952 -0.0026125 0.0013888 0.0205835 -0.0026127 0.0010919 0.0201577 -0.0026129 0.0005675 0.0200952 -0.0026125 0.0008628 0.0211324 -0.0026123 0.0013016 0.0210979 -0.0023651 0.0016764 0.0127272 -0.002366 -0.0013236 0.0127164 -0.0023659 -0.0013249 0.0130848 -0.002365 0.0014205 0.0130879 -0.002365 0.0014425 0.0131032 -0.002365 0.0014631 0.0131185 -0.002365 0.0014824 0.0131339 -0.002365 0.0015177 0.0131649 -0.002365 0.0015339 0.0131805 -0.002365 0.0015491 0.0131963 -0.0023647 0.0016751 0.0139701 -0.0023647 0.0009511 0.0145684 -0.0023649 0.0001327 0.0145489 -0.0023653 -0.0004582 0.0140902 -0.0023654 -0.000545 0.013762 -0.0023655 -0.0003462 0.0131733 -0.0023655 -0.0003288 0.0131568 -0.002365 0.0016616 0.0130709 -0.0023654 0.0002893 0.0130909 -0.0023653 -0.0002171 0.0138374 -0.0023654 -0.0001634 0.0133577 -0.0023649 0.0013997 0.0134852 -0.0023648 0.0012189 0.0140521 -0.0023651 0.0010876 0.0131429 -0.002365 0.0002342 0.0141898 -0.0023649 0.0013997 0.0134852 -0.0023648 0.0012189 0.0140521 -0.0026148 0.0010924 0.0141323 -0.0026149 0.0014169 0.0135655 -0.0023649 0.0013997 0.0134852 -0.0023651 0.0010876 0.0131429 -0.0026149 0.0014169 0.0135655 -0.0026151 0.0010656 0.0131333 -0.0023654 0.0002893 0.0130909 -0.0023651 0.0010876 0.0131429 -0.0026151 0.0010656 0.0131333 -0.0026153 0.0004123 0.0130704 -0.0023654 0.0002893 0.0130909 -0.0023654 -0.0001634 0.0133577 -0.0026153 0.0004123 0.0130704 -0.0026154 -0.0002232 0.013485 -0.0023653 -0.0002171 0.0138374 -0.0023654 -0.0001634 0.0133577 -0.0026154 -0.0002232 0.013485 -0.0026152 -0.0001794 0.013919 -0.0026148 0.0010924 0.0141323 -0.0026149 0.0014169 0.0135655 -0.0026151 0.0010656 0.0131333 -0.0026153 0.0004123 0.0130704 -0.0026154 -0.0002232 0.013485 -0.0026152 -0.0001794 0.013919 -0.0023582 0.0009578 0.0336642 -0.0023589 -0.0005829 0.0329773 -0.0023591 -0.0003965 0.0320444 -0.0023586 -0.000274 0.0334795 -0.0023591 0.0002655 0.0316936 -0.0023588 0.00108 0.0317773 -0.0023584 0.0016418 0.0325203 -0.0023582 0.0014067 0.033387 -0.0023584 0.0007005 0.0333301 -0.0023589 -0.0003026 0.0328276 -0.002359 0.0001269 0.0321087 -0.0023585 0.0012867 0.0324067 -0.0023583 0.0013267 0.0328832 -0.0023587 0.0009194 0.0321195 -0.0023586 9.08e-05 0.0332722 -0.0023589 -0.0003026 0.0328276 -0.0023586 9.08e-05 0.0332722 -0.0026085 0.0003469 0.0333304 -0.0026088 -0.0002938 0.0328654 -0.0023584 0.0007005 0.0333301 -0.0023586 9.08e-05 0.0332722 -0.0026085 0.0003469 0.0333304 -0.0026083 0.0010468 0.0332263 -0.0023584 0.0007005 0.0333301 -0.0023583 0.0013267 0.0328832 -0.0026083 0.0010468 0.0332263 -0.0026083 0.0012545 0.0330337 -0.0023585 0.0012867 0.0324067 -0.0023583 0.0013267 0.0328832 -0.0026083 0.0012545 0.0330337 -0.0026085 0.0012612 0.0323638 -0.0026085 0.0003469 0.0333304 -0.0026083 0.0010468 0.0332263 -0.0026083 0.0012545 0.0330337 -0.0026085 0.0012612 0.0323638 -0.0026089 0.0003963 0.0320596 -0.002609 -0.000223 0.0323747 -0.0026088 -0.0002938 0.0328654 -0.0023604 0.0006311 0.0275017 -0.0023609 0.0006369 0.0258747 -0.0023608 0.0010112 0.0258984 -0.0023605 0.0015905 0.0263887 -0.0023602 0.001622 0.027218 -0.0023602 0.0007576 0.0278674 -0.0023606 -0.0003227 0.0275679 -0.0023609 -0.0005939 0.0269041 -0.0023611 -0.0003895 0.0262434 -0.0023604 0.0006485 0.0275006 -0.0023604 0.0006929 0.0274967 -0.0023604 0.0007338 0.0274918 -0.0023603 0.0013615 0.026974 -0.0023605 0.0012509 0.0264707 -0.0023609 0.0003069 0.0262539 -0.0023609 0.0003324 0.026252 -0.0023609 0.0002709 0.0262576 -0.0023609 0.0002378 0.026262 -0.0023609 0.0002074 0.0262671 -0.0023609 -0.0002575 0.0266501 -0.0023606 -5.31e-05 0.0273419 -0.0023605 0.000328 0.0274799 -0.0023605 0.0002969 0.0274763 -0.0023609 0.0003069 0.0262539 -0.0023609 0.0003324 0.026252 -0.0023609 0.0002709 0.0262576 -0.0023609 0.0002378 0.026262 -0.0023609 0.0002074 0.0262671 -0.0026109 0.000307 0.026254 -0.0026109 0.0003325 0.0262521 -0.0026109 0.0002709 0.0262577 -0.0026109 0.0002379 0.0262621 -0.0026109 0.0002075 0.0262671 -0.0023609 0.0003324 0.026252 -0.0023605 0.000328 0.0274799 -0.0026109 0.0003325 0.0262521 -0.0026105 0.0003281 0.02748 -0.0023606 -5.31e-05 0.0273419 -0.0023605 0.0002969 0.0274763 -0.0026108 -0.0002709 0.0270343 -0.0026105 0.0002969 0.0274764 -0.0023605 0.000328 0.0274799 -0.0023605 0.0002969 0.0274763 -0.0026105 0.0003281 0.02748 -0.0026105 0.0002969 0.0274764 -0.0026109 0.000307 0.026254 -0.0026109 0.0003325 0.0262521 -0.0026109 0.0002709 0.0262577 -0.0026109 0.0002379 0.0262621 -0.0026109 0.0002075 0.0262671 -0.0026105 0.0003281 0.02748 -0.0026108 -0.0002709 0.0270343 -0.0026105 0.0002969 0.0274764 -0.0026194 -0.0085607 0.0091429 -0.0025855 -0.0089199 0.1093192 -0.0026325 -0.0087607 -0.0658407 -0.0026307 -0.0126646 -0.0775555 -0.0025272 0.0090485 0.1202739 -0.0026053 0.0088456 0.0352938 -0.0026058 0.008851 0.0337922 -0.0026077 0.0088713 0.0281238 -0.0026099 0.0088943 0.021716 -0.0026107 0.0089026 0.0193921 -0.0026114 0.0089106 0.0171784 -0.0026122 0.0089191 0.0147973 -0.0026133 0.0089308 0.0115307 -0.0026141 0.0089391 0.0092057 -0.0026361 0.0092711 -0.0601427 -0.0026389 0.0110173 -0.069843 -0.0026227 0.0016038 0.1200226 -0.0026475 -0.0072873 -0.0750474 -0.0026464 -0.0043947 -0.0742198 -0.0026451 -0.0006825 -0.0736234 -0.0026439 0.003076 -0.0735231 -0.0026429 0.0068148 -0.0739206 -0.0026421 0.0104682 -0.0748089 -0.002617 -0.0007122 0.0091711 -0.0026162 -0.0013215 0.0121417 -0.002616 -0.000904 0.0121432 -0.0026162 -0.0009026 0.0117748 -0.0026106 -0.00078 0.0280892 -0.002583 -0.0016625 0.1101977 -0.0025831 -0.00123 0.1096161 -0.0025835 -0.0012421 0.1085358 -0.0025837 -0.0010319 0.1076026 -0.0025833 -0.0012506 0.1089777 -0.0025836 -0.0016143 0.1085342 -0.0025839 -0.0015511 0.1075949 -0.0025839 -0.001128 0.1072444 -0.0026066 -0.0009949 0.0400678 -0.0026073 -0.0012701 0.0382739 -0.0026073 -0.0006411 0.0378175 -0.0026071 -0.0009979 0.0385254 -0.0026069 -0.0010932 0.0392943 -0.0026071 -0.0006731 0.0382588 -0.0026078 -0.0014103 0.036935 -0.0026077 -0.0014117 0.0373034 -0.0026075 -0.0006061 0.0369379 -0.0026075 -0.0003336 0.0369389 -0.002609 -0.0006119 0.0327944 -0.0026116 0.0016398 0.0229582 -0.0026116 0.0013075 0.0231577 -0.0026128 -0.0013574 0.0221761 -0.0026121 -0.0013643 0.0240879 -0.0026129 -0.001356 0.0217732 -0.0026158 -0.0007249 0.0127186 -0.0026155 -0.0003625 0.01319 -0.0026155 -0.0003462 0.0131734 -0.0026155 -0.0003288 0.0131569 -0.002615 -0.0005265 0.0147635 -0.0026154 -0.0005421 0.0137958 -0.002616 -0.0013235 0.0127165 -0.002607 -0.0014533 0.039226 -0.0025825 0.0009733 0.1095266 -0.002582 0.0009114 0.1109655 -0.0025821 0.0007712 0.1108481 -0.0025821 0.0007312 0.1108087 -0.0025829 -0.0004801 0.1096129 -0.0025818 0.0009301 0.1114088 -0.0025833 0.0009817 0.1071958 -0.0025828 0.0009198 0.1086347 -0.0025828 0.0008976 0.1086186 -0.0025828 0.000873 0.1085996 -0.0025828 0.0008455 0.108577 -0.0025828 0.0008146 0.1085499 -0.0025829 0.0007795 0.1085174 -0.0025829 0.0007396 0.1084779 -0.0025829 0.0006935 0.1084297 -0.0025834 -4.5e-06 0.1076269 -0.0025835 -0.0004702 0.1076976 -0.0025826 0.0009722 0.1090952 -0.0026062 0.0016333 0.0389568 -0.0026069 0.0006351 0.0377551 -0.0026061 0.0009479 0.0397594 -0.0026062 0.001285 0.0391677 -0.0026065 0.0011531 0.0385213 -0.0026066 0.0012438 0.0380597 -0.0026062 -0.0001286 0.0403954 -0.0026063 0.0001078 0.0399914 -0.0026068 0.0005896 0.0381635 -0.0026074 -6.34e-05 0.0368399 -0.0026076 -0.0002633 0.0365968 -0.0026074 0.0015947 0.0355398 -0.0026077 -0.0001835 0.0360244 -0.0026079 -0.0005991 0.0360463 -0.0026079 -0.0002763 0.0356108 -0.0026069 0.0015896 0.0369458 -0.0026072 0.0015934 0.0359097 -0.0026083 -0.0005733 0.0346518 -0.0026083 -0.0002315 0.0343032 -0.0026081 0.000224 0.0346065 -0.0026082 -0.0005745 0.0349879 -0.0026075 0.0015966 0.0349957 -0.0026077 0.0015979 0.0346273 -0.0026086 -0.0005027 0.0338047 -0.0026083 0.0004066 0.0337131 -0.0026089 0.0009419 0.0317322 -0.0026083 0.0016458 0.0328564 -0.0026085 0.0014945 0.0321348 -0.0026087 -0.0003516 0.0334045 -0.0026091 -0.0004867 0.0321766 -0.0026082 0.0011539 0.033589 -0.0026091 9.31e-05 0.0317284 -0.0026126 -3.64e-05 0.021494 -0.0026127 0.0014382 0.0200449 -0.0026131 -0.000169 0.020204 -0.0026128 0.0016266 0.0196059 -0.0026122 0.0016217 0.0212469 -0.002613 0.0002826 0.0201093 -0.0026124 0.0007004 0.0214717 -0.002613 -0.00027 0.0206589 -0.0026123 0.0010402 0.0215932 -0.0026129 -0.0005092 0.0210057 -0.0026127 6.26e-05 0.0211461 -0.0026133 -0.0001982 0.0197539 -0.002615 0.0013989 0.0130739 -0.002615 0.0014206 0.013088 -0.002615 0.0014426 0.0131033 -0.002615 0.0015007 0.0131494 -0.002615 0.0014632 0.0131186 -0.002615 0.0014825 0.013134 -0.002615 0.0015492 0.0131963 -0.002615 0.0016752 0.0130711 -0.002615 0.0015178 0.0131649 -0.002615 0.001534 0.0131806 -0.0026148 0.0005876 0.0146082 -0.0026146 0.0014088 0.0143416 -0.002615 -0.0001281 0.0144366 -0.0026151 0.0016765 0.0127272 -0.0026159 -0.0004926 0.0121446 -0.0026153 0.0016785 0.0121524 -0.0026154 0.0016798 0.011784 -0.002616 -0.0004913 0.0117762 -0.0026162 0.0011553 0.0099151 -0.0026159 0.0012771 0.0107498 -0.002616 0.0013895 0.0102263 -0.0026161 0.0015143 0.0099186 -0.0026164 -0.000488 0.0108492 -0.0026158 0.001714 0.010678 -0.0026157 0.0014277 0.0111182 -0.0026162 -0.0004893 0.0112175 -0.0026167 -0.0004843 0.0098216 -0.0026162 0.0016882 0.0094609 -0.0026168 -0.000483 0.0094532 -0.0026417 -0.000637 -0.0638052 -0.0026419 -0.0007301 -0.0643852 -0.0026421 -0.0009585 -0.064684 -0.002642 -0.0002664 -0.0651273 -0.0026411 -0.0007576 -0.0619749 -0.0026409 -0.0005766 -0.0614004 -0.0026408 -0.0007478 -0.0610904 -0.0026416 -0.0006775 -0.0633752 -0.0026413 -0.0004431 -0.0627727 -0.0026413 -0.0008971 -0.0624668 -0.0026418 -0.0010171 -0.0638534 -0.0026407 0.0015911 -0.0627985 -0.0026415 0.0015995 -0.0651293 -0.0026415 -0.0001535 -0.0635991 -0.002641 8.85e-05 -0.0623275 -0.0026406 -0.0002062 -0.0608893 -0.0026407 0.0018943 -0.0631433 -0.0026402 0.0013363 -0.0610577 -0.002641 0.0003246 -0.0626061 -0.0026409 0.0014497 -0.0633107 -0.0026402 0.0015859 -0.0613234 -0.002641 0.0015942 -0.0636542 -0.0026419 -8.12e-05 -0.0647314 -0.002617 -0.0001766 0.0085563 -0.0026174 7.77e-05 0.0071683 -0.0026171 -0.0004797 0.0085591 -0.0026173 -5.54e-05 0.0076645 -0.0026176 -0.0001592 0.006922 -0.0026177 -0.0001105 0.0064245 -0.0026172 -0.000202 0.0080834 -0.002617 0.0001351 0.0084717 -0.0026172 0.0016995 0.0063159 -0.0026179 -0.0002688 0.0060558 -0.0026168 0.0016948 0.0076075 -0.0026174 0.0017008 0.0059475 -0.002617 -0.0004809 0.0088906 -0.0026164 0.0016902 0.0088984 -0.0026165 0.0016915 0.00853 -0.0026177 -0.0005042 0.0067941 -0.0026174 -0.0005181 0.0077701 -0.0026175 -0.0001866 0.0073028 -0.0026142 -0.0005351 0.0171445 -0.0026141 0.0001106 0.0168652 -0.0026142 0.0014549 0.0153834 -0.0026143 0.0015902 0.01497 -0.0026139 0.0009507 0.0169187 -0.0026138 0.001535 0.0167427 -0.0026143 -0.0003026 0.0166633 -0.0026148 -0.0004818 0.0153974 -0.0026141 0.000536 0.0165734 -0.0026147 -0.0002013 0.0156262 -0.0026144 -0.0001754 0.0163017 -0.0026146 0.0002877 0.015413 -0.0026143 0.0001032 0.0164917 -0.0026148 -0.0002178 0.0151063 -0.0026145 -0.0005226 0.0162312 -0.0026139 -0.0005577 0.0182209 -0.0026139 -0.000211 0.0179881 -0.0026136 -0.0002621 0.018759 -0.002614 -0.0004126 0.0176059 -0.0026135 0.0001388 0.0187324 -0.0026135 0.0016598 0.0173703 -0.0026134 0.0016585 0.0177403 -0.0026136 -0.0005177 0.0191323 -0.0026129 0.0016535 0.0191401 -0.002613 0.0016548 0.0187717 -0.002611 -0.0005945 0.0268569 -0.0026104 0.0013686 0.0269302 -0.0026105 5.58e-05 0.0277986 -0.0026102 0.0015766 0.027333 -0.0026107 0.0009629 0.026279 -0.0026106 0.0013948 0.0261132 -0.0026103 0.0011931 0.0272874 -0.0026108 -0.0005248 0.0272642 -0.0026102 0.0009878 0.027821 -0.0026104 0.0006929 0.0274968 -0.0026109 0.000637 0.0258748 -0.0026104 0.0006312 0.0275018 -0.0026104 0.0006485 0.0275006 -0.0026111 -8.97e-05 0.026002 -0.0026095 -0.0001748 0.0306873 -0.0026099 1.43e-05 0.0295418 -0.0026101 -0.0002714 0.0291936 -0.0026096 -0.0005599 0.030925 -0.0026103 -0.0005195 0.0286045 -0.0026098 -0.0001937 0.0300749 -0.0026096 -0.0004246 0.0307807 -0.0026098 0.0015126 0.0283131 -0.0026102 -4.65e-05 0.0287054 -0.0026104 -0.0003162 0.0284022 -0.0026089 0.0016113 0.030896 -0.0026092 0.0016146 0.0299735 -0.0026097 0.0016193 0.0286819 -0.0026094 0.0014992 0.0296047 -0.0026088 0.00161 0.0312643 -0.0026102 -0.0005971 0.0290801 -0.0026099 -0.0005666 0.0299956 -0.0026099 -0.0002238 0.0296515 0.002669 -0.0094139 0.1231272 0.0026694 -0.0066482 0.1217188 0.00267 -0.0033652 0.1207696 0.0026708 -0.0004783 0.1204891 0.0026731 0.0059736 0.1216678 0.0026518 0.0089268 0.1207508 0.0026071 0.0068133 -0.0739223 0.0026079 0.0104667 -0.0748107 0.0026039 -0.0036607 -0.074063 0.0025997 0.0095036 -0.0617804 0.0025883 0.0107395 -0.0682081 0.0026084 0.0139705 -0.0761742 0.0033526 -0.008774 0.153492 0.003482 -0.01083 0.1521943 0.0034431 -0.0114953 0.1516947 0.0029685 -0.0054834 0.154943 0.0027681 -0.0043392 0.1553031 0.0026059 -0.0035618 0.1555025 0.0029685 -0.0054834 0.154943 0.0026059 -0.0035618 0.1555025 0.0024681 -0.0031717 0.1555945 0.0029046 -0.0081534 0.1539398 0.0024681 -0.0031717 0.1555945 0.0024678 -0.0051618 0.1551491 0.0033526 -0.008774 0.153492 0.003482 -0.01083 0.1521943 0.0034431 -0.0114953 0.1516947 0.0108295 0.0073459 0.1254307 0.0102366 0.0091815 0.1261834 0.0097573 0.0108265 0.1273077 0.0029269 -0.0007377 0.1556765 0.0027621 -0.0031479 0.1555303 0.0027681 -0.0043392 0.1553031 -0.0001525 0.0087075 0.1530956 -0.0024626 0.0084394 0.1528479 -0.0041364 0.0084557 0.1524255 0.0025883 0.0107395 -0.0682081 0.0026084 0.0139705 -0.0761742 0.002472 0.0153164 -0.0768476 -0.0099989 0.0089605 0.1497698 -0.0105609 0.0078275 0.1501207 -0.0109133 0.0063233 0.1506432 -0.0026708 -0.0016157 0.1199925 -0.0028814 -0.0039845 0.1203928 -0.0025808 -0.0061787 0.1208918 -0.002616 -0.0004913 0.0117762 -0.0026164 -0.000488 0.0108492 -0.0026162 -0.0004893 0.0112175 -0.0026415 0.0015995 -0.0651293 -0.0026407 0.0018943 -0.0631433 -0.0023907 0.0019411 -0.0631412 -0.0026415 0.0015995 -0.0651293 -0.0023914 0.0019555 -0.0651281 -0.0023907 0.0019411 -0.0631412 -0.0026415 0.0015995 -0.0651293 -0.0023914 0.0019555 -0.0651281 -0.0023915 0.0015994 -0.0651293 -0.0026416 -0.0006775 -0.0633752 -0.0026418 -0.0010171 -0.0638534 -0.0023917 -0.0008145 -0.0634919 -0.0026421 -0.0009585 -0.064684 -0.0026418 -0.0010171 -0.0638534 -0.0023921 -0.0010118 -0.0645524 -0.0026421 -0.0009585 -0.064684 -0.002642 -0.0002664 -0.0651273 -0.0023921 -0.0004859 -0.065089 -0.002642 -0.0002664 -0.0651273 -0.002641 0.0015942 -0.0636542 -0.0023919 0.0002172 -0.0650076 -0.002641 0.0015942 -0.0636542 -0.002391 0.0015759 -0.0636651 -0.0023919 0.0002172 -0.0650076 -0.002642 -0.0002664 -0.0651273 -0.0023921 -0.0004859 -0.065089 -0.0023919 0.0002172 -0.0650076 -0.0026421 -0.0009585 -0.064684 -0.0023921 -0.0004859 -0.065089 -0.0023921 -0.0010118 -0.0645524 -0.0026418 -0.0010171 -0.0638534 -0.0023917 -0.0008145 -0.0634919 -0.0023921 -0.0010118 -0.0645524 -0.0026416 -0.0006775 -0.0633752 -0.0023917 -0.0008145 -0.0634919 -0.0023914 -0.0001979 -0.0632202 -0.0026416 -0.0006775 -0.0633752 -0.0026415 -0.0001535 -0.0635991 -0.0023914 -0.0001979 -0.0632202 -0.0026415 -0.0001535 -0.0635991 -0.0023914 -0.0001979 -0.0632202 -0.0023915 -0.0001536 -0.0635992 -0.0026417 -0.000637 -0.0638052 -0.0026419 -0.0007301 -0.0643852 -0.0023918 -0.0007324 -0.0639903 -0.0026417 -0.000637 -0.0638052 -0.0023918 -0.0007324 -0.0639903 -0.0023916 -0.0005324 -0.063703 -0.0026419 -0.0007301 -0.0643852 -0.002392 -0.0006266 -0.0645733 -0.0023918 -0.0007324 -0.0639903 -0.0026407 0.0018943 -0.0631433 -0.0026402 0.0013363 -0.0610577 -0.0023899 0.00194 -0.0608104 -0.0026407 0.0018943 -0.0631433 -0.0023899 0.00194 -0.0608104 -0.0023906 0.0019472 -0.0627973 -0.0026407 0.0015911 -0.0627985 -0.0026407 0.0018943 -0.0631433 -0.0023906 0.0019472 -0.0627973 -0.0026407 0.0015911 -0.0627985 -0.0023906 0.0019472 -0.0627973 -0.0023907 0.0015911 -0.0627986 -0.0026408 -0.0007478 -0.0610904 -0.0026413 -0.0008971 -0.0624668 -0.0023913 -0.0008817 -0.062487 -0.0026408 -0.0007478 -0.0610904 -0.0023911 -0.0010662 -0.0617457 -0.0023913 -0.0008817 -0.062487 -0.0026408 -0.0007478 -0.0610904 -0.0023911 -0.0010662 -0.0617457 -0.0023908 -0.000664 -0.0610303 -0.0026409 -0.0005766 -0.0614004 -0.0026406 -0.0002062 -0.0608893 -0.0023906 -0.0002063 -0.0608894 -0.0026409 -0.0005766 -0.0614004 -0.0023906 -0.0002063 -0.0608894 -0.0023907 -0.0001619 -0.0612684 -0.0026411 -0.0007576 -0.0619749 -0.002641 8.85e-05 -0.0623275 -0.0023912 -0.0005313 -0.0623368 -0.0026409 -0.0005766 -0.0614004 -0.0023908 -0.0005144 -0.0613549 -0.0023907 -0.0001619 -0.0612684 -0.0026411 -0.0007576 -0.0619749 -0.0023911 -0.0007673 -0.0618277 -0.0023912 -0.0005313 -0.0623368 -0.002641 8.85e-05 -0.0623275 -0.0023909 0.0001938 -0.0622586 -0.0023912 -0.0005313 -0.0623368 -0.0026402 0.0013363 -0.0610577 -0.0023899 0.00194 -0.0608104 -0.0023901 0.0015478 -0.0609164 -0.0026179 -0.0002688 0.0060558 -0.0026177 -0.0005042 0.0067941 -0.0023679 -0.0005019 0.0064121 -0.0026179 -0.0002688 0.0060558 -0.0023679 -0.0002183 0.0060268 -0.0023679 -0.0005019 0.0064121 -0.0026175 -0.0001436 0.0072855 -0.0023675 -0.0001437 0.0072854 -0.0023675 -0.0001483 0.0072825 -0.0026175 -0.0001866 0.0073028 -0.0026175 -0.0001648 0.0072937 -0.0023675 -0.0001649 0.0072936 -0.0026175 -0.0001648 0.0072937 -0.0026175 -0.0001436 0.0072855 -0.0023675 -0.0001437 0.0072854 -0.0026175 -0.0001648 0.0072937 -0.0023675 -0.0001437 0.0072854 -0.0023675 -0.0001649 0.0072936 -0.0026175 -0.0001866 0.0073028 -0.0023675 -0.0001649 0.0072936 -0.0023675 -0.0001867 0.0073027 -0.0026168 0.0016948 0.0076075 -0.0023668 0.0016947 0.0076075 -0.0023669 0.0016961 0.0072391 -0.0026176 -0.0001592 0.006922 -0.0026177 -0.0001105 0.0064245 -0.0023675 -1.46e-05 0.0071115 -0.0026174 7.77e-05 0.0071683 -0.0026176 -0.0001592 0.006922 -0.0023675 -1.46e-05 0.0071115 -0.0026174 7.77e-05 0.0071683 -0.0026168 0.0016948 0.0076075 -0.0023669 0.0016961 0.0072391 -0.0026174 7.77e-05 0.0071683 -0.0023675 -1.46e-05 0.0071115 -0.0023669 0.0016961 0.0072391 -0.0026177 -0.0001105 0.0064245 -0.0023677 -0.0001594 0.0064862 -0.0023675 -1.46e-05 0.0071115 -0.0026161 0.0015143 0.0099186 -0.0026158 0.001714 0.010678 -0.0023661 0.0016532 0.0097908 -0.0026158 0.001714 0.010678 -0.0023657 0.0016707 0.0108142 -0.0023661 0.0016532 0.0097908 -0.0026162 -0.0013215 0.0121417 -0.0026162 -0.0009026 0.0117748 -0.0023662 -0.0009027 0.0117747 -0.0026162 -0.0013215 0.0121417 -0.0023662 -0.0009027 0.0117747 -0.0023663 -0.0013202 0.0117732 -0.0026162 -0.0013215 0.0121417 -0.0023663 -0.0013202 0.0117732 -0.0023662 -0.0013215 0.0121416 -0.002616 -0.0013235 0.0127165 -0.002366 -0.0013236 0.0127164 -0.0023659 -0.0013249 0.0130848 -0.0026155 -0.0003288 0.0131569 -0.002616 -0.0013235 0.0127165 -0.0023659 -0.0013249 0.0130848 -0.0026155 -0.0003288 0.0131569 -0.0023659 -0.0013249 0.0130848 -0.0023655 -0.0003288 0.0131568 -0.002615 0.0013989 0.0130739 -0.002615 0.0014206 0.013088 -0.002365 0.0014205 0.0130879 -0.002615 0.0014206 0.013088 -0.002615 0.0014426 0.0131033 -0.002365 0.0014425 0.0131032 -0.002615 0.0014426 0.0131033 -0.002615 0.0014632 0.0131186 -0.002365 0.0014631 0.0131185 -0.002615 0.0015007 0.0131494 -0.002615 0.0015178 0.0131649 -0.002365 0.0015177 0.0131649 -0.002615 0.0015178 0.0131649 -0.002615 0.001534 0.0131806 -0.002365 0.0015339 0.0131805 -0.002615 0.0015492 0.0131963 -0.002615 0.001534 0.0131806 -0.002365 0.0015491 0.0131963 -0.002615 0.0015492 0.0131963 -0.0026146 0.0014088 0.0143416 -0.002365 0.0015491 0.0131963 -0.0026148 0.0005876 0.0146082 -0.0026146 0.0014088 0.0143416 -0.0023647 0.0009511 0.0145684 -0.002615 -0.0001281 0.0144366 -0.0023649 0.0001327 0.0145489 -0.0023653 -0.0004582 0.0140902 -0.0026146 0.0014088 0.0143416 -0.0023647 0.0016751 0.0139701 -0.0023647 0.0009511 0.0145684 -0.0026146 0.0014088 0.0143416 -0.002365 0.0015491 0.0131963 -0.0023647 0.0016751 0.0139701 -0.002615 0.001534 0.0131806 -0.002365 0.0015339 0.0131805 -0.002365 0.0015491 0.0131963 -0.002615 0.0015178 0.0131649 -0.002365 0.0015177 0.0131649 -0.002365 0.0015339 0.0131805 -0.002615 0.0015007 0.0131494 -0.002365 0.0014824 0.0131339 -0.002365 0.0015177 0.0131649 -0.002615 0.0014632 0.0131186 -0.002365 0.0014631 0.0131185 -0.002365 0.0014824 0.0131339 -0.002615 0.0014426 0.0131033 -0.002365 0.0014425 0.0131032 -0.002365 0.0014631 0.0131185 -0.002615 0.0014206 0.013088 -0.002365 0.0014205 0.0130879 -0.002365 0.0014425 0.0131032 -0.0026141 0.0001106 0.0168652 -0.0026143 -0.0003026 0.0166633 -0.0023641 9.77e-05 0.0168627 -0.0026143 -0.0003026 0.0166633 -0.0023641 9.77e-05 0.0168627 -0.0023645 -0.0005227 0.0162311 -0.0026144 -0.0001754 0.0163017 -0.0026143 0.0001032 0.0164917 -0.0023643 1.93e-05 0.0164625 -0.0026142 0.0014549 0.0153834 -0.0026138 0.001535 0.0167427 -0.0023643 0.001399 0.0153923 -0.0026139 0.0009507 0.0169187 -0.0026138 0.001535 0.0167427 -0.0023638 0.0012619 0.016911 -0.0026139 0.0009507 0.0169187 -0.0026141 0.000536 0.0165734 -0.002364 0.0007018 0.0167976 -0.0026139 0.0009507 0.0169187 -0.0023638 0.0012619 0.016911 -0.002364 0.0007018 0.0167976 -0.0026138 0.001535 0.0167427 -0.0023638 0.0016476 0.0165646 -0.0023638 0.0012619 0.016911 -0.0026138 0.001535 0.0167427 -0.0023638 0.0016476 0.0165646 -0.0023643 0.001399 0.0153923 -0.0026136 -0.0002621 0.018759 -0.0023636 -0.0002858 0.0187395 -0.0023637 -0.0005165 0.0188007 -0.0026136 -0.0002621 0.018759 -0.0026136 -0.0005177 0.0191323 -0.0023637 -0.0005165 0.0188007 -0.0026136 -0.0005177 0.0191323 -0.0023636 -0.0005177 0.0191322 -0.0023637 -0.0005165 0.0188007 -0.0026139 -0.000211 0.0179881 -0.0026134 0.0016585 0.0177403 -0.0023639 2.33e-05 0.017774 -0.0026139 -0.000211 0.0179881 -0.0023639 2.33e-05 0.017774 -0.0023637 -0.0002312 0.0183289 -0.0026134 0.0016585 0.0177403 -0.0023634 0.0016584 0.0177402 -0.0023639 2.33e-05 0.017774 -0.0026129 -0.0005092 0.0210057 -0.0026133 -0.0001982 0.0197539 -0.0023632 -0.0005216 0.0201252 -0.0026133 -0.0001982 0.0197539 -0.0023632 -0.0005216 0.0201252 -0.0023633 -0.0001983 0.0197538 -0.0026129 -0.0005092 0.0210057 -0.0023628 -0.0004352 0.021174 -0.0023632 -0.0005216 0.0201252 -0.0026126 -3.64e-05 0.021494 -0.0026127 6.26e-05 0.0211461 -0.0023626 8.09e-05 0.0215242 -0.0026131 -0.000169 0.020204 -0.002613 -0.00027 0.0206589 -0.0023631 -0.0002047 0.02026 -0.002613 -0.00027 0.0206589 -0.0023628 -4.85e-05 0.0210993 -0.0023631 -0.0002047 0.02026 -0.0026127 0.0014382 0.0200449 -0.0026122 0.0016217 0.0212469 -0.0023623 0.0016952 0.0207626 -0.0026122 0.0016217 0.0212469 -0.0023623 0.0016952 0.0207626 -0.0023622 0.0014331 0.0214821 -0.0026127 0.0014382 0.0200449 -0.0023623 0.0016952 0.0207626 -0.0023627 0.0014112 0.0200496 -0.0026121 -0.0013643 0.0240879 -0.002362 -0.0013659 0.0245152 -0.0023621 -0.0013644 0.0240878 -0.0026116 0.0016398 0.0229582 -0.0023616 0.0016397 0.0229581 -0.0023615 0.0016383 0.0233633 -0.0026105 5.58e-05 0.0277986 -0.0026102 0.0009878 0.027821 -0.0023606 -0.0003227 0.0275679 -0.0026105 5.58e-05 0.0277986 -0.0026108 -0.0005248 0.0272642 -0.0023606 -0.0003227 0.0275679 -0.002611 -0.0005945 0.0268569 -0.0026111 -8.97e-05 0.026002 -0.0023611 -0.0003895 0.0262434 -0.0026102 0.0009878 0.027821 -0.0023602 0.0007576 0.0278674 -0.0023606 -0.0003227 0.0275679 -0.0026106 0.0013948 0.0261132 -0.0023608 0.0010112 0.0258984 -0.0023605 0.0015905 0.0263887 -0.0026107 0.0009629 0.026279 -0.0026106 0.0013948 0.0261132 -0.0023608 0.0010112 0.0258984 -0.0026103 0.0011931 0.0272874 -0.0026104 0.0006929 0.0274968 -0.0023604 0.0007338 0.0274918 -0.0026104 0.0013686 0.0269302 -0.0026103 0.0011931 0.0272874 -0.0023603 0.0013615 0.026974 -0.0026104 0.0013686 0.0269302 -0.0023603 0.0013615 0.026974 -0.0023605 0.0012509 0.0264707 -0.0026103 0.0011931 0.0272874 -0.0023604 0.0007338 0.0274918 -0.0023603 0.0013615 0.026974 -0.0026102 -0.0005971 0.0290801 -0.0026099 -0.0002238 0.0296515 -0.0023599 -0.0003576 0.0297181 -0.0026103 -0.0005195 0.0286045 -0.0026102 -0.0005971 0.0290801 -0.0023604 -0.0005111 0.0285894 -0.0026103 -0.0005195 0.0286045 -0.0026104 -0.0003162 0.0284022 -0.0023604 -0.0005111 0.0285894 -0.0026102 -0.0005971 0.0290801 -0.0023599 -0.0003576 0.0297181 -0.0023604 -0.0005111 0.0285894 -0.0026096 -0.0005599 0.030925 -0.0026096 -0.0004246 0.0307807 -0.0023596 -0.00056 0.0309249 -0.0026096 -0.0005599 0.030925 -0.0023595 -0.0005612 0.0312565 -0.0023596 -0.00056 0.0309249 -0.0026096 -0.0005599 0.030925 -0.0026088 0.00161 0.0312643 -0.0023595 -0.0005612 0.0312565 -0.0026088 0.00161 0.0312643 -0.0023588 0.0016099 0.0312643 -0.0023595 -0.0005612 0.0312565 -0.0026095 -0.0001748 0.0306873 -0.0026098 -0.0001937 0.0300749 -0.0023597 -0.0002901 0.0303507 -0.0026095 -0.0001748 0.0306873 -0.0023597 -0.0002901 0.0303507 -0.0023595 -5.07e-05 0.0307927 -0.0026098 -0.0001937 0.0300749 -0.0023597 -0.0002901 0.0303507 -0.0023597 -0.0001076 0.0300163 -0.0026101 -0.0002714 0.0291936 -0.0026102 -4.65e-05 0.0287054 -0.0023599 -0.0001154 0.0294598 -0.0026099 1.43e-05 0.0295418 -0.0026101 -0.0002714 0.0291936 -0.0023599 -0.0001154 0.0294598 -0.0026102 -4.65e-05 0.0287054 -0.0023599 -0.0001154 0.0294598 -0.0023602 -0.0002351 0.0288445 -0.0026086 -0.0005027 0.0338047 -0.0023584 -0.0001633 0.0339333 -0.0023586 -0.0005347 0.0338607 -0.0026083 -0.0004094 0.0346519 -0.0026083 -0.0005733 0.0346518 -0.0023585 -0.000614 0.0342595 -0.0026083 -0.0004094 0.0346519 -0.0023585 -0.000614 0.0342595 -0.0023582 -0.0002457 0.034649 -0.0026083 -0.0002315 0.0343032 -0.0026081 0.000224 0.0346065 -0.0023582 -5.47e-05 0.0345178 -0.0026075 -0.0003336 0.0369389 -0.0023577 -0.0005758 0.0365933 -0.0023575 -0.0003337 0.0369388 -0.0026075 -0.0006061 0.0369379 -0.0026075 -0.0003336 0.0369389 -0.0023575 -0.0003337 0.0369388 -0.0026077 -0.0014117 0.0373034 -0.0023568 0.0015882 0.0373141 -0.0023577 -0.0014117 0.0373033 -0.0026077 -0.0014117 0.0373034 -0.0026069 0.0015896 0.0369458 -0.0023568 0.0015882 0.0373141 -0.0026069 0.0015896 0.0369458 -0.0023568 0.0015882 0.0373141 -0.0023569 0.0015896 0.0369457 -0.0026074 -6.34e-05 0.0368399 -0.0026076 -0.0002633 0.0365968 -0.0023575 -0.0001407 0.0367792 -0.0026069 -0.0010932 0.0392943 -0.0026063 0.0001078 0.0399914 -0.0023566 -0.0007206 0.0397975 -0.0026061 0.0009479 0.0397594 -0.0026063 0.0001078 0.0399914 -0.0023562 0.0007372 0.0398795 -0.0026061 0.0009479 0.0397594 -0.0026062 0.001285 0.0391677 -0.0023562 0.0012132 0.0394274 -0.0026061 0.0009479 0.0397594 -0.0023562 0.0007372 0.0398795 -0.0023562 0.0012132 0.0394274 -0.0026063 0.0001078 0.0399914 -0.0023562 0.0007372 0.0398795 -0.0023566 -0.0007206 0.0397975 -0.0026069 -0.0010932 0.0392943 -0.0023569 -0.0011078 0.0392306 -0.0023566 -0.0007206 0.0397975 -0.0026073 -0.0006411 0.0378175 -0.0026071 -0.0006731 0.0382588 -0.0023571 -0.0005268 0.0382 -0.0026073 -0.0006411 0.0378175 -0.0023573 -0.0006412 0.0378174 -0.0023571 -0.0005268 0.0382 -0.0026062 0.0016333 0.0389568 -0.0026066 0.0012438 0.0380597 -0.0023564 0.0015521 0.0385133 -0.0026066 -0.0009949 0.0400678 -0.0026062 -0.0001286 0.0403954 -0.0023565 -0.0007475 0.0402313 -0.0026073 -0.0012701 0.0382739 -0.0026073 -0.0006411 0.0378175 -0.0023573 -0.0006412 0.0378174 -0.0026073 -0.0012701 0.0382739 -0.0023573 -0.0006412 0.0378174 -0.0023572 -0.0014508 0.0387478 -0.0026062 -0.0001286 0.0403954 -0.0023561 0.0005325 0.0403538 -0.0023565 -0.0007475 0.0402313 -0.0026062 0.0016333 0.0389568 -0.002356 0.0012142 0.0400345 -0.0023561 0.0015879 0.039415 -0.0026062 0.0016333 0.0389568 -0.0023564 0.0015521 0.0385133 -0.0023561 0.0015879 0.039415 -0.0025833 0.0009817 0.1071958 -0.0023332 0.0013377 0.107197 -0.0023333 0.0009816 0.1071957 -0.0025836 -0.0016143 0.1085342 -0.0025839 -0.0015511 0.1075949 -0.0023338 -0.0016385 0.1078026 -0.0025836 -0.0016143 0.1085342 -0.0023338 -0.0016385 0.1078026 -0.0023335 -0.0015186 0.1087233 -0.0025837 -0.0010319 0.1076026 -0.0025835 -0.0004702 0.1076976 -0.0023336 -0.0007398 0.1075844 -0.0025835 -0.0012421 0.1085358 -0.0023334 -0.0011862 0.1085938 -0.0023333 -0.0008344 0.1087235 -0.0025835 -0.0012421 0.1085358 -0.0023336 -0.0013738 0.1082133 -0.0023334 -0.0011862 0.1085938 -0.0025837 -0.0010319 0.1076026 -0.0023337 -0.0012193 0.107724 -0.0023336 -0.0007398 0.1075844 -0.0025825 0.0009733 0.1095266 -0.0025826 0.0009722 0.1090952 -0.0023324 0.0013293 0.1095278 -0.0025825 0.0009733 0.1095266 -0.0023324 0.0013293 0.1095278 -0.0023325 0.0009732 0.1095265 -0.0025825 0.0009733 0.1095266 -0.002582 0.0009114 0.1109655 -0.0023325 0.0009732 0.1095265 -0.002582 0.0009114 0.1109655 -0.0023321 0.0007711 0.1108481 -0.0023325 0.0009732 0.1095265 -0.0025825 -0.0012109 0.1113342 -0.002583 -0.0016625 0.1101977 -0.0023327 -0.0015102 0.1110783 -0.002582 0.0009114 0.1109655 -0.0025821 0.0007712 0.1108481 -0.0023321 0.0007711 0.1108481 -0.002583 -0.0016625 0.1101977 -0.0023327 -0.0015102 0.1110783 -0.0023331 -0.0016285 0.1100749 -0.0025825 -0.0012109 0.1113342 -0.0023327 -0.0015102 0.1110783 -0.0023324 -0.0008241 0.1114356 -0.0025825 -0.0012109 0.1113342 -0.0025825 -0.0007797 0.1110567 -0.0023324 -0.0008241 0.1114356 -0.0025825 -0.0007797 0.1110567 -0.0023325 -0.0008125 0.1110559 -0.0023324 -0.0008241 0.1114356 -0.0025829 -0.0011884 0.1100182 -0.0025828 -0.0013585 0.1106656 -0.0023329 -0.0013855 0.1104724 -0.0025829 -0.0011884 0.1100182 -0.0023329 -0.0013855 0.1104724 -0.0023329 -0.0010254 0.1099283 -0.0025818 0.0009301 0.1114088 -0.0023318 0.0010271 0.111454 -0.0023317 0.0013149 0.1115146 -0.0026083 0.0004066 0.0337131 -0.0026087 -0.0003516 0.0334045 -0.0023586 -0.000274 0.0334795 -0.0026083 0.0004066 0.0337131 -0.0023582 0.0009578 0.0336642 -0.0023586 -0.000274 0.0334795 -0.0026089 0.0009419 0.0317322 -0.0026085 0.0014945 0.0321348 -0.0023588 0.00108 0.0317773 -0.0026083 0.0016458 0.0328564 -0.0026085 0.0014945 0.0321348 -0.0023584 0.0016418 0.0325203 -0.0026083 0.0016458 0.0328564 -0.0026082 0.0011539 0.033589 -0.0023582 0.0014067 0.033387 -0.0026083 0.0016458 0.0328564 -0.0023584 0.0016418 0.0325203 -0.0023582 0.0014067 0.033387 -0.0026085 0.0014945 0.0321348 -0.0023588 0.00108 0.0317773 -0.0023584 0.0016418 0.0325203 -0.002364 0.0009168 0.0164975 -0.0026141 0.0008172 0.016399 -0.002614 0.0010674 0.0165392 -0.0023639 0.001342 0.0164081 -0.0026139 0.0013889 0.016323 -0.002614 0.0010674 0.0165392 -0.002364 0.0009168 0.0164975 -0.0023639 0.001342 0.0164081 -0.002614 0.0010674 0.0165392 -0.0023624 0.0012162 0.0211647 -0.0026125 0.0008628 0.0211324 -0.0026123 0.0013016 0.0210979 -0.0023626 0.0007471 0.0209458 -0.0023624 0.0012162 0.0211647 -0.0026125 0.0008628 0.0211324 -0.002365 0.0002342 0.0141898 -0.0026148 0.0010924 0.0141323 -0.0026152 -0.0001794 0.013919 -0.0023648 0.0012189 0.0140521 -0.002365 0.0002342 0.0141898 -0.0026148 0.0010924 0.0141323 -0.0023653 -0.0002171 0.0138374 -0.002365 0.0002342 0.0141898 -0.0026152 -0.0001794 0.013919 -0.0023587 0.0009194 0.0321195 -0.0026085 0.0012612 0.0323638 -0.0026089 0.0003963 0.0320596 -0.0023585 0.0012867 0.0324067 -0.0023587 0.0009194 0.0321195 -0.0026085 0.0012612 0.0323638 -0.002359 0.0001269 0.0321087 -0.0026089 0.0003963 0.0320596 -0.002609 -0.000223 0.0323747 -0.0023589 -0.0003026 0.0328276 -0.002609 -0.000223 0.0323747 -0.0026088 -0.0002938 0.0328654 -0.0023589 -0.0003026 0.0328276 -0.002359 0.0001269 0.0321087 -0.002609 -0.000223 0.0323747 -0.002359 0.0001269 0.0321087 -0.0023587 0.0009194 0.0321195 -0.0026089 0.0003963 0.0320596 -0.0023609 -0.0002575 0.0266501 -0.0026109 0.0002075 0.0262671 -0.0026108 -0.0002709 0.0270343 -0.0023609 0.0002074 0.0262671 -0.0023609 -0.0002575 0.0266501 -0.0026109 0.0002075 0.0262671 -0.0023609 -0.0002575 0.0266501 -0.0023606 -5.31e-05 0.0273419 -0.0026108 -0.0002709 0.0270343</float_array>
          <technique_common>
            <accessor count="2866" source="#g0_chrome-pos-array" stride="3">
              <param type="float" name="X"/>
              <param type="float" name="Y"/>
              <param type="float" name="Z"/>
            </accessor>
          </technique_common>
        </source>
        <source id="g0_chrome-nrm">
          <float_array count="8598" id="g0_chrome-nrm-array">0.95383 -0.17879 0.24135 0.99902 -0.02285 0.03796 0.93335 -0.20205 0.29671 0.88118 0.10702 0.4605 0.99278 0.112 0.04292 0.99246 -0.11846 0.03142 0.97204 -0.20937 0.10633 0.85323 -0.0015 0.52153 0.87074 0.1923 0.45258 0.95809 0.22055 0.18283 0.91418 0.23193 0.33238 0.82989 -0.13089 0.54235 0.96974 0.23774 0.05559 0.84429 -0.26918 0.46337 0.97887 0.1951 -0.06119 0.99486 0.04567 -0.0904 0.80504 0.25039 0.53779 0.90896 0.31924 0.26809 0.94553 0.31543 0.08049 0.97431 -0.22516 0.00554 0.91644 -0.37899 0.12851 0.84417 -0.34687 0.40872 0.70656 0.06753 0.70442 0.78486 -0.22995 0.57543 0.89169 0.42429 0.15769 0.96948 -0.13398 -0.20532 0.69935 -0.08565 0.70963 0.76748 0.46399 0.44238 0.93813 -0.29451 -0.18212 0.8139 -0.51844 0.26227 0.90929 0.37086 -0.18881 0.66596 0.45522 0.59099 0.62986 0.19096 0.75287 0.6463 0.27537 0.71166 0.84751 -0.46771 -0.25094 0.78818 -0.59903 0.14121 0.73249 0.58191 0.35332 0.78736 0.59839 0.14827 0.91119 0.25677 -0.32219 0.8244 -0.56118 -0.0738 0.66863 -0.62757 0.39886 0.44227 0.29631 0.84652 0.65841 0.63454 0.40479 0.67989 0.70468 0.20291 0.79892 0.60067 -0.03027 0.89971 -0.05204 -0.43337 0.82631 -0.52092 -0.21413 0.55488 0.60578 0.57022 0.78003 0.59492 -0.19399 0.83441 -0.32842 -0.44261 0.56006 -0.44892 0.69628 0.80535 -0.27222 -0.5266 0.63093 -0.69962 0.33534 0.46116 0.44946 0.76506 0.50961 0.68129 0.52549 0.77564 0.56406 -0.28323 0.74582 0.46811 -0.47395 0.74633 0.17996 -0.64079 0.57129 -0.5973 0.5629 0.47296 -0.01505 0.88096 0.61013 0.79101 -0.04524 0.71801 -0.48117 -0.50293 0.67507 -0.73541 -0.05875 0.50653 -0.70621 0.49467 0.48672 -0.2064 0.84883 0.35335 -0.43118 0.8302 0.42933 -0.27136 0.86142 0.34734 0.58364 0.73398 0.49549 0.82823 0.26176 0.65609 0.41783 -0.62847 0.74808 0.24097 -0.61831 0.53993 -0.81604 0.2063 0.01772 -0.07359 0.99713 0.30794 0.17051 0.936 0.67331 0.58769 -0.44864 0.43633 -0.13422 0.88972 0.55741 0.81843 -0.13949 0.51255 0.79915 -0.3141 0.58155 -0.7264 -0.36625 0.48348 0.87527 0.01238 0.70658 0.09562 -0.70114 0.31073 -0.64679 0.6965 0.28631 -0.15734 0.94513 0.62565 -0.13535 -0.76827 0.26656 -0.86265 0.42987 0.21239 0.04338 0.97622 0.3044 0.871 0.38561 0.40865 -0.91262 -0.01143 0.39778 -0.91255 0.09495 0.20321 -0.79253 0.57499 0.14728 -0.41793 0.89646 0.19295 -0.2617 0.94566 0.12958 -0.16142 0.97834 0.47063 0.75212 -0.46132 0.53159 -0.62621 -0.57032 0.17037 -0.63313 0.75506 0.09359 -0.15113 0.98407 0.36062 0.92828 0.09078 0.37547 0.53736 -0.75516 0.62143 0.00338 -0.78346 0.50707 -0.69461 -0.51029 0.26739 -0.91126 0.31322 0.11153 -0.28837 0.951 -0.02589 0.02477 0.99936 0.11873 0.42102 0.89925 0.20936 0.85684 0.47115 0.56254 -0.30232 -0.76951 0.4594 -0.80488 -0.37565 0.44967 -0.84414 -0.29193 0.37128 -0.91013 -0.18391 0.2754 0.9142 0.29731 0.25224 0.95231 0.17171 0.53121 0.25459 -0.80808 0.23129 -0.95529 0.18417 0.02419 0.26682 0.96344 0.16302 0.72024 0.6743 0.21701 0.77995 0.58702 0.44221 0.63526 -0.63317 0.51982 -0.45834 -0.72091 0.09368 -0.57948 0.80959 -0.00888 -0.09248 0.99567 0.07626 0.56229 0.82342 0.2679 0.96111 -0.06706 0.32298 0.91324 -0.24836 0.09887 -0.75787 0.64487 0.42137 -0.23836 -0.875 0.38316 -0.54475 -0.74595 -0.08612 0.21364 0.97311 0.21857 0.9568 -0.19174 0.03624 0.87273 0.48686 0.12823 0.99118 0.0335 0.31797 0.64553 -0.6944 0.36645 0.46757 -0.80442 0.39234 -0.03478 -0.91916 -0.07039 -0.54507 0.83543 -0.11237 -0.24927 0.96189 -0.0288 0.77219 0.63474 -0.04777 0.75534 0.65359 0.04345 0.94471 0.32503 0.22531 0.90886 -0.35102 0.37289 0.31115 -0.87415 0.39663 0.19409 -0.89723 0.41612 -0.2503 -0.87418 0.2812 -0.75857 -0.58779 0.21155 -0.916 -0.34087 -0.09865 -0.59432 0.79815 -0.11407 0.50347 0.85645 -0.06807 0.64735 0.75915 0.05847 0.98152 0.18221 0.27266 0.75884 -0.59146 0.34944 0.12006 -0.92923 0.33484 -0.40698 -0.84985 0.22669 -0.85641 -0.46386 0.14905 -0.98159 -0.11945 0.03956 -0.9555 0.29232 -0.00489 -0.8883 0.45924 -0.08501 -0.75663 0.6483 -0.12058 -0.40985 0.90415 -0.16471 0.11033 0.98015 -0.07931 0.78202 0.61818 0.12638 0.9849 -0.11829 0.354 -0.03417 -0.93462 0.32765 -0.27032 -0.9053 0.14784 -0.95597 -0.2535 0.09235 -0.99528 0.02988 -0.11286 -0.68378 0.72091 -0.11394 0.67887 0.72536 -0.03259 0.91829 0.39457 0.21923 0.8256 -0.51992 0.29084 0.53956 -0.79012 0.31409 0.22804 -0.9216 0.32426 0.06182 -0.94395 0.29464 -0.56548 -0.77034 -0.07856 -0.82845 0.55452 -0.07449 0.88435 0.46084 0.15793 0.92695 -0.34033 0.29398 0.34164 -0.89267 -0.17483 0.37538 0.91023 -0.17781 0.53913 0.82324 -0.18099 0.58928 0.7874 0.02271 0.99622 0.08384 0.26418 0.46305 -0.84604 0.28655 0.0108 -0.958 0.28548 -0.12745 -0.94987 0.23984 -0.67742 -0.6954 0.00512 -0.98779 0.1557 -0.19097 -0.16388 0.96782 -0.13126 0.79671 0.58993 -0.05633 0.9569 0.2849 0.02292 0.9995 -0.02166 0.07722 0.97902 -0.18857 0.22546 0.6821 -0.69563 0.31242 -0.13434 -0.9404 0.06041 -0.98565 -0.15763 0.01573 -0.99904 -0.04089 -0.06784 -0.95372 0.29295 -0.08737 -0.89595 0.43547 -0.17453 -0.52588 0.83246 -0.20329 -0.23739 0.9499 0.13447 0.86245 -0.48795 0.25716 -0.42362 -0.86857 0.28427 -0.43195 -0.85593 0.16925 -0.80195 -0.57291 0.15624 -0.85765 -0.48992 -0.20648 -0.57742 0.78991 -0.21999 -0.38926 0.89447 -0.24203 -0.0367 0.96957 -0.24578 0.28573 0.92626 -0.23909 0.5231 0.81805 -0.19286 0.6994 0.68822 -0.1418 0.81834 0.55696 0.07237 0.93656 -0.34295 0.18378 0.20088 -0.96222 0.0964 -0.91269 -0.39711 0.07674 -0.95446 -0.28829 -0.17063 -0.74139 0.64902 -0.28501 -0.01922 0.95833 -0.26999 0.1122 0.9563 -0.25938 0.3612 0.89569 -0.26643 0.45995 0.84703 -0.0593 0.98518 0.16094 -0.05778 -0.99394 0.09356 -0.21302 -0.65711 0.72306 -0.27453 -0.47848 0.83408 -0.28486 -0.16702 0.94391 -0.16287 0.88264 0.44093 0.01408 -0.43529 -0.90018 0.17563 -0.71139 -0.6805 0.09278 -0.84725 -0.52303 -0.16208 -0.86646 0.4722 -0.34704 0.14683 0.92628 -0.26048 0.61422 0.74491 -0.22252 0.80564 0.54903 -0.07108 0.99695 0.03209 -0.04351 0.99635 -0.07345 0.00063 0.98151 -0.19142 0.11156 0.77188 -0.6259 -0.21307 -0.80201 0.55801 -0.32957 0.18301 0.92622 -0.31875 0.3864 0.8655 0.11456 -0.73324 -0.67025 0.00586 -0.9014 -0.43295 -0.03036 -0.98343 -0.17871 -0.15075 -0.93112 0.33211 -0.22935 0.84515 0.48282 -0.17236 0.9331 0.31561 -0.14844 0.96791 0.20279 0.11629 0.82345 -0.55534 0.05015 -0.8465 -0.53003 -0.28143 -0.68724 0.6697 -0.34507 -0.29229 0.8919 -0.13691 0.98838 0.06606 -0.03102 0.96012 -0.27785 0.04825 0.81853 -0.57243 0.05546 -0.75872 -0.64905 -0.17324 -0.95494 0.24101 -0.34046 -0.33669 0.87791 -0.29678 0.71247 0.63585 -0.28109 0.77722 0.56296 -0.00125 0.89815 -0.43969 -0.1394 -0.98723 0.07715 -0.24614 -0.86749 0.4323 -0.32783 -0.57237 0.75161 -0.34345 0.49509 0.79808 -0.33152 0.59565 0.73163 -0.02316 -0.77395 -0.63282 -0.11829 -0.99075 -0.06647 -0.31186 -0.73646 0.60031 -0.41908 0.21928 0.88107 -0.37054 0.49999 0.78276 -0.12437 0.97655 -0.17575 -0.38735 -0.03947 0.92109 -0.04987 -0.82063 -0.56927 -0.41066 -0.40891 0.81495 -0.38251 0.81371 0.43768 -0.28877 0.94764 0.13633 -0.11998 0.76655 -0.63088 -0.12098 -0.90962 -0.39744 -0.24425 -0.95088 -0.19017 -0.36092 -0.91653 0.17238 -0.49504 -0.30173 0.8148 -0.67973 -0.49091 -0.54495 -0.4752 -0.70707 -0.52368 -0.21042 -0.81889 -0.53399 -0.04907 -0.86419 -0.50077 0.13717 -0.82908 -0.54204 0.27969 -0.78749 -0.54921 0.42813 -0.74079 -0.51763 0.58261 -0.6292 -0.51446 0.6075 -0.49397 -0.62205 0.21401 -0.3347 -0.9177 0.23909 -0.1767 -0.95478 0.22098 0.01551 -0.97516 0.20469 0.33963 -0.91802 0.22791 0.4845 -0.84458 0.49076 0.65285 -0.57701 0.37613 0.77506 -0.50775 -0.0788 0.8517 -0.51807 -0.365 0.77616 -0.51415 -0.63479 0.54598 -0.54677 -0.12073 -0.98104 -0.15162 -0.20611 -0.9775 -0.0448 -0.53822 -0.82912 -0.15129 -0.62713 -0.77505 -0.07751 -0.8566 -0.51459 -0.03794 -0.98345 -0.18112 -0.00491 -0.99884 -0.04817 0.0003 -0.99753 -0.07021 0.00076 0.86542 -0.50055 -0.02209 0.67326 -0.73134 -0.10888 0.25108 -0.96619 -0.05863 0.20889 -0.95588 -0.20652 -0.04114 -0.87732 0.47813 -0.2923 -0.88097 0.37209 -0.36296 -0.92914 0.07041 -0.35023 -0.90142 0.25453 -0.63203 -0.63701 0.44132 -0.66032 -0.73501 0.15407 -0.6563 -0.71728 0.23404 -0.5634 -0.80823 0.17131 -0.80374 -0.58502 0.10843 -0.80416 -0.59436 0.00808 -0.71697 -0.654 0.24133 -0.91148 -0.40868 0.04677 -0.5257 -0.48374 0.69974 -0.29486 -0.68456 0.66665 -0.08537 -0.73103 0.67699 -0.00344 -0.72712 0.6865 -0.41687 -0.62866 0.65652 0.95009 -0.31142 0.01884 0.67855 -0.70868 0.19325 0.82037 -0.52703 0.22189 0.58823 -0.68424 0.43105 0.5962 -0.79973 0.07058 0.54451 -0.79169 0.277 0.10164 -0.99482 0.00049 0.43035 -0.8741 0.22529 0.25202 -0.82349 0.50829 0.22983 -0.93819 0.25882 0.0563 -0.9101 0.41054 0.09635 -0.81691 0.56866 0.1271 -0.97172 0.19902 0.11524 -0.99034 0.07715 0.13429 -0.72953 0.67063 0.42173 -0.63379 0.64843 0.6253 -0.4472 0.63954 -0.67089 0.73022 -0.12915 -0.39305 0.91724 -0.06466 -0.81947 0.57162 -0.04153 -0.9749 0.22102 -0.02684 -0.99531 0.09671 0.00068 -0.99531 0.09671 0.00068 -0.99637 0.08509 0.00071 -0.99986 0.01675 0.0004 -0.99986 0.01675 0.0004 -0.99986 0.01675 0.0004 -0.99986 0.01675 0.0004 -0.99986 0.01675 0.0004 -0.99986 0.01675 0.0004 0.9081 0.4183 -0.01934 0.79406 0.6071 -0.02981 0.57434 0.81824 0.0247 0.26378 0.95532 -0.13333 -0.28752 0.91366 -0.28734 -0.02953 0.15209 0.98793 -0.00307 0.29669 0.95497 0.7231 -0.23185 0.65067 0.48807 -0.15734 0.8585 -0.10753 0.99246 0.05879 -0.06016 0.94022 0.3352 -0.25104 0.95253 0.17222 -0.21511 0.87933 0.42485 -0.24237 0.81747 0.52249 -0.40466 0.91352 0.04152 -0.53815 0.80044 0.26399 -0.54592 0.77088 0.32819 -0.61103 0.70098 0.36779 -0.73551 0.67515 0.05659 -0.80309 0.57941 0.13905 -0.84817 0.46038 0.26202 -0.95223 0.30479 0.0191 -0.90177 0.42516 0.07776 -0.98987 0.1419 0.00519 -0.99563 0.09103 0.02082 -0.31685 0.63329 0.70608 -0.57469 0.45937 0.67729 -0.03789 0.74808 0.66253 0.93368 0.35658 0.03316 0.93181 0.34641 0.10834 0.75604 0.58989 0.2836 0.82341 0.54521 0.15729 0.8187 0.57215 0.04878 0.76021 0.57439 0.30356 0.65559 0.68796 0.31129 0.63687 0.7312 0.24441 0.47355 0.87923 0.05206 0.34405 0.76141 0.54944 0.32864 0.92518 0.18982 0.25326 0.88768 0.38455 -0.14871 0.86679 0.47598 0.13235 0.9902 0.04454 0.00138 0.41459 0.91001 0.48195 0.52652 0.70036 0.35433 0.60923 0.70943 0.08779 0.68806 0.72033 -0.47667 0.54582 0.68911 -0.40165 0.8949 0.19452 -0.42927 -0.85591 0.28835 -0.413 -0.75426 0.51041 -0.53679 -0.17767 0.8248 -0.29213 0.94679 -0.13507 -0.19942 0.9257 -0.32143 -0.22551 0.81137 -0.53928 -0.17746 -0.81999 -0.54418 -0.45693 -0.79912 0.39066 -0.53138 -0.49342 0.6886 -0.53973 -0.07991 0.83803 -0.46009 0.84431 0.2747 -0.34434 0.93857 -0.02255 -0.78746 0.30122 -0.53775 -0.34285 -0.93927 -0.01528 -0.56673 0.08722 0.81928 -0.51855 0.69536 0.49757 -0.17009 -0.67926 -0.71391 -0.25888 -0.90768 -0.3303 -0.55364 0.35659 0.75255 -0.57002 0.42421 0.70365 -0.6856 0.57823 0.44228 -0.27001 0.85647 -0.43994 -0.82428 0.18622 -0.53469 -0.64006 0.00686 0.76829 -0.61761 0.27306 0.73756 -0.32742 0.90964 -0.25564 -0.29084 0.56131 -0.77482 -0.44545 -0.89409 0.04667 -0.22315 0.66544 -0.71232 -0.4105 -0.78631 -0.46174 -0.58249 -0.59957 0.54884 -0.82815 0.36406 0.42618 -0.53378 0.84528 0.02417 -0.67173 -0.31581 0.67011 -0.84204 0.11449 -0.52713 -0.32048 -0.53842 -0.77936 -0.61021 -0.69105 0.38741 -0.65587 0.52541 0.54201 -0.64266 0.71907 0.26446 -0.50844 0.7691 -0.38726 -0.8821 0.04644 -0.46877 -0.85078 -0.02144 -0.52508 -0.43746 -0.64416 -0.62745 -0.70494 -0.40322 0.5835 -0.8546 0.28497 0.43412 -0.31032 -0.4003 -0.86224 -0.62621 -0.11447 -0.77121 -0.52654 -0.66299 -0.53217 -0.55378 -0.79239 -0.25583 -0.76097 -0.45078 0.46661 -0.80689 -0.06638 0.58696 -0.64123 0.7454 -0.18223 -0.53776 0.60337 -0.58887 -0.58647 -0.73969 -0.33001 -0.78955 -0.20377 0.57887 -0.75903 0.60202 0.2479 -0.49553 0.2018 -0.84482 -0.62655 -0.76217 -0.16289 -0.77415 -0.59478 0.21665 -0.84414 0.09986 0.52674 -0.5588 0.32798 -0.76169 -0.87171 0.19081 0.45134 -0.82055 0.4828 0.30594 -0.5941 0.49795 -0.63174 -0.58325 -0.47925 -0.65585 -0.70815 -0.70607 0.00073 -0.73766 -0.6706 0.07847 -0.84766 -0.47503 0.23624 -0.76962 0.62138 -0.14685 -0.78972 0.61252 0.03409 -0.6757 0.56295 -0.47594 -0.77399 -0.61911 -0.13283 -0.90665 -0.29079 0.30565 -0.9095 0.34767 0.22791 -0.79247 0.60865 -0.03933 -0.91589 -0.35912 0.17939 -0.74771 0.59606 -0.29265 -0.67448 -0.25899 -0.69138 -0.76553 -0.51034 -0.39182 -0.76892 0.30868 -0.55989 -0.66826 0.35575 -0.65335 -0.83967 -0.47366 -0.26572 -0.97329 -0.09755 0.20781 -0.95558 0.29472 -0.00345 -0.90712 0.42023 -0.02334 -0.69392 -0.14724 -0.70484 -0.97435 -0.03297 0.22263 -0.75097 0.00655 -0.66031 -0.82788 -0.3737 -0.41828 -0.93194 -0.33272 -0.14419 -0.90827 -0.41818 -0.01298 -0.99226 0.0767 0.0977 -0.85093 0.38711 -0.35506 -0.81104 0.08806 -0.57832 -0.80027 -0.23365 -0.55225 -0.98761 0.15569 0.01973 -0.99358 -0.10968 0.02762 -0.8688 -0.23362 -0.43659 -0.95227 0.23711 -0.19225 -0.92718 0.27201 -0.25757 -0.87846 -0.09399 -0.46848 -0.92691 -0.22464 -0.30061 -0.88753 0.22497 -0.40208 -0.74897 0.19614 -0.63291 -0.85649 -0.03779 -0.51478 -0.95945 -0.1896 -0.20857 -0.9761 -0.18155 -0.11948 -0.99051 -0.11485 -0.0755 -0.99377 -0.00352 -0.11138 -0.87534 -0.16263 -0.45533 -0.00316 -0.73893 0.67377 -4e-05 -0.80855 0.58843 0.00152 -0.80533 0.59283 -9e-05 -0.86631 0.49951 -9e-05 -0.86631 0.49951 -0.00207 -0.93441 0.35619 -0.00633 -0.6511 0.75896 -0.0065 -0.56426 0.82557 0.03218 -0.44078 0.89704 0.00021 -0.35005 0.93673 -0.01312 -0.3297 0.944 -0.05837 -0.20869 0.97624 -0.00687 -0.10457 0.99449 -0.01858 -0.08172 0.99648 0.0046 0.03738 0.99929 -0.00389 0.0683 0.99766 0.00464 0.16918 0.98557 -0.02126 0.21437 0.97652 -0.66379 0.24497 0.70667 -0.02093 0.43147 0.90188 -0.00347 0.6289 0.77748 0.02368 0.6231 0.78178 0.01126 0.40977 0.91212 0.0041 0.29133 0.95661 -0.003 0.14665 0.98918 -0.12322 0.00112 0.99238 -0.01813 -0.14333 0.98951 -0.00381 -0.29962 0.95405 -0.00047 -0.45636 0.88979 0.00185 -0.58367 0.81199 -0.00149 -0.66059 0.75074 0.00159 -0.73179 0.68153 -0.00016 -0.93224 0.36184 0.0011 0.99996 -0.00842 -0.00537 0.99896 0.04517 0.00476 0.99318 0.11648 0.00011 0.9839 0.17872 0.00038 0.95787 0.28719 0.00413 0.96337 0.26814 0.00041 0.91661 0.39979 0.00542 0.90571 0.42387 0.00039 0.86274 0.50565 0.00955 0.80056 0.59918 0.00256 0.77451 0.63256 4e-05 0.80817 -0.58895 4e-05 0.80817 -0.58895 7e-05 0.84235 -0.53893 -0.00399 0.83758 -0.5463 -0.00351 0.88533 -0.46496 -0.0026 0.90326 -0.42908 0.00431 0.93697 -0.34938 0.00277 0.94856 -0.31657 0.00267 0.97275 -0.23184 0.00047 0.97291 -0.23117 0.00062 0.9918 -0.12781 -0.00408 0.99369 -0.11213 0.00104 -0.98071 0.19547 -0.00053 -0.98288 0.18424 0.00337 -0.999 0.04464 -0.0024 -0.99963 0.02691 0.00223 -0.9941 -0.10848 -0.00101 -0.99035 -0.13861 -0.00276 -0.9678 -0.25172 0.002 -0.9598 -0.28067 -0.00197 -0.9248 -0.38044 -0.00199 -0.91525 -0.40288 -0.00043 -0.86453 -0.50258 -0.00135 -0.85982 -0.5106 -0.00179 -0.80382 -0.59487 0.00367 -0.79013 -0.61293 -0.00258 -0.73684 -0.67606 0.00509 -0.70274 -0.71143 -0.00386 -0.65924 -0.75192 0.0038 -0.60729 -0.79447 -0.0035 -0.57228 -0.82005 0.00257 -0.5162 -0.85646 -0.00501 -0.47639 -0.87922 -0.00067 -0.4368 -0.89956 -0.00648 -0.41677 -0.90899 -0.00043 -0.39885 -0.91702 0.96429 -0.01109 0.26463 0.96938 0.02583 0.24422 0.96883 -0.00857 0.24757 0.96382 0.00426 0.26653 0.96025 -0.01391 0.27878 0.96527 -0.00791 0.26112 0.96555 -0.00407 0.2602 0.96706 -0.00483 0.25451 0.96753 -0.01432 0.25235 0.96864 0.01794 0.24781 0.9651 0.02489 0.2607 0.95977 -0.01996 0.28006 0.96843 -0.01102 0.24904 0.97 0.00209 0.24308 0.96913 0.01081 0.2463 0.97152 0.01866 0.23624 0.96673 0.01647 0.25526 0.96127 -0.00135 0.27559 0.96101 -0.02125 0.27568 0.96303 0.02158 0.26854 0.96248 0.00012 0.27135 0.97028 0.0065 0.2419 0.96432 0.02362 0.26368 0.96309 0.01185 0.26892 0.9604 -0.00758 0.27851 0.96812 -0.00673 0.2504 -0.96642 0.00119 -0.25698 -0.97056 -0.01266 -0.24053 -0.97104 0.00015 -0.23893 -0.96628 0.00145 -0.25748 -0.97304 0.01842 -0.22988 -0.97228 0.01587 -0.23326 -0.97214 0.03105 -0.23233 -0.97121 0.03037 -0.23627 -0.96746 0.02292 -0.25199 -0.96573 0.0244 -0.2584 -0.96409 0.03608 -0.26312 -0.96427 0.01424 -0.26455 -0.9634 0.01135 -0.26783 -0.97285 -0.073 -0.21962 -0.96446 -0.04723 -0.25999 -0.96165 0.00406 -0.27425 -0.96788 0.09796 -0.23156 -0.96149 0.00276 -0.27483 -0.96257 -0.00152 -0.27103 -0.96155 -0.00946 -0.27445 -0.96203 -0.00577 -0.27287 -0.96082 -0.01757 -0.27662 -0.96181 -0.02051 -0.27295 -0.96529 -0.0127 -0.26086 -0.96488 -0.01605 -0.26219 -0.9692 -0.0199 -0.24548 -0.96727 -0.00677 -0.25366 -0.96687 -0.00969 -0.25508 -0.96727 -0.00446 -0.25371 -1 0.0003 0.00034 -1 0.0003 0.00034 -0.99885 0.04484 -0.01703 -0.99725 0.06907 -0.02698 -1 0.0003 0.00034 -1 0.0003 0.00034 -0.99999 0.00015 0.00474 -0.99999 0.00352 -0.00175 0.99994 0.00421 -0.00969 0.99853 0.05404 0.00424 0.99572 0.09121 0.01465 0.99931 0.03721 -0.00047 -0.00025 0.26227 -0.96499 -0.00025 0.26227 -0.96499 -0.00025 0.26227 -0.96499 -0.00025 0.26227 -0.96499 -0.00025 0.26226 -0.965 -0.00025 0.26226 -0.965 -0.00025 0.26226 -0.965 -0.00025 0.26226 -0.965 -0.00321 -0.96408 -0.26559 -0.00038 -0.96366 -0.26714 0.0047 0.96597 0.2586 0.00038 0.96533 0.26103 0.00353 -0.59164 -0.80619 -0.00594 -0.65469 -0.75588 0.00433 -0.81011 -0.58627 -0.00687 -0.89019 -0.45554 -0.00256 -0.93737 -0.34832 0.00817 0.99993 0.00904 2e-05 0.91028 -0.414 -0.00539 0.74712 -0.66467 0.00929 0.41224 -0.91103 0.00732 0.14673 -0.98915 0.00044 -0.05404 -0.99854 -0.0012 -0.21971 -0.97556 -0.00201 0.60592 -0.79552 -0.00167 -0.38787 -0.92171 -0.0008 0.94015 -0.34075 -0.00159 0.99669 0.08128 -0.00316 0.32475 -0.94579 0.00121 -0.25343 -0.96735 -0.00311 -0.08116 -0.9967 -0.00194 0.11057 -0.99387 0.00351 0.76864 -0.63967 -0.00932 0.5606 -0.82803 -0.00037 -0.42236 -0.90643 -1 0.0003 0.00034 -1 0.0003 0.00034 -1 0.0003 0.00034 -1 0.0003 0.00034 -1 0.0003 0.00034 -1 0.0003 0.00034 -1 0.0003 0.00034 -1 0.0003 0.00034 -1 0.0003 0.00034 -1 0.0003 0.00034 -1 0.0003 0.00034 -1 0.0003 0.00034 -1 0.0003 0.00034 -1 0.0003 0.00034 -1 0.0003 0.00034 -1 0.0003 0.00034 -1 0.0003 0.00034 -1 0.0003 0.00034 -1 0.0003 0.00034 -1 0.0003 0.00034 -1 0.0003 0.00034 -1 0.0003 0.00034 -1 0.0003 0.00034 -1 0.0003 0.00034 -1 0.0003 0.00034 -1 0.0003 0.00034 -1 0.0003 0.00034 -1 0.0003 0.00034 -1 0.0003 0.00034 -1 0.0003 0.00034 -1 0.0003 0.00034 -1 0.0003 0.00034 -1 0.0003 0.00034 -1 0.0003 0.00034 -1 0.0003 0.00034 -1 0.0003 0.00034 -1 0.0003 0.00034 -1 0.0003 0.00034 -1 0.0003 0.00034 -1 0.0003 0.00034 -1 0.0003 0.00034 -1 0.0003 0.00034 -1 0.0003 0.00034 -1 0.0003 0.00034 -1 0.0003 0.00034 -1 0.0003 0.00034 -1 0.0003 0.00034 -1 0.0003 0.00034 -1 0.0003 0.00034 -1 0.0003 0.00034 -1 0.0003 0.00034 1 -0.0003 -0.00034 1 -0.0003 -0.00034 1 -0.0003 -0.00034 1 -0.0003 -0.00034 1 -0.0003 -0.00034 1 -0.0003 -0.00034 1 -0.0003 -0.00034 1 -0.0003 -0.00034 1 -0.0003 -0.00034 1 -0.0003 -0.00034 1 -0.0003 -0.00034 1 -0.0003 -0.00034 1 -0.0003 -0.00034 1 -0.0003 -0.00034 1 -0.0003 -0.00034 1 -0.0003 -0.00034 1 -0.0003 -0.00034 1 -0.0003 -0.00034 1 -0.0003 -0.00034 1 -0.0003 -0.00034 1 -0.0003 -0.00034 1 -0.0003 -0.00034 1 -0.0003 -0.00034 1 -0.0003 -0.00034 1 -0.0003 -0.00034 1 -0.0003 -0.00034 1 -0.0003 -0.00034 1 -0.0003 -0.00034 1 -0.0003 -0.00034 1 -0.0003 -0.00034 1 -0.0003 -0.00034 1 -0.0003 -0.00034 1 -0.0003 -0.00034 1 -0.0003 -0.00034 1 -0.0003 -0.00034 1 -0.0003 -0.00034 1 -0.0003 -0.00034 1 -0.0003 -0.00034 1 -0.0003 -0.00034 1 -0.0003 -0.00034 1 -0.0003 -0.00034 1 -0.0003 -0.00034 1 -0.0003 -0.00034 1 -0.0003 -0.00034 1 -0.0003 -0.00034 1 -0.0003 -0.00034 1 -0.0003 -0.00034 1 -0.0003 -0.00034 1 -0.0003 -0.00034 1 -0.0003 -0.00034 0.68726 0.33423 -0.64495 0.70235 0.11559 -0.70238 0.69931 0.22637 -0.67803 0.69931 0.22637 -0.67803 0.25849 0.00339 -0.96601 0.22401 0.50293 -0.83479 0.24976 0.26209 -0.93216 0.22401 0.50293 -0.83479 0.24943 0.26692 -0.93088 0.25849 0.00339 -0.96601 0.25849 0.00339 -0.96601 -0.25744 0.1168 -0.95921 -0.26494 0.20316 -0.94262 -0.25205 0.21644 -0.9432 -0.24096 0.31754 -0.91712 -0.21652 0.34594 -0.91293 0.66464 -0.34872 -0.66079 0.6946 -0.12591 -0.70829 0.68768 -0.23286 -0.68766 0.69762 -0.19358 -0.68982 0.68386 -0.30413 -0.6632 0.25849 0.00339 -0.96601 0.22722 -0.4728 -0.85137 0.08136 -0.36592 -0.92708 0.2498 -0.24502 -0.93678 0.25849 0.00339 -0.96601 0.00492 -0.17001 -0.98543 -0.28149 -0.30464 -0.90992 0.09962 -0.22418 -0.96944 0.64244 -0.54323 -0.54053 0.62616 -0.68918 -0.36462 0.63765 -0.62755 -0.44674 0.63976 -0.60785 -0.47034 0.1234 -0.86286 -0.49014 0.22371 -0.49706 -0.83838 0.13515 -0.85004 -0.50908 0.17729 -0.70817 -0.68342 0.22371 -0.49706 -0.83838 0.18515 -0.69264 -0.69711 -0.32584 -0.50549 -0.79894 -0.32431 -0.58631 -0.74234 -0.31717 -0.68692 -0.65387 -0.32264 -0.62002 -0.71518 0.50892 -0.86067 0.0159 0.56551 -0.80129 -0.19529 0.54069 -0.83636 -0.09028 0.54069 -0.83636 -0.09028 0.12899 -0.86433 -0.48611 -0.0003 -0.99999 -0.00359 -0.0003 -0.99999 -0.00359 0.06661 -0.96504 -0.25348 0.06661 -0.96504 -0.25348 0.12899 -0.86433 -0.48611 -0.40593 -0.78655 -0.46535 -0.42396 -0.83824 -0.34295 -0.42048 -0.82767 -0.3717 -0.43216 -0.86588 -0.25197 0.4275 -0.76295 0.48492 0.42247 -0.7908 0.44289 0.46849 -0.85464 0.22386 0.44375 -0.84757 0.29106 0.44229 -0.82947 0.34111 -0.0003 -0.99999 -0.00359 -0.12951 -0.86771 0.4799 -0.12951 -0.86771 0.4799 -0.06719 -0.9668 0.24656 -0.06719 -0.9668 0.24656 -0.0003 -0.99999 -0.00359 -0.50944 -0.86022 -0.02207 -0.5412 -0.83666 0.08428 -0.5412 -0.83666 0.08428 -0.56599 -0.80233 0.18954 0.32411 -0.68881 0.64846 0.31549 -0.51471 0.79721 0.32147 -0.59699 0.73502 0.32259 -0.62034 0.71493 -0.22401 -0.50293 0.83479 -0.12951 -0.86771 0.4799 -0.22401 -0.50293 0.83479 -0.18299 -0.7095 0.68054 -0.18309 -0.70911 0.68091 -0.12951 -0.86771 0.4799 -0.64491 -0.69371 0.32071 -0.64322 -0.61304 0.45876 -0.63886 -0.66459 0.38754 -0.71382 -0.46816 0.52085 -0.68636 -0.51283 0.51567 0.27002 -0.25193 0.92931 0.29093 -0.34563 0.89213 0.24037 -0.13294 0.96154 0.26291 -0.22213 0.9389 -0.25568 -0.01506 0.96664 -0.22401 -0.50293 0.83479 -0.24717 -0.04949 0.96771 -0.24976 -0.26209 0.93216 -0.24316 -0.28463 0.92728 -0.22401 -0.50293 0.83479 -0.73893 -0.37975 0.55657 -0.70677 -0.22521 0.67064 -0.70012 -0.21362 0.68132 -0.72622 -0.35962 0.5859 -0.70235 -0.11559 0.70238 -0.01514 0.16606 0.986 -0.05358 0.36848 0.92809 0.26333 0.28893 0.92042 -0.22371 0.49706 0.83838 -0.05695 0.3241 0.94431 -0.04762 0.171 0.98412 -0.24931 0.25555 0.9341 -0.25849 -0.00339 0.96601 -0.71473 0.09577 0.69281 -0.71288 0.21582 0.66725 -0.70651 0.16708 0.6877 -0.71755 0.35859 0.59711 -0.70964 0.31927 0.62808 0.27334 0.55876 0.78299 0.37995 0.68938 0.61677 0.3393 0.64111 0.68837 0.31106 0.6064 0.73179 -0.12899 0.86433 0.48611 -0.22371 0.49706 0.83838 -0.38469 0.74954 0.53871 -0.18274 0.70471 0.68556 -0.34835 0.71367 0.60772 -0.64559 0.57369 0.50408 -0.38691 0.60631 0.69476 -0.40603 0.61168 0.67896 0.12669 0.90945 0.39604 0.41854 0.84946 0.32131 0.15981 0.96702 0.19831 0.0003 0.99999 0.00359 0.16529 0.96175 0.21846 0.11008 0.93043 0.34955 -0.06635 0.96504 0.25355 -0.12899 0.86433 0.48611 -0.53017 0.82782 0.18337 -0.53311 0.83952 0.10484 -0.52897 0.84701 -0.0526 -0.53306 0.845 0.04273 0.61434 0.76164 -0.20614 0.56869 0.80949 -0.14597 0.47588 0.87879 -0.03566 0.51512 0.85332 -0.08066 0.0003 0.99999 0.00359 0.12951 0.86771 -0.4799 0.12951 0.86771 -0.4799 0.06719 0.9668 -0.24656 0.06719 0.9668 -0.24656 0.0003 0.99999 0.00359 -0.50301 0.84025 -0.20239 -0.4352 0.83199 -0.34408 -0.466 0.84616 -0.25858 -0.43791 0.74926 -0.49683 -0.42586 0.78419 -0.45132 0.2188 0.50521 -0.8348 0.12951 0.86771 -0.4799 -0.07303 0.74804 -0.65962 0.0196 0.60431 -0.79651 -0.31333 0.55982 -0.76709 0.17951 0.70603 -0.68505 0.00266 0.62172 -0.78323 0.00121 0.72352 -0.6903 0.65337 0.69437 -0.30159 0.71299 0.46425 -0.52547 0.68326 0.51951 -0.51309 0.64295 0.67513 -0.36169 0.64445 0.61241 -0.45786 -1 0.0003 0.00034 -1 0.0003 0.00034 -1 0.0003 0.00034 -1 0.0003 0.00034 -1 0.0003 0.00034 -1 0.0003 0.00034 -1 0.0003 0.00034 -1 0.0003 0.00034 -1 0.0003 0.00034 -1 0.0003 0.00034 -1 0.0003 0.00034 -1 0.0003 0.00034 -1 0.0003 0.00034 -1 0.0003 0.00034 -1 0.0003 0.00034 0.0003 0.99999 0.00359 0.06552 0.99774 0.01461 0.07355 0.99716 0.01596 0.00815 0.99995 0.00491 -0.06596 0.35959 -0.93078 -0.03238 0.48927 -0.87153 0.12717 0.67466 -0.72709 -0.00737 0.55512 -0.83174 0.11967 0.67465 -0.72838 -0.06001 0.36223 -0.93016 -0.38495 -0.35598 -0.85152 -0.15737 -0.46482 -0.87131 -0.4966 -0.28845 -0.81865 -0.23621 -0.43104 -0.87087 -0.20722 -0.3835 0.89999 -0.07635 -0.31025 0.94758 -0.1507 -0.35268 0.92353 0.00025 -0.26436 0.96442 -1 0.0003 0.00034 -1 0.0003 0.00034 -1 0.0003 0.00034 -1 0.0003 0.00034 -1 0.0003 0.00034 -1 0.0003 0.00034 -1 0.0003 0.00034 -1 0.0003 0.00034 -1 0.0003 0.00034 -1 0.0003 0.00034 -1 0.0003 0.00034 -1 0.0003 0.00034 -1 0.0003 0.00034 -1 0.0003 0.00034 -1 0.0003 0.00034 -1 0.0003 0.00034 0.0003 0.99999 0.00359 0.06552 0.99774 0.01461 0.07355 0.99716 0.01596 0.00815 0.99995 0.00491 0.08586 0.31161 -0.94632 -0.00021 0.34809 -0.93746 0.13015 0.29163 -0.94764 0.03398 0.33397 -0.94197 -0.01661 0.5391 0.84208 0.03278 0.55859 0.82879 -0.03457 0.53161 0.84628 0.01477 0.55168 0.83393 0.10703 -0.13155 0.98551 0.274 -0.20408 0.93983 0.03454 -0.09915 0.99447 0.23075 -0.18559 0.95515 -0.23691 -0.67105 0.70254 -0.02167 -0.71287 0.70096 -0.04167 -0.71044 0.70253 -0.25031 -0.66728 0.70149 -0.10669 0.70923 -0.69686 -0.18544 0.69245 -0.69723 -0.1908 0.69113 -0.69709 -0.11305 0.70805 -0.69705 -0.20899 -0.93269 0.29395 0.04011 -0.90356 0.42657 -0.12852 -0.93144 0.34043 0.13245 -0.87407 0.46739 -0.0003 -0.99999 -0.00359 -0.0003 -0.99999 -0.00359 -0.0003 -0.99999 -0.00359 -0.0003 -0.99999 -0.00359 -1 0.0003 0.00034 -1 0.0003 0.00034 -1 0.0003 0.00034 -1 0.0003 0.00034 -1 0.0003 0.00034 -1 0.0003 0.00034 -1 0.0003 0.00034 -1 0.0003 0.00034 -1 0.0003 0.00034 -1 0.0003 0.00034 -1 0.0003 0.00034 -1 0.0003 0.00034 -1 0.0003 0.00034 -1 0.0003 0.00034 -1 0.0003 0.00034 -1 0.0003 0.00034 -1 0.0003 0.00034 -1 0.0003 0.00034 -1 0.0003 0.00034 -1 0.0003 0.00034 -1 0.0003 0.00034 -0.01539 -0.38825 -0.92143 -0.01659 -0.37407 -0.92725 -0.01791 -0.35831 -0.93343 -0.01664 -0.37352 -0.92747 -0.45325 0.81479 -0.36151 -0.17048 0.83587 -0.52178 -0.2691 0.83877 -0.47335 -0.50394 0.80028 -0.32495 0.10448 0.05457 0.99303 0.00898 0.04241 0.99906 0.00035 0.04129 0.99915 0.09692 0.05362 0.99385 0.48914 0.79992 -0.34765 0.14711 0.95005 -0.27525 0.0418 0.96831 -0.24623 0.41879 0.84369 -0.33586 -0.04012 0.82508 0.56358 0.00044 0.81563 0.57857 -0.01366 0.8191 0.57349 -0.05332 0.82782 0.55846 -0.00543 0.00905 0.99994 -0.00343 0.00575 0.99998 -0.00263 0.00444 0.99999 0.00034 -0.00046 1 0.0003 0.99999 0.00359 0.0003 0.99999 0.00359 0.0003 0.99999 0.00359 0.0003 0.99999 0.00359 -0.00034 0.00359 -0.99999 -0.00034 0.00359 -0.99999 -0.00034 0.00359 -0.99999 -0.00034 0.00359 -0.99999 -0.0003 -0.99999 -0.00359 -0.0003 -0.99999 -0.00359 -0.0003 -0.99999 -0.00359 -0.0003 -0.99999 -0.00359 0.03126 -0.037 -0.99883 -0.00035 -0.0325 -0.99947 0.03426 -0.03743 -0.99871 0.00278 -0.03295 -0.99945 -0.07665 -0.92874 -0.36273 -0.12943 -0.93599 -0.32738 -0.10174 -0.93265 -0.34614 -0.0426 -0.92208 -0.38464 0.01693 -0.84419 0.53578 -0.21619 -0.7372 0.64015 0.12071 -0.87117 0.4759 -0.12294 -0.78784 0.60349 0.16287 -0.06305 0.98463 0.00033 -0.03744 0.9993 0.01847 -0.04035 0.99901 0.17659 -0.06517 0.98212 0.22822 -0.05837 -0.97186 0.01954 -0.08858 -0.99588 -0.00036 -0.09124 -0.99583 0.20642 -0.06172 -0.97651 0.32002 -0.88564 -0.33649 0.13925 -0.96813 -0.20815 -0.00033 -0.99446 -0.10508 0.22544 -0.93606 -0.27011 -1 0.0003 0.00034 -1 0.0003 0.00034 -1 0.0003 0.00034 -1 0.0003 0.00034 -1 0.0003 0.00034 -1 0.0003 0.00034 -1 0.0003 0.00034 -1 0.0003 0.00034 -1 0.0003 0.00034 -1 0.0003 0.00034 -1 0.0003 0.00034 0.00034 -0.00359 0.99999 0.00034 -0.00359 0.99999 0.00034 -0.00359 0.99999 0.00034 -0.00359 0.99999 0.0003 0.99999 0.00359 0.0003 0.99999 0.00359 0.0003 0.99999 0.00359 0.0003 0.99999 0.00359 -0.14657 0.05567 0.98763 -0.01336 0.03657 0.99924 0.00035 0.03457 0.9994 -0.13476 0.054 0.98941 -0.08542 0.90379 0.41936 -0.29429 0.9344 0.20073 0.08561 0.82053 0.56516 -0.17493 0.9271 0.33148 0.06474 0.7973 -0.6001 0.3303 0.83944 -0.43155 0.40382 0.83566 -0.37229 0.20259 0.82927 -0.52083 -0.05554 0.05689 -0.99683 -0.00575 0.04922 -0.99877 -0.00032 0.04838 -0.99883 -0.05055 0.05612 -0.99714 0.0003 0.99999 0.00359 0.0003 0.99999 0.00359 0.0003 0.99999 0.00359 0.0003 0.99999 0.00359 0.15009 -0.82877 -0.53908 0.03801 -0.79556 -0.60469 0.10247 -0.81639 -0.56834 -0.02346 -0.7714 -0.63592 0.02836 -0.05172 -0.99826 0.00203 -0.04828 -0.99883 -0.00035 -0.04797 -0.99885 0.02606 -0.05142 -0.99834 -0.0003 -0.99999 -0.00359 -0.0003 -0.99999 -0.00359 -0.0003 -0.99999 -0.00359 -0.0003 -0.99999 -0.00359 0.00034 -0.00359 0.99999 0.00034 -0.00359 0.99999 0.00034 -0.00359 0.99999 0.00034 -0.00359 0.99999 0.0003 0.99999 0.00359 0.0003 0.99999 0.00359 0.0003 0.99999 0.00359 0.0003 0.99999 0.00359 -0.00034 0.00359 -0.99999 -0.00034 0.00359 -0.99999 -0.00034 0.00359 -0.99999 -0.00034 0.00359 -0.99999 -1 0.0003 0.00034 -1 0.0003 0.00034 -1 0.0003 0.00034 -1 0.0003 0.00034 -0.0003 -0.99999 -0.00359 -0.0003 -0.99999 -0.00359 -0.0003 -0.99999 -0.00359 -0.0003 -0.99999 -0.00359 -0.00034 0.00359 -0.99999 -0.00034 0.00359 -0.99999 -0.00034 0.00359 -0.99999 -0.00034 0.00359 -0.99999 -1 0.0003 0.00034 -1 0.0003 0.00034 -1 0.0003 0.00034 -1 0.0003 0.00034 -0.05453 -0.99851 -0.00356 -0.02203 -0.99939 -0.02725 -0.00031 -0.99907 -0.04304 -0.03285 -0.99927 -0.01937 0.00034 -0.00359 0.99999 0.00034 -0.00359 0.99999 0.00034 -0.00359 0.99999 0.00034 -0.00359 0.99999 0.00034 -0.00359 0.99999 -6e-05 0.6473 -0.76223 -8e-05 0.62251 -0.78261 -7e-05 0.63499 -0.77252 -7e-05 0.63477 -0.7727 -0.11547 0.06579 -0.99113 0.1902 0.22894 -0.95468 -0.19033 0.02341 -0.98144 0.11133 0.18837 -0.97577 -0.01888 0.95011 0.31133 0.09938 0.99213 -0.07618 0.3364 0.79089 -0.5112 0.24623 0.85666 -0.45333 0.00499 0.99909 0.04247 -0.04033 0.94669 0.31962 -0.00045 -0.712 -0.70218 -0.00045 -0.69999 -0.71415 -0.00045 -0.68777 -0.72592 -0.00045 -0.68915 -0.72462 -0.00045 -0.68777 -0.72592 0.0567 -0.0103 -0.99834 0.0269 -0.03958 -0.99885 0.02813 -0.03837 -0.99887 -0.00436 -0.07016 -0.99753 -0.00039 -0.95037 -0.31112 -0.00039 -0.95037 -0.31112 -0.00039 -0.95037 -0.31112 -0.00039 -0.95037 -0.31112 0.00011 0.89111 -0.45379 -0.05482 0.99731 0.04875 -0.00487 0.97913 -0.20316 0.00024 0.98813 -0.15359 -0.04403 0.99768 0.05187 0.04956 0.73987 0.67092 -0.22163 0.58184 0.78253 -0.08846 0.66951 0.73751 -0.31695 0.5061 0.80213 0.00036 0.07516 0.99717 0.126 0.05724 0.99038 0.15136 0.05347 0.98703 0.01368 0.07331 0.99722 -0.05144 -0.99848 0.01971 -0.21152 -0.96895 0.12807 -0.14669 -0.9856 0.08412 -0.2934 -0.93817 0.18374 0.29383 -0.94227 0.16062 0.60176 -0.7981 0.0304 0.50223 -0.86131 0.07688 0.21685 -0.95797 0.18781 -0.15398 -0.32794 -0.93206 -0.00043 -0.39975 -0.91663 -0.22862 -0.28874 -0.92971 -0.06585 -0.37058 -0.92646 -0.32435 0.90832 -0.26411 0.00022 0.97787 -0.2092 -0.04986 0.9744 -0.21923 -0.35411 0.89602 -0.26787 0.00218 0.17694 0.98422 0.00233 0.17581 0.98442 0.00064 0.14641 0.98922 0.00039 0.17694 0.98422 0.00038 0.16058 0.98702 -0.0003 -0.99999 -0.00359 -0.0003 -0.99999 -0.00359 -0.0003 -0.99999 -0.00359 -0.0003 -0.99999 -0.00359 -1 0.0003 0.00034 -1 0.0003 0.00034 -1 0.0003 0.00034 -1 0.0003 0.00034 -1 0.0003 0.00034 -1 0.0003 0.00034 -1 0.0003 0.00034 -1 0.0003 0.00034 -1 0.0003 0.00034 -1 0.0003 0.00034 -1 0.0003 0.00034 -1 0.0003 0.00034 -0.30567 0.896 -0.32211 0.04564 0.87557 -0.48093 -0.06235 0.89605 -0.43955 -0.37354 0.88346 -0.28278 0.18117 0.93229 0.31306 -0.06091 0.97149 0.22913 0.06155 0.95984 0.27372 0.39332 0.84089 0.37177 0.09898 0.11236 0.98873 0.00798 0.1019 0.99476 0.00037 0.10099 0.99489 0.09189 0.11157 0.9895 -0.00034 0.00359 -0.99999 -0.00034 0.00359 -0.99999 -0.00034 0.00359 -0.99999 -0.00034 0.00359 -0.99999 -0.0003 -0.99999 -0.00359 -0.0003 -0.99999 -0.00359 -0.0003 -0.99999 -0.00359 -0.0003 -0.99999 -0.00359 0.3334 -0.07939 0.93944 0.00033 -0.02592 0.99966 0.35774 -0.08317 0.93011 0.04014 -0.03247 0.99867 -0.54691 -0.7576 0.35627 -0.51458 -0.76645 0.3844 -0.47669 -0.77471 0.41544 -0.53247 -0.76177 0.36903 -0.09121 -0.91511 -0.39275 -0.02765 -0.90532 -0.42382 -0.00042 -0.89973 -0.43645 -0.06305 -0.91134 -0.40679 -0.06665 0.59877 -0.79814 0.24762 0.69598 -0.67401 0.16274 0.67753 -0.71726 -0.16148 0.55418 -0.81658 0.00036 0.08083 0.99673 0.00036 0.08083 0.99673 0.00036 0.08083 0.99673 0.00036 0.08083 0.99673 -0.25319 -0.79894 0.54552 -0.30446 -0.85842 0.41281 -0.34763 -0.89688 0.27343 -0.30101 -0.85482 0.42269 0.12178 -0.26807 -0.95567 -0.00039 -0.20524 -0.97871 0.16916 -0.29134 -0.94154 0.054 -0.23371 -0.97081 0.00019 0.95606 -0.29317 0.15041 0.95256 -0.2646 0.01961 0.95687 -0.28986 0.17321 0.95004 -0.25965 0.38903 -0.47138 -0.79149 0.14796 -0.35515 -0.92303 0.30303 -0.4329 -0.84898 -0.00041 -0.27184 -0.96234 -0.0699 0.38105 -0.92191 -0.00022 0.33678 -0.94158 -0.04016 0.36245 -0.93114 -0.1032 0.40135 -0.91009 0.00021 -0.36782 0.9299 0.00021 -0.36782 0.9299 0.00021 -0.36782 0.9299 0.00021 -0.36782 0.9299 -1 0.0003 0.00034 -1 0.0003 0.00034 -1 0.0003 0.00034 -1 0.0003 0.00034 -1 0.0003 0.00034 -1 0.0003 0.00034 -1 0.0003 0.00034 0.0003 0.99999 0.00359 0.0003 0.99999 0.00359 0.0003 0.99999 0.00359 0.0003 0.99999 0.00359 0.01034 0.3456 -0.93833 0.00038 0.34645 -0.93807 0.0098 0.34565 -0.93831 -0.00021 0.3465 -0.93805 0.08436 0.3276 0.94104 0.0052 0.33548 0.94203 0.07995 0.3281 0.94125 0.00042 0.33589 0.9419 0.83437 -0.19414 -0.51589 0.84596 -0.19078 -0.49794 0.8354 -0.19385 -0.51432 0.84693 -0.19049 -0.49641 -0.0003 -0.99999 -0.00359 -0.0003 -0.99999 -0.00359 -0.0003 -0.99999 -0.00359 -0.0003 -0.99999 -0.00359 0.28192 -0.95753 0.06051 0.52168 -0.84385 0.12557 0.48792 -0.8651 0.11634 0.19495 -0.98011 0.03719 -0.23174 -0.62069 -0.74902 -0.35705 -0.56579 -0.74323 -0.26868 -0.60591 -0.74879 -0.37501 -0.55678 -0.74119 -0.01453 0.99782 0.06444 -0.20642 0.9245 -0.32046 -0.27776 0.88934 -0.36321 -0.07275 0.99734 -0.00379 -0.0579 0.95374 0.29499 0.00039 0.17245 0.98502 -0.39486 0.28875 0.87219 -0.10443 0.20641 0.97288 -0.44945 0.30203 0.8407 -0.49671 0.73678 -0.45873 -0.57446 0.73659 -0.35696 -0.60823 0.73225 -0.30636 -0.5335 0.7382 -0.41284 -0.00036 -0.0901 -0.99593 -0.00036 -0.06571 -0.99784 -0.00036 -0.07642 -0.99708 -0.00036 -0.06571 -0.99784 -0.00036 -0.07642 -0.99708 -0.00037 -0.10285 -0.9947 -0.00037 -0.11854 -0.99295 0.25198 -0.9618 0.10702 -0.00019 -0.96064 0.27779 0.15916 -0.97199 0.17294 0.39617 -0.91817 -0.00343 -1 0.0003 0.00034 -1 0.0003 0.00034 -1 0.0003 0.00034 -1 0.0003 0.00034 -1 0.0003 0.00034 -1 0.0003 0.00034 -1 0.0003 0.00034 -1 0.0003 0.00034 -1 0.0003 0.00034 -1 0.0003 0.00034 -1 0.0003 0.00034 -1 0.0003 0.00034 -1 0.0003 0.00034 -1 0.0003 0.00034 -1 0.0003 0.00034 -1 0.0003 0.00034 -1 0.0003 0.00034 -0.0222 0.04865 0.99857 -0.51419 0.10554 0.85116 -0.0903 0.05727 0.99427 -0.54044 0.10817 0.8344 0.38321 0.92238 -0.04866 0.26084 0.95344 -0.15137 0.34585 0.93387 -0.09092 0.22949 0.96332 -0.13908 0.44648 0.89251 0.06388 -0.08529 0.83129 0.54926 0.18762 0.69594 0.69316 0.0711 0.76494 0.64017 -0.19764 0.8603 0.46992 -0.0003 -0.99999 -0.00359 -0.0003 -0.99999 -0.00359 -0.0003 -0.99999 -0.00359 -0.0003 -0.99999 -0.00359 -0.20998 -0.05471 -0.97617 -0.02002 -0.02777 -0.99941 -0.19442 -0.05254 -0.97951 -0.00035 -0.02493 -0.99969 -0.33956 -0.10903 0.93424 -0.03396 -0.06707 0.99717 0.00032 -0.06198 0.99808 -0.31596 -0.10603 0.94283 -0.00018 -0.95437 0.29862 0.26992 -0.95589 0.11584 0.17132 -0.96743 0.18635 0.42277 -0.90623 -0.00339 0.41126 -0.07474 -0.90845 -0.00034 -0.01414 -0.9999 0.04597 -0.02109 -0.99872 0.43856 -0.07866 -0.89525 0.25404 -0.07781 0.96406 0.01842 -0.04234 0.99893 0.27265 -0.08051 0.95874 0.0545 -0.04792 0.99736 0.55764 -0.79772 0.22953 0.68756 -0.63798 0.34677 0.62626 -0.72386 0.28952 0.47415 -0.86567 0.1606 -1 0.0003 0.00034 -1 0.0003 0.00034 -1 0.0003 0.00034 -1 0.0003 0.00034 -1 0.0003 0.00034 -1 0.0003 0.00034 -1 0.0003 0.00034 -1 0.0003 0.00034 -1 0.0003 0.00034 -1 0.0003 0.00034 -0.00034 -0.01695 -0.99986 -0.00034 -0.01695 -0.99986 -0.00034 -0.01695 -0.99986 0.28069 0.95649 0.07961 0.15811 0.97569 0.15173 0.24296 0.96462 0.10235 0.08162 0.97755 0.19426 -0.00034 -0.00406 -0.99999 -0.00034 0.0007 -1 -0.00034 -0.01695 -0.99986 -0.00034 -0.00812 -0.99997 -0.00034 0.0007 -1 0.0003 0.99999 0.00359 0.0003 0.99999 0.00359 0.0003 0.99999 0.00359 0.0003 0.99999 0.00359 -0.00034 0.00359 -0.99999 -0.00034 0.00359 -0.99999 -0.00034 0.00359 -0.99999 -0.00034 0.00359 -0.99999 -0.0003 -0.99999 -0.00359 -0.0003 -0.99999 -0.00359 -0.0003 -0.99999 -0.00359 -0.0003 -0.99999 -0.00359 0.25062 -0.06024 0.96621 0.00033 -0.01513 0.99989 0.03245 -0.02098 0.99925 0.27024 -0.06374 0.96068 -0.0003 -0.99999 -0.00359 -0.0003 -0.99999 -0.00359 -0.0003 -0.99999 -0.00359 -0.0003 -0.99999 -0.00359 -1 0.0003 0.00034 -1 0.0003 0.00034 -1 0.0003 0.00034 -1 0.0003 0.00034 -1 0.0003 0.00034 -1 0.0003 0.00034 -1 0.0003 0.00034 -1 0.0003 0.00034 -1 0.0003 0.00034 -1 0.0003 0.00034 -1 0.0003 0.00034 -1 0.0003 0.00034 0.4713 0.84531 -0.25163 0.14624 0.98325 -0.10881 0.39775 0.89075 -0.21992 0.00028 0.99909 -0.04272 0.00044 0.80338 0.59547 -0.05969 0.78512 0.61646 -0.07999 0.77816 0.62295 -0.02176 0.79705 0.60352 0.00035 0.03791 0.99928 0.04955 0.03128 0.99828 0.00494 0.03729 0.99929 0.05462 0.03059 0.99804 0.00034 -0.00359 0.99999 0.00034 -0.00359 0.99999 0.00034 -0.00359 0.99999 0.00034 -0.00359 0.99999 0.0003 0.99999 0.00359 0.0003 0.99999 0.00359 0.0003 0.99999 0.00359 0.0003 0.99999 0.00359 0.41753 -0.90743 -0.04725 0.23393 -0.96294 -0.13428 0.30363 -0.94726 -0.10251 0.45618 -0.88946 -0.02744 0.1915 -0.09156 0.97721 0.00032 -0.06392 0.99795 0.20772 -0.0938 0.97368 0.02054 -0.06695 0.99754 -0.17368 -0.06334 -0.98276 -0.01661 -0.04104 -0.99902 -0.00035 -0.03868 -0.99925 -0.16019 -0.06146 -0.98517 0.03287 -0.41149 0.91082 -0.04782 -0.67105 0.73987 0.01295 -0.5655 0.82465 0.00019 -0.39766 0.91753 -0.14755 -0.7783 0.61031 -1 0.0003 0.00034 -1 0.0003 0.00034 -1 0.0003 0.00034 -1 0.0003 0.00034 -1 0.0003 0.00034 -1 0.0003 0.00034 -1 0.0003 0.00034 -1 0.0003 0.00034 -1 0.0003 0.00034 -1 0.0003 0.00034 -1 0.0003 0.00034 -1 0.0003 0.00034 -1 0.0003 0.00034 -1 0.0003 0.00034 -1 0.0003 0.00034 -1 0.0003 0.00034 -1 0.0003 0.00034 -1 0.0003 0.00034 0.00034 0.99386 0.11064 0.00034 0.99386 0.11064 0.00034 0.99386 0.11064 0.00034 0.99386 0.11064 0.11864 -0.60615 -0.78645 0.18642 -0.6234 -0.75935 0.15123 -0.61485 -0.77401 0.09829 -0.60034 -0.79368 -0.10896 -0.98736 -0.11513 -0.08876 -0.9885 -0.12247 -0.09384 -0.98825 -0.12063 -0.11585 -0.98686 -0.11261 0.43958 0.88004 -0.17973 0.23661 0.96298 -0.12915 0.36277 0.91786 -0.16101 0.19748 0.97306 -0.119 -0.10416 0.49979 -0.85986 -0.00013 0.53597 -0.84424 -0.14673 0.48306 -0.86321 -0.03394 0.52494 -0.85046 0.91037 -0.22981 -0.3441 0.83908 -0.34408 -0.42137 0.95417 -0.12704 -0.27096 0.8654 -0.30645 -0.39644 -0.30941 0.76783 -0.56099 0.33187 0.92635 0.17814 0.07873 0.98232 -0.16987 0.01127 0.94497 -0.32695 -0.36468 0.74111 -0.56371 0.26388 0.95393 0.14276 0.80722 -0.58952 -0.02921 0.71402 -0.70011 -0.00372 0.81789 -0.57446 -0.03243 0.73162 -0.68166 -0.00823 -1 0.0003 0.00034 -1 0.0003 0.00034 -1 0.0003 0.00034 -1 0.0003 0.00034 -1 0.0003 0.00034 -1 0.0003 0.00034 -1 0.0003 0.00034 -1 0.0003 0.00034 -1 0.0003 0.00034 -1 0.0003 0.00034 -1 0.0003 0.00034 -1 0.0003 0.00034 -1 0.0003 0.00034 -1 0.0003 0.00034 -1 0.0003 0.00034 -1 0.0003 0.00034 -1 0.0003 0.00034 -1 0.0003 0.00034 -1 0.0003 0.00034 -1 0.0003 0.00034 -1 0.0003 0.00034 0.00031 0.99908 0.04298 0.00031 0.99908 0.04298 0.00031 0.99908 0.04298 0.00031 0.99908 0.04298 -0.15563 0.60004 -0.78468 0.18044 0.76052 -0.62374 0.06116 0.7167 -0.69469 -0.26246 0.52446 -0.80997 -0.27263 0.67524 0.68537 -0.07721 0.63591 0.76789 -0.14882 0.65368 0.74199 -0.31346 0.67964 0.6632 0.18032 -0.23435 0.95528 0.4438 -0.28898 0.84825 0.1058 -0.21604 0.97064 0.40741 -0.28248 0.86846 -0.01398 -0.73478 0.67816 -0.17595 -0.74284 0.64593 0.00379 -0.73268 0.68056 -0.12809 -0.74257 0.65741 -3e-05 0.70224 -0.71194 -2e-05 0.71268 -0.70149 -2e-05 0.72297 -0.69088 -3e-05 0.70523 -0.70898 -3e-05 0.70224 -0.71194 4e-05 -0.68077 0.7325 4e-05 -0.68077 0.7325 4e-05 -0.68077 0.7325 4e-05 -0.68077 0.7325 -0.0001 0.58748 -0.80924 -9e-05 0.59975 -0.80019 -8e-05 0.62379 -0.7816 -6e-05 0.64711 -0.7624 -6e-05 0.65852 -0.75256 -6e-05 0.65852 -0.75256 -6e-05 0.64711 -0.7624 -8e-05 0.62379 -0.7816 -9e-05 0.59975 -0.80019 -0.0001 0.58748 -0.80924 0.82286 -0.56139 -0.08799 0.75881 -0.65118 -0.01275 0.82961 -0.54986 -0.09699 0.87262 -0.46064 -0.16233 0.36253 0.63375 -0.68332 -0.13076 0.53819 -0.83262 0.18831 0.65563 -0.73123 -0.22402 0.48811 -0.84354 0.371 0.63029 -0.68198 -0.62346 -0.76277 -0.17169 -0.5496 -0.80448 -0.22528 -0.60199 -0.77608 -0.18793 -0.49449 -0.82891 -0.26152 0.83965 -0.54303 -0.01017 0.82578 -0.56396 -0.00577 0.82143 -0.57029 -0.00442 0.83728 -0.54669 -0.00941 -1 0.0003 0.00034 -1 0.0003 0.00034 -1 0.0003 0.00034 -1 0.0003 0.00034 -1 0.0003 0.00034 -1 0.0003 0.00034 -1 0.0003 0.00034 -1 0.0003 0.00034 -1 0.0003 0.00034 -1 0.0003 0.00034 -1 0.0003 0.00034 -1 0.0003 0.00034 -1 0.0003 0.00034 -1 0.0003 0.00034 -1 0.0003 0.00034 0.18113 0.78923 0.58678 -0.18176 0.69122 0.69942 -0.2607 0.65402 0.71013 0.09408 0.77645 0.62312 0.24483 0.00405 0.96956 0.17606 -0.02703 0.98401 0.22484 -0.00505 0.97438 0.13878 -0.04362 0.98936 3e-05 -0.70253 0.71165 -0.14547 -0.67964 0.71898 -0.01474 -0.70091 0.7131 -0.15713 -0.67714 0.71888 -3e-05 0.70226 -0.71192 -3e-05 0.70226 -0.71192 -3e-05 0.70226 -0.71192 -3e-05 0.70226 -0.71192 -0.19543 0.66193 -0.72364 -0.13465 0.67439 -0.72599 -0.13054 0.67514 -0.72605 -0.1916 0.66279 -0.72387 -0.23484 -0.16808 -0.95739 0.03003 0.02759 -0.99917 -0.12266 -0.08514 -0.98879 0.15087 0.11666 -0.98165 0.3426 -0.64521 0.68288 -0.07049 -0.55852 0.82649 0.42119 -0.64725 0.63534 0.04369 -0.59417 0.80315 0.1657 -0.16152 -0.97286 -0.04078 -0.40233 -0.91459 0.0626 -0.28647 -0.95604 -0.15455 -0.51901 -0.84068 0.17727 0.90519 -0.38627 -0.03736 0.86953 -0.49246 0.11601 0.90033 -0.41946 -0.1067 0.84698 -0.5208 -0.24792 0.94992 0.19021 -0.24101 0.95117 0.19286 -0.24912 0.9497 0.18974 -0.24349 0.95073 0.19191 0.19404 0.59996 0.77614 -0.12298 0.49308 0.86125 0.11921 0.58064 0.80538 -0.19611 0.45911 0.86646 -0.07755 -0.08521 0.99334 0.14064 -0.00445 0.99005 0.09799 -0.02048 0.99498 -0.12214 -0.10133 0.98733 -1 0.0003 0.00034 -1 0.0003 0.00034 -1 0.0003 0.00034 -1 0.0003 0.00034 -1 0.0003 0.00034 -1 0.0003 0.00034 -1 0.0003 0.00034 -1 0.0003 0.00034 -1 0.0003 0.00034 -1 0.0003 0.00034 -1 0.0003 0.00034 -1 0.0003 0.00034 -1 0.0003 0.00034 -1 0.0003 0.00034 -1 0.0003 0.00034 -1 0.0003 0.00034 -1 0.0003 0.00034 -1 0.0003 0.00034 -1 0.0003 0.00034 -1 0.0003 0.00034 -1 0.0003 0.00034 -1 0.0003 0.00034 -1 0.0003 0.00034 0.2746 0.95183 -0.13643 0.40298 0.89752 -0.17907 0.22195 0.96781 -0.11867 0.37492 0.91137 -0.16984 -0.25936 0.364 -0.89456 -0.00026 0.24413 -0.96974 -0.3281 0.39199 -0.85947 -0.10617 0.29573 -0.94935 0.00034 -0.00359 0.99999 0.00034 -0.00359 0.99999 0.00034 -0.00359 0.99999 0.00034 -0.00359 0.99999 0.00034 -0.00359 0.99999 0.00034 -0.00359 0.99999 0.00034 -0.00359 0.99999 0.00034 -0.00359 0.99999 0.00019 0.95686 -0.29056 0.00018 0.95387 -0.30021 0.00018 0.95079 -0.30983 0.00018 0.95079 -0.30983 0.00018 0.95182 -0.30666 0.05299 -0.96845 0.24352 0.25347 -0.92312 0.28914 0.01839 -0.97191 0.23462 0.22296 -0.93288 0.28288 -1 0.0003 0.00034 -1 0.0003 0.00034 -1 0.0003 0.00034 -1 0.0003 0.00034 -1 0.0003 0.00034 -1 0.0003 0.00034 -1 0.0003 0.00034 -1 0.0003 0.00034 -1 0.0003 0.00034 -1 0.0003 0.00034 -1 0.0003 0.00034 -1 0.0003 0.00034 -1 0.0003 0.00034 -1 0.0003 0.00034 -1 0.0003 0.00034 -1 0.0003 0.00034 -1 0.0003 0.00034 -1 0.0003 0.00034 -1 0.0003 0.00034 -1 0.0003 0.00034 -1 0.0003 0.00034 -1 0.0003 0.00034 -1 0.0003 0.00034 -1 0.0003 0.00034 -1 0.0003 0.00034 -1 0.0003 0.00034 -1 0.0003 0.00034 -1 0.0003 0.00034 -1 0.0003 0.00034 0.30237 0.94143 0.14929 0.34703 0.92929 0.12646 0.33446 0.93298 0.13297 0.28044 0.94641 0.1602 -0.28314 0.70832 -0.64662 -0.10627 0.79406 -0.59848 -0.16164 0.77094 -0.61606 -0.03229 0.8199 -0.57159 -0.07341 0.16343 -0.98382 -0.00207 0.13139 -0.99133 0.0266 0.11828 -0.99262 -0.04671 0.15153 -0.98735 0.00018 0.95079 -0.30983 0.00018 0.95079 -0.30983 0.00018 0.95079 -0.30983 0.03041 -0.97976 0.19787 -0.20214 -0.94452 0.25887 -0.02987 -0.97619 0.21485 -0.23424 -0.93499 0.2663 0.00019 0.95686 -0.29056 0.00018 0.95387 -0.30021 0.00018 0.95079 -0.30983 0.00019 0.95562 -0.29461 -1 0.0003 0.00034 -1 0.0003 0.00034 -1 0.0003 0.00034 -1 0.0003 0.00034 -1 0.0003 0.00034 -1 0.0003 0.00034 -1 0.0003 0.00034 -1 0.0003 0.00034 -1 0.0003 0.00034 -1 0.0003 0.00034 -1 0.0003 0.00034 -1 0.0003 0.00034 -1 0.0003 0.00034 -1 0.0003 0.00034 -1 0.0003 0.00034 -1 0.0003 0.00034 -1 0.0003 0.00034 -1 0.0003 0.00034 -1 0.0003 0.00034 -1 0.0003 0.00034 -1 0.0003 0.00034 -1 0.0003 0.00034 -1 0.0003 0.00034 -1 0.0003 0.00034 -1 0.0003 0.00034 -1 0.0003 0.00034 -1 0.0003 0.00034 -1 0.0003 0.00034 -1 0.0003 0.00034 -1 0.0003 0.00034 0.16114 0.94024 0.29997 -0.17717 0.87637 0.44787 -0.26908 0.83579 0.47859 0.05517 0.93435 0.35205 -0.11977 0.76107 -0.63751 -0.03935 0.73842 -0.67319 -0.14747 0.76747 -0.62389 -0.07444 0.74904 -0.65833 0.10146 0.08678 -0.99105 0.03251 0.06494 -0.99736 0.05051 0.07067 -0.99622 0.12777 0.09504 -0.98724 -0.21692 -0.52626 -0.82219 -0.30245 -0.48381 -0.82125 -0.19609 -0.53574 -0.8213 -0.2678 -0.50171 -0.82254 -0.01936 -0.99933 0.03108 0.17828 -0.97786 -0.10956 0.09003 -0.99485 -0.04663 -0.1164 -0.98818 0.09975 -1 0.0003 0.00034 -1 0.0003 0.00034 -1 0.0003 0.00034 -1 0.0003 0.00034 -1 0.0003 0.00034 -1 0.0003 0.00034 -1 0.0003 0.00034 -1 0.0003 0.00034 -1 0.0003 0.00034 -1 0.0003 0.00034 -1 0.0003 0.00034 -1 0.0003 0.00034 -1 0.0003 0.00034 -1 0.0003 0.00034 -1 0.0003 0.00034 -1 0.0003 0.00034 -1 0.0003 0.00034 -1 0.0003 0.00034 -1 0.0003 0.00034 -1 0.0003 0.00034 -1 0.0003 0.00034 0.0738 -0.74691 0.66082 -0.30319 -0.59227 0.74652 -0.38204 -0.54262 0.74807 -0.04697 -0.71124 0.70138 -0.12139 0.08666 0.98881 0.13354 -0.09369 0.9866 0.04527 -0.03123 0.99849 -0.20263 0.14412 0.96859 0.42306 0.52635 0.73754 0.3395 0.59245 0.73058 0.38429 0.55825 0.73531 0.23832 0.66029 0.71219 -0.08717 0.99271 -0.08325 -0.23309 0.9724 -0.01039 -0.27195 0.96226 0.00961 -0.14871 0.98746 -0.05294 -1 0.0003 0.00034 -1 0.0003 0.00034 -1 0.0003 0.00034 -1 0.0003 0.00034 -1 0.0003 0.00034 -1 0.0003 0.00034 -1 0.0003 0.00034 -1 0.0003 0.00034 -1 0.0003 0.00034 -1 0.0003 0.00034 -1 0.0003 0.00034 -1 0.0003 0.00034 -1 0.0003 0.00034 -1 0.0003 0.00034 -1 0.0003 0.00034 -1 0.0003 0.00034 -1 0.0003 0.00034 -1 0.0003 0.00034 -1 0.0003 0.00034 -1 0.0003 0.00034 -1 0.0003 0.00034 -1 0.0003 0.00034 -1 0.0003 0.00034 -1 0.0003 0.00034 -1 0.0003 0.00034 -1 0.0003 0.00034 -1 0.0003 0.00034 -1 0.0003 0.00034 -1 0.0003 0.00034 -1 0.0003 0.00034 0.00036 0.08865 0.99606 0.00036 0.07578 0.99712 0.00037 0.11708 0.99312 0.00038 0.14824 0.98895 0.00038 0.16382 0.98649 0.00036 0.08865 0.99606 0.00036 0.07578 0.99712 0.00037 0.11708 0.99312 0.00038 0.14824 0.98895 0.00038 0.16382 0.98649 0.0003 0.99999 0.00359 0.0003 0.99999 0.00359 0.0003 0.99999 0.00359 0.0003 0.99999 0.00359 -0.30986 -0.52559 0.7923 0.00021 -0.35854 0.93352 -0.39942 -0.56307 0.72347 -0.16379 -0.45351 0.87607 -0.0003 0.11422 -0.99346 -0.0003 0.11422 -0.99346 -0.0003 0.11422 -0.99346 -0.0003 0.11422 -0.99346 -1 0.0003 0.00034 -1 0.0003 0.00034 -1 0.0003 0.00034 -1 0.0003 0.00034 -1 0.0003 0.00034 -1 0.0003 0.00034 -1 0.0003 0.00034 -1 0.0003 0.00034 -1 0.00028 0.00027 -1 0.00046 -0.00099 -1 -0.0015 0.00079 -0.99999 -0.00362 0.00105 -0.99998 0.00561 0.00046 -1 0.00036 0.00059 -1 0.0003 0.00034 -1 0.0003 0.00034 -1 0.0003 0.00034 -1 0.0003 0.00034 -1 0.0003 0.00034 -1 0.0003 0.00034 -1 0.0003 0.00034 -1 0.0003 0.00033 -1 0.00045 0.00036 -1 0.00047 0.00036 -0.99999 0.00086 -0.00432 -1 -0.00206 0.0013 -1 -0.00028 0.00101 -1 0.0003 0.00034 -1 0.0003 0.00034 -1 0.0003 0.00034 -1 0.0003 0.00034 -1 0.0003 0.00034 -1 0.0003 0.00034 -1 0.0003 0.00034 -1 0.0003 0.00034 -1 0.0003 0.00034 -1 0.00058 -0.00195 -1 0.0003 0.00034 -1 0.0003 0.00034 -1 0.0003 0.00034 -1 0.0003 0.00034 -1 0.0003 0.00034 -1 0.0003 0.00034 -1 0.0003 0.00034 -1 0.0003 0.00034 -1 0.0003 0.00034 -1 0.0003 0.00034 -1 0.0003 0.00034 -1 0.0003 0.00034 -1 0.0003 0.00034 -1 0.0003 0.00034 -1 0.0003 0.00034 -1 0.0003 0.00034 -1 0.0003 0.00034 -1 0.0003 0.00034 -1 0.0003 0.00034 -1 0.0003 0.00034 -1 0.0003 0.00034 -1 0.0003 0.00034 -1 0.0003 0.00034 -1 0.0003 0.00034 -1 0.0003 0.00034 -1 0.0003 0.00034 -1 0.0003 0.00034 -1 0.0003 0.00034 -1 0.0003 0.00034 -1 0.0003 0.00034 -1 0.0003 0.00034 -1 0.0003 0.00034 -1 0.0003 0.00034 -1 0.0003 0.00034 -1 0.0003 0.00034 -1 0.0003 0.00034 -0.99998 0.00624 0.00045 -1 0.0003 0.00034 -1 0.0003 0.00034 -1 0.0003 0.00034 -1 0.0003 0.00034 -1 0.0003 0.00034 -1 0.0003 0.00034 -1 0.0003 0.00034 -1 0.0003 0.00034 -1 0.0003 0.00034 -1 0.0003 0.00034 -1 0.0003 0.00034 -0.99999 0.00373 0.00038 -0.99998 0.00646 0.00021 -1 0.0003 0.00034 -1 0.0003 0.00034 -1 0.0003 0.00034 -1 0.0003 0.00034 -1 0.0003 0.00034 -1 0.0003 0.00034 -1 0.0003 0.00034 -1 0.0003 0.00034 -1 0.0003 0.00034 -1 0.0003 0.00034 -1 0.0003 0.00034 -1 0.0003 0.00034 -1 0.0003 0.00034 -1 0.0003 0.00034 -1 0.00043 0.0005 -1 0.0003 0.00034 -1 0.0003 0.00034 -1 0.0003 0.00034 -1 0.0003 0.00034 -1 0.0003 0.00034 -1 0.0003 0.00034 -1 0.0003 0.00034 -1 0.0003 0.00034 -1 0.0003 0.00034 -1 0.0003 0.00034 -1 0.0003 0.00034 -1 0.0003 0.00034 -1 0.0003 0.00034 -1 0.0003 0.00034 -1 0.0003 0.00034 -1 0.0003 0.00034 -1 0.0003 0.00034 -1 0.0003 0.00034 -1 0.0003 0.00034 -1 0.0003 0.00034 -1 0.0003 0.00034 -1 0.0003 0.00034 -1 0.0003 0.00034 -1 0.0003 0.00034 -1 0.0003 0.00034 -1 0.0003 0.00034 -1 0.0003 0.00034 -1 0.0003 0.00034 -1 0.0003 0.00034 -1 0.0003 0.00034 -1 0.0003 0.00034 -1 0.0003 0.00034 -1 0.0003 0.00034 -1 0.0003 0.00034 -1 0.0003 0.00034 -1 0.0003 0.00034 -1 0.0003 0.00034 -1 0.0003 0.00034 -1 0.0003 0.00034 -1 0.0003 0.00034 -1 0.0003 0.00034 -1 0.0003 0.00034 -1 0.0003 0.00034 -1 0.0003 0.00034 -1 0.0003 0.00034 -1 0.0003 0.00034 -1 0.0003 0.00034 -1 0.0003 0.00034 -1 0.0003 0.00034 -1 0.0003 0.00034 -1 0.0003 0.00034 -1 0.0003 0.00034 -1 0.0003 0.00034 -1 0.0003 0.00034 -1 0.0003 0.00034 -1 0.0003 0.00034 -1 0.0003 0.00034 -1 0.0003 0.00034 -1 0.0003 0.00034 -1 0.0003 0.00034 -1 0.0003 0.00034 -1 0.0003 0.00034 -1 0.0003 0.00034 -1 -0.00082 0.00038 -1 0.0003 0.00034 -1 0.0003 0.00034 -1 -0.00093 0.00046 -1 -0.00097 0.00056 -1 0.0003 0.00034 -1 0.00034 0.00033 -1 0.0003 0.00034 -1 0.0003 0.00034 -1 0.00034 0.00036 -1 0.00042 0.00035 -1 0.00039 0.00078 -1 0.0003 0.00034 -1 0.0003 0.00034 -1 0.0003 0.00034 -1 0.0003 0.00034 -1 0.0003 0.00034 -1 0.0003 0.00034 -1 0.0003 0.00034 -1 0.0003 0.00034 -1 0.0003 0.00034 -1 0.0003 0.00034 -1 0.0003 0.00034 -1 0.0003 0.00034 -1 0.0003 0.00034 -1 0.0003 0.00034 -1 0.00022 0.00031 -1 0.0003 0.00034 -1 0.0003 0.00032 -1 0.0003 0.00034 -1 0.0003 0.00034 -1 0.0003 0.00034 -1 0.00024 0.00027 -1 0.0003 0.00034 -1 0.0003 0.00034 -1 0.0003 0.00034 -1 0.0003 0.00034 -1 0.0003 0.00034 -1 0.0003 0.00034 -1 0.0003 0.00034 -1 0.0003 0.00034 -1 0.0003 0.00034 -1 0.0003 0.00034 -1 0.0003 0.00034 -1 0.0003 0.00034 -1 0.0003 0.00034 -1 0.0003 0.00034 -1 0.0003 0.00034 -1 0.0003 0.00034 -1 0.0003 0.00034 -1 0.0003 0.00034 -1 0.0003 0.00034 -1 0.0003 0.00034 -1 0.0003 0.00034 -1 0.0003 0.00034 -1 0.0003 0.00034 -1 0.0003 0.00034 -1 0.0003 0.00034 -1 0.0003 0.00034 -1 0.0003 0.00034 -1 0.0003 0.00034 -1 0.0003 0.00034 -1 0.0003 0.00034 -1 0.0003 0.00034 -1 0.0003 0.00034 -1 0.0003 0.00034 -1 0.0003 0.00034 -1 0.0003 0.00034 -1 0.0003 0.00034 -1 0.0003 0.00034 -1 0.0003 0.00034 -1 0.0003 0.00034 -1 0.0003 0.00034 -1 0.0003 0.00034 -1 0.0003 0.00034 -1 0.0003 0.00034 -1 0.0003 0.00034 -1 0.0003 0.00034 -1 0.0003 0.00034 -1 0.0003 0.00034 -1 0.0003 0.00034 -1 0.0003 0.00034 -1 0.0003 0.00034 -1 0.0003 0.00034 -1 0.0003 0.00034 -1 0.0003 0.00034 -1 0.0003 0.00034 -1 0.0003 0.00034 -1 0.0003 0.00034 -1 0.0003 0.00034 -1 0.0003 0.00034 -1 0.0003 0.00034 1 -0.0003 -0.00034 1 -0.0003 -0.00034 1 -0.0003 -0.00034 1 -0.0003 -0.00034 0.99999 0.00322 -0.0003 0.99997 0.00714 -0.00026 1 0.00096 0.00079 1 0.00078 0.00293 1 -0.0003 -0.00034 0.99999 0.0044 -0.00036 0.99999 0.00426 0.0004 1 0.00098 0.00292 0.63003 0.44246 -0.63819 0.63003 0.44246 -0.63819 0.63003 0.44246 -0.63819 -0.82769 -0.29516 0.4773 -0.82769 -0.29516 0.4773 -0.82769 -0.29516 0.4773 -0.30256 -0.31868 0.89828 -0.30256 -0.31868 0.89828 -0.30256 -0.31868 0.89828 -0.76931 0.13967 -0.62343 -0.76931 0.13967 -0.62343 -0.76931 0.13967 -0.62343 -0.63003 -0.44246 0.63819 -0.63003 -0.44246 0.63819 -0.63003 -0.44246 0.63819 0.93231 0.34527 -0.10766 0.93231 0.34527 -0.10766 0.93231 0.34527 -0.10766 0.86739 -0.089 0.4896 0.86739 -0.089 0.4896 0.86739 -0.089 0.4896 0.15597 -0.74656 -0.64678 0.15597 -0.74656 -0.64678 0.15597 -0.74656 -0.64678 0.99035 0.12752 0.05423 0.99035 0.12752 0.05423 0.99035 0.12752 0.05423 -0.13344 0.35295 0.92608 -0.13344 0.35295 0.92608 -0.13344 0.35295 0.92608 0.24616 -0.18274 -0.95185 0.24616 -0.18274 -0.95185 0.24616 -0.18274 -0.95185 -0.26087 0.96537 0.00355 -0.26087 0.96537 0.00355 -0.26087 0.96537 0.00355 0.18092 -0.97285 0.14433 0.18092 -0.97285 0.14433 0.18092 -0.97285 0.14433 0.81827 -0.57482 -0.00445 0.81827 -0.57482 -0.00445 0.81827 -0.57482 -0.00445 0.00034 -0.00359 0.99999 0.00034 -0.00359 0.99999 0.00034 -0.00359 0.99999 0.17358 0.80289 -0.57029 0.17358 0.80289 -0.57029 0.17358 0.80289 -0.57029 0.17288 0.98251 0.06923 0.17288 0.98251 0.06923 0.17288 0.98251 0.06923 0.32578 0.50993 0.79614 0.32578 0.50993 0.79614 0.32578 0.50993 0.79614 0.63655 -0.47894 0.60449 0.63655 -0.47894 0.60449 0.63655 -0.47894 0.60449 -0.02049 -0.70269 0.7112 -0.02049 -0.70269 0.7112 -0.02049 -0.70269 0.7112 -0.24535 -0.11145 0.96301 -0.24535 -0.11145 0.96301 -0.24535 -0.11145 0.96301 -0.21138 0.69806 0.68412 -0.21138 0.69806 0.68412 -0.21138 0.69806 0.68412 -0.46988 0.86787 -0.1613 -0.46988 0.86787 -0.1613 -0.46988 0.86787 -0.1613 -0.20219 0.39505 -0.89613 -0.20219 0.39505 -0.89613 -0.20219 0.39505 -0.89613 0.79776 -0.23703 -0.55443 0.79776 -0.23703 -0.55443 0.79776 -0.23703 -0.55443 -0.00034 -0.99323 -0.1162 -0.00034 -0.99323 -0.1162 -0.00034 -0.99323 -0.1162 -0.25089 -0.95577 0.15348 -0.25089 -0.95577 0.15348 -0.25089 -0.95577 0.15348 0.10946 -0.81584 0.56782 0.10946 -0.81584 0.56782 0.10946 -0.81584 0.56782 0.26349 -0.94915 -0.17228 0.26349 -0.94915 -0.17228 0.26349 -0.94915 -0.17228 0.93271 -0.34832 -0.09344 0.93271 -0.34832 -0.09344 0.93271 -0.34832 -0.09344 0.2116 -0.97735 -0.00358 0.2116 -0.97735 -0.00358 0.2116 -0.97735 -0.00358 -0.73128 0.51222 0.4504 -0.73128 0.51222 0.4504 -0.73128 0.51222 0.4504 0.00034 -0.00359 0.99999 0.00034 -0.00359 0.99999 0.00034 -0.00359 0.99999 -0.06959 0.99176 -0.10756 -0.06959 0.99176 -0.10756 -0.06959 0.99176 -0.10756 0.88182 0.45769 0.11363 0.88182 0.45769 0.11363 0.88182 0.45769 0.11363 -0.17177 0.85876 -0.48273 -0.17177 0.85876 -0.48273 -0.17177 0.85876 -0.48273 -4e-05 -0.80968 0.58687 -4e-05 -0.80968 0.58687 -4e-05 -0.80968 0.58687 0.86296 -0.50182 -0.05897 0.86296 -0.50182 -0.05897 0.86296 -0.50182 -0.05897 -0.70297 -0.27348 -0.65654 -0.70297 -0.27348 -0.65654 -0.70297 -0.27348 -0.65654 -0.11682 -0.2366 0.96456 -0.11682 -0.2366 0.96456 -0.11682 -0.2366 0.96456 0.20789 -0.88742 -0.41143 0.20789 -0.88742 -0.41143 0.20789 -0.88742 -0.41143 0.22296 0.10443 -0.96922 0.22296 0.10443 -0.96922 0.22296 0.10443 -0.96922 0.30897 0.24804 -0.91816 0.30897 0.24804 -0.91816 0.30897 0.24804 -0.91816 0.41467 0.86701 0.2763 0.41467 0.86701 0.2763 0.41467 0.86701 0.2763 -0.09329 0.80187 0.59017 -0.09329 0.80187 0.59017 -0.09329 0.80187 0.59017 0.00012 -0.54018 0.84155 0.00012 -0.54018 0.84155 0.00012 -0.54018 0.84155 0.00043 0.3883 0.92153 0.00043 0.3883 0.92153 0.00043 0.3883 0.92153 0.00042 0.35837 0.93358 0.00042 0.35837 0.93358 0.00042 0.35837 0.93358 -0.00042 -0.35837 -0.93358 -0.00042 -0.35837 -0.93358 -0.00042 -0.35837 -0.93358 -0.00043 -0.3883 -0.92153 -0.00043 -0.3883 -0.92153 -0.00043 -0.3883 -0.92153 -0.0003 -0.99999 -0.00359 -0.0003 -0.99999 -0.00359 -0.0003 -0.99999 -0.00359 0.54462 -0.83468 -0.0819 0.54462 -0.83468 -0.0819 0.54462 -0.83468 -0.0819 -0.10795 -0.71654 0.68914 -0.10795 -0.71654 0.68914 -0.10795 -0.71654 0.68914 0.81839 -0.15093 0.55449 0.81839 -0.15093 0.55449 0.81839 -0.15093 0.55449 0.19528 -0.073 0.97803 0.19528 -0.073 0.97803 0.19528 -0.073 0.97803 -0.23912 -0.94594 0.21913 -0.23912 -0.94594 0.21913 -0.23912 -0.94594 0.21913 0.55509 -0.8045 0.21131 0.55509 -0.8045 0.21131 0.55509 -0.8045 0.21131 -0.1795 -0.98361 0.01686 -0.1795 -0.98361 0.01686 -0.1795 -0.98361 0.01686 0.00045 0.65893 0.7522 0.00045 0.65893 0.7522 0.00045 0.65893 0.7522 0.82764 -0.00226 0.56125 0.82764 -0.00226 0.56125 0.82764 -0.00226 0.56125 0.0003 0.99999 0.00359 0.0003 0.99999 0.00359 0.0003 0.99999 0.00359 0.0003 0.99999 0.00359 0.0003 0.99999 0.00359 0.0003 0.99999 0.00359 0.80334 0.24077 -0.54468 0.80334 0.24077 -0.54468 0.80334 0.24077 -0.54468 -0.00032 0.07211 -0.9974 -0.00032 0.07211 -0.9974 -0.00032 0.07211 -0.9974 -0.00012 0.54519 -0.83831 -0.00012 0.54519 -0.83831 -0.00012 0.54519 -0.83831 -0.00011 0.57056 -0.82125 -0.00011 0.57056 -0.82125 -0.00011 0.57056 -0.82125 -9e-05 0.5969 -0.80231 -9e-05 0.5969 -0.80231 -9e-05 0.5969 -0.80231 -5e-05 0.67195 -0.7406 -5e-05 0.67195 -0.7406 -5e-05 0.67195 -0.7406 -4e-05 0.69562 -0.71841 -4e-05 0.69562 -0.71841 -4e-05 0.69562 -0.71841 -2e-05 0.71862 -0.69541 -2e-05 0.71862 -0.69541 -2e-05 0.71862 -0.69541 -0.00034 -0.99257 -0.1217 -0.00034 -0.99257 -0.1217 -0.00034 -0.99257 -0.1217 0.2851 -0.29598 -0.91165 0.2851 -0.29598 -0.91165 0.2851 -0.29598 -0.91165 -0.27375 0.58988 -0.75968 -0.27375 0.58988 -0.75968 -0.27375 0.58988 -0.75968 -0.42318 -0.57715 -0.69844 -0.42318 -0.57715 -0.69844 -0.42318 -0.57715 -0.69844 0.79031 -0.6048 0.09815 0.79031 -0.6048 0.09815 0.79031 -0.6048 0.09815 2e-05 -0.71862 0.69541 2e-05 -0.71862 0.69541 2e-05 -0.71862 0.69541 4e-05 -0.69562 0.71841 4e-05 -0.69562 0.71841 4e-05 -0.69562 0.71841 -0.00148 -0.65952 0.75168 -0.00148 -0.65952 0.75168 -0.00148 -0.65952 0.75168 8e-05 -0.62251 0.78261 8e-05 -0.62251 0.78261 8e-05 -0.62251 0.78261 9e-05 -0.5969 0.80231 9e-05 -0.5969 0.80231 9e-05 -0.5969 0.80231 0.00011 -0.57056 0.82125 0.00011 -0.57056 0.82125 0.00011 -0.57056 0.82125 0.01382 0.43901 -0.89838 0.01382 0.43901 -0.89838 0.01382 0.43901 -0.89838 -0.50376 0.61646 -0.60515 -0.50376 0.61646 -0.60515 -0.50376 0.61646 -0.60515 -0.09225 -0.56087 0.82275 -0.09225 -0.56087 0.82275 -0.09225 -0.56087 0.82275 -0.21975 -0.97386 0.0575 -0.21975 -0.97386 0.0575 -0.21975 -0.97386 0.0575 0.31302 -0.27402 -0.90936 0.31302 -0.27402 -0.90936 0.31302 -0.27402 -0.90936 0.25595 0.61835 -0.74305 0.25595 0.61835 -0.74305 0.25595 0.61835 -0.74305 -0.26698 0.19132 -0.94452 -0.26698 0.19132 -0.94452 -0.26698 0.19132 -0.94452 -0.22327 -0.65131 -0.72522 -0.22327 -0.65131 -0.72522 -0.22327 -0.65131 -0.72522 0.50692 -0.84329 0.17861 0.50692 -0.84329 0.17861 0.50692 -0.84329 0.17861 0.0992 0.25519 0.96179 0.0992 0.25519 0.96179 0.0992 0.25519 0.96179 0.59785 0.66153 0.45272 0.59785 0.66153 0.45272 0.59785 0.66153 0.45272 0.0003 0.99999 0.00359 0.0003 0.99999 0.00359 0.0003 0.99999 0.00359 -0.58747 -0.1062 -0.80225 -0.58747 -0.1062 -0.80225 -0.58747 -0.1062 -0.80225 0.44334 -0.81473 -0.37371 0.44334 -0.81473 -0.37371 0.44334 -0.81473 -0.37371 -0.00035 -0.02068 -0.99979 -0.00035 -0.02068 -0.99979 -0.00035 -0.02068 -0.99979 0.668 0.72225 0.17923 0.668 0.72225 0.17923 0.668 0.72225 0.17923 0.00045 0.75426 0.65657 0.00045 0.75426 0.65657 0.00045 0.75426 0.65657 -0.23299 0.9692 -0.07977 -0.23299 0.9692 -0.07977 -0.23299 0.9692 -0.07977 0.436 -0.86554 -0.24646 0.436 -0.86554 -0.24646 0.436 -0.86554 -0.24646 -0.09025 -0.97226 -0.21578 -0.09025 -0.97226 -0.21578 -0.09025 -0.97226 -0.21578 0.48099 -0.86197 0.16015 0.48099 -0.86197 0.16015 0.48099 -0.86197 0.16015 0.50364 -0.85404 0.13024 0.50364 -0.85404 0.13024 0.50364 -0.85404 0.13024 -0.3608 -0.87634 -0.31914 -0.3608 -0.87634 -0.31914 -0.3608 -0.87634 -0.31914 -0.10658 -0.92369 0.36801 -0.10658 -0.92369 0.36801 -0.10658 -0.92369 0.36801 0.0003 0.99999 0.00359 0.0003 0.99999 0.00359 0.0003 0.99999 0.00359 -0.0003 -0.99999 -0.00359 -0.0003 -0.99999 -0.00359 -0.0003 -0.99999 -0.00359 -0.66324 0.0182 -0.74818 -0.66324 0.0182 -0.74818 -0.66324 0.0182 -0.74818 0.32717 0.63978 -0.69544 0.32717 0.63978 -0.69544 0.32717 0.63978 -0.69544 0.47646 0.75713 0.44692 0.47646 0.75713 0.44692 0.47646 0.75713 0.44692 0.39109 0.24575 -0.88693 0.39109 0.24575 -0.88693 0.39109 0.24575 -0.88693 -0.3181 -0.61239 0.72373 -0.3181 -0.61239 0.72373 -0.3181 -0.61239 0.72373 0.80419 0.2129 0.55493 0.80419 0.2129 0.55493 0.80419 0.2129 0.55493 -0.04472 0.38567 0.92155 -0.04472 0.38567 0.92155 -0.04472 0.38567 0.92155 -0.05182 0.89638 0.44024 -0.05182 0.89638 0.44024 -0.05182 0.89638 0.44024 0.06514 0.97461 -0.21423 0.06514 0.97461 -0.21423 0.06514 0.97461 -0.21423 0.47422 0.56021 0.67918 0.47422 0.56021 0.67918 0.47422 0.56021 0.67918 0.51043 0.71979 -0.47049 0.51043 0.71979 -0.47049 0.51043 0.71979 -0.47049 -0.02372 0.9867 0.16083 -0.02372 0.9867 0.16083 -0.02372 0.9867 0.16083 0.01903 0.70522 0.70873 0.01903 0.70522 0.70873 0.01903 0.70522 0.70873 -0.51783 0.84771 -0.11509 -0.51783 0.84771 -0.11509 -0.51783 0.84771 -0.11509 0.00045 0.72952 0.68396 0.00045 0.72952 0.68396 0.00045 0.72952 0.68396 0.0003 0.99999 0.00359 0.0003 0.99999 0.00359 0.0003 0.99999 0.00359 0.79492 0.09346 -0.59948 0.79492 0.09346 -0.59948 0.79492 0.09346 -0.59948 -0.00034 0.00359 -0.99999 -0.00034 0.00359 -0.99999 -0.00034 0.00359 -0.99999 -0.38693 -0.92167 0.02853 -0.38693 -0.92167 0.02853 -0.38693 -0.92167 0.02853 0.22949 -0.85583 0.46356 0.22949 -0.85583 0.46356 0.22949 -0.85583 0.46356 0.1864 -0.86241 -0.47064 0.1864 -0.86241 -0.47064 0.1864 -0.86241 -0.47064 0.7113 -0.63834 -0.29423 0.7113 -0.63834 -0.29423 0.7113 -0.63834 -0.29423 -0.18952 -0.75892 0.623 -0.18952 -0.75892 0.623 -0.18952 -0.75892 0.623 -0.64626 -0.74902 0.146 -0.64626 -0.74902 0.146 -0.64626 -0.74902 0.146 -0.23711 -0.18631 0.95345 -0.23711 -0.18631 0.95345 -0.23711 -0.18631 0.95345 -0.84344 0.00063 -0.53722 -0.84344 0.00063 -0.53722 -0.84344 0.00063 -0.53722 -0.43561 0.65423 -0.61825 -0.43561 0.65423 -0.61825 -0.43561 0.65423 -0.61825 -0.30673 -0.52745 0.79228 -0.30673 -0.52745 0.79228 -0.30673 -0.52745 0.79228 5e-05 0.81901 -0.57378 5e-05 0.81901 -0.57378 5e-05 0.81901 -0.57378 -0.00034 0.00359 -0.99999 -0.00034 0.00359 -0.99999 -0.00034 0.00359 -0.99999 -0.00034 0.00359 -0.99999 -0.00034 0.00359 -0.99999 -0.00034 0.00359 -0.99999 0.82528 -0.06703 -0.56073 0.82528 -0.06703 -0.56073 0.82528 -0.06703 -0.56073 -0.0003 -0.99999 -0.00359 -0.0003 -0.99999 -0.00359 -0.0003 -0.99999 -0.00359 -0.08397 -0.76965 0.63291 -0.08397 -0.76965 0.63291 -0.08397 -0.76965 0.63291 -0.70436 -0.35608 0.61407 -0.70436 -0.35608 0.61407 -0.70436 -0.35608 0.61407 -0.23207 0.25896 0.93759 -0.23207 0.25896 0.93759 -0.23207 0.25896 0.93759 -0.25546 0.84002 0.47866 -0.25546 0.84002 0.47866 -0.25546 0.84002 0.47866 0.22626 0.6709 0.70619 0.22626 0.6709 0.70619 0.22626 0.6709 0.70619 0.50723 -0.04856 0.86044 0.50723 -0.04856 0.86044 0.50723 -0.04856 0.86044 0.09536 -0.82205 0.56137 0.09536 -0.82205 0.56137 0.09536 -0.82205 0.56137 0.49311 -0.86768 -0.06308 0.49311 -0.86768 -0.06308 0.49311 -0.86768 -0.06308 -0.00019 -0.95806 0.28656 -0.00019 -0.95806 0.28656 -0.00019 -0.95806 0.28656 0.37805 -0.84925 0.36859 0.37805 -0.84925 0.36859 0.37805 -0.84925 0.36859 0.25289 0.34216 -0.90497 0.25289 0.34216 -0.90497 0.25289 0.34216 -0.90497 0.00045 0.58734 0.80934 0.00045 0.58734 0.80934 0.00045 0.58734 0.80934 -0.5728 0.61835 0.53809 -0.5728 0.61835 0.53809 -0.5728 0.61835 0.53809 -0.38564 0.08804 -0.91844 -0.38564 0.08804 -0.91844 -0.38564 0.08804 -0.91844 0.62037 -0.67153 -0.4052 0.62037 -0.67153 -0.4052 0.62037 -0.67153 -0.4052 -0.24645 -0.96839 0.03861 -0.24645 -0.96839 0.03861 -0.24645 -0.96839 0.03861 0.00034 -0.00359 0.99999 0.00034 -0.00359 0.99999 0.00034 -0.00359 0.99999 0.28113 0.95752 0.06426 0.28113 0.95752 0.06426 0.28113 0.95752 0.06426 -0.27128 0.95446 -0.12418 -0.27128 0.95446 -0.12418 -0.27128 0.95446 -0.12418 -0.25763 0.16135 -0.95268 -0.25763 0.16135 -0.95268 -0.25763 0.16135 -0.95268 -0.1388 -0.34252 0.9292 -0.1388 -0.34252 0.9292 -0.1388 -0.34252 0.9292 0.09776 -0.89265 0.44003 0.09776 -0.89265 0.44003 0.09776 -0.89265 0.44003 0.24869 -0.2708 -0.92996 0.24869 -0.2708 -0.92996 0.24869 -0.2708 -0.92996 -0.81827 0.57484 -0.00116 -0.81827 0.57484 -0.00116 -0.81827 0.57484 -0.00116 0.00034 -0.00359 0.99999 0.00034 -0.00359 0.99999 0.00034 -0.00359 0.99999 0.00031 0.99908 0.04298 0.00031 0.99908 0.04298 0.00031 0.99908 0.04298 0.53053 0.83795 0.128 0.53053 0.83795 0.128 0.53053 0.83795 0.128 0.59208 0.74884 -0.2978 0.59208 0.74884 -0.2978 0.59208 0.74884 -0.2978 7e-05 -0.64186 0.76682 7e-05 -0.64186 0.76682 7e-05 -0.64186 0.76682 -0.18894 0.97524 -0.11492 -0.18894 0.97524 -0.11492 -0.18894 0.97524 -0.11492 -0.33442 0.43543 -0.8358 -0.33442 0.43543 -0.8358 -0.33442 0.43543 -0.8358 0.76229 -0.35025 -0.54427 0.76229 -0.35025 -0.54427 0.76229 -0.35025 -0.54427 -0.13005 -0.99104 -0.03031 -0.13005 -0.99104 -0.03031 -0.13005 -0.99104 -0.03031 -0.28814 -0.92616 -0.24331 -0.28814 -0.92616 -0.24331 -0.28814 -0.92616 -0.24331 0.3262 -0.78826 -0.52176 0.3262 -0.78826 -0.52176 0.3262 -0.78826 -0.52176 0.09667 0.20507 -0.97396 0.09667 0.20507 -0.97396 0.09667 0.20507 -0.97396 0.15884 0.37213 -0.91449 0.15884 0.37213 -0.91449 0.15884 0.37213 -0.91449 -0.46165 0.13168 -0.87723 -0.46165 0.13168 -0.87723 -0.46165 0.13168 -0.87723 0.17669 -0.57962 0.7955 0.17669 -0.57962 0.7955 0.17669 -0.57962 0.7955 0.25178 -0.94723 0.1984 0.25178 -0.94723 0.1984 0.25178 -0.94723 0.1984 0.36253 -0.77374 -0.51952 0.36253 -0.77374 -0.51952 0.36253 -0.77374 -0.51952 -0.34489 -0.90594 -0.24561 -0.34489 -0.90594 -0.24561 -0.34489 -0.90594 -0.24561 -0.41803 -0.72453 0.54801 -0.41803 -0.72453 0.54801 -0.41803 -0.72453 0.54801 -0.14769 -0.48345 0.86282 -0.14769 -0.48345 0.86282 -0.14769 -0.48345 0.86282 -0.17486 0.54949 0.817 -0.17486 0.54949 0.817 -0.17486 0.54949 0.817 0.27596 0.1979 0.94058 0.27596 0.1979 0.94058 0.27596 0.1979 0.94058 -0.23317 0.07626 0.96944 -0.23317 0.07626 0.96944 -0.23317 0.07626 0.96944 0.4331 -0.38126 0.81674 0.4331 -0.38126 0.81674 0.4331 -0.38126 0.81674 -0.62201 -0.12932 0.77226 -0.62201 -0.12932 0.77226 -0.62201 -0.12932 0.77226 0.2406 0.13439 0.96128 0.2406 0.13439 0.96128 0.2406 0.13439 0.96128 0.16228 -0.60731 0.77771 0.16228 -0.60731 0.77771 0.16228 -0.60731 0.77771 -0.42414 0.30069 -0.85422 -0.42414 0.30069 -0.85422 -0.42414 0.30069 -0.85422 0.07181 0.61427 -0.78582 0.07181 0.61427 -0.78582 0.07181 0.61427 -0.78582 -0.2991 -0.43266 -0.8505 -0.2991 -0.43266 -0.8505 -0.2991 -0.43266 -0.8505 -0.05624 -0.98818 -0.14264 -0.05624 -0.98818 -0.14264 -0.05624 -0.98818 -0.14264 0.54833 -0.71783 -0.42901 0.54833 -0.71783 -0.42901 0.54833 -0.71783 -0.42901 0.20662 0.01319 -0.97833 0.20662 0.01319 -0.97833 0.20662 0.01319 -0.97833 -0.60905 -0.67306 -0.41958 -0.60905 -0.67306 -0.41958 -0.60905 -0.67306 -0.41958 -0.00045 -0.63593 -0.77174 -0.00045 -0.63593 -0.77174 -0.00045 -0.63593 -0.77174 0.43759 -0.86239 0.25455 0.43759 -0.86239 0.25455 0.43759 -0.86239 0.25455</float_array>
          <technique_common>
            <accessor count="2866" source="#g0_chrome-nrm-array" stride="3">
              <param type="float" name="X"/>
              <param type="float" name="Y"/>
              <param type="float" name="Z"/>
            </accessor>
          </technique_common>
        </source>
        <vertices id="g0_chrome-pos-vertices">
          <input semantic="POSITION" source="#g0_chrome-pos"/>
        </vertices>
        <triangles count="2542" material="chrome-ref">
          <input offset="0" semantic="VERTEX" source="#g0_chrome-pos-vertices"/>
          <input offset="1" semantic="NORMAL" source="#g0_chrome-nrm"/>
          <p>462 462 422 422 445 445 508 508 495 495 485 485 487 487 500 500 510 510 503 503 489 489 515 515 476 476 406 406 439 439 469 469 444 444 422 422 457 457 416 416 430 430 461 461 409 409 457 457 469 469 422 422 462 462 504 504 495 495 508 508 465 465 408 408 443 443 465 465 414 414 408 408 481 481 476 476 439 439 451 451 468 468 431 431 463 463 429 429 441 441 491 491 462 462 445 445 459 459 435 435 470 470 475 475 439 439 418 418 509 509 499 499 477 477 513 513 497 497 474 474 505 505 481 481 475 475 505 505 476 476 481 481 486 486 509 509 470 470 496 496 473 473 497 497 514 514 482 482 503 503 508 508 488 488 512 512 510 510 486 486 487 487 473 473 407 407 465 465 515 515 489 489 493 493 507 507 484 484 501 501 503 503 482 482 479 479 513 513 474 474 482 482 648 648 512 512 496 496 646 646 508 508 512 512 515 515 498 498 502 502 514 514 513 513 482 482 425 425 269 269 239 239 389 389 394 394 390 390 403 403 404 404 396 396 390 390 397 397 391 391 393 393 396 396 398 398 393 393 398 398 394 394 396 396 399 399 398 398 397 397 400 400 395 395 239 239 426 426 425 425 388 388 390 390 391 391 398 398 371 371 369 369 372 372 371 371 399 399 399 399 396 396 372 372 386 386 372 372 396 396 388 388 389 389 390 390 388 388 402 402 389 389 449 449 272 272 413 413 426 426 263 263 405 405 467 467 429 429 463 463 467 467 470 470 433 433 489 489 461 461 457 457 495 495 454 454 436 436 494 494 463 463 447 447 478 478 464 464 472 472 485 485 436 436 460 460 495 495 436 436 485 485 481 481 439 439 475 475 503 503 479 479 489 489 497 497 473 473 465 465 495 495 504 504 454 454 504 504 471 471 454 454 492 492 452 452 484 484 490 490 469 469 462 462 498 498 466 466 468 468 497 497 465 465 474 474 489 489 479 479 461 461 432 432 483 483 458 458 444 444 469 469 480 480 467 467 463 463 500 500 417 417 491 491 445 445 434 434 472 472 464 464 415 415 479 479 456 456 417 417 476 476 491 491 432 432 446 446 483 483 428 428 477 477 446 446 438 438 480 480 451 451 452 452 442 442 484 484 494 494 511 511 500 500 500 500 511 511 510 510 505 505 631 631 630 630 509 509 633 633 632 632 510 510 637 637 635 635 507 507 643 643 511 511 452 452 516 516 281 281 440 440 461 461 479 479 471 471 504 504 501 501 472 472 496 496 478 478 459 459 509 509 477 477 459 459 470 470 509 509 449 449 454 454 471 471 464 464 478 478 488 488 443 443 474 474 465 465 456 456 482 482 474 474 648 648 496 496 513 513 466 466 493 493 457 457 451 451 498 498 468 468 455 455 485 485 460 460 464 464 488 488 455 455 440 440 479 479 450 450 448 448 494 494 447 447 516 516 452 452 453 453 449 449 471 471 442 442 494 494 448 448 453 453 466 466 498 498 493 493 451 451 480 480 502 502 469 469 502 502 480 480 462 462 491 491 490 490 458 458 506 506 475 475 484 484 507 507 492 492 457 457 493 493 489 489 501 501 442 442 471 471 494 494 500 500 463 463 496 496 472 472 473 473 508 508 485 485 488 488 501 501 484 484 442 442 486 486 470 470 487 487 499 499 483 483 446 446 482 482 456 456 479 479 512 512 478 478 496 496 511 511 492 492 507 507 469 469 490 490 502 502 478 478 512 512 488 488 483 483 499 499 506 506 486 486 510 510 509 509 491 491 505 505 490 490 499 499 509 509 506 506 501 501 504 504 507 507 497 497 513 513 496 496 490 490 505 505 502 502 450 450 415 415 273 273 451 451 502 502 498 498 475 475 506 506 505 505 467 467 500 500 487 487 453 453 492 492 511 511 498 498 515 515 493 493 476 476 505 505 491 491 453 453 511 511 494 494 299 299 349 349 419 419 330 330 329 329 334 334 331 331 330 330 334 334 349 349 351 351 350 350 363 363 297 297 247 247 347 347 346 346 297 297 347 347 348 348 346 346 298 298 348 348 299 299 346 346 298 298 297 297 344 344 331 331 332 332 349 349 299 299 348 348 382 382 358 358 357 357 382 382 357 357 356 356 382 382 356 356 355 355 382 382 355 355 354 354 382 382 354 354 353 353 382 382 353 353 352 352 352 352 351 351 349 349 334 334 336 336 338 338 370 370 369 369 374 374 373 373 368 368 370 370 370 370 368 368 400 400 391 391 360 360 359 359 329 329 333 333 336 336 331 331 337 337 332 332 331 331 334 334 337 337 329 329 336 336 334 334 349 349 382 382 352 352 333 333 342 342 341 341 333 333 335 335 342 342 334 334 339 339 337 337 298 298 346 346 348 348 362 362 347 347 297 297 297 297 363 363 362 362 345 345 331 331 344 344 345 345 330 330 331 331 339 339 312 312 337 337 308 308 333 333 329 329 309 309 335 335 333 333 310 310 342 342 335 335 310 310 314 314 342 342 335 335 309 309 310 310 333 333 308 308 309 309 336 336 341 341 338 338 343 343 337 337 340 340 330 330 345 345 329 329 343 343 344 344 332 332 340 340 327 327 343 343 312 312 340 340 337 337 341 341 336 336 333 333 339 339 334 334 338 338 321 321 303 303 304 304 314 314 301 301 303 303 303 303 321 321 314 314 329 329 289 289 308 308 312 312 316 316 326 326 312 312 313 313 316 316 313 313 315 315 318 318 315 315 319 319 318 318 316 316 328 328 325 325 313 313 318 318 328 328 314 314 321 321 320 320 318 318 322 322 328 328 384 384 376 376 372 372 327 327 340 340 326 326 326 326 340 340 312 312 339 339 313 313 312 312 314 314 315 315 341 341 341 341 342 342 314 314 339 339 338 338 313 313 341 341 315 315 313 313 343 343 332 332 337 337 375 375 376 376 381 381 383 383 379 379 385 385 381 381 376 376 379 379 375 375 371 371 376 376 369 369 371 371 374 374 370 370 378 378 377 377 371 371 378 378 374 374 371 371 375 375 378 378 384 384 379 379 376 376 380 380 378 378 381 381 375 375 381 381 378 378 377 377 378 378 380 380 394 394 389 389 393 393 396 396 392 392 403 403 393 393 389 389 392 392 389 389 402 402 392 392 391 391 387 387 388 388 397 397 369 369 370 370 409 409 440 440 280 280 410 410 411 411 432 432 416 416 409 409 271 271 440 440 273 273 250 250 417 417 445 445 274 274 426 426 239 239 263 263 464 464 420 420 434 434 451 451 426 426 405 405 443 443 408 408 437 437 398 398 399 399 371 371 423 423 272 272 449 449 459 459 276 276 435 435 406 406 275 275 439 439 456 456 437 437 415 415 384 384 385 385 379 379 379 379 383 383 381 381 381 381 382 382 380 380 383 383 382 382 381 381 362 362 400 400 368 368 367 367 289 289 329 329 359 359 360 360 296 296 359 359 296 296 295 295 360 360 362 362 296 296 360 360 361 361 362 362 362 362 363 363 247 247 391 391 361 361 360 360 395 395 362 362 361 361 41 41 73 73 32 32 362 362 395 395 400 400 361 361 391 391 395 395 359 359 387 387 391 391 329 329 345 345 366 366 329 329 366 366 367 367 378 378 370 370 374 374 377 377 373 373 370 370 384 384 372 372 386 386 396 396 393 393 392 392 372 372 376 376 371 371 392 392 402 402 403 403 404 404 386 386 396 396 369 369 397 397 398 398 397 397 370 370 400 400 397 397 394 394 398 398 395 395 391 391 397 397 397 397 390 390 394 394 446 446 477 477 499 499 247 247 296 296 362 362 349 349 380 380 382 382 348 348 377 377 380 380 347 347 373 373 377 377 347 347 368 368 373 373 368 368 347 347 362 362 377 377 348 348 347 347 604 604 603 603 0 0 6 6 605 605 604 604 608 608 11 11 13 13 617 617 600 600 3 3 606 606 12 12 9 9 604 604 0 0 6 6 2 2 597 597 615 615 606 606 598 598 12 12 10 10 619 619 607 607 611 611 610 610 4 4 615 615 608 608 13 13 11 11 608 608 601 601 620 620 3 3 600 600 607 607 613 613 9 9 613 613 606 606 9 9 598 598 612 612 12 12 9 9 10 10 607 607 4 4 12 12 611 611 629 629 627 627 502 502 652 652 653 653 656 656 513 513 649 649 650 650 504 504 645 645 644 644 642 642 643 643 507 507 636 636 637 637 510 510 515 515 502 502 628 628 626 626 515 515 628 628 650 650 648 648 513 513 618 618 4 4 610 610 447 447 349 349 654 654 656 656 658 658 657 657 429 429 419 419 349 349 441 441 429 429 349 349 447 447 441 441 349 349 5 5 1 1 622 622 1 1 618 618 622 622 623 623 626 626 628 628 580 580 579 579 581 581 566 566 565 565 564 564 566 566 567 567 565 565 569 569 570 570 567 567 569 569 571 571 570 570 572 572 550 550 571 571 571 571 569 569 572 572 567 567 568 568 569 569 584 584 581 581 583 583 563 563 564 564 561 561 578 578 577 577 579 579 578 578 575 575 577 577 576 576 574 574 575 575 573 573 522 522 574 574 586 586 585 585 587 587 522 522 573 573 549 549 574 574 576 576 573 573 575 575 578 578 576 576 612 612 611 611 12 12 621 621 11 11 601 601 617 617 7 7 614 614 620 620 616 616 8 8 617 617 3 3 7 7 5 5 599 599 609 609 8 8 616 616 619 619 1 1 15 15 618 618 619 619 10 10 8 8 656 656 657 657 652 652 5 5 622 622 599 599 6 6 609 609 605 605 2 2 603 603 602 602 621 621 614 614 7 7 2 2 602 602 597 597 615 615 13 13 2 2 585 585 586 586 584 584 587 587 588 588 586 586 635 635 509 509 510 510 651 651 649 649 513 513 646 646 512 512 648 648 645 645 504 504 508 508 644 644 642 642 507 507 510 510 639 639 636 636 15 15 4 4 618 618 640 640 638 638 511 511 510 510 511 511 638 638 651 651 513 513 514 514 646 646 647 647 508 508 510 510 638 638 639 639 509 509 635 635 634 634 514 514 503 503 625 625 647 647 645 645 508 508 30 30 12 12 14 14 24 24 9 9 18 18 29 29 2 2 21 21 55 55 12 12 30 30 85 85 22 22 73 73 56 56 30 30 38 38 68 68 36 36 43 43 62 62 20 20 35 35 80 80 15 15 45 45 44 44 18 18 48 48 37 37 24 24 60 60 36 36 17 17 43 43 25 25 1 1 5 5 60 60 24 24 18 18 53 53 16 16 67 67 52 52 29 29 40 40 67 67 16 16 8 8 33 33 32 32 16 16 50 50 13 13 23 23 83 83 106 106 125 125 507 507 504 504 644 644 623 623 624 624 515 515 659 659 383 383 385 385 658 658 656 656 654 654 658 658 654 654 349 349 515 515 626 626 623 623 511 511 643 643 641 641 505 505 632 632 631 631 502 502 505 505 630 630 511 511 641 641 640 640 659 659 385 385 535 535 624 624 503 503 515 515 503 503 624 624 625 625 502 502 627 627 628 628 516 516 448 448 305 305 305 305 448 448 447 447 447 447 307 307 305 305 281 281 516 516 305 305 654 654 655 655 447 447 39 39 6 6 20 20 20 20 6 6 0 0 16 16 3 3 8 8 11 11 7 7 26 26 7 7 11 11 621 621 65 65 23 23 11 11 35 35 0 0 29 29 46 46 19 19 6 6 42 42 10 10 17 17 579 579 580 580 578 578 38 38 4 4 15 15 21 21 2 2 13 13 114 114 41 41 104 104 509 509 634 634 633 633 632 632 506 506 509 509 505 505 506 506 632 632 502 502 630 630 629 629 254 254 272 272 423 423 421 421 430 430 416 416 410 410 432 432 458 458 262 262 415 415 437 437 250 250 280 280 440 440 271 271 421 421 416 416 268 268 431 431 421 421 257 257 422 422 427 427 275 275 418 418 439 439 440 440 450 450 273 273 282 282 423 423 281 281 521 521 520 520 522 522 519 519 518 518 520 520 519 519 517 517 518 518 431 431 269 269 425 425 422 422 258 258 274 274 410 410 270 270 411 411 276 276 297 297 435 435 410 410 458 458 418 418 327 327 517 517 548 548 327 327 523 523 517 517 548 548 547 547 343 343 548 548 343 343 327 327 411 411 428 428 446 446 424 424 436 436 277 277 416 416 457 457 409 409 426 426 451 451 425 425 297 297 433 433 435 435 411 411 446 446 432 432 435 435 433 433 470 470 407 407 473 473 279 279 264 264 427 427 444 444 276 276 459 459 412 412 423 423 442 442 281 281 420 420 464 464 278 278 299 299 419 419 433 433 431 431 468 468 421 421 427 427 422 422 444 444 423 423 449 449 442 442 436 436 454 454 413 413 409 409 461 461 440 440 412 412 459 459 477 477 419 419 467 467 433 433 414 414 465 465 407 407 421 421 466 466 430 430 279 279 473 473 434 434 405 405 444 444 438 438 274 274 445 445 422 422 281 281 442 442 452 452 278 278 460 460 424 424 278 278 455 455 460 460 455 455 488 488 485 485 452 452 492 492 453 453 483 483 506 506 458 458 434 434 473 473 472 472 425 425 451 451 431 431 418 418 458 458 475 475 447 447 463 463 441 441 413 413 454 454 449 449 424 424 460 460 436 436 406 406 476 476 417 417 443 443 437 437 474 474 444 444 480 480 438 438 366 366 545 545 544 544 450 450 479 479 415 415 412 412 477 477 428 428 470 470 467 467 487 487 419 419 429 429 467 467 437 437 456 456 474 474 430 430 466 466 457 457 421 421 468 468 466 466 278 278 464 464 455 455 530 530 528 528 529 529 364 364 541 541 540 540 550 550 572 572 551 551 517 517 519 519 548 548 520 520 521 521 519 519 522 522 549 549 521 521 325 325 524 524 523 523 527 527 324 324 526 526 527 527 526 526 528 528 365 365 540 540 539 539 559 559 537 537 386 386 386 386 538 538 559 559 559 559 560 560 537 537 559 559 558 558 560 560 557 557 556 556 558 558 557 557 554 554 556 556 555 555 553 553 554 554 552 552 551 551 553 553 592 592 591 591 593 593 581 581 582 582 580 580 581 581 584 584 582 582 584 584 583 583 585 585 589 589 590 590 588 588 591 591 592 592 590 590 593 593 594 594 592 592 595 595 596 596 594 594 594 594 593 593 595 595 567 567 566 566 568 568 590 590 589 589 591 591 588 588 587 587 589 589 530 530 529 529 531 531 532 532 531 531 533 533 534 534 533 533 535 535 536 536 535 535 385 385 385 385 384 384 536 536 403 403 539 539 538 538 546 546 345 345 344 344 403 403 402 402 539 539 404 404 403 403 538 538 384 384 386 386 537 537 537 537 536 536 384 384 535 535 536 536 534 534 533 533 534 534 532 532 344 344 343 343 547 547 547 547 546 546 344 344 539 539 402 402 401 401 546 546 545 545 345 345 545 545 366 366 345 345 543 543 367 367 366 366 542 542 364 364 367 367 540 540 365 365 364 364 364 364 542 542 541 541 367 367 543 543 542 542 366 366 544 544 543 543 528 528 530 530 527 527 564 564 563 563 566 566 561 561 562 562 563 563 551 551 552 552 550 550 553 553 555 555 552 552 554 554 557 557 555 555 558 558 559 559 557 557 386 386 404 404 538 538 531 531 532 532 530 530 380 380 349 349 348 348 324 324 527 527 525 525 324 324 525 525 524 524 524 524 328 328 324 324 325 325 328 328 524 524 326 326 325 325 523 523 327 327 326 326 523 523 539 539 401 401 365 365 12 12 18 18 9 9 304 304 323 323 321 321 187 187 137 137 159 159 198 198 135 135 92 92 185 185 164 164 113 113 162 162 125 125 151 151 12 12 4 4 14 14 7 7 3 3 22 22 10 10 9 9 17 17 189 189 130 130 160 160 6 6 19 19 5 5 11 11 23 23 13 13 10 10 27 27 8 8 5 5 19 19 28 28 112 112 132 132 69 69 168 168 77 77 93 93 97 97 130 130 111 111 116 116 137 137 115 115 174 174 129 129 167 167 184 184 100 100 143 143 175 175 123 123 139 139 175 175 128 128 123 123 197 197 119 119 145 145 165 165 95 95 134 134 173 173 155 155 124 124 184 184 94 94 100 100 183 183 142 142 162 162 147 147 121 121 67 67 159 159 137 137 129 129 207 207 114 114 177 177 207 207 127 127 114 114 156 156 124 124 165 165 173 173 124 124 156 156 185 185 113 113 154 154 176 176 140 140 170 170 295 295 131 131 169 169 42 42 54 54 27 27 146 146 104 104 121 121 27 27 47 47 31 31 19 19 34 34 28 28 23 23 65 65 50 50 16 16 53 53 33 33 25 25 51 51 45 45 58 58 63 63 21 21 13 13 50 50 58 58 139 139 77 77 168 168 19 19 46 46 34 34 20 20 62 62 39 39 37 37 43 43 17 17 5 5 49 49 25 25 13 13 58 58 21 21 11 11 26 26 66 66 22 22 32 32 73 73 8 8 31 31 67 67 126 126 151 151 118 118 620 620 8 8 3 3 609 609 6 6 5 5 603 603 2 2 0 0 177 177 114 114 104 104 135 135 90 90 92 92 145 145 119 119 65 65 84 84 154 154 101 101 108 108 109 109 144 144 144 144 109 109 163 163 151 151 125 125 106 106 141 141 112 112 70 70 139 139 123 123 77 77 205 205 90 90 135 135 143 143 100 100 107 107 150 150 80 80 99 99 140 140 112 112 141 141 132 132 112 112 140 140 254 254 202 202 228 228 271 271 186 186 216 216 262 262 222 222 204 204 243 243 196 196 229 229 241 241 213 213 214 214 228 228 203 203 213 213 246 246 220 220 251 251 242 242 193 193 266 266 248 248 228 228 213 213 258 258 210 210 244 244 253 253 199 199 236 236 249 249 237 237 215 215 266 266 194 194 221 221 266 266 193 193 194 194 220 220 148 148 180 180 295 295 169 169 181 181 224 224 92 92 186 186 173 173 156 156 165 165 294 294 181 181 293 293 294 294 295 295 181 181 247 247 236 236 191 191 234 234 189 189 190 190 231 231 166 166 209 209 218 218 177 177 219 219 239 239 238 238 207 207 250 250 198 198 224 224 212 212 171 171 292 292 194 194 153 153 164 164 246 246 188 188 220 220 244 244 210 210 225 225 239 239 218 218 219 219 239 239 177 177 218 218 255 255 195 195 196 196 221 221 185 185 195 195 241 241 214 214 242 242 251 251 220 220 233 233 231 231 179 179 166 166 194 194 164 164 185 185 250 250 205 205 198 198 215 215 165 165 222 222 289 289 172 172 201 201 212 212 176 176 170 170 234 234 180 180 189 189 232 232 159 159 210 210 232 232 187 187 159 159 245 245 174 174 188 188 160 160 122 122 128 128 187 187 115 115 137 137 197 197 145 145 157 157 154 154 84 84 155 155 153 153 87 87 164 164 153 153 109 109 87 87 172 172 151 151 126 126 142 142 83 83 162 162 214 214 163 163 153 153 202 202 143 143 152 152 200 200 151 151 172 172 182 182 133 133 161 161 213 213 144 144 214 214 292 292 171 171 182 182 211 211 175 175 199 199 189 189 160 160 190 190 193 193 153 153 194 194 10 10 42 42 27 27 191 191 131 131 295 295 191 191 168 168 149 149 217 217 158 158 207 207 223 223 197 197 205 205 240 240 184 184 202 202 201 201 172 172 184 184 296 296 191 191 295 295 211 211 190 190 175 175 120 120 92 92 96 96 141 141 70 70 80 80 123 123 76 76 77 77 88 88 71 71 113 113 116 116 54 54 105 105 103 103 120 120 85 85 112 112 69 69 70 70 158 158 103 103 114 114 94 94 126 126 118 118 131 131 117 117 98 98 134 134 95 95 119 119 165 165 81 81 95 95 118 118 151 151 106 106 122 122 123 123 128 128 130 130 97 97 122 122 57 57 80 80 70 70 63 63 89 89 84 84 114 114 103 103 85 85 122 122 97 97 79 79 51 51 49 49 106 106 52 52 101 101 71 71 85 85 92 92 59 59 73 73 114 114 85 85 41 41 114 114 73 73 47 47 115 115 67 67 35 35 87 87 62 62 50 50 95 95 81 81 74 74 117 117 93 93 121 121 104 104 53 53 102 102 91 91 92 92 90 90 66 66 91 91 99 99 80 80 83 83 108 108 107 107 39 39 83 83 51 51 106 106 514 514 625 625 651 651 86 86 110 110 138 138 110 110 86 86 36 36 89 89 58 58 81 81 61 61 49 49 28 28 95 95 50 50 65 65 84 84 52 52 63 63 105 105 42 42 86 86 105 105 54 54 42 42 66 66 64 64 75 75 94 94 61 61 34 34 67 67 31 31 47 47 82 82 75 75 72 72 111 111 68 68 97 97 118 118 106 106 49 49 101 101 52 52 84 84 117 117 56 56 69 69 117 117 74 74 56 56 122 122 79 79 60 60 121 121 53 53 67 67 71 71 35 35 29 29 78 78 107 107 100 100 69 69 132 132 98 98 83 83 133 133 99 99 30 30 14 14 4 4 74 74 55 55 56 56 77 77 44 44 48 48 60 60 44 44 76 76 69 69 56 56 38 38 46 46 78 78 100 100 86 86 42 42 36 36 104 104 33 33 53 53 123 123 60 60 76 76 52 52 40 40 63 63 100 100 94 94 46 46 79 79 37 37 60 60 97 97 68 68 43 43 94 94 34 34 46 46 47 47 54 54 115 115 58 58 89 89 63 63 39 39 78 78 46 46 39 39 107 107 78 78 26 26 75 75 64 64 44 44 77 77 76 76 22 22 85 85 59 59 70 70 69 69 38 38 45 45 83 83 80 80 62 62 108 108 39 39 55 55 93 93 48 48 66 66 26 26 64 64 26 26 59 59 75 75 48 48 93 93 77 77 7 7 22 22 59 59 34 34 61 61 28 28 63 63 40 40 21 21 50 50 81 81 58 58 3 3 32 32 22 22 1 1 45 45 15 15 1 1 25 25 45 45 6 6 39 39 46 46 21 21 40 40 29 29 17 17 36 36 42 42 9 9 24 24 37 37 18 18 12 12 48 48 2 2 29 29 0 0 37 37 79 79 43 43 3 3 16 16 32 32 9 9 37 37 17 17 4 4 38 38 30 30 5 5 28 28 49 49 0 0 35 35 20 20 8 8 27 27 31 31 57 57 70 70 38 38 45 45 51 51 83 83 66 66 92 92 91 91 95 95 65 65 119 119 91 91 102 102 90 90 62 62 87 87 109 109 35 35 88 88 87 87 61 61 118 118 49 49 81 81 124 124 89 89 79 79 97 97 43 43 62 62 109 109 108 108 123 123 122 122 60 60 85 85 96 96 92 92 66 66 90 90 65 65 68 68 110 110 36 36 71 71 88 88 35 35 72 72 59 59 82 82 59 59 92 92 82 82 33 33 104 104 41 41 55 55 74 74 93 93 18 18 44 44 60 60 30 30 56 56 55 55 52 52 71 71 29 29 11 11 66 66 65 65 57 57 15 15 80 80 49 49 51 51 25 25 7 7 59 59 26 26 32 32 33 33 41 41 27 27 54 54 47 47 210 210 159 159 129 129 12 12 55 55 48 48 15 15 57 57 38 38 54 54 116 116 115 115 61 61 94 94 118 118 101 101 113 113 71 71 85 85 120 120 96 96 68 68 111 111 110 110 144 144 213 213 203 203 132 132 169 169 131 131 141 141 170 170 140 140 88 88 113 113 164 164 146 146 179 179 178 178 130 130 189 189 180 180 162 162 291 291 183 183 143 143 202 202 184 184 144 144 203 203 152 152 105 105 138 138 167 167 163 163 214 214 144 144 153 153 193 193 214 214 141 141 150 150 171 171 161 161 183 183 182 182 142 142 183 183 161 161 151 151 200 200 162 162 172 172 289 289 200 200 155 155 196 196 195 195 93 93 149 149 168 168 122 122 160 160 130 130 99 99 171 171 150 150 109 109 153 153 163 163 120 120 186 186 92 92 158 158 206 206 186 186 115 115 187 187 136 136 116 116 167 167 129 129 110 110 148 148 138 138 165 165 215 215 173 173 94 94 184 184 172 172 119 119 197 197 134 134 120 120 158 158 186 186 104 104 146 146 177 177 101 101 154 154 113 113 81 81 165 165 124 124 90 90 157 157 145 145 105 105 167 167 116 116 152 152 228 228 202 202 182 182 183 183 292 292 200 200 290 290 192 192 200 200 226 226 290 290 184 184 240 240 227 227 173 173 237 237 229 229 197 197 223 223 204 204 206 206 230 230 216 216 191 191 236 236 168 168 180 180 234 234 233 233 185 185 221 221 194 194 173 173 215 215 237 237 207 207 177 177 239 239 208 208 219 219 177 177 174 174 225 225 210 210 148 148 220 220 188 188 171 171 212 212 170 170 162 162 192 192 291 291 141 141 171 171 170 170 146 146 208 208 177 177 132 132 176 176 181 181 132 132 140 140 176 176 133 133 142 142 161 161 154 154 195 195 185 185 92 92 224 224 198 198 158 158 217 217 206 206 167 167 188 188 174 174 115 115 136 136 166 166 131 131 191 191 149 149 132 132 181 181 169 169 99 99 182 182 171 171 99 99 133 133 182 182 155 155 195 195 154 154 90 90 205 205 157 157 129 129 174 174 210 210 138 138 148 148 188 188 320 320 317 317 314 314 288 288 287 287 309 309 286 286 311 311 287 287 320 320 321 321 323 323 320 320 323 323 322 322 322 322 323 323 324 324 324 324 328 328 322 322 322 322 319 319 320 320 322 322 318 318 319 319 314 314 310 310 301 301 328 328 316 316 313 313 93 93 131 131 149 149 98 98 132 132 131 131 80 80 150 150 141 141 83 83 142 142 133 133 125 125 162 162 83 83 94 94 172 172 126 126 107 107 152 152 143 143 310 310 309 309 287 287 305 305 307 307 306 306 306 306 323 323 305 305 300 300 284 284 302 302 300 300 302 302 301 301 287 287 311 311 310 310 286 286 285 285 311 311 311 311 300 300 310 310 311 311 285 285 300 300 108 108 144 144 152 152 308 308 288 288 309 309 308 308 289 289 288 288 323 323 304 304 305 305 320 320 319 319 317 317 319 319 315 315 317 317 325 325 326 326 316 316 317 317 315 315 314 314 341 341 313 313 338 338 136 136 187 187 166 166 302 302 282 282 303 303 303 303 282 282 304 304 282 282 281 281 305 305 285 285 240 240 284 284 305 305 304 304 282 282 282 282 302 302 283 283 303 303 301 301 302 302 127 127 207 207 158 158 284 284 283 283 302 302 138 138 188 188 167 167 130 130 180 180 148 148 128 128 190 190 160 160 128 128 175 175 190 190 139 139 199 199 175 175 168 168 199 199 139 139 147 147 179 179 146 146 67 67 166 166 147 147 310 310 300 300 301 301 164 164 87 87 88 88 84 84 89 89 155 155 89 89 124 124 155 155 65 65 90 90 145 145 121 121 147 147 146 146 67 67 115 115 166 166 137 137 116 116 129 129 111 111 130 130 148 148 431 431 268 268 269 269 285 285 284 284 300 300 158 158 120 120 103 103 158 158 114 114 127 127 105 105 86 86 138 138 110 110 111 111 148 148 93 93 117 117 131 131 107 107 108 108 152 152 213 213 277 277 248 248 275 275 406 406 245 245 244 244 274 274 258 258 237 237 267 267 261 261 222 222 262 262 249 249 250 250 273 273 223 223 224 224 256 256 409 409 216 216 230 230 271 271 234 234 270 270 410 410 248 248 272 272 265 265 242 242 266 266 278 278 225 225 417 417 244 244 246 246 275 275 245 245 235 235 270 270 234 234 235 235 252 252 270 270 265 265 272 272 254 254 245 245 406 406 417 417 221 221 260 260 266 266 229 229 237 237 261 261 215 215 222 222 249 249 264 264 263 263 208 208 190 190 252 252 235 235 199 199 253 253 259 259 236 236 247 247 253 253 229 229 261 261 243 243 224 224 271 271 256 256 239 239 268 268 238 238 289 289 201 201 288 288 227 227 287 287 288 288 227 227 286 286 287 287 285 285 286 286 227 227 190 190 235 235 234 234 191 191 296 296 247 247 200 200 289 289 226 226 205 205 250 250 223 223 208 208 263 263 239 239 209 209 232 232 257 257 210 210 258 258 232 232 228 228 248 248 265 265 195 195 255 255 221 221 206 206 216 216 186 186 219 219 208 208 239 239 231 231 264 264 179 179 187 187 232 232 209 209 174 174 245 245 225 225 188 188 246 246 245 245 227 227 240 240 285 285 162 162 200 200 192 192 207 207 238 238 217 217 180 180 233 233 220 220 199 199 259 259 211 211 168 168 236 236 199 199 184 184 288 288 201 201 184 184 227 227 288 288 193 193 242 242 214 214 223 223 262 262 204 204 255 255 279 279 260 260 249 249 267 267 237 237 223 223 273 273 415 415 224 224 409 409 280 280 264 264 405 405 263 263 434 434 260 260 279 279 277 277 241 241 242 242 277 277 213 213 241 241 251 251 233 233 234 234 417 417 225 225 245 245 264 264 231 231 257 257 412 412 259 259 253 253 275 275 246 246 251 251 274 274 244 244 417 417 427 427 264 264 257 257 415 415 262 262 223 223 414 414 261 261 267 267 260 260 221 221 255 255 410 410 251 251 234 234 409 409 256 256 271 271 280 280 250 250 224 224 421 421 217 217 238 238 267 267 249 249 262 262 407 407 243 243 261 261 279 279 255 255 243 243 413 413 248 248 277 277 423 423 240 240 254 254 277 277 436 436 413 413 276 276 253 253 297 297 412 412 428 428 259 259 252 252 428 428 411 411 251 251 410 410 418 418 257 257 258 258 422 422 278 278 266 266 420 420 293 293 176 176 212 212 261 261 414 414 407 407 240 240 423 423 284 284 267 267 408 408 414 414 420 420 260 260 434 434 283 283 423 423 282 282 283 283 284 284 423 423 291 291 292 292 183 183 298 298 299 299 433 433 433 433 297 297 298 298 212 212 292 292 293 293 192 192 290 290 291 291 226 226 289 289 290 290 230 230 421 421 271 271 238 238 268 268 421 421 264 264 444 444 405 405 211 211 252 252 190 190 262 262 437 437 267 267 418 418 275 275 251 251 276 276 412 412 253 253 437 437 408 408 267 267 252 252 411 411 270 270 259 259 428 428 252 252 247 247 297 297 253 253 248 248 413 413 272 272 242 242 424 424 277 277 242 242 278 278 424 424 260 260 420 420 266 266 243 243 407 407 279 279 257 257 232 232 258 258 268 268 239 239 269 269 152 152 203 203 228 228 196 196 243 243 255 255 228 228 265 265 254 254 202 202 254 254 240 240 211 211 259 259 252 252 209 209 257 257 231 231 179 179 264 264 208 208 217 217 421 421 230 230 186 186 271 271 224 224 176 176 293 293 181 181 187 187 209 209 166 166 147 147 166 166 179 179 157 157 205 205 197 197 197 197 204 204 134 134 134 134 222 222 165 165 173 173 229 229 155 155 135 135 198 198 205 205 178 178 179 179 208 208 217 217 230 230 206 206 134 134 204 204 222 222 155 155 229 229 196 196 663 663 662 662 661 661 661 661 660 660 663 663 666 666 665 665 664 664 664 664 667 667 666 666 670 670 671 671 669 669 669 669 668 668 670 670 676 676 678 678 677 677 683 683 688 688 697 697 672 672 673 673 679 679 679 679 680 680 672 672 679 679 677 677 678 678 678 678 680 680 679 679 688 688 684 684 697 697 686 686 687 687 694 694 697 697 696 696 683 683 696 696 690 690 683 683 681 681 682 682 690 690 690 690 691 691 681 681 691 691 675 675 674 674 674 674 681 681 691 691 687 687 689 689 698 698 689 689 676 676 698 698 698 698 693 693 687 687 693 693 694 694 687 687 677 677 698 698 676 676 694 694 695 695 686 686 695 695 692 692 685 685 692 692 697 697 684 684 685 685 686 686 695 695 684 684 685 685 692 692 682 682 683 683 690 690 702 702 701 701 743 743 726 726 725 725 742 742 725 725 702 702 742 742 749 749 710 710 711 711 710 710 749 749 747 747 700 700 699 699 743 743 706 706 745 745 744 744 745 745 707 707 708 708 746 746 708 708 709 709 738 738 717 717 716 716 705 705 706 706 744 744 731 731 730 730 741 741 711 711 738 738 749 749 709 709 747 747 746 746 738 738 711 711 717 717 703 703 704 704 744 744 743 743 742 742 702 702 748 748 743 743 699 699 744 744 748 748 703 703 745 745 706 706 707 707 747 747 709 709 710 710 708 708 746 746 745 745 699 699 703 703 748 748 704 704 705 705 744 744 715 715 739 739 738 738 712 712 740 740 739 739 701 701 700 700 743 743 742 742 741 741 727 727 734 734 733 733 741 741 741 741 737 737 736 736 739 739 714 714 713 713 718 718 724 724 740 740 735 735 734 734 741 741 730 730 729 729 741 741 733 733 732 732 741 741 740 740 723 723 722 722 740 740 719 719 718 718 722 722 721 721 740 740 736 736 735 735 741 741 738 738 716 716 715 715 728 728 727 727 741 741 740 740 712 712 723 723 739 739 713 713 712 712 732 732 731 731 741 741 720 720 719 719 740 740 739 739 715 715 714 714 721 721 720 720 740 740 727 727 726 726 742 742 729 729 728 728 741 741 753 753 754 754 795 795 799 799 789 789 768 768 759 759 798 798 793 793 763 763 791 791 797 797 792 792 780 780 781 781 792 792 782 782 783 783 790 790 771 771 772 772 792 792 783 783 784 784 790 790 775 775 769 769 790 790 772 772 773 773 790 790 773 773 774 774 785 785 786 786 792 792 750 750 797 797 798 798 752 752 753 753 799 799 768 768 752 752 799 799 798 798 760 760 761 761 755 755 756 756 795 795 754 754 755 755 795 795 792 792 784 784 785 785 791 791 763 763 776 776 792 792 779 779 780 780 798 798 762 762 750 750 798 798 759 759 760 760 791 791 777 777 778 778 791 791 776 776 777 777 794 794 799 799 753 753 756 756 757 757 796 796 798 798 761 761 762 762 797 797 751 751 763 763 764 764 765 765 790 790 797 797 750 750 751 751 778 778 792 792 791 791 795 795 794 794 753 753 796 796 795 795 756 756 767 767 768 768 789 789 792 792 781 781 782 782 769 769 770 770 790 790 790 790 770 770 771 771 758 758 759 759 793 793 787 787 788 788 792 792 765 765 766 766 790 790 792 792 786 786 787 787 789 789 790 790 766 766 792 792 778 778 779 779 766 766 767 767 789 789 757 757 758 758 793 793 793 793 796 796 757 757 774 774 764 764 790 790 800 800 803 803 802 802 803 803 801 801 802 802 806 806 808 808 807 807 805 805 806 806 807 807 809 809 806 806 804 804 809 809 808 808 806 806 810 810 809 809 804 804 813 813 811 811 812 812 814 814 815 815 813 813 813 813 812 812 814 814 818 818 820 820 816 816 818 818 819 819 820 820 817 817 819 819 818 818 823 823 828 828 824 824 828 828 826 826 824 824 825 825 824 824 826 826 821 821 825 825 826 826 828 828 823 823 827 827 827 827 826 826 828 828 824 824 822 822 823 823 832 832 830 830 831 831 829 829 832 832 831 831 834 834 836 836 837 837 838 838 836 836 833 833 833 833 835 835 838 838 836 836 838 838 837 837 842 842 839 839 840 840 841 841 842 842 840 840 844 844 846 846 845 845 846 846 843 843 845 845 849 849 851 851 850 850 847 847 850 850 851 851 847 847 851 851 852 852 849 849 850 850 848 848 855 855 854 854 853 853 855 855 856 856 854 854 860 860 859 859 861 861 858 858 860 860 861 861 858 858 861 861 857 857 864 864 865 865 863 863 864 864 866 866 865 865 862 862 866 866 867 867 862 862 865 865 866 866 870 870 871 871 869 869 869 869 868 868 870 870 872 872 875 875 874 874 874 874 875 875 873 873 877 877 879 879 881 881 880 880 879 879 876 876 876 876 878 878 880 880 879 879 880 880 881 881 883 883 882 882 884 884 885 885 883 883 886 886 884 884 886 886 883 883 888 888 890 890 887 887 887 887 890 890 889 889 895 895 892 892 894 894 895 895 894 894 891 891 891 891 893 893 895 895 895 895 896 896 892 892 899 899 901 901 898 898 898 898 897 897 900 900 898 898 900 900 899 899 907 907 908 908 909 909 905 905 908 908 903 903 904 904 903 903 906 906 907 907 902 902 904 904 906 906 907 907 904 904 902 902 907 907 909 909 907 907 906 906 908 908 906 906 903 903 908 908 913 913 911 911 914 914 911 911 912 912 914 914 911 911 910 910 912 912 917 917 915 915 918 918 917 917 918 918 916 916 924 924 925 925 926 926 924 924 923 923 921 921 922 922 923 923 926 926 920 920 922 922 925 925 921 921 923 923 919 919 922 922 919 919 923 923 922 922 926 926 925 925 926 926 923 923 924 924 933 933 932 932 931 931 930 930 933 933 931 931 931 931 932 932 928 928 930 930 931 931 929 929 932 932 927 927 928 928 928 928 929 929 931 931 932 932 933 933 934 934 927 927 932 932 934 934 936 936 935 935 938 938 938 938 937 937 936 936 940 940 941 941 942 942 940 940 942 942 939 939 945 945 947 947 944 944 947 947 946 946 944 944 943 943 946 946 948 948 946 946 947 947 948 948 950 950 949 949 951 951 951 951 953 953 950 950 952 952 950 950 953 953 961 961 959 959 954 954 958 958 956 956 961 961 956 956 955 955 959 959 957 957 960 960 954 954 958 958 961 961 960 960 958 958 960 960 957 957 960 960 961 961 954 954 959 959 961 961 956 956 962 962 966 966 965 965 964 964 965 965 966 966 966 966 963 963 964 964 975 975 970 970 968 968 975 975 971 971 970 970 971 971 978 978 976 976 976 976 970 970 971 971 974 974 969 969 977 977 978 978 979 979 976 976 968 968 969 969 975 975 972 972 981 981 973 973 973 973 974 974 972 972 969 969 968 968 977 977 974 974 977 977 972 972 981 981 967 967 973 973 967 967 980 980 973 973 983 983 984 984 985 985 985 985 982 982 983 983 989 989 987 987 986 986 990 990 988 988 987 987 987 987 989 989 990 990 986 986 991 991 989 989 992 992 995 995 994 994 995 995 992 992 993 993 998 998 997 997 996 996 997 997 998 998 999 999 1002 1002 1009 1009 1006 1006 1008 1008 1010 1010 1007 1007 1011 1011 1002 1002 1005 1005 1007 1007 1003 1003 1008 1008 1003 1003 1000 1000 1008 1008 1009 1009 1004 1004 1006 1006 1005 1005 1012 1012 1011 1011 1000 1000 1001 1001 1008 1008 1001 1001 1015 1015 1008 1008 1010 1010 1009 1009 1007 1007 1010 1010 1004 1004 1009 1009 1002 1002 1006 1006 1005 1005 1013 1013 1014 1014 1011 1011 1012 1012 1013 1013 1011 1011 1017 1017 1018 1018 1019 1019 1019 1019 1016 1016 1017 1017 1020 1020 1023 1023 1022 1022 1023 1023 1020 1020 1021 1021 1024 1024 1027 1027 1026 1026 1027 1027 1024 1024 1025 1025 1028 1028 1030 1030 1031 1031 1031 1031 1029 1029 1028 1028 1032 1032 1035 1035 1034 1034 1034 1034 1033 1033 1032 1032 1039 1039 1036 1036 1037 1037 1037 1037 1038 1038 1039 1039 1042 1042 1041 1041 1040 1040 1041 1041 1042 1042 1043 1043 1046 1046 1044 1044 1045 1045 1045 1045 1047 1047 1046 1046 1052 1052 1055 1055 1050 1050 1051 1051 1063 1063 1067 1067 1056 1056 1059 1059 1048 1048 1051 1051 1054 1054 1063 1063 1053 1053 1054 1054 1052 1052 1050 1050 1053 1053 1052 1052 1066 1066 1057 1057 1067 1067 1060 1060 1059 1059 1064 1064 1054 1054 1051 1051 1052 1052 1062 1062 1060 1060 1050 1050 1061 1061 1065 1065 1057 1057 1049 1049 1056 1056 1048 1048 1060 1060 1058 1058 1050 1050 1050 1050 1055 1055 1062 1062 1067 1067 1057 1057 1065 1065 1059 1059 1056 1056 1064 1064 1067 1067 1068 1068 1066 1066 1060 1060 1064 1064 1058 1058 1067 1067 1065 1065 1051 1051 1072 1072 1070 1070 1071 1071 1072 1072 1069 1069 1070 1070 1073 1073 1075 1075 1076 1076 1075 1075 1073 1073 1074 1074 1080 1080 1078 1078 1077 1077 1078 1078 1080 1080 1079 1079 1084 1084 1082 1082 1081 1081 1082 1082 1084 1084 1083 1083 1085 1085 1088 1088 1087 1087 1087 1087 1086 1086 1085 1085 1090 1090 1092 1092 1091 1091 1091 1091 1089 1089 1090 1090 1094 1094 1095 1095 1096 1096 1096 1096 1093 1093 1094 1094 1098 1098 1099 1099 1100 1100 1100 1100 1097 1097 1098 1098 1103 1103 1101 1101 1102 1102 1102 1102 1104 1104 1103 1103 1108 1108 1105 1105 1106 1106 1105 1105 1108 1108 1107 1107 1109 1109 1112 1112 1111 1111 1111 1111 1110 1110 1109 1109 1116 1116 1114 1114 1113 1113 1113 1113 1115 1115 1116 1116 1117 1117 1120 1120 1119 1119 1119 1119 1118 1118 1117 1117 1124 1124 1121 1121 1122 1122 1122 1122 1123 1123 1124 1124 1128 1128 1125 1125 1126 1126 1126 1126 1127 1127 1128 1128 1135 1135 1134 1134 1133 1133 1135 1135 1130 1130 1131 1131 1129 1129 1132 1132 1138 1138 1139 1139 1138 1138 1132 1132 1138 1138 1139 1139 1137 1137 1132 1132 1136 1136 1139 1139 1133 1133 1137 1137 1135 1135 1133 1133 1138 1138 1137 1137 1135 1135 1131 1131 1134 1134 1142 1142 1140 1140 1141 1141 1141 1141 1143 1143 1142 1142 1144 1144 1147 1147 1146 1146 1146 1146 1145 1145 1144 1144 1151 1151 1148 1148 1149 1149 1149 1149 1150 1150 1151 1151 1152 1152 1154 1154 1155 1155 1155 1155 1153 1153 1152 1152 1157 1157 1158 1158 1159 1159 1156 1156 1157 1157 1159 1159 1161 1161 1163 1163 1162 1162 1163 1163 1161 1161 1160 1160 1165 1165 1167 1167 1166 1166 1166 1166 1164 1164 1165 1165 1169 1169 1170 1170 1171 1171 1170 1170 1169 1169 1168 1168 1175 1175 1173 1173 1172 1172 1173 1173 1175 1175 1174 1174 1178 1178 1176 1176 1177 1177 1177 1177 1179 1179 1178 1178 1182 1182 1180 1180 1181 1181 1181 1181 1183 1183 1182 1182 1184 1184 1187 1187 1186 1186 1186 1186 1185 1185 1184 1184 1190 1190 1191 1191 1188 1188 1188 1188 1189 1189 1190 1190 1195 1195 1192 1192 1193 1193 1193 1193 1194 1194 1195 1195 1198 1198 1196 1196 1197 1197 1197 1197 1199 1199 1198 1198 1202 1202 1203 1203 1200 1200 1200 1200 1201 1201 1202 1202 1207 1207 1204 1204 1205 1205 1205 1205 1206 1206 1207 1207 1211 1211 1208 1208 1209 1209 1209 1209 1210 1210 1211 1211 1216 1216 1214 1214 1212 1212 1212 1212 1213 1213 1216 1216 1214 1214 1216 1216 1215 1215 1218 1218 1219 1219 1220 1220 1220 1220 1219 1219 1217 1217 1221 1221 1223 1223 1224 1224 1224 1224 1222 1222 1221 1221 1226 1226 1228 1228 1229 1229 1225 1225 1229 1229 1230 1230 1229 1229 1225 1225 1226 1226 1228 1228 1226 1226 1227 1227 1231 1231 1232 1232 1234 1234 1232 1232 1233 1233 1235 1235 1235 1235 1234 1234 1232 1232 1237 1237 1239 1239 1238 1238 1238 1238 1236 1236 1237 1237 1243 1243 1240 1240 1241 1241 1241 1241 1242 1242 1243 1243 1248 1248 1245 1245 1246 1246 1247 1247 1248 1248 1246 1246 1247 1247 1246 1246 1244 1244 1251 1251 1250 1250 1249 1249 1250 1250 1251 1251 1252 1252 1256 1256 1253 1253 1254 1254 1254 1254 1255 1255 1256 1256 1258 1258 1260 1260 1259 1259 1259 1259 1257 1257 1258 1258 1261 1261 1264 1264 1263 1263 1263 1263 1262 1262 1261 1261 1265 1265 1268 1268 1267 1267 1268 1268 1265 1265 1266 1266 1269 1269 1272 1272 1271 1271 1271 1271 1270 1270 1269 1269 1273 1273 1274 1274 1277 1277 1275 1275 1277 1277 1274 1274 1277 1277 1276 1276 1273 1273 1275 1275 1273 1273 1274 1274 1280 1280 1279 1279 1278 1278 1278 1278 1281 1281 1280 1280 1290 1290 1289 1289 1284 1284 1291 1291 1286 1286 1287 1287 1286 1286 1293 1293 1292 1292 1292 1292 1287 1287 1286 1286 1283 1283 1285 1285 1284 1284 1286 1286 1288 1288 1289 1289 1284 1284 1285 1285 1290 1290 1289 1289 1290 1290 1286 1286 1284 1284 1282 1282 1283 1283 1291 1291 1288 1288 1286 1286 1294 1294 1296 1296 1297 1297 1296 1296 1294 1294 1295 1295 1300 1300 1299 1299 1298 1298 1298 1298 1301 1301 1300 1300 1305 1305 1303 1303 1302 1302 1303 1303 1305 1305 1304 1304 1309 1309 1306 1306 1307 1307 1307 1307 1308 1308 1309 1309 1312 1312 1310 1310 1311 1311 1311 1311 1313 1313 1312 1312 1317 1317 1315 1315 1314 1314 1314 1314 1316 1316 1317 1317 1319 1319 1321 1321 1320 1320 1321 1321 1319 1319 1318 1318 1325 1325 1322 1322 1323 1323 1323 1323 1324 1324 1325 1325 1328 1328 1327 1327 1326 1326 1326 1326 1329 1329 1328 1328 1333 1333 1330 1330 1331 1331 1331 1331 1332 1332 1333 1333 1335 1335 1337 1337 1336 1336 1337 1337 1335 1335 1334 1334 1341 1341 1338 1338 1339 1339 1338 1338 1341 1341 1340 1340 1344 1344 1342 1342 1343 1343 1343 1343 1345 1345 1344 1344 1348 1348 1347 1347 1346 1346 1347 1347 1348 1348 1349 1349 1352 1352 1350 1350 1351 1351 1350 1350 1352 1352 1353 1353 1355 1355 1357 1357 1356 1356 1356 1356 1354 1354 1355 1355 1358 1358 1359 1359 1363 1363 1363 1363 1362 1362 1358 1358 1361 1361 1360 1360 1362 1362 1360 1360 1358 1358 1362 1362 1362 1362 1364 1364 1361 1361 1365 1365 1368 1368 1367 1367 1367 1367 1366 1366 1365 1365 1370 1370 1371 1371 1372 1372 1371 1371 1370 1370 1369 1369 1374 1374 1376 1376 1375 1375 1375 1375 1373 1373 1374 1374 1379 1379 1380 1380 1378 1378 1378 1378 1377 1377 1379 1379 1381 1381 1384 1384 1383 1383 1383 1383 1382 1382 1381 1381 1387 1387 1388 1388 1385 1385 1385 1385 1386 1386 1387 1387 1391 1391 1390 1390 1389 1389 1390 1390 1391 1391 1392 1392 1393 1393 1396 1396 1397 1397 1394 1394 1395 1395 1396 1396 1396 1396 1393 1393 1394 1394 1400 1400 1398 1398 1399 1399 1399 1399 1401 1401 1400 1400 1403 1403 1405 1405 1404 1404 1405 1405 1403 1403 1402 1402 1408 1408 1406 1406 1411 1411 1407 1407 1408 1408 1410 1410 1412 1412 1411 1411 1406 1406 1410 1410 1409 1409 1407 1407 1411 1411 1410 1410 1408 1408 1415 1415 1414 1414 1413 1413 1413 1413 1416 1416 1415 1415 1419 1419 1420 1420 1430 1430 1428 1428 1417 1417 1418 1418 1420 1420 1429 1429 1425 1425 1428 1428 1418 1418 1424 1424 1420 1420 1423 1423 1429 1429 1427 1427 1431 1431 1426 1426 1425 1425 1424 1424 1420 1420 1431 1431 1422 1422 1433 1433 1420 1420 1419 1419 1421 1421 1422 1422 1431 1431 1419 1419 1424 1424 1425 1425 1428 1428 1419 1419 1430 1430 1422 1422 1432 1432 1426 1426 1433 1433 1421 1421 1423 1423 1420 1420 1433 1433 1426 1426 1431 1431 1436 1436 1434 1434 1435 1435 1435 1435 1437 1437 1436 1436 1439 1439 1440 1440 1441 1441 1440 1440 1439 1439 1438 1438 1438 1438 1442 1442 1440 1440 1443 1443 1446 1446 1445 1445 1445 1445 1444 1444 1443 1443 1449 1449 1448 1448 1447 1447 1447 1447 1450 1450 1449 1449 1453 1453 1451 1451 1452 1452 1454 1454 1453 1453 1452 1452 1458 1458 1456 1456 1455 1455 1456 1456 1458 1458 1457 1457 1460 1460 1462 1462 1461 1461 1461 1461 1459 1459 1460 1460 1463 1463 1465 1465 1466 1466 1465 1465 1463 1463 1464 1464 1470 1470 1468 1468 1467 1467 1467 1467 1469 1469 1470 1470 1471 1471 1473 1473 1474 1474 1473 1473 1471 1471 1472 1472 1483 1483 1484 1484 1482 1482 1477 1477 1476 1476 1475 1475 1480 1480 1481 1481 1475 1475 1482 1482 1478 1478 1480 1480 1480 1480 1483 1483 1482 1482 1481 1481 1480 1480 1478 1478 1479 1479 1481 1481 1478 1478 1475 1475 1476 1476 1480 1480 1485 1485 1486 1486 1487 1487 1487 1487 1485 1485 1486 1486 1489 1489 1490 1490 1491 1491 1490 1490 1489 1489 1488 1488 1494 1494 1495 1495 1492 1492 1493 1493 1492 1492 1495 1495 1495 1495 1496 1496 1493 1493 1498 1498 1499 1499 1500 1500 1500 1500 1497 1497 1498 1498 1502 1502 1503 1503 1504 1504 1504 1504 1501 1501 1502 1502 1506 1506 1508 1508 1507 1507 1507 1507 1505 1505 1506 1506 1509 1509 1512 1512 1511 1511 1511 1511 1510 1510 1509 1509 1515 1515 1514 1514 1513 1513 1513 1513 1516 1516 1515 1515 1522 1522 1517 1517 1520 1520 1518 1518 1520 1520 1517 1517 1525 1525 1519 1519 1523 1523 1522 1522 1520 1520 1525 1525 1521 1521 1528 1528 1527 1527 1527 1527 1524 1524 1521 1521 1526 1526 1523 1523 1521 1521 1523 1523 1522 1522 1525 1525 1521 1521 1524 1524 1526 1526 1523 1523 1519 1519 1521 1521 1531 1531 1530 1530 1529 1529 1530 1530 1531 1531 1532 1532 1534 1534 1536 1536 1535 1535 1536 1536 1534 1534 1533 1533 1539 1539 1537 1537 1538 1538 1538 1538 1540 1540 1539 1539 1543 1543 1542 1542 1541 1541 1544 1544 1543 1543 1541 1541 1546 1546 1547 1547 1548 1548 1548 1548 1545 1545 1546 1546 1551 1551 1549 1549 1550 1550 1549 1549 1551 1551 1552 1552 1553 1553 1555 1555 1556 1556 1556 1556 1554 1554 1553 1553 1558 1558 1559 1559 1560 1560 1560 1560 1557 1557 1558 1558 1563 1563 1562 1562 1561 1561 1561 1561 1564 1564 1563 1563 1562 1562 1563 1563 1565 1565 1575 1575 1566 1566 1577 1577 1570 1570 1576 1576 1573 1573 1578 1578 1574 1574 1581 1581 1566 1566 1567 1567 1583 1583 1576 1576 1579 1579 1575 1575 1581 1581 1571 1571 1578 1578 1580 1580 1569 1569 1568 1568 1582 1582 1574 1574 1572 1572 1573 1573 1578 1578 1571 1571 1573 1573 1571 1571 1570 1570 1566 1566 1583 1583 1577 1577 1576 1576 1570 1570 1579 1579 1568 1568 1582 1582 1580 1580 1582 1582 1572 1572 1580 1580 1578 1578 1572 1572 1574 1574 1575 1575 1577 1577 1576 1576 1585 1585 1587 1587 1586 1586 1586 1586 1584 1584 1585 1585 1588 1588 1590 1590 1591 1591 1590 1590 1588 1588 1589 1589 1592 1592 1595 1595 1594 1594 1594 1594 1593 1593 1592 1592 1598 1598 1597 1597 1596 1596 1597 1597 1598 1598 1599 1599 1600 1600 1602 1602 1603 1603 1603 1603 1601 1601 1600 1600 1607 1607 1605 1605 1604 1604 1604 1604 1606 1606 1607 1607 1608 1608 1612 1612 1611 1611 1611 1611 1610 1610 1608 1608 1613 1613 1609 1609 1610 1610 1610 1610 1611 1611 1613 1613 1617 1617 1615 1615 1614 1614 1614 1614 1616 1616 1617 1617 1618 1618 1638 1638 1630 1630 1637 1637 1632 1632 1636 1636 1626 1626 1625 1625 1622 1622 1634 1634 1636 1636 1632 1632 1635 1635 1627 1627 1621 1621 1631 1631 1618 1618 1630 1630 1620 1620 1627 1627 1622 1622 1635 1635 1622 1622 1627 1627 1622 1622 1628 1628 1626 1626 1622 1622 1625 1625 1623 1623 1633 1633 1619 1619 1624 1624 1619 1619 1633 1633 1634 1634 1624 1624 1621 1621 1633 1633 1623 1623 1620 1620 1622 1622 1630 1630 1629 1629 1622 1622 1632 1632 1619 1619 1634 1634 1622 1622 1629 1629 1628 1628 1622 1622 1631 1631 1630 1630 1624 1624 1635 1635 1621 1621 1640 1640 1641 1641 1642 1642 1642 1642 1639 1639 1640 1640 1645 1645 1644 1644 1643 1643 1643 1643 1646 1646 1645 1645 1649 1649 1648 1648 1647 1647 1647 1647 1650 1650 1649 1649 1651 1651 1653 1653 1654 1654 1654 1654 1652 1652 1651 1651 1658 1658 1655 1655 1656 1656 1655 1655 1658 1658 1657 1657 1661 1661 1660 1660 1662 1662 1663 1663 1662 1662 1660 1660 1660 1660 1659 1659 1663 1663 1667 1667 1664 1664 1665 1665 1665 1665 1666 1666 1667 1667 1671 1671 1670 1670 1675 1675 1677 1677 1676 1676 1669 1669 1675 1675 1674 1674 1671 1671 1672 1672 1671 1671 1674 1674 1676 1676 1675 1675 1670 1670 1674 1674 1673 1673 1672 1672 1669 1669 1668 1668 1677 1677 1670 1670 1669 1669 1676 1676 1680 1680 1679 1679 1678 1678 1678 1678 1681 1681 1680 1680 1684 1684 1682 1682 1683 1683 1683 1683 1685 1685 1684 1684 1682 1682 1684 1684 1686 1686 1689 1689 1687 1687 1688 1688 1688 1688 1690 1690 1689 1689 1692 1692 1693 1693 1694 1694 1694 1694 1691 1691 1692 1692 1706 1706 1696 1696 1702 1702 1701 1701 1697 1697 1704 1704 1709 1709 1695 1695 1700 1700 1698 1698 1705 1705 1699 1699 1700 1700 1698 1698 1699 1699 1706 1706 1702 1702 1707 1707 1703 1703 1705 1705 1697 1697 1701 1701 1703 1703 1697 1697 1699 1699 1709 1709 1700 1700 1695 1695 1708 1708 1700 1700 1704 1704 1696 1696 1701 1701 1703 1703 1699 1699 1705 1705 1696 1696 1704 1704 1702 1702 1711 1711 1713 1713 1712 1712 1713 1713 1711 1711 1710 1710 1716 1716 1715 1715 1714 1714 1715 1715 1716 1716 1717 1717 1719 1719 1721 1721 1720 1720 1720 1720 1718 1718 1719 1719 1723 1723 1722 1722 1725 1725 1725 1725 1724 1724 1723 1723 1727 1727 1728 1728 1729 1729 1729 1729 1726 1726 1727 1727 1732 1732 1730 1730 1731 1731 1731 1731 1733 1733 1732 1732 1734 1734 1736 1736 1737 1737 1737 1737 1735 1735 1734 1734 1740 1740 1738 1738 1739 1739 1739 1739 1741 1741 1740 1740 1743 1743 1745 1745 1744 1744 1744 1744 1742 1742 1743 1743 1749 1749 1747 1747 1746 1746 1746 1746 1748 1748 1749 1749 1752 1752 1751 1751 1750 1750 1751 1751 1752 1752 1753 1753 1754 1754 1756 1756 1757 1757 1756 1756 1754 1754 1755 1755 1776 1776 1767 1767 1766 1766 1769 1769 1777 1777 1776 1776 1768 1768 1767 1767 1775 1775 1779 1779 1780 1780 1761 1761 1765 1765 1774 1774 1761 1761 1776 1776 1775 1775 1767 1767 1769 1769 1780 1780 1777 1777 1780 1780 1769 1769 1761 1761 1771 1771 1770 1770 1762 1762 1772 1772 1773 1773 1765 1765 1761 1761 1760 1760 1765 1765 1759 1759 1758 1758 1763 1763 1776 1776 1766 1766 1769 1769 1760 1760 1764 1764 1765 1765 1774 1774 1778 1778 1761 1761 1762 1762 1761 1761 1769 1769 1763 1763 1760 1760 1759 1759 1763 1763 1764 1764 1760 1760 1765 1765 1775 1775 1772 1772 1765 1765 1768 1768 1775 1775 1762 1762 1769 1769 1771 1771 1761 1761 1778 1778 1779 1779 1765 1765 1773 1773 1774 1774 1781 1781 1784 1784 1783 1783 1784 1784 1781 1781 1782 1782 1785 1785 1788 1788 1787 1787 1788 1788 1785 1785 1786 1786 1793 1793 1794 1794 1791 1791 1790 1790 1791 1791 1794 1794 1794 1794 1795 1795 1790 1790 1789 1789 1790 1790 1795 1795 1791 1791 1792 1792 1793 1793 1795 1795 1796 1796 1789 1789 1800 1800 1801 1801 1798 1798 1798 1798 1799 1799 1800 1800 1797 1797 1798 1798 1801 1801 1802 1802 1805 1805 1804 1804 1805 1805 1802 1802 1803 1803 1810 1810 1811 1811 1812 1812 1813 1813 1814 1814 1806 1806 1812 1812 1809 1809 1810 1810 1806 1806 1812 1812 1813 1813 1812 1812 1806 1806 1807 1807 1812 1812 1807 1807 1808 1808 1812 1812 1808 1808 1809 1809 1832 1832 1825 1825 1824 1824 1823 1823 1833 1833 1832 1832 1816 1816 1815 1815 1820 1820 1834 1834 1827 1827 1818 1818 1834 1834 1833 1833 1827 1827 1830 1830 1834 1834 1818 1818 1817 1817 1821 1821 1822 1822 1818 1818 1817 1817 1822 1822 1832 1832 1824 1824 1823 1823 1826 1826 1825 1825 1832 1832 1823 1823 1827 1827 1833 1833 1821 1821 1817 1817 1816 1816 1828 1828 1829 1829 1822 1822 1822 1822 1829 1829 1830 1830 1822 1822 1831 1831 1828 1828 1822 1822 1830 1830 1818 1818 1815 1815 1819 1819 1820 1820 1822 1822 1826 1826 1831 1831 1832 1832 1831 1831 1826 1826 1820 1820 1821 1821 1816 1816 1835 1835 1837 1837 1838 1838 1837 1837 1835 1835 1836 1836 1841 1841 1839 1839 1840 1840 1840 1840 1842 1842 1841 1841 1846 1846 1844 1844 1843 1843 1844 1844 1846 1846 1845 1845 1847 1847 1848 1848 1849 1849 1847 1847 1848 1848 1849 1849 1852 1852 1850 1850 1851 1851 1853 1853 1852 1852 1851 1851 1857 1857 1855 1855 1856 1856 1854 1854 1855 1855 1857 1857 1860 1860 1862 1862 1858 1858 1862 1862 1860 1860 1861 1861 1860 1860 1858 1858 1859 1859 1878 1878 1877 1877 1883 1883 1863 1863 1866 1866 1880 1880 1881 1881 1886 1886 1866 1866 1885 1885 1874 1874 1873 1873 1879 1879 1878 1878 1883 1883 1882 1882 1883 1883 1877 1877 1884 1884 1869 1869 1868 1868 1885 1885 1887 1887 1874 1874 1863 1863 1864 1864 1866 1866 1884 1884 1873 1873 1872 1872 1884 1884 1867 1867 1866 1866 1866 1866 1886 1886 1884 1884 1883 1883 1881 1881 1879 1879 1887 1887 1882 1882 1876 1876 1881 1881 1866 1866 1864 1864 1875 1875 1874 1874 1887 1887 1884 1884 1885 1885 1873 1873 1879 1879 1881 1881 1864 1864 1876 1876 1875 1875 1887 1887 1884 1884 1872 1872 1871 1871 1864 1864 1865 1865 1879 1879 1884 1884 1868 1868 1867 1867 1884 1884 1871 1871 1870 1870 1877 1877 1876 1876 1882 1882 1884 1884 1870 1870 1869 1869 1889 1889 1891 1891 1890 1890 1891 1891 1889 1889 1888 1888 1892 1892 1895 1895 1894 1894 1895 1895 1892 1892 1893 1893 1898 1898 1897 1897 1896 1896 1896 1896 1899 1899 1898 1898 1903 1903 1900 1900 1901 1901 1900 1900 1903 1903 1902 1902 1904 1904 1907 1907 1906 1906 1906 1906 1905 1905 1904 1904 1913 1913 1908 1908 1910 1910 1913 1913 1910 1910 1911 1911 1913 1913 1911 1911 1912 1912 1908 1908 1909 1909 1910 1910 1915 1915 1917 1917 1928 1928 1914 1914 1921 1921 1922 1922 1915 1915 1928 1928 1923 1923 1914 1914 1922 1922 1928 1928 1923 1923 1924 1924 1916 1916 1917 1917 1914 1914 1928 1928 1927 1927 1919 1919 1918 1918 1925 1925 1926 1926 1920 1920 1924 1924 1918 1918 1916 1916 1926 1926 1921 1921 1920 1920 1921 1921 1926 1926 1922 1922 1916 1916 1915 1915 1923 1923 1920 1920 1919 1919 1927 1927 1927 1927 1925 1925 1920 1920 1918 1918 1924 1924 1927 1927 1930 1930 1931 1931 1932 1932 1932 1932 1929 1929 1930 1930 1935 1935 1934 1934 1933 1933 1933 1933 1936 1936 1935 1935 1938 1938 1940 1940 1939 1939 1939 1939 1937 1937 1938 1938 1944 1944 1942 1942 1941 1941 1942 1942 1944 1944 1943 1943 1949 1949 1951 1951 1945 1945 1949 1949 1945 1945 1946 1946 1946 1946 1947 1947 1948 1948 1951 1951 1949 1949 1950 1950 1948 1948 1949 1949 1946 1946 1956 1956 1964 1964 1963 1963 1958 1958 1957 1957 1973 1973 1959 1959 1958 1958 1971 1971 1963 1963 1962 1962 1957 1957 1953 1953 1970 1970 1969 1969 1960 1960 1971 1971 1970 1970 1971 1971 1960 1960 1959 1959 1965 1965 1964 1964 1955 1955 1970 1970 1953 1953 1960 1960 1963 1963 1957 1957 1956 1956 1952 1952 1953 1953 1967 1967 1962 1962 1961 1961 1957 1957 1972 1972 1971 1971 1958 1958 1966 1966 1967 1967 1953 1953 1967 1967 1973 1973 1952 1952 1953 1953 1969 1969 1968 1968 1953 1953 1968 1968 1966 1966 1955 1955 1954 1954 1965 1965 1956 1956 1955 1955 1964 1964 1952 1952 1973 1973 1957 1957 1973 1973 1974 1974 1958 1958 1961 1961 1952 1952 1957 1957 1974 1974 1972 1972 1958 1958 1983 1983 1984 1984 1979 1979 1982 1982 1983 1983 1978 1978 1981 1981 1980 1980 1975 1975 1980 1980 1982 1982 1977 1977 1978 1978 1977 1977 1982 1982 1979 1979 1978 1978 1983 1983 1975 1975 1976 1976 1981 1981 1977 1977 1975 1975 1980 1980 1985 1985 1987 1987 1988 1988 1988 1988 1986 1986 1985 1985 1992 1992 1989 1989 1990 1990 1989 1989 1992 1992 1991 1991 1993 1993 1994 1994 1996 1996 1996 1996 1995 1995 1993 1993 2004 2004 2002 2002 2003 2003 2002 2002 1998 1998 1997 1997 2002 2002 1997 1997 1999 1999 2002 2002 1999 1999 2000 2000 2001 2001 2003 2003 2002 2002 2002 2002 2000 2000 2001 2001 2226 2226 2227 2227 2232 2232 2032 2032 2245 2245 2243 2243 2237 2237 2248 2248 2244 2244 2240 2240 2245 2245 2032 2032 2236 2236 2246 2246 2247 2247 2236 2236 2247 2247 2241 2241 2251 2251 2240 2240 2032 2032 2243 2243 2012 2012 2032 2032 2246 2246 2250 2250 2011 2011 2226 2226 2233 2233 2234 2234 2208 2208 2206 2206 2205 2205 2226 2226 2234 2234 2231 2231 2232 2232 2233 2233 2226 2226 2032 2032 2012 2012 2230 2230 2237 2237 2249 2249 2248 2248 2242 2242 2252 2252 2239 2239 2012 2012 2249 2249 2247 2247 2224 2224 2229 2229 2032 2032 2013 2013 2052 2052 2227 2227 2200 2200 2016 2016 2061 2061 2051 2051 2239 2239 2252 2252 2005 2005 2028 2028 2194 2194 2007 2007 2005 2005 2194 2194 2199 2199 2202 2202 2015 2015 2201 2201 2205 2205 2198 2198 2204 2204 2210 2210 2061 2061 2251 2251 2252 2252 2253 2253 2251 2251 2032 2032 2252 2252 2212 2212 2063 2063 2219 2219 2231 2231 2223 2223 2226 2226 2199 2199 2015 2015 2016 2016 2188 2188 2019 2019 2194 2194 2018 2018 2019 2019 2190 2190 2180 2180 2189 2189 2187 2187 2018 2018 2187 2187 2189 2189 2186 2186 2193 2193 2182 2182 2203 2203 2211 2211 2197 2197 2209 2209 2198 2198 2205 2205 2219 2219 2014 2014 2220 2220 2006 2006 2037 2037 2038 2038 2034 2034 2037 2037 2006 2006 2016 2016 2200 2200 2199 2199 2202 2202 2201 2201 2015 2015 2201 2201 2197 2197 2015 2015 2201 2201 2198 2198 2197 2197 2205 2205 2206 2206 2207 2207 2014 2014 2015 2015 2221 2221 2015 2015 2217 2217 2218 2218 2039 2039 2040 2040 2006 2006 2023 2023 2022 2022 2007 2007 2171 2171 2162 2162 2194 2194 2134 2134 2127 2127 2128 2128 2158 2158 2159 2159 2024 2024 2169 2169 2178 2178 2157 2157 2194 2194 2028 2028 2195 2195 2190 2190 2187 2187 2018 2018 2163 2163 2166 2166 2165 2165 2030 2030 2029 2029 2063 2063 2230 2230 2224 2224 2032 2032 2227 2227 2225 2225 2012 2012 2193 2193 2189 2189 2182 2182 2184 2184 2183 2183 2180 2180 2179 2179 2195 2195 2181 2181 2033 2033 2034 2034 2006 2006 2032 2032 2055 2055 2252 2252 2030 2030 2057 2057 2028 2028 2028 2028 2031 2031 2030 2030 2005 2005 2056 2056 2219 2219 2172 2172 2169 2169 2167 2167 2173 2173 2161 2161 2171 2171 2026 2026 2025 2025 2168 2168 2214 2214 2212 2212 2219 2219 2218 2218 2216 2216 2221 2221 2197 2197 2215 2215 2217 2217 2216 2216 2218 2218 2213 2213 2212 2212 2215 2215 2197 2197 2144 2144 2151 2151 2152 2152 2130 2130 2135 2135 2134 2134 2135 2135 2136 2136 2134 2134 2134 2134 2136 2136 2133 2133 2133 2133 2016 2016 2134 2134 2016 2016 2133 2133 2138 2138 2137 2137 2139 2139 2061 2061 2061 2061 2016 2016 2137 2137 2138 2138 2137 2137 2016 2016 2151 2151 2144 2144 2017 2017 2134 2134 2132 2132 2130 2130 2149 2149 2146 2146 2147 2147 2071 2071 2078 2078 2077 2077 2071 2071 2077 2077 2076 2076 2118 2118 2014 2014 2219 2219 2071 2071 2075 2075 2074 2074 2071 2071 2074 2074 2073 2073 2142 2142 2141 2141 2057 2057 2057 2057 2017 2017 2142 2142 2140 2140 2017 2017 2057 2057 2128 2128 2129 2129 2134 2134 2148 2148 2150 2150 2017 2017 2145 2145 2153 2153 2149 2149 2147 2147 2145 2145 2149 2149 2017 2017 2150 2150 2151 2151 2017 2017 2143 2143 2142 2142 2105 2105 2104 2104 2010 2010 2010 2010 2011 2011 2105 2105 2103 2103 2010 2010 2104 2104 2144 2144 2057 2057 2141 2141 2134 2134 2016 2016 2017 2017 2017 2017 2140 2140 2134 2134 2070 2070 2009 2009 2082 2082 2212 2212 2197 2197 2063 2063 2129 2129 2131 2131 2134 2134 2163 2163 2174 2174 2167 2167 2071 2071 2076 2076 2075 2075 2107 2107 2111 2111 2106 2106 2013 2013 2056 2056 2052 2052 2012 2012 2243 2243 2248 2248 2012 2012 2248 2248 2249 2249 2222 2222 2235 2235 2055 2055 2223 2223 2231 2231 2228 2228 2225 2225 2230 2230 2012 2012 2031 2031 2028 2028 2029 2029 2005 2005 2219 2219 2063 2063 2237 2237 2244 2244 2238 2238 2227 2227 2052 2052 2232 2232 2239 2239 2011 2011 2250 2250 2222 2222 2055 2055 2032 2032 2229 2229 2222 2222 2032 2032 2218 2218 2221 2221 2015 2015 2221 2221 2220 2220 2014 2014 2217 2217 2015 2015 2197 2197 2227 2227 2012 2012 2013 2013 2052 2052 2055 2055 2235 2235 2052 2052 2235 2235 2232 2232 2005 2005 2029 2029 2028 2028 2083 2083 2082 2082 2009 2009 2009 2009 2098 2098 2083 2083 2116 2116 2013 2013 2014 2014 2014 2014 2118 2118 2116 2116 2123 2123 2056 2056 2013 2013 2040 2040 2080 2080 2083 2083 2071 2071 2080 2080 2079 2079 2071 2071 2079 2079 2078 2078 2161 2161 2170 2170 2160 2160 2005 2005 2063 2063 2029 2029 2005 2005 2252 2252 2055 2055 2064 2064 2048 2048 2005 2005 2143 2143 2017 2017 2144 2144 2156 2156 2169 2169 2157 2157 2204 2204 2061 2061 2063 2063 2011 2011 2012 2012 2246 2246 2247 2247 2246 2246 2012 2012 2219 2219 2126 2126 2118 2118 2065 2065 2068 2068 2067 2067 2065 2065 2067 2067 2066 2066 2047 2047 2103 2103 2005 2005 2005 2005 2048 2048 2047 2047 2046 2046 2045 2045 2090 2090 2121 2121 2120 2120 2117 2117 2125 2125 2115 2115 2121 2121 2115 2115 2124 2124 2056 2056 2065 2065 2069 2069 2068 2068 2123 2123 2121 2121 2115 2115 2071 2071 2073 2073 2072 2072 2139 2139 2062 2062 2061 2061 2009 2009 2010 2010 2098 2098 2114 2114 2108 2108 2239 2239 2111 2111 2051 2051 2106 2106 2110 2110 2109 2109 2011 2011 2011 2011 2113 2113 2107 2107 2034 2034 2069 2069 2037 2037 2069 2069 2065 2065 2037 2037 2088 2088 2083 2083 2098 2098 2084 2084 2088 2088 2098 2098 2090 2090 2087 2087 2091 2091 2089 2089 2041 2041 2006 2006 2041 2041 2064 2064 2006 2006 2048 2048 2064 2064 2042 2042 2042 2042 2043 2043 2048 2048 2045 2045 2046 2046 2044 2044 2091 2091 2084 2084 2043 2043 2098 2098 2048 2048 2084 2084 2092 2092 2095 2095 2093 2093 2082 2082 2083 2083 2071 2071 2080 2080 2071 2071 2083 2083 2105 2105 2011 2011 2101 2101 2103 2103 2097 2097 2094 2094 2019 2019 2172 2172 2173 2173 2167 2167 2169 2169 2163 2163 2131 2131 2132 2132 2134 2134 2108 2108 2110 2110 2011 2011 2011 2011 2109 2109 2113 2113 2011 2011 2239 2239 2108 2108 2106 2106 2101 2101 2011 2011 2096 2096 2097 2097 2103 2103 2102 2102 2105 2105 2101 2101 2099 2099 2098 2098 2010 2010 2148 2148 2017 2017 2018 2018 2018 2018 2154 2154 2148 2148 2028 2028 2149 2149 2153 2153 2051 2051 2112 2112 2239 2239 2112 2112 2114 2114 2239 2239 2100 2100 2106 2106 2005 2005 2092 2092 2099 2099 2095 2095 2099 2099 2092 2092 2098 2098 2010 2010 2094 2094 2099 2099 2119 2119 2123 2123 2013 2013 2124 2124 2126 2126 2219 2219 2121 2121 2117 2117 2122 2122 2172 2172 2019 2019 2020 2020 2173 2173 2171 2171 2019 2019 2020 2020 2168 2168 2172 2172 2027 2027 2026 2026 2168 2168 2169 2169 2175 2175 2178 2178 2116 2116 2119 2119 2013 2013 2123 2123 2115 2115 2056 2056 2121 2121 2122 2122 2125 2125 2107 2107 2106 2106 2011 2011 2124 2124 2219 2219 2056 2056 2159 2159 2168 2168 2024 2024 2025 2025 2024 2024 2168 2168 2193 2193 2192 2192 2018 2018 2188 2188 2190 2190 2019 2019 2018 2018 2189 2189 2193 2193 2063 2063 2061 2061 2062 2062 2062 2062 2058 2058 2063 2063 2059 2059 2060 2060 2063 2063 2058 2058 2059 2059 2063 2063 2172 2172 2175 2175 2169 2169 2006 2006 2083 2083 2089 2089 2040 2040 2083 2083 2006 2006 2037 2037 2065 2065 2082 2082 2005 2005 2106 2106 2051 2051 2051 2051 2252 2252 2005 2005 2100 2100 2005 2005 2103 2103 2194 2194 2019 2019 2171 2171 2168 2168 2159 2159 2177 2177 2028 2028 2018 2018 2192 2192 2028 2028 2155 2155 2154 2154 2050 2050 2096 2096 2049 2049 2047 2047 2049 2049 2096 2096 2096 2096 2103 2103 2047 2047 2008 2008 2007 2007 2022 2022 2166 2166 2024 2024 2023 2023 2007 2007 2166 2166 2023 2023 2192 2192 2191 2191 2028 2028 2082 2082 2081 2081 2035 2035 2181 2181 2195 2195 2028 2028 2028 2028 2191 2191 2181 2181 2180 2180 2187 2187 2184 2184 2153 2153 2155 2155 2028 2028 2154 2154 2018 2018 2028 2028 2149 2149 2028 2028 2144 2144 2186 2186 2182 2182 2185 2185 2173 2173 2170 2170 2161 2161 2090 2090 2091 2091 2046 2046 2162 2162 2165 2165 2007 2007 2165 2165 2166 2166 2007 2007 2024 2024 2166 2166 2158 2158 2063 2063 2057 2057 2030 2030 2144 2144 2028 2028 2057 2057 2210 2210 2200 2200 2061 2061 2084 2084 2048 2048 2043 2043 2043 2043 2046 2046 2091 2091 2006 2006 2038 2038 2039 2039 2090 2090 2086 2086 2087 2087 2090 2090 2085 2085 2086 2086 2164 2164 2174 2174 2163 2163 2167 2167 2174 2174 2176 2176 2094 2094 2010 2010 2103 2103 2081 2081 2036 2036 2035 2035 2082 2082 2035 2035 2037 2037 2165 2165 2164 2164 2163 2163 2006 2006 2021 2021 2033 2033 2064 2064 2005 2005 2006 2006 2205 2205 2207 2207 2209 2209 2198 2198 2203 2203 2197 2197 2211 2211 2204 2204 2063 2063 2063 2063 2197 2197 2211 2211 2195 2195 2196 2196 2194 2194 2054 2054 2056 2056 2005 2005 2162 2162 2007 2007 2194 2194 2055 2055 2054 2054 2005 2005 2055 2055 2053 2053 2054 2054 2262 2262 2255 2255 2254 2254 2258 2258 2257 2257 2260 2260 2260 2260 2261 2261 2264 2264 2262 2262 2257 2257 2256 2256 2264 2264 2263 2263 2260 2260 2261 2261 2265 2265 2264 2264 2256 2256 2255 2255 2262 2262 2263 2263 2258 2258 2260 2260 2262 2262 2260 2260 2257 2257 2263 2263 2259 2259 2258 2258 2267 2267 2268 2268 2266 2266 2269 2269 2270 2270 2271 2271 2274 2274 2272 2272 2273 2273 2277 2277 2276 2276 2275 2275 2278 2278 2280 2280 2279 2279 2281 2281 2282 2282 2283 2283 2284 2284 2285 2285 2286 2286 2289 2289 2287 2287 2288 2288 2291 2291 2292 2292 2290 2290 2295 2295 2293 2293 2294 2294 2298 2298 2297 2297 2296 2296 2299 2299 2301 2301 2300 2300 2304 2304 2303 2303 2302 2302 2305 2305 2306 2306 2307 2307 2308 2308 2310 2310 2309 2309 2313 2313 2312 2312 2311 2311 2316 2316 2314 2314 2315 2315 2319 2319 2318 2318 2317 2317 2322 2322 2321 2321 2320 2320 2323 2323 2325 2325 2324 2324 2326 2326 2327 2327 2328 2328 2329 2329 2331 2331 2330 2330 2332 2332 2333 2333 2334 2334 2335 2335 2337 2337 2336 2336 2340 2340 2338 2338 2339 2339 2341 2341 2343 2343 2342 2342 2346 2346 2344 2344 2345 2345 2347 2347 2348 2348 2349 2349 2350 2350 2351 2351 2352 2352 2355 2355 2354 2354 2353 2353 2356 2356 2358 2358 2357 2357 2361 2361 2360 2360 2359 2359 2362 2362 2364 2364 2363 2363 2367 2367 2366 2366 2365 2365 2368 2368 2369 2369 2370 2370 2371 2371 2373 2373 2372 2372 2376 2376 2375 2375 2374 2374 2377 2377 2379 2379 2378 2378 2382 2382 2380 2380 2381 2381 2383 2383 2384 2384 2385 2385 2386 2386 2388 2388 2387 2387 2389 2389 2390 2390 2391 2391 2392 2392 2393 2393 2394 2394 2397 2397 2395 2395 2396 2396 2398 2398 2400 2400 2399 2399 2403 2403 2402 2402 2401 2401 2406 2406 2405 2405 2404 2404 2409 2409 2408 2408 2407 2407 2411 2411 2412 2412 2410 2410 2414 2414 2415 2415 2413 2413 2416 2416 2418 2418 2417 2417 2421 2421 2419 2419 2420 2420 2424 2424 2422 2422 2423 2423 2427 2427 2426 2426 2425 2425 2428 2428 2429 2429 2430 2430 2431 2431 2432 2432 2433 2433 2436 2436 2435 2435 2434 2434 2437 2437 2439 2439 2438 2438 2442 2442 2441 2441 2440 2440 2443 2443 2445 2445 2444 2444 2446 2446 2448 2448 2447 2447 2449 2449 2451 2451 2450 2450 2454 2454 2453 2453 2452 2452 2455 2455 2457 2457 2456 2456 2458 2458 2459 2459 2460 2460 2461 2461 2462 2462 2463 2463 2464 2464 2465 2465 2466 2466 2467 2467 2468 2468 2469 2469 2470 2470 2471 2471 2472 2472 2474 2474 2473 2473 2475 2475 2477 2477 2476 2476 2478 2478 2481 2481 2479 2479 2480 2480 2482 2482 2483 2483 2484 2484 2485 2485 2486 2486 2487 2487 2488 2488 2489 2489 2490 2490 2491 2491 2492 2492 2493 2493 2494 2494 2495 2495 2496 2496 2498 2498 2499 2499 2497 2497 2500 2500 2501 2501 2502 2502 2503 2503 2504 2504 2505 2505 2506 2506 2507 2507 2508 2508 2511 2511 2510 2510 2509 2509 2512 2512 2513 2513 2514 2514 2517 2517 2516 2516 2515 2515 2520 2520 2519 2519 2518 2518 2523 2523 2521 2521 2522 2522 2526 2526 2525 2525 2524 2524 2527 2527 2528 2528 2529 2529 2530 2530 2531 2531 2532 2532 2533 2533 2535 2535 2534 2534 2536 2536 2538 2538 2537 2537 2541 2541 2539 2539 2540 2540 2542 2542 2543 2543 2544 2544 2545 2545 2546 2546 2547 2547 2548 2548 2549 2549 2550 2550 2551 2551 2552 2552 2553 2553 2556 2556 2555 2555 2554 2554 2557 2557 2558 2558 2559 2559 2560 2560 2561 2561 2562 2562 2565 2565 2563 2563 2564 2564 2568 2568 2567 2567 2566 2566 2569 2569 2571 2571 2570 2570 2574 2574 2573 2573 2572 2572 2575 2575 2576 2576 2577 2577 2578 2578 2580 2580 2579 2579 2581 2581 2582 2582 2583 2583 2584 2584 2585 2585 2586 2586 2589 2589 2587 2587 2588 2588 2592 2592 2591 2591 2590 2590 2595 2595 2594 2594 2593 2593 2597 2597 2598 2598 2596 2596 2599 2599 2600 2600 2601 2601 2604 2604 2603 2603 2602 2602 2607 2607 2605 2605 2606 2606 2610 2610 2608 2608 2609 2609 2611 2611 2612 2612 2613 2613 2614 2614 2615 2615 2616 2616 2619 2619 2617 2617 2618 2618 2622 2622 2620 2620 2621 2621 2625 2625 2624 2624 2623 2623 2626 2626 2627 2627 2628 2628 2631 2631 2630 2630 2629 2629 2632 2632 2633 2633 2634 2634 2637 2637 2635 2635 2636 2636 2638 2638 2639 2639 2640 2640 2641 2641 2642 2642 2643 2643 2644 2644 2645 2645 2646 2646 2647 2647 2649 2649 2648 2648 2652 2652 2650 2650 2651 2651 2653 2653 2654 2654 2655 2655 2658 2658 2657 2657 2656 2656 2659 2659 2661 2661 2660 2660 2664 2664 2663 2663 2662 2662 2665 2665 2667 2667 2666 2666 2670 2670 2669 2669 2668 2668 2671 2671 2673 2673 2672 2672 2674 2674 2675 2675 2676 2676 2678 2678 2679 2679 2677 2677 2680 2680 2681 2681 2682 2682 2683 2683 2685 2685 2684 2684 2688 2688 2686 2686 2687 2687 2690 2690 2689 2689 2691 2691 2694 2694 2692 2692 2693 2693 2697 2697 2696 2696 2695 2695 2698 2698 2699 2699 2700 2700 2701 2701 2703 2703 2702 2702 2704 2704 2705 2705 2706 2706 2709 2709 2708 2708 2707 2707 2710 2710 2711 2711 2712 2712 2715 2715 2713 2713 2714 2714 2718 2718 2716 2716 2717 2717 2721 2721 2720 2720 2719 2719 2722 2722 2724 2724 2723 2723 2725 2725 2726 2726 2727 2727 2728 2728 2730 2730 2729 2729 2731 2731 2732 2732 2733 2733 2734 2734 2736 2736 2735 2735 2739 2739 2738 2738 2737 2737 2740 2740 2742 2742 2741 2741 2745 2745 2743 2743 2744 2744 2746 2746 2747 2747 2748 2748 2749 2749 2750 2750 2751 2751 2752 2752 2754 2754 2753 2753 2757 2757 2756 2756 2755 2755 2758 2758 2760 2760 2759 2759 2763 2763 2761 2761 2762 2762 2764 2764 2765 2765 2766 2766 2769 2769 2768 2768 2767 2767 2772 2772 2770 2770 2771 2771 2773 2773 2774 2774 2775 2775 2776 2776 2778 2778 2777 2777 2781 2781 2779 2779 2780 2780 2782 2782 2783 2783 2784 2784 2787 2787 2786 2786 2785 2785 2788 2788 2790 2790 2789 2789 2791 2791 2793 2793 2792 2792 2796 2796 2795 2795 2794 2794 2797 2797 2798 2798 2799 2799 2802 2802 2801 2801 2800 2800 2805 2805 2803 2803 2804 2804 2808 2808 2807 2807 2806 2806 2809 2809 2810 2810 2811 2811 2812 2812 2813 2813 2814 2814 2815 2815 2817 2817 2816 2816 2818 2818 2819 2819 2820 2820 2823 2823 2821 2821 2822 2822 2824 2824 2826 2826 2825 2825 2829 2829 2827 2827 2828 2828 2830 2830 2831 2831 2832 2832 2835 2835 2834 2834 2833 2833 2838 2838 2836 2836 2837 2837 2839 2839 2841 2841 2840 2840 2844 2844 2842 2842 2843 2843 2845 2845 2847 2847 2846 2846 2848 2848 2850 2850 2849 2849 2853 2853 2852 2852 2851 2851 2856 2856 2855 2855 2854 2854 2857 2857 2859 2859 2858 2858 2862 2862 2860 2860 2861 2861 2865 2865 2863 2863 2864 2864</p>
        </triangles>
      </mesh>
    </geometry>
  </library_geometries>
  <library_materials>
    <material id="chrome-material" name="chrome">
      <instance_effect url="#chrome-effect"/>
    </material>
  </library_materials>
  <library_visual_scenes>
    <visual_scene id="scene">
      <node id="node_g0_chrome" name="node_g0_chrome">
        <instance_geometry url="#g0_chrome">
          <bind_material>
            <technique_common>
              <instance_material symbol="chrome-ref" target="#chrome-material"/>
            </technique_common>
          </bind_material>
        </instance_geometry>
      </node>
    </visual_scene>
  </library_visual_scenes>
  <scene>
    <instance_visual_scene url="#scene"/>
  </scene>
</COLLADA>
