<COLLADA xmlns="http://www.collada.org/2005/11/COLLADASchema" version="1.4.1">
  <asset>
    <created>2026-09-29T18:16:48.484768</created>
    <modified>2026-09-29T18:16:48.484771</modified>
    <unit name="meter" meter="1.0"/>
    <up_axis>Z_UP</up_axis>
  </asset>
  <library_effects>
    <effect id="chrome-effect" name="chrome-effect">
      <profile_COMMON>
        <technique sid="common">
          <phong>
            <emission>
              <color>0 0 0 1.0</color>
            </emission>
            <ambient>
              <color>0.432 0.438 0.45599999999999996 1.0</color>
            </ambient>
            <diffuse>
              <color>0.72 0.73 0.76 1.0</color>
            </diffuse>
            <specular>
              <color>0.95 0.95 0.95 1.0</color>
            </specular>
            <shininess>
              <float>80.0</float>
            </shininess>
            <reflective>
              <color>0.0 0.0 0.0 1.0</color>
            </reflective>
            <reflectivity>
              <float>0.0</float>
            </reflectivity>
            <transparent>
              <color>0.0 0.0 0.0 1.0</color>
            </transparent>
            <transparency>
              <float>1.0</float>
            </transparency>
          </phong>
        </technique>
        <extra>
          <technique profile="GOOGLEEARTH">
            <double_sided>0</double_sided>
          </technique>
        </extra>
      </profile_COMMON>
    </effect>
    <effect id="dark_steel-effect" name="dark_steel-effect">
      <profile_COMMON>
        <technique sid="common">
          <phong>
            <emission>
              <color>0 0 0 1.0</color>
            </emission>
            <ambient>
              <color>0.12 0.12 0.132 1.0</color>
            </ambient>
            <diffuse>
              <color>0.2 0.2 0.22 1.0</color>
            </diffuse>
            <specular>
              <color>0.6 0.6 0.6 1.0</color>
            </specular>
            <shininess>
              <float>40.0</float>
            </shininess>
            <reflective>
              <color>0.0 0.0 0.0 1.0</color>
            </reflective>
            <reflectivity>
              <float>0.0</float>
            </reflectivity>
            <transparent>
              <color>0.0 0.0 0.0 1.0</color>
            </transparent>
            <transparency>
              <float>1.0</float>
            </transparency>
          </phong>
        </technique>
        <extra>
          <technique profile="GOOGLEEARTH">
            <double_sided>0</double_sided>
          </technique>
        </extra>
      </profile_COMMON>
    </effect>
    <effect id="orange-effect" name="orange-effect">
      <profile_COMMON>
        <technique sid="common">
          <phong>
            <emission>
              <color>0 0 0 1.0</color>
            </emission>
            <ambient>
              <color>0.57 0.252 0.024 1.0</color>
            </ambient>
            <diffuse>
              <color>0.95 0.42 0.04 1.0</color>
            </diffuse>
            <specular>
              <color>0.3 0.3 0.3 1.0</color>
            </specular>
            <shininess>
              <float>20.0</float>
            </shininess>
            <reflective>
              <color>0.0 0.0 0.0 1.0</color>
            </reflective>
            <reflectivity>
              <float>0.0</float>
            </reflectivity>
            <transparent>
              <color>0.0 0.0 0.0 1.0</color>
            </transparent>
            <transparency>
              <float>1.0</float>
            </transparency>
          </phong>
        </technique>
        <extra>
          <technique profile="GOOGLEEARTH">
            <double_sided>0</double_sided>
          </technique>
        </extra>
      </profile_COMMON>
    </effect>
    <effect id="black-effect" name="black-effect">
      <profile_COMMON>
        <technique sid="common">
          <phong>
            <emission>
              <color>0 0 0 1.0</color>
            </emission>
            <ambient>
              <color>0.024 0.024 0.024 1.0</color>
            </ambient>
            <diffuse>
              <color>0.04 0.04 0.04 1.0</color>
            </diffuse>
            <specular>
              <color>0.2 0.2 0.2 1.0</color>
            </specular>
            <shininess>
              <float>10.0</float>
            </shininess>
            <reflective>
              <color>0.0 0.0 0.0 1.0</color>
            </reflective>
            <reflectivity>
              <float>0.0</float>
            </reflectivity>
            <transparent>
              <color>0.0 0.0 0.0 1.0</color>
            </transparent>
            <transparency>
              <float>1.0</float>
            </transparency>
          </phong>
        </technique>
        <extra>
          <technique profile="GOOGLEEARTH">
            <double_sided>0</double_sided>
          </technique>
        </extra>
      </profile_COMMON>
    </effect>
  </library_effects>
  <library_geometries>
    <geometry id="g0_chrome" name="g0_chrome">
      <mesh>
        <source id="g0_chrome-pos">
          <float_array count="306" id="g0_chrome-pos-array">-0.0034463 -0.0008155 0.1117656 -0.0033459 -0.0012908 0.1117622 -0.0031758 -0.0017458 0.1117585 -0.0029398 -0.0021703 0.1117548 -0.0026432 -0.002555 0.1117511 -0.0022925 -0.0028911 0.1117474 -0.0018957 -0.0031712 0.1117439 -0.0014616 -0.003389 0.1117406 -0.0009998 -0.0035397 0.1117376 -0.0005207 -0.0036199 0.111735 -3.5e-05 -0.0036278 0.1117328 0.0004464 -0.0035632 0.1117311 0.0009128 -0.0034276 0.1117299 0.0013538 -0.003224 0.1117293 0.0017596 -0.0029569 0.1117292 0.002121 -0.0026324 0.1117297 0.0026796 -0.0018409 0.1117323 0.0028644 -0.0013917 0.1117343 0.0029802 -0.0009199 0.1117368 0.0030244 -0.0004362 0.1117397 0.002996 4.87e-05 0.1117429 -0.003823 -0.0002697 0.0257682 -0.0037227 -0.000745 0.0257647 -0.0035526 -0.0011999 0.0257611 -0.0033166 -0.0016245 0.0257574 -0.00302 -0.0020091 0.0257536 -0.0026693 -0.0023452 0.02575 -0.0022725 -0.0026254 0.0257464 -0.0018383 -0.0028432 0.0257432 -0.0013766 -0.0029939 0.0257402 -0.0008975 -0.0030741 0.0257376 -0.0004118 -0.003082 0.0257354 6.96e-05 -0.0030174 0.0257337 0.000536 -0.0028818 0.0257325 0.000977 -0.0026781 0.0257319 0.0013828 -0.0024111 0.0257318 0.0017442 -0.0020865 0.0257323 0.0020532 -0.0017117 0.0257333 0.0023029 -0.0012951 0.0257348 0.0024877 -0.0008459 0.0257369 0.0026034 -0.0003741 0.0257394 0.0026476 0.0001096 0.0257422 0.0026192 0.0005945 0.0257454 0.0028956 0.0005239 0.1117463 0.0021929 0.0017881 0.1117574 0.0018423 0.0021242 0.1117611 0.0014454 0.0024043 0.1117646 0.0010113 0.0026222 0.1117679 0.0005495 0.0027729 0.1117709 7.04e-05 0.002853 0.1117735 -0.0004153 0.0028609 0.1117757 -0.0013631 0.0026607 0.1117786 -0.0018041 0.0024571 0.1117792 -0.0022099 0.0021901 0.1117793 -0.0025713 0.0018655 0.1117788 -0.0028803 0.0014907 0.1117778 -0.0031299 0.001074 0.1117762 -0.0033147 0.0006248 0.1117742 -0.0034305 0.0001531 0.1117717 -0.0034747 -0.0003306 0.1117688 0.0025188 0.0010698 0.0257489 0.0023488 0.0015247 0.0257525 0.0021128 0.0019493 0.0257563 0.0018161 0.0023339 0.02576 0.0014655 0.0026701 0.0257637 0.0010686 0.0029502 0.0257672 0.0006345 0.003168 0.0257705 0.0001727 0.0033187 0.0257735 -0.0003063 0.0033989 0.0257761 -0.000792 0.0034068 0.0257782 -0.0012735 0.0033422 0.0257799 -0.0017399 0.0032066 0.0257811 -0.0021809 0.003003 0.0257818 -0.0025866 0.0027359 0.0257818 -0.002948 0.0024113 0.0257814 -0.003257 0.0020365 0.0257803 -0.0035067 0.0016199 0.0257788 -0.0036915 0.0011707 0.0257767 -0.0038073 0.0006989 0.0257743 -0.0038515 0.0002152 0.0257714 -0.0008975 -0.0030741 0.0257376 -0.0004118 -0.003082 0.0257354 6.96e-05 -0.0030174 0.0257337 0.000536 -0.0028818 0.0257325 7.04e-05 0.002853 0.1117735 -0.0004153 0.0028609 0.1117757 -0.0013631 0.0026607 0.1117786 0.0017596 -0.0029569 0.1117292 0.002121 -0.0026324 0.1117297 0.0026796 -0.0018409 0.1117323 0.0026476 0.0001096 0.0257422 0.0026192 0.0005945 0.0257454 0.0025188 0.0010698 0.0257489 0.0024877 -0.0008459 0.0257369 0.0026034 -0.0003741 0.0257394 0.0026476 0.0001096 0.0257422 -0.0035067 0.0016199 0.0257788 -0.0036915 0.0011707 0.0257767 -0.0038073 0.0006989 0.0257743 -0.0018383 -0.0028432 0.0257432 -0.0013766 -0.0029939 0.0257402 -0.0008975 -0.0030741 0.0257376</float_array>
          <technique_common>
            <accessor count="102" source="#g0_chrome-pos-array" stride="3">
              <param type="float" name="X"/>
              <param type="float" name="Y"/>
              <param type="float" name="Z"/>
            </accessor>
          </technique_common>
        </source>
        <source id="g0_chrome-nrm">
          <float_array count="306" id="g0_chrome-nrm-array">-0.99112 -0.13296 0.0035 -0.96023 -0.27919 0.00243 -0.9079 -0.41918 0.00132 -0.83529 -0.54981 0.00017 -0.74402 -0.66816 -0.00098 -0.63612 -0.77158 -0.00211 -0.51402 -0.85777 -0.00319 -0.38044 -0.9248 -0.0042 -0.23835 -0.97117 -0.00512 -0.09095 -0.99584 -0.00592 0.05849 -0.99827 -0.00659 0.20663 -0.97839 -0.00712 0.35014 -0.93667 -0.00748 0.48584 -0.87402 -0.00768 0.61068 -0.79184 -0.0077 0.74716 -0.6646 -0.00728 0.87645 -0.48144 -0.00668 0.95064 -0.31023 -0.00613 0.98627 -0.16508 -0.00537 0.99986 -0.01624 -0.00448 0.99112 0.13296 -0.0035 -0.99112 -0.13296 0.0035 -0.96023 -0.27919 0.00243 -0.9079 -0.41918 0.00132 -0.83529 -0.54981 0.00017 -0.74402 -0.66816 -0.00098 -0.63612 -0.77158 -0.00211 -0.51402 -0.85777 -0.00319 -0.38044 -0.9248 -0.0042 -0.23835 -0.97117 -0.00512 -0.09095 -0.99584 -0.00592 0.05849 -0.99827 -0.00659 0.20663 -0.97839 -0.00712 0.35014 -0.93667 -0.00748 0.48584 -0.87402 -0.00768 0.61068 -0.79184 -0.0077 0.72188 -0.69198 -0.00755 0.81695 -0.57666 -0.00724 0.89378 -0.44845 -0.00676 0.95064 -0.31023 -0.00613 0.98627 -0.16508 -0.00537 0.99986 -0.01624 -0.00448 0.99112 0.13296 -0.0035 0.93678 0.34991 -0.00146 0.7917 0.6109 0.00083 0.63612 0.77158 0.00211 0.51402 0.85777 0.00319 0.38044 0.9248 0.0042 0.23835 0.97117 0.00512 0.09095 0.99584 0.00592 -0.09564 0.99539 0.00695 -0.315 0.94906 0.00762 -0.48584 0.87402 0.00768 -0.61068 0.79184 0.0077 -0.72188 0.69198 0.00755 -0.81695 0.57666 0.00724 -0.89378 0.44845 0.00676 -0.95064 0.31023 0.00613 -0.98627 0.16508 0.00537 -0.99986 0.01624 0.00448 0.96023 0.27919 -0.00243 0.90779 0.41942 -0.00089 0.83544 0.54959 0.00025 0.74402 0.66816 0.00098 0.63612 0.77158 0.00211 0.51402 0.85777 0.00319 0.38044 0.9248 0.0042 0.23835 0.97117 0.00512 0.09095 0.99584 0.00592 -0.05849 0.99827 0.00659 -0.20663 0.97839 0.00712 -0.35014 0.93667 0.00748 -0.48584 0.87402 0.00768 -0.61068 0.79184 0.0077 -0.72188 0.69198 0.00755 -0.81695 0.57666 0.00724 -0.89378 0.44845 0.00676 -0.95064 0.31023 0.00613 -0.98627 0.16508 0.00537 -0.99986 0.01624 0.00448 0.00438 -0.00635 0.99997 0.00438 -0.00635 0.99997 0.00438 -0.00635 0.99997 0.00438 -0.00635 0.99997 0.00438 -0.00635 0.99997 0.00438 -0.00635 0.99997 0.00438 -0.00635 0.99997 0.00438 -0.00635 0.99997 0.00438 -0.00635 0.99997 0.00438 -0.00635 0.99997 0.00438 -0.00635 0.99997 0.00438 -0.00635 0.99997 0.00438 -0.00635 0.99997 0.00438 -0.00635 0.99997 0.00438 -0.00635 0.99997 0.00438 -0.00635 0.99997 0.00438 -0.00635 0.99997 0.00438 -0.00635 0.99997 0.00438 -0.00635 0.99997 0.00438 -0.00635 0.99997 0.00438 -0.00635 0.99997 0.00438 -0.00635 0.99997</float_array>
          <technique_common>
            <accessor count="102" source="#g0_chrome-nrm-array" stride="3">
              <param type="float" name="X"/>
              <param type="float" name="Y"/>
              <param type="float" name="Z"/>
            </accessor>
          </technique_common>
        </source>
        <vertices id="g0_chrome-pos-vertices">
          <input semantic="POSITION" source="#g0_chrome-pos"/>
        </vertices>
        <triangles count="88" material="chrome-ref">
          <input offset="0" semantic="VERTEX" source="#g0_chrome-pos-vertices"/>
          <input offset="1" semantic="NORMAL" source="#g0_chrome-nrm"/>
          <p>41 41 20 20 19 19 41 41 42 42 20 20 40 40 19 19 18 18 40 40 41 41 19 19 39 39 18 18 17 17 39 39 40 40 18 18 38 38 17 17 16 16 38 38 39 39 17 17 37 37 16 16 15 15 37 37 38 38 16 16 36 36 37 37 15 15 35 35 15 15 14 14 35 35 36 36 15 15 34 34 14 14 13 13 34 34 35 35 14 14 33 33 12 12 11 11 33 33 13 13 12 12 33 33 34 34 13 13 32 32 33 33 11 11 31 31 10 10 9 9 31 31 11 11 10 10 31 31 32 32 11 11 30 30 31 31 9 9 29 29 30 30 9 9 29 29 9 9 8 8 28 28 29 29 8 8 28 28 7 7 6 6 28 28 8 8 7 7 27 27 28 28 6 6 26 26 6 6 5 5 26 26 27 27 6 6 25 25 5 5 4 4 25 25 26 26 5 5 24 24 3 3 2 2 24 24 4 4 3 3 24 24 25 25 4 4 23 23 2 2 1 1 23 23 24 24 2 2 22 22 23 23 1 1 21 21 1 1 0 0 21 21 22 22 1 1 79 79 21 21 0 0 79 79 0 0 59 59 78 78 58 58 57 57 78 78 59 59 58 58 78 78 79 79 59 59 77 77 78 78 57 57 76 76 57 57 56 56 76 76 77 77 57 57 75 75 56 56 55 55 75 75 76 76 56 56 74 74 54 54 53 53 74 74 55 55 54 54 74 74 75 75 55 55 73 73 74 74 53 53 72 72 53 53 52 52 72 72 73 73 53 53 71 71 52 52 51 51 71 71 72 72 52 52 70 70 51 51 50 50 70 70 71 71 51 51 69 69 50 50 49 49 69 69 70 70 50 50 68 68 69 69 49 49 67 67 68 68 49 49 67 67 49 49 48 48 66 66 67 67 48 48 66 66 48 48 47 47 65 65 47 47 46 46 65 65 66 66 47 47 64 64 45 45 44 44 64 64 46 46 45 45 64 64 65 65 46 46 63 63 64 64 44 44 62 62 63 63 44 44 61 61 44 44 43 43 61 61 62 62 44 44 60 60 61 61 43 43 42 42 43 43 20 20 42 42 60 60 43 43 81 81 82 82 80 80 82 82 83 83 80 80 86 86 84 84 85 85 87 87 88 88 89 89 91 91 92 92 90 90 94 94 95 95 93 93 96 96 97 97 98 98 100 100 101 101 99 99</p>
        </triangles>
      </mesh>
    </geometry>
    <geometry id="g1_dark_steel" name="g1_dark_steel">
      <mesh>
        <source id="g1_dark_steel-pos">
          <float_array count="483" id="g1_dark_steel-pos-array">-0.0007245 -0.0006356 0.1265987 -0.0018426 -0.0019008 0.1236504 -0.0026855 -0.0025186 0.1217518 -0.0021535 -0.0030301 0.1217462 -0.0015199 -0.0034084 0.121741 -0.0010638 -0.0023355 0.1238799 0.0012688 -0.0021284 0.1236354 0.0018903 -0.0029509 0.121729 0.0024018 -0.002419 0.1217301 0.0027802 -0.0017854 0.1217325 0.001703 -0.0013522 0.1238741 0.0004259 -0.0004811 0.1265949 -0.0034127 -0.0009146 0.1173278 -0.0034463 -0.0008155 0.1117656 -0.0031758 -0.0017458 0.1117585 -0.0029398 -0.0021703 0.1117548 -0.0026432 -0.002555 0.1117511 -0.0022925 -0.0028911 0.1117474 -0.0018957 -0.0031712 0.1117439 -0.0014616 -0.003389 0.1117406 -0.0009998 -0.0035397 0.1117376 -0.0005207 -0.0036199 0.111735 -3.5e-05 -0.0036278 0.1117328 0.0004464 -0.0035632 0.1117311 0.0009128 -0.0034276 0.1117299 0.0013538 -0.003224 0.1117293 0.0017596 -0.0029569 0.1117292 0.002121 -0.0026324 0.1117297 0.0026796 -0.0018409 0.1117323 0.0028644 -0.0013917 0.1117343 0.0029802 -0.0009199 0.1117368 0.0030244 -0.0004362 0.1117397 0.002996 4.87e-05 0.1117429 0.0029683 -0.0012005 0.1197372 0.0009621 -0.0034639 0.1185909 0.0001973 -0.0036441 0.1172783 -0.0009565 -0.0035926 0.1197392 -0.0032321 -0.0015842 0.1186212 -0.0031428 0.0008916 0.1217754 -0.0033484 0.0003321 0.1197746 -0.002253 0.0020571 0.1217789 -0.0027645 0.0015252 0.1217778 -0.0013523 0.00261 0.1186395 -0.0005212 0.002815 0.1173896 0.0011572 0.0025146 0.1217669 0.0005763 0.0027241 0.1197726 0.0023228 0.0016248 0.1217561 0.0017909 0.0021363 0.1217617 0.0028419 0.0007303 0.1186092 0.0030137 6.01e-05 0.1172952 0.0028956 0.0005239 0.1117463 0.0024895 0.0014035 0.1117537 0.0021929 0.0017881 0.1117574 0.0018423 0.0021242 0.1117611 0.0014454 0.0024043 0.1117646 0.0010113 0.0026222 0.1117679 0.0005495 0.0027729 0.1117709 7.04e-05 0.002853 0.1117735 -0.0004153 0.0028609 0.1117757 -0.0013631 0.0026607 0.1117786 -0.0018041 0.0024571 0.1117792 -0.0022099 0.0021901 0.1117793 -0.0025713 0.0018655 0.1117788 -0.0028803 0.0014907 0.1117778 -0.0031299 0.001074 0.1117762 -0.0033147 0.0006248 0.1117742 -0.0034305 0.0001531 0.1117717 -0.0034747 -0.0003306 0.1117688 0.000415 -0.000294 0.1265637 0.0014965 0.0009829 0.1236541 0.0007198 0.0014146 0.1238959 -0.0016148 0.0012106 0.1236692 -0.002047 0.0004313 0.1239018 0.0002089 -0.0001653 0.1267263 -0.0003029 2.72e-05 0.1266969 -0.0005823 -0.000201 0.1267145 -0.0006651 -0.0004736 0.1267131 -8.99e-05 -0.0009989 0.1266894 0.0001678 -0.0008635 0.126707 0.0002949 -0.0005483 0.1267356 -0.0003899 -0.0009695 0.1266706 0.0002089 -0.0001653 0.1267263 -0.0003029 2.72e-05 0.1266969 -0.0005823 -0.000201 0.1267145 -0.0006651 -0.0004736 0.1267131 -8.99e-05 -0.0009989 0.1266894 0.0001678 -0.0008635 0.126707 0.0002949 -0.0005483 0.1267356 -0.0003899 -0.0009695 0.1266706 0.0012688 -0.0021284 0.1236354 0.0018903 -0.0029509 0.121729 0.0009621 -0.0034639 0.1185909 0.0001973 -0.0036441 0.1172783 -1.56e-05 -0.0016681 0.1222885 0.0002153 -0.0029747 0.1185985 0.0001425 -0.0023958 0.1199829 5.7e-06 -0.0012625 0.1242989 -8.99e-05 -0.0009989 0.1266894 -0.0015199 -0.0034084 0.121741 -0.0010638 -0.0023355 0.1238799 0.0001973 -0.0036441 0.1172783 -0.0009565 -0.0035926 0.1197392 3.33e-05 -0.0026186 0.1194616 -1.56e-05 -0.0016681 0.1222885 0.0002153 -0.0029747 0.1185985 0.0001425 -0.0023958 0.1199829 5.7e-06 -0.0012625 0.1242989 -0.0001402 -0.0011783 0.1250562 -8.99e-05 -0.0009989 0.1266894 0.0027802 -0.0017854 0.1217325 0.001703 -0.0013522 0.1238741 0.0004259 -0.0004811 0.1265949 0.0029683 -0.0012005 0.1197372 0.0023228 0.0016248 0.1217561 0.0028419 0.0007303 0.1186092 0.0030137 6.01e-05 0.1172952 0.000415 -0.000294 0.1265637 0.0014965 0.0009829 0.1236541 0.0023404 -0.000156 0.1186728 0.0009887 -0.0002265 0.1225058 0.001771 -0.0001042 0.1199903 0.0013309 -0.0003098 0.1213277 0.0008203 -0.0003922 0.1233371 0.0006292 -0.0002872 0.1243024 0.0005435 -0.0004412 0.1250579 -0.0007245 -0.0006356 0.1265987 -0.0018426 -0.0019008 0.1236504 -0.0026855 -0.0025186 0.1217518 -0.0034127 -0.0009146 0.1173278 -0.0032321 -0.0015842 0.1186212 -0.0031428 0.0008916 0.1217754 -0.0033484 0.0003321 0.1197746 -0.002047 0.0004313 0.1239018 -0.0023774 -0.0006571 0.1194849 -0.0013967 -0.0006137 0.1223013 -0.0027428 -0.0008374 0.118625 -0.0020886 -0.0007603 0.1201605 -0.0009696 -0.000639 0.1243071 -0.0006651 -0.0004736 0.1267131 -0.002253 0.0020571 0.1217789 -0.0013523 0.00261 0.1186395 -0.0005212 0.002815 0.1173896 0.0011572 0.0025146 0.1217669 0.0005763 0.0027241 0.1197726 0.0007198 0.0014146 0.1238959 -0.0016148 0.0012106 0.1236692 -0.0002847 0.0008447 0.1220997 -0.0004032 0.000715 0.1225179 -0.0004881 0.0017152 0.1195288 -0.000346 0.0003363 0.1243106 -0.0001935 0.0002425 0.1250655 -0.0003029 2.72e-05 0.1266969 7.04e-05 0.002853 0.1117735 -0.0004153 0.0028609 0.1117757 -0.0013631 0.0026607 0.1117786 0.0017596 -0.0029569 0.1117292 0.002121 -0.0026324 0.1117297 0.0026796 -0.0018409 0.1117323 -0.0034463 -0.0008155 0.1117656 -0.0031758 -0.0017458 0.1117585 -0.0029398 -0.0021703 0.1117548</float_array>
          <technique_common>
            <accessor count="161" source="#g1_dark_steel-pos-array" stride="3">
              <param type="float" name="X"/>
              <param type="float" name="Y"/>
              <param type="float" name="Z"/>
            </accessor>
          </technique_common>
        </source>
        <source id="g1_dark_steel-nrm">
          <float_array count="483" id="g1_dark_steel-nrm-array">-0.60088 -0.46193 0.65235 -0.54489 -0.68346 0.48578 -0.69494 -0.68537 0.21754 -0.58723 -0.77198 0.24332 -0.48242 -0.84839 0.21796 -0.51352 -0.71026 0.48148 0.69322 -0.54403 0.47274 0.6847 -0.69744 0.21159 0.77343 -0.58331 0.24811 0.83978 -0.49349 0.22636 0.70616 -0.53028 0.46919 0.76601 -0.14018 0.62736 -0.99238 -0.12304 0.00599 -0.98559 -0.16911 0.00294 -0.9223 -0.38646 0.0025 -0.83602 -0.54869 0.00167 -0.74362 -0.6686 -0.00077 -0.63657 -0.77122 -0.00187 -0.51401 -0.85777 -0.00379 -0.38023 -0.92488 -0.00447 -0.2384 -0.97115 -0.00512 -0.08811 -0.99611 -0.00139 0.05521 -0.99847 -0.00303 0.20896 -0.97791 -0.00487 0.34835 -0.93735 -0.00489 0.48866 -0.87247 -0.00261 0.60805 -0.79389 -0.00341 0.74666 -0.66514 -0.00943 0.87679 -0.4808 -0.00887 0.9506 -0.31035 -0.00701 0.9865 -0.16371 -0.00427 0.99985 -0.01706 -0.0021 0.99117 0.13256 -0.00344 0.95927 -0.28248 -0.0036 0.45981 -0.888 -0.00604 0.09625 -0.99535 -0.00389 -0.28792 -0.95765 -0.0034 -0.88879 -0.4583 0.00394 -0.83774 0.49053 0.23995 -0.95949 0.2816 0.00843 -0.68278 0.69466 0.22642 -0.77118 0.58006 0.26232 -0.45391 0.891 0.00923 -0.07976 0.99678 0.00845 0.48436 0.84558 0.22447 0.29042 0.95688 0.00602 0.69686 0.6826 0.22013 0.58938 0.76886 0.24795 0.88912 0.45767 0.00276 0.99371 0.11195 0.00209 0.94947 0.31382 -0.00439 0.85468 0.51915 -0.00258 0.74362 0.6686 0.0012 0.63657 0.77122 0.00234 0.51401 0.85778 0.00259 0.38022 0.92489 0.00394 0.2384 0.97115 0.00512 0.08815 0.99605 0.01048 -0.09203 0.99571 0.00948 -0.31572 0.94883 0.00594 -0.48861 0.87241 0.01275 -0.60801 0.79384 0.01199 -0.72187 0.69199 0.00696 -0.81729 0.57618 0.00747 -0.89352 0.44898 0.00698 -0.9506 0.31037 0.00526 -0.98649 0.1637 0.00645 -0.99983 0.01694 0.00703 0.70528 0.35261 0.61502 0.54698 0.6777 0.49147 0.51558 0.70245 0.49065 -0.69137 0.53572 0.48478 -0.70338 0.52383 0.48048 0.5431 0.59546 0.59201 -0.14709 0.82217 0.5499 -0.71221 0.482 0.51032 -0.76161 0.01021 0.64795 0.15716 -0.8639 0.47852 0.61402 -0.60822 0.50304 0.75865 -0.15292 0.6333 -0.40099 -0.74592 0.5318 -0.04236 -0.01139 0.99904 -0.01944 0.10073 0.99472 -0.01609 0.02502 0.99956 0.00161 -0.04737 0.99888 -0.06357 -0.00878 0.99794 -0.07708 -0.02124 0.9968 -0.17953 -0.01668 0.98361 -0.02243 -0.05084 0.99845 -0.50811 -0.8457 0.16316 -0.51107 -0.82725 0.23338 -0.51816 -0.78509 0.33933 -0.5001 -0.76959 0.39704 -0.49864 -0.84257 0.20357 -0.51193 -0.78683 0.34471 -0.52319 -0.80732 0.27296 -0.52325 -0.8454 0.10726 -0.53837 -0.83971 0.07106 0.6983 -0.67686 0.23288 0.70639 -0.69076 0.15451 0.66498 -0.65554 0.35785 0.70596 -0.65032 0.28054 0.41729 -0.83465 0.35949 0.69312 -0.69145 0.20367 0.33816 -0.8427 0.41893 0.33187 -0.89055 0.31109 0.38241 -0.90735 0.17456 0.4162 -0.90343 0.10292 0.67784 -0.73279 0.05958 0.66006 0.71444 0.23216 0.6757 0.72068 0.15505 0.96299 0.25725 0.08041 0.64011 0.70675 0.30127 0.82192 -0.52043 0.2315 0.8065 -0.49173 0.32826 0.88375 0.08797 0.45962 0.99445 -0.06674 0.08137 0.84133 -0.51907 0.15074 0.8537 0.28936 0.43298 0.96255 -0.12842 0.23874 0.93389 -0.06137 0.35226 0.89991 0.32133 0.29482 0.89874 0.39112 0.1982 0.97742 -0.15622 0.14227 0.92362 0.3696 0.10163 -0.94067 0.32423 0.10011 -0.84403 0.5071 0.17455 -0.8241 0.51175 0.24285 -0.87727 -0.09757 0.46997 -0.78644 0.51977 0.33368 -0.67431 -0.69879 0.23876 -0.64408 -0.70586 0.29483 -0.70913 -0.68663 0.16021 -0.83212 -0.40904 0.37452 -0.95607 -0.13507 0.26017 -0.89868 0.03476 0.43723 -0.93987 0.07907 0.33225 -0.97967 -0.11413 0.16501 -0.98922 -0.06542 0.13101 0.51064 0.82339 0.24755 0.45866 0.8088 0.36808 -0.12574 0.88149 0.45515 -0.70938 0.6612 0.24412 -0.69316 0.65483 0.30123 -0.71286 0.68305 0.15901 0.51773 0.83985 0.16314 -0.36561 0.88539 0.28708 0.13287 0.96376 0.23131 -0.10991 0.91608 0.38565 0.07216 0.98182 0.17556 -0.44444 0.8894 0.10691 -0.12004 0.98834 0.09372 -0.00438 0.00635 -0.99997 -0.00438 0.00635 -0.99997 -0.00438 0.00635 -0.99997 -0.00438 0.00635 -0.99997 -0.00438 0.00635 -0.99997 -0.00438 0.00635 -0.99997 -0.00438 0.00635 -0.99997 -0.00438 0.00635 -0.99997 -0.00438 0.00635 -0.99997</float_array>
          <technique_common>
            <accessor count="161" source="#g1_dark_steel-nrm-array" stride="3">
              <param type="float" name="X"/>
              <param type="float" name="Y"/>
              <param type="float" name="Z"/>
            </accessor>
          </technique_common>
        </source>
        <vertices id="g1_dark_steel-pos-vertices">
          <input semantic="POSITION" source="#g1_dark_steel-pos"/>
        </vertices>
        <triangles count="171" material="dark_steel-ref">
          <input offset="0" semantic="VERTEX" source="#g1_dark_steel-pos-vertices"/>
          <input offset="1" semantic="NORMAL" source="#g1_dark_steel-nrm"/>
          <p>10 10 11 11 78 78 6 6 78 78 77 77 6 6 10 10 78 78 80 80 5 5 77 77 6 6 9 9 10 10 8 8 9 9 6 6 8 8 6 6 7 7 80 80 0 0 1 1 80 80 1 1 5 5 3 3 4 4 5 5 3 3 1 1 2 2 3 3 5 5 1 1 31 31 49 49 33 33 31 31 32 32 49 49 30 30 31 31 33 33 29 29 30 30 33 33 29 29 33 33 9 9 28 28 29 29 9 9 28 28 9 9 8 8 27 27 28 28 8 8 27 27 8 8 7 7 26 26 27 27 7 7 26 26 7 7 34 34 25 25 26 26 34 34 24 24 25 25 34 34 35 35 24 24 34 34 23 23 24 24 35 35 22 22 23 23 35 35 22 22 35 35 36 36 21 21 22 22 36 36 20 20 21 21 36 36 19 19 36 36 4 4 19 19 20 20 36 36 18 18 19 19 4 4 18 18 4 4 3 3 17 17 18 18 3 3 16 16 17 17 3 3 16 16 3 3 2 2 15 15 16 16 2 2 15 15 2 2 37 37 14 14 15 15 37 37 14 14 37 37 12 12 13 13 14 14 12 12 67 67 12 12 39 39 67 67 13 13 12 12 66 66 67 67 39 39 65 65 66 66 39 39 65 65 39 39 38 38 64 64 38 38 41 41 64 64 65 65 38 38 63 63 64 64 41 41 62 62 41 41 40 40 62 62 63 63 41 41 61 61 62 62 40 40 61 61 40 40 42 42 60 60 61 61 42 42 59 59 60 60 42 42 43 43 59 59 42 42 58 58 59 59 43 43 58 58 43 43 45 45 57 57 58 58 45 45 56 56 57 57 45 45 55 55 45 45 44 44 55 55 56 56 45 45 54 54 55 55 44 44 54 54 44 44 47 47 53 53 54 54 47 47 52 52 53 53 47 47 52 52 47 47 46 46 51 51 52 52 46 46 51 51 46 46 48 48 50 50 51 51 48 48 50 50 48 48 49 49 32 32 50 50 49 49 11 11 68 68 73 73 72 72 76 76 75 75 75 75 74 74 71 71 75 75 71 71 72 72 73 73 70 70 74 74 71 71 38 38 72 72 41 41 38 38 71 71 41 41 71 71 40 40 69 69 70 70 73 73 69 69 73 73 68 68 47 47 70 70 69 69 47 47 44 44 70 70 47 47 69 69 46 46 79 79 78 78 11 11 80 80 76 76 0 0 79 79 11 11 73 73 88 88 81 81 84 84 84 84 81 81 83 83 81 81 82 82 83 83 86 86 88 88 85 85 87 87 81 81 86 86 88 88 86 86 81 81 95 95 91 91 90 90 96 96 89 89 97 97 93 93 90 90 89 89 93 93 89 89 96 96 94 94 91 91 95 95 95 95 90 90 93 93 92 92 91 91 94 94 99 99 107 107 108 108 105 105 103 103 102 102 99 99 103 103 107 107 98 98 103 103 99 99 101 101 102 102 103 103 101 101 103 103 98 98 100 100 102 102 101 101 105 105 102 102 104 104 107 107 106 106 108 108 107 107 103 103 106 106 104 104 102 102 100 100 115 115 118 118 112 112 120 120 118 118 115 115 112 112 118 118 121 121 112 112 121 121 109 109 123 123 117 117 116 116 119 119 113 113 117 117 119 119 117 117 123 123 120 120 114 114 113 113 120 120 113 113 119 119 115 115 114 114 120 120 110 110 124 124 111 111 110 110 122 122 124 124 109 109 121 121 122 122 109 109 122 122 110 110 120 120 121 121 118 118 122 122 119 119 123 123 124 124 116 116 111 111 123 123 124 124 122 122 122 122 121 121 119 119 124 124 123 123 116 116 119 119 121 121 120 120 130 130 134 134 132 132 136 136 127 127 134 134 136 136 129 129 127 127 134 134 126 126 137 137 134 134 127 127 126 126 137 137 126 126 125 125 132 132 134 134 138 138 128 128 129 129 135 135 135 135 129 129 136 136 138 138 137 137 125 125 128 128 133 133 131 131 131 131 134 134 130 130 131 131 133 133 134 134 138 138 134 134 137 137 135 135 133 133 128 128 136 136 133 133 135 135 136 136 134 134 133 133 149 149 145 145 151 151 146 146 147 147 149 149 150 150 146 146 149 149 150 150 149 149 151 151 143 143 146 146 142 142 141 141 148 148 143 143 143 143 148 148 146 146 146 146 148 148 147 147 142 142 146 146 144 144 147 147 139 139 145 145 148 148 140 140 139 139 147 147 145 145 149 149 141 141 140 140 148 148 144 144 150 150 151 151 144 144 146 146 150 150 148 148 139 139 147 147 154 154 153 153 152 152 155 155 157 157 156 156 160 160 159 159 158 158</p>
        </triangles>
      </mesh>
    </geometry>
    <geometry id="g2_orange" name="g2_orange">
      <mesh>
        <source id="g2_orange-pos">
          <float_array count="17796" id="g2_orange-pos-array">-0.012306 -0.0023929 0.0095004 -0.0116466 -0.0041706 0.0091174 -0.0099456 -0.0056893 0.005221 -0.0129245 -0.002369 0.0115468 -0.0115342 -0.007462 0.0137449 0.0123496 -0.0026861 0.0136705 0.0119769 4.24e-05 0.0117712 0.0111666 0.0018538 0.0094722 0.0097489 -0.0017691 0.0023597 0.0098671 -0.0031631 0.0056726 0.0110599 -0.0012096 0.0090069 0.0112495 0.0004915 0.0093866 -0.0107704 -0.0025852 -0.001622 -0.0102227 -0.0040502 -0.0016337 -0.0094629 -0.0054172 -0.0016457 -0.0085078 -0.0066557 -0.0016577 -0.0073787 -0.0077379 -0.0016695 -0.006101 -0.0086398 -0.0016809 -0.0047031 -0.0093412 -0.0016914 -0.0032162 -0.0098264 -0.001701 -0.0016737 -0.0100846 -0.0017094 -0.0001099 -0.01011 -0.0017164 0.0014403 -0.0099021 -0.0017219 0.0029421 -0.0094654 -0.0017257 0.0043621 -0.0088098 -0.0017278 0.0056685 -0.0079499 -0.0017281 0.0068322 -0.0069049 -0.0017265 0.0078271 -0.0056981 -0.0017232 0.008631 -0.0043565 -0.0017182 0.009226 -0.0029101 -0.0017117 0.0095988 -0.0013912 -0.0017036 0.0097411 0.0001664 -0.0016944 0.0026538 -0.0096547 0.0006189 0.0076575 -0.0072323 0.006333 0.0059778 -0.0083552 0.0045367 0.0100959 -0.0053062 0.0100607 0.0107187 -0.0038861 0.010067 0.0092894 -0.0048739 0.0063409 0.0088417 -0.0064469 0.0082824 0.0082316 -0.0060041 0.0045417 0.005718 -0.0080157 0.0006159 0.0072196 -0.0068284 0.0024111 0.0078898 -0.00575 0.0006208 0.0093172 -0.0033394 0.002424 0.0086403 -0.0045149 0.0006253 -0.0112782 -0.0056029 0.0101525 -0.0087954 -0.0094277 0.0118021 -0.0096885 -0.0078373 0.0101313 -0.0074932 -0.0103867 0.0117903 -0.0060792 -0.0111717 0.0117792 -0.0066679 -0.0097227 0.0083295 -0.0079119 -0.0083136 0.0063944 -0.0088237 -0.0070039 0.0046101 -0.0056707 -0.0102562 0.0083218 -0.0098196 -0.0049607 0.0007034 -0.0029205 -0.0116486 0.0100775 -0.0086389 -0.006816 0.0024806 -0.0065979 -0.0088974 0.0045883 -0.0034556 -0.011044 0.0083071 -0.0013815 -0.0118384 0.0100695 -0.0075648 -0.0078552 0.0024693 -0.0041636 -0.0103943 0.0063648 0.0018156 -0.0121452 0.0117384 3.87e-05 -0.0118384 0.0100633 -0.0064662 -0.0086643 0.0024594 0.0033779 -0.0117272 0.0117342 3.5e-06 -0.0113598 0.0082899 -0.0052733 -0.0093265 0.0024499 -0.0027229 -0.0104395 0.0045616 -0.0040055 -0.009831 0.0024412 0.0016065 -0.0111536 0.0082842 -0.0013356 -0.0106105 0.0045544 0.0046387 -0.0106345 0.0100508 0.0030467 -0.0107683 0.0082803 -5.54e-05 -0.0106106 0.0045488 -0.0013296 -0.0103365 0.0024263 -0.0026663 -0.0100242 0.0006399 0.0014476 -0.0104172 0.0045434 0.008729 -0.0082105 0.0117331 0.0072252 -0.0089347 0.0100503 0.0057215 -0.009465 0.0082769 0.002798 -0.010056 0.0045398 0.0013871 -0.0101478 0.0024156 -9.58e-05 -0.0101891 0.0006276 0.0040912 -0.0095254 0.0045375 0.0039675 -0.0092772 0.0024098 0.0085647 0.0061629 0.0048491 0.0087641 0.0052958 0.0028278 0.0112971 0.0051312 0.0126074 0.0116816 0.0022327 0.0113645 -0.0134807 0.0018073 0.0126949 -0.0131387 -0.0007741 0.0114925 0.0093264 0.0032579 -0.0016729 0.0087788 0.0047229 -0.0016612 0.0080189 0.0060899 -0.0016492 0.0070638 0.0073283 -0.0016372 0.0059347 0.0084106 -0.0016254 0.004657 0.0093125 -0.0016141 0.0032591 0.0100139 -0.0016035 0.0017723 0.0104991 -0.0015939 0.0002297 0.0107573 -0.0015855 -0.0028842 0.0105748 -0.001573 -0.0043861 0.0101381 -0.0015692 -0.005806 0.0094825 -0.0015671 -0.0071125 0.0086226 -0.0015669 -0.0082761 0.0075776 -0.0015684 -0.009271 0.0063708 -0.0015717 -0.010075 0.0050292 -0.0015767 -0.01067 0.0035828 -0.0015833 -0.0110428 0.0020638 -0.0015913 -0.011185 0.0005063 -0.0016005 -0.0126114 -0.000154 0.0095637 -0.0093422 0.0064114 0.0013974 -0.00856 0.0073907 0.0014001 -0.0095552 0.0065528 0.0041079 -0.0075927 0.0083351 0.0014019 -0.0108851 0.0040105 0.0040976 -0.010328 0.0052809 0.0041033 -0.0100955 0.0051717 0.0013928 -0.0106384 0.0039336 0.0013873 0.0102477 0.0065686 0.011718 0.0096275 0.0075354 0.0117269 0.0087171 0.0086756 0.0117381 0.0074474 0.0099041 0.0117515 0.0082148 0.0082472 0.0095258 0.0061486 0.0108606 0.0117632 0.0070118 0.0094113 0.0095384 0.0032397 0.0122398 0.0117847 0.004445 0.0110593 0.0095601 0.0055273 0.0099463 0.007702 0.0016772 0.01264 0.0117941 0.0073701 0.007545 0.0040401 7.63e-05 0.0128374 0.0118024 0.0079166 0.0064227 0.0013218 0.0062781 0.0086016 0.0040516 -0.0014009 0.0128375 0.0118089 0.0071535 0.0073784 0.0013312 0.0051612 0.0094242 0.0040617 0.001452 0.0115681 0.0077302 -0.0031353 0.0126143 0.011815 0.0027558 0.0108696 0.0059088 0.0060893 0.0084081 0.0013424 0.0039484 0.0100974 0.0040713 -0.0013718 0.0121906 0.0095928 -7e-06 0.011748 0.0077377 -0.0046935 0.0121975 0.0118192 0.0050007 0.0092098 0.0013523 -0.0061857 0.0115852 0.0118219 0.0038186 0.009866 0.0013616 0.0013158 0.0109544 0.0040883 -0.002934 0.0115447 0.0077493 -0.0075876 0.0107874 0.011823 0.0025625 0.0103658 0.0013703 -6.09e-05 0.0111242 0.0040954 -0.0043542 0.0111648 0.0077531 -0.0088761 0.0098171 0.0118224 0.0012528 0.0107013 0.0013782 -0.0013313 0.0111243 0.0041009 -0.0057142 0.0106067 0.0077555 -0.0100302 0.0086902 0.0118203 -8.9e-05 0.0108667 0.0013851 -0.0079682 0.0097247 0.009606 -0.0028229 0.0109324 0.0041062 -0.0109635 0.0075219 0.011817 -0.0013271 0.0108668 0.0013905 -0.004163 0.0105739 0.0041098 -0.0092965 0.0085317 0.0096043 -0.0118621 0.0060429 0.0118116 -0.0027809 0.0106797 0.0013957 -0.0054463 0.0100473 0.0041121 -0.0104323 0.0071541 0.0096005 -0.0040869 0.0103304 0.0013992 -0.0066519 0.0093612 0.004113 -0.0112837 0.0057528 0.0095953 -0.0089562 0.0077367 0.0059402 -0.0053377 0.0098171 0.0014014 -0.00776 0.0085267 0.0041126 -0.0118975 0.0043532 0.0095892 -0.0065127 0.0091484 0.0014023 -0.0113416 0.0022947 -0.0067005 -0.0104862 0.0078124 -0.0136525 -0.0047484 0.0119574 -0.0136513 -0.0060759 0.0114112 -0.013649 -0.0073301 0.010713 -0.0136479 -0.0084937 0.0098724 -0.0136482 -0.0095506 0.0089011 -0.0136497 0.0054538 0.0109139 -0.0137027 0.0041783 0.0115724 -0.0136929 0.0028343 0.0120766 -0.0136838 0.0014404 0.0124195 -0.0136755 1.59e-05 0.0125965 -0.0136681 0.0089038 0.0052642 -0.0071587 0.0086916 0.005015 -0.0037251 0.0073864 0.0070323 -0.0037066 0.0082881 0.0061005 -0.0061087 0.0075172 0.0071637 -0.0060986 0.0066863 0.0080628 -0.0060892 0.0057581 0.008861 -0.0060801 0.0077801 0.0074062 -0.0087109 0.0035346 0.0099596 -0.0036711 0.0047572 0.0095406 -0.0060714 0.0080817 0.0076752 -0.0107945 0.0059625 0.0091598 -0.0086918 0.0033282 0.0102576 -0.0060606 0.0049284 0.0098619 -0.0086828 0.0024208 0.0105838 -0.0060545 0.0011996 0.0108843 -0.0060473 0.0037311 0.0104834 -0.0086736 -0.0012861 0.010849 -0.0036443 0.0051261 0.0102204 -0.0107654 -4.85e-05 0.0110394 -0.0060408 -0.0013062 0.0110469 -0.0060353 0.0012526 0.0112503 -0.0086579 0.0002522 0.0113879 -0.0086526 -0.0029519 0.0108309 -0.0060294 -0.0013364 0.0114183 -0.0086455 -0.0042229 0.0104794 -0.0060261 -2e-05 0.0118254 -0.0107327 -0.0030367 0.0111951 -0.0086394 -0.0073783 0.0084957 -0.0036326 -0.0064849 0.0093891 -0.0060231 -0.00435 0.0108319 -0.008636 -0.0082885 0.0076592 -0.0036339 -0.003129 0.0116022 -0.0107204 -0.0075044 0.0086526 -0.0060233 -0.0055517 0.0103375 -0.0086338 -0.0044901 0.0112257 -0.0107169 -0.0084305 0.0078015 -0.0060247 -0.0075026 0.0091332 -0.0086329 -0.0092502 0.0068477 -0.0060271 -0.0103225 0.0046566 -0.003644 -0.0069124 0.0100582 -0.0107137 -0.0099353 0.005833 -0.0060306 -0.0086973 0.0080652 -0.0086345 -0.0095443 0.0070796 -0.008637 -0.0089957 0.0083582 -0.0107153 -0.0108474 0.003872 -0.006039 -0.0098736 0.0073368 -0.010718 -0.0108355 0.0049089 -0.0086451 -0.0112118 0.005087 -0.0107264 -0.0151336 0.0049254 -0.0691521 -0.017414 0.0044545 -0.0453548 -0.017223 0.0044451 -0.0403012 -0.0156089 0.0045704 -0.027151 -0.0135019 0.0077676 -0.0711413 -0.0117384 0.0076472 -0.0168844 -0.0139111 0.007381 -0.0242358 -0.0165522 0.0071675 -0.0475257 -0.0129111 0.0022696 -0.0139054 -0.0137227 -0.001303 -0.0166996 -0.015275 0.0040976 -0.0247653 -0.0151097 0.001898 -0.0221718 -0.0124717 0.0062462 -0.0166571 -0.013149 0.0046177 -0.0166645 -0.0135288 0.0032584 -0.0166715 -0.013437 0.0063204 -0.0201808 -0.0142189 0.0042019 -0.0201908 -0.0144711 0.005512 -0.0230388 -0.0147325 0.0004809 -0.0202121 -0.0149247 0.0061326 -0.0263041 -0.015802 0.0060418 -0.0311892 -0.0166682 0.0049634 -0.0352633 -0.0167869 0.0059645 -0.0402934 -0.0169599 0.0060477 -0.0453466 -0.0169252 0.0060604 -0.0503742 -0.0169813 0.0051516 -0.0549314 -0.0165982 0.0050678 -0.0594528 -0.0154528 0.0065185 -0.0643137 -0.0159929 0.0049236 -0.0643215 -0.0147328 0.0066825 -0.0679597 -0.0146465 0.0051357 -0.071153 -0.0150149 0.0037478 -0.0711602 -0.0171697 -0.0016334 -0.0357303 -0.0165562 0.0028058 -0.0634681 -0.0170059 -0.001133 -0.0602542 -0.0158825 0.0034005 -0.0271573 -0.0155154 -0.0010892 -0.0241833 -0.0161076 0.0017623 -0.0271667 -0.0161549 0.0001094 -0.027177 -0.0165229 0.0031076 -0.0308232 -0.0167348 0.0005471 -0.0308385 -0.0170543 0.0032203 -0.0352727 -0.0172679 0.0001336 -0.0352914 -0.0176477 0.0015141 -0.0403179 -0.0175788 -0.0011994 -0.0403354 -0.0178288 0.001555 -0.0453713 -0.0178318 -0.0002728 -0.0453829 -0.0175117 0.0038425 -0.0503857 -0.0177911 0.0015836 -0.0503988 -0.017794 -0.0002378 -0.0504104 -0.0173729 0.0033835 -0.0549409 -0.0175721 -0.0001962 -0.0549627 -0.0170454 0.0029113 -0.0594645 -0.0171964 0.0007295 -0.0594777 -0.0110079 -0.001576 -0.0010795 -0.0122824 -0.0006112 0.0088157 -0.011737 -0.0012093 0.0082005 -0.0109346 -0.0018977 -0.0004803 -0.0107147 -0.0027998 0.0012241 -0.0104931 -0.0037241 0.0033306 -0.0104152 -0.0042925 0.0048689 -0.0104924 -0.0046708 0.0063137 -0.010626 -0.0046989 0.0069556 -0.0107936 -0.0045566 0.0073986 -0.0111564 -0.003819 0.0079045 -0.0115765 -0.0021984 0.0081655 -0.0119488 -0.0026067 0.008753 -0.0104019 -0.0053486 0.0067022 -0.0102507 -0.0050104 0.0050195 -0.011092 -0.0010407 -0.0013124 -0.0118861 0.0007273 0.0080942 -0.0118431 0.0016918 0.0078624 -0.0117059 0.0022894 0.0074314 -0.0115673 0.0024799 0.0069243 -0.0114362 0.0024731 0.0062717 -0.0113767 0.0024075 0.0058703 -0.0112841 0.0021731 0.0049624 -0.0111937 0.0012784 0.0025572 -0.0111615 -0.0001855 -0.000419 -0.0111417 -0.0005394 -0.0009453 0.0095448 0.0023413 -0.0008771 0.0091322 0.0041366 0.0027975 0.0090385 0.0050506 0.0054083 0.0091631 0.0052698 0.0065494 0.0093313 0.0052166 0.0071492 0.0094376 0.0051033 0.0073887 0.0094944 0.0050224 0.007492 0.0095525 0.0049257 0.0075842 0.0096644 0.0047006 0.0077313 0.0097343 0.0045343 0.0078067 0.0098073 0.004339 0.0078745 0.0099099 0.0040252 0.007954 0.0100142 0.0036549 0.0080183 0.0102245 0.002714 0.0081031 0.0103789 0.0017575 0.0081224 0.0095832 0.0021589 -0.0012245 0.0104418 0.0012313 0.0081112 0.0107871 0.0022918 0.0087404 0.0104187 0.0040481 0.008786 0.0093011 0.005912 0.0076454 0.0088694 0.0054807 0.0046487 0.0096574 0.0016579 -0.0013796 0.0105115 -0.0008164 0.0078568 0.0104176 -0.0015006 0.0075459 0.0102787 -0.0018408 0.0071027 0.0100687 -0.0019057 0.0061927 0.0100044 -0.0018388 0.0057944 0.0099319 -0.0016926 0.0052074 0.0098136 -0.0010638 0.0034149 0.009764 -6.4e-05 0.0011749 0.0097301 0.0008046 -0.0004421 0.0096902 0.0013576 -0.0011959 0.0096793 0.0014672 -0.0012893 -0.0072084 -0.008815 -0.014055 -0.0094131 0.0076233 -0.013941 -0.0036302 0.0112966 -0.0139431 0.0056559 0.0096448 -0.0139942 -0.0084135 -0.0089978 -0.0171952 -0.0094591 -0.0091502 -0.0204133 -0.0104723 -0.009291 -0.0241301 -0.0113725 -0.0094088 -0.0281848 -0.0126898 -0.009557 -0.0370861 -0.0130314 -0.0095803 -0.0414687 -0.0131827 -0.0095708 -0.0461974 -0.0131235 -0.0095308 -0.0505711 -0.0128424 -0.0094529 -0.0553101 -0.0123714 -0.0093468 -0.0597354 0.0111022 0.0108192 -0.0531466 0.0113243 0.0108203 -0.0483264 0.0113135 0.0107846 -0.0434912 0.0110698 0.0107121 -0.0386742 0.0106524 0.0106156 -0.0343801 0.010049 0.0104891 -0.0301441 0.0092694 0.010334 -0.026028 0.0083235 0.0101511 -0.0220708 0.0072287 0.0099424 -0.0183315 -0.0010751 0.0008479 -0.08224 -0.0013085 0.0025912 -0.0821229 -0.0015378 0.0043084 -0.0817974 -0.0017595 0.0059752 -0.0812682 -0.0019706 0.0075679 -0.0805428 -0.002168 0.0090638 -0.0796314 -0.0023491 0.0104418 -0.078547 -0.0025111 0.0116822 -0.0773051 -0.0026518 0.0127675 -0.0759232 -0.0027692 0.0136823 -0.0744209 -0.0028616 0.0144135 -0.0728196 -0.0008407 -0.0008968 -0.0821471 -0.0006087 -0.002618 -0.0818454 -0.0003825 -0.0042914 -0.0813394 -0.0001651 -0.0058931 -0.0806361 4.02e-05 -0.0074005 -0.0797456 0.0002307 -0.0087921 -0.0786804 0.0004035 -0.0100482 -0.0774558 0.0005563 -0.0111509 -0.076089 0.0006868 -0.0120846 -0.0745996 0.0007932 -0.0128361 -0.0730086 -0.0001058 -0.0134919 -0.0713349 -0.0006231 -0.0135159 -0.0713328 -0.0002782 -0.013502 -0.0713342 -0.0108444 -0.0096194 -0.0712633 -0.0096192 -0.0106526 -0.0712752 -0.0082862 -0.0115423 -0.0712867 -0.0068619 -0.0122772 -0.0712976 -0.0053643 -0.0128481 -0.0713078 -0.0038123 -0.0132478 -0.0713171 -0.0022252 -0.0134714 -0.0713255 -0.0110957 -0.0093762 -0.0712606 -0.0109708 -0.0094985 -0.071262 -0.0140508 -0.0051268 -0.0712207 -0.0130168 -0.0070151 -0.0712372 -0.0147958 -0.0014584 -0.0723398 -0.0132371 0.0082205 -0.0711396 -0.0134155 0.0079197 -0.0711407 -0.004404 0.0146732 -0.0711373 -0.0059377 0.014208 -0.0711335 -0.0074097 0.013574 -0.0711311 -0.0100958 0.011834 -0.0711304 -0.0112761 0.0107497 -0.0711321 -0.0123276 0.0095401 -0.0711352 -0.0038987 0.0147864 -0.0711388 -0.0040676 0.0147507 -0.0711383 -0.0046253 0.0136702 -0.0736899 -0.0064267 0.0134732 -0.0727156 -0.0045136 0.0127952 -0.0752958 -0.006331 0.0127173 -0.0743345 -0.0043757 0.0117287 -0.0767792 -0.0080554 0.0123776 -0.0732891 -0.0062089 0.0117675 -0.0758459 -0.0042139 0.0104875 -0.0781172 -0.0096591 0.0117733 -0.0722061 -0.0079507 0.0115569 -0.0747952 -0.0060623 0.0106385 -0.0772263 -0.0040307 0.0090908 -0.0792888 -0.0095724 0.0110886 -0.0736725 -0.0078214 0.0105567 -0.0761865 -0.0058935 0.0093479 -0.078454 -0.0038289 0.0075604 -0.0802758 -0.011048 0.0103629 -0.0725253 -0.0094618 0.0102282 -0.0750416 -0.0076697 0.0093926 -0.0774414 -0.0057052 0.0079159 -0.0795101 -0.0036116 0.0059202 -0.0810629 -0.0109566 0.0096476 -0.0738381 -0.009329 0.0092055 -0.0762919 -0.0074978 0.0080826 -0.0785402 -0.0055001 0.0063647 -0.080378 -0.0033823 0.0041956 -0.0816377 -0.0122819 0.0088179 -0.0726237 -0.0108439 0.0087757 -0.0750508 -0.0091761 0.0080365 -0.0774041 -0.0073085 0.0066473 -0.0794659 -0.0052817 0.0047186 -0.0810443 -0.0031445 0.0024136 -0.0819913 -0.0121897 0.0081004 -0.0737654 -0.0107117 0.007761 -0.0761446 -0.0090055 0.0067394 -0.0783607 -0.0071048 0.005109 -0.0802041 -0.0050531 0.0030031 -0.0814985 -0.0029019 0.000602 -0.0821182 -0.012079 0.0072476 -0.0748081 -0.0105619 0.0066192 -0.0771024 -0.0088198 0.0053343 -0.0791469 -0.0068897 0.0034915 -0.0807432 -0.0048181 0.001245 -0.0817336 -0.0026584 -0.0012111 -0.0820164 -0.0132556 0.0064964 -0.0734427 -0.0119514 0.0062727 -0.0757355 -0.0103969 0.0053681 -0.0779093 -0.0086219 0.0038432 -0.0797504 -0.0066667 0.0018203 -0.0810748 -0.0045803 -0.0005283 -0.0817459 -0.0024176 -0.0029974 -0.0816876 -0.0131511 0.0056942 -0.0743074 -0.0118092 0.005191 -0.0765332 -0.0102193 0.0040272 -0.0785527 -0.0084149 0.0022892 -0.0801618 -0.0064391 0.0001212 -0.0811938 -0.0043433 -0.0022893 -0.0815352 -0.0021833 -0.0047291 -0.0811367 -0.0141413 0.0048863 -0.0728668 -0.0116543 0.0040193 -0.0771888 -0.0100318 0.0026174 -0.0790226 -0.008202 0.0006967 -0.0803748 -0.0062107 -0.0015793 -0.0810984 -0.0041109 -0.0040104 -0.0811048 -0.0019593 -0.0063792 -0.0803725 -0.0140471 0.0041661 -0.0735519 -0.0129022 0.0038023 -0.0757026 -0.0114892 0.0027758 -0.0776921 -0.0098374 0.0011607 -0.0793117 -0.0079865 -0.0009096 -0.0803859 -0.0059849 -0.0032547 -0.0807899 -0.0038867 -0.0056649 -0.0804614 -0.0017489 -0.007922 -0.0794068 -0.0113166 0.00148 -0.0780352 -0.0096391 -0.0003204 -0.0794154 -0.0077719 -0.0025047 -0.0801951 -0.0057652 -0.0048788 -0.0802733 -0.0036741 -0.0072269 -0.0796151 -0.0015555 -0.0093334 -0.0782547 -0.0126136 0.0016275 -0.0765828 -0.0111391 0.000152 -0.0782128 -0.00944 -0.0018026 -0.0793322 -0.0075613 -0.0040638 -0.0798052 -0.005555 -0.0064263 -0.0795566 -0.0034766 -0.0086722 -0.078579 -0.001382 -0.0105915 -0.076934 -0.0146688 0.0020471 -0.072983 -0.0137057 0.0015829 -0.0749973 -0.0109594 -0.0011876 -0.0782221 -0.0092431 -0.0032629 -0.0790634 -0.0073582 -0.0055624 -0.0792224 -0.0053577 -0.0078733 -0.0786509 -0.0032971 -0.0099782 -0.0773692 -0.0012313 -0.0116767 -0.0754655 -0.0135782 0.0006257 -0.0752508 -0.0123031 -0.0006952 -0.0768934 -0.0107804 -0.0025178 -0.0780629 -0.0090516 -0.0046785 -0.0786131 -0.0071657 -0.0069773 -0.0784558 -0.0051763 -0.0091971 -0.0775703 -0.0031385 -0.0111246 -0.0760047 -0.0011055 -0.0125721 -0.0738719 -0.0106049 -0.0038178 -0.0777378 -0.0088685 -0.0060275 -0.0779883 -0.0069868 -0.0082865 -0.0775173 -0.0050137 -0.010377 -0.0763317 -0.0030032 -0.0120936 -0.0745066 -0.014371 -0.0001918 -0.0737293 -0.01199 -0.0030216 -0.0766151 -0.0104355 -0.0050676 -0.0772519 -0.0086965 -0.0072887 -0.0771988 -0.0068242 -0.0094696 -0.0764215 -0.0048723 -0.0113948 -0.0749544 -0.0028934 -0.01287 -0.0728983 -0.0131821 -0.0023275 -0.0752713 -0.010275 -0.0062475 -0.0766126 -0.0085384 -0.0084426 -0.076257 -0.0066805 -0.010508 -0.0751854 -0.0047543 -0.0122345 -0.0734598 -0.0130524 -0.0032879 -0.0750311 -0.0101257 -0.0073393 -0.0758299 -0.0083966 -0.0094711 -0.0751773 -0.006558 -0.0113857 -0.0738284 -0.0140548 -0.0025458 -0.0735972 -0.0115578 -0.0062045 -0.0751409 -0.0099902 -0.0083258 -0.0749161 -0.0082734 -0.0103582 -0.0739768 -0.0064585 -0.012089 -0.0723716 -0.0128087 -0.0050828 -0.0741998 -0.0098704 -0.0091918 -0.0738853 -0.0081706 -0.0110902 -0.072674 -0.0138554 -0.0040169 -0.0730251 -0.0113207 -0.0079299 -0.0735427 -0.0097682 -0.0099237 -0.0727537 -0.0125983 -0.006618 -0.0729466 -0.0134647 0.0078244 -0.0711411 -0.0134205 0.0078754 -0.071141 -0.0133701 0.0079201 -0.0711409 -0.0133145 0.007958 -0.0711409 -0.0132545 0.0079887 -0.071141 -0.0042622 0.0144768 -0.0711392 -0.0039891 0.0147582 -0.0711386 -0.0039447 0.0147745 -0.0711387 -0.0005381 -0.0132891 -0.0713317 -0.0001733 -0.0134915 -0.0713346 -0.0002396 -0.0134817 -0.0713343 -0.0108347 -0.0094057 -0.071262 -0.0109833 -0.0093879 -0.0712612 -0.0110541 -0.0093637 -0.0712607 -0.014584 -0.0037748 -0.0712041 -0.0141759 -0.0031032 -0.0708915 -0.0153126 0.0015475 -0.071118 -0.0145853 -0.0029659 -0.0712946 -0.0146849 -0.0018705 -0.0718014 -0.014861 -0.0005133 -0.0718498 -0.0149312 0.0010215 -0.0709211 -0.0143598 -0.0025297 -0.0713216 -0.0144105 -0.001961 -0.0715678 -0.0147132 -0.0024844 -0.0719217 -0.0145268 -0.0009674 -0.0717126 -0.0145987 -0.0004757 -0.0716563 -0.0150192 -9.31e-05 -0.0720633 -0.0148201 0.000381 -0.0713695 0.0125488 0.0011637 -0.0714371 0.0135554 -0.0013252 -0.0658567 -0.0140955 -0.0044116 -0.0691316 -0.0129306 -0.0016237 -0.0607945 -0.0120741 -0.0037987 -0.0625954 -0.0078117 -0.0014554 -0.060996 -0.0114047 -0.004552 -0.0647794 -0.0044942 -0.0006952 -0.0608842 0.0104299 -0.0012939 -0.063703 -0.0111364 -0.0018823 -0.0609756 -0.0113279 -0.0028679 -0.0616048 -0.0089892 -0.002691 -0.0617413 -0.0086987 -0.0033547 -0.0626212 -0.0093139 -0.0036425 -0.0694055 0.0074271 -0.0002072 -0.0615472 0.010108 0.0008318 -0.0611147 0.0078085 -0.001196 -0.06277 -0.0009612 -1.15e-05 -0.0716362 0.0133131 0.001177 -0.0611699 0.0070826 -0.0016054 -0.0691304 0.012354 -0.0007782 -0.063132 0.0122056 -0.0010753 -0.0637607 0.0114632 -0.0010007 -0.0691832 -0.012845 -0.0048776 -0.0661051 -0.0085491 -0.0037666 -0.0634545 -0.0062564 -0.0033576 -0.0632353 -0.0134208 -0.0035247 -0.0703799 -0.0045314 -0.0026191 -0.0623733 -0.0052327 -0.0036988 -0.0646764 -0.0042766 -0.0032959 -0.063728 -0.0088264 -0.0019786 -0.0712054 -0.0082 -0.002923 -0.0702803 -0.0037736 -0.0035695 -0.0673696 -0.0060395 -0.0024815 -0.0704663 -0.0008698 -0.0023396 -0.0627055 0.0022009 -0.0016118 -0.0622571 -0.0042067 -0.0014416 -0.0711681 0.0030225 -0.0022355 -0.0635462 0.0003587 -0.0028985 -0.0679636 0.0041692 -0.0016065 -0.062632 0.0014475 -0.0023732 -0.069084 -0.0008774 -0.0009154 -0.0712314 -0.0019367 -0.0016166 -0.0707995 0.0073186 -0.0008783 -0.0622153 0.0002878 -0.0013182 -0.0708073 0.0050739 -0.0024695 -0.0659737 0.0130541 0.0020409 -0.0608457 0.0024669 -0.0005463 -0.0711917 0.0057527 0.0004427 -0.0715032 0.0129425 0.0005145 -0.0615816 0.0065442 3.41e-05 -0.0712281 0.0070194 -0.0009788 -0.0702094 0.0073375 -0.0003852 -0.0708205 0.0128338 -0.001337 -0.0650702 0.0116038 -0.0013846 -0.0680254 -0.0120067 -0.0047001 -0.0671613 -0.0066414 -0.0020435 -0.0614566 -0.0063589 -0.0037713 -0.068052 -0.0041279 -0.0036769 -0.0655162 -0.0009836 -0.0016859 -0.0618386 -0.0058075 -0.0030694 -0.0696043 -0.0007069 -0.0031868 -0.0652493 -0.0007737 -0.0028697 -0.0638619 0.0023318 -0.0005693 -0.0612935 -0.0006776 -0.003227 -0.0667433 -0.002678 -0.0021522 -0.0703365 0.0027829 -0.00263 -0.0647357 0.0046467 -0.0022146 -0.0641001 0.0014564 -0.0017383 -0.0701723 0.0053249 -0.0022785 -0.0677797 0.0112458 -0.0016355 -0.0666571 0.0128488 0.0021662 -0.0724277 0.0131235 0.0005698 -0.0718151 0.0125563 0.0052699 -0.0711998 0.0131623 0.0002238 -0.0710083 0.0123622 0.0042934 -0.071311 0.0125843 0.0038592 -0.0717381 0.0128014 0.0020778 -0.0719546 0.0129621 0.0011364 -0.0716318 0.0123535 0.0035218 -0.0716503 0.0126531 0.0040497 -0.0720001 0.0124684 0.0025301 -0.0718087 0.0126012 0.0016719 -0.071666 0.0127529 0.0029559 -0.0721365 0.0123567 -0.0042579 -0.0713309 0.0129611 -0.0021916 -0.0713204 0.0154395 -0.0032805 -0.0404933 0.0145781 -0.0034592 -0.0313826 0.0135818 -0.0028285 -0.0243218 0.0134589 -0.0003706 -0.0219642 0.0150118 0.0028538 -0.0603561 0.0157944 0.0028908 -0.0505662 0.0140907 -0.0019113 -0.0660018 0.014951 -0.0001496 -0.0617687 0.0151029 0.0014192 -0.0606584 0.0141305 -0.0028079 -0.0273282 0.0139104 0.0016516 -0.0242948 0.0144393 -0.0007647 -0.0273165 0.0144705 0.0013014 -0.0273036 0.0148866 -0.0016396 -0.0309909 0.0150126 0.0013539 -0.0309724 0.0153811 -0.001682 -0.0354459 0.0155084 -0.0003605 -0.0354381 0.0154821 0.0018511 -0.0354239 0.0157339 -0.0017015 -0.0404846 0.0158847 0.0010086 -0.040468 0.0157953 0.002364 -0.040459 0.015628 -0.0030409 -0.0455471 0.0159256 -0.0012374 -0.0455369 0.0159315 0.0024129 -0.0455138 0.0157201 -0.0021015 -0.050569 0.0159192 -0.000291 -0.0505584 0.0153821 -0.0024752 -0.0551216 0.0156265 -0.0006966 -0.0551113 0.0156308 0.0019946 -0.0550943 0.0150941 -0.0015036 -0.0596334 0.0145105 -0.0022635 -0.0630445 0.0132062 -0.0031947 -0.0690844 0.01016 -0.0067799 -0.0170718 0.0122682 -0.0064203 -0.0244376 0.0143838 -0.0060236 -0.0380792 0.0147053 -0.005911 -0.0477451 0.0136594 -0.0059681 -0.060758 0.011631 0.0009577 -0.0145204 0.0113592 -0.0014405 -0.0140352 0.0113283 -0.0044156 -0.0168291 0.011781 -0.0030788 -0.0168226 0.0119838 -0.0050674 -0.0203641 0.0122173 -0.0006503 -0.0168091 0.0127081 -0.0029286 -0.0203537 0.0132639 -0.0051457 -0.0264992 0.0130816 0.0015573 -0.0203269 0.0140983 -0.0049928 -0.0313902 0.0149289 -0.0038628 -0.0354578 0.0150034 -0.0048 -0.040501 0.0151321 -0.0048189 -0.0455562 0.0150534 -0.0047678 -0.050583 0.014804 -0.0046613 -0.0551329 0.0146469 -0.0036601 -0.0596451 0.0134588 -0.005049 -0.0645138 0.0139989 -0.0034541 -0.0645061 0.0128622 -0.0047936 -0.0681532 0.0127334 0.0064755 -0.0648301 0.0135065 0.0056224 -0.0625277 -0.0165215 -0.0009754 -0.0607103 -0.0107086 0.0030679 -0.0638072 -0.0124767 0.002609 -0.0632622 0.0025338 0.0021197 -0.060897 0.0077262 0.0058809 -0.067336 0.0094887 0.0059516 -0.0644401 0.0081876 0.0053107 -0.0631897 0.0058475 0.0028855 -0.06103 0.0108268 0.0035322 -0.0610383 0.0109668 0.0030483 -0.0608697 -0.0139412 0.0022252 -0.0695418 -0.0141839 0.0025524 -0.0636624 -0.0143286 0.002247 -0.0630255 -0.0010955 0.0015727 -0.0716255 -0.0097824 0.0026525 -0.0626813 -0.0135591 0.000185 -0.0609207 -0.0093521 0.001765 -0.0615605 0.0020281 0.0044756 -0.0693954 0.0072769 0.005174 -0.0694252 0.0067126 0.0048154 -0.0626603 0.0074325 0.0045056 -0.0621125 0.0100791 0.00527 -0.0626768 0.0104521 0.0044137 -0.0616236 -0.0078077 0.0011167 -0.0714395 -0.0116319 0.0021557 -0.070136 -0.0136212 0.0028831 -0.0679585 -0.014822 0.0028253 -0.0649807 -0.009386 0.001936 -0.0707322 -0.0085965 0.0015218 -0.0711521 -0.0090623 0.0025218 -0.0701162 -0.0145704 0.0011766 -0.0616414 -0.0080568 0.0038331 -0.0664593 -0.0092881 0.0023269 -0.0621308 -0.0011753 0.0024717 -0.0712084 -0.0023363 0.0028691 -0.0707689 -0.0029657 0.0035906 -0.0697635 -0.0034803 0.0039021 -0.0690217 -0.0001118 0.0031675 -0.0707768 -0.0039254 0.0043881 -0.0660699 -0.0023813 0.0044133 -0.067904 -0.0061441 0.0030526 -0.0625563 0.0021546 0.0029972 -0.0711676 -0.0050055 0.0036933 -0.0634721 -0.004172 0.0030531 -0.0621984 0.0049815 0.0037696 -0.0708691 0.0044302 0.0045956 -0.0697685 0.0017555 0.0050761 -0.0673414 0.0067731 0.0035332 -0.0712396 -0.001105 0.0037867 -0.0626641 0.0061553 0.0044657 -0.070298 0.0022894 0.004759 -0.063712 0.0025552 0.0040676 -0.0623688 0.0032366 0.0051734 -0.064666 0.0042703 0.0048186 -0.0632435 0.0023313 0.0034987 -0.0617524 0.0027636 0.0030084 -0.0613135 0.0065578 0.0052333 -0.0634868 0.0108297 0.0063687 -0.0661751 -0.0080492 0.0031761 -0.0692542 -0.0073458 0.0037906 -0.0676845 -0.0066348 0.0036795 -0.064012 -0.0047766 0.0041031 -0.0646585 0.0006336 0.0036969 -0.0703139 -0.0013338 0.0047262 -0.0666883 -0.0012911 0.0046667 -0.0651951 -0.0042945 0.0019986 -0.0612476 -0.0012117 0.0043316 -0.0638125 -0.0009833 0.0031219 -0.0618069 0.0021254 0.0051609 -0.0654933 0.0043344 0.0052864 -0.068044 0.0106242 0.005765 -0.0691387 0.0046705 0.0034837 -0.0614778 0.0114462 0.0063684 -0.0674278 -0.0014306 0.0150721 -0.0711478 0.0087906 0.0111755 -0.0712173 0.0075655 0.0122087 -0.0712054 0.0062324 0.0130984 -0.0711939 0.0048081 0.0138333 -0.071183 0.0017585 0.014804 -0.0711635 0.0001714 0.0150275 -0.0711551 0.0091653 0.0108084 -0.0712213 0.011997 0.0066829 -0.0712599 0.0105566 0.0091634 -0.0712378 0.0111834 -0.0066644 -0.071341 0.0023502 -0.0131171 -0.0713433 0.0038839 -0.0126519 -0.0713471 0.005356 -0.0120179 -0.0713495 0.0067478 -0.0112233 -0.0713505 0.008042 -0.0102778 -0.0713502 0.0092223 -0.0091935 -0.0713485 0.0102738 -0.007984 -0.0713454 0.0018449 -0.0132303 -0.0713418 0.0077014 0.0114987 -0.0726943 0.0092468 0.0095151 -0.0735221 0.0106237 0.0074757 -0.073639 0.0117858 0.005596 -0.0730764 0.0061046 0.0126639 -0.0725858 0.0077936 0.0107812 -0.0738359 0.0043953 0.0136587 -0.0722557 0.0061959 0.0119486 -0.0738986 0.0079043 0.0099284 -0.0748786 0.0108432 0.0058111 -0.0747126 0.01198 0.0041322 -0.0736689 0.004482 0.012974 -0.0737222 0.0063086 0.0110767 -0.0751114 0.0080318 0.0089535 -0.075806 0.0096003 0.006821 -0.0757821 0.0109651 0.0048925 -0.0750844 0.0026817 0.013818 -0.073327 0.0045926 0.0121136 -0.0750912 0.0064409 0.010062 -0.0762051 0.0081741 0.0078718 -0.0766038 0.0008258 0.0144461 -0.0727412 0.0027865 0.0129973 -0.0748331 0.0047254 0.0110909 -0.0763416 0.0065907 0.0089202 -0.0771629 0.008329 0.0067001 -0.0772594 0.0098889 0.0046462 -0.0766623 0.0112238 0.0029542 -0.075469 0.012295 0.0017802 -0.0738336 0.0009215 0.0136902 -0.0743601 0.0029157 0.0119971 -0.0762244 0.0048783 0.0099219 -0.0774537 0.0067557 0.0076691 -0.0779698 0.008494 0.0054566 -0.0777627 0.0100426 0.0034945 -0.0768908 -0.0009706 0.0141605 -0.0737028 0.0010436 0.0127404 -0.0758715 0.0030675 0.0108329 -0.0774793 0.0050489 0.0086248 -0.0784103 0.0069333 0.0063282 -0.0786132 0.0086667 0.0041607 -0.0781058 0.0125016 0.0002498 -0.0734509 -0.0008588 0.0132855 -0.0753087 0.0011901 0.0116114 -0.0772519 0.0032393 0.009523 -0.0785781 0.0052346 0.0072197 -0.0791965 0.0071207 0.0049184 -0.0790831 0.0088442 0.0028327 -0.0782833 0.0103568 0.0011517 -0.0769071 0.0116184 2.16e-05 -0.0751182 -0.000721 0.012219 -0.0767921 0.0013589 0.0103208 -0.0784796 0.0034286 0.0080877 -0.0795038 0.0054325 0.0057286 -0.0798 0.0073151 0.0034617 -0.0793722 0.0090239 0.0014932 -0.0782926 0.0117436 -0.0009016 -0.0747592 -0.0005592 0.0109778 -0.0781301 0.0015473 0.0088888 -0.0795357 0.0036324 0.0065493 -0.080242 0.0056396 0.0041746 -0.0802114 0.0075134 0.0019806 -0.0794759 0.0092029 0.000163 -0.0781335 0.0106639 -0.0011221 -0.0763385 -0.000376 0.0095811 -0.0793017 0.0017523 0.0073376 -0.0804036 0.0038474 0.0049319 -0.0807811 0.0058524 0.0025821 -0.0804244 0.0077126 0.0004984 -0.0793928 0.0093784 -0.0011371 -0.0778084 0.0108087 -0.0021886 -0.0758445 -0.0001742 0.0080507 -0.0802887 0.0019708 0.0056915 -0.0810699 0.0040705 0.0032606 -0.0811127 0.0060679 0.0009758 -0.0804355 0.0079094 -0.0009619 -0.0791239 0.0095478 -0.0023868 -0.0773224 0.0120725 -0.0033085 -0.0730337 4.31e-05 0.0064104 -0.0810758 0.0021993 0.003976 -0.0815241 0.004298 0.0015615 -0.0812317 0.0062825 -0.0006193 -0.0802447 0.0081009 -0.0023775 -0.0786736 0.0097083 -0.0035668 -0.0766831 0.0002724 0.0046859 -0.0816506 0.0024344 0.0022179 -0.0817592 0.0045264 -0.0001389 -0.0811363 0.0064931 -0.0021784 -0.0798548 0.0082841 -0.0037265 -0.0780488 0.0098576 -0.0046585 -0.0759004 0.0111818 -0.0049112 -0.0736221 0.0005102 0.0029039 -0.0820042 0.0026722 0.0004446 -0.0817715 0.0047523 -0.0018143 -0.0808278 0.0066962 -0.003677 -0.0792721 0.0084561 -0.0049877 -0.0772594 0.0099931 -0.0056451 -0.0749866 0.0007528 0.0010923 -0.0821311 0.0029092 -0.0013164 -0.0815608 0.004972 -0.0034384 -0.0803112 0.0068887 -0.005092 -0.0785054 0.0086142 -0.0061415 -0.0763175 0.0101129 -0.0065111 -0.0739559 0.0009964 -0.0007208 -0.0820293 0.0031416 -0.0030375 -0.0811304 0.0051821 -0.004986 -0.0795945 0.0070676 -0.0064011 -0.0775669 0.008756 -0.0071701 -0.0752379 0.0102151 -0.007243 -0.0728242 0.0012372 -0.0025071 -0.0817005 0.0033658 -0.0046919 -0.080487 0.0053794 -0.0064329 -0.0786888 0.0072302 -0.0075842 -0.0764711 0.0088792 -0.0080572 -0.0740374 0.0014714 -0.0042388 -0.0811496 0.0035783 -0.006254 -0.0796407 0.0055608 -0.0077567 -0.0776082 0.0073739 -0.0086226 -0.075235 0.008982 -0.0087892 -0.0727346 0.0016955 -0.0058889 -0.0803854 0.0037759 -0.0076993 -0.0786046 0.0057235 -0.0089366 -0.0763696 0.0074964 -0.0095003 -0.073878 0.0019058 -0.0074317 -0.0794197 0.0039554 -0.0090053 -0.0773948 0.0058649 -0.0099544 -0.0749923 0.0075959 -0.0102036 -0.0724212 0.0020993 -0.0088431 -0.0782676 0.004114 -0.0101517 -0.0760303 0.0059828 -0.0107942 -0.0734977 0.0022727 -0.0101012 -0.0769469 0.0042492 -0.0111207 -0.0745322 0.0024235 -0.0111864 -0.0754784 0.0043591 -0.0118971 -0.0729239 0.0025492 -0.0120818 -0.0738848 0.0087058 0.0109549 -0.0712183 0.0110434 -0.0064739 -0.0713392 0.0113667 -0.0063193 -0.0713396 0.0022084 -0.0129207 -0.0713414 0.0020501 -0.0131339 -0.0713421 0.001995 -0.0131718 -0.0713421 0.0019353 -0.0132021 -0.071342 0.0018909 -0.0132184 -0.0713419 -0.0015157 0.0148452 -0.0711489 -0.0018805 0.0150476 -0.071146 -0.0018142 0.0150378 -0.0711463 -0.00175 0.0150192 -0.0711467 -0.0016888 0.0149923 -0.0711472 0.0096281 0.0018688 -0.0013535 0.0096222 0.0019074 -0.0013343 -0.0110617 -0.0012476 -0.001259 -0.0115034 -0.0040516 -0.0127596 -0.0112612 -0.0045797 -0.0125038 -0.0112126 -0.0046567 -0.0124346 -0.0111577 -0.0047319 -0.0123468 -0.0111039 -0.0047936 -0.0122496 -0.0107801 -0.0048588 -0.0112153 -0.0107156 -0.0047631 -0.0107751 -0.010646 -0.004232 -0.0091511 -0.0106857 -0.0037884 -0.0080522 -0.0107729 -0.0032486 -0.0068584 -0.0108849 -0.0026556 -0.0056903 -0.011029 -0.0018487 -0.0043289 -0.0111 -0.0013606 -0.0036784 -0.0111105 -0.0012802 -0.0035991 -0.0111209 -0.0011992 -0.003536 -0.0111435 -0.0010265 -0.0034848 -0.0111611 -0.0008993 -0.0035323 -0.011167 -0.0008567 -0.0035619 -0.0111745 -0.0008034 -0.0036063 -0.0112031 -0.0005915 -0.003836 -0.0112391 -0.0002926 -0.0042351 -0.0113631 0.0011156 -0.0066274 -0.0116586 0.0026472 -0.0103376 -0.0117742 0.0028006 -0.0109897 -0.0121128 0.0026849 -0.0122108 -0.0122419 0.0022889 -0.0125553 -0.0122989 0.0018794 -0.0127185 0.0099619 0.0048656 -0.012797 0.0096736 0.005467 -0.0124613 0.0096194 0.0055411 -0.0123719 0.0092515 0.0056523 -0.0112321 0.0091909 0.0055504 -0.0107914 0.0091438 0.0053519 -0.0101392 0.0091364 0.0049951 -0.0091665 0.0092855 0.0039756 -0.0068759 0.0095629 0.0025461 -0.0043769 0.009639 0.002052 -0.0037398 0.0096502 0.0019699 -0.0036622 0.0096987 0.0016076 -0.0036009 0.0097116 0.0015123 -0.0036732 0.0097515 0.0011901 -0.0040493 0.0098618 -0.0001819 -0.00634 0.0099355 -0.0010529 -0.0081961 0.0100623 -0.0016824 -0.0098563 0.0101689 -0.0019161 -0.0106681 0.0102823 -0.0020327 -0.0112858 0.0104389 -0.0020362 -0.0119143 0.0105931 -0.0018418 -0.012388 0.0106297 -0.0017512 -0.012488 0.010686 -0.0015522 -0.0126377 0.0107573 -0.0010654 -0.0128382 -0.012308 0.0005186 -0.0129395 -0.0122101 -0.0006595 -0.0130007 -0.0119391 -0.0024135 -0.012982 -0.01175 -0.0032469 -0.0129141 -0.011636 -0.003655 -0.0128532 0.0107646 0.0002981 -0.013042 0.0106663 0.0014769 -0.0130874 0.0103955 0.0032305 -0.013044 -0.0123795 -0.0063627 0.014172 0.012421 -0.0031976 0.014448 -0.0113613 -0.0080278 0.0146694 -0.0105158 -0.0088398 0.0139493 -0.0101915 -0.0093551 0.0146558 -0.008818 -0.0104592 0.0141304 -0.0078955 -0.0110415 0.0139238 -0.007385 -0.0114977 0.0146299 -0.0057717 -0.012208 0.014106 -0.0040912 -0.0127179 0.0138965 -0.0041195 -0.0128409 0.0146071 -0.0031566 -0.0130221 0.0142741 -0.0023834 -0.0131818 0.0145973 -0.0014422 -0.0131965 0.0140808 -0.0006176 -0.0132932 0.0145889 0.0002825 -0.0132242 0.0142578 0.0011476 -0.0131731 0.0145819 0.0019743 -0.0129059 0.0138688 0.002882 -0.0128237 0.0145765 0.0036309 -0.0124628 0.0138643 0.004556 -0.0122509 0.0145728 0.0052575 -0.0118934 0.0142444 0.0060763 -0.0113539 0.0138606 0.0061409 -0.0114645 0.0145709 0.0075317 -0.0103763 0.0138605 0.0076096 -0.0104779 0.0145707 0.0093044 -0.0087341 0.0138631 0.008937 -0.0093081 0.0145723 0.0099998 -0.0078962 0.0138654 0.0101004 -0.0079751 0.0145757 0.0112519 -0.0059197 0.0138725 0.0110798 -0.0065016 0.0145808 0.012025 -0.0043818 0.0142624 -0.0123428 -0.0064819 0.0200571 -0.0124348 -0.0057851 0.0204771 -0.0125709 -0.0047642 0.0206921 0.0124392 -0.0031892 0.0199267 0.0123723 -0.0026807 0.020305 0.0122981 -0.0021229 0.0204863 0.0120906 -0.0005714 0.0206747 0.0058488 -0.0105342 0.0206605 0.0072486 -0.0095535 0.0206606 0.0095854 -0.0070697 0.0206661 -0.0116752 -0.007557 0.0200046 -0.0115671 -0.0074839 0.0203016 -0.0105365 -0.0090049 0.0198467 -0.0107104 -0.0075847 0.02073 -0.0104789 -0.0089544 0.0201398 -0.0098857 -0.0091111 0.020539 -0.0088347 -0.0105499 0.0198295 -0.0090908 -0.0101495 0.0202738 -0.0086897 -0.0096643 0.0207079 -0.0073614 -0.0115291 0.0198168 -0.0072816 -0.0113963 0.020258 -0.0070643 -0.0110231 0.0206283 -0.0060522 -0.0121891 0.0198069 -0.0059876 -0.0120486 0.0202482 -0.0043081 -0.012788 0.0199391 -0.004205 -0.0124361 0.020493 -0.0025108 -0.0131927 0.019785 -0.0024988 -0.0131184 0.0200784 -0.0024527 -0.0128057 0.020483 -0.0023974 -0.0124192 0.0206629 -0.0006708 -0.0133243 0.0197761 -0.0006672 -0.0130415 0.0203795 0.0011701 -0.0132043 0.0197688 0.0011346 -0.0129241 0.0203723 0.0010953 -0.0126253 0.0205824 0.0029043 -0.0128549 0.0197634 0.0028855 -0.0127825 0.0200569 0.0028321 -0.0125821 0.0203671 0.0027026 -0.012101 0.0206425 0.0045688 -0.0122593 0.0199036 0.0045198 -0.0121407 0.0202016 0.004279 -0.0115616 0.0206391 0.0061628 -0.0114959 0.0197578 0.0060862 -0.0113635 0.0201996 0.0058704 -0.0109913 0.0205718 0.0075856 -0.0104504 0.0200511 0.007393 -0.0102009 0.0204564 0.0089408 -0.0093225 0.019903 0.0085443 -0.0089292 0.0205732 0.0101018 -0.0079922 0.0199064 0.0101609 -0.0074782 0.0203674 0.011101 -0.0065337 0.0197676 0.0109673 -0.0064586 0.0202094 0.0108376 -0.0058 0.020583 0.0118796 -0.0049452 0.0197743 0.0118097 -0.0049177 0.0200677 0.0115468 -0.0041845 0.0205901 -0.013128 -0.000609 0.0208066 -0.0104061 -0.0011182 0.0207915 -0.0101013 -0.0025615 0.020781 -0.0095848 -0.0039432 0.02077 -0.0088681 -0.0052325 0.0207586 -0.0079673 -0.0064006 0.0207473 -0.0069024 -0.0074214 0.0207361 -0.0056972 -0.0082721 0.0207255 -0.0043787 -0.0089336 0.0207155 -0.0029764 -0.0093913 0.0207064 -0.0015215 -0.0096348 0.0206985 -4.65e-05 -0.0096587 0.0206919 0.0014156 -0.0094626 0.0206867 0.0028321 -0.0090508 0.0206831 0.0041714 -0.0084324 0.0206812 0.0054036 -0.0076213 0.0206809 0.0065011 -0.0066357 0.0206824 0.0081978 -0.0042321 0.0206902 0.008759 -0.0028679 0.0206964 0.0091106 -0.0014352 0.020704 0.0092448 3.38e-05 0.0207127 0.0091585 0.0015064 0.0207224 0.0088537 0.0029497 0.0207329 0.0083372 0.0043315 0.020744 0.0076205 0.0056208 0.0207553 0.0067196 0.0067889 0.0207666 0.0044496 0.0086603 0.0207885 0.0031311 0.0093219 0.0207984 0.0017287 0.0097795 0.0208075 0.0002738 0.0100231 0.0208154 -0.0012012 0.010047 0.020822 -0.0026632 0.0098509 0.0208272 -0.0040797 0.009439 0.0208308 -0.005419 0.0088207 0.0208327 -0.0066512 0.0080096 0.020833 -0.0077488 0.0070239 0.0208315 -0.0086872 0.0058857 0.0208284 -0.0094454 0.0046204 0.0208237 -0.0100067 0.0032561 0.0208175 -0.0103583 0.0018235 0.02081 -0.0104924 0.0003545 0.0208012 -0.0135403 0.0024605 0.0206405 -0.0136725 0.0034356 0.0202449 0.0115122 0.0037416 0.0207198 0.0111505 0.0064286 0.0203542 0.0110955 0.006831 0.0200929 0.0011052 0.0136188 0.0198346 -0.0041617 0.0132606 0.0198554 0.0104938 0.0066184 0.0206997 0.0100571 0.0084387 0.0200338 0.0098521 0.0082763 0.0204754 0.0092767 0.0094 0.0199248 0.0088149 0.0096843 0.0202959 0.0086249 0.0094903 0.0205879 0.0079325 0.0106622 0.0199387 0.0074958 0.0108354 0.020309 0.0073325 0.010618 0.0206008 0.0073826 0.0099802 0.0207775 0.006103 0.0119231 0.0199548 0.0059625 0.0116705 0.020514 0.0057689 0.01133 0.0207503 0.0047846 0.0125583 0.0200831 0.0046817 0.0123161 0.0205237 0.0030523 0.0131797 0.0200946 0.002983 0.0129255 0.020535 0.0012452 0.0135088 0.0202434 0.0012171 0.013298 0.0205451 0.0011637 0.0129095 0.0207805 -0.0005841 0.0136909 0.0201138 -0.000583 0.0134268 0.0205538 -0.0024245 0.0135975 0.0200027 -0.0023839 0.0133094 0.0205609 -0.0023309 0.0129205 0.0207959 -0.0040805 0.0129676 0.0205662 -0.0040492 0.0128529 0.0206648 -0.005831 0.0126758 0.0200118 -0.005718 0.0124073 0.0205698 -0.0055665 0.012045 0.0208045 -0.0074149 0.0118898 0.0200138 -0.007315 0.0117182 0.0204685 -0.007071 0.0112985 0.0208063 -0.0088828 0.0109039 0.0200139 -0.0087993 0.0107953 0.0203801 -0.0086324 0.0105788 0.0206705 -0.0084653 0.010362 0.0208065 -0.0102094 0.0097348 0.0200123 -0.0103738 0.0093681 0.0203779 -0.010175 0.0091804 0.0206683 -0.011642 0.0080363 0.0200078 -0.0115311 0.0079562 0.0203741 -0.0123509 0.0069299 0.0200039 -0.010926 0.0075241 0.0208421 -0.0125374 0.0064275 0.0202588 -0.012244 0.0062724 0.0206589 -0.0133472 0.0047761 0.0199946 -0.0130746 0.0046753 0.020553 -0.0131196 0.0031488 0.0207811 0.010064 0.0084947 0.0148307 0.0088939 0.0098223 0.0148443 0.0075604 0.0109859 0.0148575 0.0060865 0.0119655 0.0148702 0.0044974 0.0127443 0.0148821 0.0028202 0.0133091 0.014893 -0.0089122 0.0109454 0.0149294 -0.013715 0.0035991 0.0144132 0.0110419 0.0068315 0.0140341 0.0099785 0.0084363 0.014049 0.0092257 0.0093292 0.0140579 0.0079841 0.010516 0.0140709 0.006601 0.0115346 0.0140834 0.0050992 0.0123683 0.0140953 0.0035033 0.0130034 0.0141063 0.0018393 0.0134295 0.0141163 0.0010822 0.0136465 0.0147351 0.0001345 0.0136397 0.0141251 -0.0006834 0.0137578 0.0147435 -0.0024485 0.0136378 0.0147505 -0.0032856 0.0134022 0.0141386 -0.0041828 0.0132884 0.0147559 -0.004945 0.0129583 0.0141431 -0.0058567 0.0127156 0.0147596 -0.0065341 0.0123062 0.0141459 -0.0074415 0.0119293 0.0147615 -0.0080269 0.0114566 0.014147 -0.0093991 0.0104233 0.0141465 -0.0102374 0.0097731 0.0147601 -0.0106281 0.0092233 0.0141442 -0.0114007 0.0084401 0.0147567 -0.0116939 0.0078762 0.0141404 -0.01238 0.0069667 0.0147517 -0.0132688 0.004831 0.0141279 -0.0131586 0.0053782 0.014745 0.0109611 -0.0025331 -0.0134285 0.0098528 -0.0015565 -0.0068168 0.0097116 0.0015055 -0.0035859 0.0109386 -0.0018982 -0.0130964 0.0102548 -0.0026995 -0.0110942 0.0096842 0.0017135 -0.0035339 0.0096777 0.0017616 -0.0035325 0.0096701 0.0018189 -0.0035419 0.0089676 0.0060108 -0.0100364 0.0089918 0.0065313 -0.0112308 0.009372 0.006464 -0.0124131 -0.0107604 -0.0031142 -0.0051225 -0.0103951 -0.0045249 -0.0071417 -0.0102541 -0.0061025 -0.011015 -0.0113521 -0.0054816 -0.0133875 -0.0111718 -0.000812 -0.0035071 -0.0124739 0.0027399 -0.0129497 -0.0117944 0.0035006 -0.0110243 -0.0116621 0.0033379 -0.0102594 -0.0111441 -0.0010193 -0.0034598 -0.0111369 -0.0010731 -0.0034599 -0.0104852 -0.0052335 -0.010028 -0.0110466 -0.0052255 -0.0123341 0.0099757 -0.002447 0.0054514 0.0109151 -0.000448 0.0085333 0.0096567 0.0016742 -0.0014292 -0.011231 0.0021313 0.0031493 -0.0113091 0.0028856 0.0050545 -0.0116227 0.003307 0.0071972 -0.0123451 0.0012332 0.0088128 -0.0101461 0.0080207 -0.0136936 -0.0037606 0.0118137 -0.0137817 -0.0006565 -0.011305 -0.0139611 -0.0005443 -0.0116029 -0.0138754 -0.0002645 -0.0117682 -0.0138266 -0.0070038 -0.0100877 -0.0137814 -0.0057282 -0.0107462 -0.0137911 -0.0043843 -0.0112504 -0.0138002 -0.0029904 -0.0115933 -0.0138085 -0.0015659 -0.0117703 -0.0138159 -0.0079446 -0.009391 -0.0137915 -0.0076816 -0.0093629 -0.0138444 0.0021976 -0.0109221 -0.0139712 0.0082225 -0.0070958 -0.0139731 0.0085294 -0.0072001 -0.013886 0.0088402 -0.0070841 -0.0138365 0.0031984 -0.0111312 -0.0138327 0.0045259 -0.010585 -0.013835 0.0057801 -0.0098868 -0.0138361 0.0069438 -0.0090462 -0.0138359 0.0080007 -0.0080749 -0.0138343 0.0019423 -0.0114722 -0.0138343 0.0020978 -0.0113493 -0.0138589 -0.0008947 0.012133 -0.0138113 -0.0012212 0.0125764 -0.0136739 0.0065248 0.0101795 -0.0137168 0.0060165 0.0101249 -0.0138158 -0.0002114 -0.0150263 -0.0378345 -0.0002502 -0.014596 -0.0331044 -0.0003183 -0.0139295 -0.0281232 -0.000413 -0.0130559 -0.0232209 -0.0005344 -0.0119664 -0.0183414 -0.0006363 -0.0130222 -0.0712101 -0.0004846 -0.0140417 -0.0661025 -0.0003627 -0.0148304 -0.0609538 -0.0002786 -0.0153429 -0.0562831 -0.0002144 -0.0156901 -0.0510745 -0.000183 -0.0158024 -0.0463737 -0.0001768 -0.0157198 -0.0415496 -0.0002468 -0.0149212 -0.0316633 -0.0003209 -0.0142285 -0.0268909 -0.0004179 -0.013364 -0.0222771 -0.0005274 -0.012412 -0.0181001 -0.0128153 0.0079607 -0.0710236 -0.0138252 0.0078115 -0.066836 -0.0152618 0.0075775 -0.057997 -0.0156821 0.0074938 -0.0532659 -0.0158737 0.0074374 -0.0484659 -0.0158467 0.0074107 -0.0441156 -0.0156292 0.0074074 -0.0397735 -0.0138571 0.0075346 -0.0270947 -0.0106786 0.0075209 -0.0172188 -0.0117668 0.0074336 -0.0205737 -0.0128591 0.0073478 -0.0246395 -0.0137894 0.0072786 -0.0289833 -0.0145321 0.0072296 -0.0335556 -0.0150612 0.0072039 -0.0382712 -0.0154328 0.0072287 -0.0478942 -0.0152679 0.0072799 -0.0527208 -0.0149192 0.0073476 -0.0570363 -0.0143811 0.0074353 -0.0613087 -0.0136622 0.0075409 -0.0654741 -0.0120205 -0.0045266 -0.0139727 -0.0129536 -0.0020682 -0.0144512 -0.0118321 -0.0042642 -0.0133222 -0.0126282 -0.0024989 -0.0138819 -0.012476 -0.0017206 -0.0134244 -0.0128743 -0.0012834 -0.0139253 -0.0129727 0.0004541 -0.0138275 -0.0105057 -0.0092592 -0.071143 -0.0108998 -0.0096454 -0.024393 -0.0118422 -0.0097552 -0.0287003 -0.0126001 -0.0098352 -0.03324 -0.013147 -0.0098828 -0.0379225 -0.0134706 -0.0098968 -0.0426982 -0.0131409 -0.0097542 -0.056196 -0.012647 -0.0096517 -0.0604693 -0.0119721 -0.0095229 -0.0646432 -0.011303 -0.0094008 -0.0679074 -0.00384 0.0126524 -0.0188453 -0.0040052 0.0137126 -0.0234289 -0.0041465 0.0146044 -0.0281682 -0.0043501 0.015818 -0.038064 -0.0044053 0.0160961 -0.0428193 -0.0044332 0.0161786 -0.0475192 -0.0044346 0.0160697 -0.0522353 -0.0042864 0.0141917 -0.0710214 -0.0041344 0.0142902 -0.0238581 -0.0042803 0.015223 -0.028986 -0.0043944 0.0159248 -0.0341546 -0.0044768 0.0163942 -0.0393554 -0.0045246 0.0166199 -0.0441746 -0.0045455 0.0166386 -0.0493965 -0.0045369 0.0164548 -0.0540947 -0.0045011 0.0160691 -0.0589024 -0.0044399 0.0155017 -0.0635664 -0.0043716 0.0149076 -0.0673044 -0.0014164 0.0145767 -0.0710315 -0.0015233 0.015531 -0.0659119 -0.0016 0.0162542 -0.0607551 -0.0016439 0.0167169 -0.0559544 -0.0016618 0.0169926 -0.0507412 -0.0016147 0.0168915 -0.0412172 -0.0014567 0.0159573 -0.0313438 -0.0013402 0.0151994 -0.0265827 -0.0012023 0.0142717 -0.0219821 -0.0010579 0.0132776 -0.0178774 -0.001459 0.0156061 -0.0324286 -0.0015485 0.0161552 -0.0376087 -0.0016033 0.0164497 -0.0422923 -0.0016336 0.0165542 -0.0470042 -0.0016381 0.0164466 -0.0522064 -0.0016124 0.0161049 -0.0574024 0.0128352 -0.0059784 -0.0585364 0.0133035 -0.0059586 -0.0539227 0.0135878 -0.0059902 -0.044697 0.0134224 -0.0060385 -0.0403123 0.0130275 -0.0061139 -0.0356173 0.0124346 -0.0062088 -0.0311439 0.0116868 -0.0063172 -0.0270046 0.0107136 -0.0064481 -0.022798 0.0096036 -0.0065881 -0.01893 0.0107626 -0.0064061 -0.0712181 0.0118091 -0.00631 -0.0670379 0.0126444 -0.0062386 -0.0628119 0.0133232 -0.0061881 -0.0582095 0.0137848 -0.0061645 -0.0534816 0.0140185 -0.006169 -0.0486832 0.0140296 -0.0061976 -0.0443327 0.0138502 -0.0062493 -0.0399892 0.0134812 -0.0063239 -0.0356816 0.0129248 -0.0064205 -0.0314331 0.0121892 -0.0065376 -0.027298 0.0112806 -0.0066736 -0.0232985 0.0102258 -0.0068242 -0.0195358 0.0092924 -0.0069528 -0.0167321 0.0107395 0.0048378 -0.0141984 0.0113971 0.0029039 -0.0145263 0.0109532 0.0037535 -0.0139011 0.0109285 0.0025432 -0.0134999 0.0113224 0.0021125 -0.0140097 0.0112774 0.000127 -0.0136618 -0.0096589 -0.0055449 -0.0061077 -0.0090006 -0.0064347 -0.0061162 -0.0081696 -0.0073338 -0.0061256 -0.0072414 -0.0081321 -0.0061347 -0.0092867 -0.0066442 -0.0087303 -0.0049967 -0.0092607 -0.0037556 -0.0062404 -0.0088116 -0.0061434 -0.0084281 -0.0075732 -0.00874 -0.0096103 -0.0068897 -0.0108351 -0.0050816 -0.0094131 -0.0061523 -0.007469 -0.0083981 -0.0087494 -0.0064347 -0.0091002 -0.0087584 -0.0014122 -0.0101427 -0.0037769 -0.0026827 -0.0101554 -0.0061675 -0.0052374 -0.0097217 -0.0087676 -0.0066533 -0.0094362 -0.0108642 -0.0014345 -0.0103104 -0.006174 -0.0040206 -0.0101782 -0.0087758 -0.0027587 -0.0104887 -0.0087833 0.0003955 -0.0102723 -0.0061817 0.0026908 -0.0095923 -0.0037913 -0.001469 -0.0106489 -0.00879 0.0014689 -0.010102 -0.0061854 -0.0001695 -0.0106567 -0.0087957 0.0027399 -0.0097504 -0.0061887 -0.0015046 -0.0110419 -0.0108969 0.001531 -0.0104335 -0.0088018 0.0039031 -0.0092719 -0.0061908 0.0059162 -0.0077968 -0.0037941 -0.0001572 -0.01105 -0.0109029 0.0028443 -0.0100703 -0.0088052 0.0068264 -0.0069603 -0.0037928 0.0016059 -0.0108186 -0.0109091 0.0060216 -0.0079236 -0.0061915 0.0040461 -0.0095758 -0.0088074 0.0032507 -0.0103404 -0.0109133 0.0069477 -0.0070725 -0.0061901 0.0051816 -0.0089437 -0.0088083 0.0077675 -0.0061186 -0.0061877 0.0062351 -0.0081827 -0.0088081 0.009202 -0.0030978 -0.0037787 0.0084526 -0.0051039 -0.0061842 0.007192 -0.0073033 -0.0088067 0.0064834 -0.0084849 -0.0109157 0.008039 -0.0063177 -0.0088042 0.0087469 -0.0052692 -0.0088006 0.0083537 -0.0065511 -0.0109116 0.0093303 -0.0041468 -0.008796 0.0096926 -0.0043002 -0.0109032 0.0081907 0.0104187 -0.02032 0.0092571 0.0106066 -0.0243543 0.0101616 0.0107711 -0.0286681 0.0108797 0.0109088 -0.033213 0.0115629 0.0111393 -0.0518519 0.0112189 0.0111191 -0.056172 0.0106875 0.0110709 -0.0604418 0.0099759 0.010995 -0.0646108 0.0092784 0.0109144 -0.0678695 0.008453 0.0108138 -0.0710987 0.0102098 0.0109089 -0.0670136 0.0110432 0.0109841 -0.0627604 0.0124215 0.0110304 -0.0441654 0.0123455 0.0083204 -0.0272497 0.0136209 0.0085598 -0.0370994 0.0139018 0.008629 -0.041649 0.0139928 0.0086729 -0.0462166 0.0138729 0.0086917 -0.0512437 0.0129345 0.0086355 -0.0612877 0.0127854 0.0047959 -0.021813 0.0124881 0.0037214 -0.0192797 0.0105259 0.0067887 -0.0164797 0.0117845 0.0058254 -0.0192633 0.0097731 0.0079731 -0.0164689 0.0103365 0.0084018 -0.0192406 0.0115088 0.0078369 -0.0221939 0.0086405 0.0103555 -0.0192207 0.0106409 0.0091243 -0.022182 0.0108956 0.009857 -0.0254279 0.0123522 0.0094256 -0.0312011 0.01274 0.0097268 -0.0354735 0.0119515 0.0107998 -0.0354632 0.0132465 0.0095623 -0.0398091 0.0133733 0.0096827 -0.0441781 0.0133611 0.0097149 -0.0485546 0.012938 0.0100268 -0.0533799 0.0134592 0.008788 -0.0562822 0.0120478 0.0100224 -0.061275 0.0117962 0.0093676 -0.0652739 0.0145293 0.0048707 -0.060961 0.0132835 0.0070315 -0.0641992 0.0124909 0.0069427 -0.0685573 0.0134297 -0.0008406 -0.0699452 0.0128811 0.0002089 -0.0707251 0.0133896 -0.0009116 -0.069326 0.0135398 -0.0012546 -0.0683646 0.0138338 -0.0014967 -0.0666599 0.0142849 -0.000722 -0.0634697 0.0148039 0.0012622 -0.0611698 0.0150102 0.0013063 -0.0609588 0.0148153 0.0019223 -0.0608838 0.014737 0.0028738 -0.060741 0.0142663 0.0046872 -0.0613717 0.0142888 0.0052107 -0.0615379 0.0136098 0.0059507 -0.0628867 0.0133482 0.0065111 -0.0639446 0.0127218 0.0068269 -0.0665777 0.0125 0.006555 -0.0682501 0.0124904 0.005939 -0.0700575 0.0129775 -0.0003066 -0.0700917 0.0133196 -0.0011111 -0.0683766 0.0134225 -0.0013011 -0.0673154 0.0137885 -0.0016314 -0.0676309 0.0140815 -0.0016927 -0.0659932 0.0140363 -0.0011298 -0.0646049 0.0145449 8.4e-06 -0.0622838 0.0144198 0.0040546 -0.0610335 0.0132845 0.0062435 -0.0636563 0.0126621 0.0066573 -0.065999 0.0124362 0.0065704 -0.0672972 0.0122383 0.0062578 -0.0684675 0.0125506 0.0067621 -0.0684089 0.0122619 0.0057237 -0.0697619 0.0139772 -0.0014317 -0.0657439 0.0122616 0.0052292 -0.0704458 -0.0164876 -0.0034599 -0.0608875 -0.0158819 -0.0047789 -0.0622806 -0.0147535 -0.0057853 -0.0665154 -0.0145085 -0.005348 -0.0687339 -0.0152582 0.0017441 -0.0703624 -0.0154682 0.0025621 -0.0688846 -0.0157143 0.0029449 -0.0672828 -0.0158816 0.0029928 -0.0663036 -0.0161516 0.0025605 -0.0642135 -0.0166024 0.0013833 -0.062041 -0.0167733 7.4e-05 -0.0609905 -0.0168479 -0.0010648 -0.0605761 -0.0164392 -0.002651 -0.0609184 -0.015311 -0.0047399 -0.0634777 -0.0151544 0.00211 -0.0695532 -0.0155355 0.0026146 -0.0693323 -0.0153141 0.0025672 -0.0684479 -0.0154276 0.0027975 -0.0672435 -0.0158501 0.0032379 -0.0673154 -0.0157214 0.0028049 -0.0656221 -0.0162881 0.0021368 -0.063232 -0.0167457 0.0020087 -0.0624393 -0.0169814 0.0006271 -0.0610538 -0.0158778 -0.0038859 -0.0619497 -0.0160481 -0.0043183 -0.0619644 -0.0149319 -0.0050774 -0.0647942 -0.0151395 -0.0054927 -0.0648549 -0.0145498 -0.0051421 -0.0666164 -0.0147921 -0.0055676 -0.0665689 -0.0143176 -0.0049087 -0.0678294 -0.0146145 -0.0053585 -0.0679442 -0.0143024 -0.0041917 -0.0697002 -0.0145554 -0.0042496 -0.0703581 -0.0144057 -0.0038677 -0.0217488 -0.013921 -0.0072869 -0.0266629 -0.014809 -0.0073955 -0.0321389 -0.0153754 -0.0074372 -0.0370739 -0.0156961 -0.0074487 -0.0416213 -0.0158272 -0.0074346 -0.0461881 -0.0157513 -0.0073896 -0.051216 -0.0154424 -0.0073132 -0.0562578 -0.0120809 -0.0083122 -0.0711958 -0.0155044 -0.0018916 -0.024674 -0.0149296 -0.0042273 -0.0246913 -0.0139858 -0.0064398 -0.0247095 -0.0165311 -0.002014 -0.0308556 -0.0159172 -0.0045088 -0.0308742 -0.0167275 -0.003806 -0.035746 -0.0161656 -0.0054889 -0.0357591 -0.0170892 -0.0038684 -0.0406439 -0.0166761 -0.0051636 -0.040654 -0.0174694 -0.002988 -0.0455464 -0.0169849 -0.0047505 -0.0455597 -0.0163133 -0.0064507 -0.0455734 -0.0175998 -0.0020485 -0.0504513 -0.0172125 -0.0038282 -0.0504643 -0.0166358 -0.0055557 -0.0504778 -0.0171882 -0.0028551 -0.0553626 -0.0167132 -0.0045832 -0.0553757 -0.0152586 -0.0068014 -0.0602848 -0.0151034 -0.0062137 -0.0633621 0.0138582 0.0028572 -0.0247725 0.0132834 0.0051929 -0.0247551 0.0125216 0.0070478 -0.02474 0.0147566 0.0034803 -0.0309578 0.0142168 0.0055529 -0.0309423 0.0132088 0.007916 -0.0309229 0.0150962 0.0044826 -0.0358328 0.0144225 0.0065949 -0.0358165 0.0155197 0.0041564 -0.0407359 0.01489 0.0063319 -0.0407193 0.0156404 0.0042185 -0.0456457 0.014843 0.0068402 -0.0456256 0.0153404 0.0051211 -0.0505501 0.0147637 0.0068486 -0.0505366 0.0151719 0.0046469 -0.0554568 0.0147981 0.0059383 -0.0554469 0.0138612 0.0070393 -0.0603245 0.0122977 0.0082085 -0.0663606 -0.0041346 0.0169301 -0.0559903 -0.0041432 0.0172544 -0.0460404 -0.0035257 0.0134247 -0.0174973 -0.0017946 0.0151538 -0.0237907 -0.0021608 0.0169811 -0.0584551 -0.0020965 0.016361 -0.0636576 -0.0020304 0.0157655 -0.0674122 -0.0026967 0.0145374 -0.0213769 -0.0036606 0.0154469 -0.026505 -0.0039352 0.0167393 -0.0359726 -0.0040242 0.0171216 -0.0411966 -0.0031799 0.017366 -0.0507618 -0.0034101 0.0156075 -0.0674071 -0.0142669 -0.0097913 -0.0485575 -0.0142381 -0.0098179 -0.044181 -0.0140191 -0.0098202 -0.0398128 -0.0136109 -0.0097982 -0.0354821 -0.0112984 -0.0095942 -0.0230405 -0.01021 -0.0094868 -0.0192642 -0.0099895 -0.0087195 -0.0164883 -0.0119347 -0.0075058 -0.019244 -0.0136896 -0.0058805 -0.0221706 -0.0127162 -0.0075589 -0.0221855 -0.0140551 -0.0083778 -0.0311985 -0.0150249 -0.0084052 -0.0397994 -0.0151899 -0.0084702 -0.0441683 -0.0152161 -0.0084469 -0.0485448 -0.0148353 -0.0086974 -0.0533772 -0.0141573 -0.0092922 -0.0562759 -0.0134919 -0.0092838 -0.0612857 -0.0137977 -0.0078873 -0.0652712 -0.01322 -0.007461 -0.0692391 0.0023624 -0.0122414 -0.0189882 0.0024949 -0.0133337 -0.0240593 0.0025893 -0.0141444 -0.0288131 0.0026606 -0.0147981 -0.0339886 0.0026998 -0.0152191 -0.0391929 0.0027075 -0.0153999 -0.0440141 0.0026851 -0.0153701 -0.0492354 0.0026376 -0.0151427 -0.0539313 0.0025619 -0.0147124 -0.0587343 0.002462 -0.0141017 -0.0633928 0.0023571 -0.0134369 -0.0673186 0.0022337 -0.0126371 -0.0712202 0.0022814 -0.0131897 -0.065999 0.0024085 -0.0139731 -0.0608673 0.002497 -0.01449 -0.0561162 0.0025575 -0.0148072 -0.0514244 0.0025915 -0.0149335 -0.0467296 0.0025988 -0.0148647 -0.0418976 0.0025755 -0.0145658 -0.0367062 0.0025196 -0.0140338 -0.0315298 0.0024309 -0.0132695 -0.0263815 0.0023227 -0.012383 -0.0217752 0.0020008 -0.0142515 -0.0662095 0.0021657 -0.0144451 -0.0268411 0.0019514 -0.0126272 -0.0179995 2.78e-05 -0.0131025 -0.0188755 0.000247 -0.0150094 -0.0287586 0.0002838 -0.015967 -0.0544967 0 -0.014196 -0.0679314 0.0010946 -0.0137458 -0.0222046 0.0012696 -0.0152987 -0.0316324 0.0017779 -0.0159155 -0.0391845 0.0017906 -0.0160945 -0.0440277 0.001768 -0.0160636 -0.0492669 0.0016187 -0.0153481 -0.0593247 0.0014864 -0.014637 -0.0645148 0.0119225 -0.006292 -0.0690466 0.0132553 -0.0062603 -0.0605983 0.0140505 -0.0060821 -0.0568188 0.0142568 -0.0061108 -0.0540257 0.0145007 -0.0060609 -0.0509468 0.0145347 -0.006116 -0.0423534 0.0141035 -0.006278 -0.0411735 0.0138742 -0.0062639 -0.0341644 0.0134057 -0.0063856 -0.0311837 0.0129472 -0.0064336 -0.0282121 0.0105548 -0.0068709 -0.0200038 0.0129174 -0.0062824 -0.0623031 0.0138545 -0.0061775 -0.0574445 0.0140188 -0.0062093 -0.0537526 0.0145536 -0.0061169 -0.0473322 0.0142891 -0.0062374 -0.0446597 0.0142169 -0.0062276 -0.0379934 0.0121551 -0.0066018 -0.0247153 0.0110098 -0.0067604 -0.0201498 0.0100785 -0.0069397 -0.0174168 0.0122631 -0.0063448 -0.0666256 0.0135058 -0.006167 -0.0606845 0.0136488 -0.0063902 -0.0343246 0.0131611 -0.0064748 -0.0313112 0.0128122 -0.006186 -0.0650876 0.0114938 -0.0067506 -0.0227432 -0.0135713 -0.0097818 -0.0576119 -0.0133663 -0.0098616 -0.0566412 -0.0136615 -0.0099359 -0.0507767 -0.0139002 -0.009934 -0.0516494 -0.0137735 -0.0100003 -0.0448034 -0.0139552 -0.0099465 -0.0410371 -0.0136395 -0.0099657 -0.0377342 -0.0121873 -0.0098101 -0.0275284 -0.0105598 -0.009711 -0.0216873 -0.0119662 -0.0094842 -0.0676711 -0.0140126 -0.0098533 -0.0525188 -0.0140411 -0.0099719 -0.0444922 -0.0130441 -0.0098686 -0.0321526 -0.0119953 -0.0098698 -0.0281181 -0.0110109 -0.0097238 -0.0228062 -0.0099149 -0.0096071 -0.0190754 -0.0090444 -0.0095282 -0.0173667 -0.0129442 -0.0097691 -0.0607636 -0.0136968 -0.0100125 -0.0411972 -0.0131706 -0.0099577 -0.0341638 -0.0091476 -0.0094967 -0.0166406 -0.0120854 -0.0096105 -0.0648387 -0.012916 -0.0096519 -0.0626101 -0.0001517 -0.0136834 -0.0216867 3.34e-05 -0.0153278 -0.0314439 0.0001323 -0.0157004 -0.0345556 -0.0001071 -0.015842 -0.0390159 -7.95e-05 -0.016011 -0.042022 0.0001717 -0.0162262 -0.0432611 0.0001005 -0.0162305 -0.0465529 -0.0001894 -0.0155761 -0.0567477 3.61e-05 -0.0156073 -0.058261 -9.32e-05 -0.0151778 -0.0616102 -0.0004197 -0.0143695 -0.0652963 -0.0003543 -0.0128681 -0.0184624 -0.0003506 -0.0135538 -0.0219775 2.19e-05 -0.0143915 -0.0250993 -0.0001008 -0.0147364 -0.0276014 -0.0001193 -0.0156918 -0.0368411 -0.0001398 -0.0159236 -0.0513455 3.43e-05 -0.0159383 -0.054231 -7.18e-05 -0.014739 -0.0647864 -0.0002612 -0.0140943 -0.068195 8.65e-05 -0.0158651 -0.0366979 -0.0001061 -0.0160474 -0.046463 -0.000293 -0.0150351 -0.0612842 0.0001792 -0.0160526 -0.0389559 0.0001643 -0.0162144 -0.0492879 0.0020363 -0.0120341 -0.0159152 0.0024318 -0.014391 -0.0273614 0.0026215 -0.0147686 -0.0314676 0.0024629 -0.0154989 -0.0357459 0.0025385 -0.0156986 -0.0390191 0.0024921 -0.0158799 -0.0420337 0.0026908 -0.0156718 -0.0465522 0.0024786 -0.015641 -0.0538085 0.0023814 -0.0154441 -0.05678 0.0025067 -0.0146901 -0.0610668 0.0022002 -0.0143249 -0.0653585 0.0023624 -0.0140012 -0.0660121 0.0021721 -0.0137462 -0.0683125 0.0023689 -0.01259 -0.0193405 0.0024918 -0.0136227 -0.024199 0.0024025 -0.0151985 -0.0326081 0.0026333 -0.0152813 -0.0354688 0.0025509 -0.0152322 -0.0569827 0.0026899 -0.0154715 -0.039105 0.0025398 -0.0159037 -0.0464782 0.0026337 -0.0157213 -0.0493165 0.0026288 -0.0154045 -0.0538719 0.0023564 -0.014925 -0.0610601 0.0022277 -0.0135126 -0.0221909 0.0024397 -0.0158424 -0.0510839 0.011637 0.0111647 -0.0575893 0.0114404 0.0112322 -0.0566169 0.011665 0.0112435 -0.0538005 0.0121661 0.0111191 -0.0410178 0.0118795 0.0110963 -0.0377128 0.0107944 0.0109634 -0.0310167 0.0104727 0.0108039 -0.027275 0.0090393 0.0106584 -0.0225505 0.0091547 0.0105954 -0.0216592 0.0078398 0.0104286 -0.0175576 0.0100451 0.011056 -0.0667641 0.0119572 0.0112165 -0.0535885 0.0122677 0.0111845 -0.0485544 0.0122218 0.0111884 -0.0444735 0.0113329 0.0109283 -0.0321276 0.0103197 0.0108783 -0.028085 0.0072555 0.0103497 -0.0169096 0.0066483 0.0102306 -0.0141816 0.0101902 0.0111133 -0.0647046 0.0108413 0.0111324 -0.0626904 0.0109202 0.0111858 -0.0604448 0.0120634 0.0112422 -0.046706 0.0119064 0.0111871 -0.0411754 0.0116111 0.0111247 -0.0378067 0.0114418 0.011043 -0.0341389 0.0062343 0.0102074 -0.0140282 -0.0016394 0.0161537 -0.0634547 -0.0018804 0.0166622 -0.0609703 -0.0018837 0.0169865 -0.0577093 -0.0017334 0.0171248 -0.0534449 -0.0019457 0.0174162 -0.0509205 -0.0019347 0.0174672 -0.0458559 -0.0019765 0.0174134 -0.042705 -0.0017348 0.0163602 -0.0311111 -0.0017143 0.015848 -0.0276293 -0.0014636 0.0141814 -0.019564 -0.001325 0.0136453 -0.0175559 -0.001769 0.0156488 -0.0677868 -0.0016005 0.015799 -0.0657996 -0.0019744 0.0172513 -0.0394479 -0.0014496 0.0155711 -0.0270986 -0.0015457 0.0151315 -0.0239334 -0.0011253 0.0134908 -0.0177117 -0.0018443 0.0163249 -0.0635653 -0.001675 0.0164888 -0.0608654 -0.00194 0.0173038 -0.0535379 -0.0017389 0.0172353 -0.0508316 -0.0017282 0.0172847 -0.0459478 -0.0017268 0.0170614 -0.0386833 -0.0016218 0.0167495 -0.0359865 -0.0017866 0.0166819 -0.0336213 -0.0012648 0.013234 -0.0160339 -0.0020231 0.0175006 -0.0482394 -0.0015867 0.0162493 -0.0311034 -0.0042838 0.0160093 -0.0634748 -0.0045282 0.0169144 -0.0465371 -0.0043307 0.0158486 -0.0314632 -0.0042439 0.015406 -0.0282985 -0.0039801 0.0147971 -0.0238869 -0.0039723 0.0136305 -0.0195944 -0.0043186 0.0163345 -0.0609665 -0.0044156 0.0166345 -0.0574564 -0.0043303 0.0171447 -0.0504191 -0.0045353 0.0169014 -0.0490661 -0.004413 0.0169999 -0.0427335 -0.0042711 0.0166308 -0.036223 -0.0043821 0.0161627 -0.0339704 -0.0038521 0.0143531 -0.0216162 -0.0037394 0.0131916 -0.0170674 -0.0044331 0.0157676 -0.0635236 -0.0044864 0.0168088 -0.0540975 -0.0044259 0.0167461 -0.0393206 -0.0041284 0.0145552 -0.0238677 -0.0041725 0.0156773 -0.0659971 -0.0041053 0.0160942 -0.0311776 -0.0035693 0.0123035 -0.0138267 -0.0159769 0.0074538 -0.0566016 -0.0161587 0.007447 -0.0538068 -0.0163757 0.007358 -0.0507266 -0.0163344 0.007304 -0.0421329 -0.0156022 0.007348 -0.0339491 -0.0151076 0.0074318 -0.0309715 -0.0146231 0.0074422 -0.0280035 -0.0135986 0.0076414 -0.0248059 -0.0129154 0.0077064 -0.0216343 -0.0121588 0.0077753 -0.0198114 -0.0106117 0.0079616 -0.0151141 -0.0141154 0.0078644 -0.0666763 -0.0156079 0.0076099 -0.0574834 -0.0159184 0.0075421 -0.0535344 -0.0161731 0.0074813 -0.0501349 -0.0163969 0.0073681 -0.0471114 -0.0161177 0.0074341 -0.0422781 -0.0148916 0.0075141 -0.0317008 -0.0138004 0.007566 -0.024512 -0.0126658 0.0076419 -0.0200334 -0.0116599 0.0078114 -0.017228 -0.0141114 0.0078284 -0.067898 -0.0154661 0.0075878 -0.0604707 -0.016171 0.0073876 -0.0411184 -0.0153782 0.0074764 -0.0341096 -0.014811 0.0076627 -0.0648791 -0.0148123 0.0077328 -0.0624829 -0.0160569 0.0073026 -0.0379366 -0.0104924 -0.0046708 0.0063137 -0.010626 -0.0046989 0.0069556 -0.0107936 -0.0045566 0.0073986 -0.0111564 -0.003819 0.0079045 -0.0115765 -0.0021984 0.0081655 -0.0119488 -0.0026067 0.008753 -0.0094629 -0.0044614 0.0060258 -0.0096877 -0.0045665 0.0072798 -0.0100019 -0.0042879 0.0080167 -0.0101724 -0.0040283 0.0082729 -0.0103482 -0.0036863 0.008479 -0.0107289 -0.0026287 0.0087883 -0.0108692 -0.0020709 0.0088618 -0.011737 -0.0012093 0.0082005 -0.0110999 -0.0005492 0.0088994 -0.0111373 0.0004295 0.0088075 -0.0118861 0.0007273 0.0080942 -0.0111048 0.0011012 0.0086671 -0.0109534 0.0019837 0.0082705 -0.0108403 0.0023012 0.0079653 -0.0105939 0.0026132 0.0071179 -0.0104789 0.0026158 0.0065547 -0.0118861 0.0007273 0.0080942 -0.0118431 0.0016918 0.0078624 -0.0117059 0.0022894 0.0074314 -0.0115673 0.0024799 0.0069243 -0.0114362 0.0024731 0.0062717 -0.0104127 0.0025668 0.0061359 -0.0102602 0.0021461 0.0044746 -0.0102046 0.0014455 0.0025947 -0.0101885 0.0005133 0.0005591 -0.0101618 -0.0002519 -0.0007844 -0.0113767 0.0024075 0.0058703 -0.0112841 0.0021731 0.0049624 -0.0111937 0.0012784 0.0025572 -0.0111615 -0.0001855 -0.000419 0.0104418 0.0012313 0.0081112 0.009785 0.0001579 0.0087214 0.0096554 -0.0011986 0.0083099 0.0094845 -0.0017402 0.0078632 0.0092814 -0.0020214 0.007216 0.0091196 -0.0020521 0.0065098 0.0105115 -0.0008164 0.0078568 0.0104176 -0.0015006 0.0075459 0.0102787 -0.0018408 0.0071027 0.0100687 -0.0019057 0.0061927 0.008969 -0.0018871 0.0055127 0.0088833 -0.0016193 0.0045761 0.0100044 -0.0018388 0.0057944 0.0099319 -0.0016926 0.0052074 0.008806 -0.0009793 0.0028596 0.0087712 -0.0001017 0.000932 0.008738 0.0007094 -0.0005501 0.009764 -6.4e-05 0.0011749 0.0097301 0.0008046 -0.0004421 -0.0108403 0.0023012 0.0079653 -0.0105939 0.0026132 0.0071179 -0.0105431 0.0034704 0.0072419 -0.0106268 0.0034114 0.0075456 -0.0107207 0.003318 0.0078405 -0.0108111 0.0032044 0.0080908 -0.0109046 0.0030639 0.008323 0.0082443 0.0051441 0.0069839 0.008468 0.0050305 0.0076548 0.0085522 0.0049472 0.0078308 0.0086421 0.0048387 0.0079922 0.0084297 0.0056795 0.0082194 0.0082687 0.0058114 0.0079169 0.0081274 0.005901 0.0075911 0.0080082 0.0059507 0.0072464 -0.0088873 0.0064578 0.0067696 -0.0102146 0.0041031 0.0067604 -0.010202 0.0050508 0.0085718 -0.0105686 0.0042368 0.0085682 -0.0096288 0.0053243 0.0067656 0.0082129 0.0061472 0.0084981 0.0078192 0.0067035 0.0085033 0.007251 0.0073921 0.0085102 0.0075003 0.0064796 0.0066979 0.0058461 0.0086981 0.0085246 0.0066134 0.0075032 0.0067083 0.0048001 0.0094127 0.0085337 0.0058453 0.0082048 0.0067161 0.0034209 0.0101086 0.0085442 0.0045917 0.0090896 0.0067272 0.0020903 0.0105624 0.0085529 0.003263 0.0097601 0.0067373 0.0007115 0.0108372 0.0085607 0.0017616 0.0102538 0.006747 -0.0006914 0.0109281 0.0085674 0.0002482 0.0105071 0.0067552 -0.0020941 0.0108335 0.008573 -0.001286 0.010532 0.0067621 -0.0034721 0.0105551 0.0085772 -0.0044088 0.0102534 0.0085794 -0.0033778 0.0101902 0.0067691 -0.0058548 0.0095858 0.0085815 -0.0042801 0.0098996 0.0067712 -0.0071852 0.0087101 0.0085818 -0.0056732 0.0092564 0.0067732 -0.0082731 0.0077458 0.0085804 -0.0069549 0.0084127 0.0067735 -0.0093833 0.006417 0.0085769 -0.0080031 0.0074838 0.0067722 -0.0107963 0.0036133 0.0085653 0.0094845 -0.0017402 0.0078632 0.0092814 -0.0020214 0.007216 0.0092176 -0.0028867 0.0072652 0.0094062 -0.0027119 0.0078443 0.0095083 -0.0025763 0.0081051 0.0092422 -0.0037049 0.0085571 0.0088745 -0.0045213 0.0085535 0.0088208 -0.0035266 0.0065037 -0.009787 -0.0051324 0.0082302 -0.0096288 -0.0052603 0.0079247 -0.0093741 -0.005391 0.0072502 -0.0091978 -0.0061786 0.0086222 -0.0088526 -0.0058975 0.0065661 -0.0096877 -0.0045665 0.0072798 -0.0100019 -0.0042879 0.0080167 -0.0072191 -0.0081789 0.0086008 -0.0061701 -0.0088955 0.0085917 -0.004787 -0.0095934 0.0085812 -0.0059508 -0.0085014 0.0065368 0.0047199 -0.0089522 0.0085436 0.0058491 -0.0081909 0.0085435 0.0069402 -0.0072239 0.0085448 0.0055688 -0.0078261 0.0064906 0.009741 -0.0027548 -0.0131302 0.0095633 -0.0029451 -0.012694 0.0094813 -0.0030077 -0.0124604 0.0093815 -0.0044202 -0.0140998 0.0087869 -0.0041481 -0.0115349 0.0095663 -0.0021115 -0.0124505 0.0096833 -0.0019729 -0.0127826 0.0097394 -0.0018762 -0.0129259 0.0101187 -0.0021061 -0.0138537 0.0100246 -0.002302 -0.0136923 0.0078607 -0.0067935 -0.0141082 0.0086957 -0.0056547 -0.0141047 0.0093815 -0.0044202 -0.0140998 0.0099073 -0.0031096 -0.0140938 0.0056559 0.0096448 -0.0139942 0.0086009 0.0066305 -0.0140263 0.0077484 0.0077562 -0.0140154 0.0067615 0.0087663 -0.0140046 0.0089414 0.005862 -0.0136523 0.0128838 0.0023207 -0.0246446 0.011844 0.002147 -0.019712 0.0105913 0.0019452 -0.0148304 0.0083235 0.0101511 -0.0220708 0.0072287 0.0099424 -0.0183315 0.0111845 0.0037771 -0.0183879 0.0104701 0.0057081 -0.0183725 0.0122657 0.0029622 -0.0221337 0.0119106 0.0043892 -0.0221231 0.0092481 0.007775 -0.0183541 0.0112493 0.0061037 -0.0221093 0.0081428 0.009088 -0.0183409 0.0101538 0.0080165 -0.0220923 0.00972 0.0086105 -0.0220867 0.0099647 -0.0011675 -0.0134392 0.0100748 -0.0013123 -0.013582 0.0101622 -0.0014578 -0.0137389 0.0091692 0.0047635 -0.0133981 0.0090972 0.0049013 -0.0133243 0.0090255 0.0050266 -0.0132436 0.0098936 -0.0014686 -0.0132841 0.009931 -0.0013235 -0.0133659 0.0092827 0.0050996 -0.0136935 0.009237 0.004934 -0.0135387 0.0100605 -0.0003963 -0.0136691 0.0100634 0.0008389 -0.013823 0.0098147 0.0027545 -0.0138169 0.0095719 0.0037161 -0.0137047 0.0106368 -1.33e-05 -0.0146735 0.0099313 0.0039652 -0.0142671 0.0102786 0.0028452 -0.0144258 0.0104087 0.0013741 -0.0142872 0.0107136 -0.0064481 -0.022798 0.0096036 -0.0065881 -0.01893 0.010209 -0.0055971 -0.0189264 0.0111652 -0.0033692 -0.0189165 0.0113102 -0.0053394 -0.0227936 0.0116307 -0.001343 -0.0189056 0.0117496 -0.0043157 -0.0227891 0.0122008 -0.0029009 -0.022782 0.0117428 0.0010789 -0.0188908 0.0124932 -0.001445 -0.0227741 0.0126302 0.0004057 -0.0227629 0.0125553 0.0018888 -0.0227532 -0.0112804 0.003578 -0.0129878 -0.0110959 0.0037633 -0.0125408 -0.0110114 0.0038215 -0.0123038 -0.010934 0.00525 -0.0139494 -0.010308 0.004941 -0.0113516 -0.0111068 0.0029185 -0.0123352 -0.0111666 0.0028608 -0.0125065 -0.0112268 0.0027827 -0.012667 -0.0112795 0.0026953 -0.0127996 -0.0072084 -0.008815 -0.014055 -0.0101533 -0.0058007 -0.014023 -0.0093008 -0.0069264 -0.0140339 -0.008314 -0.0079365 -0.0140446 -0.0104802 -0.0050482 -0.0136243 -0.0116673 0.0029369 -0.0137235 -0.0115725 0.0031287 -0.0135615 -0.0094131 0.0076233 -0.013941 -0.0102482 0.0064845 -0.0139446 -0.010934 0.00525 -0.0139494 -0.0114597 0.0039394 -0.0139555 -0.015397 -0.0014387 -0.0295157 -0.0145288 -0.0013567 -0.0245478 -0.0114763 -0.0034928 -0.0144831 -0.0120461 -0.0017205 -0.0147384 -0.0084135 -0.0089978 -0.0171952 -0.0094591 -0.0091502 -0.0204133 -0.0104723 -0.009291 -0.0241301 -0.0113725 -0.0094088 -0.0281848 -0.0121088 -0.0094972 -0.0324325 -0.0124741 -0.0028175 -0.0171386 -0.0135043 -0.0019689 -0.0203498 -0.0114769 -0.0052999 -0.0171587 -0.0130495 -0.0036946 -0.0203627 -0.0125172 -0.0050197 -0.0203734 -0.0101755 -0.0072468 -0.0171768 -0.0120237 -0.0059706 -0.0203816 -0.0141476 -0.0028371 -0.024073 -0.0134178 -0.0049907 -0.0240899 -0.0105796 -0.0080071 -0.0204009 -0.0147739 -0.0033745 -0.0281325 -0.0146614 -0.003758 -0.0281354 -0.0119123 -0.0076193 -0.0241131 -0.0145384 -0.0041382 -0.0281384 -0.0144049 -0.0045149 -0.0281414 -0.0142611 -0.0048877 -0.0281444 -0.0139428 -0.0056208 -0.0281504 -0.0135846 -0.0063352 -0.0281565 -0.0133907 -0.0066847 -0.0281596 -0.0131874 -0.0070287 -0.0281627 -0.0127525 -0.0076992 -0.0281688 -0.0152601 -0.0039099 -0.0323832 -0.0125213 -0.0080251 -0.0281719 -0.015132 -0.0043061 -0.0323863 -0.0122812 -0.0083446 -0.028175 -0.0149929 -0.0046986 -0.0323894 -0.014843 -0.0050871 -0.0323925 -0.0117751 -0.0089631 -0.0281811 -0.0146825 -0.0054713 -0.0323956 -0.0143299 -0.0062256 -0.032402 -0.0139361 -0.0069594 -0.0324083 -0.0137242 -0.0073178 -0.0324115 -0.0135025 -0.0076703 -0.0324148 -0.0130302 -0.0083561 -0.0324212 -0.0127801 -0.008689 -0.0324244 -0.0125208 -0.0090148 -0.0324276 -0.010716 -0.0039418 -0.0133662 -0.0105854 -0.0041826 -0.0132327 -0.0114712 0.0021686 -0.0132372 -0.0115115 0.0019892 -0.0133251 -0.010785 -0.0041106 -0.0135084 -0.0116228 0.0021357 -0.0134651 -0.0116299 0.0006545 -0.0136629 -0.011365 -0.0019278 -0.0137538 -0.0111213 -0.0028907 -0.013656 -0.0108983 -0.0035324 -0.0135174 -0.0108092 -0.003744 -0.0134482 -0.0122285 -7.51e-05 -0.0146985 -0.0120923 0.0015777 -0.0143904 -0.011769 -0.0018571 -0.0141984 -0.011989 -4.07e-05 -0.0141693 -0.0106786 0.0075209 -0.0172188 -0.0117668 0.0074336 -0.0205737 -0.0128591 0.0073478 -0.0246395 -0.0114537 0.0062899 -0.0172232 -0.0123801 0.0041314 -0.0172328 -0.0123634 0.0063931 -0.0205777 -0.0129084 0.0015008 -0.0172472 -0.0131845 0.0044046 -0.0205867 -0.0134688 0.0033662 -0.020592 -0.0132937 0.0064576 -0.0245036 -0.0137753 0.0012367 -0.0206042 -0.0143004 0.0035782 -0.0245175 -0.0140174 0.0068234 -0.0289852 -0.0146443 0.0009301 -0.0245328 -0.0146333 0.0053318 -0.0289919 -0.0151658 0.0033869 -0.0290019 -0.0154255 0.0013871 -0.0290135 -0.0154481 0.0001768 -0.0290211 0.0054564 0.0078883 -0.0065909 0.0048289 0.0083644 -0.0065852 0.0042663 0.0087284 -0.0065804 0.0050431 0.008706 -0.0092943 0.0026308 0.0092517 -0.0037221 0.0015368 0.0095911 -0.0037152 0.0003474 0.009804 -0.0037086 0.0015794 0.0098336 -0.0065616 0.0042663 0.0087284 -0.0065804 0.0037992 0.0089911 -0.0065767 0.0029643 0.0093817 -0.0065705 0.0039716 0.0093581 -0.0092855 0.0001427 0.0100741 -0.0065538 -0.0008427 0.0101139 -0.0065492 -0.0013139 0.0100977 -0.0065473 -0.0008586 0.0105265 -0.0092569 -0.0013139 0.0100977 -0.0065473 -0.0016418 0.010073 -0.006546 -0.0024348 0.0099666 -0.0065432 -0.0016901 0.0104839 -0.0092536 -0.0041565 0.0094973 -0.0065386 -0.0043613 0.0094181 -0.0065382 -0.0054508 0.0089023 -0.0065367 -0.0045199 0.0098025 -0.0092455 -0.0082266 0.006613 -0.0065391 -0.0087064 0.0059884 -0.006541 -0.00895 0.0056264 -0.0065422 -0.0090413 0.0062336 -0.0092483 -0.00895 0.0056264 -0.0065422 -0.0094552 0.0047388 -0.0065456 -0.0095442 0.0045569 -0.0065464 -0.0098205 0.0049334 -0.0092532 -0.0133406 -0.0043199 -0.0709839 -0.0132854 -0.0048164 -0.0702941 -0.0130552 -0.0049613 -0.0709892 -0.0127364 -0.0055867 -0.0709946 -0.0123851 -0.0061944 -0.071 -0.0124599 -0.0057377 -0.0715766 -0.0160489 -0.0014914 -0.034517 -0.0156621 -0.0022943 -0.0323712 -0.0152601 -0.0039099 -0.0323832 -0.0157402 -0.0040221 -0.0370376 -0.0152601 -0.0039099 -0.0323832 -0.015132 -0.0043061 -0.0323863 -0.0149929 -0.0046986 -0.0323894 -0.0156079 -0.0044309 -0.0370408 -0.0149929 -0.0046986 -0.0323894 -0.014843 -0.0050871 -0.0323925 -0.0146825 -0.0054713 -0.0323956 -0.0153097 -0.0052368 -0.0370472 -0.0145114 -0.0058509 -0.0323988 -0.0143299 -0.0062256 -0.032402 -0.0141381 -0.0065952 -0.0324051 -0.0147802 -0.0064117 -0.037057 -0.0139361 -0.0069594 -0.0324083 -0.0137242 -0.0073178 -0.0324115 -0.0135025 -0.0076703 -0.0324148 -0.0141552 -0.0075388 -0.0370669 -0.0166962 -0.0014735 -0.0496251 -0.0166991 -0.0015089 -0.0445814 -0.0164832 -0.0015148 -0.0395421 -0.0126898 -0.009557 -0.0370861 -0.0130314 -0.0095803 -0.0414687 -0.0131827 -0.0095708 -0.0461974 -0.0131235 -0.0095308 -0.0505711 -0.0157402 -0.0040221 -0.0370376 -0.0156079 -0.0044309 -0.0370408 -0.0153097 -0.0052368 -0.0370472 -0.0149675 -0.006025 -0.0370537 -0.0147802 -0.0064117 -0.037057 -0.0143739 -0.0071689 -0.0370636 -0.0141552 -0.0075388 -0.0370669 -0.0136877 -0.0082597 -0.0370735 -0.0158914 -0.0044926 -0.0414239 -0.013181 -0.0089537 -0.0370801 -0.0146353 -0.0072798 -0.0414471 -0.0161333 -0.0040851 -0.0446002 -0.0153419 -0.0061365 -0.0446167 -0.0147339 -0.0073081 -0.0446268 -0.0166317 -0.0019081 -0.0496282 -0.0165553 -0.0023408 -0.0496313 -0.0163668 -0.0031991 -0.0496375 -0.0162549 -0.003624 -0.0496407 -0.0135121 -0.0091361 -0.0446437 -0.0161312 -0.0040456 -0.0496439 -0.0159959 -0.0044637 -0.0496472 -0.015691 -0.0052878 -0.0496538 -0.0155216 -0.0056932 -0.0496571 -0.0153411 -0.0060938 -0.0496604 -0.0151496 -0.0064892 -0.0496637 -0.0149472 -0.0068792 -0.0496671 -0.0145105 -0.0076418 -0.0496739 -0.0150612 0.0072039 -0.0382712 -0.0153635 0.0072034 -0.0430723 -0.0154328 0.0072287 -0.0478942 -0.0155113 0.0061416 -0.038276 -0.0159224 0.0049114 -0.038282 -0.0163771 0.0027991 -0.0382934 -0.0165086 0.0015087 -0.038301 -0.0160487 0.0054293 -0.0430806 -0.0164494 -0.0010825 -0.0383177 -0.0163966 0.0041589 -0.0430871 -0.0156564 0.006713 -0.0478965 -0.0167918 0.0011151 -0.0431047 -0.0158188 0.0063038 -0.0478983 -0.0159699 0.0058902 -0.0479003 -0.0161094 0.0054726 -0.0479023 -0.01678 -0.000202 -0.0431131 -0.0163537 0.0046266 -0.0479066 -0.0164582 0.0041989 -0.0479089 -0.0166316 0.0033356 -0.0479136 -0.0167004 0.0029007 -0.0479161 -0.0168017 0.002026 -0.0479212 -0.0153572 0.0070829 -0.0527217 -0.0168342 0.0015869 -0.0479238 -0.0168545 0.001147 -0.0479265 -0.0156899 0.0062772 -0.0527253 -0.0158394 0.0058678 -0.0527273 -0.0159776 0.0054544 -0.0527293 -0.0161042 0.0050374 -0.0527314 -0.0163228 0.0041935 -0.0527358 -0.0164146 0.0037674 -0.0527381 -0.0165625 0.0029084 -0.0527429 -0.0166186 0.0024762 -0.0527454 -0.016695 0.0016079 -0.0527505 -0.0167151 0.0011724 -0.0527532 -0.0130302 -0.0083561 -0.0324212 -0.0127801 -0.008689 -0.0324244 -0.0125208 -0.0090148 -0.0324276 -0.013181 -0.0089537 -0.0370801 -0.0159824 -0.0016583 -0.0597053 -0.0160342 -0.0013149 -0.0596875 -0.016411 -0.0018367 -0.0546667 -0.0159017 -0.0021439 -0.0596743 -0.0164744 -0.0014088 -0.0546637 -0.0166962 -0.0014735 -0.0496251 -0.016411 -0.0018367 -0.0546667 -0.0167151 0.0011724 -0.0527532 -0.0166354 -0.0010038 -0.0527674 -0.0164187 0.0011896 -0.0570688 -0.0162549 -0.003624 -0.0496407 -0.0161501 -0.0031077 -0.0546759 -0.0160399 -0.003526 -0.0546791 -0.0159182 -0.0039411 -0.0546822 -0.015691 -0.0052878 -0.0496538 -0.0156405 -0.0047605 -0.0546887 -0.0154848 -0.0051641 -0.0546919 -0.015318 -0.0055632 -0.0546952 -0.0131235 -0.0095308 -0.0505711 -0.0128424 -0.0094529 -0.0553101 -0.0143225 -0.0074816 -0.0547117 -0.0140921 -0.0078478 -0.054715 -0.0141358 -0.0057299 -0.0638421 -0.0144077 -0.005453 -0.0629762 -0.0147022 -0.0050672 -0.0621531 -0.0141944 -0.0058964 -0.06298 -0.013379 -0.0058435 -0.0675597 -0.0135073 -0.005964 -0.0666164 -0.0136785 -0.0059845 -0.065679 -0.0131197 -0.0066405 -0.0666224 -0.0132854 -0.0048164 -0.0702941 -0.0132744 -0.005452 -0.0689899 -0.0133049 -0.0056511 -0.0683842 -0.0130306 -0.0056779 -0.0695508 -0.012848 -0.0060072 -0.0695537 0.0112889 0.0058731 -0.0710271 0.0112397 0.0063608 -0.0703306 0.0110034 0.0065144 -0.0710218 0.0106847 0.0071398 -0.0710164 0.0103334 0.0077475 -0.071011 0.0104031 0.0072981 -0.0715941 0.0137084 0.0024658 -0.0296184 0.0128838 0.0023207 -0.0246446 0.0129441 0.0035167 -0.0260874 0.013421 0.0004285 -0.0269694 0.0133416 0.0020009 -0.026959 0.011893 0.0073807 -0.0647779 0.0121467 0.0071923 -0.0638753 0.0124262 0.0069045 -0.0630154 0.0119088 0.0076553 -0.0638713 0.0113574 0.007353 -0.0675843 0.0114939 0.0074615 -0.0666407 0.0116733 0.0074702 -0.0657047 0.0113058 0.0078006 -0.0666377 0.0111063 0.008138 -0.0666347 0.0112397 0.0063608 -0.0703306 0.0112403 0.0069797 -0.0690184 0.011276 0.0071711 -0.0684105 0.0109915 0.0072127 -0.0695743 0.0108089 0.007542 -0.0695714 0.0081268 0.0104645 -0.0709841 0.0090948 0.0094483 -0.0709948 0.0081026 0.0104952 -0.0709621 0.0074525 0.0110672 -0.0709556 0.0080874 0.0103415 -0.0713968 -0.0014027 0.0140986 -0.0709193 -0.0018688 0.0140773 -0.0709174 -0.0013639 0.0141053 -0.0708977 -0.0011118 0.0138723 -0.0717118 0.0118817 0.0006726 -0.0723538 0.0117813 0.0012369 -0.0725879 0.0116946 0.00177 -0.0727233 0.0112621 0.0008378 -0.0737449 0.0103561 -0.0061566 -0.0710994 0.0110221 -0.0049212 -0.0710944 0.0103409 -0.0061929 -0.0710778 0.0098645 -0.006916 -0.0710803 0.010285 -0.0060427 -0.0715105 -0.015095 0.0038315 -0.0651328 -0.0147313 0.0038964 -0.0671682 -0.0144498 0.0034467 -0.0691608 -0.014298 0.0027793 -0.0704827 -0.0092046 0.0032279 -0.0708245 -0.0108858 0.0036383 -0.0698116 -0.0101631 0.0031852 -0.0707075 -0.0109379 0.00272 -0.0711473 -0.012079 0.0030927 -0.0704664 -0.0122225 0.0037338 -0.0691983 -0.0111842 0.0041905 -0.068203 -0.0093769 0.0043613 -0.0684816 -0.0085973 0.0039979 -0.0697143 -0.0077908 0.003437 -0.0708043 -0.0075758 0.0041779 -0.0696286 -0.0076856 0.0043761 -0.0691277 -0.0071308 0.0043035 -0.0694861 -0.0072273 0.0045468 -0.0688234 -0.0063451 0.0047134 -0.0686765 -0.0062871 0.0042381 -0.0698613 -0.0041477 0.0042358 -0.0703729 -0.0047022 0.004393 -0.0699759 -0.0046401 0.0039 -0.0707621 -0.0090543 0.0047101 -0.0660893 -0.0079625 0.0047695 -0.065024 -0.0038692 0.004148 -0.0705633 -0.0030287 0.0038488 -0.0710988 -0.0075553 0.0049118 -0.0663491 -0.0058667 0.0050994 -0.065433 -0.0053042 0.0049488 -0.0683446 -0.0064316 0.0048833 -0.0679776 -0.0055864 0.0050888 -0.0674646 -0.0048032 0.0052816 -0.0662104 -0.004783 0.0050611 -0.0681764 -0.003685 0.0054133 -0.0657004 -0.0025864 0.0054429 -0.0647524 -0.0069003 0.0034514 -0.0709403 -0.0030973 0.0043888 -0.0703576 -0.0127663 0.002722 -0.0708478 -0.01205 0.0029247 -0.0707109 -0.0129452 0.0035971 -0.0692938 -0.0129889 0.0037688 -0.0688183 -0.0122386 0.0038353 -0.0689205 -0.0138721 0.0040568 -0.0658469 -0.0107572 0.0044676 -0.0657246 -0.0101719 0.0045476 -0.0657504 -0.0101536 0.0045638 -0.066274 -0.0122872 0.0042752 -0.0660233 -0.0058723 0.0050414 -0.0649747 -0.0048227 0.0052414 -0.0654563 -0.004571 0.0050752 -0.06427 -0.0133554 0.004118 -0.0656968 -0.0076103 0.0046784 -0.0681807 -0.0020193 0.0043517 -0.0706338 -0.001533 0.0047927 -0.0700338 -0.0003802 0.0040983 -0.0712262 -0.0007683 0.0043576 -0.0708569 0.0005882 0.0049401 -0.0702786 -0.0048032 0.0052816 -0.0662104 -0.0042429 0.0050092 -0.0686389 -0.0040003 0.0052229 -0.0679216 -0.003552 0.0052134 -0.0682341 -0.0026506 0.005159 -0.068845 -0.0019456 0.0052704 -0.0687962 -0.0035378 0.0054205 -0.0669805 -0.0031157 0.0054967 -0.0658227 -0.0016222 0.005632 -0.0673975 -0.0024751 0.0055203 -0.0673742 -0.0016188 0.0057086 -0.0661963 -0.0160342 -0.0013149 -0.0596875 -0.0161276 4.35e-05 -0.059919 -0.0160953 0.0008796 -0.0603143 -0.0152121 0.0009046 -0.0602621 -0.0143609 0.0011286 -0.0603305 -0.0154938 0.0010279 -0.0603584 -0.005519 0.0026851 -0.060614 -0.0067133 0.0022371 -0.0604094 -0.0048147 0.0021202 -0.0602008 -0.0060197 0.0007935 -0.0597919 -0.0109828 0.0015321 -0.0603123 -0.0126577 0.0015719 -0.0604766 -0.0110199 0.0012724 -0.0601709 -0.0126994 0.0012763 -0.0602911 -0.0093154 0.0014042 -0.0601288 -0.0081203 0.0020955 -0.0604351 -0.0100484 0.0020153 -0.060552 -0.0025864 0.0054429 -0.0647524 -0.0020393 0.0052556 -0.0637197 -0.0034441 0.0044534 -0.0623326 -0.001475 0.004938 -0.0627514 -0.004016 0.0048282 -0.0632632 -0.0015446 0.0053583 -0.063836 -0.0010523 0.0054149 -0.0638075 -0.002004 0.0039537 -0.0613687 0.0062532 0.0053635 -0.0707977 0.0046718 0.0056763 -0.0699608 0.0048343 0.0052087 -0.0707447 0.0054882 0.0059211 -0.0696944 0.0036356 0.0051967 -0.0705281 0.0048497 0.0050531 -0.0709503 0.0112889 0.0058731 -0.0710271 0.0112397 0.0063608 -0.0703306 0.0062532 0.0053635 -0.0707977 0.0071488 0.0061028 -0.0697852 0.0090525 0.0062328 -0.0700344 0.0071903 0.0055675 -0.0706939 0.0090575 0.0061051 -0.0702603 0.0090763 0.005825 -0.0706943 0.0098145 0.0057285 -0.0709562 0.009804 0.0059301 -0.0706864 0.0097914 0.0062541 -0.0701765 0.0097882 0.0063509 -0.0700011 0.0080492 0.0053333 -0.0711397 -0.0159186 0.0020551 -0.0612834 -0.0156804 0.0028637 -0.0623801 -0.0155482 0.0031786 -0.0629772 -0.0153918 0.0024136 -0.0616343 -0.0031518 0.0048263 -0.0695246 -0.0020193 0.0043517 -0.0706338 -0.0022595 0.0041092 -0.070913 -0.0030973 0.0043888 -0.0703576 0.0027107 0.0050787 -0.0705157 0.0031811 0.0056709 -0.0695582 0.0033015 0.0046048 -0.0712255 0.0036356 0.0051967 -0.0705281 -0.0155482 0.0031786 -0.0629772 -0.0154116 0.0034386 -0.0636027 -0.015095 0.0038315 -0.0651328 -0.0070481 0.0028633 -0.0609276 -0.005015 0.0035903 -0.0614048 -0.0034441 0.0044534 -0.0623326 -0.012295 0.0030868 -0.0620105 -0.0122077 0.0033557 -0.0624397 -0.0121098 0.0036397 -0.0629892 -0.0105382 0.0035846 -0.0624546 -0.0079636 0.0046345 -0.0643179 -0.0079697 0.004698 -0.0646136 -0.0079862 0.0042332 -0.0630973 -0.0122872 0.0042752 -0.0660233 -0.0110576 0.0043855 -0.0652508 -0.0119456 0.0040871 -0.0642492 -0.0103658 0.0042188 -0.0639525 -0.0079609 0.0045617 -0.0640328 -0.0076855 0.003868 -0.0622895 -0.012696 0.0040705 -0.0646307 -0.0087201 0.0028882 -0.0611656 -0.0073725 0.0034098 -0.0615605 -0.0065527 0.0042485 -0.0627166 -0.0077512 0.0027901 -0.0609445 0.0112403 0.0069797 -0.0690184 0.011276 0.0071711 -0.0684105 0.0113574 0.007353 -0.0675843 0.0103384 0.007161 -0.0678988 -0.0141451 0.001937 -0.0714924 -0.0140426 0.001418 -0.0719197 -0.0139447 0.000897 -0.0722393 -0.0138464 0.0003357 -0.0724814 -0.0134895 0.001166 -0.0721282 -0.0132616 0.0012984 -0.0720685 0.0114319 0.0038868 -0.0725131 0.0113344 0.0051269 -0.0717799 0.0106329 0.0046311 -0.0720721 0.010886 0.0045313 -0.0721577 -0.004404 0.0146732 -0.0711373 -0.0038987 0.0147864 -0.0711388 -0.0040676 0.0147507 -0.0711383 -0.0039891 0.0147582 -0.0711386 -0.0039447 0.0147745 -0.0711387 -0.0135019 0.0077676 -0.0711413 -0.0132371 0.0082205 -0.0711396 -0.0133272 0.0080706 -0.0711401 -0.0134155 0.0079197 -0.0711407 -0.0134647 0.0078244 -0.0711411 -0.0134205 0.0078754 -0.071141 -0.0133701 0.0079201 -0.0711409 -0.0133145 0.007958 -0.0711409 -0.0132545 0.0079887 -0.071141 -0.0001058 -0.0134919 -0.0713349 -0.0006231 -0.0135159 -0.0713328 -0.0002782 -0.013502 -0.0713342 -0.0001733 -0.0134915 -0.0713346 -0.0002396 -0.0134817 -0.0713343 -0.0132371 0.0082205 -0.0711396 -0.0133272 0.0080706 -0.0711401 -0.0132545 0.0079887 -0.071141 -0.0124078 0.0077097 -0.0709116 -0.0128153 0.0079607 -0.0710236 -0.0123924 0.0077458 -0.0708898 -0.0110957 -0.0093762 -0.0712606 -0.0109708 -0.0094985 -0.071262 -0.0108347 -0.0094057 -0.071262 -0.0109098 -0.009402 -0.0712616 -0.0109833 -0.0093879 -0.0712612 -0.0110541 -0.0093637 -0.0712607 -0.0108444 -0.0096194 -0.0712633 -0.0109708 -0.0094985 -0.071262 -0.0108347 -0.0094057 -0.071262 -0.0105057 -0.0092592 -0.071143 -0.0014306 0.0150721 -0.0711478 -0.0016032 0.0150661 -0.0711471 -0.0017756 0.0150581 -0.0711464 -0.0018805 0.0150476 -0.071146 -0.0018142 0.0150378 -0.0711463 -0.00175 0.0150192 -0.0711467 -0.0016888 0.0149923 -0.0711472 0.0023502 -0.0131171 -0.0713433 0.0018449 -0.0132303 -0.0713418 0.0020138 -0.0131946 -0.0713423 0.0020501 -0.0131339 -0.0713421 0.001995 -0.0131718 -0.0713421 0.0019353 -0.0132021 -0.071342 0.0018909 -0.0132184 -0.0713419 0.0023502 -0.0131171 -0.0713433 0.0020138 -0.0131946 -0.0713423 0.0022084 -0.0129207 -0.0713414 0.0020501 -0.0131339 -0.0713421 -0.0014306 0.0150721 -0.0711478 -0.0016032 0.0150661 -0.0711471 -0.0015157 0.0148452 -0.0711489 -0.0016888 0.0149923 -0.0711472 0.0095448 0.0023413 -0.0008771 0.0091322 0.0041366 0.0027975 0.0090385 0.0050506 0.0054083 0.0085595 0.0021841 -0.0009567 0.0082861 0.0033846 0.0013025 0.0081368 0.0040259 0.0028215 0.008051 0.0045305 0.0041959 0.0080993 0.0050612 0.0061385 0.0091631 0.0052698 0.0065494 0.0093313 0.0052166 0.0071492 0.00817 0.0051294 0.0066324 0.0082443 0.0051441 0.0069839 0.008468 0.0050305 0.0076548 0.0098073 0.004339 0.0078745 0.0099099 0.0040252 0.007954 0.0089303 0.0043608 0.0083796 0.0091503 0.0038549 0.0085852 0.0100142 0.0036549 0.0080183 0.0102245 0.002714 0.0081031 0.0091503 0.0038549 0.0085852 0.0094337 0.0029569 0.0087667 -0.0109346 -0.0018977 -0.0004803 -0.0107147 -0.0027998 0.0012241 -0.0104931 -0.0037241 0.0033306 -0.0099523 -0.0017311 -0.0005879 -0.009496 -0.0036228 0.0033849 -0.0094283 -0.0040829 0.0046614 -0.009783 -0.0055801 -0.0124559 -0.0100535 -0.0054326 -0.0130151 -0.0103023 -0.004572 -0.0128449 -0.0102294 -0.0046426 -0.0127153 -0.0101607 -0.004697 -0.0125774 -0.0100963 -0.0047365 -0.0124312 -0.010716 -0.0039418 -0.0133662 -0.0105854 -0.0041826 -0.0132327 -0.0104679 -0.0043663 -0.0130908 -0.0115034 -0.0040516 -0.0127596 -0.0112612 -0.0045797 -0.0125038 -0.011636 -0.003655 -0.0128532 -0.0108092 -0.003744 -0.0134482 -0.0101607 -0.004697 -0.0125774 -0.0100963 -0.0047365 -0.0124312 -0.0098175 -0.0047342 -0.0114603 -0.0111039 -0.0047936 -0.0122496 -0.0107801 -0.0048588 -0.0112153 -0.0096925 -0.0045166 -0.0104769 -0.0096554 -0.0042272 -0.0095528 -0.0107156 -0.0047631 -0.0107751 -0.010646 -0.004232 -0.0091511 -0.0097403 -0.0033538 -0.0073535 -0.0098399 -0.0028071 -0.0062039 -0.0107729 -0.0032486 -0.0068584 -0.0108849 -0.0026556 -0.0056903 -0.0099861 -0.0020247 -0.004792 -0.0100734 -0.0014844 -0.003987 -0.0108849 -0.0026556 -0.0056903 -0.011029 -0.0018487 -0.0043289 -0.0102322 -0.0002962 -0.0040355 -0.0102698 4.34e-05 -0.0045133 -0.0104839 0.0021808 -0.0086681 -0.0107648 0.002903 -0.0109918 -0.0112391 -0.0002926 -0.0042351 -0.0113631 0.0011156 -0.0066274 -0.0116586 0.0026472 -0.0103376 -0.0108516 0.002965 -0.0114134 -0.0111068 0.0029185 -0.0123352 -0.0111666 0.0028608 -0.0125065 -0.0117742 0.0028006 -0.0109897 -0.0121128 0.0026849 -0.0122108 -0.0112268 0.0027827 -0.012667 -0.0112795 0.0026953 -0.0127996 -0.0114712 0.0021686 -0.0132372 -0.0115115 0.0019892 -0.0133251 -0.0121128 0.0026849 -0.0122108 -0.0122419 0.0022889 -0.0125553 -0.0122989 0.0018794 -0.0127185 -0.012308 0.0005186 -0.0129395 -0.0116299 0.0006545 -0.0136629 0.0082432 0.0063904 -0.0124563 0.0085609 0.0062129 -0.0131109 0.0087689 0.0053776 -0.0128804 0.0086952 0.0054498 -0.0127474 0.0085611 0.0055445 -0.0124559 0.0091692 0.0047635 -0.0133981 0.0090972 0.0049013 -0.0133243 0.0090255 0.0050266 -0.0132436 0.0088457 0.0052887 -0.0130037 0.0099619 0.0048656 -0.012797 0.0096736 0.005467 -0.0124613 0.0103955 0.0032305 -0.013044 0.0095719 0.0037161 -0.0137047 0.0086952 0.0054498 -0.0127474 0.0085611 0.0055445 -0.0124559 0.0083818 0.0055791 -0.0119067 0.0082543 0.0054961 -0.0112751 0.0096194 0.0055411 -0.0123719 0.0092515 0.0056523 -0.0112321 0.0081869 0.0053601 -0.0107004 0.0081439 0.0050824 -0.0098062 0.0091909 0.0055504 -0.0107914 0.0091438 0.0053519 -0.0101392 0.0087643 0.0010237 -0.0040783 0.0088079 0.0005803 -0.0047265 0.0097515 0.0011901 -0.0040493 0.0098618 -0.0001819 -0.00634 0.0090738 -0.0018165 -0.0099261 0.0092338 -0.0021058 -0.011085 0.0100623 -0.0016824 -0.0098563 0.0101689 -0.0019161 -0.0106681 0.0093478 -0.0021767 -0.0116533 0.0095663 -0.0021115 -0.0124505 0.0096833 -0.0019729 -0.0127826 0.0102823 -0.0020327 -0.0112858 0.0104389 -0.0020362 -0.0119143 0.0105931 -0.0018418 -0.012388 0.0099647 -0.0011675 -0.0134392 0.0098454 -0.0016241 -0.0131767 0.0098936 -0.0014686 -0.0132841 0.009931 -0.0013235 -0.0133659 0.010686 -0.0015522 -0.0126377 0.0107573 -0.0010654 -0.0128382 0.0107646 0.0002981 -0.013042 0.0100605 -0.0003963 -0.0136691 0.0100634 0.0008389 -0.013823 -0.0119391 -0.0024135 -0.012982 -0.01175 -0.0032469 -0.0129141 -0.0111213 -0.0028907 -0.013656 -0.0108983 -0.0035324 -0.0135174 -0.0104061 -0.0011182 0.0207915 -0.0101013 -0.0025615 0.020781 -0.0095848 -0.0039432 0.02077 -0.0088681 -0.0052325 0.0207586 -0.0079673 -0.0064006 0.0207473 -0.0069024 -0.0074214 0.0207361 -0.0056972 -0.0082721 0.0207255 -0.0043787 -0.0089336 0.0207155 -0.0029764 -0.0093913 0.0207064 -0.0015215 -0.0096348 0.0206985 -4.65e-05 -0.0096587 0.0206919 0.0014156 -0.0094626 0.0206867 0.0028321 -0.0090508 0.0206831 0.0041714 -0.0084324 0.0206812 0.0054036 -0.0076213 0.0206809 0.0065011 -0.0066357 0.0206824 0.0081978 -0.0042321 0.0206902 0.008759 -0.0028679 0.0206964 0.0091106 -0.0014352 0.020704 0.0092448 3.38e-05 0.0207127 0.0091585 0.0015064 0.0207224 0.0088537 0.0029497 0.0207329 0.0083372 0.0043315 0.020744 0.0076205 0.0056208 0.0207553 0.0067196 0.0067889 0.0207666 0.0044496 0.0086603 0.0207885 0.0031311 0.0093219 0.0207984 0.0017287 0.0097795 0.0208075 0.0002738 0.0100231 0.0208154 -0.0012012 0.010047 0.020822 -0.0026632 0.0098509 0.0208272 -0.0040797 0.009439 0.0208308 -0.005419 0.0088207 0.0208327 -0.0066512 0.0080096 0.020833 -0.0077488 0.0070239 0.0208315 -0.0086872 0.0058857 0.0208284 -0.0094454 0.0046204 0.0208237 -0.0100067 0.0032561 0.0208175 -0.0103583 0.0018235 0.02081 -0.0104924 0.0003545 0.0208012 0.0074483 -0.0055101 0.0226855 0.0091578 0.0014915 0.0228647 0.0090795 0.0014791 0.0231381 0.0087157 0.0014273 0.0235652 -0.0103867 -0.0011304 0.0229337 -0.0101524 -0.0011025 0.0234454 -0.0100822 -0.0025722 0.0229232 -0.0099378 -0.0025333 0.0233212 -0.0093987 -0.0023797 0.0237387 -0.0095662 -0.0039525 0.0229122 -0.0094296 -0.0038928 0.0233103 -0.008793 -0.0036026 0.0237586 -0.0088502 -0.0052405 0.0229009 -0.0085678 -0.0050602 0.0235142 -0.0079503 -0.0064074 0.0228895 -0.007838 -0.0063107 0.023288 -0.007613 -0.0061117 0.0235889 -0.0068343 -0.007367 0.0231517 -0.0065177 -0.0069888 0.0236469 -0.0056664 -0.0082518 0.0230072 -0.00556 -0.0080794 0.023381 -0.0054486 -0.0078961 0.0235681 -0.0043655 -0.0089378 0.0228578 -0.0043072 -0.0088029 0.0232567 -0.0041436 -0.0084115 0.0236275 -0.0040393 -0.0081594 0.0237088 -0.0029646 -0.009395 0.0228487 -0.0029065 -0.0091709 0.0233625 -0.0027922 -0.0087125 0.0236695 -0.0015111 -0.0096382 0.0228408 -0.0014959 -0.0094928 0.02324 -0.0014672 -0.0091954 0.0235424 -3.89e-05 -0.0096328 0.0229738 -4.47e-05 -0.0095164 0.0232335 -6.09e-05 -0.0092182 0.0235361 0.0014172 -0.0094375 0.0229687 0.0013563 -0.0091424 0.0234449 0.0012514 -0.0086424 0.0236826 0.0028379 -0.0090548 0.0228255 0.0026837 -0.0086385 0.0235277 0.0041758 -0.0084371 0.0228235 0.0040158 -0.0081482 0.0234395 0.0054068 -0.0076269 0.0228233 0.0053178 -0.0075117 0.0232227 0.0049779 -0.0070714 0.0236459 0.0065032 -0.0066422 0.0228247 0.006182 -0.0063358 0.023527 0.0073763 -0.0054607 0.0231015 0.0069747 -0.0051788 0.0235993 0.0067519 -0.0050218 0.0236815 0.0081981 -0.0042411 0.0228325 0.0081276 -0.0042069 0.0231062 0.0079014 -0.0040948 0.0234482 0.0087587 -0.0028783 0.0228387 0.0086192 -0.0028347 0.023238 0.008216 -0.002705 0.0236096 0.00911 -0.0014471 0.0228463 0.00867 -0.0013774 0.0235476 0.0092143 2e-05 0.0229946 0.0089118 2.19e-05 0.0234699 0.0085396 2.67e-05 0.0236753 0.007685 0.001288 0.0237276 0.0074265 0.0025119 0.0237365 0.0069884 0.0036837 0.0237458 0.0056167 0.0057676 0.0237651 0.0047137 0.0066333 0.0237745 0.0036917 0.0073546 0.0237836 0.0025736 0.0079157 0.0237921 0.0001505 0.0085103 0.0238064 -0.0011003 0.0085306 0.0238121 -0.0023401 0.0083643 0.0238164 -0.0035414 0.008015 0.0238195 -0.0046771 0.0074906 0.0238211 -0.0057221 0.0068028 0.0238213 -0.0066528 0.0059669 0.0238201 -0.0074486 0.0050017 0.0238175 -0.0080916 0.0039286 0.0238135 -0.0085675 0.0027717 0.0238082 -0.0088657 0.0015568 0.0238018 -0.0089795 0.0003111 0.0237944 -0.0089063 -0.0009378 0.0237862 -0.0086478 -0.0021617 0.0237773 -0.0082098 -0.0033335 0.0237679 -0.0068381 -0.0054174 0.0237487 -0.005935 -0.0062831 0.0237392 -0.004913 -0.0070045 0.0237302 -0.0037949 -0.0075655 0.0237217 -0.0013719 -0.0081601 0.0237073 -0.0001211 -0.0081804 0.0237017 0.0011188 -0.0080141 0.0236973 0.00232 -0.0076648 0.0236943 0.0034558 -0.0071404 0.0236926 0.0045007 -0.0064526 0.0236924 0.0062272 -0.0046515 0.0236963 0.0068703 -0.0035785 0.0237003 0.0073462 -0.0024215 0.0237055 0.0076444 -0.0012066 0.0237119 0.0077581 3.91e-05 0.0237193 0.0002826 0.0100104 0.0228154 0.0088248 0.0029239 0.0230147 0.0087124 0.0028893 0.0232739 0.0080432 0.0026913 0.0237248 0.0082657 0.0042783 0.0231594 0.0079325 0.0041209 0.0235857 0.0075966 0.005584 0.023037 0.0072492 0.0053502 0.0235965 0.0069171 0.0051303 0.0237452 0.0066995 0.0067474 0.0230483 0.0064749 0.0065408 0.023522 0.0060946 0.0061968 0.0237555 0.0056389 0.0077639 0.0230594 0.0054472 0.0075259 0.0235327 0.0044537 0.008638 0.0229307 0.0043791 0.0085081 0.0233285 0.0041618 0.0081404 0.0236962 0.0031366 0.0092989 0.0229407 0.0030818 0.009159 0.0233383 0.0029214 0.0087628 0.0237055 0.0017291 0.0097257 0.023089 0.0016821 0.0095255 0.023461 0.0015374 0.0089276 0.0237928 0.0002762 0.0099177 0.0232302 0.0002545 0.0096619 0.023569 -0.0011912 0.0100233 0.0229642 -0.0011752 0.0097863 0.0234752 -0.0026517 0.0098273 0.0229694 -0.0026193 0.0096794 0.0233666 -0.0025297 0.0092605 0.0237326 -0.0040668 0.0094159 0.022973 -0.0039826 0.0091934 0.0234837 -0.0038623 0.008873 0.023736 -0.0054047 0.0087982 0.0229749 -0.0052393 0.0085015 0.0235857 -0.0065855 0.0079227 0.0232476 -0.0063583 0.0076278 0.0236706 -0.0077321 0.0070033 0.0229737 -0.0076231 0.006898 0.0233709 -0.007314 0.006601 0.0237367 -0.0086695 0.0058663 0.0229706 -0.0083931 0.0056692 0.0235816 -0.0079734 0.0053722 0.0238119 -0.009427 0.0046022 0.0229659 -0.0092155 0.004494 0.0234768 -0.0099582 0.0032291 0.0230989 -0.0097628 0.0031635 0.0234708 -0.0094382 0.0030563 0.0237235 -0.0103388 0.0018082 0.0229521 -0.0101906 0.0017812 0.0233497 -0.0098928 0.0017296 0.0236487 -0.0104729 0.0003407 0.0229434 -0.0103915 0.0003377 0.0232162 -0.0100207 0.000329 0.0236403 -0.0096218 0.0003216 0.0237871 0.007685 0.001288 0.0237276 0.0074265 0.0025119 0.0237365 0.0069884 0.0036837 0.0237458 0.0056167 0.0057676 0.0237651 0.0047137 0.0066333 0.0237745 0.0036917 0.0073546 0.0237836 0.0025736 0.0079157 0.0237921 0.0001505 0.0085103 0.0238064 -0.0011003 0.0085306 0.0238121 -0.0023401 0.0083643 0.0238164 -0.0035414 0.008015 0.0238195 -0.0046771 0.0074906 0.0238211 -0.0057221 0.0068028 0.0238213 -0.0066528 0.0059669 0.0238201 -0.0074486 0.0050017 0.0238175 -0.0080916 0.0039286 0.0238135 -0.0085675 0.0027717 0.0238082 -0.0088657 0.0015568 0.0238018 -0.0089795 0.0003111 0.0237944 -0.0089063 -0.0009378 0.0237862 -0.0086478 -0.0021617 0.0237773 -0.0082098 -0.0033335 0.0237679 -0.0068381 -0.0054174 0.0237487 -0.005935 -0.0062831 0.0237392 -0.004913 -0.0070045 0.0237302 -0.0037949 -0.0075655 0.0237217 -0.0013719 -0.0081601 0.0237073 -0.0001211 -0.0081804 0.0237017 0.0011188 -0.0080141 0.0236973 0.00232 -0.0076648 0.0236943 0.0034558 -0.0071404 0.0236926 0.0045007 -0.0064526 0.0236924 0.0062272 -0.0046515 0.0236963 0.0068703 -0.0035785 0.0237003 0.0073462 -0.0024215 0.0237055 0.0076444 -0.0012066 0.0237119 0.0077581 3.91e-05 0.0237193 -0.0088976 -0.0009505 0.0257861 -0.0086391 -0.0021744 0.0257772 -0.0082011 -0.0033462 0.0257678 -0.0075933 -0.0044395 0.0257582 -0.0059263 -0.0062958 0.0257392 -0.0049043 -0.0070171 0.0257301 -0.0037862 -0.0075782 0.0257216 -0.0013631 -0.0081728 0.0257072 -0.0001123 -0.0081931 0.0257016 0.0011275 -0.0080268 0.0256973 0.0023288 -0.0076775 0.0256942 0.0034645 -0.0071531 0.0256926 0.0054402 -0.0056294 0.0256936 0.006879 -0.0035911 0.0257002 0.0076531 -0.0012193 0.0257119 0.0077669 2.64e-05 0.0257193 0.0076937 0.0012753 0.0257275 0.0074352 0.0024992 0.0257364 0.0069972 0.003671 0.0257458 0.0063894 0.0047643 0.0257554 0.0056255 0.0057549 0.025765 0.0047224 0.0066206 0.0257745 0.0037004 0.007342 0.0257835 0.0025823 0.007903 0.025792 0.0001593 0.0084976 0.0258064 -0.0010915 0.0085179 0.025812 -0.0023314 0.0083516 0.0258164 -0.0035326 0.0080023 0.0258194 -0.0057133 0.0067901 0.0258213 -0.0066441 0.0059542 0.02582 -0.0080829 0.003916 0.0258134 -0.0085588 0.002759 0.0258082 -0.008857 0.0015441 0.0258018 -0.0089707 0.0002984 0.0257943 -0.0088976 -0.0009505 0.0257861 -0.0086391 -0.0021744 0.0257772 0.0063894 0.0047643 0.0257554 0.0056255 0.0057549 0.025765 0.0047224 0.0066206 0.0257745 0.0037004 0.007342 0.0257835 0.0025823 0.007903 0.025792 0.0001593 0.0084976 0.0258064 -0.0010915 0.0085179 0.025812 -0.0023314 0.0083516 0.0258164 -0.0035326 0.0080023 0.0258194 -0.0057133 0.0067901 0.0258213 -0.0066441 0.0059542 0.02582 -0.0080829 0.003916 0.0258134 -0.0085588 0.002759 0.0258082 -0.008857 0.0015441 0.0258018 -0.0089707 0.0002984 0.0257943 0.0077669 2.64e-05 0.0257193 0.0076937 0.0012753 0.0257275 0.0074352 0.0024992 0.0257364 0.0069972 0.003671 0.0257458 0.0063894 0.0047643 0.0257554 -0.0086391 -0.0021744 0.0257772 -0.0082011 -0.0033462 0.0257678 -0.0075933 -0.0044395 0.0257582 -0.0059263 -0.0062958 0.0257392 -0.0049043 -0.0070171 0.0257301 -0.0037862 -0.0075782 0.0257216 -0.0013631 -0.0081728 0.0257072 -0.0001123 -0.0081931 0.0257016 0.0011275 -0.0080268 0.0256973 0.0023288 -0.0076775 0.0256942 0.0034645 -0.0071531 0.0256926 0.0054402 -0.0056294 0.0256936 0.006879 -0.0035911 0.0257002 0.0076531 -0.0012193 0.0257119 0.0077669 2.64e-05 0.0257193 -0.0076111 0.007106 0.0028897 -0.0066215 0.007983 0.0028909 -0.0065248 0.0078592 0.0005848 -0.0055973 0.0086735 0.0028908 0.0052312 0.0079721 0.0028389 0.0042798 0.0086221 0.0028472 0.0030253 0.009255 0.0028567 0.0041798 0.0084867 0.0005418 -0.0104862 0.0078124 -0.0136525 -0.0047484 0.0119574 -0.0136513 -0.0060759 0.0114112 -0.013649 -0.0073301 0.010713 -0.0136479 -0.0084937 0.0098724 -0.0136482 -0.0095506 0.0089011 -0.0136497 -0.0094131 0.0076233 -0.013941 -0.0036302 0.0112966 -0.0139431 -0.0049517 0.010861 -0.01394 -0.0062093 0.0102657 -0.0139383 -0.0073838 0.0095196 -0.0139379 -0.0084572 0.0086343 -0.0139388 -0.0101461 0.0080207 -0.0136936 -0.0037606 0.0118137 -0.0137817 -0.0035693 0.0123035 -0.0138267 -0.0072084 -0.008815 -0.014055 -0.0060198 -0.0095383 -0.0140648 -0.004751 -0.0101095 -0.014074 -0.0034215 -0.0105196 -0.0140824 -0.0070038 -0.0100877 -0.0137814 -0.0057282 -0.0107462 -0.0137911 -0.0043843 -0.0112504 -0.0138002 -0.0029904 -0.0115933 -0.0138085 -0.0079446 -0.009391 -0.0137915 -0.0076816 -0.0093629 -0.0138444 -0.0006619 -0.0108343 -0.0140965 -0.0020515 -0.0107625 -0.01409 -0.0006565 -0.011305 -0.0139611 -0.0005443 -0.0116029 -0.0138754 -0.0002645 -0.0117682 -0.0138266 -0.0029904 -0.0115933 -0.0138085 -0.0015659 -0.0117703 -0.0138159 0.0020778 -0.0104668 -0.0141062 0.0033993 -0.0100312 -0.0141092 0.0021976 -0.0109221 -0.0139712 0.0031984 -0.0111312 -0.0138327 0.0045259 -0.010585 -0.013835 0.0019423 -0.0114722 -0.0138343 0.0020978 -0.0113493 -0.0138589 0.0069048 -0.0078045 -0.0141105 0.0082225 -0.0070958 -0.0139731 0.0085294 -0.0072001 -0.013886 0.0088402 -0.0070841 -0.0138365 0.0069438 -0.0090462 -0.0138359 0.0080007 -0.0080749 -0.0138343 0.0054538 0.0109139 -0.0137027 0.0041783 0.0115724 -0.0136929 0.0028343 0.0120766 -0.0136838 0.0014404 0.0124195 -0.0136755 1.59e-05 0.0125965 -0.0136681 -0.0008905 0.0116641 -0.0139527 0.0056559 0.0096448 -0.0139942 0.0044674 0.0103681 -0.0139844 0.0031986 0.0109393 -0.0139752 0.0018691 0.0113494 -0.0139668 0.000499 0.0115923 -0.0139593 -0.0008947 0.012133 -0.0138113 -0.0012212 0.0125764 -0.0136739 0.0065248 0.0101795 -0.0137168 0.0060165 0.0101249 -0.0138158 0.0132835 0.0070315 -0.0641992 0.0136098 0.0059507 -0.0628867 0.0133482 0.0065111 -0.0639446 0.0127218 0.0068269 -0.0665777 0.0103561 -0.0061566 -0.0710994 0.0103409 -0.0061929 -0.0710778 0.0111834 -0.0066644 -0.071341 0.0110434 -0.0064739 -0.0713392 0.0107626 -0.0064061 -0.0712181 0.0021604 -0.0121704 -0.0710799 0.0021212 -0.0121739 -0.0711015 0.0023502 -0.0131171 -0.0713433 0.0038839 -0.0126519 -0.0713471 0.0022084 -0.0129207 -0.0713414 0.0022337 -0.0126371 -0.0712202 -0.0006231 -0.0135159 -0.0713328 -0.0022252 -0.0134714 -0.0713255 -0.0005381 -0.0132891 -0.0713317 -0.0006491 -0.0125455 -0.0710917 -0.0006363 -0.0130222 -0.0712101 -0.0006877 -0.0125525 -0.0710699 -0.0096192 -0.0106526 -0.0712752 -0.0082862 -0.0115423 -0.0712867 -0.0068619 -0.0122772 -0.0712976 -0.0088182 -0.0100429 -0.0710183 -0.007351 -0.0109611 -0.0710306 -0.0101785 -0.0089113 -0.0710269 -0.0108444 -0.0096194 -0.0712633 -0.0096192 -0.0106526 -0.0712752 -0.009504 -0.0095143 -0.071012 -0.0132371 0.0082205 -0.0711396 -0.004404 0.0146732 -0.0711373 -0.0059377 0.014208 -0.0711335 -0.0074097 0.013574 -0.0711311 -0.0100958 0.011834 -0.0711304 -0.0112761 0.0107497 -0.0711321 -0.0123276 0.0095401 -0.0711352 -0.0042622 0.0144768 -0.0711392 -0.0041729 0.013727 -0.0709095 -0.0042864 0.0141917 -0.0710214 -0.0042119 0.0137233 -0.0708877 -0.0058623 0.0132014 -0.0708838 -0.0074311 0.0124701 -0.0708815 -0.008892 0.0115418 -0.070881 -0.011916 0.0084689 -0.0708873 -0.0102077 0.0104183 -0.070954 -0.0036302 0.0112966 -0.0139431 -0.0008905 0.0116641 -0.0139527 -0.0018128 0.0116168 -0.013949 -0.00384 0.0126524 -0.0188453 -0.0040052 0.0137126 -0.0234289 -0.0041465 0.0146044 -0.0281682 -0.0042607 0.015303 -0.0329827 -0.0043501 0.015818 -0.038064 -0.0044053 0.0160961 -0.0428193 -0.0044332 0.0161786 -0.0475192 -0.0044346 0.0160697 -0.0522353 -0.0010652 0.0129216 -0.018458 -0.001459 0.0156061 -0.0324286 -0.0015485 0.0161552 -0.0376087 -0.0016033 0.0164497 -0.0422923 -0.0016336 0.0165542 -0.0470042 -0.0016381 0.0164466 -0.0522064 -0.0029614 0.0127349 -0.0184509 -0.0016934 0.0139729 -0.023016 -0.0020626 0.0139438 -0.0230146 -0.0027978 0.0138554 -0.0230119 -0.0013769 0.0148952 -0.027695 -0.0021636 0.014844 -0.0276919 -0.0025556 0.0148023 -0.0276904 -0.0029464 0.0147499 -0.027689 -0.0027425 0.016058 -0.0376042 -0.0027948 0.0163518 -0.0422884 -0.0028243 0.0164561 -0.0469996 -0.0019689 0.0164285 -0.052205 -0.0024001 0.0163945 -0.0522033 -0.0028303 0.0163488 -0.0522018 -0.003259 0.0162913 -0.0522002 -0.003686 0.0162221 -0.0521988 -0.0019681 0.0161301 -0.0568892 -0.0023904 0.0160968 -0.0568876 -0.0028115 0.016052 -0.056886 -0.0032313 0.0159957 -0.0568845 -0.0036494 0.0159279 -0.0568831 -0.0040655 0.0158487 -0.0568818 -0.0018688 0.0140773 -0.0709174 -0.002334 0.0140396 -0.0709156 -0.0027975 0.0139857 -0.0709139 -0.0044098 0.015774 -0.0568824 -0.0043536 0.0152452 -0.0618839 -0.0042722 0.0145435 -0.0666012 -0.0016124 0.0161049 -0.0574024 -0.0015634 0.0155964 -0.062073 -0.0032589 0.0139155 -0.0709123 -0.0019681 0.0161301 -0.0568892 -0.0023904 0.0160968 -0.0568876 -0.0028115 0.016052 -0.056886 -0.0032313 0.0159957 -0.0568845 -0.0036494 0.0159279 -0.0568831 -0.0040655 0.0158487 -0.0568818 -0.0015391 0.0149328 -0.0665047 -0.0023144 0.0148824 -0.0665016 -0.0027007 0.0148413 -0.0665002 -0.0030858 0.0147896 -0.0664988 -0.0014027 0.0140986 -0.0709193 -0.0013639 0.0141053 -0.0708977 -0.0014306 0.0150721 -0.0711478 0.0001714 0.0150275 -0.0711551 -0.0015157 0.0148452 -0.0711489 -0.0014164 0.0145767 -0.0710315 0.0037257 0.0132344 -0.0709255 0.0020718 0.0137449 -0.0709151 0.0048081 0.0138333 -0.071183 0.0017585 0.014804 -0.0711635 0.0081268 0.0104645 -0.0709841 0.0081026 0.0104952 -0.0709621 0.0087906 0.0111755 -0.0712173 0.0087058 0.0109549 -0.0712183 0.008453 0.0108138 -0.0710987 0.0121965 -0.0008942 -0.071074 0.0120902 -0.001588 -0.071078 0.0124136 -0.001916 -0.0693125 0.0123073 -0.0015239 -0.0701499 0.0121598 -0.0022574 -0.0701539 0.0122384 -0.0018922 -0.0701519 0.013424 -0.0019784 -0.0637634 0.0132806 -0.0021756 -0.0644129 0.0130941 -0.0023519 -0.0652955 0.0132042 -0.002528 -0.0644149 0.0128946 -0.0024338 -0.0663098 0.0127125 -0.002391 -0.0673283 0.0125526 -0.0022212 -0.0683301 0.0125156 -0.003152 -0.0673323 -0.015095 0.0038315 -0.0651328 -0.0147313 0.0038964 -0.0671682 -0.0144498 0.0034467 -0.0691608 -0.014298 0.0027793 -0.0704827 -0.0142482 0.0024473 -0.0709369 -0.0124078 0.0077097 -0.0709116 -0.0136622 0.0075409 -0.0654741 -0.0130813 0.007621 -0.0681982 -0.0123924 0.0077458 -0.0708898 -0.011916 0.0084689 -0.0708873 -0.0130739 0.0064744 -0.0709165 -0.0136063 0.0051758 -0.0709224 -0.0138205 0.0045073 -0.0709257 -0.0141419 0.0031412 -0.070933 -0.0138636 0.0069075 -0.0661333 -0.0141843 0.0061879 -0.0661365 -0.0143296 0.0058218 -0.0661381 -0.0144647 0.0054518 -0.0661399 -0.0147041 0.0047012 -0.0661436 -0.0130243 0.0073569 -0.0691422 -0.0123403 0.0076011 -0.0713247 -0.0131719 0.0060733 -0.0712006 -0.0137733 0.0040549 -0.0715087 -0.0160489 -0.0014914 -0.034517 -0.015397 -0.0014387 -0.0295157 -0.0160814 0.0006123 -0.0335908 -0.0160776 0.0001919 -0.0335935 -0.0158394 0.0058678 -0.0527273 -0.0159776 0.0054544 -0.0527293 -0.0161042 0.0050374 -0.0527314 -0.0156959 0.0053859 -0.0570453 -0.0160342 -0.0013149 -0.0596875 -0.0164744 -0.0014088 -0.0546637 -0.0161276 4.35e-05 -0.059919 -0.0149192 0.0073476 -0.0570363 -0.0143811 0.0074353 -0.0613087 -0.0150879 0.0069819 -0.0570379 -0.0152564 0.0065893 -0.0570396 -0.0154139 0.0061923 -0.0570414 -0.0155605 0.0057911 -0.0570433 -0.0156959 0.0053859 -0.0570453 -0.0159328 0.0045652 -0.0570495 -0.0146531 0.0072593 -0.0598797 -0.0160342 0.0041503 -0.0570517 -0.0161241 0.0037327 -0.0570539 -0.0162691 0.0028908 -0.0570586 -0.0163241 0.0024672 -0.0570611 -0.0163674 0.0020423 -0.0570636 -0.015547 0.0049128 -0.0598906 -0.0163989 0.0016163 -0.0570662 -0.0164187 0.0011896 -0.0570688 -0.0159221 0.0032804 -0.0598994 -0.0163405 -0.0009431 -0.0570827 -0.0161342 0.001198 -0.0599116 -0.0163228 0.0041935 -0.0527358 -0.0164146 0.0037674 -0.0527381 -0.0164945 0.0033389 -0.0527404 -0.0161241 0.0037327 -0.0570539 -0.0166628 0.0020425 -0.0527479 -0.016695 0.0016079 -0.0527505 -0.0167151 0.0011724 -0.0527532 -0.0163989 0.0016163 -0.0570662 -0.0143811 0.0074353 -0.0613087 -0.0136622 0.0075409 -0.0654741 -0.0146359 0.00636 -0.062961 -0.0147863 0.0059809 -0.0629628 -0.0149262 0.0055978 -0.0629646 -0.0141843 0.0061879 -0.0661365 -0.0143296 0.0058218 -0.0661381 -0.0154116 0.0034386 -0.0636027 -0.015095 0.0038315 -0.0651328 -0.0149262 0.0055978 -0.0629646 -0.0152817 0.0044274 -0.0629705 -0.0144647 0.0054518 -0.0661399 -0.0156804 0.0028637 -0.0623801 -0.0155482 0.0031786 -0.0629772 -0.0154116 0.0034386 -0.0636027 -0.0153785 0.0040313 -0.0629726 -0.0154644 0.0036325 -0.0629747 -0.0154775 -0.0035428 -0.0604146 -0.0158084 -0.0024876 -0.0598812 -0.0159824 -0.0016583 -0.0597053 -0.0160342 -0.0013149 -0.0596875 -0.0009428 -0.0004281 -0.0599132 -0.0109078 -0.0014119 -0.0597886 -0.0057856 -0.0014816 -0.0600407 -0.0103872 -0.0030947 -0.0605994 -0.01201 -0.0034229 -0.0606797 -0.01114 -0.0025813 -0.0602027 -0.0105166 -0.002808 -0.0603869 -0.0086851 -0.0029106 -0.0606393 -0.0080001 -0.0024822 -0.0604034 -0.013875 -0.0029806 -0.0602105 -0.0094504 -0.0019714 -0.060027 -0.0132744 -0.005452 -0.0689899 -0.0133049 -0.0056511 -0.0683842 -0.013379 -0.0058435 -0.0675597 -0.0123629 -0.0056475 -0.0678806 -0.0133406 -0.0043199 -0.0709839 -0.0132854 -0.0048164 -0.0702941 -0.011831 -0.0048106 -0.0699772 -0.0118357 -0.0047116 -0.0701514 -0.0110956 -0.0046922 -0.0700155 -0.0118528 -0.0043812 -0.070657 -0.0111026 -0.0045616 -0.0702397 -0.0118656 -0.0041762 -0.070924 -0.0111252 -0.004276 -0.0706699 -0.010102 -0.0037786 -0.071118 -0.0092392 -0.0040184 -0.0706828 -0.0083031 -0.0038131 -0.0707922 -0.0091898 -0.0045652 -0.0697814 0.0130941 -0.0023519 -0.0652955 0.0128946 -0.0024338 -0.0663098 0.0127125 -0.002391 -0.0673283 0.0118649 -0.0025681 -0.0660017 0.0121965 -0.0008942 -0.071074 0.0123073 -0.0015239 -0.0701499 0.0108334 -0.001695 -0.0701899 0.0100681 -0.0017221 -0.0703135 0.0100003 -0.0013745 -0.0708348 0.0107154 -0.0011701 -0.0709754 0.0011128 -0.0032916 -0.0695948 0.0065565 -0.0024605 -0.0698217 0.0057404 -0.0018858 -0.0708973 0.0071541 -0.0016764 -0.0709273 0.0081135 -0.0016352 -0.0708182 0.0088844 -0.0011643 -0.0712588 0.0026592 -0.0028525 -0.0700541 -2.94e-05 -0.0028029 -0.0706879 0.0002084 -0.0025569 -0.0709661 0.001821 -0.0026001 -0.0706311 0.0009759 -0.0022941 -0.0711553 0.0021012 -0.0026903 -0.0704443 0.0025902 -0.0023495 -0.0708335 0.0050379 -0.0026214 -0.0698996 0.005477 -0.0025265 -0.069969 0.0057022 -0.0024196 -0.0701088 0.008844 -0.0020996 -0.0699345 0.001051 -0.0028435 -0.0704216 0.0048488 -0.0018986 -0.0710257 -0.0134965 -0.0023149 -0.0724432 -0.0134563 -0.002755 -0.0722503 -0.0134219 -0.0031735 -0.0720092 -0.0133927 -0.0035643 -0.0717268 -0.0129476 -0.0029639 -0.0721008 -0.0126938 -0.0030648 -0.0720188 0.0119824 0.0001475 -0.0720418 0.0118817 0.0006726 -0.0723538 0.0117813 0.0012369 -0.0725879 0.0114275 0.0004021 -0.0722422 -0.0075285 -0.0043846 -0.0697028 -0.0083031 -0.0038131 -0.0707922 -0.0069009 -0.0035007 -0.0709531 -0.0068837 -0.0036589 -0.0707496 -0.0067144 -0.0041364 -0.0699732 -0.0056832 -0.0036495 -0.0705434 -0.0005105 -0.0032515 -0.0700894 -0.0026337 -0.0033959 -0.0703174 -0.0016736 -0.0025421 -0.0712627 -0.0012823 -0.0028061 -0.0709001 -2.94e-05 -0.0028029 -0.0706879 -0.0052203 -0.0041359 -0.0695837 -0.0047582 -0.0035317 -0.0705376 -0.0053552 -0.0030488 -0.0712361 -0.0056832 -0.0036495 -0.0705434 -0.0041729 0.013727 -0.0709095 -0.0042119 0.0137233 -0.0708877 -0.0058623 0.0132014 -0.0708838 -0.0037175 0.0138293 -0.0709108 -0.0043993 0.0134312 -0.0717002 -0.0139447 0.000897 -0.0722393 -0.0138464 0.0003357 -0.0724814 -0.0137609 -0.0001957 -0.0726242 -0.0133374 0.0007494 -0.0736376 -0.0006491 -0.0125455 -0.0710917 -0.0001829 -0.0125241 -0.0710936 -0.0006877 -0.0125525 -0.0710699 -0.0009468 -0.0123091 -0.0718787 -0.0101785 -0.0089113 -0.0710269 -0.0111465 -0.0078952 -0.0710162 -0.009504 -0.0095143 -0.071012 -0.0101428 -0.0087831 -0.0714384 0.0091414 0.00488 -0.0097555 0.0099038 -0.0012993 -0.0098245 -0.0003468 -0.0026744 -0.0097884 -0.0011715 0.0034741 -0.0097457 0.0099619 0.0048656 -0.012797 0.0107573 -0.0010654 -0.0128382 0.0093378 0.0050304 -0.0114093 0.010213 -0.0013921 -0.0114262 0.0091414 0.00488 -0.0097555 0.0100138 -0.00138 -0.0097256 0.0097432 0.000779 -0.0060529 0.0098084 -0.0007142 -0.0092995 0.0098503 0.0051405 -0.0126898 0.0097692 0.0053063 -0.0125953 0.009722 0.0053904 -0.0125325 0.0096738 0.0054667 -0.0124615 0.0096171 0.0055439 -0.0123678 0.0094783 0.0056736 -0.0120775 0.0094003 0.0057057 -0.01186 0.0093577 0.0057086 -0.0117165 0.0093091 0.005696 -0.0115231 0.0092517 0.0056525 -0.0112333 0.0091922 0.0055536 -0.0108034 0.0091353 0.0050157 -0.0092191 0.0092742 0.0040329 -0.0069909 0.0093928 0.0034417 -0.0058524 0.009602 0.0023048 -0.0040409 0.0096375 0.0020629 -0.0037511 0.0096541 0.0019405 -0.0036384 0.0096603 0.0018942 -0.0036061 0.009667 0.0018437 -0.0035793 0.0097127 0.0015034 -0.0036813 0.0097272 0.0013922 -0.0037961 0.0097418 0.0012741 -0.0039391 0.0097765 0.000954 -0.0043851 0.0098368 0.0002015 -0.0056251 0.0098864 -0.0005386 -0.0070561 0.0101807 -0.0019335 -0.0107415 0.0102971 -0.0020404 -0.0113543 0.0104344 -0.0020386 -0.0118986 0.0105875 -0.0018536 -0.0123724 0.010624 -0.0017668 -0.0124724 0.0106788 -0.0015834 -0.0126184 0.0107438 -0.0011997 -0.0127964 0.0107699 0.0001878 -0.0130337 0.0104601 0.0028905 -0.0130635 0.010092 0.0044764 -0.012896 0.010121 0.0022677 -0.0126173 0.0095878 0.0047479 -0.0122243 0.0093537 0.0051901 -0.011813 0.009481 0.0027305 -0.006025 0.0096629 0.0014785 -0.0048848 0.0096053 0.0020747 -0.0048655 0.009765 1.58e-05 -0.0064702 0.0097702 1.9e-06 -0.0076545 0.0093026 0.0035377 -0.0076375 0.0092877 0.0034939 -0.006449 0.0098991 -0.0007911 -0.0080719 0.0092079 0.0042942 -0.0092943 0.0091783 0.0042669 -0.0080988 0.0101271 -0.0013155 -0.0110147 0.0092988 0.0049732 -0.0110002 0.010392 0.0001931 -0.012549 0.0098396 0.0040246 -0.0124508 0.0103156 -0.0015798 -0.0117238 0.0103821 -0.0014244 -0.012056 0.0104194 -0.0010587 -0.0122703 0.0096255 0.0009074 -0.0059482 -0.0006291 -0.0004682 -0.005912 -0.0008554 0.001219 -0.0059003 0.0096299 0.000908 -0.0059484 0.009481 0.0027305 -0.006025 0.0096364 0.0009084 -0.0059489 0.0096255 0.0009074 -0.0059482 0.0096267 0.0009992 -0.0057105 0.0096299 0.000908 -0.0059483 0.0096299 0.000908 -0.0059484 0.0096364 0.0009084 -0.0059489 0.0096814 0.0009322 -0.0058637 -0.0008554 0.001219 -0.0059003 -0.0007985 0.0008165 -0.0050757 -0.0007503 0.0004649 -0.0047716 0.009481 0.0027305 -0.006025 0.0096053 0.0020747 -0.0048655 0.0095714 0.0016611 -0.004807 -0.0007503 0.0004649 -0.0047716 -0.0007149 0.0002001 -0.004804 0.0096629 0.0014785 -0.0048848 0.0096053 0.0020747 -0.0048655 0.0096255 0.0009074 -0.0059482 -0.0006291 -0.0004682 -0.005912 -0.0007149 0.0002001 -0.004804 0.0096629 0.0014785 -0.0048848 -0.0005168 -0.0013492 -0.0075882 -0.0005118 -0.0013565 -0.0064392 0.009765 1.58e-05 -0.0064702 0.0097702 1.9e-06 -0.0076545 -0.0005118 -0.0013565 -0.0064392 -0.0009773 0.0021138 -0.0064151 0.009765 1.58e-05 -0.0064702 0.0092877 0.0034939 -0.006449 -0.0009773 0.0021138 -0.0064151 -0.0009823 0.0021211 -0.0075641 0.0093026 0.0035377 -0.0076375 0.0092877 0.0034939 -0.006449 -0.0004188 -0.0020941 -0.0081143 -0.0004238 -0.0020868 -0.0092633 0.0098084 -0.0007142 -0.0092995 0.0098991 -0.0007911 -0.0080719 -0.0004188 -0.0020941 -0.0081143 -0.0010849 0.0028726 -0.0080799 0.0098991 -0.0007911 -0.0080719 0.0091783 0.0042669 -0.0080988 -0.0010849 0.0028726 -0.0080799 -0.00109 0.0028799 -0.0092289 0.0092079 0.0042942 -0.0092943 0.0091783 0.0042669 -0.0080988 -0.0004238 -0.0020868 -0.0092633 -0.00109 0.0028799 -0.0092289 0.0098084 -0.0007142 -0.0092995 0.0092079 0.0042942 -0.0092943 0.0099038 -0.0012993 -0.0098245 -0.0003519 -0.0026671 -0.0109374 -0.0003468 -0.0026744 -0.0097884 0.0101271 -0.0013155 -0.0110147 0.0091414 0.00488 -0.0097555 -0.0011715 0.0034741 -0.0097457 -0.0011765 0.0034814 -0.0108948 0.0092988 0.0049732 -0.0110002 -0.0003519 -0.0026671 -0.0109374 -0.0011765 0.0034814 -0.0108948 0.0101271 -0.0013155 -0.0110147 0.0092988 0.0049732 -0.0110002 0.0099619 0.0048656 -0.012797 -0.0011685 0.0033725 -0.0127577 -0.0012782 0.0042074 -0.0121079 0.0041195 0.0046615 -0.0124948 0.0040535 0.0048462 -0.0122797 0.0023059 0.0044051 -0.0124989 0.007053 0.0053075 -0.0121798 -0.0006943 0.0042951 -0.0120842 0.0019774 0.0045706 -0.0122677 0.0022561 0.0046583 -0.0121755 0.0004886 0.0044524 -0.0120925 0.0010906 0.0044418 -0.0122799 6.32e-05 0.0042635 -0.0123326 0.0033677 0.0048401 -0.0120984 0.00301 0.0047225 -0.0122493 0.0107573 -0.0010654 -0.0128382 -0.000373 -0.0025585 -0.0127989 -0.0002604 -0.003382 -0.0122072 -0.0002906 -0.0031651 -0.0124968 0.006841 -0.0024065 -0.0122778 0.0068688 -0.0023396 -0.012377 0.006893 -0.0022739 -0.0124523 0.0097541 -0.0016013 -0.012678 0.0029742 -0.0028635 -0.0123613 0.0032554 -0.0029175 -0.0122039 2.07e-05 -0.0032588 -0.0123521 0.0005079 -0.0031623 -0.0123936 0.0014954 -0.0030522 -0.012369 0.0005756 -0.0033022 -0.0121313 0.005986 -0.0024441 -0.0123922 0.0054971 -0.0025975 -0.0122525 0.0050864 -0.0023481 -0.012589 0.0046144 -0.0027185 -0.0122441 0.0041596 -0.0027016 -0.0123694 0.0077129 0.0053421 -0.0122847 0.0082725 0.0054843 -0.0121526 0.007053 0.0053075 -0.0121798 0.008841 0.0051367 -0.0126191 0.0098503 0.0051405 -0.0126898 0.0097692 0.0053063 -0.0125953 0.009722 0.0053904 -0.0125325 0.0096738 0.0054667 -0.0124615 0.0096171 0.0055439 -0.0123678 0.0093535 0.0052216 -0.0126115 0.0092997 -0.0021058 -0.012227 0.006893 -0.0022739 -0.0124523 0.0080732 -0.002253 -0.0122595 0.0100069 -0.0018265 -0.0124937 0.009607 -0.0018024 -0.0125605 0.0097541 -0.0016013 -0.012678 0.009602 0.0023048 -0.0040409 0.0096375 0.0020629 -0.0037511 0.0096541 0.0019405 -0.0036384 0.0096603 0.0018942 -0.0036061 0.0093697 0.00186 -0.003608 0.009667 0.0018437 -0.0035793 0.0097127 0.0015034 -0.0036813 0.0095516 0.0016047 -0.0035909 0.0093798 0.0017852 -0.0035704 0.009605 0.0017563 -0.0035579 0.0096603 0.0018942 -0.0036061 0.0093697 0.00186 -0.003608 0.0093798 0.0017852 -0.0035704 0.009605 0.0017563 -0.0035579 -0.000705 -9e-05 -0.013047 -0.0009957 0.002079 -0.0129758 0.0107699 0.0001878 -0.0130337 0.0104601 0.0028905 -0.0130635 -0.0006291 -0.0004682 -0.005912 -0.0008554 0.001219 -0.0059003 -0.0007985 0.0008165 -0.0050757 -0.0007503 0.0004649 -0.0047716 -0.0007149 0.0002001 -0.004804 -0.0005168 -0.0013492 -0.0075882 -0.0005118 -0.0013565 -0.0064392 -0.0009773 0.0021138 -0.0064151 -0.0009823 0.0021211 -0.0075641 -0.0004188 -0.0020941 -0.0081143 -0.0004238 -0.0020868 -0.0092633 -0.0010849 0.0028726 -0.0080799 -0.00109 0.0028799 -0.0092289 -0.0003519 -0.0026671 -0.0109374 -0.0003468 -0.0026744 -0.0097884 -0.0011715 0.0034741 -0.0097457 -0.0011765 0.0034814 -0.0108948 -0.000373 -0.0025585 -0.0127989 -0.0011685 0.0033725 -0.0127577 -0.0012782 0.0042074 -0.0121079 -0.0012863 0.0042805 -0.0116337 -0.0012339 0.0039322 -0.0100183 -0.0010513 0.0026516 -0.0069622 -0.0009398 0.001859 -0.0054745 -0.0008241 0.0010311 -0.0041699 -0.0007575 0.0005493 -0.0036059 -0.0006999 0.0001197 -0.0036329 -0.0006185 -0.0005091 -0.0044507 -0.0004421 -0.0018897 -0.0069488 -0.000363 -0.0025163 -0.0083515 -0.0002885 -0.0031136 -0.0099449 -0.0002462 -0.0034678 -0.0114281 -0.0002604 -0.003382 -0.0122072 -0.0002906 -0.0031651 -0.0124968 -0.0011952 0.0036069 -0.0114149 -0.0003378 -0.002786 -0.0114592 -0.0003178 -0.0029447 -0.0118312 -0.000331 -0.0028507 -0.0119986 -0.0011571 0.0033025 -0.0121879 -0.0012181 0.0037675 -0.0117976 -0.000373 -0.0025585 -0.0127989 -0.0011685 0.0033725 -0.0127577 -0.000705 -9e-05 -0.013047 -0.0009957 0.002079 -0.0129758 -0.0003988 -0.0023527 -0.0122719 -0.0006643 -0.0003814 -0.0125704 -0.0009954 0.0020895 -0.0124755 -0.0011571 0.0033025 -0.0121879 -0.0005168 -0.0013492 -0.0075882 -0.0009823 0.0021211 -0.0075641 -0.0004188 -0.0020941 -0.0081143 -0.0010849 0.0028726 -0.0080799 0.0093378 0.0050304 -0.0114093 0.010213 -0.0013921 -0.0114262 -0.0011952 0.0036069 -0.0114149 -0.0003378 -0.002786 -0.0114592 0.010213 -0.0013921 -0.0114262 -0.0003378 -0.002786 -0.0114592 -0.0003178 -0.0029447 -0.0118312 0.0058042 -0.0021262 -0.0117598 0.0103156 -0.0015798 -0.0117238 0.0093378 0.0050304 -0.0114093 -0.0011952 0.0036069 -0.0114149 -0.0012181 0.0037675 -0.0117976 0.0093537 0.0051901 -0.011813 0.003585 0.0044195 -0.0117557 -0.0003178 -0.0029447 -0.0118312 -0.000331 -0.0028507 -0.0119986 -0.0003988 -0.0023527 -0.0122719 -0.0006643 -0.0003814 -0.0125704 -0.0009954 0.0020895 -0.0124755 -0.0011571 0.0033025 -0.0121879 -0.0012181 0.0037675 -0.0117976 0.010121 0.0022677 -0.0126173 0.0095878 0.0047479 -0.0122243 0.0093537 0.0051901 -0.011813 0.0046095 0.0010335 -0.0126054 0.0017172 0.0022536 -0.0125097 0.0027949 0.0009842 -0.0125978 0.0006413 0.0031137 -0.0123318 0.0058042 -0.0021262 -0.0117598 0.0053926 -0.0021213 -0.0119738 0.0060639 -0.0010223 -0.0124171 0.0040712 -0.0021061 -0.0121323 0.0047815 -0.0002682 -0.0125466 0.0069204 0.0041762 -0.0122916 0.0058951 0.0045051 -0.0120817 0.0034287 -0.0008192 -0.0125005 0.0035297 0.0023182 -0.012535 0.003585 0.0044195 -0.0117557 0.0032025 0.0042549 -0.0119842 0.0076198 -0.0016472 -0.0121343 0.002291 -0.0025627 -0.0119241 0.0039102 -0.0014978 -0.0123669 0.008212 0.0049761 -0.0119462 0.010392 0.0001931 -0.012549 0.0098396 0.0040246 -0.0124508 0.0103156 -0.0015798 -0.0117238 0.0103821 -0.0014244 -0.012056 0.0104194 -0.0010587 -0.0122703 0.0096267 0.0009992 -0.0057105 0.0096299 0.000908 -0.0059483 0.0096814 0.0009322 -0.0058637 0.0096629 0.0014785 -0.0048848 0.0097432 0.000779 -0.0060529 0.0096364 0.0009084 -0.0059489 0.0096814 0.0009322 -0.0058637 0.0096629 0.0014785 -0.0048848 -0.0005168 -0.0013492 -0.0075882 -0.0009823 0.0021211 -0.0075641 0.0097702 1.9e-06 -0.0076545 0.0093026 0.0035377 -0.0076375 0.0103789 0.0017575 0.0081224 0.0096574 0.0016579 -0.0013796 0.0090484 0.0046991 0.0047219 0.0092423 0.0033047 0.0027519 0.0096086 0.0001019 0.0026562 0.0093798 0.0025759 0.0010456 0.0096289 0.0018633 -0.0013559 0.0096202 0.0019197 -0.0013272 0.009611 0.0019775 -0.0012885 0.0094588 0.0027463 -0.0002084 0.0092824 0.003491 0.0012951 0.0090755 0.00443 0.003548 0.0090294 0.0049528 0.0050691 0.0090948 0.0052153 0.0061205 0.009186 0.0052747 0.0066578 0.0093742 0.0051771 0.0072545 0.0095388 0.0049498 0.0075636 0.0098278 0.0042797 0.0078918 0.0096515 0.0017034 -0.0013852 0.0096453 0.0017494 -0.0013846 0.0101235 -0.0003194 0.0074089 0.0101076 -0.0012491 0.00707 0.0104939 0.0006331 0.0080788 0.0105152 -0.0007552 0.0078735 0.0104941 -0.0010309 0.0077885 0.0104385 -0.0014085 0.0076093 0.0103499 -0.0017104 0.0073377 0.0103144 -0.0017846 0.0072233 0.0102783 -0.0018414 0.0071012 0.010242 -0.0018829 0.0069715 0.0102065 -0.0019104 0.0068357 0.0101574 -0.0019288 0.0066308 0.0100139 -0.0018517 0.0058586 0.0098653 -0.0014429 0.0044235 0.0097964 -0.0008402 0.0028735 0.0097603 5.25e-05 0.00094 0.0097186 0.0009958 -0.0007406 0.0098593 -0.0012934 0.0059324 0.0096658 0.0006937 0.0011121 0.0097088 0.0035682 0.0075227 0.0094526 0.0022576 0.0003298 0.0095954 0.0016699 -0.0001931 0.0097214 7.46e-05 0.0014488 0.0092668 0.0032628 0.0015019 0.0090823 0.0039788 0.004334 0.0097151 -0.0006788 0.0043063 0.0097115 -0.0006658 0.0031317 0.0091154 0.0040161 0.0031401 0.0091297 0.0046334 0.0059969 0.0098194 -0.0013118 0.0047596 0.0099494 -0.001285 0.0064197 0.0091893 0.0046135 0.0064376 0.0092016 0.0047813 0.0067326 0.0092767 0.0047559 0.0069535 0.0094616 0.0043905 0.0072549 0.0100827 -0.0014723 0.0067084 0.0092423 0.0033047 0.0027519 0.0096086 0.0001019 0.0026562 -0.0009118 0.0018656 0.0027069 -0.0004942 -0.001248 0.0026853 0.0098278 0.0042797 0.0078918 -0.0011622 0.0038468 0.0070583 -0.0011393 0.0036861 0.007423 -0.0010846 0.0032865 0.0077552 -0.0009823 0.0025305 0.0079992 0.0007078 0.0033181 0.0078406 0.0005599 0.0040872 0.0070093 -0.0003833 0.003856 0.0073123 0.0040187 0.0045169 0.0071296 0.0039938 0.0045405 0.0070314 0.005763 0.0047366 0.0071652 0.0041057 0.0042112 0.0075907 0.0042746 0.0037686 0.0078383 0.0061393 0.0036836 0.0079308 0.0043876 0.0031403 0.0080008 0.0061697 0.0036109 0.0079486 0.0022806 0.0042723 0.0071696 0.0023489 0.0040049 0.0075723 0.0025976 0.0029371 0.0080005 0.0083963 0.0045608 0.0077205 0.0082303 0.0049183 0.0074221 0.0075046 0.0049946 0.0070846 0.008152 0.0050194 0.0072461 0.0078116 0.0043886 0.0077675 0.0070081 0.0047803 0.0073926 0.0072794 0.0050101 0.0068395 0.0066866 0.0049356 0.0067792 0.0081626 0.0038921 0.0079384 0.0083318 0.0036518 0.00799 0.0080478 0.0035417 0.0080029 0.0022766 0.0042992 0.0070816 0.0017089 0.0042515 0.0069485 -0.0005912 0.0039363 0.006995 -0.000784 0.0039225 0.0069199 0.0084137 0.0051164 0.0070817 0.0015355 0.0041439 0.0072434 0.0083039 0.001875 -0.0012246 0.0086826 0.0022948 -0.000775 0.0077602 0.002558 -0.0001322 0.0072293 0.0021837 -0.0006426 -0.0008135 0.0010431 -0.0007085 0.0014688 0.0014108 -0.0006224 0.0005272 0.0008318 -0.0011972 4.1e-05 0.0011497 -0.0007234 0.0008475 0.0016304 -0.0001082 4.63e-05 0.0011086 -0.0007847 -0.0002243 0.0009631 -0.0009347 0.0096574 0.0016579 -0.0013796 0.0096515 0.0017034 -0.0013852 0.0096453 0.0017494 -0.0013846 0.0094916 0.0017875 -0.0013745 0.0096289 0.0018633 -0.0013559 0.0096202 0.0019197 -0.0013272 0.009611 0.0019775 -0.0012885 0.0094888 0.0018095 -0.0013682 0.0096574 0.0016579 -0.0013796 0.0096289 0.0018633 -0.0013559 0.0096453 0.0017494 -0.0013846 0.0094916 0.0017875 -0.0013745 0.0094888 0.0018095 -0.0013682 0.0093278 0.0019044 -0.0013118 0.0093755 0.0017444 -0.0013797 0.006966 0.0019812 -0.0008878 0.0044005 0.0014548 -0.0011077 0.0017815 0.0012857 -0.0008695 0.0043048 0.002087 -0.0001334 -0.0010063 0.0026137 0.0043585 -0.0003852 -0.0020171 0.0043263 0.0090823 0.0039788 0.004334 0.0097151 -0.0006788 0.0043063 -0.0010063 0.0026137 0.0043585 -0.0010113 0.002621 0.0032094 0.0090823 0.0039788 0.004334 0.0091154 0.0040161 0.0031401 -0.0010113 0.002621 0.0032094 -0.0003902 -0.0020098 0.0031773 0.0097115 -0.0006658 0.0031317 0.0091154 0.0040161 0.0031401 -0.0003852 -0.0020171 0.0043263 -0.0003902 -0.0020098 0.0031773 0.0097151 -0.0006788 0.0043063 0.0097115 -0.0006658 0.0031317 0.0092423 0.0033047 0.0027519 -0.0009118 0.0018656 0.0027069 -0.0009168 0.0018728 0.0015579 0.0092668 0.0032628 0.0015019 -0.0009168 0.0018728 0.0015579 -0.0004992 -0.0012407 0.0015363 0.0097214 7.46e-05 0.0014488 0.0092668 0.0032628 0.0015019 0.0096086 0.0001019 0.0026562 -0.0004942 -0.001248 0.0026853 -0.0004992 -0.0012407 0.0015363 0.0097214 7.46e-05 0.0014488 0.0093798 0.0025759 0.0010456 0.0095472 0.0008242 0.0010081 -0.0008249 0.0011748 0.0010558 -0.0005954 -0.0005364 0.0010439 0.0095472 0.0008242 0.0010081 -0.0005954 -0.0005364 0.0010439 0.0095435 0.0012259 0.0002022 -0.0006649 -4.32e-05 0.0001112 -0.0007324 0.0004556 -7.2e-05 0.0068784 0.001447 -0.0001096 0.0086641 0.0013228 -3.06e-05 0.0029609 0.0007174 -9.7e-05 0.0006993 0.0004724 -0.0001015 0.0095954 0.0016699 -0.0001931 0.0093798 0.0025759 0.0010456 -0.0008249 0.0011748 0.0010558 -0.0007324 0.0004556 -7.2e-05 -0.0007663 0.000714 0.000141 0.0068784 0.001447 -0.0001096 0.0090086 0.0019306 5.3e-06 0.0061567 0.0015406 8.6e-06 0.0029609 0.0007174 -9.7e-05 0.0020678 0.0009634 -1.5e-06 0.0006993 0.0004724 -0.0001015 0.0094526 0.0022576 0.0003298 0.0095954 0.0016699 -0.0001931 -0.0002917 -0.0026578 0.0064655 -0.001081 0.0032272 0.0065063 0.0099494 -0.001285 0.0064197 0.0091893 0.0046135 0.0064376 -0.001081 0.0032272 0.0065063 0.0100128 0.0011273 0.0075811 0.0101235 -0.0003194 0.0074089 0.0101076 -0.0012491 0.00707 -0.0011029 0.0033996 0.006851 -0.0010234 0.0028193 0.007335 -0.0009008 0.0019108 0.0075374 -0.000764 0.0008934 0.0076249 -0.0006006 -0.0003251 0.0076171 -0.0003219 -0.0024122 0.0072384 -0.0002868 -0.0026783 0.0070798 -0.000267 -0.0028337 0.0067779 0.0062468 0.0010693 0.0076089 0.0035801 0.0040251 0.0067827 0.0053934 0.0031924 0.0074413 0.0032418 0.0037386 0.0071625 0.006931 -0.000817 0.0074053 0.0014619 0.003634 0.0070648 0.0017312 0.0021111 0.0075478 0.0028325 0.0004766 0.0076181 0.0066079 -0.0017085 0.0070895 0.001529 0.0032965 0.0072752 0.0047112 -0.0003593 0.0075367 0.0031432 -0.0012912 0.007426 0.003234 -0.002175 0.0070914 0.0055062 -0.0020428 0.0068763 0.0044153 -0.0022036 0.0067438 0.0008105 0.0036485 0.0068988 0.0070469 0.0043584 0.0070685 0.0097088 0.0035682 0.0075227 0.0091893 0.0046135 0.0064376 0.0092016 0.0047813 0.0067326 0.0092767 0.0047559 0.0069535 0.0094616 0.0043905 0.0072549 0.0100827 -0.0014723 0.0067084 -0.0002917 -0.0026578 0.0064655 -0.000267 -0.0028337 0.0067779 0.0044153 -0.0022036 0.0067438 0.0099494 -0.001285 0.0064197 0.0100827 -0.0014723 0.0067084 -0.0003904 -0.0018823 0.0079879 -0.0002434 -0.0029896 0.0075341 -0.0002074 -0.00327 0.0070676 0.0104385 -0.0014085 0.0076093 0.0031777 -0.0017316 0.0079015 0.0049981 -0.0014493 0.0079049 0.0074011 -0.0003783 0.0080314 0.00682 -0.0014023 0.0078427 0.0091691 -0.0016877 0.0075346 0.0091429 -0.0017785 0.0074545 0.0091041 -0.0019214 0.0072743 0.0090831 -0.0019662 0.0071937 0.007987 -0.0016087 0.0076925 0.0084816 -0.0020622 0.0071608 0.0079158 -0.0020357 0.007348 0.0084608 -0.0020989 0.0070656 0.0012511 -0.0007403 0.008101 0.0094332 -0.0007919 0.0079046 0.0087933 -0.0010839 0.0078521 0.0082978 -0.0007465 0.0079515 0.0083973 -0.0010437 0.0078798 0.0020266 -0.0022531 0.0077849 0.003207 -0.0023761 0.0076365 0.0032305 -0.0027994 0.007088 0.002387 -0.0029195 0.0070673 0.0008616 -0.0024118 0.007788 0.0006521 -0.0031532 0.0070702 0.005641 -0.0025161 0.0069019 0.0049536 -0.0025986 0.0069604 0.0018033 -0.0029028 0.0072966 0.0012207 -0.0029816 0.0072976 0.0057971 -0.0023191 0.0073567 0.0049705 -0.0022131 0.0075791 0.0053151 -0.0024333 0.0072815 0.0049519 -0.002584 0.0070264 0.0041112 -0.0026847 0.0070734 0.0036837 -0.0027653 0.0069828 0.0045466 -0.0024907 0.0073557 0.0098653 -0.0014429 0.0044235 0.0097964 -0.0008402 0.0028735 0.0088006 -0.0016822 0.0047044 0.0072782 -0.0006058 0.0016143 -0.000679 0.0002741 0.0081614 -0.0007522 0.000572 -0.001263 -0.0008135 0.0010431 -0.0007085 -0.0009488 0.0021049 0.0013025 -0.0010464 0.0028791 0.0030962 -0.0011204 0.003474 0.0047312 -0.0011622 0.0038468 0.0070583 -0.0011393 0.0036861 0.007423 -0.0010846 0.0032865 0.0077552 -0.0009823 0.0025305 0.0079992 -0.0010063 0.0026137 0.0043585 -0.0003852 -0.0020171 0.0043263 -0.0010113 0.002621 0.0032094 -0.0003902 -0.0020098 0.0031773 -0.0009118 0.0018656 0.0027069 -0.0004942 -0.001248 0.0026853 -0.0009168 0.0018728 0.0015579 -0.0004992 -0.0012407 0.0015363 -0.0008249 0.0011748 0.0010558 -0.0005954 -0.0005364 0.0010439 -0.0006649 -4.32e-05 0.0001112 -0.0007324 0.0004556 -7.2e-05 -0.0007663 0.000714 0.000141 -0.0002917 -0.0026578 0.0064655 -0.001081 0.0032272 0.0065063 -0.0011029 0.0033996 0.006851 -0.0010234 0.0028193 0.007335 -0.0009008 0.0019108 0.0075374 -0.000764 0.0008934 0.0076249 -0.0006006 -0.0003251 0.0076171 -0.0003219 -0.0024122 0.0072384 -0.0002868 -0.0026783 0.0070798 -0.000267 -0.0028337 0.0067779 -0.0003904 -0.0018823 0.0079879 -0.0002434 -0.0029896 0.0075341 -0.0002074 -0.00327 0.0070676 -0.0002061 -0.0032991 0.0063432 -0.0002521 -0.0029911 0.0050238 -0.0004716 -0.0014539 0.0012451 -0.0005991 -0.0005487 -0.0004579 -0.0006869 8.49e-05 -0.0012586 -0.0010832 0.0032304 0.0060091 -0.0002939 -0.0026546 0.0059683 -0.0002989 -0.0026473 0.0048193 -0.0010882 0.0032377 0.0048601 -0.0010832 0.0032304 0.0060091 -0.0002939 -0.0026546 0.0059683 0.0098593 -0.0012934 0.0059324 0.0091297 0.0046334 0.0059969 0.0090484 0.0046991 0.0047219 -0.0010832 0.0032304 0.0060091 -0.0010882 0.0032377 0.0048601 0.0091297 0.0046334 0.0059969 -0.0002939 -0.0026546 0.0059683 -0.0002989 -0.0026473 0.0048193 0.0098593 -0.0012934 0.0059324 0.0098194 -0.0013118 0.0047596 0.0090484 0.0046991 0.0047219 -0.0002989 -0.0026473 0.0048193 -0.0010882 0.0032377 0.0048601 0.0098194 -0.0013118 0.0047596 -0.0122989 0.0018794 -0.0127185 -0.0011685 0.0033725 -0.0127577 -0.0012068 0.0036606 -0.0126484 -0.0012746 0.0041788 -0.0121756 -0.0083952 0.0031744 -0.0122385 -0.0066299 0.0031448 -0.0125123 -0.0065979 0.003395 -0.0122753 -0.0065803 0.0034413 -0.0122061 -0.0065594 0.0035325 -0.0119841 -0.0048 0.0035963 -0.0123339 -0.0047929 0.0037089 -0.0121588 -0.0102454 0.002944 -0.012203 -0.0108172 0.0029369 -0.0120491 -0.0096248 0.0030374 -0.0121873 -0.0112756 0.0025163 -0.0124995 -0.0042292 0.0038116 -0.0120971 -0.0030327 0.0038389 -0.0123333 -0.001861 0.0041007 -0.0121723 -0.008779 0.0032171 -0.0120365 -0.0115034 -0.0040516 -0.0127596 -0.000373 -0.0025585 -0.0127989 -0.0002679 -0.0033293 -0.012305 -0.0055346 -0.0041359 -0.0120673 -0.0073576 -0.004345 -0.0121576 -0.007386 -0.0042906 -0.0122697 -0.0057264 -0.0037395 -0.0125886 -0.0074538 -0.0042 -0.0124 -0.0038231 -0.0037268 -0.0123975 -0.0097852 -0.0046977 -0.0120786 -0.0092277 -0.00456 -0.0122249 -0.0085293 -0.004554 -0.0119974 -0.0085992 -0.0044874 -0.0122049 -0.0103425 -0.0044094 -0.0125402 -0.0036011 -0.0038228 -0.0122107 -0.0032188 -0.0037312 -0.0122851 -0.0029146 -0.0037471 -0.0121777 -0.0011439 -0.003463 -0.0122756 -0.0017235 -0.0036158 -0.0121081 -0.0122989 0.0018794 -0.0127185 -0.0122589 0.0021962 -0.0126012 -0.0122809 0.0020459 -0.0126631 -0.0117935 0.0024501 -0.0124955 -0.0037972 0.0031701 -0.0088976 -0.0029105 0.0031992 -0.0086841 -0.0063242 0.0025328 -0.0081899 -0.0036109 0.002049 -0.0064498 -0.0115034 -0.0040516 -0.0127596 -0.0113769 -0.0043579 -0.0126422 -0.0114416 -0.0042096 -0.0127061 -0.0108601 -0.0044818 -0.0125364 -0.0121021 0.0027037 -0.012181 -0.0120345 0.002793 -0.0119836 -0.0120688 0.0027536 -0.0120858 -0.0115287 0.0026879 -0.0123169 -0.0117462 0.002816 -0.0120352 -0.0112098 -0.0005385 -0.0039023 -0.0111403 -0.0010502 -0.0034837 -0.0106381 -0.0004075 -0.0039732 -0.0108581 -0.0009567 -0.003491 -0.0111197 -0.0012081 -0.003542 -0.0111262 -0.0011576 -0.0035121 -0.0111311 -0.0011202 -0.0034964 -0.0111032 -0.0013365 -0.0036533 -0.0111119 -0.001269 -0.0035894 -0.0108165 -0.0012684 -0.0036254 -0.0109781 -0.0011607 -0.0035248 -0.0108427 -0.0010698 -0.0034938 -0.0106981 -0.0010485 -0.0034938 -0.0111403 -0.0010502 -0.0034837 -0.0111355 -0.0010863 -0.0034874 -0.0111379 -0.0010681 -0.0034848 -0.0109781 -0.0011607 -0.0035248 -0.0108507 -0.001011 -0.0034847 -0.0111403 -0.0010502 -0.0034837 -0.0108581 -0.0009567 -0.003491 -0.0109781 -0.0011607 -0.0035248 -0.0108507 -0.001011 -0.0034847 -0.0108427 -0.0010698 -0.0034938 -0.0106981 -0.0010485 -0.0034938 -0.0119312 -0.0024531 -0.01298 -0.0117445 -0.0032681 -0.0129115 -0.0123225 0.0009024 -0.0129013 -0.0006224 -0.0007058 -0.0130307 -0.0008495 0.0009875 -0.0130378 -0.0010617 0.002572 -0.0129212 -0.0011715 0.0034741 -0.0097457 -0.0011765 0.0034814 -0.0108948 -0.011553 0.0020894 -0.0108581 -0.0114221 0.002099 -0.0097095 -0.0003468 -0.0026744 -0.0097884 -0.0011715 0.0034741 -0.0097457 -0.0114221 0.002099 -0.0097095 -0.0105954 -0.0040492 -0.0097522 -0.0003519 -0.0026671 -0.0109374 -0.0003468 -0.0026744 -0.0097884 -0.0105954 -0.0040492 -0.0097522 -0.010807 -0.0041086 -0.0109274 -0.0003519 -0.0026671 -0.0109374 -0.0011765 0.0034814 -0.0108948 -0.011553 0.0020894 -0.0108581 -0.010807 -0.0041086 -0.0109274 -0.0010849 0.0028726 -0.0080799 -0.00109 0.0028799 -0.0092289 -0.0113751 0.001528 -0.0080079 -0.0113666 0.0015132 -0.0092024 -0.0004188 -0.0020941 -0.0081143 -0.0010849 0.0028726 -0.0080799 -0.0113751 0.001528 -0.0080079 -0.0106911 -0.0034982 -0.0080529 -0.0004188 -0.0020941 -0.0081143 -0.0004238 -0.0020868 -0.0092633 -0.0106773 -0.0034657 -0.0092296 -0.0106911 -0.0034982 -0.0080529 -0.0004238 -0.0020868 -0.0092633 -0.00109 0.0028799 -0.0092289 -0.0113666 0.0015132 -0.0092024 -0.0106773 -0.0034657 -0.0092296 -0.0009773 0.0021138 -0.0064151 -0.0009823 0.0021211 -0.0075641 -0.0113203 0.0007891 -0.0063185 -0.0112698 0.0007706 -0.0075576 -0.0005118 -0.0013565 -0.0064392 -0.0009773 0.0021138 -0.0064151 -0.0113203 0.0007891 -0.0063185 -0.0108382 -0.0028053 -0.0063434 -0.0005168 -0.0013492 -0.0075882 -0.0005118 -0.0013565 -0.0064392 -0.0108137 -0.0027925 -0.0076153 -0.0108382 -0.0028053 -0.0063434 -0.0006291 -0.0004682 -0.005912 -0.0008554 0.001219 -0.0059003 -0.0108837 -0.0018439 -0.0058758 -0.01111 -0.0001567 -0.0058641 -0.0008554 0.001219 -0.0059003 -0.0007985 0.0008165 -0.0050757 -0.0007503 0.0004649 -0.0047716 -0.01111 -0.0001567 -0.0058641 -0.0110642 -0.0007701 -0.0048138 -0.0112231 -5.64e-05 -0.0059455 -0.0111123 -0.0009558 -0.0046985 -0.0007503 0.0004649 -0.0047716 -0.0007149 0.0002001 -0.004804 -0.0111123 -0.0009558 -0.0046985 -0.0110575 -0.001336 -0.0048429 -0.0006291 -0.0004682 -0.005912 -0.0007149 0.0002001 -0.004804 -0.0108837 -0.0018439 -0.0058758 -0.0110575 -0.001336 -0.0048429 -0.0006291 -0.0004682 -0.005912 -0.0008554 0.001219 -0.0059003 -0.0007985 0.0008165 -0.0050757 -0.0007503 0.0004649 -0.0047716 -0.0007149 0.0002001 -0.004804 -0.0005168 -0.0013492 -0.0075882 -0.0005118 -0.0013565 -0.0064392 -0.0009773 0.0021138 -0.0064151 -0.0009823 0.0021211 -0.0075641 -0.0004188 -0.0020941 -0.0081143 -0.0004238 -0.0020868 -0.0092633 -0.0010849 0.0028726 -0.0080799 -0.00109 0.0028799 -0.0092289 -0.0003519 -0.0026671 -0.0109374 -0.0003468 -0.0026744 -0.0097884 -0.0011715 0.0034741 -0.0097457 -0.0011765 0.0034814 -0.0108948 -0.000373 -0.0025585 -0.0127989 -0.0011685 0.0033725 -0.0127577 -0.0011952 0.0036069 -0.0114149 -0.0003378 -0.002786 -0.0114592 -0.0003178 -0.0029447 -0.0118312 -0.000331 -0.0028507 -0.0119986 -0.0011571 0.0033025 -0.0121879 -0.0012181 0.0037675 -0.0117976 -0.0012068 0.0036606 -0.0126484 -0.0012746 0.0041788 -0.0121756 -0.0012865 0.0042794 -0.0117097 -0.0012634 0.004134 -0.0107008 -0.0011364 0.0032516 -0.0082599 -0.0010125 0.0023764 -0.0064191 -0.0008806 0.0014362 -0.0047742 -0.0007533 0.0005189 -0.0035834 -0.0006978 0.0001034 -0.0036478 -0.0005982 -0.0006669 -0.0046976 -0.0004951 -0.0014727 -0.0061155 -0.0003988 -0.002232 -0.0076906 -0.0003166 -0.0028865 -0.0092942 -0.0002584 -0.003361 -0.0108151 -0.0002457 -0.0034794 -0.0117415 -0.0002679 -0.0033293 -0.012305 -0.000373 -0.0025585 -0.0127989 -0.0011685 0.0033725 -0.0127577 -0.0003988 -0.0023527 -0.0122719 -0.0006643 -0.0003814 -0.0125704 -0.0009954 0.0020895 -0.0124755 -0.0011571 0.0033025 -0.0121879 -0.0006224 -0.0007058 -0.0130307 -0.0008495 0.0009875 -0.0130378 -0.0010617 0.002572 -0.0129212 -0.0005168 -0.0013492 -0.0075882 -0.0009823 0.0021211 -0.0075641 -0.0004188 -0.0020941 -0.0081143 -0.0010849 0.0028726 -0.0080799 -0.0011952 0.0036069 -0.0114149 -0.0003378 -0.002786 -0.0114592 -0.0116545 0.0022038 -0.0113779 -0.010846 -0.0041982 -0.0114049 -0.0003178 -0.0029447 -0.0118312 -0.000331 -0.0028507 -0.0119986 -0.0003988 -0.0023527 -0.0122719 -0.0006643 -0.0003814 -0.0125704 -0.0009954 0.0020895 -0.0124755 -0.0011571 0.0033025 -0.0121879 -0.0012181 0.0037675 -0.0117976 -0.011783 0.0023571 -0.0117178 -0.011911 0.0015891 -0.0122439 -0.011664 -0.0014322 -0.0125453 -0.0066877 -0.0029157 -0.0123304 -0.0059457 -0.0020164 -0.0124751 -0.0038013 -0.0034165 -0.0117411 -0.0100426 0.0025097 -0.0119037 -0.0085719 -0.0005946 -0.0125583 -0.0088982 0.0009861999 -0.0124532 -0.0044196 0.0003439 -0.0125651 -0.0027428 -0.0027305 -0.0122415 -0.0050406 0.0017722 -0.0124284 -0.0064784 0.0029506 -0.0119555 -0.0088029 -0.0037635 -0.0121255 -0.0060166 0.0031222 -0.011646 -0.0037403 -0.0033803 -0.0118867 -0.009016 -0.0040834 -0.0118772 -0.0118902 5.68e-05 -0.0125109 -0.0114086 -0.0030157 -0.0124268 -0.0118779 0.002278 -0.0118883 -0.0111123 -0.004206 -0.0120892 -0.010946 -0.0044047 -0.0117542 -0.0011952 0.0036069 -0.0114149 -0.0012181 0.0037675 -0.0117976 -0.0116545 0.0022038 -0.0113779 -0.011783 0.0023571 -0.0117178 -0.0060166 0.0031222 -0.011646 -0.0003378 -0.002786 -0.0114592 -0.0003178 -0.0029447 -0.0118312 -0.0038013 -0.0034165 -0.0117411 -0.010846 -0.0041982 -0.0114049 -0.010946 -0.0044047 -0.0117542 -0.0115034 -0.0040516 -0.0127596 -0.0122989 0.0018794 -0.0127185 -0.0122589 0.0021962 -0.0126012 -0.0122809 0.0020459 -0.0126631 -0.0121021 0.0027037 -0.012181 -0.0120005 0.0028216 -0.0118776 -0.0120345 0.002793 -0.0119836 -0.0120688 0.0027536 -0.0120858 -0.0118361 0.0028405 -0.0112721 -0.0115651 0.0024208 -0.0096257 -0.0106988 -0.0047218 -0.0106187 -0.0106449 -0.0043532 -0.0094774 -0.0109888 -0.004883 -0.011992 -0.010909 -0.0049073 -0.0117601 -0.0111922 -0.0046859 -0.0124032 -0.0113769 -0.0043579 -0.0126422 -0.0114416 -0.0042096 -0.0127061 -0.0119312 -0.0024531 -0.01298 -0.0117445 -0.0032681 -0.0129115 -0.0123225 0.0009024 -0.0129013 -0.011553 0.0020894 -0.0108581 -0.0114221 0.002099 -0.0097095 -0.0105954 -0.0040492 -0.0097522 -0.0116545 0.0022038 -0.0113779 -0.011783 0.0023571 -0.0117178 -0.011911 0.0015891 -0.0122439 -0.011664 -0.0014322 -0.0125453 -0.010807 -0.0041086 -0.0109274 -0.010846 -0.0041982 -0.0114049 -0.0118902 5.68e-05 -0.0125109 -0.0114086 -0.0030157 -0.0124268 -0.0118779 0.002278 -0.0118883 -0.0111123 -0.004206 -0.0120892 -0.010946 -0.0044047 -0.0117542 -0.0115651 0.0024208 -0.0096257 -0.0113189 0.0005666 -0.00561 -0.0113711 0.0012038 -0.0068006 -0.0112552 -0.0001435 -0.0044534 -0.0112098 -0.0005385 -0.0039023 -0.0111403 -0.0010502 -0.0034837 -0.0111197 -0.0012081 -0.003542 -0.0111262 -0.0011576 -0.0035121 -0.0111311 -0.0011202 -0.0034964 -0.0111355 -0.0010863 -0.0034874 -0.0111379 -0.0010681 -0.0034848 -0.0111032 -0.0013365 -0.0036533 -0.0111119 -0.001269 -0.0035894 -0.0108908 -0.0026249 -0.0056337 -0.0110613 -0.0016394 -0.0040261 -0.0107754 -0.0032372 -0.0068337 -0.0106449 -0.0043532 -0.0094774 -0.0114221 0.002099 -0.0097095 -0.0105954 -0.0040492 -0.0097522 -0.0108837 -0.0018439 -0.0058758 -0.0110642 -0.0007701 -0.0048138 -0.0112231 -5.64e-05 -0.0059455 -0.0111123 -0.0009558 -0.0046985 -0.0110575 -0.001336 -0.0048429 -0.0113203 0.0007891 -0.0063185 -0.0112698 0.0007706 -0.0075576 -0.0108137 -0.0027925 -0.0076153 -0.0108382 -0.0028053 -0.0063434 -0.0113751 0.001528 -0.0080079 -0.0113666 0.0015132 -0.0092024 -0.0106773 -0.0034657 -0.0092296 -0.0106911 -0.0034982 -0.0080529 -0.0005168 -0.0013492 -0.0075882 -0.0009823 0.0021211 -0.0075641 -0.0112698 0.0007706 -0.0075576 -0.0108137 -0.0027925 -0.0076153 -0.0003388 -0.0022692 0.0078958 -0.0002378 -0.0030326 0.0074922 -0.0002105 -0.0032452 0.0071474 -0.0109665 -0.0042739 0.007689 -0.0057001 -0.0029137 0.0079351 -0.0074722 -0.0033362 0.0078879 -0.0054771 -0.0036161 0.0076149 -0.007136 -0.0041546 0.0072224 -0.0053888 -0.0039519 0.0071302 -0.0053643 -0.0039751 0.0070327 -0.0038322 -0.0028666 0.0078689 -0.0036717 -0.003645 0.0073023 -0.0036494 -0.0037065 0.0071597 -0.0083009 -0.0025006 0.0080848 -0.0096171 -0.0042995 0.0075162 -0.0094655 -0.0045164 0.0070837 -0.0088931 -0.0044134 0.0071683 -0.0103712 -0.0034144 0.0079826 -0.0099608 -0.0032629 0.0080023 -0.0096273 -0.0033012 0.007983 -0.0093622 -0.0031654 0.0080038 -0.0094602 -0.0035397 0.0079145 -0.00907 -0.0030869 0.0080107 -0.0090884 -0.0033989 0.0079389 -0.0035621 -0.0026148 0.0079307 -0.0029871 -0.0023512 0.0079727 -0.0025408 -0.0020278 0.008021 -0.0026854 -0.0023806 0.0079561 -0.0028018 -0.0036211 0.0070656 -0.0023885 -0.0030821 0.0076839 -0.0009542 -0.0021193 0.0079565 -0.0007336 -0.0022851 0.0079075 -0.0098093 -0.0037697 0.0078546 -0.0011425 -0.0032067 0.0074371 -0.0087617 -0.0041938 0.0052518 -0.0078867 -0.0040393 0.0051273 -0.0079851 -0.0036538 0.00399 -0.0061251 -0.0038295 0.0052073 -0.0028211 -0.0033129 0.0049615 -0.0019657 -0.0032616 0.00516 -0.0028555 -0.0030747 0.0042622 -0.0046149 -0.0036223 0.0051869 -0.0118194 0.0018606 0.0077858 -0.0011328 0.003639 0.0074838 -0.0009741 0.00247 0.0080106 -0.0063192 0.0031462 0.0071115 -0.0063324 0.0030953 0.0072553 -0.0080758 0.0028717 0.0072363 -0.0063526 0.0024321 0.0078415 -0.0063178 0.0019882 0.0079806 -0.0063474 0.0018006 0.0080201 -0.0081784 0.0017812 0.0079769 -0.0045366 0.0021493 0.007992 -0.0105309 0.0022128 0.0076693 -0.0105537 0.0021146 0.0077335 -0.0098439 0.0026281 0.0072583 -0.010455 0.0025191 0.0073203 -0.0093421 0.002229 0.0077574 -0.0026088 0.0012205 0.0081355 -0.0100083 0.0026892 0.0069178 -0.0096193 0.0027349 0.0069676 -0.0090215 0.0028254 0.0068746 -0.0108023 0.0011349 0.0080487 -0.0101639 0.0014993 0.0079877 -0.0097638 0.0014593 0.0080079 -0.0096598 0.001175 0.008064 -0.0049898 0.0033729 0.006666 -0.004597 0.0033581 0.0071694 -0.00403 0.0034139 0.0072232 -0.0037482 0.0035006 0.0070644 -0.0040268 0.003221 0.0075263 -0.0035843 0.0019515 0.0080487 -0.0027987 0.002824 0.0078617 -0.0017292 0.003728 0.0072012 -0.0020207 0.0037231 0.0070954 -0.0022168 0.0029009 0.0078601 -0.011199 0.0014264 0.0029108 -0.0113114 0.0022664 0.005285 -0.0112328 0.0018811 0.0040861 -0.0101806 0.0022156 0.0046335 -0.0116751 0.0023533 0.0073288 -0.0117148 0.0022675 0.0074601 -0.0116951 0.0023134 0.0073958 -0.0105309 0.0022128 0.0076693 -0.0028588 0.0033981 0.0052475 -0.0036613 0.0028199 0.0038512 -0.0037152 0.0032559 0.0051568 -0.0055222 0.0030885 0.0054269 -0.0114851 0.0024956 0.0065437 -0.0115705 0.002478 0.0069377 -0.0115256 0.0024962 0.0067416 -0.0116399 0.0024095 0.0072057 -0.0116047 0.0024507 0.0070745 -0.0109494 0.002573 0.0067646 -0.0060446 0.0009463 0.0003609 -0.0085807 4.26e-05 -0.000618 -0.0059657 0.0001752 -0.0009376 -0.0033963 0.0007381 -0.0006363 -0.0085494 -0.0002512 -0.0010267 -0.0033649 0.0004443 -0.001045 -0.0007995 0.0009343 -0.0008674 -0.0008548 0.0013654 -0.0001675 -0.0018297 0.000654 -0.001046 -0.0033963 0.0007381 -0.0006363 -0.0031297 0.0009729 -0.0003118 -0.0013661 0.0008515 -0.0008748 -0.0016702 0.0009714 -0.0006398 -0.0016825 0.0010669 -0.0004851 -0.0020643 0.0005767 -0.0010967 -0.0110841 -0.001099 -0.0013104 -0.0111354 -0.0006228 -0.0010445 -0.0110026 -0.0009621 -0.0013022 -0.0108424 -0.0006634 -0.0011293 -0.0103115 -0.0001452 -0.0005426 -0.0103207 -4.94e-05 -0.0003842 -0.0085807 4.26e-05 -0.000618 -0.0088891 0.0002182 -0.0002606 -0.009841 -0.0004666 -0.0010693 -0.0002917 -0.0026578 0.0064655 -0.001081 0.0032272 0.0065063 -0.0113198 0.0018546 0.0065339 -0.0105439 -0.0040359 0.0064855 -0.0011029 0.0033996 0.006851 -0.0010234 0.0028193 0.007335 -0.0009008 0.0019108 0.0075374 -0.000764 0.0008934 0.0076249 -0.0006006 -0.0003251 0.0076171 -0.0003219 -0.0024122 0.0072384 -0.0002868 -0.0026783 0.0070798 -0.000267 -0.0028337 0.0067779 -0.0113755 -0.0005723 0.007664 -0.0075878 -0.0005668 0.0076596 -0.0027037 0.0024479 0.0073868 -0.010295 0.0009131 0.0075298 -0.0070975 0.0021327 0.0073084 -0.0082929 0.0014078 0.0074788 -0.0081783 -0.0032707 0.0073417 -0.0037389 0.0028867 0.0071275 -0.0034156 0.0008375 0.0076188 -0.0043241 -0.0021057 0.0074896 -0.0024562 -0.000703 0.0076163 -0.0038159 -0.0031199 0.0071169 -0.0092756 0.0021144 0.0071697 -0.0064291 0.0026802 0.0068048 -0.0055889 0.0027734 0.0069699 -0.0055954 -0.0035478 0.0067887 -0.0062259 -0.0035342 0.007046 -0.0036984 -0.0032873 0.0068771 -0.011585 0.0010055 0.0075434 -0.0111505 -0.0024355 0.0076136 -0.0106198 -0.0042178 0.0069183 -0.0107498 -0.0039719 0.0071986 -0.0115566 0.0018797 0.0071813 -0.011465 0.0020395 0.0068693 -0.0002917 -0.0026578 0.0064655 -0.000267 -0.0028337 0.0067779 -0.0055954 -0.0035478 0.0067887 -0.0036984 -0.0032873 0.0068771 -0.0105439 -0.0040359 0.0064855 -0.0106198 -0.0042178 0.0069183 -0.001081 0.0032272 0.0065063 -0.0011029 0.0033996 0.006851 -0.0064291 0.0026802 0.0068048 -0.0113198 0.0018546 0.0065339 -0.011465 0.0020395 0.0068693 -0.0008249 0.0011748 0.0010558 -0.0005954 -0.0005364 0.0010439 -0.0110585 -0.0001381 0.001138 -0.0107663 -0.0019052 0.0010842 -0.0008249 0.0011748 0.0010558 -0.0005954 -0.0005364 0.0010439 -0.0006649 -4.32e-05 0.0001112 -0.0007324 0.0004556 -7.2e-05 -0.0007663 0.000714 0.000141 -0.010971 -0.0005772 0.0002806 -0.0107999 -0.0017003 0.0006095 -0.008304 -0.0010918 0.0001658 -0.0032642 8.64e-05 -7.38e-05 -0.0024339 0.0003125 -2.03e-05 -0.0070861 -0.0003473 -2.58e-05 -0.0096828 -0.0007889 -5.53e-05 -0.0015374 4.29e-05 -5.2e-05 -0.0076486 -0.0007703 -3.38e-05 -0.0110585 -0.0001381 0.001138 -0.0107663 -0.0019052 0.0010842 -0.0109491 -0.0013601 4.53e-05 -0.0110269 -0.0008 4.2e-06 -0.0009168 0.0018728 0.0015579 -0.0004992 -0.0012407 0.0015363 -0.011063 0.0005147 0.0015919 -0.0106768 -0.0026244 0.0015567 -0.0009118 0.0018656 0.0027069 -0.0009168 0.0018728 0.0015579 -0.011063 0.0005147 0.0015919 -0.0110702 0.0005495 0.0027928 -0.0004942 -0.001248 0.0026853 -0.0004992 -0.0012407 0.0015363 -0.0106768 -0.0026244 0.0015567 -0.0106417 -0.0026603 0.0027742 -0.0010113 0.002621 0.0032094 -0.0003902 -0.0020098 0.0031773 -0.0111367 0.0012891 0.0032212 -0.0105322 -0.0034405 0.0031454 -0.0010063 0.0026137 0.0043585 -0.0010113 0.002621 0.0032094 -0.0111367 0.0012891 0.0032212 -0.0111197 0.0012828 0.0044192 -0.0010063 0.0026137 0.0043585 -0.0003852 -0.0020171 0.0043263 -0.0104716 -0.0033809 0.0043719 -0.0111197 0.0012828 0.0044192 -0.0003852 -0.0020171 0.0043263 -0.0003902 -0.0020098 0.0031773 -0.0105322 -0.0034405 0.0031454 -0.0104716 -0.0033809 0.0043719 -0.000679 0.0002741 0.0081614 -0.0010063 0.0026137 0.0043585 -0.0003852 -0.0020171 0.0043263 -0.0010113 0.002621 0.0032094 -0.0003902 -0.0020098 0.0031773 -0.0009118 0.0018656 0.0027069 -0.0004942 -0.001248 0.0026853 -0.0009168 0.0018728 0.0015579 -0.0004992 -0.0012407 0.0015363 -0.0008249 0.0011748 0.0010558 -0.0005954 -0.0005364 0.0010439 -0.0006649 -4.32e-05 0.0001112 -0.0007324 0.0004556 -7.2e-05 -0.0007663 0.000714 0.000141 -0.0002917 -0.0026578 0.0064655 -0.001081 0.0032272 0.0065063 -0.0011029 0.0033996 0.006851 -0.0010234 0.0028193 0.007335 -0.0009008 0.0019108 0.0075374 -0.000764 0.0008934 0.0076249 -0.0006006 -0.0003251 0.0076171 -0.0003219 -0.0024122 0.0072384 -0.0002868 -0.0026783 0.0070798 -0.000267 -0.0028337 0.0067779 -0.0010832 0.0032304 0.0060091 -0.0002939 -0.0026546 0.0059683 -0.0002989 -0.0026473 0.0048193 -0.0010882 0.0032377 0.0048601 -0.0004416 -0.0014987 0.0080502 -0.0003388 -0.0022692 0.0078958 -0.0002378 -0.0030326 0.0074922 -0.0002105 -0.0032452 0.0071474 -0.0002061 -0.0032992 0.0063456 -0.0003413 -0.0023709 0.0033159 -0.0004246 -0.0017859 0.0019543 -0.000599 -0.000549 -0.0004572 -0.0006852 7.24e-05 -0.0012495 -0.0007563 0.000603 -0.0012398 -0.0007995 0.0009343 -0.0008674 -0.0008548 0.0013654 -0.0001675 -0.0010609 0.0029951 0.003391 -0.0011339 0.0035843 0.0050878 -0.0011636 0.0038328 0.0061183 -0.0011643 0.0038605 0.0069912 -0.0011328 0.003639 0.0074838 -0.0009741 0.00247 0.0080106 -0.0010832 0.0032304 0.0060091 -0.0010882 0.0032377 0.0048601 -0.0112524 0.0019758 0.0047936 -0.0112913 0.0018836 0.0060602 -0.0010832 0.0032304 0.0060091 -0.0002939 -0.0026546 0.0059683 -0.0104775 -0.0040312 0.0060095 -0.0112913 0.0018836 0.0060602 -0.0002939 -0.0026546 0.0059683 -0.0002989 -0.0026473 0.0048193 -0.010435 -0.0040691 0.0047899 -0.0104775 -0.0040312 0.0060095 -0.011737 -0.0012093 0.0082005 -0.0110806 -0.0011241 -0.0013064 -0.0110513 -0.0013112 -0.0012179 -0.0111924 -0.0037156 0.0079369 -0.0114774 -0.0026753 0.0081248 -0.0109665 -0.0042739 0.007689 -0.0107474 -0.00461 0.0072977 -0.0105619 -0.0047083 0.0067032 -0.0106899 -0.0028972 0.0014299 -0.0104694 -0.003847 0.0036413 -0.0104397 -0.0045675 0.0058069 -0.010973 -0.0017207 -0.000753 -0.0110841 -0.001099 -0.0013104 -0.0111835 0.0007455 0.0013673 -0.0111702 5.49e-05 2e-07 -0.011145 -0.00049 -0.0008797 -0.0111354 -0.0006228 -0.0010445 -0.011199 0.0014264 0.0029108 -0.0113114 0.0022664 0.005285 -0.0112328 0.0018811 0.0040861 -0.0114851 0.0024956 0.0065437 -0.0114216 0.0024612 0.0061809 -0.0115705 0.002478 0.0069377 -0.0115256 0.0024962 0.0067416 -0.0116751 0.0023533 0.0073288 -0.0116399 0.0024095 0.0072057 -0.0116047 0.0024507 0.0070745 -0.0118194 0.0018606 0.0077858 -0.0117148 0.0022675 0.0074601 -0.0116951 0.0023134 0.0073958 -0.0118551 0.0015811 0.0079036 -0.0118387 0.0017276 0.0078477 -0.0118862 0.0009293 0.0080628 -0.0113755 -0.0005723 0.007664 -0.0112524 0.0019758 0.0047936 -0.011585 0.0010055 0.0075434 -0.0110585 -0.0001381 0.001138 -0.0107663 -0.0019052 0.0010842 -0.0109491 -0.0013601 4.53e-05 -0.0110269 -0.0008 4.2e-06 -0.011063 0.0005147 0.0015919 -0.0106768 -0.0026244 0.0015567 -0.0106417 -0.0026603 0.0027742 -0.0110702 0.0005495 0.0027928 -0.0111367 0.0012891 0.0032212 -0.0105322 -0.0034405 0.0031454 -0.0104716 -0.0033809 0.0043719 -0.0111197 0.0012828 0.0044192 -0.010435 -0.0040691 0.0047899 -0.0104775 -0.0040312 0.0060095 -0.0112913 0.0018836 0.0060602 -0.0113198 0.0018546 0.0065339 -0.0105439 -0.0040359 0.0064855 -0.0111505 -0.0024355 0.0076136 -0.0106198 -0.0042178 0.0069183 -0.0107498 -0.0039719 0.0071986 -0.0115566 0.0018797 0.0071813 -0.011465 0.0020395 0.0068693 -0.0009118 0.0018656 0.0027069 -0.0004942 -0.001248 0.0026853 -0.0106417 -0.0026603 0.0027742 -0.0110702 0.0005495 0.0027928 -0.0002989 -0.0026473 0.0048193 -0.0010882 0.0032377 0.0048601 -0.0112524 0.0019758 0.0047936 -0.010435 -0.0040691 0.0047899 0.0096084 0.005094 -0.012862 0.009373 0.0054794 -0.0125394 0.0089983 0.0056457 -0.0114939 0.0088826 0.0054735 -0.0106939 0.0088559 0.0047512 -0.0086675 0.0090579 0.0035879 -0.0061864 0.0093303 0.002093 -0.0038258 0.0093704 0.0017986 -0.0035778 0.0094442 0.0012367 -0.0039327 0.0095476 4.2e-05 -0.0058309 0.0096049 -0.0007712 -0.0074619 0.0096915 -0.0014344 -0.0090515 0.0098314 -0.0018823 -0.010416 0.009972 -0.0020601 -0.0112543 0.0102089 -0.0020353 -0.012181 0.0104293 -0.0015871 -0.0127888 0.0105196 -0.001096 -0.0130185 0.010567 -7.04e-05 -0.0132243 0.010484 0.0013458 -0.0133134 0.0102622 0.0028699 -0.0132879 0.0099957 0.0040226 -0.0131733 0.0100191 0.0006171 -0.0125609 0.0101017 0.0017183 0.0084081 0.0102193 -0.0004145 0.0082097 0.0100071 -0.0017097 0.0075609 0.0098492 -0.0019457 0.0070372 0.0097116 -0.0019755 0.0064389 0.0095255 -0.0017157 0.0051267 0.0093636 2.57e-05 0.0008677 0.0093041 0.0011906 -0.0010901 0.0092612 0.0016049 -0.001395 0.0091813 0.0021174 -0.0011182 0.0090593 0.0027091 -0.0001994 0.0086901 0.004314 0.0033754 0.0086321 0.0048212 0.0048316 0.0087297 0.0051918 0.0063739 0.0090185 0.005111 0.0074299 0.0093525 0.0045929 0.0079692 0.0096622 0.0037791 0.0082453 0.0092149 0.0015788 0.006353 -0.0110577 -0.0044536 -0.0127239 -0.0107925 -0.0047909 -0.0122904 -0.0104688 -0.0047983 -0.0111589 -0.0103515 -0.0043985 -0.0097382 -0.0105412 -0.0028595 -0.0061446 -0.0107939 -0.001387 -0.0037526 -0.0108427 -0.0010125 -0.0034872 -0.0109452 -0.0002224 -0.0042742 -0.0111268 0.001756 -0.0078768 -0.0112525 0.0024095 -0.0094983 -0.0113882 0.0027294 -0.010531 -0.0116197 0.0028939 -0.011632 -0.0118027 0.0027792 -0.0122254 -0.0120073 0.0022482 -0.0127573 -0.0121119 0.0008893 -0.0131189 -0.0120298 -0.0005255 -0.0132267 -0.0118079 -0.0020498 -0.0132224 -0.0115405 -0.003204 -0.0131248 -0.0109613 -0.0006659 -0.0107631 -0.0110192 -0.0014725 -0.0116061 -0.010795 -0.0010007 -0.0013261 -0.0107211 -0.0014561 -0.0010594 -0.0105062 -0.0024105 0.0004996 -0.0101174 -0.0042781 0.0049577 -0.0102174 -0.004648 0.0064833 -0.0104158 -0.0046183 0.0072689 -0.0105389 -0.0044947 0.0075538 -0.010881 -0.0038604 0.0080436 -0.0110935 -0.0032522 0.0082265 -0.0115272 -0.0011827 0.0084132 -0.0116514 0.0002693 0.0083501 -0.0116209 0.0014773 0.0081162 -0.0115428 0.0019774 0.0078823 -0.0113896 0.0023997 0.0074115 -0.0112353 0.0025346 0.0068065 -0.0110034 0.002272 0.0051773 -0.0109284 0.0018577 0.0039087 -0.0108824 0.0004983 0.0007566 -0.0108549 -0.0003394 -0.0007397 -0.0106861 -0.0010382 0.0064198 0.0090512 -0.0020076 0.0061175 0.0100687 -0.0019057 0.0061927 0.0100044 -0.0018388 0.0057944 0.0088833 -0.0016193 0.0045761 0.008806 -0.0009793 0.0028596 0.0098136 -0.0010638 0.0034149 -0.0101618 -0.0002519 -0.0007844 -0.0101449 -0.0004979 -0.0011027 -0.0101716 -0.0002163 -0.0010619 0.0086324 -0.0049761 0.0085517 0.0084684 -0.004309 0.0065003 0.0088745 -0.0045213 0.0085535 -0.0091978 -0.0061786 0.0086222 -0.0082746 -0.0072442 0.0086114 -0.0083064 -0.0065594 0.0065595 -0.0082746 -0.0072442 0.0086114 -0.007475 -0.0079745 0.0086032 -0.0072014 -0.0076187 0.0065479 -0.007475 -0.0079745 0.0086032 -0.0072191 -0.0081789 0.0086008 -0.0069562 -0.0078146 0.0065456 -0.004787 -0.0095934 0.0085812 -0.0034526 -0.0100486 0.0085724 -0.0033463 -0.0096065 0.0065184 -0.0034526 -0.0100486 0.0085724 -0.00207 -0.0103241 0.0085646 -0.0031273 -0.0096628 0.0065171 -0.00207 -0.0103241 0.0085646 -0.0016489 -0.010371 0.0085625 -0.0016175 -0.0099155 0.0065089 -0.0016489 -0.010371 0.0085625 -0.0006631 -0.0104152 0.0085579 -0.0006727 -0.0099579 0.0065044 -0.0006631 -0.0104152 0.0085579 0.0007436 -0.0103204 0.0085523 -8.69e-05 -0.0099404 0.006502 0.0007436 -0.0103204 0.0085523 0.0015312 -0.0101846 0.0085497 0.0014303 -0.0097369 0.0064966 0.0015312 -0.0101846 0.0085497 0.0030649 -0.0097386 0.0085458 0.002 -0.0095994 0.006495 0.0030649 -0.0097386 0.0085458 0.0034587 -0.0095824 0.0085451 0.0032778 -0.0091598 0.0064922 0.0034587 -0.0095824 0.0085451 0.004515 -0.0090691 0.0085437 0.0042901 -0.0086678 0.0064909 0.004515 -0.0090691 0.0085437 0.0047199 -0.0089522 0.0085436 0.0044865 -0.0085557 0.0064907 0.0074966 -0.0058757 0.0064946 0.0069402 -0.0072239 0.0085448 0.0078606 -0.006156 0.0085476 0.0076816 -0.0056221 0.0064954 0.0086324 -0.0049761 0.0085517 0.0078606 -0.006156 0.0085476 -0.0093008 -0.0069264 -0.0140339 -0.009783 -0.0055801 -0.0124559 -0.0087811 -0.0065048 -0.0114729 0.007681 0.0047976 -0.0037725 0.0074535 0.0052035 -0.0037689 0.0077572 0.0051358 -0.0066185 0.0074535 0.0052035 -0.0037689 0.0072171 0.0055816 -0.0037655 0.0075332 0.0055149 -0.0066151 0.0072171 0.0055816 -0.0037655 0.0064791 0.0065594 -0.0037561 0.0066418 0.0067282 -0.0066035 0.0064791 0.0065594 -0.0037561 0.0063486 0.0067078 -0.0037546 0.006508 0.0068803 -0.0066019 0.0063486 0.0067078 -0.0037546 0.0053219 0.0076919 -0.0037438 0.0057868 0.0076033 -0.0065942 0.0053219 0.0076919 -0.0037438 0.00416 0.0085121 -0.0037335 0.0048289 0.0083644 -0.0065852 0.0066418 0.0067282 -0.0066035 0.006508 0.0068803 -0.0066019 0.0067904 0.0071617 -0.0093118 0.00416 0.0085121 -0.0037335 0.003704 0.0087686 -0.0037299 0.0037992 0.0089911 -0.0065767 0.006508 0.0068803 -0.0066019 0.0057868 0.0076033 -0.0065942 0.0060399 0.0079141 -0.0093037 0.0057868 0.0076033 -0.0065942 0.0054564 0.0078883 -0.0065909 0.0056961 0.0082106 -0.0093003 0.003704 0.0087686 -0.0037299 0.0028889 0.0091499 -0.0037239 0.0029643 0.0093817 -0.0065705 0.0077484 0.0077562 -0.0140154 0.0082432 0.0063904 -0.0124563 0.007244 0.0072956 -0.0114136 0.0028889 0.0091499 -0.0037239 0.0026308 0.0092517 -0.0037221 0.0027 0.0094859 -0.0065687 0.0029643 0.0093817 -0.0065705 0.0027 0.0094859 -0.0065687 0.0028278 0.009873 -0.0092772 0.0003474 0.009804 -0.0037086 -0.0008279 0.0098648 -0.0037031 0.0001427 0.0100741 -0.0065538 -0.0008279 0.0098648 -0.0037031 -0.0012879 0.009849 -0.0037012 -0.0008427 0.0101139 -0.0065492 0.0027 0.0094859 -0.0065687 0.0015794 0.0098336 -0.0065616 0.0016618 0.0102348 -0.0092698 -0.0012879 0.009849 -0.0037012 -0.0023822 0.0097209 -0.0036972 -0.0016418 0.010073 -0.006546 0.0015794 0.0098336 -0.0065616 0.0003611 0.0100517 -0.0065549 0.0003941 0.0104617 -0.0092628 0.0003611 0.0100517 -0.0065549 0.0001427 0.0100741 -0.0065538 0.0001668 0.0104851 -0.0092617 -0.0023822 0.0097209 -0.0036972 -0.0031453 0.0095539 -0.0036949 -0.0027577 0.0099041 -0.0065422 -0.0031453 0.0095539 -0.0036949 -0.004263 0.0091855 -0.0036923 -0.0041565 0.0094973 -0.0065386 -0.004263 0.0091855 -0.0036923 -0.0053268 0.0086819 -0.0036909 -0.0043613 0.0094181 -0.0065382 -0.0024348 0.0099666 -0.0065432 -0.0027577 0.0099041 -0.0065422 -0.0025153 0.0103732 -0.0092506 -0.0027577 0.0099041 -0.0065422 -0.0041565 0.0094973 -0.0065386 -0.0033286 0.0101952 -0.0092482 -0.0053268 0.0086819 -0.0036909 -0.0065423 0.0078847 -0.0036906 -0.0064684 0.008256 -0.0065364 -0.0065423 0.0078847 -0.0036906 -0.0076005 0.0069344 -0.003692 -0.0073984 0.007489 -0.0065372 -0.0076005 0.0069344 -0.003692 -0.0080367 0.0064469 -0.0036932 -0.0082266 0.006613 -0.0065391 -0.0054508 0.0089023 -0.0065367 -0.0064684 0.008256 -0.0065364 -0.0067125 0.0085932 -0.0092435 -0.0064684 0.008256 -0.0065364 -0.0066959 0.0080858 -0.0065364 -0.0069493 0.0084161 -0.0092436 -0.0080367 0.0064469 -0.0036932 -0.0085052 0.0058371 -0.003695 -0.0087064 0.0059884 -0.006541 -0.0085052 0.0058371 -0.003695 -0.008743 0.0054836 -0.0036962 -0.00895 0.0056264 -0.0065422 -0.0066959 0.0080858 -0.0065364 -0.0073984 0.007489 -0.0065372 -0.0076802 0.0077951 -0.0092444 -0.0073984 0.007489 -0.0065372 -0.0082266 0.006613 -0.0065391 -0.0080771 0.0074032 -0.0092451 -0.008743 0.0054836 -0.0036962 -0.009323 0.0044395 -0.0037003 -0.0094552 0.0047388 -0.0065456 -0.009323 0.0044395 -0.0037003 -0.0097208 0.0034697 -0.0037047 -0.0095442 0.0045569 -0.0065464 -0.0097208 0.0034697 -0.0037047 -0.0098415 0.0030973 -0.0037065 -0.0100094 0.0033916 -0.0065517 -0.0098415 0.0030973 -0.0037065 -0.0099128 0.0028487 -0.0037078 -0.0101483 0.0029274 -0.0065541 -0.0104153 0.0030102 -0.008508 -0.0103681 0.0022056 -0.0069728 -0.0101483 0.0029274 -0.0065541 -0.0099128 0.0028487 -0.0037078 -0.0099593 0.0026711 -0.0037087 -0.0101959 0.0027456 -0.006555 -0.0099593 0.0026711 -0.0037087 -0.0100013 0.0024974 -0.0037096 -0.0102389 0.0025677 -0.0065559 -0.0121088 -0.0094972 -0.0324325 -0.0126898 -0.009557 -0.0370861 -0.0125208 -0.0090148 -0.0324276 -0.0146825 -0.0054713 -0.0323956 -0.0145114 -0.0058509 -0.0323988 -0.0149675 -0.006025 -0.0370537 -0.0141381 -0.0065952 -0.0324051 -0.0139361 -0.0069594 -0.0324083 -0.0143739 -0.0071689 -0.0370636 -0.0135025 -0.0076703 -0.0324148 -0.0130302 -0.0083561 -0.0324212 -0.0136877 -0.0082597 -0.0370735 -0.0166317 -0.0019081 -0.0496282 -0.016411 -0.0018367 -0.0546667 -0.0163357 -0.0022627 -0.0546698 -0.0165553 -0.0023408 -0.0496313 -0.0163357 -0.0022627 -0.0546698 -0.0162488 -0.0026865 -0.0546728 -0.0163668 -0.0031991 -0.0496375 -0.0162488 -0.0026865 -0.0546728 -0.0161501 -0.0031077 -0.0546759 -0.0161312 -0.0040456 -0.0496439 -0.0159182 -0.0039411 -0.0546822 -0.015785 -0.0043527 -0.0546854 -0.0159959 -0.0044637 -0.0496472 -0.015785 -0.0043527 -0.0546854 -0.0156405 -0.0047605 -0.0546887 -0.0155216 -0.0056932 -0.0496571 -0.015318 -0.0055632 -0.0546952 -0.0151403 -0.0059576 -0.0546984 -0.0153411 -0.0060938 -0.0496604 -0.0151403 -0.0059576 -0.0546984 -0.0149517 -0.006347 -0.0547017 -0.0151496 -0.0064892 -0.0496637 -0.0149517 -0.006347 -0.0547017 -0.0147524 -0.0067309 -0.0547051 -0.0149472 -0.0068792 -0.0496671 -0.0147524 -0.0067309 -0.0547051 -0.0145426 -0.0071093 -0.0547084 -0.0145105 -0.0076418 -0.0496739 -0.0145426 -0.0071093 -0.0547084 -0.0143225 -0.0074816 -0.0547117 -0.0163357 -0.0022627 -0.0546698 -0.0159017 -0.0021439 -0.0596743 -0.0158174 -0.0025552 -0.0596772 -0.0161501 -0.0031077 -0.0546759 -0.0158174 -0.0025552 -0.0596772 -0.0156147 -0.0033698 -0.0596833 -0.0160399 -0.003526 -0.0546791 -0.0156147 -0.0033698 -0.0596833 -0.0154965 -0.0037726 -0.0596864 -0.015785 -0.0043527 -0.0546854 -0.0154965 -0.0037726 -0.0596864 -0.0152271 -0.0045677 -0.0596926 -0.0154848 -0.0051641 -0.0546919 -0.0152271 -0.0045677 -0.0596926 -0.0149142 -0.0053466 -0.0596989 -0.015318 -0.0055632 -0.0546952 -0.0149142 -0.0053466 -0.0596989 -0.0147417 -0.0057293 -0.0597021 -0.0151403 -0.0059576 -0.0546984 -0.0147417 -0.0057293 -0.0597021 -0.0145587 -0.0061071 -0.0597053 -0.0149517 -0.006347 -0.0547017 -0.0145587 -0.0061071 -0.0597053 -0.0143654 -0.0064797 -0.0597085 -0.0145426 -0.0071093 -0.0547084 -0.0143654 -0.0064797 -0.0597085 -0.0139482 -0.0072082 -0.059715 -0.0143225 -0.0074816 -0.0547117 -0.0139482 -0.0072082 -0.059715 -0.0137246 -0.0075635 -0.0597182 -0.0128424 -0.0094529 -0.0553101 -0.0123714 -0.0093468 -0.0597354 -0.0137246 -0.0075635 -0.0597182 -0.0136785 -0.0059845 -0.065679 -0.01389 -0.0059068 -0.0647493 -0.0126931 -0.0072981 -0.0666284 0.0129441 0.0035167 -0.0260874 0.0128553 0.003896 -0.0260846 0.0134044 0.0040588 -0.029607 0.0128553 0.003896 -0.0260846 0.0127561 0.0042727 -0.0260818 0.013301 0.0044511 -0.0296041 0.0127561 0.0042727 -0.0260818 0.0125265 0.0050172 -0.026076 0.0131869 0.0048403 -0.0296011 0.0125265 0.0050172 -0.026076 0.0123964 0.0053844 -0.0260731 0.0129265 0.0056086 -0.0295951 0.0123964 0.0053844 -0.0260731 0.0122562 0.0057479 -0.0260702 0.0127805 0.0059871 -0.029592 0.0122562 0.0057479 -0.0260702 0.0119459 0.0064625 -0.0260643 0.0126241 0.0063613 -0.029589 0.0119459 0.0064625 -0.0260643 0.0115966 0.0071589 -0.0260584 0.0122806 0.0070962 -0.0295828 0.0115966 0.0071589 -0.0260584 0.0112095 0.0078349 -0.0260524 0.0118971 0.007811 -0.0295766 0.0112095 0.0078349 -0.0260524 0.011002 0.0081647 -0.0260494 0.0114746 0.0085035 -0.0295703 0.011002 0.0081647 -0.0260494 0.0105602 0.0088063 -0.0260434 0.0112492 0.0088408 -0.0295672 0.0105602 0.0088063 -0.0260434 0.0103261 0.0091177 -0.0260404 0.0107709 0.009496 -0.029561 0.0103261 0.0091177 -0.0260404 0.0100836 0.0094226 -0.0260374 0.0105183 0.0098134 -0.0295578 0.0092694 0.010334 -0.026028 0.0100836 0.0094226 -0.0260374 0.0102571 0.0101237 -0.0295547 0.0132933 0.0054976 -0.0609146 0.0135183 0.0049619 -0.0604876 0.0131386 0.0059366 -0.0609111 0.0099506 0.008336 -0.0710056 0.0090948 0.0094483 -0.0709948 0.0092931 0.009087 -0.0712799 0.0112889 0.0058731 -0.0710271 0.0113 0.0056843 -0.0712468 0.0104741 0.0067532 -0.0721804 0.0115313 0.0029567 -0.0727521 0.0114777 0.0034297 -0.0726602 0.0109433 0.0032111 -0.0738779 0.0119824 0.0001475 -0.0720418 0.0118817 0.0006726 -0.0723538 0.0113649 7.82e-05 -0.0735035 0.0120886 -0.0003769 -0.071622 0.0119824 0.0001475 -0.0720418 0.0114632 -0.0006457 -0.0731687 0.0117688 -0.0029542 -0.0710852 0.0120902 -0.001588 -0.071078 0.0117165 -0.0024944 -0.071662 0.0110221 -0.0049212 -0.0710944 0.0115546 -0.0036227 -0.0710885 0.0111177 -0.0045166 -0.0713742 0.0021212 -0.0121739 -0.0711015 0.0016658 -0.0122761 -0.0711001 0.0023406 -0.0118681 -0.0718903 -0.0160037 0.0016211 -0.0608585 -0.0159186 0.0020551 -0.0612834 -0.0153674 0.0019362 -0.0610802 0.0005882 0.0049401 -0.0702786 0.0003289 0.004133 -0.0712931 0.0012956 0.0049873 -0.0703585 0.0012956 0.0049873 -0.0703585 0.0017474 0.0041999 -0.0714236 0.0027107 0.0050787 -0.0705157 0.0124262 0.0069045 -0.0630154 0.0127278 0.0065083 -0.0621998 0.0122861 0.0064581 -0.0622129 -0.0142482 0.0024473 -0.0709369 -0.0141451 0.001937 -0.0714924 -0.0127132 0.0024489 -0.0711771 -0.0079636 0.0046345 -0.0643179 -0.0058723 0.0050414 -0.0649747 -0.0057034 0.0048633 -0.0640363 0.0114939 0.0074615 -0.0666407 0.0116733 0.0074702 -0.0657047 0.0098955 0.0071925 -0.0673186 -0.0138464 0.0003357 -0.0724814 -0.0137609 -0.0001957 -0.0726242 -0.012381 0.0002475 -0.0725713 -0.0110957 -0.0093762 -0.0712606 -0.0109708 -0.0094985 -0.071262 -0.0120809 -0.0083122 -0.0711958 -0.004404 0.0146732 -0.0711373 -0.0040676 0.0147507 -0.0711383 -0.0042622 0.0144768 -0.0711392 -0.0006231 -0.0135159 -0.0713328 -0.0002782 -0.013502 -0.0713342 -0.0005381 -0.0132891 -0.0713317 -0.0150192 -9.31e-05 -0.0720633 -0.0148201 0.000381 -0.0713695 -0.0152582 0.0017441 -0.0703624 -0.0089892 -0.002691 -0.0617413 -0.0086987 -0.0033547 -0.0626212 -0.0085491 -0.0037666 -0.0634545 -0.0008774 -0.0009154 -0.0712314 -0.0019367 -0.0016166 -0.0707995 -0.002678 -0.0021522 -0.0703365 -0.0011753 0.0024717 -0.0712084 -0.0001118 0.0031675 -0.0707768 0.0006336 0.0036969 -0.0703139 0.0087906 0.0111755 -0.0712173 0.0091653 0.0108084 -0.0712213 0.0087058 0.0109549 -0.0712183 0.0111834 -0.0066644 -0.071341 0.0110434 -0.0064739 -0.0713392 0.0113667 -0.0063193 -0.0713396 0.0094376 0.0051033 0.0073887 0.008468 0.0050305 0.0076548 0.0085522 0.0049472 0.0078308 0.0094944 0.0050224 0.007492 0.0085522 0.0049472 0.0078308 0.0086421 0.0048387 0.0079922 0.0095525 0.0049257 0.0075842 0.0086421 0.0048387 0.0079922 0.0087359 0.0047048 0.008137 0.0096644 0.0047006 0.0077313 0.0087359 0.0047048 0.008137 0.0088323 0.0045454 0.0082658 0.0097343 0.0045343 0.0078067 0.0088323 0.0045454 0.0082658 0.0089303 0.0043608 0.0083796 -0.0104152 -0.0042925 0.0048689 -0.0094283 -0.0040829 0.0046614 -0.0094629 -0.0044614 0.0060258 -0.011737 -0.0012093 0.0082005 -0.0115765 -0.0021984 0.0081655 -0.0109632 -0.0015988 0.0088963 -0.0103344 0.0011656 -0.0053983 -0.0102719 0.0001567 -0.004188 -0.0102698 4.34e-05 -0.0045133 -0.0103782 -0.0044855 -0.0129652 -0.0112612 -0.0045797 -0.0125038 -0.0112126 -0.0046567 -0.0124346 -0.0103023 -0.004572 -0.0128449 -0.0112126 -0.0046567 -0.0124346 -0.0111577 -0.0047319 -0.0123468 -0.0102294 -0.0046426 -0.0127153 -0.0111577 -0.0047319 -0.0123468 -0.0111039 -0.0047936 -0.0122496 -0.009673 -0.0038383 -0.0085031 -0.0097403 -0.0033538 -0.0073535 -0.0106857 -0.0037884 -0.0080522 -0.0101189 -0.0011508 -0.003608 -0.0111 -0.0013606 -0.0036784 -0.0111105 -0.0012802 -0.0035991 -0.010139 -0.0009954 -0.00351 -0.0111209 -0.0011992 -0.003536 -0.0111435 -0.0010265 -0.0034848 -0.010196 -0.0005784 -0.0036993 -0.0111745 -0.0008034 -0.0036063 -0.0112031 -0.0005915 -0.003836 0.0084869 0.0028467 -0.0044387 0.0083098 0.0036491 -0.0054406 0.0085367 0.0026159 -0.0046533 0.0087689 0.0053776 -0.0128804 0.0096736 0.005467 -0.0124613 0.0096194 0.0055411 -0.0123719 0.0081736 0.0045592 -0.0084333 0.0083431 0.0036005 -0.0063641 0.0092855 0.0039756 -0.0068759 0.0085367 0.0026159 -0.0046533 0.0086266 0.0020684 -0.0038982 0.0095629 0.0025461 -0.0043769 0.0088745 -0.0003632 -0.0063992 0.0098618 -0.0001819 -0.00634 0.0099355 -0.0010529 -0.0081961 0.0089468 -0.0012054 -0.0082377 0.0099355 -0.0010529 -0.0081961 0.0100623 -0.0016824 -0.0098563 0.0097394 -0.0018762 -0.0129259 0.0105931 -0.0018418 -0.012388 0.0106297 -0.0017512 -0.012488 0.0097939 -0.0017598 -0.0130576 0.0106297 -0.0017512 -0.012488 0.010686 -0.0015522 -0.0126377 0.0082861 0.0033846 0.0013025 0.0081368 0.0040259 0.0028215 0.0079607 0.0045571 0.0023634 0.0085898 0.0020435 -0.0012832 0.0085595 0.0021841 -0.0009567 0.008523 0.0023938 -0.0010252 -0.0123509 0.0069299 0.0200039 -0.0125374 0.0064275 0.0202588 -0.0130746 0.0046753 0.020553 0.0095629 0.0025461 -0.0043769 0.009639 0.002052 -0.0037398 0.0096701 0.0018189 -0.0035419 -0.0065018 0.0078307 -0.0015746 -0.0075542 0.0068856 -0.001576 -0.0074966 0.006998 0.0005835 -0.0075542 0.0068856 -0.001576 -0.0084541 0.0057941 -0.0015789 -0.0083163 0.0060468 0.0005811 -0.0076111 0.007106 0.0028897 -0.0084459 0.0061373 0.0028872 -0.0083163 0.0060468 0.0005811 -0.0084459 0.0061373 0.0028872 -0.0086209 0.0058973 0.0028864 -0.0084881 0.0058111 0.0005804 -0.0086209 0.0058973 0.0028864 -0.0091459 0.0050672 0.0028834 -0.0090037 0.004996 0.0005774 -0.0084541 0.0057941 -0.0015789 -0.0091812 0.0045807 -0.0015835 -0.0090037 0.004996 0.0005774 -0.0091459 0.0050672 0.0028834 -0.0093655 0.0046547 0.0028818 -0.0092193 0.0045909 0.0005758 -0.0091812 0.0045807 -0.0015835 -0.0097194 0.0032725 -0.0015894 -0.0095468 0.0038638 0.0005726 -0.0093655 0.0046547 0.0028818 -0.0099061 0.0033472 0.0028759 -0.0095468 0.0038638 0.0005726 -0.0099061 0.0033472 0.0028759 -0.0100187 0.0029819 0.002874 -0.0098214 0.003082 0.0005689 -0.0097194 0.0032725 -0.0015894 -0.0100565 0.0018988 -0.0015966 -0.0099361 0.0026701 0.0005668 -0.0100187 0.0029819 0.002874 -0.0100955 0.0026985 0.0028726 -0.0099361 0.0026701 0.0005668 -0.0101716 -0.0002163 -0.0010619 -0.0101973 0.0003388 -0.0004234 -0.0101852 0.0004901 -0.001605 0.0078709 0.0043037 -0.0016599 0.0071836 0.0055401 -0.0016491 0.0075777 0.0049981 0.0005048 0.0076327 0.0052549 0.0028111 0.0075405 0.0054071 0.0028125 0.0074723 0.0051803 0.0005064 0.0075405 0.0054071 0.0028125 0.0074675 0.0055234 0.0028136 0.00731 0.0054439 0.0005088 0.0074675 0.0055234 0.0028136 0.0073839 0.0056519 0.0028147 0.007228 0.0055702 0.00051 0.0071836 0.0055401 -0.0016491 0.0063198 0.0066602 -0.0016382 0.0068763 0.006067 0.0005147 0.0073839 0.0056519 0.0028147 0.0070258 0.0061579 0.0028195 0.0068763 0.006067 0.0005147 0.0070258 0.0061579 0.0028195 0.006509 0.0067842 0.0028258 0.0063688 0.0066821 0.0005208 0.0063198 0.0066602 -0.0016382 0.0052986 0.007639 -0.0016275 0.0060541 0.007016 0.0005243 0.006509 0.0067842 0.0028258 0.0061885 0.0071243 0.0028293 0.0060541 0.007016 0.0005243 0.0061885 0.0071243 0.0028293 0.0054633 0.0077867 0.0028367 0.0053419 0.0076664 0.0005315 0.0052986 0.007639 -0.0016275 0.004143 0.0084548 -0.0016172 0.0051141 0.0078485 0.0005337 0.0054633 0.0077867 0.0028367 0.0052312 0.0079721 0.0028389 0.0051141 0.0078485 0.0005337 0.004143 0.0084548 -0.0016172 0.0028787 0.0090891 -0.0016077 0.002948 0.0091083 0.0005512 0.0030253 0.009255 0.0028567 0.0018151 0.0096679 0.0028646 0.0017596 0.0095136 0.000559 0.0028787 0.0090891 -0.0016077 0.0015339 0.009528 -0.001599 0.0017596 0.0095136 0.000559 0.0018151 0.0096679 0.0028646 0.000561 0.0099178 0.0028717 0.0015561 0.009566 0.0005602 0.0015339 0.009528 -0.001599 0.0001388 0.0097615 -0.0015914 0.0005281 0.0097591 0.0005659 0.000561 0.0099178 0.0028717 -0.000715 0.0100004 0.0028778 0.0001531 0.0098008 0.0005678 0.0001388 0.0097615 -0.0015914 -0.0012756 0.0097845 -0.0015851 -0.0007249 0.0098402 0.0005719 -0.000715 0.0100004 0.0028778 -0.0019909 0.0099144 0.0028829 -0.0012693 0.0098239 0.0005742 -0.0012756 0.0097845 -0.0015851 -0.0026776 0.0095964 -0.0015801 -0.0019777 0.0097557 0.0005769 -0.0019909 0.0099144 0.0028829 -0.0027052 0.0097912 0.0028852 -0.0026791 0.0096348 0.0005792 -0.0026776 0.0095964 -0.0015801 -0.0040359 0.0092015 -0.0015767 -0.0032085 0.009507 0.0005807 -0.0027052 0.0097912 0.0028852 -0.0032443 0.0096611 0.0028868 -0.0032085 0.009507 0.0005807 -0.0032443 0.0096611 0.0028868 -0.0040962 0.0093868 0.0028887 -0.0040451 0.0092376 0.0005826 -0.0040359 0.0092015 -0.0015767 -0.0053202 0.0086085 -0.0015748 -0.0043959 0.0090985 0.0005833 -0.0040962 0.0093868 0.0028887 -0.0054115 0.0087795 0.0028906 -0.0043959 0.0090985 0.0005833 -0.0053202 0.0086085 -0.0015748 -0.0065018 0.0078307 -0.0015746 -0.0055191 0.0085372 0.0005846 -0.0055973 0.0086735 0.0028908 -0.0055191 0.0085372 0.0005846 -0.0054115 0.0087795 0.0028906 0.0046569 -0.0094359 -0.014111 0.0045259 -0.010585 -0.013835 0.0057801 -0.0098868 -0.0138361 0.0058314 -0.0086898 -0.0141114 0.0057801 -0.0098868 -0.0138361 0.0069438 -0.0090462 -0.0138359 -0.0002088 -0.0153043 -0.0472204 -0.0001978 -0.0152608 -0.0425348 -0.000183 -0.0158024 -0.0463737 -0.0124078 0.0077097 -0.0709116 -0.0128153 0.0079607 -0.0710236 -0.0130813 0.007621 -0.0681982 0.0142849 -0.000722 -0.0634697 0.0140363 -0.0011298 -0.0646049 0.0145449 8.4e-06 -0.0622838 0.0132835 0.0070315 -0.0641992 0.0127218 0.0068269 -0.0665777 0.0125506 0.0067621 -0.0684089 0.0125563 0.0052699 -0.0711998 0.0124909 0.0069427 -0.0685573 0.0124904 0.005939 -0.0700575 0.0140907 -0.0019113 -0.0660018 0.0140363 -0.0011298 -0.0646049 0.0139772 -0.0014317 -0.0657439 -0.0161516 0.0025605 -0.0642135 -0.0166024 0.0013833 -0.062041 -0.0162881 0.0021368 -0.063232 0.0098645 -0.006916 -0.0710803 0.0111834 -0.0066644 -0.071341 0.0102738 -0.007984 -0.0713454 0.0093422 -0.0076067 -0.0710824 0.0092223 -0.0091935 -0.0713485 0.0102738 -0.007984 -0.0713454 0.0081688 -0.0088792 -0.0710854 0.008042 -0.0102778 -0.0713502 0.0092223 -0.0091935 -0.0713485 0.0068405 -0.0099889 -0.0710866 0.0067478 -0.0112233 -0.0713505 0.008042 -0.0102778 -0.0713502 0.0053796 -0.0109173 -0.0710861 0.005356 -0.0120179 -0.0713495 0.0067478 -0.0112233 -0.0713505 0.0038107 -0.0116485 -0.0710839 0.0038839 -0.0126519 -0.0713471 0.005356 -0.0120179 -0.0713495 -0.0038123 -0.0132478 -0.0713171 -0.0022252 -0.0134714 -0.0713255 -0.0024172 -0.012484 -0.0710619 -0.0053643 -0.0128481 -0.0713078 -0.0038123 -0.0132478 -0.0713171 -0.0041233 -0.0121921 -0.0710525 -0.0068619 -0.0122772 -0.0712976 -0.0053643 -0.0128481 -0.0713078 -0.0057772 -0.0116816 -0.0710421 -0.0101785 -0.0089113 -0.0710269 -0.0108444 -0.0096194 -0.0712633 -0.0105057 -0.0092592 -0.071143 -0.0014027 0.0140986 -0.0709193 -0.0015634 0.0155964 -0.062073 -0.0015391 0.0149328 -0.0665047 0.0003657 0.0140369 -0.0709057 0.0017585 0.014804 -0.0711635 0.0001714 0.0150275 -0.0711551 0.0052995 0.012514 -0.070937 0.0062324 0.0130984 -0.0711939 0.0048081 0.0138333 -0.071183 0.0067667 0.0115957 -0.0709493 0.0075655 0.0122087 -0.0712054 0.0062324 0.0130984 -0.0711939 0.0074525 0.0110672 -0.0709556 0.0087906 0.0111755 -0.0712173 0.0075655 0.0122087 -0.0712054 0.0140403 -0.0001958 -0.0610017 0.0139514 -0.0006245 -0.0614313 0.0139118 -0.0010097 -0.0614335 0.0125526 -0.0022212 -0.0683301 0.0124136 -0.001916 -0.0693125 0.0119724 -0.0029808 -0.0701576 -0.0128591 0.0073478 -0.0246395 -0.0137894 0.0072786 -0.0289833 -0.0140174 0.0068234 -0.0289852 -0.0152679 0.0072799 -0.0527208 -0.0153572 0.0070829 -0.0527217 -0.0150879 0.0069819 -0.0570379 -0.0153572 0.0070829 -0.0527217 -0.0155291 0.0066824 -0.0527234 -0.0152564 0.0065893 -0.0570396 -0.0155291 0.0066824 -0.0527234 -0.0156899 0.0062772 -0.0527253 -0.0154139 0.0061923 -0.0570414 -0.0156899 0.0062772 -0.0527253 -0.0158394 0.0058678 -0.0527273 -0.0155605 0.0057911 -0.0570433 -0.0161042 0.0050374 -0.0527314 -0.0162194 0.004617 -0.0527335 -0.0159328 0.0045652 -0.0570495 -0.0162194 0.004617 -0.0527335 -0.0163228 0.0041935 -0.0527358 -0.0160342 0.0041503 -0.0570517 -0.0164945 0.0033389 -0.0527404 -0.0165625 0.0029084 -0.0527429 -0.0162691 0.0028908 -0.0570586 -0.0165625 0.0029084 -0.0527429 -0.0166186 0.0024762 -0.0527454 -0.0163241 0.0024672 -0.0570611 -0.0166186 0.0024762 -0.0527454 -0.0166628 0.0020425 -0.0527479 -0.0163674 0.0020423 -0.0570636 -0.0110957 -0.0093762 -0.0712606 -0.0110541 -0.0093637 -0.0712607 -0.0119662 -0.0094842 -0.0676711 -0.0108347 -0.0094057 -0.071262 -0.0109098 -0.009402 -0.0712616 -0.0109833 -0.0093879 -0.0712612 -0.0002782 -0.013502 -0.0713342 -0.0002396 -0.0134817 -0.0713343 -0.0002612 -0.0140943 -0.068195 -0.0017348 0.0163602 -0.0311111 -0.0017143 0.015848 -0.0276293 -0.0017866 0.0166819 -0.0336213 -0.013379 -0.0058435 -0.0675597 -0.0135073 -0.005964 -0.0666164 -0.0119149 -0.0056863 -0.0673048 -0.0133406 -0.0043199 -0.0709839 -0.0133536 -0.0041284 -0.0712011 -0.0118656 -0.0041762 -0.070924 -0.0133927 -0.0035643 -0.0717268 -0.0133674 -0.0039262 -0.0714076 -0.0119026 -0.0037237 -0.0714182 0.0125526 -0.0022212 -0.0683301 0.0124136 -0.001916 -0.0693125 0.0109557 -0.0022425 -0.0689614 -0.0135979 -0.0013819 -0.0726695 -0.0135435 -0.0018561 -0.0725841 -0.0121248 -0.0017367 -0.0725714 0.0120886 -0.0003769 -0.071622 0.0119824 0.0001475 -0.0720418 0.0112001 0.0002689 -0.0721822 0.0117813 0.0012369 -0.0725879 0.0116946 0.00177 -0.0727233 0.0103152 0.001326 -0.0726639 -0.0047582 -0.0035317 -0.0705376 -0.0038028 -0.0026414 -0.0714427 -0.0033418 -0.0034421 -0.0703916 -0.0026337 -0.0033959 -0.0703174 -0.0033418 -0.0034421 -0.0703916 -0.0023833 -0.0025761 -0.0713238 -0.0144077 -0.005453 -0.0629762 -0.0147022 -0.0050672 -0.0621531 -0.0142605 -0.0050169 -0.0621694 0.0138336 -0.0010526 -0.061965 0.0137035 -0.0014191 -0.062536 0.013189 -0.0012997 -0.0622093 0.0132806 -0.0021756 -0.0644129 0.0130941 -0.0023519 -0.0652955 0.0123533 -0.0023975 -0.0649092 -0.0074311 0.0124701 -0.0708815 -0.008892 0.0115418 -0.070881 -0.0074908 0.0122573 -0.0714426 -0.011916 0.0084689 -0.0708873 -0.0102077 0.0104183 -0.070954 -0.0113483 0.0090633 -0.0712378 -0.0141451 0.001937 -0.0714924 -0.0140426 0.001418 -0.0719197 -0.0135333 0.0022255 -0.0730409 -0.0140426 0.001418 -0.0719197 -0.0139447 0.000897 -0.0722393 -0.013438 0.0015059 -0.0733858 -0.0137082 -0.0005498 -0.0726764 -0.0135979 -0.0013819 -0.0726695 -0.0131267 -0.0008267 -0.0738482 -0.0135435 -0.0018561 -0.0725841 -0.0134965 -0.0023149 -0.0724432 -0.0129142 -0.0024055 -0.0736595 -0.0134563 -0.002755 -0.0722503 -0.0134219 -0.0031735 -0.0720092 -0.0128115 -0.0031651 -0.0734182 -0.009504 -0.0095143 -0.071012 -0.0088182 -0.0100429 -0.0710183 -0.0088004 -0.0099333 -0.0713695 -0.0120023 -0.0067828 -0.0710054 -0.0111465 -0.0078952 -0.0710162 -0.0113473 -0.0075303 -0.0712949 0.0091414 0.00488 -0.0097555 0.0100138 -0.00138 -0.0097256 0.0099038 -0.0012993 -0.0098245 0.0096255 0.0009074 -0.0059482 0.0096267 0.0009992 -0.0057105 0.0096629 0.0014785 -0.0048848 -0.0004421 -0.0018897 -0.0069488 -0.000363 -0.0025163 -0.0083515 0.0014264 -0.0025354 -0.008994 0.0099619 0.0048656 -0.012797 0.007053 0.0053075 -0.0121798 0.008841 0.0051367 -0.0126191 0.008841 0.0051367 -0.0126191 0.0091057 0.005258 -0.0125663 0.0090537 0.0053688 -0.0124732 0.0092742 0.0040329 -0.0069909 0.0093928 0.0034417 -0.0058524 0.0076557 0.003428 -0.0062423 0.0076557 0.003428 -0.0062423 0.0067875 0.0034184 -0.0064385 0.006808 0.0032989 -0.0062111 0.0014369 0.0040214 -0.0092901 0.0040462 0.0040489 -0.0085122 0.0015966 0.0026491 -0.0062837 0.0014369 0.0040214 -0.0092901 0.0005726 0.0038103 -0.0090463 0.0015966 0.0026491 -0.0062837 0.0098368 0.0002015 -0.0056251 0.0098864 -0.0005386 -0.0070561 0.0081621 -0.0003141 -0.0061512 0.0105875 -0.0018536 -0.0123724 0.010624 -0.0017668 -0.0124724 0.0102632 -0.0015948 -0.0126449 0.0107573 -0.0010654 -0.0128382 0.0107438 -0.0011997 -0.0127964 0.0102745 -0.0015145 -0.0126888 0.0106788 -0.0015834 -0.0126184 0.0102632 -0.0015948 -0.0126449 0.0102745 -0.0015145 -0.0126888 0.0102745 -0.0015145 -0.0126888 0.0100385 -0.0016622 -0.0126208 0.0097541 -0.0016013 -0.012678 0.0021106 -0.0011733 -0.0062196 0.0021258 -0.0012928 -0.0064534 0.0012414 -0.0012679 -0.0061747 0.0094783 0.0056736 -0.0120775 0.0094003 0.0057057 -0.01186 0.0091786 0.005631 -0.0120846 0.0093577 0.0057086 -0.0117165 0.0093091 0.005696 -0.0115231 0.0091786 0.005631 -0.0120846 0.0097272 0.0013922 -0.0037961 0.0097418 0.0012741 -0.0039391 0.0091795 0.0010628 -0.004115 0.0097418 0.0012741 -0.0039391 0.0097765 0.000954 -0.0043851 0.0091841 0.0010273 -0.0041645 0.0077206 0.0030856 -0.0056164 0.006808 0.0032989 -0.0062111 0.0067028 0.0019466 -0.0040705 0.0016159 0.0025122 -0.0060284 0.0007995 0.0020415 -0.0053947 0.0020781 0.0013242 -0.0040515 -0.0009398 0.001859 -0.0054745 0.0007995 0.0020415 -0.0053947 1.42e-05 0.0013473 -0.0044623 0.006808 0.0032989 -0.0062111 0.0042741 0.0024723 -0.0053476 0.0051411 0.001887 -0.004268 0.0016159 0.0025122 -0.0060284 0.003494 0.0017317 -0.0043552 0.0030219 0.0015974 -0.004253 0.0097272 0.0013922 -0.0037961 0.009111 0.001587 -0.0035708 0.0095516 0.0016047 -0.0035909 0.0097127 0.0015034 -0.0036813 0.0097272 0.0013922 -0.0037961 0.0095516 0.0016047 -0.0035909 0.0096603 0.0018942 -0.0036061 0.009667 0.0018437 -0.0035793 0.009605 0.0017563 -0.0035579 -0.000373 -0.0025585 -0.0127989 -0.000331 -0.0028507 -0.0119986 -0.0003988 -0.0023527 -0.0122719 -0.0004238 -0.0020868 -0.0092633 -0.0003468 -0.0026744 -0.0097884 -0.0011715 0.0034741 -0.0097457 -0.0004238 -0.0020868 -0.0092633 -0.00109 0.0028799 -0.0092289 -0.0011715 0.0034741 -0.0097457 -0.0006291 -0.0004682 -0.005912 -0.0005118 -0.0013565 -0.0064392 -0.0009773 0.0021138 -0.0064151 -0.0006291 -0.0004682 -0.005912 -0.0008554 0.001219 -0.0059003 -0.0009773 0.0021138 -0.0064151 -0.0003519 -0.0026671 -0.0109374 -0.0011952 0.0036069 -0.0114149 -0.0003378 -0.002786 -0.0114592 -0.0003519 -0.0026671 -0.0109374 -0.0011765 0.0034814 -0.0108948 -0.0011952 0.0036069 -0.0114149 0.0060639 -0.0010223 -0.0124171 0.0047815 -0.0002682 -0.0125466 0.0076198 -0.0016472 -0.0121343 0.0097432 0.000779 -0.0060529 0.009481 0.0027305 -0.006025 0.0096364 0.0009084 -0.0059489 0.0095714 0.0016611 -0.004807 0.0096629 0.0014785 -0.0048848 0.0096053 0.0020747 -0.0048655 0.0100138 -0.00138 -0.0097256 0.0099038 -0.0012993 -0.0098245 0.0101271 -0.0013155 -0.0110147 0.0093798 0.0025759 0.0010456 0.0095472 0.0008242 0.0010081 0.0096658 0.0006937 0.0011121 0.0072293 0.0021837 -0.0006426 0.0070026 0.0017361 -0.0011869 0.006966 0.0019812 -0.0008878 0.0018181 0.0010406 -0.0011686 0.0017815 0.0012857 -0.0008695 0.0014688 0.0014108 -0.0006224 0.0090948 0.0052153 0.0061205 0.009186 0.0052747 0.0066578 0.0086128 0.0051972 0.0066967 0.0065943 0.0042346 0.0039194 0.0065031 0.0046135 0.0050767 0.0047444 0.0043829 0.0051006 0.0095472 0.0008242 0.0010081 0.0095435 0.0012259 0.0002022 0.0096658 0.0006937 0.0011121 0.0103499 -0.0017104 0.0073377 0.0103144 -0.0017846 0.0072233 0.0091691 -0.0016877 0.0075346 0.0103144 -0.0017846 0.0072233 0.0102783 -0.0018414 0.0071012 0.0091429 -0.0017785 0.0074545 0.0102783 -0.0018414 0.0071012 0.010242 -0.0018829 0.0069715 0.0091041 -0.0019214 0.0072743 0.010242 -0.0018829 0.0069715 0.0102065 -0.0019104 0.0068357 0.0090831 -0.0019662 0.0071937 0.0105152 -0.0007552 0.0078735 0.0104941 -0.0010309 0.0077885 0.0094332 -0.0007919 0.0079046 0.0102065 -0.0019104 0.0068357 0.0101574 -0.0019288 0.0066308 0.0093561 -0.0020222 0.0063632 0.0101574 -0.0019288 0.0066308 0.0100139 -0.0018517 0.0058586 0.0093561 -0.0020222 0.0063632 0.0079158 -0.0020357 0.007348 0.0076524 -0.0022604 0.0067661 0.0057971 -0.0023191 0.0073567 0.0074009 -0.0019149 0.0048437 0.0056579 -0.0023391 0.0054783 0.0048087 -0.0019883 0.0040787 0.0023119 -0.0025393 0.0046881 0.0048087 -0.0019883 0.0040787 0.0041503 -0.0025764 0.0056164 0.0096574 0.0016579 -0.0013796 0.0097186 0.0009958 -0.0007406 0.0091151 0.0013015 -0.0012136 -0.000679 0.0002741 0.0081614 -0.000764 0.0008934 0.0076249 -0.0006006 -0.0003251 0.0076171 -0.0002917 -0.0026578 0.0064655 -0.001081 0.0032272 0.0065063 -0.0010832 0.0032304 0.0060091 -0.0002917 -0.0026578 0.0064655 -0.0010832 0.0032304 0.0060091 -0.0002939 -0.0026546 0.0059683 -0.0009168 0.0018728 0.0015579 -0.0004992 -0.0012407 0.0015363 -0.0008249 0.0011748 0.0010558 -0.0004992 -0.0012407 0.0015363 -0.0008249 0.0011748 0.0010558 -0.0005954 -0.0005364 0.0010439 -0.0010063 0.0026137 0.0043585 -0.0003852 -0.0020171 0.0043263 -0.0002989 -0.0026473 0.0048193 -0.0010063 0.0026137 0.0043585 -0.0002989 -0.0026473 0.0048193 -0.0010882 0.0032377 0.0048601 -0.0010113 0.002621 0.0032094 -0.0003902 -0.0020098 0.0031773 -0.0009118 0.0018656 0.0027069 -0.0003902 -0.0020098 0.0031773 -0.0009118 0.0018656 0.0027069 -0.0004942 -0.001248 0.0026853 0.0095435 0.0012259 0.0002022 0.0096658 0.0006937 0.0011121 0.0095954 0.0016699 -0.0001931 0.0100128 0.0011273 0.0075811 0.0101235 -0.0003194 0.0074089 0.0097088 0.0035682 0.0075227 -0.0066299 0.0031448 -0.0125123 -0.0065979 0.003395 -0.0122753 -0.0065803 0.0034413 -0.0122061 -0.0011364 0.0032516 -0.0082599 -0.0010125 0.0023764 -0.0064191 -0.0029105 0.0031992 -0.0086841 -0.0106988 -0.0047218 -0.0106187 -0.0106449 -0.0043532 -0.0094774 -0.0095301 -0.0043172 -0.0098048 -0.0113189 0.0005666 -0.00561 -0.0113711 0.0012038 -0.0068006 -0.0096399 0.0010397 -0.0060566 -0.0089738 0.0025638 -0.0090981 -0.0063242 0.0025328 -0.0081899 -0.0088 0.0012729 -0.0062814 -0.0063242 0.0025328 -0.0081899 -0.0088 0.0012729 -0.0062814 -0.0061076 0.000927 -0.0050595 -0.0107754 -0.0032372 -0.0068337 -0.0091978 -0.0023456 -0.0055466 -0.0082731 -0.0026468 -0.0063372 -0.0008806 0.0014362 -0.0047742 -0.0026512 0.0014918 -0.0052374 -0.0026419 0.0014256 -0.0051266 -0.0120005 0.0028216 -0.0118776 -0.0120345 0.002793 -0.0119836 -0.0117462 0.002816 -0.0120352 -0.0113189 0.0005666 -0.00561 -0.0112552 -0.0001435 -0.0044534 -0.0103788 -0.0001493 -0.0042777 -0.0112552 -0.0001435 -0.0044534 -0.0112098 -0.0005385 -0.0039023 -0.0106416 -0.000383 -0.0040055 -0.009582 0.0004909 -0.005096 -0.0087694 0.0010165 -0.0058082 -0.0083202 -0.0001071 -0.0039679 -0.0035646 0.0017202 -0.0058363 -0.0026419 0.0014256 -0.0051266 -0.003693 0.0005122 -0.0039823 -0.003073 -0.0019628 -0.0063817 -0.003093 -0.0018059 -0.0060776 -0.0056642 -0.0023844 -0.0065169 -0.0109888 -0.004883 -0.011992 -0.010909 -0.0049073 -0.0117601 -0.0107025 -0.0048343 -0.0120321 -0.0087694 0.0010165 -0.0058082 -0.0061076 0.000927 -0.0050595 -0.0068999 0.0002711 -0.0042246 -0.0061076 0.000927 -0.0050595 -0.0035646 0.0017202 -0.0058363 -0.0051645 0.0005018 -0.0042278 -0.0111311 -0.0011202 -0.0034964 -0.0111355 -0.0010863 -0.0034874 -0.0109781 -0.0011607 -0.0035248 -0.000373 -0.0025585 -0.0127989 -0.000331 -0.0028507 -0.0119986 -0.0003988 -0.0023527 -0.0122719 -0.0003519 -0.0026671 -0.0109374 -0.0011952 0.0036069 -0.0114149 -0.0003378 -0.002786 -0.0114592 -0.0003519 -0.0026671 -0.0109374 -0.0011765 0.0034814 -0.0108948 -0.0011952 0.0036069 -0.0114149 -0.0006291 -0.0004682 -0.005912 -0.0005118 -0.0013565 -0.0064392 -0.0009773 0.0021138 -0.0064151 -0.0006291 -0.0004682 -0.005912 -0.0008554 0.001219 -0.0059003 -0.0009773 0.0021138 -0.0064151 -0.0004238 -0.0020868 -0.0092633 -0.00109 0.0028799 -0.0092289 -0.0011715 0.0034741 -0.0097457 -0.0004238 -0.0020868 -0.0092633 -0.0003468 -0.0026744 -0.0097884 -0.0011715 0.0034741 -0.0097457 -0.0108837 -0.0018439 -0.0058758 -0.01111 -0.0001567 -0.0058641 -0.0112231 -5.64e-05 -0.0059455 -0.0118361 0.0028405 -0.0112721 -0.0116545 0.0022038 -0.0113779 -0.010846 -0.0041982 -0.0114049 -0.0093127 -0.0042554 0.005213 -0.0087617 -0.0041938 0.0052518 -0.0088131 -0.0037188 0.0038735 -0.0003413 -0.0023709 0.0033159 -0.0004246 -0.0017859 0.0019543 -0.0020169 -0.0028442 0.0039455 -0.0019657 -0.0032616 0.00516 -0.0014017 -0.0031222 0.0049558 -0.0020169 -0.0028442 0.0039455 -0.0088131 -0.0037188 0.0038735 -0.0079851 -0.0036538 0.00399 -0.0082064 -0.0024709 0.0012305 -0.0054629 -0.0030459 0.0033047 -0.0082064 -0.0024709 0.0012305 -0.0057104 -0.0015938 0.0001777 -0.0110513 -0.0013112 -0.0012179 -0.010973 -0.0017207 -0.000753 -0.0107478 -0.0013796 -0.0011281 -0.0101806 0.0022156 0.0046335 -0.0102129 0.0024575 0.0054372 -0.0096537 0.0023768 0.0049091 -0.0028588 0.0033981 0.0052475 -0.0027946 0.0028792 0.0036975 -0.0022839 0.0034604 0.0051942 -0.0114851 0.0024956 0.0065437 -0.0114216 0.0024612 0.0061809 -0.0109494 0.002573 0.0067646 -0.0118551 0.0015811 0.0079036 -0.0118387 0.0017276 0.0078477 -0.0108023 0.0011349 0.0080487 -0.0118194 0.0018606 0.0077858 -0.0118387 0.0017276 0.0078477 -0.0108023 0.0011349 0.0080487 -0.0061744 0.0023592 0.0035365 -0.0062712 0.0029322 0.0052314 -0.0055222 0.0030885 0.0054269 -0.0011643 0.0038605 0.0069912 -0.0011328 0.003639 0.0074838 -0.0017292 0.003728 0.0072012 -0.0111702 5.49e-05 2e-07 -0.011145 -0.00049 -0.0008797 -0.0105906 -0.0002741 -0.0006824 -0.011199 0.0014264 0.0029108 -0.0095074 0.0007215 0.0008452 -0.0087387 0.001826 0.0030712 -0.0086744 0.0010422 0.0012743 -0.0061744 0.0023592 0.0035365 -0.0087387 0.001826 0.0030712 -0.011145 -0.00049 -0.0008797 -0.0111354 -0.0006228 -0.0010445 -0.0108424 -0.0006634 -0.0011293 -0.000679 0.0002741 0.0081614 -0.000764 0.0008934 0.0076249 -0.0006006 -0.0003251 0.0076171 -0.0010063 0.0026137 0.0043585 -0.0002989 -0.0026473 0.0048193 -0.0010882 0.0032377 0.0048601 -0.0010063 0.0026137 0.0043585 -0.0003852 -0.0020171 0.0043263 -0.0002989 -0.0026473 0.0048193 -0.0010113 0.002621 0.0032094 -0.0003902 -0.0020098 0.0031773 -0.0009118 0.0018656 0.0027069 -0.0003902 -0.0020098 0.0031773 -0.0009118 0.0018656 0.0027069 -0.0004942 -0.001248 0.0026853 -0.0009168 0.0018728 0.0015579 -0.0004992 -0.0012407 0.0015363 -0.0008249 0.0011748 0.0010558 -0.0004992 -0.0012407 0.0015363 -0.0008249 0.0011748 0.0010558 -0.0005954 -0.0005364 0.0010439 -0.0002917 -0.0026578 0.0064655 -0.001081 0.0032272 0.0065063 -0.0010832 0.0032304 0.0060091 -0.0002917 -0.0026578 0.0064655 -0.0010832 0.0032304 0.0060091 -0.0002939 -0.0026546 0.0059683 -0.0107999 -0.0017003 0.0006095 -0.0107663 -0.0019052 0.0010842 -0.0109491 -0.0013601 4.53e-05 -0.010971 -0.0005772 0.0002806 -0.0110585 -0.0001381 0.001138 -0.0110269 -0.0008 4.2e-06</float_array>
          <technique_common>
            <accessor count="5932" source="#g2_orange-pos-array" stride="3">
              <param type="float" name="X"/>
              <param type="float" name="Y"/>
              <param type="float" name="Z"/>
            </accessor>
          </technique_common>
        </source>
        <source id="g2_orange-nrm">
          <float_array count="17796" id="g2_orange-nrm-array">-0.92465 -0.18911 -0.33055 -0.89445 -0.3206 -0.31172 -0.83054 -0.54394 -0.11972 -0.96865 -0.18736 -0.16312 -0.78684 -0.55593 -0.26801 0.98177 -0.07364 -0.17523 0.98501 0.0499 -0.16515 0.92855 0.15822 -0.3358 0.98767 -0.14023 -0.06966 0.95267 -0.25515 -0.16527 0.94314 -0.10452 -0.31553 0.93672 0.03722 -0.34811 -0.95992 -0.28 0.01258 -0.91165 -0.41028 0.02384 -0.83191 -0.55463 0.01765 -0.74737 -0.66438 0.00622 -0.63671 -0.7711 -0.00201 -0.51085 -0.85967 -0.00254 -0.38012 -0.92492 -0.00518 -0.23627 -0.97167 -0.00654 -0.09639 -0.99518 -0.01815 0.05944 -0.99823 -0.00369 0.2084 -0.97804 -0.003 0.35631 -0.93433 -0.00875 0.48504 -0.87447 -0.00627 0.60638 -0.79506 -0.01327 0.72154 -0.69214 -0.0179 0.8178 -0.57547 -0.00565 0.89518 -0.44571 -0.00017 0.95064 -0.30998 -0.0138 0.98592 -0.16708 -0.00692 0.99988 -0.01222 0.00911 0.32909 -0.94201 -0.06577 0.72569 -0.65812 -0.20065 0.58304 -0.79765 -0.15435 0.8542 -0.43535 -0.28428 0.90585 -0.31333 -0.28505 0.87339 -0.44673 -0.19396 0.80334 -0.54129 -0.24831 0.8165 -0.56318 -0.1271 0.60027 -0.79755 -0.05985 0.71663 -0.68586 -0.12669 0.83041 -0.55301 -0.0679 0.9421 -0.31699 -0.10942 0.88464 -0.45982 -0.07726 -0.82121 -0.48965 -0.29302 -0.61163 -0.72962 -0.30588 -0.73668 -0.61806 -0.27443 -0.51326 -0.80145 -0.307 -0.41103 -0.86022 -0.30178 -0.50199 -0.83109 -0.23936 -0.62174 -0.75785 -0.19773 -0.74561 -0.64945 -0.14924 -0.39748 -0.88768 -0.23244 -0.85809 -0.50931 -0.0655 -0.11135 -0.94768 -0.29916 -0.74538 -0.65999 -0.09389 -0.54916 -0.82098 -0.15628 -0.25416 -0.93861 -0.23329 -0.06295 -0.95747 -0.28158 -0.64266 -0.76055 -0.09244 -0.29905 -0.93728 -0.17909 0.18374 -0.932 -0.31243 0.0472 -0.95785 -0.28335 -0.53795 -0.83799 -0.09157 0.30323 -0.89996 -0.31324 0.07855 -0.96993 -0.23036 -0.4285 -0.89736 -0.10552 -0.15458 -0.97695 -0.14725 -0.34164 -0.93237 -0.11819 0.18705 -0.95256 -0.24008 -0.05793 -0.98394 -0.16884 0.39906 -0.87143 -0.28524 0.2957 -0.92593 -0.23499 0.06237 -0.98528 -0.15916 -0.06294 -0.99315 -0.09849 -0.17935 -0.98207 -0.05812 0.19035 -0.96803 -0.16334 0.68081 -0.66412 -0.30894 0.62182 -0.73371 -0.27388 0.53686 -0.81245 -0.22738 0.31523 -0.93544 -0.15995 0.19097 -0.97643 -0.1006 0.08308 -0.99495 -0.05625 0.44517 -0.87905 -0.17055 0.45591 -0.88436 -0.10026 0.8367 0.52815 -0.1449 0.91036 0.40563 -0.08192 0.94856 0.26841 -0.16791 0.97261 0.15573 -0.17254 -0.98783 -0.00368 -0.1555 -0.98149 -0.10002 -0.16329 0.96119 0.27584 0.00538 0.90787 0.41924 0.00159 0.83529 0.54975 0.00743 0.74431 0.66782 0.00293 0.63682 0.77096 0.00947 0.51053 0.85979 0.01136 0.38253 0.92383 0.01449 0.2376 0.97121 0.01704 0.10566 0.99434 0.01132 -0.21679 0.97614 0.01242 -0.34937 0.93689 0.01349 -0.48403 0.87497 0.01218 -0.61397 0.78928 0.00858 -0.72382 0.68999 0.0014 -0.81563 0.57847 0.01106 -0.89469 0.44655 0.01069 -0.94934 0.31411 0.00912 -0.98607 0.16606 0.00929 -0.99987 0.01 0.01283 -0.94617 -0.04986 -0.31981 -0.81753 0.57245 -0.06276 -0.74314 0.66563 -0.0684 -0.8171 0.56054 -0.13466 -0.64777 0.75923 -0.06288 -0.9341 0.33872 -0.11277 -0.88321 0.44967 -0.1332 -0.88565 0.46 -0.06339 -0.93827 0.3412 -0.05687 0.81826 0.48737 -0.30483 0.77344 0.54342 -0.32631 0.70113 0.64141 -0.31146 0.61525 0.72701 -0.30485 0.7313 0.63418 -0.25103 0.52034 0.7995 -0.30008 0.638 0.72705 -0.2537 0.26695 0.91234 -0.31043 0.39203 0.88223 -0.26074 0.52697 0.8243 -0.20697 0.17579 0.93931 -0.29461 0.74131 0.65672 -0.13847 0.05407 0.95322 -0.29739 0.81395 0.5768 -0.06922 0.63554 0.75864 -0.14336 -0.0625 0.95325 -0.29564 0.738 0.67148 -0.06682 0.53448 0.83424 -0.13556 0.19933 0.95659 -0.21259 -0.18274 0.93748 -0.29622 0.29066 0.94234 -0.16588 0.64314 0.76274 -0.06788 0.43363 0.89104 -0.13418 -0.06518 0.96643 -0.24851 0.07612 0.97504 -0.20857 -0.30626 0.90583 -0.29271 0.53788 0.84017 -0.06929 -0.41917 0.85949 -0.29251 0.4263 0.90175 -0.07149 0.15951 0.97962 -0.12205 -0.20249 0.95688 -0.20825 -0.52591 0.79674 -0.29769 0.31615 0.94561 -0.07658 0.06017 0.98936 -0.13249 -0.31271 0.92548 -0.21378 -0.62137 0.72332 -0.30118 0.17774 0.98157 -0.07021 -0.06381 0.98884 -0.13461 -0.43234 0.87742 -0.20787 -0.70714 0.6391 -0.30249 0.0618 0.99589 -0.06623 -0.59288 0.76519 -0.25095 -0.19215 0.97252 -0.1315 -0.78012 0.5469 -0.30382 -0.06324 0.99621 -0.05967 -0.31717 0.93925 -0.13116 -0.69748 0.6715 -0.25021 -0.84184 0.45103 -0.29643 -0.19405 0.97897 -0.06298 -0.43439 0.89115 -0.13095 -0.79036 0.56357 -0.24025 -0.31701 0.94641 -0.0618 -0.54053 0.83007 -0.13715 -0.8641 0.43888 -0.24641 -0.72293 0.6692 -0.1719 -0.43706 0.89753 -0.05852 -0.63046 0.76575 -0.12704 -0.88008 0.3857 -0.27695 -0.5483 0.83425 -0.0582 -0.98713 0.12872 0.0949 -0.67906 0.69642 0.23212 -0.30034 0.91896 0.25556 -0.42041 0.87126 0.2533 -0.51898 0.81559 0.25589 -0.6125 0.75 0.24969 -0.69515 0.67184 0.25575 0.49801 0.8299 0.25151 0.40243 0.88417 0.23728 0.28892 0.92902 0.23119 0.17069 0.95644 0.23683 0.0615 0.96839 0.24172 0.91877 0.38183 0.10035 0.91297 0.40708 0.0276 0.78225 0.62125 0.0461 0.83385 0.54322 0.09804 0.76949 0.62975 0.1063 0.69214 0.71495 0.09898 0.60636 0.78886 0.10016 0.76008 0.63082 0.15603 0.42625 0.90331 0.04839 0.50291 0.85841 0.10106 0.76081 0.60993 0.22171 0.61592 0.76919 0.17026 0.38925 0.91469 0.10878 0.5049 0.84689 0.16692 0.29395 0.95089 0.09696 0.17856 0.97869 0.10143 0.38658 0.90473 0.17894 -0.0452 0.99722 0.05921 0.4991 0.8372 0.2236 0.06173 0.99259 0.10466 -0.05668 0.99272 0.1063 0.20671 0.96079 0.18481 0.07417 0.98097 0.17941 -0.19817 0.97488 0.10167 -0.0556 0.98264 0.17701 -0.34325 0.93337 0.10493 0.05954 0.97174 0.22842 -0.19544 0.96597 0.16945 -0.65936 0.75 0.0524 -0.51633 0.84987 0.10549 -0.32449 0.93074 0.16863 -0.70492 0.70625 0.06554 -0.20015 0.95445 0.22126 -0.62994 0.76849 0.11228 -0.43314 0.88883 0.14958 -0.26288 0.94079 0.21401 -0.71197 0.69379 0.10845 -0.594 0.7847 0.17721 -0.79208 0.60148 0.10405 -0.91484 0.40051 0.05166 -0.49291 0.83826 0.23317 -0.86219 0.49494 0.10797 -0.70378 0.6898 0.16991 -0.79187 0.58835 0.16367 -0.70822 0.66778 0.22912 -0.93532 0.3381 0.10419 -0.78859 0.5699 0.23096 -0.92181 0.34724 0.17232 -0.89178 0.39153 0.2268 -0.94582 0.26761 -0.18389 -0.97558 0.21893 0.01763 -0.97286 0.22475 0.0551 -0.94583 0.28112 0.16244 -0.85048 0.45901 -0.25688 -0.75075 0.61649 0.2373 -0.81195 0.55219 0.18929 -0.88516 0.46525 -0.00497 -0.94049 0.12006 0.3179 -0.95796 -0.12648 0.25752 -0.95244 0.2323 0.19721 -0.97239 0.09512 0.2131 -0.86729 0.42654 0.25666 -0.91358 0.31583 0.25617 -0.94754 0.18515 0.26056 -0.88351 0.40368 0.23758 -0.93779 0.25568 0.23491 -0.91718 0.33954 0.20856 -0.97161 -0.00169 0.23658 -0.91617 0.36624 0.16281 -0.92852 0.34403 0.13964 -0.95376 0.28297 0.10136 -0.94855 0.31199 0.05397 -0.94874 0.31528 0.0222 -0.93248 0.28066 -0.22739 -0.9557 0.28742 -0.06353 -0.95244 0.2845 -0.10914 -0.91952 0.37018 -0.13211 -0.95367 0.26541 -0.14164 -0.89899 0.40027 -0.17775 -0.91314 0.31717 -0.25608 -0.94892 0.18793 -0.25345 -0.98563 -0.1387 0.09638 -0.96949 -0.06757 -0.23562 -0.95802 -0.1315 -0.25476 -0.96899 0.17823 0.17116 -0.97543 -0.08326 0.20397 -0.98143 0.07936 0.17466 -0.985 -0.05497 0.16355 -0.97706 0.16421 0.13559 -0.99058 -0.00199 0.13695 -0.98428 0.14427 0.10191 -0.99452 -0.01103 0.10396 -0.99659 0.05998 0.05675 -0.99266 -0.10705 0.05623 -0.99739 0.07039 0.01617 -0.99786 -0.06421 0.01266 -0.97902 0.20206 -0.02627 -0.99767 0.06163 -0.02926 -0.99819 -0.05428 -0.02594 -0.98753 0.14135 -0.06928 -0.99669 -0.04137 -0.07004 -0.98541 0.1347 -0.10402 -0.99451 0.00764 -0.10438 -0.98426 -0.17653 -0.00825 -0.87855 -0.10161 -0.46671 -0.79507 -0.10784 -0.59686 -0.97404 -0.22634 0.00278 -0.97317 -0.23007 0.00169 -0.98486 -0.17296 0.01184 -0.96977 -0.23557 -0.06359 -0.96306 -0.22293 -0.15108 -0.93967 -0.22307 -0.25936 -0.90638 -0.12047 -0.40493 -0.80174 -0.11331 -0.58684 -0.8027 -0.11112 -0.58594 -0.86948 -0.17448 -0.46212 -0.89079 -0.40044 -0.21479 -0.93411 -0.34138 -0.10437 -0.99162 -0.1291 0.00369 -0.76426 -0.1157 -0.63445 -0.86916 -0.07095 -0.48942 -0.9599 0.01401 -0.27999 -0.9745 0.0086 -0.22423 -0.98753 -0.06219 -0.14464 -0.98979 -0.07104 -0.1236 -0.99821 -0.02746 -0.05317 -0.99911 -0.04218 -6e-05 -0.99941 -0.03439 -0.00022 -0.99796 -0.05805 -0.02667 0.97552 0.2199 -0.00234 0.95483 0.29448 -0.03968 0.97685 0.17999 -0.11562 0.98278 0.08223 -0.16545 0.93656 0.2296 -0.26483 0.9201 0.25077 -0.30089 0.91638 0.25263 -0.31054 0.91621 0.25282 -0.31088 0.86305 0.20885 -0.45993 0.84033 0.11655 -0.5294 0.84228 0.13623 -0.52155 0.83505 0.15535 -0.52779 0.77676 0.11215 -0.61973 0.78187 0.11788 -0.61219 0.78349 0.10902 -0.61177 0.98396 0.17687 -0.02335 0.80743 0.08863 -0.58327 0.86894 0.14849 -0.47211 0.8876 0.24699 -0.3888 0.87264 0.41346 -0.25991 0.93358 0.34174 -0.10785 0.99102 0.1302 0.03061 0.8187 0.13014 -0.55928 0.8865 0.14916 -0.43802 0.90926 0.14123 -0.39153 0.97674 -0.07329 -0.20151 0.99243 -0.04743 -0.11325 0.99679 0.03463 -0.07214 0.99828 0.00055 -0.05858 0.9985 -0.03695 -0.04046 0.95225 -0.22164 -0.21 0.9983 0.04873 -0.03193 0.98805 0.1443 0.0542 0.69257 -0.68506 -0.22592 0.42834 0.88502 -0.1824 -0.97115 -0.23727 -0.02406 -0.73762 0.63706 -0.22375 0.66415 -0.718 -0.2083 0.74555 -0.64138 -0.18107 0.69149 -0.70195 -0.17061 0.67661 -0.72485 -0.12956 0.66007 -0.74798 -0.0695 0.65961 -0.75041 -0.0425 0.58225 -0.813 -0.00368 0.59837 -0.80115 0.01073 0.64968 -0.75933 0.03648 0.66572 -0.74386 0.05911 -0.65913 0.75043 0.04898 -0.68533 0.728 0.01846 -0.56892 0.82239 0.00274 -0.565 0.82442 -0.03314 -0.63737 0.76787 -0.06423 -0.68419 0.72419 -0.08615 -0.69967 0.70434 -0.11986 -0.71765 0.67822 -0.15811 -0.70352 0.68599 -0.18571 -0.00438 0.00635 -0.99997 -0.02003 0.12321 -0.99218 -0.0355 0.23912 -0.97034 -0.05048 0.35171 -0.93475 -0.06475 0.45939 -0.88587 -0.07812 0.56061 -0.82439 -0.09037 0.65392 -0.75115 -0.10135 0.73797 -0.66718 -0.11089 0.81154 -0.57368 -0.11885 0.87357 -0.47197 -0.12519 0.92499 -0.35877 0.01133 -0.11061 -0.9938 0.02699 -0.22678 -0.97357 0.04227 -0.33981 -0.93954 0.05696 -0.4481 -0.89217 0.07086 -0.5501 -0.83209 0.08375 -0.64433 -0.76015 0.09546 -0.72943 -0.67736 0.10582 -0.80418 -0.58489 0.11467 -0.8675 -0.48405 0.12211 -0.92004 -0.37231 0.06467 -0.96267 -0.26283 0.00724 -0.93772 -0.34732 -0.62811 -0.76524 -0.14099 -0.64233 -0.69562 -0.32176 -0.57115 -0.76059 -0.30869 -0.48252 -0.82014 -0.30748 -0.39862 -0.8662 -0.30132 -0.28 -0.90444 -0.32184 -0.19349 -0.92618 -0.32365 -0.06737 -0.94113 -0.33126 -0.72548 -0.6598 -0.1958 -0.67406 -0.65675 -0.33812 -0.87367 -0.40848 -0.26428 -0.81571 -0.51719 -0.25911 -0.97661 -0.13709 -0.16567 -0.80491 0.50237 -0.31583 -0.8151 0.4694 -0.33953 -0.24074 0.91113 -0.3345 -0.31358 0.89454 -0.31853 -0.44915 0.84071 -0.30245 -0.59023 0.75299 -0.29092 -0.68213 0.66813 -0.29716 -0.75194 0.58735 -0.29934 -0.18635 0.94958 -0.25215 -0.51098 0.84408 -0.16258 -0.24573 0.87753 -0.41178 -0.36137 0.86224 -0.35489 -0.23677 0.81396 -0.53048 -0.35918 0.80877 -0.4657 -0.22732 0.74195 -0.63074 -0.47995 0.7907 -0.38005 -0.35093 0.74457 -0.56787 -0.21619 0.65813 -0.7212 -0.56062 0.76937 -0.30621 -0.46849 0.73047 -0.49691 -0.34102 0.66825 -0.66118 -0.20356 0.56379 -0.80044 -0.57801 0.69899 -0.4211 -0.45975 0.66285 -0.59098 -0.32961 0.58101 -0.74417 -0.18959 0.46038 -0.86724 -0.67746 0.65044 -0.34348 -0.57053 0.64081 -0.51368 -0.4495 0.58414 -0.67582 -0.31688 0.4842 -0.81556 -0.1745 0.34952 -0.92054 -0.67153 0.60173 -0.4324 -0.56155 0.57165 -0.59823 -0.43788 0.49558 -0.75011 -0.30302 0.37935 -0.87423 -0.15851 0.23291 -0.95949 -0.76653 0.53921 -0.34883 -0.6639 0.54276 -0.51443 -0.55121 0.4926 -0.67343 -0.42508 0.39854 -0.81269 -0.28825 0.26807 -0.91927 -0.14185 0.11238 -0.98349 -0.75943 0.49531 -0.42182 -0.65496 0.47412 -0.58842 -0.53967 0.40488 -0.73812 -0.4113 0.29453 -0.8626 -0.2728 0.1521 -0.94997 -0.12516 -0.00991 -0.99209 -0.74738 0.43958 -0.49818 -0.64483 0.39689 -0.6532 -0.52711 0.30987 -0.79129 -0.39676 0.18518 -0.89905 -0.25691 0.03326 -0.96586 -0.10903 -0.13238 -0.98518 -0.83348 0.39763 -0.38367 -0.74273 0.36716 -0.55995 -0.63367 0.31227 -0.70778 -0.51373 0.20903 -0.8321 -0.38168 0.07219 -0.92147 -0.24083 -0.08662 -0.96669 -0.09329 -0.25336 -0.96286 -0.81846 0.32281 -0.4753 -0.73398 0.30065 -0.609 -0.62165 0.22157 -0.7513 -0.49973 0.10395 -0.85992 -0.3663 -0.04268 -0.92952 -0.22481 -0.20565 -0.95245 -0.07792 -0.37057 -0.92553 -0.8901 0.28876 -0.35261 -0.72267 0.21511 -0.65687 -0.60897 0.12621 -0.78309 -0.48534 -0.00374 -0.87432 -0.35086 -0.15765 -0.92306 -0.2091 -0.322 -0.92336 -0.06317 -0.48221 -0.87378 -0.88172 0.21043 -0.42224 -0.8094 0.20163 -0.55155 -0.71252 0.13865 -0.68781 -0.59582 0.02768 -0.80264 -0.47077 -0.11237 -0.87507 -0.33559 -0.27092 -0.90221 -0.19395 -0.43384 -0.87987 -0.04927 -0.58654 -0.80842 -0.69992 0.04404 -0.71286 -0.58241 -0.0725 -0.80966 -0.45625 -0.22023 -0.86217 -0.32074 -0.38072 -0.86728 -0.17958 -0.53943 -0.82266 -0.03646 -0.68195 -0.73049 -0.78393 0.0592 -0.61802 -0.68901 -0.03761 -0.72378 -0.56894 -0.17276 -0.80403 -0.44202 -0.32565 -0.83581 -0.30653 -0.48535 -0.81882 -0.16623 -0.63713 -0.75262 -0.02494 -0.76697 -0.6412 -0.92168 0.08906 -0.3776 -0.86603 0.06955 -0.49513 -0.67589 -0.13541 -0.72446 -0.55563 -0.27153 -0.78584 -0.42828 -0.427 -0.7964 -0.29319 -0.58318 -0.75759 -0.15409 -0.72542 -0.67084 -0.0149 -0.84028 -0.54195 -0.8497 -0.0295 -0.52644 -0.76938 -0.09882 -0.6311 -0.66488 -0.2172 -0.71467 -0.54267 -0.36729 -0.75538 -0.41526 -0.52268 -0.74456 -0.28092 -0.67268 -0.68453 -0.14337 -0.80291 -0.5786 -0.00657 -0.90557 -0.42415 -0.65207 -0.31211 -0.69094 -0.53028 -0.45853 -0.71313 -0.40316 -0.61121 -0.68109 -0.26993 -0.75245 -0.60079 -0.13423 -0.86841 -0.47733 -0.89978 -0.06219 -0.43189 -0.74216 -0.26675 -0.61485 -0.65177 -0.38981 -0.65057 -0.51865 -0.54384 -0.65973 -0.39217 -0.69121 -0.60699 -0.26037 -0.82126 -0.50767 -0.12205 -0.92207 -0.36726 -0.82659 -0.1817 -0.53266 -0.63083 -0.46853 -0.61849 -0.50796 -0.62189 -0.59602 -0.38245 -0.76143 -0.5234 -0.25147 -0.88107 -0.40059 -0.80354 -0.29723 -0.51574 -0.61993 -0.54824 -0.56135 -0.49837 -0.69145 -0.52299 -0.37417 -0.82078 -0.43164 -0.88263 -0.2167 -0.41714 -0.71779 -0.45896 -0.52358 -0.6116 -0.6089 -0.50516 -0.49003 -0.75146 -0.44179 -0.36601 -0.86642 -0.33965 -0.79481 -0.39345 -0.46203 -0.60285 -0.67212 -0.42991 -0.48276 -0.80122 -0.35354 -0.86632 -0.33265 -0.3726 -0.69897 -0.58771 -0.40747 -0.59819 -0.71722 -0.35745 -0.78709 -0.49232 -0.37162 -0.78478 0.5995 -0.15721 -0.69464 0.7089 -0.12222 -0.60761 0.78894 -0.09158 -0.50312 0.8612 -0.07219 -0.19759 0.98022 -0.01081 -0.93543 0.34372 -0.08258 -0.21855 0.95922 -0.17928 -0.29349 0.93926 -0.17794 -0.8142 -0.57301 -0.09349 -0.07532 -0.97888 -0.19006 -0.14428 -0.97103 -0.19048 0.13523 -0.99061 0.02032 -0.19201 -0.97983 -0.05538 -0.32182 -0.94 -0.11332 -0.95426 -0.23765 -0.18139 -0.30672 0.61461 0.72676 -0.99206 -0.07133 -0.10361 -0.77658 0.32876 0.53744 -0.86725 0.04252 0.49605 -0.81152 -0.21978 0.54142 0.10979 -0.62159 0.77561 -0.34796 0.41976 0.83829 -0.33689 0.24773 0.90837 -0.98751 -0.13177 -0.08642 -0.24215 -0.01458 0.97013 -0.26535 -0.26366 0.9274 -0.99291 -0.0968 -0.06893 -0.12123 -0.44713 0.88622 0.14579 0.51359 0.84556 0.05567 0.9958 -0.07274 -0.08975 0.91495 0.39346 -0.03232 0.17235 -0.98451 -0.12181 0.82428 -0.55293 -0.05774 0.45182 -0.89024 -0.13664 0.97358 -0.18295 -0.04161 0.3071 -0.95077 -0.12415 0.93121 -0.34269 -0.06829 0.44188 -0.89447 -0.09637 0.65905 -0.7459 -0.10785 0.69395 -0.7119 -0.11943 0.82045 -0.55911 -0.11558 0.8834 0.45414 -0.08559 0.6359 -0.76701 -0.06155 0.43612 -0.89778 -0.11725 0.86006 -0.49653 -0.03402 0.28268 0.95861 -0.04044 0.44527 -0.89448 -0.12012 0.90545 0.40709 -0.12495 0.89103 -0.4364 -0.2091 0.92048 -0.33015 -0.11316 0.90455 0.41107 -0.13948 0.99021 -0.00443 -0.12851 0.91071 -0.39255 -0.12752 0.90333 -0.40955 -0.10253 0.74376 0.66053 -0.10894 0.80986 -0.57642 -0.13907 0.96459 -0.2241 -0.13084 0.92951 -0.34481 -0.06946 0.55341 0.83001 -0.09326 0.75666 0.64712 -0.12813 0.98441 0.12051 -0.09563 0.73356 0.67287 -0.11457 0.84843 -0.51676 -0.1106 0.77903 -0.61716 -0.07195 0.55058 0.83167 -0.12319 0.91252 -0.39005 -0.12493 0.96171 0.24392 -0.11837 0.85685 -0.5018 -0.11848 0.90412 0.41053 -0.05845 0.51824 0.85323 -0.07573 0.6358 0.76813 -0.10248 0.76484 -0.63602 -0.09049 0.67469 0.73254 -0.13305 0.99097 -0.01672 -0.02864 0.2534 -0.96694 -0.07442 0.57117 0.81745 -0.05115 0.4198 0.90617 -0.08441 0.62945 -0.77245 -0.0643 0.58021 0.81193 -0.09022 0.79026 0.60609 -0.05727 0.68109 0.72995 -0.11788 0.97753 -0.17474 -0.11729 0.96571 0.23162 -0.1324 0.98532 0.10774 -0.08588 0.62603 -0.77506 -0.12805 0.94982 0.28538 -0.13756 0.9866 -0.08772 -0.10024 0.71754 -0.68927 -0.11725 0.87061 0.47779 -0.12798 0.98313 -0.13071 -0.12234 0.93793 -0.32453 -0.08062 0.57221 -0.81614 -0.13339 0.98922 0.06041 -0.09447 0.76761 0.63392 -0.13153 0.96963 -0.2062 -0.13268 0.9392 -0.31671 -0.11137 0.79027 0.60255 -0.12971 0.97115 0.2001 -0.13147 0.99013 0.04862 0.97725 0.11763 -0.17648 0.98502 0.07238 -0.15651 0.9636 0.21806 -0.15465 0.80957 0.49002 0.32321 0.53405 -0.45006 0.7157 0.85998 -0.04903 0.50797 0.8485 0.22067 0.48099 0.78691 0.39026 0.47798 0.29561 -0.22618 0.92815 0.98934 0.13755 -0.04781 0.36294 0.06384 0.92962 0.25786 0.31829 0.91225 0.93535 0.03575 0.35191 0.89839 -0.34854 -0.26722 0.94457 -0.18279 -0.27273 0.96977 -0.24024 0.04281 0.96002 -0.25241 0.12101 0.95354 -0.23202 0.19218 0.97525 -0.0683 0.2103 0.94123 0.14301 -0.30601 0.99278 0.11447 -0.03591 0.98543 -0.08359 -0.14811 0.94845 0.10432 -0.29925 0.97609 0.06943 -0.20597 0.96019 -0.23032 0.1581 0.97985 0.06074 0.1903 0.98419 -0.07707 0.15949 0.9862 0.05012 0.15778 0.98424 -0.11958 0.13024 0.99035 0.03922 0.13289 0.98491 -0.14771 0.09021 0.99479 -0.04433 0.09184 0.99218 0.08465 0.09169 0.99131 -0.12331 0.0458 0.99893 0.00693 0.04569 0.9921 0.11424 0.05191 0.97433 -0.22501 0.00779 0.99647 -0.08385 0.00336 0.99682 0.07963 0.00015 0.98384 -0.17478 -0.03879 0.99902 -0.02854 -0.03373 0.97702 -0.2003 -0.07283 0.99509 -0.06459 -0.07501 0.99474 0.07384 -0.07102 0.98455 -0.13387 -0.1129 0.97328 -0.17805 -0.14498 0.94879 -0.24631 -0.19779 0.7641 -0.60588 0.22148 0.82966 -0.52952 0.17683 0.87708 -0.4763 0.06213 0.8823 -0.47043 -0.01552 0.86308 -0.49089 -0.11881 0.94576 0.03915 0.32249 0.94288 -0.1108 0.31418 0.89311 -0.37618 0.24666 0.93779 -0.24585 0.24517 0.8955 -0.38896 0.2163 0.96606 -0.08626 0.24347 0.94823 -0.2246 0.22455 0.92249 -0.35525 0.15102 0.97083 0.07697 0.22708 0.9279 -0.35373 0.1178 0.95626 -0.27743 0.09273 0.94985 -0.31114 0.03114 0.95002 -0.31204 0.00966 0.94691 -0.31632 -0.05749 0.9452 -0.32017 -0.06391 0.95434 -0.27548 -0.11549 0.91671 -0.36798 -0.15565 0.94937 -0.27181 -0.15755 0.90793 -0.3737 -0.18978 0.23179 -0.95098 -0.2047 0.12712 -0.77641 -0.61728 -0.16285 -0.10139 -0.98143 0.12184 -0.9327 -0.33944 0.12326 -0.91227 -0.39059 0.04196 -0.32801 -0.94374 0.13284 -0.98358 0.12219 0.1197 -0.95964 -0.25448 0.11511 -0.88658 -0.44802 0.05551 -0.4383 -0.89711 0.05832 -0.42657 -0.90257 0.03314 -0.25482 -0.96642 0.09446 -0.91149 0.40032 0.19673 -0.92442 -0.32673 0.12074 -0.89592 -0.42749 0.04026 -0.29359 0.95508 0.11309 -0.85539 -0.50548 0.04755 -0.4006 -0.91502 0.08094 -0.63464 -0.76856 0.12351 -0.89191 0.43501 0.125 -0.88649 0.44554 0.11396 -0.82766 -0.54954 0.10141 -0.76096 -0.64083 0.10449 -0.82061 -0.56186 0.08506 -0.64868 -0.75629 0.0578 -0.41209 0.90931 0.1066 -0.79767 0.5936 0.11569 -0.95731 0.26491 0.10798 -0.98084 -0.16213 0.06277 -0.69459 0.71666 0.07081 -0.59237 0.80255 0.09897 -0.79203 0.60241 0.07573 -0.68378 -0.72575 0.13197 -0.99114 0.01513 0.09797 -0.76288 -0.63908 0.06382 -0.53067 0.84517 0.09574 -0.69739 0.71027 0.10458 -0.84095 0.53092 0.12134 -0.91719 0.37952 0.08243 -0.64555 0.75925 0.14007 -0.98979 -0.02629 0.12807 -0.96497 0.22896 0.11378 -0.85042 -0.51365 0.08142 -0.55803 0.82582 0.11969 -0.9074 -0.40287 0.10518 -0.77092 -0.62819 0.09459 -0.68693 0.72054 0.11682 -0.85352 0.50779 0.12979 -0.98568 0.10766 0.07674 -0.55912 0.82553 0.10419 -0.84307 -0.52761 0.10084 -0.76628 0.63455 0.13115 -0.92397 -0.35928 0.1111 -0.8116 -0.57356 0.1359 -0.96283 -0.23344 0.12417 -0.89892 -0.42015 0.08764 -0.69005 -0.71844 0.0592 -0.54757 -0.83466 0.12271 -0.91324 -0.3885 0.14112 -0.98953 -0.03016 0.12387 -0.90222 0.4131 0.13046 -0.96969 0.2066 0.12758 -0.93332 -0.33561 0.13184 -0.96975 -0.20544 0.10025 -0.77566 0.62313 0.13264 -0.99002 0.04765 0.12599 -0.98129 -0.14559 0.07406 -0.56041 -0.8249 0.11612 -0.93319 -0.34011 0.09106 -0.70771 -0.70061 0.13711 -0.98533 -0.10159 0.12875 -0.95181 0.27836 0.12765 -0.89641 0.42444 0.08992 -0.59963 -0.79521 0.14791 -0.97912 0.13944 -0.01235 0.9426 -0.33369 0.64572 0.68766 -0.33191 0.56846 0.76448 -0.304 0.47985 0.82401 -0.30126 0.36888 0.88165 -0.29431 0.20959 0.92908 -0.30477 0.06451 0.94527 -0.31986 0.60847 0.7523 -0.25259 0.86966 0.41775 -0.263 0.78631 0.55858 -0.26403 0.81192 -0.46956 -0.34685 0.23775 -0.90679 -0.34814 0.31072 -0.89041 -0.33259 0.4285 -0.84274 -0.32585 0.50623 -0.79897 -0.32462 0.61072 -0.7308 -0.30488 0.67946 -0.66426 -0.31158 0.74926 -0.58346 -0.31335 0.18459 -0.94713 -0.26242 0.5955 0.72149 -0.35332 0.70236 0.58208 -0.40972 0.78166 0.46679 -0.41366 0.8641 0.33495 -0.37568 0.47968 0.80567 -0.34756 0.5991 0.67756 -0.42661 0.3359 0.88964 -0.30937 0.48618 0.75704 -0.43649 0.60718 0.6153 -0.50273 0.79765 0.35035 -0.49092 0.88016 0.21942 -0.42092 0.37042 0.82622 -0.42445 0.4938 0.69807 -0.51852 0.62635 0.54759 -0.55483 0.71808 0.41852 -0.55606 0.80794 0.27283 -0.5223 0.25194 0.88889 -0.38263 0.3779 0.76803 -0.51703 0.50275 0.62943 -0.5925 0.62455 0.4829 -0.6138 0.11888 0.92667 -0.35658 0.25596 0.82766 -0.49947 0.38687 0.69888 -0.60158 0.51288 0.5522 -0.65729 0.63586 0.39735 -0.66166 0.73748 0.27535 -0.61669 0.82926 0.13824 -0.5415 0.89324 0.07582 -0.44314 0.13009 0.87441 -0.46742 0.26469 0.76003 -0.59354 0.39721 0.61983 -0.67678 0.52404 0.46757 -0.71187 0.646 0.32089 -0.69261 0.75125 0.17213 -0.63717 0.0029 0.91088 -0.41266 0.13834 0.8102 -0.56959 0.27495 0.68133 -0.67837 0.40875 0.53211 -0.74147 0.53605 0.37688 -0.75539 0.65321 0.2303 -0.7213 0.91565 -0.05659 -0.39798 0.0102 0.84709 -0.53135 0.14825 0.73388 -0.6629 0.28657 0.59277 -0.75267 0.42131 0.4371 -0.79463 0.54873 0.28152 -0.78717 0.67056 0.13692 -0.72911 0.77434 0.02858 -0.63212 0.84879 -0.02673 -0.52806 0.01936 0.77504 -0.63161 0.15966 0.64664 -0.7459 0.29937 0.49573 -0.81525 0.43469 0.33626 -0.83545 0.56188 0.18298 -0.80672 0.6816 0.05455 -0.72969 0.86949 -0.1382 -0.47422 0.03009 0.69117 -0.72207 0.1724 0.54984 -0.81729 0.31315 0.39172 -0.86516 0.44869 0.23118 -0.86327 0.5753 0.0828 -0.81374 0.69467 -0.04256 -0.71807 0.78639 -0.11224 -0.60745 0.04222 0.59676 -0.80131 0.18625 0.44498 -0.87596 0.32769 0.28237 -0.9016 0.46309 0.12349 -0.87767 0.58877 -0.01745 -0.80811 0.70547 -0.1225 -0.69808 0.8071 -0.2214 -0.54734 0.05553 0.49326 -0.86811 0.20102 0.3337 -0.921 0.34276 0.16937 -0.92403 0.47766 0.01487 -0.87842 0.60208 -0.11623 -0.78993 0.71283 -0.21272 -0.66829 0.88249 -0.25901 -0.39258 0.06983 0.38229 -0.9214 0.21647 0.21774 -0.9517 0.35815 0.0545 -0.93207 0.49217 -0.093 -0.86552 0.61503 -0.21198 -0.75947 0.7286 -0.29285 -0.61918 0.08487 0.26556 -0.96035 0.23236 0.09889 -0.96759 0.37359 -0.06047 -0.92562 0.50641 -0.19842 -0.83915 0.62742 -0.30322 -0.71721 0.74749 -0.35558 -0.56109 0.82767 -0.37423 -0.41823 0.1004 0.14488 -0.98434 0.24844 -0.02098 -0.96842 0.38886 -0.17373 -0.90477 0.52014 -0.29977 -0.79974 0.63906 -0.38853 -0.66381 0.74693 -0.42665 -0.50996 0.11646 0.02251 -0.99294 0.26446 -0.14002 -0.95418 0.40371 -0.28354 -0.86984 0.53316 -0.39545 -0.7479 0.64975 -0.46658 -0.6001 0.75568 -0.48988 -0.43471 0.13323 -0.09988 -0.98604 0.28017 -0.25636 -0.92509 0.41792 -0.38817 -0.82138 0.54526 -0.48398 -0.68444 0.65934 -0.53615 -0.52708 0.76458 -0.53354 -0.3616 0.15009 -0.22071 -0.96372 0.29532 -0.3682 -0.8816 0.43126 -0.486 -0.76015 0.55626 -0.56398 -0.61033 0.66768 -0.59616 -0.44587 0.16641 -0.33779 -0.92639 0.30969 -0.47379 -0.82439 0.44352 -0.57549 -0.68709 0.56597 -0.6342 -0.52675 0.67439 -0.64599 -0.35763 0.18196 -0.44933 -0.87464 0.32304 -0.5715 -0.75434 0.45452 -0.65527 -0.60335 0.57426 -0.69355 -0.43498 0.1965 -0.55357 -0.80929 0.33518 -0.65978 -0.67257 0.46408 -0.72408 -0.51023 0.57905 -0.73964 -0.34298 0.20983 -0.64891 -0.73136 0.3459 -0.73728 -0.58032 0.472 -0.78402 -0.40314 0.22174 -0.73387 -0.64207 0.35504 -0.80278 -0.47906 0.23207 -0.80715 -0.54282 0.3582 -0.85765 -0.36896 0.24206 -0.87222 -0.42503 -0.09402 0.99553 -0.00884 0.11144 -0.99376 -0.00472 0.76582 -0.59111 -0.25321 0.93191 -0.3477 -0.10318 0.69254 -0.70116 -0.16959 0.50286 -0.84339 -0.18929 0.39124 -0.89999 -0.19223 0.29075 -0.93767 -0.19037 0.81853 0.5672 -0.09106 -0.03073 0.96731 -0.25173 0.20946 0.96154 -0.17769 0.33786 0.92544 -0.1715 0.53374 0.83227 -0.14985 0.9907 0.12421 0.05556 0.97779 0.06441 0.19944 -0.98974 -0.13002 0.05931 -0.8323 -0.13564 0.53747 -0.84441 -0.14222 0.51647 -0.89094 -0.18683 0.41391 -0.89973 -0.1923 0.3918 -0.92322 -0.18791 0.33519 -0.97043 -0.05912 0.23405 -0.96402 -0.20675 0.1671 -0.97649 -0.20758 0.05807 -0.95976 -0.26928 0.07968 -0.95341 -0.29561 0.06019 -0.96787 -0.25047 0.02233 -0.96319 -0.25595 0.08215 -0.97932 -0.19963 0.03292 -0.99256 -0.12152 -0.0076 -0.99248 -0.12226 -0.00633 -0.99108 -0.1324 0.01488 -0.98858 -0.14981 -0.01649 -0.98956 -0.14398 -0.00705 -0.99267 -0.11982 0.0159 -0.99027 0.05205 0.12907 -0.99915 -0.02675 0.03147 -0.99707 0.02272 0.07308 -0.99233 -0.01549 0.12265 -0.97651 -0.01854 0.21469 -0.8981 -0.18454 0.3992 -0.89249 -0.06932 0.44572 -0.84333 -0.04403 0.53559 0.81788 0.16381 0.55158 0.91082 0.2601 0.32054 0.91421 0.25903 0.31166 0.9328 0.27257 0.23579 0.95473 0.25574 0.15193 0.96384 0.23957 0.11671 0.96609 0.24488 0.08193 0.95057 0.30386 0.06391 0.97544 0.21891 0.02443 0.99389 0.10575 -0.03169 0.99361 0.10964 -0.02671 0.98896 0.14709 -0.01771 0.9929 0.11869 0.00813 0.99832 0.05352 0.02234 0.99877 -0.02145 0.0448 0.99791 0.01068 0.06373 0.99311 0.09323 0.07098 0.99033 0.0357 0.13406 0.97667 0.0212 0.2137 0.95447 0.07255 0.28936 0.9316 0.01183 0.36329 0.89672 0.09885 0.43142 0.89387 0.06475 0.44362 0.89656 0.05906 0.43897 -0.7913 -0.0892 0.60489 -0.76997 -0.08666 0.63217 -0.76386 -0.14409 0.62909 -0.78152 -0.12729 0.61076 -0.8069 -0.16084 0.56837 0.78616 0.07044 0.614 0.7534 0.07407 0.65338 0.76979 0.14167 0.62237 -0.92129 -0.3684 -0.12456 0.98888 -0.12077 -0.08676 -0.79749 -0.59623 -0.09228 -0.71051 -0.65917 -0.24632 -0.69152 -0.71638 -0.09274 -0.60557 -0.77546 -0.17875 -0.51239 -0.81941 -0.25694 -0.49361 -0.86491 -0.09102 -0.37751 -0.90626 -0.19022 -0.2611 -0.92957 -0.26024 -0.27564 -0.95841 -0.07402 -0.17596 -0.96801 -0.17889 -0.12473 -0.98892 -0.08051 -0.06016 -0.97241 -0.22537 0.00098 -0.9967 -0.08117 0.06879 -0.97975 -0.18801 0.13728 -0.98655 -0.08871 0.18179 -0.94805 -0.26106 0.26217 -0.96039 -0.09446 0.32327 -0.91405 -0.24498 0.35899 -0.9217 -0.14696 0.41922 -0.88946 -0.18199 0.49349 -0.83053 -0.25824 0.5089 -0.85665 -0.0847 0.59966 -0.7583 -0.25572 0.61251 -0.78488 -0.09379 0.70664 -0.65923 -0.25703 0.69366 -0.71115 -0.1145 0.78135 -0.57113 -0.2516 0.79667 -0.59774 -0.08955 0.86171 -0.44455 -0.24459 0.85988 -0.49889 -0.10822 0.92436 -0.34516 -0.16257 -0.89779 -0.37563 0.22995 -0.81152 -0.24751 0.52931 -0.72215 -0.1331 0.67882 0.96982 -0.1391 0.20023 0.89842 -0.05374 0.43583 0.81475 0.01975 0.57948 0.70741 0.08033 0.70223 0.07593 -0.10256 0.99182 0.09809 -0.13345 0.98619 0.13289 -0.09852 0.98622 -0.79939 -0.56541 0.20321 -0.62851 -0.45203 0.63296 -0.72168 -0.68059 0.12641 -0.23986 -0.18536 0.95295 -0.65325 -0.61012 0.44835 -0.42251 -0.42953 0.79811 -0.59209 -0.78674 0.17457 -0.51171 -0.63517 0.57855 -0.17626 -0.24319 0.95383 -0.49666 -0.85249 0.16305 -0.41554 -0.7157 0.56134 -0.19783 -0.36015 0.91168 -0.38674 -0.90861 0.15766 -0.31951 -0.74554 0.58488 -0.26117 -0.92416 0.27878 -0.16543 -0.57858 0.79867 -0.12563 -0.98342 0.13077 -0.10658 -0.89785 0.42721 -0.081 -0.61723 0.7826 -0.02317 -0.23114 0.97264 -0.00201 -0.97705 0.21298 -0.00038 -0.7208 0.69315 0.12253 -0.97058 0.20726 0.09554 -0.76019 0.64264 0.04868 -0.38104 0.92328 0.26109 -0.95806 0.11812 0.23448 -0.88405 0.40432 0.18465 -0.65777 0.73023 0.07565 -0.25188 0.9648 0.37927 -0.90292 0.2022 0.30558 -0.72349 0.61902 0.11772 -0.28539 0.95115 0.50181 -0.85153 0.15191 0.41354 -0.72055 0.5566 0.22855 -0.39123 0.89146 0.58861 -0.73436 0.33801 0.37305 -0.46255 0.80429 0.67045 -0.6657 0.32763 0.36574 -0.35362 0.86092 0.74375 -0.60533 0.28356 0.55551 -0.41764 0.71901 0.85449 -0.49574 0.1552 0.72362 -0.4089 0.55604 0.39662 -0.19297 0.89747 0.9196 -0.37496 0.11725 0.80648 -0.33589 0.4866 0.41439 -0.15634 0.89657 -0.69752 -0.09513 0.71023 0.00438 -0.00635 0.99997 0.00438 -0.00635 0.99997 0.00438 -0.00635 0.99997 -0.00088 -0.01083 0.99994 -0.00127 -0.01147 0.99993 -0.00046 -0.01221 0.99993 0.0004 -0.01346 0.99991 0.00096 -0.01438 0.9999 0.00234 -0.01394 0.9999 0.00402 -0.01427 0.99989 0.00454 -0.01509 0.99988 0.00587 -0.01388 0.99989 0.00703 -0.01342 0.99989 0.00374 -0.01021 0.99994 0.00438 -0.00635 0.99997 0.00438 -0.00635 0.99997 0.00765 -0.00578 0.99995 0.01318 -0.00968 0.99987 0.01208 -0.00782 0.9999 0.01199 -0.0064 0.99991 0.01281 -0.00489 0.99991 0.00803 -0.00668 0.99995 0.01216 0.00206 0.99992 0.01829 0.00306 0.99983 0.01381 -0.00337 0.9999 0.00564 -0.00421 0.99998 0.00544 -0.00332 0.99998 0.00581 0.00832 0.99995 0.00573 0.01034 0.99993 0.00359 0.01045 0.99994 0.00062 0.01014 0.99995 -0.00128 0.00947 0.99995 -0.00367 0.0081 0.99996 -0.00577 0.00677 0.99996 -0.00886 0.0056 0.99995 0.00209 -0.00022 1 -0.0055 -0.00609 0.99997 -0.01167 -0.00079 0.99993 -0.00635 -5e-05 0.99998 0.00438 -0.00635 0.99997 -0.81179 -0.04231 0.58241 -0.94216 0.10655 0.31778 0.70372 0.09864 0.7036 0.84133 0.23827 0.48517 0.89211 0.38919 0.2295 0.10979 0.98623 0.12371 -0.25501 0.94603 0.20001 0.28869 0.15387 0.94498 0.77759 0.57162 0.26193 0.54388 0.40702 0.73384 0.72087 0.66721 0.18755 0.60439 0.63289 0.48391 0.3864 0.37137 0.84426 0.63025 0.74923 0.20356 0.5216 0.69078 0.50075 0.35101 0.444 0.82441 0.13018 0.13918 0.98167 0.48625 0.84341 0.22851 0.36449 0.63631 0.67989 0.14757 0.26192 0.95374 0.38472 0.88112 0.27498 0.26528 0.61559 0.74207 0.2696 0.92439 0.26983 0.19454 0.62733 0.75406 0.1183 0.91105 0.39496 0.09128 0.67529 0.73188 0.03698 0.28573 0.9576 0.01719 0.95877 0.28367 0.02414 0.65822 0.75244 -0.13551 0.96082 0.24178 -0.10184 0.72893 0.67697 -0.02862 0.27769 0.96024 -0.20871 0.77721 0.59361 -0.12966 0.4877 0.86333 -0.36262 0.89957 0.24347 -0.27485 0.68176 0.67799 -0.10785 0.25653 0.9605 -0.48892 0.84775 0.20564 -0.38696 0.67788 0.62509 -0.15227 0.26777 0.95137 -0.60073 0.77858 0.18149 -0.52355 0.67114 0.52485 -0.37054 0.47169 0.80013 -0.15012 0.191 0.97004 -0.69223 0.69532 0.19327 -0.63214 0.58162 0.51197 -0.39615 0.36891 0.84081 -0.79435 0.58022 0.17987 -0.65666 0.46983 0.58996 -0.84915 0.49006 0.19693 -0.18846 0.13146 0.97324 -0.70307 0.38114 0.60035 -0.48709 0.24919 0.83705 -0.91304 0.33808 0.22817 -0.64912 0.24808 0.71909 -0.27556 0.06973 0.95875 0.80591 0.58972 -0.05242 0.70221 0.70902 -0.06478 0.60341 0.79495 -0.06285 0.49516 0.86665 -0.06106 0.37824 0.92381 -0.0593 0.24616 0.96613 -0.07747 -0.60883 0.79132 -0.05602 -0.98732 0.11756 -0.10666 0.91472 0.37957 -0.1386 0.77736 0.58502 -0.23121 0.71192 0.66432 -0.22769 0.62634 0.74503 -0.22939 0.52608 0.81921 -0.22832 0.42085 0.88015 -0.21958 0.29486 0.92974 -0.22056 0.19523 0.96041 -0.19875 0.11199 0.9871 -0.11445 0.05958 0.97846 -0.19763 -0.01689 0.99315 -0.1156 -0.11369 0.98619 -0.12046 -0.17474 0.9558 -0.23645 -0.25988 0.96263 -0.0762 -0.31195 0.92094 -0.23359 -0.38352 0.92043 -0.07561 -0.42718 0.87349 -0.2335 -0.4999 0.86278 -0.07553 -0.53858 0.81091 -0.22883 -0.63307 0.73998 -0.22726 -0.70782 0.70226 -0.0763 -0.73761 0.64253 -0.20759 -0.78058 0.61712 -0.09934 -0.80584 0.54327 -0.23555 -0.86695 0.48253 -0.12477 -0.90912 0.34674 -0.2308 -0.91708 0.38799 -0.09183 0.93177 -0.20888 0.29695 0.99253 -0.08793 0.08458 0.99318 0.11578 0.01345 0.90002 -0.09116 0.42621 0.96766 -0.14633 0.2055 0.99109 0.13317 -0.00301 0.9912 0.13236 -0.00024 0.98964 0.14323 0.01032 0.90915 0.38834 0.15044 0.86995 0.4273 0.24617 0.91287 0.27671 0.30015 -0.9481 -0.31544 0.03999 -0.91518 -0.38475 0.12007 -0.8224 -0.5321 0.20134 -0.84239 -0.45485 0.28894 -0.99351 -0.11161 0.02211 -0.91857 0.07257 0.38853 -0.96049 0.16406 0.22482 -0.9758 0.14651 0.16231 -0.99117 -0.13243 0.00626 -0.99059 -0.13564 0.01825 -0.93541 -0.32502 0.13915 -0.90159 -0.27305 0.33553 0.99527 -0.0954 -0.0185 0.89462 0.0234 -0.44621 0.99181 0.12749 0.0082 -0.99451 0.08899 -0.055 -0.98779 0.09861 -0.12063 -0.95472 0.1843 -0.23353 -0.92677 0.02193 -0.375 -0.00507 0.99974 -0.02203 -0.99786 0.03417 0.0557 -0.93802 -0.34207 0.05579 -0.77692 -0.61445 0.1373 -0.22713 -0.94479 0.23619 -0.51203 -0.82318 0.24536 -0.40043 -0.88708 0.22967 -0.2871 -0.93236 0.21974 -0.16816 -0.95904 0.22795 -0.05859 -0.96863 0.24152 -0.38933 -0.90551 0.16874 0.43755 -0.8899 -0.12894 0.97581 -0.19803 0.09265 -0.27776 -0.94776 -0.15684 0.0076 -0.99825 -0.05872 0.63917 -0.74447 0.19295 0.3118 -0.91944 0.23961 0.4177 -0.88032 0.22486 0.5296 -0.8156 0.23306 0.6124 -0.75243 0.24253 0.70062 -0.6742 0.23364 0.4312 -0.86926 0.24176 0.84857 -0.50094 0.17025 0.82513 0.54691 0.1416 0.17124 0.9541 0.2457 0.45767 0.85704 0.2367 -0.53459 0.84246 -0.06691 -0.99257 -0.12121 0.0108 -0.99704 -0.07589 -0.01266 -0.99935 -0.03459 -0.01049 -0.99941 -0.03082 -0.01523 -0.99944 -0.02666 -0.02013 -0.94328 -0.32984 -0.03781 -0.96617 -0.2566 -0.0259 -0.95461 -0.29738 -0.01711 -0.94304 -0.33241 -0.01365 -0.95343 -0.30159 -0.00266 -0.95376 -0.30054 0.00347 -0.94791 -0.31838 0.00989 -0.86821 -0.49423 0.04404 -0.91197 -0.40757 0.04679 -0.9692 -0.2445 0.02963 -0.95198 -0.302 0.0504 0.05955 0.99743 0.03989 0.249 0.96458 0.08709 0.21139 0.97613 0.04975 0.23181 0.97246 0.02434 0.17737 0.98412 0.00642 0.12914 0.99162 0.00457 0.1724 0.98484 -0.01912 0.3629 0.92791 -0.0853 0.47765 0.85723 -0.19236 0.45172 0.8782 -0.15718 0.38831 0.91473 -0.11171 0.44086 0.89181 -0.10155 0.32591 0.94296 -0.06782 0.39749 0.91712 -0.02976 0.4247 0.90533 0.0029 0.42961 0.90259 0.02776 0.44462 0.89401 0.05531 0.41622 0.90603 0.07667 0.45356 0.88341 0.11774 -0.88475 -0.35381 0.30337 -0.92613 -0.19217 0.32457 -0.85998 -0.23936 0.45071 -0.87371 -0.21696 0.43539 -0.78923 -0.12782 0.60064 -0.89448 -0.10792 0.43388 -0.9023 -0.03436 0.42974 0.38933 -0.91941 0.05569 0.52238 -0.84663 -0.10168 0.48505 -0.87144 -0.073 0.28298 -0.95841 -0.03711 0.25938 -0.96569 -0.01292 0.42892 -0.90318 -0.01686 0.4564 -0.88962 0.01686 0.40386 -0.91442 0.02723 0.51869 -0.85163 0.07546 0.13568 -0.99075 -0.00382 -0.96615 -0.25654 -0.0272 -0.97271 -0.23128 -0.01844 -0.97334 -0.22893 -0.01396 -0.97428 -0.2253 -0.0049 -0.97459 -0.22401 -0.00083 -0.97432 -0.22515 0.0031 -0.97436 -0.2249 0.00702 -0.99692 0.0696 -0.03627 -0.99927 -0.02798 0.02599 -0.99931 0.02239 0.02964 -0.99947 0.02559 0.02002 -0.99552 0.09297 0.01728 -0.99799 0.06214 0.01272 -0.99994 0.01094 -0.00139 -0.99344 0.11353 -0.01385 -0.97585 0.21656 -0.0286 -0.99938 0.02888 -0.02033 -0.99383 0.10352 -0.03981 0.94293 0.33034 -0.04189 0.95639 0.29013 -0.03369 0.9533 0.302 -0.00424 0.94309 0.33173 -0.02328 0.96291 0.26975 -0.00603 0.86955 0.49384 0.0001 0.93925 0.34231 0.02535 0.94372 0.32871 0.03674 0.91992 0.38832 0.05433 0.9605 0.27601 0.03533 0.99713 0.07225 -0.0224 0.99349 0.11387 0.00322 0.99707 0.07464 -0.01702 0.99251 0.12211 0.00444 0.99921 0.0397 0.00132 0.99924 0.03865 0.00541 -0.43518 -0.89729 0.07403 -0.42851 -0.90235 0.04636 -0.41716 -0.90876 -0.01133 -0.40747 -0.91286 -0.02541 -0.42768 -0.90069 -0.0765 -0.4457 -0.88907 -0.10444 -0.46311 -0.87596 -0.13501 -0.4914 -0.85379 -0.17194 -0.51402 -0.83338 -0.20312 -0.20413 -0.97618 0.07353 -0.12886 -0.99003 0.05686 -0.25111 -0.96657 0.05185 -0.12403 -0.9916 0.03662 -0.22696 -0.97373 0.01824 -0.34431 -0.93883 0.00673 -0.29129 -0.95646 -0.01851 -0.26006 -0.96504 -0.03262 -0.231 -0.97192 -0.04474 -0.25952 -0.96348 -0.06599 -0.03209 -0.99837 -0.04719 -0.17595 -0.9813 -0.07811 -0.42488 -0.88935 -0.16889 -0.4531 -0.86946 -0.19681 0.88795 0.33688 0.31313 0.9272 0.18499 0.32571 0.87065 0.20675 0.44635 0.79404 0.13101 0.59358 0.88604 0.12516 0.44639 0.86677 0.02091 0.49827 -0.84139 -0.52975 0.10689 -0.76749 -0.6341 0.0942 -0.68848 -0.71892 0.09568 -0.60549 -0.7901 0.09552 -0.74137 -0.65113 0.16249 -0.56245 -0.82471 0.0592 -0.50696 -0.85662 0.09592 -0.6797 -0.72045 0.13774 -0.74889 -0.62467 0.22124 -0.38558 -0.9173 0.09948 -0.60282 -0.78083 0.16408 -0.50456 -0.84852 0.15949 -0.06523 -0.99685 0.04509 -0.19989 -0.97497 0.09734 -0.40432 -0.89855 0.17068 -0.50307 -0.83713 0.21478 -0.05255 -0.99339 0.10203 -0.28977 -0.94016 0.17926 -0.1729 -0.97031 0.16911 0.08939 -0.9916 0.09352 0.33509 -0.94102 0.04695 -0.0632 -0.98562 0.15669 0.21349 -0.97257 0.09239 0.0603 -0.98605 0.15515 0.32273 -0.94137 0.09836 -0.04318 -0.97581 0.21431 0.19993 -0.96792 0.15219 0.4498 -0.88815 0.09419 0.6378 -0.7686 0.0496 0.06013 -0.9747 0.21529 0.31802 -0.9355 0.15397 0.71265 -0.70004 0.04558 0.20156 -0.95534 0.21612 0.61391 -0.78345 0.09654 0.43508 -0.88625 0.15897 0.30505 -0.92798 0.21401 0.7152 -0.69198 0.09822 0.52315 -0.84162 0.13412 0.79045 -0.60529 0.09389 0.62449 -0.76548 0.15507 0.94105 -0.33439 0.05113 0.86079 -0.50008 0.09468 0.70918 -0.68629 0.16143 0.59548 -0.77389 0.21564 0.78505 -0.59962 0.15542 0.84951 -0.50587 0.14973 0.7994 -0.56194 0.21257 0.9194 -0.34073 0.19648 0.89181 -0.39775 0.21559 -0.63533 0.75628 -0.15619 -0.60751 0.78801 -0.09983 -0.47259 0.8796 -0.05446 -0.34638 0.93739 -0.03642 -0.57326 0.81916 0.01845 -0.41748 0.90811 0.03226 -0.44146 0.89574 0.0525 -0.45828 0.88612 0.06899 -0.25933 0.96449 0.04998 -0.45327 0.887 0.08823 0.66301 0.73046 -0.16385 0.69087 0.71155 -0.12804 0.72513 0.68829 0.02099 0.85229 0.49711 0.16274 0.86983 0.48742 0.07626 0.87642 0.47982 0.04089 0.87451 0.48501 -0.00061 0.87063 0.48988 -0.04495 0.85777 0.4988 -0.12421 0.94022 0.27429 0.20186 0.94473 0.2262 0.23732 0.85793 0.44007 0.26514 0.89031 0.39064 0.234 0.77724 0.57519 0.25507 0.78472 0.57314 0.23605 0.84948 0.48692 0.20319 0.60947 0.76272 0.21635 0.77321 0.59916 0.20775 0.76513 0.61897 0.17734 0.82065 0.55737 0.12594 0.82355 0.56066 0.08619 0.72751 0.6804 0.08825 0.81946 0.56843 0.07326 0.8368 0.54725 0.01707 0.82952 0.5583 -0.01409 0.80843 0.58827 -0.01939 0.86802 0.48878 -0.08739 0.81196 0.56729 -0.13751 0.8124 0.56078 -0.15978 0.95505 0.22128 -0.19727 0.90035 0.4006 -0.16996 0.91784 0.3533 -0.18096 0.99254 0.09954 -0.0704 0.20566 0.72585 0.65638 0.6978 0.69355 0.17905 0.60267 0.7853 0.14173 0.71133 0.69172 -0.12465 -0.09002 0.90743 -0.41044 0.32456 0.48505 -0.81203 0.81982 0.23838 -0.52064 0.09879 0.22985 -0.9682 0.49424 0.06915 -0.86657 0.40766 -0.42947 -0.80584 0.80718 -0.25161 -0.534 0.53749 -0.6272 -0.56366 0.60687 -0.67981 -0.41178 0.74969 -0.65462 -0.09714 0.8669 -0.4967 0.04216 0.85007 -0.44134 0.2874 -0.04723 0.8137 0.57936 0.24712 0.9385 0.24114 0.12875 0.98777 0.08798 0.97959 0.12435 -0.15795 0.97496 0.21843 0.04168 0.22048 0.90832 -0.35545 0.39137 0.67863 -0.62152 0.21377 -0.3383 -0.91644 0.39592 -0.79696 -0.45619 0.34014 -0.93038 -0.13673 0.42438 -0.9023 0.07587 0.41452 -0.87206 0.26016 0.99587 0.00507 -0.09064 0.55263 -0.72388 0.41302 0.5042 0.85107 -0.14654 0.4399 -0.65848 0.61065 -0.95574 -0.1518 -0.25201 -0.94335 -0.25164 -0.21628 -0.91544 -0.36424 -0.17116 -0.91759 -0.36036 -0.16781 -0.79305 -0.54235 0.27738 -0.72216 -0.67692 0.14234 -0.72695 -0.68629 -0.02347 -0.59813 -0.78624 -0.15515 -0.47164 -0.81814 -0.32894 -0.21577 -0.66754 -0.71263 -0.28546 -0.3819 -0.87901 -0.6955 -0.14384 -0.70398 -0.50893 0.19416 -0.83862 -0.04273 0.94076 -0.33638 -0.15933 -0.87255 0.4618 -0.99048 -0.12234 -0.06312 -0.19558 -0.94979 0.24421 -0.18251 -0.98089 0.06736 -0.98481 -0.09199 -0.14727 -0.09001 -0.98803 -0.1253 0.05077 -0.88645 -0.46002 -0.9144 -0.21408 -0.34356 -0.93272 -0.15467 -0.32575 -0.45356 0.54606 -0.70434 -0.91215 0.0509 -0.40669 -0.54879 0.79166 -0.26851 -0.97272 0.02966 -0.23008 -0.58521 0.81014 -0.0348 -0.97978 0.12452 -0.15661 -0.5332 0.82941 0.16664 -0.97321 0.22593 -0.04259 -0.56707 0.71529 0.4084 -0.97508 0.14645 0.16664 -0.93057 -0.28738 0.22681 -0.8461 -0.50601 0.16752 -0.87078 -0.47614 0.12263 -0.86904 -0.48759 0.08381 -0.87635 -0.47965 0.04404 -0.87154 -0.49032 -0.00132 -0.87526 -0.48176 -0.0428 -0.87571 -0.47396 -0.09212 -0.74566 -0.61329 -0.26052 -0.96678 -0.177 0.18441 -0.93227 -0.3145 0.17877 -0.878 -0.4444 0.17785 -0.97683 -0.15847 0.14387 -0.93526 -0.32302 0.1447 -0.96162 -0.25743 0.09498 -0.92257 -0.37363 0.09624 -0.96736 -0.2475 0.05446 -0.93247 -0.3571 0.05465 -0.97988 -0.19929 0.01112 -0.94839 -0.31693 0.01067 -0.91228 -0.40943 0.01083 -0.98742 -0.15579 -0.02692 -0.96382 -0.26471 -0.03125 -0.92747 -0.37231 -0.03437 -0.97689 -0.2003 -0.0746 -0.93986 -0.33292 -0.07631 -0.8787 -0.46537 -0.10635 -0.80949 -0.56424 -0.16237 0.96766 0.17539 0.18131 0.93473 0.30805 0.17715 0.8839 0.43274 0.17737 0.97313 0.18578 0.136 0.93715 0.31911 0.14116 0.88358 0.44831 0.1353 0.96889 0.23113 0.0885 0.92572 0.36686 0.09198 0.97501 0.2169 0.048 0.93758 0.34433 0.04886 0.97458 0.22395 0.00655 0.93319 0.3593 0.00821 0.96501 0.25985 -0.035 0.92747 0.37211 -0.03662 0.97094 0.22439 -0.08325 0.93811 0.33617 -0.08333 0.91656 0.38319 -0.1144 0.85702 0.48432 -0.17593 -0.34831 0.93504 -0.06611 -0.39951 0.91669 0.00834 -0.28228 0.92538 0.25296 0.02672 0.97913 0.20146 0.03697 0.99433 -0.09967 0.01248 0.99012 -0.13966 0.04174 0.98569 -0.1633 -0.15224 0.95597 0.25089 -0.27486 0.94606 0.17151 -0.23422 0.96684 0.10178 -0.3107 0.94889 0.05541 -0.12485 0.99189 -0.02369 -0.16597 0.97298 -0.16053 -0.66251 -0.74886 -0.01734 -0.72427 -0.68927 0.01866 -0.72131 -0.69036 0.05575 -0.69007 -0.71873 0.08503 -0.64521 -0.74303 0.17779 -0.60127 -0.77365 0.19987 -0.68489 -0.68265 0.25479 -0.79369 -0.55917 0.23955 -0.87606 -0.4286 0.22095 -0.80473 -0.55645 0.20681 -0.81259 -0.56647 0.13712 -0.83452 -0.54853 0.0518 -0.83664 -0.54747 0.01745 -0.83838 -0.54488 -0.01485 -0.82761 -0.55938 -0.04636 -0.79226 -0.60094 -0.10578 -0.77333 -0.62312 -0.11694 -0.81636 -0.55499 -0.15981 -0.81556 -0.54741 -0.1876 0.99944 -0.00547 0.03315 0.99971 0.00364 0.02363 0.99888 -0.04069 0.02424 0.99738 -0.07101 0.01367 0.9999 -0.01189 0.00712 0.96707 -0.25361 0.02132 0.99521 -0.09685 -0.01304 0.99977 -0.01143 -0.01831 0.99763 -0.0654 -0.02123 0.99784 -0.055 -0.03596 0.9965 -0.07132 -0.04352 0.99656 -0.06915 -0.04571 0.97321 0.22957 0.01288 0.97365 0.22788 0.00899 0.97408 0.22614 0.00491 0.9744 0.22483 0.00102 0.97423 0.22555 -0.00289 0.97432 0.22505 -0.00688 0.97376 0.22731 -0.01105 0.97313 0.22973 -0.01562 0.97236 0.23259 -0.02035 0.9709 0.23807 -0.02593 0.27715 -0.94392 -0.17944 0.31007 -0.93589 0.16722 0.34526 -0.91023 0.22865 -0.14201 -0.96322 0.22811 -0.07012 -0.98712 0.14381 -0.01454 -0.99711 -0.07456 -0.02613 -0.98179 -0.18816 0.13507 -0.97105 0.19703 0.14966 -0.97928 0.13642 0.17686 -0.98284 0.0524 0.15405 -0.98806 -0.00382 0.16345 -0.98625 -0.02453 0.12968 -0.97878 -0.15866 0.15584 -0.97718 -0.14431 0.65017 -0.74589 -0.14464 0.09768 -0.9952 -0.00664 0.76291 -0.64264 -0.07059 0.75777 -0.64983 -0.0592 0.71043 -0.70236 -0.04453 0.726 -0.68749 0.017 0.08893 -0.99602 -0.00577 0.74554 -0.6617 0.07947 0.77188 -0.62726 0.10362 0.62478 -0.77514 0.09385 -0.03789 -0.99784 -0.05373 0.21271 -0.97693 -0.0189 0.33503 -0.94148 -0.03689 0.10675 -0.99428 -0.00142 0.5632 -0.82626 -0.01009 0.14198 -0.98986 -0.00379 0.53719 -0.84308 0.02541 0.4736 -0.8784 0.06424 0.60847 -0.78038 0.14416 0.39731 -0.91315 0.09108 0.20509 -0.97843 -0.02485 0.57327 -0.81559 -0.07858 0.20784 -0.97816 0.00089 0.07644 -0.99695 -0.01595 0.70881 -0.69412 -0.12563 0.15907 -0.98726 -0.00291 -0.54115 -0.83687 -0.08253 0.09168 -0.99575 -0.00843 0.3259 -0.9454 -0.00019 0.01212 -0.9959 -0.08959 0.22118 -0.97506 -0.01825 -0.4929 -0.86967 0.027 -0.27078 -0.9621 0.0324 -0.50291 -0.85578 0.12132 -0.06361 -0.99691 0.046 -0.38165 -0.91687 -0.11698 -0.519 -0.85418 -0.03196 -0.37651 -0.92641 0.00077 -0.53469 -0.83909 0.10019 0.1274 -0.99179 -0.01092 -0.32816 -0.93503 0.1343 -0.23449 -0.96577 0.11089 0.35399 -0.93193 -0.07873 0.01931 -0.99957 -0.02214 0.05423 -0.99853 -0.00236 -0.15478 -0.98756 0.02774 -0.33741 -0.92566 0.1712 0.25715 -0.96625 0.01509 -0.50163 -0.85707 -0.11742 -0.36696 -0.91242 0.18118 -0.48312 -0.87001 0.09837 -0.34596 -0.93357 0.09356 -0.82272 -0.5676 0.03087 -0.78738 -0.61607 0.02222 -0.26186 -0.96488 0.02104 -0.28416 -0.95877 -0.00371 -0.79587 -0.60383 -0.04453 -0.27528 -0.95597 -0.10168 -0.26479 -0.95599 -0.12639 -0.86091 -0.50535 -0.05871 -0.61962 -0.76635 0.16966 -0.84695 -0.52409 0.08948 -0.25621 -0.95092 0.17354 -0.63863 -0.76289 0.10078 -0.87989 -0.47423 0.03002 -0.80856 -0.5881 -0.01931 -0.4573 -0.88785 -0.05106 -0.28794 -0.94718 -0.14121 -0.49009 -0.85796 -0.15403 -0.31009 -0.94743 0.07882 -0.83762 -0.54625 0.00115 -0.83802 -0.54319 -0.05159 -0.26167 -0.96356 0.05546 -0.26856 -0.96298 -0.02326 0.5109 -0.82713 0.23418 0.72205 -0.682 0.11626 0.9361 -0.34697 0.05775 0.47274 -0.87793 0.07586 0.47395 -0.87908 0.05096 0.61016 -0.79174 0.02925 0.95484 -0.29711 -0.00158 0.54954 -0.83338 -0.05908 0.47019 -0.87833 -0.08637 0.95445 -0.29229 -0.05987 0.54316 -0.82823 -0.13788 0.91837 -0.38504 -0.09135 0.6343 -0.75432 -0.1693 0.92663 -0.3593 0.11076 0.93721 -0.33815 0.08537 0.50087 -0.85975 0.09977 0.91003 -0.41192 0.0465 0.9105 -0.40968 -0.05606 0.95051 -0.31032 0.01553 0.53836 -0.84272 -0.00049 0.8854 -0.46437 -0.02083 0.95261 -0.30259 -0.03118 0.53661 -0.83452 -0.12499 0.53594 -0.82405 0.18361 0.49354 -0.8682 -0.05153 0.53332 0.84296 -0.0706 -0.09978 0.995 0.00487 -0.15608 0.98771 0.00874 0.56504 0.82405 0.04095 0.43709 0.89798 0.05084 -0.12378 0.99226 0.00988 0.49168 0.86247 0.11998 -0.19712 0.98032 -0.01094 0.43143 0.88931 0.15165 0.28578 0.94516 0.15813 0.21243 0.97419 -0.07629 0.48333 0.87503 -0.02678 0.55518 0.83158 -0.01564 0.39136 0.92015 0.01254 0.52684 0.84332 0.10607 -0.11971 0.99281 0.00235 -0.3958 0.91363 -0.09281 0.23018 0.96263 0.14271 -0.18205 0.98314 0.01701 0.31517 0.94647 -0.06968 -0.15445 0.98793 0.01143 0.09018 0.99592 0.00448 -0.15379 0.98808 0.00645 -0.25136 0.96788 -0.00532 0.16756 0.9848 0.04569 -0.24242 0.96965 0.03176 0.84616 0.52943 -0.06098 0.39411 0.91312 -0.10437 0.56138 0.8249 -0.06621 0.84285 0.53752 -0.02595 0.1618 0.98614 -0.0366 0.3315 0.94337 0.01263 0.37166 0.92766 0.03634 0.59282 0.79897 0.10107 0.26011 0.95451 0.1458 0.32588 0.92192 0.20944 0.31689 0.91984 0.23124 0.4638 0.8731 -0.15029 0.83141 0.55067 -0.07431 0.20924 0.9759 0.06196 0.80397 0.58896 0.0822 0.56078 0.81314 0.15598 0.84915 0.51858 0.10006 0.44266 0.8887 -0.11941 0.84246 0.53688 -0.04486 0.3127 0.94825 -0.05523 0.83742 0.54638 -0.01367 0.87943 0.47604 -0.00035 0.72389 0.6886 0.0426 0.87079 0.49047 0.03408 0.31967 0.94154 0.10639 0.37432 0.89473 0.24362 0.26566 0.96404 -0.00745 0.78417 0.61646 0.07107 -0.45262 0.8826 -0.12711 -0.90942 0.41583 0.0069 -0.94135 0.3313 0.06409 -0.90282 0.41923 0.09575 -0.59959 0.78072 0.17596 -0.93394 0.33799 0.11624 -0.57841 0.80922 -0.103 -0.78992 0.60976 -0.06493 -0.53103 0.84719 -0.01651 -0.93399 0.35731 -0.00069 -0.7407 0.67112 0.03107 -0.64457 0.76054 0.0782 -0.93567 0.34771 0.06016 -0.52139 0.82802 0.20624 -0.71734 0.66243 0.21589 -0.95304 0.29674 -0.06046 -0.84875 0.52753 -0.0365 -0.85038 0.52437 0.04346 -0.95387 0.2868 0.08878 -0.54439 0.827 -0.14041 -0.48701 0.86359 0.13051 -0.43939 0.86391 0.24618 -0.74285 0.66682 -0.05947 -0.76136 0.64704 -0.0409 -0.75815 0.65087 -0.03971 -0.77558 0.63065 0.02749 -0.74453 0.66221 0.0846 -0.7444 0.65709 0.11873 -0.67467 0.72988 0.11 0.03965 0.99871 -0.03169 -0.34852 0.93505 0.06498 0.09635 0.99337 -0.06264 0.14272 0.98528 -0.09405 -0.07027 0.99731 0.02109 -0.1633 0.98658 0.00128 -0.10644 0.99423 0.01319 -0.24752 0.96886 0.00612 -0.60975 0.79252 0.01117 -0.22884 0.97344 0.00697 0.06367 0.99776 -0.02033 -0.53341 0.83932 0.10499 -0.62022 0.76645 0.16698 -0.44218 0.88945 0.11555 -0.57553 0.81074 -0.10713 -0.66968 0.73877 -0.07584 -0.4954 0.86802 0.0335 -0.09495 0.99548 -0.00017 -0.68147 0.72473 -0.10181 0.07342 0.99648 0.04045 -0.75138 0.65646 0.06706 -0.19885 0.98003 0.00155 -0.10499 0.98508 -0.13639 0.12688 0.85858 -0.49673 0.21545 0.54618 -0.80949 0.65601 0.27474 -0.70297 -0.07195 0.5399 -0.83865 -0.17258 0.98435 0.03552 -0.09311 0.98276 -0.15972 0.12223 0.84342 -0.52317 0.3557 0.66636 -0.65532 0.44521 0.51794 -0.73043 0.62 0.30262 -0.7239 0.65373 0.25815 -0.71134 0.72147 -0.0075 -0.6924 0.75383 -0.03273 -0.65625 0.71142 1e-05 -0.70277 0.69259 0.01373 -0.7212 0.56822 -0.32168 -0.7574 0.45655 -0.5633 -0.68866 0.30316 -0.82712 -0.47325 0.16416 -0.97822 -0.12701 0.14043 -0.9898 0.02407 0.64095 -0.2062 -0.73937 0.54203 -0.43682 -0.7179 0.31974 -0.82707 -0.46231 0.16153 -0.97691 -0.13981 0.13248 -0.99066 0.03214 0.09165 -0.96261 0.25491 0.12612 -0.94006 0.31682 0.13989 -0.91431 0.38008 0.17066 -0.87902 0.4452 0.12305 -0.86128 0.49301 0.08813 -0.96227 0.25741 0.10998 -0.95142 0.28758 0.14778 -0.9104 0.38643 0.14948 -0.86879 0.47208 -0.73004 0.05972 -0.68079 -0.67933 0.13371 -0.72155 -0.50284 0.45513 -0.73486 -0.32421 0.79356 -0.51492 -0.18618 0.9695 -0.1594 -0.15489 0.9879 -0.00749 -0.6029 0.2874 -0.74425 -0.45059 0.64481 -0.61741 -0.25935 0.9295 -0.26223 -0.17074 0.98511 -0.02 -0.10649 0.95601 0.27332 -0.10324 0.9538 0.28215 -0.11372 0.96064 0.25345 -0.1096 0.95805 0.26482 -0.13519 0.90083 0.41258 -0.14038 0.88342 0.44705 -0.13531 0.86787 0.478 -0.14189 0.88556 0.44233 -0.13965 0.86859 0.47545 0.95796 -0.08015 0.27547 0.9633 -0.08896 0.25324 0.96443 -0.09294 0.24745 0.95042 -0.20405 0.23466 0.95121 -0.18956 0.24345 0.94777 -0.15647 0.27794 0.94009 -0.07651 0.33222 -0.90654 -0.34035 0.24971 -0.90495 -0.32966 0.26905 -0.90194 -0.31583 0.29453 -0.90397 -0.30831 0.2963 -0.8889 -0.32165 0.3262 -0.87089 -0.40935 0.27201 -0.867 -0.43553 0.24212 -0.84959 -0.47435 0.23062 0.78387 -0.59001 0.1935 0.89858 -0.38529 0.21003 0.86589 -0.45555 0.20664 0.90551 -0.37199 0.20414 0.84851 -0.49203 0.19479 -0.82893 -0.51514 0.21797 -0.77116 -0.60102 0.20998 -0.71402 -0.66902 0.20636 -0.76532 -0.60644 0.21565 -0.60288 -0.76964 0.21021 -0.69338 -0.69146 0.20272 -0.49847 -0.84073 0.2114 -0.61786 -0.75985 0.20217 -0.37549 -0.90283 0.20955 -0.50246 -0.8392 0.20802 -0.25143 -0.94398 0.21373 -0.37295 -0.90446 0.20704 -0.13497 -0.96798 0.21164 -0.22948 -0.95207 0.20224 0.00133 -0.9797 0.20045 -0.09359 -0.97347 0.2088 0.13489 -0.96864 0.20868 0.06831 -0.97359 0.21783 0.24797 -0.94704 0.20404 0.35613 -0.91194 0.20378 0.23698 -0.94809 0.21204 0.47581 -0.85565 0.20363 0.35635 -0.91186 0.20378 0.59533 -0.77726 0.20361 0.47581 -0.85565 0.20363 0.70205 -0.68236 0.20374 0.59528 -0.77729 0.20361 0.79975 -0.56248 0.2098 0.69994 -0.68559 0.20014 0.93654 -0.2795 0.21162 -0.95466 0.07756 0.28741 -0.96062 0.0858 0.26429 -0.94209 0.23702 0.23725 -0.949 0.16145 0.27079 -0.94065 0.06942 0.3322 -0.90463 0.36714 0.21643 -0.89033 0.40003 0.21744 -0.9133 0.34445 0.21733 0.89676 0.3327 0.29177 0.86651 0.42512 0.26159 0.84541 0.48139 0.2314 0.81325 0.54363 0.20758 0.80918 0.54842 0.21085 0.90376 0.32344 0.28036 0.9128 0.30186 0.27508 0.55235 0.80581 0.21351 0.49791 0.84033 0.21432 0.44131 0.8714 0.21424 0.49347 0.84293 0.21435 -0.5455 0.80918 0.21829 -0.59771 0.77131 0.21869 -0.64746 0.7302 0.21818 -0.59911 0.77022 0.21869 -0.93621 0.08281 -0.34154 -0.9393 0.1889 -0.28642 -0.92824 0.26078 -0.26527 -0.90513 0.34776 -0.24456 -0.90366 0.35008 -0.24666 -0.94999 0.09072 -0.29881 -0.94505 0.08028 -0.31691 -0.94449 0.07279 -0.32038 -0.9354 0.19525 -0.29481 -0.93744 0.25435 -0.23774 -0.77892 0.57196 -0.25719 -0.81523 0.52043 -0.25406 -0.87564 0.41471 -0.24753 -0.91807 0.30686 -0.25097 -0.60064 -0.75274 -0.26947 -0.8078 -0.52872 -0.26062 -0.72982 -0.63041 -0.26447 -0.65037 -0.71233 -0.26385 -0.86848 -0.40816 -0.28134 -0.9671 -0.14509 -0.20896 -0.96385 -0.13804 -0.22791 -0.93767 -0.12705 -0.32346 -0.71308 -0.66437 -0.22391 -0.65906 -0.70737 -0.25547 -0.9333 -0.26224 -0.24534 -0.87471 -0.41627 -0.24821 -0.96055 -0.16602 -0.22313 -0.92821 -0.28946 -0.23374 -0.79306 -0.55636 -0.24805 -0.87886 -0.41648 -0.23268 -0.70165 -0.66711 -0.25028 -0.81853 -0.52542 -0.23225 -0.75767 -0.6121 -0.22642 -0.82174 -0.06659 -0.56596 -0.85808 0.0064 -0.51348 -0.90282 0.0828 -0.42197 -0.80671 -0.14719 -0.57232 -0.77681 -0.30217 -0.5525 -0.79588 -0.32883 -0.50838 -0.85339 0.14587 -0.50045 -0.83128 0.09187 -0.54821 -0.85435 -0.34055 -0.39256 -0.80544 -0.24014 -0.54185 -0.8837 -0.05583 -0.46471 -0.76733 -0.07284 -0.6371 -0.78218 -0.11301 -0.61272 -0.79772 -0.14561 -0.58518 -0.93816 0.02681 -0.34517 -0.87704 -0.24889 -0.41091 -0.9018 -0.20159 -0.38225 -0.84036 -0.08651 -0.53507 -0.85535 0.4713 -0.21507 -0.82542 0.5095 -0.2431 -0.86029 0.44919 -0.24109 -0.92327 0.30137 -0.23823 -0.87973 0.42019 -0.22251 -0.96207 0.13622 -0.23636 -0.91133 0.34655 -0.22222 -0.94462 0.23981 -0.22401 -0.97054 -0.02791 -0.23932 -0.96489 0.13754 -0.22376 -0.97491 0.01204 -0.22226 -0.9674 -0.13405 -0.21486 0.93358 -0.0781 -0.34976 0.93705 -0.18554 -0.29581 0.92588 -0.25849 -0.27557 0.90311 -0.34441 -0.25645 0.90165 -0.3467 -0.25851 0.94868 -0.08633 -0.30423 0.9473 -0.08597 -0.30861 0.94158 -0.07595 -0.32812 0.94171 -0.06927 -0.32923 0.59688 0.75445 -0.27301 0.80104 0.53584 -0.26687 0.72655 0.63321 -0.26677 0.64799 0.71412 -0.26483 0.84866 0.41922 -0.32253 0.93131 -0.19139 -0.3099 0.93517 -0.25139 -0.2495 0.77431 -0.56688 -0.28124 0.80871 -0.51727 -0.28003 0.87009 -0.40961 -0.27416 0.91385 -0.30105 -0.27248 0.97651 0.12872 -0.17279 0.9734 0.11921 -0.19568 0.88569 0.30541 -0.34969 0.92579 0.16994 -0.33768 0.66981 0.69694 -0.25618 0.69101 0.68378 -0.23442 0.7371 0.64727 -0.19423 0.73162 0.66208 -0.16243 0.73414 0.66418 -0.14107 0.92978 0.26405 -0.25647 0.9597 0.15764 -0.23265 0.84995 0.46066 -0.25567 0.92205 0.3108 -0.2307 0.88405 0.40722 -0.22939 0.74638 0.61575 -0.25255 0.83296 0.50554 -0.22496 0.94864 0.24806 -0.19634 0.89455 0.40173 -0.19596 0.74324 0.6286 -0.22903 0.95535 0.24326 -0.16771 0.94203 0.29235 -0.16466 0.79784 0.57038 -0.19524 0.93297 0.31848 -0.16774 0.92519 0.3413 -0.16594 0.91299 0.37443 -0.16203 0.893 0.41966 -0.1626 0.87063 0.46293 -0.16645 0.85368 0.49196 -0.17087 0.83923 0.51723 -0.16781 0.81632 0.55459 -0.1614 0.94931 0.27952 -0.1438 0.79671 0.58293 -0.15953 0.94125 0.30565 -0.1436 0.77407 0.61172 -0.16314 0.93248 0.33155 -0.1434 0.92299 0.3572 -0.14319 0.74817 0.64254 -0.16549 0.90726 0.3951 -0.14415 0.8841 0.44463 -0.14374 0.86513 0.48099 -0.14215 0.85154 0.50472 -0.14194 0.82977 0.5395 -0.1429 0.8069 0.57353 -0.14131 0.79077 0.59562 -0.1411 0.76531 0.62779 -0.14206 0.81034 0.14649 -0.56735 0.80463 0.32316 -0.49813 0.83425 -0.12674 -0.53662 0.81627 0.07265 -0.57308 0.83485 0.27438 -0.47722 0.86482 -0.05102 -0.49948 0.75515 0.08643 -0.64983 0.74401 0.11265 -0.6586 0.74931 0.12737 -0.64985 0.79019 0.14548 -0.59534 0.80315 0.14763 -0.57719 0.94148 0.05193 -0.33306 0.93498 -0.07069 -0.34758 0.83403 0.15454 -0.52963 0.84399 0.07089 -0.53166 0.81205 -0.52068 -0.26357 0.84143 -0.48763 -0.23284 0.8618 -0.46019 -0.21335 0.8546 -0.44943 -0.26012 0.92161 -0.28843 -0.25969 0.8736 -0.42763 -0.23227 0.96239 -0.08789 -0.25706 0.92178 -0.31313 -0.22861 0.95284 -0.19781 -0.23014 0.904 -0.37641 -0.20274 0.97261 -0.0393 -0.22909 0.95533 -0.22178 -0.19535 0.9099 -0.37492 -0.17753 0.97951 -0.03529 -0.19827 0.93067 -0.31883 -0.17944 0.9656 -0.18931 -0.17827 0.9811 -0.07434 -0.17865 0.98385 0.03787 -0.17495 -0.59874 -0.78741 -0.14663 -0.56884 -0.8092 -0.14701 -0.53815 -0.8299 -0.1472 -0.57116 -0.80757 -0.14699 -0.29576 -0.95143 -0.08548 -0.23632 -0.96786 -0.08599 -0.17599 -0.98061 -0.08618 -0.23488 -0.96821 -0.086 -0.48574 -0.86154 -0.14766 -0.45312 -0.87908 -0.14796 -0.41994 -0.89539 -0.14806 -0.4448 -0.88332 -0.148 -0.04065 -0.98781 -0.15028 -0.0037 -0.98858 -0.15062 0.03334 -0.98801 -0.15075 -0.01619 -0.98847 -0.15053 0.07391 -0.98578 -0.15093 0.10248 -0.9832 -0.15105 0.13091 -0.97982 -0.15104 0.11406 -0.98192 -0.15106 0.35626 -0.92198 -0.15178 0.38985 -0.90828 -0.1518 0.42277 -0.89346 -0.15162 0.41213 -0.89841 -0.1517 0.78406 -0.60191 -0.15151 0.80257 -0.57699 -0.15154 0.82034 -0.55146 -0.15143 0.79751 -0.58396 -0.15155 0.85935 -0.48858 -0.15104 0.87424 -0.46138 -0.1511 0.88835 -0.43363 -0.15101 0.86456 -0.47928 -0.15108 0.89322 0.39575 0.21339 0.88591 0.41515 0.20692 0.87815 0.42621 0.21725 0.85161 0.44904 0.27042 0.83423 0.47976 0.27183 0.84131 0.46259 0.27965 0.9686 0.22759 -0.10011 0.96684 0.24117 -0.08407 0.96816 0.23126 -0.09579 0.96908 0.22314 -0.10533 0.94595 0.30687 -0.10496 0.94163 0.31991 -0.10487 0.93713 0.3329 -0.10476 0.94163 0.31991 -0.10487 0.92759 0.35867 -0.10455 0.92256 0.37145 -0.10446 0.91735 0.38417 -0.10434 0.92256 0.37145 -0.10446 0.89477 0.43427 -0.10393 0.88869 0.44659 -0.10383 0.88245 0.45883 -0.10372 0.88869 0.44659 -0.10383 0.8558 0.50689 -0.10329 0.84872 0.51867 -0.1032 0.84149 0.53035 -0.10308 0.84872 0.51867 -0.1032 0.99361 0.11282 0.00137 0.99065 0.13532 -0.01731 0.99093 0.12355 -0.05282 0.77362 0.63044 -0.06365 0.81587 0.57623 -0.04824 0.82319 0.5677 0.00827 0.80964 0.5867 0.01632 0.95843 0.2783 -0.0629 0.94266 0.32724 -0.06558 0.92485 0.37573 -0.05902 0.90771 0.41613 -0.05384 0.89013 0.45176 -0.05993 0.86913 0.4904 -0.06422 0.84751 0.52717 -0.06171 0.82161 0.56725 -0.05645 0.9472 0.3169 -0.04879 0.79159 0.60812 -0.05986 0.8676 0.49496 -0.04776 0.95799 0.2861 -0.01986 0.91076 0.41254 -0.01836 0.85991 0.51027 -0.0135 0.98695 0.16102 0.00044 0.98049 0.19651 -0.00446 0.97258 0.23254 -0.0042 0.96358 0.2674 0.00122 0.82898 0.55924 -0.00674 0.9556 0.29464 0.0027 0.94448 0.32856 0.00105 0.93062 0.36598 -0.00032 0.91758 0.39754 0.00224 0.90593 0.42341 0.00373 0.89354 0.44897 0.00267 0.87842 0.47787 0.00349 0.83818 0.54533 0.00846 0.91931 -0.38926 -0.05785 0.93078 -0.36377 -0.0363 0.91741 -0.39792 0.00535 0.93368 -0.35346 -0.05755 0.96239 -0.26483 -0.06062 0.98696 -0.15169 -0.05391 0.99786 -0.03885 -0.0526 0.94966 -0.31124 -0.03577 0.9991 0.02303 -0.03572 0.97914 -0.20007 -0.03541 0.92379 -0.38287 0.00403 0.99836 -0.04629 -0.03356 0.93433 -0.3564 0.00387 0.94375 -0.33063 0.00511 0.95469 -0.29756 0.00565 0.9989 0.04194 -0.02082 0.96627 -0.25746 0.00542 0.97604 -0.21751 0.00606 0.9845 -0.17537 0.00381 0.99096 -0.13416 -0.00066 0.99528 -0.09705 0.00107 0.91707 -0.39786 0.02637 0.99814 -0.06068 0.00658 0.99998 -0.00554 0.00324 0.92911 -0.36884 0.02685 0.93893 -0.34304 0.02697 0.94805 -0.31697 0.0271 0.96039 -0.27743 0.02604 0.97102 -0.23741 0.0275 0.98005 -0.19698 0.02646 0.98733 -0.15622 0.02794 0.99298 -0.11518 0.02692 0.99686 -0.07395 0.02842 0.99851 -0.04639 0.02859 0.79475 0.59823 -0.10245 0.78641 0.60916 -0.10235 0.77793 0.61997 -0.10224 0.78641 0.60916 -0.10235 0.98369 0.15618 0.0892 0.98557 0.14403 0.08893 0.98331 0.15855 0.08925 0.98159 0.16875 0.08946 0.99408 0.09088 0.05956 0.98515 0.16554 0.04549 0.98822 0.14615 0.04538 0.99662 0.03969 0.07197 0.99079 0.1224 0.05799 0.99675 0.04217 0.06864 0.96244 0.26754 0.04626 0.96604 0.25422 0.04616 0.96244 0.26754 0.04626 0.95865 0.2808 0.04636 0.92703 0.37202 0.04708 0.93208 0.35918 0.04697 0.92703 0.37202 0.04708 0.9218 0.38479 0.04718 0.80577 0.59001 0.05128 0.79793 0.60004 0.05719 0.84635 0.53231 0.01836 0.82709 0.56101 0.03452 0.89235 0.42798 0.14334 0.89423 0.42902 0.12763 0.89518 0.42955 0.11889 0.89334 0.42853 0.13532 0.85442 0.48795 0.17853 0.85529 0.4885 0.17275 0.85612 0.48902 0.16712 0.85527 0.48848 0.17292 0.87612 0.43624 0.20523 0.86685 0.45797 0.19706 0.86367 0.46437 0.19603 0.86796 0.45757 0.19309 0.86181 0.4711 0.188 -0.89134 -0.39847 0.21617 -0.88408 -0.41779 0.20939 -0.87624 -0.42898 0.21951 -0.84923 -0.45249 0.27215 -0.83184 -0.48322 0.27302 -0.83886 -0.46615 0.28112 -0.98232 -0.10431 -0.15546 -0.97341 -0.15785 -0.166 -0.9745 -0.15103 -0.16598 -0.98824 -0.04894 -0.14486 -0.97826 -0.13392 -0.15834 -0.87845 -0.45286 0.15245 -0.87995 -0.45353 0.14144 -0.88085 -0.45393 0.13432 -0.87938 -0.45327 0.14575 -0.8596 -0.47842 0.17942 -0.86041 -0.47883 0.17442 -0.85634 -0.48972 0.1639 -0.85543 -0.49061 0.16598 -0.84961 -0.50371 0.1563 -0.87431 -0.43886 0.20734 -0.86512 -0.46048 0.19882 -0.86195 -0.46687 0.19768 -0.86626 -0.46003 0.19486 -0.86016 -0.47349 0.18955 -0.66871 -0.69268 0.27021 -0.69676 -0.66653 0.26509 -0.63863 -0.71825 0.27619 -0.63307 -0.72263 0.27754 -0.67143 -0.68999 0.27036 0.02852 -0.95834 0.28421 0.04501 -0.95608 0.28962 0.01068 -0.96044 0.27827 0.04126 -0.95662 0.2884 -0.91318 0.00655 0.40751 -0.91013 -0.01629 0.41401 -0.9063 -0.04061 0.42069 -0.9101 -0.01649 0.41407 -0.82711 0.48825 0.27839 -0.84728 0.4557 0.27287 -0.80481 0.52076 0.28478 -0.8006 0.52643 0.2862 -0.82902 0.48493 0.27851 -0.1818 0.98333 -0.00112 -0.15228 0.98186 -0.11296 -0.14097 0.92592 -0.35043 -0.12575 0.86665 -0.4828 -0.10591 0.84429 -0.52532 -0.12272 0.87459 -0.46907 -0.13593 0.83369 -0.53525 -0.11727 0.82047 -0.55954 -0.1043 0.83768 -0.53611 -0.11621 0.92016 -0.37389 -0.13414 0.96238 -0.23627 -0.13068 0.94631 -0.29568 -0.11204 0.86807 -0.48363 -0.10671 0.84988 -0.51606 -0.11672 0.85285 -0.50895 -0.13614 0.94684 -0.29147 -0.1183 0.89852 -0.4227 -0.15425 0.9481 -0.27807 -0.11959 0.94675 -0.29892 -0.12089 0.87057 -0.47696 -0.12883 0.82765 -0.54626 -0.12566 0.86859 -0.47933 -0.1285 0.83295 -0.53822 -0.12783 0.98821 -0.0843 -0.13092 0.98374 0.12297 -0.1098 0.82093 -0.56037 -0.09196 0.80077 -0.59187 -0.13949 0.9857 -0.09456 -0.13368 0.9891 0.0617 -0.11426 0.93617 -0.33246 -0.14873 0.97276 -0.17782 -0.11543 0.98978 -0.0837 -0.15154 0.9882 -0.02238 -0.06491 0.9916 -0.11184 -0.13526 0.97972 0.14781 -0.14737 0.9791 0.14016 -0.11596 0.84037 -0.52946 -0.09577 0.80617 -0.58389 -0.11182 0.79653 -0.59417 -0.11085 0.80968 -0.5763 -0.12815 0.90096 -0.41455 -0.14001 0.95253 -0.27034 -0.10781 0.94053 -0.32214 -0.15502 0.98785 -0.01088 -0.14366 0.98962 0.00388 -0.13612 0.99035 0.02599 -0.12972 0.99032 -0.04943 -0.1106 0.99008 -0.08665 -0.12624 0.98304 0.13303 -0.12146 0.98512 0.12162 -0.12406 0.98015 0.15462 -0.13117 0.99021 0.0478 -0.13841 0.97229 -0.18841 -0.09948 0.83851 -0.53572 -0.10785 0.834 -0.54112 -0.07012 0.7803 -0.62147 -0.09855 0.8132 -0.57358 -0.10118 0.80962 -0.57816 -0.17862 0.9769 -0.11728 -0.14493 0.96059 -0.2372 -0.14582 0.97262 -0.18095 -0.11854 0.96876 -0.21782 -0.11854 0.96745 -0.22357 -0.13593 0.9659 -0.22037 -0.14237 0.98524 -0.09508 -0.10369 0.99422 -0.02768 -0.13228 0.98187 -0.13574 -0.12369 0.98093 -0.14994 -0.13127 0.98936 -0.06266 -0.02473 0.1663 0.98577 -0.04063 0.29049 0.95602 -0.06548 0.44086 0.89518 -0.0425 0.42013 0.90647 -0.05848 0.43617 0.89796 -0.06517 0.51763 0.85312 -0.05893 0.54051 0.83927 -0.06438 0.4978 0.8649 -0.05034 0.44297 0.89512 -0.03534 0.31559 0.94824 -0.044 0.48243 0.87483 -0.07398 0.48488 0.87145 -0.05645 0.45129 0.89059 -0.06216 0.4638 0.88376 -0.04641 0.39248 0.91859 -0.0651 0.49598 0.86589 -0.05733 0.51403 0.85585 -0.14852 0.95622 0.25217 -0.12831 0.93019 0.34393 -0.10285 0.88097 0.46187 -0.11876 0.89363 0.4328 -0.11287 0.92079 0.37337 -0.11727 0.92346 0.36533 -0.12727 0.92209 0.36544 -0.08523 0.8268 0.556 -0.11212 0.85342 -0.50902 -0.09118 0.84679 -0.52406 -0.10792 0.82697 -0.55179 -0.10075 0.85141 -0.51474 -0.10633 0.83355 -0.54211 -0.11721 0.78764 -0.60489 -0.10087 0.8116 -0.57544 -0.10521 0.82202 -0.55965 -0.12923 0.85182 -0.50765 -0.12803 0.85198 -0.50768 -0.11917 0.86321 -0.49059 -0.12033 0.84078 -0.52784 -0.1222 0.84019 -0.52834 -0.13788 0.82538 -0.54748 -0.10819 0.79429 -0.59783 -0.11125 0.81851 -0.56362 -0.11631 0.8614 -0.49443 -0.11524 0.86882 -0.48152 -0.10154 0.80252 -0.58792 -0.17937 0.81003 0.55829 0.06314 0.86507 0.49767 0.10898 0.86915 0.48239 -0.15123 0.81933 0.55301 -0.0896 0.87929 -0.46778 -0.11265 0.82707 -0.55069 -0.12321 0.79928 -0.58819 -0.09577 0.86638 -0.49012 -0.11326 0.83064 -0.54517 -0.11732 0.86938 -0.48001 -0.10807 0.78291 -0.61268 -0.11319 0.83 -0.54616 -0.10922 0.9204 0.37542 -0.12074 0.94312 0.30975 -0.14195 0.96545 0.21854 -0.09688 0.72824 0.67844 -0.11397 0.81438 0.56904 -0.12289 0.82178 0.55639 -0.12692 0.85198 0.50795 -0.12612 0.87984 0.45822 -0.12565 0.91727 0.37793 -0.10336 0.9105 0.40038 -0.13522 0.96496 0.22486 -0.14133 0.96731 0.21057 -0.11341 0.91715 0.38206 -0.08335 0.98916 0.12091 -0.12579 0.97321 0.19247 -0.13885 0.95654 0.25641 -0.12523 0.95791 0.25831 -0.11985 0.94839 0.29358 -0.11026 0.85691 0.50353 -0.11652 0.96829 0.22101 -0.14566 0.80825 0.57054 -0.10824 0.7913 0.60177 -0.10455 0.85942 0.50046 -0.09236 0.72976 0.67744 -0.16688 0.94323 -0.28717 -0.14986 0.95506 -0.25575 -0.12074 0.9719 -0.20207 -0.13649 0.96331 -0.2311 -0.05159 0.62865 -0.77598 -0.06582 0.58601 -0.80763 -0.03969 0.43798 -0.89811 -0.00908 0.39471 -0.91876 -0.07249 0.49817 -0.86404 -0.06959 0.56687 -0.82086 0.0445 0.51099 -0.85843 0.01099 0.52968 -0.84813 -0.05583 0.56442 -0.8236 -0.00185 0.53662 -0.84382 -0.00438 0.00635 -0.99997 -0.00438 0.00635 -0.99997 -0.00438 0.00635 -0.99997 -0.00438 0.00635 -0.99997 -0.00438 0.00635 -0.99997 -0.00438 0.00635 -0.99997 -0.00438 0.00635 -0.99997 -0.00438 0.00635 -0.99997 -0.00438 0.00635 -0.99997 -0.00438 0.00635 -0.99997 -0.00438 0.00635 -0.99997 -0.00438 0.00635 -0.99997 -0.00438 0.00635 -0.99997 -0.00438 0.00635 -0.99997 -0.00438 0.00635 -0.99997 -0.00438 0.00635 -0.99997 -0.00438 0.00635 -0.99997 -0.00438 0.00635 -0.99997 -0.00438 0.00635 -0.99997 -0.18862 -0.00164 0.98205 0.00438 -0.00635 0.99997 -0.16987 0.00676 0.98544 -0.4315 -0.32525 0.84144 -0.41204 -0.28226 0.86634 -0.43149 -0.32521 0.84146 -0.00438 0.00635 -0.99997 -0.00438 0.00635 -0.99997 -0.00438 0.00635 -0.99997 -0.00438 0.00635 -0.99997 -0.00438 0.00635 -0.99997 -0.00438 0.00635 -0.99997 -0.15985 0.00116 0.98714 0.00438 -0.00635 0.99997 -0.23726 0.00476 0.97143 -0.34387 0.00978 0.93897 -0.00438 0.00635 -0.99997 -0.00438 0.00635 -0.99997 -0.00438 0.00635 -0.99997 -0.00438 0.00635 -0.99997 -0.00438 0.00635 -0.99997 -0.00438 0.00635 -0.99997 -0.00438 0.00635 -0.99997 -0.00438 0.00635 -0.99997 -0.00438 0.00635 -0.99997 -0.00438 0.00635 -0.99997 -0.00438 0.00635 -0.99997 -0.00438 0.00635 -0.99997 -0.00438 0.00635 -0.99997 -0.00438 0.00635 -0.99997 0.00438 -0.00635 0.99997 0.00438 -0.00635 0.99997 0.00438 -0.00635 0.99997 0.00438 -0.00635 0.99997 0.00438 -0.00635 0.99997 0.00438 -0.00635 0.99997 0.00438 -0.00635 0.99997 0.00438 -0.00635 0.99997 0.08174 -0.87978 0.4683 0.09046 -0.92127 0.37826 0.15703 -0.94749 0.27859 0.10094 -0.87344 0.47635 0.04548 -0.89814 0.43735 0.11142 -0.92173 0.37149 0.1126 -0.94082 0.31965 0.18723 -0.94876 0.25454 0.09487 -0.99175 -0.08621 0.08752 -0.98583 -0.14313 0.14092 -0.98995 0.0117 0.11343 -0.98957 -0.08884 0.09504 -0.9758 -0.19692 -0.47262 -0.35851 -0.80505 -0.47777 -0.4076 -0.7782 -0.48234 -0.47192 -0.73799 -0.48354 -0.50175 -0.71724 -0.62314 -0.26914 -0.73434 -0.66563 -0.21324 -0.71517 -0.57007 -0.3318 -0.75162 -0.61664 -0.2772 -0.73682 -0.09623 0.87455 0.47529 -0.16425 0.88207 0.44156 -0.11402 0.91535 0.38618 -0.12384 0.87665 0.46492 -0.12301 0.91753 0.37816 -0.1134 0.93275 0.34223 0.87946 0.33652 -0.3366 0.88378 0.33097 -0.33073 0.88938 0.32142 -0.32512 0.89077 0.32058 -0.32211 0.89501 0.31711 -0.31369 0.89063 0.32318 -0.31988 0.45397 0.56249 0.69102 0.38295 0.6316 0.67411 0.29708 0.69543 0.65431 0.50161 0.47609 0.7223 0.42075 0.57377 0.70268 0.56953 0.3643 0.73683 0.49926 0.48328 0.71915 -0.00719 0.96458 0.26369 -0.04751 0.98762 0.14953 -0.12019 0.99223 0.03223 -0.03928 0.9947 0.09506 -0.08136 0.9952 0.05437 -0.14333 0.94609 -0.29048 -0.13287 0.94494 -0.29904 -0.13492 0.94518 -0.29737 -0.12753 0.94429 -0.30339 -0.1175 0.89285 -0.43476 -0.10624 0.88794 -0.44751 -0.1081 0.88877 -0.44542 -0.09694 0.8837 -0.4579 -0.09645 0.8387 -0.53598 -0.1113 0.81952 -0.56213 -0.08453 0.85323 -0.51464 -0.09697 0.83805 -0.5369 0.11246 -0.80572 -0.58153 0.11826 -0.83881 -0.53142 0.14694 -0.91116 -0.38496 0.05127 -0.95191 -0.30205 0.13729 -0.83589 -0.53145 0.05583 -0.88845 -0.45556 0.08627 -0.94214 -0.32394 0.17578 -0.98443 0.00094 0.22532 -0.96812 0.10945 0.24708 -0.94115 0.23064 0.20402 -0.97884 0.01544 0.23199 -0.97133 0.05199 0.31532 -0.84531 0.43131 0.38513 -0.75293 0.53363 0.52643 -0.5365 0.65958 0.60118 -0.35481 0.71603 0.42416 -0.68865 0.58809 0.50301 -0.55328 0.66397 0.62719 -0.28866 0.7234 0.73542 -0.11343 0.66805 0.68984 -0.16647 0.70456 -0.88606 -0.32284 -0.33268 -0.88484 -0.31801 -0.34047 -0.89266 -0.31211 -0.32518 -0.89072 -0.31981 -0.32302 -0.89244 -0.33552 -0.30163 -0.47829 -0.5072 0.71693 -0.41593 -0.60862 0.67571 -0.32734 -0.68135 0.65469 -0.24878 -0.74132 0.62335 -0.52448 -0.48019 0.70309 -0.38879 -0.63418 0.66832 -0.6963 -0.28424 0.65908 -0.63768 -0.3324 0.69489 -0.02672 -0.95427 0.29775 -0.00665 -0.98515 0.17156 0.07658 -0.99702 0.00947 0.15811 -0.98263 -0.0972 -0.01379 -0.99094 0.13356 0.05491 -0.99818 0.02489 0.15767 -0.94615 -0.28272 0.1595 -0.94492 -0.28581 0.15454 -0.94824 -0.27741 0.15671 -0.9468 -0.28109 -0.12088 0.81554 -0.56594 -0.15798 0.8331 -0.53008 -0.15252 0.83066 -0.53548 -0.17587 0.84076 -0.51204 -0.09475 0.95862 -0.26846 -0.08315 0.96413 -0.25207 -0.10873 0.9514 -0.28812 -0.09469 0.95865 -0.26837 -0.12367 0.99218 0.01716 -0.20035 0.96094 0.19093 -0.25951 0.92034 0.29261 -0.13694 0.98979 -0.03965 -0.18637 0.97459 0.12429 -0.2595 0.92023 0.29299 -0.59072 0.37265 0.71567 -0.46898 0.59585 0.65193 -0.52719 0.52856 0.66535 -0.5736 0.48159 0.66261 -0.54956 0.41184 0.72689 -0.6217 0.2993 0.72382 -0.71377 0.09739 0.69358 -0.68532 0.15645 0.71123 -0.70987 0.0888 0.69871 0.69247 0.21326 0.68921 0.66903 0.26524 0.6943 0.64745 0.3086 0.69683 0.61645 0.36504 0.69766 -0.99108 -0.13299 0.00825 -0.9602 -0.27922 0.00719 -0.90787 -0.41921 0.00607 -0.83526 -0.54984 0.00492 -0.74399 -0.66818 0.00377 -0.63316 -0.77379 0.01895 -0.51386 -0.85775 0.01456 -0.38377 -0.92342 0.0047 -0.23833 -0.97118 -0.00037 -0.09092 -0.99586 -0.00117 0.06215 -0.99804 0.00714 0.20313 -0.97913 0.00664 0.35016 -0.93669 -0.00273 0.48585 -0.87404 -0.00292 0.61069 -0.79186 -0.00295 0.73611 -0.67655 -0.02068 0.88405 -0.46697 -0.02 0.95065 -0.31026 -0.00138 0.98627 -0.16511 -0.00062 0.99988 -0.01272 0.00928 0.9916 0.12926 0.00536 0.95752 0.28783 0.01779 0.9099 0.41376 0.02978 0.83523 0.54961 0.01758 0.72794 0.68563 0.00353 0.5373 0.84338 -0.00351 0.37707 0.92609 0.01311 0.2431 0.96984 0.01755 0.09095 0.99584 0.00592 -0.05978 0.99816 0.00993 -0.2066 0.97835 0.01187 -0.35012 0.93663 0.01223 -0.49382 0.86926 0.02309 -0.60313 0.79687 0.03502 -0.72185 0.69194 0.01231 -0.81693 0.57662 0.01199 -0.89534 0.4451 0.01563 -0.94936 0.31355 0.01989 -0.98623 0.16505 0.01012 -0.99983 0.01621 0.00923 0.81401 -0.57487 0.08311 0.98259 0.12867 0.134 0.87639 0.11265 0.46824 0.55381 0.07454 0.8293 -0.96882 -0.1332 0.20891 -0.73072 -0.10826 0.67404 -0.94404 -0.27584 0.18082 -0.77173 -0.23413 0.59128 -0.33205 -0.10689 0.93719 -0.89255 -0.41359 0.17972 -0.71833 -0.33391 0.61034 -0.25638 -0.12573 0.95836 -0.80501 -0.54222 0.24075 -0.55415 -0.37265 0.74434 -0.73468 -0.65327 0.18301 -0.63725 -0.55931 0.53018 -0.36381 -0.34306 0.866 -0.58203 -0.71193 0.39294 -0.27595 -0.33489 0.90094 -0.50336 -0.8285 0.24541 -0.39757 -0.66746 0.62963 -0.25351 -0.43449 0.86426 -0.37601 -0.91106 0.16907 -0.30875 -0.77055 0.55761 -0.18289 -0.44684 0.87572 -0.06319 -0.14933 0.98677 -0.23231 -0.95152 0.20158 -0.18119 -0.74357 0.64364 -0.06599 -0.3142 0.94706 -0.08871 -0.98153 0.16952 -0.07578 -0.84397 0.53102 -0.03325 -0.51129 0.85876 0.07233 -0.97197 0.22368 0.06458 -0.83142 0.55188 0.02513 -0.50974 0.85996 0.2029 -0.93597 0.28772 0.14885 -0.6405 0.7534 0.05388 -0.24042 0.96917 0.33711 -0.90421 0.26223 0.21531 -0.55522 0.80335 0.46521 -0.85393 0.2332 0.32379 -0.6034 0.72875 0.60166 -0.78027 0.17085 0.50132 -0.64538 0.57634 0.20953 -0.27575 0.93812 0.69722 -0.66927 0.25684 0.44445 -0.42478 0.78869 0.71903 -0.51914 0.46205 0.41602 -0.28718 0.86282 0.14374 -0.09608 0.98494 0.8854 -0.44385 0.13806 0.80241 -0.40725 0.43622 0.55712 -0.29154 0.77757 0.93745 -0.30363 0.17028 0.79283 -0.25061 0.55553 0.39 -0.13075 0.91148 0.9534 -0.15306 0.26001 0.60676 -0.10225 0.78828 0.95716 -0.0293 0.28808 0.69513 -0.029 0.7183 0.28156 -0.01182 0.95947 0.04439 -0.0075 0.99899 0.22089 0.03974 0.97449 0.02443 0.00176 0.9997 0.0166 0.00376 0.99986 0.0174 0.01152 0.99978 0.10374 0.19165 0.97597 0.05104 0.06674 0.99646 0.00522 0.01525 0.99987 -0.00673 0.09016 0.9959 -0.01594 0.0898 0.99583 -0.06128 0.12114 0.99074 -0.11384 0.24604 0.96255 -0.06267 0.09476 0.99353 -0.01064 0.00988 0.99989 -0.00856 0.00279 0.99996 -0.02297 0.00316 0.99973 -0.20058 0.07789 0.97658 -0.01751 -0.00269 0.99984 -0.21331 0.01299 0.9769 -0.06255 -0.01152 0.99798 -0.04235 -0.01308 0.99902 -0.00974 -0.01357 0.99986 -0.14581 -0.16239 0.97589 -0.06118 -0.0753 0.99528 -0.0081 -0.02459 0.99966 -0.00106 -0.02124 0.99977 -0.00134 -0.05899 0.99826 0.00435 -0.02845 0.99959 0.00765 -0.02185 0.99973 0.02537 -0.04107 0.99883 0.03365 -0.06673 0.9972 0.03763 -0.04604 0.99823 0.01664 -0.02178 0.99962 0.0247 -0.01506 0.99958 0.07952 -0.02722 0.99646 0.06985 -0.0211 0.99733 0.05612 -0.00718 0.9984 0.09439 0.98982 0.10651 0.93495 0.28392 0.21272 0.75986 0.21624 0.61306 0.23223 0.0609 0.97075 0.84506 0.39184 0.36378 0.48569 0.22579 0.84446 0.79788 0.51697 0.31005 0.50555 0.3189 0.8017 0.17189 0.09512 0.98051 0.71404 0.6383 0.28762 0.49626 0.44153 0.74752 0.16735 0.15023 0.97438 0.6193 0.73465 0.27705 0.4241 0.49034 0.76138 0.50894 0.84255 0.17632 0.42082 0.70911 0.56574 0.20405 0.34287 0.91695 0.37336 0.91058 0.17735 0.32345 0.75731 0.56733 0.16875 0.36907 0.91395 0.23429 0.93715 0.25857 0.17268 0.69358 0.69937 0.05972 0.24087 0.96872 0.08339 0.90504 0.41708 0.05114 0.58839 0.80696 -0.05903 0.97527 0.21297 -0.04032 0.73548 0.67635 -0.20747 0.95971 0.18952 -0.17579 0.80843 0.56173 -0.07691 0.3862 0.9192 -0.34649 0.91066 0.22505 -0.27937 0.73158 0.62189 -0.10874 0.3009 0.94744 -0.47719 0.84537 0.24009 -0.32379 0.59386 0.73654 -0.56683 0.73099 0.37995 -0.32211 0.4029 0.85669 -0.70601 0.68456 0.18147 -0.58637 0.57191 0.57367 -0.28314 0.30063 0.91074 -0.79455 0.55617 0.24366 -0.56137 0.37921 0.73557 -0.187 0.11652 0.97542 -0.87391 0.43684 0.21319 -0.65812 0.33746 0.67305 -0.91643 0.30335 0.26104 -0.71782 0.2372 0.65458 -0.35737 0.11858 0.92641 -0.97008 0.16451 0.17853 -0.82959 0.13221 0.54249 -0.51385 0.07771 0.85435 -0.98885 0.01516 0.14815 -0.88135 0.01151 0.47233 -0.56577 -0.00035 0.82456 -0.18188 -0.01048 0.98326 0.99112 0.13296 -0.0035 0.96023 0.27919 -0.00243 0.89737 0.44097 -0.01627 0.75974 0.65007 -0.01434 0.63612 0.77158 0.00211 0.51402 0.85777 0.00319 0.34559 0.93837 0.00444 0.12812 0.99174 0.00573 -0.05849 0.99827 0.00659 -0.20663 0.97839 0.00712 -0.35014 0.93667 0.00748 -0.4857 0.87379 0.02429 -0.61068 0.79184 0.0077 -0.72188 0.69198 0.00755 -0.81677 0.57647 0.02385 -0.89378 0.44845 0.00676 -0.95064 0.31023 0.00613 -0.98627 0.16508 0.00537 -0.99986 0.01624 0.00448 -0.99112 -0.13296 0.0035 -0.96023 -0.27919 0.00243 -0.89751 -0.44078 -0.014 -0.75989 -0.65005 0.00071 -0.63612 -0.77158 -0.00211 -0.51402 -0.85777 -0.00319 -0.34559 -0.93837 -0.00444 -0.12812 -0.99174 -0.00573 0.05849 -0.99827 -0.00659 0.20663 -0.97839 -0.00712 0.35014 -0.93667 -0.00748 0.48584 -0.87402 -0.00768 0.62959 -0.7769 -0.00618 0.80283 -0.59618 -0.00579 0.89378 -0.44845 -0.00676 0.95058 -0.31029 0.01048 0.98627 -0.16508 -0.00537 0.99986 -0.01624 -0.00448 -0.99112 -0.13296 0.0035 -0.96023 -0.27919 0.00243 -0.9079 -0.41918 0.00132 -0.8218 -0.56977 -0.00152 -0.65438 -0.75605 0.01321 -0.51402 -0.85777 -0.00319 -0.34559 -0.93837 -0.00444 -0.12812 -0.99174 -0.00573 0.05849 -0.99827 -0.00659 0.20663 -0.97839 -0.00712 0.35014 -0.93667 -0.00748 0.50676 -0.86206 0.00745 0.72187 -0.692 0.00612 0.8935 -0.44844 0.02359 0.98196 -0.18886 0.00964 0.99986 -0.01624 -0.00448 0.99112 0.13296 -0.0035 0.96023 0.27919 -0.00243 0.9079 0.41918 -0.00132 0.8351 0.54984 -0.01678 0.74402 0.66816 0.00098 0.63612 0.77158 0.00211 0.51402 0.85777 0.00319 0.34559 0.93837 0.00444 0.12812 0.99174 0.00573 -0.05849 0.99827 0.00659 -0.20663 0.97839 0.00712 -0.37249 0.92776 0.02266 -0.5913 0.80613 0.02285 -0.73819 0.67422 0.02265 -0.88255 0.4697 0.02199 -0.95064 0.31023 0.00613 -0.98627 0.16508 0.00537 -0.99986 0.01624 0.00448 0.00438 -0.00635 0.99997 0.00438 -0.00635 0.99997 0.00438 -0.00635 0.99997 0.00438 -0.00635 0.99997 0.00438 -0.00635 0.99997 0.00438 -0.00635 0.99997 0.00438 -0.00635 0.99997 0.00438 -0.00635 0.99997 0.00438 -0.00635 0.99997 0.00438 -0.00635 0.99997 0.00438 -0.00635 0.99997 0.00438 -0.00635 0.99997 0.00438 -0.00635 0.99997 0.00438 -0.00635 0.99997 0.00438 -0.00635 0.99997 0.00438 -0.00635 0.99997 0.00438 -0.00635 0.99997 0.00438 -0.00635 0.99997 0.00438 -0.00635 0.99997 0.00438 -0.00635 0.99997 0.00438 -0.00635 0.99997 0.00438 -0.00635 0.99997 0.00438 -0.00635 0.99997 0.00438 -0.00635 0.99997 0.00438 -0.00635 0.99997 0.00438 -0.00635 0.99997 0.00438 -0.00635 0.99997 0.00438 -0.00635 0.99997 0.00438 -0.00635 0.99997 0.00438 -0.00635 0.99997 0.00438 -0.00635 0.99997 0.00438 -0.00635 0.99997 0.00438 -0.00635 0.99997 0.00438 -0.00635 0.99997 0.00438 -0.00635 0.99997 0.00438 -0.00635 0.99997 0.00438 -0.00635 0.99997 0.66171 -0.74668 0.06783 0.61103 -0.78868 0.06796 0.61253 -0.78752 0.06796 0.55772 -0.82726 0.06779 -0.56216 -0.82382 0.07274 -0.50663 -0.85912 0.07241 -0.44888 -0.89071 0.07176 -0.50187 -0.86191 0.07236 -0.24443 0.21251 -0.94609 -0.10391 0.22826 -0.96804 -0.12716 0.26165 -0.95675 -0.15645 0.24536 -0.95672 -0.18362 0.22573 -0.95673 -0.2065 0.19935 -0.95792 -0.21256 0.20308 -0.95581 -0.09287 0.27511 -0.95692 -0.10821 0.26758 -0.95744 -0.14004 0.25219 -0.95749 -0.16927 0.23362 -0.95748 -0.19745 0.21113 -0.95731 -0.23239 0.20691 -0.95036 -0.11374 0.12612 -0.98547 -0.13617 -0.0376 -0.98997 -0.15234 -0.23731 -0.95941 -0.13624 -0.24264 -0.9605 -0.10348 -0.2569 -0.96088 -0.07863 -0.2673 -0.9604 -0.14742 -0.23456 -0.96086 -0.1194 -0.25308 -0.96005 -0.08802 -0.26486 -0.96026 -0.07312 -0.27401 -0.95894 -0.16687 -0.23918 -0.95653 -0.16037 -0.23609 -0.95841 -0.01884 -0.27666 -0.96078 -0.02909 -0.27618 -0.96067 -0.0145 -0.27623 -0.96098 -0.00835 -0.28942 -0.95717 -0.00736 -0.29486 -0.95551 -0.03975 -0.28002 -0.95917 -0.02283 -0.27561 -0.961 0.08442 -0.2628 -0.96115 0.09419 -0.25964 -0.9611 0.07981 -0.26451 -0.96108 0.08795 -0.26073 -0.9614 0.10549 -0.26054 -0.95968 0.08064 -0.29242 -0.95288 0.07934 -0.28562 -0.95505 0.19354 -0.19705 -0.9611 0.20545 -0.18281 -0.96144 0.21883 -0.18882 -0.95732 0.22376 -0.1917 -0.95561 0.19092 -0.20623 -0.9597 0.19839 -0.19048 -0.96144 0.13951 0.2482 -0.95861 0.111 0.26525 -0.95777 0.07962 0.27703 -0.95756 0.04707 0.28503 -0.95736 0.01433 0.2875 -0.95767 0.01044 0.28883 -0.95732 0.14328 0.24839 -0.958 0.12754 0.25482 -0.95854 0.09507 0.26908 -0.95841 0.06198 0.27929 -0.9582 0.02729 0.28569 -0.95793 0.00486 0.29032 -0.95692 -0.00035 0.29575 -0.95526 0.15915 0.25045 -0.95496 0.15127 0.24753 -0.957 0.97273 0.00742 -0.23183 0.97127 0.00425 -0.23794 0.97178 0.00534 -0.23584 0.97304 0.00812 -0.23049 0.43888 0.31457 0.84168 0.43886 0.31453 0.84171 0.43901 0.31452 0.84164 0.43906 0.31465 0.84156 0.43851 0.31339 0.84232 -0.23012 -0.30336 0.92467 -0.43371 -0.32114 0.84188 -0.05104 -0.27716 0.95947 0.07894 -0.25245 0.96438 -0.4338 -0.32123 0.8418 -0.43298 -0.32115 0.84226 0.12893 -0.25302 0.95883 -0.00293 -0.26343 0.96467 0.50895 -0.19476 0.83848 0.50884 -0.1947 0.83856 0.50814 -0.1949 0.83893 0.30834 -0.23112 0.92277 -0.14011 -0.2224 0.96484 -0.12678 -0.22648 0.96573 -0.11575 -0.23864 0.96419 -0.1361 -0.22113 0.9657 -0.12178 -0.22959 0.96564 -0.16922 -0.16528 0.97162 -0.16687 -0.18689 0.9681 -0.16467 -0.20638 0.96452 -0.16641 -0.19094 0.96739 -0.21146 0.14254 0.96694 0.05946 0.26496 0.96242 -0.0827 0.23513 0.96844 -0.11478 0.22372 0.96787 -0.15061 0.15956 0.97563 -0.13057 0.13931 0.9816 -0.1911 0.15104 0.96988 0.44117 0.31054 0.84198 0.44108 0.31045 0.84206 0.44036 0.31045 0.84244 0.18052 0.28307 0.94196 -0.08835 0.23133 0.96886 -0.12885 0.22177 0.96655 -0.15174 0.20089 0.96779 -0.18694 0.14533 0.97156 -0.13349 0.1355 0.98174 0.16625 -0.94855 -0.26946 0.04822 -0.96158 -0.27025 0.10766 -0.95677 -0.2702 0.19535 -0.94898 -0.24755 0.18549 -0.96106 -0.20483 0.16688 -0.97428 -0.1514 0.13692 -0.98223 -0.12839 0.1706 -0.98216 -0.07908 0.1757 -0.98317 -0.05008 0.16718 -0.98591 0.00616 0.19724 -0.97943 0.04256 0.08257 -0.96484 -0.24952 0.12735 -0.98316 -0.13109 0.08057 -0.99311 -0.08504 0.08162 -0.99574 -0.04299 0.08154 -0.99667 -0.00188 0.05458 -0.99764 0.04158 0.15658 -0.95319 -0.25866 -0.0367 -0.97723 -0.20898 0.0955 -0.97245 -0.21265 0.1511 -0.96529 -0.21305 0.0503 -0.987 -0.15265 0.08576 -0.98544 -0.14684 0.13345 -0.98264 -0.12889 0.15695 -0.98288 -0.09649 0.12539 -0.98828 -0.08701 0.11629 -0.99198 -0.04949 0.12425 -0.99225 -0.00033 0.0668 -0.99692 0.0411 0.09471 -0.9948 0.03743 0.11777 -0.99249 0.03309 0.14524 -0.98869 0.03741 0.17744 -0.98331 0.04026 0.05461 -0.99649 0.06349 0.07862 -0.99489 0.0634 0.1058 -0.99237 0.06329 0.13291 -0.98911 0.0632 0.15992 -0.98511 0.0631 0.19612 -0.97861 0.06212 0.06449 -0.98057 0.18529 0.10462 -0.97695 0.18607 0.13129 -0.97376 0.18589 0.21058 -0.97191 0.10513 0.13789 -0.98274 0.12329 0.18659 -0.96835 0.16577 0.1085 -0.98655 0.12223 0.12761 -0.98423 0.12254 0.18442 -0.96547 0.18398 0.07851 -0.99156 0.10317 0.10026 -0.9856 0.13613 0.12756 -0.97212 0.19675 0.13139 -0.98318 0.12689 0.17149 -0.97908 0.10951 0.19781 -0.97447 0.10618 0.06464 -0.98396 0.16624 0.08619 -0.98259 0.16456 0.11964 -0.9797 0.16084 0.15693 -0.97435 0.16128 -0.50146 0.18401 0.84539 -0.30023 0.21937 0.9283 -0.12051 0.24082 0.96306 0.0114 0.25117 0.96788 -0.50157 0.18407 0.84531 -0.50076 0.1842 0.84576 0.08587 0.25844 0.9622 0.0862 0.25273 0.96369 0.08604 0.25556 0.96296 0.08626 0.25164 0.96397 0.50779 -0.19925 0.83812 0.50777 -0.19921 0.83814 0.5079 -0.19916 0.83807 0.50799 -0.19927 0.83799 0.50713 -0.19821 0.83877 -0.96538 0.14671 0.21568 -0.9645 0.15336 0.21501 -0.95964 0.19172 0.20573 -0.96226 0.17212 0.21077 -0.95696 0.20488 0.20555 -0.95995 0.18803 0.20768 -0.9664 0.20868 0.15008 -0.96565 0.20849 0.15509 -0.96454 0.20821 0.16223 -0.96525 0.20838 0.1577 -0.95244 0.24548 0.18054 -0.95126 0.24514 0.1871 -0.95012 0.24481 0.19323 -0.95135 0.24516 0.18664 0.95685 -0.24034 0.16332 0.94431 -0.27267 0.18418 0.84724 -0.47894 0.22978 0.96539 -0.1624 0.20407 0.96523 -0.14913 0.21468 0.83788 -0.48508 0.25029 0.87253 -0.45705 0.17263 0.88307 -0.4324 0.18223 0.80724 -0.52428 0.27108 0.80305 -0.52998 0.27247 0.88849 -0.41197 0.20215 0.9227 -0.33732 0.18665 0.9451 -0.25819 0.20031 0.95784 -0.19741 0.20875 0.88389 -0.43217 0.17878 0.90555 -0.38127 0.18603 0.91764 -0.35113 0.18614 0.93038 -0.31364 0.18978 0.94331 -0.27276 0.18914 0.90503 -0.39037 0.16889 0.8314 -0.48838 0.26505 0.90375 -0.37151 0.21264 0.94238 -0.22304 0.24934 0.98951 0.08204 -0.11887 0.98765 0.08793 -0.12966 0.99985 0.00891 0.01476 0.99834 0.03982 -0.04163 0.94622 -0.31655 0.06678 0.9505 -0.30346 0.06685 0.95459 -0.2903 0.06691 0.9505 -0.30346 0.06685 0.99016 0.09485 0.10291 0.97926 0.18191 0.0892 0.99564 0.03441 0.08671 0.90157 -0.42151 0.09745 0.84326 -0.52898 0.09533 0.90935 -0.4039 0.09969 0.91984 -0.37762 0.1063 0.92852 -0.35423 0.11125 0.93761 -0.33096 0.10652 0.94938 -0.29806 0.09923 0.96187 -0.25479 0.09945 0.87477 -0.47377 0.10159 0.9693 -0.22325 0.10307 0.97639 -0.19159 0.09978 0.98403 -0.14721 0.10003 0.98779 -0.11255 0.10768 0.99007 -0.09019 0.10781 0.95189 -0.28649 0.10876 0.99293 -0.06161 0.10145 0.99502 -0.00549 0.09957 0.98065 -0.16382 0.10717 0.98724 0.12979 0.0923 0.99447 -0.03815 0.09781 0.97531 -0.21031 0.06733 0.97812 -0.19682 0.06741 0.98074 -0.18329 0.06748 0.97812 -0.19682 0.06741 0.99493 -0.07405 0.06811 0.99585 -0.06031 0.0682 0.99658 -0.04655 0.06827 0.99585 -0.06031 0.0682 0.93033 -0.35659 0.08566 0.8955 -0.41899 0.15007 0.91957 -0.37316 0.12308 0.92952 -0.35079 0.11371 0.9318 -0.34089 0.12467 0.89794 -0.41373 0.15013 0.92838 -0.33977 0.15057 0.95379 -0.25927 0.15187 0.9529 -0.2672 0.14349 0.94939 -0.26894 0.16226 0.92568 -0.28245 0.25168 0.94937 -0.27568 0.15067 0.97575 -0.18987 0.10894 0.97532 -0.18078 0.12677 0.97388 -0.18058 0.13766 0.97421 -0.21015 0.08216 0.9748 -0.19735 0.10398 0.04041 -0.44066 0.89676 0.0557 -0.29366 0.95429 0.03689 -0.12793 0.9911 0.01876 -0.04959 0.99859 0.01852 -0.06123 0.99795 0.02439 -0.19871 0.97976 0.05849 -0.41219 0.90922 0.14876 -0.54463 0.82538 0.07814 -0.55154 0.83048 0.04905 -0.39727 0.91639 0.1152 -0.51278 0.85076 0.03565 -0.5252 0.85023 0.05622 -0.48383 0.87336 0.05545 -0.42251 0.90466 0.04959 -0.3711 0.92727 0.16431 -0.9395 -0.30057 0.14756 -0.95173 -0.26915 0.11891 -0.96925 -0.21544 0.13441 -0.96029 -0.2445 0.09578 -0.80422 -0.58656 0.10022 -0.81485 -0.57094 0.11097 -0.86264 -0.4935 0.11192 -0.85505 -0.50632 0.11482 -0.8569 -0.50253 0.10576 -0.81036 -0.5763 0.11766 -0.83346 -0.53991 0.1029 -0.78663 -0.60878 0.13324 -0.81823 -0.55923 0.09634 -0.79498 -0.59893 0.11566 -0.834 -0.53951 0.12473 -0.8453 -0.51953 0.12353 -0.84546 -0.51956 0.14432 -0.98819 0.05144 0.12681 -0.99189 -0.0087 0.111 -0.99191 -0.06155 0.12897 -0.99165 -0.00139 0.11387 -0.81459 -0.56875 0.11392 -0.81612 -0.56654 0.1126 -0.8242 -0.55499 0.09987 -0.82178 -0.56098 0.09256 -0.81886 -0.56649 0.11735 -0.81059 -0.57374 0.08545 -0.87328 -0.47967 0.12302 -0.84043 -0.52777 0.10136 -0.82615 -0.55426 0.10635 -0.83503 -0.53983 0.13119 -0.82682 -0.54696 0.10901 -0.81355 -0.57119 0.1261 -0.82775 -0.54674 0.10777 -0.82001 -0.56211 0.11934 -0.79049 -0.60074 0.10484 -0.81375 -0.57169 0.10729 -0.79057 -0.60291 0.12399 -0.82064 -0.55783 0.12507 -0.82644 -0.54896 0.10426 -0.8289 -0.54959 0.0788 -0.83571 -0.54349 0.09587 -0.83531 -0.54135 0.10693 -0.82526 -0.55454 0.09687 -0.828 -0.5523 0.10342 -0.82871 -0.55004 0.10791 -0.39095 -0.91406 0.08943 -0.42606 -0.90026 0.06574 -0.54302 -0.83714 0.07594 -0.58032 -0.81084 0.06833 -0.49952 -0.8636 0.07128 -0.55096 -0.83148 0.08375 -0.49718 -0.8636 0.0318 -0.42655 -0.90391 0.00101 -0.38302 -0.92374 0.05372 -0.45678 -0.88795 0.0902 -0.85412 -0.5122 0.09877 -0.84517 -0.52529 0.11186 -0.77989 -0.61584 0.10675 -0.8166 -0.56725 0.0986 -0.84255 -0.52951 0.10153 -0.8266 -0.55356 0.10306 -0.82706 -0.55258 0.09606 -0.80221 -0.58926 0.06463 -0.77234 -0.63191 0.09347 -0.80585 -0.5847 0.09473 -0.83164 -0.54717 0.11306 -0.86321 -0.49202 0.10843 -0.82365 -0.55664 0.10266 -0.77506 -0.62349 0.10835 -0.82299 -0.55763 0.22703 -0.93171 0.28351 0.26758 -0.92475 0.27063 0.29143 -0.91964 0.2633 0.21056 -0.93387 0.28904 0.27216 -0.9237 0.26964 0.91671 -0.01167 0.39937 0.91372 0.01108 0.4062 0.90995 0.03532 0.41321 0.91369 0.01129 0.40626 -0.02598 0.95465 0.29659 -0.04242 0.95233 0.30212 -0.00819 0.95683 0.29052 -0.03868 0.95288 0.30087 0.66537 0.69433 0.2742 0.69909 0.66315 0.26741 0.63651 0.71891 0.27934 0.67368 0.68691 0.27261 -0.00243 0.01087 -0.99994 -0.0031 0.00932 -0.99995 -0.00438 0.00635 -0.99997 -0.00371 0.00791 -0.99996 0.8189 0.12417 0.56034 0.80323 0.09822 0.58751 0.99392 0.09848 0.04925 0.98462 0.13936 0.10539 0.99889 0.03883 0.02655 0.93185 0.36167 -0.02917 0.98402 0.12676 -0.12506 0.96788 0.21053 0.13741 0.8263 0.10395 0.55356 0.83884 0.08473 0.53774 0.85192 0.07095 0.51885 0.86735 0.05933 0.49415 0.88812 0.03695 0.45813 0.918 -0.01985 0.39609 0.94721 -0.05679 0.31556 0.97655 0.00418 0.21527 0.82485 0.51167 0.24045 0.97768 0.10731 0.18062 0.98342 0.11569 0.13965 0.99811 0.06144 0.00165 0.98987 -0.08838 -0.11115 0.98796 0.10714 -0.11164 0.99164 0.12511 -0.0317 0.99106 0.1332 -0.00792 0.99111 0.13301 -0.0014 0.99115 0.13276 0.00107 0.99117 0.13261 0.00186 0.99113 0.13287 -0.00332 0.99105 0.13326 -0.00808 0.98919 0.1417 -0.03775 0.9847 0.16746 -0.04817 0.9867 0.14733 -0.06875 0.97323 0.22791 -0.02968 0.98114 0.15663 0.11324 0.96787 0.14962 0.20209 0.94444 0.12944 0.30212 0.92915 0.0578 0.36515 0.90875 0.09849 0.40556 0.87748 0.1156 0.46547 0.82551 0.11025 0.55351 0.77989 0.10243 0.61748 0.72464 0.09447 0.68262 0.81108 0.10579 0.57529 0.7408 0.09385 0.66513 0.84604 0.08846 0.52573 0.96564 -0.00014 0.25989 0.98137 0.13695 -0.13473 0.98897 0.14193 -0.04231 0.99289 0.11564 -0.02833 0.95488 0.26815 -0.12766 0.9867 0.16223 0.01041 0.98787 0.15345 -0.0237 0.98687 -0.02746 -0.15917 0.92514 0.37251 -0.07321 0.99251 0.11906 0.02723 0.99753 -0.01595 -0.06845 0.97567 0.13222 0.17491 0.97747 0.13028 0.16609 0.79603 0.10915 0.59533 0.82451 0.0899 0.55866 0.9478 0.16053 0.27552 0.90644 0.21303 0.36466 0.88132 0.13525 0.45276 0.00896 0.0428 0.99904 0.01118 -2e-05 0.99994 0.01283 -0.00521 0.9999 0.04947 0.04602 0.99771 -0.00028 0.03692 0.99932 0.0788 0.04834 0.99572 0.12546 -0.92583 0.3565 0.12545 -0.92574 0.35675 0.10933 -0.93984 0.32365 0.10934 -0.93354 0.34138 0.08403 -0.97025 0.22707 0.08394 -0.97049 0.22608 0.12455 -0.88824 -0.44217 0.11094 -0.7826 -0.61257 0.09324 -0.64405 -0.75928 0.11462 -0.86118 -0.4952 0.11361 -0.85472 -0.5065 -0.02152 0.12566 -0.99184 -0.01649 0.11293 -0.99347 -0.01768 0.12245 -0.99232 -0.05268 0.36904 -0.92792 0.01296 -0.14107 -0.98991 -0.11922 0.87644 -0.46651 -0.10924 0.84971 -0.51581 -0.10844 0.84749 -0.51962 -0.11834 0.87417 -0.47098 -0.13017 0.99147 0.00686 -0.13033 0.99146 0.00548 -0.13238 0.99112 -0.01222 -0.13222 0.99116 -0.01087 -0.00408 0.00621 -0.99997 -0.00416 0.00638 -0.99997 -0.00377 0.00558 -0.99998 -0.00385 0.00575 -0.99998 0.13322 -0.99106 -0.00687 0.13343 -0.99102 -0.0089 0.13612 -0.99008 -0.03481 0.13592 -0.99017 -0.03287 -0.13237 0.99113 0.01171 -0.13292 0.9911 0.00687 -0.1258 0.9898 0.06682 -0.12526 0.98957 0.07118 -0.00057 0.0033 -0.99999 -0.00274 0.00657 -0.99997 0.0047 -0.00465 -0.99998 0.00258 -0.00145 -1 0.1359 -0.99069 -0.00778 0.13601 -0.99068 -0.00688 0.13466 -0.99072 -0.01837 0.13455 -0.99072 -0.01925 0.00615 -0.00443 0.99997 0.00717 -0.00597 0.99996 0.00361 -0.0006 0.99999 0.00464 -0.00215 0.99999 -0.12842 0.99111 -0.03475 -0.13259 0.99116 0.00364 -0.13293 0.9911 0.00687 -0.12811 0.99105 -0.03754 0.1348 -0.98923 -0.05701 0.14047 -0.99003 -0.01064 0.14092 -0.99 -0.0069 0.13528 -0.98938 -0.05321 0.00971 -0.00404 0.99994 0.01085 -0.00548 0.99993 0.00754 -0.0013 0.99997 0.00866 -0.00272 0.99996 -0.06226 0.58744 -0.80687 -0.13179 0.56261 -0.81615 -0.15272 0.64213 -0.75123 -0.08972 0.6062 -0.79024 -0.14505 0.72832 -0.66971 -0.07969 0.60546 -0.79187 -0.06295 0.65365 -0.75418 -0.1138 0.88094 -0.45934 -0.07949 0.75358 -0.65253 -0.0867 0.77785 -0.62244 -0.12854 0.87728 -0.46244 -0.1001 0.76352 -0.63798 -0.11372 0.62055 -0.77588 -0.08138 0.84181 -0.53361 -0.1004 0.77378 -0.62545 0.02692 -0.36931 -0.92892 0.07341 -0.44866 -0.89068 0.03934 -0.79786 -0.60156 0.06939 -0.61356 -0.7866 0.10842 -0.83844 -0.5341 0.10452 -0.79658 -0.59543 0.08895 -0.61068 -0.78687 -0.01496 -0.26041 -0.96538 0.06737 -0.63055 -0.77322 0.11402 -0.85956 -0.49815 0.07384 -0.75694 -0.6493 0.09883 -0.7571 -0.64578 0.10217 -0.7786 -0.61914 0.1086 -0.8652 -0.48952 0.08451 -0.71424 -0.69478 0.10979 -0.83759 -0.53516 0.06849 -0.57386 -0.81609 0.12725 -0.7617 -0.63531 0.0995 -0.70837 -0.69879 -0.14154 0.55621 -0.8189 -0.04702 0.77271 -0.63302 -0.16146 0.49939 -0.8512 -0.06674 0.73406 -0.6758 0.06165 -0.47135 0.87979 0.07102 -0.51271 0.85562 0.10475 -0.60016 0.79299 0.17201 -0.66793 0.72408 0.20426 -0.69118 0.69322 0.11298 -0.58107 0.80598 0.10151 -0.78062 -0.61671 0.12138 -0.73887 -0.66283 0.11601 -0.73677 -0.66611 0.06084 -0.76556 -0.64048 0.02497 -0.64651 -0.76249 0.01175 -0.56168 -0.82727 0.21574 -0.73657 -0.64104 0.18462 -0.71726 -0.6719 0.093 -0.62175 -0.77768 0.07195 -0.5643 -0.82243 0.14888 -0.68232 -0.71574 0.534 -0.17603 0.82696 0.39085 -0.26378 0.88185 0.1708 -0.26699 0.94844 -0.07807 -0.18603 0.97944 0.30222 -0.21169 0.92943 -0.047 0.34603 0.93705 -0.01164 0.41347 0.91044 0.0083 0.45023 0.89288 -0.03731 0.3648 0.93034 -0.00829 0.02554 -0.99964 -0.00988 0.03151 -0.99945 0.00142 -0.01085 -0.99994 9e-05 -0.00586 -0.99998 -0.99112 -0.13296 0.0035 -0.99112 -0.13296 0.0035 -0.99112 -0.13296 0.0035 -0.99112 -0.13296 0.0035 -0.99112 -0.13296 0.0035 -0.99112 -0.13296 0.0035 -0.99112 -0.13296 0.0035 -0.99112 -0.13296 0.0035 -0.99112 -0.13296 0.0035 -0.99112 -0.13296 0.0035 -0.99112 -0.13296 0.0035 -0.99112 -0.13296 0.0035 -0.99112 -0.13296 0.0035 -0.99112 -0.13296 0.0035 -0.99112 -0.13296 0.0035 -0.99112 -0.13296 0.0035 -0.99112 -0.13296 0.0035 -0.99112 -0.13296 0.0035 -0.99112 -0.13296 0.0035 -0.99112 -0.13296 0.0035 -0.99112 -0.13296 0.0035 -0.99112 -0.13296 0.0035 -0.99112 -0.13296 0.0035 -0.99112 -0.13296 0.0035 -0.99112 -0.13296 0.0035 -0.99112 -0.13296 0.0035 -0.99112 -0.13296 0.0035 -0.99112 -0.13296 0.0035 -0.99112 -0.13296 0.0035 -0.99112 -0.13296 0.0035 -0.99112 -0.13296 0.0035 -0.99112 -0.13296 0.0035 -0.99112 -0.13296 0.0035 -0.99112 -0.13296 0.0035 -0.99112 -0.13296 0.0035 -0.99112 -0.13296 0.0035 -0.99112 -0.13296 0.0035 -0.99112 -0.13296 0.0035 -0.99112 -0.13296 0.0035 -0.99112 -0.13296 0.0035 -0.99112 -0.13296 0.0035 -0.99112 -0.13296 0.0035 -0.99112 -0.13296 0.0035 -0.99112 -0.13296 0.0035 -0.99112 -0.13296 0.0035 -0.99112 -0.13296 0.0035 -0.99112 -0.13296 0.0035 -0.99112 -0.13296 0.0035 -0.99112 -0.13296 0.0035 -0.99112 -0.13296 0.0035 -0.99112 -0.13296 0.0035 -0.99112 -0.13296 0.0035 0.00017 0.00266 -1 0.00087 0.00425 -0.99999 0.00148 0.00564 -0.99998 0.00217 0.00723 -0.99997 -0.09669 0.83025 -0.54894 -0.11722 0.9107 -0.39609 -0.11722 0.91118 -0.39498 -0.11671 0.89615 -0.42814 -0.09569 0.82673 -0.55441 0.12 -0.92364 -0.36399 0.12688 -0.911 -0.3924 0.12718 -0.91189 -0.39023 0.11995 -0.92479 -0.36108 0.12109 -0.89449 -0.43037 -0.1096 0.86692 0.48624 -0.0961 0.68929 0.71808 -0.042 0.32251 0.94563 -0.00402 0.05311 0.99858 0.0306 -0.127 0.99143 0.07668 -0.4414 0.89403 0.10291 -0.64264 0.75923 0.0094 -0.03231 0.99943 0.04282 -0.44592 0.89405 0.04547 -0.69156 0.72089 0.05451 0.00697 0.99849 0.01884 -0.09927 0.99488 0.09978 0.04947 0.99378 0.03364 -0.27019 0.96222 -0.12888 0.95328 0.27323 -0.11156 0.83542 0.53817 -0.0356 0.28748 0.95713 -0.06669 0.5117 0.85657 -0.00284 0.09942 0.99504 0.04806 -0.26924 0.96187 0.09413 -0.58739 0.80381 0.00054 0.12472 0.99219 0.00514 -0.10052 0.99492 0.10298 -0.87663 0.47002 0.09446 -0.69448 0.71329 -0.04515 0.45332 0.8902 -0.10171 0.82063 0.56234 -0.03421 0.25965 0.9651 0.09834 -0.77392 0.6256 -0.01112 0.12572 0.992 0.03331 -0.17799 0.98347 -0.11322 0.90843 0.40242 -0.09031 0.71518 0.69308 -0.03713 0.35026 0.93592 -0.25496 0.84912 -0.4626 0.14556 0.92439 -0.35258 0.09323 0.92392 -0.37105 -0.29654 0.83151 -0.46974 0.51431 0.74086 -0.43198 0.46906 0.75501 -0.4582 0.55905 0.72414 -0.40384 0.5837 0.71365 -0.3873 0.00774 -0.00545 0.99996 0.00794 -0.00587 0.99995 0.00696 -0.00389 0.99997 0.00716 -0.0043 0.99997 0.80836 0.10752 -0.57878 0.98981 0.13374 0.04885 0.9967 0.07994 -0.01437 0.98872 0.12095 0.08838 0.98107 0.17323 -0.08651 0.99131 0.1201 -0.05364 0.9904 0.13253 0.03917 0.99046 0.12878 0.04901 0.99078 0.12614 0.04949 0.99091 0.10589 0.08295 0.99399 0.07653 0.07824 0.99649 0.08282 0.01258 0.99041 0.12724 -0.05383 0.98599 0.089 -0.14108 0.97735 0.02351 -0.21033 0.92684 0.05112 -0.37197 0.88999 0.11523 -0.44117 0.86203 0.12354 -0.49157 0.99042 0.13257 0.03865 0.99042 0.13258 0.03873 0.81724 0.11729 -0.56424 0.88056 0.19516 -0.43189 0.80237 0.10224 -0.588 0.8082 0.10949 -0.57864 0.82092 0.13108 -0.55579 0.85823 0.15834 -0.48823 0.89634 0.16691 -0.41075 0.89172 0.20697 -0.40248 0.90447 0.2421 -0.35118 0.92005 0.24293 -0.3074 0.93954 0.22311 -0.25978 0.94659 0.24061 -0.21466 0.95676 0.27678 -0.08947 0.97975 0.19953 0.01647 0.97278 0.217 0.08134 0.98848 0.13856 0.06089 0.98903 0.13883 0.05042 0.96626 0.22454 -0.12616 0.98935 0.13167 0.06199 0.84232 0.12342 -0.52465 0.99018 0.09982 0.09788 0.98911 0.13351 0.06197 0.98289 0.16903 0.07315 0.99124 0.04465 0.12429 0.99272 0.08986 -0.08022 0.96935 0.1705 -0.17689 0.94886 0.29486 0.11276 0.99621 0.05362 0.06855 0.98915 0.09512 -0.11193 0.95419 0.29891 0.01356 0.96074 0.19361 -0.19874 0.98196 0.1394 -0.12777 0.97706 0.01059 -0.21269 0.93152 0.03951 -0.36154 0.88106 0.11902 -0.45779 0.9446 0.18912 -0.26825 0.00019 0.02989 -0.99955 -0.00055 0.02548 -0.99968 -0.00298 0.011 -0.99994 -0.00375 0.00643 -0.99997 -0.05798 0.28751 0.95602 -0.03461 0.91374 0.40483 -0.10275 0.79929 0.5921 -0.07065 0.47492 0.87719 -0.05065 0.30052 0.95243 -0.04988 0.43058 0.90117 -0.09571 0.89533 0.43499 -0.1148 0.85924 0.49852 -0.11517 0.87271 0.47446 -0.13137 0.95546 0.26428 -0.11976 0.85807 0.49938 -0.08622 0.66193 0.74459 -0.05219 0.38871 0.91988 -0.02382 0.27397 0.96144 -0.03694 0.24398 0.96908 -0.00786 0.2425 0.97012 -0.0913 0.83837 0.5374 -0.08811 0.66562 0.74107 -0.03116 0.25155 0.96734 -0.05224 0.4122 0.90959 -0.07897 0.75096 0.6556 -0.17377 0.91737 0.3581 -0.06415 0.86064 0.50516 -0.06237 0.42857 0.90135 -0.1119 0.8056 0.58179 -0.19191 0.93607 0.29485 -0.11101 0.94802 0.29822 -0.02328 0.26375 0.96431 0.00233 0.28405 0.95881 -0.05952 0.25192 0.96592 -0.13597 0.94812 0.28736 -0.14217 0.95385 0.26448 -0.17061 0.93009 0.32531 -0.14906 0.93133 0.33227 -0.00681 0.86589 0.50019 -0.19701 0.70973 0.67637 -0.13393 0.80896 -0.5724 -0.18191 0.79054 -0.58477 -0.09952 0.8207 -0.56262 -0.05863 0.83309 -0.55002 -0.11114 0.80989 -0.57596 -0.16672 0.81784 -0.55076 -0.08686 0.81628 -0.57109 -0.06604 0.81664 -0.57335 -0.12289 0.81716 -0.56316 -0.06057 0.82654 -0.5596 -0.11256 0.81054 -0.57477 0.14009 0.14051 0.98012 0.11736 0.09623 0.98842 0.06452 -0.00541 0.9979 0.09742 0.05768 0.99357 0.09127 -0.44113 0.89279 0.1536 -0.50032 0.85211 0.18166 -0.52591 0.83091 0.13008 -0.47837 0.86847 0.02096 0.06617 -0.99759 -0.00837 0.24287 -0.97002 -0.00699 0.24623 -0.96919 -0.00788 0.19755 -0.98026 -0.04652 0.28998 -0.9559 -0.11239 0.3601 -0.92612 -0.06798 0.26615 -0.96153 -0.12266 0.827 -0.54866 -0.11314 0.82838 -0.54862 -0.10346 0.82971 -0.54853 -0.11298 0.8284 -0.54862 -0.0033 0.00649 -0.99997 -0.00314 0.00624 -0.99998 -0.00288 0.00583 -0.99998 -0.00273 0.00559 -0.99998 0.13407 -0.99095 -0.00688 0.13423 -0.99091 -0.00838 0.13609 -0.99036 -0.02571 0.13624 -0.9903 -0.02712 0.00767 -0.00591 0.99995 0.00684 -0.00461 0.99997 0.00467 -0.00119 0.99999 0.00549 -0.00248 0.99998 -0.13181 0.99125 0.0072 -0.13185 0.99125 0.00687 -0.13132 0.99127 0.01136 -0.13136 0.99127 0.01104 0.14008 -0.98949 0.03593 0.13558 -0.99076 -0.00359 0.13519 -0.9908 -0.00688 0.13974 -0.98964 0.03286 0.00633 -0.00609 0.99996 0.00714 -0.00783 0.99994 0.01051 -0.01515 0.99983 0.00972 -0.01344 0.99986 -0.12817 0.99125 -0.03158 -0.13242 0.99117 0.00687 -0.13208 0.99123 0.00379 -0.12785 0.9912 -0.03436 -0.00388 0.02101 -0.99977 -0.00394 0.01949 -0.9998 -0.00433 0.00793 -0.99996 -0.00438 0.00635 -0.99997 -0.11454 0.88805 0.44526 -0.11565 0.87449 0.47105 -0.11718 0.79016 0.6016 -0.06026 0.66675 0.74284 0.01526 0.34664 0.93787 -0.02964 0.19712 0.97993 -0.06108 0.59828 0.79896 -0.06717 0.54347 0.83674 -0.04828 0.4875 0.87179 -0.09746 0.62446 0.77495 0.12809 -0.9002 0.41621 0.12172 -0.88327 0.45278 0.02333 -0.63419 0.77283 0.08138 -0.76221 0.64219 0.06141 -0.58947 0.80545 0.07712 -0.66606 0.7419 0.09321 -0.61873 0.78006 0.03404 -0.26127 0.96467 0.06656 -0.50288 0.86179 0.07356 -0.41955 0.90475 0.07731 -0.8179 0.57014 -0.0028 -0.60948 0.7928 0.00531 -0.00622 0.99997 0.00586 -0.00487 0.99997 0.00643 -0.00349 0.99997 0.00698 -0.00214 0.99997 0.1245 -0.88357 0.45145 -0.00815 0.05038 -0.9987 -0.0302 0.22039 -0.97494 -0.08994 0.60699 -0.7896 0.15638 -0.96846 -0.19397 0.0673 -0.41964 -0.90519 -0.02753 -0.13903 -0.98991 -0.00884 -0.0569 -0.99834 -0.00586 0.08623 -0.99626 -0.04057 0.35232 -0.935 -0.09945 0.72021 -0.68659 -0.12167 0.87925 -0.46056 -0.00307 0.01353 -0.9999 0.1445 -0.98894 -0.03347 0.02314 -0.2178 -0.97572 0.11052 -0.6507 -0.75125 -0.03767 0.23012 -0.97243 0.06871 -0.71651 -0.69418 0.02503 -0.13568 -0.99044 -0.04256 -0.00622 -0.99907 -0.07849 0.56829 -0.81908 0.04075 -0.38496 -0.92203 -0.01337 0.09526 -0.99536 -0.03134 0.23175 -0.97227 -0.09314 0.64805 -0.75588 -0.11983 0.90474 -0.40876 -0.09454 0.91961 -0.38129 0.12856 -0.93604 -0.32756 0.09327 -0.69587 -0.71209 0.03424 -0.16612 -0.98551 0.12003 -0.86512 0.487 0.15204 -0.98134 0.1177 0.11745 -0.82064 -0.55924 0.07539 -0.41975 -0.9045 -0.12485 0.85171 -0.50893 -0.11239 0.86164 0.49492 -0.11239 0.86194 0.4944 -0.1122 0.85486 0.50658 -0.10165 0.81404 0.57184 -0.10127 0.81253 0.57406 -0.01343 -0.38072 0.92459 0.05945 -0.66058 0.7484 0.11369 -0.84758 0.51835 0.03146 -0.3895 0.92049 0.06901 -0.37915 0.92276 0.04975 -0.39341 0.91802 0.08474 -0.22689 0.97023 0.05764 -0.3503 0.93486 0.06335 -0.49907 0.86424 0.07861 -0.71334 0.69639 0.11372 -0.83262 0.54204 0.11335 -0.8801 0.46106 0.07344 -0.4903 0.86845 0.09771 -0.901 0.42266 0.08406 -0.68277 0.72579 0.07062 -0.93568 0.34572 0.02857 -0.19041 0.98129 0.0648 -0.39723 0.91543 0.05434 -0.43808 0.89729 -0.08168 -0.25958 0.96226 -0.0075 -0.33011 0.94391 0.05681 -0.378 0.92406 0.09471 -0.59568 0.79762 0.11877 -0.81126 0.5725 0.1216 -0.91844 0.37641 0.0404 -0.40348 0.9141 0.0869 -0.87499 0.47629 0.16543 -0.92439 0.34372 0.14594 -0.90593 0.39747 0.10573 -0.73728 0.66726 0.10571 -0.76398 0.63653 0.11945 -0.75874 0.64034 0.07694 -0.57664 0.81337 0.11131 -0.82745 0.55039 0.10595 -0.91487 0.3896 0.12895 -0.90381 0.40804 0.12917 -0.96083 0.24518 0.06667 -0.77805 0.62465 -0.11167 0.9245 0.36446 -0.10237 0.92371 0.36915 -0.10515 0.92396 0.36776 -0.09938 0.92344 0.37065 -0.99112 -0.13296 0.0035 -0.99112 -0.13296 0.0035 -0.99112 -0.13296 0.0035 -0.99112 -0.13296 0.0035 -0.99112 -0.13296 0.0035 -0.99112 -0.13296 0.0035 -0.99112 -0.13296 0.0035 -0.99112 -0.13296 0.0035 -0.99112 -0.13296 0.0035 -0.99112 -0.13296 0.0035 -0.99112 -0.13296 0.0035 -0.99112 -0.13296 0.0035 -0.99112 -0.13296 0.0035 -0.99112 -0.13296 0.0035 -0.99112 -0.13296 0.0035 -0.99112 -0.13296 0.0035 -0.99112 -0.13296 0.0035 -0.99112 -0.13296 0.0035 -0.99112 -0.13296 0.0035 -0.99112 -0.13296 0.0035 -0.99112 -0.13296 0.0035 -0.99112 -0.13296 0.0035 -0.99112 -0.13296 0.0035 -0.99112 -0.13296 0.0035 -0.99112 -0.13296 0.0035 -0.99112 -0.13296 0.0035 -0.99112 -0.13296 0.0035 -0.99112 -0.13296 0.0035 -0.99112 -0.13296 0.0035 -0.99112 -0.13296 0.0035 -0.99112 -0.13296 0.0035 -0.99112 -0.13296 0.0035 -0.99112 -0.13296 0.0035 -0.99112 -0.13296 0.0035 -0.99112 -0.13296 0.0035 -0.99112 -0.13296 0.0035 -0.99112 -0.13296 0.0035 -0.99112 -0.13296 0.0035 -0.99112 -0.13296 0.0035 -0.99112 -0.13296 0.0035 -0.99112 -0.13296 0.0035 -0.99112 -0.13296 0.0035 -0.99112 -0.13296 0.0035 -0.99112 -0.13296 0.0035 -0.99112 -0.13296 0.0035 -0.0038 0.00776 -0.99996 -0.00438 0.00635 -0.99997 -0.00322 0.00916 -0.99995 -0.00264 0.01056 -0.99994 0.14164 -0.9881 -0.05998 0.13608 -0.99067 -0.00688 0.13653 -0.99057 -0.01103 0.14125 -0.98838 -0.0561 -0.13285 0.99111 0.00687 -0.13271 0.99114 0.00557 -0.13106 0.99133 -0.00977 -0.13091 0.99133 -0.01107 0.00813 0.0029 0.99996 0.01116 -0.00096 0.99994 0.01435 -0.00501 0.99988 0.00499 0.0069 0.99996 -0.03321 0.41548 -0.909 -0.08411 0.36624 -0.92671 -0.08429 0.5011 -0.86128 -0.09264 0.66448 -0.74154 -0.10853 0.66856 -0.7357 -0.08264 0.56469 -0.82116 -0.09947 0.69096 -0.71602 -0.11185 0.72289 -0.68186 -0.13604 0.83574 -0.532 -0.09282 0.71613 -0.69176 -0.11382 0.83769 -0.53416 -0.11514 0.7401 -0.66256 -0.16539 0.79909 -0.57801 -0.11659 0.86131 -0.49452 -0.0156 0.4085 -0.91262 -0.1152 0.85714 -0.50204 -0.0806 0.62425 -0.77705 -0.06689 0.68519 -0.72529 -0.11784 0.90241 -0.41445 0.06286 -0.39975 -0.91447 0.07107 -0.53152 -0.84406 0.0677 -0.53893 -0.83962 0.095 -0.83492 -0.54211 0.12283 -0.88013 -0.45857 0.10368 -0.81719 -0.56696 0.06551 -0.5316 -0.84446 0.07551 -0.68203 -0.72741 0.09589 -0.69973 -0.70795 0.05166 -0.8179 -0.57304 0.08102 -0.76386 -0.64028 0.04658 -0.80856 -0.58656 0.11292 -0.82548 -0.55303 0.0712 -0.45527 -0.8875 0.09482 -0.83504 -0.54196 0.12411 -0.69552 -0.7077 0.12377 -0.86869 -0.47965 0.11268 -0.85382 -0.50823 0.11871 -0.90196 -0.41519 -0.07113 -0.30771 0.94882 -0.00241 -0.38056 0.92475 -0.05559 -0.32453 0.94424 -0.0321 -0.34959 0.93635 -0.12009 0.8991 0.42095 -0.13086 0.89754 0.42106 -0.10926 0.90055 0.42079 -0.11513 0.89978 0.42089 -0.15549 0.26159 0.95257 -0.10523 0.35437 0.92916 -0.14441 0.28261 0.9483 -0.12636 0.31615 0.94026 0.09679 -0.8887 0.44815 0.13187 -0.9389 0.31792 0.11464 -0.91179 0.39433 0.08643 -0.88012 0.46682 0.09548 -0.89218 0.44147 -0.0934 0.65706 0.74803 -0.1813 0.6078 0.77311 -0.06261 0.67252 0.73742 -0.13491 0.63475 0.76085 -0.08778 0.56071 -0.82335 -0.06784 0.43367 -0.89851 -0.07118 0.37706 -0.92345 -0.09018 0.67854 -0.729 -0.10452 0.63282 -0.76721 -0.10055 0.5694 -0.81589 -0.15201 0.61283 -0.77546 -0.0586 0.39867 -0.91522 -0.10364 0.5316 -0.84063 -0.14213 0.15441 -0.97773 -0.17523 0.11941 -0.97726 -0.21264 0.05414 -0.97563 -0.05644 0.27416 -0.96003 -0.0428 0.29187 -0.9555 -0.01181 0.11323 0.9935 0.02877 0.11866 0.99252 -0.11192 -0.16663 0.97965 0.01622 0.01948 0.99968 -0.05412 -0.15969 0.98568 0.05086 -0.03414 0.99812 -0.00165 -0.03067 -0.99953 0.00818 -0.08186 -0.99661 -0.01209 0.02638 -0.99958 -0.00324 -0.00808 -0.99996 -0.00852 0.03296 -0.99942 -0.0124 0.07169 -0.99735 0.13293 -0.9911 -0.00687 0.13293 -0.9911 -0.00687 0.13293 -0.9911 -0.00687 0.13293 -0.9911 -0.00687 -0.00438 0.00635 -0.99997 -0.00438 0.00635 -0.99997 -0.00438 0.00635 -0.99997 -0.00438 0.00635 -0.99997 -0.1332 0.99108 0.00455 -0.13293 0.9911 0.00687 -0.13634 0.99039 -0.02342 -0.13656 0.9903 -0.02546 0.00372 -0.0079 0.99996 0.00438 -0.00635 0.99997 0.0031 -0.00935 0.99995 0.00245 -0.01089 0.99994 0.12952 -0.99155 -0.00686 0.12969 -0.99154 -0.00539 0.13169 -0.99122 0.01186 0.13186 -0.99118 0.01328 -0.00757 0.0065 -0.99995 -0.00777 0.00589 -0.99995 -0.00727 0.00738 -0.99995 -0.00707 0.00798 -0.99994 -0.1334 0.99103 0.00823 -0.13326 0.99106 0.00687 -0.13509 0.99053 0.0244 -0.13523 0.99048 0.02571 0.00415 -0.00638 0.99997 0.00389 -0.00599 0.99997 0.00325 -0.00502 0.99998 0.00351 -0.00541 0.99998 0.12698 -0.99188 -0.00685 0.12722 -0.99186 -0.00483 0.12992 -0.99136 0.01816 0.13015 -0.99129 0.0201 -0.01006 0.00559 -0.99993 -0.01006 0.00559 -0.99993 -0.01006 0.00559 -0.99993 -0.01006 0.00559 -0.99993 -0.13888 0.99029 0.00693 -0.13888 0.99029 0.00689 -0.13882 0.99029 0.00735 -0.13883 0.99029 0.00732 0.00438 -0.00635 0.99997 0.00438 -0.00635 0.99997 0.00438 -0.00635 0.99997 0.00438 -0.00635 0.99997 0.11772 -0.88918 -0.44216 0.1015 -0.78407 -0.61232 0.08028 -0.64448 -0.76039 -0.18931 -0.85229 -0.48762 0.08121 -0.70292 -0.70662 -0.38655 -0.80363 -0.45249 0.06796 -0.53884 -0.83966 -0.02324 0.11844 -0.99269 -0.02388 0.12421 -0.99197 -0.04786 0.34491 -0.93741 -0.04825 0.34854 -0.93605 -0.12339 0.84823 -0.51506 -0.12362 0.84545 -0.51956 -0.12003 0.88277 -0.45421 -0.12035 0.87987 -0.45973 0.99112 0.13296 -0.0035 0.99112 0.13296 -0.0035 0.99112 0.13296 -0.0035 0.99112 0.13296 -0.0035 0.99112 0.13296 -0.0035 0.99112 0.13296 -0.0035 0.99112 0.13296 -0.0035 0.99112 0.13296 -0.0035 0.99112 0.13296 -0.0035 0.99112 0.13296 -0.0035 0.99112 0.13296 -0.0035 0.99112 0.13296 -0.0035 0.99112 0.13296 -0.0035 0.99112 0.13296 -0.0035 0.99112 0.13296 -0.0035 0.99112 0.13296 -0.0035 0.99112 0.13296 -0.0035 0.99112 0.13296 -0.0035 0.99112 0.13296 -0.0035 0.99112 0.13296 -0.0035 0.99112 0.13296 -0.0035 0.99112 0.13296 -0.0035 0.99112 0.13296 -0.0035 0.99112 0.13296 -0.0035 0.99112 0.13296 -0.0035 0.99112 0.13296 -0.0035 0.99112 0.13296 -0.0035 0.99112 0.13296 -0.0035 0.99112 0.13296 -0.0035 0.99112 0.13296 -0.0035 0.99112 0.13296 -0.0035 0.99112 0.13296 -0.0035 0.99112 0.13296 -0.0035 0.99112 0.13296 -0.0035 0.99112 0.13296 -0.0035 0.99112 0.13296 -0.0035 0.99112 0.13296 -0.0035 0.99112 0.13296 -0.0035 0.99112 0.13296 -0.0035 0.99112 0.13296 -0.0035 0.99112 0.13296 -0.0035 0.99112 0.13296 -0.0035 0.99112 0.13296 -0.0035 0.99112 0.13296 -0.0035 0.99112 0.13296 -0.0035 0.99112 0.13296 -0.0035 0.99112 0.13296 -0.0035 0.99112 0.13296 -0.0035 0.99112 0.13296 -0.0035 0.99112 0.13296 -0.0035 0.99112 0.13296 -0.0035 0.99112 0.13296 -0.0035 0.99112 0.13296 -0.0035 0.99112 0.13296 -0.0035 -0.00531 0.00528 -0.99997 -0.00599 0.00613 -0.99996 -0.00403 0.0037 -0.99999 -0.00471 0.00455 -0.99998 -0.11813 0.86619 0.48555 -0.0936 0.6947 0.71319 -0.03809 0.31265 0.9491 -0.0103 0.05962 0.99817 0.01401 -0.13635 0.99056 0.056 -0.44031 0.8961 0.07847 -0.65116 0.75487 0.11972 -0.92466 0.36147 0.04516 -0.30867 0.9501 0.00179 0.02602 0.99966 -7e-05 0.21836 0.97587 -0.0146 0.11648 0.99309 -0.12855 0.97342 0.18957 0.10111 -0.74681 0.6573 0.00101 -0.00782 0.99997 0.01662 -0.1655 0.98607 0.00807 -0.02777 0.99958 -0.04618 0.36429 0.93014 0.03709 -0.19986 0.97912 0.09767 -0.69232 0.71495 -0.06471 0.46105 0.88501 0.13321 -0.93758 0.32125 -0.1112 0.83319 0.54169 -0.11821 0.80454 0.58202 0.01893 -0.09303 0.99548 -0.02045 0.16751 0.98566 0.09171 -0.67785 0.72946 -0.07056 0.53726 0.84046 -0.10468 0.83537 0.53963 0.11063 -0.91142 -0.39633 0.1106 -0.91408 -0.39016 0.12281 -0.88499 -0.44912 0.12317 -0.88636 -0.44631 0.11008 -0.83594 -0.53767 -0.1325 0.90681 -0.40018 -0.13333 0.90899 -0.39492 -0.11989 0.87133 -0.47582 -0.11936 0.86936 -0.47954 -0.11936 0.86935 -0.47957 -0.86726 -0.17842 0.46479 -0.86374 -0.07246 0.49869 -0.87493 -0.08356 0.47698 -0.87753 -0.06698 0.47481 -0.88528 -0.15709 0.43772 -0.89554 -0.30943 0.31977 -0.88863 -0.22458 0.39987 -0.95428 0.09992 0.28173 -0.93339 -0.28313 0.22051 -0.91551 -0.39066 0.09606 -0.98541 -0.10712 0.13226 -0.98352 0.12464 0.13096 -0.92299 -0.10439 0.37039 -0.96304 -0.0591 0.26278 -0.90673 -0.28214 0.31343 -0.87837 -0.16359 0.44912 -0.86723 -0.18082 0.46392 -0.71795 -0.10764 0.68772 -0.80805 -0.08539 0.58289 -0.78781 -0.12272 0.60357 -0.93875 -0.214 0.27008 -0.89814 -0.42675 0.10593 -0.94328 0.29362 0.15497 -0.92899 -0.30089 0.2155 -0.9004 -0.26529 0.34483 -0.63231 -0.30347 0.7128 -0.70637 -0.11645 0.6982 -0.98856 -0.0772 0.12959 -0.99258 -0.02883 0.11813 -0.76868 -0.10862 0.63034 -0.80472 -0.06264 0.59034 -0.84627 -0.14894 0.51151 -0.88172 -0.11412 0.45777 -0.93504 -0.08799 0.34345 -0.97088 -0.18468 -0.15258 -0.98602 -0.16463 -0.02562 -0.98348 -0.17592 -0.0427 -0.97612 -0.19416 -0.09739 -0.98799 -0.15056 -0.03461 -0.99133 -0.13132 0.0048 -0.99131 -0.1314 0.00543 -0.99117 -0.13238 0.00817 -0.9911 -0.13279 0.00977 -0.99107 -0.13293 0.01057 -0.99106 -0.13298 0.01109 -0.99181 -0.12574 -0.02228 -0.99159 -0.12943 0.00123 -0.99399 -0.0984 -0.04788 -0.99377 -0.1055 -0.03604 -0.99323 -0.11195 -0.03102 -0.99296 -0.08034 -0.08699 -0.63148 -0.07956 -0.7713 -0.93722 -0.13417 -0.32191 -0.99669 -0.06845 0.04377 -0.95558 -0.11427 -0.27168 -0.98938 -0.14513 -0.00828 -0.98492 -0.11415 -0.13002 -0.99341 -0.09883 -0.05805 -0.98458 -0.16787 -0.04916 -0.98904 -0.14673 -0.01644 -0.98954 -0.13303 -0.05587 -0.99525 -0.09072 -0.0354 -0.95341 -0.2944 -0.06584 -0.98047 -0.16626 0.10507 -0.97314 -0.09426 0.21004 -0.99764 0.01206 -0.06761 0.00112 -0.00874 0.99996 0.00152 -0.00673 0.99998 3e-05 -0.01426 0.9999 -0.00036 -0.01623 0.99987 0.07927 -0.43384 0.89749 0.11141 -0.67408 0.73021 0.12765 -0.84744 0.51531 0.00774 -0.32805 0.94463 0.05775 -0.39893 0.91516 0.05663 -0.40436 0.91284 0.08821 -0.62444 0.77607 0.11737 -0.79905 0.5897 0.10497 -0.80836 0.57926 0.11173 -0.90615 0.40794 0.07036 -0.49799 0.86432 0.1024 -0.77878 0.61888 0.12486 -0.90394 0.40903 0.04657 -0.18519 0.9816 0.09024 -0.68565 0.72232 0.08828 -0.87765 0.47111 0.10564 -0.85891 0.50111 0.02426 -0.30462 0.95216 0.03965 -0.26873 0.9624 0.01913 -0.27124 0.96232 0.02645 -0.23864 0.97075 0.04657 -0.30849 0.95009 0.04207 -0.21153 0.97647 0.03871 -0.26759 0.96276 0.07361 -0.31138 0.94743 0.03169 -0.24687 0.96853 0.08015 -0.29295 0.95276 0.15121 -0.28875 0.94539 0.12372 -0.92426 0.36115 0.06606 -0.51194 0.85648 0.00876 -0.28447 0.95864 0.03077 -0.32872 0.94393 0.04324 -0.36087 0.93161 0.10318 -0.76742 0.63279 -0.1188 0.93719 0.32797 -0.12258 0.93665 0.32811 -0.1234 0.93653 0.32814 -0.12641 0.93609 0.32826 -0.12646 0.93707 0.32542 -0.13167 0.93635 0.32543 -0.12525 0.93724 0.32542 -0.1209 0.93782 0.3254 -0.02329 0.31151 0.94996 -0.03642 0.57269 0.81896 0.03356 0.41443 0.90946 -0.05053 0.94295 0.32909 -0.09961 0.78428 0.61235 -0.12311 0.92601 0.35685 -0.07038 0.48007 0.8744 -0.26584 0.26917 0.92568 -0.06209 0.27119 0.96052 -0.05049 0.31947 0.94625 -0.03185 0.26983 0.96238 -0.06726 0.65224 0.75502 -0.05795 0.40216 0.91373 -0.09672 0.85749 0.50533 -0.08995 0.82291 0.561 -0.0562 0.54685 0.83534 -0.01919 0.16604 0.98593 -0.1465 0.95899 0.24263 -0.10241 0.95673 0.27237 -0.12749 0.96632 0.22353 -0.05372 0.31812 0.94653 -0.06231 0.33441 0.94037 0.06618 0.27586 0.95892 0.0173 0.27445 0.96145 -0.13725 0.97932 0.14862 -0.11987 0.8988 0.42164 -0.03274 0.84296 0.53697 -0.08788 0.87455 0.47691 -0.08425 0.71045 0.69869 -0.01236 0.22008 0.9754 -0.0456 0.38774 0.92064 -0.29737 0.52962 0.7944 -0.12944 0.86582 0.48332 -0.03492 0.42037 0.90668 0.1065 -0.92631 0.3614 0.13706 -0.94039 0.31125 0.11712 -0.93157 0.34418 0.1267 -0.93598 0.32846 0.04336 -0.86365 -0.50223 0.06222 -0.8214 -0.56694 0.05288 -0.84308 -0.53518 0.05288 -0.84308 -0.53518 0.12233 -0.93987 0.31888 0.1298 -0.93887 0.31886 0.12852 -0.93905 0.31886 0.13457 -0.93821 0.31883 0.13096 -0.99095 0.02939 0.11338 -0.98453 -0.1336 0.13296 -0.9909 -0.02087 0.04186 -0.9564 -0.28906 0.05865 -0.96468 -0.25682 0.11579 -0.99017 -0.0785 -0.11605 0.85088 -0.51239 -0.11057 0.81698 -0.56596 -0.11519 0.84556 -0.5213 -0.11268 0.81696 -0.56557 -0.11226 0.80265 -0.58579 -0.10731 0.80328 -0.58586 -0.10413 0.8385 -0.53485 -0.10186 0.84337 -0.52759 -0.12945 0.80539 -0.57844 -0.08414 0.83895 -0.53766 -0.0952 0.83071 -0.54851 -0.11817 0.81424 -0.56837 -0.15513 0.82698 -0.54041 -0.12425 0.8305 -0.54298 -0.12104 0.81704 -0.56374 -0.53869 0.3657 -0.759 -0.23846 0.52655 -0.81602 -0.44806 0.42293 -0.78764 -0.15887 0.55704 -0.81515 0.0055 0.85581 -0.51726 -0.07198 0.82872 -0.55502 -0.14523 0.83281 -0.53417 -0.13192 0.82767 -0.54549 -0.10489 0.82245 -0.55909 0.00337 -0.00691 0.99997 0.00356 -0.00646 0.99997 0.00318 -0.00737 0.99997 0.003 -0.00782 0.99996 0.04867 -0.65962 -0.75002 0.03325 -0.42894 -0.90272 0.01597 -0.14883 -0.98873 0.00307 -0.03595 -0.99935 -0.01608 0.08608 -0.99616 -0.05625 0.34694 -0.9362 -0.10421 0.71693 -0.68931 -0.1294 0.87817 -0.46051 -0.01222 -0.0287 -0.99951 0.00014 0.0087 -0.99996 0.04379 -0.28058 -0.95883 0.005 -0.19672 -0.98045 0.05152 -0.43218 -0.90031 0.02972 -0.21047 -0.97715 -0.04683 0.37677 -0.92512 0.07576 -0.64135 -0.7635 0.01872 -0.08429 -0.99627 -0.02687 0.21454 -0.97635 -0.02135 0.08 -0.99657 -0.07516 0.58171 -0.80992 0.08055 -0.62509 -0.77638 0.15311 -0.95283 -0.26205 0.12612 -0.87201 -0.47296 -0.1159 0.93556 -0.3336 -0.10948 0.71137 -0.69424 -0.11103 0.79886 -0.59118 -0.0278 -0.2448 -0.96917 -0.01937 0.12654 -0.99177 -0.14119 0.69306 -0.70691 -0.08636 0.49327 -0.86558 0.03668 -0.62739 -0.77784 0.09113 -0.89262 -0.4415 -0.10228 0.86795 0.48601 -0.09984 0.86353 0.49431 -0.11631 0.87024 0.47869 -0.14201 0.95012 0.27768 -0.11369 0.92088 0.37291 -0.11359 0.92291 0.36788 0.11984 -0.88486 0.45017 0.11959 -0.88367 0.45257 0.1041 -0.80725 0.58096 0.11449 -0.84831 0.51697 0.11454 -0.84815 0.51723 -0.00556 0.00873 -0.99995 -0.0048 0.00629 -0.99997 -0.01169 0.02853 -0.99952 -0.01097 0.02621 -0.9996 0.11792 -0.8835 0.45335 -0.11978 0.87512 0.46885 -0.13347 0.66575 0.73414 -0.01797 -0.19894 0.97985 0.10013 -0.77425 0.6249 0.08074 -0.82013 0.56646 -0.12513 0.86805 0.48045 -0.03776 0.67496 0.73689 0.02434 -0.1753 0.98421 0.04747 -0.45193 0.89079 0.05972 -0.39339 0.91743 0.04568 -0.23681 0.97048 -0.04244 0.32915 0.94332 -0.04536 0.34137 0.93883 0.11651 -0.87916 0.46207 -0.12065 0.90829 0.40057 -0.05429 0.50899 0.85906 0.04387 -0.39744 0.91658 0.00325 -0.00733 0.99997 0.00289 -0.00655 0.99997 0.00478 -0.01064 0.99993 0.00442 -0.00986 0.99994 0.12842 -0.9917 -0.00686 0.12874 -0.99167 -0.00415 0.13271 -0.99072 0.02951 0.13241 -0.99083 0.02691 -0.13491 0.99082 0.00885 -0.1347 0.99086 0.00688 -0.13729 0.99004 0.03127 -0.13749 0.98995 0.03316 0.00204 -0.00666 0.99998 0.00123 -0.0093 0.99996 -8e-05 -0.01357 0.99991 -0.00087 -0.01615 0.99987 0.13041 -0.99144 -0.00688 0.13041 -0.99144 -0.00686 0.13043 -0.99143 -0.00702 0.13043 -0.99143 -0.00703 -0.00586 0.00702 -0.99996 -0.00535 0.00622 -0.99997 -0.0067 0.00835 -0.99994 -0.00721 0.00915 -0.99993 -0.13396 0.99096 0.00688 -0.13439 0.99092 0.00321 -0.13944 0.98937 -0.04124 -0.13907 0.98956 -0.0379 0.99112 0.13296 -0.0035 0.99112 0.13296 -0.0035 0.99112 0.13296 -0.0035 0.99112 0.13296 -0.0035 0.99112 0.13296 -0.0035 0.99112 0.13296 -0.0035 0.99112 0.13296 -0.0035 0.99112 0.13296 -0.0035 0.99112 0.13296 -0.0035 0.99112 0.13296 -0.0035 0.99112 0.13296 -0.0035 0.99112 0.13296 -0.0035 0.99112 0.13296 -0.0035 0.99112 0.13296 -0.0035 0.99112 0.13296 -0.0035 0.99112 0.13296 -0.0035 0.99112 0.13296 -0.0035 0.99112 0.13296 -0.0035 0.99112 0.13296 -0.0035 0.99112 0.13296 -0.0035 0.99112 0.13296 -0.0035 0.99112 0.13296 -0.0035 0.99112 0.13296 -0.0035 0.99112 0.13296 -0.0035 0.99112 0.13296 -0.0035 0.99112 0.13296 -0.0035 0.99112 0.13296 -0.0035 0.99112 0.13296 -0.0035 0.99112 0.13296 -0.0035 0.99112 0.13296 -0.0035 0.99112 0.13296 -0.0035 0.99112 0.13296 -0.0035 0.99112 0.13296 -0.0035 0.99112 0.13296 -0.0035 0.99112 0.13296 -0.0035 0.99112 0.13296 -0.0035 0.99112 0.13296 -0.0035 0.99112 0.13296 -0.0035 0.99112 0.13296 -0.0035 0.99112 0.13296 -0.0035 0.99112 0.13296 -0.0035 0.99112 0.13296 -0.0035 0.99112 0.13296 -0.0035 0.99112 0.13296 -0.0035 0.99112 0.13296 -0.0035 0.99112 0.13296 -0.0035 0.13076 -0.99139 -0.00687 0.13021 -0.99142 -0.01164 0.12336 -0.99001 -0.06826 0.12391 -0.99024 -0.0638 -0.00528 0.00677 -0.99996 -0.0049 0.00628 -0.99997 -0.00565 0.00725 -0.99996 -0.00603 0.00774 -0.99995 -0.13393 0.99097 0.00688 -0.1343 0.99093 0.0037 -0.13872 0.98969 -0.03554 -0.13838 0.98985 -0.03247 -0.78329 -0.08774 -0.61543 -0.99003 -0.13287 0.04678 -0.98933 -0.12881 0.06802 -0.83678 -0.10779 -0.53683 -0.79491 -0.10998 -0.59667 -0.88144 -0.09194 -0.46325 -0.9259 -0.03716 -0.37593 -0.97959 -0.02824 -0.199 -0.99506 -0.05202 0.08456 -0.99672 -0.06573 0.04717 -0.99586 -0.03507 -0.08386 -0.99117 -0.1025 0.08412 -0.99002 -0.13291 0.04685 -0.96842 -0.2177 0.12157 -0.98408 -0.16309 0.07066 -0.98567 -0.15313 0.07081 -0.98713 -0.14492 0.06767 -0.98237 -0.17247 0.07208 -0.987 -0.15422 -0.0452 -0.98418 -0.17614 0.01892 -0.95468 -0.24353 -0.17109 -0.97009 -0.22059 -0.10134 -0.94838 -0.1884 -0.2551 -0.94912 -0.21492 -0.23017 -0.932 -0.12408 -0.34056 -0.93562 -0.1443 -0.32216 -0.94062 -0.17424 -0.29132 -0.89897 -0.11119 -0.42365 -0.92076 -0.10074 -0.37689 -0.96627 0.06598 -0.24895 -0.86081 -0.09049 -0.50081 -0.86662 -0.09835 -0.48918 -0.84117 -0.11562 -0.52827 -0.78299 -0.09654 -0.6145 -0.9833 -0.18125 -0.01654 -0.86453 -0.12356 -0.48716 -0.98273 -0.16281 0.08791 -0.99418 -0.10009 -0.03976 -0.98644 -0.13855 0.08797 -0.98576 -0.14885 0.07829 -0.9349 -0.29283 0.20053 -0.97389 -0.05526 0.22018 -0.99256 -0.11773 0.03091 -0.98771 -0.15572 -0.01357 -0.95671 -0.28331 0.06659 -0.99451 -0.08524 0.06069 -0.99346 -0.09718 -0.05992 -0.98618 -0.15855 -0.04804 -0.99899 0.04175 0.01671 -0.99111 -0.0598 -0.11882 -0.98217 -0.1745 -0.06999 -0.97466 -0.18467 -0.12627 -0.99058 0.006 -0.13677 -0.8192 -0.10972 -0.56292 -0.96209 -0.0238 -0.27168 -0.89886 -0.08562 -0.42979 -0.92002 -0.12074 -0.37281 -0.93728 -0.17748 -0.30001 -0.00944 0.00545 -0.99994 -0.00954 0.00565 -0.99994 -0.00914 0.00479 -0.99995 -0.00904 0.00459 -0.99995 -0.00189 -0.00719 0.99997 -0.00342 -0.00524 0.99998 -0.00636 -0.00147 0.99998 -0.00486 -0.00339 0.99998 0.85217 0.11254 0.51102 0.92095 0.12075 0.3705 0.96095 0.14506 0.23567 0.98005 0.14334 0.13768 0.99082 0.13201 0.02924 0.99066 0.13471 -0.02097 0.99076 0.13379 -0.0224 0.99121 0.13223 -0.00334 0.99047 0.13506 -0.02683 0.99121 0.13076 -0.02021 0.96226 -0.22851 0.14776 0.99125 0.12777 0.03305 0.98362 0.11253 0.14082 0.91449 -0.33643 0.22475 0.95193 0.10665 0.28714 0.886 0.11395 0.44947 0.88765 0.05083 0.45771 0.81404 0.08805 0.5741 0.80048 0.09972 0.591 0.77736 0.11566 0.61834 0.79115 0.11351 0.60099 0.89072 0.10588 0.44204 0.76529 0.10244 -0.63548 0.84095 0.12024 -0.52758 0.92072 0.11968 -0.37142 0.96485 0.10375 -0.24146 0.9239 -0.32857 -0.19607 0.9885 0.12887 -0.07907 0.99263 0.11982 0.0183 0.99019 0.13189 0.04603 0.99036 0.13249 0.04048 0.99015 0.1326 0.04496 0.99014 0.13514 0.03685 0.98995 0.14084 0.01269 0.9893 0.13366 -0.05856 0.97523 0.13198 -0.17748 0.93651 0.14886 -0.31746 0.89955 0.15383 -0.40884 0.83343 0.13542 -0.53578 0.97206 0.12768 -0.19697 -0.88086 -0.1562 0.44687 -0.92952 -0.13433 0.34344 -0.97127 -0.13433 0.19644 -0.98755 -0.13449 0.08155 -0.99155 -0.12935 -0.00943 -0.99095 -0.13341 -0.01498 -0.99164 -0.12905 -0.00048 -0.98995 -0.13939 -0.02406 -0.9913 -0.13142 0.00785 -0.98923 -0.13145 0.06441 -0.98079 -0.13306 0.14263 -0.95882 -0.13128 0.25186 -0.92322 -0.11679 0.3661 -0.88242 -0.10098 0.4595 -0.81152 -0.09108 0.57718 -0.73385 -0.10724 0.6708 -0.68506 -0.0977 0.7219 -0.85802 -0.15185 0.49066 -0.98058 -0.12968 0.1471 -0.94557 -0.12177 0.30178 -0.99001 -0.1325 0.04829 -0.98966 -0.13313 0.05343 -0.99048 -0.13166 0.04022 -0.98814 -0.13654 -0.0702 -0.81716 -0.54563 -0.18583 -0.95559 -0.16458 -0.24446 -0.9202 -0.14597 -0.36322 -0.90755 -0.2074 -0.36516 -0.87895 -0.14664 -0.4538 -0.84826 -0.1148 -0.51699 -0.88572 -0.09168 -0.45507 -0.93091 -0.0436 -0.36263 -0.9527 0.00679 -0.30383 -0.94143 -0.10197 -0.32143 -0.97139 -0.12763 -0.20026 -0.98807 -0.13553 -0.07308 -0.99153 -0.12958 0.00863 -0.99073 -0.12905 0.0425 -0.98932 -0.13461 0.05596 -0.97663 -0.12622 -0.17394 -0.11133 0.97698 0.18197 -0.11133 0.97698 0.18197 -0.11133 0.97698 0.18197 -0.11582 0.92896 0.35159 -0.11582 0.92896 0.35159 -0.11582 0.92896 0.35159 0.99499 0.09738 -0.0225 0.99499 0.09738 -0.0225 0.99499 0.09738 -0.0225 -0.86189 0.45794 0.2178 -0.86189 0.45794 0.2178 -0.86189 0.45794 0.2178 0.7412 0.64014 0.20213 0.7412 0.64014 0.20213 0.7412 0.64014 0.20213 0.66015 0.72042 0.2126 0.66015 0.72042 0.2126 0.66015 0.72042 0.2126 0.61108 0.76229 0.21331 0.61108 0.76229 0.21331 0.61108 0.76229 0.21331 0.31654 0.92384 0.21521 0.31654 0.92384 0.21521 0.31654 0.92384 0.21521 0.19221 0.95855 0.21032 0.19221 0.95855 0.21032 0.19221 0.95855 0.21032 0.1091 0.9701 0.21682 0.1091 0.9701 0.21682 0.1091 0.9701 0.21682 0.04478 0.97515 0.21695 0.04478 0.97515 0.21695 0.04478 0.97515 0.21695 -0.06501 0.97613 0.20723 -0.06501 0.97613 0.20723 -0.06501 0.97613 0.20723 -0.16515 0.96191 0.21786 -0.16515 0.96191 0.21786 -0.16515 0.96191 0.21786 -0.27275 0.9399 0.20543 -0.27275 0.9399 0.20543 -0.27275 0.9399 0.20543 -0.35941 0.90725 0.21847 -0.35941 0.90725 0.21847 -0.35941 0.90725 0.21847 -0.42633 0.87783 0.21831 -0.42633 0.87783 0.21831 -0.42633 0.87783 0.21831 -0.48336 0.84767 0.21866 -0.48336 0.84767 0.21866 -0.48336 0.84767 0.21866 -0.73955 0.63681 0.21802 -0.73955 0.63681 0.21802 -0.73955 0.63681 0.21802 -0.81844 0.53466 0.21047 -0.81844 0.53466 0.21047 -0.81844 0.53466 0.21047 0.77833 0.5748 -0.25258 0.77833 0.5748 -0.25258 0.77833 0.5748 -0.25258 -0.86977 -0.48673 -0.08115 -0.86977 -0.48673 -0.08115 -0.86977 -0.48673 -0.08115 -0.84546 -0.5278 -0.08143 -0.84546 -0.5278 -0.08143 -0.84546 -0.5278 -0.08143 -0.79592 -0.59996 -0.08104 -0.79592 -0.59996 -0.08104 -0.79592 -0.59996 -0.08104 -0.74881 -0.65772 -0.08178 -0.74881 -0.65772 -0.08178 -0.74881 -0.65772 -0.08178 -0.68967 -0.71849 -0.09014 -0.68967 -0.71849 -0.09014 -0.68967 -0.71849 -0.09014 -0.57474 -0.81307 -0.09271 -0.57474 -0.81307 -0.09271 -0.57474 -0.81307 -0.09271 -0.74368 -0.65256 -0.14525 -0.74368 -0.65256 -0.14525 -0.74368 -0.65256 -0.14525 -0.48899 -0.86821 -0.08422 -0.48899 -0.86821 -0.08422 -0.48899 -0.86821 -0.08422 -0.70122 -0.69793 -0.14553 -0.70122 -0.69793 -0.14553 -0.70122 -0.69793 -0.14553 -0.64703 -0.74831 -0.14625 -0.64703 -0.74831 -0.14625 -0.64703 -0.74831 -0.14625 -0.42271 -0.9023 -0.08467 -0.42271 -0.9023 -0.08467 -0.42271 -0.9023 -0.08467 -0.78098 -0.57122 -0.25254 -0.78098 -0.57122 -0.25254 -0.78098 -0.57122 -0.25254 -0.36607 -0.92668 -0.08516 -0.36607 -0.92668 -0.08516 -0.36607 -0.92668 -0.08516 -0.3637 -0.91959 -0.1486 -0.3637 -0.91959 -0.1486 -0.3637 -0.91959 -0.1486 -0.05188 -0.99453 -0.09068 -0.05188 -0.99453 -0.09068 -0.05188 -0.99453 -0.09068 0.03387 -0.9956 -0.08733 0.03387 -0.9956 -0.08733 0.03387 -0.9956 -0.08733 -0.29391 -0.94418 -0.14882 -0.29391 -0.94418 -0.14882 -0.29391 -0.94418 -0.14882 0.11539 -0.98903 -0.09223 0.11539 -0.98903 -0.09223 0.11539 -0.98903 -0.09223 -0.175 -0.97315 -0.1495 -0.175 -0.97315 -0.1495 -0.175 -0.97315 -0.1495 -0.10172 -0.98342 -0.15016 -0.10172 -0.98342 -0.15016 -0.10172 -0.98342 -0.15016 0.21266 -0.97291 -0.09069 0.21266 -0.97291 -0.09069 0.21266 -0.97291 -0.09069 0.31153 -0.94578 -0.09196 0.31153 -0.94578 -0.09196 0.31153 -0.94578 -0.09196 0.42611 -0.90035 -0.08831 0.42611 -0.90035 -0.08831 0.42611 -0.90035 -0.08831 0.18747 -0.97054 -0.15133 0.18747 -0.97054 -0.15133 0.18747 -0.97054 -0.15133 0.27522 -0.94797 -0.16005 0.27522 -0.94797 -0.16005 0.27522 -0.94797 -0.16005 0.54596 -0.83247 -0.09443 0.54596 -0.83247 -0.09443 0.54596 -0.83247 -0.09443 0.66508 -0.74044 -0.09708 0.66508 -0.74044 -0.09708 0.66508 -0.74044 -0.09708 0.74245 -0.66406 -0.08831 0.74245 -0.66406 -0.08831 0.74245 -0.66406 -0.08831 0.52994 -0.83435 -0.15172 0.52994 -0.83435 -0.15172 0.52994 -0.83435 -0.15172 0.59217 -0.79136 -0.15197 0.59217 -0.79136 -0.15197 0.59217 -0.79136 -0.15197 0.79004 -0.60669 -0.08813 0.79004 -0.60669 -0.08813 0.79004 -0.60669 -0.08813 0.82659 -0.55588 -0.08802 0.82659 -0.55588 -0.08802 0.82659 -0.55588 -0.08802 0.64004 -0.7532 -0.1518 0.64004 -0.7532 -0.1518 0.64004 -0.7532 -0.1518 0.71764 -0.67816 -0.15839 0.71764 -0.67816 -0.15839 0.71764 -0.67816 -0.15839 0.87066 -0.48334 -0.0913 0.87066 -0.48334 -0.0913 0.87066 -0.48334 -0.0913 0.92183 -0.37765 -0.0872 0.92183 -0.37765 -0.0872 0.92183 -0.37765 -0.0872 0.94772 -0.30682 -0.08768 0.94772 -0.30682 -0.08768 0.94772 -0.30682 -0.08768 0.95772 -0.27428 -0.08682 0.95772 -0.27428 -0.08682 0.95772 -0.27428 -0.08682 0.96688 -0.21264 -0.14115 0.96688 -0.21264 -0.14115 0.96688 -0.21264 -0.14115 0.96385 -0.25195 -0.0867 0.96385 -0.25195 -0.0867 0.96385 -0.25195 -0.0867 0.96848 -0.23355 -0.08661 0.96848 -0.23355 -0.08661 0.96848 -0.23355 -0.08661 0.75582 0.64668 -0.10268 0.75582 0.64668 -0.10268 0.75582 0.64668 -0.10268 0.9064 0.40937 -0.10414 0.9064 0.40937 -0.10414 0.9064 0.40937 -0.10414 0.86945 0.48305 -0.10351 0.86945 0.48305 -0.10351 0.86945 0.48305 -0.10351 0.81871 0.56471 -0.10399 0.81871 0.56471 -0.10399 0.81871 0.56471 -0.10399 0.9838 0.17339 0.04557 0.9838 0.17339 0.04557 0.9838 0.17339 0.04557 0.97863 0.20049 0.04576 0.97863 0.20049 0.04576 0.97863 0.20049 0.04576 0.97271 0.22744 0.04596 0.97271 0.22744 0.04596 0.97271 0.22744 0.04596 0.95051 0.30717 0.04656 0.95051 0.30717 0.04656 0.95051 0.30717 0.04656 0.94166 0.3333 0.04677 0.94166 0.3333 0.04677 0.94166 0.3333 0.04677 0.91081 0.4101 0.04739 0.91081 0.4101 0.04739 0.91081 0.4101 0.04739 0.89912 0.4351 0.0476 0.89912 0.4351 0.0476 0.89912 0.4351 0.0476 0.88675 0.45976 0.04781 0.88675 0.45976 0.04781 0.88675 0.45976 0.04781 0.87371 0.48407 0.04802 0.87371 0.48407 0.04802 0.87371 0.48407 0.04802 0.85999 0.50802 0.04823 0.85999 0.50802 0.04823 0.85999 0.50802 0.04823 0.97579 0.1996 0.08936 0.97579 0.1996 0.08936 0.97579 0.1996 0.08936 0.96657 0.2398 0.09081 0.96657 0.2398 0.09081 0.96657 0.2398 0.09081 0.95588 0.27966 0.08995 0.95588 0.27966 0.08995 0.95588 0.27966 0.08995 0.94335 0.31896 0.09141 0.94335 0.31896 0.09141 0.94335 0.31896 0.09141 0.92426 0.37055 0.09182 0.92426 0.37055 0.09182 0.92426 0.37055 0.09182 0.90819 0.40855 0.09098 0.90819 0.40855 0.09098 0.90819 0.40855 0.09098 0.89654 0.43347 0.09119 0.89654 0.43347 0.09119 0.89654 0.43347 0.09119 0.88421 0.45806 0.0914 0.88421 0.45806 0.0914 0.88421 0.45806 0.0914 0.86436 0.49422 0.09287 0.86436 0.49422 0.09287 0.86436 0.49422 0.09287 0.8432 0.52966 0.09203 0.8432 0.52966 0.09203 0.8432 0.52966 0.09203 0.79318 0.60092 0.09883 0.79318 0.60092 0.09883 0.79318 0.60092 0.09883 0.83937 0.52326 0.14719 0.83937 0.52326 0.14719 0.83937 0.52326 0.14719 -0.96135 -0.22394 -0.16021 -0.96135 -0.22394 -0.16021 -0.96135 -0.22394 -0.16021 -0.95476 -0.25039 -0.1604 -0.95476 -0.25039 -0.1604 -0.95476 -0.25039 -0.1604 -0.9433 -0.28962 -0.16218 -0.9433 -0.28962 -0.16218 -0.9433 -0.28962 -0.16218 -0.93068 -0.32851 -0.161 -0.93068 -0.32851 -0.161 -0.93068 -0.32851 -0.161 -0.92122 -0.35407 -0.16121 -0.92122 -0.35407 -0.16121 -0.92122 -0.35407 -0.16121 -0.9055 -0.3918 -0.163 -0.9055 -0.3918 -0.163 -0.9055 -0.3918 -0.163 -0.88242 -0.44116 -0.16341 -0.88242 -0.44116 -0.16341 -0.88242 -0.44116 -0.16341 -0.85666 -0.48918 -0.16383 -0.85666 -0.48918 -0.16383 -0.85666 -0.48918 -0.16383 -0.83581 -0.52436 -0.16266 -0.83581 -0.52436 -0.16266 -0.83581 -0.52436 -0.16266 -0.81313 -0.55836 -0.16446 -0.81313 -0.55836 -0.16446 -0.81313 -0.55836 -0.16446 -0.78945 -0.59169 -0.16329 -0.78945 -0.59169 -0.16329 -0.78945 -0.59169 -0.16329 -0.77278 -0.61326 -0.1635 -0.77278 -0.61326 -0.1635 -0.77278 -0.61326 -0.1635 -0.73613 -0.6559 -0.16705 -0.73613 -0.6559 -0.16705 -0.73613 -0.6559 -0.16705 -0.93999 -0.33194 0.07891 -0.93999 -0.33194 0.07891 -0.93999 -0.33194 0.07891 -0.77239 -0.59637 0.21855 -0.77239 -0.59637 0.21855 -0.77239 -0.59637 0.21855 -0.8637 -0.40313 0.3025 -0.8637 -0.40313 0.3025 -0.8637 -0.40313 0.3025 -0.88783 -0.18259 0.42239 -0.88783 -0.18259 0.42239 -0.88783 -0.18259 0.42239 -0.92078 0.05314 0.38644 -0.92078 0.05314 0.38644 -0.92078 0.05314 0.38644 -0.9284 0.09872 0.35823 -0.9284 0.09872 0.35823 -0.9284 0.09872 0.35823 -0.94015 0.21981 0.2604 -0.94015 0.21981 0.2604 -0.94015 0.21981 0.2604 -0.90183 0.36873 0.22525 -0.90183 0.36873 0.22525 -0.90183 0.36873 0.22525 -0.20797 0.93012 0.3027 -0.20797 0.93012 0.3027 -0.20797 0.93012 0.3027 -0.10572 0.70613 0.70014 -0.10572 0.70613 0.70014 -0.10572 0.70613 0.70014 -0.12047 0.79168 -0.59894 -0.12047 0.79168 -0.59894 -0.12047 0.79168 -0.59894 -0.11914 0.77361 -0.62237 -0.11914 0.77361 -0.62237 -0.11914 0.77361 -0.62237 -0.1133 0.87657 0.46775 -0.1133 0.87657 0.46775 -0.1133 0.87657 0.46775 -0.10769 0.72211 -0.68335 -0.10769 0.72211 -0.68335 -0.10769 0.72211 -0.68335 -0.12397 0.97056 0.20652 -0.12397 0.97056 0.20652 -0.12397 0.97056 0.20652 -0.17608 0.98407 0.02461 -0.17608 0.98407 0.02461 -0.17608 0.98407 0.02461 -0.0441 0.25278 -0.96652 -0.0441 0.25278 -0.96652 -0.0441 0.25278 -0.96652 0.41954 0.43692 -0.79567 0.41954 0.43692 -0.79567 0.41954 0.43692 -0.79567 0.00438 -0.00635 0.99997 0.00438 -0.00635 0.99997 0.00438 -0.00635 0.99997 0.00438 -0.00635 0.99997 0.00438 -0.00635 0.99997 0.00438 -0.00635 0.99997 -0.55845 -0.60151 0.57124 -0.55845 -0.60151 0.57124 -0.55845 -0.60151 0.57124 0.86159 0.49918 -0.09211 0.86159 0.49918 -0.09211 0.86159 0.49918 -0.09211 -0.46662 0.85177 0.23824 -0.46662 0.85177 0.23824 -0.46662 0.85177 0.23824 0.4691 -0.85475 0.22212 0.4691 -0.85475 0.22212 0.4691 -0.85475 0.22212 0.00438 -0.00635 0.99997 0.00438 -0.00635 0.99997 0.00438 -0.00635 0.99997 0.00438 -0.00635 0.99997 0.00438 -0.00635 0.99997 0.00438 -0.00635 0.99997 -0.04414 -0.91094 -0.41016 -0.04414 -0.91094 -0.41016 -0.04414 -0.91094 -0.41016 -0.115 -0.85292 -0.50922 -0.115 -0.85292 -0.50922 -0.115 -0.85292 -0.50922 -0.19258 -0.77956 -0.59599 -0.19258 -0.77956 -0.59599 -0.19258 -0.77956 -0.59599 -0.28802 -0.70144 -0.65194 -0.28802 -0.70144 -0.65194 -0.28802 -0.70144 -0.65194 -0.36176 -0.62067 -0.69563 -0.36176 -0.62067 -0.69563 -0.36176 -0.62067 -0.69563 -0.14773 0.95399 0.26091 -0.14773 0.95399 0.26091 -0.14773 0.95399 0.26091 0.69986 0.13829 -0.70077 0.69986 0.13829 -0.70077 0.69986 0.13829 -0.70077 0.99874 0.04903 -0.01069 0.99874 0.04903 -0.01069 0.99874 0.04903 -0.01069 0.25334 0.73061 0.63406 0.25334 0.73061 0.63406 0.25334 0.73061 0.63406 0.18309 0.80011 0.57123 0.18309 0.80011 0.57123 0.18309 0.80011 0.57123 0.1107 0.86544 0.48864 0.1107 0.86544 0.48864 0.1107 0.86544 0.48864 -0.12948 0.911 -0.39155 -0.12948 0.911 -0.39155 -0.12948 0.911 -0.39155 -0.09679 0.69273 -0.71467 -0.09679 0.69273 -0.71467 -0.09679 0.69273 -0.71467 -0.03278 0.27994 -0.95946 -0.03278 0.27994 -0.95946 -0.03278 0.27994 -0.95946 0.10192 -0.72478 -0.6814 0.10192 -0.72478 -0.6814 0.10192 -0.72478 -0.6814 -0.97707 -0.21289 0.00216 -0.97707 -0.21289 0.00216 -0.97707 -0.21289 0.00216 -0.17997 -0.80816 0.56079 -0.17997 -0.80816 0.56079 -0.17997 -0.80816 0.56079 0.12559 -0.8962 -0.4255 0.12559 -0.8962 -0.4255 0.12559 -0.8962 -0.4255 0.10508 -0.79914 -0.59189 0.10508 -0.79914 -0.59189 0.10508 -0.79914 -0.59189 -0.13876 0.8944 -0.42521 -0.13876 0.8944 -0.42521 -0.13876 0.8944 -0.42521 -0.12741 0.92415 -0.36017 -0.12741 0.92415 -0.36017 -0.12741 0.92415 -0.36017 -0.37313 0.75143 0.54418 -0.37313 0.75143 0.54418 -0.37313 0.75143 0.54418 -0.44841 0.61486 0.64875 -0.44841 0.61486 0.64875 -0.44841 0.61486 0.64875 -0.95603 -0.29181 0.02924 -0.95603 -0.29181 0.02924 -0.95603 -0.29181 0.02924 -0.98426 -0.17605 -0.01553 -0.98426 -0.17605 -0.01553 -0.98426 -0.17605 -0.01553 -0.94843 0.26049 -0.18061 -0.94843 0.26049 -0.18061 -0.94843 0.26049 -0.18061 -0.99454 -0.09355 0.04616 -0.99454 -0.09355 0.04616 -0.99454 -0.09355 0.04616 0.668 -0.74387 0.02087 0.668 -0.74387 0.02087 0.668 -0.74387 0.02087 0.77131 -0.63596 0.02519 0.77131 -0.63596 0.02519 0.77131 -0.63596 0.02519 0.75566 -0.65142 0.06803 0.75566 -0.65142 0.06803 0.75566 -0.65142 0.06803 0.80604 -0.5879 0.06837 0.80604 -0.5879 0.06837 0.80604 -0.5879 0.06837 0.84304 -0.53347 0.06847 0.84304 -0.53347 0.06847 0.84304 -0.53347 0.06847 0.85739 -0.51389 0.02833 0.85739 -0.51389 0.02833 0.85739 -0.51389 0.02833 0.88051 -0.469 0.06879 0.88051 -0.469 0.06879 0.88051 -0.469 0.06879 0.92433 -0.38038 0.03026 0.92433 -0.38038 0.03026 0.92433 -0.38038 0.03026 0.92248 -0.38163 0.05828 0.92248 -0.38163 0.05828 0.92248 -0.38163 0.05828 0.95319 -0.29442 0.06884 0.95319 -0.29442 0.06884 0.95319 -0.29442 0.06884 0.97067 -0.2384 0.03097 0.97067 -0.2384 0.03097 0.97067 -0.2384 0.03097 0.96281 -0.26102 0.06976 0.96281 -0.26102 0.06976 0.96281 -0.26102 0.06976 0.99945 0.0301 0.01407 0.99945 0.0301 0.01407 0.99945 0.0301 0.01407 -0.87328 -0.48576 0.03756 -0.87328 -0.48576 0.03756 -0.87328 -0.48576 0.03756 -0.85245 -0.51725 0.07609 -0.85245 -0.51725 0.07609 -0.85245 -0.51725 0.07609 -0.84393 -0.53105 0.07597 -0.84393 -0.53105 0.07597 -0.84393 -0.53105 0.07597 -0.83588 -0.54364 0.07585 -0.83588 -0.54364 0.07585 -0.83588 -0.54364 0.07585 -0.79117 -0.61052 0.03631 -0.79117 -0.61052 0.03631 -0.79117 -0.61052 0.03631 -0.81356 -0.57656 0.07551 -0.81356 -0.57656 0.07551 -0.81356 -0.57656 0.07551 -0.76881 -0.63507 0.07491 -0.76881 -0.63507 0.07491 -0.76881 -0.63507 0.07491 -0.69142 -0.72167 0.03379 -0.69142 -0.72167 0.03379 -0.69142 -0.72167 0.03379 -0.72528 -0.68442 0.07445 -0.72528 -0.68442 0.07445 -0.72528 -0.68442 0.07445 -0.67214 -0.73673 0.07381 -0.67214 -0.73673 0.07381 -0.67214 -0.73673 0.07381 -0.57623 -0.81674 0.02995 -0.57623 -0.81674 0.02995 -0.57623 -0.81674 0.02995 -0.62211 -0.77948 0.07341 -0.62211 -0.77948 0.07341 -0.62211 -0.77948 0.07341 -0.44822 -0.89365 0.02232 -0.44822 -0.89365 0.02232 -0.44822 -0.89365 0.02232 -0.32162 -0.94421 0.07089 -0.32162 -0.94421 0.07089 -0.32162 -0.94421 0.07089 -0.30998 -0.95038 0.02611 -0.30998 -0.95038 0.02611 -0.30998 -0.95038 0.02611 -0.19467 -0.9787 0.06515 -0.19467 -0.9787 0.06515 -0.19467 -0.9787 0.06515 -0.16486 -0.9859 0.02864 -0.16486 -0.9859 0.02864 -0.16486 -0.9859 0.02864 -0.06422 -0.99601 0.06194 -0.06422 -0.99601 0.06194 -0.06422 -0.99601 0.06194 -0.0161 -0.99942 0.02995 -0.0161 -0.99942 0.02995 -0.0161 -0.99942 0.02995 0.06741 -0.99591 0.06009 0.06741 -0.99591 0.06009 0.06741 -0.99591 0.06009 0.133 -0.99066 0.03003 0.133 -0.99066 0.03003 0.133 -0.99066 0.03003 0.16974 -0.9831 0.06861 0.16974 -0.9831 0.06861 0.16974 -0.9831 0.06861 0.27914 -0.95982 0.0289 0.27914 -0.95982 0.0289 0.27914 -0.95982 0.0289 0.23419 -0.96978 0.06843 0.23419 -0.96978 0.06843 0.23419 -0.96978 0.06843 0.30598 -0.94959 0.06819 0.30598 -0.94959 0.06819 0.30598 -0.94959 0.06819 0.41907 -0.90757 0.02658 0.41907 -0.90757 0.02658 0.41907 -0.90757 0.02658 0.41853 -0.90629 0.05892 0.41853 -0.90629 0.05892 0.41853 -0.90629 0.05892 0.54967 -0.83506 0.02307 0.54967 -0.83506 0.02307 0.54967 -0.83506 0.02307 0.49437 -0.86659 0.06797 0.49437 -0.86659 0.06797 0.49437 -0.86659 0.06797 0.1361 -0.24594 -0.95968 0.1361 -0.24594 -0.95968 0.1361 -0.24594 -0.95968 0.16472 -0.22775 -0.95969 0.16472 -0.22775 -0.95969 0.16472 -0.22775 -0.95969 -0.99889 -0.04702 0.00279 -0.99889 -0.04702 0.00279 -0.99889 -0.04702 0.00279 0.48836 0.85977 0.14932 0.48836 0.85977 0.14932 0.48836 0.85977 0.14932 -0.97692 0.00093 0.21362 -0.97692 0.00093 0.21362 -0.97692 0.00093 0.21362 0.33472 -0.94232 0.00201 0.33472 -0.94232 0.00201 0.33472 -0.94232 0.00201 0.76651 -0.5339 0.35695 0.76651 -0.5339 0.35695 0.76651 -0.5339 0.35695 0.94786 0.29244 -0.12668 0.94786 0.29244 -0.12668 0.94786 0.29244 -0.12668 0.84445 -0.52443 -0.10896 0.84445 -0.52443 -0.10896 0.84445 -0.52443 -0.10896 0.21992 -0.15479 0.96316 0.21992 -0.15479 0.96316 0.21992 -0.15479 0.96316 0.20046 -0.17672 0.96363 0.20046 -0.17672 0.96363 0.20046 -0.17672 0.96363 0.18124 -0.1988 0.96314 0.18124 -0.1988 0.96314 0.18124 -0.1988 0.96314 0.15889 -0.21784 0.96296 0.15889 -0.21784 0.96296 0.15889 -0.21784 0.96296 0.13396 -0.23335 0.96312 0.13396 -0.23335 0.96312 0.13396 -0.23335 0.96312 0.10708 -0.24497 0.9636 0.10708 -0.24497 0.9636 0.10708 -0.24497 0.9636 -0.03205 -0.26363 0.96409 -0.03205 -0.26363 0.96409 -0.03205 -0.26363 0.96409 -0.06104 -0.25951 0.96381 -0.06104 -0.25951 0.96381 -0.06104 -0.25951 0.96381 -0.08918 -0.25112 0.96384 -0.08918 -0.25112 0.96384 -0.08918 -0.25112 0.96384 0.27183 -0.52494 0.80657 0.27183 -0.52494 0.80657 0.27183 -0.52494 0.80657 -0.83637 -0.54277 0.0767 -0.83637 -0.54277 0.0767 -0.83637 -0.54277 0.0767 0.04051 0.25137 0.96704 0.04051 0.25137 0.96704 0.04051 0.25137 0.96704 0.12421 0.22639 0.96608 0.12421 0.22639 0.96608 0.12421 0.22639 0.96608 0.14857 0.21015 0.96631 0.14857 0.21015 0.96631 0.14857 0.21015 0.96631 0.17312 0.19413 0.96558 0.17312 0.19413 0.96558 0.17312 0.19413 0.96558 -0.98944 0.10107 0.10386 -0.98944 0.10107 0.10386 -0.98944 0.10107 0.10386 -0.95101 0.23047 0.20609 -0.95101 0.23047 0.20609 -0.95101 0.23047 0.20609 0.87964 -0.43969 -0.18138 0.87964 -0.43969 -0.18138 0.87964 -0.43969 -0.18138 0.90858 -0.4124 0.06634 0.90858 -0.4124 0.06634 0.90858 -0.4124 0.06634 0.9168 -0.39378 0.06642 0.9168 -0.39378 0.06642 0.9168 -0.39378 0.06642 0.92732 -0.36831 0.06654 0.92732 -0.36831 0.06654 0.92732 -0.36831 0.06654 0.93713 -0.34256 0.06666 0.93713 -0.34256 0.06666 0.93713 -0.34256 0.06666 0.96224 -0.26383 0.06705 0.96224 -0.26383 0.06705 0.96224 -0.26383 0.06705 0.96914 -0.23716 0.06718 0.96914 -0.23716 0.06718 0.96914 -0.23716 0.06718 0.98542 -0.15614 0.06763 0.98542 -0.15614 0.06763 0.98542 -0.15614 0.06763 0.98934 -0.12887 0.06778 0.98934 -0.12887 0.06778 0.98934 -0.12887 0.06778 0.99251 -0.1015 0.06794 0.99251 -0.1015 0.06794 0.99251 -0.1015 0.06794 0.28728 -0.95697 0.04087 0.28728 -0.95697 0.04087 0.28728 -0.95697 0.04087 0.00438 -0.00635 0.99997 0.00438 -0.00635 0.99997 0.00438 -0.00635 0.99997 0.45945 -0.87235 -0.16706 0.45945 -0.87235 -0.16706 0.45945 -0.87235 -0.16706 -0.7865 0.61033 0.09443 -0.7865 0.61033 0.09443 -0.7865 0.61033 0.09443 0.12486 -0.98617 -0.109 0.12486 -0.98617 -0.109 0.12486 -0.98617 -0.109 0.0993 -0.74333 -0.66151 0.0993 -0.74333 -0.66151 0.0993 -0.74333 -0.66151 0.08519 -0.65571 -0.75019 0.08519 -0.65571 -0.75019 0.08519 -0.65571 -0.75019 0.13567 -0.94056 -0.31134 0.13567 -0.94056 -0.31134 0.13567 -0.94056 -0.31134 0.02351 -0.17449 -0.98438 0.02351 -0.17449 -0.98438 0.02351 -0.17449 -0.98438 0.04475 -0.61875 -0.78432 0.04475 -0.61875 -0.78432 0.04475 -0.61875 -0.78432 0.03561 -0.24049 -0.97 0.03561 -0.24049 -0.97 0.03561 -0.24049 -0.97 0.11364 -0.76564 -0.63316 0.11364 -0.76564 -0.63316 0.11364 -0.76564 -0.63316 0.11517 -0.78401 -0.60997 0.11517 -0.78401 -0.60997 0.11517 -0.78401 -0.60997 0.11734 -0.88243 0.45557 0.11734 -0.88243 0.45557 0.11734 -0.88243 0.45557 0.12997 -0.84762 0.51443 0.12997 -0.84762 0.51443 0.12997 -0.84762 0.51443 0.14563 -0.97564 0.16406 0.14563 -0.97564 0.16406 0.14563 -0.97564 0.16406 0.51875 -0.81621 0.25435 0.51875 -0.81621 0.25435 0.51875 -0.81621 0.25435 0.74962 -0.65328 0.10632 0.74962 -0.65328 0.10632 0.74962 -0.65328 0.10632 0.9315 -0.10321 0.3488 0.9315 -0.10321 0.3488 0.9315 -0.10321 0.3488 0.92413 -0.05799 0.37765 0.92413 -0.05799 0.37765 0.92413 -0.05799 0.37765 0.90024 0.12278 0.41773 0.90024 0.12278 0.41773 0.90024 0.12278 0.41773 0.88679 0.21631 0.40843 0.88679 0.21631 0.40843 0.88679 0.21631 0.40843 0.87701 0.29185 0.38168 0.87701 0.29185 0.38168 0.87701 0.29185 0.38168 0.58973 0.76193 0.26774 0.58973 0.76193 0.26774 0.58973 0.76193 0.26774 0.77431 0.59359 0.21933 0.77431 0.59359 0.21933 0.77431 0.59359 0.21933 0.7035 0.09467 -0.70437 0.7035 0.09467 -0.70437 0.7035 0.09467 -0.70437 0.97861 -0.19362 0.06955 0.97861 -0.19362 0.06955 0.97861 -0.19362 0.06955 -0.13779 0.90139 -0.4105 -0.13779 0.90139 -0.4105 -0.13779 0.90139 -0.4105 -0.25166 -0.49473 -0.83181 -0.25166 -0.49473 -0.83181 -0.25166 -0.49473 -0.83181 -0.12027 0.60519 -0.78694 -0.12027 0.60519 -0.78694 -0.12027 0.60519 -0.78694 0.11177 -0.87711 -0.4671 0.11177 -0.87711 -0.4671 0.11177 -0.87711 -0.4671 0.11587 -0.87488 -0.47027 0.11587 -0.87488 -0.47027 0.11587 -0.87488 -0.47027 -0.13391 0.89881 0.41738 -0.13391 0.89881 0.41738 -0.13391 0.89881 0.41738 0.10267 -0.90283 -0.41756 0.10267 -0.90283 -0.41756 0.10267 -0.90283 -0.41756 -0.12647 0.87932 -0.45913 -0.12647 0.87932 -0.45913 -0.12647 0.87932 -0.45913 0.03969 0.7477 0.66285 0.03969 0.7477 0.66285 0.03969 0.7477 0.66285 0.02106 0.29505 0.95525 0.02106 0.29505 0.95525 0.02106 0.29505 0.95525 0.06884 -0.4859 -0.8713 0.06884 -0.4859 -0.8713 0.06884 -0.4859 -0.8713 0.06595 -0.50212 -0.86228 0.06595 -0.50212 -0.86228 0.06595 -0.50212 -0.86228 -0.11947 0.88093 -0.45792 -0.11947 0.88093 -0.45792 -0.11947 0.88093 -0.45792 -0.1339 0.97234 -0.19139 -0.1339 0.97234 -0.19139 -0.1339 0.97234 -0.19139 0.35036 -0.93622 0.02705 0.35036 -0.93622 0.02705 0.35036 -0.93622 0.02705 0.08659 -0.76351 0.63997 0.08659 -0.76351 0.63997 0.08659 -0.76351 0.63997 0.11852 -0.80236 0.58495 0.11852 -0.80236 0.58495 0.11852 -0.80236 0.58495 -0.14481 0.83971 0.52337 -0.14481 0.83971 0.52337 -0.14481 0.83971 0.52337 -0.0788 0.84622 0.52698 -0.0788 0.84622 0.52698 -0.0788 0.84622 0.52698 -0.11256 0.84003 0.53074 -0.11256 0.84003 0.53074 -0.11256 0.84003 0.53074 -0.09349 0.84187 0.53152 -0.09349 0.84187 0.53152 -0.09349 0.84187 0.53152 -0.12395 0.83868 0.53034 -0.12395 0.83868 0.53034 -0.12395 0.83868 0.53034 0.06083 -0.66688 0.74268 0.06083 -0.66688 0.74268 0.06083 -0.66688 0.74268 0.06667 0.72105 -0.68967 0.06667 0.72105 -0.68967 0.06667 0.72105 -0.68967 0.29172 -0.41744 -0.86061 0.29172 -0.41744 -0.86061 0.29172 -0.41744 -0.86061 -0.99112 -0.13296 0.0035 -0.99112 -0.13296 0.0035 -0.99112 -0.13296 0.0035 -0.99112 -0.13296 0.0035 -0.99112 -0.13296 0.0035 -0.99112 -0.13296 0.0035 -0.99112 -0.13296 0.0035 -0.99112 -0.13296 0.0035 -0.99112 -0.13296 0.0035 -0.99112 -0.13296 0.0035 -0.99112 -0.13296 0.0035 -0.99112 -0.13296 0.0035 -0.99112 -0.13296 0.0035 -0.99112 -0.13296 0.0035 -0.99112 -0.13296 0.0035 -0.99112 -0.13296 0.0035 -0.99112 -0.13296 0.0035 -0.99112 -0.13296 0.0035 -0.99112 -0.13296 0.0035 -0.99112 -0.13296 0.0035 -0.99112 -0.13296 0.0035 -0.31034 -0.37793 0.87227 -0.31034 -0.37793 0.87227 -0.31034 -0.37793 0.87227 0.74942 0.09134 0.65577 0.74942 0.09134 0.65577 0.74942 0.09134 0.65577 -0.69664 -0.0441 -0.71606 -0.69664 -0.0441 -0.71606 -0.69664 -0.0441 -0.71606 0.53628 0.83931 0.08921 0.53628 0.83931 0.08921 0.53628 0.83931 0.08921 0.70682 0.08257 -0.70256 0.70682 0.08257 -0.70256 0.70682 0.08257 -0.70256 -0.00421 0.77325 -0.63409 -0.00421 0.77325 -0.63409 -0.00421 0.77325 -0.63409 -0.2039 0.74488 -0.63528 -0.2039 0.74488 -0.63528 -0.2039 0.74488 -0.63528 -0.13918 0.98657 -0.08548 -0.13918 0.98657 -0.08548 -0.13918 0.98657 -0.08548 0.12754 -0.93957 0.31773 0.12754 -0.93957 0.31773 0.12754 -0.93957 0.31773 0.51236 0.76955 0.38116 0.51236 0.76955 0.38116 0.51236 0.76955 0.38116 -0.07164 0.84673 -0.52718 -0.07164 0.84673 -0.52718 -0.07164 0.84673 -0.52718 -0.07465 0.91243 -0.40238 -0.07465 0.91243 -0.40238 -0.07465 0.91243 -0.40238 -0.10578 0.95529 -0.27611 -0.10578 0.95529 -0.27611 -0.10578 0.95529 -0.27611 -0.10329 0.97976 -0.17145 -0.10329 0.97976 -0.17145 -0.10329 0.97976 -0.17145 0.03755 -0.29704 0.95413 0.03755 -0.29704 0.95413 0.03755 -0.29704 0.95413 -0.09342 0.99338 -0.06678 -0.09342 0.99338 -0.06678 -0.09342 0.99338 -0.06678 0.15649 -0.97949 -0.12695 0.15649 -0.97949 -0.12695 0.15649 -0.97949 -0.12695 0.12742 -0.9433 0.30651 0.12742 -0.9433 0.30651 0.12742 -0.9433 0.30651 -0.11761 0.94411 0.30795 -0.11761 0.94411 0.30795 -0.11761 0.94411 0.30795 -0.13417 0.9434 0.30331 -0.13417 0.9434 0.30331 -0.13417 0.9434 0.30331 0.22032 -0.66671 -0.71201 0.22032 -0.66671 -0.71201 0.22032 -0.66671 -0.71201 -0.99112 -0.13296 0.0035 -0.99112 -0.13296 0.0035 -0.99112 -0.13296 0.0035 -0.99112 -0.13296 0.0035 -0.99112 -0.13296 0.0035 -0.99112 -0.13296 0.0035 -0.99112 -0.13296 0.0035 -0.99112 -0.13296 0.0035 -0.99112 -0.13296 0.0035 -0.99112 -0.13296 0.0035 -0.99112 -0.13296 0.0035 -0.99112 -0.13296 0.0035 -0.99112 -0.13296 0.0035 -0.99112 -0.13296 0.0035 -0.99112 -0.13296 0.0035 -0.99112 -0.13296 0.0035 -0.99112 -0.13296 0.0035 -0.99112 -0.13296 0.0035 -0.99112 -0.13296 0.0035 -0.99112 -0.13296 0.0035 -0.99112 -0.13296 0.0035 -0.99112 -0.13296 0.0035 -0.99112 -0.13296 0.0035 -0.99112 -0.13296 0.0035 -0.99112 -0.13296 0.0035 -0.99112 -0.13296 0.0035 -0.99112 -0.13296 0.0035 -0.83855 0.41366 0.35458 -0.83855 0.41366 0.35458 -0.83855 0.41366 0.35458 -0.94224 -0.1098 0.31642 -0.94224 -0.1098 0.31642 -0.94224 -0.1098 0.31642 0.87543 0.26858 -0.40185 0.87543 0.26858 -0.40185 0.87543 0.26858 -0.40185 -0.12986 0.89204 0.4329 -0.12986 0.89204 0.4329 -0.12986 0.89204 0.4329 -0.11869 0.94649 -0.30012 -0.11869 0.94649 -0.30012 -0.11869 0.94649 -0.30012 0.12033 -0.87308 -0.47249 0.12033 -0.87308 -0.47249 0.12033 -0.87308 -0.47249 -0.13336 0.89781 0.41971 -0.13336 0.89781 0.41971 -0.13336 0.89781 0.41971 0.09512 -0.88303 -0.45957 0.09512 -0.88303 -0.45957 0.09512 -0.88303 -0.45957 -0.1141 0.87664 -0.46743 -0.1141 0.87664 -0.46743 -0.1141 0.87664 -0.46743 -0.10843 0.84943 0.51644 -0.10843 0.84943 0.51644 -0.10843 0.84943 0.51644 -0.11736 0.96746 -0.22414 -0.11736 0.96746 -0.22414 -0.11736 0.96746 -0.22414 -0.09966 0.84547 0.52463 -0.09966 0.84547 0.52463 -0.09966 0.84547 0.52463 -0.11346 0.80316 0.58486 -0.11346 0.80316 0.58486 -0.11346 0.80316 0.58486 -0.07752 0.84241 0.53323 -0.07752 0.84241 0.53323 -0.07752 0.84241 0.53323 -0.144 0.83364 0.5332 -0.144 0.83364 0.5332 -0.144 0.83364 0.5332 -0.11898 0.87922 -0.46132 -0.11898 0.87922 -0.46132 -0.11898 0.87922 -0.46132 0.14526 -0.97761 -0.15225 0.14526 -0.97761 -0.15225 0.14526 -0.97761 -0.15225 -0.1233 0.83384 0.53805 -0.1233 0.83384 0.53805 -0.1233 0.83384 0.53805 -0.09688 0.8374 0.53794 -0.09688 0.8374 0.53794 -0.09688 0.8374 0.53794 0.11498 -0.24011 0.96391 0.11498 -0.24011 0.96391 0.11498 -0.24011 0.96391 0.99112 0.13296 -0.0035 0.99112 0.13296 -0.0035 0.99112 0.13296 -0.0035 0.99112 0.13296 -0.0035 0.99112 0.13296 -0.0035 0.99112 0.13296 -0.0035 0.99112 0.13296 -0.0035 0.99112 0.13296 -0.0035 0.99112 0.13296 -0.0035 0.99112 0.13296 -0.0035 0.99112 0.13296 -0.0035 0.99112 0.13296 -0.0035 0.99112 0.13296 -0.0035 0.99112 0.13296 -0.0035 0.99112 0.13296 -0.0035 0.99112 0.13296 -0.0035 0.99112 0.13296 -0.0035 0.99112 0.13296 -0.0035 0.99112 0.13296 -0.0035 0.99112 0.13296 -0.0035 0.99112 0.13296 -0.0035 -0.63285 -0.09021 0.769 -0.63285 -0.09021 0.769 -0.63285 -0.09021 0.769 -0.71115 -0.08687 -0.69765 -0.71115 -0.08687 -0.69765 -0.71115 -0.08687 -0.69765 -0.12773 0.93621 0.32741 -0.12773 0.93621 0.32741 -0.12773 0.93621 0.32741 -0.10781 0.91103 0.39799 -0.10781 0.91103 0.39799 -0.10781 0.91103 0.39799 -0.11331 0.93814 0.32719 -0.11331 0.93814 0.32719 -0.11331 0.93814 0.32719 -0.12748 0.90787 0.3994 -0.12748 0.90787 0.3994 -0.12748 0.90787 0.3994 -0.13463 0.89462 0.42607 -0.13463 0.89462 0.42607 -0.13463 0.89462 0.42607 0.0279 -0.74781 -0.66333 0.0279 -0.74781 -0.66333 0.0279 -0.74781 -0.66333 0.13783 -0.94687 0.29057 0.13783 -0.94687 0.29057 0.13783 -0.94687 0.29057 0.13125 -0.93842 0.31959 0.13125 -0.93842 0.31959 0.13125 -0.93842 0.31959 -0.09706 0.98907 -0.11095 -0.09706 0.98907 -0.11095 -0.09706 0.98907 -0.11095 0.02152 0.35458 0.93478 0.02152 0.35458 0.93478 0.02152 0.35458 0.93478 -0.06076 -0.41417 -0.90817 -0.06076 -0.41417 -0.90817 -0.06076 -0.41417 -0.90817 0.11144 -0.93947 0.324 0.11144 -0.93947 0.324 0.11144 -0.93947 0.324 -0.05991 0.90891 0.41266 -0.05991 0.90891 0.41266 -0.05991 0.90891 0.41266 -0.14054 0.83992 -0.5242 -0.14054 0.83992 -0.5242 -0.14054 0.83992 -0.5242 -0.12044 0.90521 -0.40753 -0.12044 0.90521 -0.40753 -0.12044 0.90521 -0.40753 -0.1163 0.90886 -0.40055 -0.1163 0.90886 -0.40055 -0.1163 0.90886 -0.40055 0.0747 -0.77428 0.62842 0.0747 -0.77428 0.62842 0.0747 -0.77428 0.62842 0.99112 0.13296 -0.0035 0.99112 0.13296 -0.0035 0.99112 0.13296 -0.0035 0.99112 0.13296 -0.0035 0.99112 0.13296 -0.0035 0.99112 0.13296 -0.0035 0.99112 0.13296 -0.0035 0.99112 0.13296 -0.0035 0.99112 0.13296 -0.0035 0.99112 0.13296 -0.0035 0.99112 0.13296 -0.0035 0.99112 0.13296 -0.0035 0.99112 0.13296 -0.0035 0.99112 0.13296 -0.0035 0.99112 0.13296 -0.0035 0.99112 0.13296 -0.0035 0.99112 0.13296 -0.0035 0.99112 0.13296 -0.0035 0.99112 0.13296 -0.0035 0.99112 0.13296 -0.0035 0.99112 0.13296 -0.0035 0.99112 0.13296 -0.0035 0.99112 0.13296 -0.0035 0.99112 0.13296 -0.0035 0.99112 0.13296 -0.0035 0.99112 0.13296 -0.0035 0.99112 0.13296 -0.0035 0.63874 0.72184 0.26638 0.63874 0.72184 0.26638 0.63874 0.72184 0.26638 0.63623 -0.65842 0.40211 0.63623 -0.65842 0.40211 0.63623 -0.65842 0.40211</float_array>
          <technique_common>
            <accessor count="5932" source="#g2_orange-nrm-array" stride="3">
              <param type="float" name="X"/>
              <param type="float" name="Y"/>
              <param type="float" name="Z"/>
            </accessor>
          </technique_common>
        </source>
        <vertices id="g2_orange-pos-vertices">
          <input semantic="POSITION" source="#g2_orange-pos"/>
        </vertices>
        <triangles count="6408" material="orange-ref">
          <input offset="0" semantic="VERTEX" source="#g2_orange-pos-vertices"/>
          <input offset="1" semantic="NORMAL" source="#g2_orange-nrm"/>
          <p>1102 1102 1099 1099 1098 1098 1113 1113 1111 1111 1112 1112 1104 1104 1101 1101 1100 1100 1106 1106 1102 1102 1105 1105 1106 1106 1103 1103 1102 1102 1107 1107 1104 1104 1103 1103 1107 1107 1103 1103 1106 1106 1107 1107 1070 1070 1104 1104 1108 1108 1106 1106 1105 1105 1109 1109 1106 1106 1108 1108 1099 1099 1096 1096 1095 1095 1100 1100 1096 1096 1099 1099 1100 1100 1097 1097 1096 1096 1101 1101 1097 1097 1100 1100 1112 1112 1111 1111 1110 1110 1103 1103 1099 1099 1102 1102 1103 1103 1100 1100 1099 1099 1104 1104 1100 1100 1103 1103 1121 1121 1160 1160 1120 1120 1150 1150 1187 1187 1192 1192 1150 1150 1192 1192 1151 1151 1122 1122 1121 1121 1120 1120 1149 1149 1187 1187 1150 1150 1123 1123 1122 1122 1120 1120 1148 1148 1177 1177 1187 1187 1148 1148 1187 1187 1149 1149 1153 1153 1200 1200 1154 1154 1153 1153 1197 1197 1200 1200 1116 1116 1111 1111 1113 1113 1086 1086 1083 1083 1085 1085 1086 1086 1084 1084 1083 1083 1084 1084 1092 1092 1081 1081 1087 1087 1086 1086 1085 1085 1088 1088 1086 1086 1087 1087 1078 1078 1076 1076 1074 1074 1081 1081 1076 1076 1078 1078 1079 1079 1077 1077 1075 1075 1080 1080 1077 1077 1079 1079 1080 1080 1078 1078 1077 1077 1081 1081 1078 1078 1080 1080 1083 1083 1080 1080 1079 1079 1083 1083 1079 1079 1082 1082 1159 1159 1216 1216 1120 1120 1072 1072 1071 1071 1111 1111 1072 1072 1111 1111 1116 1116 1115 1115 1113 1113 1112 1112 1115 1115 1112 1112 1114 1114 1115 1115 1116 1116 1113 1113 1118 1118 1114 1114 1117 1117 1118 1118 1115 1115 1114 1114 1109 1109 1107 1107 1106 1106 1109 1109 1070 1070 1107 1107 1071 1071 1070 1070 1109 1109 1111 1111 1109 1109 1108 1108 1111 1111 1108 1108 1110 1110 1111 1111 1071 1071 1109 1109 1168 1168 1177 1177 1145 1145 1070 1070 1135 1135 1134 1134 1069 1069 1138 1138 1137 1137 1163 1163 1168 1168 1143 1143 1163 1163 1143 1143 1142 1142 1101 1101 1130 1130 1092 1092 1101 1101 1131 1131 1130 1130 1069 1069 1163 1163 1142 1142 1069 1069 1142 1142 1141 1141 1101 1101 1132 1132 1131 1131 1069 1069 1141 1141 1140 1140 1177 1177 1146 1146 1145 1145 1081 1081 1128 1128 1127 1127 1168 1168 1145 1145 1144 1144 1070 1070 1134 1134 1104 1104 1092 1092 1129 1129 1128 1128 1092 1092 1128 1128 1081 1081 1168 1168 1144 1144 1143 1143 1092 1092 1130 1130 1129 1129 1124 1124 1120 1120 1076 1076 1124 1124 1123 1123 1120 1120 1147 1147 1177 1177 1148 1148 1125 1125 1076 1076 1081 1081 1125 1125 1124 1124 1076 1076 1146 1146 1177 1177 1147 1147 1126 1126 1125 1125 1081 1081 1081 1081 1127 1127 1126 1126 1737 1737 1741 1741 1736 1736 1119 1119 1115 1115 1118 1118 1159 1159 1158 1158 1216 1216 1152 1152 1192 1192 1197 1197 1152 1152 1197 1197 1153 1153 1160 1160 1159 1159 1120 1120 1151 1151 1192 1192 1152 1152 1069 1069 1119 1119 1068 1068 1156 1156 1204 1204 1211 1211 1155 1155 1204 1204 1156 1156 1157 1157 1156 1156 1211 1211 1157 1157 1211 1211 1216 1216 1154 1154 1200 1200 1204 1204 1154 1154 1204 1204 1155 1155 1158 1158 1157 1157 1216 1216 1085 1085 1083 1083 1082 1082 1119 1119 1116 1116 1115 1115 1072 1072 1116 1116 1119 1119 1069 1069 1072 1072 1119 1119 1066 1066 1118 1118 1117 1117 1067 1067 1118 1118 1066 1066 1067 1067 1119 1119 1118 1118 1068 1068 1119 1119 1067 1067 1101 1101 1133 1133 1132 1132 1069 1069 1140 1140 1139 1139 1104 1104 1133 1133 1101 1101 1104 1104 1134 1134 1133 1133 1069 1069 1139 1139 1138 1138 1073 1073 1030 1030 1032 1032 1079 1079 1034 1034 1035 1035 1079 1079 1075 1075 1034 1034 1082 1082 1035 1035 1037 1037 1082 1082 1079 1079 1035 1035 1085 1085 1037 1037 1038 1038 1085 1085 1082 1082 1037 1037 1087 1087 1038 1038 1040 1040 1087 1087 1085 1085 1038 1038 1060 1060 1059 1059 1058 1058 1061 1061 1059 1059 1060 1060 1062 1062 1061 1061 1060 1060 1062 1062 5 5 1031 1031 1073 1073 1063 1063 1030 1030 1761 1761 1752 1752 1686 1686 1075 1075 1032 1032 1034 1034 1075 1075 1073 1073 1032 1032 1051 1051 1053 1053 1050 1050 1053 1053 1051 1051 1052 1052 1054 1054 1053 1053 1052 1052 1055 1055 1053 1053 1054 1054 1056 1056 1055 1055 1054 1054 1057 1057 1055 1055 1056 1056 1056 1056 1059 1059 1057 1057 1059 1059 1056 1056 1058 1058 1043 1043 1042 1042 1041 1041 1045 1045 1046 1046 1044 1044 1045 1045 1044 1044 1043 1043 1033 1033 1032 1032 4 4 1771 1771 1662 1662 1661 1661 1773 1773 1772 1772 1774 1774 1775 1775 1665 1665 1664 1664 1790 1790 1666 1666 1665 1665 1034 1034 1032 1032 1033 1033 1035 1035 1034 1034 1033 1033 1037 1037 1035 1035 1036 1036 1038 1038 1037 1037 1036 1036 1040 1040 1038 1038 1039 1039 1041 1041 1040 1040 1039 1039 1041 1041 1042 1042 1040 1040 1043 1043 1044 1044 1042 1042 1032 1032 1030 1030 4 4 1046 1046 1045 1045 1047 1047 1751 1751 1760 1760 1317 1317 1751 1751 1766 1766 1752 1752 1766 1766 1751 1751 1317 1317 1766 1766 1317 1317 1316 1316 1754 1754 1315 1315 565 565 1765 1765 1748 1748 1320 1320 1765 1765 1750 1750 1748 1748 1765 1765 1319 1319 1760 1760 1768 1768 1750 1750 1760 1760 1761 1761 1686 1686 1768 1768 1761 1761 1768 1768 1760 1760 1761 1761 1751 1751 1752 1752 1095 1095 1094 1094 1093 1093 1110 1110 1057 1057 1059 1059 1089 1089 1040 1040 1042 1042 1089 1089 1087 1087 1040 1040 1093 1093 1042 1042 1044 1044 1093 1093 1089 1089 1042 1042 1095 1095 1044 1044 1046 1046 1095 1095 1093 1093 1044 1044 1098 1098 1046 1046 1048 1048 1098 1098 1048 1048 1050 1050 1094 1094 1091 1091 1090 1090 1097 1097 1091 1091 1094 1094 1097 1097 1092 1092 1091 1091 1097 1097 1101 1101 1092 1092 1110 1110 1055 1055 1057 1057 1096 1096 1094 1094 1095 1095 1097 1097 1094 1094 1096 1096 1099 1099 1095 1095 1098 1098 1088 1088 1084 1084 1086 1086 1092 1092 1084 1084 1088 1088 1090 1090 1087 1087 1089 1089 1090 1090 1088 1088 1087 1087 1091 1091 1088 1088 1090 1090 1092 1092 1088 1088 1091 1091 1094 1094 1089 1089 1093 1093 1094 1094 1090 1090 1089 1089 1084 1084 1081 1081 1080 1080 1084 1084 1080 1080 1083 1083 1112 1112 1059 1059 1061 1061 1047 1047 1048 1048 1046 1046 1048 1048 1047 1047 1049 1049 1051 1051 1048 1048 1049 1049 1050 1050 1048 1048 1051 1051 1065 1065 1076 1076 1120 1120 1074 1074 1063 1063 1073 1073 1074 1074 1064 1064 1063 1063 1076 1076 1064 1064 1074 1074 1076 1076 1065 1065 1064 1064 1077 1077 1074 1074 1073 1073 1077 1077 1073 1073 1075 1075 1078 1078 1074 1074 1077 1077 1110 1110 1108 1108 1055 1055 1732 1732 1726 1726 1641 1641 1112 1112 1110 1110 1059 1059 1114 1114 1112 1112 1061 1061 1117 1117 1114 1114 1061 1061 1117 1117 1061 1061 1062 1062 1066 1066 1117 1117 1062 1062 1066 1066 1062 1062 1031 1031 1098 1098 1095 1095 1046 1046 1102 1102 1098 1098 1050 1050 1105 1105 1050 1050 1053 1053 1105 1105 1053 1053 1055 1055 1105 1105 1102 1102 1050 1050 1108 1108 1105 1105 1055 1055 1693 1693 1777 1777 1752 1752 1768 1768 1788 1788 1749 1749 1686 1686 1793 1793 1768 1768 1752 1752 1777 1777 1686 1686 1762 1762 1791 1791 1752 1752 1681 1681 1687 1687 397 397 1681 1681 397 397 820 820 1664 1664 1665 1665 1675 1675 1663 1663 1664 1664 1676 1676 1662 1662 1663 1663 1677 1677 1661 1661 1662 1662 1678 1678 1660 1660 1661 1661 1679 1679 1659 1659 1660 1660 1680 1680 1686 1686 1777 1777 1793 1793 1749 1749 1774 1774 1767 1767 1693 1693 1752 1752 1791 1791 1693 1693 1791 1791 1777 1777 1694 1694 1762 1762 1681 1681 1694 1694 1791 1791 1762 1762 1694 1694 1681 1681 1791 1791 1687 1687 1681 1681 1762 1762 1691 1691 1749 1749 1788 1788 1691 1691 1788 1788 1774 1774 1692 1692 1788 1788 1768 1768 1692 1692 1768 1768 1793 1793 1692 1692 1793 1793 1788 1788 1653 1653 1586 1586 1587 1587 1640 1640 1641 1641 1586 1586 1701 1701 1411 1411 1410 1410 1696 1696 1407 1407 1406 1406 1698 1698 1697 1697 1699 1699 1709 1709 1699 1699 706 706 1710 1710 1410 1410 1409 1409 1709 1709 706 706 1700 1700 1717 1717 1412 1412 1411 1411 1711 1711 705 705 1702 1702 1702 1702 1717 1717 1711 1711 1714 1714 1705 1705 1713 1713 1707 1707 1407 1407 1696 1696 1714 1714 703 703 1297 1297 1726 1726 1642 1642 1641 1641 568 568 1360 1360 569 569 1640 1640 1586 1586 1653 1653 1715 1715 1406 1406 1405 1405 1716 1716 1719 1719 707 707 1708 1708 1407 1407 1707 1707 1708 1708 1699 1699 1710 1710 1708 1708 1409 1409 1408 1408 1708 1708 1710 1710 1409 1409 1709 1709 1710 1710 1699 1699 1715 1715 956 956 957 957 1715 1715 957 957 1695 1695 956 956 1405 1405 1404 1404 1682 1682 1792 1792 1757 1757 1784 1784 1682 1682 1685 1685 1772 1772 1784 1784 1746 1746 1639 1639 964 964 420 420 1792 1792 1684 1684 1688 1688 1792 1792 1683 1683 1684 1684 1731 1731 1640 1640 1587 1587 1581 1581 1345 1345 249 249 1581 1581 249 249 1590 1590 1581 1581 1344 1344 1345 1345 1648 1648 1344 1344 1581 1581 1647 1647 1432 1432 1266 1266 1648 1648 1266 1266 1344 1344 1646 1646 1432 1432 1647 1647 1666 1666 1667 1667 1673 1673 1665 1665 1666 1666 1674 1674 1632 1632 1867 1867 1854 1854 1792 1792 1688 1688 1757 1757 1639 1639 1633 1633 964 964 1639 1639 1867 1867 1633 1633 1639 1639 420 420 1867 1867 1741 1741 1292 1292 1646 1646 1657 1657 1656 1656 1607 1607 1657 1657 1730 1730 1743 1743 1658 1658 1730 1730 1657 1657 1658 1658 410 410 1589 1589 1730 1730 1589 1589 407 407 1730 1730 1658 1658 1589 1589 1668 1668 1669 1669 1671 1671 1667 1667 1668 1668 1672 1672 1655 1655 1588 1588 1721 1721 1682 1682 1757 1757 1685 1685 1640 1640 1653 1653 1587 1587 1654 1654 1587 1587 1588 1588 1731 1731 1587 1587 1654 1654 1588 1588 1607 1607 1721 1721 1655 1655 1654 1654 1588 1588 1690 1690 1774 1774 1772 1772 1691 1691 1774 1774 1749 1749 1642 1642 1651 1651 1585 1585 1642 1642 1643 1643 1584 1584 1652 1652 1585 1585 1586 1586 1641 1641 1585 1585 1652 1652 1641 1641 1652 1652 1586 1586 1641 1641 1642 1642 1585 1585 1715 1715 1405 1405 956 956 1689 1689 1685 1685 1746 1746 1784 1784 1685 1685 1689 1689 1784 1784 1689 1689 1746 1746 1772 1772 1746 1746 1764 1764 1690 1690 1767 1767 1774 1774 1690 1690 1764 1764 1767 1767 1690 1690 1772 1772 1764 1764 1684 1684 1453 1453 1286 1286 1684 1684 1456 1456 1453 1453 1683 1683 1303 1303 1456 1456 1683 1683 1456 1456 1684 1684 1688 1688 1684 1684 1757 1757 1729 1729 1645 1645 1644 1644 1727 1727 1726 1726 1739 1739 1733 1733 1643 1643 1727 1727 1733 1733 1727 1727 1740 1740 1738 1738 1358 1358 1357 1357 1738 1738 1357 1357 1722 1722 1722 1722 1721 1721 1738 1738 1722 1722 1731 1731 1721 1721 1722 1722 1723 1723 1731 1731 1722 1722 1357 1357 1723 1723 1732 1732 1640 1640 1731 1731 1732 1732 1731 1731 1724 1724 1735 1735 1644 1644 1728 1728 1729 1729 1352 1352 1737 1737 1072 1072 1136 1136 1071 1071 569 569 1730 1730 570 570 569 569 1360 1360 1730 1730 1360 1360 1742 1742 1730 1730 1742 1742 1359 1359 1738 1738 1743 1743 1730 1730 1738 1738 1738 1738 1721 1721 1743 1743 1725 1725 1724 1724 1723 1723 1732 1732 1641 1641 1640 1640 1727 1727 1643 1643 1642 1642 1740 1740 1355 1355 1354 1354 1734 1734 1354 1354 1353 1353 1729 1729 1353 1353 1352 1352 1729 1729 1734 1734 1353 1353 1735 1735 1729 1729 1644 1644 1755 1755 1284 1284 1324 1324 1755 1755 1324 1324 1323 1323 1744 1744 1757 1757 1684 1684 1756 1756 1323 1323 1322 1322 1745 1745 1746 1746 1685 1685 1747 1747 1759 1759 1320 1320 1292 1292 1741 1741 1293 1293 1742 1742 1738 1738 1730 1730 1724 1724 1731 1731 1723 1723 1732 1732 1725 1725 1739 1739 1355 1355 1727 1727 1739 1739 1727 1727 1355 1355 1740 1740 1733 1733 1740 1740 1734 1734 1750 1750 1768 1768 1749 1749 1740 1740 1354 1354 1734 1734 1728 1728 1733 1733 1734 1734 1735 1735 1728 1728 1734 1734 1735 1735 1734 1734 1729 1729 1736 1736 1645 1645 1729 1729 1736 1736 1729 1729 1737 1737 1736 1736 1741 1741 1645 1645 1293 1293 1741 1741 1737 1737 1071 1071 1135 1135 1070 1070 1071 1071 1136 1136 1135 1135 1072 1072 1069 1069 1137 1137 1072 1072 1137 1137 1136 1136 1706 1706 1406 1406 1715 1715 1718 1718 1413 1413 1412 1412 1702 1702 1703 1703 1718 1718 1718 1718 1703 1703 1704 1704 1718 1718 1414 1414 1413 1413 1725 1725 1732 1732 1724 1724 1739 1739 1725 1725 1356 1356 1739 1739 1726 1726 1732 1732 1355 1355 1739 1739 1356 1356 1727 1727 1642 1642 1726 1726 1710 1710 1709 1709 1700 1700 1710 1710 1700 1700 1701 1701 1710 1710 1701 1701 1410 1410 1719 1719 1716 1716 1715 1715 1718 1718 1412 1412 1717 1717 1696 1696 1716 1716 1707 1707 1697 1697 1716 1716 707 707 1697 1697 1707 1707 1716 1716 1697 1697 1708 1708 1707 1707 1698 1698 1708 1708 1697 1697 1708 1708 1408 1408 1407 1407 1703 1703 1702 1702 1704 1704 1712 1712 1704 1704 704 704 1712 1712 704 704 1713 1713 1705 1705 1416 1416 1415 1415 1705 1705 1417 1417 1416 1416 1296 1296 1295 1295 1417 1417 1695 1695 1719 1719 1715 1715 1720 1720 1414 1414 1712 1712 1760 1760 1319 1319 1318 1318 1760 1760 1318 1318 1317 1317 1753 1753 1762 1762 1752 1752 1766 1766 1316 1316 1315 1315 568 568 1351 1351 1360 1360 1742 1742 1360 1360 1359 1359 1738 1738 1359 1359 1358 1358 1706 1706 1715 1715 1716 1716 1706 1706 1716 1716 1696 1696 1699 1699 1708 1708 1698 1698 1711 1711 1717 1717 1700 1700 1717 1717 1702 1702 1718 1718 1712 1712 1414 1414 1704 1704 1784 1784 1770 1770 1682 1682 1720 1720 1705 1705 1415 1415 1414 1414 1718 1718 1704 1704 1720 1720 1415 1415 1414 1414 1720 1720 1712 1712 1713 1713 1720 1720 1713 1713 1705 1705 1714 1714 1713 1713 703 703 1714 1714 1297 1297 1705 1705 1296 1296 1417 1417 1705 1705 1296 1296 1705 1705 1297 1297 1701 1701 1700 1700 1717 1717 1701 1701 1717 1717 1411 1411 1711 1711 1700 1700 705 705 881 881 867 867 875 875 860 860 846 846 854 854 869 869 847 847 848 848 869 869 848 848 861 861 862 862 384 384 385 385 862 862 385 385 855 855 855 855 802 802 841 841 855 855 386 386 802 802 856 856 842 842 850 850 856 856 849 849 842 842 857 857 843 843 851 851 857 857 850 850 843 843 858 858 844 844 852 852 858 858 851 851 844 844 860 860 853 853 846 846 881 881 874 874 867 867 882 882 875 875 868 868 882 882 868 868 883 883 883 883 869 869 876 876 884 884 877 877 871 871 884 884 381 381 382 382 884 884 871 871 878 878 877 877 870 870 863 863 877 877 863 863 871 871 878 878 871 871 864 864 878 878 864 864 872 872 879 879 872 872 865 865 879 879 865 865 873 873 868 868 854 854 847 847 802 802 808 808 841 841 846 846 830 830 836 836 846 846 835 835 830 830 848 848 831 831 656 656 841 841 808 808 807 807 841 841 807 807 837 837 842 842 837 837 832 832 842 842 832 832 838 838 843 843 838 838 833 833 866 866 853 853 860 860 866 866 859 859 853 853 867 867 860 860 854 854 868 868 847 847 869 869 880 880 873 873 866 866 870 870 383 383 384 384 870 870 384 384 862 862 870 870 862 862 856 856 862 862 849 849 856 856 862 862 855 855 849 849 863 863 850 850 857 857 863 863 856 856 850 850 864 864 857 857 851 851 864 864 851 851 858 858 865 865 852 852 859 859 865 865 858 858 852 852 859 859 852 852 845 845 859 859 845 845 853 853 891 891 884 884 878 878 892 892 879 879 886 886 893 893 886 886 880 880 893 893 880 880 887 887 894 894 881 881 888 888 894 894 887 887 881 881 895 895 888 888 882 882 888 888 881 881 875 875 889 889 882 882 883 883 890 890 883 883 876 876 897 897 861 861 670 670 897 897 876 876 861 861 891 891 380 380 381 381 891 891 381 381 884 884 892 892 885 885 879 879 884 884 382 382 877 877 885 885 878 878 872 872 885 885 872 872 879 879 886 886 873 873 880 880 886 886 879 879 873 873 887 887 880 880 874 874 887 887 874 874 881 881 888 888 875 875 882 882 909 909 890 890 910 910 911 911 904 904 899 899 911 911 377 377 378 378 911 911 899 899 905 905 911 911 378 378 904 904 872 872 858 858 865 865 880 880 866 866 874 874 874 874 866 866 860 860 875 875 854 854 868 868 875 875 867 867 854 854 883 883 868 868 869 869 876 876 869 869 861 861 861 861 657 657 670 670 877 877 382 382 383 383 877 877 383 383 870 870 870 870 856 856 863 863 871 871 857 857 864 864 871 871 863 863 857 857 872 872 864 864 858 858 847 847 836 836 831 831 873 873 859 859 866 866 873 873 865 865 859 859 874 874 860 860 867 867 895 895 882 882 889 889 896 896 889 889 883 883 896 896 883 883 890 890 890 890 876 876 897 897 898 898 379 379 380 380 898 898 380 380 891 891 898 898 885 885 892 892 898 898 891 891 885 885 891 891 878 878 885 885 797 797 781 781 779 779 823 823 811 811 810 810 824 824 810 810 658 658 821 821 803 803 822 822 821 821 804 804 803 803 1545 1545 799 799 1547 1547 801 801 1541 1541 786 786 801 801 1543 1543 1542 1542 801 801 1542 1542 1541 1541 755 755 1565 1565 760 760 787 787 765 765 788 788 793 793 795 795 790 790 778 778 747 747 774 774 797 797 795 795 793 793 822 822 809 809 811 811 796 796 783 783 784 784 796 796 777 777 783 783 798 798 774 774 747 747 799 799 747 747 1547 1547 800 800 736 736 783 783 800 800 783 783 748 748 774 774 746 746 791 791 774 774 791 791 773 773 776 776 773 773 770 770 794 794 772 772 796 796 794 794 784 784 744 744 794 794 796 796 784 784 774 774 798 798 746 746 763 763 764 764 758 758 762 762 770 770 766 766 760 760 788 788 767 767 760 760 767 767 790 790 765 765 764 764 791 791 771 771 769 769 789 789 790 790 771 771 789 789 746 746 768 768 765 765 757 757 584 584 752 752 1565 1565 1564 1564 754 754 1565 1565 755 755 1567 1567 757 757 752 752 762 762 758 758 764 764 787 787 763 763 757 757 762 762 797 797 793 793 792 792 790 790 789 789 730 730 1541 1541 727 727 786 786 736 736 800 800 751 751 736 736 751 751 737 737 736 736 737 737 732 732 737 737 751 751 1539 1539 737 737 1539 1539 738 738 752 752 584 584 582 582 757 757 756 756 584 584 1543 1543 799 799 1545 1545 397 397 396 396 820 820 822 822 803 803 809 809 802 802 386 386 964 964 825 825 804 804 821 821 825 825 806 806 805 805 825 825 805 805 804 804 826 826 821 821 822 822 830 830 823 823 824 824 852 852 840 840 845 845 853 853 845 845 846 846 854 854 836 836 847 847 854 854 846 846 836 836 861 861 848 848 656 656 861 861 656 656 657 657 855 855 841 841 849 849 855 855 385 385 386 386 824 824 658 658 665 665 849 849 841 841 837 837 849 849 837 837 842 842 850 850 842 842 838 838 850 850 838 838 843 843 851 851 839 839 844 844 851 851 843 843 839 839 852 852 844 844 840 840 843 843 833 833 839 839 844 844 839 839 834 834 844 844 834 834 840 840 845 845 840 840 835 835 845 845 835 835 846 846 847 847 831 831 848 848 834 834 822 822 835 835 837 837 827 827 832 832 837 837 807 807 806 806 837 837 806 806 827 827 838 838 832 832 828 828 838 838 828 828 833 833 839 839 829 829 834 834 839 839 833 833 829 829 840 840 834 834 835 835 832 832 827 827 825 825 832 832 825 825 828 828 833 833 826 826 829 829 833 833 828 828 826 826 834 834 829 829 822 822 912 912 905 905 900 900 836 836 830 830 831 831 831 831 665 665 656 656 831 831 824 824 665 665 827 827 806 806 825 825 828 828 821 821 826 826 828 828 825 825 821 821 829 829 826 826 822 822 835 835 822 822 823 823 835 835 823 823 830 830 830 830 824 824 831 831 822 822 811 811 823 823 45 45 1 1 307 307 1787 1787 1773 1773 1664 1664 954 954 396 396 395 395 954 954 395 395 952 952 954 954 951 951 953 953 954 954 952 952 951 951 950 950 947 947 944 944 950 950 393 393 947 947 951 951 948 948 945 945 951 951 945 945 949 949 815 815 949 949 816 816 952 952 395 395 394 394 952 952 394 394 950 950 952 952 948 948 951 951 1787 1787 1664 1664 1663 1663 953 953 815 815 814 814 1774 1774 1664 1664 1773 1773 1664 1664 1774 1774 1775 1775 1788 1788 1775 1775 1774 1774 1789 1789 1665 1665 1775 1775 1789 1789 1775 1775 1788 1788 1789 1789 1790 1790 1665 1665 1783 1783 1771 1771 1661 1661 1785 1785 1662 1662 1771 1771 1785 1785 1771 1771 1784 1784 1785 1785 1784 1784 1772 1772 1785 1785 1772 1772 1787 1787 1772 1772 1773 1773 1787 1787 1663 1663 1785 1785 1787 1787 1778 1778 1668 1668 1667 1667 943 943 939 939 935 935 943 943 935 935 940 940 944 944 936 936 941 941 944 944 940 940 936 936 939 939 391 391 390 390 939 939 934 934 930 930 939 939 930 930 935 935 939 939 390 390 934 934 940 940 935 935 931 931 940 940 931 931 936 936 941 941 932 932 937 937 941 941 936 936 932 932 1776 1776 1793 1793 1777 1777 1663 1663 1662 1662 1785 1785 1779 1779 1791 1791 1681 1681 1781 1781 1681 1681 820 820 1781 1781 960 960 959 959 1781 1781 961 961 960 960 1781 1781 962 962 961 961 1781 1781 820 820 962 962 813 813 954 954 953 953 813 813 820 820 396 396 813 813 396 396 954 954 813 813 953 953 814 814 952 952 950 950 948 948 953 953 951 951 949 949 953 953 949 949 815 815 1748 1748 1747 1747 1320 1320 1321 1321 1746 1746 1745 1745 1764 1764 1746 1746 1759 1759 1767 1767 1759 1759 1747 1747 1767 1767 1747 1747 1748 1748 1765 1765 1760 1760 1750 1750 1763 1763 1687 1687 1762 1762 1763 1763 397 397 1687 1687 1756 1756 1744 1744 1755 1755 1322 1322 1758 1758 1756 1756 1745 1745 1685 1685 1758 1758 1321 1321 1759 1759 1746 1746 1767 1767 1764 1764 1759 1759 1767 1767 1748 1748 1749 1749 1745 1745 1758 1758 1322 1322 1749 1749 1748 1748 1750 1750 1765 1765 1320 1320 1319 1319 565 565 1315 1315 1314 1314 1763 1763 566 566 397 397 1763 1763 567 567 566 566 565 565 399 399 1763 1763 1285 1285 1284 1284 1755 1755 1755 1755 1286 1286 1285 1285 1756 1756 1755 1755 1323 1323 1757 1757 1758 1758 1685 1685 1754 1754 1766 1766 1315 1315 1754 1754 1753 1753 1766 1766 1754 1754 1762 1762 1753 1753 1783 1783 1660 1660 1659 1659 958 958 1670 1670 1669 1669 958 958 1781 1781 959 959 1303 1303 1769 1769 1304 1304 1769 1769 1683 1683 1792 1792 1769 1769 1792 1792 1782 1782 1782 1782 1783 1783 1659 1659 1783 1783 1661 1661 1660 1660 1770 1770 1792 1792 1682 1682 1778 1778 1669 1669 1668 1668 1769 1769 1303 1303 1683 1683 1782 1782 1304 1304 1769 1769 1782 1782 1659 1659 1294 1294 1782 1782 1294 1294 1304 1304 943 943 391 391 939 939 1771 1771 1783 1783 1770 1770 1784 1784 1771 1771 1770 1770 1761 1761 1760 1760 1751 1751 1766 1766 1753 1753 1752 1752 1754 1754 1763 1763 1762 1762 1763 1763 1754 1754 565 565 1744 1744 1684 1684 1286 1286 1744 1744 1286 1286 1755 1755 1321 1321 1745 1745 1322 1322 1786 1786 1667 1667 1666 1666 1757 1757 1744 1744 1756 1756 1757 1757 1756 1756 1758 1758 923 923 388 388 387 387 923 923 387 387 917 917 924 924 918 918 913 913 924 924 913 913 919 919 925 925 914 914 920 920 925 925 919 919 914 914 926 926 920 920 915 915 926 926 915 915 921 921 919 919 907 907 914 914 920 920 914 914 908 908 920 920 908 908 915 915 921 921 909 909 916 916 921 921 915 915 909 909 922 922 916 916 910 910 923 923 912 912 918 918 923 923 917 917 912 912 917 917 387 387 376 376 917 917 376 376 377 377 917 917 911 911 905 905 917 917 905 905 912 912 917 917 377 377 911 911 918 918 912 912 906 906 918 918 906 906 913 913 919 919 913 913 907 907 913 913 901 901 907 907 914 914 902 902 908 908 914 914 907 907 902 902 915 915 903 903 909 909 904 904 378 378 379 379 912 912 900 900 906 906 913 913 906 906 901 901 905 905 893 893 900 900 906 906 900 900 894 894 906 906 894 894 901 901 907 907 895 895 902 902 907 907 901 901 895 895 908 908 902 902 896 896 908 908 896 896 903 903 909 909 903 903 890 890 903 903 896 896 890 890 910 910 890 890 897 897 897 897 670 670 669 669 915 915 908 908 903 903 904 904 379 379 898 898 904 904 898 898 892 892 904 904 892 892 899 899 905 905 899 899 893 893 899 899 886 886 893 893 899 899 892 892 886 886 900 900 893 893 887 887 900 900 887 887 894 894 901 901 888 888 895 895 901 901 894 894 888 888 902 902 889 889 896 896 902 902 895 895 889 889 949 949 946 946 816 816 927 927 921 921 916 916 927 927 916 916 922 922 928 928 957 957 812 812 928 928 922 922 910 910 928 928 910 910 957 957 929 929 389 389 388 388 929 929 388 388 923 923 929 929 923 923 918 918 947 947 940 940 944 944 948 948 944 944 941 941 948 948 941 941 945 945 949 949 945 945 942 942 949 949 942 942 946 946 933 933 927 927 922 922 950 950 394 394 393 393 950 950 944 944 948 948 945 945 941 941 937 937 945 945 937 937 942 942 946 946 938 938 817 817 946 946 817 817 816 816 946 946 942 942 938 938 947 947 393 393 392 392 947 947 392 392 943 943 947 947 943 943 940 940 942 942 937 937 933 933 942 942 933 933 938 938 943 943 392 392 391 391 934 934 390 390 389 389 916 916 909 909 910 910 910 910 897 897 669 669 910 910 669 669 957 957 936 936 926 926 932 932 936 936 931 931 926 926 937 937 927 927 933 933 937 937 932 932 927 927 938 938 819 819 818 818 938 938 933 933 928 928 938 938 818 818 817 817 938 938 928 928 819 819 933 933 922 922 928 928 819 819 928 928 812 812 1655 1655 1731 1731 1654 1654 934 934 389 389 929 929 934 934 929 929 924 924 934 934 924 924 930 930 935 935 930 930 925 925 935 935 925 925 931 931 929 929 918 918 924 924 930 930 924 924 919 919 930 930 919 919 925 925 931 931 920 920 926 926 931 931 925 925 920 920 932 932 926 926 921 921 932 932 921 921 927 927 1428 1428 1424 1424 1265 1265 1437 1437 19 19 18 18 1437 1437 1436 1436 19 19 1438 1438 1430 1430 1435 1435 1438 1438 1433 1433 1430 1430 1434 1434 1426 1426 1431 1431 1434 1434 1427 1427 1426 1426 1433 1433 1429 1429 1430 1430 1432 1432 1431 1431 1428 1428 1434 1434 1431 1431 1432 1432 1436 1436 20 20 19 19 1435 1435 1427 1427 1434 1434 1435 1435 1430 1430 1427 1427 1427 1427 1430 1430 16 16 1437 1437 18 18 1433 1433 1428 1428 1425 1425 1424 1424 1429 1429 18 18 17 17 1429 1429 17 17 1430 1430 1431 1431 1426 1426 1425 1425 1431 1431 1425 1425 1428 1428 1432 1432 1428 1428 1265 1265 15 15 14 14 1424 1424 1264 1264 1424 1424 1263 1263 1425 1425 15 15 1424 1424 1426 1426 15 15 1425 1425 1430 1430 17 17 16 16 1265 1265 1424 1424 1264 1264 1427 1427 16 16 15 15 1421 1421 1029 1029 1028 1028 1423 1423 1422 1422 1421 1421 1422 1422 1423 1423 708 708 1422 1422 708 708 1419 1419 1423 1423 1028 1028 1027 1027 1423 1423 709 709 708 708 1255 1255 1423 1423 1027 1027 1255 1255 709 709 1423 1423 1255 1255 1027 1027 1021 1021 1420 1420 1418 1418 1262 1262 1420 1420 998 998 1029 1029 1420 1420 1419 1419 1418 1418 1421 1421 1420 1420 1029 1029 1420 1420 1421 1421 1419 1419 1427 1427 15 15 1426 1426 1422 1422 1419 1419 1421 1421 1423 1423 1421 1421 1028 1028 1396 1396 1407 1407 1408 1408 1397 1397 1409 1409 1410 1410 1398 1398 1397 1397 1410 1410 1413 1413 1399 1399 1412 1412 1414 1414 1400 1400 1413 1413 1415 1415 1401 1401 1414 1414 1403 1403 1402 1402 1416 1416 1417 1417 1403 1403 1416 1416 1433 1433 18 18 1429 1429 1436 1436 21 21 20 20 1432 1432 1265 1265 1266 1266 1453 1453 1291 1291 1286 1286 1446 1446 21 21 1443 1443 1440 1440 1436 1436 1437 1437 1292 1292 1434 1434 1646 1646 1440 1440 1443 1443 1436 1436 1441 1441 1433 1433 1438 1438 1461 1461 1457 1457 1451 1451 1459 1459 1458 1458 1454 1454 1463 1463 1457 1457 1461 1461 1462 1462 27 27 1455 1455 1462 1462 1455 1455 1460 1460 1464 1464 29 29 28 28 1298 1298 1456 1456 1303 1303 1298 1298 1459 1459 1456 1456 1439 1439 1435 1435 1434 1434 1458 1458 1451 1451 1454 1454 27 27 26 26 1455 1455 1459 1459 1454 1454 1450 1450 1459 1459 1450 1450 1456 1456 1460 1460 1455 1455 1452 1452 1460 1460 1452 1452 1457 1457 1461 1461 1451 1451 1458 1458 1453 1453 1450 1450 1447 1447 1457 1457 24 24 1451 1451 1454 1454 1448 1448 1450 1450 1455 1455 26 26 1452 1452 1456 1456 1450 1450 1453 1453 1454 1454 1451 1451 1448 1448 1447 1447 1443 1443 1440 1440 1289 1289 1441 1441 1438 1438 1448 1448 1444 1444 1446 1446 1449 1449 1445 1445 1442 1442 1449 1449 1447 1447 1445 1445 1290 1290 1441 1441 1289 1289 1450 1450 1443 1443 1447 1447 1290 1290 1449 1449 1442 1442 1290 1290 1442 1442 1441 1441 1444 1444 23 23 22 22 1445 1445 1440 1440 1442 1442 1288 1288 1439 1439 1287 1287 1288 1288 1438 1438 1439 1439 24 24 23 23 1444 1444 1424 1424 14 14 13 13 1447 1447 1440 1440 1445 1445 1289 1289 1438 1438 1288 1288 1446 1446 22 22 21 21 1292 1292 1439 1439 1434 1434 1441 1441 1437 1437 1433 1433 1438 1438 1435 1435 1439 1439 1442 1442 1437 1437 1441 1441 1442 1442 1440 1440 1437 1437 1287 1287 1439 1439 1292 1292 1444 1444 22 22 1446 1446 1443 1443 21 21 1436 1436 1646 1646 1434 1434 1432 1432 1349 1349 1348 1348 1023 1023 1576 1576 1575 1575 1578 1578 1575 1575 1577 1577 1578 1578 1551 1551 1576 1576 1578 1578 1564 1564 1565 1565 1554 1554 1564 1564 1554 1554 1553 1553 1565 1565 1555 1555 1554 1554 1567 1567 1555 1555 1565 1565 1567 1567 1556 1556 1555 1555 1569 1569 273 273 1557 1557 1570 1570 1569 1569 1558 1558 1560 1560 1571 1571 1572 1572 1348 1348 1024 1024 1023 1023 1349 1349 1345 1345 1348 1348 1574 1574 1575 1575 1576 1576 1349 1349 1350 1350 1345 1345 1349 1349 1023 1023 1022 1022 1350 1350 1349 1349 1022 1022 997 997 1350 1350 1022 1022 1268 1268 1350 1350 997 997 1346 1346 1344 1344 1274 1274 1347 1347 1346 1346 1026 1026 1347 1347 1025 1025 1024 1024 1347 1347 1026 1026 1025 1025 1346 1346 1345 1345 1344 1344 1348 1348 1347 1347 1024 1024 1347 1347 1345 1345 1346 1346 1347 1347 1348 1348 1345 1345 1334 1334 1879 1879 1333 1333 1563 1563 573 573 1552 1552 1562 1562 1553 1553 1552 1552 1562 1562 1564 1564 1553 1553 1566 1566 1563 1563 1553 1553 1549 1549 1572 1572 1573 1573 1579 1579 1577 1577 587 587 1321 1321 1310 1310 1759 1759 1322 1322 1311 1311 1321 1321 1323 1323 1312 1312 1322 1322 1313 1313 1323 1323 1324 1324 1880 1880 1282 1282 354 354 1333 1333 1880 1880 354 354 1879 1879 1880 1880 1333 1333 1329 1329 1330 1330 1339 1339 1551 1551 1550 1550 1576 1576 1580 1580 1551 1551 1578 1578 1579 1579 574 574 1580 1580 1580 1580 571 571 1551 1551 1573 1573 1575 1575 1574 1574 1658 1658 1550 1550 1551 1551 1759 1759 1309 1309 1320 1320 1310 1310 1309 1309 1759 1759 1572 1572 1549 1549 1548 1548 1561 1561 1572 1572 1571 1571 1574 1574 1549 1549 1573 1573 1574 1574 1576 1576 1550 1550 357 357 1293 1293 1737 1737 1373 1373 1365 1365 1372 1372 1374 1374 1366 1366 1373 1373 1375 1375 1367 1367 1374 1374 1843 1843 1385 1385 1389 1389 1356 1356 362 362 1355 1355 1725 1725 363 363 1356 1356 364 364 363 363 1725 1725 1723 1723 364 364 1725 1725 365 365 364 364 1723 1723 1357 1357 365 365 1723 1723 1358 1358 366 366 1357 1357 1361 1361 1283 1283 1369 1369 1268 1268 248 248 1350 1350 1372 1372 1364 1364 1371 1371 357 357 353 353 1293 1293 358 358 357 357 1737 1737 359 359 1737 1737 1352 1352 359 359 358 358 1737 1737 1353 1353 360 360 1352 1352 1355 1355 361 361 1354 1354 1255 1255 1252 1252 709 709 983 983 309 309 1272 1272 1259 1259 1277 1277 1254 1254 1263 1263 12 12 309 309 1263 1263 309 309 983 983 1263 1263 13 13 12 12 1424 1424 13 13 1263 1263 1338 1338 1894 1894 1337 1337 1328 1328 1329 1329 1340 1340 1327 1327 1328 1328 1341 1341 1896 1896 1327 1327 1342 1342 1343 1343 1896 1896 1342 1342 1326 1326 1896 1896 1343 1343 1026 1026 1346 1346 971 971 1344 1344 1266 1266 1274 1274 1877 1877 1879 1879 1334 1334 1335 1335 1877 1877 1334 1334 1332 1332 1877 1877 1335 1335 1887 1887 1332 1332 1336 1336 1337 1337 1887 1887 1336 1336 1894 1894 1887 1887 1337 1337 1457 1457 1452 1452 24 24 1331 1331 1894 1894 1338 1338 1390 1390 1843 1843 1389 1389 1384 1384 1843 1843 1390 1390 1841 1841 1384 1384 1391 1391 1392 1392 1841 1841 1391 1391 1383 1383 1841 1841 1392 1392 1382 1382 1383 1383 1393 1393 1381 1381 1382 1382 1394 1394 1395 1395 1406 1406 1407 1407 1361 1361 355 355 1283 1283 1362 1362 1361 1361 1369 1369 1370 1370 1363 1363 1369 1369 727 727 1528 1528 1540 1540 1544 1544 1514 1514 1513 1513 1543 1543 1530 1530 1542 1542 1543 1543 1545 1545 1531 1531 1543 1543 1531 1531 1530 1530 1514 1514 1544 1544 1531 1531 1516 1516 1517 1517 659 659 1515 1515 659 659 1517 1517 1527 1527 1525 1525 728 728 1527 1527 1526 1526 1525 1525 1526 1526 1513 1513 1512 1512 1526 1526 1527 1527 1513 1513 1527 1527 728 728 1540 1540 1527 1527 1540 1540 1528 1528 1542 1542 1530 1530 1529 1529 1529 1529 1541 1541 1542 1542 1535 1535 1519 1519 1536 1536 1536 1536 677 677 1535 1535 1537 1537 1546 1546 586 586 1536 1536 1546 1546 677 677 1522 1522 678 678 1538 1538 1521 1521 1522 1522 1538 1538 675 675 1524 1524 1539 1539 1525 1525 1526 1526 1539 1539 1531 1531 1544 1544 1530 1530 1531 1531 1545 1545 1547 1547 1535 1535 1515 1515 1517 1517 1535 1535 1517 1517 1518 1518 1511 1511 1484 1484 1491 1491 727 727 1541 1541 1528 1528 1529 1529 1528 1528 1541 1541 1530 1530 1544 1544 1529 1529 1517 1517 1532 1532 1533 1533 1515 1515 657 657 659 659 1518 1518 1517 1517 1533 1533 1519 1519 1518 1518 1534 1534 678 678 1537 1537 1538 1538 678 678 677 677 1537 1537 1522 1522 679 679 678 678 1522 1522 1521 1521 1523 1523 1510 1510 1491 1491 1484 1484 1484 1484 1794 1794 1510 1510 1534 1534 1518 1518 1533 1533 1511 1511 1491 1491 1626 1626 1483 1483 1484 1484 1511 1511 811 811 1483 1483 1511 1511 811 811 1511 1511 1626 1626 1483 1483 811 811 809 809 1806 1806 1507 1507 1490 1490 1806 1806 1485 1485 1489 1489 1508 1508 1490 1490 1509 1509 1805 1805 1490 1490 1508 1508 1509 1509 1491 1491 1794 1794 1794 1794 1508 1508 1509 1509 1794 1794 1805 1805 1508 1508 1510 1510 1794 1794 1491 1491 29 29 43 43 44 44 46 46 1033 1033 47 47 10 10 5 5 36 36 40 40 33 33 34 34 36 36 35 35 9 9 37 37 35 35 38 38 37 37 9 9 35 35 37 37 38 38 39 39 24 24 32 32 23 23 1536 1536 1519 1519 1546 1546 64 64 57 57 60 60 27 27 41 41 26 26 28 28 44 44 42 42 28 28 42 42 27 27 46 46 1035 1035 1033 1033 29 29 44 44 28 28 30 30 43 43 29 29 30 30 8 8 43 43 31 31 8 8 30 30 31 31 351 351 8 8 1277 1277 351 351 31 31 0 0 3 3 111 111 1 1 1030 1030 3 3 1 1 3 3 0 0 45 45 4 4 1030 1030 45 45 1030 1030 1 1 47 47 1033 1033 4 4 47 47 4 4 45 45 48 48 1038 1038 1036 1036 1535 1535 1518 1518 1519 1519 1546 1546 1534 1534 586 586 1546 1546 1519 1519 1534 1534 53 53 48 48 50 50 52 52 51 51 47 47 50 50 48 48 46 46 50 50 46 46 51 51 55 55 1041 1041 1039 1039 54 54 2 2 308 308 58 58 1039 1039 49 49 54 54 308 308 12 12 48 48 1035 1035 46 46 48 48 1036 1036 1035 1035 1526 1526 1512 1512 675 675 47 47 45 45 307 307 49 49 1038 1038 48 48 49 49 1039 1039 1038 1038 51 51 46 46 47 47 52 52 307 307 2 2 24 24 85 85 32 32 9 9 10 10 36 36 41 41 33 33 40 40 10 10 6 6 5 5 24 24 40 40 85 85 11 11 6 6 10 10 42 42 39 39 33 33 1467 1467 1463 1463 1461 1461 1467 1467 1466 1466 1463 1463 1468 1468 1462 1462 1460 1460 1468 1468 1460 1460 1466 1466 1300 1300 1458 1458 1299 1299 1469 1469 1462 1462 1468 1468 1469 1469 1465 1465 1462 1462 1462 1462 28 28 27 27 1465 1465 28 28 1462 1462 1466 1466 1460 1460 1457 1457 1466 1466 1457 1457 1463 1463 1299 1299 1458 1458 1459 1459 1299 1299 1459 1459 1298 1298 1467 1467 1461 1461 1458 1458 30 30 29 29 1464 1464 1495 1495 1262 1262 1418 1418 1494 1494 1262 1262 1495 1495 1493 1493 1418 1418 1419 1419 1495 1495 1418 1418 1493 1493 1495 1495 1493 1493 1492 1492 1499 1499 201 201 1496 1496 1497 1497 1496 1496 1494 1494 1611 1611 1495 1495 1492 1492 1474 1474 1475 1475 373 373 1473 1473 1474 1474 374 374 1810 1810 1473 1473 375 375 1308 1308 1810 1810 375 375 356 356 1308 1308 375 375 1302 1302 1470 1470 1466 1466 1453 1453 1449 1449 1291 1291 1452 1452 25 25 24 24 1450 1450 1446 1446 1443 1443 1450 1450 1448 1448 1446 1446 1451 1451 24 24 1444 1444 1451 1451 1444 1444 1448 1448 1452 1452 26 26 25 25 1453 1453 1447 1447 1449 1449 1291 1291 1449 1449 1290 1290 1253 1253 30 30 1464 1464 1253 1253 1012 1012 30 30 1470 1470 1469 1469 1468 1468 1302 1302 1467 1467 1301 1301 1803 1803 1307 1307 201 201 1302 1302 1466 1466 1467 1467 1256 1256 1465 1465 1471 1471 1256 1256 1253 1253 1464 1464 1301 1301 1458 1458 1300 1300 1301 1301 1467 1467 1458 1458 1012 1012 31 31 30 30 1011 1011 31 31 1012 1012 1471 1471 1465 1465 1469 1469 1470 1470 1468 1468 1466 1466 1011 1011 1277 1277 31 31 1011 1011 1254 1254 1277 1277 1465 1465 1464 1464 28 28 1502 1502 1486 1486 1614 1614 1503 1503 1614 1614 1487 1487 1504 1504 1503 1503 1487 1487 1504 1504 1502 1502 1614 1614 1504 1504 1808 1808 1502 1502 1504 1504 1614 1614 1503 1503 1505 1505 1487 1487 1488 1488 1797 1797 1504 1504 1487 1487 1802 1802 1497 1497 1500 1500 1802 1802 1499 1499 1497 1497 1501 1501 1500 1500 1486 1486 1501 1501 1486 1486 1800 1800 1501 1501 1802 1802 1500 1500 1501 1501 1800 1800 1802 1802 1808 1808 1800 1800 1502 1502 1502 1502 1800 1800 1486 1486 1803 1803 201 201 1499 1499 1611 1611 1494 1494 1495 1495 1498 1498 1494 1494 1611 1611 1497 1497 1499 1499 1496 1496 1498 1498 1497 1497 1494 1494 1500 1500 1611 1611 1486 1486 1500 1500 1498 1498 1611 1611 1500 1500 1497 1497 1498 1498 1522 1522 1523 1523 1524 1524 1522 1522 675 675 679 679 675 675 1522 1522 1524 1524 1526 1526 675 675 1539 1539 1297 1297 1470 1470 1302 1302 1805 1805 1806 1806 1490 1490 1493 1493 1419 1419 716 716 1477 1477 1478 1478 367 367 1816 1816 1477 1477 368 368 369 369 1816 1816 368 368 370 370 1816 1816 369 369 1817 1817 1816 1816 370 370 371 371 1817 1817 370 370 1476 1476 1817 1817 371 371 1475 1475 1476 1476 372 372 1256 1256 1464 1464 1465 1465 1472 1472 1471 1471 1469 1469 1472 1472 1469 1469 1470 1470 1552 1552 577 577 1562 1562 1470 1470 1297 1297 703 703 1472 1472 1252 1252 1256 1256 1472 1472 1256 1256 1471 1471 1472 1472 1470 1470 703 703 1797 1797 1487 1487 1505 1505 1797 1797 1505 1505 1488 1488 1506 1506 1488 1488 1489 1489 1485 1485 1488 1488 1506 1506 1485 1485 1506 1506 1489 1489 1485 1485 1797 1797 1488 1488 1507 1507 1489 1489 1490 1490 1806 1806 1489 1489 1507 1507 409 409 1551 1551 571 571 1585 1585 1584 1584 1598 1598 1599 1599 1597 1597 284 284 1600 1600 1597 1597 1599 1599 1600 1600 1598 1598 1597 1597 1594 1594 1582 1582 1591 1591 1583 1583 1582 1582 1594 1594 1595 1595 1593 1593 272 272 1595 1595 1594 1594 1593 1593 1596 1596 1594 1594 1595 1595 1596 1596 1583 1583 1594 1594 1584 1584 1583 1583 1596 1596 1597 1597 1595 1595 272 272 1184 1184 1181 1181 1183 1183 1598 1598 1584 1584 1596 1596 1591 1591 1581 1581 1590 1590 1591 1591 1648 1648 1581 1581 1592 1592 1591 1591 1582 1582 1592 1592 1648 1648 1591 1591 1594 1594 1590 1590 1593 1593 1594 1594 1591 1591 1590 1590 1178 1178 1175 1175 1174 1174 1179 1179 1175 1175 1178 1178 1176 1176 1175 1175 1179 1179 1180 1180 1177 1177 1176 1176 1180 1180 1176 1176 1179 1179 1182 1182 1179 1179 1178 1178 1182 1182 1178 1178 1181 1181 1614 1614 1486 1486 1613 1613 1616 1616 1613 1613 1615 1615 1616 1616 1614 1614 1613 1613 1168 1168 1163 1163 1164 1164 1170 1170 1164 1164 1165 1165 1170 1170 1168 1168 1164 1164 1170 1170 1165 1165 1169 1169 1172 1172 1169 1169 1171 1171 1172 1172 1170 1170 1169 1169 1610 1610 1611 1611 1492 1492 1611 1611 1610 1610 1486 1486 1613 1613 1610 1610 1609 1609 1613 1613 1609 1609 1612 1612 1613 1613 1486 1486 1610 1610 1182 1182 1180 1180 1179 1179 1615 1615 1612 1612 688 688 1615 1615 1613 1613 1612 1612 1608 1608 1550 1550 1607 1607 1608 1608 1574 1574 1550 1550 1551 1551 409 409 410 410 1551 1551 410 410 1658 1658 810 810 1514 1514 658 658 1609 1609 1493 1493 716 716 1610 1610 1492 1492 1493 1493 1610 1610 1493 1493 1609 1609 1597 1597 272 272 284 284 1598 1598 1596 1596 1595 1595 1598 1598 1595 1595 1597 1597 1208 1208 1206 1206 1205 1205 1603 1603 1599 1599 1602 1602 1603 1603 1600 1600 1599 1599 1604 1604 1600 1600 1603 1603 1604 1604 1586 1586 1601 1601 1604 1604 1601 1601 1600 1600 1213 1213 1209 1209 1212 1212 1216 1216 1211 1211 1213 1213 1215 1215 1210 1210 1214 1214 1215 1215 1213 1213 1212 1212 1216 1216 1213 1213 1215 1215 1162 1162 1215 1215 1214 1214 1161 1161 1216 1216 1215 1215 1161 1161 1215 1215 1162 1162 1601 1601 1586 1586 1585 1585 1209 1209 1206 1206 1208 1208 1207 1207 1206 1206 1209 1209 1211 1211 1204 1204 1207 1207 1213 1213 1207 1207 1209 1209 1211 1211 1207 1207 1213 1213 1210 1210 1209 1209 1208 1208 1212 1212 1209 1209 1210 1210 1203 1203 1199 1199 1202 1202 1203 1203 1200 1200 1199 1199 1204 1204 1200 1200 1203 1203 1205 1205 1202 1202 1201 1201 1206 1206 1202 1202 1205 1205 1206 1206 1203 1203 1202 1202 1192 1192 1186 1186 1189 1189 1192 1192 1189 1189 1191 1191 1167 1167 1191 1191 1190 1190 1193 1193 1191 1191 1167 1167 1194 1194 1192 1192 1191 1191 1194 1194 1191 1191 1193 1193 1196 1196 1193 1193 1167 1167 1196 1196 1167 1167 1195 1195 1196 1196 1194 1194 1193 1193 1187 1187 1184 1184 1186 1186 1189 1189 1185 1185 1166 1166 1189 1189 1166 1166 1188 1188 1189 1189 1186 1186 1185 1185 1192 1192 1187 1187 1186 1186 1177 1177 1173 1173 1176 1176 1191 1191 1188 1188 1190 1190 1191 1191 1189 1189 1188 1188 1587 1587 1586 1586 1604 1604 1184 1184 1182 1182 1181 1181 1184 1184 1180 1180 1182 1182 1187 1187 1180 1180 1184 1184 1187 1187 1177 1177 1180 1180 1185 1185 1183 1183 1166 1166 1185 1185 1184 1184 1183 1183 1186 1186 1184 1184 1185 1185 1601 1601 1598 1598 1600 1600 1601 1601 1585 1585 1598 1598 1619 1619 1617 1617 694 694 1733 1733 1728 1728 1650 1650 1643 1643 1583 1583 1584 1584 1643 1643 1650 1650 1583 1583 1647 1647 1266 1266 1648 1648 1741 1741 1646 1646 1645 1645 1645 1645 1646 1646 1647 1647 1649 1649 1648 1648 1592 1592 1649 1649 1647 1647 1648 1648 1644 1644 1647 1647 1649 1649 1644 1644 1645 1645 1647 1647 1582 1582 1649 1649 1592 1592 1488 1488 1487 1487 1618 1618 694 694 1617 1617 691 691 1733 1733 1650 1650 1643 1643 1619 1619 1618 1618 1617 1617 1620 1620 1618 1618 1619 1619 1620 1620 1488 1488 1618 1618 1489 1489 1488 1488 1620 1620 676 676 1619 1619 694 694 1627 1627 1856 1856 1638 1638 1627 1627 1631 1631 1854 1854 1487 1487 1614 1614 1616 1616 1617 1617 688 688 691 691 1617 1617 1615 1615 688 688 1618 1618 1615 1615 1617 1617 1618 1618 1616 1616 1615 1615 1618 1618 1487 1487 1616 1616 1631 1631 1627 1627 1839 1839 1655 1655 1721 1721 1731 1731 1656 1656 1721 1721 1607 1607 1656 1656 1743 1743 1721 1721 1657 1657 1607 1607 1550 1550 1657 1657 1550 1550 1658 1658 1657 1657 1743 1743 1656 1656 1845 1845 1869 1869 223 223 1635 1635 1861 1861 1630 1630 1868 1868 1635 1635 1828 1828 1636 1636 1868 1868 1844 1844 1637 1637 1636 1636 1833 1833 1628 1628 1637 1637 1826 1826 1856 1856 1628 1628 1846 1846 1635 1635 1630 1630 1828 1828 1651 1651 1584 1584 1585 1585 1642 1642 1584 1584 1651 1651 1491 1491 1509 1509 1625 1625 1513 1513 1626 1626 1491 1491 1626 1626 1513 1513 1514 1514 1626 1626 1514 1514 810 810 1626 1626 810 810 811 811 1845 1845 223 223 1306 1306 1644 1644 1582 1582 1728 1728 1644 1644 1649 1649 1582 1582 1650 1650 1582 1582 1583 1583 1650 1650 1728 1728 1582 1582 1621 1621 1620 1620 1619 1619 1606 1606 1603 1603 1605 1605 1606 1606 1604 1604 1603 1603 1606 1606 1587 1587 1604 1604 1588 1588 1587 1587 1606 1606 1624 1624 1622 1622 1621 1621 1624 1624 1490 1490 1622 1622 1509 1509 1490 1490 1624 1624 675 675 1623 1623 699 699 1512 1512 1623 1623 675 675 1625 1625 1623 1623 1512 1512 1625 1625 1624 1624 1623 1623 1625 1625 1512 1512 1513 1513 1621 1621 1619 1619 676 676 1605 1605 1603 1603 1602 1602 1622 1622 1620 1620 1621 1621 1622 1622 1489 1489 1620 1620 1490 1490 1489 1489 1622 1622 1623 1623 676 676 699 699 1623 1623 1621 1621 676 676 1624 1624 1621 1621 1623 1623 1173 1173 1170 1170 1172 1172 1168 1168 1170 1170 1173 1173 1177 1177 1168 1168 1173 1173 1175 1175 1171 1171 1174 1174 1175 1175 1172 1172 1171 1171 1176 1176 1172 1172 1175 1175 1176 1176 1173 1173 1172 1172 1861 1861 1829 1829 1634 1634 1868 1868 1828 1828 1844 1844 1636 1636 1844 1844 1833 1833 1637 1637 1833 1833 1826 1826 1628 1628 1826 1826 1846 1846 1638 1638 1846 1846 1839 1839 1856 1856 1846 1846 1638 1638 1627 1627 1638 1638 1839 1839 1632 1632 1854 1854 1631 1631 1867 1867 1632 1632 1633 1633 1629 1629 1845 1845 1829 1829 1629 1629 1869 1869 1845 1845 1634 1634 1829 1829 1630 1630 1861 1861 1634 1634 1630 1630 1207 1207 1203 1203 1206 1206 1861 1861 1629 1629 1829 1829 274 274 1605 1605 291 291 1548 1548 1605 1605 274 274 1548 1548 1606 1606 1605 1605 1549 1549 1606 1606 1548 1548 1549 1549 1588 1588 1606 1606 1607 1607 1588 1588 1549 1549 1608 1608 1549 1549 1574 1574 1608 1608 1607 1607 1549 1549 1625 1625 1509 1509 1624 1624 1625 1625 1513 1513 1491 1491 1605 1605 1602 1602 291 291 988 988 989 989 1271 1271 984 984 985 985 1272 1272 1272 1272 986 986 985 985 1271 1271 1267 1267 1272 1272 1263 1263 982 982 981 981 1273 1273 978 978 977 977 976 976 1273 1273 977 977 1274 1274 1273 1273 976 976 1270 1270 994 994 993 993 1270 1270 993 993 179 179 992 992 991 991 179 179 1271 1271 1267 1267 989 989 1271 1271 987 987 986 986 987 987 988 988 1271 1271 983 983 984 984 1272 1272 1272 1272 1271 1271 986 986 1268 1268 997 997 996 996 995 995 1268 1268 996 996 1268 1268 239 239 248 248 1269 1269 239 239 1268 1268 1269 1269 995 995 994 994 1268 1268 995 995 1269 1269 1270 1270 239 239 1269 1269 1270 1270 1269 1269 994 994 1264 1264 1263 1263 981 981 1264 1264 980 980 979 979 1346 1346 972 972 971 971 179 179 993 993 992 992 1253 1253 1013 1013 1012 1012 1267 1267 991 991 990 990 1263 1263 983 983 982 982 1264 1264 981 981 980 980 1258 1258 1254 1254 1259 1259 1007 1007 1008 1008 1259 1259 1259 1259 1258 1258 1008 1008 1260 1260 1004 1004 1003 1003 1260 1260 1003 1003 1002 1002 1261 1261 1260 1260 1002 1002 1261 1261 1002 1002 1001 1001 1262 1262 1261 1261 1001 1001 1256 1256 1015 1015 1014 1014 1256 1256 1014 1014 1253 1253 1267 1267 990 990 989 989 1257 1257 1254 1254 1010 1010 1257 1257 1009 1009 1008 1008 1009 1009 1010 1010 1257 1257 1257 1257 1254 1254 1258 1258 1258 1258 1257 1257 1008 1008 1255 1255 1021 1021 1020 1020 1255 1255 1020 1020 1019 1019 1255 1255 1019 1019 1018 1018 1252 1252 1018 1018 1017 1017 1252 1252 1255 1255 1018 1018 1256 1256 1252 1252 1017 1017 1256 1256 1017 1017 1016 1016 1256 1256 1016 1016 1015 1015 1281 1281 1280 1280 311 311 1274 1274 1265 1265 1273 1273 1274 1274 976 976 975 975 1274 1274 1266 1266 1265 1265 1274 1274 975 975 974 974 1274 1274 974 974 973 973 1274 1274 973 973 972 972 1346 1346 1274 1274 972 972 8 8 351 351 350 350 1279 1279 315 315 314 314 1280 1280 1279 1279 314 314 1280 1280 314 314 313 313 1280 1280 313 313 312 312 1280 1280 312 312 311 311 348 348 8 8 349 349 295 295 1281 1281 311 311 295 295 311 311 310 310 110 110 319 319 318 318 110 110 318 318 317 317 1278 1278 110 110 317 317 295 295 310 310 296 296 295 295 111 111 1281 1281 1278 1278 317 317 316 316 1279 1279 1278 1278 316 316 1279 1279 316 316 315 315 1579 1579 1578 1578 1577 1577 1580 1580 1578 1578 1579 1579 574 574 1579 1579 572 572 9 9 1275 1275 346 346 1273 1273 979 979 978 978 1273 1273 1265 1265 1264 1264 1273 1273 1264 1264 979 979 10 10 343 343 1276 1276 1277 1277 968 968 341 341 968 968 969 969 1277 1277 351 351 352 352 1277 1277 1277 1277 341 341 352 352 969 969 335 335 1277 1277 294 294 297 297 970 970 970 970 294 294 309 309 1275 1275 8 8 348 348 1275 1275 347 347 346 346 1262 1262 998 998 1420 1420 9 9 345 345 344 344 9 9 346 346 345 345 10 10 9 9 344 344 10 10 344 344 343 343 1276 1276 343 343 342 342 8 8 350 350 349 349 1275 1275 348 348 347 347 1275 1275 9 9 8 8 1276 1276 342 342 336 336 1276 1276 337 337 11 11 1276 1276 336 336 337 337 1276 1276 11 11 10 10 1178 1178 1219 1219 1220 1220 1181 1181 1178 1178 1220 1220 1183 1183 1221 1221 1222 1222 1183 1183 1181 1181 1221 1221 1166 1166 1222 1222 1233 1233 1166 1166 1183 1183 1222 1222 1188 1188 1233 1233 1235 1235 1216 1216 1161 1161 1120 1120 1169 1169 1165 1165 1225 1225 1169 1169 1225 1225 1217 1217 1171 1171 1217 1217 1218 1218 1171 1171 1169 1169 1217 1217 1174 1174 1218 1218 1219 1219 1174 1174 1171 1171 1218 1218 1181 1181 1220 1220 1221 1221 1230 1230 1220 1220 1229 1229 1231 1231 1222 1222 1221 1221 1231 1231 1221 1221 1230 1230 1233 1233 1222 1222 1231 1231 1233 1233 1231 1231 1232 1232 1235 1235 1232 1232 1234 1234 1235 1235 1233 1233 1232 1232 1236 1236 1234 1234 135 135 1217 1217 1225 1225 1226 1226 1227 1227 1218 1218 1217 1217 1227 1227 1217 1217 1226 1226 1228 1228 1219 1219 1218 1218 1228 1228 1218 1218 1227 1227 1205 1205 1245 1245 1247 1247 1207 1207 1204 1204 1203 1203 1197 1197 1192 1192 1194 1194 1197 1197 1194 1194 1196 1196 1199 1199 1196 1196 1195 1195 1199 1199 1195 1195 1198 1198 1200 1200 1197 1197 1196 1196 1200 1200 1196 1196 1199 1199 1202 1202 1198 1198 1201 1201 1202 1202 1199 1199 1198 1198 1198 1198 1242 1242 1223 1223 1198 1198 1195 1195 1242 1242 1201 1201 1223 1223 1245 1245 1201 1201 1198 1198 1223 1223 1229 1229 1220 1220 1219 1219 1205 1205 1201 1201 1245 1245 1208 1208 1205 1205 1247 1247 1208 1208 1247 1247 1249 1249 1188 1188 1166 1166 1233 1233 1190 1190 1235 1235 1236 1236 1190 1190 1236 1236 1238 1238 1190 1190 1188 1188 1235 1235 1167 1167 1238 1238 1240 1240 1167 1167 1190 1190 1238 1238 1195 1195 1240 1240 1242 1242 1195 1195 1167 1167 1240 1240 1178 1178 1174 1174 1219 1219 1249 1249 1248 1248 167 167 1251 1251 1249 1249 1250 1250 1224 1224 1251 1251 1250 1250 1120 1120 1162 1162 1224 1224 1120 1120 1161 1161 1162 1162 1120 1120 91 91 3 3 1120 1120 90 90 91 91 1120 1120 1224 1224 90 90 1243 1243 1223 1223 1242 1242 1223 1223 1243 1243 1244 1244 1244 1244 1245 1245 1223 1223 1245 1245 1244 1244 1246 1246 1248 1248 1245 1245 1246 1246 1247 1247 1245 1245 1248 1248 1250 1250 1249 1249 167 167 1249 1249 1247 1247 1248 1248 1236 1236 1235 1235 1234 1234 1236 1236 135 135 1237 1237 1237 1237 1238 1238 1236 1236 1238 1238 1237 1237 1239 1239 1239 1239 1240 1240 1238 1238 1240 1240 1239 1239 1241 1241 1241 1241 1242 1242 1240 1240 1242 1242 1241 1241 1243 1243 1262 1262 1001 1001 1000 1000 1262 1262 1494 1494 1261 1261 1262 1262 1000 1000 999 999 1262 1262 999 999 998 998 1214 1214 1251 1251 1224 1224 1229 1229 1219 1219 1228 1228 1230 1230 1221 1221 1220 1220 1069 1069 89 89 88 88 1069 1069 1225 1225 1163 1163 1069 1069 88 88 1225 1225 1069 1069 5 5 6 6 1069 1069 1031 1031 5 5 1068 1068 1031 1031 1069 1069 1066 1066 1031 1031 1068 1068 1067 1067 1066 1066 1068 1068 1210 1210 1208 1208 1249 1249 1210 1210 1249 1249 1251 1251 1214 1214 1210 1210 1251 1251 823 823 810 810 824 824 1162 1162 1214 1214 1224 1224 1163 1163 1225 1225 1165 1165 1163 1163 1165 1165 1164 1164 1069 1069 6 6 89 89 1120 1120 3 3 1030 1030 1065 1065 1120 1120 1030 1030 1063 1063 1064 1064 1065 1065 1063 1063 1065 1065 1030 1030 191 191 1005 1005 1004 1004 1253 1253 1014 1014 1013 1013 1254 1254 1011 1011 1010 1010 1260 1260 191 191 1004 1004 273 273 266 266 268 268 276 276 258 258 251 251 275 275 251 251 250 250 240 240 1566 1566 268 268 240 240 271 271 1563 1563 1566 1566 240 240 1563 1563 12 12 297 297 294 294 12 12 298 298 297 297 306 306 295 295 296 296 306 306 296 296 305 305 306 306 0 0 111 111 293 293 1569 1569 1570 1570 293 293 290 290 292 292 275 275 250 250 243 243 273 273 292 292 266 266 273 273 1569 1569 292 292 274 274 291 291 293 293 274 274 293 293 1570 1570 1566 1566 273 273 268 268 290 290 288 288 287 287 291 291 288 288 290 290 291 291 289 289 288 288 266 266 290 290 265 265 291 291 1602 1602 289 289 292 292 290 290 266 266 293 293 291 291 290 290 277 277 251 251 275 275 241 241 283 283 242 242 285 285 283 283 241 241 286 286 283 283 285 285 286 286 284 284 283 283 280 280 1590 1590 278 278 281 281 261 261 242 242 281 281 279 279 261 261 280 280 1593 1593 1590 1590 281 281 280 280 279 279 282 282 280 280 281 281 272 272 1593 1593 280 280 272 272 280 280 282 282 293 293 292 292 1569 1569 278 278 251 251 277 277 278 278 1590 1590 276 276 278 278 276 276 251 251 279 279 275 275 243 243 279 279 277 277 275 275 280 280 277 277 279 279 280 280 278 278 277 277 269 269 267 267 1895 1895 240 240 268 268 267 267 240 240 267 267 269 269 271 271 240 240 270 270 573 573 1563 1563 271 271 337 337 7 7 11 11 340 340 321 321 87 87 321 321 92 92 87 87 321 321 320 320 92 92 338 338 329 329 328 328 339 339 338 338 328 328 339 339 328 328 327 327 339 339 327 327 326 326 325 325 339 339 326 326 339 339 325 325 324 324 339 339 324 324 323 323 340 340 323 323 322 322 337 337 336 336 334 334 340 340 322 322 321 321 337 337 334 334 333 333 337 337 333 333 332 332 337 337 332 332 331 331 338 338 331 331 330 330 338 338 337 337 331 331 338 338 330 330 329 329 1874 1874 1875 1875 1894 1894 1887 1887 1875 1875 1876 1876 1877 1877 1887 1887 1876 1876 1877 1877 1332 1332 1887 1887 1888 1888 246 246 1878 1878 1890 1890 1889 1889 245 245 308 308 300 300 299 299 286 286 1599 1599 284 284 287 287 285 285 241 241 288 288 285 285 287 287 289 289 285 285 288 288 289 289 286 286 285 285 289 289 1599 1599 286 286 290 290 287 287 265 265 289 289 1602 1602 1599 1599 335 335 320 320 969 969 308 308 2 2 307 307 308 308 307 307 301 301 308 308 301 301 300 300 284 284 272 272 282 282 12 12 299 299 298 298 12 12 308 308 299 299 306 306 111 111 295 295 306 306 305 305 304 304 306 306 1 1 0 0 1 1 306 306 303 303 307 307 1 1 303 303 307 307 303 303 302 302 307 307 302 302 301 301 340 340 86 86 339 339 340 340 339 339 323 323 340 340 87 87 86 86 249 249 1345 1345 1350 1350 183 183 231 231 182 182 231 231 225 225 221 221 231 231 228 228 225 225 230 230 108 108 107 107 181 181 226 226 1869 1869 229 229 107 107 106 106 236 236 108 108 230 230 232 232 107 107 229 229 232 232 230 230 107 107 251 251 254 254 256 256 257 257 256 256 255 255 249 249 1350 1350 258 258 234 234 227 227 233 233 251 251 248 248 254 254 250 250 256 256 257 257 258 258 248 248 251 251 250 250 251 251 256 256 1889 1889 252 252 245 245 255 255 252 252 1889 1889 256 256 252 252 255 255 256 256 253 253 252 252 258 258 1350 1350 248 248 256 256 254 254 253 253 246 246 255 255 1889 1889 257 257 255 255 246 246 236 236 230 230 232 232 218 218 216 216 214 214 220 220 103 103 216 216 219 219 105 105 104 104 184 184 235 235 228 228 236 236 1270 1270 179 179 238 238 232 232 239 239 179 179 109 109 236 236 237 237 234 234 233 233 237 237 233 233 235 235 991 991 309 309 110 110 991 991 1267 1267 309 309 235 235 233 233 228 228 241 241 242 242 1873 1873 239 239 232 232 229 229 239 239 229 229 234 234 110 110 179 179 991 991 110 110 109 109 179 179 184 184 231 231 183 183 184 184 228 228 231 231 233 233 227 227 228 228 182 182 226 226 181 181 182 182 221 221 226 226 182 182 231 231 221 221 236 236 109 109 108 108 234 234 229 229 227 227 242 242 262 262 1873 1873 241 241 263 263 247 247 264 264 247 247 1872 1872 287 287 247 247 264 264 287 287 264 264 1872 1872 265 265 1872 1872 1870 1870 265 265 287 287 1872 1872 260 260 243 243 1876 1876 260 260 279 279 243 243 261 261 1874 1874 1897 1897 261 261 279 279 260 260 261 261 260 260 1874 1874 262 262 1897 1897 1873 1873 241 241 1873 1873 263 263 242 242 1897 1897 262 262 259 259 246 246 1876 1876 259 259 257 257 246 246 259 259 250 250 257 257 259 259 1876 1876 243 243 276 276 249 249 258 258 276 276 1590 1590 249 249 259 259 243 243 250 250 260 260 1876 1876 1874 1874 283 283 281 281 242 242 283 283 282 282 281 281 284 284 282 282 283 283 239 239 1270 1270 238 238 287 287 241 241 247 247 245 245 237 237 180 180 252 252 239 239 237 237 252 252 237 237 245 245 253 253 239 239 252 252 254 254 239 239 253 253 254 254 248 248 239 239 238 238 236 236 232 232 185 185 235 235 184 184 185 185 237 237 235 235 1270 1270 236 236 238 238 180 180 237 237 185 185 1890 1890 1879 1879 1889 1889 239 239 234 234 237 237 242 242 261 261 1897 1897 266 266 1870 1870 1892 1892 266 266 265 265 1870 1870 267 267 1892 1892 1895 1895 268 268 1892 1892 267 267 268 268 266 266 1892 1892 269 269 244 244 270 270 269 269 1895 1895 244 244 269 269 270 270 240 240 263 263 1873 1873 247 247 1822 1822 1821 1821 1631 1631 1836 1836 1845 1845 1306 1306 1811 1811 1803 1803 1810 1810 1813 1813 1804 1804 1814 1814 1841 1841 1826 1826 1384 1384 1384 1384 1826 1826 1842 1842 1833 1833 1842 1842 1826 1826 1842 1842 1833 1833 1844 1844 1842 1842 1844 1844 1843 1843 1843 1843 1384 1384 1842 1842 1385 1385 1834 1834 1386 1386 1385 1385 1847 1847 1834 1834 1381 1381 1822 1822 1823 1823 1829 1829 1830 1830 1836 1836 1822 1822 1839 1839 1823 1823 1840 1840 1823 1823 1839 1839 1840 1840 1383 1383 1823 1823 1840 1840 1841 1841 1383 1383 1846 1846 1841 1841 1824 1824 1846 1846 1825 1825 1841 1841 1831 1831 1837 1837 1832 1832 1832 1832 1380 1380 963 963 1832 1832 1820 1820 1380 1380 1832 1832 1837 1837 1820 1820 1837 1837 1632 1632 1821 1821 1837 1837 1821 1821 1820 1820 1863 1863 1378 1378 1377 1377 1857 1857 1375 1375 1374 1374 1849 1849 1374 1374 1373 1373 1849 1849 1373 1373 1372 1372 1859 1859 1636 1636 1637 1637 1860 1860 1372 1372 1371 1371 1844 1844 1827 1827 1847 1847 1840 1840 1839 1839 1824 1824 562 562 1368 1368 1378 1378 1867 1867 421 421 562 562 1867 1867 563 563 421 421 1867 1867 564 564 563 563 1867 1867 420 420 564 564 1838 1838 1381 1381 1820 1820 1838 1838 1821 1821 1822 1822 1840 1840 1824 1824 1841 1841 1841 1841 1825 1825 1826 1826 1835 1835 1829 1829 1834 1834 1836 1836 1834 1834 1829 1829 1836 1836 1387 1387 1834 1834 1845 1845 1836 1836 1830 1830 1843 1843 1844 1844 1847 1847 762 762 742 742 770 770 1834 1834 1847 1847 1828 1828 1835 1835 1834 1834 1828 1828 1835 1835 1828 1828 1630 1630 1803 1803 1801 1801 1810 1810 1815 1815 1816 1816 1807 1807 1816 1816 1817 1817 1798 1798 1817 1817 1818 1818 1798 1798 1799 1799 1808 1808 1818 1818 1808 1808 1799 1799 1809 1809 1819 1819 1308 1308 1307 1307 1819 1819 1307 1307 1811 1811 1812 1812 1814 1814 1804 1804 1802 1802 1809 1809 1801 1801 1810 1810 1801 1801 1473 1473 1803 1803 1499 1499 1802 1802 1803 1803 1802 1802 1801 1801 963 963 1380 1380 1379 1379 1811 1811 1810 1810 1819 1819 1816 1816 1797 1797 1807 1807 1797 1797 1816 1816 1798 1798 1808 1808 1504 1504 1798 1798 1808 1808 1798 1798 1818 1818 1799 1799 1818 1818 1476 1476 1809 1809 1799 1799 1475 1475 1800 1800 1808 1808 1809 1809 1802 1802 1800 1800 1809 1809 1795 1795 1478 1478 1796 1796 1805 1805 1794 1794 1795 1795 1815 1815 1806 1806 1805 1805 1839 1839 1822 1822 1631 1631 1381 1381 1823 1823 1382 1382 1834 1834 1387 1387 1386 1386 1835 1835 1630 1630 1829 1829 1830 1830 1829 1829 1845 1845 1836 1836 1305 1305 1388 1388 1305 1305 1836 1836 1306 1306 1831 1831 964 964 1633 1633 1801 1801 1474 1474 1473 1473 1811 1811 1307 1307 1803 1803 1837 1837 1633 1633 1632 1632 1820 1820 1381 1381 1380 1380 1821 1821 1632 1632 1631 1631 1864 1864 1856 1856 1627 1627 1823 1823 1383 1383 1382 1382 1824 1824 1839 1839 1846 1846 1825 1825 1846 1846 1826 1826 1847 1847 1385 1385 1843 1843 1812 1812 1480 1480 1814 1814 1813 1813 1484 1484 1804 1804 1836 1836 1388 1388 1387 1387 1831 1831 965 965 964 964 1831 1831 966 966 965 965 1831 1831 967 967 966 966 1831 1831 963 963 967 967 1866 1866 1853 1853 1852 1852 1874 1874 1894 1894 1897 1897 1881 1881 559 559 558 558 1881 1881 560 560 559 559 1881 1881 561 561 560 560 1881 1881 558 558 1891 1891 1881 1881 1326 1326 1325 1325 1881 1881 1325 1325 561 561 1886 1886 1331 1331 1330 1330 1891 1891 244 244 1895 1895 1866 1866 1852 1852 1851 1851 1853 1853 1861 1861 1852 1852 1864 1864 1376 1376 1375 1375 1885 1885 247 247 1873 1873 1866 1866 1369 1369 1853 1853 1869 1869 1862 1862 1283 1283 1891 1891 557 557 244 244 1891 1891 558 558 557 557 1896 1896 1892 1892 1882 1882 1883 1883 1871 1871 1872 1872 1893 1893 1897 1897 1894 1894 1887 1887 1894 1894 1875 1875 1888 1888 1877 1877 1876 1876 1878 1878 1877 1877 1888 1888 1889 1889 1879 1879 1878 1878 1859 1859 1865 1865 1860 1860 1883 1883 1328 1328 1327 1327 1896 1896 1881 1881 1892 1892 1884 1884 1883 1883 1872 1872 1886 1886 1330 1330 1884 1884 1886 1886 1884 1884 1885 1885 1873 1873 1886 1886 1885 1885 1893 1893 1886 1886 1873 1873 1897 1897 1893 1893 1873 1873 1886 1886 1893 1893 1894 1894 1886 1886 1894 1894 1331 1331 1895 1895 1892 1892 1881 1881 1870 1870 1882 1882 1892 1892 1870 1870 1871 1871 1882 1882 562 562 1863 1863 1867 1867 1883 1883 1327 1327 1882 1882 1883 1883 1882 1882 1871 1871 1883 1883 1329 1329 1328 1328 1883 1883 1884 1884 1329 1329 1890 1890 1880 1880 1879 1879 1895 1895 1881 1881 1891 1891 1881 1881 1896 1896 1326 1326 1882 1882 1327 1327 1896 1896 1871 1871 1870 1870 1872 1872 1885 1885 1884 1884 1872 1872 1885 1885 1872 1872 247 247 1884 1884 1330 1330 1329 1329 1855 1855 1864 1864 1627 1627 1858 1858 1637 1637 1628 1628 1858 1858 1628 1628 1849 1849 1865 1865 1858 1858 1849 1849 1865 1865 1849 1849 1372 1372 1865 1865 1372 1372 1860 1860 1859 1859 1860 1860 1868 1868 1859 1859 1868 1868 1636 1636 1867 1867 1863 1863 1848 1848 1854 1854 1855 1855 1627 1627 1863 1863 1855 1855 1854 1854 1863 1863 1376 1376 1855 1855 1864 1864 1855 1855 1376 1376 1849 1849 1628 1628 1856 1856 1864 1864 1375 1375 1857 1857 1857 1857 1374 1374 1849 1849 1850 1850 1371 1371 1370 1370 1851 1851 1370 1370 1369 1369 1852 1852 1861 1861 1635 1635 1853 1853 1369 1369 1283 1283 1862 1862 1869 1869 1629 1629 1283 1283 1862 1862 1853 1853 1831 1831 1832 1832 963 963 1831 1831 1633 1633 1837 1837 1848 1848 1854 1854 1867 1867 1863 1863 1377 1377 1376 1376 1858 1858 1859 1859 1637 1637 562 562 1378 1378 1863 1863 1875 1875 1874 1874 1876 1876 1888 1888 1876 1876 246 246 1878 1878 246 246 1889 1889 1878 1878 1879 1879 1877 1877 1890 1890 245 245 180 180 1282 1282 1890 1890 180 180 1282 1282 1880 1880 1890 1890 1862 1862 1629 1629 1861 1861 1848 1848 1863 1863 1854 1854 1856 1856 1864 1864 1857 1857 1857 1857 1849 1849 1856 1856 189 189 217 217 213 213 1858 1858 1865 1865 1859 1859 1821 1821 1838 1838 1820 1820 1838 1838 1822 1822 1381 1381 1860 1860 1371 1371 1850 1850 1860 1860 1850 1850 1868 1868 1868 1868 1852 1852 1635 1635 1868 1868 1851 1851 1852 1852 1868 1868 1850 1850 1851 1851 1851 1851 1850 1850 1370 1370 1866 1866 1851 1851 1369 1369 1853 1853 1862 1862 1861 1861 109 109 1278 1278 108 108 309 309 319 319 110 110 337 337 89 89 7 7 120 120 1225 1225 88 88 338 338 89 89 337 337 338 338 88 88 89 89 120 120 1226 1226 1225 1225 107 107 112 112 106 106 119 119 1279 1279 116 116 119 119 1278 1278 1279 1279 108 108 119 119 118 118 108 108 118 118 107 107 108 108 1278 1278 119 119 92 92 320 320 335 335 109 109 110 110 1278 1278 105 105 112 112 113 113 1280 1280 116 116 1279 1279 118 118 117 117 114 114 118 118 116 116 117 117 118 118 114 114 112 112 106 106 112 112 105 105 119 119 116 116 118 118 107 107 118 118 112 112 22 22 82 82 83 83 40 40 34 34 85 85 39 39 38 38 33 33 34 34 80 80 72 72 33 33 78 78 79 79 34 34 79 79 80 80 32 32 81 81 82 82 33 33 38 38 78 78 21 21 75 75 20 20 21 21 83 83 75 75 36 36 1062 1062 1060 1060 36 36 1060 1060 35 35 82 82 81 81 77 77 82 82 74 74 83 83 20 20 76 76 19 19 20 20 75 75 76 76 111 111 3 3 91 91 34 34 72 72 84 84 35 35 1060 1060 1058 1058 38 38 1058 1058 78 78 19 19 76 76 69 69 19 19 67 67 18 18 83 83 74 74 75 75 84 84 72 72 73 73 1058 1058 1056 1056 78 78 81 81 73 73 77 77 81 81 84 84 73 73 82 82 77 77 74 74 92 92 335 335 1277 1277 145 145 1241 1241 1239 1239 126 126 122 122 124 124 124 124 120 120 339 339 128 128 1230 1230 125 125 121 121 1226 1226 120 120 339 339 88 88 338 338 339 339 120 120 88 88 122 122 1227 1227 1226 1226 122 122 1226 1226 121 121 123 123 1228 1228 1227 1227 123 123 1227 1227 122 122 124 124 121 121 120 120 146 146 134 134 141 141 126 126 123 123 122 122 96 96 141 141 136 136 96 96 136 136 95 95 146 146 142 142 137 137 139 139 135 135 143 143 153 153 144 144 138 138 149 149 138 138 140 140 141 141 134 134 131 131 95 95 133 133 94 94 95 95 136 136 133 133 143 143 135 135 132 132 143 143 132 132 144 144 145 145 1237 1237 139 139 128 128 1231 1231 1230 1230 112 112 114 114 113 113 105 105 113 113 115 115 105 105 115 115 104 104 116 116 1280 1280 117 117 130 130 1231 1231 127 127 93 93 87 87 92 92 134 134 126 126 124 124 134 134 124 124 131 131 138 138 127 127 128 128 133 133 87 87 93 93 132 132 1234 1234 1232 1232 132 132 1232 1232 130 130 22 22 32 32 82 82 129 129 123 123 126 126 129 129 125 125 123 123 131 131 124 124 339 339 127 127 1231 1231 128 128 86 86 131 131 339 339 128 128 125 125 129 129 130 130 1232 1232 1231 1231 124 124 122 122 121 121 125 125 1228 1228 123 123 125 125 1229 1229 1228 1228 125 125 1230 1230 1229 1229 27 27 42 42 41 41 59 59 1043 1043 1041 1041 57 57 50 50 51 51 55 55 1039 1039 58 58 56 56 52 52 2 2 56 56 2 2 54 54 23 23 32 32 22 22 44 44 37 37 42 42 26 26 41 41 25 25 43 43 8 8 9 9 43 43 9 9 37 37 43 43 37 37 44 44 12 12 294 294 309 309 59 59 1041 1041 55 55 1548 1548 274 274 1560 1560 1548 1548 1560 1560 1572 1572 1572 1572 1561 1561 1573 1573 42 42 37 37 39 39 42 42 33 33 41 41 11 11 89 89 6 6 25 25 40 40 24 24 89 89 11 11 7 7 1566 1566 1555 1555 273 273 1557 1557 273 273 1556 1556 1569 1569 1557 1557 1558 1558 1570 1570 1558 1558 1559 1559 62 62 1045 1045 63 63 64 64 67 67 57 57 68 68 59 59 58 58 15 15 56 56 54 54 15 15 60 60 56 56 61 61 53 53 67 67 65 65 1047 1047 62 62 65 65 1049 1049 1047 1047 60 60 57 57 51 51 61 61 58 58 53 53 54 54 14 14 15 15 67 67 53 53 57 57 62 62 1047 1047 1045 1045 1559 1559 1558 1558 729 729 59 59 55 55 58 58 68 68 58 58 61 61 58 58 49 49 53 53 13 13 54 54 12 12 53 53 50 50 57 57 63 63 1045 1045 1043 1043 63 63 1043 1043 59 59 14 14 54 54 13 13 60 60 51 51 52 52 60 60 52 52 56 56 25 25 41 41 40 40 53 53 49 49 48 48 66 66 63 63 59 59 75 75 71 71 68 68 75 75 68 68 76 76 72 72 1052 1052 1051 1051 66 66 59 59 71 71 17 17 64 64 60 60 17 17 60 60 16 16 76 76 68 68 61 61 76 76 61 61 69 69 73 73 65 65 62 62 73 73 62 62 70 70 65 65 1051 1051 1049 1049 66 66 62 62 63 63 18 18 67 67 64 64 71 71 59 59 68 68 16 16 60 60 15 15 72 72 1051 1051 65 65 69 69 61 61 67 67 70 70 62 62 66 66 35 35 1058 1058 38 38 5 5 1062 1062 36 36 85 85 81 81 32 32 85 85 84 84 81 81 33 33 79 79 34 34 85 85 34 34 84 84 22 22 83 83 21 21 75 75 74 74 71 71 274 274 1570 1570 1559 1559 1560 1560 1559 1559 729 729 1560 1560 274 274 1559 1559 52 52 47 47 307 307 1517 1517 1516 1516 1532 1532 1531 1531 665 665 658 658 1547 1547 665 665 1531 1531 1553 1553 1563 1563 1552 1552 1554 1554 1566 1566 1553 1553 1555 1555 1566 1566 1554 1554 1555 1555 1556 1556 273 273 80 80 1052 1052 72 72 145 145 1239 1239 1237 1237 72 72 65 65 73 73 73 73 70 70 77 77 78 78 1054 1054 79 79 78 78 1056 1056 1054 1054 79 79 1052 1052 80 80 19 19 69 69 67 67 79 79 1054 1054 1052 1052 77 77 70 70 66 66 74 74 66 66 71 71 74 74 77 77 66 66 18 18 64 64 17 17 194 194 93 93 192 192 193 193 95 95 94 94 194 194 192 192 191 191 195 195 193 193 194 194 196 196 95 95 193 193 196 196 193 193 195 195 200 200 97 97 96 96 1260 1260 194 194 191 191 197 197 96 96 95 95 1006 1006 1277 1277 1259 1259 1005 1005 92 92 1006 1006 1005 1005 93 93 92 92 192 192 93 93 1005 1005 202 202 196 196 198 198 194 194 94 94 93 93 191 191 192 192 1005 1005 193 193 94 94 194 194 187 187 207 207 209 209 187 187 209 209 186 186 214 214 102 102 101 101 215 215 211 211 213 213 188 188 207 207 187 187 188 188 212 212 207 207 216 216 102 102 214 214 215 215 214 214 211 211 212 212 205 205 207 207 202 202 197 197 196 196 178 178 176 176 172 172 1280 1280 177 177 173 173 1224 1224 1250 1250 177 177 173 173 167 167 163 163 173 173 163 163 170 170 170 170 166 166 174 174 175 175 169 169 171 171 102 102 168 168 101 101 102 102 171 171 168 168 177 177 167 167 173 173 201 201 1260 1260 1261 1261 201 201 198 198 1260 1260 211 211 208 208 210 210 203 203 199 199 200 200 204 204 203 203 200 200 204 204 200 200 197 197 204 204 197 197 202 202 205 205 98 98 199 199 197 197 95 95 196 196 197 197 200 200 96 96 198 198 194 194 1260 1260 198 198 195 195 194 194 199 199 97 97 200 200 199 199 98 98 97 97 198 198 196 196 195 195 226 226 218 218 223 223 228 228 220 220 225 225 1869 1869 226 226 223 223 228 228 224 224 220 220 229 229 106 106 227 227 228 228 227 227 224 224 224 224 219 219 220 220 1306 1306 215 215 190 190 225 225 216 216 221 221 225 225 220 220 216 216 106 106 105 105 222 222 223 223 215 215 1306 1306 226 226 221 221 218 218 227 227 219 219 224 224 215 215 213 213 217 217 220 220 104 104 103 103 190 190 217 217 189 189 190 190 215 215 217 217 220 220 219 219 104 104 221 221 216 216 218 218 223 223 218 218 215 215 222 222 105 105 219 219 216 216 103 103 102 102 189 189 212 212 188 188 218 218 214 214 215 215 189 189 213 213 212 212 1307 1307 209 209 202 202 212 212 210 210 206 206 186 186 209 209 1307 1307 211 211 101 101 208 208 213 213 210 210 212 212 214 214 101 101 211 211 213 213 211 211 210 210 210 210 100 100 99 99 210 210 99 99 206 206 1307 1307 198 198 201 201 1307 1307 202 202 198 198 210 210 208 208 100 100 207 207 205 205 203 203 1280 1280 1224 1224 177 177 212 212 206 206 205 205 205 205 199 199 203 203 201 201 1494 1494 1496 1496 201 201 1261 1261 1494 1494 205 205 99 99 98 98 206 206 99 99 205 205 207 207 203 203 204 204 209 209 204 204 202 202 209 209 207 207 204 204 227 227 222 222 219 219 227 227 106 106 222 222 152 152 140 140 142 142 158 158 147 147 145 145 155 155 1243 1243 151 151 155 155 1244 1244 1243 1243 156 156 149 149 140 140 156 156 140 140 152 152 158 158 151 151 147 147 150 150 143 143 157 157 150 150 154 154 139 139 150 150 139 139 143 143 157 157 144 144 153 153 157 157 143 143 144 144 152 152 142 142 148 148 158 158 145 145 154 154 98 98 148 148 146 146 98 98 146 146 97 97 147 147 1241 1241 145 145 148 148 142 142 146 146 149 149 153 153 138 138 97 97 146 146 141 141 97 97 141 141 96 96 151 151 1243 1243 1241 1241 151 151 1241 1241 147 147 154 154 145 145 139 139 169 169 172 172 158 158 177 177 1250 1250 167 167 140 140 138 138 128 128 146 146 137 137 134 134 142 142 128 128 129 129 144 144 130 130 138 138 144 144 132 132 130 130 137 137 129 129 134 134 140 140 128 128 142 142 137 137 142 142 129 129 139 139 1237 1237 135 135 141 141 131 131 136 136 129 129 126 126 134 134 138 138 130 130 127 127 133 133 86 86 87 87 176 176 174 174 161 161 94 94 133 133 93 93 135 135 1234 1234 132 132 136 136 131 131 86 86 136 136 86 86 133 133 156 156 153 153 149 149 99 99 152 152 148 148 99 99 148 148 98 98 161 161 151 151 158 158 159 159 1246 1246 1244 1244 159 159 1244 1244 155 155 160 160 153 153 156 156 156 156 152 152 99 99 117 117 1280 1280 173 173 163 163 1246 1246 159 159 163 163 1248 1248 1246 1246 164 164 153 153 160 160 164 164 157 157 153 153 113 113 174 174 115 115 104 104 115 115 178 178 104 104 178 178 103 103 111 111 90 90 1281 1281 113 113 114 114 174 174 111 111 91 91 90 90 1272 1272 309 309 1267 1267 1006 1006 92 92 1277 1277 99 99 160 160 156 156 117 117 173 173 170 170 117 117 170 170 114 114 115 115 176 176 178 178 115 115 174 174 176 176 1280 1280 90 90 1224 1224 103 103 178 178 175 175 1281 1281 90 90 1280 1280 102 102 175 175 171 171 114 114 170 170 174 174 178 178 169 169 175 175 178 178 172 172 169 169 103 103 175 175 102 102 176 176 161 161 172 172 171 171 165 165 162 162 171 171 162 162 168 168 101 101 164 164 208 208 101 101 168 168 164 164 171 171 169 169 165 165 164 164 100 100 208 208 164 164 160 160 100 100 169 169 154 154 165 165 169 169 158 158 154 154 170 170 163 163 159 159 170 170 159 159 166 166 174 174 166 166 161 161 1828 1828 1847 1847 1827 1827 164 164 162 162 157 157 100 100 160 160 99 99 165 165 154 154 162 162 166 166 155 155 161 161 166 166 159 159 155 155 167 167 1248 1248 163 163 172 172 161 161 158 158 168 168 162 162 164 164 161 161 155 155 151 151 162 162 154 154 150 150 162 162 150 150 157 157 401 401 555 555 552 552 408 408 554 554 555 555 409 409 556 556 410 410 555 555 551 551 548 548 555 555 548 548 552 552 695 695 692 692 721 721 694 694 691 691 690 690 701 701 723 723 725 725 556 556 546 546 554 554 556 556 550 550 546 546 554 554 551 551 555 555 401 401 400 400 555 555 401 401 552 552 402 402 408 408 1589 1589 554 554 552 552 548 548 544 544 679 679 698 698 678 678 678 678 698 698 700 700 700 700 698 698 697 697 700 700 697 697 723 723 699 699 676 676 698 698 698 698 676 676 696 696 698 698 696 696 695 695 702 702 677 677 725 725 702 702 1535 1535 677 677 701 701 677 677 678 678 675 675 699 699 679 679 538 538 532 532 526 526 540 540 528 528 535 535 540 540 534 534 528 528 545 545 529 529 536 536 545 545 411 411 529 529 541 541 536 536 530 530 546 546 530 530 531 531 546 546 531 531 537 537 542 542 537 537 532 532 536 536 517 517 530 530 530 530 524 524 531 531 537 537 525 525 532 532 537 537 531 531 525 525 679 679 699 699 698 698 538 538 526 526 533 533 539 539 527 527 534 534 539 539 533 533 527 527 409 409 571 571 553 553 409 409 553 553 550 550 676 676 693 693 696 696 696 696 693 693 695 695 695 695 693 693 692 692 409 409 550 550 556 556 556 556 1589 1589 410 410 408 408 555 555 400 400 546 546 542 542 547 547 681 681 716 716 674 674 682 682 674 674 673 673 657 657 1515 1515 670 670 670 670 702 702 669 669 663 663 659 659 657 657 686 686 718 718 671 671 685 685 683 683 684 684 684 684 683 683 682 682 684 684 682 682 680 680 683 683 1612 1612 1609 1609 684 684 680 680 672 672 683 683 1609 1609 681 681 680 680 682 682 673 673 551 551 547 547 543 543 551 551 543 543 548 548 552 552 544 544 549 549 598 598 587 587 1577 1577 598 598 1577 1577 642 642 631 631 592 592 1524 1524 631 631 600 600 592 592 1538 1538 628 628 599 599 683 683 681 681 674 674 689 689 686 686 671 671 688 688 1612 1612 685 685 553 553 571 571 545 545 701 701 725 725 677 677 701 701 678 678 700 700 701 701 700 700 723 723 711 711 1252 1252 710 710 552 552 549 549 403 403 710 710 1252 1252 1472 1472 710 710 1472 1472 703 703 721 721 692 692 706 706 692 692 671 671 1700 1700 671 671 718 718 705 705 552 552 403 403 402 402 553 553 541 541 550 550 545 545 580 580 411 411 553 553 545 545 541 541 554 554 546 546 547 547 554 554 547 547 551 551 549 549 404 404 403 403 549 549 540 540 404 404 545 545 571 571 580 580 550 550 541 541 546 546 1515 1515 1535 1535 702 702 702 702 670 670 1515 1515 683 683 674 674 682 682 681 681 1609 1609 716 716 513 513 499 499 506 506 523 523 395 395 396 396 523 523 515 515 395 395 508 508 509 509 516 516 517 517 501 501 502 502 517 517 502 502 510 510 518 518 503 503 511 511 518 518 510 510 503 503 519 519 511 511 504 504 519 519 504 504 512 512 520 520 505 505 513 513 520 520 512 512 505 505 513 513 505 505 499 499 522 522 507 507 515 515 514 514 500 500 507 507 514 514 506 506 500 500 515 515 394 394 395 395 515 515 507 507 394 394 508 508 583 583 573 573 516 516 509 509 501 501 509 509 488 488 501 501 501 501 495 495 502 502 510 510 502 502 496 496 510 510 496 496 503 503 511 511 503 503 497 497 508 508 271 271 487 487 502 502 490 490 496 496 502 502 495 495 490 490 503 503 491 491 497 497 503 503 496 496 491 491 504 504 497 497 492 492 498 498 492 492 485 485 498 498 485 485 493 493 499 499 493 493 486 486 499 499 486 486 494 494 500 500 494 494 392 392 500 500 392 392 393 393 508 508 573 573 271 271 511 511 497 497 504 504 487 487 473 473 488 488 488 488 481 481 489 489 495 495 482 482 490 490 495 495 489 489 482 482 496 496 483 483 491 491 496 496 490 490 483 483 497 497 484 484 492 492 497 497 491 491 484 484 521 521 513 513 506 506 521 521 506 506 514 514 522 522 514 514 507 507 547 547 538 538 543 543 529 529 411 411 583 583 517 517 510 510 518 518 524 524 518 518 511 511 524 524 511 511 519 519 525 525 519 519 512 512 525 525 512 512 520 520 526 526 520 520 513 513 526 526 513 513 521 521 527 527 521 521 514 514 545 545 536 536 541 541 541 541 530 530 546 546 546 546 537 537 542 542 529 529 508 508 516 516 547 547 542 542 538 538 548 548 543 543 539 539 548 548 539 539 544 544 549 549 544 544 540 540 542 542 532 532 538 538 543 543 538 538 533 533 543 543 533 533 539 539 544 544 539 539 534 534 544 544 534 534 540 540 405 405 404 404 540 540 405 405 540 540 535 535 530 530 517 517 518 518 512 512 504 504 498 498 512 512 498 498 505 505 533 533 521 521 527 527 534 534 527 527 522 522 534 534 522 522 528 528 535 535 528 528 523 523 535 535 398 398 406 406 535 535 406 406 405 405 535 535 523 523 398 398 529 529 516 516 536 536 536 536 516 516 517 517 530 530 518 518 524 524 688 688 685 685 687 687 531 531 524 524 519 519 531 531 519 519 525 525 532 532 525 525 520 520 532 532 520 520 526 526 533 533 526 526 521 521 527 527 514 514 522 522 528 528 515 515 523 523 528 528 522 522 515 515 398 398 523 523 396 396 398 398 396 396 397 397 529 529 583 583 508 508 625 625 653 653 650 650 628 628 605 605 601 601 626 626 632 632 602 602 626 626 629 629 632 632 653 653 632 632 629 629 651 651 652 652 593 593 651 651 638 638 630 630 653 653 636 636 635 635 653 653 635 635 632 632 625 625 636 636 653 653 650 650 627 627 621 621 625 625 645 645 623 623 650 650 645 645 625 625 629 629 650 650 653 653 652 652 622 622 624 624 652 652 651 651 622 622 626 626 602 602 621 621 626 626 621 621 627 627 650 650 618 618 645 645 650 650 621 621 618 618 649 649 623 623 617 617 649 649 643 643 646 646 649 649 617 617 643 643 620 620 624 624 622 622 628 628 624 624 620 620 628 628 620 620 648 648 631 631 1524 1524 1523 1523 641 641 596 596 590 590 641 641 597 597 596 596 634 634 603 603 1521 1521 634 634 1521 1521 1538 1538 638 638 593 593 606 606 637 637 635 635 636 636 638 638 1520 1520 1537 1537 638 638 1537 1537 586 586 638 638 606 606 605 605 638 638 605 605 1520 1520 652 652 601 601 593 593 652 652 624 624 601 601 587 587 611 611 1579 1579 632 632 633 633 602 602 631 631 1521 1521 603 603 631 631 1523 1523 1521 1521 634 634 1538 1538 599 599 634 634 599 599 603 603 621 621 602 602 615 615 623 623 649 649 654 654 630 630 654 654 649 649 625 625 623 623 654 654 628 628 601 601 624 624 629 629 626 626 650 650 585 585 633 633 635 635 646 646 651 651 630 630 646 646 630 630 649 649 646 646 647 647 651 651 604 604 625 625 654 654 636 636 625 625 604 604 638 638 655 655 630 630 635 635 633 633 632 632 655 655 1533 1533 639 639 655 655 586 586 1534 1534 655 655 1534 1534 1533 1533 655 655 638 638 586 586 585 585 667 667 633 633 616 616 598 598 645 645 585 585 635 635 637 637 689 689 687 687 686 686 690 690 687 687 689 689 690 690 688 688 687 687 691 691 688 688 690 690 693 693 689 689 671 671 693 693 671 671 692 692 693 693 690 690 689 689 694 694 690 690 693 693 686 686 672 672 718 718 685 685 1612 1612 683 683 662 662 666 666 667 667 587 587 598 598 611 611 645 645 598 598 642 642 643 643 613 613 614 614 647 647 646 646 643 643 647 647 614 614 619 619 648 648 620 620 644 644 615 615 618 618 621 621 661 661 660 660 664 664 661 661 664 664 666 666 661 661 666 666 668 668 668 668 656 656 665 665 662 662 668 668 666 666 640 640 1577 1577 608 608 663 663 662 662 667 667 662 662 663 663 657 657 665 665 1547 1547 660 660 661 661 665 665 660 660 665 665 661 661 668 668 663 663 585 585 1516 1516 662 662 656 656 668 668 663 663 667 667 585 585 657 657 656 656 662 662 663 663 1516 1516 659 659 1577 1577 640 640 642 642 607 607 636 636 604 604 583 583 411 411 576 576 584 584 577 577 1552 1552 575 575 574 574 578 578 589 589 609 609 1561 1561 589 589 1561 1561 1571 1571 608 608 1575 1575 1573 1573 608 608 1577 1577 1575 1575 608 608 1573 1573 591 591 597 597 610 610 609 609 611 611 572 572 1579 1579 641 641 590 590 592 592 607 607 654 654 639 639 580 580 574 574 575 575 1532 1532 636 636 607 607 607 607 1533 1533 1532 1532 637 637 1516 1516 585 585 594 594 595 595 1560 1560 594 594 1560 1560 588 588 589 589 1571 1571 595 595 603 603 599 599 600 600 603 603 600 600 631 631 654 654 630 630 655 655 654 654 655 655 639 639 605 605 1538 1538 1520 1520 575 575 578 578 579 579 687 687 685 685 684 684 593 593 601 601 605 605 638 638 651 651 593 593 595 595 1571 1571 1560 1560 1552 1552 573 573 583 583 588 588 1560 1560 729 729 609 609 589 589 596 596 592 592 588 588 729 729 592 592 590 590 588 588 592 592 729 729 1524 1524 643 643 608 608 591 591 592 592 600 600 648 648 687 687 684 684 686 686 581 581 575 575 579 579 581 581 576 576 575 575 575 575 411 411 580 580 576 576 581 581 582 582 576 576 411 411 575 575 576 576 582 582 584 584 583 583 576 576 584 584 1589 1589 556 556 554 554 578 578 574 574 572 572 580 580 1580 1580 574 574 580 580 571 571 1580 1580 612 612 597 597 641 641 647 647 643 643 614 614 618 618 616 616 645 645 618 618 615 615 616 616 616 616 611 611 598 598 578 578 572 572 611 611 578 578 611 611 616 616 614 614 610 610 612 612 614 614 613 613 610 610 644 644 641 641 648 648 644 644 612 612 641 641 616 616 615 615 578 578 612 612 610 610 597 597 614 614 612 612 619 619 643 643 591 591 613 613 643 643 617 617 640 640 643 643 640 640 608 608 613 613 609 609 610 610 642 642 640 640 617 617 641 641 592 592 648 648 639 639 1533 1533 607 607 637 637 636 636 1516 1516 1516 1516 636 636 1532 1532 667 667 602 602 633 633 667 667 666 666 602 602 619 619 644 644 620 620 686 686 684 684 672 672 605 605 628 628 1538 1538 606 606 593 593 605 605 607 607 604 604 654 654 595 595 596 596 589 589 1573 1573 609 609 591 591 1573 1573 1561 1561 609 609 590 590 594 594 588 588 596 596 595 595 594 594 596 596 594 594 590 590 613 613 591 591 609 609 602 602 666 666 581 581 516 516 501 501 517 517 623 623 645 645 642 642 623 623 642 642 617 617 622 622 619 619 620 620 622 622 651 651 647 647 622 622 647 647 619 619 648 648 599 599 628 628 648 648 600 600 599 599 619 619 612 612 644 644 579 579 602 602 581 581 579 579 615 615 602 602 579 579 578 578 615 615 440 440 435 435 432 432 449 449 439 439 444 444 450 450 444 444 440 440 443 443 434 434 439 439 443 443 438 438 434 434 444 444 439 439 435 435 444 444 435 435 440 440 445 445 436 436 441 441 445 445 440 440 436 436 446 446 437 437 442 442 446 446 441 441 437 437 439 439 434 434 431 431 439 439 431 431 435 435 440 440 432 432 436 436 449 449 443 443 439 439 441 441 433 433 437 437 441 441 436 436 433 433 442 442 380 380 379 379 442 442 437 437 380 380 436 436 432 432 429 429 436 436 429 429 433 433 437 437 381 381 380 380 437 437 433 433 381 381 438 438 417 417 430 430 438 438 430 430 434 434 438 438 418 418 417 417 438 438 419 419 418 418 460 460 449 449 455 455 427 427 416 416 423 423 428 428 424 424 426 426 429 429 383 383 382 382 429 429 426 426 383 383 430 430 417 417 427 427 431 431 427 427 425 425 431 431 425 425 428 428 1801 1801 1475 1475 1474 1474 1801 1801 1809 1809 1475 1475 425 425 422 422 424 424 425 425 423 423 422 422 426 426 424 424 384 384 426 426 384 384 383 383 427 427 423 423 425 425 460 460 454 454 449 449 1804 1804 1484 1484 1483 1483 1814 1814 1480 1480 1479 1479 1813 1813 1794 1794 1484 1484 1796 1796 1478 1478 1477 1477 1796 1796 1477 1477 1816 1816 1798 1798 1504 1504 1797 1797 1818 1818 1817 1817 1476 1476 1799 1799 1476 1476 1475 1475 447 447 379 379 378 378 447 447 442 442 379 379 448 448 438 438 443 443 448 448 412 412 419 419 448 448 419 419 438 438 769 769 761 761 743 743 453 453 447 447 378 378 413 413 412 412 448 448 475 475 462 462 469 469 476 476 463 463 470 470 476 476 469 469 463 463 764 764 763 763 791 791 477 477 464 464 471 471 477 477 470 470 464 464 478 478 471 471 465 465 501 501 489 489 495 495 479 479 389 389 390 390 472 472 388 388 389 389 472 472 465 465 388 388 453 453 378 378 377 377 769 769 743 743 789 789 762 762 791 791 763 763 761 761 741 741 743 743 789 789 743 743 730 730 777 777 772 772 771 771 746 746 798 798 768 768 794 794 744 744 745 745 794 794 745 745 761 761 770 770 742 742 776 776 793 793 790 790 767 767 793 793 767 767 792 792 792 792 788 788 768 768 754 754 787 787 788 788 466 466 413 413 448 448 461 461 455 455 450 450 461 461 450 450 456 456 462 462 451 451 457 457 462 462 456 456 451 451 463 463 457 457 452 452 463 463 452 452 458 458 458 458 452 452 447 447 458 458 447 447 453 453 459 459 377 377 376 376 459 459 376 376 387 387 459 459 453 453 377 377 466 466 244 244 413 413 466 466 448 448 454 454 428 428 425 425 424 424 454 454 448 448 443 443 454 454 443 443 449 449 455 455 444 444 450 450 455 455 449 449 444 444 456 456 445 445 451 451 456 456 450 450 445 445 457 457 446 446 452 452 457 457 451 451 446 446 450 450 440 440 445 445 451 451 445 445 441 441 451 451 441 441 446 446 452 452 446 446 442 442 452 452 442 442 447 447 785 785 735 735 748 748 1819 1819 1810 1810 1308 1308 1481 1481 1812 1812 1804 1804 777 777 795 795 780 780 797 797 786 786 734 734 797 797 775 775 786 786 780 780 779 779 782 782 781 781 785 785 782 782 798 798 801 801 733 733 798 798 747 747 799 799 798 798 733 733 775 775 778 778 660 660 1547 1547 786 786 727 727 734 734 785 785 781 781 734 734 1807 1807 1797 1797 1485 1485 785 785 734 734 735 735 748 748 782 782 785 785 748 748 780 780 782 782 748 748 783 783 780 780 781 781 797 797 734 734 759 759 1557 1557 1568 1568 755 755 731 731 740 740 755 755 1556 1556 1567 1567 755 755 1568 1568 1556 1556 755 755 741 741 1568 1568 755 755 740 740 741 741 754 754 739 739 787 787 787 787 739 739 753 753 775 775 768 768 798 798 791 791 770 770 773 773 792 792 768 768 775 775 792 792 775 775 797 797 772 772 794 794 761 761 772 772 761 761 769 769 772 772 769 769 771 771 791 791 766 766 770 770 746 746 765 765 791 791 664 664 776 776 742 742 664 664 742 742 666 666 778 778 773 773 776 776 778 778 774 774 773 773 796 796 772 772 777 777 760 760 754 754 788 788 795 795 777 777 771 771 795 795 771 771 790 790 778 778 1547 1547 747 747 781 781 782 782 779 779 660 660 776 776 664 664 660 660 778 778 776 776 783 783 777 777 780 780 779 779 780 780 795 795 779 779 795 795 797 797 1815 1815 1805 1805 1796 1796 1815 1815 1796 1796 1816 1816 1807 1807 1806 1806 1815 1815 1807 1807 1485 1485 1806 1806 422 422 386 386 385 385 759 759 1558 1558 1557 1557 792 792 767 767 788 788 768 768 788 788 765 765 424 424 385 385 384 384 424 424 422 422 385 385 1793 1793 1789 1789 1788 1788 1793 1793 1776 1776 1790 1790 1790 1790 1786 1786 1666 1666 1777 1777 1786 1786 1776 1776 1786 1786 1777 1777 1791 1791 1786 1786 1791 1791 1778 1778 386 386 420 420 964 964 414 414 420 420 386 386 1783 1783 1792 1792 1770 1770 422 422 414 414 386 386 423 423 415 415 414 414 423 423 414 414 422 422 423 423 416 416 415 415 432 432 428 428 426 426 432 432 426 426 429 429 433 433 429 429 382 382 433 433 382 382 381 381 434 434 427 427 431 431 434 434 430 430 427 427 435 435 428 428 432 432 435 435 431 431 428 428 427 427 417 417 416 416 1790 1790 1776 1776 1786 1786 729 729 1558 1558 744 744 762 762 752 752 742 742 763 763 758 758 757 757 759 759 1568 1568 761 761 758 758 756 756 757 757 759 759 744 744 1558 1558 1804 1804 1483 1483 809 809 1814 1814 1479 1479 1478 1478 1814 1814 1478 1478 1795 1795 1794 1794 1813 1813 1814 1814 1795 1795 1794 1794 1814 1814 1795 1795 1796 1796 1805 1805 1789 1789 1793 1793 1790 1790 478 478 465 465 472 472 1780 1780 1791 1791 1779 1779 1780 1780 1778 1778 1791 1791 1804 1804 809 809 955 955 955 955 1482 1482 1481 1481 955 955 1481 1481 1804 1804 1812 1812 1481 1481 1480 1480 1786 1786 1778 1778 1667 1667 1779 1779 1681 1681 1781 1781 1779 1779 1781 1781 1780 1780 1780 1780 1669 1669 1778 1778 1780 1780 958 958 1669 1669 1780 1780 1781 1781 958 958 1782 1782 1792 1792 1783 1783 722 722 1699 1699 1697 1697 753 753 756 756 758 758 753 753 758 758 787 787 753 753 577 577 756 756 582 582 581 581 742 742 582 582 742 742 752 752 751 751 1525 1525 1539 1539 724 724 707 707 1719 1719 723 723 722 722 1697 1697 723 723 1697 1697 707 707 697 697 1699 1699 722 722 697 697 721 721 1699 1699 697 697 722 722 723 723 754 754 1562 1562 739 739 721 721 706 706 1699 1699 726 726 702 702 725 725 726 726 724 724 1719 1719 726 726 669 669 702 702 726 726 1719 1719 1695 1695 726 726 1695 1695 957 957 726 726 957 957 669 669 725 725 723 723 707 707 725 725 707 707 724 724 1543 1543 801 801 798 798 745 745 759 759 761 761 741 741 731 731 743 743 506 506 494 494 500 500 271 271 270 270 480 480 479 479 472 472 389 389 480 480 466 466 473 473 473 473 467 467 474 474 481 481 474 474 468 468 481 481 468 468 475 475 482 482 475 475 469 469 482 482 469 469 476 476 483 483 476 476 470 470 504 504 492 492 498 498 505 505 493 493 499 499 505 505 498 498 493 493 743 743 731 731 730 730 506 506 499 499 494 494 507 507 500 500 393 393 742 742 581 581 666 666 751 751 728 728 1525 1525 1568 1568 741 741 761 761 728 728 750 750 735 735 751 751 749 749 750 750 735 735 1540 1540 728 728 735 735 727 727 1540 1540 749 749 751 751 800 800 727 727 735 735 734 734 754 754 1564 1564 1562 1562 720 720 1700 1700 706 706 674 674 714 714 673 673 674 674 711 711 714 714 672 672 680 680 717 717 672 672 717 717 1702 1702 717 717 680 680 1704 1704 717 717 1704 1704 1702 1702 715 715 680 680 673 673 715 715 673 673 704 704 715 715 1704 1704 680 680 715 715 704 704 1704 1704 692 692 720 720 706 706 692 692 1700 1700 720 720 673 673 712 712 704 704 671 671 705 705 719 719 671 671 719 719 1700 1700 719 719 705 705 1700 1700 718 718 672 672 1702 1702 718 718 1702 1702 705 705 698 698 695 695 697 697 697 697 695 695 721 721 676 676 694 694 693 693 507 507 393 393 394 394 508 508 487 487 509 509 509 509 487 487 488 488 501 501 488 488 489 489 704 704 712 712 1713 1713 730 730 731 731 755 755 730 730 755 755 790 790 790 790 755 755 760 760 726 726 725 725 724 724 738 738 1524 1524 732 732 738 738 1539 1539 1524 1524 750 750 749 749 735 735 732 732 1524 1524 729 729 732 732 729 729 744 744 786 786 733 733 801 801 732 732 744 744 784 784 1543 1543 798 798 799 799 751 751 750 750 728 728 714 714 711 711 712 712 713 713 708 708 709 709 712 712 711 711 710 710 713 713 709 709 711 711 712 712 710 710 703 703 712 712 703 703 1713 1713 711 711 709 709 1252 1252 716 716 713 713 674 674 716 716 708 708 713 713 673 673 714 714 712 712 674 674 713 713 711 711 1419 1419 708 708 716 716 467 467 455 455 461 461 490 490 482 482 476 476 489 489 481 481 475 475 489 489 475 475 482 482 488 488 474 474 481 481 488 488 473 473 474 474 487 487 480 480 473 473 271 271 480 480 487 487 494 494 391 391 392 392 494 494 486 486 391 391 493 493 479 479 486 486 493 493 485 485 479 479 492 492 478 478 485 485 492 492 484 484 478 478 491 491 477 477 484 484 749 749 800 800 748 748 467 467 460 460 455 455 466 466 454 454 460 460 270 270 244 244 466 466 465 465 459 459 387 387 465 465 387 387 388 388 464 464 453 453 459 459 464 464 458 458 453 453 471 471 459 459 465 465 471 471 464 464 459 459 470 470 458 458 464 464 468 468 461 461 456 456 470 470 463 463 458 458 469 469 457 457 463 463 469 469 462 462 457 457 749 749 748 748 735 735 754 754 760 760 1565 1565 480 480 270 270 466 466 473 473 466 466 460 460 740 740 731 731 741 741 739 739 1562 1562 753 753 753 753 1562 1562 577 577 756 756 577 577 584 584 486 486 479 479 390 390 486 486 390 390 391 391 485 485 472 472 479 479 485 485 478 478 472 472 484 484 477 477 471 471 738 738 732 732 737 737 473 473 460 460 467 467 474 474 461 461 468 468 474 474 467 467 461 461 475 475 468 468 462 462 468 468 456 456 462 462 484 484 471 471 478 478 483 483 470 470 477 477 491 491 483 483 477 477 490 490 476 476 483 483 744 744 759 759 745 745 765 765 787 787 764 764 775 775 733 733 786 786 736 736 732 732 784 784 736 736 784 784 783 783 1908 1908 1900 1900 1901 1901 1900 1900 1903 1903 1901 1901 1904 1904 1898 1898 1899 1899 1907 1907 1906 1906 1900 1900 1908 1908 1907 1907 1900 1900 1909 1909 1908 1908 1901 1901 1909 1909 1901 1901 1902 1902 1910 1910 1909 1909 1902 1902 1905 1905 1904 1904 1899 1899 1906 1906 1905 1905 1900 1900 1905 1905 1899 1899 1900 1900 1913 1913 1911 1911 1914 1914 1913 1913 1912 1912 1911 1911 1915 1915 1920 1920 1921 1921 1917 1917 1916 1916 1922 1922 1916 1916 1921 1921 1922 1922 1916 1916 1915 1915 1921 1921 1918 1918 1922 1922 1923 1923 1918 1918 1917 1917 1922 1922 1918 1918 1923 1923 1924 1924 1919 1919 1918 1918 1924 1924 1926 1926 1925 1925 1931 1931 1927 1927 1926 1926 1931 1931 1927 1927 1931 1931 1932 1932 1928 1928 1927 1927 1932 1932 1925 1925 1930 1930 1931 1931 1933 1933 1928 1928 1932 1932 1929 1929 1928 1928 1933 1933 1937 1937 1936 1936 1941 1941 1936 1936 1935 1935 1940 1940 1936 1936 1940 1940 1941 1941 1937 1937 1941 1941 1942 1942 1938 1938 1937 1937 1942 1942 1938 1938 1942 1942 1943 1943 1939 1939 1938 1938 1943 1943 1935 1935 1934 1934 1940 1940 1944 1944 1946 1946 1947 1947 1945 1945 1944 1944 1947 1947 1950 1950 1949 1949 1952 1952 1952 1952 1949 1949 1951 1951 1949 1949 1948 1948 1951 1951 1967 1967 1960 1960 1966 1966 1959 1959 1953 1953 1958 1958 1966 1966 1961 1961 1965 1965 1964 1964 1962 1962 1963 1963 1976 1976 1967 1967 1974 1974 1973 1973 1966 1966 1965 1965 1976 1976 1974 1974 1975 1975 1978 1978 1976 1976 1975 1975 1980 1980 1978 1978 1975 1975 1980 1980 1975 1975 1977 1977 1980 1980 1977 1977 1979 1979 1982 1982 1980 1980 1979 1979 1984 1984 1982 1982 1979 1979 1984 1984 1979 1979 1981 1981 1986 1986 1981 1981 1983 1983 1974 1974 1967 1967 1966 1966 1969 1969 1970 1970 1971 1971 1969 1969 1971 1971 1956 1956 1969 1969 1972 1972 1970 1970 1988 1988 1986 1986 1983 1983 1995 1995 1993 1993 1992 1992 1997 1997 1995 1995 1992 1992 1997 1997 1992 1992 1994 1994 1997 1997 1994 1994 1996 1996 1999 1999 1997 1997 1996 1996 2001 2001 1999 1999 1996 1996 2001 2001 1998 1998 2000 2000 1986 1986 1984 1984 1981 1981 1968 1968 2001 2001 2000 2000 1988 1988 1983 1983 1985 1985 1988 1988 1985 1985 1987 1987 1990 1990 1988 1988 1987 1987 1990 1990 1987 1987 1989 1989 1993 1993 1989 1989 1991 1991 1993 1993 1990 1990 1989 1989 1966 1966 1960 1960 1961 1961 1965 1965 1961 1961 1962 1962 2001 2001 1996 1996 1998 1998 1968 1968 2000 2000 1970 1970 1971 1971 1957 1957 1956 1956 1956 1956 1954 1954 1955 1955 1957 1957 1953 1953 1954 1954 1957 1957 1954 1954 1956 1956 1958 1958 1953 1953 1957 1957 1972 1972 1968 1968 1970 1970 2002 2002 1958 1958 1957 1957 1965 1965 1962 1962 1964 1964 1993 1993 1991 1991 1992 1992 2006 2006 2003 2003 2005 2005 2005 2005 2003 2003 2004 2004 2008 2008 2006 2006 2005 2005 2010 2010 2009 2009 2008 2008 2010 2010 2008 2008 2005 2005 2007 2007 2003 2003 2006 2006 2011 2011 2016 2016 2017 2017 2012 2012 2016 2016 2011 2011 2013 2013 2016 2016 2012 2012 2014 2014 2013 2013 2012 2012 2015 2015 2013 2013 2014 2014 2021 2021 2018 2018 2019 2019 2021 2021 2019 2019 2020 2020 2025 2025 2022 2022 2023 2023 2025 2025 2023 2023 2024 2024 2028 2028 2031 2031 2027 2027 2027 2027 2031 2031 2032 2032 2027 2027 2032 2032 2026 2026 2029 2029 2028 2028 2027 2027 2030 2030 2028 2028 2029 2029 2026 2026 2032 2032 2033 2033 2083 2083 2079 2079 2080 2080 2085 2085 2082 2082 2073 2073 2080 2080 2039 2039 2034 2034 2082 2082 2080 2080 2034 2034 2081 2081 2077 2077 2079 2079 2082 2082 2034 2034 2073 2073 2078 2078 2036 2036 2037 2037 2038 2038 2078 2078 2037 2037 2049 2049 2042 2042 2043 2043 2034 2034 2065 2065 2061 2061 2061 2061 2066 2066 2060 2060 2061 2061 2070 2070 2076 2076 2076 2076 2075 2075 2047 2047 2034 2034 2039 2039 2035 2035 2083 2083 2081 2081 2079 2079 2079 2079 2077 2077 2078 2078 2079 2079 2078 2078 2038 2038 2079 2079 2038 2038 2039 2039 2080 2080 2079 2079 2039 2039 2088 2088 2087 2087 2046 2046 2088 2088 2046 2046 2045 2045 2087 2087 2085 2085 2046 2046 2087 2087 2082 2082 2085 2085 2087 2087 2086 2086 2082 2082 2086 2086 2084 2084 2080 2080 2086 2086 2080 2080 2082 2082 2085 2085 2047 2047 2046 2046 2084 2084 2083 2083 2080 2080 2085 2085 2073 2073 2047 2047 2055 2055 2053 2053 2050 2050 2051 2051 2074 2074 2067 2067 2051 2051 2050 2050 2074 2074 2050 2050 2047 2047 2074 2074 2050 2050 2046 2046 2047 2047 2049 2049 2043 2043 2040 2040 2056 2056 2042 2042 2049 2049 2056 2056 2054 2054 2042 2042 2055 2055 2050 2050 2051 2051 2054 2054 2041 2041 2042 2042 2052 2052 2045 2045 2046 2046 2053 2053 2046 2046 2050 2050 2053 2053 2052 2052 2046 2046 2054 2054 2044 2044 2041 2041 2048 2048 2056 2056 2049 2049 2048 2048 2058 2058 2056 2056 2058 2058 2054 2054 2056 2056 2058 2058 2057 2057 2054 2054 2057 2057 2055 2055 2054 2054 2055 2055 2051 2051 2054 2054 2074 2074 2068 2068 2067 2067 2076 2076 2047 2047 2073 2073 2061 2061 2076 2076 2073 2073 2069 2069 2070 2070 2061 2061 2061 2061 2073 2073 2034 2034 2061 2061 2060 2060 2069 2069 2060 2060 2059 2059 2069 2069 2074 2074 2062 2062 2068 2068 2074 2074 2072 2072 2062 2062 2076 2076 2070 2070 2075 2075 2075 2075 2072 2072 2074 2074 2075 2075 2071 2071 2072 2072 2075 2075 2074 2074 2047 2047 2075 2075 2070 2070 2071 2071 2044 2044 2067 2067 2064 2064 2067 2067 2068 2068 2063 2063 2054 2054 2067 2067 2044 2044 2054 2054 2051 2051 2067 2067 2093 2093 2091 2091 2092 2092 2089 2089 2096 2096 2097 2097 2090 2090 2095 2095 2096 2096 2092 2092 2091 2091 2090 2090 2090 2090 2096 2096 2089 2089 2090 2090 2094 2094 2095 2095 2091 2091 2094 2094 2090 2090 2179 2179 2175 2175 2165 2165 2180 2180 2178 2178 2176 2176 2178 2178 2174 2174 2176 2176 2179 2179 2177 2177 2175 2175 2165 2165 2112 2112 2119 2119 2178 2178 2171 2171 2174 2174 2184 2184 2180 2180 2182 2182 2184 2184 2183 2183 2180 2180 2110 2110 2182 2182 2179 2179 2110 2110 2179 2179 2119 2119 2183 2183 2178 2178 2180 2180 2103 2103 2156 2156 2159 2159 2183 2183 2181 2181 2178 2178 2153 2153 2142 2142 2145 2145 2152 2152 2140 2140 2142 2142 2151 2151 2138 2138 2140 2140 2150 2150 2137 2137 2138 2138 2132 2132 2131 2131 2125 2125 2131 2131 2129 2129 2125 2125 2130 2130 2124 2124 2127 2127 2180 2180 2177 2177 2179 2179 2173 2173 2107 2107 2108 2108 2173 2173 2172 2172 2107 2107 2172 2172 2106 2106 2107 2107 2172 2172 2169 2169 2106 2106 2169 2169 2105 2105 2106 2106 2185 2185 2184 2184 2182 2182 2186 2186 2185 2185 2182 2182 2186 2186 2182 2182 2110 2110 2109 2109 2186 2186 2110 2110 2174 2174 2170 2170 2172 2172 2173 2173 2108 2108 2103 2103 2170 2170 2169 2169 2172 2172 2171 2171 2170 2170 2174 2174 2177 2177 2173 2173 2175 2175 2177 2177 2176 2176 2173 2173 2165 2165 2175 2175 2166 2166 2176 2176 2174 2174 2173 2173 2174 2174 2172 2172 2173 2173 2175 2175 2173 2173 2103 2103 2175 2175 2103 2103 2166 2166 2179 2179 2165 2165 2119 2119 2180 2180 2176 2176 2177 2177 2123 2123 2120 2120 2099 2099 2125 2125 2119 2119 2121 2121 2124 2124 2120 2120 2123 2123 2113 2113 2123 2123 2101 2101 2127 2127 2124 2124 2123 2123 2126 2126 2125 2125 2121 2121 2126 2126 2121 2121 2122 2122 2126 2126 2122 2122 2124 2124 2114 2114 2127 2127 2123 2123 2121 2121 2118 2118 2111 2111 2103 2103 2108 2108 2104 2104 2122 2122 2121 2121 2111 2111 2123 2123 2099 2099 2100 2100 2122 2122 2111 2111 2120 2120 2125 2125 2110 2110 2119 2119 2124 2124 2122 2122 2120 2120 2123 2123 2100 2100 2101 2101 2129 2129 2128 2128 2125 2125 2118 2118 2119 2119 2112 2112 2118 2118 2112 2112 2111 2111 2159 2159 2160 2160 2168 2168 2102 2102 2158 2158 2155 2155 2167 2167 2162 2162 2158 2158 2167 2167 2161 2161 2162 2162 2158 2158 2102 2102 2111 2111 2158 2158 2162 2162 2163 2163 2158 2158 2163 2163 2164 2164 2103 2103 2159 2159 2166 2166 2159 2159 2157 2157 2160 2160 2164 2164 2154 2154 2158 2158 2113 2113 2101 2101 2098 2098 2165 2165 2166 2166 2168 2168 2168 2168 2160 2160 2161 2161 2168 2168 2161 2161 2167 2167 2168 2168 2112 2112 2165 2165 2168 2168 2167 2167 2112 2112 2167 2167 2111 2111 2112 2112 2167 2167 2158 2158 2111 2111 2166 2166 2159 2159 2168 2168 2182 2182 2180 2180 2179 2179 2133 2133 2132 2132 2126 2126 2138 2138 2137 2137 2130 2130 2139 2139 2128 2128 2129 2129 2140 2140 2138 2138 2130 2130 2141 2141 2129 2129 2131 2131 2142 2142 2140 2140 2130 2130 2142 2142 2130 2130 2115 2115 2143 2143 2131 2131 2132 2132 2132 2132 2125 2125 2126 2126 2115 2115 2130 2130 2127 2127 2121 2121 2119 2119 2118 2118 2115 2115 2127 2127 2114 2114 2134 2134 2133 2133 2126 2126 2135 2135 2134 2134 2126 2126 2136 2136 2135 2135 2126 2126 2137 2137 2126 2126 2130 2130 2114 2114 2123 2123 2113 2113 2130 2130 2126 2126 2124 2124 2128 2128 2109 2109 2110 2110 2128 2128 2110 2110 2125 2125 2146 2146 2133 2133 2134 2134 2120 2120 2111 2111 2102 2102 2120 2120 2102 2102 2099 2099 2145 2145 2142 2142 2115 2115 2144 2144 2132 2132 2133 2133 2137 2137 2136 2136 2126 2126 2116 2116 2117 2117 2145 2145 2116 2116 2145 2145 2115 2115 2147 2147 2134 2134 2135 2135 2149 2149 2136 2136 2137 2137 2148 2148 2135 2135 2136 2136 2190 2190 2188 2188 2189 2189 2190 2190 2187 2187 2188 2188 2194 2194 2191 2191 2192 2192 2194 2194 2192 2192 2193 2193 2198 2198 2195 2195 2196 2196 2198 2198 2196 2196 2197 2197 2202 2202 2199 2199 2200 2200 2202 2202 2200 2200 2201 2201 2206 2206 2203 2203 2204 2204 2206 2206 2204 2204 2205 2205 2210 2210 2208 2208 2209 2209 2210 2210 2207 2207 2208 2208 2214 2214 2211 2211 2212 2212 2214 2214 2212 2212 2213 2213 2218 2218 2216 2216 2217 2217 2218 2218 2215 2215 2216 2216 2224 2224 2222 2222 2223 2223 2224 2224 2221 2221 2222 2222 2221 2221 2219 2219 2220 2220 2222 2222 2221 2221 2220 2220 2227 2227 2225 2225 2226 2226 2228 2228 2225 2225 2227 2227 2232 2232 2230 2230 2231 2231 2232 2232 2229 2229 2230 2230 2236 2236 2234 2234 2235 2235 2236 2236 2233 2233 2234 2234 2240 2240 2237 2237 2238 2238 2240 2240 2238 2238 2239 2239 2244 2244 2241 2241 2242 2242 2244 2244 2242 2242 2243 2243 2249 2249 2259 2259 2261 2261 2260 2260 2247 2247 2252 2252 2270 2270 2265 2265 2262 2262 2270 2270 2250 2250 2265 2265 2263 2263 2247 2247 2260 2260 2268 2268 2267 2267 2263 2263 2262 2262 2256 2256 2257 2257 2262 2262 2258 2258 2259 2259 2249 2249 2262 2262 2259 2259 2264 2264 2263 2263 2260 2260 2287 2287 2247 2247 2285 2285 2288 2288 2286 2286 2283 2283 2288 2288 2283 2283 2284 2284 2286 2286 2282 2282 2283 2283 2293 2293 2292 2292 2286 2286 2295 2295 2286 2286 2288 2288 2295 2295 2293 2293 2286 2286 2309 2309 2297 2297 2298 2298 2312 2312 2301 2301 2302 2302 2308 2308 2296 2296 2297 2297 2311 2311 2299 2299 2301 2301 2262 2262 2257 2257 2258 2258 2290 2290 2284 2284 2285 2285 2280 2280 2279 2279 2282 2282 2277 2277 2276 2276 2264 2264 2277 2277 2264 2264 2265 2265 2278 2278 2265 2265 2250 2250 2278 2278 2277 2277 2265 2265 2251 2251 2278 2278 2250 2250 2270 2270 2262 2262 2249 2249 2262 2262 2255 2255 2256 2256 2276 2276 2275 2275 2264 2264 2271 2271 2269 2269 2263 2263 2269 2269 2268 2268 2263 2263 2264 2264 2260 2260 2262 2262 2275 2275 2274 2274 2264 2264 2274 2274 2273 2273 2264 2264 2273 2273 2263 2263 2264 2264 2272 2272 2271 2271 2263 2263 2290 2290 2288 2288 2284 2284 2289 2289 2281 2281 2280 2280 2290 2290 2285 2285 2247 2247 2265 2265 2264 2264 2262 2262 2266 2266 2245 2245 2246 2246 2267 2267 2246 2246 2263 2263 2267 2267 2266 2266 2246 2246 2260 2260 2252 2252 2253 2253 2273 2273 2272 2272 2263 2263 2260 2260 2253 2253 2254 2254 2260 2260 2254 2254 2255 2255 2262 2262 2260 2260 2255 2255 2249 2249 2261 2261 2248 2248 2263 2263 2246 2246 2247 2247 2310 2310 2298 2298 2299 2299 2299 2299 2288 2288 2290 2290 2300 2300 2281 2281 2289 2289 2291 2291 2280 2280 2286 2286 2301 2301 2299 2299 2290 2290 2291 2291 2289 2289 2280 2280 2292 2292 2291 2291 2286 2286 2294 2294 2290 2290 2247 2247 2294 2294 2246 2246 2290 2290 2306 2306 2293 2293 2295 2295 2307 2307 2295 2295 2296 2296 2302 2302 2301 2301 2290 2290 2286 2286 2280 2280 2282 2282 2303 2303 2289 2289 2291 2291 2304 2304 2291 2291 2292 2292 2305 2305 2292 2292 2293 2293 2302 2302 2290 2290 2246 2246 2297 2297 2296 2296 2288 2288 2298 2298 2297 2297 2288 2288 2294 2294 2247 2247 2246 2246 2296 2296 2295 2295 2288 2288 2299 2299 2298 2298 2288 2288 2245 2245 2302 2302 2246 2246 2316 2316 2313 2313 2314 2314 2316 2316 2314 2314 2315 2315 2320 2320 2317 2317 2319 2319 2319 2319 2317 2317 2318 2318 2326 2326 2324 2324 2321 2321 2325 2325 2321 2321 2324 2324 2325 2325 2322 2322 2321 2321 2323 2323 2321 2321 2322 2322 2329 2329 2328 2328 2327 2327 2330 2330 2329 2329 2327 2327 2334 2334 2333 2333 2331 2331 2333 2333 2332 2332 2331 2331 2338 2338 2337 2337 2335 2335 2336 2336 2338 2338 2335 2335 2342 2342 2340 2340 2341 2341 2342 2342 2339 2339 2340 2340 2346 2346 2344 2344 2345 2345 2346 2346 2343 2343 2344 2344 2350 2350 2347 2347 2348 2348 2351 2351 2350 2350 2348 2348 2351 2351 2348 2348 2349 2349 2355 2355 2354 2354 2353 2353 2357 2357 2354 2354 2355 2355 2354 2354 2352 2352 2353 2353 2357 2357 2355 2355 2356 2356 2362 2362 2358 2358 2361 2361 2362 2362 2359 2359 2358 2358 2360 2360 2358 2358 2359 2359 2366 2366 2364 2364 2365 2365 2366 2366 2363 2363 2364 2364 2371 2371 2370 2370 2369 2369 2370 2370 2368 2368 2369 2369 2370 2370 2367 2367 2368 2368 2376 2376 2375 2375 2373 2373 2375 2375 2372 2372 2373 2373 2376 2376 2373 2373 2374 2374 2381 2381 2379 2379 2380 2380 2381 2381 2377 2377 2379 2379 2381 2381 2378 2378 2377 2377 2385 2385 2382 2382 2383 2383 2385 2385 2384 2384 2382 2382 2389 2389 2386 2386 2387 2387 2389 2389 2387 2387 2388 2388 2394 2394 2392 2392 2390 2390 2394 2394 2393 2393 2392 2392 2394 2394 2390 2390 2391 2391 2418 2418 2441 2441 2440 2440 2434 2434 2433 2433 2398 2398 2403 2403 2434 2434 2398 2398 2435 2435 2398 2398 2397 2397 2396 2396 2441 2441 2447 2447 2405 2405 2404 2404 2437 2437 2405 2405 2396 2396 2447 2447 2405 2405 2437 2437 2436 2436 2436 2436 2397 2397 2396 2396 2447 2447 2410 2410 2406 2406 2425 2425 2447 2447 2422 2422 2425 2425 2413 2413 2412 2412 2420 2420 2417 2417 2415 2415 2415 2415 2417 2417 2416 2416 2432 2432 2421 2421 2420 2420 2442 2442 2438 2438 2446 2446 2431 2431 2409 2409 2414 2414 2431 2431 2408 2408 2409 2409 2396 2396 2405 2405 2436 2436 2442 2442 2396 2396 2438 2438 2406 2406 2405 2405 2447 2447 2430 2430 2429 2429 2445 2445 2437 2437 2404 2404 2435 2435 2438 2438 2396 2396 2395 2395 2396 2396 2439 2439 2441 2441 2396 2396 2442 2442 2439 2439 2447 2447 2441 2441 2418 2418 2447 2447 2412 2412 2410 2410 2400 2400 2405 2405 2406 2406 2400 2400 2402 2402 2403 2403 2400 2400 2401 2401 2402 2402 2411 2411 2414 2414 2409 2409 2409 2409 2399 2399 2407 2407 2426 2426 2425 2425 2422 2422 2424 2424 2416 2416 2414 2414 2424 2424 2414 2414 2413 2413 2407 2407 2400 2400 2406 2406 2407 2407 2399 2399 2401 2401 2400 2400 2435 2435 2404 2404 2400 2400 2398 2398 2435 2435 2426 2426 2422 2422 2423 2423 2409 2409 2408 2408 2399 2399 2407 2407 2401 2401 2400 2400 2436 2436 2435 2435 2397 2397 2432 2432 2420 2420 2415 2415 2417 2417 2431 2431 2414 2414 2417 2417 2414 2414 2416 2416 2400 2400 2403 2403 2398 2398 2426 2426 2423 2423 2427 2427 2428 2428 2426 2426 2427 2427 2422 2422 2447 2447 2418 2418 2424 2424 2413 2413 2425 2425 2445 2445 2444 2444 2443 2443 2444 2444 2427 2427 2423 2423 2444 2444 2419 2419 2443 2443 2429 2429 2444 2444 2445 2445 2444 2444 2423 2423 2419 2419 2452 2452 2451 2451 2449 2449 2451 2451 2452 2452 2450 2450 2451 2451 2448 2448 2449 2449 2462 2462 2461 2461 2458 2458 2462 2462 2458 2458 2457 2457 2463 2463 2461 2461 2462 2462 2462 2462 2457 2457 2456 2456 2462 2462 2459 2459 2460 2460 2462 2462 2455 2455 2459 2459 2459 2459 2455 2455 2453 2453 2462 2462 2456 2456 2455 2455 2456 2456 2454 2454 2455 2455 2478 2478 2476 2476 2465 2465 2470 2470 2471 2471 2472 2472 2465 2465 2464 2464 2473 2473 2472 2472 2479 2479 2478 2478 2472 2472 2478 2478 2465 2465 2472 2472 2465 2465 2473 2473 2472 2472 2471 2471 2479 2479 2480 2480 2476 2476 2478 2478 2480 2480 2474 2474 2476 2476 2468 2468 2465 2465 2476 2476 2468 2468 2476 2476 2477 2477 2468 2468 2467 2467 2465 2465 2476 2476 2474 2474 2475 2475 2467 2467 2469 2469 2466 2466 2467 2467 2466 2466 2465 2465 2482 2482 2483 2483 2484 2484 2488 2488 2484 2484 2483 2483 2487 2487 2486 2486 2484 2484 2486 2486 2482 2482 2484 2484 2482 2482 2481 2481 2485 2485 2482 2482 2485 2485 2483 2483 2489 2489 2491 2491 2492 2492 2493 2493 2490 2490 2491 2491 2493 2493 2491 2491 2494 2494 2490 2490 2492 2492 2491 2491 2507 2507 2501 2501 2502 2502 2506 2506 2496 2496 2505 2505 2504 2504 2503 2503 2502 2502 2504 2504 2502 2502 2501 2501 2505 2505 2496 2496 2501 2501 2505 2505 2501 2501 2499 2499 2498 2498 2501 2501 2500 2500 2507 2507 2500 2500 2501 2501 2504 2504 2496 2496 2495 2495 2501 2501 2496 2496 2504 2504 2498 2498 2500 2500 2497 2497 2511 2511 2509 2509 2508 2508 2511 2511 2510 2510 2509 2509 2515 2515 2513 2513 2514 2514 2515 2515 2512 2512 2513 2513 2519 2519 2516 2516 2517 2517 2519 2519 2518 2518 2516 2516 2536 2536 2530 2530 2534 2534 2524 2524 2525 2525 2542 2542 2529 2529 2528 2528 2527 2527 2539 2539 2521 2521 2528 2528 2540 2540 2541 2541 2538 2538 2542 2542 2537 2537 2532 2532 2538 2538 2532 2532 2529 2529 2536 2536 2535 2535 2528 2528 2536 2536 2532 2532 2537 2537 2530 2530 2531 2531 2534 2534 2536 2536 2537 2537 2530 2530 2524 2524 2541 2541 2523 2523 2539 2539 2528 2528 2535 2535 2539 2539 2522 2522 2521 2521 2523 2523 2541 2541 2543 2543 2542 2542 2532 2532 2538 2538 2542 2542 2538 2538 2541 2541 2524 2524 2542 2542 2541 2541 2536 2536 2534 2534 2535 2535 2526 2526 2527 2527 2520 2520 2527 2527 2521 2521 2520 2520 2527 2527 2528 2528 2521 2521 2539 2539 2535 2535 2533 2533 2536 2536 2528 2528 2529 2529 2547 2547 2546 2546 2545 2545 2547 2547 2545 2545 2544 2544 2553 2553 2552 2552 2549 2549 2553 2553 2549 2549 2548 2548 2552 2552 2551 2551 2550 2550 2552 2552 2550 2550 2549 2549 2557 2557 2555 2555 2554 2554 2557 2557 2556 2556 2555 2555 2558 2558 2560 2560 2559 2559 2562 2562 2560 2560 2559 2559 2561 2561 2560 2560 2562 2562 2568 2568 2566 2566 2569 2569 2566 2566 2567 2567 2563 2563 2566 2566 2565 2565 2569 2569 2566 2566 2565 2565 2564 2564 2570 2570 2565 2565 2571 2571 2569 2569 2565 2565 2570 2570 2567 2567 2566 2566 2568 2568 2574 2574 2575 2575 2572 2572 2574 2574 2576 2576 2575 2575 2573 2573 2572 2572 2574 2574 2579 2579 2577 2577 2578 2578 2582 2582 2581 2581 2580 2580 2577 2577 2581 2581 2582 2582 2581 2581 2577 2577 2579 2579 2583 2583 2588 2588 2584 2584 2584 2584 2586 2586 2585 2585 2588 2588 2587 2587 2584 2584 2587 2587 2586 2586 2584 2584 2589 2589 2591 2591 2590 2590 2592 2592 2591 2591 2589 2589 2597 2597 2595 2595 2598 2598 2599 2599 2598 2598 2594 2594 2593 2593 2595 2595 2594 2594 2598 2598 2595 2595 2594 2594 2593 2593 2596 2596 2595 2595 2597 2597 2596 2596 2595 2595 2606 2606 2605 2605 2602 2602 2601 2601 2606 2606 2602 2602 2605 2605 2604 2604 2602 2602 2604 2604 2603 2603 2602 2602 2600 2600 2602 2602 2601 2601 2607 2607 2610 2610 2608 2608 2607 2607 2609 2609 2610 2610 2613 2613 2612 2612 2614 2614 2611 2611 2612 2612 2613 2613 2621 2621 2616 2616 2617 2617 2619 2619 2618 2618 2615 2615 2616 2616 2619 2619 2615 2615 2620 2620 2619 2619 2616 2616 2622 2622 2621 2621 2617 2617 2621 2621 2620 2620 2616 2616 2626 2626 2625 2625 2623 2623 2627 2627 2626 2626 2624 2624 2626 2626 2623 2623 2624 2624 2630 2630 2628 2628 2629 2629 2631 2631 2630 2630 2629 2629 2635 2635 2632 2632 2633 2633 2635 2635 2634 2634 2632 2632 2638 2638 2640 2640 2637 2637 2641 2641 2640 2640 2638 2638 2639 2639 2636 2636 2637 2637 2640 2640 2639 2639 2637 2637 2643 2643 2645 2645 2646 2646 2643 2643 2647 2647 2642 2642 2643 2643 2646 2646 2647 2647 2643 2643 2644 2644 2645 2645 2654 2654 2653 2653 2651 2651 2648 2648 2654 2654 2651 2651 2649 2649 2651 2651 2652 2652 2650 2650 2649 2649 2652 2652 2649 2649 2648 2648 2651 2651 2656 2656 2655 2655 2658 2658 2657 2657 2656 2656 2659 2659 2656 2656 2658 2658 2659 2659 2661 2661 2660 2660 2662 2662 2661 2661 2662 2662 2663 2663 2665 2665 2664 2664 2666 2666 2665 2665 2666 2666 2667 2667 2669 2669 2668 2668 2671 2671 2668 2668 2670 2670 2671 2671 2673 2673 2676 2676 2677 2677 2674 2674 2673 2673 2677 2677 2673 2673 2672 2672 2676 2676 2675 2675 2674 2674 2678 2678 2674 2674 2677 2677 2678 2678 2680 2680 2682 2682 2683 2683 2681 2681 2680 2680 2683 2683 2680 2680 2679 2679 2682 2682 2686 2686 2689 2689 2690 2690 2687 2687 2686 2686 2690 2690 2692 2692 2687 2687 2690 2690 2692 2692 2690 2690 2691 2691 2685 2685 2684 2684 2688 2688 2686 2686 2685 2685 2689 2689 2685 2685 2688 2688 2689 2689 2693 2693 2696 2696 2697 2697 2694 2694 2695 2695 2696 2696 2694 2694 2696 2696 2693 2693 2700 2700 2699 2699 2703 2703 2698 2698 2705 2705 2702 2702 2699 2699 2702 2702 2703 2703 2699 2699 2698 2698 2702 2702 2705 2705 2704 2704 2702 2702 2701 2701 2700 2700 2703 2703 2709 2709 2708 2708 2711 2711 2707 2707 2710 2710 2711 2711 2707 2707 2706 2706 2710 2710 2708 2708 2707 2707 2711 2711 2713 2713 2712 2712 2715 2715 2712 2712 2714 2714 2715 2715 2719 2719 2717 2717 2718 2718 2717 2717 2716 2716 2718 2718 2720 2720 2722 2722 2723 2723 2721 2721 2720 2720 2723 2723 2724 2724 2727 2727 2728 2728 2725 2725 2724 2724 2728 2728 2726 2726 2725 2725 2729 2729 2725 2725 2728 2728 2729 2729 2737 2737 2730 2730 2735 2735 2738 2738 2737 2737 2736 2736 2730 2730 2733 2733 2735 2735 2732 2732 2731 2731 2734 2734 2733 2733 2732 2732 2735 2735 2732 2732 2734 2734 2735 2735 2737 2737 2735 2735 2736 2736 2742 2742 2741 2741 2740 2740 2741 2741 2739 2739 2740 2740 2886 2886 2883 2883 2885 2885 2896 2896 2894 2894 2893 2893 2820 2820 2827 2827 2873 2873 2863 2863 2862 2862 2791 2791 2820 2820 2872 2872 2871 2871 2870 2870 2820 2820 2871 2871 2791 2791 2864 2864 2863 2863 2858 2858 2857 2857 2923 2923 2888 2888 2884 2884 2886 2886 2892 2892 2888 2888 2891 2891 2892 2892 2889 2889 2888 2888 2892 2892 2846 2846 2889 2889 2892 2892 2847 2847 2846 2846 2894 2894 2891 2891 2890 2890 2884 2884 2889 2889 2844 2844 2885 2885 2883 2883 2882 2882 2751 2751 2752 2752 2809 2809 2882 2882 2785 2785 2784 2784 2883 2883 2785 2785 2882 2882 2883 2883 2786 2786 2785 2785 2886 2886 2786 2786 2883 2883 2884 2884 2786 2786 2886 2886 2888 2888 2886 2886 2885 2885 2888 2888 2885 2885 2887 2887 2754 2754 2821 2821 2818 2818 2754 2754 2818 2818 2815 2815 2754 2754 2755 2755 2821 2821 2753 2753 2815 2815 2812 2812 2753 2753 2754 2754 2815 2815 2752 2752 2812 2812 2809 2809 2752 2752 2753 2753 2812 2812 2751 2751 2809 2809 2805 2805 2928 2928 2935 2935 2923 2923 2820 2820 2873 2873 2872 2872 2794 2794 2865 2865 2864 2864 2866 2866 2865 2865 2794 2794 2808 2808 2870 2870 2869 2869 2808 2808 2869 2869 2868 2868 2867 2867 2866 2866 2794 2794 2867 2867 2808 2808 2868 2868 2778 2778 2924 2924 2921 2921 2778 2778 2779 2779 2924 2924 2777 2777 2921 2921 2918 2918 2935 2935 2859 2859 2923 2923 2827 2827 2875 2875 2874 2874 2861 2861 2860 2860 2935 2935 2873 2873 2827 2827 2874 2874 2855 2855 2854 2854 2920 2920 2782 2782 2743 2743 2787 2787 2782 2782 2787 2787 2932 2932 2781 2781 2932 2932 2929 2929 2773 2773 2908 2908 2906 2906 2773 2773 2774 2774 2908 2908 2772 2772 2906 2906 2881 2881 2772 2772 2773 2773 2906 2906 2771 2771 2772 2772 2881 2881 2930 2930 2927 2927 2926 2926 2933 2933 2787 2787 2788 2788 2934 2934 2933 2933 2788 2788 2777 2777 2778 2778 2921 2921 2776 2776 2918 2918 2916 2916 2776 2776 2777 2777 2918 2918 2775 2775 2916 2916 2914 2914 2775 2775 2914 2914 2911 2911 2899 2899 2895 2895 2898 2898 2899 2899 2896 2896 2895 2895 2889 2889 2884 2884 2888 2888 2891 2891 2887 2887 2890 2890 2891 2891 2888 2888 2887 2887 2900 2900 2850 2850 2892 2892 2901 2901 2899 2899 2898 2898 2902 2902 2899 2899 2901 2901 2933 2933 2932 2932 2787 2787 2933 2933 2930 2930 2929 2929 2923 2923 2920 2920 2922 2922 2925 2925 2922 2922 2921 2921 2925 2925 2921 2921 2924 2924 2934 2934 2930 2930 2933 2933 2934 2934 2788 2788 2791 2791 2897 2897 2892 2892 2894 2894 2927 2927 2925 2925 2926 2926 2928 2928 2925 2925 2927 2927 2917 2917 2913 2913 2915 2915 2920 2920 2913 2913 2917 2917 2919 2919 2916 2916 2918 2918 2931 2931 2927 2927 2930 2930 2931 2931 2928 2928 2927 2927 2935 2935 2928 2928 2931 2931 2876 2876 2832 2832 2877 2877 2923 2923 2859 2859 2858 2858 2827 2827 2876 2876 2875 2875 2935 2935 2860 2860 2859 2859 2934 2934 2931 2931 2930 2930 2934 2934 2935 2935 2931 2931 2935 2935 2934 2934 2791 2791 2930 2930 2926 2926 2929 2929 2840 2840 2838 2838 2837 2837 2843 2843 2838 2838 2840 2840 2843 2843 2832 2832 2838 2838 2841 2841 2784 2784 2785 2785 2842 2842 2841 2841 2785 2785 2842 2842 2839 2839 2841 2841 2842 2842 2840 2840 2839 2839 2842 2842 2785 2785 2786 2786 2912 2912 2908 2908 2911 2911 2912 2912 2909 2909 2908 2908 2903 2903 2851 2851 2850 2850 2904 2904 2901 2901 2881 2881 2904 2904 2902 2902 2901 2901 2915 2915 2912 2912 2911 2911 2913 2913 2912 2912 2915 2915 2840 2840 2837 2837 2839 2839 2906 2906 2904 2904 2881 2881 2907 2907 2904 2904 2906 2906 2900 2900 2896 2896 2899 2899 2900 2900 2897 2897 2896 2896 2900 2900 2892 2892 2897 2897 2909 2909 2906 2906 2908 2908 2909 2909 2907 2907 2906 2906 2910 2910 2907 2907 2909 2909 2902 2902 2900 2900 2899 2899 2903 2903 2850 2850 2900 2900 2894 2894 2890 2890 2893 2893 2894 2894 2892 2892 2891 2891 2896 2896 2893 2893 2895 2895 2905 2905 2902 2902 2904 2904 2905 2905 2900 2900 2902 2902 2903 2903 2900 2900 2905 2905 2826 2826 2823 2823 2825 2825 2826 2826 2824 2824 2823 2823 2827 2827 2824 2824 2826 2826 2828 2828 2826 2826 2825 2825 2829 2829 2826 2826 2828 2828 2829 2829 2827 2827 2826 2826 2830 2830 2828 2828 2783 2783 2830 2830 2829 2829 2828 2828 2822 2822 2817 2817 2819 2819 2822 2822 2820 2820 2817 2817 2821 2821 2819 2819 2818 2818 2822 2822 2819 2819 2821 2821 2827 2827 2820 2820 2822 2822 2824 2824 2821 2821 2823 2823 2824 2824 2822 2822 2821 2821 2827 2827 2822 2822 2824 2824 2852 2852 2851 2851 2903 2903 2844 2844 2889 2889 2845 2845 2853 2853 2852 2852 2910 2910 2880 2880 2843 2843 2844 2844 2854 2854 2853 2853 2910 2910 2879 2879 2843 2843 2880 2880 2920 2920 2854 2854 2910 2910 2819 2819 2817 2817 2816 2816 2843 2843 2842 2842 2786 2786 2843 2843 2840 2840 2842 2842 2843 2843 2786 2786 2884 2884 2849 2849 2848 2848 2892 2892 2847 2847 2892 2892 2848 2848 2850 2850 2849 2849 2892 2892 2845 2845 2889 2889 2846 2846 2852 2852 2903 2903 2910 2910 2806 2806 2803 2803 2802 2802 2806 2806 2804 2804 2803 2803 2807 2807 2804 2804 2806 2806 2808 2808 2804 2804 2807 2807 2808 2808 2811 2811 2870 2870 2809 2809 2806 2806 2805 2805 2810 2810 2806 2806 2809 2809 2810 2810 2807 2807 2806 2806 2801 2801 2867 2867 2794 2794 2801 2801 2794 2794 2799 2799 2803 2803 2800 2800 2802 2802 2803 2803 2801 2801 2800 2800 2804 2804 2801 2801 2803 2803 2808 2808 2867 2867 2801 2801 2808 2808 2801 2801 2804 2804 2806 2806 2802 2802 2805 2805 2832 2832 2831 2831 2835 2835 2836 2836 2834 2834 2833 2833 2837 2837 2834 2834 2836 2836 2837 2837 2835 2835 2834 2834 2838 2838 2835 2835 2837 2837 2838 2838 2832 2832 2835 2835 2839 2839 2837 2837 2836 2836 2801 2801 2798 2798 2800 2800 2831 2831 2829 2829 2830 2830 2831 2831 2827 2827 2829 2829 2832 2832 2876 2876 2827 2827 2832 2832 2827 2827 2831 2831 2833 2833 2830 2830 2783 2783 2834 2834 2830 2830 2833 2833 2835 2835 2830 2830 2834 2834 2835 2835 2831 2831 2830 2830 2746 2746 2795 2795 2792 2792 2745 2745 2792 2792 2789 2789 2745 2745 2746 2746 2792 2792 2744 2744 2745 2745 2789 2789 2743 2743 2789 2789 2787 2787 2743 2743 2744 2744 2789 2789 2844 2844 2843 2843 2884 2884 2790 2790 2787 2787 2789 2789 2750 2750 2805 2805 2802 2802 2749 2749 2750 2750 2802 2802 2748 2748 2749 2749 2802 2802 2748 2748 2802 2802 2800 2800 2748 2748 2800 2800 2797 2797 2747 2747 2748 2748 2797 2797 2746 2746 2797 2797 2795 2795 2746 2746 2747 2747 2797 2797 2817 2817 2814 2814 2813 2813 2817 2817 2813 2813 2816 2816 2817 2817 2811 2811 2814 2814 2820 2820 2811 2811 2817 2817 2820 2820 2870 2870 2811 2811 2819 2819 2816 2816 2815 2815 2819 2819 2815 2815 2818 2818 2750 2750 2751 2751 2805 2805 2811 2811 2807 2807 2810 2810 2811 2811 2808 2808 2807 2807 2813 2813 2810 2810 2809 2809 2813 2813 2809 2809 2812 2812 2814 2814 2810 2810 2813 2813 2811 2811 2810 2810 2814 2814 2815 2815 2813 2813 2812 2812 2816 2816 2813 2813 2815 2815 2758 2758 2783 2783 2828 2828 2758 2758 2759 2759 2783 2783 2758 2758 2828 2828 2825 2825 2757 2757 2825 2825 2823 2823 2757 2757 2758 2758 2825 2825 2756 2756 2823 2823 2821 2821 2756 2756 2757 2757 2823 2823 2755 2755 2756 2756 2821 2821 2762 2762 2841 2841 2839 2839 2762 2762 2763 2763 2841 2841 2761 2761 2839 2839 2836 2836 2761 2761 2762 2762 2839 2839 2760 2760 2836 2836 2833 2833 2760 2760 2761 2761 2836 2836 2759 2759 2833 2833 2783 2783 2759 2759 2760 2760 2833 2833 2796 2796 2794 2794 2793 2793 2797 2797 2796 2796 2795 2795 2798 2798 2796 2796 2797 2797 2799 2799 2796 2796 2798 2798 2799 2799 2794 2794 2796 2796 2800 2800 2798 2798 2797 2797 2801 2801 2799 2799 2798 2798 2763 2763 2784 2784 2841 2841 2790 2790 2788 2788 2787 2787 2791 2791 2788 2788 2790 2790 2793 2793 2790 2790 2789 2789 2793 2793 2789 2789 2792 2792 2793 2793 2791 2791 2790 2790 2794 2794 2791 2791 2793 2793 2795 2795 2793 2793 2792 2792 2796 2796 2793 2793 2795 2795 2770 2770 2771 2771 2881 2881 2770 2770 2881 2881 2901 2901 2878 2878 2832 2832 2843 2843 2878 2878 2843 2843 2879 2879 2856 2856 2855 2855 2920 2920 2877 2877 2832 2832 2878 2878 2923 2923 2856 2856 2920 2920 2857 2857 2856 2856 2923 2923 2928 2928 2922 2922 2925 2925 2928 2928 2923 2923 2922 2922 2926 2926 2925 2925 2924 2924 2897 2897 2894 2894 2896 2896 2766 2766 2767 2767 2890 2890 2767 2767 2893 2893 2890 2890 2763 2763 2764 2764 2784 2784 2769 2769 2770 2770 2901 2901 2920 2920 2916 2916 2919 2919 2920 2920 2917 2917 2916 2916 2921 2921 2919 2919 2918 2918 2922 2922 2919 2919 2921 2921 2922 2922 2920 2920 2919 2919 2912 2912 2910 2910 2909 2909 2913 2913 2910 2910 2912 2912 2915 2915 2911 2911 2914 2914 2791 2791 2862 2862 2861 2861 2794 2794 2864 2864 2791 2791 2913 2913 2920 2920 2910 2910 2916 2916 2915 2915 2914 2914 2917 2917 2915 2915 2916 2916 2907 2907 2905 2905 2904 2904 2910 2910 2905 2905 2907 2907 2910 2910 2903 2903 2905 2905 2781 2781 2782 2782 2932 2932 2780 2780 2929 2929 2926 2926 2780 2780 2781 2781 2929 2929 2779 2779 2926 2926 2924 2924 2779 2779 2780 2780 2926 2926 2764 2764 2765 2765 2885 2885 2769 2769 2901 2901 2898 2898 2768 2768 2769 2769 2898 2898 2768 2768 2898 2898 2895 2895 2768 2768 2895 2895 2893 2893 2767 2767 2768 2768 2893 2893 2775 2775 2776 2776 2916 2916 2774 2774 2911 2911 2908 2908 2774 2774 2775 2775 2911 2911 2765 2765 2887 2887 2885 2885 2765 2765 2766 2766 2887 2887 2764 2764 2885 2885 2882 2882 2764 2764 2882 2882 2784 2784 2766 2766 2890 2890 2887 2887 2933 2933 2929 2929 2932 2932 2791 2791 2861 2861 2935 2935 2949 2949 2950 2950 3002 3002 2943 2943 2997 2997 2996 2996 2942 2942 2943 2943 2996 2996 2950 2950 3003 3003 3002 3002 2943 2943 2944 2944 2998 2998 2943 2943 2998 2998 2997 2997 2953 2953 3006 3006 3005 3005 2952 2952 2953 2953 3005 3005 2954 2954 2973 2973 3006 3006 2954 2954 2955 2955 2973 2973 2947 2947 2948 2948 3001 3001 2946 2946 3000 3000 2999 2999 2947 2947 3001 3001 3000 3000 2948 2948 2949 2949 3002 3002 2940 2940 2941 2941 2995 2995 2950 2950 2951 2951 3003 3003 2951 2951 2952 2952 3004 3004 2951 2951 3004 3004 3003 3003 2944 2944 2945 2945 2999 2999 2952 2952 3005 3005 3004 3004 2940 2940 2995 2995 2994 2994 2939 2939 2940 2940 2994 2994 2939 2939 2994 2994 2993 2993 2958 2958 2959 2959 2977 2977 2936 2936 2937 2937 2989 2989 2941 2941 2996 2996 2995 2995 2941 2941 2942 2942 2996 2996 2937 2937 2991 2991 2990 2990 2953 2953 2954 2954 3006 3006 2938 2938 2992 2992 2991 2991 2937 2937 2990 2990 2989 2989 2948 2948 3002 3002 3001 3001 2963 2963 2964 2964 2982 2982 2962 2962 2963 2963 2980 2980 2959 2959 2960 2960 2978 2978 2937 2937 2938 2938 2991 2991 2956 2956 2975 2975 2974 2974 2956 2956 2957 2957 2975 2975 2955 2955 2974 2974 2973 2973 2963 2963 2982 2982 2981 2981 2961 2961 2979 2979 2978 2978 2960 2960 2961 2961 2978 2978 2959 2959 2978 2978 2977 2977 2958 2958 2977 2977 2976 2976 2938 2938 2939 2939 2992 2992 2944 2944 2999 2999 2998 2998 2945 2945 2946 2946 2999 2999 2946 2946 2947 2947 3000 3000 2967 2967 2985 2985 2984 2984 2969 2969 2970 2970 2986 2986 2970 2970 2971 2971 2987 2987 2970 2970 2987 2987 2986 2986 2961 2961 2962 2962 2979 2979 2962 2962 2980 2980 2979 2979 2971 2971 2972 2972 2988 2988 2971 2971 2988 2988 2987 2987 2972 2972 2936 2936 2989 2989 2963 2963 2981 2981 2980 2980 2964 2964 2965 2965 2982 2982 2965 2965 2966 2966 2984 2984 2957 2957 2958 2958 2976 2976 2957 2957 2976 2976 2975 2975 2966 2966 2967 2967 2984 2984 2967 2967 2968 2968 2985 2985 2968 2968 2969 2969 2986 2986 2965 2965 2983 2983 2982 2982 2965 2965 2984 2984 2983 2983 2972 2972 2989 2989 2988 2988 2939 2939 2993 2993 2992 2992 2955 2955 2956 2956 2974 2974 2968 2968 2986 2986 2985 2985 3013 3013 3011 3011 3012 3012 3007 3007 3020 3020 3022 3022 3019 3019 3013 3013 3017 3017 3007 3007 3019 3019 3020 3020 3017 3017 3015 3015 3016 3016 3008 3008 3009 3009 3019 3019 3017 3017 3013 3013 3015 3015 3009 3009 3010 3010 3011 3011 3007 3007 3022 3022 3023 3023 3015 3015 3013 3013 3014 3014 3008 3008 3019 3019 3007 3007 3019 3019 3009 3009 3013 3013 3019 3019 3017 3017 3018 3018 3009 3009 3011 3011 3013 3013 3022 3022 3020 3020 3021 3021 3024 3024 3025 3025 3027 3027 3024 3024 3027 3027 3028 3028 3025 3025 3026 3026 3027 3027 3031 3031 3034 3034 3039 3039 3029 3029 3042 3042 3043 3043 3031 3031 3039 3039 3029 3029 3034 3034 3035 3035 3036 3036 3029 3029 3039 3039 3040 3040 3040 3040 3041 3041 3042 3042 3034 3034 3036 3036 3037 3037 3034 3034 3038 3038 3039 3039 3034 3034 3037 3037 3038 3038 3029 3029 3040 3040 3042 3042 3032 3032 3033 3033 3034 3034 3032 3032 3034 3034 3031 3031 3031 3031 3029 3029 3030 3030 3046 3046 3045 3045 3044 3044 3046 3046 3047 3047 3045 3045 3051 3051 3048 3048 3049 3049 3051 3051 3049 3049 3050 3050 3056 3056 3062 3062 3063 3063 3056 3056 3055 3055 3062 3062 3054 3054 3060 3060 3061 3061 3055 3055 3054 3054 3061 3061 3064 3064 3063 3063 3058 3058 3055 3055 3061 3061 3062 3062 3053 3053 3065 3065 3060 3060 3054 3054 3053 3053 3060 3060 3053 3053 3066 3066 3065 3065 3060 3060 3065 3065 3059 3059 3052 3052 3057 3057 3064 3064 3064 3064 3057 3057 3063 3063 3057 3057 3056 3056 3063 3063 3073 3073 3069 3069 3070 3070 3072 3072 3068 3068 3069 3069 3071 3071 3076 3076 3068 3068 3068 3068 3076 3076 3067 3067 3072 3072 3071 3071 3068 3068 3071 3071 3075 3075 3076 3076 3073 3073 3072 3072 3069 3069 3074 3074 3073 3073 3070 3070 3083 3083 3082 3082 3078 3078 3079 3079 3078 3078 3077 3077 3081 3081 3083 3083 3080 3080 3079 3079 3083 3083 3078 3078 3080 3080 3083 3083 3079 3079 3087 3087 3086 3086 3085 3085 3088 3088 3087 3087 3085 3085 3087 3087 3090 3090 3086 3086 3085 3085 3086 3086 3084 3084 3087 3087 3089 3089 3090 3090 3094 3094 3096 3096 3093 3093 3093 3093 3096 3096 3092 3092 3096 3096 3095 3095 3091 3091 3092 3092 3096 3096 3091 3091 3099 3099 3105 3105 3106 3106 3108 3108 3107 3107 3102 3102 3100 3100 3099 3099 3106 3106 3098 3098 3104 3104 3105 3105 3108 3108 3101 3101 3107 3107 3097 3097 3111 3111 3104 3104 3097 3097 3110 3110 3111 3111 3104 3104 3111 3111 3103 3103 3109 3109 3101 3101 3108 3108 3099 3099 3098 3098 3105 3105 3100 3100 3106 3106 3107 3107 3098 3098 3097 3097 3104 3104 3101 3101 3100 3100 3107 3107 3112 3112 3113 3113 3114 3114 3112 3112 3114 3114 3115 3115 3118 3118 3120 3120 3117 3117 3118 3118 3119 3119 3120 3120 3120 3120 3116 3116 3117 3117 3121 3121 3126 3126 3123 3123 3123 3123 3124 3124 3121 3121 3121 3121 3122 3122 3126 3126 3126 3126 3125 3125 3123 3123 3128 3128 3127 3127 3132 3132 3127 3127 3131 3131 3132 3132 3131 3131 3127 3127 3129 3129 3130 3130 3132 3132 3131 3131 3136 3136 3134 3134 3137 3137 3134 3134 3135 3135 3137 3137 3133 3133 3134 3134 3136 3136 3139 3139 3141 3141 3138 3138 3139 3139 3140 3140 3141 3141 3143 3143 3151 3151 3149 3149 3152 3152 3144 3144 3153 3153 3143 3143 3144 3144 3152 3152 3151 3151 3152 3152 3150 3150 3147 3147 3156 3156 3157 3157 3148 3148 3142 3142 3156 3156 3154 3154 3146 3146 3155 3155 3146 3146 3147 3147 3157 3157 3146 3146 3157 3157 3155 3155 3147 3147 3148 3148 3156 3156 3145 3145 3146 3146 3154 3154 3144 3144 3145 3145 3153 3153 3152 3152 3151 3151 3143 3143 3153 3153 3145 3145 3154 3154 3172 3172 3171 3171 3183 3183 3165 3165 3183 3183 3164 3164 3183 3183 3170 3170 3164 3164 3183 3183 3171 3171 3170 3170 3167 3167 3185 3185 3166 3166 3186 3186 3174 3174 3173 3173 3185 3185 3172 3172 3184 3184 3182 3182 3163 3163 3181 3181 3187 3187 3185 3185 3167 3167 3175 3175 3169 3169 3160 3160 3187 3187 3186 3186 3185 3185 3184 3184 3183 3183 3165 3165 3189 3189 3188 3188 3167 3167 3191 3191 3174 3174 3186 3186 3168 3168 3190 3190 3167 3167 3190 3190 3189 3189 3167 3167 3164 3164 3170 3170 3163 3163 3170 3170 3181 3181 3163 3163 3186 3186 3173 3173 3185 3185 3185 3185 3173 3173 3172 3172 3166 3166 3184 3184 3165 3165 3184 3184 3172 3172 3183 3183 3194 3194 3188 3188 3189 3189 3195 3195 3189 3189 3190 3190 3188 3188 3187 3187 3167 3167 3196 3196 3190 3190 3168 3168 3170 3170 3180 3180 3181 3181 3182 3182 3162 3162 3163 3163 3169 3169 3159 3159 3160 3160 3177 3177 3176 3176 3169 3169 3161 3161 3160 3160 3158 3158 3161 3161 3175 3175 3160 3160 3178 3178 3175 3175 3161 3161 3178 3178 3177 3177 3175 3175 3177 3177 3169 3169 3175 3175 3178 3178 3161 3161 3162 3162 3193 3193 3187 3187 3188 3188 3182 3182 3178 3178 3162 3162 3181 3181 3177 3177 3178 3178 3180 3180 3176 3176 3177 3177 3192 3192 3186 3186 3187 3187 3176 3176 3179 3179 3169 3169 3180 3180 3170 3170 3179 3179 3215 3215 3214 3214 3201 3201 3202 3202 3215 3215 3201 3201 3213 3213 3197 3197 3212 3212 3215 3215 3199 3199 3214 3214 3201 3201 3209 3209 3210 3210 3207 3207 3203 3203 3206 3206 3208 3208 3203 3203 3207 3207 3201 3201 3204 3204 3203 3203 3209 3209 3203 3203 3208 3208 3214 3214 3198 3198 3213 3213 3214 3214 3204 3204 3201 3201 3201 3201 3203 3203 3209 3209 3213 3213 3212 3212 3204 3204 3214 3214 3213 3213 3204 3204 3215 3215 3202 3202 3205 3205 3201 3201 3210 3210 3211 3211 3201 3201 3211 3211 3200 3200 3221 3221 3216 3216 3217 3217 3218 3218 3221 3221 3217 3217 3219 3219 3218 3218 3217 3217 3218 3218 3220 3220 3221 3221 3224 3224 3223 3223 3222 3222 3224 3224 3225 3225 3223 3223 3228 3228 3230 3230 3229 3229 3227 3227 3230 3230 3228 3228 3230 3230 3227 3227 3226 3226 3236 3236 3235 3235 3233 3233 3236 3236 3234 3234 3232 3232 3231 3231 3232 3232 3234 3234 3234 3234 3236 3236 3233 3233 3240 3240 3238 3238 3239 3239 3240 3240 3237 3237 3238 3238 3242 3242 3244 3244 3241 3241 3242 3242 3243 3243 3244 3244 3265 3265 3253 3253 3250 3250 3259 3259 3252 3252 3251 3251 3266 3266 3255 3255 3256 3256 3246 3246 3258 3258 3257 3257 3247 3247 3248 3248 3258 3258 3267 3267 3257 3257 3258 3258 3249 3249 3258 3258 3248 3248 3265 3265 3254 3254 3253 3253 3265 3265 3250 3250 3255 3255 3256 3256 3262 3262 3246 3246 3246 3246 3257 3257 3256 3256 3255 3255 3252 3252 3259 3259 3255 3255 3259 3259 3260 3260 3256 3256 3260 3260 3261 3261 3256 3256 3255 3255 3260 3260 3256 3256 3261 3261 3262 3262 3263 3263 3246 3246 3262 3262 3247 3247 3258 3258 3246 3246 3255 3255 3264 3264 3252 3252 3264 3264 3255 3255 3250 3250 3245 3245 3246 3246 3263 3263 3268 3268 3271 3271 3269 3269 3271 3271 3268 3268 3270 3270 3275 3275 3272 3272 3273 3273 3275 3275 3273 3273 3274 3274 3293 3293 3286 3286 3288 3288 3296 3296 3289 3289 3290 3290 3296 3296 3288 3288 3289 3289 3298 3298 3297 3297 3278 3278 3293 3293 3284 3284 3285 3285 3296 3296 3293 3293 3288 3288 3287 3287 3279 3279 3281 3281 3293 3293 3285 3285 3286 3286 3287 3287 3281 3281 3282 3282 3287 3287 3280 3280 3279 3279 3298 3298 3295 3295 3297 3297 3297 3297 3276 3276 3278 3278 3296 3296 3290 3290 3291 3291 3287 3287 3282 3282 3283 3283 3293 3293 3283 3283 3284 3284 3296 3296 3291 3291 3292 3292 3297 3297 3277 3277 3276 3276 3293 3293 3287 3287 3283 3283 3298 3298 3292 3292 3294 3294 3298 3298 3296 3296 3292 3292 3298 3298 3294 3294 3295 3295 3302 3302 3300 3300 3301 3301 3302 3302 3299 3299 3300 3300 3306 3306 3304 3304 3305 3305 3306 3306 3303 3303 3304 3304 3313 3313 3310 3310 3311 3311 3311 3311 3310 3310 3307 3307 3312 3312 3309 3309 3310 3310 3312 3312 3308 3308 3309 3309 3310 3310 3309 3309 3307 3307 3316 3316 3314 3314 3315 3315 3318 3318 3316 3316 3315 3315 3317 3317 3314 3314 3316 3316 3323 3323 3322 3322 3319 3319 3320 3320 3321 3321 3323 3323 3320 3320 3323 3323 3319 3319 3337 3337 3332 3332 3333 3333 3338 3338 3329 3329 3333 3333 3329 3329 3328 3328 3327 3327 3338 3338 3335 3335 3336 3336 3338 3338 3333 3333 3334 3334 3338 3338 3336 3336 3330 3330 3325 3325 3333 3333 3326 3326 3338 3338 3334 3334 3331 3331 3325 3325 3324 3324 3337 3337 3326 3326 3329 3329 3327 3327 3326 3326 3333 3333 3329 3329 3325 3325 3337 3337 3333 3333 3338 3338 3330 3330 3329 3329 3342 3342 3340 3340 3339 3339 3342 3342 3341 3341 3340 3340 3351 3351 3348 3348 3350 3350 3351 3351 3344 3344 3348 3348 3351 3351 3349 3349 3344 3344 3355 3355 3349 3349 3353 3353 3355 3355 3353 3353 3354 3354 3353 3353 3349 3349 3352 3352 3352 3352 3349 3349 3351 3351 3346 3346 3345 3345 3344 3344 3349 3349 3347 3347 3346 3346 3348 3348 3344 3344 3343 3343 3349 3349 3346 3346 3344 3344 3359 3359 3357 3357 3356 3356 3359 3359 3358 3358 3357 3357 3382 3382 3371 3371 3364 3364 3384 3384 3379 3379 3372 3372 3384 3384 3368 3368 3381 3381 3364 3364 3362 3362 3363 3363 3383 3383 3373 3373 3374 3374 3384 3384 3381 3381 3380 3380 3364 3364 3361 3361 3362 3362 3383 3383 3375 3375 3377 3377 3383 3383 3376 3376 3375 3375 3383 3383 3366 3366 3373 3373 3378 3378 3377 3377 3375 3375 3365 3365 3360 3360 3361 3361 3381 3381 3369 3369 3367 3367 3381 3381 3368 3368 3369 3369 3382 3382 3367 3367 3370 3370 3378 3378 3372 3372 3377 3377 3382 3382 3364 3364 3363 3363 3382 3382 3370 3370 3371 3371 3365 3365 3361 3361 3364 3364 3384 3384 3380 3380 3379 3379 3367 3367 3369 3369 3370 3370 3384 3384 3372 3372 3378 3378 3383 3383 3374 3374 3376 3376 3390 3390 3388 3388 3387 3387 3389 3389 3386 3386 3385 3385 3390 3390 3387 3387 3389 3389 3389 3389 3387 3387 3386 3386 3394 3394 3392 3392 3391 3391 3394 3394 3393 3393 3392 3392 3400 3400 3399 3399 3398 3398 3400 3400 3398 3398 3397 3397 3399 3399 3395 3395 3396 3396 3399 3399 3396 3396 3398 3398 3403 3403 3404 3404 3402 3402 3405 3405 3401 3401 3404 3404 3401 3401 3402 3402 3404 3404 3409 3409 3407 3407 3406 3406 3409 3409 3408 3408 3407 3407 3414 3414 3413 3413 3410 3410 3414 3414 3411 3411 3412 3412 3414 3414 3410 3410 3411 3411 3418 3418 3415 3415 3416 3416 3418 3418 3416 3416 3417 3417 3422 3422 3421 3421 3419 3419 3422 3422 3419 3419 3420 3420 3426 3426 3423 3423 3425 3425 3426 3426 3424 3424 3423 3423 3428 3428 3429 3429 3430 3430 3428 3428 3430 3430 3427 3427 3460 3460 3478 3478 3453 3453 3458 3458 3456 3456 3457 3457 3458 3458 3455 3455 3456 3456 3459 3459 3453 3453 3454 3454 3465 3465 3488 3488 3487 3487 3438 3438 3484 3484 3436 3436 3486 3486 3483 3483 3482 3482 3458 3458 3454 3454 3455 3455 3459 3459 3460 3460 3453 3453 3474 3474 3472 3472 3473 3473 3488 3488 3448 3448 3449 3449 3433 3433 3446 3446 3448 3448 3474 3474 3473 3473 3490 3490 3462 3462 3480 3480 3437 3437 3462 3462 3437 3437 3478 3478 3466 3466 3467 3467 3491 3491 3452 3452 3483 3483 3451 3451 3466 3466 3491 3491 3465 3465 3480 3480 3477 3477 3437 3437 3458 3458 3459 3459 3454 3454 3451 3451 3486 3486 3450 3450 3478 3478 3479 3479 3453 3453 3433 3433 3476 3476 3446 3446 3481 3481 3486 3486 3482 3482 3465 3465 3433 3433 3448 3448 3480 3480 3463 3463 3481 3481 3463 3463 3484 3484 3481 3481 3489 3489 3471 3471 3474 3474 3489 3489 3432 3432 3471 3471 3489 3489 3470 3470 3432 3432 3465 3465 3434 3434 3433 3433 3475 3475 3473 3473 3431 3431 3490 3490 3473 3473 3475 3475 3475 3475 3442 3442 3443 3443 3475 3475 3443 3443 3476 3476 3460 3460 3461 3461 3478 3478 3461 3461 3462 3462 3478 3478 3462 3462 3463 3463 3480 3480 3484 3484 3463 3463 3436 3436 3492 3492 3491 3491 3468 3468 3463 3463 3464 3464 3436 3436 3453 3453 3479 3479 3452 3452 3464 3464 3487 3487 3436 3436 3479 3479 3477 3477 3452 3452 3464 3464 3465 3465 3487 3487 3477 3477 3483 3483 3452 3452 3465 3465 3491 3491 3434 3434 3484 3484 3486 3486 3481 3481 3435 3435 3488 3488 3449 3449 3450 3450 3435 3435 3449 3449 3475 3475 3440 3440 3441 3441 3446 3446 3447 3447 3448 3448 3486 3486 3485 3485 3450 3450 3469 3469 3470 3470 3489 3489 3467 3467 3468 3468 3491 3491 3436 3436 3435 3435 3485 3485 3465 3465 3448 3448 3488 3488 3480 3480 3483 3483 3477 3477 3492 3492 3468 3468 3469 3469 3493 3493 3492 3492 3469 3469 3489 3489 3493 3493 3469 3469 3438 3438 3436 3436 3485 3485 3483 3483 3486 3486 3451 3451 3475 3475 3439 3439 3440 3440 3475 3475 3441 3441 3442 3442 3474 3474 3471 3471 3472 3472 3444 3444 3476 3476 3443 3443 3485 3485 3435 3435 3450 3450 3475 3475 3431 3431 3439 3439 3476 3476 3445 3445 3446 3446 3445 3445 3476 3476 3444 3444 3494 3494 3497 3497 3498 3498 3497 3497 3499 3499 3498 3498 3495 3495 3498 3498 3496 3496 3495 3495 3494 3494 3498 3498 3502 3502 3501 3501 3500 3500 3503 3503 3502 3502 3500 3500 3502 3502 3503 3503 3504 3504 3502 3502 3504 3504 3505 3505 3507 3507 3506 3506 3509 3509 3508 3508 3507 3507 3510 3510 3507 3507 3509 3509 3510 3510 3513 3513 3512 3512 3511 3511 3512 3512 3515 3515 3511 3511 3513 3513 3511 3511 3514 3514 3517 3517 3519 3519 3516 3516 3517 3517 3518 3518 3519 3519 3523 3523 3521 3521 3522 3522 3521 3521 3523 3523 3520 3520 3526 3526 3524 3524 3527 3527 3527 3527 3524 3524 3525 3525 3531 3531 3528 3528 3529 3529 3531 3531 3529 3529 3530 3530 3533 3533 3532 3532 3534 3534 3534 3534 3532 3532 3535 3535 3536 3536 3537 3537 3539 3539 3538 3538 3536 3536 3539 3539 3540 3540 3541 3541 3542 3542 3542 3542 3543 3543 3540 3540 3544 3544 3547 3547 3545 3545 3544 3544 3546 3546 3547 3547 3549 3549 3548 3548 3551 3551 3550 3550 3548 3548 3549 3549 3552 3552 3553 3553 3555 3555 3553 3553 3554 3554 3555 3555 3556 3556 3558 3558 3559 3559 3556 3556 3559 3559 3557 3557 3574 3574 3573 3573 3563 3563 3574 3574 3563 3563 3565 3565 3573 3573 3564 3564 3563 3563 3564 3564 3566 3566 3563 3563 3565 3565 3563 3563 3561 3561 3563 3563 3560 3560 3561 3561 3567 3567 3572 3572 3562 3562 3570 3570 3571 3571 3572 3572 3572 3572 3565 3565 3561 3561 3568 3568 3569 3569 3565 3565 3571 3571 3568 3568 3565 3565 3562 3562 3572 3572 3561 3561 3569 3569 3574 3574 3565 3565 3571 3571 3565 3565 3572 3572 3563 3563 3566 3566 3560 3560 3578 3578 3586 3586 3585 3585 3578 3578 3583 3583 3586 3586 3585 3585 3577 3577 3578 3578 3592 3592 3589 3589 3590 3590 3589 3589 3581 3581 3580 3580 3582 3582 3581 3581 3575 3575 3593 3593 3584 3584 3583 3583 3591 3591 3575 3575 3581 3581 3593 3593 3583 3583 3591 3591 3588 3588 3586 3586 3587 3587 3587 3587 3586 3586 3583 3583 3589 3589 3592 3592 3591 3591 3589 3589 3591 3591 3581 3581 3578 3578 3576 3576 3583 3583 3593 3593 3591 3591 3592 3592 3589 3589 3580 3580 3579 3579 3583 3583 3576 3576 3591 3591 3591 3591 3576 3576 3575 3575 3596 3596 3594 3594 3597 3597 3594 3594 3595 3595 3597 3597 3598 3598 3599 3599 3603 3603 3600 3600 3601 3601 3603 3603 3599 3599 3600 3600 3603 3603 3601 3601 3602 3602 3603 3603 3609 3609 3606 3606 3605 3605 3608 3608 3604 3604 3606 3606 3608 3608 3607 3607 3604 3604 3609 3609 3608 3608 3606 3606 3612 3612 3613 3613 3614 3614 3610 3610 3611 3611 3614 3614 3611 3611 3612 3612 3614 3614 3617 3617 3616 3616 3619 3619 3616 3616 3615 3615 3619 3619 3617 3617 3619 3619 3618 3618 3622 3622 3623 3623 3621 3621 3623 3623 3620 3620 3621 3621 3625 3625 3627 3627 3624 3624 3624 3624 3627 3627 3626 3626 3636 3636 3650 3650 3639 3639 3636 3636 3635 3635 3650 3650 3640 3640 3639 3639 3649 3649 3640 3640 3649 3649 3643 3643 3631 3631 3655 3655 3654 3654 3632 3632 3655 3655 3631 3631 3634 3634 3655 3655 3628 3628 3658 3658 3657 3657 3642 3642 3631 3631 3653 3653 3652 3652 3656 3656 3655 3655 3634 3634 3646 3646 3666 3666 3667 3667 3646 3646 3667 3667 3647 3647 3644 3644 3643 3643 3649 3649 3639 3639 3650 3650 3649 3649 3633 3633 3656 3656 3634 3634 3667 3667 3662 3662 3648 3648 3659 3659 3658 3658 3641 3641 3642 3642 3657 3657 3638 3638 3663 3663 3659 3659 3641 3641 3660 3660 3659 3659 3664 3664 3659 3659 3663 3663 3664 3664 3637 3637 3656 3656 3633 3633 3661 3661 3660 3660 3665 3665 3657 3657 3656 3656 3637 3637 3638 3638 3657 3657 3637 3637 3667 3667 3648 3648 3647 3647 3650 3650 3635 3635 3651 3651 3630 3630 3652 3652 3651 3651 3628 3628 3655 3655 3632 3632 3629 3629 3630 3630 3651 3651 3631 3631 3654 3654 3653 3653 3629 3629 3651 3651 3635 3635 3662 3662 3644 3644 3649 3649 3660 3660 3664 3664 3665 3665 3631 3631 3652 3652 3630 3630 3661 3661 3665 3665 3645 3645 3641 3641 3658 3658 3642 3642 3662 3662 3649 3649 3648 3648 3670 3670 3673 3673 3671 3671 3673 3673 3674 3674 3671 3671 3674 3674 3675 3675 3669 3669 3671 3671 3674 3674 3669 3669 3668 3668 3672 3672 3670 3670 3672 3672 3673 3673 3670 3670 3679 3679 3676 3676 3677 3677 3679 3679 3678 3678 3676 3676 3681 3681 3683 3683 3682 3682 3681 3681 3682 3682 3680 3680 3686 3686 3685 3685 3687 3687 3687 3687 3685 3685 3684 3684 3688 3688 3687 3687 3684 3684 3693 3693 3689 3689 3690 3690 3692 3692 3689 3689 3693 3693 3690 3690 3691 3691 3693 3693 3704 3704 3712 3712 3723 3723 3704 3704 3723 3723 3701 3701 3704 3704 3724 3724 3713 3713 3696 3696 3711 3711 3721 3721 3721 3721 3697 3697 3696 3696 3694 3694 3708 3708 3720 3720 3702 3702 3713 3713 3724 3724 3720 3720 3708 3708 3709 3709 3721 3721 3712 3712 3715 3715 3712 3712 3727 3727 3723 3723 3714 3714 3713 3713 3702 3702 3726 3726 3709 3709 3708 3708 3722 3722 3702 3702 3703 3703 3718 3718 3717 3717 3700 3700 3695 3695 3720 3720 3696 3696 3714 3714 3702 3702 3722 3722 3707 3707 3713 3713 3718 3718 3705 3705 3707 3707 3698 3698 3705 3705 3706 3706 3716 3716 3700 3700 3699 3699 3718 3718 3699 3699 3707 3707 3718 3718 3707 3707 3699 3699 3698 3698 3694 3694 3720 3720 3695 3695 3726 3726 3708 3708 3725 3725 3707 3707 3716 3716 3713 3713 3703 3703 3717 3717 3722 3722 3714 3714 3722 3722 3717 3717 3711 3711 3710 3710 3721 3721 3714 3714 3717 3717 3718 3718 3711 3711 3709 3709 3719 3719 3714 3714 3718 3718 3713 3713 3707 3707 3705 3705 3716 3716 3716 3716 3706 3706 3712 3712 3715 3715 3712 3712 3706 3706 3712 3712 3721 3721 3710 3710 3713 3713 3716 3716 3704 3704 3715 3715 3697 3697 3721 3721 3716 3716 3712 3712 3704 3704 3719 3719 3726 3726 3727 3727 3719 3719 3709 3709 3726 3726 3711 3711 3719 3719 3710 3710 3720 3720 3709 3709 3711 3711 3711 3711 3696 3696 3720 3720 3705 3705 3715 3715 3706 3706 3705 3705 3698 3698 3697 3697 3705 3705 3697 3697 3715 3715 3712 3712 3719 3719 3727 3727 3704 3704 3701 3701 3724 3724 3730 3730 3729 3729 3728 3728 3730 3730 3728 3728 3731 3731 3734 3734 3735 3735 3732 3732 3734 3734 3732 3732 3733 3733 3736 3736 3738 3738 3739 3739 3736 3736 3739 3739 3737 3737 3778 3778 3745 3745 3750 3750 3782 3782 3750 3750 3783 3783 3773 3773 3785 3785 3742 3742 3773 3773 3774 3774 3785 3785 3786 3786 3774 3774 3787 3787 3785 3785 3774 3774 3786 3786 3784 3784 3787 3787 3742 3742 3790 3790 3777 3777 3791 3791 3743 3743 3750 3750 3787 3787 3754 3754 3793 3793 3792 3792 3792 3792 3791 3791 3788 3788 3777 3777 3788 3788 3791 3791 3750 3750 3782 3782 3778 3778 3768 3768 3769 3769 3761 3761 3769 3769 3770 3770 3761 3761 3743 3743 3783 3783 3750 3750 3794 3794 3793 3793 3756 3756 3750 3750 3780 3780 3749 3749 3741 3741 3758 3758 3759 3759 3788 3788 3752 3752 3753 3753 3788 3788 3742 3742 3752 3752 3742 3742 3787 3787 3751 3751 3778 3778 3776 3776 3781 3781 3752 3752 3742 3742 3751 3751 3751 3751 3787 3787 3750 3750 3781 3781 3741 3741 3747 3747 3781 3781 3747 3747 3748 3748 3781 3781 3748 3748 3749 3749 3781 3781 3749 3749 3780 3780 3741 3741 3746 3746 3747 3747 3741 3741 3759 3759 3746 3746 3761 3761 3760 3760 3767 3767 3781 3781 3776 3776 3741 3741 3777 3777 3772 3772 3773 3773 3771 3771 3790 3790 3770 3770 3771 3771 3772 3772 3777 3777 3771 3771 3777 3777 3790 3790 3762 3762 3760 3760 3779 3779 3762 3762 3779 3779 3740 3740 3792 3792 3788 3788 3754 3754 3785 3785 3784 3784 3742 3742 3777 3777 3773 3773 3789 3789 3789 3789 3773 3773 3742 3742 3795 3795 3761 3761 3770 3770 3779 3779 3794 3794 3757 3757 3757 3757 3794 3794 3756 3756 3790 3790 3795 3795 3770 3770 3788 3788 3753 3753 3754 3754 3793 3793 3754 3754 3755 3755 3756 3756 3793 3793 3755 3755 3764 3764 3760 3760 3763 3763 3766 3766 3767 3767 3760 3760 3767 3767 3768 3768 3761 3761 3763 3763 3760 3760 3762 3762 3775 3775 3776 3776 3778 3778 3782 3782 3775 3775 3778 3778 3774 3774 3782 3782 3744 3744 3774 3774 3744 3744 3787 3787 3744 3744 3743 3743 3787 3787 3745 3745 3780 3780 3750 3750 3740 3740 3779 3779 3757 3757 3774 3774 3775 3775 3782 3782 3764 3764 3765 3765 3760 3760 3765 3765 3766 3766 3760 3760 3797 3797 3799 3799 3798 3798 3797 3797 3798 3798 3796 3796 3805 3805 3811 3811 3817 3817 3835 3835 3809 3809 3816 3816 3811 3811 3810 3810 3808 3808 3817 3817 3803 3803 3805 3805 3835 3835 3811 3811 3808 3808 3817 3817 3811 3811 3835 3835 3818 3818 3812 3812 3805 3805 3814 3814 3813 3813 3812 3812 3823 3823 3813 3813 3815 3815 3803 3803 3804 3804 3805 3805 3802 3802 3832 3832 3833 3833 3802 3802 3807 3807 3832 3832 3828 3828 3819 3819 3827 3827 3827 3827 3819 3819 3823 3823 3823 3823 3824 3824 3811 3811 3823 3823 3815 3815 3829 3829 3823 3823 3811 3811 3812 3812 3829 3829 3827 3827 3823 3823 3823 3823 3812 3812 3813 3813 3825 3825 3824 3824 3821 3821 3824 3824 3810 3810 3811 3811 3824 3824 3822 3822 3821 3821 3802 3802 3833 3833 3801 3801 3835 3835 3808 3808 3809 3809 3828 3828 3800 3800 3819 3819 3835 3835 3816 3816 3830 3830 3835 3835 3830 3830 3831 3831 3834 3834 3822 3822 3820 3820 3823 3823 3819 3819 3824 3824 3824 3824 3819 3819 3820 3820 3824 3824 3820 3820 3822 3822 3817 3817 3835 3835 3806 3806 3826 3826 3810 3810 3824 3824 3826 3826 3824 3824 3825 3825 3805 3805 3812 3812 3811 3811 3817 3817 3802 3802 3803 3803 3817 3817 3807 3807 3802 3802 3817 3817 3806 3806 3807 3807 3836 3836 3839 3839 3838 3838 3836 3836 3838 3838 3837 3837 3842 3842 3843 3843 3844 3844 3842 3842 3844 3844 3841 3841 3846 3846 3843 3843 3845 3845 3842 3842 3845 3845 3843 3843 3846 3846 3840 3840 3843 3843 3848 3848 3849 3849 3850 3850 3847 3847 3848 3848 3850 3850 3852 3852 3853 3853 3854 3854 3851 3851 3852 3852 3854 3854 3861 3861 3860 3860 3859 3859 3859 3859 3856 3856 3857 3857 3861 3861 3858 3858 3855 3855 3861 3861 3859 3859 3858 3858 3859 3859 3857 3857 3858 3858 3863 3863 3865 3865 3862 3862 3864 3864 3865 3865 3863 3863 3869 3869 3867 3867 3868 3868 3868 3868 3867 3867 3866 3866 3873 3873 3872 3872 3871 3871 3872 3872 3870 3870 3871 3871 3875 3875 3877 3877 3874 3874 3875 3875 3876 3876 3877 3877 3879 3879 3878 3878 3881 3881 3880 3880 3881 3881 3878 3878 3885 3885 3883 3883 3884 3884 3885 3885 3882 3882 3883 3883 3887 3887 3889 3889 3886 3886 3887 3887 3888 3888 3889 3889 3890 3890 3892 3892 3891 3891 3890 3890 3893 3893 3892 3892 3895 3895 3896 3896 3894 3894 3895 3895 3897 3897 3896 3896 3903 3903 3905 3905 3904 3904 3901 3901 3900 3900 3904 3904 3905 3905 3906 3906 3901 3901 3904 3904 3907 3907 3903 3903 3900 3900 3901 3901 3898 3898 3901 3901 3899 3899 3898 3898 3905 3905 3901 3901 3904 3904 3906 3906 3902 3902 3901 3901 3907 3907 3904 3904 3900 3900 3912 3912 3918 3918 3914 3914 3910 3910 3917 3917 3911 3911 3917 3917 3916 3916 3911 3911 3916 3916 3915 3915 3914 3914 3911 3911 3914 3914 3918 3918 3913 3913 3912 3912 3919 3919 3915 3915 3912 3912 3914 3914 3912 3912 3913 3913 3918 3918 3911 3911 3908 3908 3909 3909 3913 3913 3919 3919 3918 3918 3911 3911 3918 3918 3908 3908 3917 3917 3915 3915 3916 3916 3916 3916 3914 3914 3911 3911 3920 3920 3922 3922 3921 3921 3922 3922 3923 3923 3921 3921 3938 3938 3952 3952 3953 3953 3938 3938 3953 3953 3936 3936 3941 3941 3929 3929 3928 3928 3946 3946 3943 3943 3942 3942 3946 3946 3942 3942 3936 3936 3953 3953 3952 3952 3957 3957 3940 3940 3936 3936 3926 3926 3940 3940 3946 3946 3936 3936 3945 3945 3939 3939 3938 3938 3945 3945 3937 3937 3939 3939 3932 3932 3943 3943 3947 3947 3947 3947 3943 3943 3946 3946 3933 3933 3947 3947 3948 3948 3942 3942 3945 3945 3938 3938 3952 3952 3938 3938 3939 3939 3952 3952 3955 3955 3956 3956 3955 3955 3937 3937 3924 3924 3955 3955 3924 3924 3954 3954 3934 3934 3948 3948 3950 3950 3934 3934 3933 3933 3948 3948 3948 3948 3947 3947 3940 3940 3952 3952 3956 3956 3957 3957 3947 3947 3933 3933 3932 3932 3942 3942 3938 3938 3936 3936 3945 3945 3929 3929 3941 3941 3945 3945 3930 3930 3929 3929 3925 3925 3926 3926 3936 3936 3925 3925 3936 3936 3953 3953 3927 3927 3940 3940 3926 3926 3942 3942 3943 3943 3931 3931 3951 3951 3928 3928 3937 3937 3944 3944 3927 3927 3949 3949 3928 3928 3924 3924 3937 3937 3949 3949 3950 3950 3948 3948 3949 3949 3948 3948 3944 3944 3948 3948 3940 3940 3944 3944 3931 3931 3945 3945 3942 3942 3931 3931 3930 3930 3945 3945 3928 3928 3951 3951 3941 3941 3927 3927 3958 3958 3949 3949 3952 3952 3937 3937 3955 3955 3935 3935 3934 3934 3950 3950 3937 3937 3941 3941 3951 3951 3939 3939 3937 3937 3952 3952 3946 3946 3940 3940 3947 3947 3931 3931 3943 3943 3932 3932 3944 3944 3940 3940 3927 3927 3941 3941 3937 3937 3945 3945 3949 3949 3958 3958 3950 3950 3963 3963 3962 3962 3961 3961 3961 3961 3962 3962 3959 3959 3960 3960 3961 3961 3959 3959 3989 3989 3985 3985 3980 3980 3988 3988 3987 3987 3993 3993 3985 3985 3986 3986 3968 3968 3984 3984 3983 3983 3976 3976 3984 3984 3976 3976 3972 3972 3984 3984 3972 3972 3982 3982 3996 3996 3971 3971 3969 3969 3996 3996 3995 3995 3976 3976 4001 4001 3997 3997 3996 3996 3996 3996 3969 3969 3968 3968 3997 3997 4001 4001 3998 3998 3996 3996 3968 3968 3986 3986 3989 3989 3964 3964 3965 3965 3987 3987 4000 4000 3999 3999 4001 4001 3999 3999 3992 3992 3996 3996 3997 3997 3995 3995 3987 3987 3986 3986 3993 3993 4001 4001 3987 3987 3999 3999 4001 4001 3996 3996 3987 3987 3981 3981 3972 3972 3967 3967 3996 3996 3976 3976 3971 3971 3982 3982 3972 3972 3981 3981 3986 3986 3994 3994 3993 3993 3987 3987 3996 3996 3986 3986 3977 3977 3975 3975 3978 3978 3976 3976 3973 3973 3972 3972 3978 3978 3979 3979 3977 3977 3978 3978 3976 3976 3995 3995 3978 3978 3975 3975 3974 3974 3976 3976 3978 3978 3973 3973 3990 3990 3994 3994 3965 3965 3997 3997 3991 3991 3995 3995 3986 3986 3965 3965 3994 3994 3986 3986 3985 3985 3989 3989 3986 3986 3989 3989 3965 3965 3978 3978 3974 3974 3973 3973 3990 3990 3965 3965 3966 3966 3976 3976 3970 3970 3971 3971 4004 4004 4003 4003 4005 4005 4002 4002 4003 4003 4004 4004 4009 4009 4022 4022 4010 4010 4044 4044 4023 4023 4025 4025 4010 4010 4016 4016 4011 4011 4044 4044 4043 4043 4019 4019 4018 4018 4016 4016 4010 4010 4050 4050 4047 4047 4011 4011 4019 4019 4043 4043 4017 4017 4043 4043 4049 4049 4017 4017 4033 4033 4014 4014 4032 4032 4022 4022 4020 4020 4010 4010 4041 4041 4037 4037 4038 4038 4041 4041 4040 4040 4037 4037 4032 4032 4013 4013 4031 4031 4032 4032 4014 4014 4013 4013 4008 4008 4028 4028 4024 4024 4008 4008 4024 4024 4009 4009 4044 4044 4025 4025 4026 4026 4020 4020 4018 4018 4010 4010 4034 4034 4015 4015 4033 4033 4047 4047 4030 4030 4011 4011 4030 4030 4031 4031 4012 4012 4037 4037 4040 4040 4036 4036 4046 4046 4008 4008 4007 4007 4046 4046 4045 4045 4026 4026 4023 4023 4044 4044 4021 4021 4031 4031 4013 4013 4012 4012 4046 4046 4026 4026 4027 4027 4045 4045 4044 4044 4026 4026 4039 4039 4006 4006 4035 4035 4030 4030 4012 4012 4011 4011 4044 4044 4019 4019 4021 4021 4027 4027 4028 4028 4008 4008 4043 4043 4042 4042 4048 4048 4006 4006 4015 4015 4034 4034 4043 4043 4048 4048 4049 4049 4016 4016 4050 4050 4011 4011 4036 4036 4040 4040 4039 4039 4036 4036 4039 4039 4035 4035 4042 4042 4038 4038 4029 4029 4042 4042 4041 4041 4038 4038 4046 4046 4027 4027 4008 4008 4033 4033 4015 4015 4014 4014 4042 4042 4029 4029 4048 4048 4024 4024 4022 4022 4009 4009 4053 4053 4051 4051 4054 4054 4053 4053 4052 4052 4051 4051 4058 4058 4056 4056 4057 4057 4058 4058 4057 4057 4055 4055 4061 4061 4062 4062 4060 4060 4059 4059 4061 4061 4060 4060 4064 4064 4066 4066 4063 4063 4064 4064 4063 4063 4065 4065 4072 4072 4067 4067 4071 4071 4077 4077 4076 4076 4075 4075 4076 4076 4068 4068 4072 4072 4084 4084 4070 4070 4069 4069 4083 4083 4076 4076 4082 4082 4076 4076 4072 4072 4074 4074 4072 4072 4068 4068 4067 4067 4073 4073 4072 4072 4071 4071 4080 4080 4071 4071 4078 4078 4082 4082 4076 4076 4077 4077 4085 4085 4071 4071 4080 4080 4081 4081 4079 4079 4078 4078 4081 4081 4071 4071 4067 4067 4069 4069 4076 4076 4083 4083 4069 4069 4068 4068 4076 4076 4069 4069 4083 4083 4084 4084 4081 4081 4078 4078 4071 4071 4097 4097 4093 4093 4091 4091 4098 4098 4096 4096 4093 4093 4104 4104 4102 4102 4101 4101 4101 4101 4094 4094 4087 4087 4101 4101 4087 4087 4088 4088 4104 4104 4101 4101 4103 4103 4099 4099 4086 4086 4093 4093 4092 4092 4094 4094 4091 4091 4099 4099 4096 4096 4095 4095 4092 4092 4086 4086 4087 4087 4094 4094 4090 4090 4091 4091 4101 4101 4100 4100 4094 4094 4094 4094 4092 4092 4087 4087 4094 4094 4100 4100 4089 4089 4092 4092 4093 4093 4086 4086 4092 4092 4091 4091 4093 4093 4088 4088 4103 4103 4101 4101 4099 4099 4093 4093 4096 4096 4107 4107 4105 4105 4108 4108 4106 4106 4107 4107 4108 4108 4112 4112 4109 4109 4111 4111 4112 4112 4110 4110 4109 4109 4115 4115 4114 4114 4116 4116 4113 4113 4115 4115 4116 4116 4119 4119 4117 4117 4121 4121 4117 4117 4120 4120 4121 4121 4118 4118 4119 4119 4121 4121 4125 4125 4122 4122 4123 4123 4125 4125 4124 4124 4122 4122 4131 4131 4129 4129 4130 4130 4127 4127 4128 4128 4132 4132 4132 4132 4133 4133 4134 4134 4130 4130 4132 4132 4134 4134 4126 4126 4127 4127 4132 4132 4131 4131 4130 4130 4134 4134 4126 4126 4132 4132 4130 4130 4138 4138 4135 4135 4139 4139 4136 4136 4137 4137 4138 4138 4137 4137 4135 4135 4138 4138 4145 4145 4141 4141 4143 4143 4144 4144 4143 4143 4142 4142 4145 4145 4143 4143 4144 4144 4143 4143 4141 4141 4140 4140 4151 4151 4150 4150 4148 4148 4149 4149 4147 4147 4146 4146 4150 4150 4149 4149 4146 4146 4150 4150 4146 4146 4148 4148 4152 4152 4154 4154 4153 4153 4155 4155 4154 4154 4152 4152 4159 4159 4158 4158 4157 4157 4159 4159 4157 4157 4156 4156 4161 4161 4160 4160 4162 4162 4160 4160 4163 4163 4162 4162 4164 4164 4166 4166 4167 4167 4164 4164 4165 4165 4166 4166 4170 4170 4171 4171 4169 4169 4170 4170 4169 4169 4168 4168 4175 4175 4174 4174 4172 4172 4172 4172 4174 4174 4173 4173 4177 4177 4178 4178 4176 4176 4178 4178 4179 4179 4176 4176 4180 4180 4181 4181 4183 4183 4181 4181 4182 4182 4183 4183 4186 4186 4185 4185 4184 4184 4186 4186 4187 4187 4185 4185 4191 4191 4190 4190 4189 4189 4191 4191 4189 4189 4188 4188 4193 4193 4192 4192 4195 4195 4195 4195 4192 4192 4194 4194 4196 4196 4197 4197 4199 4199 4196 4196 4199 4199 4198 4198 4201 4201 4203 4203 4200 4200 4201 4201 4204 4204 4203 4203 4202 4202 4204 4204 4201 4201 4202 4202 4206 4206 4204 4204 4205 4205 4203 4203 4204 4204 4208 4208 4209 4209 4207 4207 4208 4208 4210 4210 4209 4209 4211 4211 4213 4213 4214 4214 4211 4211 4214 4214 4212 4212 4239 4239 4243 4243 4234 4234 4233 4233 4240 4240 4238 4238 4253 4253 4228 4228 4229 4229 4234 4234 4243 4243 4231 4231 4218 4218 4217 4217 4246 4246 4227 4227 4244 4244 4226 4226 4218 4218 4246 4246 4247 4247 4216 4216 4246 4246 4217 4217 4218 4218 4248 4248 4249 4249 4218 4218 4247 4247 4248 4248 4240 4240 4239 4239 4238 4238 4235 4235 4228 4228 4253 4253 4250 4250 4215 4215 4249 4249 4252 4252 4225 4225 4224 4224 4229 4229 4225 4225 4252 4252 4253 4253 4229 4229 4252 4252 4252 4252 4224 4224 4251 4251 4240 4240 4241 4241 4239 4239 4231 4231 4243 4243 4230 4230 4239 4239 4241 4241 4242 4242 4255 4255 4232 4232 4237 4237 4255 4255 4237 4237 4236 4236 4255 4255 4236 4236 4254 4254 4254 4254 4236 4236 4235 4235 4254 4254 4235 4235 4253 4253 4216 4216 4222 4222 4246 4246 4226 4226 4244 4244 4245 4245 4230 4230 4243 4243 4244 4244 4219 4219 4218 4218 4249 4249 4224 4224 4220 4220 4251 4251 4251 4251 4221 4221 4250 4250 4251 4251 4220 4220 4221 4221 4249 4249 4215 4215 4219 4219 4223 4223 4245 4245 4222 4222 4227 4227 4230 4230 4244 4244 4221 4221 4215 4215 4250 4250 4239 4239 4242 4242 4243 4243 4223 4223 4226 4226 4245 4245 4222 4222 4245 4245 4246 4246 4256 4256 4262 4262 4258 4258 4262 4262 4263 4263 4259 4259 4258 4258 4262 4262 4259 4259 4263 4263 4260 4260 4259 4259 4260 4260 4264 4264 4261 4261 4263 4263 4264 4264 4260 4260 4264 4264 4257 4257 4261 4261 4268 4268 4266 4266 4267 4267 4266 4266 4265 4265 4267 4267 4272 4272 4269 4269 4270 4270 4272 4272 4271 4271 4269 4269 4278 4278 4291 4291 4277 4277 4284 4284 4287 4287 4282 4282 4292 4292 4286 4286 4281 4281 4292 4292 4281 4281 4288 4288 4291 4291 4288 4288 4289 4289 4291 4291 4292 4292 4288 4288 4294 4294 4286 4286 4292 4292 4289 4289 4277 4277 4291 4291 4292 4292 4279 4279 4294 4294 4300 4300 4301 4301 4296 4296 4293 4293 4298 4298 4300 4300 4295 4295 4290 4290 4293 4293 4288 4288 4281 4281 4297 4297 4288 4288 4297 4297 4287 4287 4283 4283 4284 4284 4293 4293 4283 4283 4290 4290 4284 4284 4276 4276 4290 4290 4275 4275 4286 4286 4299 4299 4281 4281 4284 4284 4298 4298 4293 4293 4295 4295 4274 4274 4290 4290 4282 4282 4298 4298 4284 4284 4289 4289 4284 4284 4276 4276 4294 4294 4280 4280 4286 4286 4295 4295 4273 4273 4274 4274 4296 4296 4301 4301 4285 4285 4283 4283 4293 4293 4290 4290 4278 4278 4292 4292 4291 4291 4275 4275 4290 4290 4274 4274 4285 4285 4295 4295 4296 4296 4296 4296 4293 4293 4300 4300 4296 4296 4295 4295 4293 4293 4279 4279 4292 4292 4278 4278 4276 4276 4284 4284 4290 4290 4289 4289 4288 4288 4287 4287 4280 4280 4299 4299 4286 4286 4273 4273 4295 4295 4285 4285 4287 4287 4284 4284 4289 4289 4287 4287 4297 4297 4282 4282 4289 4289 4276 4276 4277 4277 4305 4305 4306 4306 4304 4304 4306 4306 4303 4303 4302 4302 4306 4306 4302 4302 4304 4304 4311 4311 4310 4310 4309 4309 4307 4307 4308 4308 4309 4309 4309 4309 4310 4310 4307 4307 4341 4341 4337 4337 4331 4331 4323 4323 4339 4339 4322 4322 4318 4318 4316 4316 4343 4343 4345 4345 4325 4325 4340 4340 4343 4343 4331 4331 4337 4337 4345 4345 4344 4344 4324 4324 4344 4344 4327 4327 4324 4324 4332 4332 4321 4321 4320 4320 4339 4339 4323 4323 4334 4334 4339 4339 4332 4332 4320 4320 4344 4344 4312 4312 4328 4328 4318 4318 4319 4319 4316 4316 4329 4329 4341 4341 4331 4331 4322 4322 4339 4339 4325 4325 4325 4325 4339 4339 4340 4340 4336 4336 4317 4317 4318 4318 4344 4344 4328 4328 4327 4327 4326 4326 4324 4324 4327 4327 4325 4325 4345 4345 4324 4324 4342 4342 4338 4338 4330 4330 4343 4343 4316 4316 4314 4314 4331 4331 4314 4314 4315 4315 4344 4344 4342 4342 4330 4330 4344 4344 4330 4330 4312 4312 4330 4330 4338 4338 4329 4329 4338 4338 4341 4341 4329 4329 4332 4332 4333 4333 4321 4321 4343 4343 4336 4336 4318 4318 4336 4336 4335 4335 4320 4320 4320 4320 4317 4317 4336 4336 4331 4331 4343 4343 4314 4314 4340 4340 4339 4339 4320 4320 4331 4331 4315 4315 4313 4313 4355 4355 4356 4356 4351 4351 4360 4360 4368 4368 4369 4369 4357 4357 4350 4350 4368 4368 4357 4357 4351 4351 4350 4350 4373 4373 4367 4367 4370 4370 4362 4362 4375 4375 4346 4346 4362 4362 4376 4376 4375 4375 4350 4350 4349 4349 4368 4368 4349 4349 4366 4366 4368 4368 4349 4349 4347 4347 4366 4366 4361 4361 4377 4377 4362 4362 4359 4359 4373 4373 4361 4361 4357 4357 4368 4368 4360 4360 4360 4360 4369 4369 4359 4359 4354 4354 4355 4355 4351 4351 4359 4359 4369 4369 4373 4373 4357 4357 4358 4358 4351 4351 4358 4358 4352 4352 4351 4351 4370 4370 4348 4348 4371 4371 4347 4347 4348 4348 4370 4370 4348 4348 4374 4374 4371 4371 4352 4352 4353 4353 4351 4351 4361 4361 4372 4372 4377 4377 4364 4364 4362 4362 4346 4346 4353 4353 4354 4354 4351 4351 4367 4367 4347 4347 4370 4370 4377 4377 4372 4372 4371 4371 4362 4362 4377 4377 4376 4376 4373 4373 4372 4372 4361 4361 4374 4374 4348 4348 4346 4346 4375 4375 4374 4374 4346 4346 4373 4373 4365 4365 4367 4367 4365 4365 4373 4373 4369 4369 4366 4366 4347 4347 4367 4367 4377 4377 4371 4371 4374 4374 4364 4364 4346 4346 4363 4363 4378 4378 4379 4379 4380 4380 4381 4381 4378 4378 4380 4380 4392 4392 4409 4409 4407 4407 4405 4405 4402 4402 4403 4403 4387 4387 4414 4414 4396 4396 4393 4393 4388 4388 4390 4390 4394 4394 4393 4393 4391 4391 4392 4392 4407 4407 4406 4406 4384 4384 4415 4415 4393 4393 4415 4415 4411 4411 4393 4393 4405 4405 4387 4387 4404 4404 4392 4392 4386 4386 4388 4388 4386 4386 4387 4387 4388 4388 4390 4390 4388 4388 4389 4389 4398 4398 4396 4396 4397 4397 4396 4396 4388 4388 4387 4387 4415 4415 4383 4383 4411 4411 4415 4415 4384 4384 4383 4383 4393 4393 4392 4392 4388 4388 4411 4411 4409 4409 4392 4392 4414 4414 4401 4401 4400 4400 4393 4393 4411 4411 4392 4392 4411 4411 4413 4413 4412 4412 4414 4414 4400 4400 4399 4399 4412 4412 4408 4408 4411 4411 4414 4414 4403 4403 4401 4401 4405 4405 4414 4414 4387 4387 4411 4411 4408 4408 4409 4409 4414 4414 4399 4399 4385 4385 4411 4411 4383 4383 4382 4382 4405 4405 4403 4403 4414 4414 4411 4411 4382 4382 4413 4413 4389 4389 4388 4388 4396 4396 4389 4389 4396 4396 4398 4398 4384 4384 4393 4393 4410 4410 4404 4404 4387 4387 4395 4395 4410 4410 4393 4393 4394 4394 4416 4416 4417 4417 4418 4418 4418 4418 4417 4417 4419 4419 4420 4420 4421 4421 4422 4422 4420 4420 4422 4422 4423 4423 4445 4445 4439 4439 4436 4436 4443 4443 4437 4437 4429 4429 4434 4434 4430 4430 4431 4431 4454 4454 4452 4452 4430 4430 4444 4444 4436 4436 4424 4424 4446 4446 4439 4439 4445 4445 4445 4445 4436 4436 4444 4444 4457 4457 4454 4454 4440 4440 4439 4439 4433 4433 4430 4430 4447 4447 4433 4433 4439 4439 4439 4439 4435 4435 4436 4436 4434 4434 4454 4454 4430 4430 4428 4428 4429 4429 4437 4437 4437 4437 4438 4438 4435 4435 4439 4439 4437 4437 4435 4435 4443 4443 4442 4442 4437 4437 4425 4425 4452 4452 4454 4454 4441 4441 4438 4438 4437 4437 4447 4447 4439 4439 4446 4446 4456 4456 4451 4451 4425 4425 4425 4425 4451 4451 4452 4452 4430 4430 4428 4428 4437 4437 4430 4430 4437 4437 4439 4439 4456 4456 4425 4425 4455 4455 4425 4425 4454 4454 4457 4457 4432 4432 4431 4431 4430 4430 4432 4432 4430 4430 4433 4433 4452 4452 4428 4428 4430 4430 4452 4452 4449 4449 4428 4428 4457 4457 4426 4426 4425 4425 4453 4453 4454 4454 4434 4434 4452 4452 4450 4450 4449 4449 4452 4452 4451 4451 4450 4450 4448 4448 4427 4427 4428 4428 4448 4448 4428 4428 4449 4449 4460 4460 4458 4458 4461 4461 4459 4459 4460 4460 4461 4461 4463 4463 4464 4464 4465 4465 4464 4464 4462 4462 4465 4465 4468 4468 4467 4467 4466 4466 4467 4467 4468 4468 4469 4469 4474 4474 4471 4471 4475 4475 4471 4471 4472 4472 4475 4475 4472 4472 4470 4470 4475 4475 4473 4473 4474 4474 4475 4475 4481 4481 4478 4478 4479 4479 4479 4479 4478 4478 4476 4476 4478 4478 4477 4477 4476 4476 4480 4480 4477 4477 4478 4478 4482 4482 4487 4487 4488 4488 4490 4490 4485 4485 4486 4486 4490 4490 4489 4489 4488 4488 4483 4483 4482 4482 4488 4488 4484 4484 4488 4488 4487 4487 4490 4490 4486 4486 4489 4489 4483 4483 4488 4488 4489 4489 4493 4493 4491 4491 4492 4492 4494 4494 4493 4493 4492 4492 4499 4499 4498 4498 4497 4497 4499 4499 4496 4496 4498 4498 4499 4499 4495 4495 4496 4496 4500 4500 4501 4501 4502 4502 4500 4500 4502 4502 4503 4503 4507 4507 4520 4520 4506 4506 4507 4507 4508 4508 4520 4520 4515 4515 4534 4534 4524 4524 4504 4504 4519 4519 4526 4526 4511 4511 4529 4529 4510 4510 4515 4515 4512 4512 4530 4530 4517 4517 4515 4515 4524 4524 4523 4523 4509 4509 4510 4510 4515 4515 4530 4530 4534 4534 4513 4513 4517 4517 4514 4514 4529 4529 4523 4523 4510 4510 4520 4520 4513 4513 4514 4514 4508 4508 4509 4509 4522 4522 4509 4509 4523 4523 4521 4521 4521 4521 4531 4531 4512 4512 4521 4521 4513 4513 4522 4522 4519 4519 4505 4505 4514 4514 4532 4532 4528 4528 4527 4527 4520 4520 4522 4522 4513 4513 4532 4532 4533 4533 4518 4518 4518 4518 4533 4533 4531 4531 4528 4528 4518 4518 4521 4521 4520 4520 4514 4514 4506 4506 4529 4529 4528 4528 4523 4523 4529 4529 4527 4527 4528 4528 4522 4522 4509 4509 4521 4521 4516 4516 4517 4517 4524 4524 4517 4517 4516 4516 4514 4514 4521 4521 4512 4512 4513 4513 4517 4517 4513 4513 4512 4512 4512 4512 4515 4515 4517 4517 4528 4528 4532 4532 4518 4518 4514 4514 4516 4516 4519 4519 4504 4504 4526 4526 4525 4525 4524 4524 4525 4525 4526 4526 4524 4524 4526 4526 4516 4516 4526 4526 4519 4519 4516 4516 4518 4518 4531 4531 4521 4521 4523 4523 4528 4528 4521 4521 4520 4520 4508 4508 4522 4522 4504 4504 4505 4505 4519 4519 4524 4524 4535 4535 4525 4525 4506 4506 4514 4514 4505 4505 4524 4524 4534 4534 4535 4535 4539 4539 4537 4537 4536 4536 4538 4538 4536 4536 4540 4540 4539 4539 4536 4536 4538 4538 4541 4541 4538 4538 4540 4540 4544 4544 4545 4545 4543 4543 4544 4544 4546 4546 4545 4545 4543 4543 4545 4545 4542 4542 4550 4550 4549 4549 4547 4547 4550 4550 4547 4547 4548 4548 4563 4563 4564 4564 4558 4558 4560 4560 4563 4563 4554 4554 4556 4556 4551 4551 4565 4565 4555 4555 4551 4551 4556 4556 4553 4553 4557 4557 4552 4552 4553 4553 4563 4563 4558 4558 4564 4564 4567 4567 4557 4557 4553 4553 4558 4558 4557 4557 4555 4555 4556 4556 4561 4561 4563 4563 4553 4553 4554 4554 4561 4561 4562 4562 4564 4564 4557 4557 4566 4566 4552 4552 4557 4557 4558 4558 4564 4564 4562 4562 4567 4567 4564 4564 4562 4562 4561 4561 4556 4556 4556 4556 4568 4568 4562 4562 4560 4560 4555 4555 4561 4561 4554 4554 4555 4555 4560 4560 4560 4560 4559 4559 4563 4563 4559 4559 4561 4561 4564 4564 4560 4560 4561 4561 4559 4559 4559 4559 4564 4564 4563 4563 4568 4568 4567 4567 4562 4562 4570 4570 4569 4569 4572 4572 4572 4572 4569 4569 4571 4571 4576 4576 4575 4575 4574 4574 4573 4573 4576 4576 4574 4574 4578 4578 4579 4579 4577 4577 4579 4579 4580 4580 4577 4577 4582 4582 4583 4583 4584 4584 4582 4582 4581 4581 4583 4583 4586 4586 4585 4585 4587 4587 4588 4588 4587 4587 4585 4585 4591 4591 4592 4592 4589 4589 4591 4591 4589 4589 4590 4590 4596 4596 4594 4594 4595 4595 4593 4593 4594 4594 4596 4596 4631 4631 4605 4605 4603 4603 4632 4632 4607 4607 4605 4605 4597 4597 4616 4616 4642 4642 4616 4616 4615 4615 4642 4642 4615 4615 4614 4614 4642 4642 4614 4614 4613 4613 4641 4641 4613 4613 4640 4640 4641 4641 4633 4633 4634 4634 4609 4609 4632 4632 4609 4609 4608 4608 4604 4604 4600 4600 4602 4602 4629 4629 4622 4622 4611 4611 4634 4634 4635 4635 4609 4609 4635 4635 4636 4636 4609 4609 4619 4619 4618 4618 4626 4626 4623 4623 4622 4622 4629 4629 4630 4630 4623 4623 4629 4629 4630 4630 4599 4599 4623 4623 4628 4628 4619 4619 4627 4627 4632 4632 4605 4605 4631 4631 4632 4632 4608 4608 4607 4607 4624 4624 4638 4638 4621 4621 4625 4625 4617 4617 4597 4597 4629 4629 4611 4611 4620 4620 4621 4621 4639 4639 4612 4612 4633 4633 4609 4609 4632 4632 4612 4612 4639 4639 4613 4613 4638 4638 4639 4639 4621 4621 4636 4636 4606 4606 4610 4610 4609 4609 4636 4636 4610 4610 4628 4628 4620 4620 4619 4619 4614 4614 4641 4641 4642 4642 4613 4613 4639 4639 4640 4640 4629 4629 4620 4620 4628 4628 4604 4604 4637 4637 4600 4600 4600 4600 4637 4637 4598 4598 4637 4637 4638 4638 4624 4624 4637 4637 4624 4624 4598 4598 4631 4631 4601 4601 4630 4630 4631 4631 4603 4603 4601 4601 4619 4619 4626 4626 4627 4627 4618 4618 4617 4617 4626 4626 4626 4626 4617 4617 4625 4625 4606 4606 4636 4636 4604 4604 4630 4630 4601 4601 4599 4599 4636 4636 4637 4637 4604 4604 4646 4646 4645 4645 4644 4644 4646 4646 4644 4644 4643 4643 4649 4649 4650 4650 4647 4647 4649 4649 4647 4647 4648 4648 4654 4654 4652 4652 4653 4653 4651 4651 4652 4652 4654 4654 4665 4665 4709 4709 4704 4704 4710 4710 4660 4660 4708 4708 4707 4707 4706 4706 4705 4705 4689 4689 4701 4701 4703 4703 4672 4672 4698 4698 4700 4700 4691 4691 4669 4669 4694 4694 4693 4693 4670 4670 4671 4671 4691 4691 4668 4668 4669 4669 4711 4711 4679 4679 4680 4680 4662 4662 4661 4661 4709 4709 4697 4697 4663 4663 4700 4700 4711 4711 4680 4680 4712 4712 4658 4658 4659 4659 4655 4655 4708 4708 4655 4655 4688 4688 4700 4700 4699 4699 4672 4672 4709 4709 4661 4661 4710 4710 4685 4685 4686 4686 4690 4690 4698 4698 4668 4668 4695 4695 4686 4686 4682 4682 4690 4690 4711 4711 4682 4682 4683 4683 4683 4683 4679 4679 4711 4711 4683 4683 4684 4684 4679 4679 4690 4690 4682 4682 4711 4711 4697 4697 4700 4700 4698 4698 4656 4656 4671 4671 4667 4667 4673 4673 4674 4674 4689 4689 4692 4692 4693 4693 4666 4666 4698 4698 4672 4672 4668 4668 4712 4712 4680 4680 4681 4681 4678 4678 4675 4675 4706 4706 4712 4712 4681 4681 4677 4677 4712 4712 4677 4677 4678 4678 4706 4706 4675 4675 4676 4676 4663 4663 4692 4692 4666 4666 4687 4687 4690 4690 4688 4688 4664 4664 4700 4700 4663 4663 4692 4692 4668 4668 4691 4691 4709 4709 4707 4707 4704 4704 4662 4662 4709 4709 4665 4665 4704 4704 4707 4707 4705 4705 4693 4693 4671 4671 4657 4657 4704 4704 4703 4703 4665 4665 4665 4665 4703 4703 4664 4664 4655 4655 4687 4687 4688 4688 4666 4666 4693 4693 4657 4657 4706 4706 4712 4712 4678 4678 4689 4689 4702 4702 4701 4701 4658 4658 4655 4655 4708 4708 4696 4696 4695 4695 4668 4668 4663 4663 4696 4696 4668 4668 4693 4693 4694 4694 4670 4670 4702 4702 4674 4674 4672 4672 4705 4705 4673 4673 4689 4689 4657 4657 4671 4671 4656 4656 4694 4694 4669 4669 4670 4670 4702 4702 4689 4689 4674 4674 4703 4703 4701 4701 4664 4664 4701 4701 4700 4700 4664 4664 4687 4687 4685 4685 4690 4690 4706 4706 4676 4676 4705 4705 4705 4705 4676 4676 4673 4673 4668 4668 4692 4692 4663 4663 4697 4697 4696 4696 4663 4663 4702 4702 4672 4672 4699 4699 4658 4658 4708 4708 4660 4660 4661 4661 4660 4660 4710 4710 4715 4715 4716 4716 4713 4713 4714 4714 4715 4715 4713 4713 4720 4720 4717 4717 4718 4718 4720 4720 4718 4718 4719 4719 4742 4742 4739 4739 4740 4740 4742 4742 4740 4740 4741 4741 4732 4732 4730 4730 4731 4731 4742 4742 4721 4721 4722 4722 4742 4742 4738 4738 4739 4739 4742 4742 4736 4736 4738 4738 4725 4725 4733 4733 4724 4724 4742 4742 4735 4735 4736 4736 4730 4730 4726 4726 4727 4727 4729 4729 4730 4730 4727 4727 4732 4732 4733 4733 4725 4725 4742 4742 4723 4723 4724 4724 4732 4732 4725 4725 4730 4730 4735 4735 4742 4742 4724 4724 4733 4733 4734 4734 4735 4735 4725 4725 4726 4726 4730 4730 4735 4735 4724 4724 4733 4733 4723 4723 4742 4742 4722 4722 4736 4736 4737 4737 4738 4738 4742 4742 4741 4741 4721 4721 4729 4729 4727 4727 4728 4728 4748 4748 4753 4753 4754 4754 4758 4758 4760 4760 4757 4757 4748 4748 4754 4754 4755 4755 4758 4758 4759 4759 4743 4743 4760 4760 4756 4756 4757 4757 4758 4758 4745 4745 4746 4746 4758 4758 4744 4744 4745 4745 4758 4758 4746 4746 4760 4760 4748 4748 4749 4749 4753 4753 4747 4747 4748 4748 4746 4746 4748 4748 4760 4760 4746 4746 4748 4748 4755 4755 4760 4760 4758 4758 4743 4743 4744 4744 4760 4760 4755 4755 4756 4756 4750 4750 4752 4752 4753 4753 4749 4749 4750 4750 4753 4753 4750 4750 4751 4751 4752 4752 4778 4778 4780 4780 4774 4774 4764 4764 4769 4769 4770 4770 4764 4764 4779 4779 4780 4780 4778 4778 4761 4761 4780 4780 4766 4766 4767 4767 4768 4768 4764 4764 4780 4780 4763 4763 4762 4762 4763 4763 4780 4780 4762 4762 4780 4780 4761 4761 4772 4772 4773 4773 4780 4780 4780 4780 4773 4773 4774 4774 4779 4779 4772 4772 4780 4780 4779 4779 4771 4771 4772 4772 4764 4764 4765 4765 4769 4769 4779 4779 4770 4770 4771 4771 4779 4779 4764 4764 4770 4770 4778 4778 4774 4774 4776 4776 4769 4769 4766 4766 4768 4768 4769 4769 4765 4765 4766 4766 4778 4778 4776 4776 4777 4777 4774 4774 4775 4775 4776 4776 4784 4784 4797 4797 4798 4798 4796 4796 4800 4800 4795 4795 4784 4784 4798 4798 4783 4783 4784 4784 4796 4796 4797 4797 4783 4783 4798 4798 4782 4782 4782 4782 4798 4798 4799 4799 4782 4782 4799 4799 4781 4781 4787 4787 4788 4788 4789 4789 4794 4794 4791 4791 4792 4792 4787 4787 4789 4789 4790 4790 4792 4792 4793 4793 4794 4794 4787 4787 4800 4800 4786 4786 4794 4794 4790 4790 4791 4791 4794 4794 4795 4795 4800 4800 4787 4787 4794 4794 4800 4800 4787 4787 4790 4790 4794 4794 4784 4784 4785 4785 4786 4786 4784 4784 4786 4786 4800 4800 4784 4784 4800 4800 4796 4796 4801 4801 4802 4802 4803 4803 4805 4805 4804 4804 4806 4806 4809 4809 4807 4807 4808 4808 4811 4811 4810 4810 4812 4812 4815 4815 4813 4813 4814 4814 4818 4818 4816 4816 4817 4817 4821 4821 4819 4819 4820 4820 4824 4824 4822 4822 4823 4823 4827 4827 4825 4825 4826 4826 4830 4830 4828 4828 4829 4829 4833 4833 4831 4831 4832 4832 4836 4836 4834 4834 4835 4835 4839 4839 4837 4837 4838 4838 4842 4842 4840 4840 4841 4841 4845 4845 4843 4843 4844 4844 4848 4848 4846 4846 4847 4847 4851 4851 4849 4849 4850 4850 4852 4852 4853 4853 4854 4854 4855 4855 4857 4857 4856 4856 4860 4860 4858 4858 4859 4859 4863 4863 4861 4861 4862 4862 4866 4866 4864 4864 4865 4865 4869 4869 4867 4867 4868 4868 4872 4872 4870 4870 4871 4871 4875 4875 4873 4873 4874 4874 4878 4878 4876 4876 4877 4877 4881 4881 4879 4879 4880 4880 4884 4884 4882 4882 4883 4883 4887 4887 4885 4885 4886 4886 4890 4890 4888 4888 4889 4889 4893 4893 4891 4891 4892 4892 4896 4896 4894 4894 4895 4895 4899 4899 4897 4897 4898 4898 4902 4902 4900 4900 4901 4901 4905 4905 4903 4903 4904 4904 4908 4908 4906 4906 4907 4907 4911 4911 4909 4909 4910 4910 4914 4914 4912 4912 4913 4913 4917 4917 4915 4915 4916 4916 4920 4920 4918 4918 4919 4919 4923 4923 4921 4921 4922 4922 4926 4926 4924 4924 4925 4925 4929 4929 4927 4927 4928 4928 4932 4932 4930 4930 4931 4931 4935 4935 4933 4933 4934 4934 4938 4938 4936 4936 4937 4937 4941 4941 4939 4939 4940 4940 4944 4944 4942 4942 4943 4943 4947 4947 4945 4945 4946 4946 4950 4950 4948 4948 4949 4949 4953 4953 4951 4951 4952 4952 4956 4956 4954 4954 4955 4955 4959 4959 4957 4957 4958 4958 4962 4962 4960 4960 4961 4961 4965 4965 4963 4963 4964 4964 4968 4968 4966 4966 4967 4967 4971 4971 4969 4969 4970 4970 4974 4974 4972 4972 4973 4973 4977 4977 4976 4976 4975 4975 4980 4980 4978 4978 4979 4979 4983 4983 4981 4981 4982 4982 4984 4984 4985 4985 4986 4986 4989 4989 4987 4987 4988 4988 4992 4992 4990 4990 4991 4991 4995 4995 4993 4993 4994 4994 4998 4998 4997 4997 4996 4996 5001 5001 5000 5000 4999 4999 5004 5004 5003 5003 5002 5002 5007 5007 5006 5006 5005 5005 5010 5010 5009 5009 5008 5008 5013 5013 5012 5012 5011 5011 5016 5016 5015 5015 5014 5014 5019 5019 5018 5018 5017 5017 5022 5022 5021 5021 5020 5020 5025 5025 5024 5024 5023 5023 5028 5028 5027 5027 5026 5026 5031 5031 5030 5030 5029 5029 5034 5034 5033 5033 5032 5032 5037 5037 5036 5036 5035 5035 5040 5040 5039 5039 5038 5038 5043 5043 5042 5042 5041 5041 5046 5046 5045 5045 5044 5044 5049 5049 5048 5048 5047 5047 5052 5052 5051 5051 5050 5050 5055 5055 5054 5054 5053 5053 5057 5057 5058 5058 5056 5056 5061 5061 5059 5059 5060 5060 5064 5064 5062 5062 5063 5063 5067 5067 5065 5065 5066 5066 5070 5070 5068 5068 5069 5069 5073 5073 5071 5071 5072 5072 5076 5076 5074 5074 5075 5075 5079 5079 5077 5077 5078 5078 5082 5082 5080 5080 5081 5081 5085 5085 5083 5083 5084 5084 5088 5088 5086 5086 5087 5087 5091 5091 5089 5089 5090 5090 5094 5094 5092 5092 5093 5093 5097 5097 5095 5095 5096 5096 5100 5100 5099 5099 5098 5098 5103 5103 5101 5101 5102 5102 5106 5106 5104 5104 5105 5105 5109 5109 5108 5108 5107 5107 5112 5112 5110 5110 5111 5111 5115 5115 5113 5113 5114 5114 5118 5118 5116 5116 5117 5117 5121 5121 5119 5119 5120 5120 5124 5124 5122 5122 5123 5123 5127 5127 5126 5126 5125 5125 5130 5130 5129 5129 5128 5128 5133 5133 5132 5132 5131 5131 5136 5136 5135 5135 5134 5134 5139 5139 5138 5138 5137 5137 5142 5142 5141 5141 5140 5140 5145 5145 5144 5144 5143 5143 5148 5148 5147 5147 5146 5146 5151 5151 5150 5150 5149 5149 5153 5153 5152 5152 5154 5154 5157 5157 5156 5156 5155 5155 5159 5159 5160 5160 5158 5158 5163 5163 5161 5161 5162 5162 5165 5165 5166 5166 5164 5164 5167 5167 5168 5168 5169 5169 5171 5171 5172 5172 5170 5170 5174 5174 5173 5173 5175 5175 5176 5176 5178 5178 5177 5177 5181 5181 5180 5180 5179 5179 5184 5184 5183 5183 5182 5182 5187 5187 5186 5186 5185 5185 5190 5190 5189 5189 5188 5188 5193 5193 5192 5192 5191 5191 5196 5196 5195 5195 5194 5194 5199 5199 5198 5198 5197 5197 5201 5201 5202 5202 5200 5200 5203 5203 5204 5204 5205 5205 5206 5206 5207 5207 5208 5208 5209 5209 5210 5210 5211 5211 5213 5213 5212 5212 5214 5214 5215 5215 5216 5216 5217 5217 5218 5218 5219 5219 5220 5220 5221 5221 5222 5222 5223 5223 5225 5225 5226 5226 5224 5224 5227 5227 5228 5228 5229 5229 5231 5231 5230 5230 5232 5232 5234 5234 5233 5233 5235 5235 5238 5238 5236 5236 5237 5237 5241 5241 5239 5239 5240 5240 5242 5242 5243 5243 5244 5244 5245 5245 5246 5246 5247 5247 5248 5248 5249 5249 5250 5250 5251 5251 5252 5252 5253 5253 5256 5256 5255 5255 5254 5254 5259 5259 5258 5258 5257 5257 5262 5262 5261 5261 5260 5260 5265 5265 5264 5264 5263 5263 5268 5268 5266 5266 5267 5267 5271 5271 5269 5269 5270 5270 5274 5274 5272 5272 5273 5273 5277 5277 5276 5276 5275 5275 5280 5280 5278 5278 5279 5279 5283 5283 5282 5282 5281 5281 5286 5286 5284 5284 5285 5285 5289 5289 5287 5287 5288 5288 5292 5292 5291 5291 5290 5290 5295 5295 5293 5293 5294 5294 5296 5296 5298 5298 5297 5297 5301 5301 5300 5300 5299 5299 5304 5304 5302 5302 5303 5303 5307 5307 5305 5305 5306 5306 5310 5310 5308 5308 5309 5309 5313 5313 5312 5312 5311 5311 5316 5316 5314 5314 5315 5315 5319 5319 5317 5317 5318 5318 5322 5322 5321 5321 5320 5320 5325 5325 5323 5323 5324 5324 5328 5328 5326 5326 5327 5327 5331 5331 5330 5330 5329 5329 5334 5334 5332 5332 5333 5333 5337 5337 5336 5336 5335 5335 5340 5340 5338 5338 5339 5339 5343 5343 5342 5342 5341 5341 5346 5346 5344 5344 5345 5345 5349 5349 5348 5348 5347 5347 5352 5352 5350 5350 5351 5351 5355 5355 5354 5354 5353 5353 5358 5358 5356 5356 5357 5357 5361 5361 5360 5360 5359 5359 5364 5364 5362 5362 5363 5363 5367 5367 5366 5366 5365 5365 5370 5370 5368 5368 5369 5369 5373 5373 5371 5371 5372 5372 5376 5376 5375 5375 5374 5374 5379 5379 5377 5377 5378 5378 5382 5382 5381 5381 5380 5380 5384 5384 5385 5385 5383 5383 5388 5388 5387 5387 5386 5386 5391 5391 5390 5390 5389 5389 5393 5393 5392 5392 5394 5394 5395 5395 5396 5396 5397 5397 5400 5400 5399 5399 5398 5398 5401 5401 5402 5402 5403 5403 5406 5406 5404 5404 5405 5405 5409 5409 5408 5408 5407 5407 5412 5412 5411 5411 5410 5410 5415 5415 5414 5414 5413 5413 5417 5417 5418 5418 5416 5416 5420 5420 5421 5421 5419 5419 5423 5423 5424 5424 5422 5422 5426 5426 5427 5427 5425 5425 5429 5429 5430 5430 5428 5428 5431 5431 5432 5432 5433 5433 5434 5434 5435 5435 5436 5436 5437 5437 5438 5438 5439 5439 5440 5440 5442 5442 5441 5441 5445 5445 5443 5443 5444 5444 5447 5447 5448 5448 5446 5446 5450 5450 5451 5451 5449 5449 5453 5453 5454 5454 5452 5452 5456 5456 5457 5457 5455 5455 5460 5460 5458 5458 5459 5459 5463 5463 5461 5461 5462 5462 5466 5466 5465 5465 5464 5464 5469 5469 5467 5467 5468 5468 5472 5472 5470 5470 5471 5471 5475 5475 5473 5473 5474 5474 5478 5478 5476 5476 5477 5477 5481 5481 5479 5479 5480 5480 5484 5484 5482 5482 5483 5483 5487 5487 5485 5485 5486 5486 5490 5490 5488 5488 5489 5489 5493 5493 5491 5491 5492 5492 5495 5495 5496 5496 5494 5494 5497 5497 5499 5499 5498 5498 5502 5502 5500 5500 5501 5501 5503 5503 5505 5505 5504 5504 5508 5508 5507 5507 5506 5506 5511 5511 5509 5509 5510 5510 5514 5514 5513 5513 5512 5512 5517 5517 5516 5516 5515 5515 5520 5520 5519 5519 5518 5518 5523 5523 5522 5522 5521 5521 5526 5526 5525 5525 5524 5524 5529 5529 5527 5527 5528 5528 5532 5532 5530 5530 5531 5531 5535 5535 5534 5534 5533 5533 5538 5538 5537 5537 5536 5536 5541 5541 5540 5540 5539 5539 5544 5544 5542 5542 5543 5543 5547 5547 5546 5546 5545 5545 5550 5550 5548 5548 5549 5549 5553 5553 5551 5551 5552 5552 5556 5556 5554 5554 5555 5555 5559 5559 5557 5557 5558 5558 5562 5562 5560 5560 5561 5561 5565 5565 5563 5563 5564 5564 5568 5568 5566 5566 5567 5567 5570 5570 5571 5571 5569 5569 5572 5572 5574 5574 5573 5573 5576 5576 5575 5575 5577 5577 5580 5580 5578 5578 5579 5579 5583 5583 5582 5582 5581 5581 5584 5584 5585 5585 5586 5586 5588 5588 5587 5587 5589 5589 5592 5592 5591 5591 5590 5590 5594 5594 5593 5593 5595 5595 5596 5596 5597 5597 5598 5598 5599 5599 5600 5600 5601 5601 5603 5603 5602 5602 5604 5604 5607 5607 5605 5605 5606 5606 5610 5610 5608 5608 5609 5609 5611 5611 5612 5612 5613 5613 5616 5616 5615 5615 5614 5614 5617 5617 5618 5618 5619 5619 5622 5622 5621 5621 5620 5620 5625 5625 5624 5624 5623 5623 5628 5628 5626 5626 5627 5627 5631 5631 5629 5629 5630 5630 5634 5634 5633 5633 5632 5632 5637 5637 5635 5635 5636 5636 5640 5640 5639 5639 5638 5638 5643 5643 5642 5642 5641 5641 5644 5644 5645 5645 5646 5646 5647 5647 5648 5648 5649 5649 5650 5650 5651 5651 5652 5652 5655 5655 5654 5654 5653 5653 5658 5658 5656 5656 5657 5657 5661 5661 5660 5660 5659 5659 5664 5664 5662 5662 5663 5663 5666 5666 5667 5667 5665 5665 5670 5670 5668 5668 5669 5669 5671 5671 5673 5673 5672 5672 5676 5676 5674 5674 5675 5675 5678 5678 5677 5677 5679 5679 5682 5682 5681 5681 5680 5680 5685 5685 5684 5684 5683 5683 5687 5687 5688 5688 5686 5686 5689 5689 5691 5691 5690 5690 5694 5694 5693 5693 5692 5692 5695 5695 5696 5696 5697 5697 5699 5699 5698 5698 5700 5700 5701 5701 5702 5702 5703 5703 5704 5704 5705 5705 5706 5706 5707 5707 5708 5708 5709 5709 5710 5710 5711 5711 5712 5712 5715 5715 5714 5714 5713 5713 5716 5716 5717 5717 5718 5718 5721 5721 5720 5720 5719 5719 5723 5723 5722 5722 5724 5724 5725 5725 5727 5727 5726 5726 5729 5729 5728 5728 5730 5730 5733 5733 5731 5731 5732 5732 5736 5736 5734 5734 5735 5735 5737 5737 5738 5738 5739 5739 5740 5740 5741 5741 5742 5742 5744 5744 5743 5743 5745 5745 5746 5746 5747 5747 5748 5748 5749 5749 5750 5750 5751 5751 5752 5752 5753 5753 5754 5754 5756 5756 5755 5755 5757 5757 5758 5758 5759 5759 5760 5760 5762 5762 5763 5763 5761 5761 5765 5765 5764 5764 5766 5766 5769 5769 5767 5767 5768 5768 5772 5772 5771 5771 5770 5770 5773 5773 5774 5774 5775 5775 5776 5776 5777 5777 5778 5778 5781 5781 5780 5780 5779 5779 5783 5783 5782 5782 5784 5784 5785 5785 5786 5786 5787 5787 5790 5790 5788 5788 5789 5789 5793 5793 5792 5792 5791 5791 5796 5796 5794 5794 5795 5795 5799 5799 5797 5797 5798 5798 5802 5802 5801 5801 5800 5800 5805 5805 5804 5804 5803 5803 5807 5807 5806 5806 5808 5808 5811 5811 5810 5810 5809 5809 5814 5814 5813 5813 5812 5812 5817 5817 5816 5816 5815 5815 5820 5820 5819 5819 5818 5818 5821 5821 5823 5823 5822 5822 5825 5825 5824 5824 5826 5826 5829 5829 5828 5828 5827 5827 5832 5832 5830 5830 5831 5831 5835 5835 5834 5834 5833 5833 5836 5836 5838 5838 5837 5837 5839 5839 5840 5840 5841 5841 5842 5842 5843 5843 5844 5844 5847 5847 5845 5845 5846 5846 5848 5848 5849 5849 5850 5850 5851 5851 5852 5852 5853 5853 5854 5854 5855 5855 5856 5856 5857 5857 5858 5858 5859 5859 5861 5861 5860 5860 5862 5862 5865 5865 5864 5864 5863 5863 5866 5866 5868 5868 5867 5867 5869 5869 5870 5870 5871 5871 5874 5874 5873 5873 5872 5872 5877 5877 5876 5876 5875 5875 5879 5879 5878 5878 5880 5880 5882 5882 5881 5881 5883 5883 5884 5884 5886 5886 5885 5885 5889 5889 5888 5888 5887 5887 5892 5892 5891 5891 5890 5890 5895 5895 5894 5894 5893 5893 5896 5896 5897 5897 5898 5898 5901 5901 5900 5900 5899 5899 5903 5903 5902 5902 5904 5904 5907 5907 5906 5906 5905 5905 5909 5909 5910 5910 5908 5908 5911 5911 5913 5913 5912 5912 5915 5915 5916 5916 5914 5914 5917 5917 5919 5919 5918 5918 5920 5920 5922 5922 5921 5921 5923 5923 5925 5925 5924 5924 5926 5926 5928 5928 5927 5927 5931 5931 5929 5929 5930 5930</p>
        </triangles>
      </mesh>
    </geometry>
    <geometry id="g3_black" name="g3_black">
      <mesh>
        <source id="g3_black-pos">
          <float_array count="17085" id="g3_black-pos-array">0.0034662 -0.0153204 -0.0535372 0.0035067 -0.0153647 -0.0525007 0.0063381 -0.0137032 -0.0535395 0.0063977 -0.0137695 -0.0513451 0.0082254 -0.0125032 -0.0513451 0.0082573 -0.0125405 -0.0491488 0.009973 -0.0111567 -0.0491476 0.0099831 -0.0111712 -0.046951 0.0115958 -0.0096764 -0.0469486 0.011587 -0.009671 -0.0447498 0.0131002 -0.008075 -0.0447463 0.0130731 -0.0080504 -0.0425494 0.0140319 -0.0069323 -0.0425465 0.0140123 -0.0069136 -0.0415098 0.012374 -0.0087682 -0.0415144 0.0124127 -0.0088048 -0.0437115 0.0108532 -0.0103524 -0.0437144 0.010873 -0.0103693 -0.0459113 0.0092141 -0.0118127 -0.0459132 0.0092142 -0.0118088 -0.0481098 0.0074504 -0.0131422 -0.0481106 0.0074274 -0.0131142 -0.0503069 0.0055528 -0.0143313 -0.0503064 0.0055001 -0.0142723 -0.0525025 -0.0018275 -0.0002302 -0.047988 -0.0018179 -0.0002441 -0.0457914 -0.0002282 0.0012718 -0.0457888 -0.0002186 0.0012578 -0.0435922 0.001371 0.0027737 -0.0435896 0.0013807 0.0027598 -0.0413931 0.0020998 0.0034565 -0.0424283 0.0020902 0.0034705 -0.0446248 0.0005005 0.0019545 -0.0446274 0.0004909 0.0019685 -0.0468261 -0.0011003 0.0004511 -0.0468287 -0.0011099 0.0004651 -0.0490252 -0.0026995 -0.0010508 -0.0490279 -0.0034268 -0.0017322 -0.0501871 -0.0034172 -0.0017461 -0.0479906 -0.0026995 -0.0010508 -0.0490279 -0.0027092 -0.0010369 -0.0512244 -0.0042988 -0.0025528 -0.0512271 0.0074274 -0.0131142 -0.0503069 0.0055528 -0.0143313 -0.0503064 -0.0050165 -0.0032481 -0.0501898 -0.0034268 -0.0017322 -0.0501871 0.0099831 -0.0111712 -0.046951 0.0115958 -0.0096764 -0.0469486 0.0004909 0.0019685 -0.0468261 -0.0011003 0.0004511 -0.0468287 0.0082254 -0.0125032 -0.0513451 0.0082573 -0.0125405 -0.0491488 -0.0026995 -0.0010508 -0.0490279 -0.0027092 -0.0010369 -0.0512244 0.0034662 -0.0153204 -0.0535372 0.0035067 -0.0153647 -0.0525007 -0.0066203 -0.0047435 -0.0534259 -0.0066158 -0.00475 -0.052389 0.0140132 -0.0070115 -0.0465106 0.0140082 -0.0070044 -0.047547 0.0124308 -0.0088189 -0.0465152 0.0124204 -0.0088042 -0.0487117 0.0108679 -0.0103591 -0.0487147 0.0108401 -0.010326 -0.0509111 0.0091836 -0.0117719 -0.050913 0.0091357 -0.0117179 -0.0531091 0.0073658 -0.0130448 -0.0531098 0.0072924 -0.0129639 -0.0553056 0.0053973 -0.0141595 -0.0553049 0.0052883 -0.0140413 -0.0575003 0.0035191 -0.0149618 -0.0574984 0.0034484 -0.0148858 -0.0585346 0.0061147 -0.0134602 -0.0585372 0.0062279 -0.0135827 -0.0563434 0.0080725 -0.0123341 -0.0563436 0.0081534 -0.0124228 -0.0541478 0.009872 -0.0110421 -0.0541466 0.0099297 -0.0111065 -0.0519506 0.0115369 -0.0096059 -0.0519481 0.0115763 -0.0096511 -0.0497498 0.0130796 -0.0080447 -0.0497462 0.0131029 -0.0080728 -0.0475498 0.0020779 0.0034882 -0.0474282 0.0020683 0.0035022 -0.0496247 0.0004786 0.0019863 -0.0496273 0.000469 0.0020002 -0.051826 -0.0011222 0.0004829 -0.0518286 -0.0011318 0.0004968 -0.0540251 -0.0027215 -0.0010191 -0.0540278 -0.0018494 -0.0001985 -0.0529878 -0.0018398 -0.0002124 -0.0507913 -0.0002502 0.0013035 -0.0507887 -0.0002405 0.0012896 -0.0485921 0.0013491 0.0028055 -0.0485895 0.0013588 0.0027915 -0.046393 -0.0027215 -0.0010191 -0.0540278 -0.0027311 -0.0010051 -0.0562243 -0.0043207 -0.0025211 -0.056227 -0.0034487 -0.0017004 -0.055187 -0.0034391 -0.0017144 -0.0529905 0.0099297 -0.0111065 -0.0519506 0.0115369 -0.0096059 -0.0519481 0.000469 0.0020002 -0.051826 -0.0011222 0.0004829 -0.0518286 0.0080725 -0.0123341 -0.0563436 0.0081534 -0.0124228 -0.0541478 -0.0027215 -0.0010191 -0.0540278 -0.0027311 -0.0010051 -0.0562243 0.0035191 -0.0149618 -0.0574984 0.0034484 -0.0148858 -0.0585346 -0.0064388 -0.0045178 -0.0584255 -0.0064343 -0.0045244 -0.0573885 0.0072924 -0.0129639 -0.0553056 0.0053973 -0.0141595 -0.0553049 -0.0050384 -0.0032163 -0.0551897 -0.0034487 -0.0017004 -0.055187 0.0036042 -0.0154739 -0.0485386 0.003615 -0.0154871 -0.0475018 0.0064402 -0.013819 -0.0485405 0.0064473 -0.0138302 -0.0463456 0.0082668 -0.0125553 -0.0463454 0.0082497 -0.0125413 -0.0441486 0.0099656 -0.0111578 -0.0441473 0.0099281 -0.0111223 -0.0419503 0.0115451 -0.0096321 -0.0419479 0.0114882 -0.0095763 -0.0397486 0.0130066 -0.0079855 -0.0397451 0.0129292 -0.0079083 -0.0375477 0.0137167 -0.0070002 -0.0375453 0.0136722 -0.0069553 -0.0365084 0.0122054 -0.0086002 -0.0365124 0.0122934 -0.0086885 -0.03871 0.01073 -0.010232 -0.038713 0.0107975 -0.010299 -0.0409103 0.0091354 -0.0117388 -0.0409122 0.0091835 -0.0117854 -0.0431093 0.0074206 -0.0131197 -0.0431101 0.0074478 -0.0131444 -0.045307 0.0055826 -0.0143714 -0.0453066 0.0055849 -0.0143699 -0.0475033 -0.0042865 -0.0025706 -0.0484221 -0.0042769 -0.0025845 -0.0462272 -0.0026873 -0.0010686 -0.0462245 -0.0026776 -0.0010826 -0.044028 -0.0033953 -0.0017778 -0.0429907 -0.0034049 -0.0017639 -0.0451872 -0.0049946 -0.0032798 -0.0451899 -0.0050042 -0.0032659 -0.0473864 -0.0026776 -0.0010826 -0.044028 -0.001088 0.0004334 -0.0440254 -0.0010784 0.0004194 -0.0418288 0.0005128 0.0019368 -0.0418262 0.0005224 0.0019228 -0.0396276 0.0021121 0.0034387 -0.0396249 0.0021217 0.0034248 -0.0374284 0.0014026 0.0027281 -0.0363932 0.0013929 0.002742 -0.0385897 -0.0001967 0.0012261 -0.0385924 -0.0002063 0.00124 -0.0407889 -0.001796 -0.0002759 -0.0407915 -0.0018056 -0.0002619 -0.0429881 0.0074478 -0.0131444 -0.045307 0.0055826 -0.0143714 -0.0453066 -0.0034049 -0.0017639 -0.0451872 -0.0049946 -0.0032798 -0.0451899 0.0099281 -0.0111223 -0.0419503 0.0115451 -0.0096321 -0.0419479 -0.0010784 0.0004194 -0.0418288 0.0005128 0.0019368 -0.0418262 0.0036042 -0.0154739 -0.0485386 0.003615 -0.0154871 -0.0475018 -0.0065984 -0.0047752 -0.048426 -0.0065938 -0.0047818 -0.0473891 0.0036008 -0.0154791 -0.0435384 0.0035826 -0.0154619 -0.0425013 0.0064228 -0.0138095 -0.0435402 0.0063774 -0.0137657 -0.0413446 0.0081966 -0.0124906 -0.0413445 0.0081303 -0.0124249 -0.0391472 0.0098497 -0.011045 -0.0391459 0.0097643 -0.0109593 -0.0369484 0.0113849 -0.0094728 -0.036946 0.0112792 -0.0093658 -0.0347461 0.0127977 -0.0077753 -0.0347427 0.0126685 -0.0076436 -0.0325446 0.0130341 -0.0072266 -0.0325436 0.0129643 -0.0071552 -0.0315064 0.0119222 -0.0083119 -0.0315091 0.0120611 -0.0084537 -0.0337073 0.010497 -0.0099965 -0.0337102 0.010613 -0.0101143 -0.0359082 0.0089464 -0.0115494 -0.03591 0.0090431 -0.011647 -0.0381077 0.0072756 -0.0129765 -0.0381084 0.0073536 -0.0130544 -0.0403058 0.0054877 -0.0142806 -0.0403055 0.0055448 -0.0143366 -0.0425027 -0.0042646 -0.0026023 -0.0434223 -0.004255 -0.0026163 -0.0412273 -0.0026654 -0.0011003 -0.0412246 -0.0026557 -0.0011143 -0.0390281 -0.0033734 -0.0018096 -0.0379908 -0.003383 -0.0017956 -0.0401873 -0.0049727 -0.0033115 -0.04019 -0.0049823 -0.0032976 -0.0423865 -0.0026557 -0.0011143 -0.0390281 -0.0010661 0.0004016 -0.0390255 -0.0010565 0.0003877 -0.0368289 -0.0017837 -0.0002937 -0.0379882 -0.0010565 0.0003877 -0.0368289 0.0005347 0.001905 -0.0368263 0.0005444 0.0018911 -0.0346277 0.002134 0.003407 -0.034625 0.0021436 0.003393 -0.0324285 0.0014245 0.0026963 -0.0313933 0.0014148 0.0027103 -0.0335898 -0.0001748 0.0011944 -0.0335925 -0.0001844 0.0012083 -0.035789 -0.0017741 -0.0003076 -0.0357916 0.0073536 -0.0130544 -0.0403058 0.0054877 -0.0142806 -0.0403055 -0.003383 -0.0017956 -0.0401873 -0.0049727 -0.0033115 -0.04019 0.0097643 -0.0109593 -0.0369484 0.0113849 -0.0094728 -0.036946 -0.0010565 0.0003877 -0.0368289 0.0005347 0.001905 -0.0368263 0.0034574 -0.0153375 -0.0385367 0.0034098 -0.0152895 -0.0374992 0.0062855 -0.0136743 -0.0385386 0.0061868 -0.0135747 -0.0363424 0.0080139 -0.0123077 -0.0363424 0.0078976 -0.0121896 -0.0341445 0.0096242 -0.0108173 -0.0341433 0.0094899 -0.0106803 -0.0319452 0.0111129 -0.0091963 -0.0319429 0.0109567 -0.0090364 -0.0297424 0.0124685 -0.0074389 -0.0297389 0.0123842 -0.0073523 -0.0287015 0.0101512 -0.0096426 -0.0287063 0.0103173 -0.0098129 -0.0309048 0.0086454 -0.0112425 -0.0309065 0.0087916 -0.011392 -0.0331047 0.0070137 -0.0127105 -0.0331053 0.0071434 -0.0128427 -0.0353034 0.0052663 -0.0140572 -0.0353029 0.0053793 -0.0141719 -0.0375008 -0.0042331 -0.002648 -0.0362274 -0.0026435 -0.0011321 -0.0362247 -0.0026338 -0.001146 -0.0340282 -0.0033515 -0.0018413 -0.0329909 -0.0033611 -0.0018274 -0.0351875 -0.0026338 -0.001146 -0.0340282 -0.0010442 0.0003699 -0.0340256 -0.0010345 0.0003559 -0.031829 0.0005566 0.0018733 -0.0318264 0.0005663 0.0018593 -0.0296278 0.0021559 0.0033752 -0.0296251 0.0021605 0.0033687 -0.0285887 -0.0001529 0.0011626 -0.0285926 -0.0001625 0.0011766 -0.0307891 -0.0017522 -0.0003393 -0.0307917 -0.0017618 -0.0003254 -0.0329883 0.0071434 -0.0128427 -0.0353034 0.0052663 -0.0140572 -0.0353029 -0.0033611 -0.0018274 -0.0351875 -0.0049508 -0.0033433 -0.0351901 0.0070137 -0.0127105 -0.0331053 0.0071434 -0.0128427 -0.0353034 -0.0033515 -0.0018413 -0.0329909 -0.0033611 -0.0018274 -0.0351875 0.0123842 -0.0073523 -0.0287015 0.0101512 -0.0096426 -0.0287063 0.0021605 0.0033687 -0.0285887 -0.0001529 0.0011626 -0.0285926 0.0036645 -0.014124 -0.0285296 0.0035615 -0.0140177 -0.0275283 0.0056399 -0.0130148 -0.0285312 0.0054285 -0.0127969 -0.0263338 0.0073016 -0.0115783 -0.0263342 0.0070808 -0.0113506 -0.0241352 0.0088326 -0.0100047 -0.0241343 0.0085941 -0.0097585 -0.021935 0.0102056 -0.0082624 -0.0219326 0.0099292 -0.0079764 -0.0197308 0.010207 -0.0076793 -0.0197302 0.0100614 -0.0075285 -0.0186921 0.0090845 -0.0085415 -0.0186942 0.0093674 -0.0088343 -0.020894 0.0076921 -0.0102605 -0.0208957 0.0079434 -0.0105201 -0.0230951 0.0061227 -0.0117937 -0.0230952 0.0063621 -0.012041 -0.0252945 0.0044205 -0.0131878 -0.0252933 0.0046554 -0.0134303 -0.0274925 -0.0057874 -0.0042124 -0.0284252 -0.0057831 -0.0042187 -0.0274252 -0.0049166 -0.0033928 -0.0273868 -0.0041893 -0.0027115 -0.0262276 -0.0041989 -0.0026975 -0.0284226 -0.0049069 -0.0034067 -0.0251903 -0.0033173 -0.0018908 -0.0251877 -0.0033077 -0.0019048 -0.0229911 -0.001718 -0.0003889 -0.0229885 -0.0017084 -0.0004028 -0.020792 -0.0001187 0.0011131 -0.0207893 -0.0001091 0.0010992 -0.0185928 0.0009085 0.0020695 -0.0185911 0.0009039 0.0020761 -0.0196275 0.0006101 0.0017959 -0.019628 0.0006004 0.0018098 -0.0218266 -0.0009907 0.0002925 -0.0218293 -0.0010004 0.0003064 -0.0240258 -0.00259 -0.0012095 -0.0240284 -0.0025996 -0.0011956 -0.026225 -0.0041893 -0.0027115 -0.0262276 0.0063621 -0.012041 -0.0252945 0.0044205 -0.0131878 -0.0252933 -0.0049069 -0.0034067 -0.0251903 -0.0033173 -0.0018908 -0.0251877 0.0061227 -0.0117937 -0.0230952 0.0063621 -0.012041 -0.0252945 -0.0033173 -0.0018908 -0.0251877 -0.0033077 -0.0019048 -0.0229911 0.0100614 -0.0075285 -0.0186921 0.0090845 -0.0085415 -0.0186942 -0.0001091 0.0010992 -0.0185928 0.0009085 0.0020695 -0.0185911 0.010207 -0.0076793 -0.0197302 0.0100614 -0.0075285 -0.0186921 0.0009085 0.0020695 -0.0185911 0.0009039 0.0020761 -0.0196275 0.0099292 -0.0079764 -0.0197308 0.010207 -0.0076793 -0.0197302 0.0009039 0.0020761 -0.0196275 0.0006101 0.0017959 -0.019628 0.0102056 -0.0082624 -0.0219326 0.0099292 -0.0079764 -0.0197308 0.0006101 0.0017959 -0.019628 0.0006004 0.0018098 -0.0218266 0.0085941 -0.0097585 -0.021935 0.0102056 -0.0082624 -0.0219326 0.0006004 0.0018098 -0.0218266 -0.0009907 0.0002925 -0.0218293 0.0040866 -0.0145578 -0.0335343 0.004014 -0.0144834 -0.0325317 0.006026 -0.013411 -0.0335356 0.0058725 -0.0132538 -0.0313388 0.0077167 -0.0120048 -0.031339 0.0075491 -0.0118329 -0.0291405 0.0092866 -0.010472 -0.0291394 0.0091019 -0.0102822 -0.0269408 0.0107239 -0.0087972 -0.0269385 0.0105133 -0.0085802 -0.0247374 0.0113411 -0.0077144 -0.0247356 0.0112294 -0.0075991 -0.0236979 0.009686 -0.0091635 -0.023701 0.0099058 -0.0093901 -0.0259001 0.0082291 -0.0108148 -0.0259018 0.0084264 -0.0110179 -0.0281006 0.0066312 -0.0123182 -0.028101 0.0068144 -0.0125065 -0.0302996 0.0049137 -0.0136962 -0.0302988 0.0050852 -0.0138722 -0.0324974 -0.0033392 -0.0018591 -0.0301876 -0.0033296 -0.001873 -0.027991 -0.0026119 -0.0011778 -0.0290283 -0.0026215 -0.0011638 -0.0312249 -0.0042112 -0.0026797 -0.0312275 -0.0017399 -0.0003571 -0.0279884 -0.0017303 -0.0003711 -0.0257919 -0.0001406 0.0011448 -0.0257892 -0.000131 0.0011309 -0.0235927 0.0014587 0.0026468 -0.02359 0.0014541 0.0026534 -0.0246264 0.0005882 0.0018276 -0.0246279 0.0005785 0.0018416 -0.0268265 -0.0010126 0.0003242 -0.0268291 -0.0010223 0.0003381 -0.0290257 -0.0026119 -0.0011778 -0.0290283 0.0068144 -0.0125065 -0.0302996 0.0049137 -0.0136962 -0.0302988 -0.0049289 -0.003375 -0.0301902 -0.0033392 -0.0018591 -0.0301876 0.0066312 -0.0123182 -0.028101 0.0068144 -0.0125065 -0.0302996 -0.0033392 -0.0018591 -0.0301876 -0.0033296 -0.001873 -0.027991 0.0112294 -0.0075991 -0.0236979 0.009686 -0.0091635 -0.023701 -0.000131 0.0011309 -0.0235927 0.0014587 0.0026468 -0.02359 0.0091019 -0.0102822 -0.0269408 0.0107239 -0.0087972 -0.0269385 0.0005785 0.0018416 -0.0268265 -0.0010126 0.0003242 -0.0268291 0.0040866 -0.0145578 -0.0335343 0.006026 -0.013411 -0.0335356 -0.0058093 -0.0041806 -0.0334251 -0.0042208 -0.0026658 -0.0334225 0.0035507 -0.0132984 -0.0235236 0.0034109 -0.0131537 -0.0224845 0.0051188 -0.0124772 -0.0235253 0.004844 -0.0121928 -0.0213272 0.0067635 -0.0110228 -0.0213282 0.0064864 -0.010736 -0.0191285 0.0082524 -0.0094051 -0.0191278 0.0079522 -0.0090941 -0.0169278 0.0089909 -0.008119 -0.0169262 0.0088269 -0.007949 -0.0158858 0.0070233 -0.0095679 -0.0158882 0.0073347 -0.0098905 -0.0180883 0.0054791 -0.0111276 -0.018088 0.0057792 -0.0114384 -0.0202879 0.0037682 -0.0125125 -0.0202859 0.0047942 -0.011999 -0.0202872 0.0040762 -0.0128316 -0.022486 -0.0054085 -0.0039036 -0.0234247 -0.0054039 -0.0039102 -0.0223872 -0.0048947 -0.0034245 -0.022387 -0.004885 -0.0034385 -0.0201904 -0.0032954 -0.0019226 -0.0201878 -0.0032858 -0.0019365 -0.0179912 -0.0016961 -0.0004206 -0.0179886 -0.0016865 -0.0004345 -0.0157921 6.67e-05 0.0012373 -0.0157891 6.22e-05 0.0012439 -0.0168276 -0.0009688 0.0002607 -0.0168294 -0.0009785 0.0002747 -0.0190259 -0.0025681 -0.0012412 -0.0190285 -0.0025777 -0.0012273 -0.0212251 -0.0041674 -0.0027432 -0.0212277 -0.004177 -0.0027293 -0.0234227 0.0088269 -0.007949 -0.0158858 0.0070233 -0.0095679 -0.0158882 -0.0016865 -0.0004345 -0.0157921 6.67e-05 0.0012373 -0.0157891 0.0089909 -0.008119 -0.0169262 0.0088269 -0.007949 -0.0158858 6.67e-05 0.0012373 -0.0157891 6.22e-05 0.0012439 -0.0168276 0.0079522 -0.0090941 -0.0169278 0.0089909 -0.008119 -0.0169262 6.22e-05 0.0012439 -0.0168276 -0.0009688 0.0002607 -0.0168294 0.0082524 -0.0094051 -0.0191278 0.0079522 -0.0090941 -0.0169278 -0.0009688 0.0002607 -0.0168294 -0.0009785 0.0002747 -0.0190259 0.0029807 -0.0124408 -0.0185155 0.0027976 -0.0122506 -0.0174765 0.004448 -0.0117825 -0.0185177 0.0040994 -0.0114208 -0.0163188 0.0060946 -0.0103301 -0.0163206 0.0059381 -0.0101678 -0.0152804 0.0029143 -0.0116259 -0.0152764 0.0033192 -0.0120466 -0.0174775 -0.0052524 -0.0038074 -0.0184246 -0.0052479 -0.003814 -0.0173877 -0.0048728 -0.0034563 -0.0173871 -0.0048631 -0.0034702 -0.0151905 -0.0025513 -0.0012656 -0.0151867 -0.0025558 -0.001259 -0.0162252 -0.0041455 -0.0027749 -0.0162278 -0.0041551 -0.002761 -0.0184228 0.0059381 -0.0101678 -0.0152804 0.0029143 -0.0116259 -0.0152764 -0.0048631 -0.0034702 -0.0151905 -0.0025513 -0.0012656 -0.0151867 -0.0038995 -0.0021616 -0.0522129 -0.0038898 -0.0021756 -0.0500024 -0.0023001 -0.0006597 -0.0499998 -0.0031696 -0.0014779 -0.0510398 -0.0031793 -0.0014639 -0.0532487 0.0024977 0.0038462 -0.0434022 0.0025074 0.0038323 -0.0412057 0.0046457 0.0058714 -0.0412021 0.0046412 0.005878 -0.0422404 0.0032265 0.004529 -0.0422428 0.0032169 0.0045429 -0.0444374 0.0008985 0.0023443 -0.0456014 0.0009081 0.0023303 -0.0434049 0.0024977 0.0038462 -0.0434022 0.0016286 0.0030283 -0.0444401 0.001619 0.0030423 -0.0466387 -0.0023001 -0.0006597 -0.0499998 -0.0022905 -0.0006736 -0.0478032 -0.0007008 0.0008423 -0.0478006 -0.0006912 0.0008283 -0.045604 0.0008985 0.0023443 -0.0456014 2.78e-05 0.0015249 -0.0466413 1.82e-05 0.0015389 -0.0488379 -0.0015715 2.3e-05 -0.0488405 -0.0031793 -0.0014639 -0.0532487 -0.0050431 -0.0032412 -0.0532518 -0.0141799 0.0100717 -0.0531273 -0.015853 0.0080943 -0.0531325 -0.0031696 -0.0014779 -0.0510398 -0.0031793 -0.0014639 -0.0532487 -0.0141799 0.0100717 -0.0531273 -0.0142173 0.010107 -0.0509178 -0.0015811 3.69e-05 -0.0510371 -0.0031696 -0.0014779 -0.0510398 -0.0142173 0.010107 -0.0509178 -0.0126676 0.0116625 -0.0509148 -0.0015715 2.3e-05 -0.0488405 -0.0015811 3.69e-05 -0.0510371 -0.0126676 0.0116625 -0.0509148 -0.0126785 0.0116701 -0.0487179 1.82e-05 0.0015389 -0.0488379 -0.0015715 2.3e-05 -0.0488405 -0.0126785 0.0116701 -0.0487179 -0.0110182 0.0131119 -0.0487161 0.0032265 0.004529 -0.0422428 0.0032169 0.0045429 -0.0444374 -0.0073417 0.015615 -0.0443209 -0.0072881 0.015555 -0.0421267 0.0046412 0.005878 -0.0422404 0.0032265 0.004529 -0.0422428 -0.0072881 0.015555 -0.0421267 -0.0055442 0.0165587 -0.042128 0.0046457 0.0058714 -0.0412021 0.0046412 0.005878 -0.0422404 -0.0055442 0.0165587 -0.042128 -0.0055102 0.0165212 -0.04109 0.0008985 0.0023443 -0.0456014 0.0009081 0.0023303 -0.0434049 -0.0100031 0.0137721 -0.0432844 -0.0100454 0.0138203 -0.0454806 -0.0006912 0.0008283 -0.045604 0.0008985 0.0023443 -0.0456014 -0.0100454 0.0138203 -0.0454806 -0.0117637 0.0124393 -0.0454818 -0.0007008 0.0008423 -0.0478006 -0.0006912 0.0008283 -0.045604 -0.0117637 0.0124393 -0.0454818 -0.0117845 0.012465 -0.0476782 -0.0022905 -0.0006736 -0.0478032 -0.0007008 0.0008423 -0.0478006 -0.0117845 0.012465 -0.0476782 -0.0133976 0.0109736 -0.0476806 -0.0023001 -0.0006597 -0.0499998 -0.0022905 -0.0006736 -0.0478032 -0.0133976 0.0109736 -0.0476806 -0.0133953 0.010975 -0.0498773 -0.0038898 -0.0021756 -0.0500024 -0.0023001 -0.0006597 -0.0499998 -0.0133953 0.010975 -0.0498773 -0.0149005 0.0093706 -0.0498809 -0.0050386 -0.0032478 -0.0522148 -0.0050431 -0.0032412 -0.0532518 -0.015853 0.0080943 -0.0531325 -0.0158792 0.00812 -0.0520951 -0.0141799 0.0100717 -0.0531273 -0.015853 0.0080943 -0.0531325 -0.0142173 0.010107 -0.0509178 -0.0126676 0.0116625 -0.0509148 -0.0126785 0.0116701 -0.0487179 -0.0110182 0.0131119 -0.0487161 -0.0110071 0.0130964 -0.0465195 -0.0092394 0.0144287 -0.0465188 -0.0092077 0.0143916 -0.0443205 -0.0073417 0.015615 -0.0443209 -0.0072881 0.015555 -0.0421267 -0.0055442 0.0165587 -0.042128 -0.0055102 0.0165212 -0.04109 -0.0081171 0.0149734 -0.0410884 -0.0081819 0.0150452 -0.0432843 -0.0100031 0.0137721 -0.0432844 -0.0100454 0.0138203 -0.0454806 -0.0117637 0.0124393 -0.0454818 -0.0117845 0.012465 -0.0476782 -0.0133976 0.0109736 -0.0476806 -0.0133953 0.010975 -0.0498773 -0.0149005 0.0093706 -0.0498809 -0.0148702 0.0093427 -0.0520918 -0.0158792 0.00812 -0.0520951 -0.0031915 -0.0014461 -0.0560443 -0.0032012 -0.0014321 -0.0582486 -0.0039214 -0.0021298 -0.0572128 -0.0039117 -0.0021438 -0.0550069 -0.002322 -0.0006279 -0.0550043 0.0016067 0.0030601 -0.0494446 0.001597 0.003074 -0.0516432 5.9e-06 0.0015567 -0.0516459 -3.7e-06 0.0015706 -0.0538424 -0.0015934 5.47e-05 -0.0538451 -0.002322 -0.0006279 -0.0550043 -0.0023124 -0.0006419 -0.0528078 -0.0007228 0.0008741 -0.0528051 -0.0007131 0.0008601 -0.0506086 0.0008765 0.002376 -0.0506059 0.0008862 0.0023621 -0.0484094 0.0024758 0.003878 -0.0484067 0.0048914 0.0061688 -0.0471983 0.0032048 0.0045605 -0.0472011 0.003195 0.0045747 -0.049442 0.0024758 0.003878 -0.0484067 0.0024853 0.0038643 -0.0462425 0.0048956 0.0061627 -0.0462385 0.0008765 0.002376 -0.0506059 0.0008862 0.0023621 -0.0484094 -0.0100681 0.0138491 -0.0482885 -0.0100614 0.0138459 -0.0504852 -0.0007131 0.0008601 -0.0506086 0.0008765 0.002376 -0.0506059 -0.0100614 0.0138459 -0.0504852 -0.0117807 0.0124659 -0.0504864 -0.0007228 0.0008741 -0.0528051 -0.0007131 0.0008601 -0.0506086 -0.0117807 0.0124659 -0.0504864 -0.0117539 0.0124416 -0.0526834 -0.0023124 -0.0006419 -0.0528078 -0.0007228 0.0008741 -0.0528051 -0.0117539 0.0124416 -0.0526834 -0.0133612 0.0109443 -0.0526858 -0.002322 -0.0006279 -0.0550043 -0.0023124 -0.0006419 -0.0528078 -0.0133612 0.0109443 -0.0526858 -0.01331 0.0108945 -0.054883 -0.0039117 -0.0021438 -0.0550069 -0.002322 -0.0006279 -0.0550043 -0.01331 0.0108945 -0.054883 -0.0147982 0.0092721 -0.0548868 -0.0048241 -0.0029798 -0.0582513 -0.0048196 -0.0029864 -0.0572143 -0.0154959 0.0082092 -0.0570964 -0.0154424 0.0081549 -0.0581341 -0.0032012 -0.0014321 -0.0582486 -0.0048241 -0.0029798 -0.0582513 -0.0154424 0.0081549 -0.0581341 -0.01401 0.0099024 -0.0581293 -0.0031915 -0.0014461 -0.0560443 -0.0032012 -0.0014321 -0.0582486 -0.01401 0.0099024 -0.0581293 -0.0140998 0.0099926 -0.0559239 -0.001603 6.87e-05 -0.0560417 -0.0031915 -0.0014461 -0.0560443 -0.0140998 0.0099926 -0.0559239 -0.0125639 0.0115625 -0.0559207 -0.0015934 5.47e-05 -0.0538451 -0.001603 6.87e-05 -0.0560417 -0.0125639 0.0115625 -0.0559207 -0.012623 0.0116207 -0.0537233 -3.7e-06 0.0015706 -0.0538424 -0.0015934 5.47e-05 -0.0538451 -0.012623 0.0116207 -0.0537233 -0.0109648 0.0130647 -0.0537214 0.0016067 0.0030601 -0.0494446 0.001597 0.003074 -0.0516432 -0.0092291 0.0144267 -0.0515237 -0.0092478 0.0144424 -0.0493248 0.0032048 0.0045605 -0.0472011 0.003195 0.0045747 -0.049442 -0.0073738 0.0156575 -0.0493253 -0.0073749 0.0156547 -0.0470844 0.0048914 0.0061688 -0.0471983 0.0032048 0.0045605 -0.0472011 -0.0073749 0.0156547 -0.0470844 -0.0052794 0.0168342 -0.0470861 0.0048914 0.0061688 -0.0471983 0.0048956 0.0061627 -0.0462385 -0.0052749 0.0168278 -0.0461262 -0.0052794 0.0168342 -0.0470861 -0.0082314 0.0151021 -0.0461242 -0.0052749 0.0168278 -0.0461262 -0.0082432 0.0151183 -0.0482884 -0.0100681 0.0138491 -0.0482885 -0.0100614 0.0138459 -0.0504852 -0.0117807 0.0124659 -0.0504864 -0.0117539 0.0124416 -0.0526834 -0.0133612 0.0109443 -0.0526858 -0.01331 0.0108945 -0.054883 -0.0147982 0.0092721 -0.0548868 -0.0147138 0.0091875 -0.0570936 -0.0154959 0.0082092 -0.0570964 -0.0154424 0.0081549 -0.0581341 -0.01401 0.0099024 -0.0581293 -0.0140998 0.0099926 -0.0559239 -0.0125639 0.0115625 -0.0559207 -0.012623 0.0116207 -0.0537233 -0.0109648 0.0130647 -0.0537214 -0.0110017 0.0130996 -0.0515244 -0.0092291 0.0144267 -0.0515237 -0.0092478 0.0144424 -0.0493248 -0.0073738 0.0156575 -0.0493253 -0.0073749 0.0156547 -0.0470844 -0.0052794 0.0168342 -0.0470861 -0.0014745 3.49e-05 -0.0411861 -0.003063 -0.0014799 -0.0411887 -0.0030726 -0.0014659 -0.043391 -0.0037929 -0.0021635 -0.0423758 -0.0037832 -0.0021776 -0.0401514 -0.0021935 -0.0006617 -0.0401487 0.0001344 0.0015229 -0.0367903 0.0001248 0.0015368 -0.0389868 -0.0014649 2.09e-05 -0.0389895 -0.0021839 -0.0006757 -0.0379522 -0.0005942 0.0008403 -0.0379495 0.0017352 0.0030263 -0.034589 0.0017256 0.0030402 -0.0367876 0.0001344 0.0015229 -0.0367903 -0.0005846 0.0008263 -0.035753 0.0010051 0.0023422 -0.0357503 0.003333 0.0045272 -0.0324212 0.0026043 0.0038442 -0.0335511 0.0026138 0.0038304 -0.0313825 0.0041604 0.0053052 -0.0313799 0.0026138 0.0038304 -0.0313825 0.0041604 0.0053052 -0.0313799 -0.0074622 0.0143964 -0.0312713 -0.0055566 0.0154947 -0.0312727 0.0010147 0.0023283 -0.0335538 0.0026043 0.0038442 -0.0335511 -0.0076319 0.0145782 -0.0334382 -0.0094739 0.013327 -0.033438 -0.0005846 0.0008263 -0.035753 0.0010051 0.0023422 -0.0357503 -0.0096146 0.0134783 -0.0356331 -0.0113453 0.0121103 -0.0356342 -0.0005942 0.0008403 -0.0379495 -0.0005846 0.0008263 -0.035753 -0.0113453 0.0121103 -0.0356342 -0.0114606 0.0122351 -0.0378296 -0.0021839 -0.0006757 -0.0379522 -0.0005942 0.0008403 -0.0379495 -0.0114606 0.0122351 -0.0378296 -0.0130857 0.0107564 -0.0378318 -0.0021935 -0.0006617 -0.0401487 -0.0021839 -0.0006757 -0.0379522 -0.0130857 0.0107564 -0.0378318 -0.0131782 0.0108571 -0.0400275 -0.0037832 -0.0021776 -0.0401514 -0.0021935 -0.0006617 -0.0401487 -0.0131782 0.0108571 -0.0400275 -0.0147027 0.009273 -0.0400308 -0.0037929 -0.0021635 -0.0423758 -0.0037832 -0.0021776 -0.0401514 -0.0147027 0.009273 -0.0400308 -0.0147729 0.0093504 -0.0422546 -0.0047546 -0.0030805 -0.0423774 -0.0037929 -0.0021635 -0.0423758 -0.0147729 0.0093504 -0.0422546 -0.0156478 0.0083425 -0.0422571 -0.0047591 -0.0030739 -0.0434143 -0.0047546 -0.0030805 -0.0423774 -0.0156478 0.0083425 -0.0422571 -0.0156719 0.0083696 -0.0432939 -0.0030726 -0.0014659 -0.043391 -0.0047591 -0.0030739 -0.0434143 -0.0156719 0.0083696 -0.0432939 -0.0141158 0.0101143 -0.0432691 -0.003063 -0.0014799 -0.0411887 -0.0030726 -0.0014659 -0.043391 -0.0141158 0.0101143 -0.0432691 -0.0140556 0.0100473 -0.0410674 -0.0014745 3.49e-05 -0.0411861 -0.003063 -0.0014799 -0.0411887 -0.0140556 0.0100473 -0.0410674 -0.0124883 0.0115843 -0.0410645 -0.0014649 2.09e-05 -0.0389895 -0.0014745 3.49e-05 -0.0411861 -0.0124883 0.0115843 -0.0410645 -0.0124052 0.0114933 -0.0388687 0.0001248 0.0015368 -0.0389868 -0.0014649 2.09e-05 -0.0389895 -0.0124052 0.0114933 -0.0388687 -0.0107347 0.0129244 -0.0388669 0.003333 0.0045272 -0.0324212 0.0033235 0.0045409 -0.0345864 -0.0068329 0.0151912 -0.0344743 -0.0066702 0.0150169 -0.0323108 0.0041558 0.0053118 -0.0324198 0.003333 0.0045272 -0.0324212 -0.0066702 0.0150169 -0.0323108 -0.0056475 0.0155919 -0.0323116 -0.0074622 0.0143964 -0.0312713 -0.0055566 0.0154947 -0.0312727 -0.0076319 0.0145782 -0.0334382 -0.0094739 0.013327 -0.033438 -0.0096146 0.0134783 -0.0356331 -0.0113453 0.0121103 -0.0356342 -0.0114606 0.0122351 -0.0378296 -0.0130857 0.0107564 -0.0378318 -0.0131782 0.0108571 -0.0400275 -0.0147027 0.009273 -0.0400308 -0.0147729 0.0093504 -0.0422546 -0.0156478 0.0083425 -0.0422571 -0.0156719 0.0083696 -0.0432939 -0.0141158 0.0101143 -0.0432691 -0.0140556 0.0100473 -0.0410674 -0.0124883 0.0115843 -0.0410645 -0.0124052 0.0114933 -0.0388687 -0.0107347 0.0129244 -0.0388669 -0.0106283 0.012809 -0.0366715 -0.0088502 0.0141303 -0.0366709 -0.0087175 0.0139874 -0.0344736 -0.0068329 0.0151912 -0.0344743 -0.0066702 0.0150169 -0.0323108 -0.0056475 0.0155919 -0.0323116 -0.0014618 -0.0001359 -0.0238178 0.0001278 0.00138 -0.0238152 0.0001374 0.0013661 -0.0216186 0.0017286 0.0028835 -0.021616 0.0017382 0.0028695 -0.0194174 0.0025331 0.0036275 -0.019416 0.0025407 0.0036165 -0.0176832 0.0033693 0.0044066 -0.0176818 0.0033735 0.0044005 -0.0167204 0.0018668 0.0029637 -0.016723 0.0018595 0.0029743 -0.0183808 0.0010177 0.0021715 -0.0183822 0.0010081 0.0021854 -0.0205787 -0.0005816 0.0006695 -0.0205814 -0.0005912 0.0006835 -0.0227779 -0.0021809 -0.0008324 -0.0227805 -0.0021905 -0.0008185 -0.0249771 -0.0014715 -0.0001219 -0.0260144 -0.0014618 -0.0001359 -0.0238178 -0.0113027 0.0101835 -0.0237092 -0.0115391 0.0104353 -0.0259033 -0.0014618 -0.0001359 -0.0238178 0.0001278 0.00138 -0.0238152 -0.0113027 0.0101835 -0.0237092 -0.0096214 0.0116034 -0.0237076 0.0001278 0.00138 -0.0238152 0.0001374 0.0013661 -0.0216186 -0.0096214 0.0116034 -0.0237076 -0.0093599 0.0113253 -0.0215138 0.0001374 0.0013661 -0.0216186 0.0017286 0.0028835 -0.021616 -0.0093599 0.0113253 -0.0215138 -0.0075244 0.0125865 -0.0215139 0.0025331 0.0036275 -0.019416 0.0025407 0.0036165 -0.0176832 -0.0062297 0.0128165 -0.0193193 -0.0059556 0.012526 -0.0175894 0.0025407 0.0036165 -0.0176832 0.0033693 0.0044066 -0.0176818 -0.0059556 0.012526 -0.0175894 -0.0048473 0.0130229 -0.0175911 0.0033735 0.0044005 -0.0167204 0.0018668 0.0029637 -0.016723 -0.0046693 0.0128345 -0.0166317 -0.0066671 0.0119126 -0.0166288 0.0018668 0.0029637 -0.016723 0.0018595 0.0029743 -0.0183808 -0.0066671 0.0119126 -0.0166288 -0.0069259 0.0121869 -0.0182838 0.0018595 0.0029743 -0.0183808 0.0010177 0.0021715 -0.0183822 -0.0069259 0.0121869 -0.0182838 -0.0079409 0.0115658 -0.0182833 -0.0005816 0.0006695 -0.0205814 -0.0005912 0.0006835 -0.0227779 -0.0100117 0.0105583 -0.0204773 -0.0102837 0.0108473 -0.0226709 -0.0005912 0.0006835 -0.0227779 -0.0021809 -0.0008324 -0.0227805 -0.0102837 0.0108473 -0.0226709 -0.0119009 0.0093603 -0.0226733 -0.0021809 -0.0008324 -0.0227805 -0.0021905 -0.0008185 -0.0249771 -0.0119009 0.0093603 -0.0226733 -0.0121527 0.0096282 -0.0248671 -0.0021905 -0.0008185 -0.0249771 -0.0034887 -0.0020565 -0.0249792 -0.0121527 0.0096282 -0.0248671 -0.0133846 0.0083207 -0.02487 -0.0034933 -0.0020499 -0.0260178 -0.0034887 -0.0020565 -0.0249792 -0.0133846 0.0083207 -0.02487 -0.0134985 0.0084419 -0.0259074 -0.0014715 -0.0001219 -0.0260144 -0.0034933 -0.0020499 -0.0260178 -0.0115391 0.0104353 -0.0259033 -0.0134985 0.0084419 -0.0259074 -0.0113027 0.0101835 -0.0237092 -0.0115391 0.0104353 -0.0259033 -0.0096214 0.0116034 -0.0237076 -0.0093599 0.0113253 -0.0215138 -0.0075244 0.0125865 -0.0215139 -0.007222 0.0122655 -0.0193185 -0.0062297 0.0128165 -0.0193193 -0.0059556 0.012526 -0.0175894 -0.0048473 0.0130229 -0.0175911 -0.0046693 0.0128345 -0.0166317 -0.0066671 0.0119126 -0.0166288 -0.0069259 0.0121869 -0.0182838 -0.0079409 0.0115658 -0.0182833 -0.0082452 0.0118888 -0.0204766 -0.0100117 0.0105583 -0.0204773 -0.0102837 0.0108473 -0.0226709 -0.0119009 0.0093603 -0.0226733 -0.0121527 0.0096282 -0.0248671 -0.0133846 0.0083207 -0.02487 -0.0134985 0.0084419 -0.0259074 -0.0022124 -0.0007867 -0.0299816 -0.0022028 -0.0008007 -0.0277851 -0.0006131 0.0007152 -0.0277824 -0.0006035 0.0007013 -0.0255859 0.0009861999 0.0022172 -0.0255832 0.0009958 0.0022033 -0.0233867 0.0017163 0.0029013 -0.0244219 0.0017067 0.0029152 -0.0266205 0.0001155 0.0013979 -0.0266232 0.0001059 0.0014118 -0.0288197 -0.0014838 -0.0001041 -0.0288224 0.0021303 0.0032851 -0.0233848 0.0021398 0.0032714 -0.0212208 0.0036555 0.0047168 -0.0212183 0.003651 0.0047234 -0.0222582 0.0028741 0.0039826 -0.0222595 0.0028646 0.0039963 -0.02442 -0.0038118 -0.0022885 -0.0322133 -0.0038021 -0.0023026 -0.0299843 -0.0022124 -0.0007867 -0.0299816 -0.0030819 -0.0016049 -0.0310216 -0.0030916 -0.0015908 -0.0332516 -0.0043881 -0.0028271 -0.0332516 -0.0137182 0.0095525 -0.0331343 -0.0149213 0.0082183 -0.0331353 -0.0030819 -0.0016049 -0.0310216 -0.0030916 -0.0015908 -0.0332516 -0.0137182 0.0095525 -0.0331343 -0.0135539 0.0093763 -0.030906 -0.0014934 -9.02e-05 -0.031019 -0.0030819 -0.0016049 -0.0310216 -0.0135539 0.0093763 -0.030906 -0.0119894 0.0109163 -0.0309031 -0.0014838 -0.0001041 -0.0288224 -0.0014934 -9.02e-05 -0.031019 -0.0119894 0.0109163 -0.0309031 -0.0118063 0.0107205 -0.0287084 0.0001059 0.0014118 -0.0288197 -0.0014838 -0.0001041 -0.0288224 -0.0118063 0.0107205 -0.0287084 -0.0101291 0.0121445 -0.0287067 0.0001155 0.0013979 -0.0266232 0.0001059 0.0014118 -0.0288197 -0.0101291 0.0121445 -0.0287067 -0.009921 0.0119225 -0.0265124 0.0017067 0.0029152 -0.0266205 0.0001155 0.0013979 -0.0266232 -0.009921 0.0119225 -0.0265124 -0.0081144 0.0132139 -0.0265121 0.0028741 0.0039826 -0.0222595 0.0028646 0.0039963 -0.02442 -0.006474 0.0137891 -0.0243169 -0.0061918 0.0134894 -0.0221594 0.003651 0.0047234 -0.0222582 0.0028741 0.0039826 -0.0222595 -0.0061918 0.0134894 -0.0221594 -0.0051883 0.0139926 -0.0221606 0.0036555 0.0047168 -0.0212183 0.003651 0.0047234 -0.0222582 -0.0051883 0.0139926 -0.0221606 -0.0050317 0.0138265 -0.0211224 0.0021303 0.0032851 -0.0233848 0.0021398 0.0032714 -0.0212208 -0.0069732 0.0128275 -0.0211202 -0.0072557 0.0131275 -0.0232812 0.0009958 0.0022033 -0.0233867 0.0021303 0.0032851 -0.0233848 -0.0072557 0.0131275 -0.0232812 -0.0085974 0.0122629 -0.0232808 -0.0006131 0.0007152 -0.0277824 -0.0006035 0.0007013 -0.0255859 -0.0105954 0.0111791 -0.0254756 -0.0108123 0.0114104 -0.0276698 -0.0022028 -0.0008007 -0.0277851 -0.0006131 0.0007152 -0.0277824 -0.0108123 0.0114104 -0.0276698 -0.0124367 0.0099309 -0.0276721 -0.0022124 -0.0007867 -0.0299816 -0.0022028 -0.0008007 -0.0277851 -0.0124367 0.0099309 -0.0276721 -0.0126313 0.0101389 -0.0298666 -0.0038021 -0.0023026 -0.0299843 -0.0022124 -0.0007867 -0.0299816 -0.0126313 0.0101389 -0.0298666 -0.0141469 0.0085453 -0.0298701 -0.0043837 -0.0028336 -0.0322375 -0.0043881 -0.0028271 -0.0332516 -0.0149213 0.0082183 -0.0331353 -0.0148482 0.0081398 -0.032122 -0.0137182 0.0095525 -0.0331343 -0.0149213 0.0082183 -0.0331353 -0.0135539 0.0093763 -0.030906 -0.0119894 0.0109163 -0.0309031 -0.0118063 0.0107205 -0.0287084 -0.0101291 0.0121445 -0.0287067 -0.009921 0.0119225 -0.0265124 -0.0081144 0.0132139 -0.0265121 -0.0078716 0.0129555 -0.0243161 -0.006474 0.0137891 -0.0243169 -0.0061918 0.0134894 -0.0221594 -0.0051883 0.0139926 -0.0221606 -0.0050317 0.0138265 -0.0211224 -0.0069732 0.0128275 -0.0211202 -0.0072557 0.0131275 -0.0232812 -0.0085974 0.0122629 -0.0232808 -0.0088448 0.0125262 -0.0254747 -0.0105954 0.0111791 -0.0254756 -0.0108123 0.0114104 -0.0276698 -0.0124367 0.0099309 -0.0276721 -0.0126313 0.0101389 -0.0298666 -0.0141469 0.0085453 -0.0298701 -0.0143245 0.0087354 -0.0320973 -0.0148482 0.0081398 -0.032122 0.0001497 0.0013483 -0.0188106 -0.0014399 -0.0001676 -0.0188133 0.0001594 0.0013343 -0.0166141 0.001189 0.0023162 -0.0166124 0.0011935 0.0023096 -0.0155739 -0.0005596 0.0006378 -0.0155768 -0.0005693 0.0006517 -0.0177733 -0.0021589 -0.0008642 -0.017776 -0.0021684 -0.0008504 -0.0199446 -0.0014496 -0.0001535 -0.0210317 0.0001497 0.0013483 -0.0188106 0.0001594 0.0013343 -0.0166141 -0.0086696 0.0105927 -0.0165167 -0.0089895 0.010932 -0.0187098 0.0001594 0.0013343 -0.0166141 0.001189 0.0023162 -0.0166124 -0.0086696 0.0105927 -0.0165167 -0.0074818 0.0114086 -0.0165167 0.001189 0.0023162 -0.0166124 0.0011935 0.0023096 -0.0155739 -0.0074818 0.0114086 -0.0165167 -0.0073172 0.0112342 -0.01548 0.0011935 0.0023096 -0.0155739 -0.0005596 0.0006378 -0.0155768 -0.0073172 0.0112342 -0.01548 -0.0092872 0.0097898 -0.0154805 -0.0005596 0.0006378 -0.0155768 -0.0005693 0.0006517 -0.0177733 -0.0092872 0.0097898 -0.0154805 -0.009625 0.0101479 -0.0176734 -0.0005693 0.0006517 -0.0177733 -0.0021589 -0.0008642 -0.017776 -0.009625 0.0101479 -0.0176734 -0.0112102 0.0086272 -0.0176761 -0.0021589 -0.0008642 -0.017776 -0.0021684 -0.0008504 -0.0199446 -0.0112102 0.0086272 -0.0176761 -0.0115321 0.0089686 -0.0198412 -0.0021684 -0.0008504 -0.0199446 -0.0028219 -0.0014736 -0.0199457 -0.0115321 0.0089686 -0.0198412 -0.012146 0.008304 -0.0198428 -0.0028219 -0.0014736 -0.0199457 -0.0028267 -0.0014667 -0.021034 -0.012146 0.008304 -0.0198428 -0.0122989 0.0084662 -0.0209294 -0.0028267 -0.0014667 -0.021034 -0.0014496 -0.0001535 -0.0210317 -0.0122989 0.0084662 -0.0209294 -0.0109656 0.0098251 -0.0209266 -0.0014399 -0.0001676 -0.0188133 -0.0014496 -0.0001535 -0.0210317 -0.0109656 0.0098251 -0.0209266 -0.0106641 0.0095052 -0.0187115 -0.0086696 0.0105927 -0.0165167 -0.0089895 0.010932 -0.0187098 -0.0074818 0.0114086 -0.0165167 -0.0073172 0.0112342 -0.01548 -0.0092872 0.0097898 -0.0154805 -0.009625 0.0101479 -0.0176734 -0.0112102 0.0086272 -0.0176761 -0.0115321 0.0089686 -0.0198412 -0.012146 0.008304 -0.0198428 -0.0122989 0.0084662 -0.0209294 -0.0109656 0.0098251 -0.0209266 -0.0106641 0.0095052 -0.0187115 -0.0030849 -0.0014482 -0.0461933 -0.0030946 -0.0014342 -0.0483955 -0.0038148 -0.0021317 -0.0473803 -0.0038051 -0.0021459 -0.0451559 -0.0022154 -0.0006299 -0.0451532 0.0001125 0.0015547 -0.0417948 0.0001029 0.0015686 -0.0439913 -0.0014868 5.27e-05 -0.043994 -0.0022154 -0.0006299 -0.0451532 -0.0022058 -0.0006439 -0.0429567 -0.0006162 0.000872 -0.0429541 -0.0006065 0.0008581 -0.0407575 0.0009831 0.002374 -0.0407549 0.0017133 0.0030581 -0.0395935 0.0017036 0.003072 -0.0417922 0.0009831 0.002374 -0.0407549 0.0009928 0.0023601 -0.0385583 0.0025824 0.003876 -0.0385557 0.0033111 0.0045589 -0.0374258 0.0025824 0.003876 -0.0385557 0.0025919 0.0038622 -0.036387 0.0041384 0.005337 -0.0363845 0.0009831 0.002374 -0.0407549 0.0009928 0.0023601 -0.0385583 -0.0097621 0.0136379 -0.0384396 -0.0098524 0.0137365 -0.0406353 -0.0006065 0.0008581 -0.0407575 0.0009831 0.002374 -0.0407549 -0.0098524 0.0137365 -0.0406353 -0.011577 0.0123621 -0.0406364 -0.0006162 0.000872 -0.0429541 -0.0006065 0.0008581 -0.0407575 -0.011577 0.0123621 -0.0406364 -0.0116441 0.0124363 -0.0428323 -0.0022058 -0.0006439 -0.0429567 -0.0006162 0.000872 -0.0429541 -0.0116441 0.0124363 -0.0428323 -0.0132655 0.0109536 -0.0428346 -0.0022154 -0.0006299 -0.0451532 -0.0022058 -0.0006439 -0.0429567 -0.0132655 0.0109536 -0.0428346 -0.0133098 0.0110039 -0.0450308 -0.0038051 -0.0021459 -0.0451559 -0.0022154 -0.0006299 -0.0451532 -0.0133098 0.0110039 -0.0450308 -0.014829 0.0094141 -0.0450342 -0.0038148 -0.0021317 -0.0473803 -0.0038051 -0.0021459 -0.0451559 -0.014829 0.0094141 -0.0450342 -0.0148485 0.0094385 -0.0472585 -0.0047765 -0.0030488 -0.0473819 -0.0038148 -0.0021317 -0.0473803 -0.0148485 0.0094385 -0.0472585 -0.0157173 0.0084241 -0.0472611 -0.004781 -0.0030422 -0.0484189 -0.0047765 -0.0030488 -0.0473819 -0.0157173 0.0084241 -0.0472611 -0.0157168 0.0084254 -0.0482982 -0.0030946 -0.0014342 -0.0483955 -0.004781 -0.0030422 -0.0484189 -0.0157168 0.0084254 -0.0482982 -0.0141726 0.0101826 -0.0482733 -0.0030849 -0.0014482 -0.0461933 -0.0030946 -0.0014342 -0.0483955 -0.0141726 0.0101826 -0.0482733 -0.0141614 0.010167 -0.046071 -0.0014964 6.66e-05 -0.0461906 -0.0030849 -0.0014482 -0.0461933 -0.0141614 0.010167 -0.046071 -0.0125994 0.0117095 -0.0460681 -0.0014868 5.27e-05 -0.043994 -0.0014964 6.66e-05 -0.0461906 -0.0125994 0.0117095 -0.0460681 -0.012564 0.0116686 -0.0438717 0.0001029 0.0015686 -0.0439913 -0.0014868 5.27e-05 -0.043994 -0.012564 0.0116686 -0.0438717 -0.0108971 0.0131035 -0.0438699 0.0033111 0.0045589 -0.0374258 0.0033016 0.0045727 -0.0395909 -0.0071145 0.0154952 -0.0394759 -0.0070086 0.0153804 -0.0373119 0.0041339 0.0053436 -0.0374244 0.0033111 0.0045589 -0.0374258 -0.0070086 0.0153804 -0.0373119 -0.0059978 0.0159679 -0.0373126 0.0041339 0.0053436 -0.0374244 0.0041384 0.005337 -0.0363845 -0.0059366 0.0159019 -0.0362733 -0.0059978 0.0159679 -0.0373126 -0.0078177 0.0147781 -0.0362721 -0.0059366 0.0159019 -0.0362733 -0.0079329 0.0149026 -0.0384396 -0.0097621 0.0136379 -0.0384396 -0.0098524 0.0137365 -0.0406353 -0.011577 0.0123621 -0.0406364 -0.0116441 0.0124363 -0.0428323 -0.0132655 0.0109536 -0.0428346 -0.0133098 0.0110039 -0.0450308 -0.014829 0.0094141 -0.0450342 -0.0148485 0.0094385 -0.0472585 -0.0157173 0.0084241 -0.0472611 -0.0157168 0.0084254 -0.0482982 -0.0141726 0.0101826 -0.0482733 -0.0141614 0.010167 -0.046071 -0.0125994 0.0117095 -0.0460681 -0.012564 0.0116686 -0.0438717 -0.0108971 0.0131035 -0.0438699 -0.0108394 0.0130391 -0.0416739 -0.0090673 0.0143668 -0.0416733 -0.0089863 0.014278 -0.0394755 -0.0071145 0.0154952 -0.0394759 -0.0070086 0.0153804 -0.0373119 -0.0059978 0.0159679 -0.0373126 -0.0022343 -0.000755 -0.0349861 -0.003824 -0.0022709 -0.0349888 -0.0038337 -0.0022568 -0.0372132 -0.0047954 -0.0031738 -0.0372148 -0.0047999 -0.0031672 -0.0382518 -0.0031135 -0.0015592 -0.0382284 -0.0031038 -0.0015732 -0.0360262 0.0025635 0.0037509 -0.0283886 0.0009739 0.002235 -0.0283912 0.0009642 0.002249 -0.0305878 -0.0006254 0.0007331 -0.0305904 -0.000635 0.000747 -0.032787 -0.0022247 -0.0007689 -0.0327896 -0.0022343 -0.000755 -0.0349861 -0.0015057 -7.23e-05 -0.0338269 8.4e-05 0.0014436 -0.0338242 9.36e-05 0.0014296 -0.0316277 0.0016848 0.002947 -0.0316251 0.0016944 0.002933 -0.0294264 0.002573 0.0037372 -0.0262199 0.0041195 0.0052119 -0.0262174 0.0025635 0.0037509 -0.0283886 0.0032827 0.0044476 -0.0294238 0.0032922 0.0044339 -0.0272587 0.004115 0.0052185 -0.0272573 0.002573 0.0037372 -0.0262199 0.0025635 0.0037509 -0.0283886 -0.0072642 0.0140566 -0.0282801 -0.0070357 0.0138131 -0.0261139 0.0025635 0.0037509 -0.0283886 0.0009739 0.002235 -0.0283912 -0.0072642 0.0140566 -0.0282801 -0.0091263 0.0128263 -0.0282798 0.0009739 0.002235 -0.0283912 0.0009642 0.002249 -0.0305878 -0.0091263 0.0128263 -0.0282798 -0.0093199 0.0130333 -0.0304743 0.0009642 0.002249 -0.0305878 -0.0006254 0.0007331 -0.0305904 -0.0093199 0.0130333 -0.0304743 -0.0110567 0.0116716 -0.0304753 -0.000635 0.000747 -0.032787 -0.0022247 -0.0007689 -0.0327896 -0.0112226 0.0118495 -0.0326701 -0.0128467 0.0103696 -0.0326724 -0.0022247 -0.0007689 -0.0327896 -0.0022343 -0.000755 -0.0349861 -0.0128467 0.0103696 -0.0326724 -0.0129898 0.0105235 -0.0348674 -0.0022343 -0.000755 -0.0349861 -0.003824 -0.0022709 -0.0349888 -0.0129898 0.0105235 -0.0348674 -0.0145112 0.0089361 -0.0348708 -0.0047999 -0.0031672 -0.0382518 -0.0031135 -0.0015592 -0.0382284 -0.0155582 0.0081143 -0.038133 -0.0140012 0.009858 -0.0381083 -0.0031135 -0.0015592 -0.0382284 -0.0031038 -0.0015732 -0.0360262 -0.0140012 0.009858 -0.0381083 -0.01389 0.0097375 -0.0359071 -0.0031038 -0.0015732 -0.0360262 -0.0015153 -5.84e-05 -0.0360235 -0.01389 0.0097375 -0.0359071 -0.0123241 0.011276 -0.0359042 -0.0015153 -5.84e-05 -0.0360235 -0.0015057 -7.23e-05 -0.0338269 -0.0123241 0.011276 -0.0359042 -0.0121911 0.0111327 -0.033709 -0.0015057 -7.23e-05 -0.0338269 8.4e-05 0.0014436 -0.0338242 -0.0121911 0.0111327 -0.033709 -0.0105194 0.0125626 -0.0337072 9.36e-05 0.0014296 -0.0316277 0.0016848 0.002947 -0.0316251 -0.0103622 0.0123939 -0.0315123 -0.0085755 0.0137062 -0.0315118 0.0032827 0.0044476 -0.0294238 0.0032922 0.0044339 -0.0272587 -0.0064811 0.0146863 -0.029316 -0.0062567 0.0144471 -0.0271533 0.0032922 0.0044339 -0.0272587 0.004115 0.0052185 -0.0272573 -0.0062567 0.0144471 -0.0271533 -0.0052124 0.0149995 -0.0271543 0.0041195 0.0052119 -0.0262174 0.004115 0.0052185 -0.0272573 -0.0052124 0.0149995 -0.0271543 -0.005088 0.0148672 -0.0261157 -0.0072642 0.0140566 -0.0282801 -0.0070357 0.0138131 -0.0261139 -0.0091263 0.0128263 -0.0282798 -0.0093199 0.0130333 -0.0304743 -0.0110567 0.0116716 -0.0304753 -0.0112226 0.0118495 -0.0326701 -0.0128467 0.0103696 -0.0326724 -0.0129898 0.0105235 -0.0348674 -0.0145112 0.0089361 -0.0348708 -0.0146343 0.009069 -0.037094 -0.0155087 0.0080605 -0.0370966 -0.0155582 0.0081143 -0.038133 -0.0140012 0.009858 -0.0381083 -0.01389 0.0097375 -0.0359071 -0.0123241 0.011276 -0.0359042 -0.0121911 0.0111327 -0.033709 -0.0105194 0.0125626 -0.0337072 -0.0103622 0.0123939 -0.0315123 -0.0085755 0.0137062 -0.0315118 -0.0083883 0.0135061 -0.0293152 -0.0064811 0.0146863 -0.029316 -0.0062567 0.0144471 -0.0271533 -0.0052124 0.0149995 -0.0271543 -0.005088 0.0148672 -0.0261157 -0.0010156 -0.0159714 -0.0524847 0.0059519 -0.0030641 -0.0524333 0.0059474 -0.0030575 -0.0534703 -0.0009954 -0.015919 -0.0535215 -0.0074116 -0.014043 -0.0458545 0.000182 2.42e-05 -0.0457985 -0.0093922 -0.0130879 -0.0458398 -0.0017509 0.0010675 -0.0457834 -0.0112316 -0.0119348 -0.0414311 -0.0036646 0.002083 -0.0413753 -0.0133007 -0.0105776 -0.0414134 -0.0058342 0.0032541 -0.0413583 -0.0133007 -0.0105776 -0.0414134 -0.0058342 0.0032541 -0.0413583 -0.0133218 -0.0106018 -0.0424499 -0.0058387 0.0032607 -0.0423947 -0.0133218 -0.0106018 -0.0424499 -0.0058387 0.0032607 -0.0423947 -0.0121023 -0.0114277 -0.0424605 -0.0045491 0.0025646 -0.0424048 -0.0121023 -0.0114277 -0.0424605 -0.0045491 0.0025646 -0.0424048 -0.0121372 -0.0114606 -0.0446572 -0.0045587 0.0025785 -0.0446013 -0.0121372 -0.0114606 -0.0446572 -0.0045587 0.0025785 -0.0446013 -0.0102569 -0.0126014 -0.0446727 -0.0026258 0.0015351 -0.0446164 -0.0102569 -0.0126014 -0.0446727 -0.0026258 0.0015351 -0.0446164 -0.0102792 -0.0126109 -0.0468714 -0.0026354 0.0015491 -0.046815 -0.0102792 -0.0126109 -0.0468714 -0.0026354 0.0015491 -0.046815 -0.0083296 -0.0136278 -0.0468864 -0.0007007 0.0005048 -0.0468301 -0.0083389 -0.0136133 -0.0490829 -0.0007103 0.0005187 -0.0490267 -0.0063192 -0.0144959 -0.0490974 0.0012226 -0.0005247 -0.0490417 -0.0063192 -0.0144959 -0.0490974 0.0012226 -0.0005247 -0.0490417 -0.0063135 -0.0144536 -0.0512938 0.001213 -0.0005107 -0.0512383 -0.0036742 0.0020969 -0.0435718 -0.0036646 0.002083 -0.0413753 -0.0058342 0.0032541 -0.0413583 -0.0058387 0.0032607 -0.0423947 -0.0045491 0.0025646 -0.0424048 -0.0045587 0.0025785 -0.0446013 0.0001724 3.81e-05 -0.047995 0.000182 2.42e-05 -0.0457985 -0.0017509 0.0010675 -0.0457834 -0.0026258 0.0015351 -0.0446164 -0.0026354 0.0015491 -0.046815 -0.0007007 0.0005048 -0.0468301 0.0040286 -0.0020347 -0.0502217 0.0020957 -0.0009913 -0.0502066 0.0021053 -0.0010053 -0.0480101 0.0001724 3.81e-05 -0.047995 -0.0007103 0.0005187 -0.0490267 0.0012226 -0.0005247 -0.0490417 0.001213 -0.0005107 -0.0512383 0.0031459 -0.0015541 -0.0512534 -0.0010156 -0.0159714 -0.0524847 -0.0009954 -0.015919 -0.0535215 -0.0032265 -0.0154429 -0.0524717 -0.0032465 -0.0155118 -0.0502754 -0.0053755 -0.0148317 -0.0502617 -0.0053752 -0.0148628 -0.0480653 -0.0074279 -0.0140414 -0.0480511 -0.0074116 -0.014043 -0.0458545 -0.0093922 -0.0130879 -0.0458398 -0.0093623 -0.0130643 -0.0436431 -0.0112744 -0.0119824 -0.0436278 -0.0112316 -0.0119348 -0.0414311 -0.0133007 -0.0105776 -0.0414134 -0.0133218 -0.0106018 -0.0424499 -0.0121023 -0.0114277 -0.0424605 -0.0121372 -0.0114606 -0.0446572 -0.0102569 -0.0126014 -0.0446727 -0.0102792 -0.0126109 -0.0468714 -0.0083296 -0.0136278 -0.0468864 -0.0083389 -0.0136133 -0.0490829 -0.0063192 -0.0144959 -0.0490974 -0.0063135 -0.0144536 -0.0512938 -0.0042168 -0.0151934 -0.0513077 -0.004192 -0.0151158 -0.0535024 -0.0133146 -0.0106697 -0.0474506 -0.0057964 0.0032577 -0.0473951 -0.0057918 0.0032512 -0.0463587 -0.0133104 -0.0106769 -0.0464142 -0.0133146 -0.0106697 -0.0474506 -0.0057964 0.0032577 -0.0473951 -0.0121598 -0.0114618 -0.0474607 -0.004571 0.0025963 -0.0474047 -0.0121598 -0.0114618 -0.0474607 -0.004571 0.0025963 -0.0474047 -0.01216 -0.0114305 -0.0496571 -0.0045806 0.0026102 -0.0496012 -0.01216 -0.0114305 -0.0496571 -0.0045806 0.0026102 -0.0496012 -0.0102865 -0.012584 -0.0496727 -0.0026477 0.0015669 -0.0496163 -0.0102757 -0.012532 -0.0518711 -0.0026573 0.0015808 -0.0518149 -0.0083299 -0.013556 -0.0518861 -0.0007226 0.0005365 -0.05183 -0.0083064 -0.0134807 -0.0540824 -0.0007322 0.0005504 -0.0540265 -0.0062847 -0.0143597 -0.0540969 0.0012007 -0.0004929 -0.0540416 -0.0062847 -0.0143597 -0.0540969 0.0012007 -0.0004929 -0.0540416 -0.0062453 -0.0142548 -0.056293 0.0011911 -0.000479 -0.0562382 -0.0011275 -0.0154997 -0.0585184 0.0056782 -0.0028923 -0.0584682 -0.0011685 -0.0155906 -0.0574818 0.0056827 -0.0028989 -0.0574313 -0.0074276 -0.0140003 -0.0508544 0.0001601 5.59e-05 -0.0507984 -0.0094065 -0.0130421 -0.0508396 -0.0017728 0.0010992 -0.0507833 -0.0057918 0.0032512 -0.0463587 -0.0133104 -0.0106769 -0.0464142 -0.0113076 -0.0120034 -0.0464314 -0.0036865 0.0021147 -0.0463751 -0.0057964 0.0032577 -0.0473951 -0.0057918 0.0032512 -0.0463587 -0.004571 0.0025963 -0.0474047 -0.0045806 0.0026102 -0.0496012 -0.0036961 0.0021287 -0.0485717 -0.0036865 0.0021147 -0.0463751 -0.0026477 0.0015669 -0.0496163 -0.0026573 0.0015808 -0.0518149 -0.0007226 0.0005365 -0.05183 0.0001505 6.98e-05 -0.0529949 0.0001601 5.59e-05 -0.0507984 -0.0017728 0.0010992 -0.0507833 -0.0007322 0.0005504 -0.0540265 0.0012007 -0.0004929 -0.0540416 0.0011911 -0.000479 -0.0562382 0.003124 -0.0015223 -0.0562533 0.0020738 -0.0009596 -0.0552065 0.0020834 -0.0009735 -0.05301 0.0001505 6.98e-05 -0.0529949 -0.0133146 -0.0106697 -0.0474506 -0.0133104 -0.0106769 -0.0464142 -0.0121598 -0.0114618 -0.0474607 -0.01216 -0.0114305 -0.0496571 -0.0102865 -0.012584 -0.0496727 -0.0102757 -0.012532 -0.0518711 -0.0083299 -0.013556 -0.0518861 -0.0083064 -0.0134807 -0.0540824 -0.0062847 -0.0143597 -0.0540969 -0.0062453 -0.0142548 -0.056293 -0.0041369 -0.0149732 -0.0563068 -0.0040752 -0.0148271 -0.0585012 -0.0011275 -0.0154997 -0.0585184 -0.0026228 -0.0152006 -0.05851 -0.0011685 -0.0155906 -0.0574818 -0.0031176 -0.015169 -0.0574706 -0.0031764 -0.0153096 -0.0552746 -0.0053196 -0.0146558 -0.0552611 -0.0053539 -0.0147511 -0.0530649 -0.0074109 -0.0139376 -0.0530507 -0.0074276 -0.0140003 -0.0508544 -0.0094065 -0.0130421 -0.0508396 -0.0094094 -0.0130792 -0.0486432 -0.0113168 -0.0119886 -0.0486279 -0.0113076 -0.0120034 -0.0464314 -0.0010532 -0.0161133 -0.0474853 0.0059738 -0.0030958 -0.0474334 0.0059693 -0.0030892 -0.0484704 -0.0010534 -0.0160988 -0.0485222 -0.0073204 -0.0139464 -0.0408541 0.0002039 -7.6e-06 -0.0407986 -0.0093033 -0.0129955 -0.0408394 -0.001729 0.0010358 -0.0407835 -0.0129652 -0.0105795 -0.0374512 -0.0055801 0.0031012 -0.0373967 -0.0119662 -0.011248 -0.0374598 -0.0045272 0.0025328 -0.0374049 -0.0120358 -0.011345 -0.0396567 -0.0045368 0.0025468 -0.0396014 -0.0101519 -0.0124793 -0.0396722 -0.0026039 0.0015034 -0.0396165 -0.0101519 -0.0124793 -0.0396722 -0.0026039 0.0015034 -0.0396165 -0.0102074 -0.0125501 -0.0418711 -0.0026135 0.0015174 -0.0418151 -0.0102074 -0.0125501 -0.0418711 -0.0026135 0.0015174 -0.0418151 -0.0082548 -0.0135615 -0.0418861 -0.0006788 0.000473 -0.0418302 -0.0082969 -0.0136077 -0.0440829 -0.0006884 0.000487 -0.0440268 -0.0062771 -0.0144901 -0.0440973 0.0012445 -0.0005564 -0.0440419 -0.0062771 -0.0144901 -0.0440973 0.0012445 -0.0005564 -0.0440419 -0.006305 -0.0145101 -0.046294 0.0012349 -0.0005425 -0.0462384 0.0040505 -0.0020664 -0.0452218 0.0021176 -0.0010231 -0.0452067 0.0021272 -0.001037 -0.0430102 0.0001943 6.4e-06 -0.0429951 0.0012445 -0.0005564 -0.0440419 0.0012349 -0.0005425 -0.0462384 0.0031678 -0.0015858 -0.0462535 0.0001943 6.4e-06 -0.0429951 0.0002039 -7.6e-06 -0.0407986 -0.001729 0.0010358 -0.0407835 -0.0026135 0.0015174 -0.0418151 -0.0006788 0.000473 -0.0418302 -0.0006884 0.000487 -0.0440268 -0.0036523 0.0020652 -0.0385719 -0.0036427 0.0020513 -0.0363754 -0.0055756 0.0030946 -0.0363603 -0.0055801 0.0031012 -0.0373967 -0.0045272 0.0025328 -0.0374049 -0.0045368 0.0025468 -0.0396014 -0.0010532 -0.0161133 -0.0474853 -0.0010534 -0.0160988 -0.0485222 -0.0032478 -0.0155548 -0.0474721 -0.00323 -0.0155536 -0.0452755 -0.0053526 -0.0148616 -0.0452618 -0.0053176 -0.0148285 -0.0430651 -0.0073698 -0.014006 -0.0430509 -0.0073204 -0.0139464 -0.0408541 -0.0093033 -0.0129955 -0.0408394 -0.0092405 -0.012911 -0.0386425 -0.0111554 -0.0118342 -0.0386272 -0.0110786 -0.0117237 -0.0364302 -0.0129269 -0.0105236 -0.0364145 -0.0129652 -0.0105795 -0.0374512 -0.0119662 -0.011248 -0.0374598 -0.0120358 -0.011345 -0.0396567 -0.0101519 -0.0124793 -0.0396722 -0.0102074 -0.0125501 -0.0418711 -0.0082548 -0.0135615 -0.0418861 -0.0082969 -0.0136077 -0.0440829 -0.0062771 -0.0144901 -0.0440973 -0.006305 -0.0145101 -0.046294 -0.0042139 -0.0152604 -0.0463079 -0.0042253 -0.0152498 -0.0485029 -0.0009939 -0.0160758 -0.0424851 0.0059957 -0.0031276 -0.0424335 0.0059912 -0.003121 -0.0434705 -0.0010141 -0.0160982 -0.0435222 -0.0071534 -0.0137092 -0.0358531 0.0002258 -3.93e-05 -0.0357987 -0.0091393 -0.012764 -0.0358384 -0.0017071 0.001004 -0.0357836 -0.0122124 -0.0106134 -0.0324545 -0.0049914 0.0027635 -0.0324012 -0.0117498 -0.0109193 -0.0324585 -0.0045053 0.0025011 -0.032405 -0.0117498 -0.0109193 -0.0324585 -0.0045053 0.0025011 -0.032405 -0.011855 -0.0110825 -0.0346557 -0.0045149 0.002515 -0.0346015 -0.011855 -0.0110825 -0.0346557 -0.0045149 0.002515 -0.0346015 -0.0099711 -0.0122165 -0.0346711 -0.002582 0.0014717 -0.0346166 -0.0100601 -0.0123496 -0.0368703 -0.0025916 0.0014856 -0.0368152 -0.008105 -0.0133564 -0.0368853 -0.0006569 0.0004413 -0.0368303 -0.0081801 -0.0134637 -0.0390823 -0.0006665 0.0004552 -0.0390269 -0.0061579 -0.0143416 -0.0390967 0.0012664 -0.0005881 -0.039042 -0.0061579 -0.0143416 -0.0390967 0.0012664 -0.0005881 -0.039042 -0.0062198 -0.0144245 -0.0412936 0.0012568 -0.0005742 -0.0412385 0.0040724 -0.0020981 -0.0402219 0.0021395 -0.0010548 -0.0402068 0.0021491 -0.0010687 -0.0380103 0.0002162 -2.54e-05 -0.0379952 -0.0006569 0.0004413 -0.0368303 -0.0006665 0.0004552 -0.0390269 0.0012664 -0.0005881 -0.039042 0.0012568 -0.0005742 -0.0412385 0.0031897 -0.0016175 -0.0412536 0.0002258 -3.93e-05 -0.0357987 -0.0017071 0.001004 -0.0357836 -0.002582 0.0014717 -0.0346166 -0.0025916 0.0014856 -0.0368152 -0.0006569 0.0004413 -0.0368303 -0.0036304 0.0020335 -0.033572 -0.0036208 0.0020195 -0.0313755 -0.0049868 0.0027569 -0.0313648 -0.0045053 0.0025011 -0.032405 -0.0045149 0.002515 -0.0346015 -0.0009939 -0.0160758 -0.0424851 -0.0010141 -0.0160982 -0.0435222 -0.0031833 -0.0155075 -0.0424719 -0.0031277 -0.0154363 -0.040275 -0.0052508 -0.0147452 -0.0402614 -0.0051809 -0.0146475 -0.0380644 -0.0072362 -0.0138308 -0.0380502 -0.0071534 -0.0137092 -0.0358531 -0.0091393 -0.012764 -0.0358384 -0.0090432 -0.0126178 -0.0336413 -0.0109585 -0.0115418 -0.0336261 -0.0108466 -0.0113663 -0.0314288 -0.0121567 -0.0105252 -0.0314177 -0.0122124 -0.0106134 -0.0324545 -0.0117498 -0.0109193 -0.0324585 -0.011855 -0.0110825 -0.0346557 -0.0099711 -0.0122165 -0.0346711 -0.0100601 -0.0123496 -0.0368703 -0.008105 -0.0133564 -0.0368853 -0.0081801 -0.0134637 -0.0390823 -0.0061579 -0.0143416 -0.0390967 -0.0062198 -0.0144245 -0.0412936 -0.0041288 -0.0151751 -0.0413076 -0.0041763 -0.0152313 -0.0435028 -0.000838 -0.0158593 -0.0374842 0.0060176 -0.0031593 -0.0374337 0.0060131 -0.0031527 -0.0384706 -0.0008784 -0.0159191 -0.0385214 -0.0069092 -0.0133292 -0.0308516 0.0002477 -7.1e-05 -0.0307988 -0.0088988 -0.0123908 -0.0308369 -0.0016852 0.0009723 -0.0307837 -0.0087681 -0.0121806 -0.0286395 -0.0016756 0.0009584 -0.0285872 -0.0115257 -0.0105598 -0.0286171 -0.0044885 0.0024767 -0.0285652 -0.0115257 -0.0105598 -0.0286171 -0.0044885 0.0024767 -0.0285652 -0.0115914 -0.0106665 -0.029654 -0.004493 0.0024833 -0.0296016 -0.0115914 -0.0106665 -0.029654 -0.004493 0.0024833 -0.0296016 -0.0097121 -0.0118091 -0.0296695 -0.0025601 0.0014399 -0.0296167 -0.0079879 -0.0131799 -0.0340811 -0.0006446 0.0004235 -0.034027 -0.0059607 -0.0140487 -0.0340955 0.0012883 -0.0006199 -0.0340421 0.0040943 -0.0021299 -0.035222 0.0021614 -0.0010865 -0.0352069 0.002171 -0.0011005 -0.0330104 0.0002381 -5.71e-05 -0.0329953 -0.0006446 0.0004235 -0.034027 0.0012883 -0.0006199 -0.0340421 0.0012787 -0.0006059 -0.0362386 0.0032116 -0.0016493 -0.0362537 0.0002381 -5.71e-05 -0.0329953 0.0002477 -7.1e-05 -0.0307988 -0.0016852 0.0009723 -0.0307837 -0.0025601 0.0014399 -0.0296167 -0.0025697 0.0014539 -0.0318153 -0.0006349 0.0004095 -0.0318305 -0.000838 -0.0158593 -0.0374842 -0.0008784 -0.0159191 -0.0385214 -0.0030324 -0.0153003 -0.0374711 -0.0029383 -0.0151578 -0.0352739 -0.0050691 -0.0144809 -0.0352603 -0.0049636 -0.0143173 -0.0330631 -0.0070261 -0.0135139 -0.0330489 -0.0069092 -0.0133292 -0.0308516 -0.0088988 -0.0123908 -0.0308369 -0.0087681 -0.0121806 -0.0286395 -0.0115257 -0.0105598 -0.0286171 -0.0115914 -0.0106665 -0.029654 -0.0097121 -0.0118091 -0.0296695 -0.0098358 -0.0120065 -0.0318689 -0.0078792 -0.0130104 -0.0318839 -0.0079879 -0.0131799 -0.0340811 -0.0059607 -0.0140487 -0.0340955 -0.006057 -0.0141953 -0.0362927 -0.0039607 -0.0149359 -0.0363066 -0.0040448 -0.0150601 -0.0385021 -0.0061791 -0.0121213 -0.0208468 0.0002916 -0.0001345 -0.020799 -0.0081709 -0.0111871 -0.0208321 -0.0016414 0.0009088 -0.0207839 -0.0081709 -0.0111871 -0.0208321 -0.0016414 0.0009088 -0.0207839 -0.0079599 -0.010828 -0.0186341 -0.0016317 0.0008949 -0.0185874 -0.0079599 -0.010828 -0.0186341 -0.0016317 0.0008949 -0.0185874 -0.0091692 -0.0101083 -0.0186242 -0.002869 0.0015628 -0.0185777 -0.0091692 -0.0101083 -0.0186242 -0.002869 0.0015628 -0.0185777 -0.0092771 -0.0102931 -0.0196614 -0.0028736 0.0015694 -0.0196142 -0.0092771 -0.0102931 -0.0196614 -0.0028736 0.0015694 -0.0196142 -0.0089309 -0.0105065 -0.0196643 -0.0025163 0.0013765 -0.0196169 -0.0089309 -0.0105065 -0.0196643 -0.0025163 0.0013765 -0.0196169 -0.0091374 -0.0108573 -0.0218643 -0.0025259 0.0013904 -0.0218156 -0.0091374 -0.0108573 -0.0218643 -0.0025259 0.0013904 -0.0218156 -0.0071886 -0.0118757 -0.0218793 -0.0005911 0.0003461 -0.0218307 -0.0071886 -0.0118757 -0.0218793 -0.0005911 0.0003461 -0.0218307 -0.007369 -0.0121781 -0.0240771 -0.0006008 0.00036 -0.0240272 -0.007369 -0.0121781 -0.0240771 -0.0006008 0.00036 -0.0240272 -0.0053245 -0.0130147 -0.0240914 0.0013322 -0.0006833 -0.0240423 -0.0053245 -0.0130147 -0.0240914 0.0013322 -0.0006833 -0.0240423 -0.0054928 -0.0132947 -0.0262891 0.0013225 -0.0006694 -0.0262388 0.0051774 -0.0027414 -0.0284639 -0.0013287 -0.0147938 -0.0285119 -0.0035265 -0.0142445 -0.0284988 0.0032458 -0.0016988 -0.0284489 0.0041381 -0.0021934 -0.0252223 0.0022052 -0.00115 -0.0252072 0.0022148 -0.0011639 -0.0230106 0.0002819 -0.0001206 -0.0229955 -0.0006008 0.00036 -0.0240272 0.0013322 -0.0006833 -0.0240423 0.0013225 -0.0006694 -0.0262388 0.0032555 -0.0017128 -0.0262539 0.0002819 -0.0001206 -0.0229955 0.0002916 -0.0001345 -0.020799 -0.0016414 0.0009088 -0.0207839 -0.0016317 0.0008949 -0.0185874 -0.002869 0.0015628 -0.0185777 -0.0025163 0.0013765 -0.0196169 -0.0025259 0.0013904 -0.0218156 -0.0005911 0.0003461 -0.0218307 -0.0012503 -0.0146632 -0.0275114 -0.0013287 -0.0147938 -0.0285119 -0.0024601 -0.0143848 -0.0274674 -0.0022822 -0.014087 -0.0252696 -0.0044574 -0.0134924 -0.0252563 -0.0042763 -0.0131887 -0.0230585 -0.0063683 -0.0124401 -0.0230446 -0.0061791 -0.0121213 -0.0208468 -0.0081709 -0.0111871 -0.0208321 -0.0079599 -0.010828 -0.0186341 -0.0091692 -0.0101083 -0.0186242 -0.0092771 -0.0102931 -0.0196614 -0.0089309 -0.0105065 -0.0196643 -0.0091374 -0.0108573 -0.0218643 -0.0071886 -0.0118757 -0.0218793 -0.007369 -0.0121781 -0.0240771 -0.0053245 -0.0130147 -0.0240914 -0.0054928 -0.0132947 -0.0262891 -0.0033647 -0.0139765 -0.0263027 -0.0035265 -0.0142445 -0.0284988 -0.0065857 -0.0128022 -0.0258495 0.0002696 -0.0001028 -0.0257989 -0.0085785 -0.0118698 -0.0258348 -0.0016633 0.0009406 -0.0257838 -0.0085785 -0.0118698 -0.0258348 -0.0016633 0.0009406 -0.0257838 -0.0084109 -0.0115912 -0.0236371 -0.0016537 0.0009266 -0.0235873 -0.0084109 -0.0115912 -0.0236371 -0.0016537 0.0009266 -0.0235873 -0.010312 -0.0104889 -0.0236218 -0.0035866 0.00197 -0.0235722 -0.010312 -0.0104889 -0.0236218 -0.0035866 0.00197 -0.0235722 -0.0103966 -0.0106305 -0.0246588 -0.0035911 0.0019766 -0.0246086 -0.0103966 -0.0106305 -0.0246588 -0.0035911 0.0019766 -0.0246086 -0.0093699 -0.0112475 -0.0246672 -0.0025382 0.0014082 -0.0246168 -0.0093699 -0.0112475 -0.0246672 -0.0025382 0.0014082 -0.0246168 -0.0095312 -0.0115144 -0.026867 -0.0025478 0.0014222 -0.0268155 -0.0095312 -0.0115144 -0.026867 -0.0025478 0.0014222 -0.0268155 -0.0075751 -0.0125194 -0.0268819 -0.000613 0.0003778 -0.0268306 0.0051555 -0.0027097 -0.0334638 -0.0016561 -0.0153282 -0.0335141 -0.0038293 -0.0147331 -0.0335008 0.0032239 -0.0016671 -0.0334487 0.0041162 -0.0021616 -0.0302221 0.0021833 -0.0011183 -0.0302071 0.0021929 -0.0011322 -0.0280105 0.00026 -8.88e-05 -0.0279954 -0.0006227 0.0003918 -0.0290271 0.0013103 -0.0006516 -0.0290422 0.0013006 -0.0006377 -0.0312387 0.0032336 -0.001681 -0.0312538 0.00026 -8.88e-05 -0.0279954 0.0002696 -0.0001028 -0.0257989 -0.0016633 0.0009406 -0.0257838 -0.0025382 0.0014082 -0.0246168 -0.0025478 0.0014222 -0.0268155 -0.000613 0.0003778 -0.0268306 -0.0015988 -0.0152364 -0.0325119 -0.0016561 -0.0153282 -0.0335141 -0.002793 -0.0149291 -0.0324696 -0.0026587 -0.0147121 -0.0302721 -0.0048057 -0.0140653 -0.0302586 -0.0046633 -0.0138334 -0.0280611 -0.0067377 -0.0130521 -0.0280471 -0.0065857 -0.0128022 -0.0258495 -0.0085785 -0.0118698 -0.0258348 -0.0084109 -0.0115912 -0.0236371 -0.010312 -0.0104889 -0.0236218 -0.0103966 -0.0106305 -0.0246588 -0.0093699 -0.0112475 -0.0246672 -0.0095312 -0.0115144 -0.026867 -0.0075751 -0.0125194 -0.0268819 -0.0077185 -0.0127533 -0.0290794 -0.0056838 -0.0136081 -0.0290938 -0.0058155 -0.0138201 -0.0312912 -0.0037073 -0.014539 -0.031305 -0.0038293 -0.0147331 -0.0335008 -0.0056817 -0.0112722 -0.0158434 0.0003135 -0.0001663 -0.0157991 -0.0078482 -0.0101859 -0.015827 -0.0018183 0.0009844 -0.0157825 -0.0078482 -0.0101859 -0.015827 -0.0018183 0.0009844 -0.0157825 -0.0079687 -0.0103941 -0.0168663 -0.0018228 0.000991 -0.016821 -0.0079687 -0.0103941 -0.0168663 -0.0018228 0.000991 -0.016821 -0.0067098 -0.011061 -0.0168761 -0.0005692 0.0003143 -0.0168308 -0.0067098 -0.011061 -0.0168761 -0.0005692 0.0003143 -0.0168308 -0.0069327 -0.0114422 -0.0190742 -0.0005789 0.0003283 -0.0190273 -0.0069327 -0.0114422 -0.0190742 -0.0005789 0.0003283 -0.0190273 -0.0048784 -0.0122606 -0.0190884 0.0013541 -0.0007151 -0.0190424 -0.0048784 -0.0122606 -0.0190884 0.0013541 -0.0007151 -0.0190424 -0.0050854 -0.0126123 -0.0212863 0.0013444 -0.0007011 -0.0212389 0.0047651 -0.0025388 -0.0234606 -0.0014017 -0.0139628 -0.0235061 -0.0031308 -0.0135839 -0.0234962 0.0032677 -0.0017306 -0.023449 0.0041601 -0.0022251 -0.0202224 0.0022271 -0.0011817 -0.0202073 0.0022368 -0.0011957 -0.0180107 0.0003038 -0.0001523 -0.0179957 -0.0005789 0.0003283 -0.0190273 0.0013541 -0.0007151 -0.0190424 0.0013444 -0.0007011 -0.0212389 0.0032774 -0.0017445 -0.021254 0.0003038 -0.0001523 -0.0179957 0.0003135 -0.0001663 -0.0157991 -0.0018183 0.0009844 -0.0157825 -0.0018228 0.000991 -0.016821 -0.0005692 0.0003143 -0.0168308 -0.0012978 -0.0137854 -0.0224679 -0.0014017 -0.0139628 -0.0235061 -0.0020244 -0.01365 -0.0224644 -0.0017962 -0.013259 -0.0202663 -0.0040191 -0.0127529 -0.0202533 -0.0037963 -0.0123719 -0.0180552 -0.0059123 -0.0116676 -0.0180415 -0.0056817 -0.0112722 -0.0158434 -0.0078482 -0.0101859 -0.015827 -0.0079687 -0.0103941 -0.0168663 -0.0067098 -0.011061 -0.0168761 -0.0069327 -0.0114422 -0.0190742 -0.0048784 -0.0122606 -0.0190884 -0.0050854 -0.0126123 -0.0212863 -0.0029254 -0.0132351 -0.0212998 -0.0031308 -0.0135839 -0.0234962 -0.0011715 -0.012174 -0.015262 0.004182 -0.0022568 -0.0152225 -0.0044725 -0.0115644 -0.0152436 0.0013709 -0.0007395 -0.0152005 0.0046284 -0.0024891 -0.0174225 0.0046239 -0.0024825 -0.0184595 0.0041723 -0.0022429 -0.017419 0.004182 -0.0022568 -0.0152225 0.0013709 -0.0007395 -0.0152005 0.0013663 -0.0007329 -0.016239 0.0032993 -0.0017762 -0.0162541 0.0032897 -0.0017623 -0.0184491 -0.0009094 -0.0127479 -0.0174634 -0.0010432 -0.0129806 -0.0185013 -0.0014664 -0.0126886 -0.0174606 -0.0011715 -0.012174 -0.015262 -0.0044725 -0.0115644 -0.0152436 -0.004588 -0.0117632 -0.0162829 -0.0023759 -0.0122894 -0.016296 -0.0026321 -0.0127323 -0.0184927 0.0023425 0.0129612 -0.0167812 -0.003601 0.0019509 -0.016825 -0.0036106 0.0019649 -0.0190215 0.0025537 0.0133842 -0.0189761 0.0023425 0.0129612 -0.0167812 -0.003601 0.0019509 -0.016825 0.0001977 0.0133896 -0.0167691 -0.0054409 0.0029441 -0.0168106 0.0001977 0.0133896 -0.0167691 -0.0054409 0.0029441 -0.0168106 7.27e-05 0.013143 -0.0157315 -0.0054364 0.0029375 -0.0157721 7.27e-05 0.013143 -0.0157315 -0.0054364 0.0029375 -0.0157721 0.0030542 0.0125121 -0.0157486 -0.0028639 0.0015489 -0.0157922 0.0052048 0.0121689 -0.0179568 -0.0010515 0.0005793 -0.018003 0.0053974 0.0125575 -0.0201519 -0.0010611 0.0005933 -0.0201995 0.0053974 0.0125575 -0.0201519 -0.0010611 0.0005933 -0.0201995 0.0078311 0.0112333 -0.0201709 0.001377 -0.0007228 -0.0202185 0.0078311 0.0112333 -0.0201709 0.001377 -0.0007228 -0.0202185 0.0080156 0.011607 -0.022366 0.0013674 -0.0007088 -0.0224151 0.0080156 0.011607 -0.022366 0.0013674 -0.0007088 -0.0224151 0.0087351 0.0111508 -0.0223714 0.0021152 -0.0011125 -0.0224202 -0.003601 0.0019509 -0.016825 -0.0036106 0.0019649 -0.0190215 -0.0054409 0.0029441 -0.0168106 -0.0054364 0.0029375 -0.0157721 -0.0028639 0.0015489 -0.0157922 -0.0028735 0.0015628 -0.0179888 -0.0010515 0.0005793 -0.018003 -0.0010611 0.0005933 -0.0201995 0.0004943 -0.0002422 -0.0212502 -0.0019485 0.0010764 -0.0212311 -0.0019389 0.0010625 -0.0190346 0.001377 -0.0007228 -0.0202185 0.0013674 -0.0007088 -0.0224151 0.0021106 -0.0011059 -0.0234578 0.0004847 -0.0002282 -0.0234451 0.0004943 -0.0002422 -0.0212502 0.0023425 0.0129612 -0.0167812 0.0025537 0.0133842 -0.0189761 0.0001977 0.0133896 -0.0167691 7.27e-05 0.013143 -0.0157315 0.0030542 0.0125121 -0.0157486 0.0032681 0.0129402 -0.0179435 0.0052048 0.0121689 -0.0179568 0.0053974 0.0125575 -0.0201519 0.0078311 0.0112333 -0.0201709 0.0080156 0.011607 -0.022366 0.0087351 0.0111508 -0.0223714 0.0088168 0.0113171 -0.0234084 0.0072304 0.0122681 -0.0233954 0.0070613 0.0119231 -0.0212017 0.0045577 0.0131291 -0.0211831 0.0058249 0.0125672 -0.0211922 0.004374 0.012757 -0.018988 0.0074514 0.0109394 -0.0180427 0.0012023 -0.0006369 -0.0180888 0.0005449 -0.0002821 -0.0180836 0.0068151 0.0113336 -0.0180374 0.0074514 0.0109394 -0.0180427 0.0012023 -0.0006369 -0.0180888 0.0075357 0.0111079 -0.0188958 0.0011986 -0.0006315 -0.0189426 0.0075357 0.0111079 -0.0188958 0.0011986 -0.0006315 -0.0189426 0.0061495 0.0119102 -0.0188847 -0.0002102 0.0001289 -0.0189316 0.0061495 0.0119102 -0.0188847 -0.0002102 0.0001289 -0.0189316 0.005889 0.0113888 -0.0161998 -0.0001985 0.0001119 -0.0162447 0.0044228 0.0118482 -0.0151519 -0.0015276 0.0008252 -0.0151958 0.006506 0.0107194 -0.0151682 0.0005574 -0.0003003 -0.0152121 0.0005449 -0.0002821 -0.0180836 0.0068151 0.0113336 -0.0180374 0.006506 0.0107194 -0.0151682 0.0005574 -0.0003003 -0.0152121 0.0012023 -0.0006369 -0.0180888 0.0005449 -0.0002821 -0.0180836 0.0011986 -0.0006315 -0.0189426 -0.0002102 0.0001289 -0.0189316 -0.0001985 0.0001119 -0.0162447 -0.0015321 0.0008318 -0.0162343 -0.0015276 0.0008252 -0.0151958 0.0005574 -0.0003003 -0.0152121 0.0074514 0.0109394 -0.0180427 0.0068151 0.0113336 -0.0180374 0.0075357 0.0111079 -0.0188958 0.0061495 0.0119102 -0.0188847 0.005889 0.0113888 -0.0161998 0.0045286 0.0120591 -0.0161896 0.0044228 0.0118482 -0.0151519 0.006506 0.0107194 -0.0151682 0.0083584 0.0123142 -0.0273632 0.0013455 -0.0006771 -0.027415 0.0098524 0.0113846 -0.0274298 0.0028911 -0.0015112 -0.0274812 0.0032382 0.0141294 -0.0239745 -0.0033838 0.0018623 -0.0240234 0.0030703 0.0137867 -0.0217793 -0.0033742 0.0018484 -0.0218268 0.0030703 0.0137867 -0.0217793 -0.0033742 0.0018484 -0.0218268 0.0008902 0.0143765 -0.021766 -0.0053089 0.0028927 -0.0218117 0.0008902 0.0143765 -0.021766 -0.0053089 0.0028927 -0.0218117 0.0006827 0.0139604 -0.019569 -0.0052993 0.0028788 -0.0196131 0.0006827 0.0139604 -0.019569 -0.0052993 0.0028788 -0.0196131 -0.0002011 0.0141103 -0.0195642 -0.0060463 0.003282 -0.0196073 -0.0002011 0.0141103 -0.0195642 -0.0060463 0.003282 -0.0196073 -0.0003148 0.0138847 -0.0185286 -0.0060418 0.0032754 -0.0185709 -0.0044148 0.0023972 -0.0185836 0.0016004 0.0135402 -0.0185392 -0.0003148 0.0138847 -0.0185286 -0.0060418 0.0032754 -0.0185709 0.0013551 -0.000691 -0.0252184 0.0013455 -0.0006771 -0.027415 0.0028911 -0.0015112 -0.0274812 0.0028868 -0.0015049 -0.028464 0.0004628 -0.0001965 -0.028445 0.0004724 -0.0002104 -0.0262501 -0.0005778 0.0003523 -0.0252033 0.0004724 -0.0002104 -0.0262501 -0.0014605 0.0008329 -0.026235 -0.0014509 0.000819 -0.0240385 -0.0044244 0.0024112 -0.0207801 -0.0044148 0.0023972 -0.0185836 -0.0024915 0.0013678 -0.0207952 -0.0025011 0.0013817 -0.0229917 -0.0005682 0.0003384 -0.0230068 -0.0014509 0.000819 -0.0240385 -0.0033838 0.0018623 -0.0240234 -0.0033742 0.0018484 -0.0218268 -0.0053089 0.0028927 -0.0218117 -0.0052993 0.0028788 -0.0196131 -0.0060463 0.003282 -0.0196073 -0.0060418 0.0032754 -0.0185709 0.0018052 0.0139515 -0.0207342 0.0016004 0.0135402 -0.0185392 0.0039412 0.0132842 -0.0207478 0.0041127 0.0136338 -0.0229429 0.0061356 0.0127572 -0.0229574 0.0062878 0.0130709 -0.0251527 0.0082199 0.0120258 -0.0251678 0.0083584 0.0123142 -0.0273632 0.0098524 0.0113846 -0.0274298 0.0099105 0.0115065 -0.0284121 0.0075481 0.0129289 -0.0283928 0.0074195 0.0126589 -0.0261988 0.0054476 0.0136301 -0.026184 0.0053029 0.0133302 -0.0239886 0.0032382 0.0141294 -0.0239745 0.0030703 0.0137867 -0.0217793 0.0008902 0.0143765 -0.021766 0.0006827 0.0139604 -0.019569 -0.0002011 0.0141103 -0.0195642 -0.0003148 0.0138847 -0.0185286 0.0018689 0.0166235 -0.0517572 -0.0054404 0.0030831 -0.0518111 0.0019027 0.0166543 -0.0495584 -0.0054307 0.0030692 -0.0496125 0.0019027 0.0166543 -0.0495584 -0.0054307 0.0030692 -0.0496125 -0.0002807 0.0172337 -0.0495452 -0.0073637 0.0041126 -0.0495974 -0.0002807 0.0172337 -0.0495452 -0.0073637 0.0041126 -0.0495974 -0.000258 0.0172439 -0.0473485 -0.007354 0.0040986 -0.0474009 -0.000258 0.0172439 -0.0473485 -0.007354 0.0040986 -0.0474009 -0.0012323 0.0174619 -0.0473429 -0.0081996 0.004555 -0.0473943 -0.0012323 0.0174619 -0.0473429 -0.0081996 0.004555 -0.0473943 -0.0012269 0.0174571 -0.0463065 -0.0081951 0.0045485 -0.0463579 -0.0012269 0.0174571 -0.0463065 -0.0081951 0.0045485 -0.0463579 0.0007457 0.0169833 -0.0463181 -0.0064695 0.003617 -0.0463713 0.0012237 -0.0005006 -0.0552178 0.001214 -0.0004867 -0.0574143 0.0034374 -0.0016868 -0.0574317 0.0034329 -0.0016803 -0.0584686 0.0003314 -6.1e-06 -0.0584444 0.000341 -2e-05 -0.0562494 -0.0045462 0.0025876 -0.0485829 -0.0064791 0.003631 -0.0485679 -0.0045558 0.0026016 -0.0507795 -0.0026229 0.0015582 -0.0507946 -0.0026326 0.0015721 -0.0529911 -0.0006996 0.0005288 -0.0530062 -0.0015823 0.0010094 -0.0540378 -0.0035152 0.0020527 -0.0540227 -0.0035056 0.0020388 -0.0518262 -0.0054404 0.0030831 -0.0518111 -0.0054307 0.0030692 -0.0496125 -0.0073637 0.0041126 -0.0495974 -0.007354 0.0040986 -0.0474009 -0.0081996 0.004555 -0.0473943 -0.0081951 0.0045485 -0.0463579 -0.0064695 0.003617 -0.0463713 0.002882 0.0163484 -0.0485282 0.0007338 0.0169929 -0.0485147 0.0028579 0.0163354 -0.0507248 0.0049356 0.0155604 -0.0507388 0.0048992 0.0155246 -0.0529355 0.0069013 0.0146094 -0.0529501 0.0068505 0.0145471 -0.0551469 0.0087713 0.0134813 -0.0551621 0.0087017 0.0133842 -0.0573591 0.0108026 0.011957 -0.0573773 0.0107583 0.01189 -0.0584146 0.0078045 0.0138379 -0.0583893 0.0078788 0.0139437 -0.0561938 0.0059221 0.0149429 -0.0561789 0.0059794 0.0150174 -0.053982 0.0039406 0.0158645 -0.0539677 0.0039852 0.0159155 -0.051771 0.0018689 0.0166235 -0.0517572 0.0019027 0.0166543 -0.0495584 -0.0002807 0.0172337 -0.0495452 -0.000258 0.0172439 -0.0473485 -0.0012323 0.0174619 -0.0473429 -0.0012269 0.0174571 -0.0463065 0.0007457 0.0169833 -0.0463181 0.0049609 0.0155667 -0.0479353 -0.0026106 0.0015404 -0.0479912 0.0069628 0.0146511 -0.0479499 -0.0006777 0.0004971 -0.0480063 0.0019222 0.0166499 -0.0467571 -0.0054185 0.0030514 -0.0468112 0.0019191 0.0166124 -0.0445585 -0.0054088 0.0030375 -0.0446126 0.0019191 0.0166124 -0.0445585 -0.0054088 0.0030375 -0.0446126 0.0001555 0.0171066 -0.0445477 -0.0069811 0.0038862 -0.0446003 0.0001555 0.0171066 -0.0445477 -0.0069811 0.0038862 -0.0446003 0.0001368 0.0170404 -0.0423514 -0.0069715 0.0038722 -0.0424038 0.0001368 0.0170404 -0.0423514 -0.0069715 0.0038722 -0.0424038 -0.0010811 0.0173302 -0.0423442 -0.0080358 0.0044467 -0.0423955 -0.0010811 0.0173302 -0.0423442 -0.0080358 0.0044467 -0.0423955 -0.0010961 0.0172875 -0.0413079 -0.0080313 0.0044401 -0.0413591 -0.0010961 0.0172875 -0.0413079 -0.0080313 0.0044401 -0.0413591 0.0010822 0.0167398 -0.0413209 -0.0061155 0.003406 -0.041374 0.0012456 -0.0005324 -0.0502179 0.0012359 -0.0005184 -0.0524144 0.0038641 -0.0019371 -0.0524349 0.0038596 -0.0019305 -0.0534719 0.0003533 -3.78e-05 -0.0534445 0.0003629 -5.18e-05 -0.0512495 -0.0006873 0.000511 -0.0502028 0.0003629 -5.18e-05 -0.0512495 -0.00157 0.0009916 -0.0512345 -0.0015604 0.0009776 -0.0490379 -0.002601 0.0015265 -0.0457947 -0.0045339 0.0025698 -0.0457796 -0.0026106 0.0015404 -0.0479912 -0.0006777 0.0004971 -0.0480063 -0.0015604 0.0009776 -0.0490379 -0.0034933 0.002021 -0.0490228 -0.0034837 0.0020071 -0.0468263 -0.0054185 0.0030514 -0.0468112 -0.0054088 0.0030375 -0.0446126 -0.0061251 0.00342 -0.0435706 -0.0045243 0.0025559 -0.0435831 -0.0069811 0.0038862 -0.0446003 -0.0069715 0.0038722 -0.0424038 -0.0080358 0.0044467 -0.0423955 -0.0080313 0.0044401 -0.0413591 -0.0061155 0.003406 -0.041374 -0.0061251 0.00342 -0.0435706 0.0049641 0.0155407 -0.0457389 0.0028903 0.0163232 -0.0457248 0.0049609 0.0155667 -0.0479353 0.0069628 0.0146511 -0.0479499 0.006945 0.0146498 -0.0501465 0.0088725 0.0135965 -0.0501616 0.0088377 0.0135637 -0.0523584 0.0113355 0.0119036 -0.0523798 0.0113095 0.0118704 -0.0534169 0.0079518 0.0140383 -0.0533885 0.00965 0.013019 -0.0534024 0.007992 0.0140811 -0.0511933 0.0060315 0.0150734 -0.0511784 0.0060559 0.0150868 -0.0489817 0.0040204 0.0159402 -0.0489674 0.004031 0.015928 -0.0467709 0.0019222 0.0166499 -0.0467571 0.0019191 0.0166124 -0.0445585 0.0001555 0.0171066 -0.0445477 0.0001368 0.0170404 -0.0423514 -0.0010811 0.0173302 -0.0423442 -0.0010961 0.0172875 -0.0413079 0.0010822 0.0167398 -0.0413209 0.0011092 0.0168215 -0.0435172 0.0028791 0.0162707 -0.0435284 0.0069499 0.0145548 -0.0429503 -0.0006558 0.0004653 -0.0430064 -0.0025887 0.0015087 -0.0429913 0.0049468 0.0154682 -0.0429357 0.0088038 0.0136533 -0.0483944 0.0011657 -0.0004963 -0.0484508 0.0088119 0.0136365 -0.0461995 0.0011753 -0.0005102 -0.0462558 0.0018917 0.016521 -0.0417576 -0.0053966 0.0030197 -0.0418113 0.0018516 0.016415 -0.0395593 -0.0053869 0.0030057 -0.0396127 0.0018516 0.016415 -0.0395593 -0.0053869 0.0030057 -0.0396127 0.0001112 0.0169022 -0.0395486 -0.0069383 0.0038431 -0.0396006 0.0001112 0.0169022 -0.0395486 -0.0069383 0.0038431 -0.0396006 5.21e-05 0.016761 -0.0373526 -0.0069287 0.0038292 -0.0374041 5.21e-05 0.016761 -0.0373526 -0.0069287 0.0038292 -0.0374041 -0.0010321 0.0170166 -0.0373462 -0.0078751 0.00434 -0.0373967 -0.0010321 0.0170166 -0.0373462 -0.0078751 0.00434 -0.0373967 -0.0010675 0.016936 -0.0363101 -0.0078706 0.0043335 -0.0363603 -0.0010675 0.016936 -0.0363101 -0.0078706 0.0043335 -0.0363603 0.0007733 0.0164867 -0.036321 -0.0062572 0.0034626 -0.0363729 0.0021307 -0.00103 -0.0452247 0.002121 -0.0010161 -0.0474213 0.0011657 -0.0004963 -0.0484508 0.0011753 -0.0005102 -0.0462558 -0.0006654 0.0004793 -0.0452029 0.0011753 -0.0005102 -0.0462558 -0.0015481 0.0009599 -0.0462346 -0.0015385 0.0009459 -0.044038 -0.0006558 0.0004653 -0.0430064 -0.0025887 0.0015087 -0.0429913 -0.0015385 0.0009459 -0.044038 -0.0034714 0.0019893 -0.0440229 -0.0034618 0.0019753 -0.0418264 -0.0053966 0.0030197 -0.0418113 -0.0053869 0.0030057 -0.0396127 -0.0069383 0.0038431 -0.0396006 -0.0069287 0.0038292 -0.0374041 -0.0078751 0.00434 -0.0373967 -0.0078706 0.0043335 -0.0363603 -0.0062572 0.0034626 -0.0363729 -0.0062668 0.0034766 -0.0385694 -0.0045024 0.0025241 -0.0385832 -0.004512 0.0025381 -0.0407797 -0.0025791 0.0014947 -0.0407948 0.0069499 0.0145548 -0.0429503 0.0049468 0.0154682 -0.0429357 0.0069647 0.0146141 -0.0451466 0.0097371 0.0130609 -0.0451686 0.0097347 0.0130882 -0.0473651 0.0115317 0.0118791 -0.0473807 0.0115233 0.0118785 -0.0484176 0.0088038 0.0136533 -0.0483944 0.0088119 0.0136365 -0.0461995 0.0060661 0.0150651 -0.0461784 0.0074513 0.0143858 -0.0461888 0.0060576 0.0150177 -0.043982 0.0040227 0.0158721 -0.0439677 0.0039992 0.0157967 -0.0417714 0.0018917 0.016521 -0.0417576 0.0018516 0.016415 -0.0395593 0.0001112 0.0169022 -0.0395486 5.21e-05 0.016761 -0.0373526 -0.0010321 0.0170166 -0.0373462 -0.0010675 0.016936 -0.0363101 0.0007733 0.0164867 -0.036321 0.0008394 0.0166409 -0.038517 0.0027953 0.0160431 -0.0385293 0.0028422 0.0161617 -0.0407254 0.0049165 0.0153803 -0.0407395 0.0026293 0.0156632 -0.0335308 -0.0044805 0.0024924 -0.0335833 -0.0075788 0.0041648 -0.0335591 -0.0008618 0.016608 -0.0335095 0.0088009 0.0135756 -0.0433947 0.0011876 -0.000528 -0.0434509 0.0087757 0.0134972 -0.0412 0.0011972 -0.0005419 -0.0412559 0.0017767 0.0162357 -0.0367587 -0.0053747 0.0029879 -0.0368114 0.0016988 0.0160597 -0.0345607 -0.005365 0.002974 -0.0346128 0.0016988 0.0160597 -0.0345607 -0.005365 0.002974 -0.0346128 -0.000815 0.0167096 -0.0345456 -0.0075833 0.0041714 -0.0345955 -0.0075788 0.0041648 -0.0335591 -0.0008618 0.016608 -0.0335095 -0.000815 0.0167096 -0.0345456 -0.0075833 0.0041714 -0.0345955 0.0022159 -0.001096 -0.0402253 0.0022063 -0.001082 -0.0424219 0.0011876 -0.000528 -0.0434509 0.0011972 -0.0005419 -0.0412559 -0.0006435 0.0004475 -0.040203 0.0011972 -0.0005419 -0.0412559 -0.0015262 0.0009281 -0.0412347 -0.0015166 0.0009142 -0.0390381 -0.0025668 0.0014769 -0.0379914 -0.0006339 0.0004336 -0.0380065 -0.0015166 0.0009142 -0.0390381 -0.0034495 0.0019575 -0.0390231 -0.0034399 0.0019436 -0.0368265 -0.0044805 0.0024924 -0.0335833 -0.0075788 0.0041648 -0.0335591 -0.0044901 0.0025064 -0.0357798 -0.0025572 0.001463 -0.0357949 -0.0034399 0.0019436 -0.0368265 -0.0053747 0.0029879 -0.0368114 -0.005365 0.002974 -0.0346128 -0.0075833 0.0041714 -0.0345955 0.0026293 0.0156632 -0.0335308 -0.0008618 0.016608 -0.0335095 0.0027125 0.0158491 -0.0357267 0.0047923 0.0150778 -0.0357407 0.0048564 0.0152283 -0.0379366 0.0068623 0.0143202 -0.0379512 0.00691 0.0144404 -0.0401473 0.0097485 0.0128579 -0.0401698 0.0097799 0.0129479 -0.042366 0.011556 0.0117657 -0.0423813 0.0115647 0.0117967 -0.0434181 0.0088009 0.0135756 -0.0433947 0.0087757 0.0134972 -0.0412 0.0060258 0.0149182 -0.041179 0.007413 0.0142419 -0.0411893 0.0059844 0.0148098 -0.0389828 0.0039472 0.0156598 -0.0389685 0.0038891 0.0155205 -0.0367725 0.0017767 0.0162357 -0.0367587 0.0016988 0.0160597 -0.0345607 -0.000815 0.0167096 -0.0345456 0.0037927 0.0153013 -0.0339699 -0.0034276 0.0019258 -0.0340232 0.0036994 0.0150967 -0.0317741 -0.003418 0.0019119 -0.0318266 0.0036994 0.0150967 -0.0317741 -0.003418 0.0019119 -0.0318266 0.001575 0.0157898 -0.0317604 -0.0053528 0.0029562 -0.0318115 0.001575 0.0157898 -0.0317604 -0.0053528 0.0029562 -0.0318115 0.0014578 0.015541 -0.0295627 -0.0053431 0.0029423 -0.0296129 0.0014578 0.015541 -0.0295627 -0.0053431 0.0029423 -0.0296129 -0.0007505 0.0160742 -0.0295497 -0.007276 0.0039856 -0.0295978 -0.0007505 0.0160742 -0.0295497 -0.007276 0.0039856 -0.0295978 -0.0008187 0.0159328 -0.0285138 -0.0072715 0.003979 -0.0285614 -0.0008187 0.0159328 -0.0285138 -0.0072715 0.003979 -0.0285614 0.0023783 0.0151261 -0.0285329 -0.0044586 0.0024607 -0.0285834 0.0038416 -0.0019805 -0.0384715 0.0038462 -0.0019871 -0.0374346 0.000419 -0.000133 -0.0384448 0.0004286 -0.000147 -0.0362499 0.0013113 -0.0006276 -0.0352182 0.0013017 -0.0006136 -0.0374147 0.0004286 -0.000147 -0.0362499 -0.0015043 0.0008964 -0.0362348 -0.0014947 0.0008824 -0.0340382 -0.0006216 0.0004158 -0.0352031 -0.0014947 0.0008824 -0.0340382 -0.0034276 0.0019258 -0.0340232 -0.003418 0.0019119 -0.0318266 -0.0053528 0.0029562 -0.0318115 -0.0053431 0.0029423 -0.0296129 -0.007276 0.0039856 -0.0295978 -0.0072715 0.003979 -0.0285614 -0.0044586 0.0024607 -0.0285834 -0.0044682 0.0024746 -0.0307799 -0.0025353 0.0014313 -0.030795 -0.0025449 0.0014452 -0.0329915 -0.000612 0.0004018 -0.0330066 0.0112545 0.0117517 -0.0384169 0.0112287 0.011689 -0.0373802 0.0079376 0.0137952 -0.0383894 0.0078788 0.0136544 -0.0361949 0.0059103 0.0146319 -0.0361801 0.0058355 0.0144615 -0.0339842 0.0037927 0.0153013 -0.0339699 0.0036994 0.0150967 -0.0317741 0.001575 0.0157898 -0.0317604 0.0014578 0.015541 -0.0295627 -0.0007505 0.0160742 -0.0295497 -0.0008187 0.0159328 -0.0285138 0.0023783 0.0151261 -0.0285329 0.0024993 0.0153819 -0.0307285 0.00459 0.0146308 -0.0307424 0.0046886 0.0148452 -0.0329382 0.0066991 0.0139455 -0.0329527 0.0067802 0.0141276 -0.0351485 0.0087169 0.0130913 -0.0351636 0.0087827 0.0132449 -0.0373596 0.0012822 0.0151751 -0.0267629 -0.0053308 0.0029245 -0.0268116 -0.0033961 0.0018801 -0.0268267 0.0034277 0.0145211 -0.0267764 0.0012822 0.0151751 -0.0267629 -0.0053308 0.0029245 -0.0268116 0.0011227 0.0148479 -0.0245655 -0.0053212 0.0029105 -0.024613 0.0011227 0.0148479 -0.0245655 -0.0053212 0.0029105 -0.024613 -0.0005345 0.0152023 -0.024556 -0.0067527 0.0036832 -0.0246018 -0.0005345 0.0152023 -0.024556 -0.0067527 0.0036832 -0.0246018 -0.000625 0.0150196 -0.0235203 -0.0067481 0.0036766 -0.0235654 -0.000625 0.0150196 -0.0235203 -0.0067481 0.0036766 -0.0235654 0.002038 0.0144232 -0.0235357 -0.0044367 0.0024289 -0.0235835 0.0013332 -0.0006593 -0.0302183 0.0013236 -0.0006454 -0.0324149 0.0034402 -0.0017838 -0.0334683 0.0004409 -0.0001648 -0.0334449 0.0004505 -0.0001787 -0.03125 -0.0033961 0.0018801 -0.0268267 -0.0044463 0.0024429 -0.02578 -0.0025134 0.0013995 -0.0257951 -0.002523 0.0014135 -0.0279916 -0.0005901 0.0003701 -0.0280067 -0.0005997 0.0003841 -0.0302032 0.0004505 -0.0001787 -0.03125 -0.0014824 0.0008647 -0.0312349 -0.0014728 0.0008507 -0.0290384 -0.0034057 0.0018941 -0.0290233 -0.0053308 0.0029245 -0.0268116 -0.0053212 0.0029105 -0.024613 -0.0067527 0.0036832 -0.0246018 -0.0067481 0.0036766 -0.0235654 -0.0044367 0.0024289 -0.0235835 -0.0044463 0.0024429 -0.02578 0.0012822 0.0151751 -0.0267629 0.0034277 0.0145211 -0.0267764 0.0011227 0.0148479 -0.0245655 -0.0005345 0.0152023 -0.024556 -0.000625 0.0150196 -0.0235203 0.002038 0.0144232 -0.0235357 0.0021989 0.0147531 -0.025731 0.0043075 0.0140351 -0.0257448 0.0044416 0.0143154 -0.0279402 0.0064582 0.013427 -0.0279547 0.0065738 0.0136729 -0.0301503 0.0085104 0.0126363 -0.0301654 0.008611 0.0128546 -0.0323611 0.0106581 0.0115734 -0.032449 0.0106982 0.0116617 -0.0334148 0.007782 0.0134346 -0.0333908 0.0076892 0.0132309 -0.0311966 0.0057183 0.0142039 -0.0311818 0.0056092 0.01397 -0.0289861 0.0035573 0.014793 -0.0289719 0.0035601 -0.0027261 -0.0624211 -0.0030169 -0.0149418 -0.0602732 0.0039848 -0.0019712 -0.0602215 0.0039796 -0.0019636 -0.0614136 0.0037343 -0.0024102 -0.0619508 -0.0073684 -0.0138184 -0.0558536 0.0001382 8.76e-05 -0.0557983 -0.0093456 -0.012857 -0.0558389 -0.0017947 0.001131 -0.0557832 -0.0131264 -0.0106563 -0.0524515 -0.0056479 0.0031975 -0.0523963 -0.0121378 -0.0113488 -0.0524602 -0.0045929 0.002628 -0.0524046 -0.0121378 -0.0113488 -0.0524602 -0.0045929 0.002628 -0.0524046 -0.0121022 -0.0112511 -0.0546564 -0.0046025 0.002642 -0.0546011 -0.0121022 -0.0112511 -0.0546564 -0.0046025 0.002642 -0.0546011 -0.0102402 -0.0124259 -0.054672 -0.0026696 0.0015986 -0.0546162 -0.0101953 -0.0123108 -0.0568703 -0.0026792 0.0016126 -0.0568148 -0.0082553 -0.0133455 -0.0568853 -0.0007445 0.0005682 -0.0568299 0.0020519 -0.0009278 -0.0602064 0.0020615 -0.0009418 -0.0580099 0.0001286 0.0001016 -0.0579948 -0.0007541 0.0005822 -0.0590264 0.0011788 -0.0004612 -0.0590415 0.0011745 -0.0004549 -0.0600319 0.0001286 0.0001016 -0.0579948 0.0001382 8.76e-05 -0.0557983 -0.0017947 0.001131 -0.0557832 -0.0026696 0.0015986 -0.0546162 -0.0026792 0.0016126 -0.0568148 -0.0007445 0.0005682 -0.0568299 -0.003718 0.0021604 -0.0535716 -0.0037084 0.0021465 -0.051375 -0.0056434 0.0031909 -0.0513599 -0.0056479 0.0031975 -0.0523963 -0.0045929 0.002628 -0.0524046 -0.0046025 0.002642 -0.0546011 -0.0016219 -0.0148308 -0.0635122 -0.0016824 -0.0149579 -0.0624758 -0.0029171 -0.0147251 -0.0624689 -0.0030169 -0.0149418 -0.0602732 -0.0051839 -0.0143321 -0.0602598 -0.0052534 -0.0144926 -0.0580638 -0.0073185 -0.0136941 -0.0580497 -0.0073684 -0.0138184 -0.0558536 -0.0093456 -0.012857 -0.0558389 -0.0093817 -0.0129556 -0.0536427 -0.0112815 -0.0118508 -0.0536274 -0.0113067 -0.0119293 -0.0514311 -0.0131395 -0.0106955 -0.0514152 -0.0131264 -0.0106563 -0.0524515 -0.0121378 -0.0113488 -0.0524602 -0.0121022 -0.0112511 -0.0546564 -0.0102402 -0.0124259 -0.054672 -0.0101953 -0.0123108 -0.0568703 -0.0082553 -0.0133455 -0.0568853 -0.0081985 -0.0132085 -0.0590814 -0.0061732 -0.0140806 -0.0590958 -0.0060995 -0.0139124 -0.0612917 -0.0039722 -0.0145957 -0.0613053 -0.0038721 -0.0143785 -0.0634995 0.0039796 -0.0019636 -0.0614136 0.000148 -0.0023391 -0.0612456 0.0008068 -0.0011316 -0.0603384 0.0004631 -0.0017625 -0.0607456 0.002839 -0.0019781 -0.0612551 0.0030972 -0.0014897 -0.0608219 0.002156 -0.0009834 -0.0603627 0.0035601 -0.0027261 -0.0624211 0.0037343 -0.0024102 -0.0619508 0.002839 -0.0019781 -0.0612551 0.0020505 -0.0034069 -0.0634558 0.0025266 -0.0025474 -0.0619107 0.0022629 -0.0030252 -0.0626484 0.0037144 -0.0141149 -0.063531 0.0038135 -0.0142206 -0.0624952 0.0057659 -0.0130856 -0.0635335 0.0059349 -0.0132666 -0.0613403 0.007807 -0.0120469 -0.0613408 0.0079376 -0.0121877 -0.0591456 0.0096615 -0.0108126 -0.0591444 0.0097676 -0.0109277 -0.0569489 0.0113663 -0.0094183 -0.0569464 0.0114553 -0.0095155 -0.0547486 0.0129419 -0.0078914 -0.0547448 0.0130172 -0.0079743 -0.052549 0.0137884 -0.0070457 -0.0525465 0.0138185 -0.0070791 -0.0515104 0.0123756 -0.0087524 -0.0515147 0.0123154 -0.0086853 -0.0537107 0.0107739 -0.0102518 -0.0537138 0.0106979 -0.0101682 -0.0559096 0.0090439 -0.0116167 -0.0559116 0.0089478 -0.011512 -0.0581071 0.0071661 -0.0128266 -0.0581077 0.0070415 -0.012692 -0.0603029 0.0051118 -0.0138513 -0.0603018 0.0049432 -0.0136707 -0.0624966 -0.0018713 -0.0001667 -0.0579877 -0.0018617 -0.0001807 -0.0557912 -0.0002721 0.0013352 -0.0557886 -0.0002624 0.0013213 -0.053592 0.0013272 0.0028372 -0.0535894 0.0013368 0.0028233 -0.0513929 0.002056 0.00352 -0.0524281 0.0020464 0.0035339 -0.0546246 0.0004567 0.002018 -0.0546272 0.0004471 0.002032 -0.0568258 -0.0011441 0.0005146 -0.0568285 -0.0011537 0.0005286 -0.059025 -0.0027434 -0.0009874 -0.0590277 -0.0027477 -0.0009811 -0.0600181 -0.0034706 -0.0016687 -0.0601869 -0.003461 -0.0016826 -0.0579904 -0.0027434 -0.0009874 -0.0590277 0.0051118 -0.0138513 -0.0603018 -0.0050655 -0.003177 -0.0613817 -0.0050603 -0.0031846 -0.0601896 -0.0044669 -0.003803 -0.0623928 -0.004715 -0.0035437 -0.061921 0.0070415 -0.012692 -0.0603029 0.0051118 -0.0138513 -0.0603018 -0.0050603 -0.0031846 -0.0601896 -0.0034706 -0.0016687 -0.0601869 0.0071661 -0.0128266 -0.0581077 0.0070415 -0.012692 -0.0603029 -0.0034706 -0.0016687 -0.0601869 -0.003461 -0.0016826 -0.0579904 0.0097676 -0.0109277 -0.0569489 0.0113663 -0.0094183 -0.0569464 0.0004471 0.002032 -0.0568258 -0.0011441 0.0005146 -0.0568285 0.0057659 -0.0130856 -0.0635335 0.0059349 -0.0132666 -0.0613403 -0.0031383 -0.0037497 -0.0626294 -0.0028385 -0.0040628 -0.0634385 -0.0043351 -0.0024867 -0.0607957 -0.0035575 -0.0017499 -0.0603425 -0.0017218 -0.0020556 -0.0607379 -0.0012694 -0.0025292 -0.0612406 -0.0039604 -0.0028902 -0.0612311 -0.0044669 -0.003803 -0.0623928 -0.004715 -0.0035437 -0.061921 -0.0039604 -0.0028902 -0.0612311 -0.0035135 -0.0033576 -0.0618893 -0.0031383 -0.0037497 -0.0626294 -0.0028385 -0.0040628 -0.0634385 -0.0023435 -0.0005968 -0.059905 -0.0016153 8.65e-05 -0.0588496 -2.57e-05 0.0016024 -0.0588469 -1.6e-05 0.0015885 -0.0566504 0.0015751 0.0031058 -0.0566478 0.0015848 0.0030918 -0.0544491 0.0024539 0.0039098 -0.0534113 0.0008642 0.0023938 -0.0534139 0.0008546 0.0024078 -0.0556105 -0.0007351 0.0008919 -0.0556131 -0.0007447 0.0009058 -0.0578097 -0.0023343 -0.0006101 -0.0578123 0.0031731 0.0046065 -0.0544465 0.0031827 0.0045925 -0.0522518 0.0047472 0.0060736 -0.0512109 0.0024635 0.0038958 -0.0512148 0.0024539 0.0039098 -0.0534113 -0.0131103 0.0106937 -0.05989 -0.0145697 0.0090412 -0.0598941 -0.004498 0.0016626 -0.0599851 -0.007189 0.0013017 -0.0599756 -0.0147549 0.0082648 -0.0631365 -0.0137126 0.0095992 -0.0631326 -0.0106062 0.0039144 -0.0631823 -0.008554 0.0041897 -0.0631895 -0.0137126 0.0095992 -0.0631326 -0.008554 0.0041897 -0.0631895 -0.0138603 0.0097502 -0.0609313 -0.0073223 0.0028943 -0.0610035 -0.0077608 0.0033552 -0.0615727 -0.0083625 0.0039881 -0.0626922 -0.0138603 0.0097502 -0.0609313 -0.0073223 0.0028943 -0.0610035 -0.0123476 0.0113446 -0.0609279 -0.0046333 0.003255 -0.061013 -0.0123476 0.0113446 -0.0609279 -0.0046333 0.003255 -0.061013 -0.0124567 0.0114551 -0.0587299 -0.004284 0.0028881 -0.060658 -0.0016153 8.65e-05 -0.0588496 -2.57e-05 0.0016024 -0.0588469 -0.0124567 0.0114551 -0.0587299 -0.0108014 0.0129021 -0.058728 0.0015751 0.0031058 -0.0566478 0.0015848 0.0030918 -0.0544491 -0.0091035 0.0143037 -0.0565299 -0.009173 0.0143727 -0.0543304 0.0031731 0.0046065 -0.0544465 0.0031827 0.0045925 -0.0522518 -0.0072799 0.0155677 -0.0543311 -0.0073368 0.0156235 -0.0521357 0.0031827 0.0045925 -0.0522518 0.0047427 0.0060802 -0.0522492 -0.0073368 0.0156235 -0.0521357 -0.0053792 0.0166943 -0.0521375 0.0047427 0.0060802 -0.0522492 0.0047472 0.0060736 -0.0512109 -0.0053792 0.0166943 -0.0521375 -0.0054038 0.0167182 -0.0510989 0.0008642 0.0023938 -0.0534139 0.0008546 0.0024078 -0.0556105 -0.0100215 0.0138089 -0.0532938 -0.0099656 0.0137542 -0.055491 0.0008546 0.0024078 -0.0556105 -0.0007351 0.0008919 -0.0556131 -0.0099656 0.0137542 -0.055491 -0.0116889 0.0123785 -0.0554922 -0.0007351 0.0008919 -0.0556131 -0.0007447 0.0009058 -0.0578097 -0.0116889 0.0123785 -0.0554922 -0.011614 0.0123037 -0.0576897 -0.0007447 0.0009058 -0.0578097 -0.0023343 -0.0006101 -0.0578123 -0.011614 0.0123037 -0.0576897 -0.0132125 0.0107971 -0.0576922 -0.0023435 -0.0005968 -0.059905 -0.0023343 -0.0006101 -0.0578123 -0.0131103 0.0106937 -0.05989 -0.004498 0.0016626 -0.0599851 -0.0132125 0.0107971 -0.0576922 -0.0039217 0.001058 -0.0597973 -0.0033353 0.000443 -0.0597323 -0.002838 -7.85e-05 -0.059774 -0.0147549 0.0082648 -0.0631365 -0.0106062 0.0039144 -0.0631823 -0.0148382 0.0083504 -0.0620984 -0.0101615 0.0034462 -0.0621501 -0.0104005 0.0036978 -0.0626511 -0.0131103 0.0106937 -0.05989 -0.0145697 0.0090412 -0.0598941 -0.0144239 0.0088923 -0.0621088 -0.0147549 0.0082648 -0.0631365 -0.0137126 0.0095992 -0.0631326 -0.0138603 0.0097502 -0.0609313 -0.0123476 0.0113446 -0.0609279 -0.0124567 0.0114551 -0.0587299 -0.0108014 0.0129021 -0.058728 -0.0108867 0.0129878 -0.0565304 -0.0091035 0.0143037 -0.0565299 -0.009173 0.0143727 -0.0543304 -0.0072799 0.0155677 -0.0543311 -0.0073368 0.0156235 -0.0521357 -0.0053792 0.0166943 -0.0521375 -0.0054038 0.0167182 -0.0510989 -0.0082251 0.0151042 -0.0510968 -0.0081844 0.0150654 -0.0532939 -0.0100215 0.0138089 -0.0532938 -0.0099656 0.0137542 -0.055491 -0.0116889 0.0123785 -0.0554922 -0.011614 0.0123037 -0.0576897 -0.0132125 0.0107971 -0.0576922 -0.0148382 0.0083504 -0.0620984 -0.0089335 0.0031337 -0.061489 -0.0080912 0.0022487 -0.060548 -0.0073223 0.0028943 -0.0610035 -0.0077608 0.0033552 -0.0615727 -0.0028002 0.0013307 -0.0598261 -0.0033718 0.0019305 -0.0600345 -0.0039217 0.001058 -0.0597973 -0.0033353 0.000443 -0.0597323 -0.0076819 0.001819 -0.0602418 -0.0073223 0.0028943 -0.0610035 -0.0073841 0.0022562 -0.0604892 -0.0072602 0.0021342 -0.0603975 -0.0073202 0.0019471 -0.0602885 -0.0063402 0.0019832 -0.0602383 -0.0059147 0.0023147 -0.0604023 -0.004498 0.0016626 -0.0599851 -0.0046333 0.003255 -0.061013 -0.0033718 0.0019305 -0.0600345 -0.004284 0.0028881 -0.060658 -0.0059147 0.0023147 -0.0604023 -0.0054888 0.002638 -0.0605868 -0.004475 0.0026279 -0.0604867 -0.001807 0.0011488 -0.0585866 -0.0029956 -0.0010325 -0.0600244 -0.0025881 -0.0002804 -0.059816 -0.0022003 0.0004368 -0.0597383 -0.0127954 -0.010528 -0.0574523 -0.0054369 0.0031035 -0.0573981 -0.0120326 -0.0110816 -0.0574592 -0.0046148 0.0026598 -0.0574045 -0.0120326 -0.0110816 -0.0574592 -0.0046148 0.0026598 -0.0574045 -0.011958 -0.0109117 -0.0596551 -0.0046244 0.0026737 -0.059601 -0.0101154 -0.0121223 -0.0596709 -0.0026915 0.0016304 -0.0596161 -0.0026928 0.0016322 -0.0599002 -0.0030945 0.0008858 -0.0597579 -0.0009444 -0.0042903 -0.0662534 -0.0048065 -0.01377 -0.0662966 -0.0037185 -0.0140534 -0.0663032 0.0017466 -0.0039293 -0.0662629 0.0017466 -0.0039293 -0.0662629 -0.0035773 -0.0137601 -0.068497 0.0019063 -0.0036017 -0.0684566 0.0017616 -0.0038908 -0.0670064 -0.0037399 0.0021921 -0.0585715 -0.0037303 0.0021782 -0.0563749 -0.0054324 0.003097 -0.0563616 -0.0054369 0.0031035 -0.0573981 -0.0046148 0.0026598 -0.0574045 -0.0046244 0.0026737 -0.059601 -0.0012528 -0.0140748 -0.0685092 -0.0013409 -0.0142529 -0.067473 -0.0026166 -0.0140962 -0.0674664 -0.0027617 -0.0143968 -0.065271 -0.0038746 -0.0141569 -0.0652646 -0.0049666 -0.0138572 -0.0652579 -0.0050723 -0.0140847 -0.0630622 -0.0071496 -0.0133089 -0.0630482 -0.0072333 -0.0134958 -0.0608524 -0.0092075 -0.0125288 -0.0608376 -0.0092779 -0.012691 -0.0586417 -0.0111651 -0.0115629 -0.0586262 -0.0112265 -0.0117085 -0.0564302 -0.0128268 -0.010601 -0.0564162 -0.0127954 -0.010528 -0.0574523 -0.0120326 -0.0110816 -0.0574592 -0.011958 -0.0109117 -0.0596551 -0.0101154 -0.0121223 -0.0596709 -0.0100342 -0.0119402 -0.0618688 -0.0081044 -0.0129936 -0.0618839 -0.0080133 -0.0127931 -0.0640797 -0.0059834 -0.0136567 -0.0640941 -0.0058748 -0.0134239 -0.0662897 -0.0048065 -0.01377 -0.0662966 -0.0037185 -0.0140534 -0.0663032 -0.0035773 -0.0137601 -0.068497 -0.0029956 -0.0010325 -0.0600244 -0.0025881 -0.0002804 -0.059816 -0.0036153 -7.9e-05 -0.0597578 -0.0039188 -0.0006399 -0.059853 -0.0033822 -0.0017439 -0.0603538 -0.0029956 -0.0010325 -0.0600244 -0.0041725 -0.0011079 -0.0599883 -0.004417 -0.0015583 -0.0601702 -0.0037435 -0.0024068 -0.0607973 -0.0046526 -0.0019915 -0.0603973 -0.0048763 -0.002402 -0.0606656 -0.0052877 -0.0031547 -0.0613216 -0.0020042 -0.0037771 -0.0630103 -0.0017714 -0.0033568 -0.0622565 -0.0014923 -0.0028494 -0.0615773 -0.0028361 -0.0032341 -0.0618451 -0.0030858 -0.0036869 -0.0625235 0.0006868 -0.0034161 -0.0630198 0.0004032 -0.0039206 -0.0644578 0.0005253 -0.0037052 -0.0637218 -0.0007589 -0.0039785 -0.0640556 -0.0008588 -0.0041533 -0.0647735 0.0030128 -0.0036994 -0.0652284 0.0003218 -0.0040604 -0.0652189 -0.0009444 -0.0042903 -0.0662534 -0.0008588 -0.0041533 -0.0647735 0.0017466 -0.0039293 -0.0662629 -0.0010525 -0.0020458 -0.0608068 -0.001281 -0.002464 -0.06117 -0.0037435 -0.0024068 -0.0607973 -0.0028361 -0.0032341 -0.0618451 0.0031245 -0.0134876 -0.0685247 0.0032635 -0.0136352 -0.0674892 0.0052838 -0.0125713 -0.0685283 0.0055126 -0.0128151 -0.0663358 0.0074268 -0.0116395 -0.0663367 0.0076081 -0.0118334 -0.0641421 0.0093387 -0.0104654 -0.064141 0.0094947 -0.0106327 -0.0619461 0.0110787 -0.0091079 -0.0619433 0.0112202 -0.0092601 -0.0597462 0.0126787 -0.0076067 -0.0597421 0.0128106 -0.0077489 -0.0575469 0.0134006 -0.0070138 -0.0575448 0.0134573 -0.007075 -0.056509 0.0122055 -0.0085651 -0.0565129 0.0120926 -0.0084429 -0.0587083 0.0105694 -0.0100285 -0.0587117 0.0104435 -0.0098926 -0.060907 0.0087939 -0.0113457 -0.060909 0.0086487 -0.0111896 -0.063104 0.0068492 -0.0124855 -0.0631043 0.0066721 -0.0122959 -0.065299 0.0046873 -0.0133975 -0.0652973 0.0044529 -0.0131478 -0.0674913 -0.0002895 0.0013606 -0.0597801 0.0004336 0.0020516 -0.0599113 -0.0002843 0.001353 -0.0585919 0.0013053 0.0028689 -0.0585893 0.0013149 0.002855 -0.0563927 0.0020341 0.0035517 -0.0574279 0.0020245 0.0035657 -0.0596245 0.0004348 0.0020497 -0.0596271 0.0055126 -0.0128151 -0.0663358 0.0074268 -0.0116395 -0.0663367 0.0002639 -0.0041282 -0.0662576 -0.0024271 -0.0044892 -0.0662481 0.0052838 -0.0125713 -0.0685283 0.0055126 -0.0128151 -0.0663358 -0.0024271 -0.0044892 -0.0662481 -0.0024569 -0.0044567 -0.0669915 -0.0025422 -0.0043659 -0.0677244 -0.0026827 -0.0042173 -0.0684404 0.0014272 -0.0004392 -0.06004 0.0008372 0.0001791 -0.0598281 0.0017754 0.0006442 -0.0597768 0.0022154 0.000183 -0.0598747 0.0025054 -0.0015685 -0.0608193 0.0019853 -0.0010239 -0.0603727 0.0014272 -0.0004392 -0.06004 0.0025825 -0.0002017 -0.0600121 0.0032757 -0.0009279 -0.0604253 -0.0051872 -0.0047735 -0.067396 -0.0037207 -0.0045767 -0.0674011 -0.0025422 -0.0043659 -0.0677244 -0.0026827 -0.0042173 -0.0684404 -0.0053718 -0.0045781 -0.0684309 -0.0052655 -0.0046905 -0.0679193 0.0008434 -0.003006 -0.0622657 0.0001425 -0.002273 -0.0611751 0.0025054 -0.0015685 -0.0608193 0.0018409 -0.0026067 -0.0618616 0.0011735 -0.0033508 -0.0630215 0.0008434 -0.003006 -0.0622657 0.0021964 -0.0029783 -0.0625421 0.0024866 -0.0032814 -0.0632812 0.0027091 -0.0035133 -0.0640678 -0.0037019 -0.0046002 -0.0652047 -0.0010109 -0.0042392 -0.0652142 0.0001555 -0.0040172 -0.0647771 0.0002375 -0.0041018 -0.0655108 0.0002639 -0.0041282 -0.0662576 -0.0024271 -0.0044892 -0.0662481 -9.1e-05 0.0171165 -0.0523503 -0.0071631 0.0040155 -0.0524024 -0.0071727 0.0040294 -0.054599 -0.0001544 0.0170307 -0.0545472 -9.1e-05 0.0171165 -0.0523503 -0.0071631 0.0040155 -0.0524024 -0.0011688 0.0173443 -0.0523441 -0.0080929 0.0045174 -0.0523952 -0.0011688 0.0173443 -0.0523441 -0.0080929 0.0045174 -0.0523952 -0.0011428 0.0173774 -0.0513075 -0.0080884 0.0045108 -0.0513588 -0.0011428 0.0173774 -0.0513075 -0.0080884 0.0045108 -0.0513588 0.0009909 0.0168813 -0.05132 -0.0062287 0.003507 -0.0513733 -0.0071727 0.0040294 -0.054599 -0.0001544 0.0170307 -0.0545472 0.0018021 0.0165403 -0.0545589 -0.0054526 0.0031009 -0.0546124 -0.0071631 0.0040155 -0.0524024 -0.0071727 0.0040294 -0.054599 -0.0080929 0.0045174 -0.0523952 -0.0080884 0.0045108 -0.0513588 -0.0062287 0.003507 -0.0513733 -0.0062384 0.0035209 -0.0535698 -0.0045681 0.0026194 -0.0535828 -0.0045778 0.0026333 -0.0557794 -0.0026448 0.0015899 -0.0557945 -0.0026545 0.0016039 -0.057991 -0.0007215 0.0005605 -0.0580061 -0.0007292 0.0005716 -0.0597461 -0.0016042 0.0010411 -0.0590377 -0.0035371 0.0020845 -0.0590226 -0.0035275 0.0020705 -0.0568261 -0.0054623 0.0031149 -0.056811 -0.0054526 0.0031009 -0.0546124 -9.1e-05 0.0171165 -0.0523503 -0.0001544 0.0170307 -0.0545472 -0.0011688 0.0173443 -0.0523441 -0.0011428 0.0173774 -0.0513075 0.0009909 0.0168813 -0.05132 0.0009408 0.0168203 -0.0535168 0.0028044 0.0162768 -0.0535285 0.0027446 0.0161978 -0.0557254 0.0048313 0.0154394 -0.0557393 0.0047614 0.0153416 -0.0579363 0.0067644 0.0144281 -0.0579509 0.00668 0.0143035 -0.0601479 0.0085896 0.0132169 -0.0601632 0.0084824 0.0130502 -0.0623604 0.0101143 0.0118981 -0.0623749 0.0100498 0.0117936 -0.0634123 0.0088341 0.0126868 -0.0634013 0.0075764 0.0134876 -0.0633907 0.007687 0.0136606 -0.061195 0.0057367 0.0146719 -0.06118 0.0058276 0.0148085 -0.0589829 0.0037826 0.0156442 -0.0589686 0.0038617 0.0157589 -0.0567716 0.0017308 0.01644 -0.0567579 0.0018021 0.0165403 -0.0545589 0.0004507 0.0027638 -0.0601939 -0.000325 0.0013206 -0.0597753 -0.0003172 0.0034495 -0.0606949 -0.0006789 0.0027733 -0.0602753 -0.00143 0.0013749 -0.0598029 0.0002284 0.0034476 -0.0606388 0.0010529 0.0037836 -0.060822 0.0015739 0.0036281 -0.0606436 0.0044148 0.0055151 -0.0623904 0.0071206 0.0063671 -0.0634339 0.0034682 0.0058772 -0.063421 0.0032647 0.0054885 -0.0626175 0.0038361 0.0044239 -0.0610744 0.0042397 0.0051836 -0.061907 0.0032647 0.0054885 -0.0626175 0.0030097 0.0050055 -0.0618843 0.0004507 0.0027638 -0.0601939 0.0031417 0.0031248 -0.0602034 0.0035039 0.0038014 -0.0605873 0.0038361 0.0044239 -0.0610744 0.0027049 0.0044314 -0.0612317 0.0015739 0.0036281 -0.0606436 0.0020958 0.0034659 -0.0604806 0.0029194 0.0038086 -0.0606483 0.0035453 0.0152769 -0.0639701 -0.0018017 0.0053717 -0.0640096 0.0036594 0.0154566 -0.0617728 -0.0023918 0.0042468 -0.0618175 -0.0021504 0.0047036 -0.06249 0.0036594 0.0154566 -0.0617728 -0.0023918 0.0042468 -0.0618175 0.0015049 0.0160938 -0.0617593 -0.0050853 0.0038855 -0.0618079 0.0015049 0.0160938 -0.0617593 -0.0050853 0.0038855 -0.0618079 0.0016153 0.0162666 -0.05956 -0.0054746 0.0031327 -0.0596123 -0.0054807 0.0031415 -0.0610102 0.0016153 0.0162666 -0.05956 -0.0054746 0.0031327 -0.0596123 -0.0003427 0.0166973 -0.0595487 -0.0071708 0.0040483 -0.059599 -0.0003427 0.0166973 -0.0595487 -0.0071708 0.0040483 -0.059599 -0.0002352 0.0168645 -0.0573514 -0.0071612 0.0040343 -0.0574025 -0.0002352 0.0168645 -0.0573514 -0.0071612 0.0040343 -0.0574025 -0.001188 0.0170388 -0.0573461 -0.0079718 0.0044719 -0.0573962 -0.001188 0.0170388 -0.0573461 -0.0079718 0.0044719 -0.0573962 -0.0011406 0.0171116 -0.0563094 -0.0079672 0.0044653 -0.0563598 -0.0011406 0.0171116 -0.0563094 -0.0079672 0.0044653 -0.0563598 0.0007154 0.0167285 -0.05632 -0.0063699 0.0036031 -0.0563722 0.0026452 0.0160543 -0.0585294 -0.00459 0.0026511 -0.0585827 -0.0044073 0.0030215 -0.0607778 -0.0045985 0.0026634 -0.0605223 0.0046504 0.0151767 -0.0607404 -0.0007915 0.0051274 -0.062977 -0.0013883 0.003998 -0.0613436 -0.0011019 0.004538 -0.061992 -0.000936 0.0048523 -0.0624689 -0.0054746 0.0031327 -0.0596123 -0.0071708 0.0040483 -0.059599 -0.0071612 0.0040343 -0.0574025 -0.0079718 0.0044719 -0.0573962 -0.0079672 0.0044653 -0.0563598 -0.0063699 0.0036031 -0.0563722 -0.0063795 0.003617 -0.0585688 -0.00459 0.0026511 -0.0585827 0.0090482 0.0116656 -0.0684089 0.0081726 0.0123475 -0.0684007 0.0072581 0.0129702 -0.0683928 0.00741 0.0132199 -0.0661968 0.0054733 0.0142563 -0.0661817 0.0055988 0.0144571 -0.0639843 0.0035453 0.0152769 -0.0639701 0.0036594 0.0154566 -0.0617728 0.0015049 0.0160938 -0.0617593 0.0016153 0.0162666 -0.05956 -0.0003427 0.0166973 -0.0595487 -0.0002352 0.0168645 -0.0573514 -0.001188 0.0170388 -0.0573461 -0.0011406 0.0171116 -0.0563094 0.0007154 0.0167285 -0.05632 0.0006242 0.0165913 -0.0585171 0.0026452 0.0160543 -0.0585294 0.002549 0.0159078 -0.0607265 0.0046504 0.0151767 -0.0607404 0.0045465 0.0150158 -0.0629376 0.00655 0.0141033 -0.0629522 0.0064303 0.0139133 -0.0651495 0.0083191 0.0127883 -0.0651649 0.0081681 0.0125402 -0.0673625 0.0091359 0.0118131 -0.0673713 -0.0023918 0.0042468 -0.0618175 -0.0050853 0.0038855 -0.0618079 -0.0044073 0.0030215 -0.0607778 -0.0017162 0.0033824 -0.0607873 -0.0013883 0.003998 -0.0613436 0.0008893 0.0057327 -0.0640191 -0.0018017 0.0053717 -0.0640096 -0.0021504 0.0047036 -0.06249 -0.0007915 0.0051274 -0.062977 -0.000936 0.0048523 -0.0624689 0.0018995 0.0054884 -0.0629865 0.0021685 0.0060073 -0.0644225 0.0010365 0.0060264 -0.06547 0.000982 0.0059148 -0.0647361 0.0022419 0.0061544 -0.0651804 0.0021685 0.0060073 -0.0644225 0.0037436 0.006428 -0.0662238 0.0036604 0.0062952 -0.0677023 0.0037211 0.006397 -0.0669696 0.0022419 0.0061544 -0.0651804 0.0049329 0.0065154 -0.0651899 0.0049143 0.0065126 -0.0673865 0.0049642 0.006584 -0.0659213 0.0035618 0.0061229 -0.06842 0.0062509 0.0064836 -0.0684295 0.0049143 0.0065126 -0.0673865 0.0063255 0.0066145 -0.0679163 0.0008353 0.0024358 -0.0600259 0.0015628 0.0031236 -0.0594537 0.002432 0.0039415 -0.0584158 0.0008423 0.0024256 -0.0584185 0.0031511 0.0046382 -0.059451 0.0031607 0.0046243 -0.0572564 0.004384 0.0057799 -0.0562161 0.0024416 0.0039276 -0.0562193 0.002432 0.0039415 -0.0584158 -0.0140955 0.0085546 -0.0659427 -0.0120121 0.0110014 -0.0659363 -0.0102713 0.0045444 -0.0659849 -0.0063554 0.0050697 -0.0659988 -0.0120121 0.0110014 -0.0659363 -0.0063554 0.0050697 -0.0659988 -0.0121747 0.0111682 -0.0637378 -0.0060495 0.0047451 -0.0638054 -0.0062073 0.0049118 -0.0645189 -0.0063094 0.0050202 -0.0652523 -0.0121747 0.0111682 -0.0637378 -0.0060495 0.0047451 -0.0638054 -0.0105262 0.0126223 -0.0637358 -0.0033585 0.0051061 -0.0638149 -0.0105262 0.0126223 -0.0637358 -0.0033585 0.0051061 -0.0638149 -0.0106609 0.0127597 -0.0615377 -0.0024058 0.0041031 -0.0616288 -0.0027905 0.0045078 -0.0622957 -0.0106609 0.0127597 -0.0615377 -0.0024058 0.0041031 -0.0616288 -0.0088609 0.0140581 -0.0615374 0.0002878 0.0044645 -0.0616383 0.0015628 0.0031236 -0.0594537 -0.0088609 0.0140581 -0.0615374 0.0002878 0.0044645 -0.0616383 -0.0089821 0.0141813 -0.0593373 0.0010986 0.0036125 -0.0606786 0.0031511 0.0046382 -0.059451 0.0031607 0.0046243 -0.0572564 -0.0070561 0.0153418 -0.0593384 -0.0071706 0.0154581 -0.0571424 0.0031607 0.0046243 -0.0572564 0.0043794 0.0057865 -0.0572543 -0.0071706 0.0154581 -0.0571424 -0.0056187 0.0162708 -0.057144 0.0043794 0.0057865 -0.0572543 0.004384 0.0057799 -0.0562161 -0.0056187 0.0162708 -0.057144 -0.0056719 0.0163248 -0.0561051 0.0008423 0.0024256 -0.0584185 -0.0098626 0.0136511 -0.0583003 -5.12e-05 0.0033664 -0.0606053 0.0005795 0.0027042 -0.0601564 -0.009757 0.0135442 -0.0604981 -5.12e-05 0.0033664 -0.0606053 -0.0114869 0.0121753 -0.0604992 -0.0027422 0.0030054 -0.0605958 -0.0114869 0.0121753 -0.0604992 -0.0027422 0.0030054 -0.0605958 -0.0113625 0.0120488 -0.0626972 -0.0042364 0.0045761 -0.0627759 -0.0038675 0.004188 -0.0620135 -0.0034274 0.0037253 -0.0613375 -0.0113625 0.0120488 -0.0626972 -0.0042364 0.0045761 -0.0627759 -0.012945 0.0105253 -0.0627 -0.0069274 0.0042151 -0.0627664 -0.012945 0.0105253 -0.0627 -0.0069274 0.0042151 -0.0627664 -0.0127869 0.0103634 -0.0648984 -0.0075006 0.00482 -0.0649567 -0.0073691 0.0046808 -0.064196 -0.0071781 0.0044792 -0.0634647 -0.0127869 0.0103634 -0.0648984 -0.0075006 0.00482 -0.0649567 -0.0141951 0.0086572 -0.064903 -0.0101916 0.004459 -0.0649472 -0.0140955 0.0085546 -0.0659427 -0.0120121 0.0110014 -0.0659363 -0.0121747 0.0111682 -0.0637378 -0.0105262 0.0126223 -0.0637358 -0.0106609 0.0127597 -0.0615377 -0.0088609 0.0140581 -0.0615374 -0.0089821 0.0141813 -0.0593373 -0.0070561 0.0153418 -0.0593384 -0.0071706 0.0154581 -0.0571424 -0.0056187 0.0162708 -0.057144 -0.0056719 0.0163248 -0.0561051 -0.0080983 0.01498 -0.056103 -0.0080038 0.0148848 -0.0583006 -0.0098626 0.0136511 -0.0583003 -0.009757 0.0135442 -0.0604981 -0.0114869 0.0121753 -0.0604992 -0.0113625 0.0120488 -0.0626972 -0.012945 0.0105253 -0.0627 -0.0127869 0.0103634 -0.0648984 -0.0141951 0.0086572 -0.064903 -0.0102713 0.0045444 -0.0659849 -0.0063554 0.0050697 -0.0659988 -0.0075006 0.00482 -0.0649567 -0.0102452 0.0045161 -0.0654638 -0.0062073 0.0049118 -0.0645189 -0.0063094 0.0050202 -0.0652523 -0.0075006 0.00482 -0.0649567 -0.0073691 0.0046808 -0.064196 -0.0060495 0.0047451 -0.0638054 -0.0033585 0.0051061 -0.0638149 -0.0042364 0.0045761 -0.0627759 -0.0069274 0.0042151 -0.0627664 0.0015591 0.0031291 -0.0603145 -0.0024058 0.0041031 -0.0616288 -0.0027905 0.0045078 -0.0622957 0.0002878 0.0044645 -0.0616383 0.0010986 0.0036125 -0.0606786 -5.12e-05 0.0033664 -0.0606053 0.0005795 0.0027042 -0.0601564 -0.0027422 0.0030054 -0.0605958 -0.0034274 0.0037253 -0.0613375 -0.0116476 0.0106262 -0.0699363 -0.0055676 0.0042506 -0.0700034 -0.0058633 0.0045594 -0.0692727 -0.0057239 0.0044138 -0.0696443 -0.011781 0.0107638 -0.0685888 -0.0060519 0.0047561 -0.068652 -0.0101498 0.0122362 -0.0685866 -0.0033609 0.0051171 -0.0686615 -0.0101498 0.0122362 -0.0685866 -0.0033609 0.0051171 -0.0686615 -0.0103342 0.0124256 -0.0663879 -0.0036648 0.0054319 -0.0664615 -0.0035185 0.0052811 -0.0679436 -0.0103342 0.0124256 -0.0663879 -0.0036648 0.0054319 -0.0664615 -0.0085113 0.0137 -0.0663878 -0.0009712 0.0057932 -0.066471 -0.0085113 0.0137 -0.0663878 -0.0009712 0.0057932 -0.066471 -0.0086841 0.0138774 -0.0641872 -0.0007714 0.0055799 -0.0642745 -0.0008931 0.0057088 -0.0649949 -0.0086841 0.0138774 -0.0641872 -0.0007714 0.0055799 -0.0642745 -0.0067078 0.0149851 -0.0641888 0.0019173 0.0059406 -0.064284 -0.0067078 0.0149851 -0.0641888 0.0019173 0.0059406 -0.064284 -0.0068751 0.0151568 -0.0620903 0.002653 0.0051654 -0.0621955 0.0041301 0.0056007 -0.0621992 -0.0068751 0.0151568 -0.0620903 0.002653 0.0051654 -0.0621955 -0.0055779 0.0157808 -0.062092 0.0041301 0.0056007 -0.0621992 0.0041351 0.0055935 -0.0610628 -0.0055779 0.0157808 -0.062092 -0.0056691 0.0158745 -0.0609546 -0.0078575 0.014736 -0.0609522 0.0021921 0.0041977 -0.0610631 -0.0077087 0.0145838 -0.0631505 0.0009753 0.0054776 -0.0632463 0.0019445 0.0044579 -0.0613695 -0.0077087 0.0145838 -0.0631505 0.0009753 0.0054776 -0.0632463 -0.0096003 0.0133845 -0.0631498 -0.0017157 0.0051166 -0.0632368 -0.0096003 0.0133845 -0.0631498 -0.0017157 0.0051166 -0.0632368 -0.0094457 0.0132263 -0.0653482 -0.002167 0.0055936 -0.0654285 -0.0020743 0.0054951 -0.0646747 -0.0019239 0.0053361 -0.0639432 -0.0094457 0.0132263 -0.0653482 -0.002167 0.0055936 -0.0654285 -0.0111827 0.0118649 -0.0653492 -0.004858 0.0052326 -0.065419 -0.0111827 0.0118649 -0.0653492 -0.004858 0.0052326 -0.065419 -0.011008 0.0116855 -0.0675477 -0.0047951 0.0051705 -0.0676163 -0.0048707 0.0052485 -0.0668883 -0.011008 0.0116855 -0.0675477 -0.0047951 0.0051705 -0.0676163 -0.0125592 0.0101293 -0.0675508 -0.0074861 0.0048095 -0.0676068 -0.0125592 0.0101293 -0.0675508 -0.0074861 0.0048095 -0.0676068 -0.0124119 0.0099774 -0.0690359 -0.0071464 0.0044558 -0.069094 -0.0124119 0.0099774 -0.0690359 -0.0071464 0.0044558 -0.069094 -0.0129838 0.0092688 -0.0690378 -0.0082526 0.0043074 -0.0690901 -0.0116476 0.0106262 -0.0699363 -0.0055676 0.0042506 -0.0700034 -0.012878 0.0091594 -0.0699402 -0.0078987 0.0039379 -0.0699952 -0.0116476 0.0106262 -0.0699363 -0.011781 0.0107638 -0.0685888 -0.0101498 0.0122362 -0.0685866 -0.0103342 0.0124256 -0.0663879 -0.0085113 0.0137 -0.0663878 -0.0086841 0.0138774 -0.0641872 -0.0067078 0.0149851 -0.0641888 -0.0068751 0.0151568 -0.0620903 -0.0055779 0.0157808 -0.062092 -0.0056691 0.0158745 -0.0609546 -0.0078575 0.014736 -0.0609522 -0.0077087 0.0145838 -0.0631505 -0.0096003 0.0133845 -0.0631498 -0.0094457 0.0132263 -0.0653482 -0.0111827 0.0118649 -0.0653492 -0.011008 0.0116855 -0.0675477 -0.0125592 0.0101293 -0.0675508 -0.0124119 0.0099774 -0.0690359 -0.0129838 0.0092688 -0.0690378 -0.012878 0.0091594 -0.0699402 -0.0058633 0.0045594 -0.0692727 -0.0057239 0.0044138 -0.0696443 -0.0071464 0.0044558 -0.069094 -0.0082526 0.0043074 -0.0690901 -0.0078987 0.0039379 -0.0699952 -0.0036648 0.0054319 -0.0664615 -0.0035185 0.0052811 -0.0679436 -0.0047951 0.0051705 -0.0676163 -0.0048707 0.0052485 -0.0668883 -0.0036648 0.0054319 -0.0664615 -0.0009712 0.0057932 -0.066471 -0.0008931 0.0057088 -0.0649949 -0.002167 0.0055936 -0.0654285 -0.0020743 0.0054951 -0.0646747 -0.004858 0.0052326 -0.065419 0.0038406 0.0053247 -0.0621996 0.003135 0.0046434 -0.0614029 -0.0007714 0.0055799 -0.0642745 0.0019173 0.0059406 -0.064284 0.002653 0.0051654 -0.0621955 0.0009753 0.0054776 -0.0632463 0.0019445 0.0044579 -0.0613695 -0.0017157 0.0051166 -0.0632368 0.0075323 0.0124507 -0.0701982 0.0037195 0.0053875 -0.0702263 0.0051758 0.013827 -0.0701791 0.0003781 0.0049392 -0.0702145 0.0031944 0.0147637 -0.0690069 0.0033451 0.0150112 -0.0668093 -0.0016927 0.0056786 -0.0668465 -0.0018467 0.0054149 -0.0683348 -0.0017499 0.0055836 -0.0675991 0.0033451 0.0150112 -0.0668093 -0.0016927 0.0056786 -0.0668465 0.0011515 0.0155761 -0.0667961 -0.0043863 0.0053173 -0.066837 0.0011515 0.0155761 -0.0667961 -0.0043863 0.0053173 -0.066837 0.0013048 0.0158282 -0.0645964 -0.004448 0.0051712 -0.0646389 -0.0043896 0.0052899 -0.0653666 0.0013048 0.0158282 -0.0645964 -0.004448 0.0051712 -0.0646389 -0.0009908 0.0161997 -0.064584 -0.007139 0.0048102 -0.0646294 -0.0009908 0.0161997 -0.064584 -0.007139 0.0048102 -0.0646294 -0.0009109 0.0163326 -0.0635466 -0.007293 0.0045099 -0.0635937 -0.0072061 0.0046784 -0.0641042 -0.0009109 0.0163326 -0.0635466 -0.007293 0.0045099 -0.0635937 0.0024003 0.0156735 -0.0635653 -0.0033396 0.0050403 -0.0636076 0.0042505 0.0145404 -0.0679739 0.006251 0.0136221 -0.0679885 0.0061592 0.0134709 -0.0692845 0.0076074 0.0125768 -0.0692965 0.0075323 0.0124507 -0.0701982 0.0051758 0.013827 -0.0701791 0.0052597 0.0139657 -0.069021 0.0031944 0.0147637 -0.0690069 0.0033451 0.0150112 -0.0668093 0.0011515 0.0155761 -0.0667961 0.0013048 0.0158282 -0.0645964 -0.0009908 0.0161997 -0.064584 -0.0009109 0.0163326 -0.0635466 0.0024003 0.0156735 -0.0635653 0.002266 0.0154563 -0.0657627 0.0033396 0.0151411 -0.0657695 0.0043896 0.0147663 -0.0657764 -0.004448 0.0051712 -0.0646389 -0.0043896 0.0052899 -0.0653666 -0.0031106 0.0054963 -0.0658024 -0.0031482 0.0054159 -0.0650511 0.0019079 0.0055953 -0.0693159 0.0037195 0.0053875 -0.0702263 0.0003781 0.0049392 -0.0702145 0.0005389 0.0052299 -0.0697163 0.0019079 0.0055953 -0.0693159 0.0019887 0.0057401 -0.068966 0.0007085 0.0055347 -0.0690546 0.000628 0.0053904 -0.0693908 -0.004448 0.0051712 -0.0646389 -0.007293 0.0045099 -0.0635937 -0.0033396 0.0050403 -0.0636076 -0.0032245 0.0052638 -0.0643187 -0.0016927 0.0056786 -0.0668465 -0.0043863 0.0053173 -0.066837 -0.0031106 0.0054963 -0.0658024 -0.0004196 0.0058573 -0.0658119 -0.000461 0.005802 -0.0672859 -0.0056369 -0.0129254 -0.0702837 -0.0003484 -0.0031285 -0.0702447 -0.0037514 -0.013434 -0.0702952 0.0019804 -0.0028161 -0.0702529 -0.0037514 -0.013434 -0.0702952 0.0019804 -0.0028161 -0.0702529 -0.0038165 -0.0135678 -0.0693945 0.0017202 -0.003311 -0.0693537 0.0018417 -0.0030792 -0.0698153 -0.0126336 -0.0101703 -0.0614489 -0.0125847 -0.0100661 -0.0623969 -0.0118377 -0.010649 -0.0624039 -0.0117124 -0.0103838 -0.0646874 -0.0099042 -0.0116582 -0.0647034 -0.0097819 -0.0114 -0.0669011 -0.0078723 -0.0124909 -0.0669164 -0.0077442 -0.0122218 -0.0691119 -0.0057113 -0.01308 -0.0691262 -0.0056369 -0.0129254 -0.0702837 -0.0037514 -0.013434 -0.0702952 -0.0038165 -0.0135678 -0.0693945 -0.0047232 -0.0133466 -0.0693892 -0.0048059 -0.0135184 -0.0680944 -0.0069 -0.0127738 -0.0680805 -0.007019 -0.0130259 -0.0658849 -0.0089856 -0.012045 -0.0658701 -0.0090931 -0.0122759 -0.0636744 -0.010958 -0.0111064 -0.0636588 -0.0110603 -0.0113277 -0.0614631 -0.0095736 -0.004488 -0.0623747 -0.0091826 -0.0037773 -0.0614234 -0.008429 -0.0043345 -0.0623788 -0.0068129 -0.0034595 -0.0614318 -0.0071005 -0.0039827 -0.0620933 -0.0089255 -0.0052212 -0.0646669 -0.0086396 -0.0047142 -0.0630958 -0.0088053 -0.0050102 -0.0638603 -0.0062345 -0.0048602 -0.0646764 -0.0075358 -0.004767 -0.0636336 -0.0062345 -0.0048602 -0.0646764 -0.0063001 -0.0049713 -0.065403 -0.0050512 -0.0047674 -0.0650915 -0.0049675 -0.0046229 -0.0643579 -0.0036248 -0.0046223 -0.066885 -0.0024051 -0.0044787 -0.0658509 -0.0023785 -0.0044081 -0.0673244 -0.0024107 -0.0044784 -0.0665919 -0.0033575 -0.0040954 -0.0690795 -0.0006665 -0.0037344 -0.069089 0.0003825 -0.003907 -0.0680561 0.0004339 -0.0038064 -0.068426 -0.0023085 -0.004268 -0.0680466 -0.0003484 -0.0031285 -0.0702447 0.0019804 -0.0028161 -0.0702529 0.0018417 -0.0030792 -0.0698153 0.000614 -0.0034594 -0.0693498 0.0119098 -0.0082463 -0.0615442 0.0131225 -0.0067151 -0.0615398 0.0117376 -0.0080618 -0.063739 0.0102468 -0.0096815 -0.0637427 0.0100671 -0.0094891 -0.0659373 0.0084284 -0.0109536 -0.0659395 0.008232 -0.0107438 -0.0681339 0.0064081 -0.0120141 -0.068134 0.0062741 -0.0118713 -0.069428 0.0054577 -0.0123236 -0.0694273 0.0053534 -0.0122126 -0.0703273 0.0070382 -0.011225 -0.0703284 0.0071588 -0.0113534 -0.0691717 0.0088937 -0.0099899 -0.0691706 0.0091034 -0.0102136 -0.0669763 0.010658 -0.008658 -0.0669732 0.0108593 -0.0088728 -0.0647767 0.0122677 -0.0071669 -0.0647721 0.0124744 -0.0073876 -0.0624897 0.0130414 -0.0066284 -0.0624874 0.0053534 -0.0122126 -0.0703273 0.0070382 -0.011225 -0.0703284 -0.0006449 -0.0031682 -0.0702436 -0.0029736 -0.0034806 -0.0702354 0.0053534 -0.0122126 -0.0703273 -0.0029736 -0.0034806 -0.0702354 -0.0027675 -0.0036975 -0.069799 -0.002586 -0.0038887 -0.0693385 0.0062741 -0.0118713 -0.069428 0.0054577 -0.0123236 -0.0694273 -0.002586 -0.0038887 -0.0693385 -0.0014798 -0.0037403 -0.0693424 0.008232 -0.0107438 -0.0681339 0.0064081 -0.0120141 -0.068134 -0.0011296 -0.0041099 -0.0680508 0.0015615 -0.0037489 -0.0680603 -0.0001704 -0.0036679 -0.0690908 -0.0013012 -0.0039286 -0.0687815 -0.0011296 -0.0041099 -0.0680508 0.0015615 -0.0037489 -0.0680603 -0.0003611 -0.003467 -0.0696206 -0.0006449 -0.0031682 -0.0702436 -0.0027675 -0.0036975 -0.069799 -0.0014798 -0.0037403 -0.0693424 0.0029326 -0.0037427 -0.0669082 0.0028524 -0.0036573 -0.0676598 0.0015615 -0.0037489 -0.0680603 0.0016709 -0.0038649 -0.0673387 0.0078205 -0.0025061 -0.0631539 0.008053 -0.0027486 -0.0639198 0.008219 -0.0029212 -0.0647274 0.0055279 -0.0032822 -0.0647179 0.0067659 -0.0028484 -0.0636841 0.0056155 -0.0033728 -0.065445 0.0056261 -0.0033813 -0.0669177 0.0029326 -0.0037427 -0.0669082 0.0044164 -0.0035636 -0.065875 -0.0091065 0.0128776 -0.0693422 -0.0102724 0.0120118 -0.0693426 -0.0016571 0.0050659 -0.0694244 -0.0034228 0.004829 -0.0694182 -0.0102724 0.0120118 -0.0693426 -0.0034228 0.004829 -0.0694182 -0.0101832 0.0119199 -0.0702785 -0.0030029 0.0043903 -0.0703577 -0.0032264 0.004624 -0.0699018 -0.0101832 0.0119199 -0.0702785 -0.0030029 0.0043903 -0.0703577 -0.0081463 0.013324 -0.0702785 -9.8e-06 0.0047919 -0.0703683 -0.0081463 0.013324 -0.0702785 -9.8e-06 0.0047919 -0.0703683 -0.0082711 0.0134527 -0.0690383 -0.0005349 0.0053403 -0.0691237 -0.0003253 0.0051215 -0.0696979 -0.0082711 0.0134527 -0.0690383 -0.0005349 0.0053403 -0.0691237 -0.0067946 0.0142237 -0.0690399 0.001426 0.0056034 -0.0691306 -0.0067946 0.0142237 -0.0690399 -0.0070227 0.0144591 -0.0668443 0.0010102 0.0060355 -0.0669329 0.0010914 0.0059518 -0.0676865 0.0012299 0.0058078 -0.06842 -0.0070227 0.0144591 -0.0668443 0.0010102 0.0060355 -0.0669329 -0.0060036 0.0149258 -0.0668458 0.0023084 0.0062096 -0.0669375 -0.0060036 0.0149258 -0.0668458 0.0023084 0.0062096 -0.0669375 -0.0061123 0.015038 -0.0658046 0.0022921 0.0062248 -0.0658974 -0.0061123 0.015038 -0.0658046 0.0022921 0.0062248 -0.0658974 -0.0079846 0.0140927 -0.0658024 -0.0001671 0.0058949 -0.0658887 -0.0079846 0.0140927 -0.0658024 -0.0001671 0.0058949 -0.0658887 -0.0077862 0.0138885 -0.0680012 -9e-07 0.0057245 -0.0680871 -0.0001113 0.005839 -0.0673643 -0.0001667 0.0058958 -0.0666308 -0.0077862 0.0138885 -0.0680012 -9e-07 0.0057245 -0.0680871 -0.009229 0.0130036 -0.0680005 -0.0020281 0.0054526 -0.06808 -0.0091065 0.0128776 -0.0693422 -0.0016571 0.0050659 -0.0694244 -0.009229 0.0130036 -0.0680005 -0.0020281 0.0054526 -0.06808 -0.0018469 0.0052639 -0.0688413 -0.0091065 0.0128776 -0.0693422 -0.0102724 0.0120118 -0.0693426 -0.0101832 0.0119199 -0.0702785 -0.0081463 0.013324 -0.0702785 -0.0082711 0.0134527 -0.0690383 -0.0067946 0.0142237 -0.0690399 -0.0070227 0.0144591 -0.0668443 -0.0060036 0.0149258 -0.0668458 -0.0061123 0.015038 -0.0658046 -0.0079846 0.0140927 -0.0658024 -0.0077862 0.0138885 -0.0680012 -0.009229 0.0130036 -0.0680005 -0.0005349 0.0053403 -0.0691237 -9e-07 0.0057245 -0.0680871 -0.0020281 0.0054526 -0.06808 -0.0018469 0.0052639 -0.0688413 0.0019162 0.0148769 -0.0705022 -0.0038755 0.0041478 -0.0705449 0.0008794 0.0150615 -0.0704965 -0.0051006 0.0039834 -0.0705406 0.0008794 0.0150615 -0.0704965 -0.0051006 0.0039834 -0.0705406 0.0009557 0.0151903 -0.0696331 -0.0048021 0.0045239 -0.0696756 -0.0049432 0.004269 -0.0701215 0.0009557 0.0151903 -0.0696331 -0.0048021 0.0045239 -0.0696756 -0.0003245 0.0153376 -0.0696266 -0.006268 0.0043273 -0.0696704 -0.0003245 0.0153376 -0.0696266 -0.006268 0.0043273 -0.0696704 -0.0002256 0.0155059 -0.0685895 -0.0060231 0.0047661 -0.0686322 0.0020665 0.015128 -0.0686019 -0.0033321 0.0051271 -0.0686417 -0.0002256 0.0155059 -0.0685895 -0.0060231 0.0047661 -0.0686322 0.0020665 0.015128 -0.0686019 0.0019162 0.0148769 -0.0705022 0.0008794 0.0150615 -0.0704965 0.0009557 0.0151903 -0.0696331 -0.0003245 0.0153376 -0.0696266 -0.0002256 0.0155059 -0.0685895 -0.0033321 0.0051271 -0.0686417 -0.0048021 0.0045239 -0.0696756 -0.006268 0.0043273 -0.0696704 -0.0060231 0.0047661 -0.0686322 -0.0034792 0.0048643 -0.069317 -0.0036603 0.004538 -0.0699522 -0.0048021 0.0045239 -0.0696756 -0.0049432 0.004269 -0.0701215 -0.0095266 -0.0108735 -0.0705976 -0.0086906 -0.0114299 -0.0706048 -0.0043804 -0.0034454 -0.070573 -0.0056055 -0.0036098 -0.0705687 -0.0105588 -0.0102792 -0.0697264 -0.0073603 -0.0043539 -0.0697028 -0.0095925 -0.011008 -0.0697353 -0.0058944 -0.0041573 -0.069708 -0.0095266 -0.0108735 -0.0705976 -0.0086906 -0.0114299 -0.0706048 -0.0088201 -0.0116973 -0.0687066 -0.0106414 -0.0104472 -0.0686906 -0.0105588 -0.0102792 -0.0697264 -0.0095925 -0.011008 -0.0697353 -0.0043804 -0.0034454 -0.070573 -0.0056055 -0.0036098 -0.0705687 -0.0045886 -0.0038395 -0.0699848 -0.0057582 -0.0038986 -0.0701517 0.0102474 -0.0082209 -0.0706674 0.0095875 -0.0089779 -0.0706693 0.0103523 -0.0083324 -0.0698057 0.0110925 -0.0073747 -0.0698028 0.0112236 -0.007514 -0.0687678 0.0097961 -0.0092 -0.0687723 0.0105377 -0.0083795 -0.0687703 0.0103523 -0.0083324 -0.0698057 0.0110925 -0.0073747 -0.0698028 0.0064456 -0.0025019 -0.0697515 0.0049797 -0.0026985 -0.0697464 0.0102474 -0.0082209 -0.0706674 0.0095875 -0.0089779 -0.0706693 0.0033257 -0.0024116 -0.0706002 0.0045509 -0.0022473 -0.0706045 0.0038945 -0.0030102 -0.0693829 0.0041057 -0.0032329 -0.0687095 0.0049797 -0.0026985 -0.0697464 0.0047771 -0.0024853 -0.0701889 -0.003936 -0.0021087 -0.0605439 -0.0039336 -0.0021121 -0.0600115 -0.0043914 -0.0016317 -0.0602096 -0.0041605 -0.0018735 -0.0603664 -0.003936 -0.0021087 -0.0605439 -0.0039336 -0.0021121 -0.0600115 -0.0027205 -0.0009552 -0.0600095 -0.0033449 -0.0015482 -0.0602439 0.0022353 -0.012643 -0.0712337 0.0039552 -0.0120994 -0.0712548 0.0055905 -0.0113385 -0.0712673 0.0071145 -0.0103719 -0.0712712 0.0084947 -0.0092188 -0.0712667 0.0097219 -0.0078887 -0.0712535 0.0107666 -0.0064107 -0.0712315 0.0118124 -0.0062815 -0.0671509 0.0126509 -0.0061863 -0.0630193 0.0133442 -0.0061161 -0.0584721 0.0138229 -0.0060779 -0.0537941 0.0140764 -0.0060721 -0.0490297 0.0140973 -0.006099 -0.0442337 0.0139159 -0.0061508 -0.0399041 0.0135452 -0.0062284 -0.0356112 0.0129899 -0.0063307 -0.0314069 0.0122542 -0.0064572 -0.0272999 0.0113486 -0.0066063 -0.0233402 0.0102995 -0.0067743 -0.0196266 0.0093373 -0.0069264 -0.0167692 0.0082295 -0.0071017 -0.0139705 0.0022001 -0.0109316 -0.0139684 0.0037822 -0.0103879 -0.0139534 0.0052721 -0.0096282 -0.0139478 0.0062739 -0.0089524 -0.0139493 0.0023359 -0.0135834 -0.0666314 0.0024248 -0.0143353 -0.0619942 0.0024991 -0.0149095 -0.0572038 0.0025526 -0.0152821 -0.052393 0.0025858 -0.0154577 -0.0471894 0.0025931 -0.0154102 -0.042364 0.0025749 -0.0151325 -0.0371686 0.002536 -0.0146819 -0.0325063 0.0024746 -0.0140193 -0.0277269 0.0023959 -0.0131861 -0.0231287 0.002301 -0.0121542 -0.0185249 0.005845 -0.0136222 -0.0460942 0.0058283 -0.0135909 -0.0497223 0.005817 -0.013574 -0.0424661 0.0057442 -0.0134461 -0.038842 0.0054623 -0.0129517 -0.0316221 0.0049938 -0.0121401 -0.0244684 0.0042617 -0.0129001 -0.0661727 0.0065382 -0.0116867 -0.0659478 0.0039853 -0.0137455 -0.0612828 0.0068268 -0.0119916 -0.0623683 0.0101605 -0.0087171 -0.0656683 0.005661 -0.0132903 -0.0569624 0.0041509 -0.0142788 -0.0552799 0.0057669 -0.0134802 -0.0533464 0.0072207 -0.0124141 -0.0551555 0.0087299 -0.0113903 -0.0533406 0.0042195 -0.0144937 -0.0510604 0.0073275 -0.012531 -0.0515313 0.0088239 -0.0114541 -0.0497094 0.0120441 -0.0080015 -0.0564167 0.0113023 -0.0089036 -0.0553864 0.0073748 -0.0125847 -0.0479008 0.0088436 -0.0114704 -0.0460739 0.012383 -0.0080319 -0.0508481 0.0073624 -0.0125751 -0.0442684 0.0087892 -0.011439 -0.0424385 0.0115937 -0.0089641 -0.0475532 0.0042192 -0.0144635 -0.0406043 0.0106825 -0.0098392 -0.0442513 0.0072905 -0.0125018 -0.040638 0.0086607 -0.0113596 -0.0388076 0.0123784 -0.0080585 -0.0421945 0.0105591 -0.0098097 -0.0403857 0.01033 -0.0097501 -0.0365364 0.012153 -0.0080615 -0.0381091 0.0052518 -0.0125855 -0.0280347 0.0117849 -0.0080586 -0.034068 0.0097267 -0.0095899 -0.0303229 0.0073781 -0.0105656 -0.0244224 0.011093 -0.008047 -0.0288963 0.0068527 -0.0102493 -0.0208875 0.0098447 -0.0087478 -0.0258605 0.0036343 -0.0114296 -0.017787 0.0085942 -0.0092921 -0.0228808 0.0051521 -0.0105679 -0.0174072 0.0076566 -0.0087421 -0.0171764 0.0092642 -0.0098954 -0.0638831 0.0110563 -0.007524 -0.0664127 0.0085585 -0.0106585 -0.0627819 0.0050786 -0.0134319 -0.0590485 0.0088799 -0.0108313 -0.0590248 0.01173 -0.0075278 -0.0624131 0.0099599 -0.0101488 -0.0561768 0.0102015 -0.0102417 -0.0507321 0.0085224 -0.0109601 -0.0330624 -0.0043291 0.0162547 -0.0369391 -0.0042494 0.0157449 -0.0322834 -0.0073634 0.0143361 -0.034994 -0.0062279 0.0146059 -0.0316907 -0.00567 0.0146756 -0.0300458 -0.0090999 0.0128652 -0.032564 -0.0085517 0.0130919 -0.0313727 -0.0080053 0.0132894 -0.030184 -0.0094064 0.0124142 -0.0309506 -0.0100969 0.0119368 -0.0313351 -0.0042881 0.0141977 -0.0710347 -0.0043483 0.0150796 -0.0664202 -0.0128195 0.0079655 -0.0710369 -0.0138294 0.0077844 -0.0669493 -0.0060082 0.0136543 -0.0710477 -0.0076435 0.0128936 -0.0710555 -0.0091677 0.011927 -0.0710583 -0.0105478 0.0107739 -0.0710563 -0.0117749 0.0094437 -0.0710493 -0.0061347 0.0140108 -0.0687456 -0.0075338 0.0135254 -0.0675046 -0.0058271 0.0147039 -0.0651771 -0.0073057 0.0141384 -0.0639284 -0.0083508 0.0132163 -0.0663189 -0.0088084 0.0127524 -0.0675098 -0.0120711 0.0094377 -0.06969 -0.0122115 0.0094348 -0.069008 -0.008681 0.0133117 -0.0639338 -0.0075822 0.0133126 -0.0687225 -0.0116385 0.0104234 -0.0673277 -0.0114821 0.0102347 -0.069134 -0.0111348 0.0113249 -0.0646954 -0.0127861 0.0091631 -0.0671396 -0.0099912 0.0120851 -0.066178 -0.0097676 0.0123497 -0.0655086 -0.0043483 0.0150796 -0.0664202 -0.0043966 0.0157726 -0.0617732 -0.0044289 0.016286 -0.0569754 -0.0044402 0.0165975 -0.0521601 -0.0058271 0.0147039 -0.0651771 -0.0053741 0.0150619 -0.0640439 -0.0073057 0.0141384 -0.0639284 -0.0083508 0.0132163 -0.0663189 -0.0064614 0.0149439 -0.0608159 -0.0083731 0.0137745 -0.0615377 -0.005486 0.0156595 -0.058496 -0.0075887 0.0146636 -0.0567269 -0.0060708 0.0156618 -0.0544426 -0.00662 0.0154369 -0.0527916 -0.0096364 0.0134313 -0.0543134 -0.0081504 0.0140998 -0.0595779 -0.0089073 0.0135399 -0.0603386 -0.007759 0.0143728 -0.0591974 -0.0078974 0.0146079 -0.0543783 -0.0076526 0.0147871 -0.053775 -0.0053741 0.0150619 -0.0640439 -0.0073057 0.0141384 -0.0639284 -0.0064614 0.0149439 -0.0608159 -0.0083731 0.0137745 -0.0615377 -0.0073057 0.0141384 -0.0639284 -0.008681 0.0133117 -0.0639338 -0.0083731 0.0137745 -0.0615377 -0.0124495 0.0102217 -0.0633777 -0.0111348 0.0113249 -0.0646954 -0.0112525 0.0113567 -0.0636584 -0.0099883 0.0123812 -0.0639376 -0.0106025 0.0121346 -0.0617973 -0.0097676 0.0123497 -0.0655086 -0.0146317 0.0076367 -0.0628121 -0.0075887 0.0146636 -0.0567269 -0.0124495 0.0102217 -0.0633777 -0.0130041 0.0094121 -0.0645729 -0.0121645 0.0102011 -0.0654504 -0.0094392 0.0132733 -0.0591372 -0.010489 0.0126526 -0.0567279 -0.0130668 0.0090175 -0.066202 -0.0089073 0.0135399 -0.0603386 -0.0113718 0.0113885 -0.0625252 -0.0117442 0.0110068 -0.0628096 -0.012718 0.010239 -0.0611081 -0.0134114 0.0093987 -0.0616772 -0.0109052 0.0119915 -0.0607243 -0.0112909 0.0116932 -0.0603666 -0.0120521 0.0110634 -0.0596502 -0.0135766 0.0089806 -0.0630956 -0.0107856 0.0122139 -0.059394 -0.0118127 0.0114978 -0.0571116 -0.0044402 0.0165975 -0.0521601 -0.00662 0.0154369 -0.0527916 -0.0060954 0.0157921 -0.050823 -0.0086993 0.0141744 -0.0518976 -0.0076526 0.0147871 -0.053775 -0.0044402 0.0165975 -0.0521601 -0.0044278 0.016707 -0.0469545 -0.0043928 0.0165983 -0.0421302 -0.0060954 0.0157921 -0.050823 -0.0076925 0.0148723 -0.0494824 -0.0086993 0.0141744 -0.0518976 -0.00607 0.0157916 -0.0445928 -0.0076176 0.0147633 -0.0422274 -0.0097163 0.0134753 -0.0470522 -0.0092083 0.0138231 -0.0458443 -0.008688 0.0141545 -0.0446374 -0.0076925 0.0148723 -0.0494824 -0.0086993 0.0141744 -0.0518976 -0.010688 0.0127354 -0.0494704 -0.0097163 0.0134753 -0.0470522 -0.0152852 0.0075088 -0.0582602 -0.0157229 0.0074112 -0.0535791 -0.013967 0.009368 -0.0561924 -0.0132162 0.010257 -0.0551574 -0.0124464 0.0111173 -0.0532619 -0.0106616 0.0127311 -0.0515434 -0.0138388 0.0096589 -0.0540001 -0.0141452 0.0093492 -0.0534208 -0.013899 0.0096521 -0.0527884 -0.0133797 0.0102478 -0.0515233 -0.0120745 0.011536 -0.0504962 -0.0157229 0.0074112 -0.0535791 -0.0159346 0.0073449 -0.0488131 -0.0159135 0.0073109 -0.0440171 -0.0076176 0.0147633 -0.0422274 -0.008688 0.0141545 -0.0446374 -0.0105896 0.012628 -0.0422009 -0.0134303 0.0102335 -0.0491426 -0.0142571 0.0093277 -0.0506212 -0.0143021 0.0093002 -0.047436 -0.0133596 0.010167 -0.0431072 -0.0145981 0.008872 -0.0525511 -0.0113235 0.0122025 -0.0477573 -0.0120962 0.0115241 -0.0481105 -0.0134363 0.0102123 -0.0467482 -0.0116309 0.011925 -0.0469002 -0.0101848 0.0130779 -0.0452369 -0.01091 0.0125064 -0.0455373 -0.0125264 0.0110697 -0.0452301 -0.0106421 0.0126728 -0.044022 -0.0139984 0.0095903 -0.0453325 -0.0139708 0.0095769 -0.0441184 -0.0043928 0.0165983 -0.0421302 -0.0043291 0.0162547 -0.0369391 -0.0076176 0.0147633 -0.0422274 -0.0054686 0.0159326 -0.0404284 -0.0059866 0.0155842 -0.0395773 -0.0064711 0.0151821 -0.0380485 -0.0085591 0.0139883 -0.0398014 -0.0059866 0.0155842 -0.0395773 -0.0064711 0.0151821 -0.0380485 -0.0085591 0.0139883 -0.0398014 -0.0090008 0.0135844 -0.0385887 -0.0099863 0.0128951 -0.0391106 -0.0076176 0.0147633 -0.0422274 -0.0105896 0.012628 -0.0422009 -0.0085591 0.0139883 -0.0398014 -0.0105156 0.0125688 -0.0403144 -0.0159135 0.0073109 -0.0440171 -0.0156942 0.0073077 -0.039689 -0.0141766 0.0092445 -0.0419683 -0.0132653 0.0101326 -0.0409461 -0.0130237 0.0100619 -0.037315 -0.0122704 0.0109418 -0.0389433 -0.013777 0.0095223 -0.0398591 -0.014381 0.0087463 -0.0385006 -0.0073634 0.0143361 -0.034994 -0.0094215 0.013172 -0.0373764 -0.0101938 0.0123294 -0.0349545 -0.0090999 0.0128652 -0.032564 -0.0130237 0.0100619 -0.037315 -0.0122704 0.0109418 -0.0389433 -0.0106725 0.012322 -0.0387652 -0.0116067 0.0114493 -0.0378773 -0.0112711 0.0116917 -0.0373451 -0.0109146 0.0119149 -0.0365472 -0.0073634 0.0143361 -0.034994 -0.0064711 0.0151821 -0.0380485 -0.0085591 0.0139883 -0.0398014 -0.0090008 0.0135844 -0.0385887 -0.0094215 0.013172 -0.0373764 -0.0105156 0.0125688 -0.0403144 -0.0122704 0.0109418 -0.0389433 -0.0099863 0.0128951 -0.0391106 -0.0106725 0.012322 -0.0387652 -0.0105896 0.012628 -0.0422009 -0.0141766 0.0092445 -0.0419683 -0.0132653 0.0101326 -0.0409461 -0.0133596 0.010167 -0.0431072 -0.0105156 0.0125688 -0.0403144 -0.0042494 0.0157449 -0.0322834 -0.0041462 0.0150217 -0.0275135 -0.00567 0.0146756 -0.0300458 -0.006926 0.0135917 -0.0278152 -0.0101938 0.0123294 -0.0349545 -0.0090999 0.0128652 -0.032564 -0.0128315 0.0100128 -0.0351756 -0.0138101 0.00918 -0.0366764 -0.0130237 0.0100619 -0.037315 -0.0116067 0.0114493 -0.0378773 -0.0112711 0.0116917 -0.0373451 -0.0109146 0.0119149 -0.0365472 -0.0106703 0.0117704 -0.0335298 -0.00567 0.0146756 -0.0300458 -0.006926 0.0135917 -0.0278152 -0.0080053 0.0132894 -0.030184 -0.0094915 0.0118409 -0.0277682 -0.0083922 0.0122122 -0.0254078 -0.0041462 0.0150217 -0.0275135 -0.0040272 0.0141302 -0.0229271 -0.0038921 0.01304 -0.0183378 -0.0037513 0.0117596 -0.0137983 -0.0053333 0.0112157 -0.0137764 -0.0068231 0.0104559 -0.0137673 -0.0078248 0.0097801 -0.0137686 -0.0097807 0.0079297 -0.0137962 -0.0139221 0.0074542 -0.0270969 -0.0129818 0.0075531 -0.0231437 -0.0119002 0.0076741 -0.0194376 -0.010913 0.0077899 -0.0165871 -0.006926 0.0135917 -0.0278152 -0.0050258 0.0143243 -0.0260792 -0.005436 0.0139766 -0.0253637 -0.0083922 0.0122122 -0.0254078 -0.0084643 0.011165 -0.0206845 -0.0059081 0.0118849 -0.0172301 -0.0122875 0.0090206 -0.0259949 -0.0114623 0.0097192 -0.0254452 -0.0071513 0.0116248 -0.0189535 -0.0078155 0.0107586 -0.0171991 -0.0111922 0.0089367 -0.0210817 -0.0092757 0.0092261 -0.0158408 -0.0099674 0.0110319 -0.0254251 -0.0152858 0.0073308 -0.0353988 -0.0146937 0.0073798 -0.0311986 -0.0128315 0.0100128 -0.0351756 -0.013512 0.0091415 -0.033848 -0.0126058 0.0099591 -0.0330747 -0.0111269 0.0112197 -0.0323116 -0.011571 0.0106775 -0.0312993 -0.0100969 0.0119368 -0.0313351 -0.0129934 0.0093879 -0.0318569 -0.0131728 0.0091037 -0.0312487 -0.0128266 0.0093643 -0.0306579 -0.0146937 0.0073798 -0.0311986 -0.0139221 0.0074542 -0.0270969 -0.0127748 0.0090642 -0.0286832 -0.0118107 0.0097884 -0.0274308 -0.0121317 0.0098549 -0.0294785 -0.0122875 0.0090206 -0.0259949 -0.0114623 0.0097192 -0.0254452 -0.0128266 0.0093643 -0.0306579 -0.0099674 0.0110319 -0.0254251 -0.0094915 0.0118409 -0.0277682 -0.0118107 0.0097884 -0.0274308 -0.0121317 0.0098549 -0.0294785 -0.0099674 0.0110319 -0.0254251 -0.0138294 0.0077844 -0.0669493 -0.0122115 0.0094348 -0.069008 -0.0121645 0.0102011 -0.0654504 -0.0116385 0.0104234 -0.0673277 -0.0111348 0.0113249 -0.0646954 -0.0127861 0.0091631 -0.0671396 -0.0130668 0.0090175 -0.066202 -0.0099912 0.0120851 -0.066178 -0.005486 0.0156595 -0.058496 -0.0075887 0.0146636 -0.0567269 -0.0094392 0.0132733 -0.0591372 -0.0081504 0.0140998 -0.0595779 -0.007759 0.0143728 -0.0591974 -0.0083731 0.0137745 -0.0615377 -0.0124495 0.0102217 -0.0633777 -0.0112525 0.0113567 -0.0636584 -0.0099883 0.0123812 -0.0639376 -0.0089073 0.0135399 -0.0603386 -0.0106025 0.0121346 -0.0617973 -0.0113718 0.0113885 -0.0625252 -0.0117442 0.0110068 -0.0628096 -0.0109052 0.0119915 -0.0607243 -0.0146317 0.0076367 -0.0628121 -0.012718 0.010239 -0.0611081 -0.0134114 0.0093987 -0.0616772 -0.0112909 0.0116932 -0.0603666 -0.0120521 0.0110634 -0.0596502 -0.0135766 0.0089806 -0.0630956 -0.0133896 0.0096793 -0.0596746 -0.014023 0.0089432 -0.0596863 -0.010489 0.0126526 -0.0567279 -0.0096364 0.0134313 -0.0543134 -0.0086993 0.0141744 -0.0518976 -0.0076526 0.0147871 -0.053775 -0.0091775 0.0138079 -0.0531055 -0.0111614 0.0121764 -0.0554001 -0.0118807 0.0115122 -0.0559436 -0.0132162 0.010257 -0.0551574 -0.0104554 0.0128374 -0.0535606 -0.0110718 0.0123267 -0.0537883 -0.0118137 0.0116625 -0.0542446 -0.0124464 0.0111173 -0.0532619 -0.0108583 0.0125261 -0.0531838 -0.0106394 0.0127232 -0.0525792 -0.0106616 0.0127311 -0.0515434 -0.0060708 0.0156618 -0.0544426 -0.0096364 0.0134313 -0.0543134 -0.0078974 0.0146079 -0.0543783 -0.0076526 0.0147871 -0.053775 -0.0091775 0.0138079 -0.0531055 -0.0146317 0.0076367 -0.0628121 -0.0152852 0.0075088 -0.0582602 -0.0120521 0.0110634 -0.0596502 -0.0133896 0.0096793 -0.0596746 -0.0130552 0.0102548 -0.057495 -0.014023 0.0089432 -0.0596863 -0.0142138 0.0089245 -0.0578779 -0.010489 0.0126526 -0.0567279 -0.013967 0.009368 -0.0561924 -0.0118127 0.0114978 -0.0571116 -0.0130552 0.0102548 -0.057495 -0.0118807 0.0115122 -0.0559436 -0.013967 0.009368 -0.0561924 -0.0118807 0.0115122 -0.0559436 -0.0132162 0.010257 -0.0551574 -0.0138388 0.0096589 -0.0540001 -0.0152852 0.0075088 -0.0582602 -0.013967 0.009368 -0.0561924 -0.0130552 0.0102548 -0.057495 -0.0142138 0.0089245 -0.0578779 -0.0104554 0.0128374 -0.0535606 -0.0110718 0.0123267 -0.0537883 -0.0124464 0.0111173 -0.0532619 -0.0108583 0.0125261 -0.0531838 -0.0106394 0.0127232 -0.0525792 -0.0106616 0.0127311 -0.0515434 -0.0134303 0.0102335 -0.0491426 -0.0142571 0.0093277 -0.0506212 -0.0120745 0.011536 -0.0504962 -0.0120962 0.0115241 -0.0481105 -0.0157229 0.0074112 -0.0535791 -0.0141452 0.0093492 -0.0534208 -0.013899 0.0096521 -0.0527884 -0.0133797 0.0102478 -0.0515233 -0.0145981 0.008872 -0.0525511 -0.0097163 0.0134753 -0.0470522 -0.0092083 0.0138231 -0.0458443 -0.008688 0.0141545 -0.0446374 -0.0113235 0.0122025 -0.0477573 -0.0116309 0.011925 -0.0469002 -0.0101848 0.0130779 -0.0452369 -0.01091 0.0125064 -0.0455373 -0.0143021 0.0093002 -0.047436 -0.0134363 0.0102123 -0.0467482 -0.0125264 0.0110697 -0.0452301 -0.0139984 0.0095903 -0.0453325 -0.0159135 0.0073109 -0.0440171 -0.0141766 0.0092445 -0.0419683 -0.0133596 0.010167 -0.0431072 -0.0139708 0.0095769 -0.0441184 -0.0090999 0.0128652 -0.032564 -0.0128315 0.0100128 -0.0351756 -0.0126058 0.0099591 -0.0330747 -0.0106703 0.0117704 -0.0335298 -0.0111269 0.0112197 -0.0323116 -0.0100969 0.0119368 -0.0313351 -0.0080053 0.0132894 -0.030184 -0.0094915 0.0118409 -0.0277682 -0.0121317 0.0098549 -0.0294785 -0.0094064 0.0124142 -0.0309506 -0.011571 0.0106775 -0.0312993 -0.009717 0.0119949 -0.0297476 -0.0094064 0.0124142 -0.0309506 -0.011571 0.0106775 -0.0312993 -0.0100969 0.0119368 -0.0313351 -0.009717 0.0119949 -0.0297476 -0.0146937 0.0073798 -0.0311986 -0.013512 0.0091415 -0.033848 -0.0127748 0.0090642 -0.0286832 -0.0129934 0.0093879 -0.0318569 -0.0131728 0.0091037 -0.0312487 -0.0128266 0.0093643 -0.0306579 -0.0006365 -0.0130282 -0.0712235 -0.0004537 -0.0139576 -0.0666215 -0.0003092 -0.014702 -0.0619845 -0.0001963 -0.0152711 -0.0571943 -0.0001163 -0.0156402 -0.0523836 -6.6e-05 -0.0158134 -0.04718 -5.21e-05 -0.015765 -0.0423546 -7.17e-05 -0.0154876 -0.0371592 -0.0001206 -0.0150383 -0.0324969 -0.0002029 -0.0143785 -0.0277174 -0.0003147 -0.0135497 -0.0231191 -0.0004632 -0.012525 -0.0185151 -0.0006564 -0.0113148 -0.0139583 -0.0023258 -0.0112073 -0.0139319 -0.0039631 -0.0108671 -0.0139152 -0.0051076 -0.0104792 -0.0139091 -0.0074819 -0.0092094 -0.013915 -0.0105085 -0.0092648 -0.0711564 -0.011523 -0.0094119 -0.0670686 -0.0123283 -0.0095372 -0.0629312 -0.012984 -0.009648 -0.0583792 -0.0134234 -0.009733 -0.053698 -0.0136364 -0.0097898 -0.0489319 -0.0136163 -0.0098167 -0.0441359 -0.0133976 -0.0098149 -0.0398077 -0.0129898 -0.009788 -0.0355176 -0.012398 -0.0097365 -0.0313173 -0.0116265 -0.0096608 -0.0272156 -0.0106862 -0.0095622 -0.0232624 -0.0096042 -0.0094444 -0.0195563 -0.0086161 -0.0093349 -0.0167058 -0.0024389 -0.0129571 -0.0712322 -0.004217 -0.0126541 -0.0712326 -0.0059419 -0.0121234 -0.0712251 -0.0075771 -0.0113749 -0.0712099 -0.0091113 -0.0104151 -0.071187 -0.0035007 -0.014463 -0.0351937 -0.0028078 -0.0135708 -0.0673365 -0.00355 -0.0138629 -0.0641226 -0.0048055 -0.0132163 -0.0665022 -0.0036714 -0.0145422 -0.0569295 -0.0057252 -0.0134724 -0.0617248 -0.0092773 -0.0113246 -0.0655997 -0.0019228 -0.0153177 -0.0510388 -0.0037033 -0.0148696 -0.0496887 -0.0112188 -0.0111222 -0.0563345 -0.0024992 -0.0152462 -0.0464345 -0.0054354 -0.0143065 -0.0460394 -0.0114991 -0.0112357 -0.0507638 -0.0070761 -0.0135673 -0.0423825 -0.0115439 -0.0112644 -0.0475786 -0.0024226 -0.0150023 -0.0382578 -0.0103984 -0.0119111 -0.0432603 -0.0091359 -0.0124282 -0.0391053 -0.0017687 -0.0144117 -0.0302475 -0.0032618 -0.0137276 -0.0280047 -0.0110813 -0.0111654 -0.0368175 -0.0061979 -0.0127154 -0.0279385 -0.0029226 -0.0126366 -0.0209014 -0.0050353 -0.0128161 -0.0255814 -0.0053722 -0.0118893 -0.0208444 -0.0027103 -0.0119572 -0.0173954 -0.004847 -0.0113738 -0.0173525 -0.0075906 -0.0107863 -0.0201955 -0.0066569 -0.0102989 -0.0159762 -0.010461 -0.0104106 -0.0663367 -0.0086548 -0.0120271 -0.0629694 -0.0097934 -0.0115663 -0.0612593 -0.006881 -0.0132156 -0.0595724 -0.0086407 -0.012644 -0.0561112 -0.0071181 -0.0135309 -0.0527613 -0.0039689 -0.0147985 -0.0448152 -0.0088312 -0.012819 -0.0482793 -0.0068783 -0.0133881 -0.037272 -0.0066282 -0.0131447 -0.0331178 -0.0085169 -0.0120931 -0.0314572 -0.0104767 -0.0109978 -0.0313881 -0.0075165 -0.0115368 -0.024003 -0.0066858 -0.0125594 -0.0663489 -0.0014164 0.014583 -0.0710449 -0.0015587 0.0154538 -0.06643 -0.0016626 0.0161393 -0.0617828 -0.0017335 0.0166476 -0.056985 -0.0017713 0.0169555 -0.0521695 -0.001776 0.0170627 -0.0469639 -0.0017477 0.0169531 -0.0421395 -0.0016825 0.0166097 -0.0369484 -0.0015928 0.0161013 -0.0322928 -0.0014687 0.0153809 -0.027523 -0.0013167 0.0144938 -0.0229367 -0.0011279 0.0134108 -0.0183476 -0.0008948 0.0121428 -0.0138084 0.0007747 0.0120351 -0.0137979 0.0024122 0.0116948 -0.0137999 0.0035566 0.0113069 -0.0138088 0.0059308 0.0100374 -0.0138516 0.0084556 0.0108195 -0.071112 0.0095059 0.0109148 -0.0670317 0.0103475 0.0109876 -0.0629002 0.0110431 0.0110407 -0.0583531 0.0115235 0.0110663 -0.0536753 0.0117782 0.0110625 -0.0489109 0.0118001 0.0110286 -0.0441149 0.0116193 0.0109718 -0.0397854 0.0112491 0.0108905 -0.0354925 0.0106942 0.0107856 -0.0312882 0.0099587 0.0106578 -0.0271812 0.009053 0.010509 -0.0232215 0.0080035 0.0103441 -0.0195079 0.0070404 0.0101984 -0.0166505 0.0003859 0.0145121 -0.0710702 0.0021639 0.0142092 -0.0710901 0.0038888 0.0136785 -0.0711044 0.005524 0.01293 -0.0711131 0.0070583 0.0119701 -0.0711158 0.0017635 0.0155605 -0.0350262 0.0007889 0.0150763 -0.0671704 0.0027939 0.0147113 -0.0663582 0.0005542 0.0158851 -0.0608406 0.0017438 0.0159156 -0.0567599 0.0037554 0.0149068 -0.0615862 0.0050716 0.01474 -0.0567828 0.0072733 0.0128086 -0.065519 0.0006329 0.0164099 -0.0528172 0.0018392 0.016151 -0.0495161 0.005292 0.0148791 -0.0495268 0.0092959 0.0124887 -0.0562746 6.57e-05 0.0166147 -0.0446144 0.001846 0.0160329 -0.0422608 0.0041764 0.015339 -0.0471013 0.0085989 0.0131887 -0.0492203 0.0006586 0.0161385 -0.0380737 0.0035162 0.0152635 -0.0386328 0.0073641 0.0135758 -0.0390126 7.49e-05 0.0154462 -0.0300661 0.0015876 0.0147338 -0.0278453 0.0081764 0.012831 -0.0352497 0.004524 0.0137211 -0.0278177 0.0013105 0.0135527 -0.0207537 0.0033822 0.0137917 -0.0254494 0.0037605 0.0128049 -0.0207277 0.0011289 0.0128289 -0.0172549 0.0079768 0.011739 -0.0260665 0.0032659 0.0122452 -0.0172382 0.0055903 0.0115067 -0.0183709 0.0084505 0.0119041 -0.066278 0.0087138 0.0123667 -0.0617553 0.005826 0.0140571 -0.0613848 0.0062456 0.0143041 -0.054798 0.006979 0.014083 -0.0481778 0.005302 0.0148117 -0.0440783 0.0093282 0.0127024 -0.0442006 0.0051647 0.0145743 -0.0382188 0.0099817 0.0120145 -0.0385866 0.004909 0.0142161 -0.0329947 0.0068122 0.0131436 -0.0313642 0.0087724 0.0120476 -0.0313262 0.0058771 0.0124926 -0.0239092 0.0046754 0.0140526 -0.0662298 0.003165 0.0044613 -0.0413901 0.0031604 0.0044679 -0.0424265 0.0020998 0.0034565 -0.0424283 -0.0050261 -0.0032341 -0.0523863 -0.0042988 -0.0025528 -0.0512271 -0.0043084 -0.0025389 -0.053422 -0.0066203 -0.0047435 -0.0534259 -0.0066158 -0.00475 -0.052389 -0.0050261 -0.0032341 -0.0523863 0.0074504 -0.0131422 -0.0481106 0.0074274 -0.0131142 -0.0503069 -0.0034172 -0.0017461 -0.0479906 0.0092142 -0.0118088 -0.0481098 0.0074504 -0.0131422 -0.0481106 -0.0018275 -0.0002302 -0.047988 0.0092141 -0.0118127 -0.0459132 0.0092142 -0.0118088 -0.0481098 -0.0018275 -0.0002302 -0.047988 0.0092141 -0.0118127 -0.0459132 -0.0018179 -0.0002441 -0.0457914 -0.0002282 0.0012718 -0.0457888 0.012374 -0.0087682 -0.0415144 0.001371 0.0027737 -0.0435896 0.0013807 0.0027598 -0.0413931 0.009973 -0.0111567 -0.0491476 -0.0011003 0.0004511 -0.0468287 -0.0011099 0.0004651 -0.0490252 0.0082573 -0.0125405 -0.0491488 0.009973 -0.0111567 -0.0491476 -0.0011099 0.0004651 -0.0490252 0.0063977 -0.0137695 -0.0513451 0.0082254 -0.0125032 -0.0513451 -0.0027092 -0.0010369 -0.0512244 0.0063381 -0.0137032 -0.0535395 0.0063977 -0.0137695 -0.0513451 -0.0042988 -0.0025528 -0.0512271 0.0034662 -0.0153204 -0.0535372 -0.0066203 -0.0047435 -0.0534259 -0.0043084 -0.0025389 -0.053422 0.0030902 0.0044427 -0.0463901 0.0030857 0.0044493 -0.0474265 0.0020779 0.0034882 -0.0474282 -0.0043207 -0.0025211 -0.056227 -0.0043304 -0.0025071 -0.0584219 -0.005048 -0.0032024 -0.0573862 -0.0064388 -0.0045178 -0.0584255 -0.0064343 -0.0045244 -0.0573885 -0.005048 -0.0032024 -0.0573862 0.009872 -0.0110421 -0.0541466 -0.0011222 0.0004829 -0.0518286 -0.0011318 0.0004968 -0.0540251 0.0081534 -0.0124228 -0.0541478 0.009872 -0.0110421 -0.0541466 -0.0011318 0.0004968 -0.0540251 0.0062279 -0.0135827 -0.0563434 0.0080725 -0.0123341 -0.0563436 -0.0027311 -0.0010051 -0.0562243 0.0061147 -0.0134602 -0.0585372 0.0062279 -0.0135827 -0.0563434 -0.0043207 -0.0025211 -0.056227 0.0034484 -0.0148858 -0.0585346 -0.0043304 -0.0025071 -0.0584219 -0.0064388 -0.0045178 -0.0584255 0.0073658 -0.0130448 -0.0531098 0.0072924 -0.0129639 -0.0553056 -0.0034391 -0.0017144 -0.0529905 0.0091357 -0.0117179 -0.0531091 0.0073658 -0.0130448 -0.0531098 -0.0018494 -0.0001985 -0.0529878 0.0091836 -0.0117719 -0.050913 0.0091357 -0.0117179 -0.0531091 -0.0018398 -0.0002124 -0.0507913 0.0124308 -0.0088189 -0.0465152 0.0124204 -0.0088042 -0.0487117 0.0013588 0.0027915 -0.046393 -0.0065984 -0.0047752 -0.048426 -0.0050042 -0.0032659 -0.0473864 -0.0065938 -0.0047818 -0.0473891 0.0021217 0.0034248 -0.0374284 0.0029877 0.0042506 -0.0374269 0.0029922 0.004244 -0.0363905 0.0055826 -0.0143714 -0.0453066 -0.0049946 -0.0032798 -0.0451899 -0.0050042 -0.0032659 -0.0473864 0.0074206 -0.0131197 -0.0431101 0.0074478 -0.0131444 -0.045307 -0.0034049 -0.0017639 -0.0451872 0.0091835 -0.0117854 -0.0431093 0.0074206 -0.0131197 -0.0431101 -0.0018056 -0.0002619 -0.0429881 0.0091354 -0.0117388 -0.0409122 0.0091835 -0.0117854 -0.0431093 -0.0018056 -0.0002619 -0.0429881 0.0122054 -0.0086002 -0.0365124 0.0014026 0.0027281 -0.0363932 0.0013929 0.002742 -0.0385897 0.0099281 -0.0111223 -0.0419503 -0.001088 0.0004334 -0.0440254 -0.0010784 0.0004194 -0.0418288 0.0082497 -0.0125413 -0.0441486 0.0099656 -0.0111578 -0.0441473 -0.001088 0.0004334 -0.0440254 0.0082668 -0.0125553 -0.0463454 0.0082497 -0.0125413 -0.0441486 -0.0026873 -0.0010686 -0.0462245 0.0064473 -0.0138302 -0.0463456 0.0082668 -0.0125553 -0.0463454 -0.0026873 -0.0010686 -0.0462245 0.0064402 -0.013819 -0.0485405 0.0064473 -0.0138302 -0.0463456 -0.0042865 -0.0025706 -0.0484221 0.0036042 -0.0154739 -0.0485386 -0.0042865 -0.0025706 -0.0484221 -0.0065984 -0.0047752 -0.048426 -0.0065765 -0.0048069 -0.0434261 -0.0049823 -0.0032976 -0.0423865 -0.0065719 -0.0048135 -0.0423892 0.0054877 -0.0142806 -0.0403055 -0.0049727 -0.0033115 -0.04019 -0.0049823 -0.0032976 -0.0423865 0.0072756 -0.0129765 -0.0381084 0.0073536 -0.0130544 -0.0403058 -0.003383 -0.0017956 -0.0401873 0.0090431 -0.011647 -0.0381077 0.0072756 -0.0129765 -0.0381084 -0.0017837 -0.0002937 -0.0379882 0.0089464 -0.0115494 -0.03591 0.0090431 -0.011647 -0.0381077 -0.0017837 -0.0002937 -0.0379882 0.0089464 -0.0115494 -0.03591 -0.0001844 0.0012083 -0.035789 -0.0017741 -0.0003076 -0.0357916 0.0097643 -0.0109593 -0.0369484 -0.0010661 0.0004016 -0.0390255 -0.0010565 0.0003877 -0.0368289 0.0081303 -0.0124249 -0.0391472 0.0098497 -0.011045 -0.0391459 -0.0010661 0.0004016 -0.0390255 0.0081966 -0.0124906 -0.0413445 0.0081303 -0.0124249 -0.0391472 -0.0026654 -0.0011003 -0.0412246 0.0063774 -0.0137657 -0.0413446 0.0081966 -0.0124906 -0.0413445 -0.0026654 -0.0011003 -0.0412246 0.0064228 -0.0138095 -0.0435402 0.0063774 -0.0137657 -0.0413446 -0.0042646 -0.0026023 -0.0434223 0.0036008 -0.0154791 -0.0435384 -0.0042646 -0.0026023 -0.0434223 -0.0065765 -0.0048069 -0.0434261 0.0036008 -0.0154791 -0.0435384 0.0035826 -0.0154619 -0.0425013 -0.0065765 -0.0048069 -0.0434261 -0.0065546 -0.0048387 -0.0384262 -0.0049604 -0.0033293 -0.0373866 -0.00655 -0.0048452 -0.0373893 -0.0042427 -0.0026341 -0.0384224 -0.0042331 -0.002648 -0.0362274 -0.0049604 -0.0033293 -0.0373866 0.0052663 -0.0140572 -0.0353029 -0.0049508 -0.0033433 -0.0351901 -0.0049604 -0.0033293 -0.0373866 0.0087916 -0.011392 -0.0331047 0.0070137 -0.0127105 -0.0331053 -0.0017618 -0.0003254 -0.0329883 0.0086454 -0.0112425 -0.0309065 0.0087916 -0.011392 -0.0331047 -0.0017618 -0.0003254 -0.0329883 0.0094899 -0.0106803 -0.0319452 -0.0010345 0.0003559 -0.031829 0.0005566 0.0018733 -0.0318264 0.0094899 -0.0106803 -0.0319452 -0.0010442 0.0003699 -0.0340256 -0.0010345 0.0003559 -0.031829 0.0078976 -0.0121896 -0.0341445 0.0096242 -0.0108173 -0.0341433 -0.0010442 0.0003699 -0.0340256 0.0080139 -0.0123077 -0.0363424 0.0078976 -0.0121896 -0.0341445 -0.0026435 -0.0011321 -0.0362247 0.0061868 -0.0135747 -0.0363424 0.0080139 -0.0123077 -0.0363424 -0.0026435 -0.0011321 -0.0362247 0.0062855 -0.0136743 -0.0385386 0.0061868 -0.0135747 -0.0363424 -0.0042427 -0.0026341 -0.0384224 0.0034574 -0.0153375 -0.0385367 -0.0042427 -0.0026341 -0.0384224 -0.0065546 -0.0048387 -0.0384262 0.0034574 -0.0153375 -0.0385367 0.0034098 -0.0152895 -0.0374992 -0.0065546 -0.0048387 -0.0384262 0.0076921 -0.0102605 -0.0208957 -0.0017084 -0.0004028 -0.020792 -0.0001187 0.0011131 -0.0207893 0.0085941 -0.0097585 -0.021935 -0.0009907 0.0002925 -0.0218293 -0.0010004 0.0003064 -0.0240258 0.0054285 -0.0127969 -0.0263338 0.0073016 -0.0115783 -0.0263342 -0.0025996 -0.0011956 -0.026225 0.0056399 -0.0130148 -0.0285312 0.0054285 -0.0127969 -0.0263338 -0.0041989 -0.0026975 -0.0284226 0.0036645 -0.014124 -0.0285296 -0.0057874 -0.0042124 -0.0284252 -0.0041989 -0.0026975 -0.0284226 0.0036645 -0.014124 -0.0285296 0.0035615 -0.0140177 -0.0275283 -0.0057874 -0.0042124 -0.0284252 0.0049137 -0.0136962 -0.0302988 -0.0049385 -0.0033611 -0.0323867 -0.0049289 -0.003375 -0.0301902 0.0084264 -0.0110179 -0.0281006 0.0066312 -0.0123182 -0.028101 -0.0017399 -0.0003571 -0.0279884 0.0082291 -0.0108148 -0.0259018 0.0084264 -0.0110179 -0.0281006 -0.0017399 -0.0003571 -0.0279884 0.0082291 -0.0108148 -0.0259018 -0.0017303 -0.0003711 -0.0257919 -0.0001406 0.0011448 -0.0257892 0.0091019 -0.0102822 -0.0269408 -0.0010126 0.0003242 -0.0268291 -0.0010223 0.0003381 -0.0290257 0.0077167 -0.0120048 -0.031339 0.0075491 -0.0118329 -0.0291405 -0.0026215 -0.0011638 -0.0312249 0.0058725 -0.0132538 -0.0313388 0.0077167 -0.0120048 -0.031339 -0.0026215 -0.0011638 -0.0312249 0.006026 -0.013411 -0.0335356 0.0058725 -0.0132538 -0.0313388 -0.0042208 -0.0026658 -0.0334225 0.0040866 -0.0145578 -0.0335343 0.004014 -0.0144834 -0.0325317 -0.0058093 -0.0041806 -0.0334251 0.0057792 -0.0114384 -0.0202879 0.0047942 -0.011999 -0.0202872 -0.0032954 -0.0019226 -0.0201878 0.0037682 -0.0125125 -0.0202859 -0.004885 -0.0034385 -0.0201904 -0.0032954 -0.0019226 -0.0201878 0.0054791 -0.0111276 -0.018088 -0.0032954 -0.0019226 -0.0201878 -0.0032858 -0.0019365 -0.0179912 0.004844 -0.0121928 -0.0213272 0.0067635 -0.0110228 -0.0213282 -0.0025777 -0.0012273 -0.0212251 0.0051188 -0.0124772 -0.0235253 0.004844 -0.0121928 -0.0213272 -0.004177 -0.0027293 -0.0234227 0.0035507 -0.0132984 -0.0235236 -0.0054085 -0.0039036 -0.0234247 -0.004177 -0.0027293 -0.0234227 0.0035507 -0.0132984 -0.0235236 0.0034109 -0.0131537 -0.0224845 -0.0054085 -0.0039036 -0.0234247 0.0029143 -0.0116259 -0.0152764 0.0033192 -0.0120466 -0.0174775 -0.0048728 -0.0034563 -0.0173871 0.0059381 -0.0101678 -0.0152804 -0.0025513 -0.0012656 -0.0151867 -0.0025558 -0.001259 -0.0162252 0.0029807 -0.0124408 -0.0185155 -0.0052524 -0.0038074 -0.0184246 -0.0041551 -0.002761 -0.0184228 0.0029807 -0.0124408 -0.0185155 0.0027976 -0.0122506 -0.0174765 -0.0052524 -0.0038074 -0.0184246 -0.0050386 -0.0032478 -0.0522148 -0.0038995 -0.0021616 -0.0522129 -0.0050431 -0.0032412 -0.0532518 1.82e-05 0.0015389 -0.0488379 -0.0110182 0.0131119 -0.0487161 -0.0110071 0.0130964 -0.0465195 2.78e-05 0.0015249 -0.0466413 -0.0110071 0.0130964 -0.0465195 -0.0092394 0.0144287 -0.0465188 0.001619 0.0030423 -0.0466387 -0.0092394 0.0144287 -0.0465188 -0.0092077 0.0143916 -0.0443205 0.0016286 0.0030283 -0.0444401 -0.0092077 0.0143916 -0.0443205 -0.0073417 0.015615 -0.0443209 0.0025074 0.0038323 -0.0412057 -0.0055102 0.0165212 -0.04109 -0.0081171 0.0149734 -0.0410884 0.0024977 0.0038462 -0.0434022 -0.0081171 0.0149734 -0.0410884 -0.0081819 0.0150452 -0.0432843 0.0009081 0.0023303 -0.0434049 -0.0081819 0.0150452 -0.0432843 -0.0100031 0.0137721 -0.0432844 -0.0048241 -0.0029798 -0.0582513 -0.0048196 -0.0029864 -0.0572143 -0.0039214 -0.0021298 -0.0572128 0.0024853 0.0038643 -0.0462425 -0.0082314 0.0151021 -0.0461242 -0.0052749 0.0168278 -0.0461262 0.0024758 0.003878 -0.0484067 -0.0082314 0.0151021 -0.0461242 -0.0082432 0.0151183 -0.0482884 0.0008862 0.0023621 -0.0484094 -0.0082432 0.0151183 -0.0482884 -0.0100681 0.0138491 -0.0482885 5.9e-06 0.0015567 -0.0516459 -0.0109648 0.0130647 -0.0537214 -0.0110017 0.0130996 -0.0515244 5.9e-06 0.0015567 -0.0516459 -0.0110017 0.0130996 -0.0515244 -0.0092291 0.0144267 -0.0515237 0.0016067 0.0030601 -0.0494446 -0.0092478 0.0144424 -0.0493248 -0.0073738 0.0156575 -0.0493253 -0.0047591 -0.0030739 -0.0434143 -0.0047546 -0.0030805 -0.0423774 -0.0037929 -0.0021635 -0.0423758 0.0017352 0.0030263 -0.034589 0.0010147 0.0023283 -0.0335538 0.0026043 0.0038442 -0.0335511 0.0026043 0.0038442 -0.0335511 -0.0074622 0.0143964 -0.0312713 -0.0076319 0.0145782 -0.0334382 0.0010051 0.0023422 -0.0357503 0.0010147 0.0023283 -0.0335538 -0.0094739 0.013327 -0.033438 0.0001248 0.0015368 -0.0389868 -0.0107347 0.0129244 -0.0388669 -0.0106283 0.012809 -0.0366715 0.0001344 0.0015229 -0.0367903 -0.0106283 0.012809 -0.0366715 -0.0088502 0.0141303 -0.0366709 0.0017256 0.0030402 -0.0367876 -0.0088502 0.0141303 -0.0366709 -0.0087175 0.0139874 -0.0344736 0.0017352 0.0030263 -0.034589 -0.0087175 0.0139874 -0.0344736 -0.0068329 0.0151912 -0.0344743 0.0041558 0.0053118 -0.0324198 0.0041604 0.0053052 -0.0313799 -0.0055566 0.0154947 -0.0312727 -0.0034933 -0.0020499 -0.0260178 -0.0021905 -0.0008185 -0.0249771 -0.0034887 -0.0020565 -0.0249792 0.0017286 0.0028835 -0.021616 -0.0075244 0.0125865 -0.0215139 -0.007222 0.0122655 -0.0193185 0.0017382 0.0028695 -0.0194174 -0.007222 0.0122655 -0.0193185 -0.0062297 0.0128165 -0.0193193 0.0033693 0.0044066 -0.0176818 -0.0048473 0.0130229 -0.0175911 -0.0046693 0.0128345 -0.0166317 0.0010081 0.0021854 -0.0205787 -0.0079409 0.0115658 -0.0182833 -0.0082452 0.0118888 -0.0204766 -0.0005816 0.0006695 -0.0205814 -0.0082452 0.0118888 -0.0204766 -0.0100117 0.0105583 -0.0204773 -0.0043837 -0.0028336 -0.0322375 -0.0038118 -0.0022885 -0.0322133 -0.0043881 -0.0028271 -0.0332516 0.0017067 0.0029152 -0.0266205 -0.0081144 0.0132139 -0.0265121 -0.0078716 0.0129555 -0.0243161 0.0017163 0.0029013 -0.0244219 -0.0078716 0.0129555 -0.0243161 -0.006474 0.0137891 -0.0243169 0.0021398 0.0032714 -0.0212208 -0.0050317 0.0138265 -0.0211224 -0.0069732 0.0128275 -0.0211202 0.0009861999 0.0022172 -0.0255832 -0.0085974 0.0122629 -0.0232808 -0.0088448 0.0125262 -0.0254747 -0.0006035 0.0007013 -0.0255859 -0.0088448 0.0125262 -0.0254747 -0.0105954 0.0111791 -0.0254756 -0.0021684 -0.0008504 -0.0199446 -0.0028219 -0.0014736 -0.0199457 -0.0028267 -0.0014667 -0.021034 -0.0014399 -0.0001676 -0.0188133 -0.0089895 0.010932 -0.0187098 -0.0106641 0.0095052 -0.0187115 -0.004781 -0.0030422 -0.0484189 -0.0047765 -0.0030488 -0.0473819 -0.0038148 -0.0021317 -0.0473803 0.0025919 0.0038622 -0.036387 -0.0078177 0.0147781 -0.0362721 -0.0059366 0.0159019 -0.0362733 0.0025824 0.003876 -0.0385557 -0.0078177 0.0147781 -0.0362721 -0.0079329 0.0149026 -0.0384396 0.0009928 0.0023601 -0.0385583 -0.0079329 0.0149026 -0.0384396 -0.0097621 0.0136379 -0.0384396 0.0001029 0.0015686 -0.0439913 -0.0108971 0.0131035 -0.0438699 -0.0108394 0.0130391 -0.0416739 0.0001125 0.0015547 -0.0417948 -0.0108394 0.0130391 -0.0416739 -0.0090673 0.0143668 -0.0416733 0.0017036 0.003072 -0.0417922 -0.0090673 0.0143668 -0.0416733 -0.0089863 0.014278 -0.0394755 0.0017133 0.0030581 -0.0395935 -0.0089863 0.014278 -0.0394755 -0.0071145 0.0154952 -0.0394759 -0.0006254 0.0007331 -0.0305904 -0.000635 0.000747 -0.032787 -0.0110567 0.0116716 -0.0304753 8.4e-05 0.0014436 -0.0338242 -0.0105194 0.0125626 -0.0337072 -0.0103622 0.0123939 -0.0315123 0.0016848 0.002947 -0.0316251 -0.0085755 0.0137062 -0.0315118 -0.0083883 0.0135061 -0.0293152 0.0016944 0.002933 -0.0294264 -0.0083883 0.0135061 -0.0293152 -0.0064811 0.0146863 -0.029316 0.002573 0.0037372 -0.0262199 -0.0070357 0.0138131 -0.0261139 -0.005088 0.0148672 -0.0261157 -0.0032465 -0.0155118 -0.0502754 0.0040286 -0.0020347 -0.0502217 0.0020957 -0.0009913 -0.0502066 -0.0093922 -0.0130879 -0.0458398 -0.0017509 0.0010675 -0.0457834 -0.0093623 -0.0130643 -0.0436431 -0.0036742 0.0020969 -0.0435718 -0.0112316 -0.0119348 -0.0414311 -0.0036646 0.002083 -0.0413753 -0.0007007 0.0005048 -0.0468301 -0.0083389 -0.0136133 -0.0490829 -0.0007103 0.0005187 -0.0490267 0.0059474 -0.0030575 -0.0534703 -0.0009954 -0.015919 -0.0535215 0.0031363 -0.0015401 -0.0534483 0.004019 -0.0020207 -0.0524182 0.0031459 -0.0015541 -0.0512534 0.0031363 -0.0015401 -0.0534483 -0.0017413 0.0010536 -0.0435869 -0.0036742 0.0020969 -0.0435718 -0.0026258 0.0015351 -0.0446164 -0.0007226 0.0005365 -0.05183 -0.0083064 -0.0134807 -0.0540824 -0.0007322 0.0005504 -0.0540265 0.0031144 -0.0015084 -0.0584482 -0.0011275 -0.0154997 -0.0585184 0.0056782 -0.0028923 -0.0584682 -0.0040752 -0.0148271 -0.0585012 0.0031144 -0.0015084 -0.0584482 -0.0026228 -0.0152006 -0.05851 -0.0031764 -0.0153096 -0.0552746 0.0040067 -0.0020029 -0.0552216 0.0020738 -0.0009596 -0.0552065 -0.0113168 -0.0119886 -0.0486279 -0.0113076 -0.0120034 -0.0464314 -0.0036865 0.0021147 -0.0463751 0.003124 -0.0015223 -0.0562533 0.0031144 -0.0015084 -0.0584482 0.0039971 -0.001989 -0.0574181 -0.0026477 0.0015669 -0.0496163 -0.0017632 0.0010853 -0.0485868 -0.0036961 0.0021287 -0.0485717 0.0040409 -0.0020525 -0.0474183 -0.00323 -0.0155536 -0.0452755 0.0040505 -0.0020664 -0.0452218 -0.00323 -0.0155536 -0.0452755 0.0040505 -0.0020664 -0.0452218 0.0021176 -0.0010231 -0.0452067 -0.0093033 -0.0129955 -0.0408394 -0.001729 0.0010358 -0.0407835 -0.0092405 -0.012911 -0.0386425 -0.0119662 -0.011248 -0.0374598 -0.0120358 -0.011345 -0.0396567 -0.0045368 0.0025468 -0.0396014 -0.0082548 -0.0135615 -0.0418861 -0.0006788 0.000473 -0.0418302 -0.0006884 0.000487 -0.0440268 0.0059693 -0.0030892 -0.0484704 -0.0010534 -0.0160988 -0.0485222 0.0031582 -0.0015719 -0.0484484 0.0040409 -0.0020525 -0.0474183 0.0031678 -0.0015858 -0.0462535 0.0031582 -0.0015719 -0.0484484 -0.0017194 0.0010218 -0.038587 -0.0036523 0.0020652 -0.0385719 -0.0026039 0.0015034 -0.0396165 0.0040628 -0.0020842 -0.0424185 -0.0031277 -0.0154363 -0.040275 0.0040724 -0.0020981 -0.0402219 -0.0031277 -0.0154363 -0.040275 0.0040724 -0.0020981 -0.0402219 0.0021395 -0.0010548 -0.0402068 -0.008105 -0.0133564 -0.0368853 -0.0006569 0.0004413 -0.0368303 -0.0006665 0.0004552 -0.0390269 0.0059912 -0.003121 -0.0434705 -0.0010141 -0.0160982 -0.0435222 0.0031801 -0.0016036 -0.0434485 0.0059957 -0.0031276 -0.0424335 0.0059912 -0.003121 -0.0434705 0.0040628 -0.0020842 -0.0424185 0.0040628 -0.0020842 -0.0424185 0.0031897 -0.0016175 -0.0412536 0.0031801 -0.0016036 -0.0434485 -0.0016975 0.0009901 -0.0335871 -0.0036304 0.0020335 -0.033572 -0.002582 0.0014717 -0.0346166 0.0040847 -0.0021159 -0.0374186 -0.0029383 -0.0151578 -0.0352739 0.0040943 -0.0021299 -0.035222 -0.0029383 -0.0151578 -0.0352739 0.0040943 -0.0021299 -0.035222 0.0021614 -0.0010865 -0.0352069 0.0021614 -0.0010865 -0.0352069 -0.0049636 -0.0143173 -0.0330631 0.002171 -0.0011005 -0.0330104 -0.0025697 0.0014539 -0.0318153 -0.0078792 -0.0130104 -0.0318839 -0.0006349 0.0004095 -0.0318305 -0.0078792 -0.0130104 -0.0318839 -0.0006349 0.0004095 -0.0318305 -0.0006446 0.0004235 -0.034027 -0.0059607 -0.0140487 -0.0340955 0.0012883 -0.0006199 -0.0340421 0.0012787 -0.0006059 -0.0362386 0.0060131 -0.0031527 -0.0384706 -0.0008784 -0.0159191 -0.0385214 0.003202 -0.0016354 -0.0384486 0.0060176 -0.0031593 -0.0374337 0.0060131 -0.0031527 -0.0384706 0.0040847 -0.0021159 -0.0374186 0.0040847 -0.0021159 -0.0374186 0.0032116 -0.0016493 -0.0362537 0.003202 -0.0016354 -0.0384486 -0.0016756 0.0009584 -0.0285872 -0.0044885 0.0024767 -0.0285652 -0.0025601 0.0014399 -0.0296167 -0.0012503 -0.0146632 -0.0275114 0.0051774 -0.0027414 -0.0284639 -0.0013287 -0.0147938 -0.0285119 -0.0022822 -0.014087 -0.0252696 0.0041381 -0.0021934 -0.0252223 0.0022052 -0.00115 -0.0252072 0.0022052 -0.00115 -0.0252072 -0.0042763 -0.0131887 -0.0230585 0.0022148 -0.0011639 -0.0230106 0.0041285 -0.0021794 -0.0274188 0.0032555 -0.0017128 -0.0262539 0.0032458 -0.0016988 -0.0284489 0.0051818 -0.0027478 -0.0274639 0.0051774 -0.0027414 -0.0284639 0.0041285 -0.0021794 -0.0274188 -0.0015988 -0.0152364 -0.0325119 0.0051555 -0.0027097 -0.0334638 -0.0016561 -0.0153282 -0.0335141 0.0041066 -0.0021477 -0.0324187 -0.0026587 -0.0147121 -0.0302721 0.0041162 -0.0021616 -0.0302221 -0.0026587 -0.0147121 -0.0302721 0.0041162 -0.0021616 -0.0302221 0.0021833 -0.0011183 -0.0302071 0.0021833 -0.0011183 -0.0302071 -0.0046633 -0.0138334 -0.0280611 0.0021929 -0.0011322 -0.0280105 -0.0075751 -0.0125194 -0.0268819 -0.000613 0.0003778 -0.0268306 -0.0006227 0.0003918 -0.0290271 -0.0056838 -0.0136081 -0.0290938 0.0013103 -0.0006516 -0.0290422 0.0013006 -0.0006377 -0.0312387 -0.0016537 0.0009266 -0.0235873 -0.0035866 0.00197 -0.0235722 -0.0025382 0.0014082 -0.0246168 -0.0012978 -0.0137854 -0.0224679 0.0047651 -0.0025388 -0.0234606 -0.0014017 -0.0139628 -0.0235061 0.0022271 -0.0011817 -0.0202073 -0.0037963 -0.0123719 -0.0180552 0.0022368 -0.0011957 -0.0180107 0.0041504 -0.0022111 -0.0224189 0.0032774 -0.0017445 -0.021254 0.0032677 -0.0017306 -0.023449 0.0047697 -0.0025454 -0.0224231 0.0047651 -0.0025388 -0.0234606 0.0041504 -0.0022111 -0.0224189 -0.0009094 -0.0127479 -0.0174634 0.0046239 -0.0024825 -0.0184595 -0.0010432 -0.0129806 -0.0185013 -0.0009094 -0.0127479 -0.0174634 -0.0014664 -0.0126886 -0.0174606 0.0041723 -0.0022429 -0.017419 -0.0014664 -0.0126886 -0.0174606 0.0041723 -0.0022429 -0.017419 -0.0011715 -0.012174 -0.015262 -0.0044725 -0.0115644 -0.0152436 0.0013709 -0.0007395 -0.0152005 0.0013663 -0.0007329 -0.016239 0.0046239 -0.0024825 -0.0184595 -0.0010432 -0.0129806 -0.0185013 0.0032897 -0.0017623 -0.0184491 0.0032681 0.0129402 -0.0179435 -0.0028735 0.0015628 -0.0179888 -0.0010515 0.0005793 -0.018003 0.0087351 0.0111508 -0.0223714 0.0021152 -0.0011125 -0.0224202 0.0021106 -0.0011059 -0.0234578 0.0004847 -0.0002282 -0.0234451 0.0070613 0.0119231 -0.0212017 0.0004943 -0.0002422 -0.0212502 0.0004943 -0.0002422 -0.0212502 -0.0019485 0.0010764 -0.0212311 0.0058249 0.0125672 -0.0211922 -0.0036106 0.0019649 -0.0190215 0.0025537 0.0133842 -0.0189761 -0.0019389 0.0010625 -0.0190346 -0.0001985 0.0001119 -0.0162447 0.0045286 0.0120591 -0.0161896 -0.0015321 0.0008318 -0.0162343 -0.0015321 0.0008318 -0.0162343 0.0044228 0.0118482 -0.0151519 -0.0015276 0.0008252 -0.0151958 -0.0044244 0.0024112 -0.0207801 -0.0044148 0.0023972 -0.0185836 0.0016004 0.0135402 -0.0185392 0.0018052 0.0139515 -0.0207342 -0.0044244 0.0024112 -0.0207801 -0.0024915 0.0013678 -0.0207952 0.0041127 0.0136338 -0.0229429 -0.0025011 0.0013817 -0.0229917 -0.0005682 0.0003384 -0.0230068 0.0061356 0.0127572 -0.0229574 -0.0005682 0.0003384 -0.0230068 -0.0005778 0.0003523 -0.0252033 0.0098524 0.0113846 -0.0274298 0.0028911 -0.0015112 -0.0274812 0.0028868 -0.0015049 -0.028464 0.0004628 -0.0001965 -0.028445 0.0074195 0.0126589 -0.0261988 0.0004724 -0.0002104 -0.0262501 0.0004724 -0.0002104 -0.0262501 0.0054476 0.0136301 -0.026184 -0.0014605 0.0008329 -0.026235 0.002882 0.0163484 -0.0485282 -0.0045462 0.0025876 -0.0485829 0.0007338 0.0169929 -0.0485147 -0.0026229 0.0015582 -0.0507946 0.0048992 0.0155246 -0.0529355 -0.0026326 0.0015721 -0.0529911 0.0048992 0.0155246 -0.0529355 -0.0026326 0.0015721 -0.0529911 -0.0006996 0.0005288 -0.0530062 0.0078045 0.0138379 -0.0583893 0.0003314 -6.1e-06 -0.0584444 0.000341 -2e-05 -0.0562494 0.000341 -2e-05 -0.0562494 0.0059221 0.0149429 -0.0561789 -0.0015919 0.0010233 -0.0562343 0.0039406 0.0158645 -0.0539677 0.0039852 0.0159155 -0.051771 -0.0035056 0.0020388 -0.0518262 0.0039852 0.0159155 -0.051771 -0.0035056 0.0020388 -0.0518262 0.0018689 0.0166235 -0.0517572 0.0007338 0.0169929 -0.0485147 0.0007457 0.0169833 -0.0463181 -0.0064695 0.003617 -0.0463713 -0.0007093 0.0005427 -0.0552027 0.000341 -2e-05 -0.0562494 -0.0015919 0.0010233 -0.0562343 0.0049641 0.0155407 -0.0457389 -0.002601 0.0015265 -0.0457947 -0.0026106 0.0015404 -0.0479912 -0.0006777 0.0004971 -0.0480063 0.006945 0.0146498 -0.0501465 -0.0006873 0.000511 -0.0502028 0.0079518 0.0140383 -0.0533885 0.0003533 -3.78e-05 -0.0534445 0.0003629 -5.18e-05 -0.0512495 0.0003629 -5.18e-05 -0.0512495 0.0060315 0.0150734 -0.0511784 -0.00157 0.0009916 -0.0512345 0.0040204 0.0159402 -0.0489674 0.004031 0.015928 -0.0467709 -0.0034837 0.0020071 -0.0468263 0.004031 0.015928 -0.0467709 -0.0034837 0.0020071 -0.0468263 0.0019222 0.0166499 -0.0467571 0.0010822 0.0167398 -0.0413209 0.0011092 0.0168215 -0.0435172 -0.0061251 0.00342 -0.0435706 0.0011092 0.0168215 -0.0435172 0.0028791 0.0162707 -0.0435284 -0.0045243 0.0025559 -0.0435831 -0.0045339 0.0025698 -0.0457796 0.0028791 0.0162707 -0.0435284 -0.0045243 0.0025559 -0.0435831 0.0069499 0.0145548 -0.0429503 -0.0006558 0.0004653 -0.0430064 -0.0006654 0.0004793 -0.0452029 0.0011753 -0.0005102 -0.0462558 -0.0015481 0.0009599 -0.0462346 0.0074513 0.0143858 -0.0461888 0.0040227 0.0158721 -0.0439677 -0.0034714 0.0019893 -0.0440229 0.0039992 0.0157967 -0.0417714 0.0039992 0.0157967 -0.0417714 -0.0034618 0.0019753 -0.0418264 0.0018917 0.016521 -0.0417576 0.0027953 0.0160431 -0.0385293 -0.0045024 0.0025241 -0.0385832 -0.004512 0.0025381 -0.0407797 0.002121 -0.0010161 -0.0474213 0.004018 -0.00204 -0.0474361 0.0040134 -0.0020335 -0.048473 0.0026293 0.0156632 -0.0335308 -0.0044805 0.0024924 -0.0335833 -0.0044901 0.0025064 -0.0357798 0.0048564 0.0152283 -0.0379366 -0.0025668 0.0014769 -0.0379914 -0.0006339 0.0004336 -0.0380065 0.0068623 0.0143202 -0.0379512 -0.0006339 0.0004336 -0.0380065 -0.0006435 0.0004475 -0.040203 0.0011972 -0.0005419 -0.0412559 -0.0015262 0.0009281 -0.0412347 0.007413 0.0142419 -0.0411893 -0.0015166 0.0009142 -0.0390381 0.0039472 0.0156598 -0.0389685 -0.0034495 0.0019575 -0.0390231 0.0022063 -0.001082 -0.0424219 0.0040759 -0.0020912 -0.0424365 0.0040713 -0.0020846 -0.0434734 0.000419 -0.000133 -0.0384448 0.0078788 0.0136544 -0.0361949 0.0004286 -0.000147 -0.0362499 0.0004286 -0.000147 -0.0362499 0.0059103 0.0146319 -0.0361801 -0.0015043 0.0008964 -0.0362348 0.0023783 0.0151261 -0.0285329 -0.0044586 0.0024607 -0.0285834 -0.0044682 0.0024746 -0.0307799 0.0046886 0.0148452 -0.0329382 -0.0025449 0.0014452 -0.0329915 -0.000612 0.0004018 -0.0330066 0.0066991 0.0139455 -0.0329527 -0.000612 0.0004018 -0.0330066 -0.0006216 0.0004158 -0.0352031 0.0067802 0.0141276 -0.0351485 -0.0006216 0.0004158 -0.0352031 0.0013113 -0.0006276 -0.0352182 0.002038 0.0144232 -0.0235357 -0.0044367 0.0024289 -0.0235835 -0.0044463 0.0024429 -0.02578 0.0021989 0.0147531 -0.025731 -0.0044463 0.0024429 -0.02578 -0.0025134 0.0013995 -0.0257951 0.0044416 0.0143154 -0.0279402 -0.002523 0.0014135 -0.0279916 -0.0005901 0.0003701 -0.0280067 0.0064582 0.013427 -0.0279547 -0.0005901 0.0003701 -0.0280067 -0.0005997 0.0003841 -0.0302032 0.0065738 0.0136729 -0.0301503 -0.0005997 0.0003841 -0.0302032 0.0013332 -0.0006593 -0.0302183 0.0004409 -0.0001648 -0.0334449 0.0076892 0.0132309 -0.0311966 0.0004505 -0.0001787 -0.03125 0.0004505 -0.0001787 -0.03125 0.0057183 0.0142039 -0.0311818 -0.0014824 0.0008647 -0.0312349 -0.0033961 0.0018801 -0.0268267 0.0034277 0.0145211 -0.0267764 -0.0034057 0.0018941 -0.0290233 -0.0016219 -0.0148308 -0.0635122 -0.0016824 -0.0149579 -0.0624758 0.0047396 -0.0030462 -0.0634653 -0.0030169 -0.0149418 -0.0602732 0.0039848 -0.0019712 -0.0602215 0.0020519 -0.0009278 -0.0602064 -0.0112815 -0.0118508 -0.0536274 -0.0113067 -0.0119293 -0.0514311 -0.0037084 0.0021465 -0.051375 -0.0007445 0.0005682 -0.0568299 -0.0081985 -0.0132085 -0.0590814 -0.0007541 0.0005822 -0.0590264 -0.0039722 -0.0145957 -0.0613053 0.0020505 -0.0034069 -0.0634558 0.0022629 -0.0030252 -0.0626484 -0.0016219 -0.0148308 -0.0635122 0.0047396 -0.0030462 -0.0634653 0.0020505 -0.0034069 -0.0634558 0.0039848 -0.0019712 -0.0602215 0.0020519 -0.0009278 -0.0602064 0.002156 -0.0009834 -0.0603627 -0.0017851 0.001117 -0.0535867 -0.003718 0.0021604 -0.0535716 -0.0026696 0.0015986 -0.0546162 0.0029282 0.0043408 -0.0513902 0.0029237 0.0043474 -0.0524266 0.002056 0.00352 -0.0524281 -0.0035575 -0.0017499 -0.0603425 -0.0050603 -0.0031846 -0.0601896 -0.0034706 -0.0016687 -0.0601869 0.0089478 -0.011512 -0.0581071 0.0071661 -0.0128266 -0.0581077 -0.0018713 -0.0001667 -0.0579877 0.0090439 -0.0116167 -0.0559116 0.0089478 -0.011512 -0.0581071 -0.0018617 -0.0001807 -0.0557912 0.0090439 -0.0116167 -0.0559116 -0.0018617 -0.0001807 -0.0557912 -0.0002721 0.0013352 -0.0557886 0.0123756 -0.0087524 -0.0515147 0.0123154 -0.0086853 -0.0537107 0.0013368 0.0028233 -0.0513929 0.0096615 -0.0108126 -0.0591444 -0.0011441 0.0005146 -0.0568285 -0.0011537 0.0005286 -0.059025 0.0079376 -0.0121877 -0.0591456 0.0096615 -0.0108126 -0.0591444 -0.0011537 0.0005286 -0.059025 0.007807 -0.0120469 -0.0613408 0.0079376 -0.0121877 -0.0591456 -0.0012694 -0.0025292 -0.0612406 0.0059349 -0.0132666 -0.0613403 0.007807 -0.0120469 -0.0613408 -0.0012694 -0.0025292 -0.0612406 0.0037144 -0.0141149 -0.063531 -0.0028385 -0.0040628 -0.0634385 -0.0055276 -0.0044235 -0.063429 0.0037144 -0.0141149 -0.063531 0.0038135 -0.0142206 -0.0624952 -0.0055276 -0.0044235 -0.063429 -0.0059335 -0.0039997 -0.0623876 -0.0044669 -0.003803 -0.0623928 -0.0055276 -0.0044235 -0.063429 -0.0016194 9.24e-05 -0.0597772 -0.0016153 8.65e-05 -0.0588496 -0.0022111 0.0007128 -0.059739 -0.0016153 8.65e-05 -0.0588496 -0.0124567 0.0114551 -0.0587299 -0.0033718 0.0019305 -0.0600345 -1.6e-05 0.0015885 -0.0566504 -0.0108014 0.0129021 -0.058728 -0.0108867 0.0129878 -0.0565304 -1.6e-05 0.0015885 -0.0566504 -0.0108867 0.0129878 -0.0565304 -0.0091035 0.0143037 -0.0565299 0.0015848 0.0030918 -0.0544491 -0.009173 0.0143727 -0.0543304 -0.0072799 0.0155677 -0.0543311 0.0024635 0.0038958 -0.0512148 -0.0054038 0.0167182 -0.0510989 -0.0082251 0.0151042 -0.0510968 0.0024635 0.0038958 -0.0512148 -0.0082251 0.0151042 -0.0510968 -0.0081844 0.0150654 -0.0532939 0.0008642 0.0023938 -0.0534139 -0.0081844 0.0150654 -0.0532939 -0.0100215 0.0138089 -0.0532938 -0.0106062 0.0039144 -0.0631823 -0.008554 0.0041897 -0.0631895 -0.0104005 0.0036978 -0.0626511 -0.0093423 0.0035635 -0.0621649 -0.008554 0.0041897 -0.0631895 -0.0083625 0.0039881 -0.0626922 -0.0016194 9.24e-05 -0.0597772 -0.0023435 -0.0005968 -0.059905 -0.002838 -7.85e-05 -0.059774 -0.007189 0.0013017 -0.0599756 -0.0074392 0.0015642 -0.0600978 -0.0073202 0.0019471 -0.0602885 -0.004498 0.0016626 -0.0599851 -0.007189 0.0013017 -0.0599756 -0.0063402 0.0019832 -0.0602383 -0.0012528 -0.0140748 -0.0685092 0.0045954 -0.003241 -0.0684661 0.004526 -0.003377 -0.0679538 -0.0012528 -0.0140748 -0.0685092 -0.0013409 -0.0142529 -0.067473 0.004476 -0.0034772 -0.0674301 -0.0027617 -0.0143968 -0.065271 0.0030128 -0.0036994 -0.0652284 0.0029742 -0.0037605 -0.0659603 -0.0027617 -0.0143968 -0.065271 -0.0038746 -0.0141569 -0.0652646 0.0003218 -0.0040604 -0.0652189 -0.0050723 -0.0140847 -0.0630622 0.0006868 -0.0034161 -0.0630198 0.0005253 -0.0037052 -0.0637218 -0.0049666 -0.0138572 -0.0652579 -0.0050723 -0.0140847 -0.0630622 0.0004032 -0.0039206 -0.0644578 -0.0050723 -0.0140847 -0.0630622 -0.0071496 -0.0133089 -0.0630482 -0.0020042 -0.0037771 -0.0630103 -0.0071496 -0.0133089 -0.0630482 -0.0020042 -0.0037771 -0.0630103 -0.0072333 -0.0134958 -0.0608524 -0.0092075 -0.0125288 -0.0608376 -0.0037435 -0.0024068 -0.0607973 -0.0092779 -0.012691 -0.0586417 -0.0111651 -0.0115629 -0.0586262 -0.0112265 -0.0117085 -0.0564302 -0.0037303 0.0021782 -0.0563749 -0.0100342 -0.0119402 -0.0618688 -0.0055296 -0.0035955 -0.0618356 -0.0081044 -0.0129936 -0.0618839 -0.0081044 -0.0129936 -0.0618839 -0.0080133 -0.0127931 -0.0640797 -0.0034499 -0.0043395 -0.0640461 -0.0080133 -0.0127931 -0.0640797 -0.0034499 -0.0043395 -0.0640461 -0.0059834 -0.0136567 -0.0640941 -0.0012528 -0.0140748 -0.0685092 0.0045954 -0.003241 -0.0684661 0.0019063 -0.0036017 -0.0684566 -0.001807 0.0011488 -0.0585866 -0.0037399 0.0021921 -0.0585715 -0.0026915 0.0016304 -0.0596161 -0.0018122 0.0011563 -0.0597747 -0.0026928 0.0016322 -0.0599002 -0.0030945 0.0008858 -0.0597579 0.0030095 -0.0036739 -0.0674249 0.0019063 -0.0036017 -0.0684566 0.0017616 -0.0038908 -0.0670064 0.0045954 -0.003241 -0.0684661 0.004526 -0.003377 -0.0679538 0.0030095 -0.0036739 -0.0674249 -0.0055296 -0.0035955 -0.0618356 -0.005412 -0.0033813 -0.0615712 -0.0028361 -0.0032341 -0.0618451 -0.0020042 -0.0037771 -0.0630103 -0.0034499 -0.0043395 -0.0640461 -0.0007589 -0.0039785 -0.0640556 0.0027148 0.0041899 -0.0563904 0.0027102 0.0041965 -0.0574268 0.0020341 0.0035517 -0.0574279 0.0046873 -0.0133975 -0.0652973 -0.0036536 -0.0046496 -0.0659369 -0.0037019 -0.0046002 -0.0652047 0.0066721 -0.0122959 -0.065299 0.0046873 -0.0133975 -0.0652973 -0.0010109 -0.0042392 -0.0652142 0.0068492 -0.0124855 -0.0631043 -0.0012904 -0.0039488 -0.0637154 -0.0015175 -0.0037118 -0.063012 0.0068492 -0.0124855 -0.0631043 0.0066721 -0.0122959 -0.065299 -0.001121 -0.0041251 -0.0644524 0.0086487 -0.0111896 -0.063104 0.0068492 -0.0124855 -0.0631043 0.0011735 -0.0033508 -0.0630215 0.0087939 -0.0113457 -0.060909 0.0086487 -0.0111896 -0.063104 0.0011735 -0.0033508 -0.0630215 0.0104435 -0.0098926 -0.060907 0.0087939 -0.0113457 -0.060909 0.0025054 -0.0015685 -0.0608193 0.0105694 -0.0100285 -0.0587117 0.0104435 -0.0098926 -0.060907 0.0025054 -0.0015685 -0.0608193 0.0122055 -0.0085651 -0.0565129 0.0120926 -0.0084429 -0.0587083 0.0013149 0.002855 -0.0563927 0.0112202 -0.0092601 -0.0597462 0.0004348 0.0020497 -0.0596271 0.0013971 0.0010409 -0.059749 0.0094947 -0.0106327 -0.0619461 0.0110787 -0.0091079 -0.0619433 0.0045344 -0.0022454 -0.0618711 0.0093387 -0.0104654 -0.064141 0.0094947 -0.0106327 -0.0619461 0.0027091 -0.0035133 -0.0640678 0.0076081 -0.0118334 -0.0641421 0.0093387 -0.0104654 -0.064141 0.0027091 -0.0035133 -0.0640678 0.0074268 -0.0116395 -0.0663367 0.0076081 -0.0118334 -0.0641421 0.0002375 -0.0041018 -0.0655108 0.0031245 -0.0134876 -0.0685247 -0.0026827 -0.0042173 -0.0684404 -0.0053718 -0.0045781 -0.0684309 0.0031245 -0.0134876 -0.0685247 -0.0053718 -0.0045781 -0.0684309 -0.0052655 -0.0046905 -0.0679193 0.0031245 -0.0134876 -0.0685247 0.0032635 -0.0136352 -0.0674892 -0.0051872 -0.0047735 -0.067396 -0.0002895 0.0013606 -0.0597801 0.0004336 0.0020516 -0.0599113 0.0010188 0.0014376 -0.0597724 -0.0012904 -0.0039488 -0.0637154 -0.0015175 -0.0037118 -0.063012 1.81e-05 -0.0038743 -0.0640583 -0.0036599 -0.0046418 -0.0666711 -0.0024271 -0.0044892 -0.0662481 -0.0024569 -0.0044567 -0.0669915 -0.001121 -0.0041251 -0.0644524 1.81e-05 -0.0038743 -0.0640583 0.0001555 -0.0040172 -0.0647771 0.0025054 -0.0015685 -0.0608193 0.0035978 -0.0012652 -0.0606955 0.0041884 -0.0018835 -0.0613551 0.0043664 -0.0020696 -0.0616058 0.0045344 -0.0022454 -0.0618711 0.0018409 -0.0026067 -0.0618616 0.0009909 0.0168813 -0.05132 -0.0062287 0.003507 -0.0513733 0.0009408 0.0168203 -0.0535168 0.0009408 0.0168203 -0.0535168 0.0028044 0.0162768 -0.0535285 -0.0045681 0.0026194 -0.0535828 -0.0026448 0.0015899 -0.0557945 0.0047614 0.0153416 -0.0579363 -0.0026545 0.0016039 -0.057991 0.0047614 0.0153416 -0.0579363 -0.0026545 0.0016039 -0.057991 -0.0007215 0.0005605 -0.0580061 -0.0007215 0.0005605 -0.0580061 0.0004507 0.0027638 -0.0601939 -0.000325 0.0013206 -0.0597753 0.0071206 0.0063671 -0.0634339 0.0088341 0.0126868 -0.0634013 0.0075764 0.0134876 -0.0633907 0.0075764 0.0134876 -0.0633907 0.0034682 0.0058772 -0.063421 0.007687 0.0136606 -0.061195 0.007687 0.0136606 -0.061195 0.0027049 0.0044314 -0.0612317 0.0057367 0.0146719 -0.06118 0.0058276 0.0148085 -0.0589829 -0.0016042 0.0010411 -0.0590377 -0.0006789 0.0027733 -0.0602753 0.0037826 0.0156442 -0.0589686 0.0038617 0.0157589 -0.0567716 -0.0035275 0.0020705 -0.0568261 0.0038617 0.0157589 -0.0567716 -0.0035275 0.0020705 -0.0568261 0.0017308 0.01644 -0.0567579 0.0017308 0.01644 -0.0567579 -0.0054623 0.0031149 -0.056811 -0.0054526 0.0031009 -0.0546124 0.0044148 0.0055151 -0.0623904 0.0068446 0.005841 -0.062399 0.0069937 0.0061244 -0.0629021 0.0027049 0.0044314 -0.0612317 1.39e-05 0.0040704 -0.0612222 0.0010529 0.0037836 -0.060822 0.0081726 0.0123475 -0.0684007 0.0072581 0.0129702 -0.0683928 0.0062509 0.0064836 -0.0684295 0.0072581 0.0129702 -0.0683928 0.00741 0.0132199 -0.0661968 0.0037211 0.006397 -0.0669696 0.00741 0.0132199 -0.0661968 0.0037436 0.006428 -0.0662238 0.0054733 0.0142563 -0.0661817 0.0054733 0.0142563 -0.0661817 0.0055988 0.0144571 -0.0639843 0.0010365 0.0060264 -0.06547 0.0055988 0.0144571 -0.0639843 0.0008893 0.0057327 -0.0640191 0.0035453 0.0152769 -0.0639701 0.0007154 0.0167285 -0.05632 -0.0063699 0.0036031 -0.0563722 0.0006242 0.0165913 -0.0585171 0.0006242 0.0165913 -0.0585171 0.0026452 0.0160543 -0.0585294 -0.00459 0.0026511 -0.0585827 0.0045465 0.0150158 -0.0629376 0.00655 0.0141033 -0.0629522 0.0018995 0.0054884 -0.0629865 0.00655 0.0141033 -0.0629522 0.0064303 0.0139133 -0.0651495 0.0021685 0.0060073 -0.0644225 0.0064303 0.0139133 -0.0651495 0.0083191 0.0127883 -0.0651649 0.0049329 0.0065154 -0.0651899 -0.0054746 0.0031327 -0.0596123 -0.0054807 0.0031415 -0.0610102 -0.0045985 0.0026634 -0.0605223 -0.0054807 0.0031415 -0.0610102 -0.0044073 0.0030215 -0.0607778 -0.0045985 0.0026634 -0.0605223 -0.0023918 0.0042468 -0.0618175 -0.0021504 0.0047036 -0.06249 -0.0011019 0.004538 -0.061992 0.0015628 0.0031236 -0.0594537 -0.0089821 0.0141813 -0.0593373 -0.0070561 0.0153418 -0.0593384 0.0024416 0.0039276 -0.0562193 -0.0056719 0.0163248 -0.0561051 -0.0080983 0.01498 -0.056103 0.0024416 0.0039276 -0.0562193 -0.0080983 0.01498 -0.056103 -0.0080038 0.0148848 -0.0583006 0.0008423 0.0024256 -0.0584185 -0.0080038 0.0148848 -0.0583006 -0.0098626 0.0136511 -0.0583003 -0.0060495 0.0047451 -0.0638054 -0.0073691 0.0046808 -0.064196 -0.0071781 0.0044792 -0.0634647 -0.0116476 0.0106262 -0.0699363 -0.011781 0.0107638 -0.0685888 -0.0060519 0.0047561 -0.068652 -0.0056691 0.0158745 -0.0609546 -0.0078575 0.014736 -0.0609522 0.0021921 0.0041977 -0.0610631 0.0027498 0.0042725 -0.0610651 0.0041351 0.0055935 -0.0610628 0.0021921 0.0041977 -0.0610631 -0.0082526 0.0043074 -0.0690901 -0.012878 0.0091594 -0.0699402 -0.0078987 0.0039379 -0.0699952 -0.0007714 0.0055799 -0.0642745 -0.0020743 0.0054951 -0.0646747 -0.0019239 0.0053361 -0.0639432 -0.0060519 0.0047561 -0.068652 -0.0033609 0.0051171 -0.0686615 -0.0047951 0.0051705 -0.0676163 0.0042505 0.0145404 -0.0679739 0.006251 0.0136221 -0.0679885 0.0021528 0.0060302 -0.0680187 0.006251 0.0136221 -0.0679885 0.0021528 0.0060302 -0.0680187 0.0061592 0.0134709 -0.0692845 0.0061592 0.0134709 -0.0692845 0.0076074 0.0125768 -0.0692965 0.0039895 0.0058746 -0.0693232 0.0024003 0.0156735 -0.0635653 -0.0033396 0.0050403 -0.0636076 -0.0032245 0.0052638 -0.0643187 0.002266 0.0154563 -0.0657627 0.0033396 0.0151411 -0.0657695 -0.0004196 0.0058573 -0.0658119 -0.004448 0.0051712 -0.0646389 -0.007139 0.0048102 -0.0646294 -0.0072061 0.0046784 -0.0641042 -0.0005383 0.0056692 -0.0680092 -0.0018467 0.0054149 -0.0683348 -0.0017499 0.0055836 -0.0675991 0.0021528 0.0060302 -0.0680187 0.0020597 0.0058664 -0.0686081 0.0007085 0.0055347 -0.0690546 0.0019079 0.0055953 -0.0693159 0.0039895 0.0058746 -0.0693232 0.0038629 0.0056468 -0.0697868 -0.0097819 -0.0114 -0.0669011 -0.0063183 -0.0049837 -0.0668755 -0.0078723 -0.0124909 -0.0669164 -0.0078723 -0.0124909 -0.0669164 -0.0036248 -0.0046223 -0.066885 -0.0077442 -0.0122218 -0.0691119 -0.0038165 -0.0135678 -0.0693945 0.0017202 -0.003311 -0.0693537 0.000614 -0.0034594 -0.0693498 -0.0048059 -0.0135184 -0.0680944 0.0003825 -0.003907 -0.0680561 -0.0023085 -0.004268 -0.0680466 -0.0069 -0.0127738 -0.0680805 -0.007019 -0.0130259 -0.0658849 -0.0024107 -0.0044784 -0.0665919 -0.007019 -0.0130259 -0.0658849 -0.0089856 -0.012045 -0.0658701 -0.0050961 -0.0048397 -0.0658414 -0.0089856 -0.012045 -0.0658701 -0.0090931 -0.0122759 -0.0636744 -0.0050512 -0.0047674 -0.0650915 -0.0035752 -0.0045196 -0.0676371 -0.0034861 -0.004344 -0.0683695 -0.0023085 -0.004268 -0.0680466 -0.0006665 -0.0037344 -0.069089 0.000614 -0.0034594 -0.0693498 0.0004952 -0.0036876 -0.0687878 -0.0005391 -0.0034909 -0.06962 -0.0004482 -0.0033178 -0.0699378 0.000614 -0.0034594 -0.0693498 0.0091034 -0.0102136 -0.0669763 0.010658 -0.008658 -0.0669732 0.0056261 -0.0033813 -0.0669177 0.0088937 -0.0099899 -0.0691706 0.0091034 -0.0102136 -0.0669763 0.0029326 -0.0037427 -0.0669082 0.0071588 -0.0113534 -0.0691717 0.0088937 -0.0099899 -0.0691706 0.0025207 -0.0033069 -0.0691003 0.0070382 -0.011225 -0.0703284 0.0071588 -0.0113534 -0.0691717 -0.0001704 -0.0036679 -0.0690908 0.0064081 -0.0120141 -0.068134 0.0062741 -0.0118713 -0.069428 -0.0011296 -0.0041099 -0.0680508 0.0084284 -0.0109536 -0.0659395 0.008232 -0.0107438 -0.0681339 0.0017256 -0.0039235 -0.0666065 0.0100671 -0.0094891 -0.0659373 0.0084284 -0.0109536 -0.0659395 0.0044164 -0.0035636 -0.065875 0.0102468 -0.0096815 -0.0637427 0.0100671 -0.0094891 -0.0659373 0.0043592 -0.003505 -0.0651247 0.0117376 -0.0080618 -0.063739 0.0102468 -0.0096815 -0.0637427 0.0067659 -0.0028484 -0.0636841 0.0119098 -0.0082463 -0.0615442 0.0117376 -0.0080618 -0.063739 0.0067659 -0.0028484 -0.0636841 0.0081089 -0.0014577 -0.0614845 0.00615 -0.0022052 -0.0621401 0.0057392 -0.0017756 -0.0614761 0.0081089 -0.0014577 -0.0614845 0.0086668 -0.0020411 -0.0624391 0.0075222 -0.0021946 -0.0624351 0.0055279 -0.0032822 -0.0647179 0.0043592 -0.003505 -0.0651247 0.0042455 -0.003387 -0.0643905 0.0027152 -0.0035121 -0.0683914 0.0025207 -0.0033069 -0.0691003 0.0015615 -0.0037489 -0.0680603 -0.0016571 0.0050659 -0.0694244 -0.0030029 0.0043903 -0.0703577 -0.0032264 0.004624 -0.0699018 -0.0016571 0.0050659 -0.0694244 -9.8e-06 0.0047919 -0.0703683 -0.0003253 0.0051215 -0.0696979 0.001426 0.0056034 -0.0691306 0.0012299 0.0058078 -0.06842 -9e-07 0.0057245 -0.0680871 0.0010914 0.0059518 -0.0676865 -9e-07 0.0057245 -0.0680871 -0.0001113 0.005839 -0.0673643 0.0010102 0.0060355 -0.0669329 -0.0001671 0.0058949 -0.0658887 -0.0001667 0.0058958 -0.0666308 -0.0086906 -0.0114299 -0.0706048 -0.0088201 -0.0116973 -0.0687066 -0.0049033 -0.0044414 -0.0686777 -0.0049033 -0.0044414 -0.0686777 -0.0075943 -0.0048024 -0.0686682 -0.0058944 -0.0041573 -0.069708 -0.0073603 -0.0043539 -0.0697028 -0.0074879 -0.0045977 -0.0691972 -0.0058944 -0.0041573 -0.069708 -0.0047629 -0.0041716 -0.0693523 -0.0058944 -0.0041573 -0.069708 -0.0057582 -0.0038986 -0.0701517 0.0095875 -0.0089779 -0.0706693 0.0097961 -0.0092 -0.0687723 0.0041057 -0.0032329 -0.0687095 0.0097961 -0.0092 -0.0687723 0.0105377 -0.0083795 -0.0687703 0.0067968 -0.0028719 -0.068719 0.0036345 -0.0027364 -0.0700138 0.0047771 -0.0024853 -0.0701889 0.0045509 -0.0022473 -0.0706045 0.0066365 -0.0027029 -0.0692471 0.0064456 -0.0025019 -0.0697515 0.0049797 -0.0026985 -0.0697464 -0.0039336 -0.0021121 -0.0600115 -0.0047741 -0.0012307 -0.0600022 -0.0027205 -0.0009552 -0.0600095 -0.0043914 -0.0016317 -0.0602096 -0.0041605 -0.0018735 -0.0603664 -0.0033449 -0.0015482 -0.0602439 -0.0047741 -0.0012307 -0.0600022 -0.0027205 -0.0009552 -0.0600095 -0.0033449 -0.0015482 -0.0602439 0.0086607 -0.0113596 -0.0388076 0.01033 -0.0097501 -0.0365364 0.0117849 -0.0080586 -0.034068 -0.0075338 0.0135254 -0.0675046 -0.0083508 0.0132163 -0.0663189 -0.0088084 0.0127524 -0.0675098 -0.0075887 0.0146636 -0.0567269 -0.010489 0.0126526 -0.0567279 -0.0096364 0.0134313 -0.0543134 -0.00607 0.0157916 -0.0445928 -0.0076176 0.0147633 -0.0422274 -0.008688 0.0141545 -0.0446374 -0.0043928 0.0165983 -0.0421302 -0.0076176 0.0147633 -0.0422274 -0.0054686 0.0159326 -0.0404284 -0.0043291 0.0162547 -0.0369391 -0.0073634 0.0143361 -0.034994 -0.0064711 0.0151821 -0.0380485 -0.0042494 0.0157449 -0.0322834 -0.0062279 0.0146059 -0.0316907 -0.00567 0.0146756 -0.0300458 -0.0152858 0.0073308 -0.0353988 -0.0128315 0.0100128 -0.0351756 -0.0138101 0.00918 -0.0366764 -0.0041462 0.0150217 -0.0275135 -0.0040272 0.0141302 -0.0229271 -0.0050258 0.0143243 -0.0260792 -0.006926 0.0135917 -0.0278152 -0.005436 0.0139766 -0.0253637 -0.0083922 0.0122122 -0.0254078 -0.0060082 0.0136543 -0.0710477 -0.0061347 0.0140108 -0.0687456 -0.0075822 0.0133126 -0.0687225 -0.0124495 0.0102217 -0.0633777 -0.0121645 0.0102011 -0.0654504 -0.0111348 0.0113249 -0.0646954 -0.0138294 0.0077844 -0.0669493 -0.0146317 0.0076367 -0.0628121 -0.0130668 0.0090175 -0.066202 -0.0130041 0.0094121 -0.0645729 -0.0121645 0.0102011 -0.0654504 -0.0130668 0.0090175 -0.066202 -0.010489 0.0126526 -0.0567279 -0.0107856 0.0122139 -0.059394 -0.0118127 0.0114978 -0.0571116 -0.0120521 0.0110634 -0.0596502 -0.0118127 0.0114978 -0.0571116 -0.0130552 0.0102548 -0.057495 -0.010489 0.0126526 -0.0567279 -0.0111614 0.0121764 -0.0554001 -0.0118807 0.0115122 -0.0559436 -0.0132162 0.010257 -0.0551574 -0.0118137 0.0116625 -0.0542446 -0.0124464 0.0111173 -0.0532619 -0.010688 0.0127354 -0.0494704 -0.0106616 0.0127311 -0.0515434 -0.0120745 0.011536 -0.0504962 -0.010688 0.0127354 -0.0494704 -0.0097163 0.0134753 -0.0470522 -0.0113235 0.0122025 -0.0477573 -0.010688 0.0127354 -0.0494704 -0.0120745 0.011536 -0.0504962 -0.0120962 0.0115241 -0.0481105 -0.010688 0.0127354 -0.0494704 -0.0113235 0.0122025 -0.0477573 -0.0120962 0.0115241 -0.0481105 -0.0105896 0.012628 -0.0422009 -0.0133596 0.010167 -0.0431072 -0.0106421 0.0126728 -0.044022 -0.0132653 0.0101326 -0.0409461 -0.0105156 0.0125688 -0.0403144 -0.0122704 0.0109418 -0.0389433 -0.0141766 0.0092445 -0.0419683 -0.0132653 0.0101326 -0.0409461 -0.013777 0.0095223 -0.0398591 -0.0152858 0.0073308 -0.0353988 -0.0138101 0.00918 -0.0366764 -0.014381 0.0087463 -0.0385006 -0.0138101 0.00918 -0.0366764 -0.0130237 0.0100619 -0.037315 -0.014381 0.0087463 -0.0385006 -0.0156942 0.0073077 -0.039689 -0.0152858 0.0073308 -0.0353988 -0.014381 0.0087463 -0.0385006 -0.0085517 0.0130919 -0.0313727 -0.0080053 0.0132894 -0.030184 -0.0094064 0.0124142 -0.0309506 -0.0121317 0.0098549 -0.0294785 -0.011571 0.0106775 -0.0312993 -0.0128266 0.0093643 -0.0306579</float_array>
          <technique_common>
            <accessor count="5695" source="#g3_black-pos-array" stride="3">
              <param type="float" name="X"/>
              <param type="float" name="Y"/>
              <param type="float" name="Z"/>
            </accessor>
          </technique_common>
        </source>
        <source id="g3_black-nrm">
          <float_array count="17085" id="g3_black-nrm-array">0.48236 -0.8737 -0.06311 0.4798 -0.87558 -0.05618 0.508 -0.8592 -0.061 0.53807 -0.8424 -0.0291 0.57902 -0.81459 -0.03436 0.59816 -0.8013 -0.01154 0.63634 -0.77117 -0.0193 0.65244 -0.75783 0.00275 0.68745 -0.72621 -0.0061 0.70096 -0.71303 0.01541 0.73248 -0.68075 0.00657 0.74329 -0.66822 0.03167 0.75882 -0.65077 0.02611 0.75488 -0.65497 0.03427 0.74125 -0.67027 0.03587 0.72857 -0.68484 0.01332 0.6969 -0.71682 0.02213 0.68332 -0.73012 0.00082 0.64818 -0.76143 0.0096 0.63213 -0.77476 -0.01244 0.59382 -0.80458 -0.00488 0.57492 -0.81774 -0.02788 0.53386 -0.84526 -0.02293 0.50684 -0.86011 -0.05766 -0.69011 0.72367 0.00762 -0.69011 0.72367 0.00762 -0.69011 0.72367 0.00762 -0.69011 0.72367 0.00762 -0.69011 0.72367 0.00762 -0.69011 0.72367 0.00762 -0.69011 0.72367 0.00762 -0.69011 0.72367 0.00762 -0.69011 0.72367 0.00762 -0.69011 0.72367 0.00762 -0.69011 0.72367 0.00762 -0.69011 0.72367 0.00762 -0.69011 0.72367 0.00762 -0.69011 0.72367 0.00762 -0.69011 0.72367 0.00762 -0.69011 0.72367 0.00762 -0.69011 0.72367 0.00762 -0.69011 0.72367 0.00762 0.00438 -0.00635 0.99997 0.00438 -0.00635 0.99997 0.00438 -0.00635 0.99997 0.00438 -0.00635 0.99997 -0.00438 0.00635 -0.99997 -0.00438 0.00635 -0.99997 -0.00438 0.00635 -0.99997 -0.00438 0.00635 -0.99997 0.72369 0.69012 0.00121 0.72369 0.69012 0.00121 0.72369 0.69012 0.00121 0.72369 0.69012 0.00121 -0.72369 -0.69012 -0.00121 -0.72369 -0.69012 -0.00121 -0.72369 -0.69012 -0.00121 -0.72369 -0.69012 -0.00121 0.75868 -0.65146 0.00072 0.76293 -0.64643 -0.00814 0.74511 -0.66693 0.00309 0.73273 -0.68024 -0.01938 0.70018 -0.71391 -0.00905 0.68575 -0.72718 -0.03099 0.6488 -0.76066 -0.0213 0.63066 -0.77479 -0.04432 0.5892 -0.80716 -0.03658 0.56643 -0.82185 -0.06108 0.52032 -0.85206 -0.05704 0.48796 -0.86787 -0.09327 0.45934 -0.88305 -0.09605 0.46209 -0.88086 -0.10273 0.4889 -0.86702 -0.09625 0.52447 -0.84907 -0.06332 0.5705 -0.81849 -0.06787 0.59354 -0.80363 -0.04351 0.63491 -0.77087 -0.05156 0.65312 -0.75672 -0.02849 0.68996 -0.72283 -0.03834 0.70434 -0.70968 -0.01618 0.73676 -0.67563 -0.0266 0.74735 -0.66443 -0.00146 -0.69011 0.72367 0.00762 -0.69011 0.72367 0.00762 -0.69011 0.72367 0.00762 -0.69011 0.72367 0.00762 -0.69011 0.72367 0.00762 -0.69011 0.72367 0.00762 -0.69011 0.72367 0.00762 -0.69011 0.72367 0.00762 -0.69011 0.72367 0.00762 -0.69011 0.72367 0.00762 -0.69011 0.72367 0.00762 -0.69011 0.72367 0.00762 -0.69011 0.72367 0.00762 -0.69011 0.72367 0.00762 -0.69011 0.72367 0.00762 -0.69011 0.72367 0.00762 -0.69011 0.72367 0.00762 -0.69011 0.72367 0.00762 -0.00438 0.00635 -0.99997 -0.00438 0.00635 -0.99997 -0.00438 0.00635 -0.99997 -0.00438 0.00635 -0.99997 0.72369 0.69012 0.00121 0.72369 0.69012 0.00121 0.72369 0.69012 0.00121 0.72369 0.69012 0.00121 -0.72369 -0.69012 -0.00121 -0.72369 -0.69012 -0.00121 -0.72369 -0.69012 -0.00121 -0.72369 -0.69012 -0.00121 0.00438 -0.00635 0.99997 0.00438 -0.00635 0.99997 0.00438 -0.00635 0.99997 0.00438 -0.00635 0.99997 0.4961 -0.86795 -0.02352 0.49325 -0.86974 -0.01615 0.51986 -0.85389 -0.0248 0.5446 -0.83868 0.005 0.58279 -0.81262 -0.00136 0.59918 -0.80035 0.02061 0.63589 -0.77168 0.01255 0.65059 -0.75866 0.03415 0.68507 -0.72802 0.02567 0.69821 -0.71435 0.04709 0.72983 -0.6825 0.03932 0.73996 -0.66968 0.06307 0.75403 -0.65404 0.06065 0.74955 -0.65846 0.06791 0.73779 -0.67171 0.06685 0.72592 -0.68625 0.04584 0.69411 -0.71786 0.05365 0.68088 -0.73168 0.03243 0.64622 -0.76206 0.04091 0.63156 -0.77509 0.0193 0.59466 -0.80351 0.02726 0.57849 -0.81567 0.00509 0.54014 -0.8415 0.01125 0.51833 -0.85492 -0.02111 -0.69011 0.72367 0.00762 -0.69011 0.72367 0.00762 -0.69011 0.72367 0.00762 -0.69011 0.72367 0.00762 -0.69011 0.72367 0.00762 -0.69011 0.72367 0.00762 -0.69011 0.72367 0.00762 -0.69011 0.72367 0.00762 -0.69011 0.72367 0.00762 -0.69011 0.72367 0.00762 -0.69011 0.72367 0.00762 -0.69011 0.72367 0.00762 -0.69011 0.72367 0.00762 -0.69011 0.72367 0.00762 -0.69011 0.72367 0.00762 -0.69011 0.72367 0.00762 -0.69011 0.72367 0.00762 -0.69011 0.72367 0.00762 -0.69011 0.72367 0.00762 -0.69011 0.72367 0.00762 -0.69011 0.72367 0.00762 0.00438 -0.00635 0.99997 0.00438 -0.00635 0.99997 0.00438 -0.00635 0.99997 0.00438 -0.00635 0.99997 -0.00438 0.00635 -0.99997 -0.00438 0.00635 -0.99997 -0.00438 0.00635 -0.99997 -0.00438 0.00635 -0.99997 -0.72369 -0.69012 -0.00121 -0.72369 -0.69012 -0.00121 -0.72369 -0.69012 -0.00121 -0.72369 -0.69012 -0.00121 0.50064 -0.86552 0.01508 0.49735 -0.86724 0.02314 0.52387 -0.85173 0.01058 0.54484 -0.83762 0.03931 0.58211 -0.8125 0.03142 0.59659 -0.80079 0.05308 0.63338 -0.77258 0.0442 0.64736 -0.75933 0.0659 0.68264 -0.7285 0.05737 0.69604 -0.71361 0.07932 0.72887 -0.68081 0.07249 0.73776 -0.66853 0.09365 0.74829 -0.65645 0.09559 0.74184 -0.663 0.10051 0.73493 -0.67125 0.09645 0.72488 -0.68434 0.07899 0.69181 -0.71695 0.08592 0.67826 -0.73201 0.0642 0.64273 -0.76263 0.0728 0.62877 -0.77591 0.0511 0.59172 -0.80391 0.05996 0.57745 -0.81554 0.03807 0.53996 -0.84044 0.04587 0.52191 -0.85287 0.01471 -0.69011 0.72367 0.00762 -0.69011 0.72367 0.00762 -0.69011 0.72367 0.00762 -0.69011 0.72367 0.00762 -0.69011 0.72367 0.00762 -0.69011 0.72367 0.00762 -0.69011 0.72367 0.00762 -0.69011 0.72367 0.00762 -0.69011 0.72367 0.00762 -0.69011 0.72367 0.00762 -0.69011 0.72367 0.00762 -0.69011 0.72367 0.00762 -0.69011 0.72367 0.00762 -0.69011 0.72367 0.00762 -0.69011 0.72367 0.00762 -0.69011 0.72367 0.00762 -0.69011 0.72367 0.00762 -0.69011 0.72367 0.00762 -0.69011 0.72367 0.00762 -0.69011 0.72367 0.00762 -0.69011 0.72367 0.00762 -0.69011 0.72367 0.00762 0.00438 -0.00635 0.99997 0.00438 -0.00635 0.99997 0.00438 -0.00635 0.99997 0.00438 -0.00635 0.99997 -0.00438 0.00635 -0.99997 -0.00438 0.00635 -0.99997 -0.00438 0.00635 -0.99997 -0.00438 0.00635 -0.99997 0.50597 -0.86025 0.063 0.50363 -0.86227 0.05338 0.51632 -0.85508 0.04742 0.53875 -0.8392 0.07416 0.57688 -0.81431 0.06412 0.59017 -0.80268 0.08605 0.62874 -0.77392 0.07579 0.6428 -0.75971 0.09824 0.68048 -0.72729 0.08945 0.69761 -0.70585 0.12298 0.72133 -0.68287 0.11563 0.71767 -0.68518 0.12438 0.69597 -0.70663 0.12765 0.67578 -0.73075 0.09659 0.63774 -0.76299 0.10553 0.62366 -0.77727 0.0831 0.58472 -0.80584 0.09341 0.57165 -0.8174 0.07125 0.53319 -0.84208 0.08127 0.51285 -0.85757 0.03957 -0.69011 0.72367 0.00762 -0.69011 0.72367 0.00762 -0.69011 0.72367 0.00762 -0.69011 0.72367 0.00762 -0.69011 0.72367 0.00762 -0.69011 0.72367 0.00762 -0.69011 0.72367 0.00762 -0.69011 0.72367 0.00762 -0.69011 0.72367 0.00762 -0.69011 0.72367 0.00762 -0.69011 0.72367 0.00762 -0.69011 0.72367 0.00762 -0.69011 0.72367 0.00762 -0.69011 0.72367 0.00762 -0.69011 0.72367 0.00762 -0.69011 0.72367 0.00762 0.00438 -0.00635 0.99997 0.00438 -0.00635 0.99997 0.00438 -0.00635 0.99997 0.00438 -0.00635 0.99997 -0.72369 -0.69012 -0.00121 -0.72369 -0.69012 -0.00121 -0.72369 -0.69012 -0.00121 -0.72369 -0.69012 -0.00121 0.00438 -0.00635 0.99997 0.00438 -0.00635 0.99997 0.00438 -0.00635 0.99997 0.00438 -0.00635 0.99997 0.47448 -0.87074 0.12914 0.46479 -0.87417 0.1407 0.49375 -0.86076 0.12373 0.50222 -0.85207 0.14747 0.54981 -0.82517 0.12961 0.56329 -0.81163 0.15477 0.6138 -0.77699 0.13978 0.63285 -0.7559 0.16769 0.68414 -0.71152 0.16032 0.70138 -0.68685 0.19054 0.71579 -0.66974 0.1977 0.70718 -0.67752 0.20215 0.6982 -0.68935 0.19318 0.67842 -0.71498 0.16895 0.62629 -0.75928 0.17679 0.60691 -0.78066 0.14909 0.55547 -0.81512 0.16442 0.54219 -0.82867 0.13903 0.49381 -0.85526 0.15708 0.48839 -0.8629 0.12991 -0.69011 0.72367 0.00762 -0.69011 0.72367 0.00762 -0.69011 0.72367 0.00762 -0.69011 0.72367 0.00762 -0.69011 0.72367 0.00762 -0.69011 0.72367 0.00762 -0.69011 0.72367 0.00762 -0.69011 0.72367 0.00762 -0.69011 0.72367 0.00762 -0.69011 0.72367 0.00762 -0.69011 0.72367 0.00762 -0.69011 0.72367 0.00762 -0.69011 0.72367 0.00762 -0.69011 0.72367 0.00762 -0.69011 0.72367 0.00762 -0.69011 0.72367 0.00762 -0.69011 0.72367 0.00762 -0.69011 0.72367 0.00762 -0.69011 0.72367 0.00762 -0.69011 0.72367 0.00762 -0.69011 0.72367 0.00762 0.00438 -0.00635 0.99997 0.00438 -0.00635 0.99997 0.00438 -0.00635 0.99997 0.00438 -0.00635 0.99997 -0.72369 -0.69012 -0.00121 -0.72369 -0.69012 -0.00121 -0.72369 -0.69012 -0.00121 -0.72369 -0.69012 -0.00121 0.00438 -0.00635 0.99997 0.00438 -0.00635 0.99997 0.00438 -0.00635 0.99997 0.00438 -0.00635 0.99997 0.72369 0.69012 0.00121 0.72369 0.69012 0.00121 0.72369 0.69012 0.00121 0.72369 0.69012 0.00121 -0.00438 0.00635 -0.99997 -0.00438 0.00635 -0.99997 -0.00438 0.00635 -0.99997 -0.00438 0.00635 -0.99997 0.72369 0.69012 0.00121 0.72369 0.69012 0.00121 0.72369 0.69012 0.00121 0.72369 0.69012 0.00121 -0.00438 0.00635 -0.99997 -0.00438 0.00635 -0.99997 -0.00438 0.00635 -0.99997 -0.00438 0.00635 -0.99997 0.49819 -0.86235 0.0903 0.49067 -0.86562 0.09971 0.51491 -0.85274 0.08773 0.52535 -0.84375 0.10997 0.56653 -0.81833 0.09685 0.57938 -0.80621 0.11979 0.62201 -0.77559 0.10752 0.63736 -0.75923 0.13168 0.6798 -0.72305 0.12277 0.69509 -0.70257 0.15247 0.71409 -0.68317 0.1528 0.70827 -0.68738 0.16079 0.69267 -0.70404 0.15663 0.67464 -0.72652 0.13049 0.63167 -0.76255 0.13966 0.61622 -0.77905 0.11558 0.57301 -0.80949 0.12801 0.56039 -0.82157 0.10483 0.51872 -0.84676 0.11802 0.51086 -0.85465 0.09273 -0.69011 0.72367 0.00762 -0.69011 0.72367 0.00762 -0.69011 0.72367 0.00762 -0.69011 0.72367 0.00762 -0.69011 0.72367 0.00762 -0.69011 0.72367 0.00762 -0.69011 0.72367 0.00762 -0.69011 0.72367 0.00762 -0.69011 0.72367 0.00762 -0.69011 0.72367 0.00762 -0.69011 0.72367 0.00762 -0.69011 0.72367 0.00762 -0.69011 0.72367 0.00762 -0.69011 0.72367 0.00762 -0.69011 0.72367 0.00762 -0.69011 0.72367 0.00762 0.00438 -0.00635 0.99997 0.00438 -0.00635 0.99997 0.00438 -0.00635 0.99997 0.00438 -0.00635 0.99997 -0.72369 -0.69012 -0.00121 -0.72369 -0.69012 -0.00121 -0.72369 -0.69012 -0.00121 -0.72369 -0.69012 -0.00121 0.00438 -0.00635 0.99997 0.00438 -0.00635 0.99997 0.00438 -0.00635 0.99997 0.00438 -0.00635 0.99997 -0.00438 0.00635 -0.99997 -0.00438 0.00635 -0.99997 -0.00438 0.00635 -0.99997 -0.00438 0.00635 -0.99997 -0.00438 0.00635 -0.99997 -0.00438 0.00635 -0.99997 -0.00438 0.00635 -0.99997 -0.00438 0.00635 -0.99997 0.44679 -0.87854 0.16895 0.42887 -0.88506 0.18096 0.46159 -0.87145 0.16588 0.46451 -0.8674 0.17846 0.52434 -0.83593 0.16215 0.54086 -0.81893 0.19191 0.607 -0.77547 0.17379 0.63382 -0.74182 0.21904 0.66724 -0.71118 0.22139 0.6589 -0.71527 0.2329 0.63091 -0.7424 0.22539 0.59845 -0.77945 0.18524 0.53058 -0.82272 0.204 0.51801 -0.83839 0.16962 0.4417 -0.87746 0.18697 0.46404 -0.86655 0.18371 0.45217 -0.87499 0.17301 -0.69011 0.72367 0.00762 -0.69011 0.72367 0.00762 -0.69011 0.72367 0.00762 -0.69011 0.72367 0.00762 -0.69011 0.72367 0.00762 -0.69011 0.72367 0.00762 -0.69011 0.72367 0.00762 -0.69011 0.72367 0.00762 -0.69011 0.72367 0.00762 -0.69011 0.72367 0.00762 -0.69011 0.72367 0.00762 -0.69011 0.72367 0.00762 -0.69011 0.72367 0.00762 -0.69011 0.72367 0.00762 -0.69011 0.72367 0.00762 -0.69011 0.72367 0.00762 0.00438 -0.00635 0.99997 0.00438 -0.00635 0.99997 0.00438 -0.00635 0.99997 0.00438 -0.00635 0.99997 0.72369 0.69012 0.00121 0.72369 0.69012 0.00121 0.72369 0.69012 0.00121 0.72369 0.69012 0.00121 -0.00438 0.00635 -0.99997 -0.00438 0.00635 -0.99997 -0.00438 0.00635 -0.99997 -0.00438 0.00635 -0.99997 0.72369 0.69012 0.00121 0.72369 0.69012 0.00121 0.72369 0.69012 0.00121 0.72369 0.69012 0.00121 0.38697 -0.89681 0.21443 0.35502 -0.90649 0.22853 0.40149 -0.89163 0.20928 0.40165 -0.87895 0.25716 0.46965 -0.8588 0.20466 0.45469 -0.85981 0.23235 0.39094 -0.87949 0.27142 0.38474 -0.89669 0.21891 -0.69011 0.72367 0.00762 -0.69011 0.72367 0.00762 -0.69011 0.72367 0.00762 -0.69011 0.72367 0.00762 -0.69011 0.72367 0.00762 -0.69011 0.72367 0.00762 -0.69011 0.72367 0.00762 -0.69011 0.72367 0.00762 0.00438 -0.00635 0.99997 0.00438 -0.00635 0.99997 0.00438 -0.00635 0.99997 0.00438 -0.00635 0.99997 0.69011 -0.72367 -0.00762 0.69011 -0.72367 -0.00762 0.69011 -0.72367 -0.00762 0.69011 -0.72367 -0.00762 0.69011 -0.72367 -0.00762 0.69011 -0.72367 -0.00762 0.69011 -0.72367 -0.00762 0.69011 -0.72367 -0.00762 0.69011 -0.72367 -0.00762 0.69011 -0.72367 -0.00762 0.69011 -0.72367 -0.00762 0.69011 -0.72367 -0.00762 0.69011 -0.72367 -0.00762 0.69011 -0.72367 -0.00762 0.69011 -0.72367 -0.00762 0.69011 -0.72367 -0.00762 0.69011 -0.72367 -0.00762 0.69011 -0.72367 -0.00762 0.69011 -0.72367 -0.00762 0.69011 -0.72367 -0.00762 0.69011 -0.72367 -0.00762 0.69011 -0.72367 -0.00762 0.69011 -0.72367 -0.00762 0.69011 -0.72367 -0.00762 -0.00438 0.00635 -0.99997 -0.00438 0.00635 -0.99997 -0.00438 0.00635 -0.99997 -0.00438 0.00635 -0.99997 0.72369 0.69012 0.00121 0.72369 0.69012 0.00121 0.72369 0.69012 0.00121 0.72369 0.69012 0.00121 -0.00438 0.00635 -0.99997 -0.00438 0.00635 -0.99997 -0.00438 0.00635 -0.99997 -0.00438 0.00635 -0.99997 0.72369 0.69012 0.00121 0.72369 0.69012 0.00121 0.72369 0.69012 0.00121 0.72369 0.69012 0.00121 -0.00438 0.00635 -0.99997 -0.00438 0.00635 -0.99997 -0.00438 0.00635 -0.99997 -0.00438 0.00635 -0.99997 0.72369 0.69012 0.00121 0.72369 0.69012 0.00121 0.72369 0.69012 0.00121 0.72369 0.69012 0.00121 -0.00438 0.00635 -0.99997 -0.00438 0.00635 -0.99997 -0.00438 0.00635 -0.99997 -0.00438 0.00635 -0.99997 0.72369 0.69012 0.00121 0.72369 0.69012 0.00121 0.72369 0.69012 0.00121 0.72369 0.69012 0.00121 -0.72369 -0.69012 -0.00121 -0.72369 -0.69012 -0.00121 -0.72369 -0.69012 -0.00121 -0.72369 -0.69012 -0.00121 0.00438 -0.00635 0.99997 0.00438 -0.00635 0.99997 0.00438 -0.00635 0.99997 0.00438 -0.00635 0.99997 -0.72369 -0.69012 -0.00121 -0.72369 -0.69012 -0.00121 -0.72369 -0.69012 -0.00121 -0.72369 -0.69012 -0.00121 0.00438 -0.00635 0.99997 0.00438 -0.00635 0.99997 0.00438 -0.00635 0.99997 0.00438 -0.00635 0.99997 -0.72369 -0.69012 -0.00121 -0.72369 -0.69012 -0.00121 -0.72369 -0.69012 -0.00121 -0.72369 -0.69012 -0.00121 0.00438 -0.00635 0.99997 0.00438 -0.00635 0.99997 0.00438 -0.00635 0.99997 0.00438 -0.00635 0.99997 -0.72369 -0.69012 -0.00121 -0.72369 -0.69012 -0.00121 -0.72369 -0.69012 -0.00121 -0.72369 -0.69012 -0.00121 -0.75262 0.6573 -0.03896 -0.76764 0.63949 -0.04213 -0.73409 0.67893 -0.01266 -0.69995 0.71397 -0.0178 -0.68333 0.7301 0.00464 -0.64718 0.76234 -0.00268 -0.63066 0.77582 0.01941 -0.59319 0.80499 0.01126 -0.57693 0.81611 0.03328 -0.53928 0.84174 0.02559 -0.52102 0.85178 0.05484 -0.49824 0.86573 0.04768 -0.50159 0.86331 0.05568 -0.52289 0.85036 0.05889 -0.54387 0.83855 0.03208 -0.58122 0.81277 0.0398 -0.59768 0.80153 0.01801 -0.6348 0.77223 0.02616 -0.65135 0.75877 0.00406 -0.68717 0.72641 0.01129 -0.70368 0.71043 -0.01134 -0.73754 0.67528 -0.00638 -0.75395 0.65598 -0.03551 -0.77075 0.63616 -0.03519 0.69011 -0.72367 -0.00762 0.69011 -0.72367 -0.00762 0.69011 -0.72367 -0.00762 0.69011 -0.72367 -0.00762 0.69011 -0.72367 -0.00762 0.69011 -0.72367 -0.00762 0.69011 -0.72367 -0.00762 0.69011 -0.72367 -0.00762 0.69011 -0.72367 -0.00762 0.69011 -0.72367 -0.00762 0.69011 -0.72367 -0.00762 0.69011 -0.72367 -0.00762 0.69011 -0.72367 -0.00762 0.69011 -0.72367 -0.00762 0.69011 -0.72367 -0.00762 0.69011 -0.72367 -0.00762 0.69011 -0.72367 -0.00762 0.69011 -0.72367 -0.00762 0.69011 -0.72367 -0.00762 0.69011 -0.72367 -0.00762 0.69011 -0.72367 -0.00762 0.69011 -0.72367 -0.00762 0.69011 -0.72367 -0.00762 -0.72369 -0.69012 -0.00121 -0.72369 -0.69012 -0.00121 -0.72369 -0.69012 -0.00121 -0.72369 -0.69012 -0.00121 0.00438 -0.00635 0.99997 0.00438 -0.00635 0.99997 0.00438 -0.00635 0.99997 0.00438 -0.00635 0.99997 -0.72369 -0.69012 -0.00121 -0.72369 -0.69012 -0.00121 -0.72369 -0.69012 -0.00121 -0.72369 -0.69012 -0.00121 0.00438 -0.00635 0.99997 0.00438 -0.00635 0.99997 0.00438 -0.00635 0.99997 0.00438 -0.00635 0.99997 -0.72369 -0.69012 -0.00121 -0.72369 -0.69012 -0.00121 -0.72369 -0.69012 -0.00121 -0.72369 -0.69012 -0.00121 0.00438 -0.00635 0.99997 0.00438 -0.00635 0.99997 0.00438 -0.00635 0.99997 0.00438 -0.00635 0.99997 -0.72369 -0.69012 -0.00121 -0.72369 -0.69012 -0.00121 -0.72369 -0.69012 -0.00121 -0.72369 -0.69012 -0.00121 -0.00438 0.00635 -0.99997 -0.00438 0.00635 -0.99997 -0.00438 0.00635 -0.99997 -0.00438 0.00635 -0.99997 0.72369 0.69012 0.00121 0.72369 0.69012 0.00121 0.72369 0.69012 0.00121 0.72369 0.69012 0.00121 -0.00438 0.00635 -0.99997 -0.00438 0.00635 -0.99997 -0.00438 0.00635 -0.99997 -0.00438 0.00635 -0.99997 0.72369 0.69012 0.00121 0.72369 0.69012 0.00121 0.72369 0.69012 0.00121 0.72369 0.69012 0.00121 -0.00438 0.00635 -0.99997 -0.00438 0.00635 -0.99997 -0.00438 0.00635 -0.99997 -0.00438 0.00635 -0.99997 0.72369 0.69012 0.00121 0.72369 0.69012 0.00121 0.72369 0.69012 0.00121 0.72369 0.69012 0.00121 0.72369 0.69012 0.00121 0.72369 0.69012 0.00121 0.72369 0.69012 0.00121 0.72369 0.69012 0.00121 -0.00438 0.00635 -0.99997 -0.00438 0.00635 -0.99997 -0.00438 0.00635 -0.99997 -0.00438 0.00635 -0.99997 0.72369 0.69012 0.00121 0.72369 0.69012 0.00121 0.72369 0.69012 0.00121 0.72369 0.69012 0.00121 -0.51993 0.85376 0.02756 -0.49371 0.86945 0.01753 -0.54057 0.8413 -0.00254 -0.57961 0.81486 0.00771 -0.59541 0.80329 -0.01456 -0.63481 0.77265 -0.00475 -0.65187 0.75782 -0.02777 -0.69051 0.72305 -0.01993 -0.70859 0.70424 -0.04413 -0.74563 0.66516 -0.03997 -0.76287 0.64278 -0.06967 -0.77892 0.6229 -0.07271 -0.77514 0.6268 -0.07923 -0.76145 0.64412 -0.07282 -0.742 0.66879 -0.0465 -0.70459 0.70778 -0.05097 -0.68633 0.72679 -0.02697 -0.64726 0.76147 -0.03499 -0.6302 0.77634 -0.01199 -0.59033 0.80686 -0.02188 -0.57472 0.81835 0.00061 -0.53529 0.84461 -0.00962 -0.51685 0.85574 0.02409 -0.49047 0.87142 0.00802 0.69011 -0.72367 -0.00762 0.69011 -0.72367 -0.00762 0.69011 -0.72367 -0.00762 0.69011 -0.72367 -0.00762 0.69011 -0.72367 -0.00762 0.69011 -0.72367 -0.00762 0.69011 -0.72367 -0.00762 0.69011 -0.72367 -0.00762 0.69011 -0.72367 -0.00762 0.69011 -0.72367 -0.00762 0.69011 -0.72367 -0.00762 0.69011 -0.72367 -0.00762 0.69011 -0.72367 -0.00762 0.69011 -0.72367 -0.00762 0.69011 -0.72367 -0.00762 0.69011 -0.72367 -0.00762 0.69011 -0.72367 -0.00762 0.69011 -0.72367 -0.00762 0.69011 -0.72367 -0.00762 0.69011 -0.72367 -0.00762 0.00438 -0.00635 0.99997 0.00438 -0.00635 0.99997 0.00438 -0.00635 0.99997 0.00438 -0.00635 0.99997 0.00438 -0.00635 0.99997 0.00438 -0.00635 0.99997 0.00438 -0.00635 0.99997 0.00438 -0.00635 0.99997 0.00438 -0.00635 0.99997 0.00438 -0.00635 0.99997 0.00438 -0.00635 0.99997 0.00438 -0.00635 0.99997 -0.72369 -0.69012 -0.00121 -0.72369 -0.69012 -0.00121 -0.72369 -0.69012 -0.00121 -0.72369 -0.69012 -0.00121 0.00438 -0.00635 0.99997 0.00438 -0.00635 0.99997 0.00438 -0.00635 0.99997 0.00438 -0.00635 0.99997 -0.72369 -0.69012 -0.00121 -0.72369 -0.69012 -0.00121 -0.72369 -0.69012 -0.00121 -0.72369 -0.69012 -0.00121 0.00438 -0.00635 0.99997 0.00438 -0.00635 0.99997 0.00438 -0.00635 0.99997 0.00438 -0.00635 0.99997 -0.72369 -0.69012 -0.00121 -0.72369 -0.69012 -0.00121 -0.72369 -0.69012 -0.00121 -0.72369 -0.69012 -0.00121 0.00438 -0.00635 0.99997 0.00438 -0.00635 0.99997 0.00438 -0.00635 0.99997 0.00438 -0.00635 0.99997 -0.72369 -0.69012 -0.00121 -0.72369 -0.69012 -0.00121 -0.72369 -0.69012 -0.00121 -0.72369 -0.69012 -0.00121 0.00199 0.01243 -0.99992 0.00199 0.01243 -0.99992 0.00199 0.01243 -0.99992 0.00199 0.01243 -0.99992 0.72369 0.69012 0.00121 0.72369 0.69012 0.00121 0.72369 0.69012 0.00121 0.72369 0.69012 0.00121 -0.00438 0.00635 -0.99997 -0.00438 0.00635 -0.99997 -0.00438 0.00635 -0.99997 -0.00438 0.00635 -0.99997 0.72369 0.69012 0.00121 0.72369 0.69012 0.00121 0.72369 0.69012 0.00121 0.72369 0.69012 0.00121 -0.00438 0.00635 -0.99997 -0.00438 0.00635 -0.99997 -0.00438 0.00635 -0.99997 -0.00438 0.00635 -0.99997 0.72369 0.69012 0.00121 0.72369 0.69012 0.00121 0.72369 0.69012 0.00121 0.72369 0.69012 0.00121 -0.00438 0.00635 -0.99997 -0.00438 0.00635 -0.99997 -0.00438 0.00635 -0.99997 -0.00438 0.00635 -0.99997 -0.50616 0.85351 0.12381 -0.4902 0.86201 0.12904 -0.52914 0.84251 0.10093 -0.56868 0.81584 0.10487 -0.58916 0.80381 0.08232 -0.62661 0.7743 0.08845 -0.64467 0.76157 0.06641 -0.67928 0.73022 0.07317 -0.69526 0.71692 0.05146 -0.72676 0.68448 0.05756 -0.74019 0.67161 0.03252 -0.75477 0.65507 0.03468 -0.75128 0.6594 0.02758 -0.73843 0.6737 0.02905 -0.72348 0.68843 0.05132 -0.69179 0.72069 0.04515 -0.67576 0.7341 0.06668 -0.64094 0.76524 0.05997 -0.62297 0.77794 0.082 -0.5853 0.80724 0.07604 -0.5651 0.81908 0.09883 -0.52538 0.84553 0.09514 -0.50453 0.85487 0.12102 -0.48627 0.86505 0.12343 0.69011 -0.72367 -0.00762 0.69011 -0.72367 -0.00762 0.69011 -0.72367 -0.00762 0.69011 -0.72367 -0.00762 0.69011 -0.72367 -0.00762 0.69011 -0.72367 -0.00762 0.69011 -0.72367 -0.00762 0.69011 -0.72367 -0.00762 0.69011 -0.72367 -0.00762 0.69011 -0.72367 -0.00762 0.69011 -0.72367 -0.00762 0.69011 -0.72367 -0.00762 0.69011 -0.72367 -0.00762 0.69011 -0.72367 -0.00762 0.69011 -0.72367 -0.00762 0.69011 -0.72367 -0.00762 0.69011 -0.72367 -0.00762 0.72369 0.69012 0.00121 0.72369 0.69012 0.00121 0.72369 0.69012 0.00121 0.72369 0.69012 0.00121 -0.00438 0.00635 -0.99997 -0.00438 0.00635 -0.99997 -0.00438 0.00635 -0.99997 -0.00438 0.00635 -0.99997 0.72369 0.69012 0.00121 0.72369 0.69012 0.00121 0.72369 0.69012 0.00121 0.72369 0.69012 0.00121 -0.00438 0.00635 -0.99997 -0.00438 0.00635 -0.99997 -0.00438 0.00635 -0.99997 -0.00438 0.00635 -0.99997 0.72369 0.69012 0.00121 0.72369 0.69012 0.00121 0.72369 0.69012 0.00121 0.72369 0.69012 0.00121 -0.00438 0.00635 -0.99997 -0.00438 0.00635 -0.99997 -0.00438 0.00635 -0.99997 -0.00438 0.00635 -0.99997 0.00438 -0.00635 0.99997 0.00438 -0.00635 0.99997 0.00438 -0.00635 0.99997 0.00438 -0.00635 0.99997 -0.72369 -0.69012 -0.00121 -0.72369 -0.69012 -0.00121 -0.72369 -0.69012 -0.00121 -0.72369 -0.69012 -0.00121 0.00438 -0.00635 0.99997 0.00438 -0.00635 0.99997 0.00438 -0.00635 0.99997 0.00438 -0.00635 0.99997 -0.72369 -0.69012 -0.00121 -0.72369 -0.69012 -0.00121 -0.72369 -0.69012 -0.00121 -0.72369 -0.69012 -0.00121 0.00438 -0.00635 0.99997 0.00438 -0.00635 0.99997 0.00438 -0.00635 0.99997 0.00438 -0.00635 0.99997 -0.72369 -0.69012 -0.00121 -0.72369 -0.69012 -0.00121 -0.72369 -0.69012 -0.00121 -0.72369 -0.69012 -0.00121 0.00438 -0.00635 0.99997 0.00438 -0.00635 0.99997 0.00438 -0.00635 0.99997 0.00438 -0.00635 0.99997 -0.72369 -0.69012 -0.00121 -0.72369 -0.69012 -0.00121 -0.72369 -0.69012 -0.00121 -0.72369 -0.69012 -0.00121 -0.00438 0.00635 -0.99997 -0.00438 0.00635 -0.99997 -0.00438 0.00635 -0.99997 -0.00438 0.00635 -0.99997 -0.67131 0.72163 0.16911 -0.69854 0.70154 0.14101 -0.62637 0.7636 0.15677 -0.59879 0.77941 0.1843 -0.5422 0.82164 0.17589 -0.50772 0.8381 0.19952 -0.46666 0.85944 0.20878 -0.42937 0.87172 0.23612 -0.39612 0.88431 0.24714 -0.39969 0.88105 0.25299 -0.42971 0.87107 0.23788 -0.47614 0.8536 0.21131 -0.51775 0.83126 0.20235 -0.54658 0.81694 0.18402 -0.60312 0.77385 0.1934 -0.63085 0.75805 0.16549 -0.67566 0.71533 0.17828 -0.70345 0.69862 0.1307 -0.70909 0.68995 0.14546 -0.70435 0.69202 0.15814 0.69011 -0.72367 -0.00762 0.69011 -0.72367 -0.00762 0.69011 -0.72367 -0.00762 0.69011 -0.72367 -0.00762 0.69011 -0.72367 -0.00762 0.69011 -0.72367 -0.00762 0.69011 -0.72367 -0.00762 0.69011 -0.72367 -0.00762 0.69011 -0.72367 -0.00762 0.69011 -0.72367 -0.00762 0.69011 -0.72367 -0.00762 0.69011 -0.72367 -0.00762 0.69011 -0.72367 -0.00762 0.69011 -0.72367 -0.00762 0.69011 -0.72367 -0.00762 0.69011 -0.72367 -0.00762 0.69011 -0.72367 -0.00762 0.69011 -0.72367 -0.00762 0.69011 -0.72367 -0.00762 0.69011 -0.72367 -0.00762 0.69011 -0.72367 -0.00762 -0.00526 0.00551 -0.99997 -0.00526 0.00551 -0.99997 -0.00526 0.00551 -0.99997 -0.00526 0.00551 -0.99997 0.72369 0.69012 0.00121 0.72369 0.69012 0.00121 0.72369 0.69012 0.00121 0.72369 0.69012 0.00121 -0.00438 0.00635 -0.99997 -0.00438 0.00635 -0.99997 -0.00438 0.00635 -0.99997 -0.00438 0.00635 -0.99997 0.72369 0.69012 0.00121 0.72369 0.69012 0.00121 0.72369 0.69012 0.00121 0.72369 0.69012 0.00121 -0.00438 0.00635 -0.99997 -0.00438 0.00635 -0.99997 -0.00438 0.00635 -0.99997 -0.00438 0.00635 -0.99997 0.72369 0.69012 0.00121 0.72369 0.69012 0.00121 0.72369 0.69012 0.00121 0.72369 0.69012 0.00121 -0.00438 0.00635 -0.99997 -0.00438 0.00635 -0.99997 -0.00438 0.00635 -0.99997 -0.00438 0.00635 -0.99997 0.72369 0.69012 0.00121 0.72369 0.69012 0.00121 0.72369 0.69012 0.00121 0.72369 0.69012 0.00121 -0.00438 0.00635 -0.99997 -0.00438 0.00635 -0.99997 -0.00438 0.00635 -0.99997 -0.00438 0.00635 -0.99997 0.72369 0.69012 0.00121 0.72369 0.69012 0.00121 0.72369 0.69012 0.00121 0.72369 0.69012 0.00121 -0.72369 -0.69012 -0.00121 -0.72369 -0.69012 -0.00121 -0.72369 -0.69012 -0.00121 -0.72369 -0.69012 -0.00121 0.00438 -0.00635 0.99997 0.00438 -0.00635 0.99997 0.00438 -0.00635 0.99997 0.00438 -0.00635 0.99997 -0.72369 -0.69012 -0.00121 -0.72369 -0.69012 -0.00121 -0.72369 -0.69012 -0.00121 -0.72369 -0.69012 -0.00121 0.00438 -0.00635 0.99997 0.00438 -0.00635 0.99997 0.00438 -0.00635 0.99997 0.00438 -0.00635 0.99997 -0.72369 -0.69012 -0.00121 -0.72369 -0.69012 -0.00121 -0.72369 -0.69012 -0.00121 -0.72369 -0.69012 -0.00121 0.00438 -0.00635 0.99997 0.00438 -0.00635 0.99997 0.00438 -0.00635 0.99997 0.00438 -0.00635 0.99997 -0.72369 -0.69012 -0.00121 -0.72369 -0.69012 -0.00121 -0.72369 -0.69012 -0.00121 -0.72369 -0.69012 -0.00121 -0.73414 0.6716 0.09994 -0.74348 0.66156 0.09784 -0.72266 0.68087 0.11913 -0.68939 0.71598 0.11006 -0.67175 0.72873 0.13305 -0.63255 0.76447 0.12439 -0.60948 0.7787 0.14886 -0.56339 0.81375 0.14282 -0.53618 0.82779 0.16517 -0.49452 0.85216 0.17111 -0.46382 0.86353 0.19795 -0.43839 0.87483 0.2061 -0.44228 0.87158 0.21151 -0.46488 0.86252 0.19986 -0.50072 0.84763 0.17548 -0.54224 0.82279 0.17029 -0.56726 0.80981 0.14975 -0.61323 0.77428 0.15632 -0.63643 0.76001 0.13169 -0.6755 0.72383 0.14061 -0.69308 0.71126 0.11725 -0.7262 0.67577 0.12639 -0.73672 0.6682 0.10373 -0.74906 0.65417 0.10473 0.69011 -0.72367 -0.00762 0.69011 -0.72367 -0.00762 0.69011 -0.72367 -0.00762 0.69011 -0.72367 -0.00762 0.69011 -0.72367 -0.00762 0.69011 -0.72367 -0.00762 0.69011 -0.72367 -0.00762 0.69011 -0.72367 -0.00762 0.69011 -0.72367 -0.00762 0.69011 -0.72367 -0.00762 0.72369 0.69012 0.00121 0.72369 0.69012 0.00121 0.72369 0.69012 0.00121 0.72369 0.69012 0.00121 -0.00438 0.00635 -0.99997 -0.00438 0.00635 -0.99997 -0.00438 0.00635 -0.99997 -0.00438 0.00635 -0.99997 0.72369 0.69012 0.00121 0.72369 0.69012 0.00121 0.72369 0.69012 0.00121 0.72369 0.69012 0.00121 0.00438 -0.00635 0.99997 0.00438 -0.00635 0.99997 0.00438 -0.00635 0.99997 0.00438 -0.00635 0.99997 -0.72369 -0.69012 -0.00121 -0.72369 -0.69012 -0.00121 -0.72369 -0.69012 -0.00121 -0.72369 -0.69012 -0.00121 0.00438 -0.00635 0.99997 0.00438 -0.00635 0.99997 0.00438 -0.00635 0.99997 0.00438 -0.00635 0.99997 -0.72369 -0.69012 -0.00121 -0.72369 -0.69012 -0.00121 -0.72369 -0.69012 -0.00121 -0.72369 -0.69012 -0.00121 0.00438 -0.00635 0.99997 0.00438 -0.00635 0.99997 0.00438 -0.00635 0.99997 0.00438 -0.00635 0.99997 -0.72369 -0.69012 -0.00121 -0.72369 -0.69012 -0.00121 -0.72369 -0.69012 -0.00121 -0.72369 -0.69012 -0.00121 -0.00438 0.00635 -0.99997 -0.00438 0.00635 -0.99997 -0.00438 0.00635 -0.99997 -0.00438 0.00635 -0.99997 0.72369 0.69012 0.00121 0.72369 0.69012 0.00121 0.72369 0.69012 0.00121 0.72369 0.69012 0.00121 -0.59061 0.77245 0.23343 -0.62387 0.75786 0.19087 -0.55198 0.80355 0.22279 -0.55975 0.79338 0.23923 -0.59293 0.7681 0.24177 -0.63009 0.74948 0.20314 -0.68491 0.69265 0.22611 -0.69961 0.68794 0.19306 -0.71984 0.66456 0.20048 -0.71031 0.67851 0.18733 -0.69516 0.69457 0.1853 -0.67904 0.70251 0.21305 0.69011 -0.72367 -0.00762 0.69011 -0.72367 -0.00762 0.69011 -0.72367 -0.00762 0.69011 -0.72367 -0.00762 0.69011 -0.72367 -0.00762 0.69011 -0.72367 -0.00762 0.69011 -0.72367 -0.00762 0.69011 -0.72367 -0.00762 0.69011 -0.72367 -0.00762 0.69011 -0.72367 -0.00762 0.69011 -0.72367 -0.00762 0.69011 -0.72367 -0.00762 0.69011 -0.72367 -0.00762 0.69011 -0.72367 -0.00762 0.69011 -0.72367 -0.00762 0.69011 -0.72367 -0.00762 0.69011 -0.72367 -0.00762 0.69011 -0.72367 -0.00762 0.69011 -0.72367 -0.00762 0.69011 -0.72367 -0.00762 0.69011 -0.72367 -0.00762 0.69011 -0.72367 -0.00762 -0.72369 -0.69012 -0.00121 -0.72369 -0.69012 -0.00121 -0.72369 -0.69012 -0.00121 -0.72369 -0.69012 -0.00121 0.00438 -0.00635 0.99997 0.00438 -0.00635 0.99997 0.00438 -0.00635 0.99997 0.00438 -0.00635 0.99997 -0.72369 -0.69012 -0.00121 -0.72369 -0.69012 -0.00121 -0.72369 -0.69012 -0.00121 -0.72369 -0.69012 -0.00121 0.00438 -0.00635 0.99997 0.00438 -0.00635 0.99997 0.00438 -0.00635 0.99997 0.00438 -0.00635 0.99997 -0.72369 -0.69012 -0.00121 -0.72369 -0.69012 -0.00121 -0.72369 -0.69012 -0.00121 -0.72369 -0.69012 -0.00121 0.00438 -0.00635 0.99997 0.00438 -0.00635 0.99997 0.00438 -0.00635 0.99997 0.00438 -0.00635 0.99997 -0.72369 -0.69012 -0.00121 -0.72369 -0.69012 -0.00121 -0.72369 -0.69012 -0.00121 -0.72369 -0.69012 -0.00121 0.00438 -0.00635 0.99997 0.00438 -0.00635 0.99997 0.00438 -0.00635 0.99997 0.00438 -0.00635 0.99997 -0.72369 -0.69012 -0.00121 -0.72369 -0.69012 -0.00121 -0.72369 -0.69012 -0.00121 -0.72369 -0.69012 -0.00121 0.00199 0.01243 -0.99992 0.00199 0.01243 -0.99992 0.00199 0.01243 -0.99992 0.00199 0.01243 -0.99992 0.72369 0.69012 0.00121 0.72369 0.69012 0.00121 0.72369 0.69012 0.00121 0.72369 0.69012 0.00121 -0.00438 0.00635 -0.99997 -0.00438 0.00635 -0.99997 -0.00438 0.00635 -0.99997 -0.00438 0.00635 -0.99997 0.72369 0.69012 0.00121 0.72369 0.69012 0.00121 0.72369 0.69012 0.00121 0.72369 0.69012 0.00121 -0.00438 0.00635 -0.99997 -0.00438 0.00635 -0.99997 -0.00438 0.00635 -0.99997 -0.00438 0.00635 -0.99997 0.72369 0.69012 0.00121 0.72369 0.69012 0.00121 0.72369 0.69012 0.00121 0.72369 0.69012 0.00121 -0.00438 0.00635 -0.99997 -0.00438 0.00635 -0.99997 -0.00438 0.00635 -0.99997 -0.00438 0.00635 -0.99997 0.72369 0.69012 0.00121 0.72369 0.69012 0.00121 0.72369 0.69012 0.00121 0.72369 0.69012 0.00121 -0.52014 0.8496 0.08738 -0.50519 0.85825 0.09049 -0.53889 0.83981 0.06572 -0.57635 0.81407 0.07145 -0.59428 0.80273 0.04957 -0.6308 0.77388 0.05653 -0.64771 0.76109 0.03473 -0.68235 0.72984 0.0416 -0.69826 0.71557 0.01972 -0.73049 0.68246 0.02523 -0.74461 0.6675 -0.00062 -0.75953 0.65048 0.00043 -0.756 0.65454 -0.00647 -0.74291 0.66938 -0.00394 -0.72716 0.68621 0.01905 -0.69469 0.71918 0.01342 -0.6787 0.73357 0.03512 -0.64381 0.76466 0.02824 -0.62697 0.77744 0.05004 -0.59016 0.80613 0.04316 -0.57247 0.81732 0.06528 -0.53478 0.84288 0.05966 -0.51803 0.85121 0.08416 -0.50067 0.86153 0.08417 0.69011 -0.72367 -0.00762 0.69011 -0.72367 -0.00762 0.69011 -0.72367 -0.00762 0.69011 -0.72367 -0.00762 0.69011 -0.72367 -0.00762 0.69011 -0.72367 -0.00762 0.69011 -0.72367 -0.00762 0.69011 -0.72367 -0.00762 0.69011 -0.72367 -0.00762 0.69011 -0.72367 -0.00762 0.69011 -0.72367 -0.00762 0.69011 -0.72367 -0.00762 0.69011 -0.72367 -0.00762 0.69011 -0.72367 -0.00762 0.69011 -0.72367 -0.00762 0.69011 -0.72367 -0.00762 0.69011 -0.72367 -0.00762 0.69011 -0.72367 -0.00762 0.69011 -0.72367 -0.00762 0.69011 -0.72367 -0.00762 0.69011 -0.72367 -0.00762 0.69011 -0.72367 -0.00762 0.69011 -0.72367 -0.00762 0.69011 -0.72367 -0.00762 0.69011 -0.72367 -0.00762 -0.72369 -0.69012 -0.00121 -0.72369 -0.69012 -0.00121 -0.72369 -0.69012 -0.00121 -0.72369 -0.69012 -0.00121 0.00438 -0.00635 0.99997 0.00438 -0.00635 0.99997 0.00438 -0.00635 0.99997 0.00438 -0.00635 0.99997 -0.72369 -0.69012 -0.00121 -0.72369 -0.69012 -0.00121 -0.72369 -0.69012 -0.00121 -0.72369 -0.69012 -0.00121 0.00438 -0.00635 0.99997 0.00438 -0.00635 0.99997 0.00438 -0.00635 0.99997 0.00438 -0.00635 0.99997 0.00438 -0.00635 0.99997 0.00438 -0.00635 0.99997 0.00438 -0.00635 0.99997 0.00438 -0.00635 0.99997 -0.72369 -0.69012 -0.00121 -0.72369 -0.69012 -0.00121 -0.72369 -0.69012 -0.00121 -0.72369 -0.69012 -0.00121 0.00438 -0.00635 0.99997 0.00438 -0.00635 0.99997 0.00438 -0.00635 0.99997 0.00438 -0.00635 0.99997 0.00199 0.01243 -0.99992 0.00199 0.01243 -0.99992 0.00199 0.01243 -0.99992 0.00199 0.01243 -0.99992 0.72369 0.69012 0.00121 0.72369 0.69012 0.00121 0.72369 0.69012 0.00121 0.72369 0.69012 0.00121 -0.00438 0.00635 -0.99997 -0.00438 0.00635 -0.99997 -0.00438 0.00635 -0.99997 -0.00438 0.00635 -0.99997 0.72369 0.69012 0.00121 0.72369 0.69012 0.00121 0.72369 0.69012 0.00121 0.72369 0.69012 0.00121 -0.00438 0.00635 -0.99997 -0.00438 0.00635 -0.99997 -0.00438 0.00635 -0.99997 -0.00438 0.00635 -0.99997 -0.00438 0.00635 -0.99997 -0.00438 0.00635 -0.99997 -0.00438 0.00635 -0.99997 -0.00438 0.00635 -0.99997 0.72369 0.69012 0.00121 0.72369 0.69012 0.00121 0.72369 0.69012 0.00121 0.72369 0.69012 0.00121 -0.00438 0.00635 -0.99997 -0.00438 0.00635 -0.99997 -0.00438 0.00635 -0.99997 -0.00438 0.00635 -0.99997 0.72369 0.69012 0.00121 0.72369 0.69012 0.00121 0.72369 0.69012 0.00121 0.72369 0.69012 0.00121 -0.5127 0.84743 0.13786 -0.48273 0.86045 0.16308 -0.55714 0.81849 0.14027 -0.58171 0.80505 0.11626 -0.62202 0.77341 0.12218 -0.64208 0.76019 0.09925 -0.678 0.72729 0.10656 -0.69454 0.71449 0.08442 -0.72622 0.68134 0.09158 -0.73927 0.67011 0.06657 -0.75383 0.65334 0.06993 -0.75031 0.65814 0.06238 -0.73741 0.67252 0.0628 -0.7229 0.6857 0.08502 -0.69106 0.71859 0.07786 -0.67447 0.73153 0.09975 -0.63838 0.76413 0.09258 -0.61843 0.77732 0.11544 -0.57795 0.80865 0.10983 -0.55371 0.82185 0.13408 -0.50914 0.85048 0.13212 -0.48163 0.86151 0.16073 -0.46093 0.87172 0.16629 -0.46437 0.86892 0.1713 0.87996 -0.47499 -0.00687 0.87996 -0.47499 -0.00687 0.87996 -0.47499 -0.00687 0.87996 -0.47499 -0.00687 0.00438 -0.00635 0.99997 0.00438 -0.00635 0.99997 0.00438 -0.00635 0.99997 0.00438 -0.00635 0.99997 0.00438 -0.00635 0.99997 0.00438 -0.00635 0.99997 0.00438 -0.00635 0.99997 0.00438 -0.00635 0.99997 -0.87996 0.47499 0.00687 -0.87996 0.47499 0.00687 -0.87996 0.47499 0.00687 -0.87996 0.47499 0.00687 -0.00438 0.00635 -0.99997 -0.00438 0.00635 -0.99997 -0.00438 0.00635 -0.99997 -0.00438 0.00635 -0.99997 -0.87996 0.47499 0.00687 -0.87996 0.47499 0.00687 -0.87996 0.47499 0.00687 -0.87996 0.47499 0.00687 -0.00438 0.00635 -0.99997 -0.00438 0.00635 -0.99997 -0.00438 0.00635 -0.99997 -0.00438 0.00635 -0.99997 -0.87996 0.47499 0.00687 -0.87996 0.47499 0.00687 -0.87996 0.47499 0.00687 -0.87996 0.47499 0.00687 -0.00438 0.00635 -0.99997 -0.00438 0.00635 -0.99997 -0.00438 0.00635 -0.99997 -0.00438 0.00635 -0.99997 -0.00438 0.00635 -0.99997 -0.00438 0.00635 -0.99997 -0.00438 0.00635 -0.99997 -0.00438 0.00635 -0.99997 -0.87996 0.47499 0.00687 -0.87996 0.47499 0.00687 -0.87996 0.47499 0.00687 -0.87996 0.47499 0.00687 0.47502 0.87997 0.0035 0.47502 0.87997 0.0035 0.47502 0.87997 0.0035 0.47502 0.87997 0.0035 0.47502 0.87997 0.0035 0.47502 0.87997 0.0035 0.47502 0.87997 0.0035 0.47502 0.87997 0.0035 0.47502 0.87997 0.0035 0.47502 0.87997 0.0035 0.47502 0.87997 0.0035 0.47502 0.87997 0.0035 0.47502 0.87997 0.0035 0.47502 0.87997 0.0035 0.47502 0.87997 0.0035 0.47502 0.87997 0.0035 0.47502 0.87997 0.0035 0.47502 0.87997 0.0035 0.47502 0.87997 0.0035 0.47502 0.87997 0.0035 -0.23246 -0.97112 -0.05367 -0.23547 -0.96999 -0.06057 -0.26263 -0.96333 -0.05495 -0.29236 -0.9561 -0.02002 -0.33925 -0.94037 -0.02465 -0.36079 -0.93265 -0.00151 -0.40566 -0.91398 -0.00878 -0.4245 -0.90533 0.01338 -0.46671 -0.8844 0.00488 -0.48317 -0.87513 0.0263 -0.52221 -0.85263 0.01773 -0.53813 -0.8419 0.04039 -0.55531 -0.83073 0.0389 -0.56028 -0.82773 0.03077 -0.54066 -0.84046 0.0362 -0.52711 -0.84973 0.01102 -0.48814 -0.87255 0.01961 -0.47178 -0.88172 -0.00201 -0.42961 -0.90299 0.00657 -0.41072 -0.91163 -0.0156 -0.36589 -0.93062 -0.00814 -0.34409 -0.93842 -0.0311 -0.29722 -0.95445 -0.02615 -0.26401 -0.96276 -0.05828 -0.87996 0.47499 0.00687 -0.87996 0.47499 0.00687 -0.87996 0.47499 0.00687 -0.87996 0.47499 0.00687 -0.00438 0.00635 -0.99997 -0.00438 0.00635 -0.99997 -0.00438 0.00635 -0.99997 -0.00438 0.00635 -0.99997 -0.87996 0.47499 0.00687 -0.87996 0.47499 0.00687 -0.87996 0.47499 0.00687 -0.87996 0.47499 0.00687 -0.00438 0.00635 -0.99997 -0.00438 0.00635 -0.99997 -0.00438 0.00635 -0.99997 -0.00438 0.00635 -0.99997 -0.00438 0.00635 -0.99997 -0.00438 0.00635 -0.99997 -0.00438 0.00635 -0.99997 -0.00438 0.00635 -0.99997 -0.00438 0.00635 -0.99997 -0.00438 0.00635 -0.99997 -0.00438 0.00635 -0.99997 -0.00438 0.00635 -0.99997 -0.87996 0.47499 0.00687 -0.87996 0.47499 0.00687 -0.87996 0.47499 0.00687 -0.87996 0.47499 0.00687 0.87996 -0.47499 -0.00687 0.87996 -0.47499 -0.00687 0.87996 -0.47499 -0.00687 0.87996 -0.47499 -0.00687 0.00438 -0.00635 0.99997 0.00438 -0.00635 0.99997 0.00438 -0.00635 0.99997 0.00438 -0.00635 0.99997 0.00438 -0.00635 0.99997 0.00438 -0.00635 0.99997 0.00438 -0.00635 0.99997 0.00438 -0.00635 0.99997 0.47502 0.87997 0.0035 0.47502 0.87997 0.0035 0.47502 0.87997 0.0035 0.47502 0.87997 0.0035 0.47502 0.87997 0.0035 0.47502 0.87997 0.0035 0.47502 0.87997 0.0035 0.47502 0.87997 0.0035 0.47502 0.87997 0.0035 0.47502 0.87997 0.0035 0.47502 0.87997 0.0035 0.47502 0.87997 0.0035 0.47502 0.87997 0.0035 0.47502 0.87997 0.0035 0.47502 0.87997 0.0035 0.47502 0.87997 0.0035 0.47502 0.87997 0.0035 0.47502 0.87997 0.0035 0.47502 0.87997 0.0035 -0.56563 -0.82465 -0.00345 -0.56014 -0.82838 0.00538 -0.54581 -0.8379 0.00311 -0.53281 -0.84594 -0.02211 -0.4925 -0.87023 -0.01195 -0.47531 -0.87915 -0.03422 -0.43077 -0.90212 -0.02467 -0.40964 -0.91099 -0.04787 -0.36104 -0.93169 -0.04014 -0.33508 -0.93997 -0.06467 -0.28258 -0.95734 -0.06047 -0.2573 -0.96299 -0.08031 -0.19581 -0.97619 -0.09336 -0.22172 -0.97168 -0.08176 -0.20171 -0.97576 -0.08485 -0.24811 -0.96579 -0.07545 -0.27775 -0.95912 -0.05422 -0.33021 -0.94213 -0.05792 -0.35588 -0.93394 -0.03324 -0.40446 -0.91365 -0.04066 -0.42552 -0.90478 -0.01751 -0.47005 -0.88223 -0.02691 -0.48732 -0.87321 -0.00485 -0.52767 -0.84932 -0.01493 -0.54296 -0.83972 0.00763 0.87996 -0.47499 -0.00687 0.87996 -0.47499 -0.00687 0.87996 -0.47499 -0.00687 0.87996 -0.47499 -0.00687 0.00438 -0.00635 0.99997 0.00438 -0.00635 0.99997 0.00438 -0.00635 0.99997 0.00438 -0.00635 0.99997 -0.00438 0.00635 -0.99997 -0.00438 0.00635 -0.99997 -0.00438 0.00635 -0.99997 -0.00438 0.00635 -0.99997 -0.00438 0.00635 -0.99997 -0.00438 0.00635 -0.99997 -0.00438 0.00635 -0.99997 -0.00438 0.00635 -0.99997 -0.87996 0.47499 0.00687 -0.87996 0.47499 0.00687 -0.87996 0.47499 0.00687 -0.87996 0.47499 0.00687 -0.00438 0.00635 -0.99997 -0.00438 0.00635 -0.99997 -0.00438 0.00635 -0.99997 -0.00438 0.00635 -0.99997 -0.00438 0.00635 -0.99997 -0.00438 0.00635 -0.99997 -0.00438 0.00635 -0.99997 -0.00438 0.00635 -0.99997 -0.87996 0.47499 0.00687 -0.87996 0.47499 0.00687 -0.87996 0.47499 0.00687 -0.87996 0.47499 0.00687 0.47502 0.87997 0.0035 0.47502 0.87997 0.0035 0.47502 0.87997 0.0035 0.47502 0.87997 0.0035 0.47502 0.87997 0.0035 0.47502 0.87997 0.0035 0.47502 0.87997 0.0035 0.47502 0.87997 0.0035 0.47502 0.87997 0.0035 0.47502 0.87997 0.0035 0.47502 0.87997 0.0035 0.47502 0.87997 0.0035 0.47502 0.87997 0.0035 0.47502 0.87997 0.0035 0.47502 0.87997 0.0035 0.47502 0.87997 0.0035 0.47502 0.87997 0.0035 0.47502 0.87997 0.0035 0.47502 0.87997 0.0035 -0.24669 -0.969 -0.01353 -0.24996 -0.96803 -0.02088 -0.27482 -0.96132 -0.01831 -0.29918 -0.95409 0.01421 -0.34302 -0.93929 0.00834 -0.36167 -0.9318 0.03063 -0.4048 -0.91412 0.02296 -0.42223 -0.90539 0.04468 -0.46373 -0.88523 0.03647 -0.47999 -0.87537 0.05779 -0.51905 -0.85326 0.05024 -0.53419 -0.84235 0.07134 -0.54902 -0.83266 0.07249 -0.55455 -0.82958 0.06527 -0.53685 -0.84097 0.06758 -0.52386 -0.85068 0.04375 -0.48491 -0.87306 0.05127 -0.46878 -0.88281 0.02974 -0.42739 -0.90327 0.03796 -0.40993 -0.91197 0.01624 -0.3669 -0.92995 0.02402 -0.34801 -0.93749 0.00193 -0.30426 -0.95256 0.00799 -0.2766 -0.96073 -0.02199 0.87996 -0.47499 -0.00687 0.87996 -0.47499 -0.00687 0.87996 -0.47499 -0.00687 0.87996 -0.47499 -0.00687 0.00438 -0.00635 0.99997 0.00438 -0.00635 0.99997 0.00438 -0.00635 0.99997 0.00438 -0.00635 0.99997 -0.00438 0.00635 -0.99997 -0.00438 0.00635 -0.99997 -0.00438 0.00635 -0.99997 -0.00438 0.00635 -0.99997 -0.87996 0.47499 0.00687 -0.87996 0.47499 0.00687 -0.87996 0.47499 0.00687 -0.87996 0.47499 0.00687 -0.00438 0.00635 -0.99997 -0.00438 0.00635 -0.99997 -0.00438 0.00635 -0.99997 -0.00438 0.00635 -0.99997 -0.00438 0.00635 -0.99997 -0.00438 0.00635 -0.99997 -0.00438 0.00635 -0.99997 -0.00438 0.00635 -0.99997 -0.00438 0.00635 -0.99997 -0.00438 0.00635 -0.99997 -0.00438 0.00635 -0.99997 -0.00438 0.00635 -0.99997 -0.87996 0.47499 0.00687 -0.87996 0.47499 0.00687 -0.87996 0.47499 0.00687 -0.87996 0.47499 0.00687 0.47502 0.87997 0.0035 0.47502 0.87997 0.0035 0.47502 0.87997 0.0035 0.47502 0.87997 0.0035 0.47502 0.87997 0.0035 0.47502 0.87997 0.0035 0.47502 0.87997 0.0035 0.47502 0.87997 0.0035 0.47502 0.87997 0.0035 0.47502 0.87997 0.0035 0.47502 0.87997 0.0035 0.47502 0.87997 0.0035 0.47502 0.87997 0.0035 0.47502 0.87997 0.0035 0.47502 0.87997 0.0035 0.47502 0.87997 0.0035 0.47502 0.87997 0.0035 0.47502 0.87997 0.0035 0.47502 0.87997 0.0035 -0.25103 -0.96764 0.02579 -0.25471 -0.96685 0.01775 -0.27857 -0.96026 0.01754 -0.29904 -0.95299 0.04883 -0.34182 -0.93886 0.04132 -0.3585 -0.93138 0.06331 -0.40168 -0.91414 0.05474 -0.41849 -0.90499 0.07654 -0.46089 -0.88483 0.06822 -0.47779 -0.87385 0.09005 -0.51832 -0.85111 0.08338 -0.53135 -0.84112 0.10092 -0.54016 -0.83498 0.10504 -0.54815 -0.83036 0.10017 -0.53482 -0.83925 0.09814 -0.52315 -0.84876 0.07691 -0.48279 -0.87175 0.08348 -0.46609 -0.8826 0.06142 -0.42388 -0.90304 0.06968 -0.40705 -0.91215 0.04787 -0.36407 -0.92966 0.05647 -0.34716 -0.93716 0.0347 -0.30454 -0.95156 0.04231 -0.28078 -0.95968 0.01342 0.87996 -0.47499 -0.00687 0.87996 -0.47499 -0.00687 0.87996 -0.47499 -0.00687 0.87996 -0.47499 -0.00687 0.00438 -0.00635 0.99997 0.00438 -0.00635 0.99997 0.00438 -0.00635 0.99997 0.00438 -0.00635 0.99997 0.00438 -0.00635 0.99997 0.00438 -0.00635 0.99997 0.00438 -0.00635 0.99997 0.00438 -0.00635 0.99997 -0.87996 0.47499 0.00687 -0.87996 0.47499 0.00687 -0.87996 0.47499 0.00687 -0.87996 0.47499 0.00687 -0.00438 0.00635 -0.99997 -0.00438 0.00635 -0.99997 -0.00438 0.00635 -0.99997 -0.00438 0.00635 -0.99997 -0.00438 0.00635 -0.99997 -0.00438 0.00635 -0.99997 -0.00438 0.00635 -0.99997 -0.00438 0.00635 -0.99997 0.47502 0.87997 0.0035 0.47502 0.87997 0.0035 0.47502 0.87997 0.0035 0.47502 0.87997 0.0035 0.47502 0.87997 0.0035 0.47502 0.87997 0.0035 0.47502 0.87997 0.0035 0.47502 0.87997 0.0035 0.47502 0.87997 0.0035 0.47502 0.87997 0.0035 0.47502 0.87997 0.0035 0.47502 0.87997 0.0035 0.47502 0.87997 0.0035 0.47502 0.87997 0.0035 -0.24597 -0.96707 0.06535 -0.25024 -0.96655 0.05628 -0.27428 -0.96018 0.0531 -0.29183 -0.95276 0.08418 -0.3355 -0.93909 0.07445 -0.351 -0.93137 0.09672 -0.39617 -0.91408 0.0867 -0.41336 -0.90399 0.10924 -0.45861 -0.88292 0.10059 -0.48423 -0.86496 0.13182 -0.51084 -0.84999 0.12871 -0.51503 -0.84873 0.12 -0.48605 -0.86463 0.12716 -0.46411 -0.88083 0.09349 -0.41915 -0.90217 0.10199 -0.402 -0.91219 0.07943 -0.35714 -0.92976 0.08939 -0.34141 -0.9375 0.06736 -0.298 -0.95145 0.07711 -0.27702 -0.95965 0.04839 0.00438 -0.00635 0.99997 0.00438 -0.00635 0.99997 0.00438 -0.00635 0.99997 0.00438 -0.00635 0.99997 0.87996 -0.47499 -0.00687 0.87996 -0.47499 -0.00687 0.87996 -0.47499 -0.00687 0.87996 -0.47499 -0.00687 0.00438 -0.00635 0.99997 0.00438 -0.00635 0.99997 0.00438 -0.00635 0.99997 0.00438 -0.00635 0.99997 -0.87996 0.47499 0.00687 -0.87996 0.47499 0.00687 -0.87996 0.47499 0.00687 -0.87996 0.47499 0.00687 -0.00438 0.00635 -0.99997 -0.00438 0.00635 -0.99997 -0.00438 0.00635 -0.99997 -0.00438 0.00635 -0.99997 -0.87996 0.47499 0.00687 -0.87996 0.47499 0.00687 -0.87996 0.47499 0.00687 -0.87996 0.47499 0.00687 -0.00438 0.00635 -0.99997 -0.00438 0.00635 -0.99997 -0.00438 0.00635 -0.99997 -0.00438 0.00635 -0.99997 -0.87996 0.47499 0.00687 -0.87996 0.47499 0.00687 -0.87996 0.47499 0.00687 -0.87996 0.47499 0.00687 -0.00438 0.00635 -0.99997 -0.00438 0.00635 -0.99997 -0.00438 0.00635 -0.99997 -0.00438 0.00635 -0.99997 -0.87996 0.47499 0.00687 -0.87996 0.47499 0.00687 -0.87996 0.47499 0.00687 -0.87996 0.47499 0.00687 -0.00438 0.00635 -0.99997 -0.00438 0.00635 -0.99997 -0.00438 0.00635 -0.99997 -0.00438 0.00635 -0.99997 0.47502 0.87997 0.0035 0.47502 0.87997 0.0035 0.47502 0.87997 0.0035 0.47502 0.87997 0.0035 0.47502 0.87997 0.0035 0.47502 0.87997 0.0035 0.47502 0.87997 0.0035 0.47502 0.87997 0.0035 0.47502 0.87997 0.0035 0.47502 0.87997 0.0035 0.47502 0.87997 0.0035 0.47502 0.87997 0.0035 0.47502 0.87997 0.0035 0.47502 0.87997 0.0035 0.47502 0.87997 0.0035 0.47502 0.87997 0.0035 -0.21698 -0.96563 0.14311 -0.22732 -0.96488 0.13162 -0.2428 -0.96099 0.13249 -0.24984 -0.95502 0.15971 -0.30365 -0.94214 0.14201 -0.31985 -0.93254 0.16751 -0.37866 -0.91287 0.15257 -0.40279 -0.89733 0.18043 -0.46481 -0.86835 0.17299 -0.49047 -0.84881 0.19738 -0.50219 -0.83976 0.20642 -0.51258 -0.83453 0.20204 -0.49422 -0.84724 0.19476 -0.4713 -0.86652 0.1644 -0.41007 -0.89581 0.17137 -0.38634 -0.91115 0.14331 -0.32838 -0.93125 0.15792 -0.31198 -0.94078 0.13266 -0.25887 -0.95417 0.15015 -0.24856 -0.96034 0.12635 0.00438 -0.00635 0.99997 0.00438 -0.00635 0.99997 0.00438 -0.00635 0.99997 0.00438 -0.00635 0.99997 0.87996 -0.47499 -0.00687 0.87996 -0.47499 -0.00687 0.87996 -0.47499 -0.00687 0.87996 -0.47499 -0.00687 0.00438 -0.00635 0.99997 0.00438 -0.00635 0.99997 0.00438 -0.00635 0.99997 0.00438 -0.00635 0.99997 -0.87996 0.47499 0.00687 -0.87996 0.47499 0.00687 -0.87996 0.47499 0.00687 -0.87996 0.47499 0.00687 -0.00438 0.00635 -0.99997 -0.00438 0.00635 -0.99997 -0.00438 0.00635 -0.99997 -0.00438 0.00635 -0.99997 -0.87996 0.47499 0.00687 -0.87996 0.47499 0.00687 -0.87996 0.47499 0.00687 -0.87996 0.47499 0.00687 -0.00438 0.00635 -0.99997 -0.00438 0.00635 -0.99997 -0.00438 0.00635 -0.99997 -0.00438 0.00635 -0.99997 -0.00438 0.00635 -0.99997 -0.00438 0.00635 -0.99997 -0.00438 0.00635 -0.99997 -0.00438 0.00635 -0.99997 0.47502 0.87997 0.0035 0.47502 0.87997 0.0035 0.47502 0.87997 0.0035 0.47502 0.87997 0.0035 0.47502 0.87997 0.0035 0.47502 0.87997 0.0035 0.47502 0.87997 0.0035 0.47502 0.87997 0.0035 0.47502 0.87997 0.0035 0.47502 0.87997 0.0035 0.47502 0.87997 0.0035 0.47502 0.87997 0.0035 0.47502 0.87997 0.0035 0.47502 0.87997 0.0035 -0.24448 -0.96424 0.1023 -0.25266 -0.96308 0.09295 -0.2669 -0.95898 0.09548 -0.27639 -0.95342 0.12083 -0.32331 -0.94012 0.10795 -0.33851 -0.93177 0.13123 -0.38829 -0.9138 0.11912 -0.40739 -0.90194 0.14333 -0.45839 -0.87852 0.13449 -0.48153 -0.86156 0.16078 -0.50094 -0.8496 0.16505 -0.50772 -0.84708 0.15711 -0.48427 -0.86078 0.15663 -0.46434 -0.87653 0.1268 -0.4138 -0.90024 0.13539 -0.39485 -0.912 0.11111 -0.34557 -0.93029 0.12306 -0.33014 -0.93862 0.10002 -0.28363 -0.95227 0.11283 -0.27134 -0.95822 0.09051 0.00438 -0.00635 0.99997 0.00438 -0.00635 0.99997 0.00438 -0.00635 0.99997 0.00438 -0.00635 0.99997 -0.87996 0.47499 0.00687 -0.87996 0.47499 0.00687 -0.87996 0.47499 0.00687 -0.87996 0.47499 0.00687 -0.00438 0.00635 -0.99997 -0.00438 0.00635 -0.99997 -0.00438 0.00635 -0.99997 -0.00438 0.00635 -0.99997 -0.87996 0.47499 0.00687 -0.87996 0.47499 0.00687 -0.87996 0.47499 0.00687 -0.87996 0.47499 0.00687 -0.00438 0.00635 -0.99997 -0.00438 0.00635 -0.99997 -0.00438 0.00635 -0.99997 -0.00438 0.00635 -0.99997 -0.87996 0.47499 0.00687 -0.87996 0.47499 0.00687 -0.87996 0.47499 0.00687 -0.87996 0.47499 0.00687 -0.00438 0.00635 -0.99997 -0.00438 0.00635 -0.99997 -0.00438 0.00635 -0.99997 -0.00438 0.00635 -0.99997 0.47502 0.87997 0.0035 0.47502 0.87997 0.0035 0.47502 0.87997 0.0035 0.47502 0.87997 0.0035 0.47502 0.87997 0.0035 0.47502 0.87997 0.0035 0.47502 0.87997 0.0035 0.47502 0.87997 0.0035 0.47502 0.87997 0.0035 0.47502 0.87997 0.0035 0.47502 0.87997 0.0035 0.47502 0.87997 0.0035 0.47502 0.87997 0.0035 -0.17919 -0.96663 0.1831 -0.19826 -0.96508 0.17123 -0.20437 -0.96306 0.17533 -0.20577 -0.95737 0.20272 -0.27342 -0.94549 0.1769 -0.29356 -0.93328 0.20691 -0.37056 -0.90945 0.18866 -0.41137 -0.88222 0.22906 -0.44546 -0.86342 0.2368 -0.45467 -0.86168 0.22535 -0.41437 -0.88243 0.22274 -0.37994 -0.90786 0.17728 -0.30456 -0.93234 0.19489 -0.28436 -0.94441 0.165 -0.21801 -0.9572 0.19038 -0.21444 -0.96213 0.16827 0.00438 -0.00635 0.99997 0.00438 -0.00635 0.99997 0.00438 -0.00635 0.99997 0.00438 -0.00635 0.99997 0.47502 0.87997 0.0035 0.47502 0.87997 0.0035 0.47502 0.87997 0.0035 0.47502 0.87997 0.0035 0.47502 0.87997 0.0035 0.47502 0.87997 0.0035 0.47502 0.87997 0.0035 0.47502 0.87997 0.0035 -0.10197 -0.9678 0.23014 -0.13544 -0.96689 0.21628 -0.13329 -0.96618 0.22074 -0.14344 -0.95117 0.2733 -0.21039 -0.94903 0.2347 -0.22527 -0.95203 0.20711 -0.154 -0.95349 0.25912 -0.15085 -0.96573 0.21123 -0.87996 0.47499 0.00687 -0.87996 0.47499 0.00687 -0.87996 0.47499 0.00687 -0.87996 0.47499 0.00687 -0.00438 0.00635 -0.99997 -0.00438 0.00635 -0.99997 -0.00438 0.00635 -0.99997 -0.00438 0.00635 -0.99997 -0.87996 0.47499 0.00687 -0.87996 0.47499 0.00687 -0.87996 0.47499 0.00687 -0.87996 0.47499 0.00687 0.00438 -0.00635 0.99997 0.00438 -0.00635 0.99997 0.00438 -0.00635 0.99997 0.00438 -0.00635 0.99997 0.87996 -0.47499 -0.00687 0.87996 -0.47499 -0.00687 0.87996 -0.47499 -0.00687 0.87996 -0.47499 -0.00687 0.00438 -0.00635 0.99997 0.00438 -0.00635 0.99997 0.00438 -0.00635 0.99997 0.00438 -0.00635 0.99997 0.87996 -0.47499 -0.00687 0.87996 -0.47499 -0.00687 0.87996 -0.47499 -0.00687 0.87996 -0.47499 -0.00687 0.00365 -0.00595 0.99998 0.00365 -0.00595 0.99998 0.00365 -0.00595 0.99998 0.00365 -0.00595 0.99998 -0.47502 -0.87997 -0.0035 -0.47502 -0.87997 -0.0035 -0.47502 -0.87997 -0.0035 -0.47502 -0.87997 -0.0035 -0.47502 -0.87997 -0.0035 -0.47502 -0.87997 -0.0035 -0.47502 -0.87997 -0.0035 -0.47502 -0.87997 -0.0035 -0.47502 -0.87997 -0.0035 -0.47502 -0.87997 -0.0035 -0.47502 -0.87997 -0.0035 -0.47502 -0.87997 -0.0035 -0.47502 -0.87997 -0.0035 -0.47502 -0.87997 -0.0035 -0.47502 -0.87997 -0.0035 -0.47502 -0.87997 -0.0035 0.24425 0.94036 0.23679 0.30464 0.93322 0.19049 0.19108 0.94956 0.24865 0.19396 0.94721 0.25529 0.23676 0.94001 0.2456 0.30811 0.92979 0.20138 0.37807 0.90173 0.20965 0.41071 0.89183 0.18961 0.48591 0.84949 0.20557 0.50635 0.84546 0.16971 0.52816 0.83094 0.17488 0.51727 0.83996 0.164 0.50097 0.84985 0.16363 0.48354 0.85235 0.19921 0.39389 0.90155 0.17905 0.43365 0.88158 0.18647 0.37127 0.90671 0.20009 0.00438 -0.00635 0.99997 0.00438 -0.00635 0.99997 0.00438 -0.00635 0.99997 0.00438 -0.00635 0.99997 0.87996 -0.47499 -0.00687 0.87996 -0.47499 -0.00687 0.87996 -0.47499 -0.00687 0.87996 -0.47499 -0.00687 -0.00438 0.00635 -0.99997 -0.00438 0.00635 -0.99997 -0.00438 0.00635 -0.99997 -0.00438 0.00635 -0.99997 -0.87996 0.47499 0.00687 -0.87996 0.47499 0.00687 -0.87996 0.47499 0.00687 -0.87996 0.47499 0.00687 0.00438 -0.00635 0.99997 0.00438 -0.00635 0.99997 0.00438 -0.00635 0.99997 0.00438 -0.00635 0.99997 0.87996 -0.47499 -0.00687 0.87996 -0.47499 -0.00687 0.87996 -0.47499 -0.00687 0.87996 -0.47499 -0.00687 -0.47502 -0.87997 -0.0035 -0.47502 -0.87997 -0.0035 -0.47502 -0.87997 -0.0035 -0.47502 -0.87997 -0.0035 -0.47502 -0.87997 -0.0035 -0.47502 -0.87997 -0.0035 -0.47502 -0.87997 -0.0035 -0.47502 -0.87997 -0.0035 0.51569 0.82942 0.21476 0.49007 0.84659 0.20763 0.50331 0.84028 0.20151 0.48245 0.85252 0.20114 0.47962 0.84306 0.24334 0.43232 0.87404 0.22173 0.44341 0.86301 0.24209 0.48164 0.8382 0.25583 0.0315 -0.02098 0.99928 0.0315 -0.02098 0.99928 0.0315 -0.02098 0.99928 0.0315 -0.02098 0.99928 -0.87996 0.47499 0.00687 -0.87996 0.47499 0.00687 -0.87996 0.47499 0.00687 -0.87996 0.47499 0.00687 -0.00438 0.00635 -0.99997 -0.00438 0.00635 -0.99997 -0.00438 0.00635 -0.99997 -0.00438 0.00635 -0.99997 -0.87996 0.47499 0.00687 -0.87996 0.47499 0.00687 -0.87996 0.47499 0.00687 -0.87996 0.47499 0.00687 -0.00438 0.00635 -0.99997 -0.00438 0.00635 -0.99997 -0.00438 0.00635 -0.99997 -0.00438 0.00635 -0.99997 -0.87996 0.47499 0.00687 -0.87996 0.47499 0.00687 -0.87996 0.47499 0.00687 -0.87996 0.47499 0.00687 0.00438 -0.00635 0.99997 0.00438 -0.00635 0.99997 0.00438 -0.00635 0.99997 0.00438 -0.00635 0.99997 -0.47502 -0.87997 -0.0035 -0.47502 -0.87997 -0.0035 -0.47502 -0.87997 -0.0035 -0.47502 -0.87997 -0.0035 -0.47502 -0.87997 -0.0035 -0.47502 -0.87997 -0.0035 -0.47502 -0.87997 -0.0035 -0.47502 -0.87997 -0.0035 -0.47502 -0.87997 -0.0035 -0.47502 -0.87997 -0.0035 -0.47502 -0.87997 -0.0035 -0.47502 -0.87997 -0.0035 -0.47502 -0.87997 -0.0035 -0.47502 -0.87997 -0.0035 -0.47502 -0.87997 -0.0035 -0.47502 -0.87997 -0.0035 -0.47502 -0.87997 -0.0035 -0.47502 -0.87997 -0.0035 -0.47502 -0.87997 -0.0035 -0.47502 -0.87997 -0.0035 -0.47502 -0.87997 -0.0035 -0.47502 -0.87997 -0.0035 0.2439 0.95142 0.1879 0.1937 0.95642 0.21848 0.31089 0.93105 0.19103 0.34797 0.92333 0.16243 0.40586 0.89777 0.17115 0.4322 0.89005 0.14498 0.48137 0.86253 0.15594 0.50185 0.85595 0.12451 0.5278 0.83852 0.13531 0.52306 0.84311 0.12477 0.49959 0.85803 0.11912 0.47597 0.86699 0.14759 0.4268 0.89392 0.13693 0.40052 0.90172 0.16275 0.34274 0.92661 0.15465 0.30616 0.93418 0.18322 0.23768 0.95426 0.18135 0.19125 0.95728 0.21688 0.16409 0.95994 0.22715 0.1692 0.95791 0.2319 -0.87996 0.47499 0.00687 -0.87996 0.47499 0.00687 -0.87996 0.47499 0.00687 -0.87996 0.47499 0.00687 -0.00438 0.00635 -0.99997 -0.00438 0.00635 -0.99997 -0.00438 0.00635 -0.99997 -0.00438 0.00635 -0.99997 -0.87996 0.47499 0.00687 -0.87996 0.47499 0.00687 -0.87996 0.47499 0.00687 -0.87996 0.47499 0.00687 -0.00438 0.00635 -0.99997 -0.00438 0.00635 -0.99997 -0.00438 0.00635 -0.99997 -0.00438 0.00635 -0.99997 -0.87996 0.47499 0.00687 -0.87996 0.47499 0.00687 -0.87996 0.47499 0.00687 -0.87996 0.47499 0.00687 0.00438 -0.00635 0.99997 0.00438 -0.00635 0.99997 0.00438 -0.00635 0.99997 0.00438 -0.00635 0.99997 -0.47502 -0.87997 -0.0035 -0.47502 -0.87997 -0.0035 -0.47502 -0.87997 -0.0035 -0.47502 -0.87997 -0.0035 -0.47502 -0.87997 -0.0035 -0.47502 -0.87997 -0.0035 -0.47502 -0.87997 -0.0035 -0.47502 -0.87997 -0.0035 -0.47502 -0.87997 -0.0035 -0.47502 -0.87997 -0.0035 -0.47502 -0.87997 -0.0035 -0.47502 -0.87997 -0.0035 -0.47502 -0.87997 -0.0035 -0.47502 -0.87997 -0.0035 -0.47502 -0.87997 -0.0035 -0.47502 -0.87997 -0.0035 -0.47502 -0.87997 -0.0035 -0.47502 -0.87997 -0.0035 -0.47502 -0.87997 -0.0035 -0.47502 -0.87997 -0.0035 -0.47502 -0.87997 -0.0035 -0.47502 -0.87997 -0.0035 0.29699 0.95488 0.0012 0.25335 0.96733 -0.00958 0.31332 0.94941 -0.02111 0.35962 0.93304 -0.01014 0.37853 0.925 -0.03309 0.4264 0.90423 -0.02335 0.44792 0.89282 -0.04736 0.49618 0.86727 -0.04052 0.52685 0.8461 -0.08085 0.55978 0.82504 -0.07719 0.55655 0.82641 -0.08544 0.52587 0.84628 -0.08524 0.49116 0.86977 -0.04762 0.44246 0.89512 -0.0547 0.42085 0.90661 -0.03077 0.37252 0.92713 -0.04065 0.35376 0.93517 -0.01757 0.307 0.95128 -0.0286 0.29103 0.9567 -0.00594 0.247 0.96887 -0.01674 0.23683 0.97153 0.00655 0.21831 0.97587 0.00341 0.22616 0.97403 0.01108 0.24108 0.97045 0.01068 0.00438 -0.00635 0.99997 0.00438 -0.00635 0.99997 0.00438 -0.00635 0.99997 0.00438 -0.00635 0.99997 -0.87996 0.47499 0.00687 -0.87996 0.47499 0.00687 -0.87996 0.47499 0.00687 -0.87996 0.47499 0.00687 -0.00438 0.00635 -0.99997 -0.00438 0.00635 -0.99997 -0.00438 0.00635 -0.99997 -0.00438 0.00635 -0.99997 -0.87996 0.47499 0.00687 -0.87996 0.47499 0.00687 -0.87996 0.47499 0.00687 -0.87996 0.47499 0.00687 -0.00438 0.00635 -0.99997 -0.00438 0.00635 -0.99997 -0.00438 0.00635 -0.99997 -0.00438 0.00635 -0.99997 -0.87996 0.47499 0.00687 -0.87996 0.47499 0.00687 -0.87996 0.47499 0.00687 -0.87996 0.47499 0.00687 0.00438 -0.00635 0.99997 0.00438 -0.00635 0.99997 0.00438 -0.00635 0.99997 0.00438 -0.00635 0.99997 -0.47502 -0.87997 -0.0035 -0.47502 -0.87997 -0.0035 -0.47502 -0.87997 -0.0035 -0.47502 -0.87997 -0.0035 -0.47502 -0.87997 -0.0035 -0.47502 -0.87997 -0.0035 -0.47502 -0.87997 -0.0035 -0.47502 -0.87997 -0.0035 -0.47502 -0.87997 -0.0035 -0.47502 -0.87997 -0.0035 -0.47502 -0.87997 -0.0035 -0.47502 -0.87997 -0.0035 -0.47502 -0.87997 -0.0035 -0.47502 -0.87997 -0.0035 -0.47502 -0.87997 -0.0035 -0.47502 -0.87997 -0.0035 -0.47502 -0.87997 -0.0035 -0.47502 -0.87997 -0.0035 -0.47502 -0.87997 -0.0035 -0.47502 -0.87997 -0.0035 -0.47502 -0.87997 -0.0035 -0.47502 -0.87997 -0.0035 -0.47502 -0.87997 -0.0035 -0.47502 -0.87997 -0.0035 -0.47502 -0.87997 -0.0035 -0.47502 -0.87997 -0.0035 -0.47502 -0.87997 -0.0035 0.36308 0.93151 0.02129 0.31947 0.94751 0.01282 0.38183 0.92423 -0.00084 0.42616 0.90462 0.00738 0.446 0.8949 -0.01526 0.48991 0.87173 -0.00867 0.51233 0.85832 -0.02829 0.56401 0.82524 -0.02951 0.56841 0.82175 -0.04057 0.50486 0.86241 -0.03688 0.54575 0.83769 -0.02067 0.48522 0.87426 -0.01533 0.44099 0.89724 -0.02207 0.42111 0.90701 0.00051 0.37645 0.9264 -0.00776 0.35789 0.93365 0.01451 0.31395 0.94942 0.00607 0.29825 0.95412 0.02639 0.26267 0.96459 0.02374 0.25081 0.96697 0.04542 0.23153 0.97186 0.04338 0.23694 0.97023 0.05016 0.25353 0.96607 0.04921 0.26891 0.96271 0.02951 0.3045 0.95197 0.03202 0.00438 -0.00635 0.99997 0.00438 -0.00635 0.99997 0.00438 -0.00635 0.99997 0.00438 -0.00635 0.99997 -0.87996 0.47499 0.00687 -0.87996 0.47499 0.00687 -0.87996 0.47499 0.00687 -0.87996 0.47499 0.00687 -0.87996 0.47499 0.00687 -0.87996 0.47499 0.00687 -0.87996 0.47499 0.00687 -0.87996 0.47499 0.00687 -0.00438 0.00635 -0.99997 -0.00438 0.00635 -0.99997 -0.00438 0.00635 -0.99997 -0.00438 0.00635 -0.99997 -0.87996 0.47499 0.00687 -0.87996 0.47499 0.00687 -0.87996 0.47499 0.00687 -0.87996 0.47499 0.00687 -0.00438 0.00635 -0.99997 -0.00438 0.00635 -0.99997 -0.00438 0.00635 -0.99997 -0.00438 0.00635 -0.99997 -0.87996 0.47499 0.00687 -0.87996 0.47499 0.00687 -0.87996 0.47499 0.00687 -0.87996 0.47499 0.00687 0.00438 -0.00635 0.99997 0.00438 -0.00635 0.99997 0.00438 -0.00635 0.99997 0.00438 -0.00635 0.99997 -0.47502 -0.87997 -0.0035 -0.47502 -0.87997 -0.0035 -0.47502 -0.87997 -0.0035 -0.47502 -0.87997 -0.0035 -0.47502 -0.87997 -0.0035 -0.47502 -0.87997 -0.0035 -0.47502 -0.87997 -0.0035 -0.47502 -0.87997 -0.0035 -0.47502 -0.87997 -0.0035 -0.47502 -0.87997 -0.0035 -0.47502 -0.87997 -0.0035 -0.47502 -0.87997 -0.0035 -0.47502 -0.87997 -0.0035 -0.47502 -0.87997 -0.0035 -0.47502 -0.87997 -0.0035 -0.47502 -0.87997 -0.0035 -0.47502 -0.87997 -0.0035 -0.47502 -0.87997 -0.0035 -0.47502 -0.87997 -0.0035 -0.47502 -0.87997 -0.0035 -0.47502 -0.87997 -0.0035 -0.47502 -0.87997 -0.0035 -0.47502 -0.87997 -0.0035 -0.47502 -0.87997 -0.0035 0.42478 0.90448 0.0384 0.38202 0.92362 0.03132 0.44601 0.89473 0.0231 0.50486 0.86273 0.02853 0.53756 0.84295 -0.0215 0.54873 0.83589 -0.01359 0.54651 0.83744 -0.00493 0.53384 0.84549 -0.01275 0.50294 0.8639 0.02691 0.43475 0.90043 0.01488 0.46794 0.88341 0.02499 0.42007 0.90693 0.03185 0.37708 0.92585 0.02479 0.35776 0.93264 0.04686 0.31464 0.94835 0.04047 0.29663 0.95295 0.06239 0.26115 0.96345 0.05967 0.24588 0.96592 0.08093 0.22911 0.96983 0.08327 0.23271 0.96862 0.08734 0.24556 0.96564 0.0851 0.26363 0.96234 0.06628 0.3012 0.95117 0.06746 0.31961 0.9464 0.04674 0.36249 0.93047 0.05324 0.00438 -0.00635 0.99997 0.00438 -0.00635 0.99997 0.00438 -0.00635 0.99997 0.00438 -0.00635 0.99997 -0.87996 0.47499 0.00687 -0.87996 0.47499 0.00687 -0.87996 0.47499 0.00687 -0.87996 0.47499 0.00687 -0.87996 0.47499 0.00687 -0.87996 0.47499 0.00687 -0.87996 0.47499 0.00687 -0.87996 0.47499 0.00687 -0.00438 0.00635 -0.99997 -0.00438 0.00635 -0.99997 -0.00438 0.00635 -0.99997 -0.00438 0.00635 -0.99997 -0.87996 0.47499 0.00687 -0.87996 0.47499 0.00687 -0.87996 0.47499 0.00687 -0.87996 0.47499 0.00687 -0.47502 -0.87997 -0.0035 -0.47502 -0.87997 -0.0035 -0.47502 -0.87997 -0.0035 -0.47502 -0.87997 -0.0035 -0.47502 -0.87997 -0.0035 -0.47502 -0.87997 -0.0035 -0.47502 -0.87997 -0.0035 -0.47502 -0.87997 -0.0035 -0.47502 -0.87997 -0.0035 -0.47502 -0.87997 -0.0035 -0.47502 -0.87997 -0.0035 -0.47502 -0.87997 -0.0035 -0.47502 -0.87997 -0.0035 -0.47502 -0.87997 -0.0035 -0.47502 -0.87997 -0.0035 -0.47502 -0.87997 -0.0035 -0.47502 -0.87997 -0.0035 -0.47502 -0.87997 -0.0035 -0.47502 -0.87997 -0.0035 -0.47502 -0.87997 -0.0035 -0.47502 -0.87997 -0.0035 0.28093 0.95304 0.11314 0.25199 0.96116 0.11256 0.31363 0.94609 0.08091 0.3577 0.92988 0.08584 0.37902 0.9232 0.06356 0.42192 0.90393 0.06989 0.44351 0.8946 0.05472 0.50257 0.86241 0.06062 0.52915 0.84827 0.02086 0.55404 0.83197 0.02955 0.55042 0.83464 0.02048 0.52574 0.85044 0.01859 0.49971 0.86413 0.05968 0.4325 0.90044 0.0464 0.46496 0.88355 0.05617 0.4174 0.90651 0.06343 0.37434 0.92553 0.05719 0.35327 0.93213 0.07962 0.30903 0.9481 0.07491 0.27979 0.95378 0.10961 0.24948 0.9626 0.10569 -0.87996 0.47499 0.00687 -0.87996 0.47499 0.00687 -0.87996 0.47499 0.00687 -0.87996 0.47499 0.00687 -0.00438 0.00635 -0.99997 -0.00438 0.00635 -0.99997 -0.00438 0.00635 -0.99997 -0.00438 0.00635 -0.99997 -0.87996 0.47499 0.00687 -0.87996 0.47499 0.00687 -0.87996 0.47499 0.00687 -0.87996 0.47499 0.00687 -0.00438 0.00635 -0.99997 -0.00438 0.00635 -0.99997 -0.00438 0.00635 -0.99997 -0.00438 0.00635 -0.99997 -0.87996 0.47499 0.00687 -0.87996 0.47499 0.00687 -0.87996 0.47499 0.00687 -0.87996 0.47499 0.00687 0.00438 -0.00635 0.99997 0.00438 -0.00635 0.99997 0.00438 -0.00635 0.99997 0.00438 -0.00635 0.99997 -0.47502 -0.87997 -0.0035 -0.47502 -0.87997 -0.0035 -0.47502 -0.87997 -0.0035 -0.47502 -0.87997 -0.0035 -0.47502 -0.87997 -0.0035 -0.47502 -0.87997 -0.0035 -0.47502 -0.87997 -0.0035 -0.47502 -0.87997 -0.0035 -0.47502 -0.87997 -0.0035 -0.47502 -0.87997 -0.0035 -0.47502 -0.87997 -0.0035 -0.47502 -0.87997 -0.0035 -0.47502 -0.87997 -0.0035 -0.47502 -0.87997 -0.0035 -0.47502 -0.87997 -0.0035 -0.47502 -0.87997 -0.0035 -0.47502 -0.87997 -0.0035 -0.47502 -0.87997 -0.0035 -0.47502 -0.87997 -0.0035 -0.47502 -0.87997 -0.0035 -0.47502 -0.87997 -0.0035 -0.47502 -0.87997 -0.0035 0.53357 0.84393 0.05557 0.536 0.84177 0.06428 0.50505 0.86185 0.04615 0.47564 0.87601 0.07985 0.43396 0.89796 0.0731 0.41302 0.9057 0.09547 0.368 0.9255 0.08957 0.34396 0.93216 0.113 0.29624 0.94879 0.10972 0.26323 0.9538 0.14485 0.233 0.96137 0.14653 0.23555 0.9598 0.15266 0.26407 0.95309 0.14794 0.30063 0.9467 0.11564 0.34825 0.92978 0.11929 0.37258 0.92302 0.096 0.41752 0.90291 0.1021 0.4385 0.8952 0.07963 0.48008 0.87295 0.08646 0.50621 0.86092 0.05076 -0.00438 0.00635 -0.99997 -0.00438 0.00635 -0.99997 -0.00438 0.00635 -0.99997 -0.00438 0.00635 -0.99997 -0.87996 0.47499 0.00687 -0.87996 0.47499 0.00687 -0.87996 0.47499 0.00687 -0.87996 0.47499 0.00687 -0.00438 0.00635 -0.99997 -0.00438 0.00635 -0.99997 -0.00438 0.00635 -0.99997 -0.00438 0.00635 -0.99997 -0.87996 0.47499 0.00687 -0.87996 0.47499 0.00687 -0.87996 0.47499 0.00687 -0.87996 0.47499 0.00687 0.00438 -0.00635 0.99997 0.00438 -0.00635 0.99997 0.00438 -0.00635 0.99997 0.00438 -0.00635 0.99997 -0.47502 -0.87997 -0.0035 -0.47502 -0.87997 -0.0035 -0.47502 -0.87997 -0.0035 -0.47502 -0.87997 -0.0035 -0.47502 -0.87997 -0.0035 -0.47502 -0.87997 -0.0035 -0.47502 -0.87997 -0.0035 -0.47502 -0.87997 -0.0035 -0.47502 -0.87997 -0.0035 -0.47502 -0.87997 -0.0035 -0.47502 -0.87997 -0.0035 -0.47502 -0.87997 -0.0035 -0.47502 -0.87997 -0.0035 -0.47502 -0.87997 -0.0035 -0.47502 -0.87997 -0.0035 -0.47502 -0.87997 -0.0035 -0.47502 -0.87997 -0.0035 -0.47502 -0.87997 -0.0035 -0.47502 -0.87997 -0.0035 -0.47502 -0.87997 -0.0035 -0.47502 -0.87997 -0.0035 0.2741 0.95067 0.14525 0.32883 0.93283 0.14731 0.23627 0.9548 0.18038 0.20643 0.96034 0.18743 0.20955 0.95858 0.19293 0.23694 0.95415 0.18293 0.27846 0.94845 0.15134 0.33317 0.9302 0.15403 0.36236 0.92309 0.12886 0.41179 0.90115 0.13549 0.43495 0.89349 0.11178 0.4791 0.86954 0.11987 0.50825 0.85781 0.07642 0.52029 0.84928 0.0895 0.51753 0.8499 0.09916 0.50564 0.85873 0.08319 0.47438 0.87308 0.1127 0.43019 0.89664 0.10479 0.40708 0.90433 0.12832 0.35765 0.92585 0.12204 0.87996 -0.47499 -0.00687 0.87996 -0.47499 -0.00687 0.87996 -0.47499 -0.00687 0.87996 -0.47499 -0.00687 0.87996 -0.47499 -0.00687 0.00438 -0.00635 0.99997 0.00438 -0.00635 0.99997 0.00438 -0.00635 0.99997 0.00438 -0.00635 0.99997 -0.00438 0.00635 -0.99997 -0.00438 0.00635 -0.99997 -0.00438 0.00635 -0.99997 -0.00438 0.00635 -0.99997 -0.87996 0.47499 0.00687 -0.87996 0.47499 0.00687 -0.87996 0.47499 0.00687 -0.87996 0.47499 0.00687 -0.00438 0.00635 -0.99997 -0.00438 0.00635 -0.99997 -0.00438 0.00635 -0.99997 -0.00438 0.00635 -0.99997 -0.00438 0.00635 -0.99997 -0.00438 0.00635 -0.99997 -0.00438 0.00635 -0.99997 -0.00438 0.00635 -0.99997 0.47502 0.87997 0.0035 0.47502 0.87997 0.0035 0.47502 0.87997 0.0035 0.47502 0.87997 0.0035 0.47502 0.87997 0.0035 0.47502 0.87997 0.0035 0.47502 0.87997 0.0035 0.47502 0.87997 0.0035 0.47502 0.87997 0.0035 0.47502 0.87997 0.0035 0.47502 0.87997 0.0035 0.47502 0.87997 0.0035 0.47502 0.87997 0.0035 0.47502 0.87997 0.0035 0.47502 0.87997 0.0035 0.47502 0.87997 0.0035 0.47502 0.87997 0.0035 0.47502 0.87997 0.0035 -0.18943 -0.97233 -0.1367 -0.18437 -0.97419 -0.13023 -0.21425 -0.96895 -0.12339 -0.2532 -0.96334 -0.08869 -0.31496 -0.94466 -0.09174 -0.34665 -0.93576 -0.06465 -0.40152 -0.91294 -0.073 -0.42579 -0.90354 -0.04816 -0.47455 -0.87822 -0.0594 -0.4931 -0.86923 -0.03605 -0.53621 -0.84269 -0.04854 -0.55032 -0.83454 -0.02632 -0.5668 -0.82336 -0.02851 -0.57354 -0.81829 -0.03816 -0.55381 -0.83205 -0.03129 -0.54184 -0.83857 -0.05656 -0.49873 -0.86564 -0.04392 -0.48025 -0.87453 -0.06753 -0.43143 -0.90041 -0.05603 -0.40707 -0.9098 -0.08098 -0.35211 -0.93317 -0.07215 -0.32008 -0.94219 -0.09916 -0.25823 -0.96137 -0.09529 -0.21567 -0.96833 -0.12581 -0.10808 0.69105 -0.71468 -0.09393 0.68105 -0.72618 -0.07736 0.57014 -0.81789 -0.09396 0.64518 -0.75823 -0.08148 0.66583 -0.74164 -0.04771 0.67681 -0.73461 -0.08505 0.62222 -0.77821 -0.11603 0.85811 -0.50018 -0.1117 0.81875 -0.56317 -0.10875 0.77564 -0.62174 -0.14066 0.90883 -0.39274 -0.10858 0.82274 -0.55795 -0.12955 0.89172 -0.43365 0.43804 -0.88816 -0.13891 0.43369 -0.89128 -0.13241 0.46238 -0.87737 -0.12821 0.5018 -0.85942 -0.09797 0.55638 -0.82461 -0.10225 0.58509 -0.80745 -0.07545 0.63189 -0.77042 -0.08464 0.65308 -0.75492 -0.05986 0.69328 -0.7171 -0.07167 0.70892 -0.70364 -0.04818 0.74329 -0.66617 -0.0611 0.75329 -0.65671 -0.03591 0.76865 -0.63823 -0.04289 0.76355 -0.6449 -0.03321 0.75061 -0.66002 -0.03091 0.739 -0.67162 -0.05304 0.70449 -0.70857 -0.04028 0.6888 -0.72216 -0.0635 0.64852 -0.75942 -0.05195 0.62742 -0.7749 -0.07663 0.58056 -0.81138 -0.06792 0.55215 -0.82834 -0.0948 0.49752 -0.86263 -0.09134 0.46118 -0.87835 -0.12578 -0.69011 0.72367 0.00762 -0.69011 0.72367 0.00762 -0.69011 0.72367 0.00762 -0.69011 0.72367 0.00762 -0.69011 0.72367 0.00762 -0.69011 0.72367 0.00762 -0.69011 0.72367 0.00762 -0.69011 0.72367 0.00762 -0.69011 0.72367 0.00762 -0.69011 0.72367 0.00762 -0.69011 0.72367 0.00762 -0.69011 0.72367 0.00762 -0.69011 0.72367 0.00762 -0.69011 0.72367 0.00762 -0.69011 0.72367 0.00762 -0.69011 0.72367 0.00762 -0.69011 0.72367 0.00762 -0.72369 -0.69012 -0.00121 -0.72369 -0.69012 -0.00121 -0.72369 -0.69012 -0.00121 -0.72369 -0.69012 -0.00121 -0.72369 -0.69012 -0.00121 0.00438 -0.00635 0.99997 0.00438 -0.00635 0.99997 0.00438 -0.00635 0.99997 0.00438 -0.00635 0.99997 -0.72369 -0.69012 -0.00121 -0.72369 -0.69012 -0.00121 -0.72369 -0.69012 -0.00121 -0.72369 -0.69012 -0.00121 -0.00438 0.00635 -0.99997 -0.00438 0.00635 -0.99997 -0.00438 0.00635 -0.99997 -0.00438 0.00635 -0.99997 0.72369 0.69012 0.00121 0.72369 0.69012 0.00121 0.72369 0.69012 0.00121 0.72369 0.69012 0.00121 -0.17448 0.64285 -0.74585 -0.08845 0.63151 -0.7703 -0.08545 0.66671 -0.7404 -0.09393 0.68105 -0.72618 -0.11393 0.64276 -0.75755 -0.1177 0.85789 -0.50018 -0.11194 0.81872 -0.56317 -0.10383 0.7763 -0.62176 -0.11596 0.82175 -0.55793 -0.11305 0.89393 -0.43371 -0.10656 0.9134 -0.39286 0.69011 -0.72367 -0.00762 0.69011 -0.72367 -0.00762 0.69011 -0.72367 -0.00762 0.69011 -0.72367 -0.00762 0.69011 -0.72367 -0.00762 0.69011 -0.72367 -0.00762 0.69011 -0.72367 -0.00762 0.69011 -0.72367 -0.00762 0.69011 -0.72367 -0.00762 0.69011 -0.72367 -0.00762 0.69011 -0.72367 -0.00762 0.69011 -0.72367 -0.00762 0.69011 -0.72367 -0.00762 0.69011 -0.72367 -0.00762 0.69011 -0.72367 -0.00762 0.69011 -0.72367 -0.00762 0.69011 -0.72367 -0.00762 0.00438 -0.00635 0.99997 0.00438 -0.00635 0.99997 0.00438 -0.00635 0.99997 0.00438 -0.00635 0.99997 -0.00438 0.00635 -0.99997 -0.00438 0.00635 -0.99997 -0.00438 0.00635 -0.99997 -0.00438 0.00635 -0.99997 0.72369 0.69012 0.00121 0.72369 0.69012 0.00121 0.72369 0.69012 0.00121 0.72369 0.69012 0.00121 0.72369 0.69012 0.00121 0.72369 0.69012 0.00121 -0.00438 0.00635 -0.99997 -0.00438 0.00635 -0.99997 -0.00438 0.00635 -0.99997 -0.00438 0.00635 -0.99997 0.72369 0.69012 0.00121 0.72369 0.69012 0.00121 0.72369 0.69012 0.00121 0.72369 0.69012 0.00121 -0.00438 0.00635 -0.99997 -0.00438 0.00635 -0.99997 -0.00438 0.00635 -0.99997 -0.00438 0.00635 -0.99997 0.72369 0.69012 0.00121 0.72369 0.69012 0.00121 0.72369 0.69012 0.00121 0.72369 0.69012 0.00121 0.72369 0.69012 0.00121 0.72369 0.69012 0.00121 0.72369 0.69012 0.00121 0.72369 0.69012 0.00121 -0.00438 0.00635 -0.99997 -0.00438 0.00635 -0.99997 -0.00438 0.00635 -0.99997 -0.00438 0.00635 -0.99997 0.72369 0.69012 0.00121 0.72369 0.69012 0.00121 0.72369 0.69012 0.00121 0.72369 0.69012 0.00121 -0.72369 -0.69012 -0.00121 -0.72369 -0.69012 -0.00121 -0.72369 -0.69012 -0.00121 -0.72369 -0.69012 -0.00121 0.00438 -0.00635 0.99997 0.00438 -0.00635 0.99997 0.00438 -0.00635 0.99997 0.00438 -0.00635 0.99997 -0.72369 -0.69012 -0.00121 -0.72369 -0.69012 -0.00121 -0.72369 -0.69012 -0.00121 -0.72369 -0.69012 -0.00121 0.00438 -0.00635 0.99997 0.00438 -0.00635 0.99997 0.00438 -0.00635 0.99997 0.00438 -0.00635 0.99997 -0.72369 -0.69012 -0.00121 -0.72369 -0.69012 -0.00121 -0.72369 -0.69012 -0.00121 -0.72369 -0.69012 -0.00121 -0.72369 -0.69012 -0.00121 -0.72369 -0.69012 -0.00121 -0.72369 -0.69012 -0.00121 -0.72369 -0.69012 -0.00121 -0.72369 -0.69012 -0.00121 -0.72369 -0.69012 -0.00121 -0.72369 -0.69012 -0.00121 -0.72369 -0.69012 -0.00121 -0.72369 -0.69012 -0.00121 -0.71628 0.69337 -0.07865 -0.75841 0.6473 -0.07624 -0.77675 0.6208 -0.10613 -0.78519 0.60786 -0.11823 -0.77491 0.62272 -0.10836 -0.75457 0.65093 -0.08317 -0.71194 0.69695 -0.08607 -0.69058 0.72082 -0.05932 -0.64654 0.75983 -0.06811 -0.62781 0.77715 -0.04342 -0.58346 0.81024 -0.05558 -0.56765 0.82265 -0.03195 -0.52446 0.85021 -0.04561 -0.50833 0.86106 -0.01315 -0.4797 0.87687 -0.03148 -0.48446 0.87458 -0.0202 -0.51125 0.8594 -0.00753 -0.53078 0.84668 -0.03747 -0.5734 0.81893 -0.02395 -0.58938 0.80647 -0.04739 -0.6331 0.77326 -0.0354 -0.65176 0.75603 -0.06015 -0.6952 0.71696 -0.05165 -0.79036 0.60212 -0.11307 0.07898 -0.68997 -0.71952 0.11789 -0.69348 -0.71077 0.17214 -0.69653 -0.69657 0.11599 -0.69333 -0.71122 0.02639 -0.21177 -0.97696 0.04566 -0.28884 -0.95629 0.01964 -0.1846 -0.98262 -2e-05 -0.105 -0.99447 0.07933 -0.53121 -0.84352 0.06463 -0.59998 -0.7974 0.09054 -0.52904 -0.84375 0.06989 -0.55611 -0.82816 0.07657 -0.52554 -0.84732 0.09165 -0.5728 -0.81455 0.11992 -0.55947 -0.82013 0.06463 -0.47559 -0.87729 0.14238 -0.61496 -0.77559 0.05818 -0.48224 -0.87411 0.08692 -0.59142 -0.80166 0.01702 -0.5124 -0.85858 0.03749 -0.49478 -0.86821 0.0635 -0.50769 -0.8592 0.87996 -0.47499 -0.00687 0.87996 -0.47499 -0.00687 0.87996 -0.47499 -0.00687 0.87996 -0.47499 -0.00687 -0.00438 0.00635 -0.99997 -0.00438 0.00635 -0.99997 -0.00438 0.00635 -0.99997 -0.00438 0.00635 -0.99997 -0.87996 0.47499 0.00687 -0.87996 0.47499 0.00687 -0.87996 0.47499 0.00687 -0.87996 0.47499 0.00687 -0.87996 0.47499 0.00687 -0.87996 0.47499 0.00687 -0.87996 0.47499 0.00687 -0.87996 0.47499 0.00687 -0.00438 0.00635 -0.99997 -0.00438 0.00635 -0.99997 -0.00438 0.00635 -0.99997 -0.00438 0.00635 -0.99997 -0.87996 0.47499 0.00687 -0.87996 0.47499 0.00687 -0.87996 0.47499 0.00687 -0.87996 0.47499 0.00687 0.47502 0.87997 0.0035 0.47502 0.87997 0.0035 0.47502 0.87997 0.0035 0.47502 0.87997 0.0035 0.47502 0.87997 0.0035 0.47502 0.87997 0.0035 -0.12607 -0.97465 -0.18481 -0.1209 -0.97656 -0.17808 -0.15923 -0.97316 -0.16613 -0.20051 -0.97009 -0.13685 -0.23516 -0.96352 -0.12776 -0.29861 -0.94694 -0.11887 -0.33249 -0.93825 -0.09559 -0.3976 -0.91139 -0.10619 -0.42633 -0.90114 -0.07868 -0.48196 -0.8712 -0.09338 -0.50215 -0.86212 -0.06781 -0.54985 -0.83099 -0.08438 -0.56186 -0.82487 -0.06248 -0.57686 -0.81432 -0.06408 -0.58612 -0.80678 -0.07461 -0.56657 -0.8212 -0.06807 -0.55632 -0.82565 -0.09384 -0.50862 -0.85754 -0.07703 -0.48851 -0.86646 -0.10295 -0.43275 -0.89722 -0.08783 -0.40391 -0.90747 -0.11556 -0.33863 -0.93513 -0.10419 -0.31201 -0.94233 -0.12109 -0.27997 -0.95161 -0.12668 -0.21266 -0.96734 -0.13794 -0.16009 -0.9727 -0.16799 -0.03357 0.24884 -0.96796 -0.00201 0.26807 -0.9634 -0.05168 0.23763 -0.96998 -0.08974 0.21368 -0.97277 -0.0647 0.43551 -0.89785 -0.0559 0.4443 -0.89413 -0.07503 0.42508 -0.90204 -0.08667 0.41319 -0.90651 -0.0864 0.63653 -0.7664 -0.0917 0.57931 -0.80993 -0.08587 0.64177 -0.76207 -0.08184 0.67988 -0.72874 -0.12982 0.88251 -0.45202 -0.12152 0.8456 -0.51981 -0.12254 0.81857 -0.56118 -0.11083 0.83673 -0.53629 -0.11571 0.86114 -0.49503 -0.10439 0.92784 -0.35807 -0.13295 0.96012 -0.24594 -0.11581 0.93915 -0.3234 -0.12422 0.96012 -0.25047 -0.1238 0.96798 -0.21836 -0.13294 0.98947 -0.05717 -0.12615 0.98984 -0.06557 -0.12044 0.99006 -0.07261 -0.11005 0.99025 -0.08537 -0.13294 0.98947 -0.05717 -0.09401 0.68166 -0.72561 -0.09095 0.70006 -0.70827 -0.08504 0.73354 -0.67431 -0.08269 0.74607 -0.66072 0.37721 -0.90714 -0.18659 0.37276 -0.91034 -0.17982 0.40962 -0.89628 -0.17 0.46596 -0.8747 -0.13331 0.53506 -0.83346 -0.13804 0.57238 -0.81292 -0.10741 0.62798 -0.76904 -0.1192 0.6533 -0.75153 -0.09167 0.69887 -0.70718 -0.10714 0.7161 -0.69324 -0.08135 0.75359 -0.64993 -0.09847 0.76248 -0.6429 -0.07276 0.7775 -0.62385 -0.07942 0.77063 -0.63356 -0.06884 0.75895 -0.64768 -0.06714 0.74882 -0.65677 -0.08897 0.71113 -0.69936 -0.07209 0.69387 -0.71347 -0.09753 0.6482 -0.75699 -0.08247 0.623 -0.77448 -0.10979 0.56735 -0.81754 -0.09876 0.53041 -0.83782 -0.12934 0.4612 -0.8783 -0.12607 0.40892 -0.89695 -0.16814 -0.69011 0.72367 0.00762 -0.69011 0.72367 0.00762 -0.69011 0.72367 0.00762 -0.69011 0.72367 0.00762 -0.69011 0.72367 0.00762 -0.69011 0.72367 0.00762 -0.69011 0.72367 0.00762 -0.69011 0.72367 0.00762 -0.00438 0.00635 -0.99997 -0.00438 0.00635 -0.99997 -0.00438 0.00635 -0.99997 -0.00438 0.00635 -0.99997 0.72369 0.69012 0.00121 0.72369 0.69012 0.00121 0.72369 0.69012 0.00121 0.72369 0.69012 0.00121 0.72369 0.69012 0.00121 0.72369 0.69012 0.00121 -0.03991 0.24799 -0.96794 -0.07539 0.25822 -0.96314 -0.01951 0.24195 -0.97009 0.0235 0.22887 -0.97317 -0.07653 0.58755 -0.80556 -0.07177 0.48809 -0.86984 -0.06938 0.4425 -0.89408 -0.06936 0.44249 -0.89409 -0.07279 0.50852 -0.85797 -0.13032 0.97604 0.17424 -0.12834 0.96955 0.20859 -0.11207 0.96836 0.22297 -0.11984 0.96913 0.21547 -0.14265 0.96328 0.22749 -0.14435 0.96511 0.21845 -0.08148 0.80218 -0.5915 -0.10218 0.77159 -0.62786 -0.12145 0.74087 -0.66058 -0.10687 0.76432 -0.63592 -0.11615 0.90001 -0.42011 -0.1105 0.88511 -0.45208 -0.1239 0.89407 -0.43045 -0.11812 0.92984 -0.3485 -0.11125 0.94425 -0.30987 -0.13294 0.98947 -0.05717 -0.1321 0.98897 -0.06695 -0.13866 0.98193 -0.12879 -0.12679 0.98905 -0.07552 -0.12493 0.99104 -0.04721 -0.13294 0.98947 -0.05717 -0.87996 0.47499 0.00687 -0.87996 0.47499 0.00687 -0.87996 0.47499 0.00687 -0.87996 0.47499 0.00687 -0.00438 0.00635 -0.99997 -0.00438 0.00635 -0.99997 -0.00438 0.00635 -0.99997 -0.00438 0.00635 -0.99997 -0.87996 0.47499 0.00687 -0.87996 0.47499 0.00687 -0.87996 0.47499 0.00687 -0.87996 0.47499 0.00687 0.00438 -0.00635 0.99997 0.00438 -0.00635 0.99997 0.00438 -0.00635 0.99997 0.00438 -0.00635 0.99997 -0.00438 0.00635 -0.99997 -0.00438 0.00635 -0.99997 -0.00438 0.00635 -0.99997 -0.00438 0.00635 -0.99997 -0.47502 -0.87997 -0.0035 -0.47502 -0.87997 -0.0035 -0.47502 -0.87997 -0.0035 -0.47502 -0.87997 -0.0035 -0.47502 -0.87997 -0.0035 -0.47502 -0.87997 -0.0035 -0.47502 -0.87997 -0.0035 -0.47502 -0.87997 -0.0035 -0.47502 -0.87997 -0.0035 -0.47502 -0.87997 -0.0035 -0.47502 -0.87997 -0.0035 -0.47502 -0.87997 -0.0035 -0.47502 -0.87997 -0.0035 -0.47502 -0.87997 -0.0035 -0.47502 -0.87997 -0.0035 -0.47502 -0.87997 -0.0035 -0.47502 -0.87997 -0.0035 0.22871 0.97306 -0.02917 0.23534 0.97052 -0.05196 0.2065 0.97777 -0.03642 0.21608 0.97602 -0.02632 0.23431 0.97186 -0.02419 0.2445 0.96863 -0.04438 0.28704 0.9573 -0.03442 0.3005 0.95217 -0.05542 0.35193 0.93512 -0.04114 0.37217 0.92584 -0.06569 0.42617 0.90303 -0.05401 0.45109 0.88885 -0.08043 0.50655 0.85906 -0.0737 0.53526 0.8391 -0.09698 0.58223 0.80597 -0.10685 0.58733 0.80082 -0.11716 0.56212 0.82055 -0.10353 0.52516 0.84473 -0.10315 0.5011 0.86155 -0.08146 0.44501 0.89114 -0.08858 0.41989 0.90543 -0.06229 0.36523 0.92795 -0.07423 0.3451 0.93726 -0.04957 0.29303 0.95396 -0.064 0.27864 0.95947 -0.04214 0.0645 -0.47231 -0.87907 0.02819 -0.31914 -0.94729 0.06749 -0.53827 -0.84007 0.04969 -0.40483 -0.91304 0.00768 -0.32373 -0.94612 0.05981 -0.53065 -0.84548 0.08737 -0.55936 -0.82431 0.11016 -0.56763 -0.81588 0.11441 -0.89971 -0.42123 0.11891 -0.89754 -0.4246 0.11044 -0.90159 -0.41826 0.10227 -0.90539 -0.41208 0.09788 -0.75833 -0.64448 0.1043 -0.79644 -0.59565 0.11309 -0.84735 -0.51885 0.10655 -0.80962 -0.5772 0.06442 -0.50289 -0.86195 0.05512 -0.52243 -0.8509 0.07217 -0.63829 -0.7664 0.08859 -0.65294 -0.75221 0.09696 -0.65532 -0.7491 0.04561 -0.63119 -0.77428 0.06402 -0.56685 -0.82133 0.08922 -0.62228 -0.77769 -0.87996 0.47499 0.00687 -0.87996 0.47499 0.00687 -0.87996 0.47499 0.00687 -0.87996 0.47499 0.00687 -0.87996 0.47499 0.00687 -0.00438 0.00635 -0.99997 -0.00438 0.00635 -0.99997 -0.00438 0.00635 -0.99997 -0.00438 0.00635 -0.99997 -0.87996 0.47499 0.00687 -0.87996 0.47499 0.00687 -0.87996 0.47499 0.00687 -0.87996 0.47499 0.00687 -0.87996 0.47499 0.00687 -0.00438 0.00635 -0.99997 -0.00438 0.00635 -0.99997 -0.00438 0.00635 -0.99997 -0.00438 0.00635 -0.99997 -0.87996 0.47499 0.00687 -0.87996 0.47499 0.00687 -0.87996 0.47499 0.00687 -0.87996 0.47499 0.00687 -0.00438 0.00635 -0.99997 -0.00438 0.00635 -0.99997 -0.00438 0.00635 -0.99997 -0.00438 0.00635 -0.99997 -0.87996 0.47499 0.00687 -0.87996 0.47499 0.00687 -0.87996 0.47499 0.00687 -0.87996 0.47499 0.00687 0.00438 -0.00635 0.99997 0.00438 -0.00635 0.99997 0.00438 -0.00635 0.99997 0.00438 -0.00635 0.99997 0.87996 -0.47499 -0.00687 0.87996 -0.47499 -0.00687 0.87996 -0.47499 -0.00687 0.87996 -0.47499 -0.00687 0.87996 -0.47499 -0.00687 0.87996 -0.47499 -0.00687 0.87996 -0.47499 -0.00687 0.87996 -0.47499 -0.00687 0.87996 -0.47499 -0.00687 -0.47502 -0.87997 -0.0035 -0.47502 -0.87997 -0.0035 -0.47502 -0.87997 -0.0035 -0.47502 -0.87997 -0.0035 -0.47502 -0.87997 -0.0035 -0.47502 -0.87997 -0.0035 -0.47502 -0.87997 -0.0035 -0.47502 -0.87997 -0.0035 0.60538 0.7793 -0.16192 0.57912 0.80113 -0.15102 0.54888 0.82395 -0.14087 0.51963 0.84607 -0.11897 0.45137 0.88355 -0.12491 0.41965 0.90276 -0.09446 0.35455 0.92867 -0.10894 0.33127 0.94 -0.08156 0.27021 0.95752 -0.10073 0.2556 0.96382 -0.07562 0.20552 0.97427 -0.09255 0.20185 0.97698 -0.06905 0.17893 0.98084 -0.0771 0.19077 0.97938 -0.06647 0.20786 0.97614 -0.06278 0.21456 0.9732 -0.0827 0.2648 0.96201 -0.06643 0.27941 0.9559 -0.09051 0.33952 0.93787 -0.07162 0.36282 0.92659 -0.09896 0.42694 0.90029 -0.0849 0.45826 0.88128 -0.11553 0.52562 0.84355 -0.11025 0.56064 0.81633 -0.13888 0.5997 0.78537 -0.15346 0.10942 -0.72494 -0.68006 0.09564 -0.73076 -0.6759 0.09564 -0.73076 -0.6759 0.11902 -0.72078 -0.68287 0.15168 -0.70595 -0.69183 0.11608 -0.9351 -0.33484 0.14007 -0.92405 -0.35569 0.14322 -0.90905 -0.39131 0.13079 -0.91951 -0.37067 0.11632 -0.88689 -0.44709 0.11172 -0.93699 -0.33102 0.10079 -0.94156 -0.32141 0.13749 -0.98071 -0.13896 0.13254 -0.97941 -0.15228 0.12801 -0.97805 -0.16442 0.12308 -0.9764 -0.17749 0.12764 -0.99155 -0.02334 0.13882 -0.98241 0.12491 0.12463 -0.98927 0.07629 0.13241 -0.98881 -0.06875 0.1407 -0.98694 -0.07845 0.12034 -0.99027 0.06982 0.13336 -0.99056 -0.03187 0.13108 -0.97201 0.19496 0.1447 -0.96644 0.21225 0.13437 -0.97071 0.19914 0.15328 -0.96266 0.22314 0.69011 -0.72367 -0.00762 0.69011 -0.72367 -0.00762 0.69011 -0.72367 -0.00762 0.69011 -0.72367 -0.00762 0.69011 -0.72367 -0.00762 0.69011 -0.72367 -0.00762 0.69011 -0.72367 -0.00762 0.69011 -0.72367 -0.00762 0.69011 -0.72367 -0.00762 -0.00438 0.00635 -0.99997 -0.00438 0.00635 -0.99997 -0.00438 0.00635 -0.99997 -0.00438 0.00635 -0.99997 0.72369 0.69012 0.00121 0.72369 0.69012 0.00121 0.72369 0.69012 0.00121 0.72369 0.69012 0.00121 0.72369 0.69012 0.00121 0.72369 0.69012 0.00121 -0.00438 0.00635 -0.99997 -0.00438 0.00635 -0.99997 -0.00438 0.00635 -0.99997 -0.00438 0.00635 -0.99997 0.72369 0.69012 0.00121 0.72369 0.69012 0.00121 0.72369 0.69012 0.00121 0.72369 0.69012 0.00121 0.72369 0.69012 0.00121 -0.00438 0.00635 -0.99997 -0.00438 0.00635 -0.99997 -0.00438 0.00635 -0.99997 -0.00438 0.00635 -0.99997 0.72369 0.69012 0.00121 0.72369 0.69012 0.00121 0.72369 0.69012 0.00121 0.72369 0.69012 0.00121 0.72369 0.69012 0.00121 0.72369 0.69012 0.00121 0.72369 0.69012 0.00121 0.72369 0.69012 0.00121 0.72369 0.69012 0.00121 -0.00438 0.00635 -0.99997 -0.00438 0.00635 -0.99997 -0.00438 0.00635 -0.99997 -0.00438 0.00635 -0.99997 0.72369 0.69012 0.00121 0.72369 0.69012 0.00121 0.72369 0.69012 0.00121 0.72369 0.69012 0.00121 -0.72369 -0.69012 -0.00121 -0.72369 -0.69012 -0.00121 -0.72369 -0.69012 -0.00121 -0.72369 -0.69012 -0.00121 0.00438 -0.00635 0.99997 0.00438 -0.00635 0.99997 0.00438 -0.00635 0.99997 0.00438 -0.00635 0.99997 -0.72369 -0.69012 -0.00121 -0.72369 -0.69012 -0.00121 -0.72369 -0.69012 -0.00121 -0.72369 -0.69012 -0.00121 -0.72369 -0.69012 -0.00121 -0.72369 -0.69012 -0.00121 0.00438 -0.00635 0.99997 0.00438 -0.00635 0.99997 0.00438 -0.00635 0.99997 0.00438 -0.00635 0.99997 -0.72369 -0.69012 -0.00121 -0.72369 -0.69012 -0.00121 -0.72369 -0.69012 -0.00121 -0.72369 -0.69012 -0.00121 -0.72369 -0.69012 -0.00121 -0.72369 -0.69012 -0.00121 0.00438 -0.00635 0.99997 0.00438 -0.00635 0.99997 0.00438 -0.00635 0.99997 0.00438 -0.00635 0.99997 -0.76021 0.63342 -0.14445 -0.73283 0.66639 -0.13742 -0.69822 0.70976 -0.09347 -0.64615 0.75627 -0.10272 -0.62396 0.77785 -0.07507 -0.57208 0.81522 -0.09023 -0.55497 0.82936 -0.06453 -0.505 0.85914 -0.0828 -0.49238 0.86887 -0.05123 -0.46286 0.88369 -0.06962 -0.47034 0.88069 -0.05629 -0.4967 0.86678 -0.04462 -0.51287 0.85534 -0.0732 -0.56198 0.82531 -0.05518 -0.57923 0.81116 -0.08073 -0.63018 0.77365 -0.06588 -0.6522 0.75224 -0.09364 -0.70341 0.7057 -0.08488 -0.73363 0.66649 -0.13258 -0.76395 0.63091 -0.13542 0.12343 -0.99007 -0.06722 0.13209 -0.98702 -0.09136 0.13121 -0.98736 -0.08892 0.12077 -0.99088 -0.05983 0.12871 -0.97599 -0.17574 0.12427 -0.97893 -0.16203 0.13257 -0.97323 -0.18773 0.13687 -0.96996 -0.20112 0.12241 -0.92216 -0.36693 0.12241 -0.92216 -0.36693 0.12241 -0.92216 -0.36693 0.12241 -0.92216 -0.36693 0.07345 -0.5336 -0.84254 0.09913 -0.73911 -0.66625 0.13689 -0.80987 -0.57042 0.09615 -0.69765 -0.70996 0.08115 -0.61338 -0.78561 0.09094 -0.65486 -0.75026 0.08058 -0.5055 -0.85906 0.07539 -0.69555 -0.71451 0.07909 -0.73393 -0.6746 0.72369 0.69012 0.00121 0.72369 0.69012 0.00121 0.72369 0.69012 0.00121 0.72369 0.69012 0.00121 -0.00438 0.00635 -0.99997 -0.00438 0.00635 -0.99997 -0.00438 0.00635 -0.99997 -0.00438 0.00635 -0.99997 0.72369 0.69012 0.00121 0.72369 0.69012 0.00121 0.72369 0.69012 0.00121 0.72369 0.69012 0.00121 0.72369 0.69012 0.00121 -0.00438 0.00635 -0.99997 -0.00438 0.00635 -0.99997 -0.00438 0.00635 -0.99997 -0.00438 0.00635 -0.99997 0.72369 0.69012 0.00121 0.72369 0.69012 0.00121 0.72369 0.69012 0.00121 0.72369 0.69012 0.00121 0.72369 0.69012 0.00121 -0.00438 0.00635 -0.99997 -0.00438 0.00635 -0.99997 -0.00438 0.00635 -0.99997 -0.00438 0.00635 -0.99997 0.72369 0.69012 0.00121 0.72369 0.69012 0.00121 0.72369 0.69012 0.00121 0.72369 0.69012 0.00121 -0.00438 0.00635 -0.99997 -0.00438 0.00635 -0.99997 -0.00438 0.00635 -0.99997 -0.00438 0.00635 -0.99997 0.72369 0.69012 0.00121 0.72369 0.69012 0.00121 0.72369 0.69012 0.00121 0.72369 0.69012 0.00121 -0.72369 -0.69012 -0.00121 -0.72369 -0.69012 -0.00121 -0.72369 -0.69012 -0.00121 -0.72369 -0.69012 -0.00121 -0.72369 -0.69012 -0.00121 0.00438 -0.00635 0.99997 0.00438 -0.00635 0.99997 0.00438 -0.00635 0.99997 0.00438 -0.00635 0.99997 -0.72369 -0.69012 -0.00121 -0.72369 -0.69012 -0.00121 -0.72369 -0.69012 -0.00121 -0.72369 -0.69012 -0.00121 -0.72369 -0.69012 -0.00121 -0.72369 -0.69012 -0.00121 0.00438 -0.00635 0.99997 0.00438 -0.00635 0.99997 0.00438 -0.00635 0.99997 0.00438 -0.00635 0.99997 -0.72369 -0.69012 -0.00121 -0.72369 -0.69012 -0.00121 -0.72369 -0.69012 -0.00121 -0.72369 -0.69012 -0.00121 -0.72369 -0.69012 -0.00121 0.00438 -0.00635 0.99997 0.00438 -0.00635 0.99997 0.00438 -0.00635 0.99997 0.00438 -0.00635 0.99997 -0.72369 -0.69012 -0.00121 -0.72369 -0.69012 -0.00121 -0.72369 -0.69012 -0.00121 -0.72369 -0.69012 -0.00121 0.00438 -0.00635 0.99997 0.00438 -0.00635 0.99997 0.00438 -0.00635 0.99997 0.00438 -0.00635 0.99997 -0.00438 0.00635 -0.99997 -0.00438 0.00635 -0.99997 -0.00438 0.00635 -0.99997 -0.00438 0.00635 -0.99997 -0.74203 0.65076 -0.16092 -0.71227 0.68993 -0.12909 -0.64858 0.74833 -0.13911 -0.61992 0.77743 -0.10632 -0.556 0.82169 -0.12524 -0.53595 0.83876 -0.09616 -0.47505 0.87158 -0.12113 -0.46422 0.88113 -0.09 -0.43101 0.89582 -0.10837 -0.44367 0.89144 -0.09216 -0.4702 0.87885 -0.08088 -0.48526 0.86753 -0.10913 -0.54484 0.83424 -0.0848 -0.56495 0.81724 -0.11383 -0.62745 0.77279 -0.09541 -0.65571 0.74401 -0.1284 -0.71813 0.6856 -0.11934 -0.7452 0.64747 -0.15953 -0.76725 0.61975 -0.16505 -0.76009 0.62599 -0.17439 0.12931 -0.90585 0.40338 0.13022 -0.90471 0.40565 0.12868 -0.90269 0.41061 0.12236 -0.90118 0.41581 0.12623 -0.90193 0.41301 0.1108 -0.98758 0.11138 0.11245 -0.98715 0.11351 0.11568 -0.98629 0.11769 0.11298 -0.98701 0.1142 0.13274 -0.99045 -0.03737 0.12053 -0.99137 -0.05154 0.12001 -0.98868 -0.09004 0.12925 -0.98916 -0.06972 0.13795 -0.97975 -0.14511 0.13274 -0.99045 -0.03737 0.10522 -0.79993 -0.59079 0.10664 -0.79938 -0.59129 0.12547 -0.94339 -0.30704 0.08697 -0.93675 -0.33903 0.12708 -0.8304 -0.54248 0.11085 -0.92653 -0.35953 0.15059 -0.81094 -0.56541 0.12547 -0.94339 -0.30704 -0.00438 0.00635 -0.99997 -0.00438 0.00635 -0.99997 -0.00438 0.00635 -0.99997 -0.00438 0.00635 -0.99997 -0.87996 0.47499 0.00687 -0.87996 0.47499 0.00687 -0.87996 0.47499 0.00687 -0.87996 0.47499 0.00687 -0.87996 0.47499 0.00687 -0.00438 0.00635 -0.99997 -0.00438 0.00635 -0.99997 -0.00438 0.00635 -0.99997 -0.00438 0.00635 -0.99997 -0.87996 0.47499 0.00687 -0.87996 0.47499 0.00687 -0.87996 0.47499 0.00687 -0.87996 0.47499 0.00687 -0.87996 0.47499 0.00687 -0.00438 0.00635 -0.99997 -0.00438 0.00635 -0.99997 -0.00438 0.00635 -0.99997 -0.00438 0.00635 -0.99997 -0.87996 0.47499 0.00687 -0.87996 0.47499 0.00687 -0.87996 0.47499 0.00687 -0.87996 0.47499 0.00687 -0.87996 0.47499 0.00687 0.00438 -0.00635 0.99997 0.00438 -0.00635 0.99997 0.00438 -0.00635 0.99997 0.00438 -0.00635 0.99997 0.35033 0.92703 -0.13373 0.43075 0.89502 -0.11577 0.47311 0.86508 -0.16677 0.51755 0.84043 -0.16068 0.50976 0.84241 -0.1746 0.46801 0.86737 -0.16919 0.42149 0.89784 -0.12738 0.33917 0.92936 -0.1458 0.30991 0.9426 -0.12437 0.23319 0.96231 -0.13993 0.21086 0.97294 -0.0945 0.15751 0.9779 -0.13749 0.16744 0.97891 -0.11702 0.2176 0.9723 -0.08532 0.24154 0.96138 -0.13195 0.30543 0.94507 -0.11646 0.3342 0.9353 -0.11625 0.13719 -0.97932 -0.14872 0.13384 -0.98183 -0.13453 0.12544 -0.98711 -0.09935 0.12884 -0.98515 -0.11353 0.11765 -0.88671 0.44711 0.12073 -0.88834 0.44303 0.10549 -0.88008 0.46295 0.09274 -0.87274 0.4793 0.12447 -0.92598 0.35648 0.12414 -0.92666 0.35482 0.12592 -0.92291 0.36384 0.12625 -0.9222 0.36553 0.13094 -0.95611 -0.26212 0.12754 -0.95752 -0.25864 0.13675 -0.95365 -0.26806 0.14407 -0.95044 -0.27551 0.12674 -0.99182 0.01528 0.13298 -0.99109 0.00747 0.13298 -0.99109 0.00747 0.12108 -0.99239 0.02235 0.11163 -0.99316 0.03411 -0.00438 0.00635 -0.99997 -0.00438 0.00635 -0.99997 -0.00438 0.00635 -0.99997 -0.00438 0.00635 -0.99997 0.87996 -0.47499 -0.00687 0.87996 -0.47499 -0.00687 0.87996 -0.47499 -0.00687 0.87996 -0.47499 -0.00687 0.87996 -0.47499 -0.00687 -0.60124 -0.79229 -0.10388 -0.61162 -0.78237 -0.11751 -0.58942 -0.80081 -0.10628 -0.58119 -0.80211 -0.13725 -0.52614 -0.84284 -0.11313 -0.50447 -0.85149 -0.14309 -0.43757 -0.891 -0.12104 -0.40255 -0.90244 -0.15347 -0.32146 -0.93724 -0.1351 -0.27662 -0.94699 -0.16335 -0.24589 -0.95398 -0.17166 -0.23491 -0.95886 -0.15941 -0.27138 -0.94893 -0.16086 -0.31403 -0.94123 -0.12439 -0.39474 -0.90783 -0.1415 -0.42958 -0.89637 -0.10948 -0.49634 -0.8582 -0.1309 -0.5181 -0.84928 -0.10144 -0.57323 -0.80974 -0.1254 -0.58312 -0.80624 -0.09972 -0.11167 0.81758 -0.56489 -0.1068 0.81682 -0.56692 -0.10309 0.8217 -0.56052 -0.10969 0.80223 -0.58685 -0.1065 0.80846 -0.57884 -0.13703 0.96147 -0.23834 -0.11903 0.93436 -0.33586 -0.13443 0.95341 -0.27006 -0.12968 0.96013 -0.24764 -0.12947 0.95543 -0.2653 -0.12954 0.98012 -0.15027 -0.1257 0.9823 -0.13885 -0.13448 0.97708 -0.16503 -0.1382 0.97461 -0.17617 -0.12938 0.99036 0.04949 -0.11806 0.99301 0.00131 -0.13833 0.98642 0.08852 -0.12698 0.99113 0.03921 -0.12637 0.94956 0.287 -0.12273 0.95107 0.28356 -0.10585 0.95772 0.26753 -0.0876 0.96425 0.25008 -0.12637 0.94956 0.287 -0.10913 0.88364 0.45527 -0.11459 0.86696 0.48503 -0.11262 0.87313 0.4743 -0.10708 0.88953 0.44416 0.77429 -0.62415 -0.10451 0.78805 -0.60592 -0.10879 0.76549 -0.63016 -0.13013 0.7229 -0.68281 -0.10582 0.70405 -0.69717 -0.13514 0.64986 -0.75156 -0.11329 0.61905 -0.77184 -0.14507 0.55012 -0.8253 -0.12744 0.51076 -0.84401 -0.16362 0.47821 -0.86319 -0.16193 0.48743 -0.8556 -0.17425 0.51528 -0.84076 -0.16614 0.55616 -0.81951 -0.1382 0.62509 -0.76458 -0.1571 0.65607 -0.74429 -0.1249 0.71005 -0.68856 -0.14738 0.72887 -0.67448 -0.11756 0.77108 -0.6207 -0.14203 0.77888 -0.61725 -0.11111 0.79537 -0.59363 -0.12248 -0.00438 0.00635 -0.99997 -0.00438 0.00635 -0.99997 -0.00438 0.00635 -0.99997 -0.00438 0.00635 -0.99997 -0.72369 -0.69012 -0.00121 -0.72369 -0.69012 -0.00121 -0.72369 -0.69012 -0.00121 -0.72369 -0.69012 -0.00121 0.00438 -0.00635 0.99997 0.00438 -0.00635 0.99997 0.00438 -0.00635 0.99997 0.00438 -0.00635 0.99997 0.00438 -0.00635 0.99997 0.00438 -0.00635 0.99997 0.00438 -0.00635 0.99997 0.00438 -0.00635 0.99997 -0.13091 0.95013 0.28305 -0.14552 0.95173 0.27026 -0.13662 0.95079 0.27808 -0.12637 0.94956 0.287 -0.09874 0.87899 0.4665 -0.1095 0.88197 0.45842 -0.12806 0.88671 0.44423 -0.12126 0.88503 0.44946 -0.13827 0.98231 0.1263 -0.13411 0.98093 0.14071 -0.12381 0.97661 0.17581 -0.12808 0.97855 0.16134 -0.13377 0.93239 -0.3358 -0.12348 0.95488 -0.27009 -0.12287 0.96337 -0.23839 -0.12968 0.96013 -0.24764 -0.12876 0.95553 -0.2653 -0.15475 0.98793 -0.00685 -0.14492 0.98943 0.00481 -0.13287 0.99095 0.01907 -0.14084 0.98999 0.00964 0.00438 -0.00635 0.99997 0.00438 -0.00635 0.99997 0.00438 -0.00635 0.99997 0.00438 -0.00635 0.99997 -0.72369 -0.69012 -0.00121 -0.72369 -0.69012 -0.00121 -0.72369 -0.69012 -0.00121 -0.72369 -0.69012 -0.00121 -0.72369 -0.69012 -0.00121 -0.00438 0.00635 -0.99997 -0.00438 0.00635 -0.99997 -0.00438 0.00635 -0.99997 -0.00438 0.00635 -0.99997 0.72369 0.69012 0.00121 0.72369 0.69012 0.00121 0.72369 0.69012 0.00121 0.72369 0.69012 0.00121 0.72369 0.69012 0.00121 -0.00438 0.00635 -0.99997 -0.00438 0.00635 -0.99997 -0.00438 0.00635 -0.99997 -0.00438 0.00635 -0.99997 0.72369 0.69012 0.00121 0.72369 0.69012 0.00121 0.72369 0.69012 0.00121 0.72369 0.69012 0.00121 0.72369 0.69012 0.00121 -0.00438 0.00635 -0.99997 -0.00438 0.00635 -0.99997 -0.00438 0.00635 -0.99997 -0.00438 0.00635 -0.99997 0.72369 0.69012 0.00121 0.72369 0.69012 0.00121 0.72369 0.69012 0.00121 0.72369 0.69012 0.00121 0.00438 -0.00635 0.99997 0.00438 -0.00635 0.99997 0.00438 -0.00635 0.99997 0.00438 -0.00635 0.99997 -0.72369 -0.69012 -0.00121 -0.72369 -0.69012 -0.00121 -0.72369 -0.69012 -0.00121 -0.72369 -0.69012 -0.00121 -0.72369 -0.69012 -0.00121 -0.72369 -0.69012 -0.00121 0.00438 -0.00635 0.99997 0.00438 -0.00635 0.99997 0.00438 -0.00635 0.99997 0.00438 -0.00635 0.99997 -0.72369 -0.69012 -0.00121 -0.72369 -0.69012 -0.00121 -0.72369 -0.69012 -0.00121 -0.72369 -0.69012 -0.00121 -0.72369 -0.69012 -0.00121 -0.54787 0.82234 -0.15361 -0.59076 0.79556 -0.13446 -0.57882 0.80086 -0.15361 -0.5416 0.82485 -0.16215 -0.51079 0.84942 -0.1326 -0.45225 0.87955 -0.14783 -0.4491 0.88515 -0.12171 -0.41242 0.90016 -0.14006 -0.42981 0.89467 -0.12178 -0.45754 0.88208 -0.11219 -0.4687 0.87281 -0.13608 -0.525 0.8426 -0.11999 0.11794 -0.94939 0.29111 0.12201 -0.9515 0.28242 0.12905 -0.95494 0.26729 0.12561 -0.95329 0.2747 -0.00438 0.00635 -0.99997 -0.00438 0.00635 -0.99997 -0.00438 0.00635 -0.99997 -0.00438 0.00635 -0.99997 -0.87996 0.47499 0.00687 -0.87996 0.47499 0.00687 -0.87996 0.47499 0.00687 -0.87996 0.47499 0.00687 -0.87996 0.47499 0.00687 -0.00438 0.00635 -0.99997 -0.00438 0.00635 -0.99997 -0.00438 0.00635 -0.99997 -0.00438 0.00635 -0.99997 -0.87996 0.47499 0.00687 -0.87996 0.47499 0.00687 -0.87996 0.47499 0.00687 -0.87996 0.47499 0.00687 0.00438 -0.00635 0.99997 0.00438 -0.00635 0.99997 0.00438 -0.00635 0.99997 0.00438 -0.00635 0.99997 0.17432 0.97623 -0.12876 0.18074 0.97191 -0.15077 0.17217 0.97195 -0.16025 0.16405 0.97642 -0.1403 0.11176 0.97916 -0.1696 0.13316 0.98032 -0.14572 0.12524 -0.92412 0.361 0.12524 -0.92412 0.361 0.12524 -0.92412 0.361 0.12524 -0.92412 0.361 0.1147 -0.89653 0.42787 0.11641 -0.89282 0.43511 0.12093 -0.88262 0.45427 0.12299 -0.87777 0.46302 -0.00438 0.00635 -0.99997 -0.00438 0.00635 -0.99997 -0.00438 0.00635 -0.99997 -0.00438 0.00635 -0.99997 -0.00438 0.00635 -0.99997 -0.00438 0.00635 -0.99997 -0.00438 0.00635 -0.99997 -0.00438 0.00635 -0.99997 -0.54703 -0.81975 -0.16958 -0.54123 -0.82535 -0.16085 -0.54967 -0.82369 -0.13926 -0.57983 -0.80032 -0.1526 -0.59388 -0.78534 -0.17475 -0.55623 -0.81734 -0.15022 -0.11128 0.84336 0.52569 -0.11632 0.83839 0.53251 -0.11316 0.84152 0.52824 -0.11866 0.83605 0.53566 0.74255 -0.64676 -0.17413 0.73849 -0.65367 -0.16537 0.74914 -0.64121 -0.16627 0.77864 -0.60122 -0.17959 0.77614 -0.6062 -0.17357 0.73361 -0.66054 -0.15967 0.75414 -0.6359 -0.16401 -0.00438 0.00635 -0.99997 -0.00438 0.00635 -0.99997 -0.00438 0.00635 -0.99997 -0.00438 0.00635 -0.99997 -0.00438 0.00635 -0.99997 -0.00438 0.00635 -0.99997 -0.00438 0.00635 -0.99997 -0.00438 0.00635 -0.99997 -0.13734 0.9165 0.37571 -0.14753 0.92431 0.35198 -0.10897 0.89176 0.43919 -0.09582 0.87884 0.46739 -0.72369 -0.69012 -0.00121 -0.72369 -0.69012 -0.00121 -0.72369 -0.69012 -0.00121 -0.72369 -0.69012 -0.00121 0.69011 -0.72367 -0.00762 0.69011 -0.72367 -0.00762 0.69011 -0.72367 -0.00762 0.69011 -0.72367 -0.00762 0.29323 -0.93541 -0.19754 0.36443 -0.91407 -0.17795 0.47804 -0.8646 -0.15472 0.58712 -0.79715 -0.14086 0.67794 -0.72074 -0.14467 0.76094 -0.62655 -0.16855 0.80334 -0.56508 -0.18797 0.79764 -0.5798 -0.16614 0.79288 -0.59612 -0.12638 0.77712 -0.62312 -0.08841 0.76793 -0.63825 -0.05398 0.76262 -0.64666 -0.01564 0.75694 -0.65346 0.00541 0.74942 -0.66094 0.03909 0.74368 -0.66516 0.06716 0.74261 -0.66241 0.09874 0.73178 -0.66858 0.1323 0.70963 -0.68636 0.15916 0.69523 -0.69581 0.18028 0.69289 -0.68903 0.21245 0.67637 -0.69769 0.23613 0.31233 -0.91576 0.25264 0.38803 -0.89151 0.23377 0.50286 -0.83883 0.20856 0.60074 -0.77005 0.2148 0.35586 -0.91979 -0.16536 0.39506 -0.90943 -0.12986 0.44188 -0.89263 -0.08921 0.45952 -0.88663 -0.05225 0.48531 -0.87432 -0.00555 0.48531 -0.8741 0.02065 0.49569 -0.86504 0.07742 0.48544 -0.86882 0.09751 0.46085 -0.87626 0.14067 0.43921 -0.88018 0.17993 0.36541 -0.90462 0.21942 0.53093 -0.84741 0.00299 0.5324 -0.8461 -0.02587 0.53579 -0.84386 0.02886 0.5382 -0.84061 0.06093 0.52988 -0.84206 0.10079 0.49306 -0.8551 0.16032 0.42191 -0.89474 -0.14639 0.53905 -0.83225 -0.12957 0.44077 -0.88997 -0.1169 0.54806 -0.83019 -0.10203 0.7174 -0.6847 -0.12859 0.51788 -0.85187 -0.0782 0.46556 -0.88216 -0.07107 0.52573 -0.84957 -0.04277 0.57911 -0.81322 -0.05745 0.62306 -0.78079 -0.04646 0.48479 -0.8738 -0.03818 0.57386 -0.81833 -0.03185 0.62513 -0.78034 -0.01688 0.74666 -0.66115 -0.07334 0.7209 -0.69037 -0.06075 0.5819 -0.81322 -0.00826 0.63157 -0.77531 0.0025 0.74418 -0.66723 -0.03167 0.58309 -0.81226 0.01553 0.63215 -0.77435 0.02776 0.71727 -0.69678 -0.00553 0.49693 -0.86682 0.04104 0.68496 -0.72817 0.02464 0.57795 -0.81512 0.03939 0.62852 -0.77561 0.05823 0.73152 -0.68097 0.03404 0.68716 -0.72545 0.03917 0.7044 -0.70881 0.0374 0.72654 -0.68517 0.05175 0.51873 -0.84539 0.1274 0.71952 -0.69114 0.06799 0.66118 -0.74229 0.10884 0.59068 -0.79515 0.13725 0.70964 -0.69423 0.12023 0.56965 -0.80315 0.17451 0.67142 -0.73144 0.11911 0.40863 -0.88802 0.21079 0.65689 -0.73666 0.1607 0.49793 -0.84359 0.20103 0.642 -0.7391 0.20387 0.68485 -0.72131 -0.10342 0.77295 -0.61622 -0.15108 0.62432 -0.77429 -0.10343 0.48496 -0.86986 -0.09029 0.64235 -0.7622 -0.08023 0.75742 -0.64399 -0.10771 0.67271 -0.73653 -0.07056 0.67949 -0.73325 -0.02541 0.62354 -0.77732 0.0835 -0.48333 0.8693 0.10346 -0.47964 0.87199 0.09783 -0.50388 0.85716 0.10669 -0.50971 0.85321 0.11059 -0.51157 0.84816 0.13757 -0.55968 0.8218 0.10681 -0.5499 0.82915 0.10061 -0.52608 0.84255 0.11556 -0.59604 0.7955 0.10916 -0.60467 0.78941 0.10581 0.2949 -0.93783 0.18308 0.34619 -0.92514 0.15577 0.80457 -0.56844 0.17188 0.80256 -0.57093 0.173 0.35008 -0.92166 0.1673 0.47699 -0.86686 0.14501 0.58645 -0.7986 0.13536 0.67679 -0.72248 0.14132 0.76383 -0.6243 0.16373 0.37714 -0.91368 0.15151 0.46442 -0.87681 0.12458 0.40496 -0.90456 0.13332 0.51204 -0.85252 0.10501 0.533 -0.83963 0.10459 0.5623 -0.81789 0.12195 0.77996 -0.60331 0.16637 0.77823 -0.60887 0.15374 0.53093 -0.84062 0.10715 0.48214 -0.86517 0.13792 0.70064 -0.70179 0.12879 0.71465 -0.68454 0.14382 0.63196 -0.76941 0.09293 0.74265 -0.65636 0.1329 0.60898 -0.78479 0.11505 0.5906 -0.79923 0.11146 -0.35221 0.9246 -0.14515 -0.40143 0.90924 -0.11017 -0.44176 0.89442 -0.06977 -0.4475 0.89308 -0.04642 -0.40727 0.90347 -0.13368 -0.37841 0.91648 -0.12985 -0.4486 0.88411 -0.13081 -0.45489 0.87942 -0.14037 -0.44948 0.88842 -0.09319 -0.51274 0.85447 -0.08356 -0.42997 0.89924 -0.08057 -0.49329 0.86787 -0.05887 -0.46441 0.88388 -0.05542 -0.47901 0.8769 -0.03989 -0.56094 0.82609 -0.05413 -0.50878 0.85618 -0.08994 -0.54147 0.83715 -0.07742 -0.49108 0.86667 -0.08786 -0.534 0.84399 -0.05016 -0.49884 0.86536 -0.04805 0.43407 -0.8937 0.11354 0.45735 -0.88313 0.10449 0.46993 -0.87708 0.09951 0.49495 -0.86431 0.08942 -0.51238 0.85304 -0.09892 -0.55746 0.82543 -0.0889 -0.56082 0.82336 -0.08696 -0.69689 0.71006 -0.10084 -0.65536 0.74865 -0.10011 -0.67293 0.73307 -0.09883 -0.59915 0.79557 -0.08994 -0.58213 0.80938 -0.07761 -0.60963 0.78617 -0.10145 -0.79028 0.59969 -0.12585 -0.56941 0.82124 -0.03656 -0.73404 0.67312 -0.0899 -0.76506 0.63419 -0.1117 -0.73846 0.66556 -0.10818 -0.59515 0.80098 -0.06502 -0.58461 0.81 -0.04608 -0.78694 0.60594 -0.11646 -0.59938 0.79552 -0.0888 -0.68731 0.72334 -0.06624 -0.70334 0.70686 -0.07526 -0.71018 0.6975 -0.0956 -0.73382 0.67182 -0.10081 -0.65067 0.75491 -0.08212 -0.66545 0.74147 -0.08601 -0.66449 0.74487 -0.06024 -0.7699 0.62726 -0.11752 -0.63221 0.77188 -0.06721 -0.66376 0.74512 -0.06493 0.46126 -0.88649 0.03706 0.50606 -0.86225 0.02055 0.48798 -0.87243 0.0274 0.52334 -0.85201 0.01397 0.52324 -0.85208 0.01365 -0.44898 0.89336 -0.01772 -0.47825 0.87822 0.00286 -0.48088 0.87584 0.0406 -0.48103 0.87662 -0.01224 -0.51478 0.85731 -0.00518 -0.51823 0.85468 -0.03095 -0.4904 0.87116 0.02426 -0.49506 0.86724 0.05308 -0.56701 0.82371 0.00131 -0.55734 0.83026 0.00723 -0.53837 0.84259 0.01422 0.58075 -0.81408 0.00247 0.58071 -0.81408 -0.00683 0.58075 -0.81406 0.00641 0.58071 -0.81396 0.01571 -0.78153 0.62097 -0.06013 -0.77524 0.62945 -0.0529 -0.77703 0.62728 -0.05238 -0.71659 0.69703 -0.02536 -0.69899 0.71466 -0.02599 -0.65669 0.75372 -0.02581 -0.74235 0.66893 -0.03798 -0.75692 0.65143 -0.052 -0.72 0.69317 -0.0332 -0.70502 0.70878 -0.02401 -0.67309 0.73925 -0.02142 -0.7831 0.62135 -0.02614 -0.76716 0.64143 -0.00553 -0.76388 0.64515 0.01609 -0.58234 0.81117 0.05371 -0.58857 0.80705 0.04749 -0.58946 0.80653 0.04526 -0.732 0.68121 0.01132 -0.76279 0.64664 0.00145 -0.74911 0.66243 -0.00448 -0.69401 0.71919 0.0334 -0.77878 0.6269 -0.02233 -0.66127 0.75012 0.00566 -0.68879 0.72483 0.01349 -0.70302 0.71107 -0.01198 -0.67405 0.73848 0.01708 -0.60865 0.79266 0.03518 -0.65087 0.75859 0.03036 -0.67958 0.73301 0.02941 -0.62224 0.78188 0.03846 -0.74282 0.66911 0.02253 -0.72981 0.68328 0.02271 -0.44936 0.89102 0.06449 -0.46834 0.88053 0.073 -0.52106 0.85068 0.06956 -0.47942 0.87548 0.06073 -0.49741 0.86584 0.0539 -0.47853 0.87456 0.07839 -0.5227 0.85037 0.06049 0.52982 -0.84634 -0.05472 0.53358 -0.84354 -0.06111 0.55458 -0.82941 -0.06717 0.57051 -0.81873 -0.06487 0.59098 -0.80495 -0.05283 0.58299 -0.81181 -0.03311 0.58895 -0.80714 -0.0408 0.58671 -0.80891 -0.03791 0.59487 -0.80235 -0.04853 -0.76364 0.64445 0.03916 -0.75745 0.65136 0.0447 -0.75906 0.64936 0.04639 -0.70487 0.70637 0.06473 -0.71206 0.69933 0.06251 -0.70356 0.70811 0.05988 -0.729 0.68203 0.05818 -0.7403 0.67013 0.05368 0.57517 -0.81304 -0.09022 0.60272 -0.79342 -0.08495 0.58749 -0.80464 -0.08608 0.57571 -0.81362 -0.08109 0.68152 -0.72764 -0.0779 0.67169 -0.7378 -0.06695 0.63604 -0.7684 -0.07078 0.66051 -0.74823 -0.06233 0.63201 -0.77193 -0.0685 0.62036 -0.7814 -0.06753 -0.55083 0.83172 0.06944 -0.54954 0.83201 0.07594 -0.59415 0.80318 0.04348 -0.56859 0.8186 0.08117 -0.57066 0.81759 0.07675 -0.62431 0.77944 0.05195 -0.65615 0.75274 0.05341 -0.60792 0.79168 0.06063 -0.63536 0.76971 0.06211 -0.66944 0.74138 0.04688 -0.72134 0.69128 0.04252 -0.68768 0.72473 0.0432 -0.69117 0.72149 0.04169 -0.66868 0.7419 0.04953 -0.4404 0.8862 0.1439 -0.45579 0.87658 0.15447 -0.44968 0.88046 0.15027 -0.46522 0.87044 0.16098 -0.6468 0.75702 0.09254 -0.6109 0.78489 0.10363 -0.67916 0.72933 0.08255 -0.71444 0.69509 0.08015 -0.69024 0.71891 0.08205 -0.67706 0.72983 0.09455 -0.67687 0.72967 0.0971 -0.66834 0.73747 0.0972 -0.63608 0.76658 0.08802 0.51188 -0.84995 -0.12475 0.54136 -0.8298 -0.13549 0.53415 -0.83423 -0.13691 0.55656 -0.81921 -0.13832 0.55725 -0.82002 -0.13052 0.46489 -0.87424 -0.13995 0.4361 -0.87684 -0.20241 0.37922 -0.89593 -0.23132 0.31005 -0.91247 -0.26697 0.38397 -0.88876 -0.25034 0.49672 -0.83651 -0.23134 0.60299 -0.76157 -0.23752 0.66953 -0.70417 -0.23636 0.73683 -0.65716 -0.15882 0.72467 -0.66709 -0.17276 0.709 -0.67316 -0.21017 0.69337 -0.68274 -0.23046 0.46752 -0.87223 -0.14367 0.45916 -0.87472 -0.15501 0.45672 -0.87137 -0.17922 0.54825 -0.81871 -0.17072 0.58351 -0.79098 -0.18401 0.43692 -0.87118 -0.22392 0.72204 -0.67207 -0.16423 0.67807 -0.71502 -0.17019 0.49868 -0.84376 -0.19849 0.55602 -0.80331 -0.21341 0.68415 -0.70418 -0.18989 0.66472 -0.70192 -0.25583 0.62409 -0.7622 -0.17194 -0.74739 0.65884 0.08563 -0.75168 0.65215 0.09836 -0.72633 0.68313 0.07604 -0.73116 0.67681 0.08566 -0.70119 0.70568 0.10176 -0.65782 0.74503 0.11043 -0.67217 0.73221 0.10981 -0.64287 0.75605 0.12289 -0.69869 0.70693 0.10994 -0.71332 0.69169 0.11288 -0.69756 0.70788 0.111 -0.74372 0.65612 0.12802 -0.73335 0.66621 0.13547 -0.71881 0.68103 0.13969 -0.70229 0.69781 0.1409 -0.70277 0.69988 0.1276 -0.71205 0.68955 0.1323 -0.66934 0.72908 0.14289 -0.70469 0.69848 0.12465 -0.65433 0.743 0.14074 0.64686 -0.75189 -0.1274 0.64698 -0.75191 -0.12669 0.64712 -0.75193 -0.12584 0.64672 -0.75187 -0.12824 -0.79796 0.58251 -0.15475 -0.79759 0.58141 -0.16069 -0.70555 0.69764 -0.1245 -0.70509 0.69979 -0.11465 -0.67596 0.72117 -0.1516 -0.77856 0.61057 -0.14507 -0.77192 0.62129 -0.1347 -0.67335 0.72887 -0.12389 0.47484 -0.87724 0.07055 0.50332 -0.86152 0.06673 0.54812 -0.8346 0.05473 0.54812 -0.83564 0.03564 0.52401 -0.84967 0.05897 0.58181 -0.80699 0.10129 0.69743 -0.70779 0.11233 0.66087 -0.74443 0.09526 0.64157 -0.76137 0.09328 0.58699 -0.80427 0.09265 0.63062 -0.77155 0.08384 0.65424 -0.7507 0.09178 0.68836 -0.71804 0.10285 0.61952 -0.78181 0.07051 0.78913 -0.60701 0.09387 0.72197 -0.6873 0.07986 0.7724 -0.62837 0.09243 0.68597 -0.72145 0.09458 0.69779 -0.71142 0.08351 0.79235 -0.60401 0.08576 0.73928 -0.66891 0.07754 0.76702 -0.63523 0.09032 -0.62074 0.7833 -0.03342 -0.61442 0.78829 -0.03313 -0.5761 0.81709 -0.02176 -0.55081 0.8339 -0.03496 -0.58366 0.81175 -0.01994 -0.63721 0.7702 -0.02742 -0.68079 0.7315 -0.0379 -0.69562 0.7175 -0.03608 -0.61334 0.78887 -0.03869 -0.63528 0.76848 -0.07654 -0.66107 0.74978 -0.02868 -0.66298 0.74855 -0.0115 -0.62683 0.77869 -0.02685 -0.60277 0.7977 -0.01869 -0.5946 0.8038 -0.01894 0.50046 -0.8641 0.05357 0.56096 -0.82664 0.0446 0.5339 -0.84461 0.03991 0.52289 -0.85143 0.04071 0.55833 -0.82862 0.04072 -0.79304 0.6014 -0.09694 -0.78453 0.61374 -0.08858 -0.71653 0.69371 -0.07323 -0.74216 0.66696 -0.06599 -0.73209 0.67794 -0.06667 -0.77355 0.63183 -0.04909 -0.76656 0.63663 -0.08418 -0.64887 0.75944 -0.0471 -0.71504 0.69863 -0.02492 -0.67706 0.73434 -0.04843 -0.71114 0.70237 -0.03091 -0.68212 0.73001 -0.04244 0.72317 -0.68751 0.06589 0.70895 -0.69989 0.08684 0.72133 -0.68918 0.06866 0.7357 -0.6757 0.04666 0.79072 -0.61053 0.04489 0.75963 -0.64765 0.05921 0.74286 -0.66613 0.06653 0.77492 -0.6299 0.0523 0.63039 -0.77557 0.03324 0.65266 -0.75741 0.01938 0.66205 -0.74934 0.01305 0.65351 -0.75677 0.01482 0.66108 -0.75017 0.01481 0.65993 -0.75106 0.01994 0.70359 -0.71029 0.02121 0.70985 -0.70353 0.03399 0.70083 -0.71316 0.01569 0.69421 -0.71977 0.0027 0.77216 -0.63307 0.05477 0.75935 -0.64951 0.03907 0.74688 -0.66479 0.01484 0.74583 -0.66609 0.00749 0.76102 -0.64765 0.03736 0.61723 -0.78665 -0.01403 0.59545 -0.80291 -0.02781 0.59265 -0.80472 -0.03454 0.62778 -0.77794 -0.02668 0.62854 -0.77765 -0.01415 0.60881 -0.79308 -0.0193 0.62593 -0.77986 -0.00559 0.72934 -0.68406 -0.01096 0.72067 -0.69303 -0.01835 0.70956 -0.70411 -0.02763 0.71761 -0.69613 -0.02093 0.75827 -0.65134 -0.0281 0.74605 -0.66515 -0.03141 0.72509 -0.68766 -0.0369 0.74551 -0.66575 -0.03156 0.60954 -0.78647 -0.09964 0.66902 -0.73768 -0.09072 0.66947 -0.73757 -0.08832 0.64583 -0.75757 -0.09484 0.65302 -0.75137 -0.09491 0.61927 -0.77842 -0.10279 -0.57668 0.8065 0.13036 -0.61991 0.77369 0.13086 -0.64851 0.74888 0.13639 -0.57621 0.80653 0.13227 -0.64815 0.74877 0.13871 -0.60983 0.78146 0.132 0.60794 -0.78536 -0.1167 0.64256 -0.75579 -0.12607 0.63071 -0.76623 -0.12285 0.62751 -0.769 -0.12199 0.74065 -0.6619 -0.1154 0.74029 -0.66311 -0.11073 0.73917 -0.66272 -0.12012 0.74218 -0.66222 -0.10311 0.74305 -0.65896 -0.1168 0.73947 -0.661 -0.12749 -0.0377 -0.9798 -0.19637 -0.10473 -0.98123 -0.1619 -0.16918 -0.97824 -0.12008 -0.20631 -0.97471 -0.0859 -0.21137 -0.97587 -0.05474 -0.22343 -0.9747 -0.00629 -0.24634 -0.96869 0.03085 -0.23332 -0.96953 0.07462 -0.22928 -0.96819 0.1002 -0.21774 -0.96361 0.15504 -0.18458 -0.96652 0.17824 -0.12932 -0.96725 0.2184 -0.05817 -0.96547 0.25395 -0.13576 -0.96185 0.2375 -0.25832 -0.94091 0.21901 -0.37369 -0.89858 0.23001 -0.47488 -0.84226 0.25513 -0.62729 -0.757 -0.18292 -0.61777 -0.76967 -0.16114 -0.58375 -0.8043 -0.11107 -0.57977 -0.80994 -0.08866 -0.57773 -0.81477 -0.0488 -0.57478 -0.81814 -0.01684 -0.55527 -0.83145 0.01909 -0.54735 -0.83592 0.04051 -0.54881 -0.83246 0.07633 -0.54325 -0.83348 0.10095 -0.50098 -0.855 0.13418 -0.483 -0.86391 0.1427 -0.50202 -0.84374 0.18995 -0.49575 -0.84108 0.21639 -0.11027 -0.97772 -0.1786 -0.2349 -0.95947 -0.15567 -0.35422 -0.9239 -0.14466 -0.46789 -0.87181 -0.14501 -0.57005 -0.8051 -0.16386 -0.29381 -0.9523 0.08246 -0.17021 -0.97381 -0.15075 -0.2287 -0.96663 -0.11539 -0.28592 -0.94924 -0.13115 -0.27865 -0.95806 -0.06695 -0.33941 -0.93571 -0.09619 -0.51178 -0.84964 -0.12725 -0.23653 -0.97088 -0.03793 -0.30285 -0.95273 -0.02435 -0.54471 -0.83607 -0.06547 -0.26123 -0.96527 0.00388 -0.35621 -0.9344 0.00393 -0.53573 -0.84385 -0.03018 -0.39386 -0.91857 0.03334 -0.5361 -0.84415 -0.00287 -0.27681 -0.95929 0.05603 -0.50187 -0.86459 0.02478 -0.46371 -0.88407 0.05832 -0.24466 -0.96218 0.11979 -0.27184 -0.95293 0.13423 -0.51291 -0.85573 0.06814 -0.37211 -0.92045 0.11957 -0.22921 -0.95652 0.18035 -0.31779 -0.93634 0.14927 -0.34142 -0.9236 0.17432 -0.19383 -0.958 0.21133 -0.32248 -0.92564 0.19798 -0.452 -0.87326 0.18196 -0.44192 -0.86914 0.22204 -0.58418 -0.79898 -0.1427 -0.45993 -0.88222 -0.10078 -0.50629 -0.85892 -0.07703 -0.38954 -0.918 -0.07438 -0.4604 -0.88591 -0.05653 -0.38645 -0.92153 -0.03804 -0.30322 -0.95263 0.0234 -0.45126 -0.89236 -0.00732 -0.39206 -0.91761 0.06543 -0.38634 -0.91819 0.08756 -0.45271 -0.88585 0.10163 -0.50828 -0.85422 0.10934 -0.44253 -0.88411 0.15006 -0.39553 -0.91005 -0.12395 0.03603 0.98222 -0.18424 0.10336 0.98322 -0.15034 0.15393 0.98131 -0.11548 0.20004 0.97721 -0.07107 0.21174 0.97663 -0.03684 0.23114 0.97292 -0.00206 0.23731 0.9704 0.04479 0.23402 0.96852 0.08487 0.2302 0.96685 0.11047 0.21914 0.96158 0.16534 0.18619 0.96419 0.18887 0.13128 0.96441 0.22952 0.06045 0.96217 0.26566 0.13789 0.95877 0.24849 0.26028 0.93806 0.22867 0.38398 0.8941 0.23055 0.46583 0.85124 0.24166 0.6257 0.7593 -0.17879 0.61637 0.77169 -0.15676 0.59877 0.79285 -0.11339 0.58548 0.80682 -0.07904 0.56645 0.8233 -0.03614 0.55665 0.83067 -0.01179 0.55916 0.82887 0.01765 0.56075 0.82676 0.04499 0.54273 0.83565 0.08445 0.54238 0.83365 0.10416 0.53488 0.83393 0.13584 0.50693 0.84439 0.1733 0.49738 0.84676 0.18872 0.48768 0.84232 0.22949 0.10875 0.97992 -0.16714 0.23358 0.96138 -0.14553 0.35299 0.92569 -0.13602 0.46665 0.8736 -0.13803 0.56864 0.80715 -0.15861 0.29362 0.95103 0.09657 0.17023 0.97575 -0.13762 0.28418 0.95187 -0.11486 0.21378 0.97207 -0.09681 0.27443 0.95988 -0.05766 0.3344 0.938 -0.09132 0.38259 0.92259 -0.04963 0.50589 0.8544 -0.11861 0.24919 0.96767 -0.03892 0.29537 0.9553 -0.01236 0.39686 0.9177 -0.01819 0.53944 0.84008 -0.05717 0.2553 0.96665 0.02011 0.30065 0.95296 0.03832 0.35886 0.93334 0.00967 0.51343 0.85801 -0.01435 0.26348 0.96214 0.06971 0.34345 0.93677 0.06717 0.46544 0.88333 0.05567 0.24575 0.9606 0.12984 0.27306 0.95117 0.14393 0.48881 0.8684 0.08332 0.37727 0.91712 0.12868 0.23084 0.95417 0.19046 0.31913 0.93439 0.15835 0.34352 0.9214 0.18173 0.19573 0.95525 0.22177 0.49381 0.85731 0.14551 0.32303 0.92304 0.20893 0.44644 0.87098 0.20515 0.58309 0.80015 -0.14057 0.54767 0.83154 -0.09275 0.43878 0.89462 -0.08445 0.43738 0.89857 -0.03579 0.45438 0.8908 -0.00368 0.40651 0.91313 0.03071 0.51842 0.85483 0.0225 0.39893 0.91429 0.07026 0.53673 0.84171 0.05863 0.38185 0.91904 0.09777 0.44868 0.88679 0.11081 0.51642 0.84956 0.1075 0.43336 0.8867 0.16113 0.39133 0.91372 -0.10947 -0.69011 0.72367 0.00762 -0.69011 0.72367 0.00762 -0.69011 0.72367 0.00762 -0.69011 0.72367 0.00762 -0.69011 0.72367 0.00762 -0.69011 0.72367 0.00762 -0.69011 0.72367 0.00762 -0.69011 0.72367 0.00762 -0.69011 0.72367 0.00762 -0.72369 -0.69012 -0.00121 -0.72369 -0.69012 -0.00121 -0.72369 -0.69012 -0.00121 0.00438 -0.00635 0.99997 0.00438 -0.00635 0.99997 0.00438 -0.00635 0.99997 -0.72369 -0.69012 -0.00121 -0.72369 -0.69012 -0.00121 -0.72369 -0.69012 -0.00121 0.00438 -0.00635 0.99997 0.00438 -0.00635 0.99997 0.00438 -0.00635 0.99997 -0.72369 -0.69012 -0.00121 -0.72369 -0.69012 -0.00121 -0.72369 -0.69012 -0.00121 0.72369 0.69012 0.00121 0.72369 0.69012 0.00121 0.72369 0.69012 0.00121 -0.00438 0.00635 -0.99997 -0.00438 0.00635 -0.99997 -0.00438 0.00635 -0.99997 -0.00438 0.00635 -0.99997 -0.00438 0.00635 -0.99997 -0.00438 0.00635 -0.99997 0.72369 0.69012 0.00121 0.72369 0.69012 0.00121 0.72369 0.69012 0.00121 -0.00438 0.00635 -0.99997 -0.00438 0.00635 -0.99997 -0.00438 0.00635 -0.99997 -0.69011 0.72367 0.00762 -0.69011 0.72367 0.00762 -0.69011 0.72367 0.00762 -0.69011 0.72367 0.00762 -0.69011 0.72367 0.00762 -0.69011 0.72367 0.00762 -0.69011 0.72367 0.00762 -0.69011 0.72367 0.00762 -0.69011 0.72367 0.00762 0.72369 0.69012 0.00121 0.72369 0.69012 0.00121 0.72369 0.69012 0.00121 -0.00438 0.00635 -0.99997 -0.00438 0.00635 -0.99997 -0.00438 0.00635 -0.99997 -0.00438 0.00635 -0.99997 -0.00438 0.00635 -0.99997 -0.00438 0.00635 -0.99997 0.72369 0.69012 0.00121 0.72369 0.69012 0.00121 0.72369 0.69012 0.00121 -0.00438 0.00635 -0.99997 -0.00438 0.00635 -0.99997 -0.00438 0.00635 -0.99997 -0.72369 -0.69012 -0.00121 -0.72369 -0.69012 -0.00121 -0.72369 -0.69012 -0.00121 0.00438 -0.00635 0.99997 0.00438 -0.00635 0.99997 0.00438 -0.00635 0.99997 -0.72369 -0.69012 -0.00121 -0.72369 -0.69012 -0.00121 -0.72369 -0.69012 -0.00121 -0.72369 -0.69012 -0.00121 -0.72369 -0.69012 -0.00121 -0.72369 -0.69012 -0.00121 -0.69011 0.72367 0.00762 -0.69011 0.72367 0.00762 -0.69011 0.72367 0.00762 -0.69011 0.72367 0.00762 -0.69011 0.72367 0.00762 -0.69011 0.72367 0.00762 -0.72369 -0.69012 -0.00121 -0.72369 -0.69012 -0.00121 -0.72369 -0.69012 -0.00121 -0.72369 -0.69012 -0.00121 -0.72369 -0.69012 -0.00121 -0.72369 -0.69012 -0.00121 0.00438 -0.00635 0.99997 0.00438 -0.00635 0.99997 0.00438 -0.00635 0.99997 -0.72369 -0.69012 -0.00121 -0.72369 -0.69012 -0.00121 -0.72369 -0.69012 -0.00121 -0.72369 -0.69012 -0.00121 -0.72369 -0.69012 -0.00121 -0.72369 -0.69012 -0.00121 0.72369 0.69012 0.00121 0.72369 0.69012 0.00121 0.72369 0.69012 0.00121 -0.00438 0.00635 -0.99997 -0.00438 0.00635 -0.99997 -0.00438 0.00635 -0.99997 0.72369 0.69012 0.00121 0.72369 0.69012 0.00121 0.72369 0.69012 0.00121 -0.00438 0.00635 -0.99997 -0.00438 0.00635 -0.99997 -0.00438 0.00635 -0.99997 0.72369 0.69012 0.00121 0.72369 0.69012 0.00121 0.72369 0.69012 0.00121 -0.00438 0.00635 -0.99997 -0.00438 0.00635 -0.99997 -0.00438 0.00635 -0.99997 -0.69011 0.72367 0.00762 -0.69011 0.72367 0.00762 -0.69011 0.72367 0.00762 -0.72369 -0.69012 -0.00121 -0.72369 -0.69012 -0.00121 -0.72369 -0.69012 -0.00121 -0.72369 -0.69012 -0.00121 -0.72369 -0.69012 -0.00121 -0.72369 -0.69012 -0.00121 0.00438 -0.00635 0.99997 0.00438 -0.00635 0.99997 0.00438 -0.00635 0.99997 -0.72369 -0.69012 -0.00121 -0.72369 -0.69012 -0.00121 -0.72369 -0.69012 -0.00121 0.00438 -0.00635 0.99997 0.00438 -0.00635 0.99997 0.00438 -0.00635 0.99997 0.72369 0.69012 0.00121 0.72369 0.69012 0.00121 0.72369 0.69012 0.00121 -0.00438 0.00635 -0.99997 -0.00438 0.00635 -0.99997 -0.00438 0.00635 -0.99997 0.72369 0.69012 0.00121 0.72369 0.69012 0.00121 0.72369 0.69012 0.00121 -0.00438 0.00635 -0.99997 -0.00438 0.00635 -0.99997 -0.00438 0.00635 -0.99997 0.72369 0.69012 0.00121 0.72369 0.69012 0.00121 0.72369 0.69012 0.00121 -0.00438 0.00635 -0.99997 -0.00438 0.00635 -0.99997 -0.00438 0.00635 -0.99997 -0.72369 -0.69012 -0.00121 -0.72369 -0.69012 -0.00121 -0.72369 -0.69012 -0.00121 -0.69011 0.72367 0.00762 -0.69011 0.72367 0.00762 -0.69011 0.72367 0.00762 -0.69011 0.72367 0.00762 -0.69011 0.72367 0.00762 -0.69011 0.72367 0.00762 -0.72369 -0.69012 -0.00121 -0.72369 -0.69012 -0.00121 -0.72369 -0.69012 -0.00121 0.00438 -0.00635 0.99997 0.00438 -0.00635 0.99997 0.00438 -0.00635 0.99997 -0.72369 -0.69012 -0.00121 -0.72369 -0.69012 -0.00121 -0.72369 -0.69012 -0.00121 -0.00438 0.00635 -0.99997 -0.00438 0.00635 -0.99997 -0.00438 0.00635 -0.99997 0.72369 0.69012 0.00121 0.72369 0.69012 0.00121 0.72369 0.69012 0.00121 -0.00438 0.00635 -0.99997 -0.00438 0.00635 -0.99997 -0.00438 0.00635 -0.99997 0.72369 0.69012 0.00121 0.72369 0.69012 0.00121 0.72369 0.69012 0.00121 -0.00438 0.00635 -0.99997 -0.00438 0.00635 -0.99997 -0.00438 0.00635 -0.99997 0.72369 0.69012 0.00121 0.72369 0.69012 0.00121 0.72369 0.69012 0.00121 -0.00438 0.00635 -0.99997 -0.00438 0.00635 -0.99997 -0.00438 0.00635 -0.99997 -0.72369 -0.69012 -0.00121 -0.72369 -0.69012 -0.00121 -0.72369 -0.69012 -0.00121 0.00438 -0.00635 0.99997 0.00438 -0.00635 0.99997 0.00438 -0.00635 0.99997 0.72369 0.69012 0.00121 0.72369 0.69012 0.00121 0.72369 0.69012 0.00121 -0.00438 0.00635 -0.99997 -0.00438 0.00635 -0.99997 -0.00438 0.00635 -0.99997 0.72369 0.69012 0.00121 0.72369 0.69012 0.00121 0.72369 0.69012 0.00121 -0.00438 0.00635 -0.99997 -0.00438 0.00635 -0.99997 -0.00438 0.00635 -0.99997 -0.72369 -0.69012 -0.00121 -0.72369 -0.69012 -0.00121 -0.72369 -0.69012 -0.00121 -0.72369 -0.69012 -0.00121 -0.72369 -0.69012 -0.00121 -0.72369 -0.69012 -0.00121 0.00438 -0.00635 0.99997 0.00438 -0.00635 0.99997 0.00438 -0.00635 0.99997 -0.72369 -0.69012 -0.00121 -0.72369 -0.69012 -0.00121 -0.72369 -0.69012 -0.00121 0.00438 -0.00635 0.99997 0.00438 -0.00635 0.99997 0.00438 -0.00635 0.99997 0.72369 0.69012 0.00121 0.72369 0.69012 0.00121 0.72369 0.69012 0.00121 0.72369 0.69012 0.00121 0.72369 0.69012 0.00121 0.72369 0.69012 0.00121 -0.00438 0.00635 -0.99997 -0.00438 0.00635 -0.99997 -0.00438 0.00635 -0.99997 0.72369 0.69012 0.00121 0.72369 0.69012 0.00121 0.72369 0.69012 0.00121 -0.72369 -0.69012 -0.00121 -0.72369 -0.69012 -0.00121 -0.72369 -0.69012 -0.00121 0.00438 -0.00635 0.99997 0.00438 -0.00635 0.99997 0.00438 -0.00635 0.99997 0.00438 -0.00635 0.99997 0.00438 -0.00635 0.99997 0.00438 -0.00635 0.99997 -0.72369 -0.69012 -0.00121 -0.72369 -0.69012 -0.00121 -0.72369 -0.69012 -0.00121 -0.00438 0.00635 -0.99997 -0.00438 0.00635 -0.99997 -0.00438 0.00635 -0.99997 0.72369 0.69012 0.00121 0.72369 0.69012 0.00121 0.72369 0.69012 0.00121 -0.00438 0.00635 -0.99997 -0.00438 0.00635 -0.99997 -0.00438 0.00635 -0.99997 -0.72369 -0.69012 -0.00121 -0.72369 -0.69012 -0.00121 -0.72369 -0.69012 -0.00121 -0.72369 -0.69012 -0.00121 -0.72369 -0.69012 -0.00121 -0.72369 -0.69012 -0.00121 0.72369 0.69012 0.00121 0.72369 0.69012 0.00121 0.72369 0.69012 0.00121 -0.00438 0.00635 -0.99997 -0.00438 0.00635 -0.99997 -0.00438 0.00635 -0.99997 -0.72369 -0.69012 -0.00121 -0.72369 -0.69012 -0.00121 -0.72369 -0.69012 -0.00121 0.69011 -0.72367 -0.00762 0.69011 -0.72367 -0.00762 0.69011 -0.72367 -0.00762 0.72369 0.69012 0.00121 0.72369 0.69012 0.00121 0.72369 0.69012 0.00121 -0.00438 0.00635 -0.99997 -0.00438 0.00635 -0.99997 -0.00438 0.00635 -0.99997 0.72369 0.69012 0.00121 0.72369 0.69012 0.00121 0.72369 0.69012 0.00121 -0.00438 0.00635 -0.99997 -0.00438 0.00635 -0.99997 -0.00438 0.00635 -0.99997 0.00438 -0.00635 0.99997 0.00438 -0.00635 0.99997 0.00438 -0.00635 0.99997 -0.72369 -0.69012 -0.00121 -0.72369 -0.69012 -0.00121 -0.72369 -0.69012 -0.00121 0.00438 -0.00635 0.99997 0.00438 -0.00635 0.99997 0.00438 -0.00635 0.99997 0.69011 -0.72367 -0.00762 0.69011 -0.72367 -0.00762 0.69011 -0.72367 -0.00762 0.00438 -0.00635 0.99997 0.00438 -0.00635 0.99997 0.00438 -0.00635 0.99997 -0.72369 -0.69012 -0.00121 -0.72369 -0.69012 -0.00121 -0.72369 -0.69012 -0.00121 0.00438 -0.00635 0.99997 0.00438 -0.00635 0.99997 0.00438 -0.00635 0.99997 0.72369 0.69012 0.00121 0.72369 0.69012 0.00121 0.72369 0.69012 0.00121 -0.00438 0.00635 -0.99997 -0.00438 0.00635 -0.99997 -0.00438 0.00635 -0.99997 -0.00438 0.00635 -0.99997 -0.00438 0.00635 -0.99997 -0.00438 0.00635 -0.99997 0.69011 -0.72367 -0.00762 0.69011 -0.72367 -0.00762 0.69011 -0.72367 -0.00762 0.69011 -0.72367 -0.00762 0.69011 -0.72367 -0.00762 0.69011 -0.72367 -0.00762 -0.72369 -0.69012 -0.00121 -0.72369 -0.69012 -0.00121 -0.72369 -0.69012 -0.00121 -0.72369 -0.69012 -0.00121 -0.72369 -0.69012 -0.00121 -0.72369 -0.69012 -0.00121 0.72369 0.69012 0.00121 0.72369 0.69012 0.00121 0.72369 0.69012 0.00121 -0.00438 0.00635 -0.99997 -0.00438 0.00635 -0.99997 -0.00438 0.00635 -0.99997 0.72369 0.69012 0.00121 0.72369 0.69012 0.00121 0.72369 0.69012 0.00121 -0.00438 0.00635 -0.99997 -0.00438 0.00635 -0.99997 -0.00438 0.00635 -0.99997 0.72369 0.69012 0.00121 0.72369 0.69012 0.00121 0.72369 0.69012 0.00121 0.69011 -0.72367 -0.00762 0.69011 -0.72367 -0.00762 0.69011 -0.72367 -0.00762 0.72369 0.69012 0.00121 0.72369 0.69012 0.00121 0.72369 0.69012 0.00121 -0.00438 0.00635 -0.99997 -0.00438 0.00635 -0.99997 -0.00438 0.00635 -0.99997 0.72369 0.69012 0.00121 0.72369 0.69012 0.00121 0.72369 0.69012 0.00121 -0.72369 -0.69012 -0.00121 -0.72369 -0.69012 -0.00121 -0.72369 -0.69012 -0.00121 0.00438 -0.00635 0.99997 0.00438 -0.00635 0.99997 0.00438 -0.00635 0.99997 0.69011 -0.72367 -0.00762 0.69011 -0.72367 -0.00762 0.69011 -0.72367 -0.00762 0.72369 0.69012 0.00121 0.72369 0.69012 0.00121 0.72369 0.69012 0.00121 -0.00438 0.00635 -0.99997 -0.00438 0.00635 -0.99997 -0.00438 0.00635 -0.99997 0.00438 -0.00635 0.99997 0.00438 -0.00635 0.99997 0.00438 -0.00635 0.99997 -0.72369 -0.69012 -0.00121 -0.72369 -0.69012 -0.00121 -0.72369 -0.69012 -0.00121 0.00438 -0.00635 0.99997 0.00438 -0.00635 0.99997 0.00438 -0.00635 0.99997 0.69011 -0.72367 -0.00762 0.69011 -0.72367 -0.00762 0.69011 -0.72367 -0.00762 -0.00438 0.00635 -0.99997 -0.00438 0.00635 -0.99997 -0.00438 0.00635 -0.99997 0.69011 -0.72367 -0.00762 0.69011 -0.72367 -0.00762 0.69011 -0.72367 -0.00762 0.00438 -0.00635 0.99997 0.00438 -0.00635 0.99997 0.00438 -0.00635 0.99997 -0.72369 -0.69012 -0.00121 -0.72369 -0.69012 -0.00121 -0.72369 -0.69012 -0.00121 0.00438 -0.00635 0.99997 0.00438 -0.00635 0.99997 0.00438 -0.00635 0.99997 0.72369 0.69012 0.00121 0.72369 0.69012 0.00121 0.72369 0.69012 0.00121 -0.00438 0.00635 -0.99997 -0.00438 0.00635 -0.99997 -0.00438 0.00635 -0.99997 0.72369 0.69012 0.00121 0.72369 0.69012 0.00121 0.72369 0.69012 0.00121 -0.00438 0.00635 -0.99997 -0.00438 0.00635 -0.99997 -0.00438 0.00635 -0.99997 -0.72369 -0.69012 -0.00121 -0.72369 -0.69012 -0.00121 -0.72369 -0.69012 -0.00121 0.72369 0.69012 0.00121 0.72369 0.69012 0.00121 0.72369 0.69012 0.00121 0.72369 0.69012 0.00121 0.72369 0.69012 0.00121 0.72369 0.69012 0.00121 -0.00438 0.00635 -0.99997 -0.00438 0.00635 -0.99997 -0.00438 0.00635 -0.99997 0.00438 -0.00635 0.99997 0.00438 -0.00635 0.99997 0.00438 -0.00635 0.99997 0.00438 -0.00635 0.99997 0.00438 -0.00635 0.99997 0.00438 -0.00635 0.99997 0.87996 -0.47499 -0.00687 0.87996 -0.47499 -0.00687 0.87996 -0.47499 -0.00687 0.87996 -0.47499 -0.00687 0.87996 -0.47499 -0.00687 0.87996 -0.47499 -0.00687 -0.87996 0.47499 0.00687 -0.87996 0.47499 0.00687 -0.87996 0.47499 0.00687 -0.00438 0.00635 -0.99997 -0.00438 0.00635 -0.99997 -0.00438 0.00635 -0.99997 0.47502 0.87997 0.0035 0.47502 0.87997 0.0035 0.47502 0.87997 0.0035 0.47502 0.87997 0.0035 0.47502 0.87997 0.0035 0.47502 0.87997 0.0035 -0.87996 0.47499 0.00687 -0.87996 0.47499 0.00687 -0.87996 0.47499 0.00687 -0.00438 0.00635 -0.99997 -0.00438 0.00635 -0.99997 -0.00438 0.00635 -0.99997 -0.00438 0.00635 -0.99997 -0.00438 0.00635 -0.99997 -0.00438 0.00635 -0.99997 0.00438 -0.00635 0.99997 0.00438 -0.00635 0.99997 0.00438 -0.00635 0.99997 0.87996 -0.47499 -0.00687 0.87996 -0.47499 -0.00687 0.87996 -0.47499 -0.00687 0.47502 0.87997 0.0035 0.47502 0.87997 0.0035 0.47502 0.87997 0.0035 0.47502 0.87997 0.0035 0.47502 0.87997 0.0035 0.47502 0.87997 0.0035 0.87996 -0.47499 -0.00687 0.87996 -0.47499 -0.00687 0.87996 -0.47499 -0.00687 0.00438 -0.00635 0.99997 0.00438 -0.00635 0.99997 0.00438 -0.00635 0.99997 0.87996 -0.47499 -0.00687 0.87996 -0.47499 -0.00687 0.87996 -0.47499 -0.00687 -0.87996 0.47499 0.00687 -0.87996 0.47499 0.00687 -0.87996 0.47499 0.00687 -0.87996 0.47499 0.00687 -0.87996 0.47499 0.00687 -0.87996 0.47499 0.00687 -0.00438 0.00635 -0.99997 -0.00438 0.00635 -0.99997 -0.00438 0.00635 -0.99997 0.47502 0.87997 0.0035 0.47502 0.87997 0.0035 0.47502 0.87997 0.0035 0.47502 0.87997 0.0035 0.47502 0.87997 0.0035 0.47502 0.87997 0.0035 0.87996 -0.47499 -0.00687 0.87996 -0.47499 -0.00687 0.87996 -0.47499 -0.00687 0.00438 -0.00635 0.99997 0.00438 -0.00635 0.99997 0.00438 -0.00635 0.99997 -0.87996 0.47499 0.00687 -0.87996 0.47499 0.00687 -0.87996 0.47499 0.00687 -0.00438 0.00635 -0.99997 -0.00438 0.00635 -0.99997 -0.00438 0.00635 -0.99997 0.47502 0.87997 0.0035 0.47502 0.87997 0.0035 0.47502 0.87997 0.0035 0.47502 0.87997 0.0035 0.47502 0.87997 0.0035 0.47502 0.87997 0.0035 0.47502 0.87997 0.0035 0.47502 0.87997 0.0035 0.47502 0.87997 0.0035 0.87996 -0.47499 -0.00687 0.87996 -0.47499 -0.00687 0.87996 -0.47499 -0.00687 0.00438 -0.00635 0.99997 0.00438 -0.00635 0.99997 0.00438 -0.00635 0.99997 0.87996 -0.47499 -0.00687 0.87996 -0.47499 -0.00687 0.87996 -0.47499 -0.00687 -0.00438 0.00635 -0.99997 -0.00438 0.00635 -0.99997 -0.00438 0.00635 -0.99997 -0.87996 0.47499 0.00687 -0.87996 0.47499 0.00687 -0.87996 0.47499 0.00687 -0.87996 0.47499 0.00687 -0.87996 0.47499 0.00687 -0.87996 0.47499 0.00687 -0.00438 0.00635 -0.99997 -0.00438 0.00635 -0.99997 -0.00438 0.00635 -0.99997 0.47502 0.87997 0.0035 0.47502 0.87997 0.0035 0.47502 0.87997 0.0035 0.47502 0.87997 0.0035 0.47502 0.87997 0.0035 0.47502 0.87997 0.0035 0.47502 0.87997 0.0035 0.47502 0.87997 0.0035 0.47502 0.87997 0.0035 0.87996 -0.47499 -0.00687 0.87996 -0.47499 -0.00687 0.87996 -0.47499 -0.00687 0.00438 -0.00635 0.99997 0.00438 -0.00635 0.99997 0.00438 -0.00635 0.99997 0.87996 -0.47499 -0.00687 0.87996 -0.47499 -0.00687 0.87996 -0.47499 -0.00687 0.47502 0.87997 0.0035 0.47502 0.87997 0.0035 0.47502 0.87997 0.0035 0.47502 0.87997 0.0035 0.47502 0.87997 0.0035 0.47502 0.87997 0.0035 0.87996 -0.47499 -0.00687 0.87996 -0.47499 -0.00687 0.87996 -0.47499 -0.00687 0.87996 -0.47499 -0.00687 0.87996 -0.47499 -0.00687 0.87996 -0.47499 -0.00687 0.00438 -0.00635 0.99997 0.00438 -0.00635 0.99997 0.00438 -0.00635 0.99997 0.87996 -0.47499 -0.00687 0.87996 -0.47499 -0.00687 0.87996 -0.47499 -0.00687 -0.87996 0.47499 0.00687 -0.87996 0.47499 0.00687 -0.87996 0.47499 0.00687 -0.87996 0.47499 0.00687 -0.87996 0.47499 0.00687 -0.87996 0.47499 0.00687 0.47502 0.87997 0.0035 0.47502 0.87997 0.0035 0.47502 0.87997 0.0035 0.87996 -0.47499 -0.00687 0.87996 -0.47499 -0.00687 0.87996 -0.47499 -0.00687 0.87996 -0.47499 -0.00687 0.87996 -0.47499 -0.00687 0.87996 -0.47499 -0.00687 0.47502 0.87997 0.0035 0.47502 0.87997 0.0035 0.47502 0.87997 0.0035 0.47502 0.87997 0.0035 0.47502 0.87997 0.0035 0.47502 0.87997 0.0035 0.87996 -0.47499 -0.00687 0.87996 -0.47499 -0.00687 0.87996 -0.47499 -0.00687 0.00438 -0.00635 0.99997 0.00438 -0.00635 0.99997 0.00438 -0.00635 0.99997 0.87996 -0.47499 -0.00687 0.87996 -0.47499 -0.00687 0.87996 -0.47499 -0.00687 -0.87996 0.47499 0.00687 -0.87996 0.47499 0.00687 -0.87996 0.47499 0.00687 -0.00438 0.00635 -0.99997 -0.00438 0.00635 -0.99997 -0.00438 0.00635 -0.99997 0.00438 -0.00635 0.99997 0.00438 -0.00635 0.99997 0.00438 -0.00635 0.99997 0.87996 -0.47499 -0.00687 0.87996 -0.47499 -0.00687 0.87996 -0.47499 -0.00687 -0.87996 0.47499 0.00687 -0.87996 0.47499 0.00687 -0.87996 0.47499 0.00687 -0.00438 0.00635 -0.99997 -0.00438 0.00635 -0.99997 -0.00438 0.00635 -0.99997 -0.00438 0.00635 -0.99997 -0.00438 0.00635 -0.99997 -0.00438 0.00635 -0.99997 -0.00438 0.00635 -0.99997 -0.00438 0.00635 -0.99997 -0.00438 0.00635 -0.99997 -0.87996 0.47499 0.00687 -0.87996 0.47499 0.00687 -0.87996 0.47499 0.00687 0.87996 -0.47499 -0.00687 0.87996 -0.47499 -0.00687 0.87996 -0.47499 -0.00687 0.00438 -0.00635 0.99997 0.00438 -0.00635 0.99997 0.00438 -0.00635 0.99997 0.00438 -0.00635 0.99997 0.00438 -0.00635 0.99997 0.00438 -0.00635 0.99997 0.87996 -0.47499 -0.00687 0.87996 -0.47499 -0.00687 0.87996 -0.47499 -0.00687 0.87996 -0.47499 -0.00687 0.87996 -0.47499 -0.00687 0.87996 -0.47499 -0.00687 -0.87996 0.47499 0.00687 -0.87996 0.47499 0.00687 -0.87996 0.47499 0.00687 -0.00438 0.00635 -0.99997 -0.00438 0.00635 -0.99997 -0.00438 0.00635 -0.99997 0.00438 -0.00635 0.99997 0.00438 -0.00635 0.99997 0.00438 -0.00635 0.99997 0.87996 -0.47499 -0.00687 0.87996 -0.47499 -0.00687 0.87996 -0.47499 -0.00687 0.00438 -0.00635 0.99997 0.00438 -0.00635 0.99997 0.00438 -0.00635 0.99997 -0.87996 0.47499 0.00687 -0.87996 0.47499 0.00687 -0.87996 0.47499 0.00687 -0.00438 0.00635 -0.99997 -0.00438 0.00635 -0.99997 -0.00438 0.00635 -0.99997 -0.87996 0.47499 0.00687 -0.87996 0.47499 0.00687 -0.87996 0.47499 0.00687 -0.00438 0.00635 -0.99997 -0.00438 0.00635 -0.99997 -0.00438 0.00635 -0.99997 0.87996 -0.47499 -0.00687 0.87996 -0.47499 -0.00687 0.87996 -0.47499 -0.00687 -0.47502 -0.87997 -0.0035 -0.47502 -0.87997 -0.0035 -0.47502 -0.87997 -0.0035 0.87996 -0.47499 -0.00687 0.87996 -0.47499 -0.00687 0.87996 -0.47499 -0.00687 0.87996 -0.47499 -0.00687 0.87996 -0.47499 -0.00687 0.87996 -0.47499 -0.00687 -0.87996 0.47499 0.00687 -0.87996 0.47499 0.00687 -0.87996 0.47499 0.00687 -0.00438 0.00635 -0.99997 -0.00438 0.00635 -0.99997 -0.00438 0.00635 -0.99997 -0.87996 0.47499 0.00687 -0.87996 0.47499 0.00687 -0.87996 0.47499 0.00687 -0.00438 0.00635 -0.99997 -0.00438 0.00635 -0.99997 -0.00438 0.00635 -0.99997 0.87996 -0.47499 -0.00687 0.87996 -0.47499 -0.00687 0.87996 -0.47499 -0.00687 0.00438 -0.00635 0.99997 0.00438 -0.00635 0.99997 0.00438 -0.00635 0.99997 0.87996 -0.47499 -0.00687 0.87996 -0.47499 -0.00687 0.87996 -0.47499 -0.00687 0.87996 -0.47499 -0.00687 0.87996 -0.47499 -0.00687 0.87996 -0.47499 -0.00687 -0.00438 0.00635 -0.99997 -0.00438 0.00635 -0.99997 -0.00438 0.00635 -0.99997 -0.87996 0.47499 0.00687 -0.87996 0.47499 0.00687 -0.87996 0.47499 0.00687 -0.00438 0.00635 -0.99997 -0.00438 0.00635 -0.99997 -0.00438 0.00635 -0.99997 0.87996 -0.47499 -0.00687 0.87996 -0.47499 -0.00687 0.87996 -0.47499 -0.00687 -0.47502 -0.87997 -0.0035 -0.47502 -0.87997 -0.0035 -0.47502 -0.87997 -0.0035 0.87996 -0.47499 -0.00687 0.87996 -0.47499 -0.00687 0.87996 -0.47499 -0.00687 0.00438 -0.00635 0.99997 0.00438 -0.00635 0.99997 0.00438 -0.00635 0.99997 0.87996 -0.47499 -0.00687 0.87996 -0.47499 -0.00687 0.87996 -0.47499 -0.00687 -0.00438 0.00635 -0.99997 -0.00438 0.00635 -0.99997 -0.00438 0.00635 -0.99997 -0.00438 0.00635 -0.99997 -0.00438 0.00635 -0.99997 -0.00438 0.00635 -0.99997 -0.47502 -0.87997 -0.0035 -0.47502 -0.87997 -0.0035 -0.47502 -0.87997 -0.0035 -0.87996 0.47499 0.00687 -0.87996 0.47499 0.00687 -0.87996 0.47499 0.00687 -0.00438 0.00635 -0.99997 -0.00438 0.00635 -0.99997 -0.00438 0.00635 -0.99997 0.87996 -0.47499 -0.00687 0.87996 -0.47499 -0.00687 0.87996 -0.47499 -0.00687 0.00438 -0.00635 0.99997 0.00438 -0.00635 0.99997 0.00438 -0.00635 0.99997 0.87996 -0.47499 -0.00687 0.87996 -0.47499 -0.00687 0.87996 -0.47499 -0.00687 0.00438 -0.00635 0.99997 0.00438 -0.00635 0.99997 0.00438 -0.00635 0.99997 0.87996 -0.47499 -0.00687 0.87996 -0.47499 -0.00687 0.87996 -0.47499 -0.00687 0.00438 -0.00635 0.99997 0.00438 -0.00635 0.99997 0.00438 -0.00635 0.99997 0.00438 -0.00635 0.99997 0.00438 -0.00635 0.99997 0.00438 -0.00635 0.99997 0.87996 -0.47499 -0.00687 0.87996 -0.47499 -0.00687 0.87996 -0.47499 -0.00687 0.00438 -0.00635 0.99997 0.00438 -0.00635 0.99997 0.00438 -0.00635 0.99997 -0.87996 0.47499 0.00687 -0.87996 0.47499 0.00687 -0.87996 0.47499 0.00687 -0.00438 0.00635 -0.99997 -0.00438 0.00635 -0.99997 -0.00438 0.00635 -0.99997 -0.87996 0.47499 0.00687 -0.87996 0.47499 0.00687 -0.87996 0.47499 0.00687 0.87996 -0.47499 -0.00687 0.87996 -0.47499 -0.00687 0.87996 -0.47499 -0.00687 0.00438 -0.00635 0.99997 0.00438 -0.00635 0.99997 0.00438 -0.00635 0.99997 0.87996 -0.47499 -0.00687 0.87996 -0.47499 -0.00687 0.87996 -0.47499 -0.00687 -0.87996 0.47499 0.00687 -0.87996 0.47499 0.00687 -0.87996 0.47499 0.00687 -0.87996 0.47499 0.00687 -0.87996 0.47499 0.00687 -0.87996 0.47499 0.00687 -0.00438 0.00635 -0.99997 -0.00438 0.00635 -0.99997 -0.00438 0.00635 -0.99997 0.47502 0.87997 0.0035 0.47502 0.87997 0.0035 0.47502 0.87997 0.0035 0.47502 0.87997 0.0035 0.47502 0.87997 0.0035 0.47502 0.87997 0.0035 -0.69011 0.72367 0.00762 -0.69011 0.72367 0.00762 -0.69011 0.72367 0.00762 -0.69011 0.72367 0.00762 -0.69011 0.72367 0.00762 -0.69011 0.72367 0.00762 0.00438 -0.00635 0.99997 0.00438 -0.00635 0.99997 0.00438 -0.00635 0.99997 -0.72369 -0.69012 -0.00121 -0.72369 -0.69012 -0.00121 -0.72369 -0.69012 -0.00121 0.00438 -0.00635 0.99997 0.00438 -0.00635 0.99997 0.00438 -0.00635 0.99997 -0.72369 -0.69012 -0.00121 -0.72369 -0.69012 -0.00121 -0.72369 -0.69012 -0.00121 0.72369 0.69012 0.00121 0.72369 0.69012 0.00121 0.72369 0.69012 0.00121 -0.00438 0.00635 -0.99997 -0.00438 0.00635 -0.99997 -0.00438 0.00635 -0.99997 0.72369 0.69012 0.00121 0.72369 0.69012 0.00121 0.72369 0.69012 0.00121 -0.00438 0.00635 -0.99997 -0.00438 0.00635 -0.99997 -0.00438 0.00635 -0.99997 -0.00438 0.00635 -0.99997 -0.00438 0.00635 -0.99997 -0.00438 0.00635 -0.99997 -0.72369 -0.69012 -0.00121 -0.72369 -0.69012 -0.00121 -0.72369 -0.69012 -0.00121 -0.12243 0.9017 -0.41466 -0.12243 0.9017 -0.41466 -0.12243 0.9017 -0.41466 0.72369 0.69012 0.00121 0.72369 0.69012 0.00121 0.72369 0.69012 0.00121 0.72369 0.69012 0.00121 0.72369 0.69012 0.00121 0.72369 0.69012 0.00121 0.72369 0.69012 0.00121 0.72369 0.69012 0.00121 0.72369 0.69012 0.00121 -0.00438 0.00635 -0.99997 -0.00438 0.00635 -0.99997 -0.00438 0.00635 -0.99997 -0.00438 0.00635 -0.99997 -0.00438 0.00635 -0.99997 -0.00438 0.00635 -0.99997 0.00438 -0.00635 0.99997 0.00438 -0.00635 0.99997 0.00438 -0.00635 0.99997 -0.72369 -0.69012 -0.00121 -0.72369 -0.69012 -0.00121 -0.72369 -0.69012 -0.00121 0.00438 -0.00635 0.99997 0.00438 -0.00635 0.99997 0.00438 -0.00635 0.99997 0.11957 -0.90224 -0.41433 0.11957 -0.90224 -0.41433 0.11957 -0.90224 -0.41433 0.15907 -0.89214 -0.42284 0.15907 -0.89214 -0.42284 0.15907 -0.89214 -0.42284 -0.0328 0.21543 -0.97597 -0.0328 0.21543 -0.97597 -0.0328 0.21543 -0.97597 -0.02324 -0.43995 -0.89772 -0.02324 -0.43995 -0.89772 -0.02324 -0.43995 -0.89772 0.05255 -0.41558 -0.90804 0.05255 -0.41558 -0.90804 0.05255 -0.41558 -0.90804 0.87996 -0.47499 -0.00687 0.87996 -0.47499 -0.00687 0.87996 -0.47499 -0.00687 0.87996 -0.47499 -0.00687 0.87996 -0.47499 -0.00687 0.87996 -0.47499 -0.00687 0.87996 -0.47499 -0.00687 0.87996 -0.47499 -0.00687 0.87996 -0.47499 -0.00687 0.00438 -0.00635 0.99997 0.00438 -0.00635 0.99997 0.00438 -0.00635 0.99997 0.87996 -0.47499 -0.00687 0.87996 -0.47499 -0.00687 0.87996 -0.47499 -0.00687 0.87996 -0.47499 -0.00687 0.87996 -0.47499 -0.00687 0.87996 -0.47499 -0.00687 0.00438 -0.00635 0.99997 0.00438 -0.00635 0.99997 0.00438 -0.00635 0.99997 0.87996 -0.47499 -0.00687 0.87996 -0.47499 -0.00687 0.87996 -0.47499 -0.00687 0.87996 -0.47499 -0.00687 0.87996 -0.47499 -0.00687 0.87996 -0.47499 -0.00687 0.87996 -0.47499 -0.00687 0.87996 -0.47499 -0.00687 0.87996 -0.47499 -0.00687 -0.00438 0.00635 -0.99997 -0.00438 0.00635 -0.99997 -0.00438 0.00635 -0.99997 -0.87996 0.47499 0.00687 -0.87996 0.47499 0.00687 -0.87996 0.47499 0.00687 -0.00438 0.00635 -0.99997 -0.00438 0.00635 -0.99997 -0.00438 0.00635 -0.99997 -0.00438 0.00635 -0.99997 -0.00438 0.00635 -0.99997 -0.00438 0.00635 -0.99997 0.47502 0.87997 0.0035 0.47502 0.87997 0.0035 0.47502 0.87997 0.0035 0.02994 -0.20276 -0.97877 0.02994 -0.20276 -0.97877 0.02994 -0.20276 -0.97877 -0.10813 0.97697 0.18397 -0.10813 0.97697 0.18397 -0.10813 0.97697 0.18397 -0.10446 0.96464 0.24198 -0.10446 0.96464 0.24198 -0.10446 0.96464 0.24198 -0.10883 0.79555 -0.59604 -0.10883 0.79555 -0.59604 -0.10883 0.79555 -0.59604 -0.12661 0.9351 -0.331 -0.12661 0.9351 -0.331 -0.12661 0.9351 -0.331 -0.69011 0.72367 0.00762 -0.69011 0.72367 0.00762 -0.69011 0.72367 0.00762 -0.72369 -0.69012 -0.00121 -0.72369 -0.69012 -0.00121 -0.72369 -0.69012 -0.00121 0.00438 -0.00635 0.99997 0.00438 -0.00635 0.99997 0.00438 -0.00635 0.99997 -0.72369 -0.69012 -0.00121 -0.72369 -0.69012 -0.00121 -0.72369 -0.69012 -0.00121 -0.72369 -0.69012 -0.00121 -0.72369 -0.69012 -0.00121 -0.72369 -0.69012 -0.00121 0.00438 -0.00635 0.99997 0.00438 -0.00635 0.99997 0.00438 -0.00635 0.99997 -0.72369 -0.69012 -0.00121 -0.72369 -0.69012 -0.00121 -0.72369 -0.69012 -0.00121 0.00438 -0.00635 0.99997 0.00438 -0.00635 0.99997 0.00438 -0.00635 0.99997 -0.72369 -0.69012 -0.00121 -0.72369 -0.69012 -0.00121 -0.72369 -0.69012 -0.00121 -0.72369 -0.69012 -0.00121 -0.72369 -0.69012 -0.00121 -0.72369 -0.69012 -0.00121 0.72369 0.69012 0.00121 0.72369 0.69012 0.00121 0.72369 0.69012 0.00121 -0.00438 0.00635 -0.99997 -0.00438 0.00635 -0.99997 -0.00438 0.00635 -0.99997 0.72369 0.69012 0.00121 0.72369 0.69012 0.00121 0.72369 0.69012 0.00121 -0.00438 0.00635 -0.99997 -0.00438 0.00635 -0.99997 -0.00438 0.00635 -0.99997 0.72369 0.69012 0.00121 0.72369 0.69012 0.00121 0.72369 0.69012 0.00121 -0.00438 0.00635 -0.99997 -0.00438 0.00635 -0.99997 -0.00438 0.00635 -0.99997 -0.72369 -0.69012 -0.00121 -0.72369 -0.69012 -0.00121 -0.72369 -0.69012 -0.00121 -0.72369 -0.69012 -0.00121 -0.72369 -0.69012 -0.00121 -0.72369 -0.69012 -0.00121 0.01778 -0.2044 -0.97873 0.01778 -0.2044 -0.97873 0.01778 -0.2044 -0.97873 -0.14632 0.92221 -0.35793 -0.14632 0.92221 -0.35793 -0.14632 0.92221 -0.35793 -0.13913 0.98907 0.04884 -0.13913 0.98907 0.04884 -0.13913 0.98907 0.04884 -0.13721 0.96618 -0.21832 -0.13721 0.96618 -0.21832 -0.13721 0.96618 -0.21832 -0.1053 0.67674 -0.72866 -0.1053 0.67674 -0.72866 -0.1053 0.67674 -0.72866 -0.10883 0.79555 -0.59604 -0.10883 0.79555 -0.59604 -0.10883 0.79555 -0.59604 0.87996 -0.47499 -0.00687 0.87996 -0.47499 -0.00687 0.87996 -0.47499 -0.00687 0.00438 -0.00635 0.99997 0.00438 -0.00635 0.99997 0.00438 -0.00635 0.99997 0.87996 -0.47499 -0.00687 0.87996 -0.47499 -0.00687 0.87996 -0.47499 -0.00687 0.00438 -0.00635 0.99997 0.00438 -0.00635 0.99997 0.00438 -0.00635 0.99997 0.87996 -0.47499 -0.00687 0.87996 -0.47499 -0.00687 0.87996 -0.47499 -0.00687 -0.00438 0.00635 -0.99997 -0.00438 0.00635 -0.99997 -0.00438 0.00635 -0.99997 -0.87996 0.47499 0.00687 -0.87996 0.47499 0.00687 -0.87996 0.47499 0.00687 -0.00438 0.00635 -0.99997 -0.00438 0.00635 -0.99997 -0.00438 0.00635 -0.99997 -0.87996 0.47499 0.00687 -0.87996 0.47499 0.00687 -0.87996 0.47499 0.00687 -0.87996 0.47499 0.00687 -0.87996 0.47499 0.00687 -0.87996 0.47499 0.00687 -0.00438 0.00635 -0.99997 -0.00438 0.00635 -0.99997 -0.00438 0.00635 -0.99997 -0.87996 0.47499 0.00687 -0.87996 0.47499 0.00687 -0.87996 0.47499 0.00687 0.11639 -0.87973 -0.461 0.11639 -0.87973 -0.461 0.11639 -0.87973 -0.461 0.08935 -0.68507 -0.72297 0.08935 -0.68507 -0.72297 0.08935 -0.68507 -0.72297 -0.00438 0.00635 -0.99997 -0.00438 0.00635 -0.99997 -0.00438 0.00635 -0.99997 -0.87996 0.47499 0.00687 -0.87996 0.47499 0.00687 -0.87996 0.47499 0.00687 -0.00438 0.00635 -0.99997 -0.00438 0.00635 -0.99997 -0.00438 0.00635 -0.99997 -0.87996 0.47499 0.00687 -0.87996 0.47499 0.00687 -0.87996 0.47499 0.00687 -0.00438 0.00635 -0.99997 -0.00438 0.00635 -0.99997 -0.00438 0.00635 -0.99997 0.87996 -0.47499 -0.00687 0.87996 -0.47499 -0.00687 0.87996 -0.47499 -0.00687 0.00438 -0.00635 0.99997 0.00438 -0.00635 0.99997 0.00438 -0.00635 0.99997 0.00438 -0.00635 0.99997 0.00438 -0.00635 0.99997 0.00438 -0.00635 0.99997 0.87996 -0.47499 -0.00687 0.87996 -0.47499 -0.00687 0.87996 -0.47499 -0.00687 0.00438 -0.00635 0.99997 0.00438 -0.00635 0.99997 0.00438 -0.00635 0.99997 -0.47502 -0.87997 -0.0035 -0.47502 -0.87997 -0.0035 -0.47502 -0.87997 -0.0035 0.10099 -0.61315 -0.78348 0.10099 -0.61315 -0.78348 0.10099 -0.61315 -0.78348 0.11826 -0.84063 -0.52854 0.11826 -0.84063 -0.52854 0.11826 -0.84063 -0.52854 -0.00438 0.00635 -0.99997 -0.00438 0.00635 -0.99997 -0.00438 0.00635 -0.99997 0.00438 -0.00635 0.99997 0.00438 -0.00635 0.99997 0.00438 -0.00635 0.99997 -0.72369 -0.69012 -0.00121 -0.72369 -0.69012 -0.00121 -0.72369 -0.69012 -0.00121 0.00438 -0.00635 0.99997 0.00438 -0.00635 0.99997 0.00438 -0.00635 0.99997 0.13356 -0.94591 -0.29565 0.13356 -0.94591 -0.29565 0.13356 -0.94591 -0.29565 0.72369 0.69012 0.00121 0.72369 0.69012 0.00121 0.72369 0.69012 0.00121 0.00438 -0.00635 0.99997 0.00438 -0.00635 0.99997 0.00438 -0.00635 0.99997 0.00438 -0.00635 0.99997 0.00438 -0.00635 0.99997 0.00438 -0.00635 0.99997 -0.72369 -0.69012 -0.00121 -0.72369 -0.69012 -0.00121 -0.72369 -0.69012 -0.00121 0.1354 -0.96206 -0.23689 0.1354 -0.96206 -0.23689 0.1354 -0.96206 -0.23689 0.13025 -0.96491 0.22802 0.13025 -0.96491 0.22802 0.13025 -0.96491 0.22802 0.00438 -0.00635 0.99997 0.00438 -0.00635 0.99997 0.00438 -0.00635 0.99997 0.87996 -0.47499 -0.00687 0.87996 -0.47499 -0.00687 0.87996 -0.47499 -0.00687 0.00438 -0.00635 0.99997 0.00438 -0.00635 0.99997 0.00438 -0.00635 0.99997 0.87996 -0.47499 -0.00687 0.87996 -0.47499 -0.00687 0.87996 -0.47499 -0.00687 0.00438 -0.00635 0.99997 0.00438 -0.00635 0.99997 0.00438 -0.00635 0.99997 0.12874 -0.9656 -0.22591 0.12874 -0.9656 -0.22591 0.12874 -0.9656 -0.22591 0.13759 -0.96923 0.20412 0.13759 -0.96923 0.20412 0.13759 -0.96923 0.20412 0.15525 -0.95783 0.24178 0.15525 -0.95783 0.24178 0.15525 -0.95783 0.24178 0.12267 -0.90362 0.4104 0.12267 -0.90362 0.4104 0.12267 -0.90362 0.4104 -0.00438 0.00635 -0.99997 -0.00438 0.00635 -0.99997 -0.00438 0.00635 -0.99997 -0.87996 0.47499 0.00687 -0.87996 0.47499 0.00687 -0.87996 0.47499 0.00687 0.00438 -0.00635 0.99997 0.00438 -0.00635 0.99997 0.00438 -0.00635 0.99997 0.00438 -0.00635 0.99997 0.00438 -0.00635 0.99997 0.00438 -0.00635 0.99997 0.87996 -0.47499 -0.00687 0.87996 -0.47499 -0.00687 0.87996 -0.47499 -0.00687 0.00438 -0.00635 0.99997 0.00438 -0.00635 0.99997 0.00438 -0.00635 0.99997 0.87996 -0.47499 -0.00687 0.87996 -0.47499 -0.00687 0.87996 -0.47499 -0.00687 -0.12207 0.96845 0.21728 -0.12207 0.96845 0.21728 -0.12207 0.96845 0.21728 -0.12808 0.92804 0.34977 -0.12808 0.92804 0.34977 -0.12808 0.92804 0.34977 -0.1286 0.88588 0.44573 -0.1286 0.88588 0.44573 -0.1286 0.88588 0.44573 -0.00438 0.00635 -0.99997 -0.00438 0.00635 -0.99997 -0.00438 0.00635 -0.99997 0.72369 0.69012 0.00121 0.72369 0.69012 0.00121 0.72369 0.69012 0.00121 -0.00438 0.00635 -0.99997 -0.00438 0.00635 -0.99997 -0.00438 0.00635 -0.99997 0.72369 0.69012 0.00121 0.72369 0.69012 0.00121 0.72369 0.69012 0.00121 -0.72369 -0.69012 -0.00121 -0.72369 -0.69012 -0.00121 -0.72369 -0.69012 -0.00121 -0.72369 -0.69012 -0.00121 -0.72369 -0.69012 -0.00121 -0.72369 -0.69012 -0.00121 0.00438 -0.00635 0.99997 0.00438 -0.00635 0.99997 0.00438 -0.00635 0.99997 -0.72369 -0.69012 -0.00121 -0.72369 -0.69012 -0.00121 -0.72369 -0.69012 -0.00121 0.00438 -0.00635 0.99997 0.00438 -0.00635 0.99997 0.00438 -0.00635 0.99997 -0.72369 -0.69012 -0.00121 -0.72369 -0.69012 -0.00121 -0.72369 -0.69012 -0.00121 -0.10969 0.80223 -0.58685 -0.10969 0.80223 -0.58685 -0.10969 0.80223 -0.58685 -0.11167 0.81758 -0.56489 -0.11167 0.81758 -0.56489 -0.11167 0.81758 -0.56489 -0.12478 0.97641 -0.17622 -0.12478 0.97641 -0.17622 -0.12478 0.97641 -0.17622 -0.10718 0.94678 0.30352 -0.10718 0.94678 0.30352 -0.10718 0.94678 0.30352 0.09478 -0.86633 0.4904 0.09478 -0.86633 0.4904 0.09478 -0.86633 0.4904 0.1362 -0.86215 0.48801 0.1362 -0.86215 0.48801 0.1362 -0.86215 0.48801 0.1476 -0.93894 0.31082 0.1476 -0.93894 0.31082 0.1476 -0.93894 0.31082 0.13841 -0.9747 0.17552 0.13841 -0.9747 0.17552 0.13841 -0.9747 0.17552 0.11755 -0.99307 -0.00114 0.11755 -0.99307 -0.00114 0.11755 -0.99307 -0.00114 0.87996 -0.47499 -0.00687 0.87996 -0.47499 -0.00687 0.87996 -0.47499 -0.00687 -0.12216 0.92042 0.37136 -0.12216 0.92042 0.37136 -0.12216 0.92042 0.37136 -0.12008 0.90578 0.40637 -0.12008 0.90578 0.40637 -0.12008 0.90578 0.40637 -0.13595 0.87346 0.46753 -0.13595 0.87346 0.46753 -0.13595 0.87346 0.46753 -0.72369 -0.69012 -0.00121 -0.72369 -0.69012 -0.00121 -0.72369 -0.69012 -0.00121 0.00438 -0.00635 0.99997 0.00438 -0.00635 0.99997 0.00438 -0.00635 0.99997 -0.10217 0.83827 0.5356 -0.10217 0.83827 0.5356 -0.10217 0.83827 0.5356 -0.12008 0.90578 0.40637 -0.12008 0.90578 0.40637 -0.12008 0.90578 0.40637 0.00438 -0.00635 0.99997 0.00438 -0.00635 0.99997 0.00438 -0.00635 0.99997 -0.06793 0.49623 -0.86553 -0.06793 0.49623 -0.86553 -0.06793 0.49623 -0.86553 -0.05963 0.42067 -0.90525 -0.05963 0.42067 -0.90525 -0.05963 0.42067 -0.90525 0.13708 -0.85294 0.50369 0.13708 -0.85294 0.50369 0.13708 -0.85294 0.50369 -0.51358 0.8477 -0.13284 -0.51358 0.8477 -0.13284 -0.51358 0.8477 -0.13284 0.56863 -0.82012 0.0637 0.56863 -0.82012 0.0637 0.56863 -0.82012 0.0637 0.53033 -0.84752 -0.02143 0.53033 -0.84752 -0.02143 0.53033 -0.84752 -0.02143 0.49498 -0.86849 -0.02684 0.49498 -0.86849 -0.02684 0.49498 -0.86849 -0.02684 0.48591 -0.86843 -0.09857 0.48591 -0.86843 -0.09857 0.48591 -0.86843 -0.09857 0.46763 -0.87553 -0.12151 0.46763 -0.87553 -0.12151 0.46763 -0.87553 -0.12151 0.73772 -0.66582 -0.11157 0.73772 -0.66582 -0.11157 0.73772 -0.66582 -0.11157 -0.40819 0.89409 0.18437 -0.40819 0.89409 0.18437 -0.40819 0.89409 0.18437 -0.50648 0.84424 0.17532 -0.50648 0.84424 0.17532 -0.50648 0.84424 0.17532 -0.43089 0.88789 -0.16118 -0.43089 0.88789 -0.16118 -0.43089 0.88789 -0.16118 0.69795 -0.70869 0.10304 0.69795 -0.70869 0.10304 0.69795 -0.70869 0.10304 0.80395 -0.57912 0.13523 0.80395 -0.57912 0.13523 0.80395 -0.57912 0.13523 0.74735 -0.65177 0.12908 0.74735 -0.65177 0.12908 0.74735 -0.65177 0.12908 0.64769 -0.76006 0.05301 0.64769 -0.76006 0.05301 0.64769 -0.76006 0.05301 0.69738 -0.71447 0.05652 0.69738 -0.71447 0.05652 0.69738 -0.71447 0.05652 0.65256 -0.75539 0.05954 0.65256 -0.75539 0.05954 0.65256 -0.75539 0.05954 0.69209 -0.72035 0.04589 0.69209 -0.72035 0.04589 0.69209 -0.72035 0.04589 0.65003 -0.75985 0.00984 0.65003 -0.75985 0.00984 0.65003 -0.75985 0.00984 -0.62391 0.78141 0.01161 -0.62391 0.78141 0.01161 -0.62391 0.78141 0.01161 -0.65333 0.75707 -0.00214 -0.65333 0.75707 -0.00214 -0.65333 0.75707 -0.00214 0.65735 -0.75353 0.00946 0.65735 -0.75353 0.00946 0.65735 -0.75353 0.00946 0.67054 -0.74092 -0.03758 0.67054 -0.74092 -0.03758 0.67054 -0.74092 -0.03758 0.66673 -0.74468 -0.0303 0.66673 -0.74468 -0.0303 0.66673 -0.74468 -0.0303 0.72331 -0.68897 -0.04628 0.72331 -0.68897 -0.04628 0.72331 -0.68897 -0.04628 -0.75162 0.65478 0.07954 -0.75162 0.65478 0.07954 -0.75162 0.65478 0.07954 0.72214 -0.68895 -0.06218 0.72214 -0.68895 -0.06218 0.72214 -0.68895 -0.06218 0.76463 -0.64073 -0.06933 0.76463 -0.64073 -0.06933 0.76463 -0.64073 -0.06933 0.57565 -0.80722 -0.13047 0.57565 -0.80722 -0.13047 0.57565 -0.80722 -0.13047 0.69103 -0.71441 -0.10998 0.69103 -0.71441 -0.10998 0.69103 -0.71441 -0.10998</float_array>
          <technique_common>
            <accessor count="5695" source="#g3_black-nrm-array" stride="3">
              <param type="float" name="X"/>
              <param type="float" name="Y"/>
              <param type="float" name="Z"/>
            </accessor>
          </technique_common>
        </source>
        <vertices id="g3_black-pos-vertices">
          <input semantic="POSITION" source="#g3_black-pos"/>
        </vertices>
        <triangles count="3617" material="black-ref">
          <input offset="0" semantic="VERTEX" source="#g3_black-pos-vertices"/>
          <input offset="1" semantic="NORMAL" source="#g3_black-nrm"/>
          <p>23 23 0 0 2 2 23 23 1 1 0 0 3 3 23 23 2 2 22 22 23 23 3 3 21 21 3 3 4 4 21 21 22 22 3 3 5 5 21 21 4 4 20 20 21 21 5 5 19 19 5 5 6 6 19 19 20 20 5 5 7 7 19 19 6 6 18 18 19 19 7 7 9 9 17 17 8 8 16 16 17 17 9 9 15 15 9 9 10 10 15 15 16 16 9 9 11 11 15 15 10 10 14 14 15 15 11 11 13 13 11 11 12 12 13 13 14 14 11 11 17 17 7 7 8 8 17 17 18 18 7 7 30 30 31 31 28 28 32 32 28 28 31 31 34 34 26 26 33 33 34 34 35 35 24 24 32 32 33 33 26 26 25 25 34 34 24 24 27 27 28 28 32 32 29 29 30 30 28 28 27 27 32 32 26 26 36 36 24 24 35 35 25 25 26 26 34 34 39 39 40 40 37 37 41 41 37 37 40 40 38 38 39 39 37 37 43 43 42 42 45 45 43 43 45 45 44 44 46 46 49 49 48 48 47 47 46 46 48 48 52 52 51 51 50 50 52 52 50 50 53 53 54 54 57 57 56 56 55 55 57 57 54 54 66 66 67 67 75 75 65 65 75 75 76 76 75 75 67 67 74 74 69 69 71 71 72 72 58 58 60 60 81 81 73 73 68 68 69 69 61 61 79 79 80 80 63 63 64 64 77 77 65 65 66 66 75 75 63 63 77 77 78 78 64 64 65 65 77 77 77 77 65 65 76 76 67 67 68 68 73 73 67 67 73 73 74 74 69 69 70 70 71 71 81 81 61 61 80 80 60 60 61 61 81 81 58 58 81 81 59 59 61 61 62 62 79 79 73 73 69 69 72 72 79 79 63 63 78 78 62 62 63 63 79 79 86 86 91 91 85 85 86 86 87 87 89 89 82 82 83 83 93 93 84 84 93 93 83 83 88 88 89 89 87 87 84 84 85 85 91 91 92 92 84 84 91 91 92 92 93 93 84 84 90 90 86 86 89 89 90 90 91 91 86 86 94 94 82 82 93 93 97 97 98 98 96 96 95 95 96 96 98 98 99 99 95 95 98 98 100 100 103 103 102 102 101 101 100 100 102 102 106 106 105 105 104 104 106 106 104 104 107 107 109 109 111 111 110 110 108 108 111 111 109 109 113 113 115 115 114 114 113 113 112 112 115 115 135 135 136 136 121 121 135 135 121 121 122 122 136 136 137 137 121 121 121 121 137 137 120 120 137 137 138 138 119 119 137 137 119 119 120 120 138 138 139 139 119 119 119 119 139 139 118 118 131 131 132 132 125 125 131 131 125 125 126 126 127 127 131 131 126 126 130 130 131 131 127 127 129 129 127 127 128 128 129 129 130 130 127 127 139 139 116 116 118 118 139 139 117 117 116 116 123 123 135 135 122 122 134 134 135 135 123 123 133 133 123 123 124 124 133 133 134 134 123 123 125 125 133 133 124 124 132 132 133 133 125 125 141 141 140 140 147 147 146 146 141 141 147 147 145 145 141 141 146 146 145 145 142 142 141 141 143 143 142 142 145 145 144 144 143 143 145 145 159 159 150 150 160 160 158 158 151 151 150 150 158 158 150 150 159 159 152 152 151 151 158 158 157 157 152 152 158 158 156 156 153 153 152 152 156 156 152 152 157 157 154 154 153 153 156 156 150 150 149 149 160 160 160 160 149 149 148 148 155 155 154 154 156 156 162 162 161 161 163 163 162 162 163 163 164 164 165 165 167 167 168 168 166 166 165 165 168 168 169 169 172 172 171 171 170 170 172 172 169 169 180 180 192 192 179 179 193 193 194 194 178 178 192 192 193 193 178 178 184 184 188 188 183 183 188 188 189 189 182 182 188 188 182 182 183 183 192 192 178 178 179 179 196 196 174 174 173 173 186 186 187 187 184 184 186 186 184 184 185 185 187 187 188 188 184 184 196 196 173 173 175 175 178 178 194 194 177 177 194 194 176 176 177 177 189 189 190 190 182 182 182 182 190 190 181 181 176 176 196 196 175 175 195 195 196 196 176 176 194 194 195 195 176 176 190 190 180 180 181 181 190 190 191 191 180 180 191 191 192 192 180 180 200 200 199 199 202 202 198 198 197 197 204 204 202 202 198 198 203 203 202 202 199 199 198 198 203 203 198 198 204 204 201 201 200 200 202 202 207 207 206 206 208 208 208 208 206 206 205 205 217 217 209 209 218 218 211 211 210 210 217 217 216 216 211 211 217 217 215 215 212 212 211 211 215 215 211 211 216 216 213 213 212 212 215 215 214 214 213 213 215 215 217 217 210 210 209 209 220 220 219 219 221 221 220 220 221 221 222 222 223 223 225 225 226 226 224 224 223 223 226 226 242 242 232 232 233 233 239 239 240 240 236 236 236 236 240 240 235 235 240 240 241 241 234 234 238 238 239 239 236 236 232 232 244 244 231 231 243 243 244 244 232 232 237 237 238 238 236 236 244 244 245 245 230 230 241 241 242 242 234 234 242 242 243 243 232 232 244 244 230 230 231 231 245 245 246 246 230 230 230 230 246 246 229 229 246 246 228 228 229 229 229 229 228 228 227 227 240 240 234 234 235 235 234 234 242 242 233 233 251 251 248 248 247 247 249 249 248 248 251 251 250 250 249 249 251 251 262 262 253 253 252 252 261 261 254 254 262 262 254 254 253 253 262 262 256 256 255 255 260 260 260 260 254 254 261 261 259 259 256 256 260 260 260 260 255 255 254 254 258 258 256 256 259 259 258 258 257 257 256 256 264 264 265 265 266 266 264 264 263 263 265 265 267 267 269 269 270 270 267 267 270 270 268 268 272 272 271 271 274 274 271 271 273 273 274 274 290 290 280 280 281 281 294 294 276 276 275 275 292 292 293 293 278 278 280 280 292 292 279 279 293 293 294 294 278 278 278 278 294 294 277 277 294 294 275 275 277 277 286 286 287 287 284 284 291 291 292 292 280 280 287 287 288 288 284 284 288 288 289 289 282 282 284 284 288 288 283 283 288 288 282 282 283 283 289 289 290 290 282 282 282 282 290 290 281 281 290 290 291 291 280 280 286 286 284 284 285 285 292 292 278 278 279 279 296 296 297 297 295 295 298 298 299 299 297 297 295 295 297 297 299 299 307 307 308 308 309 309 302 302 303 303 313 313 311 311 305 305 310 310 313 313 303 303 312 312 313 313 314 314 301 301 311 311 312 312 303 303 300 300 301 301 315 315 315 315 301 301 314 314 306 306 307 307 309 309 306 306 309 309 305 305 302 302 313 313 301 301 304 304 305 305 311 311 309 309 310 310 305 305 304 304 311 311 303 303 317 317 316 316 319 319 317 317 319 319 318 318 320 320 323 323 322 322 320 320 322 322 321 321 324 324 327 327 326 326 325 325 324 324 326 326 330 330 329 329 331 331 331 331 329 329 328 328 333 333 335 335 334 334 333 333 332 332 335 335 339 339 337 337 336 336 338 338 337 337 339 339 341 341 340 340 342 342 340 340 343 343 342 342 362 362 363 363 347 347 363 363 344 344 346 346 363 363 345 345 344 344 357 357 358 358 351 351 357 357 351 351 352 352 351 351 359 359 350 350 359 359 360 360 349 349 353 353 357 357 352 352 358 358 359 359 351 351 361 361 347 347 348 348 361 361 362 362 347 347 347 347 363 363 346 346 355 355 353 353 354 354 355 355 356 356 353 353 359 359 349 349 350 350 356 356 357 357 353 353 349 349 361 361 348 348 360 360 361 361 349 349 368 368 364 364 367 367 366 366 367 367 364 364 365 365 366 366 364 364 375 375 376 376 371 371 372 372 375 375 371 371 377 377 371 371 376 376 370 370 371 371 377 377 375 375 373 373 374 374 379 379 369 369 378 378 372 372 373 373 375 375 377 377 378 378 369 369 370 370 377 377 369 369 381 381 383 383 382 382 381 381 380 380 383 383 384 384 386 386 385 385 384 384 387 387 386 386 388 388 391 391 390 390 389 389 388 388 390 390 392 392 395 395 394 394 393 393 392 392 394 394 396 396 398 398 399 399 397 397 396 396 399 399 416 416 401 401 400 400 414 414 416 416 403 403 403 403 416 416 402 402 412 412 413 413 405 405 411 411 405 405 406 406 411 411 412 412 405 405 407 407 411 411 406 406 410 410 411 411 407 407 403 403 404 404 413 413 416 416 400 400 402 402 405 405 413 413 404 404 409 409 410 410 407 407 403 403 415 415 414 414 408 408 409 409 407 407 403 403 413 413 415 415 424 424 425 425 427 427 429 429 430 430 421 421 422 422 423 423 429 429 424 424 427 427 423 423 418 418 419 419 417 417 427 427 428 428 423 423 419 419 432 432 417 417 427 427 425 425 426 426 429 429 423 423 428 428 422 422 429 429 421 421 420 420 421 421 431 431 420 420 431 431 419 419 431 431 432 432 419 419 431 431 421 421 430 430 433 433 436 436 435 435 434 434 433 433 435 435 440 440 438 438 437 437 439 439 438 438 440 440 442 442 441 441 443 443 441 441 444 444 443 443 448 448 446 446 445 445 447 447 446 446 448 448 451 451 456 456 449 449 454 454 452 452 453 453 452 452 456 456 451 451 452 452 455 455 456 456 456 456 450 450 449 449 454 454 455 455 452 452 463 463 461 461 462 462 459 459 464 464 457 457 460 460 463 463 459 459 460 460 461 461 463 463 458 458 459 459 457 457 463 463 464 464 459 459 466 466 468 468 467 467 466 466 465 465 468 468 470 470 472 472 471 471 472 472 469 469 473 473 470 470 469 469 472 472 475 475 474 474 478 478 478 478 474 474 479 479 475 475 478 478 476 476 478 478 477 477 476 476 481 481 480 480 483 483 483 483 480 480 484 484 481 481 483 483 482 482 492 492 491 491 487 487 490 490 487 487 491 491 486 486 485 485 492 492 486 486 492 492 487 487 488 488 490 490 489 489 488 488 487 487 490 490 496 496 495 495 493 493 494 494 496 496 493 493 497 497 499 499 500 500 497 497 498 498 499 499 501 501 503 503 504 504 502 502 503 503 501 501 505 505 506 506 507 507 505 505 507 507 508 508 510 510 512 512 509 509 510 510 511 511 512 512 514 514 515 515 516 516 513 513 514 514 516 516 518 518 520 520 517 517 518 518 519 519 520 520 521 521 522 522 524 524 522 522 523 523 524 524 527 527 525 525 526 526 527 527 528 528 525 525 529 529 531 531 532 532 530 530 531 531 529 529 535 535 533 533 534 534 535 535 536 536 533 533 538 538 539 539 537 537 537 537 539 539 540 540 543 543 544 544 542 542 544 544 541 541 542 542 546 546 548 548 545 545 546 546 547 547 548 548 551 551 550 550 549 549 552 552 551 551 549 549 566 566 563 563 567 567 572 572 557 557 573 573 557 557 571 571 558 558 559 559 569 569 560 560 555 555 553 553 575 575 557 557 556 556 573 573 563 563 562 562 567 567 574 574 573 573 555 555 555 555 573 573 556 556 570 570 559 559 571 571 561 561 567 567 562 562 568 568 561 561 569 569 570 570 569 569 559 559 559 559 558 558 571 571 561 561 560 560 569 569 565 565 564 564 563 563 576 576 575 575 554 554 566 566 565 565 563 563 574 574 555 555 575 575 554 554 575 575 553 553 568 568 567 567 561 561 572 572 571 571 557 557 577 577 579 579 578 578 580 580 579 579 577 577 580 580 577 577 581 581 590 590 589 589 584 584 590 590 584 584 591 591 584 584 589 589 585 585 584 584 583 583 591 591 588 588 586 586 589 589 588 588 587 587 586 586 592 592 591 591 582 582 592 592 582 582 593 593 586 586 585 585 589 589 582 582 591 591 583 583 598 598 595 595 599 599 598 598 597 597 595 595 595 595 594 594 599 599 595 595 597 597 596 596 603 603 600 600 601 601 602 602 603 603 601 601 604 604 606 606 607 607 605 605 606 606 604 604 611 611 608 608 609 609 610 610 611 611 609 609 612 612 614 614 615 615 613 613 614 614 612 612 619 619 616 616 617 617 618 618 619 619 617 617 621 621 623 623 620 620 621 621 622 622 623 623 627 627 624 624 625 625 626 626 627 627 625 625 628 628 630 630 631 631 629 629 630 630 628 628 632 632 634 634 635 635 632 632 633 633 634 634 636 636 638 638 639 639 637 637 638 638 636 636 640 640 642 642 643 643 640 640 641 641 642 642 645 645 646 646 647 647 645 645 647 647 644 644 648 648 649 649 650 650 648 648 650 650 651 651 652 652 653 653 654 654 652 652 654 654 655 655 657 657 658 658 659 659 657 657 659 659 656 656 661 661 660 660 662 662 660 660 663 663 662 662 664 664 686 686 666 666 664 664 665 665 686 686 684 684 666 666 685 685 684 684 683 683 668 668 680 680 670 670 681 681 680 680 679 679 672 672 678 678 672 672 679 679 686 686 685 685 666 666 678 678 677 677 674 674 676 676 674 674 677 677 673 673 678 678 674 674 673 673 672 672 678 678 682 682 681 681 670 670 682 682 668 668 683 683 667 667 666 666 684 684 667 667 684 684 668 668 671 671 670 670 680 680 671 671 680 680 672 672 669 669 668 668 682 682 669 669 682 682 670 670 675 675 674 674 676 676 665 665 687 687 686 686 689 689 688 688 693 693 689 689 691 691 690 690 692 692 689 689 693 693 692 692 691 691 689 689 697 697 696 696 698 698 696 696 695 695 698 698 694 694 698 698 695 695 701 701 700 700 703 703 699 699 703 703 700 700 702 702 701 701 703 703 706 706 704 704 707 707 706 706 705 705 704 704 709 709 711 711 708 708 708 708 711 711 710 710 712 712 714 714 715 715 713 713 714 714 712 712 717 717 718 718 716 716 716 716 718 718 719 719 722 722 723 723 720 720 722 722 720 720 721 721 725 725 726 726 724 724 724 724 726 726 727 727 730 730 728 728 729 729 730 730 731 731 728 728 733 733 734 734 735 735 733 733 735 735 732 732 738 738 736 736 737 737 738 738 739 739 736 736 741 741 743 743 740 740 741 741 742 742 743 743 746 746 747 747 744 744 746 746 744 744 745 745 748 748 750 750 751 751 749 749 750 750 748 748 753 753 754 754 755 755 752 752 753 753 755 755 757 757 758 758 756 756 756 756 758 758 759 759 760 760 761 761 763 763 761 761 762 762 763 763 765 765 766 766 767 767 765 765 767 767 764 764 768 768 769 769 771 771 769 769 770 770 771 771 773 773 774 774 775 775 773 773 775 775 772 772 798 798 777 777 799 799 790 790 784 784 791 791 776 776 777 777 798 798 776 776 798 798 778 778 788 788 786 786 789 789 790 790 789 789 786 786 787 787 786 786 788 788 794 794 780 780 795 795 785 785 790 790 786 786 785 785 784 784 790 790 792 792 791 791 784 784 798 798 797 797 778 778 796 796 795 795 780 780 794 794 793 793 782 782 792 792 782 782 793 793 796 796 778 778 797 797 779 779 778 778 796 796 779 779 796 796 780 780 781 781 780 780 794 794 781 781 794 794 782 782 783 783 792 792 784 784 783 783 782 782 792 792 812 812 802 802 803 803 811 811 812 812 804 804 810 810 811 811 804 804 810 810 804 804 805 805 808 808 806 806 807 807 809 809 810 810 806 806 808 808 809 809 806 806 806 806 810 810 805 805 812 812 813 813 802 802 814 814 800 800 801 801 814 814 815 815 800 800 802 802 814 814 801 801 804 804 812 812 803 803 813 813 814 814 802 802 815 815 816 816 800 800 818 818 817 817 819 819 817 817 820 820 819 819 821 821 824 824 822 822 821 821 823 823 824 824 825 825 827 827 828 828 826 826 825 825 828 828 829 829 832 832 830 830 829 829 831 831 832 832 834 834 833 833 836 836 833 833 835 835 836 836 837 837 839 839 840 840 837 837 840 840 838 838 841 841 843 843 842 842 842 842 843 843 844 844 847 847 848 848 846 846 847 847 846 846 845 845 849 849 851 851 850 850 850 850 851 851 852 852 855 855 854 854 853 853 855 855 856 856 854 854 858 858 859 859 860 860 857 857 859 859 858 858 863 863 862 862 861 861 863 863 864 864 862 862 865 865 867 867 868 868 865 865 868 868 866 866 871 871 869 869 870 870 871 871 872 872 869 869 874 874 876 876 875 875 874 874 875 875 873 873 887 887 886 886 884 884 891 891 890 890 880 880 895 895 894 894 878 878 880 880 879 879 892 892 889 889 882 882 890 890 889 889 888 888 882 882 891 891 880 880 892 892 887 887 884 884 888 888 880 880 890 890 881 881 895 895 878 878 896 896 882 882 881 881 890 890 888 888 884 884 883 883 893 893 892 892 877 877 893 893 877 877 894 894 892 892 879 879 877 877 886 886 885 885 884 884 888 888 883 883 882 882 877 877 878 878 894 894 905 905 904 904 901 901 903 903 901 901 904 904 905 905 899 899 906 906 907 907 906 906 899 899 902 902 901 901 903 903 900 900 905 905 901 901 900 900 899 899 905 905 898 898 907 907 899 899 898 898 897 897 907 907 909 909 912 912 910 910 909 909 908 908 912 912 912 912 911 911 910 910 912 912 908 908 913 913 915 915 917 917 916 916 915 915 914 914 917 917 918 918 921 921 920 920 919 919 921 921 918 918 922 922 923 923 925 925 923 923 924 924 925 925 927 927 928 928 926 926 926 926 928 928 929 929 930 930 931 931 933 933 931 931 932 932 933 933 935 935 936 936 937 937 935 935 937 937 934 934 938 938 939 939 941 941 939 939 940 940 941 941 943 943 944 944 945 945 943 943 945 945 942 942 946 946 947 947 949 949 947 947 948 948 949 949 951 951 952 952 953 953 951 951 953 953 950 950 954 954 955 955 957 957 955 955 956 956 957 957 960 960 961 961 958 958 960 960 958 958 959 959 963 963 964 964 962 962 962 962 964 964 965 965 968 968 966 966 967 967 968 968 969 969 966 966 971 971 972 972 970 970 970 970 972 972 973 973 976 976 977 977 974 974 976 976 974 974 975 975 979 979 981 981 978 978 979 979 980 980 981 981 985 985 984 984 983 983 985 985 983 983 982 982 1007 1007 1006 1006 988 988 994 994 993 993 1002 1002 1000 1000 996 996 995 995 1000 1000 995 995 994 994 1007 1007 988 988 1008 1008 1009 1009 1008 1008 987 987 992 992 991 991 1004 1004 992 992 1002 1002 993 993 990 990 989 989 1006 1006 996 996 998 998 997 997 1003 1003 992 992 1004 1004 1003 1003 1002 1002 992 992 1001 1001 994 994 1002 1002 1001 1001 1000 1000 994 994 999 999 998 998 996 996 999 999 996 996 1000 1000 990 990 1004 1004 991 991 1008 1008 986 986 987 987 1005 1005 1004 1004 990 990 1006 1006 989 989 988 988 988 988 986 986 1008 1008 1005 1005 990 990 1006 1006 1011 1011 1018 1018 1019 1019 1017 1017 1018 1018 1011 1011 1014 1014 1012 1012 1013 1013 1015 1015 1016 1016 1012 1012 1016 1016 1011 1011 1010 1010 1014 1014 1015 1015 1012 1012 1012 1012 1016 1016 1010 1010 1016 1016 1017 1017 1011 1011 1020 1020 1023 1023 1022 1022 1021 1021 1020 1020 1022 1022 1024 1024 1027 1027 1025 1025 1024 1024 1026 1026 1027 1027 1028 1028 1030 1030 1031 1031 1029 1029 1028 1028 1031 1031 1033 1033 1034 1034 1035 1035 1032 1032 1034 1034 1033 1033 1038 1038 1037 1037 1036 1036 1038 1038 1039 1039 1037 1037 1040 1040 1042 1042 1043 1043 1040 1040 1043 1043 1041 1041 1046 1046 1045 1045 1044 1044 1046 1046 1047 1047 1045 1045 1048 1048 1051 1051 1049 1049 1048 1048 1050 1050 1051 1051 1054 1054 1053 1053 1052 1052 1054 1054 1055 1055 1053 1053 1057 1057 1058 1058 1059 1059 1056 1056 1058 1058 1057 1057 1061 1061 1062 1062 1063 1063 1060 1060 1061 1061 1063 1063 1067 1067 1066 1066 1064 1064 1075 1075 1074 1074 1071 1071 1069 1069 1065 1065 1075 1075 1068 1068 1067 1067 1064 1064 1070 1070 1069 1069 1075 1075 1068 1068 1064 1064 1069 1069 1070 1070 1075 1075 1071 1071 1072 1072 1071 1071 1073 1073 1071 1071 1074 1074 1073 1073 1064 1064 1065 1065 1069 1069 1079 1079 1076 1076 1080 1080 1076 1076 1078 1078 1077 1077 1079 1079 1078 1078 1076 1076 1083 1083 1082 1082 1086 1086 1085 1085 1083 1083 1086 1086 1087 1087 1081 1081 1088 1088 1087 1087 1086 1086 1081 1081 1081 1081 1086 1086 1082 1082 1085 1085 1084 1084 1083 1083 1092 1092 1091 1091 1089 1089 1089 1089 1091 1091 1090 1090 1092 1092 1089 1089 1093 1093 1096 1096 1095 1095 1094 1094 1096 1096 1094 1094 1097 1097 1100 1100 1098 1098 1099 1099 1100 1100 1101 1101 1098 1098 1102 1102 1104 1104 1105 1105 1103 1103 1104 1104 1102 1102 1108 1108 1106 1106 1107 1107 1108 1108 1109 1109 1106 1106 1110 1110 1112 1112 1113 1113 1111 1111 1112 1112 1110 1110 1116 1116 1114 1114 1115 1115 1116 1116 1117 1117 1114 1114 1119 1119 1120 1120 1121 1121 1119 1119 1121 1121 1118 1118 1124 1124 1125 1125 1122 1122 1124 1124 1122 1122 1123 1123 1127 1127 1128 1128 1129 1129 1127 1127 1129 1129 1126 1126 1133 1133 1130 1130 1131 1131 1132 1132 1133 1133 1131 1131 1135 1135 1136 1136 1134 1134 1134 1134 1136 1136 1137 1137 1139 1139 1140 1140 1141 1141 1138 1138 1139 1139 1141 1141 1142 1142 1144 1144 1145 1145 1143 1143 1144 1144 1142 1142 1146 1146 1147 1147 1149 1149 1147 1147 1148 1148 1149 1149 1151 1151 1152 1152 1153 1153 1151 1151 1153 1153 1150 1150 1155 1155 1156 1156 1157 1157 1154 1154 1155 1155 1157 1157 1159 1159 1160 1160 1161 1161 1159 1159 1161 1161 1158 1158 1162 1162 1165 1165 1164 1164 1163 1163 1162 1162 1164 1164 1184 1184 1170 1170 1185 1185 1175 1175 1180 1180 1176 1176 1177 1177 1176 1176 1178 1178 1169 1169 1168 1168 1186 1186 1171 1171 1184 1184 1172 1172 1169 1169 1186 1186 1170 1170 1171 1171 1170 1170 1184 1184 1173 1173 1172 1172 1182 1182 1180 1180 1179 1179 1176 1176 1188 1188 1187 1187 1168 1168 1184 1184 1183 1183 1172 1172 1188 1188 1167 1167 1189 1189 1186 1186 1185 1185 1170 1170 1180 1180 1174 1174 1181 1181 1182 1182 1181 1181 1174 1174 1166 1166 1188 1188 1168 1168 1166 1166 1167 1167 1188 1188 1173 1173 1182 1182 1174 1174 1175 1175 1174 1174 1180 1180 1186 1186 1168 1168 1187 1187 1182 1182 1172 1172 1183 1183 1178 1178 1176 1176 1179 1179 1192 1192 1194 1194 1195 1195 1192 1192 1193 1193 1194 1194 1196 1196 1192 1192 1195 1195 1191 1191 1192 1192 1196 1196 1190 1190 1191 1191 1196 1196 1202 1202 1203 1203 1204 1204 1199 1199 1206 1206 1207 1207 1206 1206 1201 1201 1205 1205 1200 1200 1201 1201 1206 1206 1199 1199 1200 1200 1206 1206 1201 1201 1204 1204 1205 1205 1197 1197 1198 1198 1208 1208 1201 1201 1202 1202 1204 1204 1198 1198 1199 1199 1208 1208 1208 1208 1199 1199 1207 1207 1210 1210 1209 1209 1213 1213 1213 1213 1211 1211 1212 1212 1210 1210 1213 1213 1214 1214 1209 1209 1211 1211 1213 1213 1218 1218 1217 1217 1216 1216 1218 1218 1216 1216 1215 1215 1220 1220 1221 1221 1222 1222 1219 1219 1221 1221 1220 1220 1225 1225 1224 1224 1223 1223 1225 1225 1226 1226 1224 1224 1228 1228 1229 1229 1230 1230 1227 1227 1229 1229 1228 1228 1231 1231 1233 1233 1232 1232 1232 1232 1233 1233 1234 1234 1237 1237 1238 1238 1236 1236 1237 1237 1236 1236 1235 1235 1239 1239 1241 1241 1242 1242 1239 1239 1242 1242 1240 1240 1243 1243 1245 1245 1244 1244 1244 1244 1245 1245 1246 1246 1248 1248 1247 1247 1250 1250 1247 1247 1249 1249 1250 1250 1251 1251 1253 1253 1252 1252 1252 1252 1253 1253 1254 1254 1255 1255 1257 1257 1258 1258 1256 1256 1255 1255 1258 1258 1259 1259 1262 1262 1260 1260 1259 1259 1261 1261 1262 1262 1263 1263 1265 1265 1266 1266 1263 1263 1266 1266 1264 1264 1268 1268 1267 1267 1270 1270 1267 1267 1269 1269 1270 1270 1271 1271 1273 1273 1274 1274 1271 1271 1274 1274 1272 1272 1275 1275 1276 1276 1278 1278 1276 1276 1277 1277 1278 1278 1296 1296 1282 1282 1297 1297 1296 1296 1295 1295 1284 1284 1294 1294 1284 1284 1295 1295 1294 1294 1293 1293 1286 1286 1300 1300 1299 1299 1279 1279 1300 1300 1302 1302 1301 1301 1292 1292 1286 1286 1293 1293 1292 1292 1291 1291 1288 1288 1285 1285 1284 1284 1294 1294 1283 1283 1296 1296 1284 1284 1283 1283 1282 1282 1296 1296 1281 1281 1279 1279 1298 1298 1281 1281 1298 1298 1282 1282 1289 1289 1288 1288 1290 1290 1298 1298 1297 1297 1282 1282 1290 1290 1288 1288 1291 1291 1285 1285 1294 1294 1286 1286 1280 1280 1300 1300 1279 1279 1280 1280 1302 1302 1300 1300 1287 1287 1286 1286 1292 1292 1287 1287 1292 1292 1288 1288 1298 1298 1279 1279 1299 1299 1303 1303 1306 1306 1304 1304 1306 1306 1305 1305 1304 1304 1307 1307 1308 1308 1310 1310 1307 1307 1310 1310 1309 1309 1313 1313 1312 1312 1314 1314 1311 1311 1312 1312 1313 1313 1318 1318 1317 1317 1315 1315 1316 1316 1318 1318 1315 1315 1319 1319 1322 1322 1321 1321 1319 1319 1320 1320 1322 1322 1324 1324 1326 1326 1323 1323 1326 1326 1325 1325 1323 1323 1327 1327 1328 1328 1330 1330 1327 1327 1330 1330 1329 1329 1332 1332 1334 1334 1331 1331 1334 1334 1333 1333 1331 1331 1335 1335 1336 1336 1337 1337 1337 1337 1336 1336 1338 1338 1339 1339 1340 1340 1341 1341 1341 1341 1340 1340 1342 1342 1344 1344 1345 1345 1343 1343 1344 1344 1346 1346 1345 1345 1348 1348 1347 1347 1351 1351 1348 1348 1351 1351 1349 1349 1351 1351 1347 1347 1352 1352 1351 1351 1350 1350 1349 1349 1354 1354 1358 1358 1355 1355 1358 1358 1357 1357 1355 1355 1354 1354 1353 1353 1358 1358 1356 1356 1355 1355 1357 1357 1364 1364 1360 1360 1365 1365 1366 1366 1365 1365 1360 1360 1361 1361 1364 1364 1362 1362 1364 1364 1363 1363 1362 1362 1361 1361 1360 1360 1364 1364 1359 1359 1366 1366 1360 1360 1379 1379 1380 1380 1381 1381 1379 1379 1381 1381 1378 1378 1377 1377 1382 1382 1383 1383 1377 1377 1383 1383 1376 1376 1376 1376 1383 1383 1375 1375 1378 1378 1381 1381 1377 1377 1372 1372 1387 1387 1371 1371 1373 1373 1386 1386 1387 1387 1373 1373 1387 1387 1372 1372 1385 1385 1386 1386 1373 1373 1374 1374 1385 1385 1373 1373 1375 1375 1384 1384 1385 1385 1375 1375 1385 1385 1374 1374 1371 1371 1389 1389 1370 1370 1381 1381 1382 1382 1377 1377 1389 1389 1390 1390 1369 1369 1371 1371 1388 1388 1389 1389 1387 1387 1388 1388 1371 1371 1369 1369 1390 1390 1368 1368 1369 1369 1368 1368 1367 1367 1370 1370 1389 1389 1369 1369 1383 1383 1384 1384 1375 1375 1393 1393 1391 1391 1394 1394 1393 1393 1392 1392 1391 1391 1395 1395 1396 1396 1398 1398 1395 1395 1398 1398 1397 1397 1400 1400 1401 1401 1399 1399 1400 1400 1402 1402 1401 1401 1403 1403 1404 1404 1406 1406 1403 1403 1406 1406 1405 1405 1409 1409 1408 1408 1410 1410 1407 1407 1408 1408 1409 1409 1411 1411 1412 1412 1413 1413 1413 1413 1412 1412 1414 1414 1416 1416 1417 1417 1415 1415 1416 1416 1418 1418 1417 1417 1421 1421 1419 1419 1422 1422 1419 1419 1420 1420 1422 1422 1423 1423 1424 1424 1426 1426 1423 1423 1426 1426 1425 1425 1429 1429 1430 1430 1428 1428 1428 1428 1430 1430 1427 1427 1436 1436 1435 1435 1433 1433 1436 1436 1433 1433 1432 1432 1433 1433 1435 1435 1434 1434 1433 1433 1431 1431 1432 1432 1441 1441 1440 1440 1439 1439 1441 1441 1439 1439 1442 1442 1439 1439 1438 1438 1442 1442 1437 1437 1442 1442 1438 1438 1448 1448 1447 1447 1444 1444 1448 1448 1444 1444 1449 1449 1446 1446 1445 1445 1447 1447 1444 1444 1447 1447 1445 1445 1444 1444 1443 1443 1449 1449 1473 1473 1453 1453 1454 1454 1454 1454 1455 1455 1471 1471 1472 1472 1454 1454 1471 1471 1471 1471 1455 1455 1456 1456 1470 1470 1456 1456 1469 1469 1456 1456 1457 1457 1469 1469 1471 1471 1456 1456 1470 1470 1469 1469 1458 1458 1468 1468 1473 1473 1454 1454 1472 1472 1452 1452 1453 1453 1473 1473 1474 1474 1452 1452 1473 1473 1451 1451 1450 1450 1452 1452 1451 1451 1452 1452 1474 1474 1460 1460 1465 1465 1466 1466 1460 1460 1461 1461 1465 1465 1469 1469 1457 1457 1458 1458 1468 1468 1458 1458 1467 1467 1458 1458 1459 1459 1467 1467 1467 1467 1460 1460 1466 1466 1467 1467 1459 1459 1460 1460 1465 1465 1463 1463 1464 1464 1465 1465 1461 1461 1463 1463 1463 1463 1462 1462 1464 1464 1478 1478 1477 1477 1476 1476 1475 1475 1478 1478 1476 1476 1479 1479 1482 1482 1481 1481 1479 1479 1480 1480 1482 1482 1483 1483 1486 1486 1485 1485 1483 1483 1484 1484 1486 1486 1487 1487 1490 1490 1489 1489 1487 1487 1488 1488 1490 1490 1492 1492 1494 1494 1491 1491 1494 1494 1493 1493 1491 1491 1495 1495 1496 1496 1497 1497 1497 1497 1496 1496 1498 1498 1499 1499 1500 1500 1501 1501 1501 1501 1500 1500 1502 1502 1504 1504 1506 1506 1503 1503 1506 1506 1505 1505 1503 1503 1508 1508 1513 1513 1512 1512 1509 1509 1508 1508 1511 1511 1511 1511 1508 1508 1512 1512 1508 1508 1507 1507 1513 1513 1510 1510 1509 1509 1511 1511 1516 1516 1518 1518 1517 1517 1515 1515 1514 1514 1518 1518 1518 1518 1514 1514 1519 1519 1516 1516 1515 1515 1518 1518 1521 1521 1520 1520 1524 1524 1524 1524 1520 1520 1525 1525 1522 1522 1521 1521 1524 1524 1522 1522 1524 1524 1523 1523 1530 1530 1547 1547 1548 1548 1529 1529 1548 1548 1528 1528 1530 1530 1548 1548 1529 1529 1537 1537 1540 1540 1536 1536 1532 1532 1546 1546 1531 1531 1544 1544 1545 1545 1532 1532 1528 1528 1549 1549 1527 1527 1546 1546 1547 1547 1530 1530 1548 1548 1549 1549 1528 1528 1540 1540 1541 1541 1536 1536 1536 1536 1542 1542 1535 1535 1528 1528 1527 1527 1526 1526 1533 1533 1544 1544 1532 1532 1538 1538 1539 1539 1540 1540 1534 1534 1543 1543 1544 1544 1538 1538 1540 1540 1537 1537 1532 1532 1545 1545 1546 1546 1531 1531 1546 1546 1530 1530 1534 1534 1544 1544 1533 1533 1542 1542 1543 1543 1534 1534 1535 1535 1542 1542 1534 1534 1536 1536 1541 1541 1542 1542 1550 1550 1552 1552 1551 1551 1550 1550 1553 1553 1552 1552 1554 1554 1557 1557 1556 1556 1554 1554 1555 1555 1557 1557 1558 1558 1559 1559 1561 1561 1558 1558 1561 1561 1560 1560 1563 1563 1565 1565 1562 1562 1565 1565 1564 1564 1562 1562 1566 1566 1567 1567 1569 1569 1566 1566 1569 1569 1568 1568 1570 1570 1571 1571 1572 1572 1572 1572 1571 1571 1573 1573 1576 1576 1575 1575 1577 1577 1574 1574 1575 1575 1576 1576 1579 1579 1581 1581 1578 1578 1581 1581 1580 1580 1578 1578 1583 1583 1582 1582 1590 1590 1586 1586 1585 1585 1587 1587 1585 1585 1588 1588 1587 1587 1588 1588 1583 1583 1589 1589 1583 1583 1590 1590 1589 1589 1585 1585 1584 1584 1588 1588 1584 1584 1583 1583 1588 1588 1592 1592 1595 1595 1594 1594 1592 1592 1591 1591 1595 1595 1593 1593 1592 1592 1594 1594 1597 1597 1596 1596 1599 1599 1599 1599 1596 1596 1600 1600 1598 1598 1597 1597 1599 1599 1611 1611 1617 1617 1610 1610 1604 1604 1623 1623 1603 1603 1621 1621 1622 1622 1605 1605 1605 1605 1623 1623 1604 1604 1605 1605 1622 1622 1623 1623 1603 1603 1602 1602 1601 1601 1623 1623 1624 1624 1603 1603 1603 1603 1624 1624 1602 1602 1606 1606 1621 1621 1605 1605 1617 1617 1618 1618 1609 1609 1615 1615 1616 1616 1611 1611 1619 1619 1620 1620 1607 1607 1607 1607 1620 1620 1621 1621 1608 1608 1619 1619 1607 1607 1609 1609 1618 1618 1619 1619 1609 1609 1619 1619 1608 1608 1607 1607 1621 1621 1606 1606 1613 1613 1615 1615 1612 1612 1611 1611 1616 1616 1617 1617 1612 1612 1615 1615 1611 1611 1613 1613 1614 1614 1615 1615 1610 1610 1617 1617 1609 1609 1625 1625 1627 1627 1626 1626 1625 1625 1628 1628 1627 1627 1629 1629 1632 1632 1631 1631 1629 1629 1630 1630 1632 1632 1635 1635 1634 1634 1636 1636 1633 1633 1634 1634 1635 1635 1640 1640 1639 1639 1637 1637 1638 1638 1640 1640 1637 1637 1641 1641 1644 1644 1643 1643 1641 1641 1642 1642 1644 1644 1647 1647 1646 1646 1648 1648 1645 1645 1646 1646 1647 1647 1652 1652 1654 1654 1653 1653 1652 1652 1651 1651 1654 1654 1654 1654 1650 1650 1655 1655 1650 1650 1656 1656 1655 1655 1650 1650 1649 1649 1656 1656 1651 1651 1650 1650 1654 1654 1659 1659 1662 1662 1661 1661 1660 1660 1659 1659 1661 1661 1659 1659 1658 1658 1662 1662 1658 1658 1657 1657 1662 1662 1674 1674 1675 1675 1673 1673 1675 1675 1676 1676 1671 1671 1673 1673 1675 1675 1672 1672 1671 1671 1676 1676 1677 1677 1672 1672 1675 1675 1671 1671 1681 1681 1682 1682 1665 1665 1666 1666 1681 1681 1665 1665 1671 1671 1677 1677 1670 1670 1667 1667 1680 1680 1681 1681 1669 1669 1678 1678 1679 1679 1668 1668 1679 1679 1667 1667 1665 1665 1682 1682 1664 1664 1665 1665 1664 1664 1663 1663 1670 1670 1677 1677 1669 1669 1667 1667 1681 1681 1666 1666 1679 1679 1680 1680 1667 1667 1677 1677 1678 1678 1669 1669 1669 1669 1679 1679 1668 1668 1683 1683 1686 1686 1685 1685 1683 1683 1684 1684 1686 1686 1689 1689 1688 1688 1690 1690 1689 1689 1687 1687 1688 1688 1693 1693 1692 1692 1694 1694 1691 1691 1692 1692 1693 1693 1698 1698 1697 1697 1695 1695 1696 1696 1698 1698 1695 1695 1699 1699 1702 1702 1701 1701 1699 1699 1700 1700 1702 1702 1704 1704 1706 1706 1703 1703 1706 1706 1705 1705 1703 1703 1707 1707 1708 1708 1709 1709 1709 1709 1708 1708 1710 1710 1714 1714 1713 1713 1711 1711 1712 1712 1714 1714 1711 1711 1717 1717 1716 1716 1718 1718 1715 1715 1716 1716 1717 1717 1722 1722 1721 1721 1719 1719 1720 1720 1722 1722 1719 1719 1725 1725 1726 1726 1724 1724 1724 1724 1726 1726 1723 1723 1734 1734 1733 1733 1728 1728 1732 1732 1728 1728 1733 1733 1732 1732 1731 1731 1730 1730 1729 1729 1728 1728 1732 1732 1729 1729 1732 1732 1730 1730 1727 1727 1734 1734 1728 1728 1740 1740 1737 1737 1741 1741 1742 1742 1741 1741 1737 1737 1736 1736 1735 1735 1742 1742 1738 1738 1740 1740 1739 1739 1738 1738 1737 1737 1740 1740 1736 1736 1742 1742 1737 1737 1757 1757 1758 1758 1749 1749 1750 1750 1757 1757 1749 1749 1752 1752 1755 1755 1751 1751 1755 1755 1756 1756 1751 1751 1753 1753 1754 1754 1755 1755 1745 1745 1744 1744 1743 1743 1745 1745 1762 1762 1744 1744 1751 1751 1756 1756 1757 1757 1751 1751 1757 1757 1750 1750 1749 1749 1758 1758 1759 1759 1749 1749 1759 1759 1748 1748 1753 1753 1755 1755 1752 1752 1759 1759 1760 1760 1747 1747 1748 1748 1759 1759 1747 1747 1747 1747 1760 1760 1761 1761 1746 1746 1761 1761 1745 1745 1761 1761 1762 1762 1745 1745 1747 1747 1761 1761 1746 1746 1763 1763 1764 1764 1766 1766 1763 1763 1766 1766 1765 1765 1769 1769 1768 1768 1770 1770 1769 1769 1767 1767 1768 1768 1771 1771 1772 1772 1773 1773 1773 1773 1772 1772 1774 1774 1776 1776 1778 1778 1775 1775 1778 1778 1777 1777 1775 1775 1779 1779 1782 1782 1781 1781 1779 1779 1780 1780 1782 1782 1786 1786 1785 1785 1783 1783 1784 1784 1786 1786 1783 1783 1787 1787 1788 1788 1789 1789 1789 1789 1788 1788 1790 1790 1793 1793 1794 1794 1792 1792 1792 1792 1794 1794 1791 1791 1800 1800 1796 1796 1801 1801 1800 1800 1799 1799 1798 1798 1797 1797 1800 1800 1798 1798 1797 1797 1796 1796 1800 1800 1795 1795 1802 1802 1796 1796 1802 1802 1801 1801 1796 1796 1806 1806 1805 1805 1807 1807 1808 1808 1807 1807 1805 1805 1804 1804 1803 1803 1808 1808 1804 1804 1808 1808 1805 1805 1813 1813 1827 1827 1812 1812 1818 1818 1821 1821 1817 1817 1825 1825 1826 1826 1813 1813 1817 1817 1823 1823 1816 1816 1817 1817 1822 1822 1823 1823 1819 1819 1821 1821 1818 1818 1816 1816 1823 1823 1815 1815 1815 1815 1825 1825 1814 1814 1827 1827 1828 1828 1811 1811 1814 1814 1825 1825 1813 1813 1823 1823 1824 1824 1815 1815 1815 1815 1824 1824 1825 1825 1819 1819 1820 1820 1821 1821 1812 1812 1827 1827 1811 1811 1811 1811 1810 1810 1809 1809 1811 1811 1828 1828 1810 1810 1821 1821 1822 1822 1817 1817 1813 1813 1826 1826 1827 1827 1831 1831 1830 1830 1832 1832 1829 1829 1830 1830 1831 1831 1836 1836 1835 1835 1833 1833 1834 1834 1836 1836 1833 1833 1839 1839 1838 1838 1840 1840 1837 1837 1838 1838 1839 1839 1844 1844 1843 1843 1841 1841 1842 1842 1844 1844 1841 1841 1847 1847 1846 1846 1848 1848 1845 1845 1846 1846 1847 1847 1852 1852 1851 1851 1849 1849 1850 1850 1852 1852 1849 1849 1855 1855 1856 1856 1854 1854 1854 1854 1856 1856 1853 1853 1857 1857 1864 1864 1858 1858 1862 1862 1858 1858 1863 1863 1859 1859 1858 1858 1862 1862 1864 1864 1863 1863 1858 1858 1862 1862 1861 1861 1860 1860 1859 1859 1862 1862 1860 1860 1866 1866 1865 1865 1869 1869 1869 1869 1868 1868 1867 1867 1866 1866 1869 1869 1867 1867 1878 1878 1880 1880 1877 1877 1879 1879 1880 1880 1878 1878 1882 1882 1883 1883 1874 1874 1872 1872 1885 1885 1871 1871 1880 1880 1881 1881 1876 1876 1884 1884 1885 1885 1872 1872 1875 1875 1882 1882 1874 1874 1884 1884 1873 1873 1874 1874 1884 1884 1874 1874 1883 1883 1877 1877 1880 1880 1876 1876 1876 1876 1882 1882 1875 1875 1873 1873 1884 1884 1872 1872 1872 1872 1871 1871 1870 1870 1876 1876 1881 1881 1882 1882 1886 1886 1887 1887 1889 1889 1886 1886 1889 1889 1888 1888 1893 1893 1892 1892 1896 1896 1896 1896 1895 1895 1894 1894 1892 1892 1891 1891 1897 1897 1893 1893 1896 1896 1894 1894 1890 1890 1891 1891 1892 1892 1896 1896 1892 1892 1897 1897 1905 1905 1899 1899 1900 1900 1902 1902 1903 1903 1904 1904 1904 1904 1905 1905 1900 1900 1902 1902 1904 1904 1901 1901 1900 1900 1899 1899 1898 1898 1904 1904 1900 1900 1901 1901 1906 1906 1908 1908 1907 1907 1906 1906 1909 1909 1908 1908 1913 1913 1912 1912 1911 1911 1911 1911 1912 1912 1910 1910 1916 1916 1915 1915 1917 1917 1916 1916 1914 1914 1915 1915 1921 1921 1918 1918 1919 1919 1921 1921 1920 1920 1918 1918 1923 1923 1925 1925 1922 1922 1925 1925 1924 1924 1922 1922 1929 1929 1928 1928 1926 1926 1929 1929 1926 1926 1927 1927 1933 1933 1932 1932 1930 1930 1931 1931 1933 1933 1930 1930 1935 1935 1936 1936 1934 1934 1937 1937 1936 1936 1935 1935 1944 1944 1943 1943 1948 1948 1942 1942 1941 1941 1938 1938 1948 1948 1943 1943 1939 1939 1938 1938 1939 1939 1943 1943 1938 1938 1941 1941 1940 1940 1948 1948 1947 1947 1945 1945 1946 1946 1945 1945 1947 1947 1944 1944 1948 1948 1945 1945 1942 1942 1938 1938 1943 1943 1953 1953 1952 1952 1950 1950 1950 1950 1952 1952 1951 1951 1949 1949 1953 1953 1950 1950 1958 1958 1959 1959 1954 1954 1961 1961 1969 1969 1968 1968 1963 1963 1965 1965 1966 1966 1957 1957 1954 1954 1956 1956 1964 1964 1965 1965 1963 1963 1954 1954 1959 1959 1955 1955 1967 1967 1963 1963 1966 1966 1959 1959 1970 1970 1955 1955 1960 1960 1970 1970 1959 1959 1962 1962 1963 1963 1967 1967 1958 1958 1954 1954 1957 1957 1961 1961 1967 1967 1969 1969 1962 1962 1967 1967 1961 1961 1960 1960 1961 1961 1970 1970 1970 1970 1961 1961 1968 1968 1972 1972 1971 1971 1973 1973 1973 1973 1971 1971 1974 1974 1976 1976 1978 1978 1975 1975 1978 1978 1977 1977 1975 1975 1982 1982 1979 1979 1980 1980 1982 1982 1981 1981 1979 1979 1985 1985 1983 1983 1984 1984 1985 1985 1984 1984 1986 1986 1990 1990 1989 1989 1987 1987 1990 1990 1987 1987 1988 1988 1991 1991 1992 1992 1993 1993 1994 1994 1991 1991 1993 1993 1998 1998 1997 1997 1996 1996 1996 1996 1997 1997 1995 1995 2001 2001 2000 2000 1999 1999 1999 1999 1998 1998 1996 1996 2002 2002 1999 1999 1996 1996 2001 2001 1999 1999 2002 2002 2010 2010 2004 2004 2007 2007 2007 2007 2008 2008 2009 2009 2006 2006 2007 2007 2004 2004 2010 2010 2007 2007 2009 2009 2003 2003 2005 2005 2004 2004 2004 2004 2005 2005 2006 2006 2014 2014 2013 2013 2012 2012 2012 2012 2013 2013 2011 2011 2017 2017 2015 2015 2016 2016 2017 2017 2016 2016 2018 2018 2022 2022 2021 2021 2020 2020 2020 2020 2021 2021 2019 2019 2025 2025 2023 2023 2024 2024 2025 2025 2024 2024 2026 2026 2030 2030 2029 2029 2028 2028 2028 2028 2029 2029 2027 2027 2033 2033 2031 2031 2032 2032 2033 2033 2032 2032 2034 2034 2035 2035 2036 2036 2037 2037 2035 2035 2037 2037 2038 2038 2042 2042 2040 2040 2043 2043 2039 2039 2044 2044 2040 2040 2041 2041 2040 2040 2042 2042 2044 2044 2043 2043 2040 2040 2046 2046 2045 2045 2047 2047 2048 2048 2047 2047 2045 2045 2060 2060 2059 2059 2058 2058 2051 2051 2056 2056 2052 2052 2053 2053 2052 2052 2054 2054 2051 2051 2049 2049 2056 2056 2050 2050 2058 2058 2049 2049 2050 2050 2060 2060 2058 2058 2056 2056 2049 2049 2057 2057 2058 2058 2057 2057 2049 2049 2056 2056 2055 2055 2052 2052 2054 2054 2052 2052 2055 2055 2063 2063 2064 2064 2076 2076 2063 2063 2076 2076 2061 2061 2067 2067 2068 2068 2072 2072 2069 2069 2070 2070 2068 2068 2076 2076 2064 2064 2075 2075 2076 2076 2077 2077 2061 2061 2065 2065 2074 2074 2064 2064 2065 2065 2066 2066 2074 2074 2062 2062 2078 2078 2080 2080 2067 2067 2072 2072 2066 2066 2077 2077 2078 2078 2062 2062 2077 2077 2062 2062 2061 2061 2074 2074 2075 2075 2064 2064 2074 2074 2066 2066 2073 2073 2072 2072 2068 2068 2071 2071 2068 2068 2070 2070 2071 2071 2078 2078 2079 2079 2080 2080 2066 2066 2072 2072 2073 2073 2083 2083 2081 2081 2084 2084 2081 2081 2082 2082 2084 2084 2088 2088 2087 2087 2086 2086 2086 2086 2087 2087 2085 2085 2089 2089 2090 2090 2092 2092 2091 2091 2089 2089 2092 2092 2094 2094 2095 2095 2093 2093 2096 2096 2095 2095 2094 2094 2097 2097 2098 2098 2100 2100 2099 2099 2097 2097 2100 2100 2104 2104 2101 2101 2102 2102 2104 2104 2103 2103 2101 2101 2106 2106 2108 2108 2107 2107 2106 2106 2109 2109 2108 2108 2110 2110 2109 2109 2106 2106 2105 2105 2110 2110 2106 2106 2113 2113 2119 2119 2114 2114 2113 2113 2120 2120 2119 2119 2119 2119 2118 2118 2115 2115 2114 2114 2119 2119 2115 2115 2111 2111 2121 2121 2113 2113 2121 2121 2120 2120 2113 2113 2115 2115 2118 2118 2117 2117 2115 2115 2117 2117 2116 2116 2125 2125 2123 2123 2126 2126 2125 2125 2124 2124 2123 2123 2112 2112 2121 2121 2111 2111 2112 2112 2122 2122 2121 2121 2126 2126 2123 2123 2112 2112 2123 2123 2122 2122 2112 2112 2141 2141 2133 2133 2140 2140 2141 2141 2142 2142 2131 2131 2145 2145 2146 2146 2128 2128 2145 2145 2129 2129 2144 2144 2135 2135 2137 2137 2138 2138 2143 2143 2131 2131 2142 2142 2143 2143 2144 2144 2129 2129 2147 2147 2128 2128 2146 2146 2150 2150 2147 2147 2149 2149 2150 2150 2128 2128 2147 2147 2132 2132 2133 2133 2141 2141 2132 2132 2141 2141 2131 2131 2134 2134 2139 2139 2133 2133 2136 2136 2137 2137 2135 2135 2130 2130 2143 2143 2129 2129 2130 2130 2131 2131 2143 2143 2149 2149 2147 2147 2148 2148 2139 2139 2140 2140 2133 2133 2127 2127 2145 2145 2128 2128 2127 2127 2129 2129 2145 2145 2139 2139 2134 2134 2135 2135 2139 2139 2135 2135 2138 2138 2154 2154 2151 2151 2152 2152 2154 2154 2153 2153 2151 2151 2157 2157 2156 2156 2158 2158 2157 2157 2155 2155 2156 2156 2160 2160 2161 2161 2159 2159 2162 2162 2161 2161 2160 2160 2165 2165 2164 2164 2166 2166 2165 2165 2163 2163 2164 2164 2168 2168 2169 2169 2167 2167 2170 2170 2169 2169 2168 2168 2173 2173 2172 2172 2174 2174 2173 2173 2171 2171 2172 2172 2178 2178 2177 2177 2175 2175 2178 2178 2175 2175 2176 2176 2180 2180 2183 2183 2182 2182 2180 2180 2182 2182 2181 2181 2179 2179 2184 2184 2180 2180 2184 2184 2183 2183 2180 2180 2188 2188 2187 2187 2185 2185 2185 2185 2187 2187 2186 2186 2190 2190 2196 2196 2195 2195 2195 2195 2194 2194 2191 2191 2191 2191 2194 2194 2193 2193 2191 2191 2193 2193 2192 2192 2199 2199 2197 2197 2190 2190 2197 2197 2196 2196 2190 2190 2190 2190 2195 2195 2189 2189 2198 2198 2197 2197 2199 2199 2189 2189 2195 2195 2191 2191 2201 2201 2200 2200 2205 2205 2203 2203 2201 2201 2204 2204 2203 2203 2202 2202 2201 2201 2204 2204 2201 2201 2205 2205 2230 2230 2207 2207 2223 2223 2211 2211 2217 2217 2210 2210 2209 2209 2210 2210 2219 2219 2211 2211 2212 2212 2217 2217 2206 2206 2208 2208 2221 2221 2206 2206 2221 2221 2207 2207 2209 2209 2219 2219 2208 2208 2228 2228 2229 2229 2225 2225 2228 2228 2225 2225 2227 2227 2230 2230 2223 2223 2229 2229 2212 2212 2216 2216 2215 2215 2223 2223 2207 2207 2222 2222 2221 2221 2222 2222 2207 2207 2221 2221 2208 2208 2220 2220 2219 2219 2220 2220 2208 2208 2219 2219 2210 2210 2218 2218 2217 2217 2218 2218 2210 2210 2214 2214 2216 2216 2213 2213 2217 2217 2212 2212 2215 2215 2229 2229 2223 2223 2224 2224 2213 2213 2216 2216 2212 2212 2225 2225 2229 2229 2224 2224 2225 2225 2226 2226 2227 2227 2232 2232 2231 2231 2234 2234 2232 2232 2234 2234 2233 2233 2237 2237 2236 2236 2238 2238 2237 2237 2235 2235 2236 2236 2241 2241 2239 2239 2240 2240 2241 2241 2240 2240 2242 2242 2246 2246 2245 2245 2244 2244 2244 2244 2245 2245 2243 2243 2249 2249 2247 2247 2248 2248 2249 2249 2248 2248 2250 2250 2254 2254 2253 2253 2252 2252 2252 2252 2253 2253 2251 2251 2257 2257 2256 2256 2258 2258 2257 2257 2255 2255 2256 2256 2262 2262 2259 2259 2260 2260 2262 2262 2261 2261 2259 2259 2266 2266 2265 2265 2264 2264 2266 2266 2264 2264 2263 2263 2270 2270 2269 2269 2267 2267 2267 2267 2269 2269 2268 2268 2277 2277 2276 2276 2285 2285 2286 2286 2275 2275 2272 2272 2284 2284 2277 2277 2285 2285 2279 2279 2278 2278 2283 2283 2283 2283 2277 2277 2284 2284 2281 2281 2280 2280 2279 2279 2281 2281 2279 2279 2282 2282 2272 2272 2274 2274 2273 2273 2272 2272 2273 2273 2271 2271 2283 2283 2278 2278 2277 2277 2285 2285 2276 2276 2275 2275 2275 2275 2274 2274 2272 2272 2285 2285 2275 2275 2286 2286 2282 2282 2279 2279 2283 2283 2300 2300 2301 2301 2310 2310 2304 2304 2308 2308 2303 2303 2292 2292 2293 2293 2294 2294 2309 2309 2310 2310 2302 2302 2287 2287 2289 2289 2298 2298 2307 2307 2304 2304 2306 2306 2290 2290 2295 2295 2289 2289 2298 2298 2289 2289 2296 2296 2304 2304 2305 2305 2306 2306 2300 2300 2288 2288 2299 2299 2289 2289 2295 2295 2297 2297 2292 2292 2294 2294 2291 2291 2307 2307 2308 2308 2304 2304 2290 2290 2291 2291 2295 2295 2298 2298 2299 2299 2288 2288 2309 2309 2302 2302 2308 2308 2295 2295 2291 2291 2294 2294 2289 2289 2297 2297 2296 2296 2287 2287 2298 2298 2288 2288 2302 2302 2303 2303 2308 2308 2302 2302 2310 2310 2301 2301 2311 2311 2288 2288 2300 2300 2311 2311 2300 2300 2310 2310 2313 2313 2312 2312 2315 2315 2313 2313 2315 2315 2314 2314 2318 2318 2316 2316 2317 2317 2318 2318 2317 2317 2319 2319 2322 2322 2320 2320 2321 2321 2322 2322 2321 2321 2323 2323 2327 2327 2326 2326 2325 2325 2325 2325 2326 2326 2324 2324 2329 2329 2330 2330 2331 2331 2329 2329 2331 2331 2328 2328 2335 2335 2334 2334 2333 2333 2335 2335 2333 2333 2332 2332 2339 2339 2338 2338 2336 2336 2336 2336 2338 2338 2337 2337 2344 2344 2343 2343 2340 2340 2340 2340 2342 2342 2341 2341 2340 2340 2343 2343 2342 2342 2346 2346 2352 2352 2351 2351 2347 2347 2349 2349 2348 2348 2347 2347 2350 2350 2349 2349 2346 2346 2351 2351 2345 2345 2345 2345 2351 2351 2347 2347 2351 2351 2350 2350 2347 2347 2360 2360 2361 2361 2365 2365 2358 2358 2368 2368 2357 2357 2362 2362 2363 2363 2361 2361 2372 2372 2353 2353 2355 2355 2372 2372 2355 2355 2371 2371 2359 2359 2367 2367 2366 2366 2368 2368 2359 2359 2366 2366 2365 2365 2361 2361 2364 2364 2370 2370 2371 2371 2355 2355 2360 2360 2365 2365 2359 2359 2368 2368 2369 2369 2357 2357 2370 2370 2357 2357 2369 2369 2354 2354 2372 2372 2373 2373 2353 2353 2372 2372 2354 2354 2358 2358 2359 2359 2368 2368 2359 2359 2365 2365 2367 2367 2361 2361 2363 2363 2364 2364 2356 2356 2370 2370 2355 2355 2356 2356 2357 2357 2370 2370 2376 2376 2374 2374 2375 2375 2376 2376 2375 2375 2377 2377 2381 2381 2380 2380 2379 2379 2379 2379 2380 2380 2378 2378 2384 2384 2383 2383 2385 2385 2384 2384 2382 2382 2383 2383 2387 2387 2388 2388 2386 2386 2389 2389 2388 2388 2387 2387 2392 2392 2391 2391 2393 2393 2392 2392 2390 2390 2391 2391 2397 2397 2394 2394 2395 2395 2397 2397 2396 2396 2394 2394 2402 2402 2401 2401 2403 2403 2403 2403 2400 2400 2398 2398 2401 2401 2400 2400 2403 2403 2403 2403 2398 2398 2399 2399 2406 2406 2405 2405 2407 2407 2407 2407 2405 2405 2404 2404 2418 2418 2409 2409 2408 2408 2410 2410 2409 2409 2418 2418 2414 2414 2413 2413 2412 2412 2418 2418 2408 2408 2419 2419 2416 2416 2410 2410 2417 2417 2417 2417 2410 2410 2418 2418 2416 2416 2411 2411 2410 2410 2414 2414 2412 2412 2415 2415 2415 2415 2412 2412 2416 2416 2412 2412 2411 2411 2416 2416 2423 2423 2439 2439 2422 2422 2425 2425 2426 2426 2435 2435 2427 2427 2428 2428 2433 2433 2427 2427 2435 2435 2426 2426 2431 2431 2429 2429 2430 2430 2438 2438 2439 2439 2423 2423 2434 2434 2435 2435 2427 2427 2423 2423 2424 2424 2437 2437 2438 2438 2423 2423 2437 2437 2432 2432 2429 2429 2431 2431 2432 2432 2433 2433 2429 2429 2436 2436 2437 2437 2425 2425 2436 2436 2425 2425 2435 2435 2434 2434 2427 2427 2433 2433 2421 2421 2420 2420 2439 2439 2420 2420 2422 2422 2439 2439 2425 2425 2437 2437 2424 2424 2429 2429 2433 2433 2428 2428 2442 2442 2440 2440 2443 2443 2441 2441 2440 2440 2442 2442 2446 2446 2445 2445 2447 2447 2446 2446 2444 2444 2445 2445 2449 2449 2450 2450 2448 2448 2451 2451 2450 2450 2449 2449 2454 2454 2453 2453 2455 2455 2454 2454 2452 2452 2453 2453 2459 2459 2456 2456 2457 2457 2459 2459 2458 2458 2456 2456 2461 2461 2463 2463 2462 2462 2460 2460 2464 2464 2461 2461 2464 2464 2463 2463 2461 2461 2468 2468 2474 2474 2473 2473 2468 2468 2473 2473 2469 2469 2469 2469 2473 2473 2470 2470 2470 2470 2472 2472 2471 2471 2467 2467 2465 2465 2468 2468 2466 2466 2465 2465 2467 2467 2473 2473 2472 2472 2470 2470 2465 2465 2474 2474 2468 2468 2479 2479 2476 2476 2480 2480 2476 2476 2475 2475 2480 2480 2478 2478 2476 2476 2479 2479 2478 2478 2477 2477 2476 2476 2490 2490 2499 2499 2489 2489 2497 2497 2493 2493 2496 2496 2497 2497 2498 2498 2491 2491 2488 2488 2482 2482 2487 2487 2482 2482 2489 2489 2500 2500 2488 2488 2489 2489 2482 2482 2492 2492 2493 2493 2497 2497 2499 2499 2491 2491 2498 2498 2492 2492 2497 2497 2491 2491 2486 2486 2487 2487 2483 2483 2485 2485 2483 2483 2484 2484 2490 2490 2491 2491 2499 2499 2499 2499 2500 2500 2489 2489 2494 2494 2495 2495 2496 2496 2494 2494 2496 2496 2493 2493 2486 2486 2483 2483 2485 2485 2483 2483 2487 2487 2481 2481 2482 2482 2481 2481 2487 2487 2502 2502 2501 2501 2503 2503 2503 2503 2505 2505 2504 2504 2503 2503 2501 2501 2505 2505 2506 2506 2509 2509 2508 2508 2506 2506 2507 2507 2509 2509 2510 2510 2513 2513 2512 2512 2510 2510 2511 2511 2513 2513 2515 2515 2517 2517 2516 2516 2515 2515 2516 2516 2514 2514 2518 2518 2521 2521 2520 2520 2518 2518 2519 2519 2521 2521 2524 2524 2523 2523 2525 2525 2522 2522 2523 2523 2524 2524 2530 2530 2526 2526 2531 2531 2527 2527 2530 2530 2528 2528 2530 2530 2529 2529 2528 2528 2527 2527 2526 2526 2530 2530 2533 2533 2532 2532 2537 2537 2535 2535 2534 2534 2536 2536 2537 2537 2536 2536 2534 2534 2533 2533 2537 2537 2534 2534 2539 2539 2538 2538 2542 2542 2542 2542 2538 2538 2543 2543 2542 2542 2541 2541 2540 2540 2539 2539 2542 2542 2540 2540 2547 2547 2566 2566 2546 2546 2546 2546 2544 2544 2545 2545 2566 2566 2567 2567 2546 2546 2558 2558 2559 2559 2554 2554 2567 2567 2544 2544 2546 2546 2556 2556 2558 2558 2555 2555 2560 2560 2561 2561 2552 2552 2553 2553 2560 2560 2552 2552 2562 2562 2563 2563 2550 2550 2552 2552 2562 2562 2551 2551 2554 2554 2559 2559 2560 2560 2554 2554 2560 2560 2553 2553 2556 2556 2557 2557 2558 2558 2555 2555 2558 2558 2554 2554 2565 2565 2566 2566 2548 2548 2564 2564 2565 2565 2548 2548 2549 2549 2564 2564 2548 2548 2548 2548 2566 2566 2547 2547 2550 2550 2563 2563 2564 2564 2550 2550 2564 2564 2549 2549 2551 2551 2562 2562 2550 2550 2552 2552 2561 2561 2562 2562 2572 2572 2574 2574 2573 2573 2569 2569 2571 2571 2572 2572 2572 2572 2571 2571 2574 2574 2574 2574 2571 2571 2570 2570 2568 2568 2572 2572 2573 2573 2575 2575 2580 2580 2579 2579 2575 2575 2579 2579 2576 2576 2575 2575 2578 2578 2580 2580 2576 2576 2579 2579 2577 2577 2597 2597 2598 2598 2590 2590 2583 2583 2604 2604 2581 2581 2596 2596 2590 2590 2591 2591 2584 2584 2604 2604 2583 2583 2585 2585 2602 2602 2584 2584 2602 2602 2603 2603 2584 2584 2586 2586 2602 2602 2585 2585 2598 2598 2588 2588 2589 2589 2598 2598 2599 2599 2588 2588 2600 2600 2601 2601 2586 2586 2590 2590 2598 2598 2589 2589 2604 2604 2582 2582 2581 2581 2603 2603 2604 2604 2584 2584 2601 2601 2602 2602 2586 2586 2600 2600 2586 2586 2587 2587 2588 2588 2600 2600 2587 2587 2594 2594 2592 2592 2593 2593 2594 2594 2595 2595 2592 2592 2599 2599 2600 2600 2588 2588 2592 2592 2596 2596 2591 2591 2596 2596 2597 2597 2590 2590 2595 2595 2596 2596 2592 2592 2613 2613 2609 2609 2612 2612 2606 2606 2607 2607 2615 2615 2606 2606 2615 2615 2605 2605 2610 2610 2611 2611 2609 2609 2611 2611 2612 2612 2609 2609 2608 2608 2609 2609 2613 2613 2613 2613 2614 2614 2607 2607 2617 2617 2605 2605 2616 2616 2615 2615 2616 2616 2605 2605 2615 2615 2607 2607 2614 2614 2608 2608 2613 2613 2607 2607 2620 2620 2621 2621 2619 2619 2621 2621 2618 2618 2619 2619 2624 2624 2626 2626 2625 2625 2622 2622 2624 2624 2625 2625 2624 2624 2623 2623 2626 2626 2628 2628 2630 2630 2629 2629 2628 2628 2627 2627 2630 2630 2632 2632 2634 2634 2633 2633 2631 2631 2634 2634 2632 2632 2635 2635 2638 2638 2637 2637 2636 2636 2635 2635 2637 2637 2641 2641 2640 2640 2642 2642 2642 2642 2640 2640 2639 2639 2645 2645 2647 2647 2644 2644 2647 2647 2643 2643 2644 2644 2647 2647 2645 2645 2646 2646 2651 2651 2648 2648 2649 2649 2652 2652 2648 2648 2651 2651 2651 2651 2649 2649 2650 2650 2653 2653 2648 2648 2652 2652 2664 2664 2665 2665 2655 2655 2662 2662 2663 2663 2657 2657 2661 2661 2662 2662 2659 2659 2663 2663 2664 2664 2657 2657 2657 2657 2664 2664 2656 2656 2665 2665 2654 2654 2655 2655 2662 2662 2657 2657 2658 2658 2664 2664 2655 2655 2656 2656 2659 2659 2662 2662 2658 2658 2660 2660 2661 2661 2659 2659 2667 2667 2670 2670 2666 2666 2669 2669 2670 2670 2667 2667 2668 2668 2669 2669 2667 2667 2673 2673 2671 2671 2674 2674 2674 2674 2671 2671 2672 2672 2677 2677 2676 2676 2678 2678 2677 2677 2675 2675 2676 2676 2684 2684 2680 2680 2681 2681 2683 2683 2684 2684 2681 2681 2682 2682 2683 2683 2681 2681 2680 2680 2679 2679 2681 2681 2686 2686 2685 2685 2687 2687 2686 2686 2687 2687 2688 2688 2690 2690 2689 2689 2691 2691 2692 2692 2690 2690 2691 2691 2693 2693 2695 2695 2696 2696 2693 2693 2696 2696 2694 2694 2698 2698 2697 2697 2699 2699 2698 2698 2699 2699 2700 2700 2702 2702 2701 2701 2703 2703 2702 2702 2703 2703 2704 2704 2705 2705 2707 2707 2708 2708 2705 2705 2708 2708 2706 2706 2710 2710 2711 2711 2712 2712 2710 2710 2709 2709 2711 2711 2715 2715 2716 2716 2713 2713 2716 2716 2714 2714 2713 2713 2717 2717 2719 2719 2718 2718 2718 2718 2719 2719 2720 2720 2724 2724 2722 2722 2721 2721 2723 2723 2724 2724 2721 2721 2725 2725 2727 2727 2726 2726 2726 2726 2727 2727 2728 2728 2733 2733 2731 2731 2732 2732 2734 2734 2735 2735 2730 2730 2730 2730 2735 2735 2736 2736 2732 2732 2734 2734 2730 2730 2733 2733 2732 2732 2730 2730 2730 2730 2736 2736 2729 2729 2739 2739 2738 2738 2741 2741 2739 2739 2741 2741 2740 2740 2739 2739 2737 2737 2738 2738 2764 2764 2749 2749 2742 2742 2758 2758 2755 2755 2759 2759 2764 2764 2763 2763 2749 2749 2753 2753 2759 2759 2754 2754 2755 2755 2754 2754 2759 2759 2751 2751 2761 2761 2752 2752 2757 2757 2756 2756 2755 2755 2749 2749 2763 2763 2750 2750 2758 2758 2757 2757 2755 2755 2751 2751 2750 2750 2763 2763 2749 2749 2748 2748 2742 2742 2744 2744 2746 2746 2745 2745 2760 2760 2753 2753 2761 2761 2762 2762 2751 2751 2763 2763 2743 2743 2747 2747 2744 2744 2743 2743 2742 2742 2747 2747 2760 2760 2759 2759 2753 2753 2762 2762 2761 2761 2751 2751 2747 2747 2746 2746 2744 2744 2765 2765 2744 2744 2745 2745 2747 2747 2742 2742 2748 2748 2753 2753 2752 2752 2761 2761 2768 2768 2767 2767 2769 2769 2767 2767 2766 2766 2769 2769 2770 2770 2772 2772 2771 2771 2773 2773 2772 2772 2770 2770 2779 2779 2777 2777 2775 2775 2778 2778 2774 2774 2776 2776 2779 2779 2778 2778 2777 2777 2780 2780 2779 2779 2775 2775 2778 2778 2776 2776 2777 2777 2783 2783 2781 2781 2786 2786 2786 2786 2781 2781 2785 2785 2787 2787 2782 2782 2784 2784 2783 2783 2786 2786 2787 2787 2787 2787 2784 2784 2783 2783 2790 2790 2791 2791 2788 2788 2789 2789 2790 2790 2788 2788 2792 2792 2795 2795 2794 2794 2792 2792 2793 2793 2795 2795 2797 2797 2799 2799 2798 2798 2797 2797 2798 2798 2796 2796 2801 2801 2802 2802 2803 2803 2801 2801 2803 2803 2800 2800 2805 2805 2804 2804 2806 2806 2806 2806 2804 2804 2807 2807 2808 2808 2811 2811 2809 2809 2811 2811 2810 2810 2809 2809 2814 2814 2816 2816 2815 2815 2816 2816 2812 2812 2817 2817 2813 2813 2812 2812 2816 2816 2813 2813 2816 2816 2814 2814 2822 2822 2842 2842 2821 2821 2820 2820 2818 2818 2819 2819 2830 2830 2833 2833 2829 2829 2823 2823 2841 2841 2822 2822 2842 2842 2820 2820 2821 2821 2843 2843 2818 2818 2820 2820 2833 2833 2834 2834 2829 2829 2831 2831 2833 2833 2830 2830 2842 2842 2843 2843 2820 2820 2837 2837 2838 2838 2825 2825 2839 2839 2840 2840 2823 2823 2827 2827 2836 2836 2837 2837 2825 2825 2839 2839 2824 2824 2824 2824 2839 2839 2823 2823 2841 2841 2842 2842 2822 2822 2831 2831 2832 2832 2833 2833 2840 2840 2841 2841 2823 2823 2838 2838 2839 2839 2825 2825 2828 2828 2835 2835 2827 2827 2835 2835 2836 2836 2827 2827 2827 2827 2837 2837 2826 2826 2826 2826 2837 2837 2825 2825 2829 2829 2835 2835 2828 2828 2829 2829 2834 2834 2835 2835 2844 2844 2846 2846 2845 2845 2844 2844 2847 2847 2846 2846 2848 2848 2850 2850 2849 2849 2848 2848 2851 2851 2850 2850 2852 2852 2855 2855 2854 2854 2852 2852 2854 2854 2853 2853 2857 2857 2860 2860 2859 2859 2857 2857 2859 2859 2858 2858 2856 2856 2860 2860 2857 2857 2863 2863 2864 2864 2861 2861 2862 2862 2865 2865 2864 2864 2862 2862 2864 2864 2863 2863 2866 2866 2870 2870 2867 2867 2868 2868 2867 2867 2870 2870 2867 2867 2868 2868 2869 2869 2872 2872 2874 2874 2873 2873 2871 2871 2872 2872 2873 2873 2877 2877 2898 2898 2875 2875 2888 2888 2886 2886 2887 2887 2898 2898 2876 2876 2875 2875 2878 2878 2897 2897 2898 2898 2892 2892 2893 2893 2882 2882 2882 2882 2894 2894 2881 2881 2881 2881 2894 2894 2880 2880 2894 2894 2895 2895 2880 2880 2895 2895 2896 2896 2880 2880 2890 2890 2891 2891 2884 2884 2886 2886 2890 2890 2885 2885 2889 2889 2890 2890 2886 2886 2890 2890 2884 2884 2885 2885 2884 2884 2892 2892 2883 2883 2891 2891 2892 2892 2884 2884 2893 2893 2894 2894 2882 2882 2892 2892 2882 2882 2883 2883 2896 2896 2897 2897 2878 2878 2888 2888 2889 2889 2886 2886 2880 2880 2896 2896 2879 2879 2878 2878 2898 2898 2877 2877 2879 2879 2896 2896 2878 2878 2906 2906 2902 2902 2905 2905 2901 2901 2902 2902 2906 2906 2899 2899 2906 2906 2900 2900 2904 2904 2905 2905 2902 2902 2901 2901 2906 2906 2899 2899 2903 2903 2904 2904 2902 2902 2908 2908 2907 2907 2909 2909 2907 2907 2910 2910 2909 2909 2913 2913 2911 2911 2914 2914 2914 2914 2911 2911 2915 2915 2915 2915 2911 2911 2916 2916 2913 2913 2912 2912 2911 2911 2917 2917 2918 2918 2919 2919 2920 2920 2917 2917 2919 2919 2922 2922 2923 2923 2924 2924 2925 2925 2922 2922 2924 2924 2921 2921 2922 2922 2925 2925 2929 2929 2927 2927 2928 2928 2929 2929 2930 2930 2927 2927 2927 2927 2931 2931 2926 2926 2927 2927 2930 2930 2931 2931 2934 2934 2935 2935 2933 2933 2935 2935 2932 2932 2933 2933 2939 2939 2936 2936 2938 2938 2938 2938 2936 2936 2937 2937 2940 2940 2936 2936 2939 2939 2946 2946 2941 2941 2945 2945 2944 2944 2942 2942 2943 2943 2941 2941 2942 2942 2945 2945 2945 2945 2942 2942 2944 2944 2947 2947 2950 2950 2948 2948 2950 2950 2949 2949 2948 2948 2954 2954 2953 2953 2952 2952 2952 2952 2953 2953 2951 2951 2957 2957 2955 2955 2958 2958 2955 2955 2956 2956 2958 2958 2962 2962 2961 2961 2959 2959 2962 2962 2959 2959 2960 2960 2966 2966 2964 2964 2965 2965 2963 2963 2964 2964 2966 2966 2981 2981 2974 2974 2982 2982 2967 2967 2968 2968 2972 2972 2975 2975 2981 2981 2976 2976 2977 2977 2976 2976 2979 2979 2979 2979 2976 2976 2980 2980 2971 2971 2967 2967 2972 2972 2977 2977 2979 2979 2978 2978 2967 2967 2970 2970 2969 2969 2975 2975 2974 2974 2981 2981 2983 2983 2982 2982 2974 2974 2972 2972 2968 2968 2983 2983 2981 2981 2980 2980 2976 2976 2973 2973 2972 2972 2983 2983 2973 2973 2983 2983 2974 2974 2971 2971 2970 2970 2967 2967 2994 2994 2995 2995 3004 3004 2990 2990 2991 2991 3008 3008 3006 3006 3007 3007 2991 2991 3008 3008 2991 2991 3007 3007 2989 2989 3008 3008 2985 2985 2992 2992 3006 3006 2991 2991 2992 2992 2993 2993 3006 3006 2994 2994 3004 3004 2993 2993 2996 2996 2997 2997 3002 3002 2998 2998 3000 3000 2997 2997 2988 2988 2984 2984 2987 2987 2988 2988 2989 2989 2984 2984 2998 2998 2999 2999 3000 3000 3002 3002 2997 2997 3001 3001 2987 2987 2984 2984 2986 2986 2996 2996 3002 3002 2995 2995 2990 2990 3008 3008 2989 2989 3006 3006 2993 2993 3005 3005 3004 3004 3005 3005 2993 2993 2984 2984 2989 2989 2985 2985 2997 2997 3000 3000 3001 3001 3004 3004 2995 2995 3003 3003 3002 3002 3003 3003 2995 2995 3009 3009 3012 3012 3011 3011 3010 3010 3013 3013 3012 3012 3016 3016 3009 3009 3015 3015 3015 3015 3009 3009 3014 3014 3010 3010 3012 3012 3009 3009 3014 3014 3009 3009 3011 3011 3017 3017 3020 3020 3019 3019 3018 3018 3017 3017 3019 3019 3022 3022 3024 3024 3023 3023 3021 3021 3024 3024 3022 3022 3032 3032 3026 3026 3031 3031 3032 3032 3029 3029 3028 3028 3032 3032 3028 3028 3027 3027 3032 3032 3031 3031 3029 3029 3031 3031 3026 3026 3025 3025 3031 3031 3030 3030 3029 3029 3035 3035 3033 3033 3034 3034 3035 3035 3034 3034 3037 3037 3035 3035 3037 3037 3036 3036 3039 3039 3040 3040 3038 3038 3041 3041 3040 3040 3039 3039 3044 3044 3042 3042 3043 3043 3044 3044 3043 3043 3045 3045 3045 3045 3043 3043 3046 3046 3048 3048 3049 3049 3047 3047 3050 3050 3049 3049 3048 3048 3051 3051 3052 3052 3054 3054 3053 3053 3051 3051 3054 3054 3056 3056 3057 3057 3055 3055 3058 3058 3057 3057 3056 3056 3059 3059 3060 3060 3062 3062 3061 3061 3059 3059 3062 3062 3066 3066 3063 3063 3064 3064 3066 3066 3065 3065 3063 3063 3068 3068 3070 3070 3069 3069 3068 3068 3069 3069 3067 3067 3073 3073 3074 3074 3071 3071 3075 3075 3072 3072 3071 3071 3074 3074 3075 3075 3071 3071 3078 3078 3077 3077 3082 3082 3080 3080 3078 3078 3081 3081 3082 3082 3076 3076 3083 3083 3080 3080 3079 3079 3078 3078 3082 3082 3077 3077 3076 3076 3081 3081 3078 3078 3082 3082 3095 3095 3099 3099 3094 3094 3097 3097 3095 3095 3096 3096 3089 3089 3105 3105 3088 3088 3089 3089 3090 3090 3103 3103 3093 3093 3101 3101 3092 3092 3100 3100 3101 3101 3093 3093 3100 3100 3093 3093 3099 3099 3107 3107 3086 3086 3087 3087 3107 3107 3085 3085 3086 3086 3099 3099 3093 3093 3094 3094 3108 3108 3084 3084 3085 3085 3102 3102 3091 3091 3101 3101 3108 3108 3085 3085 3107 3107 3091 3091 3103 3103 3090 3090 3105 3105 3087 3087 3088 3088 3091 3091 3092 3092 3101 3101 3102 3102 3103 3103 3091 3091 3104 3104 3089 3089 3103 3103 3104 3104 3105 3105 3089 3089 3106 3106 3107 3107 3087 3087 3106 3106 3087 3087 3105 3105 3098 3098 3095 3095 3097 3097 3098 3098 3099 3099 3095 3095 3109 3109 3111 3111 3110 3110 3112 3112 3109 3109 3113 3113 3112 3112 3111 3111 3109 3109 3119 3119 3114 3114 3120 3120 3119 3119 3117 3117 3114 3114 3117 3117 3116 3116 3115 3115 3118 3118 3116 3116 3117 3117 3114 3114 3117 3117 3115 3115 3123 3123 3122 3122 3121 3121 3124 3124 3122 3122 3123 3123 3129 3129 3128 3128 3125 3125 3129 3129 3125 3125 3131 3131 3131 3131 3127 3127 3130 3130 3131 3131 3125 3125 3127 3127 3130 3130 3127 3127 3126 3126 3135 3135 3134 3134 3133 3133 3133 3133 3134 3134 3132 3132 3139 3139 3136 3136 3137 3137 3138 3138 3139 3139 3137 3137 3143 3143 3144 3144 3141 3141 3142 3142 3143 3143 3141 3141 3141 3141 3144 3144 3140 3140 3147 3147 3146 3146 3148 3148 3147 3147 3145 3145 3146 3146 3154 3154 3150 3150 3149 3149 3154 3154 3149 3149 3151 3151 3152 3152 3153 3153 3151 3151 3153 3153 3154 3154 3151 3151 3156 3156 3155 3155 3157 3157 3156 3156 3157 3157 3158 3158 3162 3162 3163 3163 3161 3161 3163 3163 3160 3160 3161 3161 3160 3160 3159 3159 3161 3161 3165 3165 3164 3164 3166 3166 3165 3165 3166 3166 3167 3167 3168 3168 3170 3170 3171 3171 3170 3170 3169 3169 3171 3171 3168 3168 3172 3172 3170 3170 3174 3174 3175 3175 3176 3176 3174 3174 3173 3173 3175 3175 3177 3177 3180 3180 3178 3178 3177 3177 3179 3179 3180 3180 3182 3182 3183 3183 3184 3184 3182 3182 3181 3181 3183 3183 3185 3185 3187 3187 3188 3188 3186 3186 3187 3187 3185 3185 3192 3192 3189 3189 3191 3191 3190 3190 3189 3189 3192 3192 3193 3193 3196 3196 3197 3197 3193 3193 3197 3197 3198 3198 3193 3193 3195 3195 3196 3196 3193 3193 3198 3198 3194 3194 3202 3202 3199 3199 3201 3201 3200 3200 3199 3199 3202 3202 3203 3203 3207 3207 3208 3208 3205 3205 3206 3206 3207 3207 3203 3203 3205 3205 3207 3207 3203 3203 3208 3208 3204 3204 3210 3210 3209 3209 3212 3212 3212 3212 3209 3209 3211 3211 3224 3224 3221 3221 3225 3225 3230 3230 3229 3229 3215 3215 3219 3219 3218 3218 3227 3227 3219 3219 3225 3225 3220 3220 3217 3217 3227 3227 3218 3218 3217 3217 3216 3216 3229 3229 3221 3221 3220 3220 3225 3225 3231 3231 3214 3214 3213 3213 3215 3215 3214 3214 3231 3231 3215 3215 3229 3229 3216 3216 3223 3223 3222 3222 3221 3221 3226 3226 3219 3219 3227 3227 3226 3226 3225 3225 3219 3219 3228 3228 3227 3227 3217 3217 3228 3228 3217 3217 3229 3229 3224 3224 3223 3223 3221 3221 3230 3230 3215 3215 3231 3231 3232 3232 3231 3231 3213 3213 3234 3234 3235 3235 3233 3233 3235 3235 3236 3236 3233 3233 3237 3237 3239 3239 3238 3238 3237 3237 3240 3240 3239 3239 3243 3243 3244 3244 3241 3241 3243 3243 3241 3241 3242 3242 3246 3246 3253 3253 3247 3247 3249 3249 3250 3250 3248 3248 3252 3252 3253 3253 3246 3246 3250 3250 3252 3252 3246 3246 3245 3245 3251 3251 3250 3250 3245 3245 3250 3250 3249 3249 3250 3250 3246 3246 3248 3248 3257 3257 3255 3255 3254 3254 3256 3256 3257 3257 3254 3254 3259 3259 3260 3260 3261 3261 3259 3259 3258 3258 3260 3260 3265 3265 3262 3262 3264 3264 3265 3265 3266 3266 3262 3262 3266 3266 3263 3263 3262 3262 3268 3268 3267 3267 3269 3269 3268 3268 3269 3269 3270 3270 3275 3275 3272 3272 3273 3273 3272 3272 3271 3271 3273 3273 3274 3274 3275 3275 3273 3273 3277 3277 3276 3276 3278 3278 3277 3277 3278 3278 3279 3279 3281 3281 3280 3280 3282 3282 3283 3283 3281 3281 3282 3282 3286 3286 3285 3285 3287 3287 3286 3286 3287 3287 3284 3284 3289 3289 3290 3290 3291 3291 3289 3289 3288 3288 3290 3290 3292 3292 3294 3294 3295 3295 3292 3292 3296 3296 3293 3293 3292 3292 3295 3295 3296 3296 3298 3298 3297 3297 3300 3300 3300 3300 3297 3297 3299 3299 3303 3303 3304 3304 3305 3305 3301 3301 3306 3306 3302 3302 3301 3301 3305 3305 3306 3306 3301 3301 3303 3303 3305 3305 3310 3310 3307 3307 3309 3309 3308 3308 3307 3307 3310 3310 3313 3313 3314 3314 3315 3315 3311 3311 3315 3315 3312 3312 3311 3311 3313 3313 3315 3315 3319 3319 3316 3316 3318 3318 3317 3317 3316 3316 3319 3319 3322 3322 3323 3323 3321 3321 3320 3320 3322 3322 3321 3321 3327 3327 3324 3324 3326 3326 3325 3325 3324 3324 3327 3327 3331 3331 3330 3330 3328 3328 3331 3331 3328 3328 3329 3329 3342 3342 3339 3339 3343 3343 3349 3349 3333 3333 3332 3332 3337 3337 3343 3343 3338 3338 3337 3337 3336 3336 3345 3345 3335 3335 3334 3334 3347 3347 3348 3348 3333 3333 3349 3349 3345 3345 3336 3336 3335 3335 3347 3347 3334 3334 3333 3333 3342 3342 3341 3341 3339 3339 3346 3346 3345 3345 3335 3335 3350 3350 3349 3349 3351 3351 3346 3346 3335 3335 3347 3347 3348 3348 3347 3347 3333 3333 3337 3337 3344 3344 3343 3343 3337 3337 3345 3345 3344 3344 3339 3339 3338 3338 3343 3343 3341 3341 3340 3340 3339 3339 3351 3351 3349 3349 3332 3332 3353 3353 3354 3354 3356 3356 3354 3354 3355 3355 3356 3356 3352 3352 3354 3354 3353 3353 3358 3358 3360 3360 3359 3359 3357 3357 3360 3360 3358 3358 3363 3363 3364 3364 3362 3362 3364 3364 3366 3366 3361 3361 3363 3363 3365 3365 3364 3364 3362 3362 3364 3364 3361 3361 3371 3371 3373 3373 3372 3372 3368 3368 3371 3371 3367 3367 3371 3371 3372 3372 3370 3370 3372 3372 3374 3374 3369 3369 3368 3368 3373 3373 3371 3371 3372 3372 3369 3369 3370 3370 3378 3378 3377 3377 3376 3376 3376 3376 3377 3377 3375 3375 3379 3379 3382 3382 3383 3383 3379 3379 3383 3383 3381 3381 3380 3380 3379 3379 3381 3381 3385 3385 3386 3386 3384 3384 3387 3387 3386 3386 3385 3385 3390 3390 3392 3392 3391 3391 3390 3390 3388 3388 3392 3392 3388 3388 3389 3389 3392 3392 3394 3394 3395 3395 3393 3393 3396 3396 3395 3395 3394 3394 3399 3399 3401 3401 3400 3400 3399 3399 3398 3398 3401 3401 3399 3399 3397 3397 3398 3398 3405 3405 3404 3404 3402 3402 3405 3405 3402 3402 3403 3403 3406 3406 3412 3412 3413 3413 3420 3420 3414 3414 3415 3415 3416 3416 3420 3420 3415 3415 3419 3419 3420 3420 3416 3416 3408 3408 3411 3411 3412 3412 3408 3408 3410 3410 3411 3411 3418 3418 3416 3416 3417 3417 3414 3414 3406 3406 3413 3413 3407 3407 3408 3408 3412 3412 3422 3422 3414 3414 3421 3421 3407 3407 3412 3412 3406 3406 3409 3409 3410 3410 3408 3408 3422 3422 3406 3406 3414 3414 3421 3421 3414 3414 3420 3420 3419 3419 3416 3416 3418 3418 3426 3426 3423 3423 3424 3424 3426 3426 3424 3424 3425 3425 3428 3428 3427 3427 3429 3429 3427 3427 3430 3430 3429 3429 3431 3431 3433 3433 3434 3434 3432 3432 3433 3433 3431 3431 3437 3437 3436 3436 3435 3435 3437 3437 3435 3435 3438 3438 3439 3439 3441 3441 3440 3440 3442 3442 3439 3439 3443 3443 3442 3442 3441 3441 3439 3439 3446 3446 3445 3445 3447 3447 3444 3444 3445 3445 3446 3446 3450 3450 3448 3448 3451 3451 3448 3448 3452 3452 3451 3451 3448 3448 3449 3449 3452 3452 3457 3457 3470 3470 3471 3471 3455 3455 3456 3456 3471 3471 3457 3457 3458 3458 3469 3469 3458 3458 3459 3459 3469 3469 3455 3455 3471 3471 3472 3472 3456 3456 3457 3457 3471 3471 3461 3461 3462 3462 3465 3465 3461 3461 3465 3465 3466 3466 3459 3459 3460 3460 3467 3467 3459 3459 3467 3467 3468 3468 3465 3465 3463 3463 3464 3464 3469 3469 3459 3459 3468 3468 3457 3457 3469 3469 3470 3470 3462 3462 3463 3463 3465 3465 3453 3453 3454 3454 3455 3455 3453 3453 3455 3455 3472 3472 3467 3467 3461 3461 3466 3466 3460 3460 3461 3461 3467 3467 3475 3475 3473 3473 3474 3474 3477 3477 3475 3475 3474 3474 3477 3477 3474 3474 3476 3476 3482 3482 3480 3480 3479 3479 3482 3482 3478 3478 3480 3480 3478 3478 3482 3482 3481 3481 3485 3485 3483 3483 3486 3486 3485 3485 3484 3484 3483 3483 3489 3489 3487 3487 3490 3490 3490 3490 3487 3487 3488 3488 3492 3492 3491 3491 3495 3495 3492 3492 3495 3495 3493 3493 3494 3494 3492 3492 3493 3493 3497 3497 3496 3496 3498 3498 3498 3498 3496 3496 3499 3499 3514 3514 3506 3506 3513 3513 3517 3517 3502 3502 3516 3516 3512 3512 3508 3508 3511 3511 3512 3512 3507 3507 3508 3508 3515 3515 3504 3504 3514 3514 3508 3508 3510 3510 3511 3511 3516 3516 3504 3504 3515 3515 3516 3516 3502 3502 3503 3503 3508 3508 3509 3509 3510 3510 3516 3516 3503 3503 3504 3504 3514 3514 3505 3505 3506 3506 3513 3513 3506 3506 3512 3512 3518 3518 3502 3502 3517 3517 3518 3518 3500 3500 3502 3502 3501 3501 3500 3500 3518 3518 3506 3506 3507 3507 3512 3512 3504 3504 3505 3505 3514 3514 3501 3501 3518 3518 3519 3519 3521 3521 3520 3520 3522 3522 3520 3520 3523 3523 3522 3522 3524 3524 3527 3527 3526 3526 3524 3524 3526 3526 3525 3525 3529 3529 3528 3528 3531 3531 3529 3529 3531 3531 3530 3530 3533 3533 3535 3535 3534 3534 3533 3533 3532 3532 3535 3535 3536 3536 3537 3537 3538 3538 3539 3539 3536 3536 3538 3538 3541 3541 3542 3542 3543 3543 3541 3541 3543 3543 3540 3540 3545 3545 3546 3546 3547 3547 3545 3545 3547 3547 3544 3544 3549 3549 3552 3552 3548 3548 3550 3550 3552 3552 3549 3549 3552 3552 3550 3550 3551 3551 3554 3554 3555 3555 3556 3556 3554 3554 3556 3556 3553 3553 3559 3559 3557 3557 3560 3560 3560 3560 3557 3557 3558 3558 3563 3563 3565 3565 3562 3562 3563 3563 3564 3564 3565 3565 3561 3561 3563 3563 3562 3562 3567 3567 3568 3568 3569 3569 3567 3567 3566 3566 3568 3568 3573 3573 3570 3570 3572 3572 3573 3573 3574 3574 3570 3570 3574 3574 3571 3571 3570 3570 3576 3576 3577 3577 3578 3578 3576 3576 3575 3575 3577 3577 3581 3581 3582 3582 3579 3579 3582 3582 3583 3583 3579 3579 3581 3581 3579 3579 3580 3580 3585 3585 3586 3586 3587 3587 3585 3585 3584 3584 3586 3586 3591 3591 3589 3589 3588 3588 3591 3591 3588 3588 3590 3590 3595 3595 3592 3592 3594 3594 3593 3593 3592 3592 3595 3595 3598 3598 3600 3600 3601 3601 3598 3598 3599 3599 3600 3600 3598 3598 3601 3601 3597 3597 3596 3596 3598 3598 3597 3597 3605 3605 3602 3602 3604 3604 3603 3603 3602 3602 3605 3605 3606 3606 3610 3610 3609 3609 3606 3606 3607 3607 3610 3610 3608 3608 3606 3606 3609 3609 3617 3617 3616 3616 3621 3621 3611 3611 3615 3615 3614 3614 3621 3621 3616 3616 3615 3615 3611 3611 3614 3614 3613 3613 3612 3612 3611 3611 3613 3613 3620 3620 3619 3619 3617 3617 3620 3620 3617 3617 3621 3621 3622 3622 3615 3615 3611 3611 3619 3619 3618 3618 3617 3617 3622 3622 3621 3621 3615 3615 3624 3624 3625 3625 3626 3626 3624 3624 3626 3626 3623 3623 3630 3630 3629 3629 3628 3628 3628 3628 3629 3629 3627 3627 3633 3633 3631 3631 3634 3634 3631 3631 3635 3635 3634 3634 3631 3631 3632 3632 3635 3635 3637 3637 3638 3638 3636 3636 3639 3639 3638 3638 3637 3637 3640 3640 3641 3641 3643 3643 3642 3642 3640 3640 3643 3643 3645 3645 3644 3644 3646 3646 3645 3645 3646 3646 3647 3647 3651 3651 3652 3652 3653 3653 3648 3648 3651 3651 3653 3653 3648 3648 3649 3649 3651 3651 3649 3649 3650 3650 3651 3651 3654 3654 3657 3657 3655 3655 3655 3655 3657 3657 3656 3656 3658 3658 3660 3660 3659 3659 3659 3659 3660 3660 3661 3661 3663 3663 3665 3665 3664 3664 3662 3662 3665 3665 3663 3663 3668 3668 3667 3667 3669 3669 3666 3666 3667 3667 3668 3668 3673 3673 3675 3675 3672 3672 3675 3675 3671 3671 3672 3672 3673 3673 3674 3674 3675 3675 3675 3675 3670 3670 3671 3671 3678 3678 3677 3677 3679 3679 3676 3676 3677 3677 3678 3678 3684 3684 3682 3682 3683 3683 3686 3686 3685 3685 3682 3682 3682 3682 3685 3685 3681 3681 3684 3684 3686 3686 3682 3682 3682 3682 3681 3681 3680 3680 3688 3688 3687 3687 3689 3689 3687 3687 3690 3690 3689 3689 3692 3692 3693 3693 3694 3694 3691 3691 3692 3692 3694 3694 3697 3697 3695 3695 3696 3696 3698 3698 3695 3695 3697 3697 3700 3700 3702 3702 3699 3699 3701 3701 3702 3702 3700 3700 3706 3706 3704 3704 3703 3703 3705 3705 3704 3704 3706 3706 3747 3747 3739 3739 3746 3746 3746 3746 3739 3739 3738 3738 3745 3745 3737 3737 3743 3743 3796 3796 3758 3758 3795 3795 3764 3764 3765 3765 3743 3743 3764 3764 3743 3743 3744 3744 3743 3743 3737 3737 3736 3736 3743 3743 3736 3736 3744 3744 3732 3732 3707 3707 3708 3708 3750 3750 3709 3709 3710 3710 3749 3749 3733 3733 3732 3732 3752 3752 3750 3750 3791 3791 3751 3751 3749 3749 3750 3750 3792 3792 3751 3751 3750 3750 3754 3754 3752 3752 3793 3793 3755 3755 3734 3734 3754 3754 3755 3755 3735 3735 3734 3734 3755 3755 3756 3756 3735 3735 3778 3778 3739 3739 3747 3747 3778 3778 3740 3740 3739 3739 3747 3747 3781 3781 3778 3778 3756 3756 3755 3755 3754 3754 3756 3756 3754 3754 3757 3757 3756 3756 3757 3757 3758 3758 3759 3759 3735 3735 3756 3756 3759 3759 3736 3736 3735 3735 3751 3751 3733 3733 3749 3749 3751 3751 3734 3734 3733 3733 3792 3792 3750 3750 3752 3752 3767 3767 3768 3768 3745 3745 3760 3760 3761 3761 3744 3744 3757 3757 3754 3754 3793 3793 3763 3763 3762 3762 3717 3717 3762 3762 3753 3753 3794 3794 3796 3796 3795 3795 3763 3763 3759 3759 3744 3744 3736 3736 3769 3769 3766 3766 3718 3718 3766 3766 3796 3796 3763 3763 3764 3764 3744 3744 3761 3761 3767 3767 3743 3743 3765 3765 3760 3760 3744 3744 3759 3759 3762 3762 3716 3716 3717 3717 3760 3760 3759 3759 3756 3756 3794 3794 3715 3715 3716 3716 3776 3776 3773 3773 3777 3777 3797 3797 3747 3747 3746 3746 3797 3797 3746 3746 3773 3773 3770 3770 3737 3737 3745 3745 3769 3769 3765 3765 3796 3796 3767 3767 3745 3745 3743 3743 3775 3775 3768 3768 3774 3774 3774 3774 3719 3719 3720 3720 3774 3774 3771 3771 3769 3769 3774 3774 3769 3769 3719 3719 3774 3774 3768 3768 3771 3771 3788 3788 3725 3725 3726 3726 3788 3788 3731 3731 3783 3783 3725 3725 3788 3788 3786 3786 3772 3772 3745 3745 3768 3768 3769 3769 3771 3771 3765 3765 3769 3769 3718 3718 3719 3719 3770 3770 3738 3738 3737 3737 3770 3770 3746 3746 3738 3738 3760 3760 3756 3756 3758 3758 3777 3777 3773 3773 3775 3775 3782 3782 3781 3781 3780 3780 3782 3782 3722 3722 3723 3723 3784 3784 3781 3781 3782 3782 3784 3784 3782 3782 3723 3723 3783 3783 3748 3748 3781 3781 3796 3796 3766 3766 3769 3769 3796 3796 3761 3761 3758 3758 3766 3766 3717 3717 3718 3718 3786 3786 3781 3781 3784 3784 3786 3786 3783 3783 3781 3781 3729 3729 3742 3742 3785 3785 3729 3729 3728 3728 3742 3742 3787 3787 3785 3785 3748 3748 3782 3782 3780 3780 3779 3779 3782 3782 3779 3779 3722 3722 3778 3778 3781 3781 3748 3748 3787 3787 3729 3729 3785 3785 3725 3725 3786 3786 3724 3724 3783 3783 3731 3731 3730 3730 3777 3777 3720 3720 3721 3721 3777 3777 3721 3721 3776 3776 3772 3772 3770 3770 3745 3745 3772 3772 3773 3773 3746 3746 3772 3772 3746 3746 3770 3770 3779 3779 3780 3780 3773 3773 3779 3779 3721 3721 3722 3722 3779 3779 3776 3776 3721 3721 3748 3748 3741 3741 3740 3740 3748 3748 3740 3740 3778 3778 3775 3775 3774 3774 3720 3720 3777 3777 3775 3775 3720 3720 3784 3784 3723 3723 3724 3724 3788 3788 3727 3727 3731 3731 3727 3727 3788 3788 3726 3726 3749 3749 3732 3732 3708 3708 3783 3783 3730 3730 3787 3787 3788 3788 3783 3783 3786 3786 3785 3785 3742 3742 3741 3741 3785 3785 3741 3741 3748 3748 3749 3749 3709 3709 3750 3750 3749 3749 3708 3708 3709 3709 3787 3787 3748 3748 3783 3783 3786 3786 3784 3784 3724 3724 3790 3790 3714 3714 3715 3715 3758 3758 3761 3761 3760 3760 3762 3762 3794 3794 3716 3716 3795 3795 3757 3757 3793 3793 3795 3795 3758 3758 3757 3757 3795 3795 3762 3762 3763 3763 3791 3791 3750 3750 3710 3710 3789 3789 3710 3710 3711 3711 3789 3789 3711 3711 3753 3753 3794 3794 3790 3790 3715 3715 3793 3793 3753 3753 3762 3762 3793 3793 3789 3789 3753 3753 3793 3793 3791 3791 3789 3789 3792 3792 3752 3752 3754 3754 3790 3790 3753 3753 3712 3712 3790 3790 3712 3712 3714 3714 3712 3712 3713 3713 3714 3714 3712 3712 3753 3753 3711 3711 3791 3791 3710 3710 3789 3789 3787 3787 3730 3730 3729 3729 3773 3773 3768 3768 3775 3775 3773 3773 3772 3772 3768 3768 3797 3797 3773 3773 3780 3780 3794 3794 3753 3753 3790 3790 3792 3792 3734 3734 3751 3751 3792 3792 3754 3754 3734 3734 3766 3766 3763 3763 3717 3717 3761 3761 3796 3796 3765 3765 3761 3761 3765 3765 3764 3764 3765 3765 3768 3768 3767 3767 3765 3765 3771 3771 3768 3768 3797 3797 3780 3780 3781 3781 3793 3793 3752 3752 3791 3791 3795 3795 3793 3793 3762 3762 3797 3797 3781 3781 3747 3747 3799 3799 3798 3798 3800 3800 3801 3801 3804 3804 3805 3805 3799 3799 3800 3800 3801 3801 3801 3801 3800 3800 3803 3803 3801 3801 3803 3803 3804 3804 3806 3806 3803 3803 3807 3807 3804 3804 3803 3803 3806 3806 3802 3802 3801 3801 3805 3805 3822 3822 3814 3814 3813 3813 3824 3824 3810 3810 3823 3823 3815 3815 3831 3831 3827 3827 3828 3828 3827 3827 3824 3824 3825 3825 3821 3821 3820 3820 3826 3826 3822 3822 3813 3813 3828 3828 3823 3823 3815 3815 3824 3824 3811 3811 3810 3810 3830 3830 3824 3824 3827 3827 3828 3828 3815 3815 3827 3827 3826 3826 3817 3817 3818 3818 3812 3812 3808 3808 3809 3809 3812 3812 3809 3809 3817 3817 3823 3823 3810 3810 3816 3816 3823 3823 3816 3816 3815 3815 3831 3831 3814 3814 3822 3822 3819 3819 3817 3817 3809 3809 3831 3831 3815 3815 3814 3814 3821 3821 3818 3818 3819 3819 3818 3818 3817 3817 3819 3819 3831 3831 3822 3822 3821 3821 3832 3832 3821 3821 3825 3825 3832 3832 3829 3829 3831 3831 3832 3832 3831 3831 3821 3821 3826 3826 3813 3813 3812 3812 3826 3826 3818 3818 3822 3822 3844 3844 3847 3847 3851 3851 3841 3841 3842 3842 3848 3848 3842 3842 3849 3849 3848 3848 3841 3841 3848 3848 3850 3850 3843 3843 3841 3841 3850 3850 3834 3834 3841 3841 3843 3843 3839 3839 3837 3837 3840 3840 3833 3833 3837 3837 3838 3838 3835 3835 3834 3834 3843 3843 3836 3836 3835 3835 3845 3845 3844 3844 3835 3835 3843 3843 3835 3835 3844 3844 3845 3845 3837 3837 3839 3839 3838 3838 3834 3834 3833 3833 3838 3838 3834 3834 3838 3838 3841 3841 3836 3836 3845 3845 3846 3846 3846 3846 3845 3845 3852 3852 3845 3845 3844 3844 3851 3851 3855 3855 3854 3854 3853 3853 3856 3856 3854 3854 3855 3855 3858 3858 3863 3863 3864 3864 3863 3863 3861 3861 3862 3862 3861 3861 3863 3863 3865 3865 3863 3863 3858 3858 3865 3865 3859 3859 3858 3858 3864 3864 3857 3857 3858 3858 3859 3859 3861 3861 3860 3860 3862 3862 3878 3878 3877 3877 3876 3876 3879 3879 3877 3877 3880 3880 3877 3877 3875 3875 3876 3876 3872 3872 3871 3871 3883 3883 3880 3880 3881 3881 3883 3883 3871 3871 3874 3874 3879 3879 3872 3872 3867 3867 3871 3871 3868 3868 3869 3869 3882 3882 3866 3866 3869 3869 3873 3873 3870 3870 3869 3869 3868 3868 3869 3869 3866 3866 3882 3882 3871 3871 3879 3879 3883 3883 3879 3879 3880 3880 3883 3883 3883 3883 3881 3881 3884 3884 3878 3878 3868 3868 3882 3882 3875 3875 3877 3877 3879 3879 3868 3868 3878 3878 3876 3876 3887 3887 3886 3886 3885 3885 3888 3888 3886 3886 3887 3887 3889 3889 3886 3886 3888 3888 3894 3894 3898 3898 3899 3899 3894 3894 3899 3899 3900 3900 3897 3897 3892 3892 3896 3896 3892 3892 3891 3891 3896 3896 3891 3891 3890 3890 3893 3893 3891 3891 3894 3894 3896 3896 3891 3891 3893 3893 3894 3894 3894 3894 3893 3893 3895 3895 3896 3896 3894 3894 3900 3900 3904 3904 3903 3903 3901 3901 3902 3902 3901 3901 3903 3903 3911 3911 3906 3906 3912 3912 3914 3914 3909 3909 3913 3913 3907 3907 3906 3906 3911 3911 3909 3909 3914 3914 3915 3915 3911 3911 3912 3912 3913 3913 3905 3905 3906 3906 3907 3907 3910 3910 3909 3909 3915 3915 3909 3909 3908 3908 3911 3911 3909 3909 3911 3911 3913 3913 3921 3921 3920 3920 3934 3934 3917 3917 3918 3918 3924 3924 3933 3933 3935 3935 3936 3936 3917 3917 3923 3923 3926 3926 3920 3920 3931 3931 3934 3934 3933 3933 3925 3925 3934 3934 3923 3923 3917 3917 3922 3922 3922 3922 3917 3917 3924 3924 3924 3924 3929 3929 3928 3928 3924 3924 3918 3918 3935 3935 3925 3925 3933 3933 3936 3936 3933 3933 3932 3932 3930 3930 3927 3927 3928 3928 3930 3930 3922 3922 3924 3924 3928 3928 3931 3931 3932 3932 3934 3934 3929 3929 3933 3933 3930 3930 3921 3921 3919 3919 3920 3920 3932 3932 3933 3933 3934 3934 3916 3916 3917 3917 3926 3926 3935 3935 3918 3918 3936 3936 3928 3928 3929 3929 3930 3930 3938 3938 3940 3940 3941 3941 3941 3941 3940 3940 3943 3943 3938 3938 3937 3937 3940 3940 3938 3938 3941 3941 3942 3942 3940 3940 3939 3939 3943 3943 3948 3948 3946 3946 3947 3947 3947 3947 3946 3946 3945 3945 3946 3946 3944 3944 3945 3945 3951 3951 3950 3950 3949 3949 3952 3952 3950 3950 3951 3951 3958 3958 3956 3956 3959 3959 3958 3958 3959 3959 3957 3957 3959 3959 3960 3960 3957 3957 3955 3955 3954 3954 3959 3959 3953 3953 3954 3954 3955 3955 3959 3959 3954 3954 3960 3960 3969 3969 3968 3968 3967 3967 3969 3969 3967 3967 3962 3962 3968 3968 3965 3965 3966 3966 3970 3970 3962 3962 3963 3963 3964 3964 3963 3963 3961 3961 3970 3970 3969 3969 3962 3962 3968 3968 3966 3966 3967 3967 3962 3962 3961 3961 3963 3963 3975 3975 3974 3974 3978 3978 3972 3972 3974 3974 3975 3975 3971 3971 3972 3972 3975 3975 3978 3978 3976 3976 3979 3979 3973 3973 3976 3976 3978 3978 3975 3975 3978 3978 3979 3979 3976 3976 3977 3977 3979 3979 3980 3980 3983 3983 3982 3982 3983 3983 3981 3981 3982 3982 3980 3980 3982 3982 3984 3984 3986 3986 3985 3985 3987 3987 3988 3988 3986 3986 3987 3987 3993 3993 3991 3991 3996 3996 3989 3989 3991 3991 3997 3997 3995 3995 3993 3993 3996 3996 3990 3990 3989 3989 3997 3997 3993 3993 3992 3992 3991 3991 3991 3991 3989 3989 3996 3996 3994 3994 3993 3993 3995 3995 4002 4002 4001 4001 3999 3999 4000 4000 3999 3999 4001 4001 4000 4000 3998 3998 3999 3999 4026 4026 4019 4019 4024 4024 4026 4026 4014 4014 4013 4013 4020 4020 4023 4023 4004 4004 4016 4016 4015 4015 4003 4003 4018 4018 4017 4017 4023 4023 4018 4018 4023 4023 4019 4019 4020 4020 4004 4004 4005 4005 4019 4019 4027 4027 4018 4018 4025 4025 4022 4022 4027 4027 4025 4025 4012 4012 4021 4021 4019 4019 4025 4025 4027 4027 4026 4026 4013 4013 4025 4025 4025 4025 4013 4013 4012 4012 4007 4007 4020 4020 4005 4005 4007 4007 4005 4005 4006 4006 4026 4026 4025 4025 4019 4019 4024 4024 4008 4008 4009 4009 4017 4017 4004 4004 4023 4023 4014 4014 4009 4009 4010 4010 4014 4014 4026 4026 4009 4009 4026 4026 4024 4024 4009 4009 4008 4008 4020 4020 4007 4007 4021 4021 4012 4012 4011 4011 4023 4023 4020 4020 4024 4024 4008 4008 4024 4024 4020 4020 4019 4019 4023 4023 4024 4024 4017 4017 4015 4015 4016 4016 4017 4017 4016 4016 4004 4004 4025 4025 4021 4021 4022 4022 4030 4030 4028 4028 4031 4031 4028 4028 4029 4029 4031 4031 4034 4034 4036 4036 4038 4038 4032 4032 4030 4030 4031 4031 4036 4036 4037 4037 4038 4038 4032 4032 4031 4031 4036 4036 4034 4034 4032 4032 4036 4036 4032 4032 4034 4034 4033 4033 4033 4033 4034 4034 4035 4035 4043 4043 4041 4041 4042 4042 4041 4041 4043 4043 4046 4046 4042 4042 4045 4045 4047 4047 4042 4042 4040 4040 4044 4044 4045 4045 4042 4042 4044 4044 4039 4039 4040 4040 4041 4041 4041 4041 4040 4040 4042 4042 4049 4049 4050 4050 4048 4048 4051 4051 4049 4049 4048 4048 4057 4057 4052 4052 4058 4058 4054 4054 4057 4057 4058 4058 4054 4054 4056 4056 4059 4059 4055 4055 4054 4054 4059 4059 4053 4053 4052 4052 4057 4057 4054 4054 4055 4055 4057 4057 4064 4064 4060 4060 4061 4061 4064 4064 4061 4061 4062 4062 4064 4064 4062 4062 4063 4063 4073 4073 4071 4071 4070 4070 4070 4070 4065 4065 4069 4069 4071 4071 4067 4067 4068 4068 4072 4072 4067 4067 4071 4071 4072 4072 4066 4066 4067 4067 4073 4073 4070 4070 4069 4069 4071 4071 4068 4068 4070 4070 4077 4077 4078 4078 4075 4075 4081 4081 4074 4074 4076 4076 4081 4081 4076 4076 4080 4080 4080 4080 4075 4075 4078 4078 4080 4080 4076 4076 4075 4075 4079 4079 4076 4076 4074 4074 4090 4090 4083 4083 4091 4091 4084 4084 4086 4086 4095 4095 4087 4087 4088 4088 4092 4092 4083 4083 4092 4092 4091 4091 4084 4084 4095 4095 4096 4096 4093 4093 4091 4091 4092 4092 4095 4095 4090 4090 4094 4094 4086 4086 4090 4090 4095 4095 4083 4083 4082 4082 4087 4087 4086 4086 4084 4084 4085 4085 4083 4083 4087 4087 4092 4092 4088 4088 4089 4089 4092 4092 4086 4086 4083 4083 4090 4090 4100 4100 4099 4099 4097 4097 4099 4099 4101 4101 4098 4098 4099 4099 4100 4100 4101 4101 4106 4106 4104 4104 4105 4105 4102 4102 4103 4103 4107 4107 4106 4106 4105 4105 4108 4108 4105 4105 4103 4103 4108 4108 4107 4107 4103 4103 4105 4105 4109 4109 4111 4111 4113 4113 4111 4111 4112 4112 4113 4113 4112 4112 4110 4110 4113 4113 4115 4115 4116 4116 4114 4114 4117 4117 4114 4114 4116 4116 4121 4121 4120 4120 4119 4119 4121 4121 4119 4119 4118 4118 4127 4127 4124 4124 4126 4126 4126 4126 4124 4124 4125 4125 4125 4125 4124 4124 4123 4123 4125 4125 4123 4123 4122 4122 4131 4131 4128 4128 4130 4130 4130 4130 4128 4128 4129 4129 4136 4136 4134 4134 4135 4135 4136 4136 4132 4132 4133 4133 4136 4136 4133 4133 4134 4134 4141 4141 4140 4140 4137 4137 4143 4143 4137 4137 4142 4142 4143 4143 4141 4141 4137 4137 4142 4142 4137 4137 4138 4138 4142 4142 4138 4138 4139 4139 4147 4147 4144 4144 4145 4145 4147 4147 4145 4145 4146 4146 4151 4151 4149 4149 4148 4148 4151 4151 4150 4150 4149 4149 4156 4156 4154 4154 4155 4155 4157 4157 4156 4156 4155 4155 4155 4155 4154 4154 4153 4153 4157 4157 4155 4155 4152 4152 4159 4159 4158 4158 4163 4163 4162 4162 4160 4160 4163 4163 4160 4160 4159 4159 4163 4163 4158 4158 4161 4161 4163 4163 4167 4167 4165 4165 4166 4166 4167 4167 4166 4166 4164 4164 4173 4173 4170 4170 4168 4168 4173 4173 4168 4168 4172 4172 4172 4172 4168 4168 4171 4171 4171 4171 4168 4168 4169 4169 4252 4252 4213 4213 4215 4215 4252 4252 4215 4215 4240 4240 4252 4252 4240 4240 4216 4216 4247 4247 4230 4230 4227 4227 4237 4237 4202 4202 4201 4201 4237 4237 4201 4201 4251 4251 4234 4234 4251 4251 4231 4231 4233 4233 4183 4183 4232 4232 4233 4233 4231 4231 4229 4229 4233 4233 4229 4229 4183 4183 4232 4232 4183 4183 4184 4184 4220 4220 4179 4179 4180 4180 4220 4220 4218 4218 4217 4217 4220 4220 4217 4217 4179 4179 4228 4228 4183 4183 4229 4229 4228 4228 4182 4182 4183 4183 4228 4228 4210 4210 4182 4182 4227 4227 4226 4226 4223 4223 4226 4226 4198 4198 4197 4197 4214 4214 4218 4218 4242 4242 4219 4219 4241 4241 4240 4240 4239 4239 4216 4216 4241 4241 4225 4225 4180 4180 4181 4181 4221 4221 4245 4245 4223 4223 4224 4224 4196 4196 4222 4222 4221 4221 4218 4218 4220 4220 4220 4220 4180 4180 4245 4245 4252 4252 4207 4207 4213 4213 4239 4239 4209 4209 4216 4216 4216 4216 4209 4209 4208 4208 4244 4244 4242 4242 4218 4218 4194 4194 4193 4193 4241 4241 4194 4194 4241 4241 4219 4219 4243 4243 4240 4240 4242 4242 4243 4243 4219 4219 4240 4240 4190 4190 4238 4238 4189 4189 4219 4219 4195 4195 4194 4194 4218 4218 4214 4214 4217 4217 4217 4217 4178 4178 4179 4179 4217 4217 4214 4214 4178 4178 4214 4214 4177 4177 4178 4178 4214 4214 4212 4212 4177 4177 4215 4215 4213 4213 4212 4212 4177 4177 4212 4212 4176 4176 4212 4212 4211 4211 4176 4176 4209 4209 4192 4192 4191 4191 4213 4213 4211 4211 4212 4212 4252 4252 4208 4208 4207 4207 4211 4211 4175 4175 4176 4176 4213 4213 4207 4207 4206 4206 4249 4249 4201 4201 4250 4250 4233 4233 4232 4232 4234 4234 4213 4213 4206 4206 4211 4211 4210 4210 4181 4181 4182 4182 4235 4235 4184 4184 4185 4185 4231 4231 4228 4228 4229 4229 4231 4231 4210 4210 4228 4228 4187 4187 4185 4185 4186 4186 4236 4236 4232 4232 4235 4235 4236 4236 4234 4234 4232 4232 4201 4201 4249 4249 4251 4251 4235 4235 4232 4232 4184 4184 4225 4225 4181 4181 4210 4210 4214 4214 4215 4215 4212 4212 4246 4246 4221 4221 4223 4223 4250 4250 4201 4201 4200 4200 4225 4225 4245 4245 4180 4180 4224 4224 4197 4197 4196 4196 4250 4250 4200 4200 4230 4230 4250 4250 4230 4230 4249 4249 4231 4231 4251 4251 4249 4249 4242 4242 4215 4215 4214 4214 4240 4240 4215 4215 4242 4242 4240 4240 4241 4241 4216 4216 4239 4239 4193 4193 4192 4192 4188 4188 4236 4236 4235 4235 4237 4237 4203 4203 4202 4202 4187 4187 4235 4235 4185 4185 4208 4208 4252 4252 4216 4216 4230 4230 4199 4199 4198 4198 4225 4225 4210 4210 4223 4223 4226 4226 4197 4197 4224 4224 4243 4243 4242 4242 4244 4244 4222 4222 4219 4219 4243 4243 4246 4246 4243 4243 4244 4244 4230 4230 4198 4198 4226 4226 4230 4230 4226 4226 4227 4227 4225 4225 4223 4223 4245 4245 4222 4222 4195 4195 4219 4219 4245 4245 4221 4221 4220 4220 4246 4246 4226 4226 4224 4224 4246 4246 4223 4223 4226 4226 4246 4246 4244 4244 4221 4221 4244 4244 4218 4218 4221 4221 4248 4248 4249 4249 4230 4230 4248 4248 4230 4230 4247 4247 4222 4222 4196 4196 4195 4195 4246 4246 4224 4224 4222 4222 4246 4246 4222 4222 4243 4243 4239 4239 4192 4192 4209 4209 4238 4238 4204 4204 4237 4237 4238 4238 4237 4237 4236 4236 4239 4239 4241 4241 4193 4193 4204 4204 4203 4203 4237 4237 4236 4236 4188 4188 4189 4189 4237 4237 4234 4234 4236 4236 4188 4188 4235 4235 4187 4187 4230 4230 4200 4200 4199 4199 4247 4247 4227 4227 4223 4223 4247 4247 4223 4223 4210 4210 4234 4234 4237 4237 4251 4251 4175 4175 4211 4211 4205 4205 4175 4175 4205 4205 4174 4174 4205 4205 4211 4211 4206 4206 4190 4190 4204 4204 4238 4238 4249 4249 4248 4248 4231 4231 4248 4248 4210 4210 4231 4231 4248 4248 4247 4247 4210 4210 4238 4238 4236 4236 4189 4189 4234 4234 4231 4231 4233 4233 4307 4307 4325 4325 4324 4324 4312 4312 4262 4262 4263 4263 4267 4267 4315 4315 4266 4266 4267 4267 4317 4317 4315 4315 4266 4266 4315 4315 4264 4264 4266 4266 4264 4264 4265 4265 4317 4317 4312 4312 4315 4315 4313 4313 4309 4309 4262 4262 4294 4294 4291 4291 4292 4292 4304 4304 4276 4276 4275 4275 4305 4305 4260 4260 4289 4289 4306 4306 4324 4324 4302 4302 4306 4306 4305 4305 4289 4289 4306 4306 4289 4289 4326 4326 4300 4300 4273 4273 4320 4320 4316 4316 4282 4282 4281 4281 4330 4330 4310 4310 4329 4329 4311 4311 4329 4329 4328 4328 4328 4328 4289 4289 4311 4311 4328 4328 4326 4326 4289 4289 4289 4289 4260 4260 4261 4261 4316 4316 4318 4318 4282 4282 4332 4332 4321 4321 4296 4296 4332 4332 4291 4291 4321 4321 4316 4316 4281 4281 4280 4280 4315 4315 4312 4312 4263 4263 4291 4291 4286 4286 4285 4285 4317 4317 4314 4314 4312 4312 4288 4288 4271 4271 4270 4270 4291 4291 4285 4285 4290 4290 4256 4256 4292 4292 4255 4255 4291 4291 4290 4290 4292 4292 4292 4292 4290 4290 4255 4255 4293 4293 4294 4294 4292 4292 4320 4320 4319 4319 4296 4296 4297 4297 4256 4256 4257 4257 4297 4297 4293 4293 4256 4256 4297 4297 4257 4257 4258 4258 4290 4290 4254 4254 4255 4255 4332 4332 4286 4286 4291 4291 4305 4305 4302 4302 4259 4259 4313 4313 4262 4262 4312 4312 4330 4330 4280 4280 4279 4279 4313 4313 4312 4312 4314 4314 4316 4316 4280 4280 4330 4330 4315 4315 4263 4263 4264 4264 4325 4325 4277 4277 4276 4276 4322 4322 4295 4295 4298 4298 4299 4299 4322 4322 4298 4298 4308 4308 4261 4261 4262 4262 4308 4308 4262 4262 4309 4309 4311 4311 4289 4289 4308 4308 4311 4311 4308 4308 4309 4309 4310 4310 4279 4279 4278 4278 4303 4303 4302 4302 4324 4324 4305 4305 4259 4259 4260 4260 4330 4330 4279 4279 4310 4310 4301 4301 4259 4259 4302 4302 4301 4301 4258 4258 4259 4259 4332 4332 4287 4287 4286 4286 4303 4303 4299 4299 4298 4298 4294 4294 4321 4321 4291 4291 4303 4303 4301 4301 4302 4302 4256 4256 4293 4293 4292 4292 4301 4301 4298 4298 4258 4258 4298 4298 4297 4297 4258 4258 4300 4300 4274 4274 4273 4273 4303 4303 4298 4298 4301 4301 4313 4313 4311 4311 4309 4309 4284 4284 4254 4254 4290 4290 4321 4321 4320 4320 4296 4296 4319 4319 4288 4288 4296 4296 4319 4319 4271 4271 4288 4288 4319 4319 4272 4272 4271 4271 4295 4295 4294 4294 4293 4293 4318 4318 4314 4314 4317 4317 4317 4317 4267 4267 4268 4268 4283 4283 4282 4282 4318 4318 4293 4293 4297 4297 4298 4298 4293 4293 4298 4298 4295 4295 4322 4322 4321 4321 4295 4295 4322 4322 4300 4300 4321 4321 4320 4320 4273 4273 4272 4272 4285 4285 4284 4284 4290 4290 4296 4296 4287 4287 4332 4332 4296 4296 4288 4288 4287 4287 4322 4322 4304 4304 4300 4300 4299 4299 4304 4304 4322 4322 4304 4304 4274 4274 4300 4300 4323 4323 4304 4304 4299 4299 4274 4274 4304 4304 4275 4275 4295 4295 4321 4321 4294 4294 4319 4319 4320 4320 4272 4272 4300 4300 4320 4320 4321 4321 4323 4323 4324 4324 4325 4325 4302 4302 4305 4305 4306 4306 4325 4325 4276 4276 4304 4304 4326 4326 4324 4324 4306 4306 4326 4326 4307 4307 4324 4324 4327 4327 4310 4310 4278 4278 4330 4330 4329 4329 4316 4316 4311 4311 4331 4331 4316 4316 4326 4326 4310 4310 4307 4307 4327 4327 4277 4277 4325 4325 4327 4327 4325 4325 4307 4307 4316 4316 4331 4331 4318 4318 4327 4327 4278 4278 4277 4277 4327 4327 4307 4307 4310 4310 4328 4328 4329 4329 4310 4310 4328 4328 4310 4310 4326 4326 4323 4323 4325 4325 4304 4304 4323 4323 4299 4299 4303 4303 4324 4324 4323 4323 4303 4303 4311 4311 4316 4316 4329 4329 4284 4284 4253 4253 4254 4254 4269 4269 4318 4318 4268 4268 4269 4269 4283 4283 4318 4318 4314 4314 4318 4318 4331 4331 4314 4314 4331 4331 4311 4311 4314 4314 4311 4311 4313 4313 4318 4318 4317 4317 4268 4268 4308 4308 4289 4289 4261 4261 4335 4335 4333 4333 4334 4334 4337 4337 4338 4338 4336 4336 4340 4340 4341 4341 4339 4339 4342 4342 4344 4344 4343 4343 4346 4346 4345 4345 4347 4347 4348 4348 4350 4350 4349 4349 4351 4351 4353 4353 4352 4352 4354 4354 4356 4356 4355 4355 4358 4358 4357 4357 4359 4359 4361 4361 4360 4360 4362 4362 4364 4364 4363 4363 4365 4365 4368 4368 4367 4367 4366 4366 4369 4369 4370 4370 4371 4371 4374 4374 4372 4372 4373 4373 4375 4375 4376 4376 4377 4377 4379 4379 4380 4380 4378 4378 4382 4382 4381 4381 4383 4383 4385 4385 4384 4384 4386 4386 4388 4388 4387 4387 4389 4389 4392 4392 4391 4391 4390 4390 4393 4393 4395 4395 4394 4394 4396 4396 4398 4398 4397 4397 4400 4400 4399 4399 4401 4401 4402 4402 4404 4404 4403 4403 4405 4405 4407 4407 4406 4406 4409 4409 4408 4408 4410 4410 4413 4413 4412 4412 4411 4411 4414 4414 4415 4415 4416 4416 4417 4417 4419 4419 4418 4418 4421 4421 4420 4420 4422 4422 4423 4423 4425 4425 4424 4424 4426 4426 4427 4427 4428 4428 4431 4431 4429 4429 4430 4430 4433 4433 4432 4432 4434 4434 4437 4437 4436 4436 4435 4435 4439 4439 4438 4438 4440 4440 4443 4443 4442 4442 4441 4441 4444 4444 4446 4446 4445 4445 4448 4448 4447 4447 4449 4449 4450 4450 4451 4451 4452 4452 4453 4453 4455 4455 4454 4454 4457 4457 4456 4456 4458 4458 4459 4459 4461 4461 4460 4460 4462 4462 4463 4463 4464 4464 4467 4467 4465 4465 4466 4466 4469 4469 4468 4468 4470 4470 4473 4473 4472 4472 4471 4471 4475 4475 4474 4474 4476 4476 4479 4479 4478 4478 4477 4477 4480 4480 4482 4482 4481 4481 4484 4484 4485 4485 4483 4483 4487 4487 4486 4486 4488 4488 4490 4490 4489 4489 4491 4491 4492 4492 4493 4493 4494 4494 4496 4496 4495 4495 4497 4497 4498 4498 4500 4500 4499 4499 4501 4501 4502 4502 4503 4503 4506 4506 4504 4504 4505 4505 4508 4508 4507 4507 4509 4509 4512 4512 4511 4511 4510 4510 4514 4514 4513 4513 4515 4515 4518 4518 4517 4517 4516 4516 4519 4519 4521 4521 4520 4520 4523 4523 4524 4524 4522 4522 4525 4525 4527 4527 4526 4526 4529 4529 4528 4528 4530 4530 4532 4532 4531 4531 4533 4533 4536 4536 4535 4535 4534 4534 4537 4537 4538 4538 4539 4539 4541 4541 4542 4542 4540 4540 4543 4543 4545 4545 4544 4544 4547 4547 4546 4546 4548 4548 4549 4549 4551 4551 4550 4550 4552 4552 4554 4554 4553 4553 4556 4556 4555 4555 4557 4557 4560 4560 4559 4559 4558 4558 4562 4562 4561 4561 4563 4563 4566 4566 4565 4565 4564 4564 4568 4568 4569 4569 4567 4567 4571 4571 4570 4570 4572 4572 4573 4573 4575 4575 4574 4574 4576 4576 4578 4578 4577 4577 4580 4580 4579 4579 4581 4581 4584 4584 4583 4583 4582 4582 4585 4585 4586 4586 4587 4587 4589 4589 4590 4590 4588 4588 4591 4591 4593 4593 4592 4592 4595 4595 4594 4594 4596 4596 4597 4597 4598 4598 4599 4599 4601 4601 4602 4602 4600 4600 4603 4603 4605 4605 4604 4604 4606 4606 4607 4607 4608 4608 4609 4609 4610 4610 4611 4611 4612 4612 4613 4613 4614 4614 4615 4615 4616 4616 4617 4617 4618 4618 4619 4619 4620 4620 4622 4622 4623 4623 4621 4621 4624 4624 4625 4625 4626 4626 4628 4628 4627 4627 4629 4629 4630 4630 4632 4632 4631 4631 4634 4634 4635 4635 4633 4633 4636 4636 4637 4637 4638 4638 4639 4639 4640 4640 4641 4641 4642 4642 4643 4643 4644 4644 4645 4645 4646 4646 4647 4647 4649 4649 4648 4648 4650 4650 4652 4652 4651 4651 4653 4653 4655 4655 4656 4656 4654 4654 4659 4659 4657 4657 4658 4658 4660 4660 4661 4661 4662 4662 4663 4663 4664 4664 4665 4665 4666 4666 4667 4667 4668 4668 4669 4669 4670 4670 4671 4671 4673 4673 4672 4672 4674 4674 4676 4676 4677 4677 4675 4675 4678 4678 4679 4679 4680 4680 4681 4681 4682 4682 4683 4683 4684 4684 4685 4685 4686 4686 4688 4688 4689 4689 4687 4687 4690 4690 4691 4691 4692 4692 4693 4693 4695 4695 4694 4694 4696 4696 4697 4697 4698 4698 4699 4699 4700 4700 4701 4701 4702 4702 4703 4703 4704 4704 4706 4706 4707 4707 4705 4705 4708 4708 4709 4709 4710 4710 4711 4711 4712 4712 4713 4713 4714 4714 4716 4716 4715 4715 4718 4718 4717 4717 4719 4719 4720 4720 4722 4722 4721 4721 4724 4724 4725 4725 4723 4723 4726 4726 4727 4727 4728 4728 4729 4729 4730 4730 4731 4731 4732 4732 4733 4733 4734 4734 4735 4735 4736 4736 4737 4737 4738 4738 4739 4739 4740 4740 4743 4743 4742 4742 4741 4741 4744 4744 4745 4745 4746 4746 4747 4747 4748 4748 4749 4749 4750 4750 4751 4751 4752 4752 4753 4753 4755 4755 4754 4754 4756 4756 4757 4757 4758 4758 4761 4761 4759 4759 4760 4760 4763 4763 4762 4762 4764 4764 4765 4765 4767 4767 4766 4766 4769 4769 4770 4770 4768 4768 4772 4772 4771 4771 4773 4773 4774 4774 4776 4776 4775 4775 4777 4777 4779 4779 4778 4778 4781 4781 4780 4780 4782 4782 4783 4783 4784 4784 4785 4785 4786 4786 4787 4787 4788 4788 4790 4790 4789 4789 4791 4791 4792 4792 4794 4794 4793 4793 4796 4796 4795 4795 4797 4797 4799 4799 4798 4798 4800 4800 4801 4801 4802 4802 4803 4803 4806 4806 4804 4804 4805 4805 4809 4809 4808 4808 4807 4807 4811 4811 4812 4812 4810 4810 4814 4814 4815 4815 4813 4813 4817 4817 4816 4816 4818 4818 4820 4820 4819 4819 4821 4821 4823 4823 4822 4822 4824 4824 4825 4825 4826 4826 4827 4827 4829 4829 4830 4830 4828 4828 4832 4832 4833 4833 4831 4831 4836 4836 4834 4834 4835 4835 4838 4838 4837 4837 4839 4839 4841 4841 4840 4840 4842 4842 4844 4844 4843 4843 4845 4845 4846 4846 4847 4847 4848 4848 4850 4850 4849 4849 4851 4851 4853 4853 4852 4852 4854 4854 4856 4856 4857 4857 4855 4855 4859 4859 4860 4860 4858 4858 4862 4862 4863 4863 4861 4861 4866 4866 4864 4864 4865 4865 4868 4868 4867 4867 4869 4869 4871 4871 4870 4870 4872 4872 4873 4873 4875 4875 4874 4874 4876 4876 4877 4877 4878 4878 4880 4880 4879 4879 4881 4881 4883 4883 4882 4882 4884 4884 4885 4885 4886 4886 4887 4887 4888 4888 4890 4890 4889 4889 4892 4892 4891 4891 4893 4893 4894 4894 4895 4895 4896 4896 4898 4898 4897 4897 4899 4899 4901 4901 4902 4902 4900 4900 4904 4904 4905 4905 4903 4903 4906 4906 4908 4908 4907 4907 4909 4909 4911 4911 4910 4910 4913 4913 4912 4912 4914 4914 4916 4916 4915 4915 4917 4917 4918 4918 4919 4919 4920 4920 4921 4921 4923 4923 4922 4922 4924 4924 4926 4926 4925 4925 4929 4929 4927 4927 4928 4928 4931 4931 4932 4932 4930 4930 4934 4934 4935 4935 4933 4933 4938 4938 4936 4936 4937 4937 4940 4940 4941 4941 4939 4939 4943 4943 4942 4942 4944 4944 4946 4946 4947 4947 4945 4945 4948 4948 4949 4949 4950 4950 4953 4953 4952 4952 4951 4951 4955 4955 4954 4954 4956 4956 4958 4958 4957 4957 4959 4959 4962 4962 4960 4960 4961 4961 4965 4965 4963 4963 4964 4964 4967 4967 4968 4968 4966 4966 4970 4970 4971 4971 4969 4969 4973 4973 4972 4972 4974 4974 4977 4977 4976 4976 4975 4975 4979 4979 4978 4978 4980 4980 4981 4981 4983 4983 4982 4982 4986 4986 4984 4984 4985 4985 4987 4987 4988 4988 4989 4989 4992 4992 4991 4991 4990 4990 4994 4994 4993 4993 4995 4995 4997 4997 4998 4998 4996 4996 5001 5001 4999 4999 5000 5000 5002 5002 5004 5004 5003 5003 5006 5006 5007 5007 5005 5005 5008 5008 5010 5010 5009 5009 5011 5011 5012 5012 5013 5013 5016 5016 5015 5015 5014 5014 5018 5018 5017 5017 5019 5019 5021 5021 5022 5022 5020 5020 5025 5025 5024 5024 5023 5023 5028 5028 5027 5027 5026 5026 5031 5031 5029 5029 5030 5030 5033 5033 5034 5034 5032 5032 5036 5036 5037 5037 5035 5035 5040 5040 5038 5038 5039 5039 5042 5042 5043 5043 5041 5041 5045 5045 5046 5046 5044 5044 5047 5047 5049 5049 5048 5048 5051 5051 5052 5052 5050 5050 5055 5055 5053 5053 5054 5054 5057 5057 5058 5058 5056 5056 5060 5060 5061 5061 5059 5059 5064 5064 5063 5063 5062 5062 5065 5065 5067 5067 5066 5066 5069 5069 5068 5068 5070 5070 5073 5073 5072 5072 5071 5071 5075 5075 5076 5076 5074 5074 5079 5079 5077 5077 5078 5078 5081 5081 5082 5082 5080 5080 5085 5085 5083 5083 5084 5084 5087 5087 5088 5088 5086 5086 5091 5091 5089 5089 5090 5090 5094 5094 5092 5092 5093 5093 5096 5096 5097 5097 5095 5095 5100 5100 5098 5098 5099 5099 5102 5102 5101 5101 5103 5103 5106 5106 5105 5105 5104 5104 5108 5108 5109 5109 5107 5107 5111 5111 5110 5110 5112 5112 5113 5113 5114 5114 5115 5115 5117 5117 5116 5116 5118 5118 5119 5119 5121 5121 5120 5120 5124 5124 5123 5123 5122 5122 5125 5125 5127 5127 5126 5126 5128 5128 5130 5130 5129 5129 5131 5131 5133 5133 5132 5132 5136 5136 5134 5134 5135 5135 5138 5138 5139 5139 5137 5137 5141 5141 5140 5140 5142 5142 5143 5143 5145 5145 5144 5144 5146 5146 5148 5148 5147 5147 5149 5149 5151 5151 5150 5150 5153 5153 5152 5152 5154 5154 5156 5156 5155 5155 5157 5157 5160 5160 5159 5159 5158 5158 5162 5162 5161 5161 5163 5163 5164 5164 5166 5166 5165 5165 5168 5168 5169 5169 5167 5167 5171 5171 5172 5172 5170 5170 5174 5174 5173 5173 5175 5175 5176 5176 5178 5178 5177 5177 5179 5179 5180 5180 5181 5181 5182 5182 5183 5183 5184 5184 5185 5185 5186 5186 5187 5187 5188 5188 5189 5189 5190 5190 5192 5192 5193 5193 5191 5191 5194 5194 5195 5195 5196 5196 5198 5198 5199 5199 5197 5197 5202 5202 5200 5200 5201 5201 5203 5203 5204 5204 5205 5205 5208 5208 5206 5206 5207 5207 5211 5211 5209 5209 5210 5210 5212 5212 5213 5213 5214 5214 5216 5216 5215 5215 5217 5217 5218 5218 5220 5220 5219 5219 5221 5221 5223 5223 5222 5222 5224 5224 5226 5226 5225 5225 5228 5228 5227 5227 5229 5229 5230 5230 5232 5232 5231 5231 5235 5235 5233 5233 5234 5234 5238 5238 5236 5236 5237 5237 5240 5240 5239 5239 5241 5241 5242 5242 5243 5243 5244 5244 5247 5247 5246 5246 5245 5245 5248 5248 5249 5249 5250 5250 5251 5251 5253 5253 5252 5252 5254 5254 5256 5256 5255 5255 5257 5257 5259 5259 5258 5258 5261 5261 5262 5262 5260 5260 5263 5263 5265 5265 5264 5264 5266 5266 5267 5267 5268 5268 5270 5270 5269 5269 5271 5271 5272 5272 5273 5273 5274 5274 5275 5275 5277 5277 5276 5276 5279 5279 5278 5278 5280 5280 5281 5281 5283 5283 5282 5282 5284 5284 5286 5286 5285 5285 5288 5288 5287 5287 5289 5289 5290 5290 5292 5292 5291 5291 5294 5294 5293 5293 5295 5295 5296 5296 5298 5298 5297 5297 5299 5299 5301 5301 5300 5300 5303 5303 5302 5302 5304 5304 5306 5306 5305 5305 5307 5307 5310 5310 5309 5309 5308 5308 5312 5312 5311 5311 5313 5313 5316 5316 5315 5315 5314 5314 5317 5317 5319 5319 5318 5318 5320 5320 5322 5322 5321 5321 5324 5324 5325 5325 5323 5323 5328 5328 5326 5326 5327 5327 5331 5331 5329 5329 5330 5330 5334 5334 5332 5332 5333 5333 5337 5337 5335 5335 5336 5336 5340 5340 5338 5338 5339 5339 5343 5343 5341 5341 5342 5342 5345 5345 5346 5346 5344 5344 5349 5349 5348 5348 5347 5347 5350 5350 5352 5352 5351 5351 5355 5355 5353 5353 5354 5354 5356 5356 5358 5358 5357 5357 5359 5359 5361 5361 5360 5360 5364 5364 5362 5362 5363 5363 5366 5366 5367 5367 5365 5365 5368 5368 5370 5370 5369 5369 5372 5372 5371 5371 5373 5373 5375 5375 5376 5376 5374 5374 5377 5377 5378 5378 5379 5379 5381 5381 5380 5380 5382 5382 5385 5385 5384 5384 5383 5383 5388 5388 5387 5387 5386 5386 5390 5390 5389 5389 5391 5391 5393 5393 5394 5394 5392 5392 5396 5396 5395 5395 5397 5397 5399 5399 5400 5400 5398 5398 5402 5402 5403 5403 5401 5401 5406 5406 5405 5405 5404 5404 5409 5409 5408 5408 5407 5407 5412 5412 5411 5411 5410 5410 5415 5415 5414 5414 5413 5413 5416 5416 5417 5417 5418 5418 5421 5421 5419 5419 5420 5420 5424 5424 5422 5422 5423 5423 5425 5425 5426 5426 5427 5427 5428 5428 5429 5429 5430 5430 5432 5432 5433 5433 5431 5431 5434 5434 5435 5435 5436 5436 5437 5437 5439 5439 5438 5438 5442 5442 5440 5440 5441 5441 5445 5445 5443 5443 5444 5444 5447 5447 5448 5448 5446 5446 5450 5450 5451 5451 5449 5449 5452 5452 5454 5454 5453 5453 5456 5456 5457 5457 5455 5455 5460 5460 5459 5459 5458 5458 5462 5462 5463 5463 5461 5461 5466 5466 5465 5465 5464 5464 5468 5468 5469 5469 5467 5467 5472 5472 5471 5471 5470 5470 5473 5473 5475 5475 5474 5474 5476 5476 5478 5478 5477 5477 5479 5479 5481 5481 5480 5480 5482 5482 5484 5484 5483 5483 5485 5485 5486 5486 5487 5487 5489 5489 5490 5490 5488 5488 5491 5491 5492 5492 5493 5493 5494 5494 5495 5495 5496 5496 5498 5498 5497 5497 5499 5499 5500 5500 5502 5502 5501 5501 5504 5504 5503 5503 5505 5505 5508 5508 5507 5507 5506 5506 5510 5510 5509 5509 5511 5511 5514 5514 5513 5513 5512 5512 5516 5516 5515 5515 5517 5517 5520 5520 5519 5519 5518 5518 5522 5522 5521 5521 5523 5523 5526 5526 5525 5525 5524 5524 5527 5527 5529 5529 5528 5528 5530 5530 5532 5532 5531 5531 5534 5534 5533 5533 5535 5535 5536 5536 5538 5538 5537 5537 5540 5540 5539 5539 5541 5541 5542 5542 5544 5544 5543 5543 5545 5545 5546 5546 5547 5547 5549 5549 5550 5550 5548 5548 5551 5551 5552 5552 5553 5553 5555 5555 5556 5556 5554 5554 5557 5557 5559 5559 5558 5558 5562 5562 5560 5560 5561 5561 5564 5564 5565 5565 5563 5563 5566 5566 5568 5568 5567 5567 5569 5569 5570 5570 5571 5571 5573 5573 5572 5572 5574 5574 5577 5577 5576 5576 5575 5575 5580 5580 5578 5578 5579 5579 5581 5581 5583 5583 5582 5582 5585 5585 5586 5586 5584 5584 5587 5587 5588 5588 5589 5589 5592 5592 5590 5590 5591 5591 5594 5594 5595 5595 5593 5593 5598 5598 5597 5597 5596 5596 5601 5601 5600 5600 5599 5599 5603 5603 5604 5604 5602 5602 5607 5607 5605 5605 5606 5606 5608 5608 5610 5610 5609 5609 5613 5613 5612 5612 5611 5611 5616 5616 5614 5614 5615 5615 5619 5619 5618 5618 5617 5617 5622 5622 5620 5620 5621 5621 5625 5625 5624 5624 5623 5623 5627 5627 5626 5626 5628 5628 5630 5630 5629 5629 5631 5631 5633 5633 5632 5632 5634 5634 5636 5636 5635 5635 5637 5637 5640 5640 5638 5638 5639 5639 5643 5643 5642 5642 5641 5641 5646 5646 5645 5645 5644 5644 5649 5649 5648 5648 5647 5647 5651 5651 5652 5652 5650 5650 5655 5655 5653 5653 5654 5654 5657 5657 5658 5658 5656 5656 5661 5661 5660 5660 5659 5659 5663 5663 5662 5662 5664 5664 5665 5665 5666 5666 5667 5667 5670 5670 5668 5668 5669 5669 5673 5673 5671 5671 5672 5672 5675 5675 5676 5676 5674 5674 5679 5679 5677 5677 5678 5678 5680 5680 5681 5681 5682 5682 5685 5685 5684 5684 5683 5683 5688 5688 5687 5687 5686 5686 5691 5691 5689 5689 5690 5690 5694 5694 5693 5693 5692 5692</p>
        </triangles>
      </mesh>
    </geometry>
  </library_geometries>
  <library_materials>
    <material id="chrome-material" name="chrome">
      <instance_effect url="#chrome-effect"/>
    </material>
    <material id="dark_steel-material" name="dark_steel">
      <instance_effect url="#dark_steel-effect"/>
    </material>
    <material id="orange-material" name="orange">
      <instance_effect url="#orange-effect"/>
    </material>
    <material id="black-material" name="black">
      <instance_effect url="#black-effect"/>
    </material>
  </library_materials>
  <library_visual_scenes>
    <visual_scene id="scene">
      <node id="node_g0_chrome" name="node_g0_chrome">
        <instance_geometry url="#g0_chrome">
          <bind_material>
            <technique_common>
              <instance_material symbol="chrome-ref" target="#chrome-material"/>
            </technique_common>
          </bind_material>
        </instance_geometry>
      </node>
      <node id="node_g1_dark_steel" name="node_g1_dark_steel">
        <instance_geometry url="#g1_dark_steel">
          <bind_material>
            <technique_common>
              <instance_material symbol="dark_steel-ref" target="#dark_steel-material"/>
            </technique_common>
          </bind_material>
        </instance_geometry>
      </node>
      <node id="node_g2_orange" name="node_g2_orange">
        <instance_geometry url="#g2_orange">
          <bind_material>
            <technique_common>
              <instance_material symbol="orange-ref" target="#orange-material"/>
            </technique_common>
          </bind_material>
        </instance_geometry>
      </node>
      <node id="node_g3_black" name="node_g3_black">
        <instance_geometry url="#g3_black">
          <bind_material>
            <technique_common>
              <instance_material symbol="black-ref" target="#black-material"/>
            </technique_common>
          </bind_material>
        </instance_geometry>
      </node>
    </visual_scene>
  </library_visual_scenes>
  <scene>
    <instance_visual_scene url="#scene"/>
  </scene>
</COLLADA>
