<COLLADA xmlns="http://www.collada.org/2005/11/COLLADASchema" version="1.4.1">
  <asset>
    <created>2026-09-29T18:16:47.906832</created>
    <modified>2026-09-29T18:16:47.906836</modified>
    <unit name="meter" meter="1.0"/>
    <up_axis>Z_UP</up_axis>
  </asset>
  <library_effects>
    <effect id="chrome-effect" name="chrome-effect">
      <profile_COMMON>
        <technique sid="common">
          <phong>
            <emission>
              <color>0 0 0 1.0</color>
            </emission>
            <ambient>
              <color>0.432 0.438 0.45599999999999996 1.0</color>
            </ambient>
            <diffuse>
              <color>0.72 0.73 0.76 1.0</color>
            </diffuse>
            <specular>
              <color>0.95 0.95 0.95 1.0</color>
            </specular>
            <shininess>
              <float>80.0</float>
            </shininess>
            <reflective>
              <color>0.0 0.0 0.0 1.0</color>
            </reflective>
            <reflectivity>
              <float>0.0</float>
            </reflectivity>
            <transparent>
              <color>0.0 0.0 0.0 1.0</color>
            </transparent>
            <transparency>
              <float>1.0</float>
            </transparency>
          </phong>
        </technique>
        <extra>
          <technique profile="GOOGLEEARTH">
            <double_sided>0</double_sided>
          </technique>
        </extra>
      </profile_COMMON>
    </effect>
  </library_effects>
  <library_geometries>
    <geometry id="g0_chrome" name="g0_chrome">
      <mesh>
        <source id="g0_chrome-pos">
          <float_array count="9222" id="g0_chrome-pos-array">-0.0039724 0.0042066 -0.1106983 -0.0039593 -0.0091629 -0.1102202 -0.0038814 0.0040286 -0.1127565 -0.0036263 0.0036887 -0.1127443 -0.0031135 0.0034553 -0.1127358 -0.0029714 0.0032421 -0.1109585 -0.0038002 -0.009007 -0.1122904 -0.0031017 -0.0085574 -0.1123062 -0.0035002 -0.0086047 -0.1113862 -0.003102 -0.0084583 -0.1114134 -0.0036148 -0.0084488 -0.1104686 -0.0031025 -0.0082272 -0.1105454 -0.003103 -0.0078694 -0.1097215 -0.0038023 -0.0077553 -0.1086941 -0.0035019 -0.0075128 -0.1088721 -0.0039212 -0.0073102 -0.1077786 -0.0031036 -0.0073927 -0.1089601 -0.0031044 -0.0068079 -0.1082782 -0.0036176 -0.0062678 -0.1075032 -0.0039533 -0.0057663 -0.1064635 -0.0031052 -0.006128 -0.1076912 -0.0032454 -0.0053826 -0.1071852 -0.0038058 -0.0046952 -0.1064278 -0.0031069 -0.0045455 -0.1068514 -0.0037213 -0.0037416 -0.1062886 -0.0031078 -0.0036782 -0.1066175 -0.0035071 -0.0027919 -0.1063671 -0.0039574 -0.0017953 -0.1057054 -0.0031087 -0.0027857 -0.1065154 -0.0031096 -0.001888 -0.1065475 -0.0038096 -0.0008903 -0.1062792 -0.0035088 -0.0009673 -0.1065696 -0.0031104 -0.0010051 -0.1067131 -0.0031112 -0.0001567 -0.1070083 -0.0036246 0.0007618 -0.1072285 -0.0039303 0.001822 -0.1074217 -0.0031119 0.0006381 -0.1074268 -0.0031125 0.0013618 -0.107959 -0.0036257 0.0021747 -0.1084403 -0.003113 0.001998 -0.1085931 -0.0031134 0.0025326 -0.109315 -0.003813 0.0033644 -0.1099283 -0.0031136 0.0029537 -0.1101085 -0.0033869 0.0033289 -0.110935 -0.0031137 0.0034202 -0.1118382 -0.0039587 -0.0114522 -0.1026153 -0.004002 0.0076617 0.0070844 -0.004002 0.007196 0.0088112 -0.0040014 0.0062419 0.010324 -0.0040003 0.0048843 0.0114884 -0.0039988 0.0032439 0.0122009 -0.003998 0.0023625 0.0123662 -0.0039971 0.0014663 0.0123982 -0.0039944 -0.0011118 0.0117028 -0.0039927 -0.0025491 0.0106384 -0.0039914 -0.0036088 0.0091976 -0.0039904 -0.0041967 0.0075085 0.004028 0.0033769 -0.1087854 0.0038823 -0.0089994 -0.1122886 0.0035814 -0.0086992 -0.1122994 0.0031829 -0.0085512 -0.1123048 0.0030288 0.0034512 -0.1127341 0.0030286 0.003248 -0.1109571 0.0030311 -0.0001547 -0.1070163 0.0030387 -0.0073785 -0.1089647 0.0038696 0.0039111 -0.1127503 0.0034441 0.0035419 -0.1127372 0.0040176 0.0042693 -0.1117403 0.0035691 0.0035744 -0.1118198 0.0035691 0.0034018 -0.1109157 0.0038695 0.003372 -0.1099266 0.0034441 0.0030336 -0.1100748 0.003171 0.0029599 -0.1101071 0.0031713 0.0025388 -0.1093136 0.0040189 0.0019206 -0.1073141 0.003311 0.0020273 -0.1085719 0.0038707 0.0016611 -0.1076165 0.0035703 0.0014651 -0.1078447 0.0031721 0.001368 -0.1079576 0.0031727 0.0006443 -0.1074254 0.0035716 -9.1e-05 -0.1068706 0.0039412 -0.0008504 -0.1061564 0.0040222 -0.0017875 -0.1057036 0.0034472 -0.000978 -0.1066341 0.0031742 -0.0009989 -0.1067117 0.0035733 -0.001865 -0.1063984 0.003175 -0.0018818 -0.1065461 0.0031759 -0.0027795 -0.106514 0.0037902 -0.0037342 -0.1062869 0.0035751 -0.0036994 -0.1064701 0.0040253 -0.0048197 -0.1060503 0.0031768 -0.003672 -0.1066161 0.0031777 -0.0045393 -0.10685 0.0036912 -0.0054712 -0.1070037 0.0031786 -0.005362 -0.1072106 0.0040282 -0.0074011 -0.1076784 0.0034526 -0.0061693 -0.1076253 0.0031795 -0.0061218 -0.1076898 0.0039487 -0.0078485 -0.1086182 0.0034541 -0.0074508 -0.1089111 0.0035801 -0.0079942 -0.1096508 0.0038815 -0.0086445 -0.1103962 0.0040309 -0.0092842 -0.1112557 0.0034553 -0.0082965 -0.1105176 0.0031822 -0.008221 -0.110544 0.003581 -0.0085977 -0.1113846 0.0030258 0.0046217 -0.1041944 0.0030249 0.0054411 -0.1040976 0.0030243 0.0059088 -0.1034179 0.0040158 0.0046187 -0.1050733 0.0037818 0.0043409 -0.1044527 0.0034414 0.0044513 -0.1042233 0.0036804 0.0048951 -0.104485 0.0040145 0.0058851 -0.1048317 0.0036796 0.005712 -0.1042051 0.0039335 0.00643 -0.1037384 0.0036793 0.0059502 -0.1039465 0.0033063 0.005782 -0.1038311 0.0034397 0.0059982 -0.1034337 -0.0029699 0.0027584 -0.1153158 -0.0029693 0.0022826 -0.1160759 -0.0029686 0.0016988 -0.1167566 0.0030396 -0.0064512 -0.117074 0.0030295 0.0031216 -0.1144919 -0.0020285 0.0273171 0.0389454 -0.0008839 0.0233786 0.0333159 -0.0024254 0.0238097 0.0339571 -0.0030219 0.0241635 0.0344783 -0.0034578 0.0245862 0.0350957 -0.0037127 0.0250586 0.0357789 -0.0037721 0.0255547 0.036489 -0.0034925 0.0262873 0.0375231 -0.0033059 0.0265152 0.0378412 -0.0030758 0.0267297 0.038139 -0.002823 0.0269166 0.038397 -0.0025603 0.0270749 0.0386145 -0.0023044 0.0272025 0.0387892 2.24e-05 -0.0293303 0.0613706 -0.0020294 -0.0291138 0.061946 -0.003215 -0.0286314 0.0630985 -0.0037214 -0.0279204 0.0645815 -0.0035837 -0.0273075 0.065717 -0.0034392 -0.0271028 0.0660735 -0.0032495 -0.0269049 0.0664087 -0.0030158 -0.0267157 0.0667211 -0.0027401 -0.0265376 0.0670082 -0.0024296 -0.0263761 0.0672632 -0.001712 -0.0261101 0.0676728 -0.0009032 -0.025938 0.0679307 0.0043788 0.0225593 0.0320789 0.0030111 0.0116429 0.0107173 -0.0030925 0.012482 0.0136312 -0.0033021 0.0147316 0.018787 -0.0045678 0.0233441 0.03327 -0.0020319 0.0300075 0.0424147 0.0019715 0.027321 0.0389463 0.0023217 0.0271723 0.0387427 0.0026401 0.0270019 0.0385083 0.0029222 0.0268127 0.0382469 0.0031676 0.026605 0.0379588 0.0033705 0.026384 0.0376504 0.0035287 0.0261526 0.0373261 0.003691 0.0251741 0.0359361 0.0031606 0.0243253 0.0347076 0.0027001 0.0239859 0.0342106 0.0021261 0.0237058 0.033798 0.0014637 0.0234973 0.0334895 0.0007414 0.0233683 0.0332985 0.0003649 0.0233351 0.0332495 0.0019681 0.0300114 0.0424156 -0.0030649 0.0028992 0.0846708 -0.003163 0.0001848 0.084279 -0.0033805 -0.0050887 0.0830255 -0.0036194 -0.0100134 0.0811908 -0.0037454 -0.0123219 0.0800714 -0.0041462 -0.0186013 0.0759495 -0.0044423 -0.0223632 0.0724414 -0.0046023 -0.0241235 0.070405 -0.0048538 -0.0265344 0.0670166 0.0030356 0.0029052 0.0846721 0.0043661 -0.0211676 0.0736599 0.0042069 -0.0191732 0.0754728 0.0038994 -0.0147717 0.0786673 0.0037648 -0.012594 0.0799249 0.0036202 -0.0100596 0.0811685 0.0033484 -0.0046661 0.083151 0.0032216 -0.0018087 0.0838844 0.0030318 -0.0088613 0.0206316 0.0030839 -0.0110393 0.0244745 0.0031529 -0.0142295 0.0287704 0.0032033 -0.0166918 0.0316472 0.0033743 -0.023947 0.0398524 0.0034384 -0.0258051 0.042243 0.0035078 -0.0273299 0.0444815 0.0036533 -0.0293296 0.0483032 0.0038164 -0.030355 0.0516587 0.0039073 -0.0305808 0.0532402 0.0040189 -0.030634 0.054967 0.0043026 -0.0301546 0.0586044 0.0047029 -0.0288203 0.062649 0.003011 -0.006569 0.0116885 0.0030107 -0.00675 0.013662 -0.0044482 -0.029585 0.0606532 -0.0042672 -0.0301308 0.05874 -0.0041135 -0.0304776 0.056915 -0.0039852 -0.0306341 0.0552012 -0.0038774 -0.0306148 0.0535771 -0.0037775 -0.0304044 0.0518793 -0.0036891 -0.0300017 0.0501837 -0.0036078 -0.0293855 0.048421 -0.0035334 -0.0285403 0.0465842 -0.0033395 -0.024257 0.0402241 -0.0031291 -0.0145265 0.0291217 -0.0030904 -0.0125596 0.0266304 0.0008692 -0.0259269 0.0679451 0.0016784 -0.0260873 0.067703 0.0023983 -0.0263408 0.0673121 0.0027146 -0.026497 0.0670655 0.0029939 -0.0266682 0.0667901 0.0032361 -0.0268533 0.0664855 0.0034357 -0.0270477 0.0661578 0.00359 -0.0272478 0.0658114 0.0036982 -0.027452 0.0654475 0.0037291 -0.0280504 0.0643123 0.0031027 -0.0287234 0.062877 0.0018423 -0.029161 0.0618161 0.0006321 -0.0293123 0.0614181 0.0022652 -0.0244177 0.070026 3.17e-05 -0.0218888 0.0729377 0.0013327 -0.0306262 0.0552645 0.0006761 -0.0304892 0.0567966 -4.65e-05 -0.0297221 0.0493245 0.00071 -0.012126 0.0801723 0.0026039 -0.0098892 0.0812446 -0.0015746 -0.0071003 0.08236 -0.0039742 0.0074512 -0.1170971 -0.0039903 -0.0057547 0.0137104 -0.0039596 -0.0071091 -0.1178346 -0.0039661 -0.000229 -0.1191246 -0.0039589 -0.0111352 -0.1034027 -0.0039594 -0.0104895 -0.1036702 -0.0039628 -0.0074501 -0.1020539 -0.0039642 -0.0061402 -0.1015872 -0.0039656 -0.004782 -0.1012895 -0.0039684 -0.0020076 -0.1012172 -0.0039697 -0.0006357 -0.1014438 -0.0039709 0.0006966 -0.1018417 -0.003972 0.0019681 -0.1024044 -0.003973 0.0031584 -0.103123 -0.0039745 0.0048819 -0.1042422 -0.0039753 0.0056567 -0.1039165 -0.0039756 0.0058714 -0.1035435 0.005557 -0.008636 0.0630714 0.0055243 0.0290997 0.0429055 0.0053141 0.0296543 0.042609 0.0047191 0.0299933 0.0424274 -0.0048556 0.0299677 0.0424339 -0.0053685 0.0296539 0.0426012 -0.0055866 0.0290887 0.0429031 -0.0055539 -0.008647 0.0630689 0.004458 0.0077891 0.0262882 -0.0044709 0.0077803 0.0262862 -0.0053462 0.013152 0.0363395 -0.0059926 0.0162204 0.0420824 -0.0059554 0.0165912 0.0427761 0.0059215 0.0165757 0.0427279 0.0059111 0.0158425 0.041356 0.0048339 0.0104777 0.0313187 0.0059326 0.0038113 0.0495492 0.0059569 0.0032727 0.0485412 0.0048449 -0.0022867 0.0381399 0.0044691 -0.0049753 0.0331095 -0.0044598 -0.0049841 0.0331075 -0.0048432 -0.0022963 0.0381378 -0.0059707 0.0032609 0.0485385 -0.0059443 0.0038268 0.0495974 -0.0054797 -0.0220334 0.0713444 -0.0040578 -0.0101461 0.024884 -0.004405 -0.0253684 0.0432504 -0.0053278 -0.0290322 0.0590971 -0.0046169 0.0165042 0.0241955 0.0039986 0.0058807 0.0120253 0.0040418 -0.0093025 -0.1143424 0.0041965 0.012969 0.0174128 0.0049165 0.0188673 0.0281457 0.0050132 -0.0296724 0.0548506 0.0046349 -0.0282899 0.0482853 0.0044261 -0.0247703 0.0424458 0.0041306 -0.0124485 0.0280998 0.004034 -0.0081056 0.0213373 0.004167 -0.000327 0.0832199 0.0049295 -0.0147017 0.0775652 0.0052147 -0.0186293 0.0746527 -0.0029601 -0.0052193 -0.1242206 -0.0029645 -0.000725 -0.1243813 0.0030241 0.008964 -0.1159174 0.0030259 0.0077574 -0.1186728 0.0030355 -0.0007191 -0.1243799 -0.003971 0.0025831 0.0840808 -0.0036849 0.0027775 0.0844441 0.0035879 0.002812 0.0844969 0.0039374 0.0025965 0.084093 0.0030003 0.0042714 0.0118289 0.002998 0.007676 0.0070185 0.002998 0.0072814 0.0086249 0.0029985 0.0064633 0.0100625 0.0030015 0.002891 0.0122865 0.0030032 0.0011659 0.0123798 0.0030049 -0.0005143 0.0119778 0.0030058 -0.0012935 0.0115999 0.0030081 -0.003198 0.0098593 0.0030092 -0.003979 0.0083184 0.0030413 -0.0114438 -0.1027472 0.0030412 -0.0112419 -0.1032758 0.0030408 -0.0107855 -0.1036102 0.0030401 -0.0100837 -0.103601 0.0030386 -0.0086836 -0.1026805 0.0030372 -0.0074431 -0.1020523 0.0030344 -0.0047751 -0.1012879 0.0030303 -0.0006288 -0.1014422 0.003028 0.001975 -0.1024028 0.003027 0.0031653 -0.1031215 0.004032 -0.0122582 -0.103077 0.003883 -0.0119009 -0.1027828 0.0034568 -0.0115335 -0.1027541 0.0040317 -0.0117467 -0.1039953 0.0035821 -0.0114586 -0.103233 0.0036958 -0.0108675 -0.1038399 0.0034564 -0.0109585 -0.1036318 0.0039995 -0.0098219 -0.10427 0.0036948 -0.0098333 -0.1037519 0.003322 -0.0102111 -0.1036827 0.0034161 0.0037562 0.01214 0.0038596 0.0029889 0.0127637 0.0039919 0.0020815 0.0132521 0.0037937 0.0020558 0.0127838 0.003317 0.0020369 0.0124463 0.003429 0.0002937 0.0123328 0.0039179 -0.0007273 0.0125299 0.0039959 -0.0017155 0.0123463 0.0037982 -0.0022443 0.0114238 0.0039985 -0.0038922 0.0103619 0.0037997 -0.0035094 0.0100912 0.0036347 -0.0038351 0.0092261 0.00355 -0.0041253 0.00838 0.0040002 -0.0050357 0.0076474 0.0038014 -0.0045747 0.0075624 0.0034346 -0.0042859 0.007509 0.0035677 0.0030754 -0.1032518 0.003987 0.0027569 -0.1037115 0.0033097 0.0019566 -0.1024387 0.003683 0.0018629 -0.1026193 0.0039879 0.0016443 -0.1030397 0.0031714 0.0007001 -0.1018496 0.0035702 0.0002605 -0.1018539 0.0038706 0.0005453 -0.1022709 0.0034458 -0.0006488 -0.1015302 0.0033134 -0.0020045 -0.1012559 0.0039906 -0.0012991 -0.1020377 0.0033147 -0.0033889 -0.1012044 0.0036879 -0.0033832 -0.101408 0.0039934 -0.0041491 -0.1019317 0.0034508 -0.005708 -0.101566 0.0037915 -0.0060375 -0.1019173 0.0035775 -0.0071266 -0.1020931 0.0038781 -0.0070148 -0.1023722 0.0034538 -0.008518 -0.1026891 0.0038795 -0.0083344 -0.1030093 0.0033866 0.0048346 0.0116152 0.003737 0.0052265 0.0116593 0.0039488 0.0044577 0.0124913 0.0039869 0.0085301 0.0071065 0.0035385 0.0078344 0.0070349 0.0039568 0.0079497 0.0088909 0.0036236 0.0074864 0.0087064 0.0039113 0.0063295 0.0111054 0.0033134 0.0059495 0.0107194 0.003183 -0.0085161 -0.1132024 0.0031831 -0.0083476 -0.1140848 0.0037967 -0.0083557 -0.1150665 0.003183 -0.0080495 -0.1149322 0.0037965 -0.0079112 -0.1159042 0.0040002 -0.007629 -0.1169101 0.0031827 -0.0076285 -0.1157257 0.0031824 -0.0070939 -0.1164475 0.003694 -0.0058577 -0.1178122 0.0040286 -0.0052759 -0.1188095 0.0039483 -0.0051672 -0.118559 0.0031813 -0.005734 -0.1176139 0.0031806 -0.0049391 -0.1180323 0.0037934 -0.0041763 -0.1186511 0.0035782 -0.0041286 -0.1184711 0.0031798 -0.0040908 -0.1183276 0.003179 -0.0032079 -0.1184931 0.0039445 -0.0013092 -0.1189872 0.0031781 -0.0023102 -0.1185252 0.0036898 -0.0013733 -0.118653 0.0031772 -0.0014177 -0.1184232 0.0031763 -0.0005504 -0.1181892 0.0037888 0.0004299 -0.1181244 0.0034485 0.0003102 -0.1178994 0.0039914 0.0014544 -0.1179183 0.0031754 0.0002723 -0.1178287 0.0031746 0.0010321 -0.1173495 0.00394 0.0027603 -0.1164207 0.0031737 0.001712 -0.1167624 0.0035712 0.0024169 -0.1161685 0.003173 0.0022968 -0.1160806 0.0031724 0.0027735 -0.1153192 0.00357 0.0032721 -0.114544 0.0039879 0.0040592 -0.1137575 -0.0039615 0.0041884 -0.113785 -0.0032527 0.0033859 -0.1136342 -0.0032522 0.0031537 -0.1145067 -0.0035107 0.0028984 -0.1153899 -0.0039597 0.0029725 -0.1165843 -0.0037253 0.0025599 -0.1162806 -0.0033848 0.002355 -0.1161295 -0.0038785 0.0021119 -0.1171695 -0.0031101 0.0010259 -0.1173509 -0.0038083 0.000476 -0.118227 -0.0035076 0.0003354 -0.1179614 -0.0031092 0.0002661 -0.1178301 -0.0035067 -0.0005077 -0.1183309 -0.0031083 -0.0005566 -0.1181906 -0.0038063 -0.0013403 -0.1188659 -0.00362 -0.0013805 -0.1186546 -0.0031074 -0.0014239 -0.1184246 -0.0039529 -0.0033084 -0.119337 -0.0031065 -0.0023164 -0.1185266 -0.003719 -0.0032516 -0.1188276 -0.003245 -0.0032175 -0.1185247 -0.0035031 -0.0041356 -0.1184726 -0.0038027 -0.005125 -0.1184459 -0.0039502 -0.0061907 -0.1183338 -0.003104 -0.0049453 -0.1180337 -0.0035016 -0.0058194 -0.1177413 -0.0031033 -0.0057402 -0.1176153 -0.0038691 -0.0075356 -0.1168245 -0.0031027 -0.0064638 -0.1170831 -0.0035005 -0.0072129 -0.1165461 -0.0031023 -0.0071001 -0.1164489 -0.0039483 -0.0088328 -0.115274 -0.0031019 -0.0076347 -0.1157271 -0.0031017 -0.0080557 -0.1149336 -0.0036139 -0.0085803 -0.1141473 -0.0031015 -0.0083538 -0.1140862 -0.0034998 -0.0086703 -0.1132208 -0.0031016 -0.0085223 -0.1132038 -0.0059481 0.0254382 0.0375826 -0.005126 0.0292776 0.04174 -0.0052617 0.0279587 0.0400317 -0.0056984 0.0275965 0.0403988 -0.0056336 0.0261123 0.0377388 -0.0039985 0.0105467 0.0094293 -0.0033989 0.0113453 0.0091332 -0.0039161 0.0113604 0.0117845 -0.0035538 0.0120003 0.0126047 -0.0041389 0.0126704 0.0161596 -0.004269 0.0166975 0.0231061 -0.0051415 0.0204486 0.0302168 -0.005507 0.0232804 0.0340796 -0.0037306 0.0113171 0.0106198 -0.0035067 0.0114185 0.0102402 -0.0034094 0.011761 0.0115636 -0.0035806 0.0123351 0.0136034 -0.0039971 0.0123778 0.0148109 -0.0034701 0.0132632 0.015739 -0.0041265 0.0134216 0.0173832 -0.0038754 0.0146338 0.018986 -0.0042796 0.0146036 0.019938 -0.0038338 0.0161175 0.0215985 -0.0045386 0.0170199 0.024233 -0.0042813 0.0185389 0.0259471 -0.0048687 0.0193189 0.0280764 -0.0047368 0.0205078 0.0293248 -0.0043948 0.0205447 0.0290566 -0.0047512 0.0215228 0.0307347 -0.0052762 0.0220145 0.0321833 -0.005089 0.0234136 0.0336001 -0.0038463 0.0135595 0.016866 -0.0040955 0.0187354 0.026108 -0.0038894 0.0088488 -0.1129346 -0.0036903 0.0091414 -0.1129422 -0.0032916 0.0093904 -0.1129486 -0.0038671 -0.013953 -0.1121222 -0.0035796 -0.014324 -0.1121034 -0.003154 -0.0145232 -0.1120932 -0.0031768 0.0092729 -0.1144463 -0.0037676 0.0089087 -0.1143872 -0.0031761 0.0089384 -0.115913 -0.003767 0.0085844 -0.1158088 -0.0039335 0.0082722 -0.1157167 -0.0031753 0.0084227 -0.1173263 -0.003504 0.0083022 -0.1172737 -0.0038875 0.0078984 -0.1170972 -0.0031743 0.0077339 -0.1186638 -0.0035031 0.007621 -0.1185966 -0.003963 0.0070161 -0.1182357 -0.003173 0.0066833 -0.1201526 -0.003502 0.0067793 -0.1198236 -0.0038309 0.0065149 -0.119617 -0.0031716 0.0056089 -0.1212919 -0.0036851 0.0056861 -0.1208304 -0.003285 0.0047316 -0.1219944 -0.003499 0.0043188 -0.1221745 -0.0038285 0.0044654 -0.1216489 -0.0031692 0.0035024 -0.1228588 -0.0034975 0.003001 -0.1229882 -0.003927 0.003151 -0.1222602 -0.0031677 0.002159 -0.123536 -0.0037588 0.0020136 -0.1231973 -0.003496 0.0015882 -0.123623 -0.0031662 0.0007413 -0.1240395 -0.0039242 0.0005499 -0.1233725 -0.0037568 5.13e-05 -0.1238369 -0.0033893 -0.0007398 -0.1242877 -0.0031632 -0.0022266 -0.1244964 -0.0035888 -0.0022324 -0.1242968 -0.0038213 -0.0022399 -0.1240302 -0.0031617 -0.0037301 -0.1244426 -0.003753 -0.0036944 -0.1240761 -0.0034892 -0.0051861 -0.124073 -0.003673 -0.0059773 -0.123709 -0.003159 -0.0066578 -0.1237749 -0.0039174 -0.0064207 -0.1231232 -0.0031578 -0.0080359 -0.1231714 -0.0034867 -0.0079762 -0.1230549 -0.0038161 -0.007823 -0.1227568 -0.0031567 -0.0093275 -0.1224 -0.0034856 -0.0092536 -0.1222919 -0.0031557 -0.0105122 -0.1214728 -0.0033803 -0.010463 -0.1214172 -0.0039459 -0.009642 -0.1211195 -0.0031549 -0.0115714 -0.1204044 -0.0038135 -0.0109725 -0.1203726 -0.0035806 -0.0114214 -0.1202731 -0.0031543 -0.0124883 -0.1192117 -0.0033789 -0.0124268 -0.1191702 -0.0037458 -0.0121833 -0.1190061 -0.0031539 -0.0131279 -0.1181464 -0.0034828 -0.0130124 -0.1180849 -0.0031535 -0.0137713 -0.1167188 -0.0034825 -0.0136488 -0.1166729 -0.0037451 -0.0134268 -0.1165898 -0.0039436 -0.0129898 -0.1164263 -0.0031534 -0.014223 -0.1152194 -0.0034824 -0.0140955 -0.1151899 -0.003745 -0.0138646 -0.1151366 -0.0031535 -0.0144752 -0.1136739 -0.0033782 -0.0144013 -0.1136668 -0.0037451 -0.0141091 -0.1136386 -0.0034763 0.0013974 0.0844075 -0.0041768 -0.0072244 0.0820197 -0.0047251 -0.0130374 0.0789913 -0.0042271 -0.0143219 0.0788667 -0.0049946 -0.0203619 0.0740412 -0.0049452 -0.0251054 0.069073 -0.0040712 0.0004728 0.0837243 -0.0038477 0.0003595 0.0840299 -0.0035186 0.0002606 0.084225 -0.0040757 -0.0011868 0.0835257 -0.0041498 -0.0015102 0.0833391 -0.0036155 -0.0021903 0.0837301 -0.0041343 -0.0037447 0.0829855 -0.0038511 -0.0049067 0.0829541 -0.0043841 -0.0067434 0.0818493 -0.004497 -0.0089787 0.0809822 -0.0039763 -0.0099157 0.0811609 -0.004543 -0.011869 0.0798391 -0.0041261 -0.0126276 0.0798328 -0.0045101 -0.0133667 0.0791797 -0.004841 -0.0148941 0.0778729 -0.004363 -0.0158272 0.0778893 -0.0045363 -0.0160565 0.0776316 -0.0049536 -0.0165803 0.0767243 -0.0044351 -0.0169107 0.0771357 -0.0050676 -0.0184405 0.0753399 -0.0046697 -0.0190706 0.0754013 -0.0046615 -0.020555 0.0741577 -0.0049148 -0.022121 0.0725171 -0.0053606 -0.0225491 0.071492 -0.0055121 -0.0236566 0.0700561 -0.0050712 -0.0238391 0.070557 -0.0054266 -0.0250786 0.068667 -0.0052876 -0.0259418 0.0677026 -0.005716 -0.025748 0.0672155 -0.0058031 -0.0264632 0.0660554 -0.005195 -0.0277899 0.064748 -0.0055657 -0.0276296 0.064616 -0.0039738 -0.0072369 0.0188805 -0.0033338 -0.0083141 0.0195326 -0.0038839 -0.0224838 0.0383997 -0.0040338 -0.0279367 0.0457855 -0.0044768 -0.0301547 0.0520534 -0.0045954 -0.0301578 0.0583151 -0.0037279 -0.0080957 0.0196776 -0.0037106 -0.0085453 0.020621 -0.0039396 -0.0084815 0.0212582 -0.0035098 -0.0094298 0.0220161 -0.0033357 -0.0098189 0.0225587 -0.0036348 -0.0099064 0.0230124 -0.0039446 -0.0095736 0.0231965 -0.0034201 -0.0108734 0.0243343 -0.0038772 -0.0107683 0.0248191 -0.0036397 -0.0119594 0.0260993 -0.0040127 -0.0120486 0.0269693 -0.0040405 -0.0135187 0.0288541 -0.0034908 -0.0144641 0.029152 -0.0038252 -0.014289 0.0292762 -0.0036088 -0.0175776 0.0327691 -0.004065 -0.0169828 0.032757 -0.0038516 -0.0193801 0.0349511 -0.0035849 -0.022243 0.0378984 -0.0041229 -0.0220561 0.0382955 -0.003815 -0.0241237 0.0402506 -0.0042084 -0.0242751 0.0410193 -0.0038066 -0.0261654 0.0428737 -0.0042987 -0.0260997 0.0435424 -0.0041661 -0.0264498 0.0437084 -0.0038134 -0.0272019 0.0443896 -0.0043762 -0.027218 0.0453502 -0.0044087 -0.0283643 0.0473053 -0.004142 -0.0290692 0.0480901 -0.0045342 -0.0289261 0.0488749 -0.0045265 -0.029423 0.0499347 -0.0041557 -0.0298271 0.0500188 -0.004292 -0.030388 0.0525415 -0.0046616 -0.0300017 0.0524037 -0.0043952 -0.0305207 0.0541788 -0.0047628 -0.0301494 0.0539846 -0.0045152 -0.0304715 0.0558652 -0.0049246 -0.0300181 0.055406 -0.0047568 -0.0302835 0.0561827 -0.0049536 -0.0300314 0.0565414 -0.0052014 -0.0294691 0.0593209 -0.0048994 -0.0293566 0.061056 -0.0053399 -0.0289528 0.0611743 -0.0053956 -0.028459 0.0627758 -0.005052 -0.0285633 0.0631137 -0.0055802 -0.028167 0.0629508 -0.0038171 -0.0166302 0.0319232 -0.0033568 -0.006487 0.0099154 -0.0036967 -0.0065434 0.0142203 -0.0039193 -0.0059378 0.0115542 -0.0035553 -0.006453 0.012503 -0.0033573 -0.0065962 0.0129086 -0.0039196 -0.0060899 0.0134298 -0.0033575 -0.0068127 0.0144839 -0.0036967 -0.0071517 0.0169437 -0.0033575 -0.007343 0.0168041 -0.0039197 -0.0068494 0.0171174 -0.0035956 -0.0076159 0.018116 0.0048776 0.0295306 0.0419237 0.0056362 0.0276443 0.0404501 0.0052644 0.0276979 0.0397047 0.005187 0.0253409 0.0362428 0.0038752 0.0110164 0.010116 0.0034974 0.0114666 0.0104795 0.0049659 0.0238946 0.0341763 0.0039434 0.0110281 0.0108773 0.0034211 0.0121102 0.0127397 0.0039247 0.0116666 0.0128053 0.0039898 0.0125027 0.0151039 0.0037338 0.0134053 0.0163719 0.0040975 0.0132116 0.0169579 0.0035823 0.0140116 0.017447 0.0039544 0.0141452 0.0182453 0.0042863 0.0155175 0.0214021 0.0039668 0.015701 0.0210355 0.0039861 0.0175688 0.0241722 0.0048769 0.0195425 0.0284607 0.0046066 0.0203898 0.0290363 0.0049223 0.022721 0.0325586 0.0052962 0.0219547 0.032297 0.0036926 0.0117029 0.0120005 0.0043625 0.0172534 0.0241702 0.0042362 0.0199276 0.028047 0.0051668 0.0227181 0.032857 0.0033109 0.0094053 -0.1129473 0.0036344 0.0092394 -0.1129429 0.0040017 0.0086563 -0.1129275 0.0053958 -0.0271835 0.0657394 0.0034268 0.0020134 0.0844949 0.0036743 0.0015548 0.0843057 0.0037596 -0.0031931 0.0834299 0.0039079 -0.0051597 0.0828418 0.0047682 -0.0215571 0.073175 0.0058002 -0.0264007 0.066247 0.0034938 0.0002902 0.0842305 0.0040214 0.0001608 0.0837486 0.003566 -0.0014651 0.0838914 0.0037834 -0.0020097 0.0836696 0.0040796 -0.002873 0.083213 0.0043169 -0.0055649 0.0822472 0.0040971 -0.0068018 0.0822178 0.0038525 -0.0076163 0.0820991 0.0043344 -0.0081042 0.0815417 0.0040893 -0.0098287 0.0811378 0.0043327 -0.0102757 0.0807636 0.0045675 -0.0103087 0.0803903 0.0047344 -0.0140906 0.0785078 0.0044288 -0.014252 0.0787873 0.0042686 -0.0148445 0.0785421 0.0047477 -0.0150699 0.0779839 0.0043829 -0.0165515 0.0774085 0.0047585 -0.0169991 0.076822 0.0049878 -0.0168703 0.0765084 0.0049095 -0.0190248 0.075225 0.0046302 -0.0193639 0.0751983 0.0050451 -0.0191697 0.0749206 0.0046917 -0.0206489 0.074063 0.0051645 -0.0220737 0.0723227 0.004859 -0.0225835 0.0720923 0.0052134 -0.0226074 0.0717394 0.0054182 -0.0221542 0.0717439 0.005474 -0.0227472 0.0710752 0.0052122 -0.0241377 0.0700989 0.0050319 -0.0243875 0.069949 0.0055638 -0.0238631 0.0697843 0.0051518 -0.0255281 0.0684002 0.0055291 -0.0256931 0.0677665 0.005205 -0.0261017 0.0675576 0.0057538 -0.0254256 0.0675607 0.0055821 -0.0263862 0.0667357 0.0042388 -0.0112833 0.0804152 0.0031923 -0.0145265 -0.1120913 0.0037457 -0.0142515 -0.1121051 0.0033346 -0.014454 -0.1135934 0.0036578 -0.0142881 -0.1135784 0.0039491 -0.0139276 -0.1135458 0.0031927 -0.0142566 -0.1150844 0.0037461 -0.0139877 -0.1150255 0.0040405 -0.0133911 -0.1148948 0.0031926 -0.0138428 -0.116532 0.0038247 -0.0135016 -0.1164109 0.0031924 -0.0132508 -0.1179164 0.0038925 -0.0128421 -0.1177105 0.0040401 -0.0124596 -0.1175178 0.0031919 -0.01249 -0.1192156 0.0035603 -0.0123803 -0.119142 0.0039923 -0.0119351 -0.1188424 0.0031913 -0.0115723 -0.1204093 0.0037445 -0.0111123 -0.1205083 0.0031905 -0.0105123 -0.1214785 0.0036557 -0.0103804 -0.1213306 0.0039468 -0.0098156 -0.1213378 0.0031891 -0.0089007 -0.1226856 0.0036544 -0.0087953 -0.1225177 0.0040212 -0.0088837 -0.1217618 0.0031884 -0.008034 -0.1231785 0.0035568 -0.0079733 -0.1230613 0.0038883 -0.0073301 -0.1230119 0.0031872 -0.0066548 -0.1237824 0.0035556 -0.0066093 -0.1236586 0.0031858 -0.0052108 -0.1242088 0.0036505 -0.0044965 -0.1241482 0.0033264 -0.0037215 -0.1244192 0.0040328 -0.0036368 -0.1235697 0.003183 -0.0022201 -0.1245045 0.0039406 -0.0029499 -0.1239419 0.0035514 -0.0022233 -0.1243727 0.0037351 -0.0007618 -0.1240977 0.0036459 9.9e-05 -0.1240108 0.0031799 0.0007502 -0.1240472 0.0038805 0.0006253 -0.1236078 0.0031784 0.002169 -0.1235434 0.0036438 0.0020917 -0.1233613 0.0039796 0.0019072 -0.122929 0.0031769 0.0035135 -0.1228656 0.0038099 0.0029048 -0.1227916 0.0031755 0.0047624 -0.1220247 0.003808 0.0045428 -0.1217381 0.0031745 0.0056217 -0.1212975 0.0036396 0.0057573 -0.1208933 0.003315 0.0068719 -0.1198893 0.0036387 0.0065448 -0.1200311 0.0039306 0.0062663 -0.1198006 0.0034365 0.0075488 -0.1188454 0.0039735 0.0070489 -0.1185317 0.003171 0.0083578 -0.1175071 0.0038036 0.0080298 -0.1173566 0.0035387 0.0087897 -0.1160036 0.0038711 0.0084792 -0.115908 0.004003 0.008169 -0.1158126 0.0031694 0.0092768 -0.1145175 0.003538 0.0091473 -0.1144954 0.0038021 0.0089211 -0.1144571 0.0057057 -0.0275345 0.0645616 0.0052352 -0.0277796 0.0647503 0.0038969 -0.0083115 0.020646 0.0040414 -0.0101103 0.024399 0.0038683 -0.0224232 0.0382832 0.0040564 -0.0234509 0.0396867 0.0041896 -0.0269556 0.0444065 0.0052213 -0.0295322 0.0590502 0.003516 -0.0087003 0.0205858 0.0034155 -0.0095831 0.0221941 0.0037592 -0.009721 0.0228839 0.0034496 -0.0110785 0.024659 0.0039584 -0.0110977 0.0254547 0.0038194 -0.0125327 0.0270774 0.0034799 -0.0124809 0.0266489 0.0040481 -0.0124998 0.0275772 0.0036289 -0.0138915 0.0285513 0.003882 -0.0140508 0.0290491 0.0040752 -0.0158142 0.0314524 0.0037195 -0.0165032 0.0316529 0.0042164 -0.0207014 0.0370006 0.0036663 -0.0214066 0.0369882 0.0041985 -0.0224564 0.0388285 0.0037302 -0.0238047 0.0397843 0.0042309 -0.025108 0.0419913 0.0039922 -0.025737 0.0424315 0.0043933 -0.026251 0.0439167 0.0038929 -0.027019 0.0441476 0.0043921 -0.0278317 0.0462113 0.0037418 -0.0279533 0.0455589 0.0040032 -0.0282126 0.0461923 0.0044398 -0.0287603 0.0480094 0.004037 -0.0291169 0.0480119 0.0045634 -0.0293272 0.0496713 0.0044146 -0.029634 0.0499496 0.0040872 -0.0298612 0.049974 0.0045518 -0.0302117 0.0524735 0.004353 -0.0304021 0.0527157 0.004783 -0.0301164 0.0535436 0.004917 -0.0301224 0.0554538 0.004517 -0.0305026 0.055217 0.0048417 -0.0302211 0.0566409 0.0045091 -0.0304298 0.0567009 0.0048121 -0.0299662 0.0588577 0.0048674 -0.029603 0.0602937 0.0052394 -0.028771 0.0623168 0.0055921 -0.0282956 0.0625881 0.0036028 -0.0080402 0.019231 0.0040847 -0.0213046 0.0373281 0.0052905 -0.0291047 0.0609888 0.0039405 -0.0059183 0.009902 0.0037182 -0.0062574 0.009911 0.0033794 -0.0064804 0.0099169 0.0038826 -0.0060765 0.0120484 0.0032547 -0.007165 0.0160024 0.0034998 -0.0064495 0.0118596 0.0034996 -0.0066352 0.0137685 0.0039398 -0.0062664 0.0146629 0.0039398 -0.0067328 0.0167344 0.0037175 -0.0071589 0.0169954 0.0033746 -0.0075447 0.0174921 0.0059912 -0.0266754 0.06478 0.0059232 -0.026993 0.0649569 -0.0059532 -0.0266872 0.0647774 -0.0055013 -0.0273218 0.0653616 0.0059465 0.0248687 0.037235 0.005877 0.0251658 0.0370274 0.0057232 0.0255579 0.0371243 -0.0059979 0.0248569 0.0372324 -0.0057564 0.0252043 0.0366274 -0.0053839 0.0257281 0.0368695 -0.0039587 -0.0114522 -0.1026153 -0.0030983 0.0071275 0.0062035 -0.0034611 0.0075386 0.0061942 -0.004002 0.0076617 0.0070844 -0.004002 0.007196 0.0088112 -0.0040014 0.0062419 0.010324 -0.0040003 0.0048843 0.0114884 -0.0039988 0.0032439 0.0122009 -0.003998 0.0023625 0.0123662 -0.0039971 0.0014663 0.0123982 -0.0039944 -0.0011118 0.0117028 -0.0039927 -0.0025491 0.0106384 -0.0039914 -0.0036088 0.0091976 -0.0039904 -0.0041967 0.0075085 -0.0037084 -0.0042548 0.0066158 -0.0033358 -0.003956 0.0074636 -0.0037087 -0.0041566 0.0075011 -0.00315 -0.0035313 0.0082243 -0.0030324 -0.0029722 0.0088632 -0.0035755 -0.0038802 0.0083455 -0.0034509 -0.0034678 0.0091238 -0.0033373 -0.0029355 0.0098131 -0.0037103 -0.0031 0.0099338 -0.0032372 -0.0023039 0.0103949 -0.0031525 -0.0015961 0.0108555 -0.003453 -0.0017753 0.011097 -0.0030351 -0.0007742 0.0110686 -0.0032387 -0.0009493 0.0113981 -0.003579 -0.0010691 0.0116231 -0.0032396 -0.0001752 0.0117374 -0.0037136 -0.0002768 0.0120246 -0.0032404 0.0006408 0.0119575 -0.0038539 0.0005774 0.0122864 -0.0030382 0.0022842 0.0116525 -0.0035817 0.0014702 0.012308 -0.0034573 0.0023455 0.0122085 -0.0032429 0.0031558 0.0118675 -0.0035834 0.003221 0.0121137 -0.0030896 0.0038588 0.0113701 -0.0032436 0.0039541 0.0115897 -0.0030403 0.0045041 0.0108798 -0.0037178 0.0040749 0.011869 -0.0035848 0.0048368 0.0114119 -0.0032448 0.0053828 0.0106953 -0.0030912 0.0058003 0.0099422 -0.0038585 0.0056003 0.0109494 -0.0034606 0.0061223 0.0102204 -0.0032456 0.0064844 0.0094194 -0.0030113 0.0064114 0.0084672 -0.0037199 0.0067416 0.0095818 -0.0031602 0.0067761 0.008627 -0.0035865 0.0071136 0.0087751 -0.0035866 0.0074067 0.0079419 -0.0039589 -0.0111352 -0.1034027 -0.0039594 -0.0104895 -0.1036702 -0.0039628 -0.0074501 -0.1020539 -0.0039642 -0.0061402 -0.1015872 -0.0039656 -0.004782 -0.1012895 -0.0039684 -0.0020076 -0.1012172 -0.0039697 -0.0006357 -0.1014438 -0.0039709 0.0006966 -0.1018417 -0.003972 0.0019681 -0.1024044 -0.003973 0.0031584 -0.103123 -0.0039745 0.0048819 -0.1042422 -0.0039753 0.0056567 -0.1039165 -0.0039756 0.0058714 -0.1035435 -0.0029687 -0.0019064 -0.100222 -0.0030655 0.0053339 -0.1032494 -0.0036932 0.0044023 -0.1040523 -0.0034251 0.0047719 -0.1040654 -0.0036394 0.0050785 -0.1041711 -0.0032086 0.0045582 -0.1037756 -0.0032646 0.0049679 -0.1039451 -0.0035555 0.0054703 -0.1039632 -0.003091 0.0051923 -0.1036218 -0.003317 0.0056427 -0.1034471 -0.0036716 0.0058468 -0.1034545 -0.0034208 -0.0087705 -0.1025451 -0.0035474 -0.0074853 -0.1019708 -0.0031215 -0.0076304 -0.1016316 -0.0034236 -0.0061834 -0.1014345 -0.0032099 -0.0048337 -0.1009482 -0.0036853 -0.0033979 -0.101125 -0.0033122 -0.0034028 -0.1009212 -0.003553 -0.0019981 -0.1011272 -0.0034291 -0.0005995 -0.101289 -0.0030603 -0.0005033 -0.100874 -0.0035555 0.0007283 -0.1017568 -0.0031299 0.0008564 -0.1014105 -0.0034315 0.0020419 -0.1022635 -0.0033184 0.0032983 -0.1029222 -0.0029966 -0.0033998 0.0065726 -0.0035433 -0.0110503 -0.1033569 -0.0037666 -0.0113704 -0.1030209 -0.0034039 -0.0104829 -0.1035016 -0.0031996 -0.0108108 -0.1032138 -0.0034684 -0.0113091 -0.1028353 -0.0030633 -0.0108585 -0.1028513 -0.0034345 -0.0100057 -0.1033943 -0.0030409 -0.01037 -0.1030565 -0.0029789 -0.0104598 -0.1028656 -0.0037236 0.0033586 0.0487177 -4.3e-06 0.0013592 0.0449702 -0.0015545 0.0015157 0.0452656 -0.0024499 0.0017841 0.0457693 -0.0031493 0.0021601 0.0464741 -0.0035968 0.0026136 0.0473234 -0.0037566 0.0031082 0.0482492 2.24e-05 -0.0293303 0.0613706 -0.0020294 -0.0291138 0.061946 -0.003215 -0.0286314 0.0630985 -0.0037214 -0.0279204 0.0645815 -0.0035837 -0.0273075 0.065717 0.00359 -0.0272478 0.0658114 0.0036982 -0.027452 0.0654475 0.0037291 -0.0280504 0.0643123 0.0031027 -0.0287234 0.062877 0.0018423 -0.029161 0.0618161 0.0006321 -0.0293123 0.0614181 0.0037095 0.0033659 0.0487194 0.0035848 0.0026207 0.047325 0.0031386 0.0021663 0.0464755 0.0024402 0.0017889 0.0457704 0.0015456 0.0015188 0.0452663 -0.0010255 -0.0233992 0.0665369 -0.0019843 -0.0236031 0.066157 -0.0023044 0.0272025 0.0387892 -0.0024296 -0.0263761 0.0672632 -0.001712 -0.0261101 0.0676728 -0.0009032 -0.025938 0.0679307 0.0023217 0.0271723 0.0387427 0.0008692 -0.0259269 0.0679451 0.0016784 -0.0260873 0.067703 0.0023983 -0.0263408 0.0673121 0.0020157 -0.0235991 0.0661579 0.0010563 -0.0233972 0.0665374 0.0019681 0.0300114 0.0424156 0.0055243 0.0290997 0.0429055 0.0053141 0.0296543 0.042609 0.0047191 0.0299933 0.0424274 -0.0020319 0.0300075 0.0424147 -0.0048556 0.0299677 0.0424339 -0.0053685 0.0296539 0.0426012 -0.0055866 0.0290887 0.0429031 0.0037095 0.0033659 0.0487194 0.0036984 0.0161303 0.0418981 0.0049929 0.0033672 0.0487197 0.0049819 0.0161316 0.0418984 -0.0037347 0.016123 0.0418965 -0.0037236 0.0033586 0.0487177 -0.005076 0.0161217 0.0418962 -0.0050649 0.0033573 0.0487174 -0.0003108 0.0122514 0.034646 -0.0008803 0.012168 0.0344909 -0.0015759 0.0119057 0.0340013 -0.0018736 0.0116621 0.0335459 -0.0019609 0.0111079 0.0325089 -0.0015742 0.0107303 0.0318018 -0.000878 0.0104694 0.0313125 -0.0003082 0.0103872 0.0311576 -1.53e-05 0.0141236 0.0381489 -0.0015656 0.0142801 0.0384444 -0.0020336 0.0143993 0.0386681 -0.0031604 0.0149245 0.0396528 -0.0037251 0.0156226 0.0409601 -0.0037347 0.016123 0.0418965 0.0036984 0.0161303 0.0418981 0.0036903 0.0156299 0.0409617 0.0035737 0.0153851 0.0405037 0.0028067 0.0147303 0.0392798 0.0015345 0.0142832 0.0384451 0.0005155 0.0141419 0.0381824 0.0049819 0.0161316 0.0418984 -0.005076 0.0161217 0.0418962 0.0035712 0.0082595 0.0271699 0.004458 0.0077891 0.0262882 -0.0035854 0.0082525 0.0271683 -0.0044709 0.0077803 0.0262862 -0.0053462 0.013152 0.0363395 -0.0059926 0.0162204 0.0420824 -0.0059554 0.0165912 0.0427761 0.0059215 0.0165757 0.0427279 0.0059111 0.0158425 0.041356 0.0048339 0.0104777 0.0313187 0.0008576 0.0104711 0.0313128 0.0013499 0.0106299 0.0316091 0.0019388 0.0111117 0.0325098 0.0018499 0.0116658 0.0335467 0.0011142 0.0120995 0.0343596 0.0005769 0.0122209 0.0345876 -1.6e-06 -0.0005022 0.0414871 -0.0005911 -0.0005447 0.0414086 -0.0013616 -0.0007552 0.0410159 -0.001733 -0.0009752 0.0406047 -0.0019948 -0.0013764 0.0398545 -0.0018616 -0.0017911 0.0390783 -0.0011259 -0.0022248 0.0382655 -0.0002971 -0.0023772 0.0379789 -0.0037236 0.0033586 0.0487177 -4.3e-06 0.0013592 0.0449702 -0.0015545 0.0015157 0.0452656 -0.0024499 0.0017841 0.0457693 -0.0031493 0.0021601 0.0464741 -0.0035968 0.0026136 0.0473234 -0.0037566 0.0031082 0.0482492 0.0037095 0.0033659 0.0487194 0.0035848 0.0026207 0.047325 0.0031386 0.0021663 0.0464755 0.0024402 0.0017889 0.0457704 0.0015456 0.0015188 0.0452663 0.0049929 0.0033672 0.0487197 -0.0050649 0.0033573 0.0487174 0.0059326 0.0038113 0.0495492 0.0059569 0.0032727 0.0485412 0.0048449 -0.0022867 0.0381399 0.0044691 -0.0049753 0.0331095 0.0035823 -0.0045049 0.0339912 -0.0035743 -0.0045119 0.0339896 -0.0044598 -0.0049841 0.0331075 -0.0048432 -0.0022963 0.0381378 -0.0059707 0.0032609 0.0485385 -0.0059443 0.0038268 0.0495974 0.0005905 -0.002345 0.0380377 0.0015642 -0.002031 0.0386237 0.0019942 -0.0015133 0.0395918 0.0017311 -0.0009718 0.0406055 0.0008663 -0.0005947 0.0413126 0.0002965 -0.0005124 0.0414674 0.0035712 0.0082595 0.0271699 -0.0035854 0.0082525 0.0271683 0.0035823 -0.0045049 0.0339912 -0.0035743 -0.0045119 0.0339896 -0.0030649 0.0028992 0.0846708 0.0030356 0.0029052 0.0846721 0.005557 -0.008636 0.0630714 0.0020016 -0.0086395 0.0630706 -0.0055539 -0.008647 0.0630689 -0.0019984 -0.0086435 0.0630697 -0.003971 0.0025831 0.0840808 -0.0036849 0.0027775 0.0844441 0.0035879 0.002812 0.0844969 0.0039374 0.0025965 0.084093 -0.0010255 -0.0233992 0.0665369 -0.0019843 -0.0236031 0.066157 0.0020157 -0.0235991 0.0661579 0.0010563 -0.0233972 0.0665374 -0.0019872 -0.0215633 0.0699741 0.0020128 -0.0215593 0.0699749 0.0019715 0.027321 0.0389463 0.0020016 -0.0086395 0.0630706 0.0020157 -0.0235991 0.0661579 0.0020128 -0.0215593 0.0699749 -0.0019843 -0.0236031 0.066157 -0.0020285 0.0273171 0.0389454 -0.0019984 -0.0086435 0.0630697 -0.0019872 -0.0215633 0.0699741 0.0020016 -0.0086395 0.0630706 -0.0019984 -0.0086435 0.0630697 -0.0019872 -0.0215633 0.0699741 0.0020128 -0.0215593 0.0699749 0.0030258 0.0046217 -0.1041944 0.0030249 0.0054411 -0.1040976 0.0030243 0.0059088 -0.1034179 0.0030003 0.0042714 0.0118289 0.002998 0.007676 0.0070185 0.002998 0.0072814 0.0086249 0.0029985 0.0064633 0.0100625 0.0030015 0.002891 0.0122865 0.0030032 0.0011659 0.0123798 0.0030049 -0.0005143 0.0119778 0.0030058 -0.0012935 0.0115999 0.0030081 -0.003198 0.0098593 0.0030092 -0.003979 0.0083184 0.0030413 -0.0114438 -0.1027472 0.0030412 -0.0112419 -0.1032758 0.0030408 -0.0107855 -0.1036102 0.0030401 -0.0100837 -0.103601 0.0030386 -0.0086836 -0.1026805 0.0030372 -0.0074431 -0.1020523 0.0030344 -0.0047751 -0.1012879 0.0030303 -0.0006288 -0.1014422 0.003028 0.001975 -0.1024028 0.003027 0.0031653 -0.1031215 0.0030408 -0.0107855 -0.1036102 0.0030401 -0.0100837 -0.103601 0.0036958 -0.0108675 -0.1038399 0.0036948 -0.0098333 -0.1037519 0.003322 -0.0102111 -0.1036827 0.0030344 -0.0047751 -0.1012879 0.0030303 -0.0006288 -0.1014422 0.0033134 -0.0020045 -0.1012559 0.0033147 -0.0033889 -0.1012044 -0.005076 0.0161217 0.0418962 -0.0050649 0.0033573 0.0487174 -0.0059554 0.0165912 0.0427761 -0.0059443 0.0038268 0.0495974 0.0049929 0.0033672 0.0487197 0.0049819 0.0161316 0.0418984 0.0059215 0.0165757 0.0427279 0.0059326 0.0038113 0.0495492 -0.0035854 0.0082525 0.0271683 -0.0044709 0.0077803 0.0262862 -0.0035743 -0.0045119 0.0339896 -0.0044598 -0.0049841 0.0331075 0.0035712 0.0082595 0.0271699 0.004458 0.0077891 0.0262882 0.0044691 -0.0049753 0.0331095 0.0035823 -0.0045049 0.0339912 0.0031386 -0.0038283 0.0519776 0.0035229 -0.0033009 0.0516938 0.0018882 -0.0008518 0.0540759 -0.0019544 -0.0044922 0.0523594 -0.0026019 -0.0042305 0.052223 -0.003354 -0.0035666 0.0518721 -0.0035252 -0.0032902 0.0517254 -0.0012947 -0.0041152 0.0532246 -0.0023721 -0.0037321 0.0531552 -0.0030684 -0.0035112 0.0525811 -0.0015236 -0.0035813 0.0537987 -0.0034448 -0.002945 0.0523712 -0.0030578 -0.0029242 0.0530737 -0.0025319 -0.0029499 0.0536305 -0.0032138 -0.0026151 0.0529882 -0.0012906 -0.0031706 0.0542042 -0.0006972 -0.0033583 0.0542147 -0.0028425 -0.0023149 0.0535492 0.0001752 -0.0038096 0.0537941 -0.0015577 -0.0025397 0.0543966 -0.002347 -0.0020576 0.0540299 -0.0009569 -0.0024148 0.0546293 0.0002496 -0.0033129 0.0542981 -0.0017489 -0.0018544 0.0544091 -0.0010745 -0.0017142 0.0546704 0.0003147 -0.0026931 0.0546416 -0.0018489 -0.0011703 0.0542409 -0.0003532 -0.0016431 0.0548023 0.0013144 -0.0038127 0.0536257 -0.0011361 -0.0010221 0.054517 0.0003652 -0.0020005 0.0547966 0.0003836 -0.0016443 0.054799 0.0014547 -0.0028697 0.0543093 -0.0003737 -0.000947 0.0546564 0.0010501 -0.0020702 0.054665 0.0018575 -0.0037541 0.05347 0.0011035 -0.0017176 0.0546606 0.0019414 -0.0030377 0.0539942 0.0017751 -0.0018598 0.0543933 0.0019134 -0.0043066 0.0527004 0.0011658 -0.0010256 0.0545067 0.0023691 -0.0020648 0.0540087 0.002721 -0.0026469 0.0535832 0.0025469 -0.0039834 0.052677 0.0028732 -0.0032261 0.053105 0.0028595 -0.0023236 0.0535237 0.0030731 -0.0035206 0.0525536 0.0032249 -0.0026249 0.0529593 0.0034493 -0.0029555 0.0523403 0.0035711 -0.0026487 0.0522051 0.0020125 -0.0004466 0.0537731 0.0017101 -1.52e-05 0.053739 -3.19e-05 0.0010052 0.053663 -0.0019875 -0.0004405 0.0537911 0.002025 0.0104138 0.0528788 -0.0019749 0.0104199 0.0528967 0.0017815 -0.0048726 0.0516416 0.0025419 -0.0044933 0.0517229 0.003067 -0.0041358 0.0514023 0.0018449 -0.0050221 0.0510972 0.0007963 -0.0052187 0.0511563 0.0034424 -0.0036462 0.0510479 0.0023273 -0.0048494 0.0506034 0.003564 -0.0033638 0.050867 0.0025305 -0.0046971 0.0503529 0.0032115 -0.003976 0.050431 0.0019213 -0.0050602 0.0502096 0.0012899 -0.0052984 0.0502184 0.0033249 -0.0037054 0.0502282 0.0028402 -0.0042762 0.0498699 0.0015563 -0.0051073 0.0495868 0.0002284 -0.0054583 0.0502835 0.0023447 -0.0045335 0.0493893 0.0008788 -0.0053415 0.0496849 0.0024274 -0.0042825 0.0491497 0.0017466 -0.0047367 0.04901 0.0002879 -0.0053997 0.0495768 -0.0006127 -0.0053703 0.0507141 0.0018082 -0.0044929 0.048757 0.0010722 -0.0048769 0.0487487 -0.0008158 -0.0053994 0.0500327 -0.0003434 -0.0052945 0.0492396 0.0003508 -0.004948 0.0486169 -0.0013146 -0.0051777 0.0510756 -0.0009848 -0.0052293 0.0493628 -0.0003859 -0.0049469 0.0486202 -0.0015831 -0.0051025 0.0496009 -0.0019424 -0.0050543 0.0502269 -0.0017774 -0.0047313 0.0490258 -0.0023819 -0.0047296 0.0512887 -0.0023714 -0.0045263 0.0494104 -0.0028618 -0.0042675 0.0498955 -0.0030745 -0.0041265 0.0514298 -0.0032272 -0.0039662 0.0504598 -0.0034516 -0.0036356 0.0510788 0.0037197 0.0302473 0.0337645 0.0036804 0.0305108 0.0342576 0.003078 0.0312439 0.0356305 0.0023215 0.0316313 0.0363566 0.0013561 0.0318962 0.0368538 0.0008213 0.0319749 0.0370019 0.0002674 0.0320151 0.0370781 -0.0008476 0.0319774 0.0370094 -0.0023546 0.0316384 0.0363775 -0.0027673 0.0314594 0.0360431 -0.0036085 0.0307794 0.0347722 -0.0037357 0.0305221 0.0342908 0.0036179 0.0308686 0.033433 0.0031078 0.0316921 0.0329956 0.0022565 0.0322552 0.0326992 0.0015736 0.032433 0.0326078 -0.0036795 0.0308798 0.0334657 -0.0033844 0.0314502 0.0331593 -0.0029188 0.0319238 0.0329037 -0.0016379 0.0324379 0.0326222 -0.0035962 0.0312372 0.0341344 -0.003426 0.031286 0.0349649 -0.0034747 0.0315195 0.0339534 -0.0030335 0.0316032 0.0355579 -0.0030992 0.0320092 0.0335991 -0.0030881 0.0320925 0.0343608 -0.0024596 0.0321559 0.0358517 -0.0025741 0.0323667 0.0332785 -0.0027348 0.0323781 0.0348947 -0.0018777 0.0320899 0.0364667 -0.0026637 0.0324769 0.0339383 -0.0025627 0.0325705 0.0346485 -0.0017788 0.0326101 0.0359914 -0.0021183 0.0327006 0.0335398 -0.0021212 0.0327997 0.0350767 -0.0011421 0.0325115 0.0365149 -0.0011044 0.0327503 0.0362526 -0.0003952 0.0325851 0.0366514 -0.0017636 0.0330218 0.034503 -0.0014636 0.0331 0.0351024 -0.0003662 0.0330173 0.0360869 0.0011369 0.0322346 0.0367325 0.0003537 0.0328203 0.0363812 0.0010736 0.032747 0.0362429 -0.000729 0.0332856 0.0346322 -0.0008285 0.0330921 0.0338451 0.0002835 0.0332722 0.0354218 0.0017452 0.0326047 0.0359756 0.0016588 0.0328112 0.0356978 0.0023392 0.0323997 0.035591 0.0002178 0.033331 0.0347157 0.0028296 0.0321409 0.0351059 0.0033094 0.0315686 0.0347433 0.0019102 0.0329277 0.0347744 0.0025169 0.0325627 0.0346257 0.0035417 0.0312263 0.0341024 0.000953 0.0331648 0.034139 0.0028424 0.0322944 0.034123 0.0032518 0.0317686 0.0337444 0.0023497 0.032603 0.0337126 0.0015543 0.0329076 0.0336567 0.0019864 0.0295401 0.0377483 -0.0020135 0.0295462 0.0377662 -0.0014993 0.0290778 0.0383201 -0.0001212 0.02867 0.0388778 0.0006195 0.0287302 0.0387832 -0.0037419 0.0299983 0.0333107 -0.0036226 0.0297435 0.0328336 -0.0034249 0.0294997 0.0323772 -0.0031516 0.0274359 0.0329328 0.0030743 0.0278803 0.0326624 0.0025134 0.0275508 0.0320998 0.0011467 0.0270758 0.0314417 0.0002015 0.0269029 0.0313276 -0.0013776 0.0268717 0.0316211 -0.0027159 0.0271981 0.032448 0.0033493 0.0294894 0.0323468 0.0035519 0.0297325 0.0328015 0.0036762 0.029987 0.0332775 -0.0031483 0.0236434 0.0349595 -0.00315 0.0255837 0.0339226 0.0030776 0.0240879 0.034689 0.0030759 0.0260282 0.0336521 -0.0023633 0.0252149 0.0331478 -0.0009255 0.0249922 0.0324646 0.0009817 0.0251852 0.0323945 0.0021413 0.0255348 0.0328339 -0.0031467 0.0217913 0.0359493 0.0030792 0.0222357 0.0356788 -0.0031506 0.0293769 0.0318967 0.0029967 0.0298288 0.031655 -0.0015412 0.0288354 0.0306595 -0.0006157 0.0287935 0.0303841 0.0006607 0.0289329 0.0303549 0.0023679 0.0294662 0.0310405 0.0035716 0.0303802 0.0328252 0.0034126 0.0308184 0.0326301 0.00333 0.0300351 0.0321798 0.0027895 0.0316321 0.0323487 0.0028304 0.0310907 0.0318706 0.0026722 0.030512 0.0313938 0.0023148 0.029931 0.0309715 0.0023398 0.0316055 0.0318461 0.0017167 0.0297278 0.0305922 0.0010423 0.0295876 0.030331 0.0016999 0.031194 0.0310771 0.0015436 0.0318248 0.0316305 0.0009246 0.0302882 0.030372 0.0003036 0.0298728 0.0302016 -0.0011862 0.0290963 0.0304303 -0.0003974 0.0298739 0.0302047 0.0002567 0.0305656 0.030357 0.0005631 0.0314916 0.0310087 -0.0018073 0.0297332 0.030608 -0.0003159 0.0308888 0.0305093 -0.0009367 0.0306266 0.0304731 -0.0024013 0.0299382 0.0309926 -0.0030232 0.0297303 0.0316196 -0.0034054 0.0300454 0.03221 -0.0007494 0.0312339 0.030793 -0.0002075 0.031683 0.0312073 -0.0019736 0.0309111 0.0310071 -0.0025799 0.0308311 0.0313936 -0.0034815 0.0308289 0.032661 -0.0029054 0.0310995 0.0318963 -0.0013466 0.0316861 0.0313757 -0.002127 0.0318231 0.0318979 -0.0025791 0.0318568 0.0323244 -0.0034249 0.0294997 0.0323772 -0.0033881 -0.0031413 0.0498002 -0.0035905 -0.0028951 0.0502613 -0.0031351 0.0084737 0.0430662 -0.0031368 0.010414 0.0420293 -0.0013612 0.0079096 0.0417545 -0.0022094 0.0080635 0.0421937 -0.0023502 0.0100452 0.0412545 -0.0012228 0.0098377 0.0406663 -0.0031384 0.0122661 0.0410395 -0.0013645 0.011702 0.0397278 -0.0019437 0.0117902 0.040001 -0.0031318 0.0046812 0.0450929 -0.0031335 0.0066215 0.044056 -0.0025787 0.0063345 0.0434648 -0.0012195 0.0060453 0.042693 0.0033493 0.0294894 0.0323468 0.0035762 -0.002906 0.0502292 0.003369 -0.0031516 0.04977 0.0030907 0.0089181 0.0427957 0.0028282 0.0087475 0.042498 0.001465 0.0081926 0.0416624 0.0030891 0.0108584 0.0417588 0.0013019 0.0100892 0.0405756 0.0024101 0.0104735 0.0411076 0.0030875 0.0127105 0.040769 0.0028249 0.0125399 0.0404713 0.0014617 0.0119851 0.0396357 0.003094 0.0051257 0.0448224 0.0030924 0.007066 0.0437855 0.0013052 0.0062968 0.0426023 0.0018871 0.0064723 0.0428226 -0.0031302 0.0028291 0.0460826 -0.0025754 0.0025421 0.0454915 -0.0012163 0.0022529 0.0447196 -0.0031318 0.0046812 0.0450929 -0.0013579 0.0041171 0.0437812 -0.0022061 0.0042711 0.0442204 0.0030956 0.0032735 0.0458122 0.0013085 0.0025043 0.0446289 0.0024167 0.0028887 0.0451609 0.003094 0.0051257 0.0448224 0.0022994 0.0046899 0.0440918 0.0014683 0.0044002 0.0436891 0.0019864 0.0295401 0.0377483 -0.0020135 0.0295462 0.0377662 -0.0014993 0.0290778 0.0383201 -0.0001212 0.02867 0.0388778 0.0006195 0.0287302 0.0387832 0.0020106 0.027068 0.0439788 0.00199 0.0286976 0.0388221 0.001994 0.0280541 0.039946 0.0019985 0.0275878 0.0411155 0.002007 0.0271465 0.0431452 -0.00201 0.0287037 0.03884 -0.0020059 0.0280602 0.0399639 -0.0020014 0.0275939 0.0411334 -0.0019965 0.0272831 0.0423441 -0.0019894 0.0270741 0.0439967 -0.0044417 0.0270779 0.0440077 -0.0043223 0.0270528 0.0457554 -0.0041605 0.0272165 0.0480727 -0.0035722 0.0279341 0.056857 -0.003449 0.0277858 0.0589027 -0.0032316 0.027011 0.0627913 -0.0030613 0.0256668 0.0662375 -0.0029939 0.0248063 0.0677779 -0.0029377 0.0238256 0.0692006 -0.002865 0.021794 0.071441 0.0044629 0.0270643 0.0439678 0.0031214 0.0220466 0.0711662 0.0031524 0.023197 0.0699413 0.0031974 0.0243346 0.0684571 0.0033229 0.0261861 0.0650593 0.0034027 0.0268763 0.0631737 0.0035962 0.0277524 0.059064 0.0037099 0.0279222 0.0568503 0.0038332 0.027899 0.0545695 0.0039725 0.0276902 0.052133 0.0043665 0.0270353 0.0455934 -0.0010191 0.0275279 0.0413364 0.0052832 0.0122942 0.0563921 -0.0051957 0.0123102 0.056439 -0.0029961 0.0207856 0.0722953 -0.0033893 0.0207222 0.0721772 -0.0038225 0.0205087 0.0717784 0.0041323 0.0204318 0.0716216 0.0036687 0.0207041 0.0721319 0.0034466 0.0207536 0.0722249 -0.0054937 0.0148351 0.0505559 -0.0055034 0.0259895 0.044595 -0.005337 0.0265784 0.0442794 -0.0052582 0.0266888 0.04422 -0.0049333 0.0269564 0.0440752 0.0055362 0.0148183 0.0505065 0.0055265 0.0259727 0.0445456 0.0045707 0.0270586 0.0439703 0.0052166 0.0267441 0.0441349 0.005283 0.0266691 0.0441747 0.0053414 0.0265892 0.044217 0.005447 0.0263877 0.0443242 0.004743 0.0267916 0.0580276 0.0044629 0.0256087 0.0636594 0.0042376 0.0221547 0.0695636 -0.004604 0.026815 0.0579519 -0.005162 0.026318 0.0496567 0.0035067 0.0213977 0.0716619 0.0040084 0.0250632 0.0666922 0.0036564 0.0254153 0.0665201 0.0039018 0.0273832 0.0608922 0.0043303 0.0273722 0.059585 0.0048766 0.0271084 0.0549041 0.00461 0.0275785 0.0544174 0.0042166 0.0278373 0.0548485 0.0053084 0.0263531 0.0476388 0.0048861 0.026968 0.0478532 0.0053184 0.0264917 0.0455475 0.0039487 0.0210718 0.0715208 0.0035274 0.0217824 0.0713054 0.0040736 0.0224406 0.070008 0.0039194 0.0233891 0.0692328 0.0035501 0.0233574 0.0696354 0.0041387 0.0240359 0.0679603 0.0037202 0.024294 0.0682814 0.0042373 0.0254519 0.0654129 0.0038469 0.0260837 0.0649585 0.0041419 0.0264476 0.0635061 0.0039272 0.0267554 0.0631115 0.0043278 0.0266826 0.0622185 0.0045569 0.0270594 0.0595565 0.0041211 0.0276141 0.0590819 0.004592 0.0273149 0.0580297 0.004234 0.0277839 0.0569223 0.00474 0.0273306 0.0559577 0.0048365 0.0272925 0.0536652 0.0045822 0.0275134 0.0522433 0.0051017 0.0267865 0.0492221 0.0045823 0.0271025 0.0475256 0.0048974 0.0268991 0.0455713 -0.0034172 0.0251727 0.0670187 -0.0041121 0.0255009 0.0650614 -0.0037429 0.0274465 0.0606623 -0.0041085 0.0272153 0.0606402 -0.0043865 0.0272359 0.0590055 -0.0040941 0.0278509 0.0549075 -0.0032589 0.0218888 0.0712564 -0.0033977 0.0222071 0.0708647 -0.0039263 0.0211339 0.0709566 -0.0032799 0.0225822 0.07056 -0.0038162 0.0219602 0.0705632 -0.0036631 0.0229531 0.0698112 -0.0033405 0.0230384 0.0700295 -0.0036869 0.0234823 0.0691627 -0.0033262 0.0237147 0.0692299 -0.0039346 0.0231574 0.069016 -0.0037471 0.0245147 0.0676848 -0.0039193 0.0241637 0.0678207 -0.00378 0.0249577 0.0669389 -0.0038644 0.0258386 0.0651627 -0.003522 0.0262407 0.0647935 -0.0041061 0.0260855 0.0639314 -0.0037464 0.0268304 0.0629392 -0.0042089 0.0266692 0.0620414 -0.004065 0.0276131 0.0587995 -0.0044084 0.0274313 0.0577856 -0.0041 0.0277996 0.0568728 -0.0042892 0.027734 0.0558453 -0.0046009 0.0273222 0.0563117 -0.0042461 0.0276764 0.0526221 -0.004828 0.0271324 0.0532006 -0.004481 0.0275345 0.0523499 -0.0049638 0.0269129 0.0495012 -0.0046167 0.0271297 0.0482314 -0.0052408 0.0265307 0.0462531 -0.0048105 0.0269414 0.0455581 0.0020437 0.0122991 0.0564066 0.002025 0.0104138 0.0528788 -0.0019562 0.0123052 0.0564245 -0.0019749 0.0104199 0.0528967 0.0052832 0.0122942 0.0563921 -0.0051957 0.0123102 0.056439 -0.0029961 0.0207856 0.0722953 -0.0033893 0.0207222 0.0721772 -0.0038225 0.0205087 0.0717784 0.0041323 0.0204318 0.0716216 0.0036687 0.0207041 0.0721319 0.0034466 0.0207536 0.0722249 -0.0044417 0.0270779 0.0440077 -0.005337 0.0265784 0.0442794 -0.0052582 0.0266888 0.04422 -0.0051639 0.0267906 0.0441651 -0.0050551 0.0268806 0.0441164 -0.0049333 0.0269564 0.0440752 -0.0044417 0.0270779 0.0440077 -0.0049333 0.0269564 0.0440752 -0.0048138 0.0270104 0.0440458 -0.0047002 0.027046 0.0440261 -0.0045823 0.0270687 0.0440134 -0.0045124 0.0270756 0.0440093 -0.0019562 0.0123052 0.0564245 -0.0019787 0.0148298 0.0505401 -0.0051957 0.0123102 0.056439 -0.0054937 0.0148351 0.0505559 0.0020212 0.0148236 0.0505222 0.0020437 0.0122991 0.0564066 0.0052832 0.0122942 0.0563921 0.0055362 0.0148183 0.0505065 0.0044629 0.0270643 0.0439678 0.0045707 0.0270586 0.0439703 0.0046764 0.0270422 0.0439785 0.0047799 0.027015 0.0439925 0.0048794 0.0269777 0.0440119 0.0049733 0.0269312 0.0440363 0.0050611 0.0268762 0.0440652 0.0051425 0.0268135 0.0440983 0.0052166 0.0267441 0.0441349 0.005283 0.0266691 0.0441747 0.0053414 0.0265892 0.044217 0.0044629 0.0270643 0.0439678 0.0053414 0.0265892 0.044217 0.005392 0.0265052 0.0442617 0.005447 0.0263877 0.0443242 -0.0031516 0.0274359 0.0329328 0.0030743 0.0278803 0.0326624 -0.0031506 0.0293769 0.0318967 0.0029967 0.0298288 0.031655 0.0018742 0.0299078 0.0320076 0.0007172 0.0299128 0.0322203 -0.0012157 0.0297567 0.032259 0.0007986 0.0279745 0.0332472 -0.001209 0.027817 0.0332963 -0.0031516 0.0274359 0.0329328 0.0030743 0.0278803 0.0326624 0.0025134 0.0275508 0.0320998 0.0011467 0.0270758 0.0314417 0.0002015 0.0269029 0.0313276 -0.0013776 0.0268717 0.0316211 -0.0027159 0.0271981 0.032448 0.0007986 0.0279745 0.0332472 -0.001209 0.027817 0.0332963 -0.0031506 0.0293769 0.0318967 0.0029967 0.0298288 0.031655 0.0018742 0.0299078 0.0320076 0.0007172 0.0299128 0.0322203 -0.0012157 0.0297567 0.032259 -0.0015412 0.0288354 0.0306595 -0.0006157 0.0287935 0.0303841 0.0006607 0.0289329 0.0303549 0.0023679 0.0294662 0.0310405 -0.0031483 0.0236434 0.0349595 -0.00315 0.0255837 0.0339226 0.0030776 0.0240879 0.034689 0.0030759 0.0260282 0.0336521 0.0008002 0.0261224 0.0342369 -0.0002521 0.0260682 0.0343149 0.0019581 0.024172 0.0350513 -0.0012058 0.0240246 0.035323 -0.0031483 0.0236434 0.0349595 0.0030776 0.0240879 0.034689 0.002283 0.0236521 0.0339584 0.0014519 0.0233624 0.0335557 -0.0001175 0.023077 0.0333655 -0.0019536 0.0231676 0.0339209 0.0019581 0.024172 0.0350513 -0.0012058 0.0240246 0.035323 -0.00315 0.0255837 0.0339226 0.0030759 0.0260282 0.0336521 -0.0023633 0.0252149 0.0331478 -0.0009255 0.0249922 0.0324646 0.0009817 0.0251852 0.0323945 0.0021413 0.0255348 0.0328339 0.0008002 0.0261224 0.0342369 -0.0002521 0.0260682 0.0343149 -0.0031384 0.0122661 0.0410395 -0.0031401 0.0142064 0.0400026 0.0030875 0.0127105 0.040769 0.0030858 0.0146509 0.0397321 0.0019663 0.014735 0.0400944 -0.0002422 0.0146909 0.0403949 0.0008118 0.0128047 0.0413539 -0.0011959 0.0126473 0.041403 -0.0031384 0.0122661 0.0410395 0.0030875 0.0127105 0.040769 0.0028249 0.0125399 0.0404713 0.0014617 0.0119851 0.0396357 0.0011598 0.011906 0.0395484 0.0008485 0.0118369 0.0394854 0.0005334 0.0117791 0.0394475 0.0002147 0.0117331 0.0394343 -0.0001076 0.0116997 0.0394455 -0.0004291 0.0116792 0.0394811 -0.0007465 0.0116724 0.0395404 -0.0010584 0.0116798 0.0396226 -0.0013645 0.011702 0.0397278 -0.0019437 0.0117902 0.040001 0.0008118 0.0128047 0.0413539 -0.0011959 0.0126473 0.041403 -0.0031401 0.0142064 0.0400026 0.0030858 0.0146509 0.0397321 -0.0028807 0.0140526 0.0396932 -0.0025853 0.0139194 0.0394115 -0.0023535 0.0138376 0.0392278 -0.0020914 0.0137641 0.0390508 -0.0018152 0.0137048 0.0388933 -0.001527 0.0136602 0.0387563 -0.0012261 0.0136302 0.0386396 3.95e-05 0.0136538 0.0384005 0.0012986 0.0138817 0.0385489 0.0018805 0.0140571 0.0387693 0.0024068 0.014266 0.0390809 0.0019663 0.014735 0.0400944 -0.0002422 0.0146909 0.0403949 -0.0031351 0.0084737 0.0430662 -0.0031368 0.010414 0.0420293 0.0030907 0.0089181 0.0427957 0.0030891 0.0108584 0.0417588 0.0019696 0.0109426 0.0421211 -0.000239 0.0108984 0.0424216 -0.0021417 0.0106392 0.0422689 0.000815 0.0090123 0.0433805 -0.0002373 0.0089581 0.0434585 -0.0031351 0.0084737 0.0430662 0.0030907 0.0089181 0.0427957 0.0028282 0.0087475 0.042498 0.001465 0.0081926 0.0416624 0.0011631 0.0081136 0.041575 0.0008518 0.0080445 0.0415121 0.0005367 0.0079867 0.0414742 0.000218 0.0079407 0.041461 -0.0001043 0.0079072 0.0414722 -0.0004258 0.0078868 0.0415078 -0.0007433 0.00788 0.041567 -0.0010551 0.0078874 0.0416493 -0.0013612 0.0079096 0.0417545 -0.0022094 0.0080635 0.0421937 0.000815 0.0090123 0.0433805 -0.0002373 0.0089581 0.0434585 -0.0031368 0.010414 0.0420293 0.0030891 0.0108584 0.0417588 -0.0023502 0.0100452 0.0412545 -0.0012228 0.0098377 0.0406663 -0.0009124 0.0098224 0.0405712 -0.0005978 0.0098217 0.0404996 -0.0002795 0.0098349 0.0404514 4.28e-05 0.0098614 0.0404271 0.0003644 0.0099009 0.0404273 0.0006823 0.0099525 0.0404519 0.0009949 0.0100154 0.0405012 0.0013019 0.0100892 0.0405756 0.0024101 0.0104735 0.0411076 0.0019696 0.0109426 0.0421211 -0.000239 0.0108984 0.0424216 -0.0021417 0.0106392 0.0422689 -0.0031318 0.0046812 0.0450929 -0.0031335 0.0066215 0.044056 0.003094 0.0051257 0.0448224 0.0030924 0.007066 0.0437855 0.0019729 0.0071501 0.0441477 -0.0002357 0.007106 0.0444483 -0.0021384 0.0068468 0.0442956 0.0019746 0.0052098 0.0451846 -0.000234 0.0051657 0.0454852 -0.0021367 0.0049065 0.0453325 -0.0031318 0.0046812 0.0450929 0.003094 0.0051257 0.0448224 0.0022994 0.0046899 0.0440918 0.0014683 0.0044002 0.0436891 0.0011664 0.0043212 0.0436017 0.0008551 0.004252 0.0435387 0.00054 0.0041942 0.0435009 0.0002213 0.0041483 0.0434877 -0.000101 0.0041148 0.0434989 -0.0004225 0.0040944 0.0435344 -0.00074 0.0040876 0.0435937 -0.0010518 0.0040949 0.043676 -0.0013579 0.0041171 0.0437812 -0.0022061 0.0042711 0.0442204 0.0019746 0.0052098 0.0451846 -0.000234 0.0051657 0.0454852 -0.0021367 0.0049065 0.0453325 -0.0031335 0.0066215 0.044056 0.0030924 0.007066 0.0437855 -0.0025787 0.0063345 0.0434648 -0.0012195 0.0060453 0.042693 -0.0009091 0.00603 0.0425979 -0.0005946 0.0060293 0.0425262 -0.0002762 0.0060424 0.0424781 4.6e-05 0.0060689 0.0424538 0.0003677 0.0061084 0.0424539 0.0006856 0.0061601 0.0424786 0.0009982 0.006223 0.0425279 0.0013052 0.0062968 0.0426023 0.0018871 0.0064723 0.0428226 0.0019729 0.0071501 0.0441477 -0.0002357 0.007106 0.0444483 -0.0021384 0.0068468 0.0442956 -0.0031285 0.0008888 0.0471195 -0.0031302 0.0028291 0.0460826 0.0030973 0.0013332 0.0468491 0.0030956 0.0032735 0.0458122 0.0019762 0.0033577 0.0461744 -0.0002324 0.0033135 0.0464749 -0.0011877 0.0032103 0.0464461 0.0008216 0.0014274 0.0474339 -0.001186 0.00127 0.047483 -0.0031285 0.0008888 0.0471195 0.0030973 0.0013332 0.0468491 0.0023027 0.0008975 0.0461184 0.0011697 0.0005287 0.0456284 0.0002246 0.0003558 0.0455143 -0.0013546 0.0003247 0.0458078 0.0008216 0.0014274 0.0474339 -0.001186 0.00127 0.047483 -0.0031302 0.0028291 0.0460826 0.0030956 0.0032735 0.0458122 -0.0025754 0.0025421 0.0454915 -0.0012163 0.0022529 0.0447196 -0.0009058 0.0022376 0.0446246 -0.0005913 0.0022368 0.0445529 -0.0002729 0.00225 0.0445047 4.93e-05 0.0022765 0.0444805 0.000371 0.002316 0.0444806 0.0006889 0.0023676 0.0445053 0.0010015 0.0024305 0.0445545 0.0013085 0.0025043 0.0446289 0.0024167 0.0028887 0.0451609 0.0019762 0.0033577 0.0461744 -0.0002324 0.0033135 0.0464749 -0.0011877 0.0032103 0.0464461 0.0038401 0.0012019 0.0436088 0.0017019 -0.0037389 0.0343667 0.0025482 -0.0035882 0.0346474 0.0051961 -0.0024603 0.0367536 0.0052804 0.0003909 0.0420889 -0.0043139 -0.0029861 0.0354213 0.004018 -0.0030808 0.0351702 0.0024695 -0.0035317 0.0343289 0.0016078 -0.0036729 0.0340661 0.0007119 -0.0037535 0.0339167 -0.0001992 -0.0037719 0.0338838 -0.0011062 -0.0037275 0.0339682 -0.0028306 -0.0034559 0.0344793 0.0053313 0.0006211 0.042275 0.0046584 0.0009677 0.0430517 0.0056984 0.0003265 0.0416628 0.0060635 -0.0003282 0.0405954 0.0061218 -0.0012344 0.0389932 0.0059252 -0.0017849 0.0379127 0.0048164 -0.0027618 0.0359454 0.0041017 -0.0031315 0.0354694 0.003365 -0.0033938 0.0349965 0.0034374 -0.0033492 0.0348485 0.0008244 -0.0038463 0.0341538 -8.53e-05 -0.0038656 0.0341292 -8.73e-05 -0.0038567 0.0339666 -0.0009897 -0.0038283 0.0342005 -0.001887 -0.0037386 0.0343431 -0.0019254 -0.0036555 0.0341648 -0.0027445 -0.0035761 0.0346257 -0.003592 -0.0032648 0.0348986 0.0013799 -0.0003209 0.0407632 0.001871 -0.0006705 0.0401083 0.0019956 -0.0009452 0.0395941 0.0017173 -0.0014853 0.0385837 0.0008419 -0.0018582 0.0378875 -2.85e-05 -0.0019464 0.0377238 -0.0008935 -0.001848 0.0379094 -0.0016029 0.0048853 0.0431908 -0.0032717 0.0043716 0.0426549 -0.0016695 0.0033728 0.0439782 -0.0037265 0.0006691 0.0426241 -0.0025727 0.0010971 0.0434231 -0.0012104 0.0013545 0.0439026 0.0009821 0.0013793 0.0439454 0.0016938 0.0012893 0.0437758 0.0032685 0.0008737 0.0429955 -0.005941 -0.0004673 0.0405011 -0.0060235 -0.0012781 0.0389842 -0.0052411 -0.0024323 0.0368229 -0.0015816 -0.0015823 0.0384076 -0.0019566 -0.0012021 0.0391197 -0.0019442 -0.0007826 0.0399046 -0.0013405 -0.0003049 0.0407976 2.71e-05 -6.13e-05 0.0412512 0.0006154 -0.0001066 0.0411654 -0.0019916 -0.0022999 0.0334623 -0.0011044 -0.0024937 0.0333083 0.0007134 -0.0026966 0.0333522 -0.0046035 0.0021129 0.0425939 -0.0012804 0.0033564 0.0440646 -0.0015943 0.0033175 0.0440146 -0.0026909 0.0029289 0.0437093 -0.0034277 0.0027353 0.0433976 0.0011465 -0.0026092 0.0334087 -0.0030536 -0.0018054 0.0338076 -0.0045237 -0.0011432 0.0347115 -0.0062124 0.0010864 0.0378856 -0.0043954 0.0038971 0.0417648 -0.0042946 0.003945 0.0419552 0.0003211 -0.0024499 0.0333267 -0.0013819 -0.0022852 0.0333288 -0.0052017 -0.000667 0.0354037 -0.0056223 -0.0001988 0.0360229 -0.0061581 0.0018773 0.0390812 -0.0059891 0.0023008 0.039655 -0.0055652 0.0029249 0.0404715 -0.0052106 0.0032933 0.0409889 -0.0021463 0.0048444 0.0429484 -0.0039564 -0.0013895 0.0343066 -0.0059602 0.0003796 0.0367983 -0.0027985 0.004643 0.0427208 -0.0045625 0.0010624 0.0431719 -0.004877 -0.0027457 0.0360463 -0.0053924 -0.0023513 0.0366316 -0.005668 -0.0020908 0.0374308 -0.0057641 -0.0020233 0.03735 -0.0059369 -0.0017081 0.0381474 -0.0060471 -0.0016139 0.0380652 -0.006203 -0.0012098 0.0388215 -0.0061789 -0.0008779 0.0396296 -0.0061574 -0.0003682 0.0403438 -0.0057706 -5.84e-05 0.0412488 -0.0059504 3.14e-05 0.0410912 -0.0054937 0.0003713 0.041966 -0.0050825 0.0008202 0.0426184 0.004018 -0.0030808 0.0351702 0.0024695 -0.0035317 0.0343289 0.0016078 -0.0036729 0.0340661 0.0007119 -0.0037535 0.0339167 -0.0001992 -0.0037719 0.0338838 0.0056984 0.0003265 0.0416628 0.0060635 -0.0003282 0.0405954 0.0062059 -0.0011582 0.038944 0.0059252 -0.0017849 0.0379127 0.0057773 -0.0019861 0.0373353 0.0048164 -0.0027618 0.0359454 0.0034374 -0.0033492 0.0348485 0.0007134 -0.0026966 0.0333522 0.0011465 -0.0026092 0.0334087 0.0059759 8.43e-05 0.0409232 0.0061652 -0.0009266 0.0383926 0.0059801 -0.0012382 0.0376132 0.0056332 -0.0015406 0.0367754 0.0048488 -0.0019285 0.0356184 0.0040508 -0.0022944 0.0348031 0.003144 -0.0024083 0.0341915 0.006165 -0.0003493 0.0396295 0.0026217 -0.0024937 0.0339133 0.0060635 -0.0003282 0.0405954 0.0061218 -0.0012344 0.0389932 0.0062059 -0.0011582 0.038944 0.0059252 -0.0017849 0.0379127 0.0038401 0.0012019 0.0436088 0.0053313 0.0006211 0.042275 0.0046584 0.0009677 0.0430517 0.0056984 0.0003265 0.0416628 0.0043106 0.0047894 0.0415187 0.0028286 0.0051068 0.042539 0.0011091 0.0052033 0.0431436 0.001849 0.003694 0.0437453 0.0034525 0.0035093 0.0429809 0.0043119 0.0032922 0.0423188 0.0006954 0.0048887 0.0292971 0.0052069 0.0056685 0.0320156 -0.0002564 0.0011727 0.0312438 0.0006425 0.0010988 0.0313154 0.0048525 0.0045892 0.040959 0.0002434 -0.0003728 0.0320694 0.0030031 0.0124318 0.0370421 0.0032685 0.0008737 0.0429955 0.0026747 0.012362 0.0373271 0.0013122 0.0124608 0.037935 -0.0001563 0.0123666 0.0381789 -0.0016121 0.0120727 0.0380485 -0.0022978 0.0118533 0.0378477 -0.0035183 0.011279 0.0371976 -0.004775 0.0101603 0.0357344 -0.0050053 0.0097428 0.035161 -0.0050683 0.0084387 0.0333507 -0.0045881 0.0076095 0.0322129 -0.0031796 0.0065479 0.030851 -0.0011845 0.0058368 0.0301472 0.0002911 0.0056033 0.0301277 0.0017373 0.005571 0.0304808 0.00361 0.0058662 0.0316613 0.0048134 0.0064798 0.0334368 0.0051286 0.0069867 0.0347988 0.0050207 0.0075086 0.0361985 0.0040923 0.008192 0.0381067 0.0030416 0.0085064 0.0391107 0.0010208 0.0086659 0.0400414 0.0002857 0.0086235 0.0401721 -0.001895 0.0081961 0.0400032 -0.0025654 0.0079561 0.0397664 -0.0037308 0.007351 0.0390551 -0.0045885 0.0066075 0.0380846 -0.0050668 0.0057759 0.0369452 -0.0051284 0.0049016 0.0357315 -0.0047683 0.0040557 0.0345624 -0.0040109 0.0032779 0.0335292 -0.0029297 0.0026342 0.032737 -0.0015986 0.0021491 0.0322502 -0.0008837 0.0019809 0.0321391 0.0006003 0.0017874 0.0321975 0.0020245 0.0017959 0.0326251 0.002686 0.0018696 0.0329737 0.0042773 0.0023316 0.0344616 0.0049154 0.0027879 0.0357371 0.0051448 0.0033025 0.0371154 0.0046979 0.0040609 0.0391616 0.0039032 0.0044756 0.0403626 0.0033847 0.0046366 0.0408698 0.001444 0.0048745 0.0419495 -1.81e-05 0.0047984 0.0422256 -0.0014817 0.0045211 0.0421281 -0.0021728 0.0043108 0.0419428 -0.0034151 0.0037507 0.0413201 -0.0043685 0.0030472 0.04042 -0.0049657 0.002232 0.039317 -0.0051516 0.0013675 0.0381167 -0.0049133 0.0005062 0.0369224 -0.0046402 9.56e-05 0.0363617 -0.0038087 -0.0006594 0.0353706 -0.0026686 -0.0012729 0.034636 -0.0020045 -0.0015205 0.0343842 0.0001662 -0.0019689 0.0341675 0.0016209 -0.0020189 0.0344885 0.0023057 -0.0019716 0.0347848 0.0035229 -0.0017462 0.0356271 0.0044435 -0.0013744 0.0367372 0.0049998 -0.0009017 0.0380403 0.0051427 -0.0003815 0.0394326 0.0045679 0.0003623 0.0414512 -0.0059231 0.0021338 0.0392242 0.0007311 -0.0004771 0.0321978 0.0033929 -0.0002814 0.0331715 0.0059424 0.0022511 0.0398383 0.0022947 0.0035671 0.0436042 0.0013805 0.0036081 0.0439041 0.0054009 0.0004335 0.0351912 0.0058298 0.0007539 0.0360847 0.0061876 0.0013049 0.0374028 0.006207 0.001798 0.0386358 0.0058361 0.0022913 0.0400618 0.005299 0.0027041 0.0411321 0.0049178 0.00299 0.041697 0.0038078 0.0032762 0.0427335 0.0023394 -0.0004678 0.0327153 0.0043701 -6.39e-05 0.0340009 0.0048217 0.0001078 0.0344773 0.0057505 -0.0012597 0.0372418 0.0038866 -0.0022019 0.0347283 0.0011465 -0.0026092 0.0334087 -0.0030536 -0.0018054 0.0338076 -0.0045237 -0.0011432 0.0347115 -0.0062124 0.0010864 0.0378856 -0.0043954 0.0038971 0.0417648 0.0002948 0.0052732 0.043068 0.005535 0.0042867 0.0398795 0.0059815 0.0025601 0.0356014 0.0025442 0.001304 0.0318568 -0.0040062 0.0023499 0.0322883 -0.0059317 0.0042559 0.0348203 -0.0011509 0.0088456 0.0411616 0.0027168 0.0090188 0.0403804 0.0048652 0.0084656 0.0386991 0.0053904 0.0081727 0.038098 0.006075 0.0074269 0.0359943 0.003603 0.0052094 0.0304183 -0.0060798 0.0095379 0.0349577 9.63e-05 0.012843 0.0390573 0.0007232 0.0128527 0.0390909 0.002707 0.012812 0.0383569 0.0059759 8.43e-05 0.0409232 0.0061652 -0.0009266 0.0383926 0.0059801 -0.0012382 0.0376132 0.0056332 -0.0015406 0.0367754 0.0048488 -0.0019285 0.0356184 0.003144 -0.0024083 0.0341915 0.0003211 -0.0024499 0.0333267 -0.0013819 -0.0022852 0.0333288 -0.0052017 -0.000667 0.0354037 -0.0053847 -0.0003061 0.0357459 -0.0056223 -0.0001988 0.0360229 -0.0061203 0.0012529 0.037973 -0.0061581 0.0018773 0.0390812 -0.0059891 0.0023008 0.039655 -0.0055652 0.0029249 0.0404715 -0.0052106 0.0032933 0.0409889 -0.0021463 0.0048444 0.0429484 -0.0006372 0.0051381 0.0432261 0.0022063 0.0052678 0.0426935 0.0034113 0.0051159 0.0419801 0.0045772 0.0047923 0.0410383 0.0056862 0.0041508 0.0392978 0.0060191 0.0038205 0.03869 0.0061681 0.0035353 0.0379751 0.0062276 0.0031279 0.0370211 0.0054687 0.002202 0.0344927 0.0050562 0.0018723 0.0338197 0.004748 0.0018789 0.0335256 0.0014068 0.0011566 0.031446 0.00154 0.0013105 0.0315322 0.0003027 0.0013437 0.0312986 -0.0013143 0.0015441 0.0313151 -0.0026808 0.0017883 0.031619 -0.0045181 0.0028017 0.0327599 -0.0049637 0.0029247 0.033099 -0.0062316 0.0053053 0.0365231 -0.0050778 0.0071873 0.0392245 -0.0026026 0.0085002 0.0407817 -0.000427 0.0089832 0.0411545 0.0051552 0.0082935 0.038485 0.005748 0.0078804 0.0371104 0.0059709 0.0076671 0.036865 0.0061522 0.0073682 0.0361152 0.0061582 0.0067091 0.0344007 0.0057035 0.0060739 0.0328666 0.0048043 0.0057219 0.0315992 0.0046795 0.0055009 0.031348 0.0029893 0.0051534 0.0300546 -0.0011283 0.005249 0.0292418 -0.0020956 0.0054675 0.02942 -0.0050314 0.006941 0.0312218 -0.0057618 0.0076469 0.0322692 -0.0060136 0.0080474 0.0328747 -0.0061562 0.008356 0.0333731 -0.0061985 0.0088564 0.0340249 -0.0059351 0.0099995 0.0358096 -0.0056284 0.0104387 0.0364391 -0.0053778 0.0106852 0.0365817 -0.0046931 0.0112824 0.0375701 -0.003999 0.0116957 0.0381184 -0.0028309 0.0122203 0.0386139 -0.0014522 0.0126002 0.0390445 0.0019728 0.0128281 0.0387992 0.0027756 0.0127721 0.0384367 0.0035549 0.0126273 0.0380041 0.0044803 0.0124112 0.0370981 0.006165 -0.0003493 0.0396295 0.0026217 -0.0024937 0.0339133 -0.0039564 -0.0013895 0.0343066 -0.0059602 0.0003796 0.0367983 -0.0027985 0.004643 0.0427208 0.0011489 0.0052976 0.0430282 0.0061005 0.0029201 0.0362914 0.0034934 0.0014624 0.0323914 -0.0034871 0.0021475 0.0319851 -0.0055016 0.0035498 0.0338461 -0.0061829 0.0050352 0.0359931 -0.0056062 0.0066751 0.0384033 -0.0041545 0.0078342 0.0399607 0.0018199 0.0090783 0.0408182 0.0043847 0.0086452 0.0392942 0.0060045 0.006479 0.0337478 -0.003488 0.0059391 0.0299575 0.0044752 0.0124031 0.0371842 0.0002026 0.0051598 0.0432763 -0.0007044 0.0050536 0.0432922 -0.0016029 0.0048853 0.0431908 -0.0007981 0.0035417 0.0440871 9.44e-05 0.0036533 0.0440844 -0.0021463 0.0048444 0.0429484 -0.0006372 0.0051381 0.0432261 0.0011074 0.0127883 0.0390893 0.000202 0.0127452 0.0392224 -0.0007035 0.0126396 0.0392392 -0.00034 0.0111923 0.0400464 0.0005676 0.0112731 0.0399831 0.0014619 0.0112905 0.0398047 0.0043053 0.0108771 0.0382655 0.0060988 0.0087409 0.0327805 0.0054588 0.0081138 0.031184 0.0020474 0.0071967 0.0284132 0.0024723 0.0075836 0.028395 0.0040163 0.0080351 0.0292374 0.0062395 0.0103013 0.0334744 0.0059685 0.0111473 0.0350581 -0.0020091 0.007541 0.0282146 0.0051529 0.0120211 0.0364359 0.005586 0.0116622 0.0357266 0.0061623 0.0107755 0.0342539 0.0061704 0.0099189 0.032651 0.0059681 0.0095235 0.0318567 0.0055907 0.0092074 0.0310921 0.0051366 0.0088549 0.0304025 0.0046564 0.0084075 0.0297706 0.0039658 0.0082031 0.0292154 0.0032493 0.0079283 0.0287432 0.0016019 0.007568 0.0281087 0.0007185 0.0073833 0.0279692 -0.0001906 0.0073886 0.0279265 0.0046312 0.0076331 0.0301691 0.0061433 0.0095003 0.0349427 -0.0008731 0.0072407 0.02818 -0.0003424 0.0071955 0.0280583 0.0005162 0.0071343 0.0280932 0.0013944 0.0070648 0.0283894 0.0027422 0.007157 0.028924 0.003676 0.0073478 0.029337 0.0058044 0.0083297 0.0319433 0.0061533 0.0088884 0.0335272 0.0055913 0.0099867 0.0364227 0.0054432 0.0102598 0.0368729 0.0049581 0.0104643 0.0375494 0.0038845 0.0107879 0.0385805 0.0023899 0.0110889 0.0394969 0.0015434 0.0111903 0.0398054 9.63e-05 0.012843 0.0390573 0.0007232 0.0128527 0.0390909 -0.0014522 0.0126002 0.0390445 0.0019728 0.0128281 0.0387992 0.0035549 0.0126273 0.0380041 0.0044752 0.0124031 0.0371842 -0.0007035 0.0126396 0.0392392 -0.0024578 0.0122467 0.0389267 -0.0032683 0.0119605 0.0386063 -0.0043233 0.0062097 0.0305054 -0.0049301 0.0051151 0.0318508 -0.004406 0.0099018 0.038695 -0.0012424 0.0110494 0.0399933 -0.0002167 0.0049601 0.0292178 0.0005299 0.0034 0.0300737 -0.0003682 0.0034812 0.0300161 -0.0017073 0.0108507 0.0399422 -0.0024478 0.0106512 0.0397519 -0.0029609 0.0103659 0.0395258 -0.0059634 0.008275 0.0365816 -0.0061384 0.0069128 0.0347336 -0.003945 0.0044393 0.0311128 -0.001774 0.003659 0.0302285 -0.0011798 0.0035027 0.0302363 -0.0049659 0.0094432 0.0381935 -0.005359 0.0090212 0.0376929 -0.0062389 0.0074087 0.0352769 -0.00612 0.0065619 0.0340431 -0.0058126 0.0059669 0.0331793 -0.0030658 0.0040308 0.0307502 -0.0035613 0.0101908 0.0392673 -0.0059053 0.0061412 0.0335701 -0.0051795 0.0052521 0.0323061 0.0008874 0.0032825 0.0302618 -0.0060798 0.0095379 0.0349577 -0.0011283 0.005249 0.0292418 -0.0020956 0.0054675 0.02942 -0.0051434 0.0068613 0.0312718 -0.0057618 0.0076469 0.0322692 -0.0060136 0.0080474 0.0328747 -0.0061562 0.008356 0.0333731 -0.0061985 0.0088564 0.0340249 -0.0059351 0.0099995 0.0358096 -0.0056284 0.0104387 0.0364391 -0.0046931 0.0112824 0.0375701 -0.003999 0.0116957 0.0381184 -0.0028309 0.0122203 0.0386139 -0.0014522 0.0126002 0.0390445 -0.003488 0.0059391 0.0299575 0.0036139 0.0087647 0.040043 0.0028509 0.0088959 0.0404994 0.00116 0.0089963 0.0411053 0.0012812 0.0074997 0.0418779 -0.0002167 0.0049601 0.0292178 0.0006954 0.0048887 0.0292971 0.0052069 0.0056685 0.0320156 0.0049119 0.0068579 0.0396595 0.0005299 0.0034 0.0300737 0.0027128 0.0033907 0.0307909 0.0052621 0.0041327 0.0329847 0.0057078 0.0044379 0.0337805 0.0059973 0.0060071 0.0376537 0.0035763 0.0070694 0.0408386 0.0033338 0.0072242 0.0410464 0.0037919 0.0035974 0.0314218 0.0044944 0.0038035 0.0320248 0.0062214 0.0052564 0.0357735 0.0061731 0.0054617 0.0364709 0.0053966 0.0064991 0.038983 0.0045575 0.0067848 0.0399963 0.0041853 0.0070496 0.0404193 0.002431 0.0072432 0.04148 0.0014395 0.0074268 0.0418604 0.0008874 0.0032825 0.0302618 0.0060893 0.0049019 0.0350412 0.0027168 0.0090188 0.0403804 0.0053904 0.0081727 0.038098 0.003603 0.0052094 0.0304183 0.0051552 0.0082935 0.038485 0.0059709 0.0076671 0.036865 0.0061522 0.0073682 0.0361152 0.0062272 0.0069619 0.0350981 0.0061582 0.0067091 0.0344007 0.0057035 0.0060739 0.0328666 0.0046795 0.0055009 0.031348 0.0029893 0.0051534 0.0300546 0.0016681 0.0049819 0.029492 0.0018199 0.0090783 0.0408182 0.0043847 0.0086452 0.0392942 0.0060045 0.006479 0.0337478 -0.0049301 0.0051151 0.0318508 0.00116 0.0089963 0.0411053 0.0002725 0.0089581 0.0412432 -0.0006259 0.0088582 0.0412689 -0.0039005 0.0078825 0.0402815 -0.0038142 0.0064273 0.0411346 -0.0030622 0.0067497 0.0415249 -0.0013932 0.0072262 0.0419989 -0.0005062 0.0073778 0.0420721 0.0054588 0.0081138 0.031184 -0.0011548 0.0013074 0.0312868 -0.0002564 0.0011727 0.0312438 -0.0006659 -0.0002705 0.0320489 -0.0038059 0.000649 0.0329794 -0.0040609 0.00896 0.0305568 -0.0023476 0.0081216 0.029408 -0.0009374 0.0077235 0.0290802 0.0012926 0.0074998 0.0292942 0.0019964 0.0075269 0.0295512 0.0038129 0.0078735 0.0308312 0.0049139 0.0085245 0.032684 0.0051401 0.0090437 0.0340745 0.0049349 0.0095646 0.0354724 0.0043146 0.0100282 0.0367635 0.0027311 0.0105015 0.0382828 0.0013635 0.0106083 0.0389097 -0.0001148 0.0105197 0.039167 -0.0008622 0.0103973 0.0391528 -0.002277 0.0100081 0.0388444 -0.0035101 0.0094308 0.0381922 -0.0047769 0.008303 0.0367172 -0.0050074 0.0078819 0.0361386 -0.0051513 0.0070062 0.0349226 -0.0048645 0.0061435 0.0337273 -0.0036843 0.0049872 0.032198 -0.0024981 0.0043881 0.0314957 -0.0003636 0.0038302 0.0310794 0.0003881 0.0037429 0.0311292 0.0025177 0.0037865 0.0318383 0.0036993 0.0040416 0.0327369 0.0045689 0.004438 0.0338997 0.005054 0.0049274 0.0352342 0.0049834 0.005714 0.0373426 0.00441 0.0061868 0.0386488 0.0034663 0.0065548 0.0397604 0.0022284 0.006772 0.0405929 0.0008092 0.0068068 0.0410788 -0.0014173 0.0064785 0.041104 -0.0027774 0.0060133 0.040658 -0.0039029 0.0053788 0.0398922 -0.0047054 0.0046064 0.0388737 -0.0051101 0.0037583 0.0377051 -0.0050876 0.0028751 0.0364794 -0.0046401 0.0020338 0.0353219 -0.0037995 0.0012735 0.0343242 -0.0019742 0.0004095 0.0333376 -0.0012663 0.0002124 0.0331769 -0.0005333 6.51e-05 0.0331083 0.0009629 -8.11e-05 0.0332593 0.0023679 -2.44e-05 0.0337811 0.0035813 0.0002116 0.0346459 0.0044897 0.0005939 0.0357802 0.0050225 0.0010754 0.0371018 0.0050265 0.0018625 0.0392108 0.0040887 0.002551 0.0411338 0.0030254 0.0028661 0.0421425 0.0016991 0.0030152 0.0428507 0.0002398 0.0029741 0.0431941 -0.0012482 0.0027268 0.0431591 -0.0026258 0.0022846 0.0427541 -0.0037274 0.0017054 0.0420703 0.0008845 0.0110165 0.0398483 -0.0001674 0.0109401 0.039962 -0.0012191 0.0107763 0.0399132 -0.0002353 0.0071393 0.0419905 0.0002298 0.0033937 0.0439921 -0.0034216 0.0079693 0.0288307 -0.0044284 0.0020207 0.0426443 -0.0046035 0.0021129 0.0425939 -0.0043699 0.0058677 0.0406849 0.0046312 0.0076331 0.0301691 0.0058797 0.0084464 0.0325349 0.0061433 0.0095003 0.0349427 -0.0017073 0.0108507 0.0399422 -0.0024478 0.0106512 0.0397519 -0.0029609 0.0103659 0.0395258 -0.0059634 0.008275 0.0365816 -0.0061384 0.0069128 0.0347336 -0.003945 0.0044393 0.0311128 -0.001774 0.003659 0.0302285 -0.0011798 0.0035027 0.0302363 0.0027128 0.0033907 0.0307909 0.0052621 0.0041327 0.0329847 0.0057078 0.0044379 0.0337805 0.0059973 0.0060071 0.0376537 0.0058357 0.0059597 0.0378487 0.0035763 0.0070694 0.0408386 0.0009134 0.0072713 0.0419298 -0.0057658 0.0021585 0.0353657 -0.0011979 -0.0002555 0.0321612 0.0007311 -0.0004771 0.0321978 0.0033929 -0.0002814 0.0331715 0.006121 0.0012561 0.037531 0.0059424 0.0022511 0.0398383 0.0022947 0.0035671 0.0436042 0.0013805 0.0036081 0.0439041 0.0010129 0.0035027 0.0439542 -0.0027671 0.0077174 0.0285402 -0.0008731 0.0072407 0.02818 -0.0003424 0.0071955 0.0280583 0.0005162 0.0071343 0.0280932 0.0013944 0.0070648 0.0283894 0.0027422 0.007157 0.028924 0.003676 0.0073478 0.029337 0.0058044 0.0083297 0.0319433 0.0061533 0.0088884 0.0335272 0.0055913 0.0099867 0.0364227 0.0054432 0.0102598 0.0368729 0.0049581 0.0104643 0.0375494 0.0038845 0.0107879 0.0385805 0.0023899 0.0110889 0.0394969 0.0015434 0.0111903 0.0398054 0.0010336 0.0110666 0.0398789 0.0009368 0.0110858 0.0399144 -0.004744 0.0094425 0.0383498 -0.005359 0.0090212 0.0376929 -0.0059733 0.0079554 0.0362679 -0.0030658 0.0040308 0.0307502 0.002823 0.0033747 0.0309902 0.0037919 0.0035974 0.0314218 0.0044944 0.0038035 0.0320248 0.0056433 0.0043891 0.0338564 0.0062214 0.0052564 0.0357735 0.0061731 0.0054617 0.0364709 0.0053966 0.0064991 0.038983 0.0045575 0.0067848 0.0399963 0.002431 0.0072432 0.04148 -0.0009149 0.0070885 0.0420291 -0.002533 0.006774 0.0417393 -0.0044032 0.0060332 0.0407394 -0.0055842 0.0050657 0.0394026 -0.0058613 0.0046532 0.0388546 -0.006112 0.0041901 0.0381405 -0.0062376 0.0035816 0.0372531 -0.0061196 0.0031894 0.0368811 -0.0060481 0.0026035 0.0358712 -0.0057419 0.0020798 0.0350699 -0.0049257 0.0012692 0.0339307 -0.0045501 0.0009876 0.0337306 -0.0032737 0.0003273 0.0329057 -0.0023966 1.48e-05 0.0324685 0.0002464 -0.0004318 0.0321169 0.0054009 0.0004335 0.0351912 0.0058298 0.0007539 0.0360847 0.006207 0.001798 0.0386358 0.0058361 0.0022913 0.0400618 0.005299 0.0027041 0.0411321 0.0038078 0.0032762 0.0427335 -0.0008208 0.0033113 0.0440623 -0.0012156 0.0032404 0.044025 -0.0026909 0.0029289 0.0437093 -0.0034277 0.0027353 0.0433976 -0.0035613 0.0101908 0.0392673 -0.0059053 0.0061412 0.0335701 -0.0051795 0.0052521 0.0323061 0.0008874 0.0032825 0.0302618 0.0045228 0.0037758 0.032215 0.0060893 0.0049019 0.0350412 -0.0015017 0.0070617 0.0420002 -0.0051961 0.0053337 0.0399057 0.001501 -0.000513 0.0324274 0.0023394 -0.0004678 0.0327153 0.0043701 -6.39e-05 0.0340009 0.0048217 0.0001078 0.0344773 -0.0040062 0.0023499 0.0322883 -0.0011509 0.0088456 0.0411616 -0.0049637 0.0029247 0.033099 -0.0060189 0.0041601 0.0348544 -0.0062316 0.0053053 0.0365231 -0.0050778 0.0071873 0.0392245 -0.0026026 0.0085002 0.0407817 -0.000427 0.0089832 0.0411545 -0.0034871 0.0021475 0.0319851 -0.0061829 0.0050352 0.0359931 -0.0056062 0.0066751 0.0384033 -0.0041545 0.0078342 0.0399607 0.0018199 0.0090783 0.0408182 0.0015702 0.0110401 0.0344403 0.0019452 0.0106599 0.0337282 0.0019328 0.0102404 0.0329432 0.0015355 0.0098648 0.0322409 0.0005522 0.0095575 0.0316675 -0.0003362 0.0095314 0.0316201 -0.0011602 0.0096895 0.0319173 0.0062395 0.0103013 0.0334744 0.0059685 0.0111473 0.0350581 0.0006806 0.0076293 0.0280592 -0.0040609 0.00896 0.0305568 -0.0047943 0.0095597 0.0316804 -0.0051378 0.0102321 0.0329391 -0.005065 0.0109231 0.034232 -0.0045815 0.0115766 0.0354541 -0.0037257 0.01214 0.0365069 -0.0025668 0.012567 0.0373041 -0.0004756 0.0128786 0.0378838 0.0017029 0.0127516 0.0376426 0.0030031 0.0124318 0.0370421 -0.0017564 0.0100006 0.0325004 -0.0020069 0.010403 0.0332537 -0.0015568 0.0110585 0.0344798 -0.0011142 0.0112471 0.0348319 -0.0002812 0.0113955 0.0351082 0.0003149 0.0113919 0.0351006 0.0011389 0.0112338 0.0348034 -0.0034216 0.0079693 0.0288307 -0.0020091 0.007541 0.0282146 0.0051529 0.0120211 0.0364359 0.005586 0.0116622 0.0357266 0.0061623 0.0107755 0.0342539 0.0060469 0.0108852 0.0341755 0.0061704 0.0099189 0.032651 0.0059681 0.0095235 0.0318567 0.0055907 0.0092074 0.0310921 0.0051366 0.0088549 0.0304025 0.0039658 0.0082031 0.0292154 0.0032493 0.0079283 0.0287432 0.0024232 0.0077998 0.0284078 0.0016019 0.007568 0.0281087 -0.000188 0.0075403 0.0279511 0.0044803 0.0124112 0.0370981 -0.0040609 0.00896 0.0305568 -0.0047943 0.0095597 0.0316804 -0.0051378 0.0102321 0.0329391 -0.005065 0.0109231 0.034232 -0.0045815 0.0115766 0.0354541 -0.0037257 0.01214 0.0365069 -0.0025668 0.012567 0.0373041 -0.0004756 0.0128786 0.0378838 0.0017029 0.0127516 0.0376426 0.0030031 0.0124318 0.0370421 -0.0037265 0.0006691 0.0426241 -0.0025727 0.0010971 0.0434231 -0.0012104 0.0013545 0.0439026 0.0009821 0.0013793 0.0439454 0.0016938 0.0012893 0.0437758 0.0032685 0.0008737 0.0429955 0.0026747 0.012362 0.0373271 0.0013122 0.0124608 0.037935 -0.0001563 0.0123666 0.0381789 -0.0016121 0.0120727 0.0380485 -0.0022978 0.0118533 0.0378477 -0.0035183 0.011279 0.0371976 -0.004775 0.0101603 0.0357344 -0.0050053 0.0097428 0.035161 -0.0050683 0.0084387 0.0333507 -0.0045881 0.0076095 0.0322129 -0.0031796 0.0065479 0.030851 -0.0011845 0.0058368 0.0301472 0.0002911 0.0056033 0.0301277 0.0017373 0.005571 0.0304808 0.00361 0.0058662 0.0316613 0.0048134 0.0064798 0.0334368 0.0051286 0.0069867 0.0347988 0.0050207 0.0075086 0.0361985 0.0040923 0.008192 0.0381067 0.0030416 0.0085064 0.0391107 0.0010208 0.0086659 0.0400414 0.0002857 0.0086235 0.0401721 -0.001895 0.0081961 0.0400032 -0.0025654 0.0079561 0.0397664 -0.0037308 0.007351 0.0390551 -0.0045885 0.0066075 0.0380846 -0.0050668 0.0057759 0.0369452 -0.0051284 0.0049016 0.0357315 -0.0047683 0.0040557 0.0345624 -0.0040109 0.0032779 0.0335292 -0.0029297 0.0026342 0.032737 -0.0015986 0.0021491 0.0322502 -0.0008837 0.0019809 0.0321391 0.0006003 0.0017874 0.0321975 0.0020245 0.0017959 0.0326251 0.002686 0.0018696 0.0329737 0.0042773 0.0023316 0.0344616 0.0049154 0.0027879 0.0357371 0.0051448 0.0033025 0.0371154 0.0046979 0.0040609 0.0391616 0.0039032 0.0044756 0.0403626 0.0033847 0.0046366 0.0408698 0.001444 0.0048745 0.0419495 -1.81e-05 0.0047984 0.0422256 -0.0014817 0.0045211 0.0421281 -0.0021728 0.0043108 0.0419428 -0.0034151 0.0037507 0.0413201 -0.0043685 0.0030472 0.04042 -0.0049657 0.002232 0.039317 -0.0051516 0.0013675 0.0381167 -0.0049133 0.0005062 0.0369224 -0.0046402 9.56e-05 0.0363617 -0.0038087 -0.0006594 0.0353706 -0.0026686 -0.0012729 0.034636 -0.0020045 -0.0015205 0.0343842 0.0001662 -0.0019689 0.0341675 0.0016209 -0.0020189 0.0344885 0.0023057 -0.0019716 0.0347848 0.0035229 -0.0017462 0.0356271 0.0044435 -0.0013744 0.0367372 0.0049998 -0.0009017 0.0380403 0.0051427 -0.0003815 0.0394326 0.0045679 0.0003623 0.0414512 -0.0023476 0.0081216 0.029408 -0.0009374 0.0077235 0.0290802 0.0012926 0.0074998 0.0292942 0.0019964 0.0075269 0.0295512 0.0038129 0.0078735 0.0308312 0.0049139 0.0085245 0.032684 0.0051401 0.0090437 0.0340745 0.0049349 0.0095646 0.0354724 0.0043146 0.0100282 0.0367635 0.0027311 0.0105015 0.0382828 0.0013635 0.0106083 0.0389097 -0.0001148 0.0105197 0.039167 -0.0008622 0.0103973 0.0391528 -0.002277 0.0100081 0.0388444 -0.0035101 0.0094308 0.0381922 -0.0047769 0.008303 0.0367172 -0.0050074 0.0078819 0.0361386 -0.0051513 0.0070062 0.0349226 -0.0048645 0.0061435 0.0337273 -0.0036843 0.0049872 0.032198 -0.0024981 0.0043881 0.0314957 -0.0003636 0.0038302 0.0310794 0.0003881 0.0037429 0.0311292 0.0025177 0.0037865 0.0318383 0.0036993 0.0040416 0.0327369 0.0045689 0.004438 0.0338997 0.005054 0.0049274 0.0352342 0.0049834 0.005714 0.0373426 0.00441 0.0061868 0.0386488 0.0034663 0.0065548 0.0397604 0.0022284 0.006772 0.0405929 0.0008092 0.0068068 0.0410788 -0.0014173 0.0064785 0.041104 -0.0027774 0.0060133 0.040658 -0.0039029 0.0053788 0.0398922 -0.0047054 0.0046064 0.0388737 -0.0051101 0.0037583 0.0377051 -0.0050876 0.0028751 0.0364794 -0.0046401 0.0020338 0.0353219 -0.0037995 0.0012735 0.0343242 -0.0019742 0.0004095 0.0333376 -0.0012663 0.0002124 0.0331769 -0.0005333 6.51e-05 0.0331083 0.0009629 -8.11e-05 0.0332593 0.0023679 -2.44e-05 0.0337811 0.0035813 0.0002116 0.0346459 0.0044897 0.0005939 0.0357802 0.0050225 0.0010754 0.0371018 0.0050265 0.0018625 0.0392108 0.0040887 0.002551 0.0411338 0.0030254 0.0028661 0.0421425 0.0016991 0.0030152 0.0428507 0.0002398 0.0029741 0.0431941 -0.0012482 0.0027268 0.0431591 -0.0026258 0.0022846 0.0427541 -0.0037274 0.0017054 0.0420703 -0.0037265 0.0006691 0.0426241 -0.0037274 0.0017054 0.0420703 -0.0044284 0.0020207 0.0426443 -0.0045625 0.0010624 0.0431719 0.0024723 0.0075836 0.028395 0.0032493 0.0079283 0.0287432 0.0024232 0.0077998 0.0284078 0.0016019 0.007568 0.0281087 0.0006806 0.0076293 0.0280592 -0.0020091 0.007541 0.0282146 0.0016019 0.007568 0.0281087 0.0007185 0.0073833 0.0279692 -0.0001906 0.0073886 0.0279265 -0.000188 0.0075403 0.0279511 0.0002434 -0.0003728 0.0320694 -0.0006659 -0.0002705 0.0320489 -0.0011979 -0.0002555 0.0321612 0.0002464 -0.0004318 0.0321169 0.006121 0.0012561 0.037531 0.0058298 0.0007539 0.0360847 0.0061876 0.0013049 0.0374028 0.006207 0.001798 0.0386358 0.0060988 0.0087409 0.0327805 0.0058797 0.0084464 0.0325349 0.0058044 0.0083297 0.0319433 0.0061533 0.0088884 0.0335272 -0.0012191 0.0107763 0.0399132 -0.0017073 0.0108507 0.0399422 -0.001226 0.0108246 0.0399711 -0.0014032 0.010811 0.0399627 -0.004406 0.0099018 0.038695 -0.004744 0.0094425 0.0383498 -0.0049659 0.0094432 0.0381935 -0.005359 0.0090212 0.0376929 -0.0035613 0.0101908 0.0392673 -0.0038142 0.0064273 0.0411346 -0.0030622 0.0067497 0.0415249 -0.0043699 0.0058677 0.0406849 -0.002533 0.006774 0.0417393 -0.0044032 0.0060332 0.0407394 -0.0051961 0.0053337 0.0399057 -0.0012804 0.0033564 0.0440646 -0.0012156 0.0032404 0.044025 -0.0015943 0.0033175 0.0440146 -0.0026909 0.0029289 0.0437093 0.0006425 0.0010988 0.0313154 0.0025442 0.001304 0.0318568 0.0014068 0.0011566 0.031446 0.00154 0.0013105 0.0315322 -0.0011548 0.0013074 0.0312868 -0.0002564 0.0011727 0.0312438 0.00154 0.0013105 0.0315322 0.0006058 0.0011725 0.0312879 0.0003027 0.0013437 0.0312986 -0.0013143 0.0015441 0.0313151 -0.0026808 0.0017883 0.031619 0.0038866 -0.0022019 0.0347283 0.0048488 -0.0019285 0.0356184 0.0040508 -0.0022944 0.0348031 0.003144 -0.0024083 0.0341915 -0.0059317 0.0042559 0.0348203 -0.0060189 0.0041601 0.0348544 -0.0055016 0.0035498 0.0338461 -0.0061829 0.0050352 0.0359931 -0.0043233 0.0062097 0.0305054 -0.0050314 0.006941 0.0312218 -0.0051434 0.0068613 0.0312718 -0.0057618 0.0076469 0.0322692 -0.003488 0.0059391 0.0299575 -0.005941 -0.0004673 0.0405011 -0.0061789 -0.0008779 0.0396296 -0.0061574 -0.0003682 0.0403438 -0.0057706 -5.84e-05 0.0412488 -0.0059504 3.14e-05 0.0410912 -0.0054937 0.0003713 0.041966 -0.0060235 -0.0012781 0.0389842 -0.0052411 -0.0024323 0.0368229 -0.004877 -0.0027457 0.0360463 -0.0053924 -0.0023513 0.0366316 -0.005668 -0.0020908 0.0374308 -0.0057641 -0.0020233 0.03735 -0.0059369 -0.0017081 0.0381474 -0.0060471 -0.0016139 0.0380652 -0.006203 -0.0012098 0.0388215 -0.0061789 -0.0008779 0.0396296 -0.0032454 -0.0053826 -0.1071852 -0.0031069 -0.0045455 -0.1068514 -0.0031078 -0.0036782 -0.1066175 -0.0039971 0.0014663 0.0123982 -0.0039944 -0.0011118 0.0117028 -0.0038539 0.0005774 0.0122864 -0.0040014 0.0062419 0.010324 -0.0040003 0.0048843 0.0114884 -0.0038585 0.0056003 0.0109494 0.0030258 0.0046217 -0.1041944 0.0030249 0.0054411 -0.1040976 0.0034414 0.0044513 -0.1042233 0.0030249 0.0054411 -0.1040976 0.0036804 0.0048951 -0.104485 0.0036796 0.005712 -0.1042051 0.0030288 0.0034512 -0.1127341 0.0034441 0.0035419 -0.1127372 -0.0032527 0.0033859 -0.1136342 -0.0034925 0.0262873 0.0375231 -0.0035837 -0.0273075 0.065717 -0.0034392 -0.0271028 0.0660735 -0.0033059 0.0265152 0.0378412 -0.0034392 -0.0271028 0.0660735 -0.0032495 -0.0269049 0.0664087 -0.0030758 0.0267297 0.038139 -0.0032495 -0.0269049 0.0664087 -0.0030158 -0.0267157 0.0667211 -0.002823 0.0269166 0.038397 -0.0030158 -0.0267157 0.0667211 -0.0027401 -0.0265376 0.0670082 -0.0025603 0.0270749 0.0386145 -0.0027401 -0.0265376 0.0670082 -0.0024296 -0.0263761 0.0672632 0.005557 -0.008636 0.0630714 0.0055243 0.0290997 0.0429055 0.0020016 -0.0086395 0.0630706 -0.0055866 0.0290887 0.0429031 -0.0055539 -0.008647 0.0630689 -0.0019984 -0.0086435 0.0630697 0.0026401 0.0270019 0.0385083 0.0023983 -0.0263408 0.0673121 0.0027146 -0.026497 0.0670655 0.0029222 0.0268127 0.0382469 0.0027146 -0.026497 0.0670655 0.0029939 -0.0266682 0.0667901 0.0031676 0.026605 0.0379588 0.0029939 -0.0266682 0.0667901 0.0032361 -0.0268533 0.0664855 0.0033705 0.026384 0.0376504 0.0032361 -0.0268533 0.0664855 0.0034357 -0.0270477 0.0661578 0.0035287 0.0261526 0.0373261 0.0034357 -0.0270477 0.0661578 0.00359 -0.0272478 0.0658114 -0.003102 -0.0084583 -0.1114134 0.0034553 -0.0082965 -0.1105176 0.0031822 -0.008221 -0.110544 -0.003103 -0.0078694 -0.1097215 0.0030387 -0.0073785 -0.1089647 0.0034541 -0.0074508 -0.1089111 -0.0031044 -0.0068079 -0.1082782 0.0034526 -0.0061693 -0.1076253 0.0031795 -0.0061218 -0.1076898 -0.0031137 0.0034202 -0.1118382 0.0030288 0.0034512 -0.1127341 0.0034441 0.0035419 -0.1127372 0.0039919 0.0020815 0.0132521 0.0039179 -0.0007273 0.0125299 0.0039959 -0.0017155 0.0123463 0.0030303 -0.0006288 -0.1014422 0.003028 0.001975 -0.1024028 0.0031714 0.0007001 -0.1018496 0.002998 0.0072814 0.0086249 0.0029985 0.0064633 0.0100625 0.0033134 0.0059495 0.0107194 -0.003091 0.0051923 -0.1036218 -0.003317 0.0056427 -0.1034471 -0.0036716 0.0058468 -0.1034545 -0.0029687 -0.0019064 -0.100222 -0.0031215 -0.0076304 -0.1016316 -0.0029789 -0.0104598 -0.1028656 -0.003973 0.0031584 -0.103123 -0.0039745 0.0048819 -0.1042422 -0.0036932 0.0044023 -0.1040523 -0.0032086 0.0045582 -0.1037756 -0.0031299 0.0008564 -0.1014105 -0.0033184 0.0032983 -0.1029222 -0.0029687 -0.0019064 -0.100222 -0.0030655 0.0053339 -0.1032494 -0.0031299 0.0008564 -0.1014105 -0.0039587 -0.0114522 -0.1026153 -0.0039589 -0.0111352 -0.1034027 -0.0037666 -0.0113704 -0.1030209 -0.0038785 0.0021119 -0.1171695 -0.0038083 0.000476 -0.118227 -0.0038063 -0.0013403 -0.1188659 -0.0039593 -0.0091629 -0.1102202 -0.0038002 -0.009007 -0.1122904 -0.0039483 -0.0088328 -0.115274 -0.0039985 0.0105467 0.0094293 -0.0039161 0.0113604 0.0117845 -0.0039971 0.0123778 0.0148109 -0.0033989 0.0113453 0.0091332 -0.0035067 0.0114185 0.0102402 -0.0036903 0.0091414 -0.1129422 -0.0040712 0.0004728 0.0837243 -0.0038477 0.0003595 0.0840299 -0.0035186 0.0002606 0.084225 -0.0036967 -0.0071517 0.0169437 -0.0033575 -0.007343 0.0168041 -0.0039197 -0.0068494 0.0171174 0.0038752 0.0110164 0.010116 0.0039434 0.0110281 0.0108773 0.0040017 0.0086563 -0.1129275 0.0051518 -0.0255281 0.0684002 0.005205 -0.0261017 0.0675576 0.0052352 -0.0277796 0.0647503 0.0040893 -0.0098287 0.0811378 0.0044288 -0.014252 0.0787873 0.0042388 -0.0112833 0.0804152 0.004859 -0.0225835 0.0720923 0.0052134 -0.0226074 0.0717394 0.005474 -0.0227472 0.0710752 0.0039405 -0.0059183 0.009902 0.0038826 -0.0060765 0.0120484 0.0039398 -0.0062664 0.0146629 0.004034 -0.0081056 0.0213373 0.0039398 -0.0062664 0.0146629 0.0039398 -0.0067328 0.0167344 0.003748 -0.0023853 0.0512033 0.0037087 -0.0021218 0.0516964 0.0037197 0.0302473 0.0337645 -0.0037519 -0.0023739 0.0512369 -0.0037074 -0.0021105 0.0517296 -0.0037357 0.0305221 0.0342908 -0.0037519 -0.0023739 0.0512369 -0.0037419 0.0299983 0.0333107 -0.0037126 -0.0026374 0.0507438 -0.0036226 0.0297435 0.0328336 -0.0035905 -0.0028951 0.0502613 -0.0037126 -0.0026374 0.0507438 0.0035519 0.0297325 0.0328015 0.0037035 -0.0026487 0.0507105 0.0035762 -0.002906 0.0502292 0.003748 -0.0023853 0.0512033 0.0036762 0.029987 0.0332775 0.0037035 -0.0026487 0.0507105 -0.0012163 0.0022529 0.0447196 -0.0009058 0.0022376 0.0446246 -0.0010518 0.0040949 0.043676 -0.0009058 0.0022376 0.0446246 -0.0005913 0.0022368 0.0445529 -0.00074 0.0040876 0.0435937 -0.0005913 0.0022368 0.0445529 -0.0002729 0.00225 0.0445047 -0.0004225 0.0040944 0.0435344 -0.0002729 0.00225 0.0445047 4.93e-05 0.0022765 0.0444805 -0.000101 0.0041148 0.0434989 4.93e-05 0.0022765 0.0444805 0.000371 0.002316 0.0444806 0.0002213 0.0041483 0.0434877 0.000371 0.002316 0.0444806 0.0006889 0.0023676 0.0445053 0.00054 0.0041942 0.0435009 0.0006889 0.0023676 0.0445053 0.0010015 0.0024305 0.0445545 0.0008551 0.004252 0.0435387 0.0010015 0.0024305 0.0445545 0.0013085 0.0025043 0.0446289 0.0011664 0.0043212 0.0436017 -0.0012228 0.0098377 0.0406663 -0.0009124 0.0098224 0.0405712 -0.0010584 0.0116798 0.0396226 -0.0009124 0.0098224 0.0405712 -0.0005978 0.0098217 0.0404996 -0.0007465 0.0116724 0.0395404 -0.0005978 0.0098217 0.0404996 -0.0002795 0.0098349 0.0404514 -0.0004291 0.0116792 0.0394811 -0.0002795 0.0098349 0.0404514 4.28e-05 0.0098614 0.0404271 -0.0001076 0.0116997 0.0394455 4.28e-05 0.0098614 0.0404271 0.0003644 0.0099009 0.0404273 0.0002147 0.0117331 0.0394343 0.0003644 0.0099009 0.0404273 0.0006823 0.0099525 0.0404519 0.0005334 0.0117791 0.0394475 0.0006823 0.0099525 0.0404519 0.0009949 0.0100154 0.0405012 0.0008485 0.0118369 0.0394854 0.0009949 0.0100154 0.0405012 0.0013019 0.0100892 0.0405756 0.0011598 0.011906 0.0395484 -0.003035 0.0159901 0.0388768 -0.0031401 0.0142064 0.0400026 -0.0028807 0.0140526 0.0396932 -0.002706 0.0158208 0.038528 -0.0028807 0.0140526 0.0396932 -0.0025853 0.0139194 0.0394115 -0.0024698 0.015728 0.0383254 -0.0025853 0.0139194 0.0394115 -0.0023535 0.0138376 0.0392278 -0.002216 0.0156484 0.0381403 -0.0023535 0.0138376 0.0392278 -0.0020914 0.0137641 0.0390508 -0.001947 0.0155827 0.0379743 -0.0020914 0.0137641 0.0390508 -0.0018152 0.0137048 0.0388933 -0.0016642 0.0155313 0.0378278 -0.0018152 0.0137048 0.0388933 -0.001527 0.0136602 0.0387563 -0.0013678 0.0154944 0.0377012 -0.001527 0.0136602 0.0387563 -0.0012261 0.0136302 0.0386396 -0.0010551 0.0078874 0.0416493 -0.0012195 0.0060453 0.042693 -0.0009091 0.00603 0.0425979 -0.0007433 0.00788 0.041567 -0.0009091 0.00603 0.0425979 -0.0005946 0.0060293 0.0425262 -0.0004258 0.0078868 0.0415078 -0.0005946 0.0060293 0.0425262 -0.0002762 0.0060424 0.0424781 -0.0001043 0.0079072 0.0414722 -0.0002762 0.0060424 0.0424781 4.6e-05 0.0060689 0.0424538 0.000218 0.0079407 0.041461 4.6e-05 0.0060689 0.0424538 0.0003677 0.0061084 0.0424539 0.0005367 0.0079867 0.0414742 0.0003677 0.0061084 0.0424539 0.0006856 0.0061601 0.0424786 0.0008518 0.0080445 0.0415121 0.0006856 0.0061601 0.0424786 0.0009982 0.006223 0.0425279 0.0011631 0.0081136 0.041575 0.0009982 0.006223 0.0425279 0.0013052 0.0062968 0.0426023 0.0020212 0.0148236 0.0505222 0.0020437 0.0122991 0.0564066 0.002025 0.0104138 0.0528788 -0.0019562 0.0123052 0.0564245 -0.0019749 0.0104199 0.0528967 -0.0019787 0.0148298 0.0505401 0.0034466 0.0207536 0.0722249 0.0035067 0.0213977 0.0716619 0.0035274 0.0217824 0.0713054 -0.0034172 0.0251727 0.0670187 -0.0037471 0.0245147 0.0676848 -0.0039193 0.0241637 0.0678207 0.0051961 -0.0024603 0.0367536 0.0059252 -0.0017849 0.0379127 0.0048164 -0.0027618 0.0359454 0.0059252 -0.0017849 0.0379127 0.0057773 -0.0019861 0.0373353 0.0048164 -0.0027618 0.0359454 -0.0001992 -0.0037719 0.0338838 -8.53e-05 -0.0038656 0.0341292 -8.73e-05 -0.0038567 0.0339666 0.0011091 0.0052033 0.0431436 0.0002026 0.0051598 0.0432763 0.0009788 0.0037039 0.0439703 0.00116 0.0089963 0.0411053 0.0002725 0.0089581 0.0412432 0.0003887 0.0074694 0.0420318 0.0051529 0.0120211 0.0364359 0.0044803 0.0124112 0.0370981 0.0044752 0.0124031 0.0371842 -0.0034216 0.0079693 0.0288307 -0.0020091 0.007541 0.0282146 -0.0027671 0.0077174 0.0285402 -0.0020091 0.007541 0.0282146 -0.0027671 0.0077174 0.0285402 -0.0008731 0.0072407 0.02818 0.0009134 0.0072713 0.0419298 0.002431 0.0072432 0.04148 0.0014395 0.0074268 0.0418604 0.0007311 -0.0004771 0.0321978 0.001501 -0.000513 0.0324274 0.0023394 -0.0004678 0.0327153 0.0043119 0.0032922 0.0423188 0.005299 0.0027041 0.0411321 0.0038078 0.0032762 0.0427335 -0.0059634 0.008275 0.0365816 -0.0061384 0.0069128 0.0347336 -0.0059733 0.0079554 0.0362679 -0.0059634 0.008275 0.0365816 -0.0061384 0.0069128 0.0347336 -0.0062389 0.0074087 0.0352769 0.0043119 0.0032922 0.0423188 0.005299 0.0027041 0.0411321 0.0049178 0.00299 0.041697 0.0043053 0.0108771 0.0382655 0.0049581 0.0104643 0.0375494 0.0038845 0.0107879 0.0385805 -0.0049637 0.0029247 0.033099 -0.0060189 0.0041601 0.0348544 -0.0055016 0.0035498 0.0338461 0.0036139 0.0087647 0.040043 0.0051552 0.0082935 0.038485 0.0043847 0.0086452 0.0392942 0.0019728 0.0128281 0.0387992 0.0027756 0.0127721 0.0384367 0.0035549 0.0126273 0.0380041 0.0054687 0.002202 0.0344927 0.0050562 0.0018723 0.0338197 0.004748 0.0018789 0.0335256 0.0006425 0.0010988 0.0313154 0.00154 0.0013105 0.0315322 0.0006058 0.0011725 0.0312879 -0.0011548 0.0013074 0.0312868 -0.0026808 0.0017883 0.031619 -0.0034871 0.0021475 0.0319851 0.0006954 0.0048887 0.0292971 0.0029893 0.0051534 0.0300546 0.0016681 0.0049819 0.029492 0.0006954 0.0048887 0.0292971 0.0006431 0.004963 0.0292671 -0.0011283 0.005249 0.0292418 0.0011091 0.0052033 0.0431436 0.0002026 0.0051598 0.0432763 -0.0006372 0.0051381 0.0432261 0.0061522 0.0073682 0.0361152 0.0062272 0.0069619 0.0350981 0.0061582 0.0067091 0.0344007 -0.0002167 0.0049601 0.0292178 0.0006431 0.004963 0.0292671 -0.0011283 0.005249 0.0292418 -0.0044284 0.0020207 0.0426443 -0.0046035 0.0021129 0.0425939 -0.0045625 0.0010624 0.0431719 -0.0045625 0.0010624 0.0431719 -0.0054937 0.0003713 0.041966 -0.0050825 0.0008202 0.0426184</float_array>
          <technique_common>
            <accessor count="3074" source="#g0_chrome-pos-array" stride="3">
              <param type="float" name="X"/>
              <param type="float" name="Y"/>
              <param type="float" name="Z"/>
            </accessor>
          </technique_common>
        </source>
        <source id="g0_chrome-nrm">
          <float_array count="9222" id="g0_chrome-nrm-array">-0.99516 -0.09582 -0.02161 -0.98591 0.15701 -0.05768 -0.84736 -0.531 -0.00507 -0.66769 -0.74273 -0.05032 -0.18954 -0.9818 0.01189 -0.09796 -0.96136 -0.25727 -0.76353 0.64548 -0.01926 -0.12384 0.99162 -0.03681 -0.44905 0.87696 -0.17116 -0.18235 0.96699 -0.17796 -0.70499 0.66891 -0.23571 -0.21235 0.92448 -0.31662 -0.11627 0.86858 -0.48172 -0.77882 0.52014 -0.35057 -0.5647 0.71657 -0.40945 -0.97374 0.16497 -0.15688 -0.1743 0.79874 -0.57588 -0.22718 0.68616 -0.69107 -0.56804 0.45818 -0.68367 -0.99334 0.05755 -0.09978 -0.20571 0.58261 -0.78629 -0.27859 0.45404 -0.84631 -0.73679 0.17475 -0.65315 -0.00236 0.32023 -0.94734 -0.56969 0.15271 -0.80755 -0.23812 0.19089 -0.95229 -0.13806 -0.04286 -0.9895 -0.98924 -0.01614 -0.14542 -0.17887 0.03824 -0.98313 -0.12079 -0.10962 -0.98661 -0.72671 -0.22241 -0.64995 -0.52156 -0.20428 -0.8284 -0.17859 -0.25324 -0.95078 -0.15207 -0.38596 -0.90989 -0.56612 -0.40635 -0.71721 -0.96727 -0.1654 -0.19244 -0.21437 -0.5182 -0.82796 -0.1753 -0.64103 -0.74723 -0.56692 -0.65021 -0.50579 -0.21257 -0.73916 -0.6391 -0.11068 -0.85409 -0.50821 -0.82049 -0.49522 -0.28558 -0.0153 -0.91315 -0.40733 -0.39073 -0.89018 -0.23434 0.07395 -0.99341 -0.08759 -0.99988 -0.01562 0.00065 -1 0.00127 -7e-05 -1 0.0009 0.00066 -1 0.00105 0.00193 -0.99986 0.0059 0.01539 -0.99996 0.0032 0.00882 -1 -0.00044 0.00308 -1 -0.00084 0.00216 -1 -0.00099 -0.00022 -1 -0.00099 -0.00022 -0.9998 -0.01982 0.00166 -0.99945 -0.03308 0.00333 0.9957 -0.0733 -0.05673 0.83037 0.55721 -0.0017 0.53412 0.84514 -0.02125 0.16994 0.98344 -0.06301 -0.00067 -0.99983 0.01853 0.12705 -0.96322 -0.23676 0.12911 -0.39525 -0.90946 0.08604 0.73138 -0.67652 0.80503 -0.59272 0.02477 0.39259 -0.91869 0.04344 0.99158 -0.12714 -0.02475 0.68161 -0.72012 -0.12972 0.41222 -0.88963 -0.19654 0.81787 -0.53244 -0.21818 0.47155 -0.80232 -0.36596 0.15122 -0.9026 -0.40305 -0.01159 -0.84431 -0.53573 0.98585 -0.12118 -0.11579 0.14064 -0.75191 -0.64409 0.84385 -0.40247 -0.35487 0.55522 -0.61491 -0.56002 0.17218 -0.63889 -0.74978 0.21313 -0.50547 -0.83611 0.52199 -0.34579 -0.77971 0.61985 -0.25845 -0.74094 0.99243 -0.01634 -0.12174 0.49905 -0.21536 -0.83938 0.15037 -0.24737 -0.95718 0.46492 -0.05084 -0.88389 0.17593 -0.11309 -0.97788 0.1213 0.03888 -0.99185 0.77707 0.10036 -0.62137 0.49875 0.16235 -0.85141 0.97977 0.06221 -0.19021 0.17908 0.18469 -0.96634 0.1521 0.31977 -0.93521 0.6552 0.37501 -0.65581 0.20736 0.46707 -0.85956 0.98926 0.10952 -0.09676 -0.00199 0.67208 -0.74048 0.13647 0.53402 -0.83439 0.6279 0.65693 -0.41734 0.4494 0.70846 -0.54417 0.6099 0.69902 -0.37334 0.74139 0.62313 -0.24911 0.98881 0.14667 -0.02719 0.43197 0.86379 -0.25935 0.15272 0.90297 -0.40164 0.68017 0.72772 -0.08821 0.28589 0.56982 0.77044 0.50408 -0.55577 0.66108 0.25861 -0.93392 0.24682 0.98208 0.03148 0.18582 0.76421 0.30998 0.56559 0.50407 0.40125 0.76479 0.76381 0.02561 0.64494 0.98554 -0.04996 0.16192 0.73608 -0.4774 0.47987 0.9465 -0.30116 0.11591 0.60371 -0.63244 0.48534 0.40521 -0.78246 0.47282 0.47888 -0.85761 0.18758 -0.12495 -0.87402 0.46955 -0.10596 -0.80109 0.58909 -0.12793 -0.69048 0.71195 0.08562 0.66573 0.74126 0.12534 -0.94349 0.30677 0.00207 0.79704 -0.60392 0.00047 0.83238 -0.5542 -5e-05 0.83065 -0.55679 0.00158 0.82672 -0.56261 -0.01663 0.82759 -0.56108 -0.05262 0.81307 -0.57978 -0.04703 0.81873 -0.57225 -0.04874 0.82422 -0.56417 -0.01389 0.80347 -0.59518 0.0209 0.80248 -0.59632 0.01567 0.80146 -0.59784 0.01204 0.80058 -0.59911 0.00941 0.7998 -0.6002 0.00159 -0.9574 0.28877 -0.00806 -0.94446 0.32853 -0.0262 -0.91992 0.39124 -0.02797 -0.89386 0.44748 -0.02407 -0.87178 0.48931 -0.00964 -0.86277 0.50551 -0.00287 -0.85728 0.51485 0.00019 -0.85196 0.52361 -0.00978 -0.83453 0.55088 -0.0175 -0.82955 0.55815 -0.0096 -0.82283 0.56821 -0.00233 -0.81055 0.58566 0.12718 0.82089 -0.55675 0.11761 0.94097 -0.3174 -0.11546 0.93187 -0.34392 -0.13426 0.88836 -0.43907 -0.12431 0.81797 -0.56167 -0.0153 0.79013 -0.61275 0.00567 0.80036 -0.59949 -0.0045 0.80505 -0.59319 -0.00667 0.80577 -0.59219 -0.00974 0.80658 -0.59104 -0.00092 0.80687 -0.59073 0.03087 0.82171 -0.56907 0.02785 0.81994 -0.57177 0.02672 0.81771 -0.575 0.00461 0.82842 -0.56008 -0.00534 0.8291 -0.55907 -0.00285 0.83022 -0.55743 -0.00163 0.83425 -0.55139 -0.00286 0.83558 -0.54936 -0.00271 0.83465 -0.55077 0.02417 0.7826 -0.62206 -0.13001 -0.12207 0.98397 -0.08448 -0.17541 0.98086 -0.1286 -0.29191 0.94776 -0.09492 -0.39454 0.91396 -0.10027 -0.45706 0.88376 -0.12173 -0.61547 0.77871 -0.12327 -0.72268 0.6801 -0.11707 -0.76771 0.63001 -0.14418 -0.83629 0.529 0.10602 -0.13178 0.98559 0.08766 -0.6959 0.71277 0.10739 -0.62617 0.77226 0.09907 -0.51654 0.85051 0.18963 -0.45243 0.87141 0.12186 -0.40315 0.90699 0.13241 -0.2769 0.95173 0.11252 -0.22054 0.96887 0.12096 -0.89873 -0.42148 0.07709 -0.83713 -0.54154 0.12162 -0.76328 -0.63451 0.13065 -0.74545 -0.65364 0.0933 -0.76727 -0.6345 0.13846 -0.79809 -0.58641 0.09371 -0.83964 -0.535 0.10336 -0.92011 -0.37778 0.15383 -0.96556 -0.20981 0.14679 -0.98597 -0.07953 0.12799 -0.99171 0.01178 0.11731 -0.96934 0.21592 0.1364 -0.92176 0.36297 0.11509 -0.99197 -0.05252 0.11902 -0.98347 -0.13648 -0.10773 -0.95015 0.29258 -0.10613 -0.96559 0.23744 -0.13967 -0.98196 0.12749 -0.1291 -0.99121 0.02881 -0.12736 -0.98892 -0.07626 -0.15299 -0.96844 -0.19675 -0.13007 -0.95285 -0.27416 -0.13919 -0.91522 -0.37815 -0.14909 -0.87764 -0.45554 -0.11727 -0.7762 -0.61948 -0.09145 -0.76722 -0.63483 -0.1238 -0.7866 -0.60492 0.00533 -0.8112 0.58474 0.01626 -0.81494 0.57931 0.02074 -0.82548 0.56405 0.02736 -0.83203 0.55406 0.0353 -0.83732 0.54557 0.04699 -0.84274 0.53627 0.06014 -0.848 0.52657 0.05524 -0.85569 0.51453 0.03567 -0.87194 0.4883 0.02347 -0.89572 0.444 0.01317 -0.9301 0.36708 0.01866 -0.95232 0.30452 0.05348 -0.97811 0.20112 0.01316 -0.78553 0.61869 -0.00088 -0.71629 0.6978 0.00607 -0.99914 0.041 0.00569 -0.99115 0.13259 0.00314 -0.94369 -0.33083 0.00128 -0.46255 0.88659 0.00448 -0.39624 0.91814 -0.00965 -0.34304 0.93927 -0.99506 0.09221 -0.03679 -0.99605 -0.08741 -0.01546 -0.99791 0.03946 0.05125 -0.99617 -0.03862 0.0784 -1 -0.00208 -0.00087 -1 0.00026 -0.00211 -1 -0.00021 -0.00215 -1 -0.00041 -0.00209 -1 -0.00068 -0.00232 -1 -0.00113 -0.0025 -1 -0.00151 -0.00247 -1 -0.00179 -0.00234 -1 -0.00202 -0.00213 -1 -0.00211 -0.002 -0.99985 0.005 -0.01682 -0.99999 0.00141 -0.00351 -0.99993 0.01155 -0.00116 0.998 0.03 0.05565 0.98404 0.17205 -0.04535 0.76819 0.54274 -0.33958 0.23516 0.75145 -0.61646 -0.27846 0.77641 -0.56537 -0.77792 0.53284 -0.33305 -0.98441 0.16812 -0.05167 -0.99803 0.02824 0.05605 0.99855 -0.02651 -0.04679 -0.99683 -0.03664 -0.07065 -0.99601 -0.03927 -0.0801 -0.99967 -0.01227 -0.02274 -0.99835 0.02759 0.05043 0.99914 0.01935 0.03655 0.99845 -0.02286 -0.05077 0.9971 -0.03232 -0.06884 0.99876 0.02423 0.04359 0.99933 -0.01656 -0.03265 0.99681 -0.03734 -0.07059 0.99868 -0.02452 -0.04524 -0.99827 -0.02811 -0.0517 -0.99664 -0.04087 -0.071 -0.99932 -0.01804 -0.03219 -0.99879 0.02259 0.04375 -0.98572 -0.0649 0.15537 -0.9888 -0.1237 -0.0835 -0.98635 -0.12003 -0.11274 -0.98353 -0.17368 -0.05003 -0.99203 0.06017 -0.11075 0.98981 0.01065 0.14201 0.9911 0.13048 0.02636 0.99377 0.07438 -0.08295 0.98992 0.06016 -0.12823 0.98244 -0.1735 -0.06869 0.97926 -0.16467 -0.11802 0.98893 -0.11413 -0.09478 0.98876 -0.11814 -0.0916 0.99247 -0.10436 -0.06412 0.9859 0.01277 0.16686 0.98351 -0.04616 0.17486 0.98275 -0.06737 0.17224 -0.13879 -0.23159 -0.96286 -0.10012 0.15101 -0.98345 0.12813 0.95148 -0.27976 0.09881 0.85235 -0.51356 0.17453 0.14657 -0.97368 -0.87773 -0.03125 0.47814 -0.51816 -0.0737 0.8521 0.48842 -0.06362 0.87029 0.8634 -0.02091 0.50409 0.23102 -0.43761 -0.86898 0.28846 -0.9523 -0.09953 0.33235 -0.86139 -0.38411 0.51236 -0.52545 -0.67926 0.10042 -0.18186 -0.97818 0.33916 0.11919 -0.93315 0.17576 0.34102 -0.92348 0.37432 0.46102 -0.80458 0.30264 0.77474 -0.55514 0.32221 0.89851 -0.2981 0.21147 0.96615 0.14776 0.26229 0.76852 0.58359 0.28693 0.5953 0.75052 -0.00611 -0.54934 0.83557 0.19873 -0.4842 0.85209 0.25638 -0.37274 0.89182 0.34718 -0.13158 0.92852 0.21213 0.22172 0.95176 0.14166 0.46215 0.87542 0.27215 0.54527 0.79285 0.98215 0.18462 0.03591 0.82943 0.55818 -0.02204 0.45623 0.8817 0.12026 0.98758 0.11189 0.11026 0.61416 0.69132 0.38063 0.67031 0.29281 0.68187 0.35577 0.60744 0.71025 0.97375 -0.05393 0.22113 0.75644 -0.3061 0.57801 0.29419 -0.5207 0.80145 0.3987 -0.31944 -0.85965 0.81874 -0.12642 -0.56008 0.98766 0.01036 -0.15629 0.77511 -0.03545 -0.63083 0.4574 -0.12119 -0.88096 0.44688 0.19575 -0.87291 0.82103 0.23777 -0.51901 0.9903 0.06486 -0.1229 0.68395 0.48434 -0.54555 0.9836 0.13411 -0.12059 0.91201 0.2904 -0.28965 0.66599 0.67095 -0.32601 0.56561 0.77336 -0.28636 0.98453 0.17402 -0.02025 0.8183 0.57317 -0.04304 0.54808 0.82921 -0.10965 0.56558 0.46195 0.68317 0.94523 0.17434 0.27593 0.31282 0.43741 0.8431 0.67787 0.3484 0.64739 0.95483 0.14919 0.257 0.35258 0.33689 0.87304 0.56165 0.2387 0.7922 0.84276 0.18064 0.50708 0.49728 0.18027 0.84865 0.59479 0.09437 0.79832 0.9312 0.05688 0.36004 0.47872 -0.06316 0.87569 0.68719 -0.02196 0.72615 0.9484 -0.03761 0.31484 0.36466 -0.21439 0.90612 0.81542 -0.16185 0.55579 0.50192 -0.32144 0.80296 0.96242 -0.06211 0.26438 0.44191 -0.43353 0.78534 0.84929 -0.2545 0.46254 0.47059 -0.47147 -0.74583 0.68133 -0.40178 -0.61186 0.98137 -0.07006 -0.1789 0.96906 -0.24489 -0.03083 0.60843 -0.78849 -0.09001 0.96398 -0.24116 -0.11221 0.63503 -0.70146 -0.32357 0.81078 -0.4454 -0.3798 0.61239 -0.53296 -0.58389 0.03528 0.98938 0.14099 0.13738 0.96598 0.21912 0.71675 0.63741 0.28281 0.24921 0.88702 0.3887 0.6359 0.65424 0.40939 0.97738 0.1559 0.14292 0.24925 0.81919 0.51653 0.15532 0.72551 0.67046 0.56164 0.44754 0.69589 0.99041 0.06894 0.11976 0.92002 0.19176 0.34176 0.21756 0.4989 0.83891 0.17007 0.40776 0.89711 0.66423 0.13349 0.73552 0.55438 0.21455 0.80413 0.17789 0.254 0.95071 0.16803 0.09251 0.98143 0.95641 -0.03884 0.28942 0.1349 -0.02425 0.99056 0.61755 -0.1332 0.77517 0.21466 -0.18295 0.9594 0.13146 -0.34485 0.92941 0.66041 -0.30886 0.68445 0.45543 -0.3686 0.81038 0.97851 -0.11107 0.17371 0.14354 -0.46376 0.87426 0.17123 -0.59907 0.78218 0.9342 -0.27893 0.22242 0.09866 -0.70001 0.70729 0.59741 -0.58508 0.54843 0.18051 -0.79227 0.58286 0.24255 -0.86696 0.43538 0.52296 -0.80536 0.27911 0.96849 -0.24722 0.03012 -0.98512 -0.17034 0.02302 -0.25412 -0.94265 0.2164 0.00371 -0.95311 0.30261 -0.4655 -0.78402 0.41065 -0.98246 -0.15337 0.10603 -0.76395 -0.53106 0.36654 -0.43972 -0.7618 0.47572 -0.80525 -0.38624 0.44987 -0.09881 -0.5982 0.79523 -0.69615 -0.34254 0.63091 -0.54151 -0.41156 0.73306 -0.17879 -0.46134 0.86902 -0.44755 -0.2831 0.84826 -0.17893 -0.32666 0.92805 -0.86291 -0.08152 0.49873 -0.59698 -0.14782 0.78852 -0.20981 -0.18977 0.95915 -0.98334 0.01806 0.18087 -0.11114 -0.02478 0.9935 -0.7657 0.06197 0.64021 -0.28468 0.11176 0.95209 -0.53921 0.21182 0.8151 -0.8195 0.21762 0.53015 -0.99274 0.07208 0.09628 -0.12814 0.37712 0.91726 -0.45808 0.48309 0.74618 -0.17975 0.52188 0.83387 -0.86357 0.38171 0.32946 -0.12237 0.64628 0.75322 -0.57342 0.61665 0.53937 -0.1803 0.74426 0.6431 -0.97834 0.18966 0.08299 -0.03724 0.85968 0.50947 -0.09168 0.89763 0.43111 -0.62025 0.76423 0.17676 -0.21077 0.94543 0.24848 -0.44912 0.88694 0.10785 -0.18004 0.97729 0.11174 -0.95541 0.26267 -0.13488 -0.55567 0.67998 -0.4784 -0.69744 0.59507 -0.39934 -0.93618 0.3055 -0.17388 -0.7293 0.58235 -0.35916 -0.98631 0.16432 -0.014 -0.04068 0.99497 -0.09152 -0.67989 0.7044 -0.20391 -0.52412 0.80993 -0.26327 -0.96941 0.21737 -0.11402 -0.70761 0.59166 -0.38629 -0.95728 0.18248 -0.2243 -0.83888 0.39682 -0.37257 -0.71982 0.68422 -0.11703 -0.61211 0.78686 -0.07858 -0.35944 0.90391 -0.23185 -0.48023 0.82083 -0.30921 -0.75307 0.61099 -0.24408 -0.20627 0.90109 -0.38142 -0.83826 0.47458 -0.26852 -0.56283 0.7282 -0.39108 -0.94723 0.25487 -0.19443 -0.24922 0.84801 -0.46772 -0.9217 0.2967 -0.24989 -0.53853 0.71802 -0.44094 -0.83115 0.42741 -0.35568 -0.67016 0.59504 -0.44363 -0.24572 0.80718 -0.53673 -0.51883 0.69731 -0.49454 -0.79705 0.45529 -0.39677 -0.49482 0.68804 -0.5308 -0.69531 0.63614 -0.33447 -0.24374 0.83622 -0.49124 -0.94018 0.34023 -0.01754 -0.68651 0.72562 -0.04664 -0.28123 0.95799 -0.05633 -0.9334 -0.35871 0.00931 -0.61935 -0.78492 0.01734 -0.21516 -0.97644 0.01664 -0.26742 0.95107 -0.15478 -0.75676 0.64404 -0.11189 -0.26815 0.92647 -0.26411 -0.73469 0.65338 -0.18256 -0.96847 0.24128 -0.06203 -0.1895 0.89938 -0.39395 -0.57114 0.7507 -0.33205 -0.89103 0.41066 -0.19343 -0.18755 0.84124 -0.50709 -0.61381 0.67866 -0.40331 -0.9605 0.23654 -0.14661 -0.2063 0.74517 -0.63416 -0.53685 0.66932 -0.51361 -0.8778 0.37618 -0.29657 -0.23731 0.66348 -0.70956 -0.70121 0.50373 -0.50454 -0.2719 0.59673 -0.75498 -0.56377 0.46419 -0.68315 -0.87448 0.30225 -0.37939 -0.19771 0.503 -0.84137 -0.57462 0.38975 -0.71966 -0.94431 0.16553 -0.28438 -0.20095 0.38854 -0.89925 -0.80475 0.23815 -0.54374 -0.53359 0.28096 -0.79771 -0.24449 0.26143 -0.93374 -0.96449 0.07387 -0.25358 -0.76578 0.13896 -0.62791 -0.4551 0.13383 -0.88032 -0.21529 0.01986 -0.97635 -0.60168 0.02121 -0.79845 -0.9401 -0.0058 -0.34085 -0.262 -0.0925 -0.96062 -0.82103 -0.05367 -0.56836 -0.50388 -0.21139 -0.83751 -0.68639 -0.20107 -0.69888 -0.25292 -0.33029 -0.90936 -0.95944 -0.09295 -0.26614 -0.1881 -0.44932 -0.87334 -0.55033 -0.3797 -0.74362 -0.86281 -0.23894 -0.4455 -0.18636 -0.55458 -0.81099 -0.61623 -0.45309 -0.64418 -0.15834 -0.65624 -0.73775 -0.52564 -0.56164 -0.63896 -0.96318 -0.1632 -0.21364 -0.21001 -0.73624 -0.64331 -0.87881 -0.3417 -0.33307 -0.60899 -0.59785 -0.52126 -0.15831 -0.81606 -0.55586 -0.46924 -0.72979 -0.49722 -0.83353 -0.45962 -0.30656 -0.18584 -0.87159 -0.45364 -0.57516 -0.72639 -0.37623 -0.18781 -0.91996 -0.34408 -0.52488 -0.79723 -0.29819 -0.81183 -0.54473 -0.21023 -0.97739 -0.19658 -0.07791 -0.18622 -0.95682 -0.2232 -0.52613 -0.82819 -0.19311 -0.83636 -0.53564 -0.11659 -0.16254 -0.98289 -0.08665 -0.46448 -0.88232 -0.07601 -0.82155 -0.56659 -0.06354 -0.34748 -0.12176 0.92975 -0.59993 -0.25028 0.7599 -0.94838 -0.11374 0.29604 -0.30439 -0.49046 0.81657 -0.75616 -0.41989 0.50191 -0.25158 -0.77403 0.58101 -0.97983 0.01378 0.19935 -0.67507 -0.08919 0.73234 -0.40653 -0.13978 0.90288 -0.77836 -0.10594 0.61882 -0.924 -0.07062 0.37581 -0.36468 -0.19655 0.91015 -0.79241 -0.12217 0.59763 -0.47185 -0.24253 0.84767 -0.94344 -0.06573 0.32497 -0.91312 -0.12445 0.38822 -0.44116 -0.33463 0.83271 -0.77606 -0.24272 0.58209 -0.38509 -0.4159 0.82385 -0.68737 -0.33157 0.64621 -0.9312 -0.1534 0.33066 -0.2766 -0.51239 0.81299 -0.63445 -0.41117 0.65454 -0.95039 -0.14828 0.27346 -0.37228 -0.53175 0.76069 -0.8996 -0.22718 0.37297 -0.49475 -0.53325 0.6862 -0.28719 -0.64317 0.70983 -0.4946 -0.61334 0.61577 -0.85337 -0.34842 0.38776 -0.89912 -0.30592 0.31303 -0.4996 -0.64542 0.57778 -0.69304 -0.55651 0.45825 -0.49333 -0.71478 0.49569 -0.90222 -0.33246 0.27473 -0.89499 -0.35792 0.26624 -0.2546 -0.86838 0.42556 -0.7295 -0.62796 0.27111 -0.98257 -0.1786 -0.05155 -0.29482 -0.88178 -0.36816 -0.60018 -0.58946 -0.54067 -0.52117 -0.73697 -0.4304 -0.66801 -0.72276 -0.17712 -0.42781 -0.89099 0.15202 -0.72965 -0.62656 -0.27393 -0.71846 -0.62812 -0.2988 -0.94118 -0.30213 -0.1513 -0.62851 -0.69366 -0.35187 -0.32013 -0.8281 -0.46018 -0.66106 -0.57687 -0.47982 -0.8677 -0.41628 -0.27168 -0.32177 -0.79451 -0.51499 -0.82079 -0.46695 -0.32904 -0.56232 -0.67722 -0.47453 -0.87627 -0.37649 -0.30069 -0.92061 -0.29446 -0.25646 -0.38914 -0.68918 -0.61123 -0.66106 -0.52344 -0.53761 -0.36828 -0.69419 -0.61845 -0.83709 -0.41082 -0.36125 -0.63105 -0.57147 -0.52459 -0.30098 -0.70378 -0.64351 -0.84371 -0.38411 -0.37498 -0.48539 -0.67627 -0.55413 -0.85661 -0.3964 -0.33029 -0.36459 -0.75078 -0.55082 -0.87454 -0.37545 -0.30693 -0.72074 -0.56882 -0.3962 -0.30077 -0.79908 -0.52058 -0.91879 -0.31915 -0.23232 -0.84103 -0.4709 -0.26632 -0.53306 -0.77011 -0.3504 -0.91921 -0.35386 -0.17275 -0.84319 -0.49644 -0.20636 -0.47702 -0.83321 -0.27967 -0.4639 -0.8755 -0.13527 -0.88565 -0.45275 -0.10316 -0.47717 -0.87749 -0.04808 -0.85138 -0.5182 -0.08135 -0.46744 -0.88387 0.01672 -0.91872 -0.38999 -0.06218 -0.68208 -0.73109 0.01689 -0.8679 -0.49655 0.01396 -0.83104 -0.55133 0.07355 -0.41816 -0.87024 0.26042 -0.83533 -0.53962 0.10503 -0.66388 -0.69485 0.27649 -0.32059 -0.87364 0.36604 -0.87773 -0.46311 0.123 -0.66831 -0.55896 -0.49085 -0.34114 -0.93963 0.02701 -0.68559 -0.71513 -0.13624 -0.93006 -0.36624 -0.02938 -0.66388 -0.74734 -0.02727 -0.35178 -0.93392 -0.06356 -0.89872 -0.43349 -0.06621 -0.28194 -0.94278 -0.17798 -0.72152 -0.67539 -0.1525 -0.33146 -0.90484 -0.2672 -0.84165 -0.51606 -0.15909 -0.65942 -0.70365 -0.26464 0.30817 0.76126 -0.57053 0.90951 0.35966 -0.20843 0.64224 0.63839 -0.42424 0.31808 0.76348 -0.56207 0.75212 0.65818 -0.03329 0.46037 0.87509 -0.14928 0.41289 0.72759 -0.54785 0.94678 0.31083 -0.08357 0.35105 0.88813 -0.29662 0.62808 0.73949 -0.24223 0.87477 0.44589 -0.18963 0.70192 0.65319 -0.284 0.89038 0.40295 -0.21177 0.3484 0.83686 -0.42224 0.67982 0.63612 -0.36495 0.8057 0.49601 -0.32375 0.72502 0.59107 -0.35352 0.30038 0.81535 -0.49496 0.89924 0.32881 -0.28854 0.59693 0.65296 -0.46617 0.48861 0.6822 -0.54393 0.93073 0.24539 -0.27117 0.63243 0.74066 -0.22683 0.73496 0.56669 -0.37241 0.18689 0.82871 -0.52755 0.7126 0.5299 -0.45978 0.23422 0.97088 -0.05035 0.66859 0.74286 -0.0338 0.96032 0.27871 -0.01061 0.39507 -0.78988 0.46904 0.30206 -0.11977 0.94573 0.62475 -0.09384 0.77516 0.44575 -0.20734 0.87081 0.53187 -0.22844 0.81543 0.37619 -0.64451 0.66565 0.87998 -0.3911 0.26958 0.34603 -0.151 0.92599 0.84822 -0.06227 0.52598 0.33779 -0.18499 0.92286 0.534 -0.16501 0.82922 0.82992 -0.10144 0.54858 0.92839 -0.06946 0.36506 0.65161 -0.21843 0.72642 0.30985 -0.32737 0.89265 0.79139 -0.18873 0.58144 0.5053 -0.32344 0.80004 0.74937 -0.17868 0.63759 0.92754 -0.11246 0.35641 0.8692 -0.20459 0.45014 0.52395 -0.39898 0.75252 0.37877 -0.47408 0.79485 0.8094 -0.28449 0.51374 0.30259 -0.53289 0.79023 0.6779 -0.40907 0.61083 0.95766 -0.14112 0.25095 0.66869 -0.45498 0.58808 0.40908 -0.58911 0.69685 0.83038 -0.34135 0.44039 0.40128 -0.60184 0.69048 0.70753 -0.50178 0.49761 0.34732 -0.68023 0.64549 0.75172 -0.34538 0.56181 0.91819 -0.24576 0.31069 0.92932 -0.23328 0.28627 0.63668 -0.62487 0.45185 0.35394 -0.74471 0.5658 0.90472 -0.31203 0.29004 0.38767 -0.73303 0.5589 0.75789 -0.54195 0.36317 0.62864 -0.63351 0.45109 0.92646 -0.26957 0.26269 0.66932 -0.60334 0.43359 0.77148 -0.25782 0.58167 0.22059 -0.9752 0.01797 0.70299 -0.71071 0.02633 0.24857 -0.96477 -0.08621 0.63054 -0.77138 -0.08598 0.90665 -0.41772 -0.05913 0.22167 -0.95258 -0.20845 0.70812 -0.69105 -0.14498 0.97293 -0.2273 -0.04174 0.25608 -0.90748 -0.33303 0.75644 -0.61167 -0.23164 0.27381 -0.86455 -0.4214 0.789 -0.55653 -0.26029 0.98528 -0.15637 -0.06904 0.17037 -0.81715 -0.55067 0.56799 -0.68273 -0.45964 0.92505 -0.30833 -0.22186 0.22296 -0.73432 -0.64114 0.69973 -0.52802 -0.48121 0.19898 -0.64404 -0.73866 0.59555 -0.52787 -0.60554 0.89615 -0.28172 -0.34286 0.19566 -0.54017 -0.81849 0.63912 -0.42255 -0.64263 0.96237 -0.1431 -0.23102 0.16979 -0.4418 -0.8809 0.52974 -0.38268 -0.75692 0.86962 -0.19265 -0.45459 0.17019 -0.33815 -0.92557 0.56883 -0.26652 -0.77808 0.21275 -0.21798 -0.95248 0.67455 -0.13884 -0.72505 0.28037 -0.0875 -0.9559 0.97488 -0.04553 -0.21804 0.17026 0.02992 -0.98494 0.8846 -0.01015 -0.46624 0.55361 0.03198 -0.83216 0.6782 0.0992 -0.72815 0.56111 0.17862 -0.80824 0.21735 0.27502 -0.93655 0.86935 0.13526 -0.47533 0.19722 0.38563 -0.90133 0.60502 0.31001 -0.73338 0.95559 0.11612 -0.27087 0.25683 0.49674 -0.82903 0.75477 0.33233 -0.56558 0.2482 0.58101 -0.77513 0.78861 0.36689 -0.49345 0.20093 0.67189 -0.71287 0.61596 0.55353 -0.56053 0.24108 0.76129 -0.60193 0.62036 0.60537 -0.49869 0.92015 0.3014 -0.24996 0.48137 0.74267 -0.46553 0.92899 0.31131 -0.20014 0.24288 0.88407 -0.39928 0.75076 0.59932 -0.27779 0.49464 0.83076 -0.25528 0.83057 0.53328 -0.1605 0.97945 0.19253 -0.06016 0.16841 0.97193 -0.16427 0.50099 0.85127 -0.15607 0.80831 0.5799 -0.1017 0.77502 -0.58926 0.22828 0.29603 -0.8553 0.42523 0.85655 -0.47217 -0.20826 0.97071 -0.19162 -0.1449 0.51439 -0.64828 -0.56137 0.68486 -0.55772 -0.46895 0.69192 -0.58277 -0.42617 0.88438 -0.46544 0.03519 0.4957 -0.78391 -0.37386 0.30913 -0.8294 -0.46534 0.69792 -0.61803 -0.36187 0.42099 -0.75897 -0.49671 0.81555 -0.47308 -0.33328 0.69932 -0.56537 -0.43739 0.31002 -0.75277 -0.58071 0.9153 -0.32186 -0.24213 0.47728 -0.67442 -0.56335 0.782 -0.46334 -0.41689 0.8331 -0.41082 -0.37037 0.51832 -0.63816 -0.56929 0.948 -0.22107 -0.22894 0.30751 -0.70634 -0.63759 0.86288 -0.37396 -0.34 0.36601 -0.71587 -0.59461 0.82076 -0.43827 -0.36643 0.52876 -0.68399 -0.50256 0.91122 -0.32417 -0.25415 0.40981 -0.74196 -0.53061 0.83691 -0.46827 -0.28338 0.18854 -0.85321 -0.4863 0.44631 -0.78916 -0.42193 0.80818 -0.52613 -0.26463 0.4127 -0.82799 -0.37961 0.85304 -0.47686 -0.21197 0.63777 -0.69459 -0.33286 0.31103 -0.90216 -0.29893 0.71928 -0.67514 -0.16376 0.44097 -0.88888 -0.12423 0.85425 -0.51186 -0.09085 0.86513 -0.50067 -0.02978 0.48256 -0.87578 -0.01205 0.80501 -0.59055 0.05659 0.29274 -0.95051 0.10405 0.49758 -0.85354 0.15452 0.3487 -0.90387 0.24785 0.52413 -0.80544 0.27669 0.89033 -0.44591 0.0921 0.53135 -0.79576 -0.29059 0.73768 -0.49391 -0.46031 0.74464 -0.65082 0.14816 0.95682 -0.29058 0.00795 0.71021 -0.70384 0.01438 0.29352 -0.95584 0.01499 0.71613 -0.69691 -0.03837 0.2087 -0.95508 -0.21039 0.49777 -0.86638 -0.04016 0.5171 -0.84723 -0.12166 0.94644 -0.31464 -0.07245 0.84452 -0.51712 -0.13917 0.68586 -0.69318 -0.2216 0.28307 -0.90925 -0.30518 0.993 -0.11569 0.02372 0.92334 -0.36084 0.13127 -0.97605 -0.20223 0.08024 -0.61195 -0.68838 0.38943 0.99538 0.06482 -0.07083 0.9299 0.28007 -0.23844 0.73148 0.56054 -0.38825 -0.98927 0.09699 -0.10926 -0.79943 0.45914 -0.38743 -0.34665 0.7615 -0.54768 -0.29034 0.95659 -0.02541 -0.90472 -0.42489 -0.03093 -0.5145 -0.85703 -0.02808 -0.29637 -0.94979 -0.10035 -0.16046 -0.90889 -0.38494 -0.24369 -0.73978 -0.62717 -0.18104 -0.51103 -0.84028 -0.19562 -0.23678 -0.95167 -0.28142 -0.10613 -0.9537 -0.22563 0.00812 -0.97418 -0.17844 0.48975 -0.85341 -0.33406 0.66281 -0.67014 -0.21583 0.8682 -0.44683 -0.11761 0.97252 -0.20093 -0.28581 0.95586 -0.06821 -0.70061 0.70485 -0.11107 -0.30573 0.93491 -0.18018 -0.83841 0.51647 -0.17416 -0.94622 0.2798 -0.16241 -0.38028 0.8718 -0.30879 -0.55998 0.73353 -0.38517 -0.67555 0.581 -0.45396 -0.23422 0.76318 -0.60224 -0.72929 0.4956 -0.47171 -0.86131 0.31422 -0.39927 -0.46579 0.53799 -0.70257 -0.96629 0.11226 -0.23168 -0.74642 0.29678 -0.59563 -0.41181 0.42808 -0.80446 -0.74984 0.20143 -0.63021 -0.23596 0.30044 -0.92415 -0.76034 0.12559 -0.63727 -0.41397 0.18549 -0.89119 -0.94716 -0.01748 -0.32029 -0.45014 0.02342 -0.89265 -0.55654 -0.07563 -0.82737 -0.76147 -0.15996 -0.62815 -0.40514 -0.22574 -0.88595 -0.92006 -0.15903 -0.35804 -0.7132 -0.29985 -0.6336 -0.94109 -0.18113 -0.28555 -0.244 -0.38651 -0.88942 -0.48349 -0.46962 -0.73871 -0.72399 -0.43673 -0.53394 -0.90794 -0.3169 -0.27427 -0.4102 -0.59808 -0.68851 -0.53201 -0.63633 -0.55861 -0.73797 -0.57226 -0.35766 -0.9809 -0.18121 -0.07065 -0.24217 -0.81997 -0.51865 -0.82298 -0.5308 -0.20237 -0.44104 -0.82525 -0.35276 -0.45051 -0.86907 -0.20433 -0.20493 0.57707 0.79057 -0.20997 -0.00956 0.97766 -0.22546 -0.38251 0.89602 -0.27528 -0.27359 0.92161 -0.40587 -0.1386 0.90336 -0.22725 0.08714 0.96993 -0.26938 0.21643 0.9384 -0.22148 0.32706 0.91868 -0.28236 0.44272 0.85104 -0.34164 0.53723 0.77115 -0.15599 -0.05075 0.98645 -0.22204 -0.707 0.67145 -0.19322 -0.92727 0.32067 -0.9903 0.01971 0.13751 -0.94652 -0.31016 0.0889 -0.44083 0.41787 0.79439 -0.513 0.1838 0.83848 -0.28266 -0.20586 0.93687 -0.83273 0.27085 0.48291 -0.73799 -0.09127 0.66861 -0.44175 -0.58198 0.68275 -0.93678 -0.19175 0.29271 -0.68266 -0.72738 0.06987 -0.333 -0.91751 0.21747 -0.44157 -0.4953 0.74813 -0.44107 -0.34872 0.82696 -0.64666 -0.30165 0.7006 -0.41831 -0.25161 0.87276 -0.25965 -0.19553 0.9457 -0.4397 -0.00026 0.89814 -0.67906 -0.01831 0.73386 -0.39819 0.06981 0.91464 -0.56145 0.18568 0.80641 -0.8995 0.08783 0.42801 -0.44917 0.31242 0.83704 -0.6775 0.28026 0.68004 -0.38078 0.4389 0.81386 -0.37752 0.52632 0.76188 -0.9687 0.24724 -0.02231 -0.42451 0.57348 0.70065 -0.32486 0.87956 0.34761 -0.5238 0.0261 0.85144 -0.74592 0.39869 0.53352 -0.54108 0.82492 0.16351 -0.87139 0.45775 0.17649 -0.44531 -0.37399 0.81353 -0.87956 -0.07231 0.47026 -0.98027 0.08116 0.18021 0.99801 -0.02846 -0.05626 7e-05 0.47029 0.88251 0.37983 0.43584 0.81595 0.65196 0.35774 0.66856 0.83777 0.25802 0.48121 0.95735 0.13629 0.25475 0.99903 0.0214 0.0385 0.10333 0.47039 0.87639 0.52952 0.40276 0.74659 0.86669 0.238 0.43841 0.99563 0.04662 0.08093 0.99435 -0.04795 -0.09468 -0.96798 -0.11947 -0.22076 -0.99037 -0.06576 -0.12181 -0.9851 0.08111 0.15166 -0.82734 0.26568 0.4949 -0.51622 0.40507 0.75461 -0.20932 0.46121 0.86225 -0.99728 0.03224 0.06635 -0.96691 0.1201 0.22506 -0.83938 0.25686 0.47903 -0.65261 0.35615 0.66877 -0.38179 0.43397 0.81603 0.21194 -0.47059 -0.85652 0.53754 -0.39945 -0.74262 0.59442 -0.37846 -0.70953 0.56498 -0.38236 -0.73116 0.46327 -0.41353 -0.78382 0.1834 -0.46626 -0.86543 -0.58463 -0.38274 -0.71534 -0.16199 -0.46875 -0.86835 -0.44374 -0.41818 -0.7926 -0.54606 -0.38864 -0.74214 -0.53049 -0.40261 -0.74598 -0.21043 -0.47228 -0.85596 -0.00066 0.47132 0.88196 -0.00066 0.47132 0.88196 -0.00066 0.47132 0.88196 -0.00066 0.47132 0.88196 -0.00066 0.47132 0.88196 -0.00066 0.47132 0.88196 -0.00066 0.47132 0.88196 -0.00066 0.47132 0.88196 0.00066 -0.47132 -0.88196 0.00066 -0.47132 -0.88196 0.00066 -0.47132 -0.88196 0.00066 -0.47132 -0.88196 0.00066 -0.47132 -0.88196 0.00066 -0.47132 -0.88196 0.00066 -0.47132 -0.88196 0.00066 -0.47132 -0.88196 0.00077 -0.88196 0.47132 0.00077 -0.88196 0.47132 0.00077 -0.88196 0.47132 0.00077 -0.88196 0.47132 0.00077 -0.88196 0.47132 0.00077 -0.88196 0.47132 0.00077 -0.88196 0.47132 0.00077 -0.88196 0.47132 0.00077 -0.88196 0.47132 0.00077 -0.88196 0.47132 0.00077 -0.88196 0.47132 0.00077 -0.88196 0.47132 0.00077 -0.88196 0.47132 0.00077 -0.88196 0.47132 0.00077 -0.88196 0.47132 0.00077 -0.88196 0.47132 0.00077 -0.88196 0.47132 0.00077 -0.88196 0.47132 0.00077 -0.88196 0.47132 0.00077 -0.88196 0.47132 0.00077 -0.88196 0.47132 0.00077 -0.88196 0.47132 0.00077 -0.88196 0.47132 0.00077 -0.88196 0.47132 0.00077 -0.88196 0.47132 0.00077 -0.88196 0.47132 0.00077 -0.88196 0.47132 0.00077 -0.88196 0.47132 0.00077 -0.88196 0.47132 0.00077 -0.88196 0.47132 0.00077 -0.88196 0.47132 0.00077 -0.88196 0.47132 0.00077 -0.88196 0.47132 0.00077 -0.88196 0.47132 0.00077 -0.88196 0.47132 0.00077 -0.88196 0.47132 0.00077 -0.88196 0.47132 0.00077 -0.88196 0.47132 -0.00077 0.88196 -0.47132 -0.00077 0.88196 -0.47132 -0.00077 0.88196 -0.47132 -0.00077 0.88196 -0.47132 -0.00077 0.88196 -0.47132 -0.00077 0.88196 -0.47132 -0.00077 0.88196 -0.47132 -0.00077 0.88196 -0.47132 -0.00077 0.88196 -0.47132 -0.00077 0.88196 -0.47132 -0.00077 0.88196 -0.47132 -0.00077 0.88196 -0.47132 -0.00077 0.88196 -0.47132 -0.00077 0.88196 -0.47132 -0.00077 0.88196 -0.47132 -0.00077 0.88196 -0.47132 -0.00077 0.88196 -0.47132 -0.00077 0.88196 -0.47132 -0.00077 0.88196 -0.47132 -0.00077 0.88196 -0.47132 -0.00077 0.88196 -0.47132 -0.00077 0.88196 -0.47132 -0.00077 0.88196 -0.47132 -0.00077 0.88196 -0.47132 -0.00077 0.88196 -0.47132 -0.00077 0.88196 -0.47132 -0.00077 0.88196 -0.47132 -0.00077 0.88196 -0.47132 -0.00077 0.88196 -0.47132 -0.00077 0.88196 -0.47132 -0.00077 0.88196 -0.47132 -0.00077 0.88196 -0.47132 -0.00077 0.88196 -0.47132 -0.00077 0.88196 -0.47132 -0.00077 0.88196 -0.47132 -0.00077 0.88196 -0.47132 -0.00077 0.88196 -0.47132 -0.00077 0.88196 -0.47132 -0.00066 0.47132 0.88196 -0.00066 0.47132 0.88196 -0.00066 0.47132 0.88196 -0.00066 0.47132 0.88196 -0.00077 0.88196 -0.47132 -0.00077 0.88196 -0.47132 -0.00077 0.88196 -0.47132 -0.00077 0.88196 -0.47132 -0.00077 0.88196 -0.47132 -0.00077 0.88196 -0.47132 -0.00077 0.88196 -0.47132 -0.00077 0.88196 -0.47132 -0.00077 0.88196 -0.47132 -0.00077 0.88196 -0.47132 -0.00077 0.88196 -0.47132 -0.00077 0.88196 -0.47132 -0.00077 0.88196 -0.47132 -0.00077 0.88196 -0.47132 -0.00077 0.88196 -0.47132 -0.00077 0.88196 -0.47132 -1 -0.00099 -0.00022 -1 -0.00099 -0.00022 -1 -0.00099 -0.00022 -1 -0.00099 -0.00022 1 0.00099 0.00022 1 0.00099 0.00022 1 0.00099 0.00022 1 0.00099 0.00022 0.00066 -0.47132 -0.88196 0.00066 -0.47132 -0.88196 0.00066 -0.47132 -0.88196 0.00066 -0.47132 -0.88196 1 0.00099 0.00022 1 0.00099 0.00022 1 0.00099 0.00022 1 0.00099 0.00022 1 0.00099 0.00022 1 0.00099 0.00022 1 0.00099 0.00022 1 0.00099 0.00022 1 0.00099 0.00022 1 0.00099 0.00022 1 0.00099 0.00022 1 0.00099 0.00022 1 0.00099 0.00022 1 0.00099 0.00022 1 0.00099 0.00022 1 0.00099 0.00022 1 0.00099 0.00022 1 0.00099 0.00022 1 0.00099 0.00022 1 0.00099 0.00022 1 0.00099 0.00022 1 0.00099 0.00022 1 0.00099 0.00022 0.29071 -0.04843 0.95559 0.27332 -0.01234 0.96184 0.32091 -0.07991 0.94373 0.27763 -0.04784 0.9595 0.16987 0.04119 0.98461 -0.43232 0.03311 0.90111 -0.43232 0.03311 0.90111 -0.43232 0.03311 0.90111 -0.43232 0.03311 0.90111 -0.75006 -0.31222 -0.58303 -0.75006 -0.31222 -0.58303 -0.75006 -0.31222 -0.58303 -0.75006 -0.31222 -0.58303 0.70757 -0.33258 -0.62348 0.70757 -0.33258 -0.62348 0.70757 -0.33258 -0.62348 0.70757 -0.33258 -0.62348 -0.74885 0.31186 0.58478 -0.74885 0.31186 0.58478 -0.74885 0.31186 0.58478 -0.74885 0.31186 0.58478 0.74797 0.31333 0.58512 0.74797 0.31333 0.58512 0.74797 0.31333 0.58512 0.74797 0.31333 0.58512 0.75384 -0.58115 0.30658 0.86678 -0.44173 0.23147 0.41984 0.34043 0.84133 -0.26964 -0.8511 0.45046 -0.55695 -0.72537 0.40452 -0.79978 -0.51722 0.3047 -0.87317 -0.37626 0.30985 -0.15018 -0.82238 0.54876 -0.50676 -0.63314 0.58509 -0.63498 -0.54914 0.54337 -0.32083 -0.63885 0.69924 -0.83288 -0.37583 0.40628 -0.74001 -0.36728 0.56347 -0.57717 -0.37335 0.72628 -0.79976 -0.2532 0.54431 -0.29255 -0.49715 0.81686 -0.10376 -0.59985 0.79336 -0.64743 -0.24077 0.7231 0.01831 -0.79758 0.60294 -0.40157 -0.27673 0.87302 -0.54354 -0.29106 0.7873 -0.19407 -0.25621 0.94694 0.04954 -0.58935 0.80636 -0.4104 -0.02931 0.91143 -0.27722 0.04563 0.95972 0.05034 -0.36655 0.92904 -0.39854 0.30593 0.86462 -0.09288 0.04598 0.99462 0.17812 -0.73726 0.6517 -0.30134 0.33619 0.89228 0.06936 -0.1221 0.99009 0.10246 0.12827 0.98643 0.32368 -0.40102 0.85698 -0.06811 0.34868 0.93476 0.26968 -0.14953 0.95127 0.3866 -0.65124 0.65302 0.29021 0.07884 0.95371 0.45179 -0.43619 0.77822 0.43786 -0.05631 0.89728 0.25592 -0.83128 0.49344 0.28323 0.3272 0.90151 0.52957 -0.22142 0.81886 0.65438 -0.28119 0.70194 0.52973 -0.6837 0.50194 0.66443 -0.45362 0.59393 0.71283 -0.18062 0.67768 0.74438 -0.50014 0.44244 0.78062 -0.31274 0.54113 0.86744 -0.35138 0.35225 0.93315 -0.26196 0.24617 0.00459 0.08206 0.99662 0.12081 0.24163 0.96282 0.00074 0.21698 0.97618 -0.24719 0.36887 0.89601 0.00459 0.08206 0.99662 0.00459 0.08206 0.99662 0.24767 -0.89374 0.37402 0.52772 -0.79695 0.29391 0.73415 -0.66302 0.14637 0.33624 -0.921 0.19671 0.08511 -0.9407 0.3284 0.8695 -0.4885 0.07307 0.53223 -0.84486 0.05434 0.93224 -0.35434 0.0733 0.63282 -0.76792 -0.0992 0.80474 -0.59131 -0.05243 0.4452 -0.89069 -0.09199 0.25433 -0.96703 0.01318 0.89059 -0.44465 -0.0956 0.68277 -0.6993 -0.21169 0.38134 -0.87897 -0.28634 0.04656 -0.99646 0.06994 0.59973 -0.72681 -0.33476 0.19445 -0.95425 -0.22715 0.69408 -0.60348 -0.39251 0.4658 -0.77153 -0.43332 0.06737 -0.96713 -0.24519 -0.10006 -0.96848 0.2281 0.54781 -0.66507 -0.50753 0.23121 -0.88175 -0.41117 -0.18893 -0.98087 -0.04687 -0.07047 -0.93198 -0.35559 0.09864 -0.89481 -0.43541 -0.19666 -0.94493 0.2616 -0.24934 -0.90523 -0.34408 -0.11534 -0.85889 -0.49901 -0.36716 -0.8999 -0.23532 -0.46245 -0.88518 -0.05097 -0.4096 -0.81331 -0.41323 -0.51237 -0.8434 0.16174 -0.55813 -0.79308 -0.24396 -0.6339 -0.76958 -0.07689 -0.72088 -0.67614 0.15217 -0.69755 -0.71649 -0.00853 -0.81664 -0.57189 0.0777 0.9897 0.12421 -0.07113 0.97566 0.1906 0.10841 0.81404 0.40227 0.41894 0.58641 0.4993 0.63783 0.41708 0.48649 0.7677 0.21067 0.5229 0.82595 0.05609 0.54831 0.83439 -0.22118 0.51067 0.83084 -0.59026 0.45314 0.66803 -0.73871 0.38957 0.55004 -0.94563 0.22232 0.2374 -0.98387 0.17119 0.05181 0.95307 0.26693 -0.14287 0.74615 0.59003 -0.30841 0.45208 0.79248 -0.40938 0.15683 0.87093 -0.46571 -0.96516 0.22594 -0.13198 -0.83301 0.47431 -0.28482 -0.67112 0.64176 -0.37113 -0.18996 0.86685 -0.46096 -0.93843 0.33803 0.07132 -0.88819 0.3194 0.33031 -0.87996 0.47481 -0.01474 -0.82165 0.37319 0.43084 -0.74275 0.64919 -0.16393 -0.78423 0.6151 0.08143 -0.64204 0.60214 0.47457 -0.50982 0.79778 -0.32192 -0.70356 0.67111 0.2337 -0.47526 0.53525 0.69831 -0.5886 0.80103 -0.10907 -0.59061 0.80482 0.05866 -0.44875 0.75809 0.47321 -0.35175 0.89321 -0.28009 -0.50542 0.83421 0.22054 -0.29244 0.65739 0.69449 -0.25601 0.80998 0.52763 -0.08586 0.68832 0.72031 -0.34795 0.93419 -0.07889 -0.29274 0.937 0.1906 -0.09937 0.89234 0.44028 0.31864 0.60002 0.73379 0.10965 0.79333 0.59884 0.27144 0.79322 0.54508 -0.12243 0.99096 -0.05479 -0.09607 0.94092 -0.32472 0.08546 0.96975 0.22865 0.47696 0.68845 0.54639 0.38864 0.86081 0.32859 0.62736 0.66084 0.41196 0.05668 0.99554 -0.07545 0.74681 0.59549 0.2961 0.88404 0.4112 0.22224 0.40539 0.91147 0.0699 0.60648 0.79008 0.08918 0.93992 0.33721 0.05335 0.154 0.96523 -0.21123 0.70692 0.7048 -0.05935 0.8137 0.57048 -0.11156 0.49826 0.84035 -0.21343 0.24689 0.933 -0.26182 0.40281 0.41708 0.81473 -0.46234 0.42285 0.77939 -0.29316 0.44204 0.84774 -0.05197 0.46301 0.88483 0.17422 0.45582 0.87285 -0.97511 0.08827 -0.20341 -0.94987 0.04387 -0.30956 -0.89257 -0.14703 -0.42627 -0.84239 -0.25448 -0.47499 0.83 -0.25996 -0.49347 0.65261 -0.34868 -0.6727 0.35403 -0.42797 -0.83157 0.03444 -0.47168 -0.8811 -0.35334 -0.42406 -0.83386 -0.67779 -0.33666 -0.65365 0.86376 -0.17106 -0.47398 0.94765 -0.03593 -0.31729 0.98234 0.0485 -0.18069 -0.87138 -0.23182 -0.43238 -0.83423 -0.26529 -0.48341 0.86676 -0.23447 -0.44016 0.82418 -0.2723 -0.49658 -0.60569 -0.38686 -0.69532 -0.23401 -0.48186 -0.84442 0.23195 -0.48295 -0.84437 0.57236 -0.39276 -0.71982 -0.87138 -0.23182 -0.43238 0.86676 -0.23447 -0.44016 -0.81744 -0.19542 -0.54185 0.79031 0.01877 -0.61242 -0.47681 -0.2586 -0.84011 -0.11125 -0.18821 -0.97581 0.15187 -0.18749 -0.97046 0.61457 -0.08217 -0.78457 0.95304 0.09971 -0.28596 0.86892 0.30512 -0.38971 0.87722 0.04916 -0.47757 0.65409 0.60422 -0.45505 0.69391 0.40464 -0.59561 0.66054 0.25878 -0.70478 0.60502 0.1066 -0.78904 0.48211 0.62711 -0.61181 0.45243 -0.02314 -0.8915 0.2948 -0.07849 -0.95233 0.37136 0.50336 -0.78021 0.21793 0.76987 -0.59984 0.26994 0.27943 -0.92144 0.06607 0.03897 -0.99705 -0.29115 -0.19532 -0.93653 -0.11121 0.0569 -0.99217 0.06688 0.39665 -0.91553 0.10289 0.69046 -0.71601 -0.45676 0.00298 -0.88958 0.10209 0.61811 -0.77943 -0.24407 0.34404 -0.90668 -0.6239 0.00228 -0.7815 -0.74502 -0.08714 -0.66133 -0.88214 0.06645 -0.46628 -0.16549 0.60863 -0.776 -0.01692 0.796 -0.60506 -0.41982 0.43649 -0.79575 -0.63036 0.35498 -0.69038 -0.88409 0.27593 -0.37716 -0.70588 0.41875 -0.5713 -0.20919 0.72752 -0.65341 -0.38809 0.71155 -0.58573 -0.52483 0.69305 -0.4942 -0.89447 -0.21133 -0.39403 -0.93066 -0.17311 -0.32234 -0.93257 -0.1708 -0.31802 -0.82845 -0.25857 -0.4968 -0.83101 -0.26274 -0.4903 -0.47591 -0.42403 -0.77053 -0.5922 -0.3808 -0.71013 -0.62442 -0.36658 -0.68973 -0.47911 -0.42344 -0.76886 -0.82142 -0.26177 -0.50671 -0.451 -0.44474 -0.77383 -0.54705 -0.40059 -0.73503 -0.87009 -0.2329 -0.4344 -0.83831 -0.25752 -0.48053 -0.65966 -0.36261 -0.6583 -0.5028 -0.43185 -0.7488 0.88985 -0.21443 -0.40272 0.92916 -0.17365 -0.32637 0.9273 -0.17583 -0.33045 0.84341 -0.25266 -0.47416 0.7085 -0.32849 -0.6246 0.56195 -0.36331 -0.74311 0.83031 -0.2663 -0.48955 0.5068 -0.41682 -0.75459 0.62756 -0.36726 -0.68651 0.84374 -0.25239 -0.47372 0.71049 -0.31844 -0.62753 0.56142 -0.36902 -0.7407 0.86545 -0.23555 -0.44218 0.81585 -0.28082 -0.5055 0.43026 -0.42981 -0.79381 0.55341 -0.39621 -0.73264 -0.76383 -0.30471 -0.56896 -0.65602 -0.35974 -0.66349 -0.51437 -0.41645 -0.74966 -0.732 -0.30403 -0.6097 -0.4905 -0.43857 -0.75304 -0.58307 -0.39671 -0.70898 0.74389 -0.31448 -0.58968 0.5068 -0.41682 -0.75459 0.63219 -0.36856 -0.68154 0.73416 -0.31344 -0.6023 0.62485 -0.36803 -0.68856 0.50876 -0.41518 -0.75418 0.00118 0.78675 0.61727 0.05185 0.78577 0.61634 0.02441 0.81928 0.57287 0.00167 0.87074 0.49174 0.00238 0.85235 0.52297 0.00206 0.99909 0.04251 0.00393 0.83049 0.55702 0.00408 0.90025 0.43536 0.00912 0.95813 0.28618 0.01644 0.98681 0.16106 -0.08979 0.84815 0.52209 -0.00328 0.89769 0.44061 -0.00214 0.9479 0.31857 -0.08617 0.98407 0.15548 -0.00613 0.998 0.06299 -0.11755 0.99282 0.02201 -0.10678 0.99395 -0.02578 -0.1068 0.99115 -0.07889 -0.1143 0.99294 0.03176 -0.13164 0.98325 0.12605 -0.1084 0.95385 0.28002 -0.11099 0.89295 0.43626 -0.13987 0.83095 0.53848 -0.08763 0.78949 0.60748 -0.08564 0.67926 0.72888 0.02752 0.99943 0.01945 0.1009 0.69265 0.71418 0.10488 0.74847 0.65483 0.11759 0.82415 0.55404 0.11607 0.91226 0.39283 0.11819 0.94822 0.29481 0.11796 0.98447 0.13 0.12105 0.99181 0.0407 0.10069 0.99341 -0.05478 0.14359 0.98598 -0.08495 0.12581 0.99175 -0.02446 -0.00713 0.96388 0.26625 0.99793 0.03116 0.05628 -0.99715 0.03363 0.06754 -0.16032 0.65007 0.74277 -0.51942 0.57546 0.6317 -0.86538 0.34014 0.368 0.92778 0.19828 0.31608 0.53489 0.59296 0.6019 0.24328 0.6483 0.72147 -0.99731 0.0339 0.06506 -0.97838 0.19992 0.05301 -0.86465 0.49976 0.05128 -0.69091 0.72058 0.05836 -0.41541 0.90859 0.0436 0.99777 0.03353 0.05767 0.98334 0.16785 0.0698 0.22648 0.97388 0.01606 0.58374 0.81084 0.04221 0.74709 0.65747 0.09794 0.80611 0.57678 0.13231 0.88892 0.44446 0.11078 0.98627 0.15307 0.06198 0.97877 0.17596 0.10507 0.9828 0.12307 0.13771 -0.98184 0.17321 0.07732 -0.98322 0.176 0.04802 0.13038 0.6496 0.74901 0.6639 0.62595 0.40918 0.29608 0.83583 0.46231 0.33829 0.91633 0.21423 0.71019 0.69738 0.09642 0.961 0.27401 0.03742 0.62007 0.77904 -0.09284 0.37081 0.92851 -0.01919 0.95309 0.3005 0.03644 0.5957 0.80299 0.01868 0.84484 0.5347 0.01819 0.74551 0.4252 0.51324 0.41926 0.62793 0.65569 0.82192 0.4072 0.3983 0.65122 0.60645 0.45622 0.38153 0.70421 0.59877 0.86437 0.40901 0.29254 0.48932 0.71534 0.49885 0.86738 0.43662 0.23878 0.479 0.80377 0.35286 0.7155 0.6485 0.25982 0.44371 0.85329 0.27388 0.81246 0.55607 0.17518 0.90627 0.41146 0.09686 0.4927 0.86217 0.11791 0.8467 0.52523 0.08507 0.49682 0.86572 0.06089 0.86654 0.49569 0.05835 0.82971 0.55818 0.00425 0.53728 0.84173 -0.05317 0.81451 0.57971 -0.02279 0.39366 0.91814 -0.04523 0.49706 0.86772 -3e-05 -0.35843 0.80825 0.46718 -0.93888 0.29222 0.18196 -0.29058 0.93346 0.21029 -0.68465 0.70303 0.19236 -0.86979 0.47964 0.11585 -0.34258 0.93855 -0.04205 -0.40461 0.61477 0.67702 -0.54728 0.56383 0.61853 -0.94671 0.17493 0.27044 -0.24734 0.70922 0.66017 -0.82085 0.38125 0.42527 -0.64746 0.62604 0.43459 -0.35559 0.7087 0.60934 -0.68431 0.55168 0.47683 -0.36196 0.74651 0.55831 -0.96148 0.20193 0.18647 -0.74939 0.55423 0.36228 -0.8497 0.42609 0.31058 -0.6954 0.61848 0.36593 -0.6682 0.66468 0.33422 -0.29638 0.88361 0.36248 -0.84228 0.49596 0.21117 -0.4826 0.83128 0.27581 -0.85847 0.48504 0.16665 -0.51678 0.84734 0.12226 -0.82205 0.56279 0.08657 -0.48739 0.87116 0.05946 -0.62797 0.77773 0.02819 -0.89126 0.44899 0.06373 -0.25402 0.96461 -0.07071 -0.89759 0.43941 0.03547 -0.61134 0.79012 -0.04444 -0.82876 0.55952 -0.00989 -0.43507 0.8986 -0.05694 -0.76709 0.64066 0.03358 -0.44917 0.8931 0.02488 0.00077 -0.88196 0.47132 0.00077 -0.88196 0.47132 0.00077 -0.88196 0.47132 0.00077 -0.88196 0.47132 0.00077 -0.88196 0.47132 0.00077 -0.88196 0.47132 0.00077 -0.88196 0.47132 0.00077 -0.88196 0.47132 0.00077 -0.88196 0.47132 0.00077 -0.88196 0.47132 0.00077 -0.88196 0.47132 0.00077 -0.88196 0.47132 0.00467 0.47132 0.88195 0.00467 0.47132 0.88195 0.00467 0.47132 0.88195 0.00467 0.47132 0.88195 0.00467 0.47132 0.88195 0.00467 0.47132 0.88195 0.00467 0.47132 0.88195 0.00467 0.47132 0.88195 0.00467 0.47132 0.88195 0.00467 0.47132 0.88195 0.00467 0.47132 0.88195 0.00467 0.47132 0.88195 -0.00317 -0.91899 -0.39426 -0.00317 -0.91899 -0.39426 -0.00317 -0.91899 -0.39426 -0.00317 -0.91899 -0.39426 -0.00317 -0.91899 -0.39426 -0.00317 -0.91899 -0.39426 -0.00317 -0.91899 -0.39426 -0.00317 -0.91899 -0.39426 0.00467 0.47132 0.88195 0.00467 0.47132 0.88195 0.00467 0.47132 0.88195 0.00467 0.47132 0.88195 0.00467 0.47132 0.88195 0.00467 0.47132 0.88195 0.00467 0.47132 0.88195 0.00467 0.47132 0.88195 0.00467 0.47132 0.88195 0.00467 0.47132 0.88195 0.00467 0.47132 0.88195 0.00467 0.47132 0.88195 0.00467 0.47132 0.88195 0.00467 0.47132 0.88195 0.00467 0.47132 0.88195 0.24941 -0.45607 -0.85428 -0.25893 -0.4322 -0.86381 0.24948 -0.45611 -0.85424 -0.29655 -0.4479 -0.84347 -0.23497 -0.44793 -0.86264 -0.07371 -0.4693 -0.87996 0.12874 -0.46622 -0.87525 -0.09699 -0.45775 -0.88377 0.13916 -0.46663 -0.87344 -0.07745 0.86592 -0.49416 -0.08711 0.88946 -0.44864 -0.11366 0.90254 -0.41533 -0.09634 0.88448 -0.45652 -0.10412 0.88184 -0.45991 -0.08988 0.87491 -0.47587 -0.081 0.86822 -0.48952 -0.08884 0.8811 -0.46452 -0.08161 0.87082 -0.48478 0.08006 -0.87072 0.48521 0.07759 -0.89133 0.44667 0.07813 -0.89118 0.44688 0.08045 -0.88971 0.44938 0.08924 -0.87464 0.47648 0.09449 -0.87087 0.48235 0.10516 -0.87049 0.48083 0.09335 -0.87698 0.47138 0.08091 -0.88789 0.45288 0.24937 -0.45626 -0.85419 0.22246 -0.48318 -0.84679 -0.30547 -0.449 -0.83969 -0.25817 -0.47757 -0.83981 -0.12049 -0.44687 -0.88645 0.04005 -0.45702 -0.88855 -0.19506 -0.45219 -0.87033 0.12546 -0.46603 -0.87583 -0.07898 0.86875 -0.48891 -0.07766 0.89116 -0.447 -0.08673 0.88939 -0.44885 -0.1035 0.88893 -0.44619 -0.09338 0.87899 -0.46761 -0.09118 0.87057 -0.48352 -0.08681 0.88681 -0.45391 -0.08707 0.87352 -0.47894 0.0888 -0.86843 0.48779 0.0782 -0.89072 0.44777 0.11646 -0.84571 0.52078 0.09131 -0.87524 0.47499 0.10007 -0.88282 0.45892 0.08487 -0.88755 0.45282 0.08947 -0.88184 0.46299 0.0808 -0.87414 0.47891 0.21934 -0.48677 -0.84554 0.19439 -0.4622 -0.86521 -0.26157 -0.43242 -0.8629 -0.30547 -0.449 -0.83969 -0.22218 -0.45899 -0.86021 0.04052 -0.48583 -0.87311 -0.10589 -0.45773 -0.88276 0.17187 -0.49917 -0.84929 -0.08369 0.86935 -0.48705 -0.0857 0.8904 -0.44703 -0.10943 0.901 -0.41978 -0.09233 0.88551 -0.45536 -0.11767 0.904 -0.41102 -0.10479 0.88267 -0.45816 -0.10986 0.88948 -0.44357 -0.10755 0.88206 -0.4587 -0.10709 0.8819 -0.4591 -0.10555 0.88166 -0.45992 -0.10123 0.88014 -0.46379 -0.11641 0.84783 -0.51734 -0.08986 0.87226 -0.48072 -0.11757 0.84465 -0.52224 -0.08968 0.88138 -0.46381 -0.08033 0.87154 -0.48371 0.0821 -0.86613 0.49303 0.07738 -0.89156 0.44625 0.09978 -0.85508 0.50881 0.1085 -0.85042 0.51479 0.11573 -0.84491 0.52224 0.08987 -0.86847 0.48753 0.12199 -0.83923 0.52991 0.12133 -0.83996 0.52891 0.11341 -0.84946 0.51533 0.09523 -0.8797 0.46589 0.11401 -0.90173 0.41699 0.09996 -0.88928 0.44631 0.08321 -0.8901 0.44811 0.08668 -0.88674 0.45406 0.08664 -0.87669 0.47319 0.22297 -0.42524 -0.87719 0.30394 -0.44882 -0.84035 -0.26157 -0.43242 -0.8629 -0.30547 -0.449 -0.83969 -0.22218 -0.45899 -0.86021 0.0169 -0.48231 -0.87584 0.21298 -0.44248 -0.87112 -0.12631 -0.46572 -0.87587 0.06729 -0.45656 -0.88714 -0.08496 0.86848 -0.48839 -0.08777 0.8899 -0.44764 -0.10943 0.901 -0.41978 -0.11814 0.90459 -0.40958 -0.09365 0.8847 -0.45665 -0.11396 0.89868 -0.42355 -0.11066 0.8928 -0.43665 -0.10552 0.87667 -0.46937 -0.10749 0.8758 -0.47056 -0.10715 0.87581 -0.47062 -0.10414 0.87541 -0.47203 -0.11641 0.84783 -0.51734 -0.09247 0.87175 -0.48115 -0.11614 0.84575 -0.52079 -0.07992 0.88614 -0.45648 -0.08929 0.87814 -0.47 0.07786 -0.86721 0.49182 0.07738 -0.89156 0.44625 0.08953 -0.86738 0.48953 0.09574 -0.8725 0.47914 0.11442 -0.85203 0.51083 0.11098 -0.85965 0.49869 0.10801 -0.86739 0.48577 0.10618 -0.87347 0.47516 0.10829 -0.88376 0.45524 0.10398 -0.87668 0.4697 0.09437 -0.8836 0.45863 0.11959 -0.90623 0.40552 0.08776 -0.88935 0.44873 0.08329 -0.88774 0.45275 0.08865 -0.87791 0.47054 0.08263 -0.86942 0.48711 0.30394 -0.44882 -0.84035 0.30394 -0.44882 -0.84035 -0.30547 -0.449 -0.83969 -0.30547 -0.449 -0.83969 -0.21379 -0.46057 -0.86149 0.00572 -0.47131 -0.88195 0.21528 -0.46012 -0.86136 -0.20368 -0.46158 -0.8634 0.0183 -0.47123 -0.88182 0.22408 -0.45918 -0.85962 -0.07862 0.86771 -0.49082 -0.09091 0.88786 -0.45105 -0.11391 0.90287 -0.41456 -0.11809 0.90457 -0.40965 -0.11808 0.90455 -0.40968 -0.11641 0.90371 -0.41202 -0.11311 0.90183 -0.41703 -0.09788 0.88139 -0.46213 -0.10749 0.8758 -0.47056 -0.10715 0.87581 -0.47062 -0.10511 0.87581 -0.47108 -0.10131 0.87555 -0.47238 -0.0939 0.87436 -0.4761 -0.08292 0.86999 -0.48605 -0.07915 0.88895 -0.45111 -0.08818 0.87626 -0.4737 -0.07927 0.86927 -0.48794 0.07734 -0.86643 0.49327 0.07873 -0.88957 0.44996 0.08595 -0.86775 0.48952 0.09275 -0.87327 0.47832 0.10328 -0.87572 0.47164 0.10632 -0.87582 0.47078 0.10743 -0.8758 0.47057 0.10635 -0.87631 0.46987 0.10829 -0.88376 0.45524 0.10985 -0.89083 0.44086 0.10115 -0.87811 0.46764 0.09379 -0.88068 0.46434 0.08364 -0.88659 0.45493 0.07888 -0.88956 0.44995 0.09009 -0.87815 0.46982 0.08288 -0.86957 0.4868 0.24937 -0.45626 -0.85419 0.24937 -0.45626 -0.85419 -0.26157 -0.43242 -0.8629 -0.30547 -0.449 -0.83969 -0.22218 -0.45899 -0.86021 -0.01017 -0.47585 -0.87947 0.15952 -0.46518 -0.87073 -0.10589 -0.45773 -0.88276 0.14635 -0.4578 -0.87693 -0.08051 0.87153 -0.48369 -0.07792 0.89125 -0.44676 -0.08327 0.88832 -0.45161 -0.09888 0.88311 -0.45863 -0.10412 0.88184 -0.45991 -0.08798 0.87511 -0.47587 -0.09041 0.88173 -0.463 -0.08033 0.87154 -0.48371 0.08949 -0.86789 0.48863 0.07738 -0.89156 0.44625 0.11523 -0.84676 0.51935 0.11957 -0.84201 0.52604 0.09054 -0.87414 0.47717 0.1019 -0.88647 0.45142 0.10503 -0.88801 0.44766 0.10725 -0.8889 0.44537 0.1093 -0.88957 0.44352 0.10997 -0.88977 0.44296 0.10833 -0.88949 0.44393 0.10254 -0.88889 0.4465 0.08599 -0.88939 0.44899 0.0885 -0.88616 0.45484 0.08155 -0.8742 0.47867 0.0809 -0.87396 0.47921 0.04291 -0.89694 0.44006 0.12054 -0.98771 0.09951 0.15824 -0.97987 0.12174 0.03719 -0.89229 0.44993 0.27088 -0.77529 0.57058 -0.59912 -0.72272 -0.34458 0.50003 -0.82539 -0.26209 0.26062 -0.93587 -0.23713 0.197 -0.93792 -0.28549 0.07946 -0.92438 -0.37312 -0.06717 -0.93981 -0.33503 -0.17447 -0.81234 -0.55647 -0.44208 -0.62461 -0.64376 0.45644 -0.61817 0.63994 0.06424 -0.85116 0.52095 0.4859 -0.65721 0.57618 0.16965 -0.85021 0.49837 0.02477 -0.8818 0.47098 0.14619 -0.89197 0.42781 0.37991 -0.9144 0.13982 0.33101 -0.93935 0.08973 0.21038 -0.9623 0.17241 0.36973 -0.92298 -0.10677 0.0662 -0.99769 0.0152 0.01904 -0.98824 0.15174 0.12439 -0.99066 -0.05579 -0.06129 -0.99648 0.05717 -0.13823 -0.98982 0.03376 -0.28776 -0.71151 -0.64105 -0.23589 -0.97176 0.00553 -0.52763 -0.73996 -0.4172 0.00077 -0.88196 0.47132 0.00077 -0.88196 0.47132 0.00467 -0.88293 0.46948 0.00349 -0.88152 0.47213 0.00134 -0.88219 0.47089 0.00065 -0.88215 0.47097 -0.00984 -0.88405 0.4673 -0.39357 0.43808 0.8082 -0.53358 0.63023 0.564 -0.33988 0.30539 0.88951 -0.01982 -0.87271 0.48784 0.00077 -0.88196 0.47132 0.00077 -0.88196 0.47132 0.00077 -0.88196 0.47132 0.00077 -0.88196 0.47132 0.01254 -0.88096 0.47302 -0.0039 -0.89072 0.45453 -0.00025 -0.8691 0.49463 0.01793 -0.89775 0.44014 -0.00518 -0.88816 0.45951 -0.00558 -0.88124 0.47263 -0.00445 -0.88339 0.46861 0.00077 -0.88196 0.47132 0.00077 -0.88196 0.47132 0.00077 -0.88196 0.47132 -0.30056 -0.15026 -0.94185 -0.1063 -0.12935 -0.98588 0.09804 0.05325 -0.99376 -0.75228 0.31737 0.57737 -0.18937 0.34597 0.91894 -0.22746 0.29935 0.92664 -0.41639 0.41653 0.80816 -0.55603 0.38013 0.73914 0.11344 0.07808 -0.99047 -0.50485 -0.34536 -0.79111 -0.7188 -0.31614 -0.61918 -0.99796 -0.02434 -0.05901 -0.65851 0.73456 0.16364 -0.64191 0.67447 0.36475 0.02709 -0.05171 -0.99829 -0.17345 -0.09822 -0.97993 -0.83115 -0.25592 -0.49365 -0.91492 -0.18005 -0.36124 -0.99008 0.06718 0.12341 -0.94977 0.15618 0.27119 -0.89446 0.21402 0.39259 -0.83355 0.28022 0.4761 -0.39652 0.44152 0.80488 -0.61247 -0.34237 -0.7125 -0.96484 -0.10842 -0.23943 -0.43871 0.60729 0.66237 -0.54774 -0.3818 0.74445 -0.56007 -0.82141 -0.10775 -0.86004 -0.24305 -0.44861 -0.00473 -0.87877 0.47722 -0.92811 -0.17076 -0.33084 -0.00071 -0.88582 0.46402 -0.96767 -0.10652 -0.22863 -0.99681 -0.03363 -0.0724 -0.73414 -0.58675 0.34171 -0.99171 0.06225 0.11242 0.28649 -0.86658 0.40861 -0.93982 0.16223 0.30071 -0.62957 -0.45377 0.63066 -0.8313 0.26254 0.48991 0.6554 -0.33405 -0.67739 0.40262 -0.39229 -0.82705 0.27253 -0.41801 -0.8666 0.11608 -0.4656 -0.87735 0.04126 -0.47074 -0.88131 0.91907 -0.10619 0.37951 0.98772 0.07828 0.13523 0.99848 -0.0117 -0.05395 0.96758 -0.18975 -0.16667 0.92145 -0.19641 -0.33519 0.78489 -0.26039 -0.56227 0.53375 -0.37255 -0.75915 0.16039 -0.46517 -0.87057 0.24748 -0.43439 -0.86606 0.9411 -0.0638 0.33205 0.98546 -0.11671 -0.12351 0.96198 -0.17216 -0.21202 0.88068 -0.2204 -0.41932 0.79008 -0.25834 -0.55591 0.65545 -0.33618 -0.67629 0.51138 -0.37578 -0.77284 0.99641 -0.00481 0.08451 0.40932 -0.38997 -0.82485 0.7334 -0.57995 0.35467 0.72976 -0.6228 0.28209 0.72971 -0.62313 0.2815 0.72071 -0.66189 0.2061 -0.05465 0.92417 -0.37805 0.13425 0.94128 -0.3098 0.03474 0.936 -0.35028 0.56445 0.82344 -0.05787 0.60451 0.62509 0.4938 0.41641 0.66519 0.61978 0.15903 0.67843 0.71724 0.34225 0.23231 0.91044 0.53271 0.12131 0.83756 0.68293 0.32769 0.65286 0.15662 0.6834 -0.71305 0.67931 0.41821 -0.60302 0.03259 -0.46271 -0.88591 0.11122 -0.46997 -0.87565 0.74759 0.53484 0.39377 0.10397 -0.47568 -0.87345 0.00431 0.97013 0.24256 -0.10523 0.91425 -0.39125 -0.06407 0.95549 -0.288 -0.11811 0.91949 -0.37494 -0.11779 0.88705 -0.4464 -0.12809 0.85663 -0.49978 -0.14243 0.85517 -0.4984 -0.13071 0.8655 -0.48355 -0.06444 0.82406 -0.56283 -0.04595 0.81452 -0.57831 -0.03864 0.8079 -0.58805 0.00863 0.82024 -0.57195 0.06415 0.81816 -0.57141 0.1084 0.8343 -0.54055 0.12572 0.83951 -0.5286 0.13585 0.87715 -0.4606 0.10702 0.89347 -0.43618 0.09901 0.92205 -0.37419 0.07774 0.92096 -0.38183 -0.03701 0.93453 -0.35395 -0.05539 0.92922 -0.36534 -0.10741 0.91303 -0.39349 -0.11299 0.92106 -0.37268 -0.11938 0.91783 -0.3786 -0.13902 0.87305 -0.4674 -0.13238 0.86675 -0.48086 -0.12572 0.84691 -0.51667 -0.11561 0.83036 -0.5451 -0.08362 0.82761 -0.55504 -0.02563 0.81813 -0.57446 0.02143 0.8191 -0.57325 0.07907 0.82351 -0.56176 0.0794 0.81186 -0.57843 0.08959 0.84183 -0.53225 0.11354 0.85725 -0.50222 0.13206 0.88446 -0.44753 0.14355 0.87769 -0.45723 0.12165 0.88537 -0.44869 0.10656 0.91568 -0.38752 0.13766 0.9183 -0.37118 0.04469 0.92709 -0.37217 -0.03677 0.93573 -0.3508 -0.05977 0.92793 -0.36794 -0.07639 0.91825 -0.38855 -0.14951 0.87278 -0.46465 -0.13489 0.88377 -0.44806 -0.13219 0.87964 -0.45689 -0.1141 0.84081 -0.52917 -0.11468 0.8402 -0.53001 -0.11168 0.83539 -0.53819 -0.05022 0.83048 -0.55478 -0.01334 0.81378 -0.58102 -0.01224 0.81484 -0.57955 0.04003 0.80909 -0.58631 0.01959 0.8106 -0.58528 0.07896 0.81983 -0.56713 0.09327 0.82784 -0.55316 0.11495 0.86411 -0.49 0.13791 0.86818 -0.4767 0.12605 0.87797 -0.46182 0.11997 0.90476 -0.40867 0.08798 0.91173 -0.40125 0.05412 0.93061 -0.36198 0.03698 0.9377 -0.34548 0.00416 0.93429 -0.35649 -0.30733 0.81623 -0.48921 0.19933 -0.48537 -0.85129 0.55477 -0.38112 -0.73958 0.94605 0.13943 0.29249 0.40344 0.3851 0.83002 0.3132 0.04538 0.9486 0.87004 -0.22978 -0.43616 0.94168 -0.16025 -0.2959 0.99226 -0.06611 -0.10513 0.99442 0.04404 0.09586 0.90494 0.11558 0.40955 0.87754 0.20972 0.4312 0.80727 0.27119 0.52419 0.61185 0.09978 0.78466 0.36128 -0.45535 -0.81372 0.69761 -0.32117 -0.64046 0.77179 -0.3096 -0.55541 0.42704 0.77616 -0.46391 0.11747 0.8958 -0.42865 0.19866 0.65352 -0.73037 0.07699 0.8244 -0.56074 -0.02539 0.80729 -0.58961 -0.62293 0.60509 -0.4958 -0.11673 0.84544 -0.52116 -0.07519 0.98917 0.12608 0.74157 0.65004 0.16589 0.85697 0.31229 -0.40998 0.38727 0.28609 -0.87646 -0.26984 0.53198 -0.80261 -0.00431 0.81843 -0.57459 -0.18569 0.96776 -0.17015 -0.11623 0.91268 -0.39179 0.34634 0.93742 -0.03603 0.37605 0.91771 -0.12801 0.45547 0.83807 -0.30032 0.17605 0.86325 -0.47308 -0.08233 0.82088 -0.56513 -0.10612 0.90586 -0.41008 -0.00967 0.99664 -0.08139 0.08411 0.99451 -0.06228 0.17145 0.94242 -0.28713 0.41777 0.82137 -0.38836 0.62165 0.65943 -0.42273 0.47148 0.69812 -0.53883 0.12401 0.90073 -0.41629 0.1335 0.84904 -0.51119 0.11871 0.85884 -0.4983 0.10159 0.84178 -0.53017 -0.43501 0.49345 -0.75318 -0.33413 0.63191 -0.69932 -0.51132 0.55721 -0.65426 -0.40004 0.75304 -0.5224 -0.54869 0.72542 -0.41558 -0.4704 0.79602 -0.38089 -0.11304 0.83994 -0.53078 -0.11215 0.84098 -0.52931 -0.13091 0.88557 -0.44568 -0.15871 0.98267 -0.09581 0.18175 0.92208 0.34167 0.26361 0.9598 0.0964 0.33077 0.94349 -0.02034 0.38992 0.90193 -0.1857 0.8129 0.5823 -0.01127 0.75071 0.63802 -0.17137 0.83924 0.49752 -0.21944 0.69348 0.48182 -0.53566 0.78355 -0.261 -0.56385 0.4927 0.51463 -0.70172 0.26545 -0.4682 -0.84281 0.1351 0.8784 -0.45843 0.11255 0.86185 -0.49452 0.09082 0.84597 -0.52544 -0.05073 0.65469 -0.75419 -0.27026 0.58549 -0.7643 -0.43107 0.50338 -0.74886 -0.41042 0.79661 -0.44382 -0.36596 0.87694 -0.31153 -0.13253 0.88065 -0.45486 -0.11433 0.87628 -0.46805 0.55697 0.82556 0.09074 0.39234 0.90294 -0.17541 0.61722 0.77725 -0.12218 0.73235 0.6654 -0.14459 0.11374 0.91926 -0.37686 0.40728 0.76363 -0.50098 0.42722 0.69245 -0.58137 0.50534 0.50761 -0.69783 0.15349 0.86511 -0.47753 0.11312 0.82629 -0.55177 0.08907 0.83011 -0.55044 0.04 0.82048 -0.57028 0.03789 0.84069 -0.54019 -0.04583 0.81146 -0.58261 -0.46182 0.68882 -0.55879 -0.08817 0.80801 -0.58253 -0.50505 0.79332 -0.33994 -0.63 0.75225 -0.19293 -0.45172 0.85052 -0.26939 -0.25148 0.89561 -0.36693 -0.14992 0.86781 -0.47374 -0.14517 0.85677 -0.49485 -0.14154 0.92204 -0.3603 0.02602 0.99964 0.00679 0.25422 0.93457 0.2489 0.19581 0.97972 -0.04241 -0.0133 0.99397 0.10886 0.0694 0.93509 -0.34754 0.12901 0.86222 -0.48983 0.03453 0.82357 -0.56616 -0.06647 0.80669 -0.58723 -0.07378 0.84231 -0.53392 0.06759 0.95642 0.28405 0.70746 0.60631 -0.36315 0.48853 0.32945 -0.80796 0.05182 0.79822 -0.60013 -0.08112 0.78506 -0.61408 -0.08392 0.82615 -0.55716 -0.13464 0.83846 -0.52807 -0.13791 0.85734 -0.49593 -0.11371 0.91446 -0.38838 0.07854 0.97015 -0.22943 0.11406 0.92236 -0.36911 0.05578 0.81609 -0.57523 -0.01209 0.99951 -0.02873 -0.04201 0.48871 0.87144 -0.1453 0.59321 0.79182 -0.23632 0.78588 0.57145 -0.1849 0.46631 0.86508 -0.04021 0.47455 0.87931 -0.24558 0.8824 0.40133 -0.11187 0.6769 0.72752 0.17003 0.66894 0.72361 -0.00845 0.68843 0.72525 -0.11274 0.80281 0.58548 -0.03969 0.47909 0.87687 0.10565 0.47704 0.87251 0.34478 0.39546 0.85131 0.60272 0.41558 0.68119 0.98181 -0.0988 -0.16212 0.87352 -0.17478 -0.45432 0.28908 -0.67471 -0.67912 0.47923 -0.57011 -0.66732 0.64211 -0.20245 -0.7394 0.99933 -0.03241 0.01689 0.94854 0.12232 0.29208 -0.17497 -0.56931 -0.80329 0.82824 0.27246 0.48967 0.89547 0.22347 0.38496 0.98872 0.05947 0.13746 0.99076 -0.0713 -0.11536 0.9483 -0.12708 -0.29082 0.89326 -0.14744 -0.42467 0.83977 -0.12522 -0.5283 0.67515 0.11872 -0.72807 0.56766 0.09444 -0.81783 0.4958 -0.42828 -0.75548 0.24906 -0.64545 -0.72205 0.16598 -0.53825 -0.82628 -0.0679 -0.52405 -0.84897 0.74361 -0.3249 -0.58437 0.98422 0.02936 0.17447 -0.18192 -0.55346 -0.81276 -0.16214 -0.46615 -0.86972 0.0998 -0.51906 -0.84889 0.17274 -0.67965 -0.71291 0.45903 -0.53297 -0.71079 0.56513 -0.41282 -0.71429 0.93065 -0.1481 -0.33459 0.9978 -0.06309 -0.02053 0.91075 -0.14409 0.38701 0.8845 0.18959 0.42627 0.79881 0.28271 0.53102 0.54856 0.37792 0.74583 0.44066 0.39502 0.80609 0.35819 0.29795 0.88483 -0.07638 0.84536 0.5287 0.08628 0.61318 0.78522 -0.14643 0.91406 0.37823 0.36302 0.45617 0.81248 0.5797 0.36026 0.73086 0.72506 0.32324 0.60811 -0.24419 0.48184 0.84154 -0.37454 0.66703 0.64405 -0.53556 0.61833 0.57519 -0.6852 -0.33919 -0.64456 -0.80167 -0.2957 -0.51951 -0.69431 0.33891 0.63488 -0.30622 0.47729 0.82366 -0.1672 -0.455 -0.87466 -0.09164 -0.91905 -0.38335 -0.12939 -0.86449 -0.48572 -0.34826 0.63807 0.68671 -0.40293 0.41059 0.81796 -0.38616 -0.03624 0.92172 -0.96145 0.12449 0.24519 -0.90797 -0.38285 0.17032 -0.59668 -0.39451 -0.69881 -0.30593 -0.46715 -0.82956 -0.18166 -0.78002 -0.5988 -0.82303 0.28799 0.48957 -0.87597 0.22514 0.42661 -0.99906 0.01454 0.04086 -0.90543 -0.41762 0.07603 -0.85488 -0.50721 -0.10919 -0.467 -0.42538 -0.77522 -0.55733 0.35766 0.7493 -0.86913 -0.49392 0.02556 -0.88115 -0.25258 -0.39972 -0.09247 -0.91387 -0.39535 -0.99049 0.08295 0.10976 -0.21292 -0.44663 -0.86902 -0.37157 -0.43316 -0.82116 -0.85109 -0.25081 -0.46124 -0.91927 -0.17604 -0.35206 -0.96003 -0.11813 -0.25374 -0.9904 -0.0589 -0.12503 -0.9995 0.03137 0.00404 -0.96229 0.12411 0.24206 -0.88375 0.21431 0.416 -0.76743 0.31789 0.55677 -0.64119 0.39564 0.65753 -0.44593 0.77974 0.43949 -0.27259 0.49899 0.82262 -0.51812 -0.4052 -0.75324 0.4757 0.76531 0.4336 0.42411 0.63835 0.64237 0.30672 0.45609 0.83541 0.30369 0.45739 0.8358 0.04044 -0.46568 -0.88403 0.13558 -0.47603 -0.86891 0.83077 -0.27533 -0.48376 0.77262 0.036 0.63385 0.23739 -0.46992 -0.85019 0.41862 -0.43374 -0.79789 0.8461 -0.26036 -0.46511 0.92948 -0.18186 -0.32092 0.95949 0.1226 0.25367 0.52733 -0.27208 0.80492 0.49392 -0.02352 0.86919 0.60395 -0.36576 -0.70814 0.73193 -0.3191 -0.60204 0.99918 -0.02649 -0.0306 0.99525 0.02789 0.09327 0.88212 0.18604 0.43272 0.68368 -0.1913 0.70426 0.64922 -0.04099 0.7595 0.39718 0.43538 0.80789 0.33916 0.43624 0.83347 0.2652 -0.48438 -0.83369 0.97647 -0.11174 -0.18446 0.35041 0.8201 0.45238 0.8933 0.21082 0.39695 0.56748 -0.38659 -0.72699 0.80869 0.29099 0.51122 0.95101 0.1449 0.2731 0.99076 0.05523 0.12387 0.99991 -0.0075 -0.01121 0.98628 -0.07774 -0.14565 0.92199 -0.18696 -0.33909 0.72867 -0.32366 -0.60356 0.45423 -0.40884 -0.79154 0.29257 -0.46443 -0.83589 0.32525 0.47577 0.81723 0.3178 0.92409 0.21227 0.96514 -0.1281 -0.22825 -0.61258 -0.78409 -0.09969 0.00058 0.96129 0.27555 -0.01059 0.87974 0.47534 -0.11387 0.63746 0.76202 -0.59969 0.60417 0.52474 -0.61634 0.37076 0.69474 -0.45606 0.43091 0.77867 -0.33716 0.41316 0.84594 -0.02766 0.47497 0.87957 0.46454 -0.88464 0.04018 -0.25536 -0.44036 -0.86074 -0.11116 -0.45995 -0.88096 -0.17175 -0.4711 -0.8652 -0.59926 -0.62719 -0.49751 -0.12232 -0.87969 0.45955 -0.12846 -0.87562 0.46561 -0.12976 -0.88026 0.4564 -0.11848 -0.90161 0.41602 -0.1116 -0.90837 0.40301 -0.01992 -0.93917 0.34287 -0.00563 -0.93332 0.35901 0.04617 -0.93525 0.35095 0.06565 -0.92897 0.36428 0.08172 -0.91607 0.3926 0.11866 -0.90425 0.41018 0.12553 -0.88191 0.45439 0.12958 -0.87519 0.46611 0.12572 -0.86614 0.48373 0.09047 -0.84456 0.52777 0.06663 -0.81059 0.58181 0.01236 -0.81017 0.58606 0.01636 -0.81191 0.58356 -0.0314 -0.8249 0.5644 -0.08342 -0.82156 0.56399 -0.11289 -0.84716 0.51921 -0.12721 -0.85322 0.50579 -0.12921 -0.8733 0.46974 -0.11297 -0.8986 0.42397 -0.11035 -0.9083 0.4035 -0.06866 -0.92355 0.37729 -0.02312 -0.92902 0.3693 0.04254 -0.9382 0.34347 0.05994 -0.92989 0.36292 0.12935 -0.91153 0.39037 0.10734 -0.90398 0.41388 0.13545 -0.8875 0.44045 0.12671 -0.87798 0.46162 0.09095 -0.84155 0.53247 0.08881 -0.8242 0.55929 0.05401 -0.82612 0.56089 0.00982 -0.81364 0.58129 -0.02941 -0.80539 0.59201 -0.03837 -0.82193 0.5683 -0.06875 -0.82021 0.56792 -0.09824 -0.84138 0.53143 -0.12214 -0.87105 0.47577 -0.13483 -0.87764 0.45996 -0.12153 -0.90056 0.41739 -0.12175 -0.91092 0.3942 -0.09683 -0.91669 0.38769 -0.03864 -0.93547 0.35128 -0.01757 -0.93822 0.34558 0.02767 -0.9409 0.33756 0.07568 -0.92319 0.37682 0.11166 -0.90948 0.40047 0.13172 -0.89039 0.43572 0.13764 -0.85132 0.50627 0.14936 -0.87049 0.46897 0.12161 -0.85895 0.49741 0.08332 -0.82859 0.55363 0.08695 -0.82391 0.56001 0.20152 -0.89138 0.40599 0.11837 -0.8723 0.47443 0.09235 -0.83366 0.5445 0.12208 -0.86902 0.47948 0.13271 -0.87202 0.47113 -0.12557 -0.87714 0.46353 -0.22623 -0.56575 0.79294 -0.41368 -0.31939 0.85256 0.06475 -0.83165 0.55152 0.02564 -0.94964 0.3123 0.02516 -0.93418 0.35592 0.25154 -0.88773 0.38556 -0.04382 -0.59956 0.79913 -0.05056 -0.56492 0.8236 0.06079 -0.8169 0.57356 -0.42515 -0.62734 0.65245 -0.02773 -0.83102 0.55555 -0.30537 -0.90384 0.29969 -0.25473 -0.96531 0.0573 -0.1314 -0.89738 0.42123 0.14247 -0.97725 -0.15711 0.3276 -0.93639 0.12592 0.61905 -0.78508 0.0208 0.67929 -0.60459 0.41598 0.43635 -0.76866 0.46771 0.09875 -0.90199 0.42032 0.1233 -0.87732 0.46379 -0.47101 -0.80624 0.35794 -0.24108 -0.9216 -0.3042 -0.14231 -0.93276 0.33121 0.12745 -0.9859 0.10843 0.05227 -0.93538 0.34977 0.56042 -0.72675 0.3972 0.1284 -0.85186 0.50779 0.17865 -0.86266 0.47318 0.25985 -0.89642 0.35905 -0.13338 -0.87763 0.46042 -0.1188 -0.89809 0.42347 -0.07898 -0.99665 0.02101 -0.06999 -0.9972 -0.02639 -0.11357 -0.91117 0.39607 -0.07719 -0.91643 0.39269 0.03305 -0.94394 0.32847 0.34774 -0.92791 0.1344 0.04686 -0.92892 0.3673 0.12007 -0.90923 0.3986 0.51022 -0.6506 0.56249 0.21398 -0.85038 0.48069 0.12008 -0.89807 0.42315 0.17066 -0.81173 0.55854 0.24176 -0.50437 0.82895 0.1471 -0.83522 0.52988 0.10524 -0.72644 0.67912 0.03882 -0.81902 0.57245 -0.04799 -0.8105 0.58377 -0.04061 -0.80111 0.59714 -0.14174 -0.86944 0.47326 0.10644 -0.99152 0.0746 0.22884 -0.97346 0.00177 0.46212 -0.86508 -0.19516 0.33748 -0.91478 0.22202 0.58312 -0.76748 0.26635 0.14023 -0.92226 0.36025 0.36206 -0.77966 0.51092 0.11389 -0.90554 0.40868 0.12464 -0.88837 0.44188 0.06432 -0.84883 0.52474 -0.17781 -0.258 0.94964 -0.74007 0.3101 0.59677 -0.78365 -0.17304 0.59662 -0.72925 -0.38734 0.56406 -0.8118 -0.36081 0.45912 -0.89166 -0.36017 0.27425 -0.51139 -0.72939 0.4544 -0.86248 -0.49259 0.11616 -0.83664 -0.53281 -0.12706 -0.74678 -0.63086 -0.21057 -0.46843 -0.87899 0.08915 -0.36496 -0.93088 0.01656 -0.35203 -0.89241 -0.28229 -0.1262 -0.95458 0.2699 0.27665 -0.93908 0.20396 0.05716 -0.94175 0.33142 0.36566 -0.8461 0.38783 0.14406 -0.90947 0.39002 0.11789 -0.9035 0.41206 0.1331 -0.88064 0.45471 0.10281 -0.8566 0.50564 0.10147 -0.85142 0.51458 0.04649 -0.81156 0.58242 -0.19312 -0.57079 0.79806 -0.09459 -0.70829 0.69956 -0.07586 -0.82756 0.55623 -0.17619 -0.86681 0.46647 -0.10497 -0.91038 0.40025 0.28758 -0.9543 0.08133 0.07126 -0.9333 0.35196 -0.13077 -0.44454 0.88616 -0.54711 -0.38693 0.74227 -0.1112 -0.91684 0.38345 -0.06755 -0.92754 0.36757 -0.05851 -0.92223 0.38218 -0.00723 -0.93911 0.34355 -0.65593 -0.34683 -0.67042 -0.24991 0.49602 0.83157 -0.81271 -0.25977 -0.52156 -0.96584 -0.10454 -0.23711 -0.99653 0.06155 0.05606 -0.80678 0.28791 0.51596 -0.40087 0.46788 0.78765 -0.07088 0.76424 0.64102 -0.49655 -0.38618 -0.77737 -0.995 -0.04058 -0.09124 -0.92102 0.21319 0.326 -0.70436 0.52417 0.47867 0.00059 0.9612 0.27584 -0.00077 0.88196 -0.47132 0.00526 0.88286 -0.4696 0.00512 0.88077 -0.47351 0.00448 0.88023 -0.47452 0.00013 0.87926 -0.47635 0.00015 0.87952 -0.47586 -0.00077 0.88196 -0.47132 0.67486 0.64754 -0.35392 0.67067 0.72154 -0.17201 0.0242 0.88207 -0.47049 -0.0041 0.87786 -0.47889 -0.00077 0.88196 -0.47132 -0.00077 0.88196 -0.47132 -0.00077 0.88196 -0.47132 -0.00077 0.88196 -0.47132 -0.00077 0.88196 -0.47132 -0.00077 0.88196 -0.47132 -0.00077 0.88196 -0.47132 -0.00077 0.88196 -0.47132 0.01117 0.88182 -0.47146 -0.00077 0.88196 -0.47132 -0.00077 0.88196 -0.47132 -0.00077 0.88196 -0.47132 -0.00077 0.88196 -0.47132 -0.00077 0.88196 -0.47132 -0.00077 0.88196 -0.47132 -0.00077 0.88196 -0.47132 -0.02951 0.85139 -0.5237 -0.10346 0.68969 -0.71668 0.18853 0.91787 -0.34925 0.07331 0.89383 -0.44237 0.74114 0.6386 -0.20712 0.43069 0.82672 -0.362 0.34159 0.80631 -0.48289 0.29137 0.82472 -0.48471 0.04241 0.87964 -0.47375 0.00766 0.88129 -0.47252 0.01489 0.87447 -0.48485 0.15435 0.73398 -0.6614 -0.01702 0.86896 -0.49459 0.0096 0.87402 -0.48579 -0.02252 0.86896 -0.49437 0.03729 0.88939 -0.45562 -0.77087 -0.29282 -0.56571 -0.92896 -0.1634 -0.33216 -0.99714 -0.04739 -0.05887 -0.98501 0.07637 0.15469 -0.87532 0.20895 0.43607 -0.73749 0.30553 0.60229 -0.49223 0.43681 0.75293 -0.09211 0.50098 0.86055 0.33901 0.41444 0.84458 0.45351 0.59087 0.66723 -0.61775 0.37021 0.69377 -0.49718 0.41006 0.76463 -0.21661 0.4461 0.86837 0.13816 0.45326 0.88061 0.37248 0.43206 0.82133 0.63479 0.34507 0.69135 0.45066 0.56327 0.69255 0.15263 0.59135 0.79184 0.01061 0.51108 0.85947 -0.30015 0.52621 0.79562 -0.46475 0.41895 0.78006 -0.70602 0.31459 0.63449 -0.91024 0.18973 0.36806 -0.9834 0.07534 0.16508 -0.98529 -0.09917 -0.13916 -0.87112 -0.25518 -0.41955 -0.60655 -0.39461 -0.6902 -0.24169 -0.47595 -0.84561 0.06558 -0.46684 -0.88191 0.38338 -0.45248 -0.80516 0.71144 -0.34146 -0.61421 0.93275 -0.16574 -0.32018 0.99815 -0.01204 -0.05963 0.96894 0.11637 0.21821 0.79678 0.29052 0.52985 0.5655 0.39002 0.7267 0.24321 0.45687 0.85564 -0.00206 0.46021 0.88781 -0.32027 0.43153 0.84333 -0.53229 0.39423 0.74917 -0.74383 0.32536 0.58383 -0.88728 0.22576 0.4022 -0.98726 0.07896 0.13814 -0.9928 -0.0435 -0.11162 -0.91814 -0.17466 -0.35568 -0.7792 -0.29106 -0.5551 -0.56019 -0.40225 -0.72414 -0.31962 -0.42917 -0.84478 -0.13774 -0.45955 -0.87741 0.13832 -0.46322 -0.87538 0.36349 -0.42712 -0.82792 0.5783 -0.40069 -0.71065 0.82197 -0.28882 -0.49086 0.9578 -0.14682 -0.24711 0.99957 0.00466 0.02896 0.91958 0.16433 0.35688 0.77349 0.29513 0.56091 0.60556 0.3594 0.71002 0.2979 0.42895 0.8528 -0.02092 0.47644 0.87896 -0.26303 0.45404 0.85127 -0.45334 0.41553 0.78855 -0.66886 0.33731 0.66245 -0.85248 0.23326 0.46784 -0.96592 0.10854 0.23498 -0.99953 -0.02571 -0.01661 -0.9541 -0.12139 -0.27379 -0.88475 -0.20765 -0.41726 -0.73157 -0.32188 -0.60099 -0.54042 -0.38394 -0.74869 -0.32805 -0.46389 -0.82291 0.01522 -0.49138 -0.87081 0.29629 -0.45229 -0.84121 0.48918 -0.40888 -0.7704 0.69341 -0.33579 -0.63751 0.8696 -0.22833 -0.4378 0.97297 -0.10807 -0.20408 0.99676 0.0311 0.07422 0.88493 0.20283 0.41923 -0.48279 -0.40416 -0.7769 -0.16615 -0.44581 -0.87957 0.18772 -0.44514 -0.87557 0.44301 -0.41955 -0.79229 0.7333 -0.30826 -0.60601 0.94512 -0.15276 -0.28882 0.99969 -0.02301 -0.00993 0.96343 0.11173 0.24357 0.83865 0.25307 0.4823 0.55856 0.39089 0.73159 0.29428 0.44132 0.84772 0.01268 0.46989 0.88263 -0.17978 0.44789 0.87583 -0.43279 0.43862 0.78759 -0.69412 0.35127 0.62834 -0.89709 0.21338 0.38692 -0.97668 0.09182 0.19408 -0.99939 -0.02837 -0.02026 -0.94176 -0.15795 -0.29687 -0.74296 -0.29709 -0.59979 -0.46905 -0.395 -0.78992 -0.12608 -0.46136 -0.87821 0.116 -0.4679 -0.87613 0.45594 -0.39827 -0.79593 0.70899 -0.33536 -0.62038 0.88421 -0.20704 -0.41869 0.98538 -0.05713 -0.16052 0.97799 0.10918 0.17779 0.86191 0.25208 0.43995 0.67768 0.35899 0.64178 0.4495 0.41714 0.7899 0.14052 0.48801 0.86145 -0.23543 0.48094 0.84455 -0.53064 0.41191 0.74078 -0.75111 0.32357 0.57544 -0.90886 0.20878 0.3611 -0.99017 0.07789 0.11617 -0.98779 -0.0654 -0.14141 -0.90526 -0.20084 -0.37439 -0.73071 -0.30948 -0.6085 -0.4424 -0.40405 -0.80064 -0.24088 -0.48153 -0.84268 -0.09825 -0.48598 -0.86843 0.17809 -0.45076 -0.8747 0.45915 -0.411 -0.78757 0.68698 -0.34487 -0.63962 0.86644 -0.23808 -0.43887 0.97734 -0.08683 -0.19307 0.97857 0.11741 0.16915 0.8155 0.28586 0.50324 0.59174 0.38291 0.70938 0.34929 0.45044 0.82165 0.04668 0.46378 0.88472 -0.2319 0.45846 0.85793 -0.49663 0.4067 0.76678 -0.61963 0.36687 0.69387 0.62456 0.36851 0.68856 0.65382 0.32307 0.68422 0.68031 0.27815 0.67809 0.64979 0.32957 0.68495 0.33121 0.13025 -0.93452 0.35468 0.13503 -0.92519 0.33162 0.13033 -0.93437 0.30795 0.12547 -0.94309 0.0751 0.38423 -0.92018 -0.14128 0.1608 -0.97682 0.07668 0.35264 -0.93261 0.07569 0.3285 -0.94147 -0.04502 0.16064 -0.98599 -0.04079 0.17825 -0.98314 -0.05325 -0.62828 -0.77616 -0.11993 -0.87547 -0.46816 -0.12156 -0.88048 -0.45823 -0.05905 -0.6524 -0.75557 0.78029 -0.5998 0.17715 0.70685 -0.70014 0.10081 0.73874 -0.66088 0.13231 0.80652 -0.55322 0.2085 0.77589 -0.62794 0.06064 0.79096 -0.61127 0.0272 0.79465 -0.60679 0.01854 0.77219 -0.63169 0.06845 0.00356 -0.81244 0.58303 -0.13864 -0.97585 0.16879 0.02824 -0.76597 0.64225 -0.11974 -0.96538 0.23173 -0.47767 -0.27544 0.83424 -0.55282 -0.22936 0.80111 -0.53807 -0.35932 0.76247 -0.5294 -0.39657 0.74998 -0.46997 -0.28259 0.83622 -0.26718 -0.42833 0.86322 -0.33615 -0.33862 0.87883 -0.4443 -0.36314 0.81898 -0.34085 -0.33225 0.87945 -0.39833 -0.35809 0.84446 -0.50649 -0.35982 0.78358 -0.10101 -0.37182 0.92279 -0.10328 -0.3837 0.91767 -0.10706 -0.40349 0.9087 -0.10787 -0.40775 0.9067 0.12486 0.40042 -0.90778 0.2988 0.25632 -0.91925 0.16445 0.36987 -0.91441 0.26352 0.28769 -0.92076 -0.07616 0.06779 -0.99479 0.02003 0.22581 -0.97397 0.18155 0.37827 -0.90772 0.15931 0.34008 -0.9268 0.06812 0.20124 -0.97717 -0.16938 0.0118 -0.98548 -0.22267 -0.0334 -0.97432 0.5282 0.29404 -0.79659 0.5573 0.4026 -0.72617 0.55035 0.37373 -0.74662 0.51734 0.25949 -0.81549 -0.70865 0.45228 -0.54153 -0.70807 0.45115 -0.54323 -0.68602 0.4107 -0.60058 -0.72672 0.49014 -0.48129 -0.40915 0.40484 -0.81774 -0.55704 0.32338 -0.76494 -0.57865 0.35182 -0.73579 -0.59764 0.40674 -0.69094 -0.40363 0.41023 -0.8178 -0.63552 -0.6032 0.48193 -0.62545 -0.62606 0.46569 -0.62816 -0.6154 0.47614 -0.70006 -0.49041 0.51906 -0.6866 -0.53761 0.48944 -0.70466 -0.45485 0.54458 -0.57864 -0.74822 0.32457 -0.55441 -0.82817 0.08225 -0.54715 -0.83323 0.0797 -0.5512 -0.83011 0.08423 -0.62806 -0.77234 0.09504 -0.62262 -0.7756 0.10387 -0.69831 -0.69455 0.17311 -0.70631 -0.68839 0.16503 -0.58861 -0.74358 0.31722 -0.57862 -0.74824 0.32454 0.59905 0.20911 -0.77293 0.59905 0.20911 -0.77293 0.59905 0.20911 -0.77293 0.6554 0.19733 -0.72905 0.6554 0.19733 -0.72905 0.6554 0.19733 -0.72905 0.37164 -0.60423 -0.70483 0.37164 -0.60423 -0.70483 0.37164 -0.60423 -0.70483 0.0211 -0.11727 0.99288 0.0211 -0.11727 0.99288 0.0211 -0.11727 0.99288 0.27802 -0.31119 0.90877 0.27802 -0.31119 0.90877 0.27802 -0.31119 0.90877 0.12121 -0.58272 -0.80358 0.12121 -0.58272 -0.80358 0.12121 -0.58272 -0.80358 0.9434 -0.15566 -0.29285 0.9434 -0.15566 -0.29285 0.9434 -0.15566 -0.29285 0.89871 -0.20607 -0.38711 0.89871 -0.20607 -0.38711 0.89871 -0.20607 -0.38711 0.84203 -0.25366 -0.47607 0.84203 -0.25366 -0.47607 0.84203 -0.25366 -0.47607 0.77412 -0.2978 -0.55862 0.77412 -0.2978 -0.55862 0.77412 -0.2978 -0.55862 0.69593 -0.33791 -0.63364 0.69593 -0.33791 -0.63364 0.69593 -0.33791 -0.63364 -0.00066 0.47132 0.88196 -0.00066 0.47132 0.88196 -0.00066 0.47132 0.88196 -0.00066 0.47132 0.88196 -0.00066 0.47132 0.88196 -0.00066 0.47132 0.88196 -0.67732 -0.34717 -0.64863 -0.67732 -0.34717 -0.64863 -0.67732 -0.34717 -0.64863 -0.75697 -0.30847 -0.57606 -0.75697 -0.30847 -0.57606 -0.75697 -0.30847 -0.57606 -0.82675 -0.26567 -0.49588 -0.82675 -0.26567 -0.49588 -0.82675 -0.26567 -0.49588 -0.88567 -0.2194 -0.40921 -0.88567 -0.2194 -0.40921 -0.88567 -0.2194 -0.40921 -0.93294 -0.17028 -0.31721 -0.93294 -0.17028 -0.31721 -0.93294 -0.17028 -0.31721 0.13105 0.13032 -0.98277 0.13105 0.13032 -0.98277 0.13105 0.13032 -0.98277 0.12406 -0.02295 -0.99201 0.12406 -0.02295 -0.99201 0.12406 -0.02295 -0.99201 0.1316 -0.44593 -0.88534 0.1316 -0.44593 -0.88534 0.1316 -0.44593 -0.88534 0.12416 -0.53965 0.83268 0.12416 -0.53965 0.83268 0.12416 -0.53965 0.83268 0.55073 0.19422 -0.81177 0.55073 0.19422 -0.81177 0.55073 0.19422 -0.81177 -0.4797 0.30331 0.82334 -0.4797 0.30331 0.82334 -0.4797 0.30331 0.82334 -0.36047 -0.81074 -0.46127 -0.36047 -0.81074 -0.46127 -0.36047 -0.81074 -0.46127 -0.287 -0.46829 0.83567 -0.287 -0.46829 0.83567 -0.287 -0.46829 0.83567 0.92023 -0.11656 0.37361 0.92023 -0.11656 0.37361 0.92023 -0.11656 0.37361 0.34107 0.51217 0.78826 0.34107 0.51217 0.78826 0.34107 0.51217 0.78826 0.28534 0.52031 0.8049 0.28534 0.52031 0.8049 0.28534 0.52031 0.8049 -0.24002 0.37176 0.89676 -0.24002 0.37176 0.89676 -0.24002 0.37176 0.89676 0.3659 0.86333 0.34753 0.3659 0.86333 0.34753 0.3659 0.86333 0.34753 0.9889 -0.04837 0.1405 0.9889 -0.04837 0.1405 0.9889 -0.04837 0.1405 -0.13261 0.98908 0.06431 -0.13261 0.98908 0.06431 -0.13261 0.98908 0.06431 -0.14047 0.93733 -0.31888 -0.14047 0.93733 -0.31888 -0.14047 0.93733 -0.31888 0.43411 0.90069 -0.0173 0.43411 0.90069 -0.0173 0.43411 0.90069 -0.0173 -0.13659 -0.95726 -0.25495 -0.13659 -0.95726 -0.25495 -0.13659 -0.95726 -0.25495 0.13518 -0.41662 0.89897 0.13518 -0.41662 0.89897 0.13518 -0.41662 0.89897 0.04188 0.99894 -0.01912 0.04188 0.99894 -0.01912 0.04188 0.99894 -0.01912 -0.80784 -0.50971 0.29597 -0.80784 -0.50971 0.29597 -0.80784 -0.50971 0.29597 -0.74757 -0.3555 0.56103 -0.74757 -0.3555 0.56103 -0.74757 -0.3555 0.56103 0.21801 -0.93426 0.28219 0.21801 -0.93426 0.28219 0.21801 -0.93426 0.28219 0.02168 -0.9971 -0.07289 0.02168 -0.9971 -0.07289 0.02168 -0.9971 -0.07289 -0.96118 -0.26919 -0.06061 -0.96118 -0.26919 -0.06061 -0.96118 -0.26919 -0.06061 0.99754 0.0337 0.06144 0.99754 0.0337 0.06144 0.99754 0.0337 0.06144 -0.99684 0.03674 0.07038 -0.99684 0.03674 0.07038 -0.99684 0.03674 0.07038 -0.99754 -0.03371 -0.06143 -0.99754 -0.03371 -0.06143 -0.99754 -0.03371 -0.06143 -0.97596 -0.10341 -0.19187 -0.97596 -0.10341 -0.19187 -0.97596 -0.10341 -0.19187 0.97388 -0.10639 -0.20061 0.97388 -0.10639 -0.20061 0.97388 -0.10639 -0.20061 0.99684 -0.03676 -0.07037 0.99684 -0.03676 -0.07037 0.99684 -0.03676 -0.07037 -0.28114 -0.45394 -0.84551 -0.28114 -0.45394 -0.84551 -0.28114 -0.45394 -0.84551 -0.19792 -0.46354 -0.86369 -0.19792 -0.46354 -0.86369 -0.19792 -0.46354 -0.86369 -0.11306 -0.46977 -0.87552 -0.11306 -0.46977 -0.87552 -0.11306 -0.46977 -0.87552 -0.02744 -0.47259 -0.88085 -0.02744 -0.47259 -0.88085 -0.02744 -0.47259 -0.88085 0.0583 -0.47195 -0.87969 0.0583 -0.47195 -0.87969 0.0583 -0.47195 -0.87969 0.14365 -0.46781 -0.87208 0.14365 -0.46781 -0.87208 0.14365 -0.46781 -0.87208 0.2279 -0.46021 -0.85806 0.2279 -0.46021 -0.85806 0.2279 -0.46021 -0.85806 0.3109 -0.44924 -0.83757 0.3109 -0.44924 -0.83757 0.3109 -0.44924 -0.83757 -0.28114 -0.45394 -0.84551 -0.28114 -0.45394 -0.84551 -0.28114 -0.45394 -0.84551 -0.19792 -0.46354 -0.86369 -0.19792 -0.46354 -0.86369 -0.19792 -0.46354 -0.86369 -0.11306 -0.46977 -0.87552 -0.11306 -0.46977 -0.87552 -0.11306 -0.46977 -0.87552 -0.02744 -0.47259 -0.88085 -0.02744 -0.47259 -0.88085 -0.02744 -0.47259 -0.88085 0.0583 -0.47195 -0.87969 0.0583 -0.47195 -0.87969 0.0583 -0.47195 -0.87969 0.14365 -0.46781 -0.87208 0.14365 -0.46781 -0.87208 0.14365 -0.46781 -0.87208 0.2279 -0.46021 -0.85806 0.2279 -0.46021 -0.85806 0.2279 -0.46021 -0.85806 0.3109 -0.44924 -0.83757 0.3109 -0.44924 -0.83757 0.3109 -0.44924 -0.83757 -0.79961 -0.28614 -0.52797 -0.79961 -0.28614 -0.52797 -0.79961 -0.28614 -0.52797 -0.72515 -0.32749 -0.60573 -0.72515 -0.32749 -0.60573 -0.72515 -0.32749 -0.60573 -0.65413 -0.35827 -0.66615 -0.65413 -0.35827 -0.66615 -0.65413 -0.35827 -0.66615 -0.58844 -0.38299 -0.71208 -0.58844 -0.38299 -0.71208 -0.58844 -0.38299 -0.71208 -0.51706 -0.40525 -0.75394 -0.51706 -0.40525 -0.75394 -0.51706 -0.40525 -0.75394 -0.44133 -0.42465 -0.79051 -0.44133 -0.42465 -0.79051 -0.44133 -0.42465 -0.79051 -0.36259 -0.44087 -0.82107 -0.36259 -0.44087 -0.82107 -0.36259 -0.44087 -0.82107 -0.28114 -0.45394 -0.84551 -0.28114 -0.45394 -0.84551 -0.28114 -0.45394 -0.84551 -0.19792 -0.46354 -0.86369 -0.19792 -0.46354 -0.86369 -0.19792 -0.46354 -0.86369 -0.11306 -0.46977 -0.87552 -0.11306 -0.46977 -0.87552 -0.11306 -0.46977 -0.87552 -0.02744 -0.47259 -0.88085 -0.02744 -0.47259 -0.88085 -0.02744 -0.47259 -0.88085 0.0583 -0.47195 -0.87969 0.0583 -0.47195 -0.87969 0.0583 -0.47195 -0.87969 0.14365 -0.46781 -0.87208 0.14365 -0.46781 -0.87208 0.14365 -0.46781 -0.87208 0.2279 -0.46021 -0.85806 0.2279 -0.46021 -0.85806 0.2279 -0.46021 -0.85806 0.3109 -0.44924 -0.83757 0.3109 -0.44924 -0.83757 0.3109 -0.44924 -0.83757 0.99999 -0.00153 -0.00448 0.99999 -0.00153 -0.00448 0.99999 -0.00153 -0.00448 -0.99999 0.00153 0.00448 -0.99999 0.00153 0.00448 -0.99999 0.00153 0.00448 0.68774 -0.51304 -0.51362 0.68774 -0.51304 -0.51362 0.68774 -0.51304 -0.51362 0.90004 -0.43553 0.01549 0.90004 -0.43553 0.01549 0.90004 -0.43553 0.01549 0.78787 -0.59801 -0.14712 0.78787 -0.59801 -0.14712 0.78787 -0.59801 -0.14712 0.42544 -0.88292 0.19864 0.42544 -0.88292 0.19864 0.42544 -0.88292 0.19864 -0.58575 -0.80964 -0.03713 -0.58575 -0.80964 -0.03713 -0.58575 -0.80964 -0.03713 0.10529 0.47308 0.8747 0.10529 0.47308 0.8747 0.10529 0.47308 0.8747 0.11551 0.47197 0.87402 0.11551 0.47197 0.87402 0.11551 0.47197 0.87402 0.57768 0.80878 0.11026 0.57768 0.80878 0.11026 0.57768 0.80878 0.11026 -0.37569 0.08811 -0.92255 -0.37569 0.08811 -0.92255 -0.37569 0.08811 -0.92255 -0.25703 -0.96339 -0.0763 -0.25703 -0.96339 -0.0763 -0.25703 -0.96339 -0.0763 0.24615 -0.44954 0.85868 0.24615 -0.44954 0.85868 0.24615 -0.44954 0.85868 0.27939 0.3947 -0.8753 0.27939 0.3947 -0.8753 0.27939 0.3947 -0.8753 0.58453 -0.41986 0.69429 0.58453 -0.41986 0.69429 0.58453 -0.41986 0.69429 -0.9458 -0.21209 0.24593 -0.9458 -0.21209 0.24593 -0.9458 -0.21209 0.24593 -0.44083 -0.70206 0.55926 -0.44083 -0.70206 0.55926 -0.44083 -0.70206 0.55926 0.05895 -0.87407 0.4822 0.05895 -0.87407 0.4822 0.05895 -0.87407 0.4822 0.61155 -0.30164 0.73145 0.61155 -0.30164 0.73145 0.61155 -0.30164 0.73145 -0.74539 -0.66631 0.02083 -0.74539 -0.66631 0.02083 -0.74539 -0.66631 0.02083 0.66927 -0.1878 0.71889 0.66927 -0.1878 0.71889 0.66927 -0.1878 0.71889 0.27907 -0.63908 0.71672 0.27907 -0.63908 0.71672 0.27907 -0.63908 0.71672 0.59967 0.50954 -0.61706 0.59967 0.50954 -0.61706 0.59967 0.50954 -0.61706 0.27651 -0.21241 -0.93724 0.27651 -0.21241 -0.93724 0.27651 -0.21241 -0.93724 -0.16828 -0.86309 0.4762 -0.16828 -0.86309 0.4762 -0.16828 -0.86309 0.4762 -0.06476 0.98677 -0.1486 -0.06476 0.98677 -0.1486 -0.06476 0.98677 -0.1486 0.05252 0.40599 0.91237 0.05252 0.40599 0.91237 0.05252 0.40599 0.91237 -0.03213 0.99382 0.10625 -0.03213 0.99382 0.10625 -0.03213 0.99382 0.10625 0.19654 0.91544 -0.35119 0.19654 0.91544 -0.35119 0.19654 0.91544 -0.35119 0.05454 0.2525 -0.96606 0.05454 0.2525 -0.96606 0.05454 0.2525 -0.96606 0.00175 0.48215 0.87609 0.00175 0.48215 0.87609 0.00175 0.48215 0.87609 -0.46079 -0.56843 0.68159 -0.46079 -0.56843 0.68159 -0.46079 -0.56843 0.68159</float_array>
          <technique_common>
            <accessor count="3074" source="#g0_chrome-nrm-array" stride="3">
              <param type="float" name="X"/>
              <param type="float" name="Y"/>
              <param type="float" name="Z"/>
            </accessor>
          </technique_common>
        </source>
        <vertices id="g0_chrome-pos-vertices">
          <input semantic="POSITION" source="#g0_chrome-pos"/>
        </vertices>
        <triangles count="3803" material="chrome-ref">
          <input offset="0" semantic="VERTEX" source="#g0_chrome-pos-vertices"/>
          <input offset="1" semantic="NORMAL" source="#g0_chrome-nrm"/>
          <p>24 24 21 21 22 22 25 25 21 21 24 24 26 26 25 25 24 24 30 30 24 24 27 27 28 28 25 25 26 26 31 31 24 24 30 30 31 31 26 26 24 24 29 29 26 26 31 31 5 5 42 42 43 43 43 43 2 2 3 3 43 43 41 41 2 2 43 43 3 3 4 4 44 44 43 43 4 4 44 44 5 5 43 43 27 27 22 22 19 19 24 24 22 22 27 27 701 701 700 700 725 725 701 701 291 291 700 700 40 40 39 39 38 38 43 43 38 38 41 41 42 42 38 38 43 43 42 42 40 40 38 38 0 0 411 411 2 2 2 2 41 41 0 0 681 681 680 680 657 657 683 683 179 179 689 689 683 683 300 300 179 179 684 684 300 300 683 683 684 684 683 683 689 689 685 685 186 186 185 185 696 696 686 686 185 185 696 696 695 695 686 686 11 11 9 9 8 8 13 13 10 10 1 1 15 15 13 13 1 1 12 12 11 11 10 10 14 14 10 10 13 13 16 16 10 10 14 14 16 16 12 12 10 10 0 0 41 41 35 35 18 18 17 17 13 13 20 20 17 17 18 18 22 22 15 15 19 19 22 22 18 18 15 15 21 21 18 18 22 22 10 10 6 6 1 1 10 10 8 8 6 6 11 11 8 8 10 10 35 35 30 30 27 27 33 33 32 32 31 31 33 33 31 31 34 34 34 34 31 31 30 30 21 21 20 20 18 18 17 17 16 16 14 14 17 17 14 14 13 13 18 18 13 13 15 15 29 29 28 28 26 26 38 38 35 35 41 41 39 39 37 37 38 38 38 38 37 37 34 34 38 38 34 34 35 35 37 37 36 36 34 34 35 35 34 34 30 30 36 36 33 33 34 34 837 837 833 833 832 832 788 788 849 849 850 850 840 840 726 726 727 727 839 839 840 840 727 727 838 838 839 839 727 727 838 838 727 727 730 730 838 838 730 730 733 733 843 843 200 200 840 840 833 833 789 789 199 199 833 833 788 788 789 789 810 810 792 792 836 836 818 818 815 815 794 794 818 818 794 794 816 816 818 818 817 817 815 815 795 795 832 832 831 831 837 837 832 832 795 795 831 831 198 198 830 830 832 832 198 198 831 831 834 834 795 795 849 849 834 834 837 837 795 795 833 833 199 199 832 832 833 833 837 837 834 834 834 834 788 788 833 833 849 849 788 788 834 834 825 825 197 197 196 196 828 828 197 197 825 825 828 828 827 827 829 829 830 830 197 197 828 828 830 830 828 828 829 829 831 831 830 830 829 829 831 831 829 829 827 827 831 831 827 827 795 795 82 82 81 81 74 74 84 84 80 80 83 83 84 84 63 63 80 80 85 85 83 83 81 81 86 86 83 83 85 85 86 86 84 84 83 83 88 88 81 81 82 82 85 85 81 81 88 88 78 78 75 75 77 77 79 79 77 77 76 76 79 79 78 78 77 77 80 80 76 76 74 74 80 80 79 79 76 76 63 63 79 79 80 80 81 81 80 80 74 74 83 83 80 80 81 81 72 72 69 69 71 71 72 72 62 62 69 69 75 75 71 71 70 70 73 73 71 71 75 75 76 76 70 70 74 74 73 73 72 72 71 71 77 77 75 75 70 70 77 77 70 70 76 76 70 70 67 67 57 57 70 70 65 65 67 67 69 69 65 65 70 70 69 69 68 68 65 65 69 69 66 66 68 68 62 62 66 66 69 69 71 71 69 69 70 70 70 70 57 57 74 74 104 104 99 99 100 100 101 101 58 58 59 59 105 105 101 101 59 59 105 105 103 103 101 101 103 103 105 105 59 59 103 103 59 59 60 60 110 110 349 349 109 109 111 111 348 348 110 110 98 98 95 95 102 102 100 100 99 99 98 98 64 64 96 96 99 99 101 101 98 98 102 102 103 103 100 100 98 98 103 103 98 98 101 101 101 101 102 102 58 58 104 104 100 100 103 103 93 93 92 92 89 89 95 95 93 93 90 90 94 94 92 92 93 93 96 96 94 94 93 93 97 97 94 94 96 96 98 98 93 93 95 95 99 99 96 96 93 93 99 99 93 93 98 98 87 87 86 86 85 85 90 90 88 88 82 82 89 89 85 85 88 88 89 89 87 87 85 85 91 91 87 87 89 89 92 92 91 91 89 89 93 93 88 88 90 90 93 93 89 89 88 88 419 419 405 405 121 121 422 422 402 402 403 403 422 422 403 403 419 419 424 424 398 398 402 402 424 424 402 402 422 422 427 427 397 397 398 398 427 427 398 398 424 424 429 429 395 395 397 397 413 413 66 66 412 412 119 119 408 408 123 123 119 119 123 123 413 413 120 120 407 407 408 408 120 120 408 408 119 119 121 121 405 405 407 407 121 121 407 407 120 120 419 419 403 403 405 405 117 117 107 107 114 114 116 116 117 117 114 114 117 117 108 108 107 107 115 115 118 118 116 116 118 118 117 117 116 116 108 108 117 117 118 118 412 412 61 61 4 4 413 413 123 123 66 66 106 106 348 348 111 111 112 112 110 110 109 109 112 112 109 109 114 114 111 111 110 110 112 112 114 114 109 109 113 113 107 107 111 111 112 112 115 115 114 114 113 113 116 116 114 114 115 115 155 155 169 169 653 653 158 158 157 157 653 653 159 159 158 158 653 653 159 159 653 653 656 656 160 160 159 159 656 656 161 161 160 160 656 656 162 162 161 161 656 656 163 163 162 162 656 656 446 446 380 380 444 444 446 446 378 378 380 380 448 448 378 378 446 446 448 448 377 377 378 378 7 7 60 60 377 377 7 7 377 377 448 448 157 157 156 156 653 653 155 155 653 653 156 156 439 439 388 388 437 437 439 439 122 122 388 388 441 441 122 122 439 439 441 441 384 384 122 122 443 443 384 384 441 441 443 443 383 383 384 384 444 444 383 383 443 443 444 444 380 380 383 383 429 429 397 397 427 427 431 431 393 393 395 395 431 431 395 395 429 429 431 431 392 392 393 393 435 435 389 389 392 392 435 435 392 392 431 431 437 437 389 389 435 435 437 437 388 388 389 389 476 476 168 168 677 677 481 481 677 677 670 670 481 481 476 476 677 677 471 471 670 670 666 666 471 471 481 481 670 670 152 152 471 471 666 666 467 467 666 666 661 661 467 467 152 152 666 666 858 858 129 129 128 128 858 858 130 130 129 129 153 153 127 127 126 126 153 153 128 128 127 127 153 153 858 858 128 128 476 476 153 153 126 126 476 476 125 125 168 168 476 476 126 126 125 125 166 166 165 165 149 149 132 132 256 256 133 133 858 858 256 256 132 132 858 858 131 131 130 130 858 858 132 132 131 131 677 677 166 166 149 149 677 677 167 167 166 166 677 677 168 168 167 167 256 256 154 154 124 124 256 256 136 136 135 135 256 256 124 124 136 136 134 134 256 256 135 135 149 149 163 163 656 656 149 149 164 164 163 163 149 149 165 165 164 164 133 133 256 256 134 134 178 178 144 144 145 145 178 178 145 145 557 557 178 178 141 141 142 142 588 588 140 140 141 141 588 588 141 141 178 178 639 639 139 139 140 140 639 639 140 140 588 588 202 202 139 139 639 639 222 222 789 789 221 221 223 223 789 789 222 222 223 223 199 199 789 789 224 224 199 199 223 223 832 832 199 199 224 224 557 557 145 145 146 146 178 178 142 142 143 143 178 178 143 143 144 144 171 171 689 689 170 170 563 563 186 186 171 171 218 218 720 720 217 217 216 216 217 217 720 720 219 219 720 720 218 218 220 220 789 789 720 720 220 220 720 720 219 219 221 221 789 789 220 220 151 151 467 467 661 661 464 464 661 661 150 150 464 464 151 151 661 661 455 455 464 464 150 150 455 455 150 150 658 658 653 653 169 169 255 255 170 170 689 689 179 179 171 171 186 186 689 689 215 215 216 216 720 720 215 215 718 718 227 227 215 215 720 720 718 718 227 227 148 148 214 214 227 227 214 214 215 215 177 177 148 148 227 227 557 557 146 146 147 147 557 557 147 147 148 148 591 591 842 842 848 848 650 650 842 842 591 591 648 648 842 842 650 650 648 648 201 201 842 842 646 646 201 201 648 648 646 646 200 200 201 201 642 642 200 200 646 646 642 642 840 840 200 200 213 213 189 189 212 212 603 603 802 802 213 213 603 603 797 797 188 188 603 603 188 188 802 802 600 600 797 797 603 603 600 600 187 187 797 797 591 591 187 187 600 600 591 591 848 848 187 187 202 202 138 138 139 139 613 613 809 809 191 191 613 613 191 191 211 211 610 610 190 190 809 809 610 610 809 809 613 613 212 212 189 189 190 190 212 212 190 190 610 610 213 213 802 802 189 189 196 196 229 229 206 206 196 196 197 197 229 229 195 195 196 196 206 206 207 207 195 195 206 206 705 705 555 555 573 573 705 705 573 573 175 175 231 231 823 823 195 195 208 208 195 195 207 207 180 180 176 176 228 228 229 229 197 197 830 830 206 206 229 229 205 205 230 230 229 229 830 830 230 230 204 204 205 205 230 230 198 198 204 204 230 230 205 205 229 229 230 230 830 830 198 198 713 713 227 227 718 718 228 228 227 227 713 713 176 176 227 227 228 228 176 176 177 177 227 227 204 204 198 198 203 203 180 180 228 228 713 713 180 180 175 175 579 579 180 180 579 579 176 176 557 557 148 148 177 177 832 832 224 224 225 225 203 203 225 225 226 226 203 203 226 226 137 137 203 203 832 832 225 225 198 198 832 832 203 203 203 203 137 137 138 138 202 202 203 203 138 138 192 192 193 193 617 617 192 192 617 617 211 211 192 192 211 211 191 191 185 185 563 563 172 172 185 185 186 186 563 563 185 185 172 172 234 234 415 415 498 498 514 514 238 238 415 415 514 514 182 182 183 183 232 232 193 193 620 620 617 617 193 193 817 817 210 210 193 193 210 210 620 620 234 234 696 696 185 185 234 234 233 233 696 696 234 234 173 173 233 233 234 234 172 172 173 173 210 210 194 194 231 231 210 210 231 231 209 209 210 210 817 817 194 194 233 233 183 183 184 184 233 233 184 184 696 696 233 233 232 232 183 183 173 173 232 232 233 233 173 173 174 174 232 232 208 208 231 231 195 195 182 182 174 174 555 555 182 182 555 555 705 705 181 181 705 705 175 175 181 181 175 175 180 180 194 194 823 823 231 231 209 209 231 231 208 208 232 232 174 174 182 182 241 241 27 27 19 19 240 240 241 241 19 19 240 240 19 19 15 15 240 240 15 15 1 1 240 240 1 1 545 545 239 239 240 240 545 545 45 45 239 239 545 545 454 454 251 251 46 46 545 545 1 1 442 442 247 247 248 248 27 27 246 246 247 247 27 27 245 245 246 246 27 27 244 244 245 245 27 27 243 243 244 244 27 27 242 242 243 243 27 27 241 241 242 242 27 27 545 545 237 237 525 525 250 250 492 492 0 0 250 250 0 0 35 35 251 251 492 492 250 250 249 249 250 250 35 35 249 249 35 35 27 27 545 545 442 442 237 237 248 248 249 249 27 27 415 415 235 235 498 498 411 411 492 492 235 235 411 411 235 235 415 415 428 428 238 238 514 514 0 0 492 492 411 411 434 434 514 514 525 525 434 434 428 428 514 514 237 237 434 434 525 525 814 814 815 815 813 813 815 815 814 814 794 794 817 817 193 193 815 815 818 818 816 816 819 819 816 816 814 814 286 286 820 820 818 818 819 819 820 820 194 194 817 817 820 820 817 817 818 818 811 811 793 793 812 812 811 811 192 192 191 191 811 811 813 813 192 192 811 811 812 812 813 813 815 815 192 192 813 813 814 814 812 812 287 287 814 814 813 813 812 812 815 815 193 193 192 192 236 236 52 52 53 53 590 590 52 52 236 236 590 590 50 50 51 51 590 590 51 51 52 52 590 590 454 454 50 50 454 454 492 492 251 251 545 545 644 644 56 56 545 545 56 56 45 45 47 47 454 454 46 46 48 48 454 454 47 47 49 49 454 454 48 48 50 50 454 454 49 49 644 644 55 55 56 56 236 236 55 55 644 644 236 236 53 53 54 54 236 236 54 54 55 55 798 798 797 797 790 790 798 798 791 791 800 800 798 798 799 799 797 797 798 798 800 800 799 799 802 802 799 799 800 800 801 801 802 802 800 800 802 802 801 801 804 804 803 803 801 801 800 800 827 827 849 849 795 795 835 835 187 187 848 848 796 796 835 835 790 790 796 796 187 187 835 835 797 797 187 187 796 796 797 797 796 796 790 790 791 791 798 798 790 790 791 791 790 790 289 289 824 824 821 821 826 826 824 824 825 825 823 823 826 826 286 286 285 285 825 825 196 196 195 195 826 826 825 825 824 824 826 826 828 828 825 825 827 827 826 826 285 285 827 827 828 828 826 826 819 819 816 816 286 286 821 821 819 819 286 286 820 820 819 819 821 821 820 820 821 821 823 823 820 820 823 823 194 194 821 821 822 822 823 823 824 824 823 823 822 822 824 824 822 822 821 821 786 786 679 679 680 680 786 786 782 782 295 295 786 786 295 295 785 785 786 786 783 783 782 782 787 787 786 786 680 680 787 787 783 783 786 786 787 787 680 680 681 681 787 787 784 784 783 783 781 781 778 778 780 780 781 781 779 779 778 778 784 784 779 779 781 781 782 782 780 780 295 295 782 782 781 781 780 780 783 783 781 781 782 782 784 784 781 781 783 783 786 786 785 785 679 679 792 792 809 809 836 836 810 810 808 808 287 287 810 810 836 836 808 808 810 810 793 793 792 792 812 812 810 810 287 287 812 812 793 793 810 810 811 811 792 792 793 793 811 811 191 191 792 792 803 803 800 800 288 288 803 803 804 804 801 801 803 803 805 805 804 804 805 805 803 803 288 288 807 807 804 804 805 805 806 806 807 807 805 805 807 807 189 189 804 804 807 807 190 190 189 189 259 259 258 258 264 264 259 259 264 264 275 275 273 273 632 632 279 279 273 273 279 279 851 851 273 273 851 851 274 274 460 460 263 263 856 856 460 460 262 262 263 263 273 273 624 624 632 632 259 259 275 275 851 851 259 259 851 851 276 276 572 572 259 259 276 276 567 567 259 259 572 572 452 452 856 856 264 264 258 258 452 452 264 264 562 562 259 259 567 567 298 298 259 259 562 562 808 808 807 807 806 806 836 836 807 807 808 808 836 836 809 809 807 807 792 792 191 191 809 809 816 816 794 794 814 814 821 821 286 286 826 826 823 823 825 825 195 195 827 827 285 285 849 849 784 784 787 787 681 681 806 806 288 288 808 808 797 797 799 799 188 188 799 799 802 802 188 188 800 800 791 791 288 288 804 804 189 189 802 802 805 805 288 288 806 806 807 807 809 809 190 190 768 768 765 765 770 770 770 770 767 767 769 769 772 772 769 769 771 771 772 772 770 770 769 769 772 772 768 768 770 770 774 774 771 771 773 773 774 774 772 772 771 771 777 777 772 772 774 774 764 764 763 763 297 297 768 768 760 760 765 765 765 765 762 762 763 763 767 767 763 763 764 764 767 767 764 764 766 766 765 765 763 763 767 767 769 769 767 767 766 766 770 770 765 765 767 767 458 458 607 607 470 470 458 458 277 277 607 607 454 454 598 598 277 277 763 763 761 761 297 297 762 762 760 760 761 761 762 762 761 761 763 763 768 768 758 758 760 760 765 765 760 760 762 762 460 460 261 261 262 262 272 272 278 278 624 624 272 272 624 624 273 273 280 280 261 261 460 460 607 607 278 278 272 272 470 470 272 272 261 261 470 470 607 607 272 272 470 470 261 261 280 280 322 322 733 733 325 325 329 329 102 102 95 95 404 404 401 401 768 768 90 90 329 329 95 95 784 784 410 410 404 404 784 784 404 404 768 768 361 361 329 329 90 90 681 681 67 67 410 410 282 282 733 733 738 738 282 282 738 738 382 382 102 102 733 733 282 282 386 386 758 758 768 768 394 394 386 386 768 768 401 401 394 394 768 768 329 329 325 325 733 733 329 329 733 733 102 102 779 779 776 776 778 778 779 779 777 777 776 776 780 780 778 778 296 296 454 454 277 277 458 458 454 454 590 590 598 598 382 382 738 738 386 386 386 386 738 738 749 749 386 386 749 749 758 758 777 777 768 768 772 772 775 775 774 774 773 773 776 776 774 774 775 775 777 777 774 774 776 776 779 779 768 768 777 777 779 779 784 784 768 768 778 778 775 775 296 296 778 778 776 776 775 775 660 660 289 289 370 370 283 283 289 289 660 660 283 283 288 288 791 791 283 283 791 791 289 289 271 271 286 286 814 814 271 271 814 814 287 287 271 271 287 287 808 808 271 271 808 808 288 288 370 370 289 289 334 334 660 660 281 281 373 373 660 660 373 373 371 371 681 681 660 660 115 115 115 115 660 660 371 371 838 838 733 733 322 322 838 838 322 322 345 345 660 660 370 370 281 281 113 113 109 109 57 57 113 113 57 57 681 681 115 115 113 113 681 681 341 341 838 838 345 345 341 341 845 845 838 838 339 339 845 845 341 341 339 339 289 289 845 845 334 334 289 289 339 339 681 681 410 410 784 784 361 361 90 90 82 82 681 681 57 57 67 67 352 352 361 361 82 82 352 352 82 82 74 74 349 349 352 352 74 74 109 109 349 349 74 74 109 109 74 74 57 57 488 488 679 679 785 785 490 490 785 785 295 295 490 490 488 488 785 785 493 493 295 295 780 780 493 493 490 490 295 295 496 496 780 780 296 296 496 496 493 493 780 780 499 499 296 296 775 775 252 252 716 716 849 849 268 268 252 252 849 849 853 853 253 253 265 265 253 253 252 252 265 265 265 265 252 252 268 268 658 658 679 679 484 484 658 658 484 484 455 455 488 488 484 484 679 679 266 266 267 267 674 674 853 853 266 266 674 674 260 260 284 284 267 267 252 252 301 301 290 290 252 252 290 290 694 694 252 252 694 694 291 291 252 252 291 291 292 292 252 252 292 292 716 716 283 283 271 271 288 288 260 260 271 271 283 283 270 270 285 285 286 286 270 270 286 286 271 271 284 284 260 260 283 283 270 270 849 849 285 285 674 674 267 267 284 284 269 269 849 849 270 270 529 529 526 526 747 747 529 529 747 747 744 744 531 531 529 529 744 744 534 534 531 531 744 744 534 534 744 744 742 742 537 537 534 534 742 742 537 537 742 742 739 739 540 540 537 537 739 739 520 520 759 759 757 757 520 520 757 757 755 755 293 293 520 520 755 755 293 293 755 755 753 753 524 524 293 293 753 753 526 526 524 524 753 753 526 526 753 753 750 750 526 526 750 750 747 747 510 510 766 766 764 764 510 510 507 507 766 766 513 513 510 510 764 764 294 294 764 764 297 297 294 294 513 513 764 764 517 517 294 294 297 297 517 517 297 297 759 759 520 520 517 517 759 759 499 499 496 496 296 296 502 502 775 775 773 773 502 502 499 499 775 775 504 504 773 773 771 771 504 504 502 502 773 773 507 507 771 771 769 769 507 507 769 769 766 766 507 507 504 504 771 771 25 25 91 91 92 92 25 25 92 92 23 23 28 28 87 87 91 91 28 28 91 91 25 25 29 29 86 86 87 87 29 29 87 87 28 28 32 32 84 84 86 86 32 32 86 86 29 29 16 16 96 96 64 64 16 16 64 64 12 12 17 17 96 96 16 16 20 20 94 94 97 97 20 20 97 97 17 17 21 21 94 94 20 20 23 23 92 92 94 94 23 23 94 94 21 21 487 487 549 549 728 728 840 840 642 642 487 487 840 840 487 487 726 726 7 7 103 103 60 60 9 9 103 103 7 7 11 11 99 99 104 104 11 11 104 104 9 9 12 12 99 99 11 11 540 540 739 739 736 736 542 542 540 540 736 736 542 542 736 736 734 734 546 546 542 542 734 734 546 546 734 734 731 731 549 549 546 546 731 731 549 549 731 731 728 728 487 487 728 728 726 726 327 327 322 322 325 325 328 328 326 326 322 322 313 313 312 312 324 324 326 326 324 324 323 323 313 313 324 324 326 326 328 328 322 322 327 327 328 328 313 313 326 326 327 327 325 325 329 329 4 4 61 61 44 44 345 345 322 322 323 323 346 346 345 345 323 323 346 346 323 323 324 324 347 347 346 346 324 324 347 347 324 324 312 312 311 311 347 347 312 312 326 326 323 323 322 322 40 40 75 75 39 39 40 40 72 72 73 73 40 40 73 73 75 75 42 42 72 72 40 40 5 5 72 72 42 42 5 5 66 66 62 62 5 5 62 62 72 72 44 44 66 66 5 5 33 33 63 63 84 84 33 33 84 84 32 32 36 36 63 63 33 33 36 36 79 79 63 63 37 37 79 79 36 36 37 37 78 78 79 79 39 39 78 78 37 37 39 39 75 75 78 78 755 755 754 754 753 753 756 756 754 754 755 755 756 756 752 752 754 754 756 756 755 755 757 757 758 758 749 749 752 752 758 758 752 752 756 756 760 760 758 758 756 756 761 761 757 757 759 759 749 749 746 746 748 748 751 751 747 747 750 750 751 751 748 748 747 747 752 752 748 748 751 751 749 749 748 748 752 752 754 754 751 751 750 750 754 754 750 750 753 753 752 752 751 751 754 754 745 745 743 743 742 742 746 746 743 743 745 745 746 746 741 741 743 743 749 749 741 741 746 746 749 749 738 738 741 741 748 748 744 744 747 747 748 748 745 745 744 744 748 748 746 746 745 745 314 314 313 313 328 328 330 330 327 327 329 329 314 314 328 328 327 327 741 741 738 738 737 737 742 742 740 740 739 739 743 743 740 740 742 742 743 743 741 741 740 740 745 745 742 742 744 744 343 343 340 340 342 342 343 343 310 310 340 340 343 343 342 342 341 341 345 345 343 343 341 341 344 344 343 343 345 345 344 344 310 310 343 343 344 344 311 311 310 310 346 346 344 344 345 345 340 340 338 338 339 339 308 308 307 307 337 337 340 340 337 337 338 338 340 340 308 308 337 337 309 309 308 308 340 340 342 342 340 340 339 339 341 341 342 342 339 339 310 310 309 309 340 340 335 335 332 332 333 333 336 336 332 332 335 335 336 336 306 306 332 332 336 336 307 307 306 306 307 307 336 336 335 335 338 338 335 335 334 334 337 337 335 335 338 338 337 337 307 307 335 335 761 761 756 756 757 757 760 760 756 756 761 761 761 761 759 759 297 297 330 330 329 329 367 367 331 331 330 330 366 366 334 334 333 333 370 370 335 335 333 333 334 334 306 306 302 302 332 332 358 358 361 361 352 352 360 360 359 359 318 318 361 361 358 358 360 360 363 363 361 361 360 360 362 362 318 318 317 317 362 362 360 360 318 318 363 363 360 360 362 362 329 329 361 361 363 363 356 356 354 354 353 353 357 357 356 356 319 319 358 358 354 354 356 356 358 358 355 355 354 354 358 358 352 352 355 355 360 360 356 356 357 357 360 360 358 358 356 356 360 360 357 357 359 359 352 352 348 348 351 351 352 352 349 349 348 348 353 353 350 350 320 320 354 354 350 350 353 353 354 354 351 351 350 350 355 355 351 351 354 354 355 355 352 352 351 351 356 356 353 353 319 319 347 347 344 344 346 346 311 311 344 344 347 347 331 331 316 316 315 315 321 321 348 348 106 106 349 349 110 110 348 348 350 350 321 321 320 320 350 350 348 348 321 321 351 351 348 348 350 350 375 375 373 373 281 281 376 376 304 304 374 374 376 376 369 369 368 368 376 376 375 375 369 369 376 376 368 368 305 305 115 115 371 371 372 372 118 118 115 115 372 372 118 118 372 372 303 303 332 332 368 368 369 369 302 302 305 305 368 368 374 374 372 372 371 371 374 374 371 371 373 373 303 303 372 372 374 374 304 304 303 303 374 374 375 375 374 374 373 373 376 376 374 374 375 375 367 367 364 364 366 366 367 367 365 365 364 364 329 329 365 365 367 367 333 333 332 332 369 369 370 370 369 369 375 375 370 370 375 375 281 281 370 370 333 333 369 369 332 332 302 302 368 368 364 364 362 362 317 317 364 364 363 363 362 362 365 365 363 363 364 364 329 329 363 363 365 365 366 366 317 317 316 316 366 366 316 316 331 331 366 366 364 364 317 317 367 367 366 366 330 330 392 392 389 389 391 391 393 393 391 391 390 390 394 394 390 390 386 386 393 393 392 392 391 391 396 396 390 390 394 394 395 395 390 390 396 396 395 395 393 393 390 390 397 397 395 395 396 396 122 122 384 384 385 385 387 387 385 385 382 382 388 388 122 122 385 385 390 390 385 385 387 387 390 390 388 388 385 385 389 389 388 388 390 390 390 390 387 387 386 386 391 391 389 389 390 390 380 380 378 378 379 379 381 381 379 379 382 382 383 383 379 379 381 381 383 383 380 380 379 379 384 384 383 383 381 381 385 385 381 381 382 382 385 385 384 384 381 381 387 387 382 382 386 386 108 108 118 118 303 303 58 58 102 102 282 282 379 379 58 58 282 282 377 377 60 60 59 59 379 379 59 59 58 58 378 378 59 59 379 379 378 378 377 377 59 59 382 382 379 379 282 282 719 719 849 849 716 716 720 720 723 723 719 719 721 721 723 723 720 720 722 722 721 721 720 720 723 723 721 721 722 722 723 723 722 722 724 724 723 723 688 688 849 849 723 723 724 724 688 688 409 409 408 408 404 404 123 123 408 408 409 409 409 409 410 410 65 65 66 66 409 409 65 65 66 66 123 123 409 409 719 719 717 717 718 718 720 720 719 719 718 718 719 719 723 723 849 849 406 406 401 401 404 404 406 406 399 399 401 401 405 405 403 403 399 399 405 405 399 399 406 406 407 407 405 405 406 406 408 408 406 406 404 404 408 408 407 407 406 406 409 409 404 404 410 410 399 399 396 396 394 394 400 400 396 396 399 399 398 398 396 396 400 400 401 401 399 399 394 394 398 398 397 397 396 396 402 402 398 398 400 400 403 403 400 400 399 399 403 403 402 402 400 400 704 704 701 701 702 702 704 704 702 702 703 703 704 704 291 291 701 701 704 704 703 703 706 706 705 705 703 703 182 182 705 705 706 706 703 703 707 707 704 704 706 706 707 707 291 291 704 704 737 737 734 734 736 736 737 737 738 738 735 735 740 740 736 736 739 739 740 740 737 737 736 736 741 741 737 737 740 740 702 702 701 701 725 725 702 702 183 183 182 182 703 703 702 702 182 182 732 732 729 729 731 731 733 733 729 729 732 732 733 733 730 730 729 729 734 734 732 732 731 731 735 735 732 732 734 734 735 735 733 733 732 732 738 738 733 733 735 735 737 737 735 735 734 734 724 724 722 722 682 682 301 301 300 300 684 684 686 686 694 694 693 693 686 686 695 695 694 694 729 729 727 727 726 726 729 729 726 726 728 728 730 730 727 727 729 729 731 731 729 729 728 728 414 414 412 412 2 2 413 413 412 412 414 414 416 416 411 411 415 415 416 416 414 414 411 411 119 119 413 413 414 414 417 417 414 414 416 416 418 418 416 416 415 415 417 417 119 119 414 414 715 715 713 713 714 714 716 716 715 715 714 714 716 716 713 713 717 717 718 718 717 717 713 713 716 716 717 717 719 719 412 412 3 3 2 2 412 412 4 4 3 3 414 414 2 2 411 411 709 709 181 181 180 180 711 711 709 709 180 180 711 711 710 710 709 709 687 687 712 712 711 711 687 687 711 711 180 180 710 710 711 711 712 712 713 713 712 712 687 687 715 715 712 712 713 713 709 709 705 705 181 181 709 709 706 706 705 705 710 710 292 292 291 291 710 710 291 291 707 707 710 710 707 707 706 706 708 708 706 706 709 709 708 708 710 710 706 706 710 710 708 708 709 709 692 692 691 691 186 186 685 685 692 692 186 186 693 693 692 692 685 685 693 693 694 694 290 290 686 686 685 685 185 185 686 686 693 693 685 685 694 694 695 695 697 697 697 697 695 695 696 696 690 690 684 684 689 689 690 690 290 290 301 301 690 690 301 301 684 684 690 690 689 689 692 692 691 691 689 689 186 186 692 692 689 689 691 691 693 693 290 290 690 690 693 693 690 690 692 692 425 425 418 418 238 238 422 422 419 419 421 421 710 710 712 712 715 715 710 710 715 715 292 292 687 687 180 180 713 713 715 715 716 716 292 292 682 682 722 722 789 789 688 688 850 850 849 849 120 120 119 119 417 417 121 121 417 417 416 416 121 121 120 120 417 417 421 421 416 416 418 418 418 418 415 415 238 238 419 419 121 121 416 416 419 419 416 416 421 421 420 420 421 421 418 418 432 432 430 430 433 433 432 432 431 431 430 430 434 434 433 433 428 428 436 436 432 432 433 433 435 435 432 432 436 436 435 435 431 431 432 432 437 437 435 435 436 436 438 438 433 433 434 434 427 427 423 423 426 426 427 427 424 424 423 423 429 429 427 427 426 426 430 430 425 425 428 428 430 430 426 426 425 425 431 431 429 429 426 426 431 431 426 426 430 430 433 433 430 430 428 428 700 700 699 699 725 725 702 702 698 698 183 183 426 426 420 420 425 425 423 423 420 420 426 426 423 423 421 421 420 420 423 423 422 422 421 421 424 424 422 422 423 423 425 425 238 238 428 428 697 697 696 696 698 698 700 700 694 694 697 697 700 700 697 697 698 698 700 700 291 291 694 694 698 698 696 696 184 184 699 699 700 700 698 698 699 699 698 698 725 725 698 698 184 184 183 183 257 257 452 452 258 258 451 451 257 257 450 450 451 451 452 452 257 257 451 451 449 449 452 452 451 451 453 453 449 449 453 453 451 451 858 858 453 453 858 858 857 857 463 463 464 464 455 455 447 447 8 8 7 7 447 447 446 446 445 445 448 448 446 446 447 447 448 448 447 447 7 7 450 450 256 256 451 451 451 451 256 256 858 858 449 449 856 856 452 452 257 257 256 256 450 450 443 443 441 441 440 440 445 445 440 440 442 442 444 444 443 443 440 440 444 444 440 440 445 445 446 446 444 444 445 445 6 6 445 445 442 442 447 447 6 6 8 8 447 447 445 445 6 6 436 436 433 433 438 438 438 438 434 434 237 237 439 439 437 437 436 436 440 440 436 436 438 438 440 440 439 439 436 436 441 441 439 439 440 440 442 442 438 438 237 237 440 440 438 438 442 442 469 469 467 467 480 480 469 469 152 152 467 467 469 469 468 468 470 470 470 470 459 459 469 469 472 472 470 470 280 280 459 459 470 470 472 472 471 471 469 469 459 459 472 472 280 280 474 474 456 456 465 465 457 457 465 465 151 151 457 457 466 466 458 458 480 480 466 466 480 480 465 465 467 467 465 465 480 480 468 468 480 480 458 458 468 468 458 458 470 470 469 469 480 480 468 468 857 857 461 461 856 856 479 479 858 858 153 153 479 479 857 857 858 858 456 456 463 463 462 462 456 456 462 462 454 454 464 464 463 463 456 456 464 464 456 456 457 457 456 456 466 466 465 465 457 457 151 151 464 464 466 466 454 454 458 458 465 465 467 467 151 151 469 469 471 471 152 152 474 474 280 280 460 460 475 475 474 474 460 460 477 477 153 153 476 476 461 461 460 460 856 856 490 490 489 489 488 488 491 491 489 489 490 490 492 492 489 489 491 491 494 494 490 490 493 493 494 494 491 491 490 490 495 495 491 491 494 494 495 495 492 492 491 491 235 235 492 492 495 495 462 462 483 483 482 482 462 462 463 463 483 483 454 454 462 462 482 482 454 454 482 482 492 492 489 489 483 483 484 484 489 489 484 484 488 488 489 489 482 482 483 483 492 492 482 482 489 489 475 475 460 460 478 478 475 475 478 478 477 477 478 478 460 460 461 461 479 479 153 153 477 477 479 479 477 477 478 478 479 479 478 478 461 461 479 479 461 461 857 857 455 455 484 484 483 483 472 472 474 474 459 459 473 473 481 481 471 471 473 473 471 471 459 459 473 473 459 459 474 474 474 474 475 475 481 481 474 474 481 481 473 473 476 476 481 481 475 475 476 476 475 475 477 477 512 512 508 508 510 510 511 511 508 508 512 512 511 511 509 509 508 508 514 514 509 509 511 511 513 513 512 512 510 510 515 515 511 511 512 512 514 514 511 511 515 515 516 516 513 513 294 294 509 509 501 501 506 506 509 509 498 498 501 501 509 509 514 514 498 498 507 507 505 505 504 504 508 508 505 505 507 507 508 508 506 506 505 505 509 509 506 506 508 508 510 510 508 508 507 507 501 501 498 498 497 497 503 503 499 499 502 502 503 503 500 500 499 499 503 503 501 501 500 500 504 504 503 503 502 502 505 505 503 503 504 504 506 506 503 503 505 505 506 506 501 501 503 503 497 497 493 493 496 496 497 497 494 494 493 493 497 497 495 495 494 494 498 498 235 235 495 495 498 498 495 495 497 497 500 500 497 497 496 496 500 500 496 496 499 499 501 501 497 497 500 500 528 528 527 527 530 530 533 533 525 525 528 528 532 532 530 530 529 529 532 532 529 529 531 531 535 535 530 530 532 532 535 535 528 528 530 530 533 533 528 528 535 535 534 534 532 532 531 531 523 523 293 293 524 524 525 525 521 521 523 523 527 527 523 523 524 524 527 527 524 524 526 526 528 528 523 523 527 527 528 528 525 525 523 523 530 530 526 526 529 529 530 530 527 527 526 526 521 521 514 514 519 519 521 521 518 518 520 520 521 521 519 519 518 518 522 522 520 520 293 293 522 522 521 521 520 520 525 525 514 514 521 521 523 523 521 521 522 522 523 523 522 522 293 293 516 516 512 512 513 513 515 515 512 512 516 516 517 517 516 516 294 294 518 518 516 516 517 517 518 518 515 515 516 516 519 519 515 515 518 518 519 519 514 514 515 515 520 520 518 518 517 517 550 550 546 546 549 549 550 550 549 549 486 486 551 551 550 550 486 486 551 551 486 486 485 485 551 551 548 548 547 547 551 551 547 547 550 550 551 551 545 545 548 548 545 545 551 551 485 485 545 545 539 539 544 544 547 547 542 542 546 546 547 547 543 543 542 542 548 548 543 543 547 547 548 548 544 544 543 543 545 545 544 544 548 548 549 549 487 487 486 486 550 550 547 547 546 546 545 545 535 535 539 539 540 540 538 538 537 537 541 541 538 538 540 540 541 541 539 539 538 538 543 543 540 540 542 542 543 543 541 541 540 540 544 544 541 541 543 543 544 544 539 539 541 541 533 533 545 545 525 525 536 536 532 532 534 534 536 536 535 535 532 532 545 545 533 533 535 535 538 538 534 534 537 537 538 538 536 536 534 534 539 539 536 536 538 538 539 539 535 535 536 536 563 563 562 562 564 564 565 565 172 172 563 563 565 565 563 563 564 564 565 565 564 564 553 553 568 568 173 173 172 172 568 568 172 172 553 553 567 567 568 568 553 553 567 567 553 553 566 566 558 558 298 298 562 562 560 560 552 552 559 559 560 560 171 171 552 552 560 560 558 558 561 561 561 561 558 558 562 562 563 563 171 171 560 560 563 563 560 560 561 561 563 563 561 561 562 562 572 572 571 571 554 554 573 573 555 555 571 571 556 556 578 578 577 577 583 583 557 557 177 177 585 585 852 852 178 178 559 559 299 299 298 298 559 559 552 552 299 299 558 558 559 559 298 298 552 552 170 170 299 299 552 552 171 171 170 170 566 566 562 562 567 567 566 566 564 564 562 562 566 566 553 553 564 564 565 565 553 553 172 172 554 554 567 567 572 572 570 570 555 555 174 174 580 580 579 579 556 556 580 580 176 176 579 579 581 581 276 276 582 582 580 580 177 177 176 176 583 583 580 580 581 581 583 583 581 581 582 582 583 583 177 177 580 580 583 583 582 582 584 584 577 577 578 578 575 575 576 576 175 175 573 573 578 578 175 175 576 576 578 578 556 556 579 579 578 578 579 579 175 175 556 556 577 577 276 276 581 581 556 556 276 276 580 580 556 556 581 581 574 574 573 573 571 571 574 574 571 571 572 572 575 575 574 574 572 572 576 576 574 574 575 575 576 576 573 573 574 574 575 575 578 578 576 576 577 577 572 572 276 276 577 577 575 575 572 572 569 569 568 568 567 567 570 570 174 174 173 173 570 570 173 173 568 568 570 570 568 568 569 569 569 569 567 567 554 554 569 569 554 554 571 571 570 570 569 569 571 571 571 571 555 555 570 570 618 618 619 619 593 593 618 618 621 621 624 624 618 618 593 593 621 621 627 627 208 208 207 207 627 627 626 626 208 208 594 594 626 626 627 627 595 595 204 204 203 203 633 633 595 595 635 635 634 634 279 279 632 632 602 602 277 277 598 598 612 612 611 611 610 610 614 614 611 611 612 612 615 615 592 592 613 613 615 615 614 614 592 592 615 615 616 616 614 614 618 618 624 624 278 278 587 587 585 585 586 586 587 587 852 852 585 585 486 486 487 487 642 642 486 486 642 642 644 644 485 485 486 486 644 644 545 545 485 485 644 644 611 611 278 278 607 607 628 628 632 632 624 624 584 584 557 557 583 583 586 586 582 582 276 276 586 586 584 584 582 582 586 586 585 585 584 584 585 585 557 557 584 584 585 585 178 178 557 557 587 587 276 276 851 851 587 587 586 586 276 276 607 607 608 608 609 609 608 608 212 212 610 610 607 607 609 609 611 611 610 610 641 641 608 608 611 611 609 609 641 641 611 611 641 641 610 610 613 613 612 612 610 610 613 613 614 614 612 612 606 606 277 277 604 604 605 605 603 603 213 213 605 605 606 606 604 604 605 605 213 213 212 212 605 605 212 212 608 608 607 607 605 605 608 608 607 607 606 606 605 605 607 607 277 277 606 606 599 599 597 597 591 591 599 599 591 591 600 600 599 599 598 598 597 597 602 602 598 598 599 599 602 602 600 600 601 601 602 602 599 599 600 600 604 604 603 603 605 605 604 604 277 277 602 602 634 634 633 633 635 635 635 635 279 279 634 634 637 637 851 851 279 279 640 640 589 589 851 851 596 596 590 590 651 651 596 596 598 598 590 590 597 597 596 596 591 591 598 598 596 596 597 597 625 625 628 628 624 624 627 627 207 207 206 206 628 628 594 594 627 627 630 630 632 632 628 628 629 629 630 630 627 627 630 630 628 628 627 627 629 629 627 627 206 206 629 629 206 206 205 205 623 623 210 210 209 209 622 622 623 623 624 624 626 626 623 623 209 209 624 624 623 623 626 626 626 626 209 209 208 208 624 624 626 626 625 625 626 626 594 594 625 625 625 625 594 594 628 628 619 619 618 618 617 617 620 620 619 619 617 617 620 620 593 593 619 619 621 621 593 593 622 622 593 593 620 620 210 210 593 593 210 210 623 623 622 622 624 624 621 621 622 622 593 593 623 623 614 614 278 278 611 611 614 614 613 613 592 592 614 614 616 616 278 278 615 615 613 613 211 211 616 616 615 615 617 617 615 615 211 211 617 617 616 616 618 618 278 278 616 616 617 617 618 618 609 609 608 608 641 641 645 645 642 642 646 646 643 643 649 649 651 651 648 648 649 649 643 643 647 647 643 643 651 651 647 647 651 651 236 236 651 651 590 590 236 236 644 644 642 642 645 645 640 640 637 637 638 638 639 639 638 638 636 636 640 640 639 639 589 589 640 640 638 638 639 639 589 589 639 639 588 588 601 601 604 604 602 602 601 601 600 600 603 603 601 601 603 603 604 604 636 636 635 635 595 595 636 636 595 595 203 203 636 636 203 203 202 202 636 636 637 637 635 635 635 635 637 637 279 279 636 636 202 202 639 639 637 637 636 636 638 638 640 640 851 851 637 637 631 631 630 630 629 629 631 631 629 629 205 205 632 632 630 630 631 631 631 631 205 205 204 204 632 632 631 631 633 633 632 632 633 633 634 634 595 595 631 631 204 204 595 595 633 633 631 631 677 677 672 672 670 670 659 659 149 149 656 656 659 659 656 656 855 855 674 674 854 854 853 853 675 675 658 658 150 150 660 660 657 657 658 658 660 660 662 662 283 283 660 660 675 675 662 662 854 854 855 855 654 654 854 854 654 654 253 253 655 655 654 654 855 855 855 855 656 656 655 655 664 664 662 662 661 661 663 663 283 283 662 662 665 665 668 668 283 283 676 676 671 671 284 284 652 652 591 591 596 596 652 652 596 596 651 651 653 653 255 255 254 254 654 654 254 254 253 253 654 654 655 655 254 254 655 655 656 656 653 653 254 254 655 655 653 653 854 854 253 253 853 853 644 644 645 645 647 647 644 644 647 647 236 236 647 647 646 646 643 643 647 647 645 645 646 646 648 648 643 643 646 646 649 649 648 648 650 650 651 651 650 650 652 652 591 591 652 652 650 650 678 678 659 659 855 855 678 678 854 854 674 674 658 658 675 675 660 660 676 676 669 669 670 670 676 676 284 284 668 668 674 674 673 673 678 678 679 679 658 658 657 657 680 680 679 679 657 657 672 672 677 677 149 149 672 672 149 149 673 673 672 672 673 673 674 674 672 672 674 674 671 671 674 674 284 284 671 671 673 673 149 149 659 659 673 673 659 659 678 678 678 678 855 855 854 854 667 667 668 668 665 665 667 667 669 669 668 668 667 667 666 666 669 669 669 669 666 666 670 670 668 668 284 284 283 283 668 668 669 669 676 676 676 676 670 670 672 672 676 676 672 672 671 671 661 661 675 675 150 150 662 662 675 675 661 661 663 663 662 662 664 664 663 663 664 664 665 665 663 663 665 665 283 283 664 664 661 661 666 666 665 665 666 666 667 667 665 665 664 664 666 666 682 682 688 688 724 724 788 788 850 850 688 688 788 788 688 688 682 682 275 275 274 274 851 851 588 588 178 178 852 852 852 852 587 587 851 851 65 65 410 410 67 67 68 68 66 66 65 65 847 847 842 842 844 844 847 847 844 844 845 845 848 848 842 842 847 847 847 847 846 846 790 790 847 847 835 835 848 848 847 847 790 790 835 835 269 269 268 268 849 849 682 682 789 789 788 788 846 846 289 289 790 790 839 839 838 838 841 841 839 839 843 843 840 840 843 843 839 839 841 841 841 841 844 844 843 843 841 841 845 845 844 844 844 844 201 201 843 843 847 847 845 845 846 846 852 852 589 589 588 588 852 852 851 851 589 589 853 853 265 265 266 266 856 856 263 263 264 264 857 857 856 856 449 449 857 857 449 449 453 453 843 843 201 201 200 200 844 844 842 842 201 201 32 32 29 29 31 31 9 9 7 7 8 8 877 877 950 950 876 876 878 878 874 874 875 875 872 872 878 878 875 875 879 879 877 877 876 876 876 876 950 950 874 874 875 875 874 874 873 873 872 872 875 875 873 873 878 878 876 876 874 874 879 879 876 876 878 878 871 871 879 879 878 878 871 871 878 878 872 872 880 880 877 877 879 879 877 877 885 885 950 950 881 881 880 880 879 879 881 881 879 879 871 871 959 959 958 958 956 956 945 945 943 943 942 942 945 945 942 942 925 925 918 918 917 917 943 943 915 915 914 914 937 937 939 939 915 915 937 937 939 939 937 937 938 938 916 916 915 915 939 939 940 940 916 916 939 939 940 940 939 939 938 938 925 925 940 940 938 938 942 942 916 916 940 940 926 926 907 907 860 860 914 914 913 913 957 957 936 936 914 914 957 957 938 938 957 957 958 958 938 938 936 936 957 957 959 959 938 938 958 958 937 937 914 914 936 936 938 938 937 937 936 936 935 935 932 932 933 933 934 934 933 933 926 926 935 935 924 924 932 932 935 935 862 862 924 924 935 935 861 861 862 862 934 934 861 861 935 935 926 926 860 860 861 861 926 926 861 861 934 934 931 931 928 928 930 930 929 929 923 923 922 922 932 932 929 929 931 931 933 933 932 932 931 931 933 933 931 931 930 930 926 926 933 933 930 930 923 923 929 929 932 932 924 924 923 923 932 932 907 907 950 950 899 899 925 925 959 959 950 950 925 925 950 950 907 907 926 926 925 925 907 907 927 927 928 928 922 922 929 929 922 922 928 928 930 930 928 928 927 927 931 931 929 929 928 928 899 899 950 950 885 885 907 907 899 899 903 903 905 905 902 902 904 904 864 864 905 905 904 904 906 906 903 903 905 905 908 908 906 906 905 905 900 900 898 898 896 896 899 899 897 897 898 898 900 900 866 866 865 865 900 900 896 896 866 866 901 901 899 899 898 898 901 901 898 898 900 900 901 901 900 900 865 865 902 902 899 899 901 901 891 891 890 890 888 888 891 891 889 889 869 869 893 893 890 890 891 891 868 868 893 893 891 891 869 869 887 887 884 884 889 889 888 888 886 886 889 889 886 886 887 887 890 890 892 892 885 885 890 890 885 885 888 888 869 869 889 889 887 887 892 892 899 899 885 885 891 891 888 888 889 889 910 910 906 906 908 908 909 909 907 907 903 903 910 910 909 909 906 906 862 862 861 861 911 911 909 909 903 903 906 906 908 908 864 864 863 863 861 861 909 909 911 911 911 911 910 910 863 863 861 861 860 860 909 909 862 862 911 911 863 863 860 860 907 907 909 909 905 905 903 903 902 902 904 904 901 901 865 865 902 902 903 903 899 899 908 908 905 905 864 864 863 863 910 910 908 908 904 904 902 902 901 901 911 911 909 909 910 910 948 948 920 920 919 919 948 948 919 919 946 946 942 942 941 941 916 916 925 925 942 942 940 940 917 917 916 916 941 941 943 943 917 917 941 941 943 943 941 941 942 942 949 949 948 948 947 947 949 949 930 930 927 927 874 874 956 956 955 955 951 951 913 913 912 912 951 951 953 953 913 913 952 952 951 951 912 912 955 955 952 952 859 859 954 954 953 953 951 951 955 955 951 951 952 952 957 957 913 913 953 953 956 956 954 954 951 951 947 947 948 948 946 946 925 925 947 947 945 945 921 921 920 920 948 948 949 949 921 921 948 948 949 949 927 927 921 921 873 873 859 859 872 872 873 873 955 955 859 859 884 884 882 882 870 870 886 886 885 885 883 883 884 884 870 870 869 869 886 886 883 883 884 884 887 887 886 886 884 884 888 888 885 885 886 886 874 874 955 955 873 873 950 950 956 956 874 874 950 950 959 959 956 956 956 956 951 951 955 955 958 958 953 953 954 954 958 958 957 957 953 953 956 956 958 958 954 954 895 895 892 892 894 894 870 870 881 881 871 871 884 884 883 883 882 882 895 895 897 897 892 892 867 867 894 894 868 868 882 882 877 877 880 880 882 882 883 883 877 877 885 885 877 877 883 883 870 870 882 882 880 880 870 870 880 880 881 881 894 894 893 893 868 868 897 897 899 899 892 892 947 947 946 946 945 945 946 946 944 944 945 945 946 946 918 918 944 944 946 946 919 919 918 918 945 945 944 944 943 943 944 944 918 918 943 943 926 926 930 930 947 947 866 866 896 896 894 894 894 894 890 890 893 893 894 894 892 892 890 890 898 898 895 895 896 896 898 898 897 897 895 895 866 866 894 894 867 867 896 896 895 895 894 894 981 981 975 975 980 980 961 961 967 967 977 977 980 980 975 975 974 974 982 982 976 976 981 981 981 981 976 976 975 975 962 962 968 968 967 967 964 964 969 969 963 963 963 963 969 969 968 968 963 963 968 968 962 962 966 966 970 970 965 965 965 965 970 970 969 969 960 960 971 971 970 970 965 965 969 969 964 964 978 978 973 973 972 972 978 978 974 974 973 973 979 979 974 974 978 978 980 980 974 974 979 979 962 962 967 967 961 961 961 961 977 977 982 982 982 982 977 977 976 976 960 960 970 970 966 966 985 985 984 984 986 986 988 988 987 987 983 983 987 987 986 986 984 984 983 983 987 987 984 984 993 993 991 991 994 994 991 991 990 990 994 994 993 993 992 992 991 991 989 989 992 992 993 993 990 990 988 988 983 983 994 994 990 990 983 983 996 996 997 997 998 998 996 996 998 998 995 995 999 999 1000 1000 1002 1002 1000 1000 1001 1001 1002 1002 1005 1005 1003 1003 1004 1004 1005 1005 1004 1004 1006 1006 1010 1010 1009 1009 1007 1007 1008 1008 1010 1010 1007 1007 1042 1042 1044 1044 1033 1033 1042 1042 1045 1045 1044 1044 1042 1042 1046 1046 1045 1045 1021 1021 1022 1022 1037 1037 1022 1022 1038 1038 1037 1037 1020 1020 1013 1013 1012 1012 1017 1017 1036 1036 1035 1035 1015 1015 1036 1036 1016 1016 1023 1023 1038 1038 1022 1022 1032 1032 1039 1039 1038 1038 1023 1023 1032 1032 1038 1038 1019 1019 1012 1012 1011 1011 1019 1019 1020 1020 1012 1012 1019 1019 1011 1011 1048 1048 1013 1013 1037 1037 1014 1014 1042 1042 1033 1033 1034 1034 1029 1029 1030 1030 1048 1048 1029 1029 1048 1048 1047 1047 1042 1042 1029 1029 1047 1047 1042 1042 1047 1047 1046 1046 1028 1028 1029 1029 1042 1042 1027 1027 1028 1028 1042 1042 1020 1020 1037 1037 1013 1013 1020 1020 1021 1021 1037 1037 1041 1041 1027 1027 1042 1042 1041 1041 1031 1031 1026 1026 1040 1040 1031 1031 1041 1041 1030 1030 1019 1019 1048 1048 1024 1024 1032 1032 1023 1023 1018 1018 1035 1035 1033 1033 1018 1018 1017 1017 1035 1035 1016 1016 1036 1036 1017 1017 1031 1031 1025 1025 1026 1026 1037 1037 1036 1036 1014 1014 1044 1044 1043 1043 1033 1033 1014 1014 1036 1036 1015 1015 1043 1043 1018 1018 1033 1033 1041 1041 1026 1026 1027 1027 1078 1078 1076 1076 1077 1077 1055 1055 1076 1076 1078 1078 1054 1054 1055 1055 1078 1078 1081 1081 1076 1076 1056 1056 1081 1081 1075 1075 1076 1076 1052 1052 1053 1053 1078 1078 1073 1073 1074 1074 1075 1075 1051 1051 1052 1052 1078 1078 1073 1073 1075 1075 1081 1081 1073 1073 1083 1083 1084 1084 1061 1061 1060 1060 1078 1078 1059 1059 1078 1078 1060 1060 1061 1061 1078 1078 1079 1079 1059 1059 1051 1051 1078 1078 1059 1059 1050 1050 1051 1051 1056 1056 1076 1076 1055 1055 1053 1053 1054 1054 1078 1078 1063 1063 1062 1062 1079 1079 1063 1063 1079 1079 1070 1070 1058 1058 1050 1050 1059 1059 1058 1058 1049 1049 1050 1050 1058 1058 1086 1086 1049 1049 1057 1057 1063 1063 1070 1070 1073 1073 1081 1081 1082 1082 1073 1073 1082 1082 1083 1083 1073 1073 1085 1085 1068 1068 1073 1073 1084 1084 1085 1085 1067 1067 1073 1073 1068 1068 1066 1066 1073 1073 1067 1067 1069 1069 1065 1065 1064 1064 1072 1072 1073 1073 1066 1066 1062 1062 1061 1061 1079 1079 1070 1070 1079 1079 1080 1080 1072 1072 1066 1066 1065 1065 1068 1068 1086 1086 1058 1058 1072 1072 1065 1065 1069 1069 1071 1071 1072 1072 1069 1069 1068 1068 1085 1085 1086 1086 1089 1089 1088 1088 1090 1090 1089 1089 1087 1087 1088 1088 1099 1099 1100 1100 1092 1092 1097 1097 1094 1094 1096 1096 1100 1100 1094 1094 1097 1097 1097 1097 1096 1096 1095 1095 1091 1091 1097 1097 1098 1098 1100 1100 1093 1093 1094 1094 1092 1092 1100 1100 1097 1097 1092 1092 1097 1097 1091 1091 1106 1106 1103 1103 1104 1104 1106 1106 1101 1101 1105 1105 1105 1105 1101 1101 1102 1102 1106 1106 1104 1104 1101 1101 1107 1107 1109 1109 1108 1108 1108 1108 1109 1109 1110 1110 1111 1111 1112 1112 1113 1113 1113 1113 1114 1114 1111 1111 1115 1115 1117 1117 1116 1116 1115 1115 1118 1118 1117 1117 1136 1136 1134 1134 1135 1135 1136 1136 1132 1132 1133 1133 1121 1121 1119 1119 1120 1120 1137 1137 1132 1132 1136 1136 1121 1121 1139 1139 1140 1140 1121 1121 1140 1140 1141 1141 1121 1121 1141 1141 1119 1119 1131 1131 1137 1137 1138 1138 1122 1122 1126 1126 1127 1127 1136 1136 1133 1133 1134 1134 1122 1122 1127 1127 1130 1130 1123 1123 1139 1139 1121 1121 1123 1123 1131 1131 1139 1139 1127 1127 1129 1129 1130 1130 1127 1127 1128 1128 1129 1129 1131 1131 1138 1138 1139 1139 1131 1131 1132 1132 1137 1137 1122 1122 1130 1130 1131 1131 1124 1124 1131 1131 1123 1123 1125 1125 1122 1122 1131 1131 1125 1125 1131 1131 1124 1124 1143 1143 1142 1142 1146 1146 1145 1145 1142 1142 1144 1144 1146 1146 1142 1142 1145 1145 1150 1150 1148 1148 1147 1147 1150 1150 1149 1149 1148 1148 1152 1152 1153 1153 1151 1151 1154 1154 1153 1153 1152 1152 1155 1155 1156 1156 1157 1157 1155 1155 1157 1157 1158 1158 1160 1160 1162 1162 1159 1159 1159 1159 1162 1162 1161 1161 1164 1164 1166 1166 1165 1165 1164 1164 1163 1163 1166 1166 1187 1187 1184 1184 1186 1186 1186 1186 1180 1180 1182 1182 1184 1184 1181 1181 1179 1179 1180 1180 1179 1179 1175 1175 1175 1175 1170 1170 1177 1177 1179 1179 1171 1171 1175 1175 1179 1179 1176 1176 1171 1171 1183 1183 1177 1177 1174 1174 1194 1194 1191 1191 1188 1188 1199 1199 1192 1192 1189 1189 1196 1196 1190 1190 1191 1191 1197 1197 1194 1194 1188 1188 1199 1199 1189 1189 1195 1195 1201 1201 1192 1192 1199 1199 1201 1201 1197 1197 1192 1192 1198 1198 1194 1194 1197 1197 1195 1195 1185 1185 1206 1206 1200 1200 1219 1219 1196 1196 1189 1189 1185 1185 1195 1195 1206 1206 1223 1223 1224 1224 1211 1211 1209 1209 1204 1204 1211 1211 1204 1204 1210 1210 1205 1205 1207 1207 1203 1203 1230 1230 1168 1168 1228 1228 1221 1221 1219 1219 1218 1218 1221 1221 1222 1222 1219 1219 1221 1221 1218 1218 1217 1217 1237 1237 1233 1233 1234 1234 1251 1251 1252 1252 1248 1248 1253 1253 1251 1251 1254 1254 1170 1170 1250 1250 1174 1174 1254 1254 1250 1250 1256 1256 1256 1256 1250 1250 1170 1170 1255 1255 1252 1252 1251 1251 1244 1244 1247 1247 1238 1238 1254 1254 1251 1251 1247 1247 1259 1259 1258 1258 1254 1254 1260 1260 1258 1258 1259 1259 1259 1259 1171 1171 1172 1172 1259 1259 1256 1256 1171 1171 1261 1261 1260 1260 1259 1259 1261 1261 1259 1259 1172 1172 1239 1239 1231 1231 1233 1233 1238 1238 1227 1227 1244 1244 1238 1238 1234 1234 1227 1227 1205 1205 1169 1169 1207 1207 1210 1210 1206 1206 1224 1224 1210 1210 1202 1202 1206 1206 1210 1210 1224 1224 1167 1167 1214 1214 1212 1212 1209 1209 1214 1214 1209 1209 1211 1211 1213 1213 1211 1211 1210 1210 1213 1213 1210 1210 1167 1167 1213 1213 1214 1214 1211 1211 1213 1213 1167 1167 1168 1168 1209 1209 1208 1208 1204 1204 1255 1255 1251 1251 1253 1253 1257 1257 1253 1253 1254 1254 1171 1171 1256 1256 1170 1170 1257 1257 1255 1255 1253 1253 1258 1258 1257 1257 1254 1254 1234 1234 1226 1226 1227 1227 1232 1232 1228 1228 1225 1225 1234 1234 1233 1233 1226 1226 1235 1235 1228 1228 1232 1232 1233 1233 1231 1231 1229 1229 1236 1236 1232 1232 1231 1231 1229 1229 1224 1224 1226 1226 1222 1222 1220 1220 1219 1219 1174 1174 1250 1250 1227 1227 1185 1185 1174 1174 1227 1227 1242 1242 1239 1239 1237 1237 1243 1243 1240 1240 1238 1238 1246 1246 1242 1242 1237 1237 1246 1246 1237 1237 1240 1240 1247 1247 1243 1243 1238 1238 1245 1245 1239 1239 1242 1242 1243 1243 1246 1246 1240 1240 1248 1248 1243 1243 1247 1247 1249 1249 1246 1246 1243 1243 1248 1248 1249 1249 1243 1243 1254 1254 1247 1247 1244 1244 1251 1251 1248 1248 1247 1247 1250 1250 1254 1254 1244 1244 1252 1252 1249 1249 1248 1248 1240 1240 1237 1237 1234 1234 1207 1207 1169 1169 1218 1218 1219 1219 1207 1207 1218 1218 1196 1196 1219 1219 1220 1220 1193 1193 1196 1196 1220 1220 1206 1206 1185 1185 1227 1227 1223 1223 1206 1206 1227 1227 1226 1226 1224 1224 1223 1223 1225 1225 1167 1167 1224 1224 1226 1226 1223 1223 1227 1227 1229 1229 1225 1225 1224 1224 1225 1225 1168 1168 1167 1167 1231 1231 1225 1225 1229 1229 1228 1228 1168 1168 1225 1225 1232 1232 1225 1225 1231 1231 1233 1233 1229 1229 1226 1226 1179 1179 1178 1178 1176 1176 1177 1177 1170 1170 1174 1174 1175 1175 1171 1171 1170 1170 1205 1205 1203 1203 1201 1201 1181 1181 1178 1178 1179 1179 1183 1183 1174 1174 1185 1185 1184 1184 1179 1179 1180 1180 1182 1182 1177 1177 1183 1183 1186 1186 1184 1184 1180 1180 1176 1176 1172 1172 1171 1171 1178 1178 1173 1173 1172 1172 1178 1178 1172 1172 1176 1176 1215 1215 1213 1213 1168 1168 1216 1216 1215 1215 1168 1168 1212 1212 1208 1208 1209 1209 1215 1215 1214 1214 1213 1213 1188 1188 1190 1190 1186 1186 1191 1191 1190 1190 1188 1188 1192 1192 1188 1188 1189 1189 1197 1197 1188 1188 1192 1192 1239 1239 1236 1236 1231 1231 1237 1237 1239 1239 1233 1233 1238 1238 1240 1240 1234 1234 1244 1244 1227 1227 1250 1250 1241 1241 1236 1236 1239 1239 1259 1259 1254 1254 1256 1256 1200 1200 1196 1196 1191 1191 1198 1198 1200 1200 1194 1194 1203 1203 1197 1197 1201 1201 1203 1203 1198 1198 1197 1197 1206 1206 1202 1202 1195 1195 1207 1207 1219 1219 1200 1200 1207 1207 1200 1200 1198 1198 1196 1196 1193 1193 1190 1190 1205 1205 1201 1201 1199 1199 1204 1204 1195 1195 1202 1202 1204 1204 1199 1199 1195 1195 1207 1207 1198 1198 1203 1203 1208 1208 1205 1205 1199 1199 1208 1208 1199 1199 1204 1204 1210 1210 1204 1204 1202 1202 1200 1200 1191 1191 1194 1194 1188 1188 1186 1186 1182 1182 1190 1190 1187 1187 1186 1186 1188 1188 1182 1182 1183 1183 1188 1188 1183 1183 1189 1189 1189 1189 1183 1183 1185 1185 1182 1182 1180 1180 1175 1175 1182 1182 1175 1175 1177 1177 1357 1357 1340 1340 1339 1339 1359 1359 1357 1357 1339 1339 1359 1359 1339 1339 1338 1338 1287 1287 1282 1282 1283 1283 1286 1286 1279 1279 1284 1284 1286 1286 1280 1280 1279 1279 1282 1282 1273 1273 1272 1272 1282 1282 1278 1278 1273 1273 1283 1283 1282 1282 1272 1272 1284 1284 1278 1278 1282 1282 1285 1285 1272 1272 1271 1271 1285 1285 1283 1283 1272 1272 1287 1287 1284 1284 1282 1282 1273 1273 1278 1278 1328 1328 1274 1274 1263 1263 1262 1262 1365 1365 1363 1363 1356 1356 1367 1367 1362 1362 1363 1363 1368 1368 1276 1276 1364 1364 1366 1366 1365 1365 1355 1355 1369 1369 1367 1367 1363 1363 1369 1369 1363 1363 1365 1365 1369 1369 1365 1365 1366 1366 1370 1370 1369 1369 1366 1366 1338 1338 1344 1344 1332 1332 1333 1333 1332 1332 1344 1344 1334 1334 1347 1347 1335 1335 1363 1363 1362 1362 1356 1356 1364 1364 1276 1276 1360 1360 1362 1362 1364 1364 1361 1361 1367 1367 1364 1364 1362 1362 1365 1365 1356 1356 1355 1355 1308 1308 1302 1302 1304 1304 1307 1307 1295 1295 1306 1306 1309 1309 1305 1305 1303 1303 1300 1300 1296 1296 1301 1301 1333 1333 1348 1348 1334 1334 1338 1338 1343 1343 1344 1344 1338 1338 1332 1332 1352 1352 1338 1338 1350 1350 1343 1343 1302 1302 1301 1301 1298 1298 1303 1303 1304 1304 1268 1268 1306 1306 1300 1300 1301 1301 1267 1267 1327 1327 1266 1266 1309 1309 1303 1303 1266 1266 1308 1308 1301 1301 1302 1302 1308 1308 1306 1306 1301 1301 1305 1305 1304 1304 1303 1303 1378 1378 1383 1383 1375 1375 1380 1380 1379 1379 1351 1351 1381 1381 1376 1376 1377 1377 1328 1328 1380 1380 1329 1329 1384 1384 1378 1378 1379 1379 1387 1387 1381 1381 1377 1377 1384 1384 1383 1383 1378 1378 1375 1375 1377 1377 1372 1372 1317 1317 1263 1263 1274 1274 1377 1377 1376 1376 1372 1372 1379 1379 1378 1378 1351 1351 1381 1381 1373 1373 1376 1376 1381 1381 1382 1382 1374 1374 1381 1381 1374 1374 1373 1373 1383 1383 1377 1377 1375 1375 1380 1380 1330 1330 1329 1329 1320 1320 1274 1274 1275 1275 1320 1320 1314 1314 1317 1317 1321 1321 1315 1315 1316 1316 1320 1320 1319 1319 1314 1314 1321 1321 1316 1316 1319 1319 1321 1321 1318 1318 1315 1315 1322 1322 1318 1318 1321 1321 1321 1321 1319 1319 1320 1320 1370 1370 1366 1366 1355 1355 1364 1364 1360 1360 1361 1361 1317 1317 1314 1314 1263 1263 1318 1318 1312 1312 1315 1315 1316 1316 1311 1311 1313 1313 1316 1316 1315 1315 1311 1311 1319 1319 1316 1316 1313 1313 1319 1319 1313 1313 1314 1314 1389 1389 1280 1280 1289 1289 1372 1372 1355 1355 1354 1354 1372 1372 1370 1370 1355 1355 1371 1371 1354 1354 1353 1353 1373 1373 1367 1367 1369 1369 1373 1373 1369 1369 1370 1370 1371 1371 1372 1372 1354 1354 1358 1358 1275 1275 1274 1274 1335 1335 1346 1346 1336 1336 1324 1324 1325 1325 1291 1291 1388 1388 1389 1389 1289 1289 1388 1388 1289 1289 1281 1281 1387 1387 1388 1388 1281 1281 1270 1270 1324 1324 1291 1291 1342 1342 1330 1330 1331 1331 1341 1341 1330 1330 1342 1342 1337 1337 1342 1342 1331 1331 1349 1349 1330 1330 1341 1341 1336 1336 1345 1345 1337 1337 1325 1325 1326 1326 1269 1269 1291 1291 1325 1325 1269 1269 1321 1321 1275 1275 1360 1360 1303 1303 1267 1267 1266 1266 1303 1303 1268 1268 1267 1267 1304 1304 1302 1302 1299 1299 1306 1306 1295 1295 1300 1300 1277 1277 1318 1318 1322 1322 1266 1266 1323 1323 1265 1265 1327 1327 1323 1323 1266 1266 1320 1320 1317 1317 1274 1274 1268 1268 1327 1327 1267 1267 1326 1326 1327 1327 1268 1268 1269 1269 1326 1326 1268 1268 1295 1295 1289 1289 1292 1292 1296 1296 1293 1293 1290 1290 1296 1296 1290 1290 1288 1288 1287 1287 1286 1286 1284 1284 1321 1321 1320 1320 1275 1275 1321 1321 1360 1360 1276 1276 1276 1276 1322 1322 1321 1321 1277 1277 1322 1322 1276 1276 1292 1292 1286 1286 1287 1287 1289 1289 1280 1280 1286 1286 1291 1291 1288 1288 1270 1270 1314 1314 1264 1264 1263 1263 1288 1288 1290 1290 1285 1285 1293 1293 1292 1292 1287 1287 1293 1293 1287 1287 1290 1290 1294 1294 1288 1288 1291 1291 1386 1386 1379 1379 1380 1380 1386 1386 1384 1384 1379 1379 1385 1385 1380 1380 1328 1328 1385 1385 1278 1278 1279 1279 1374 1374 1367 1367 1373 1373 1281 1281 1307 1307 1277 1277 1368 1368 1277 1277 1276 1276 1368 1368 1364 1364 1367 1367 1345 1345 1342 1342 1337 1337 1346 1346 1345 1345 1336 1336 1347 1347 1346 1346 1335 1335 1348 1348 1347 1347 1334 1334 1344 1344 1348 1348 1333 1333 1277 1277 1374 1374 1382 1382 1375 1375 1371 1371 1353 1353 1372 1372 1373 1373 1370 1370 1374 1374 1277 1277 1368 1368 1374 1374 1368 1368 1367 1367 1376 1376 1373 1373 1372 1372 1378 1378 1375 1375 1353 1353 1362 1362 1352 1352 1356 1356 1361 1361 1360 1360 1358 1358 1362 1362 1361 1361 1359 1359 1383 1383 1387 1387 1377 1377 1281 1281 1277 1277 1382 1382 1385 1385 1279 1279 1280 1280 1385 1385 1328 1328 1278 1278 1387 1387 1382 1382 1381 1381 1358 1358 1274 1274 1357 1357 1380 1380 1351 1351 1330 1330 1359 1359 1358 1358 1357 1357 1360 1360 1275 1275 1358 1358 1361 1361 1358 1358 1359 1359 1362 1362 1359 1359 1352 1352 1318 1318 1307 1307 1306 1306 1318 1318 1277 1277 1307 1307 1315 1315 1312 1312 1308 1308 1308 1308 1304 1304 1305 1305 1288 1288 1271 1271 1270 1270 1288 1288 1285 1285 1271 1271 1290 1290 1287 1287 1283 1283 1290 1290 1283 1283 1285 1285 1313 1313 1311 1311 1265 1265 1313 1313 1265 1265 1264 1264 1311 1311 1310 1310 1309 1309 1309 1309 1266 1266 1265 1265 1314 1314 1313 1313 1264 1264 1318 1318 1306 1306 1312 1312 1315 1315 1308 1308 1310 1310 1315 1315 1310 1310 1311 1311 1311 1311 1309 1309 1265 1265 1310 1310 1305 1305 1309 1309 1312 1312 1306 1306 1308 1308 1310 1310 1308 1308 1305 1305 1298 1298 1294 1294 1297 1297 1386 1386 1388 1388 1384 1384 1388 1388 1387 1387 1383 1383 1386 1386 1385 1385 1280 1280 1387 1387 1281 1281 1382 1382 1389 1389 1386 1386 1280 1280 1389 1389 1388 1388 1386 1386 1388 1388 1383 1383 1384 1384 1385 1385 1386 1386 1380 1380 1378 1378 1353 1353 1351 1351 1375 1375 1372 1372 1371 1371 1301 1301 1294 1294 1298 1298 1304 1304 1299 1299 1268 1268 1307 1307 1281 1281 1295 1295 1297 1297 1291 1291 1269 1269 1299 1299 1269 1269 1268 1268 1299 1299 1297 1297 1269 1269 1295 1295 1281 1281 1289 1289 1292 1292 1289 1289 1286 1286 1300 1300 1293 1293 1296 1296 1301 1301 1296 1296 1294 1294 1302 1302 1298 1298 1297 1297 1302 1302 1297 1297 1299 1299 1297 1297 1294 1294 1291 1291 1300 1300 1292 1292 1293 1293 1300 1300 1295 1295 1292 1292 1294 1294 1296 1296 1288 1288 1284 1284 1279 1279 1278 1278 1357 1357 1274 1274 1340 1340 1330 1330 1351 1351 1331 1331 1340 1340 1274 1274 1262 1262 1359 1359 1338 1338 1352 1352 1391 1391 1392 1392 1390 1390 1399 1399 1401 1401 1397 1397 1401 1401 1400 1400 1397 1397 1393 1393 1391 1391 1394 1394 1391 1391 1390 1390 1399 1399 1394 1394 1391 1391 1399 1399 1405 1405 1404 1404 1396 1396 1404 1404 1403 1403 1393 1393 1402 1402 1391 1391 1403 1403 1396 1396 1395 1395 1405 1405 1403 1403 1391 1391 1393 1393 1393 1393 1396 1396 1404 1404 1397 1397 1394 1394 1399 1399 1398 1398 1397 1397 1400 1400 1407 1407 1408 1408 1406 1406 1408 1408 1409 1409 1412 1412 1412 1412 1414 1414 1416 1416 1408 1408 1415 1415 1406 1406 1416 1416 1415 1415 1412 1412 1421 1421 1420 1420 1411 1411 1417 1417 1416 1416 1414 1414 1410 1410 1409 1409 1419 1419 1411 1411 1410 1410 1421 1421 1408 1408 1418 1418 1419 1419 1414 1414 1413 1413 1417 1417 1419 1419 1421 1421 1410 1410 1408 1408 1419 1419 1409 1409 1408 1408 1412 1412 1415 1415 1424 1424 1423 1423 1426 1426 1423 1423 1422 1422 1425 1425 1425 1425 1427 1427 1423 1423 1427 1427 1426 1426 1423 1423 1428 1428 1430 1430 1431 1431 1430 1430 1429 1429 1433 1433 1433 1433 1432 1432 1430 1430 1432 1432 1431 1431 1430 1430 1513 1513 1511 1511 1512 1512 1503 1503 1524 1524 1525 1525 1519 1519 1500 1500 1518 1518 1499 1499 1517 1517 1500 1500 1520 1520 1499 1499 1500 1500 1520 1520 1500 1500 1519 1519 1469 1469 1468 1468 1527 1527 1450 1450 1439 1439 1448 1448 1450 1450 1469 1469 1439 1439 1450 1450 1451 1451 1469 1469 1538 1538 1461 1461 1457 1457 1458 1458 1478 1478 1460 1460 1458 1458 1460 1460 1538 1538 1473 1473 1478 1478 1458 1458 1511 1511 1462 1462 1461 1461 1512 1512 1509 1509 1493 1493 1503 1503 1525 1525 1467 1467 1438 1438 1441 1441 1440 1440 1445 1445 1441 1441 1438 1438 1445 1445 1438 1438 1437 1437 1445 1445 1437 1437 1436 1436 1549 1549 1463 1463 1464 1464 1529 1529 1456 1456 1455 1455 1549 1549 1529 1529 1455 1455 1552 1552 1494 1494 1530 1530 1520 1520 1465 1465 1499 1499 1521 1521 1519 1519 1491 1491 1521 1521 1520 1520 1519 1519 1562 1562 1563 1563 1561 1561 1564 1564 1562 1562 1451 1451 1506 1506 1504 1504 1485 1485 1486 1486 1459 1459 1469 1469 1523 1523 1491 1491 1501 1501 1476 1476 1493 1493 1509 1509 1476 1476 1509 1509 1507 1507 1508 1508 1460 1460 1496 1496 1508 1508 1507 1507 1509 1509 1508 1508 1461 1461 1460 1460 1512 1512 1510 1510 1509 1509 1512 1512 1511 1511 1510 1510 1513 1513 1462 1462 1511 1511 1512 1512 1498 1498 1513 1513 1445 1445 1436 1436 1444 1444 1460 1460 1478 1478 1496 1496 1514 1514 1493 1493 1492 1492 1517 1517 1499 1499 1464 1464 1519 1519 1492 1492 1491 1491 1520 1520 1466 1466 1465 1465 1505 1505 1526 1526 1504 1504 1546 1546 1537 1537 1544 1544 1478 1478 1477 1477 1507 1507 1469 1469 1459 1459 1439 1439 1469 1469 1451 1451 1558 1558 1469 1469 1558 1558 1468 1468 1522 1522 1466 1466 1520 1520 1522 1522 1521 1521 1523 1523 1503 1503 1466 1466 1522 1522 1558 1558 1467 1467 1468 1468 1534 1534 1467 1467 1558 1558 1534 1534 1466 1466 1467 1467 1511 1511 1508 1508 1509 1509 1511 1511 1461 1461 1508 1508 1503 1503 1467 1467 1466 1466 1524 1524 1502 1502 1501 1501 1559 1559 1534 1534 1560 1560 1543 1543 1546 1546 1542 1542 1529 1529 1546 1546 1543 1543 1521 1521 1491 1491 1523 1523 1515 1515 1464 1464 1463 1463 1511 1511 1509 1509 1510 1510 1563 1563 1562 1562 1564 1564 1517 1517 1515 1515 1516 1516 1517 1517 1516 1516 1518 1518 1517 1517 1464 1464 1515 1515 1536 1536 1540 1540 1539 1539 1541 1541 1540 1540 1536 1536 1488 1488 1528 1528 1489 1489 1522 1522 1520 1520 1521 1521 1546 1546 1544 1544 1542 1542 1529 1529 1547 1547 1545 1545 1544 1544 1541 1541 1542 1542 1560 1560 1558 1558 1451 1451 1559 1559 1495 1495 1494 1494 1561 1561 1559 1559 1560 1560 1558 1558 1560 1560 1534 1534 1559 1559 1556 1556 1534 1534 1481 1481 1480 1480 1495 1495 1561 1561 1495 1495 1559 1559 1486 1486 1528 1528 1487 1487 1481 1481 1563 1563 1482 1482 1512 1512 1514 1514 1497 1497 1527 1527 1468 1468 1525 1525 1526 1526 1501 1501 1504 1504 1526 1526 1524 1524 1501 1501 1527 1527 1525 1525 1526 1526 1526 1526 1505 1505 1527 1527 1490 1490 1506 1506 1485 1485 1528 1528 1527 1527 1505 1505 1528 1528 1469 1469 1527 1527 1555 1555 1453 1453 1452 1452 1559 1559 1557 1557 1556 1556 1559 1559 1494 1494 1557 1557 1488 1488 1487 1487 1528 1528 1508 1508 1478 1478 1507 1507 1438 1438 1440 1440 1434 1434 1444 1444 1436 1436 1435 1435 1448 1448 1439 1439 1443 1443 1548 1548 1529 1529 1549 1549 1548 1548 1547 1547 1529 1529 1544 1544 1537 1537 1539 1539 1544 1544 1539 1539 1540 1540 1544 1544 1540 1540 1541 1541 1523 1523 1501 1501 1502 1502 1528 1528 1506 1506 1490 1490 1489 1489 1528 1528 1490 1490 1529 1529 1457 1457 1456 1456 1529 1529 1543 1543 1457 1457 1535 1535 1458 1458 1538 1538 1518 1518 1514 1514 1492 1492 1518 1518 1516 1516 1514 1514 1546 1546 1530 1530 1537 1537 1546 1546 1547 1547 1530 1530 1546 1546 1545 1545 1547 1547 1519 1519 1518 1518 1492 1492 1518 1518 1500 1500 1517 1517 1512 1512 1497 1497 1498 1498 1498 1498 1462 1462 1513 1513 1512 1512 1493 1493 1514 1514 1550 1550 1552 1552 1530 1530 1525 1525 1468 1468 1467 1467 1525 1525 1524 1524 1526 1526 1541 1541 1538 1538 1457 1457 1543 1543 1542 1542 1541 1541 1543 1543 1541 1541 1457 1457 1483 1483 1564 1564 1449 1449 1482 1482 1564 1564 1483 1483 1482 1482 1563 1563 1564 1564 1535 1535 1474 1474 1458 1458 1535 1535 1539 1539 1474 1474 1535 1535 1536 1536 1539 1539 1537 1537 1474 1474 1539 1539 1537 1537 1475 1475 1474 1474 1554 1554 1533 1533 1553 1553 1503 1503 1502 1502 1524 1524 1550 1550 1551 1551 1552 1552 1531 1531 1552 1552 1551 1551 1534 1534 1555 1555 1452 1452 1562 1562 1560 1560 1451 1451 1554 1554 1557 1557 1494 1494 1555 1555 1556 1556 1557 1557 1534 1534 1556 1556 1555 1555 1561 1561 1560 1560 1562 1562 1561 1561 1563 1563 1495 1495 1564 1564 1450 1450 1449 1449 1507 1507 1477 1477 1476 1476 1536 1536 1535 1535 1538 1538 1450 1450 1448 1448 1449 1449 1442 1442 1448 1448 1443 1443 1553 1553 1531 1531 1453 1453 1515 1515 1497 1497 1514 1514 1515 1515 1514 1514 1516 1516 1515 1515 1498 1498 1497 1497 1515 1515 1463 1463 1498 1498 1564 1564 1451 1451 1450 1450 1554 1554 1553 1553 1555 1555 1554 1554 1494 1494 1533 1533 1555 1555 1557 1557 1554 1554 1531 1531 1551 1551 1454 1454 1552 1552 1531 1531 1532 1532 1533 1533 1494 1494 1552 1552 1533 1533 1552 1552 1532 1532 1553 1553 1532 1532 1531 1531 1553 1553 1533 1533 1532 1532 1481 1481 1495 1495 1563 1563 1553 1553 1453 1453 1555 1555 1548 1548 1530 1530 1547 1547 1551 1551 1548 1548 1549 1549 1550 1550 1548 1548 1551 1551 1550 1550 1530 1530 1548 1548 1551 1551 1549 1549 1454 1454 1506 1506 1505 1505 1504 1504 1528 1528 1505 1505 1506 1506 1541 1541 1536 1536 1538 1538 1486 1486 1469 1469 1528 1528 1522 1522 1523 1523 1502 1502 1522 1522 1502 1502 1503 1503 1474 1474 1473 1473 1458 1458 1455 1455 1498 1498 1463 1463 1470 1470 1445 1445 1446 1446 1470 1470 1442 1442 1445 1445 1472 1472 1475 1475 1537 1537 1472 1472 1537 1537 1530 1530 1494 1494 1472 1472 1530 1530 1479 1479 1472 1472 1494 1494 1495 1495 1479 1479 1494 1494 1480 1480 1479 1479 1495 1495 1504 1504 1484 1484 1485 1485 1493 1493 1476 1476 1471 1471 1501 1501 1484 1484 1504 1504 1501 1501 1471 1471 1484 1484 1491 1491 1471 1471 1501 1501 1492 1492 1493 1493 1471 1471 1492 1492 1471 1471 1491 1491 1470 1470 1446 1446 1447 1447 1455 1455 1463 1463 1549 1549 1456 1456 1462 1462 1498 1498 1456 1456 1498 1498 1455 1455 1457 1457 1461 1461 1462 1462 1457 1457 1462 1462 1456 1456 1538 1538 1460 1460 1461 1461 1452 1452 1466 1466 1534 1534 1453 1453 1465 1465 1466 1466 1453 1453 1466 1466 1452 1452 1531 1531 1499 1499 1465 1465 1531 1531 1465 1465 1453 1453 1454 1454 1464 1464 1499 1499 1454 1454 1499 1499 1531 1531 1549 1549 1464 1464 1454 1454 1470 1470 1448 1448 1442 1442 1442 1442 1441 1441 1445 1445 1470 1470 1447 1447 1448 1448 1573 1573 1574 1574 1571 1571 1571 1571 1574 1574 1576 1576 1573 1573 1570 1570 1567 1567 1573 1573 1565 1565 1574 1574 1573 1573 1567 1567 1565 1565 1567 1567 1568 1568 1566 1566 1567 1567 1566 1566 1565 1565 1574 1574 1565 1565 1569 1569 1576 1576 1574 1574 1575 1575 1572 1572 1573 1573 1571 1571 1579 1579 1578 1578 1577 1577 1582 1582 1580 1580 1579 1579 1582 1582 1581 1581 1580 1580 1580 1580 1579 1579 1577 1577 1581 1581 1580 1580 1577 1577 1582 1582 1581 1581 1577 1577 1584 1584 1583 1583 1588 1588 1585 1585 1584 1584 1583 1583 1584 1584 1586 1586 1585 1585 1584 1584 1587 1587 1586 1586 1587 1587 1586 1586 1583 1583 1584 1584 1588 1588 1587 1587 1586 1586 1585 1585 1583 1583 1588 1588 1587 1587 1583 1583 1591 1591 1592 1592 1590 1590 1589 1589 1591 1591 1590 1590 1595 1595 1594 1594 1593 1593 1595 1595 1593 1593 1596 1596 1603 1603 1597 1597 1604 1604 1598 1598 1597 1597 1599 1599 1602 1602 1598 1598 1605 1605 1602 1602 1604 1604 1603 1603 1602 1602 1605 1605 1604 1604 1597 1597 1605 1605 1604 1604 1597 1597 1606 1606 1605 1605 1602 1602 1597 1597 1603 1603 1597 1597 1607 1607 1606 1606 1601 1601 1597 1597 1602 1602 1599 1599 1597 1597 1600 1600 1600 1600 1597 1597 1601 1601 1602 1602 1601 1601 1600 1600 1602 1602 1600 1600 1599 1599 1602 1602 1599 1599 1598 1598 1609 1609 1611 1611 1610 1610 1608 1608 1611 1611 1610 1610 1619 1619 1618 1618 1617 1617 1619 1619 1616 1616 1613 1613 1620 1620 1618 1618 1619 1619 1613 1613 1616 1616 1615 1615 1612 1612 1614 1614 1618 1618 1619 1619 1617 1617 1616 1616 1612 1612 1618 1618 1620 1620 1624 1624 1628 1628 1622 1622 1628 1628 1624 1624 1625 1625 1629 1629 1628 1628 1626 1626 1624 1624 1622 1622 1623 1623 1626 1626 1628 1628 1625 1625 1629 1629 1627 1627 1621 1621 1629 1629 1626 1626 1627 1627 1634 1634 1638 1638 1633 1633 1635 1635 1636 1636 1634 1634 1634 1634 1636 1636 1637 1637 1630 1630 1635 1635 1634 1634 1634 1634 1637 1637 1638 1638 1632 1632 1638 1638 1631 1631 1638 1638 1632 1632 1633 1633 1645 1645 1643 1643 1642 1642 1645 1645 1642 1642 1641 1641 1639 1639 1640 1640 1646 1646 1646 1646 1640 1640 1644 1644 1646 1646 1643 1643 1645 1645 1646 1646 1644 1644 1643 1643 1649 1649 1653 1653 1648 1648 1652 1652 1647 1647 1654 1654 1653 1653 1649 1649 1650 1650 1653 1653 1650 1650 1651 1651 1653 1653 1651 1651 1654 1654 1652 1652 1654 1654 1651 1651 1661 1661 1660 1660 1656 1656 1658 1658 1661 1661 1662 1662 1658 1658 1659 1659 1661 1661 1658 1658 1655 1655 1657 1657 1658 1658 1662 1662 1655 1655 1661 1661 1659 1659 1660 1660 1670 1670 1668 1668 1669 1669 1663 1663 1664 1664 1668 1668 1663 1663 1668 1668 1670 1670 1665 1665 1667 1667 1666 1666 1669 1669 1668 1668 1667 1667 1669 1669 1667 1667 1665 1665 1674 1674 1685 1685 1672 1672 1681 1681 1685 1685 1680 1680 1680 1680 1685 1685 1679 1679 1679 1679 1685 1685 1678 1678 1683 1683 1686 1686 1685 1685 1683 1683 1684 1684 1671 1671 1683 1683 1681 1681 1682 1682 1676 1676 1685 1685 1674 1674 1683 1683 1671 1671 1686 1686 1683 1683 1685 1685 1681 1681 1676 1676 1674 1674 1675 1675 1676 1676 1677 1677 1678 1678 1676 1676 1678 1678 1685 1685 1674 1674 1672 1672 1673 1673 1692 1692 1687 1687 1690 1690 1696 1696 1701 1701 1692 1692 1700 1700 1699 1699 1688 1688 1700 1700 1698 1698 1699 1699 1696 1696 1698 1698 1700 1700 1696 1696 1700 1700 1701 1701 1692 1692 1695 1695 1696 1696 1692 1692 1690 1690 1691 1691 1692 1692 1694 1694 1695 1695 1687 1687 1689 1689 1690 1690 1692 1692 1693 1693 1694 1694 1696 1696 1697 1697 1698 1698 1692 1692 1701 1701 1687 1687 1710 1710 1708 1708 1707 1707 1704 1704 1706 1706 1705 1705 1709 1709 1706 1706 1704 1704 1710 1710 1707 1707 1709 1709 1709 1709 1707 1707 1706 1706 1702 1702 1708 1708 1710 1710 1702 1702 1703 1703 1708 1708 1719 1719 1726 1726 1718 1718 1720 1720 1726 1726 1719 1719 1715 1715 1725 1725 1712 1712 1715 1715 1718 1718 1726 1726 1712 1712 1713 1713 1714 1714 1721 1721 1726 1726 1720 1720 1715 1715 1716 1716 1717 1717 1715 1715 1717 1717 1718 1718 1715 1715 1712 1712 1714 1714 1715 1715 1726 1726 1725 1725 1723 1723 1711 1711 1726 1726 1723 1723 1721 1721 1722 1722 1723 1723 1726 1726 1721 1721 1723 1723 1724 1724 1711 1711 1736 1736 1730 1730 1734 1734 1736 1736 1734 1734 1735 1735 1736 1736 1741 1741 1730 1730 1736 1736 1737 1737 1741 1741 1737 1737 1740 1740 1741 1741 1737 1737 1738 1738 1739 1739 1737 1737 1739 1739 1740 1740 1730 1730 1731 1731 1732 1732 1730 1730 1741 1741 1742 1742 1730 1730 1742 1742 1729 1729 1730 1730 1733 1733 1734 1734 1730 1730 1732 1732 1733 1733 1740 1740 1739 1739 1728 1728 1727 1727 1729 1729 1742 1742 1750 1750 1747 1747 1746 1746 1750 1750 1746 1746 1745 1745 1751 1751 1749 1749 1748 1748 1752 1752 1749 1749 1751 1751 1743 1743 1744 1744 1749 1749 1743 1743 1749 1749 1752 1752 1751 1751 1748 1748 1750 1750 1750 1750 1748 1748 1747 1747 1768 1768 1753 1753 1769 1769 1754 1754 1768 1768 1767 1767 1754 1754 1760 1760 1768 1768 1754 1754 1758 1758 1759 1759 1768 1768 1765 1765 1766 1766 1768 1768 1766 1766 1753 1753 1754 1754 1759 1759 1760 1760 1761 1761 1768 1768 1760 1760 1768 1768 1763 1763 1764 1764 1768 1768 1764 1764 1765 1765 1762 1762 1768 1768 1761 1761 1754 1754 1757 1757 1758 1758 1754 1754 1756 1756 1757 1757 1754 1754 1755 1755 1756 1756 1763 1763 1768 1768 1762 1762 1784 1784 1775 1775 1776 1776 1773 1773 1784 1784 1785 1785 1784 1784 1776 1776 1777 1777 1773 1773 1785 1785 1772 1772 1777 1777 1780 1780 1784 1784 1784 1784 1781 1781 1782 1782 1784 1784 1773 1773 1774 1774 1777 1777 1779 1779 1780 1780 1777 1777 1778 1778 1779 1779 1770 1770 1772 1772 1785 1785 1784 1784 1780 1780 1781 1781 1784 1784 1774 1774 1775 1775 1783 1783 1782 1782 1771 1771 1784 1784 1782 1782 1783 1783 1794 1794 1787 1787 1792 1792 1786 1786 1787 1787 1794 1794 1794 1794 1792 1792 1791 1791 1788 1788 1790 1790 1789 1789 1794 1794 1791 1791 1793 1793 1793 1793 1791 1791 1790 1790 1793 1793 1790 1790 1788 1788 1800 1800 1802 1802 1801 1801 1800 1800 1795 1795 1802 1802 1800 1800 1801 1801 1799 1799 1797 1797 1801 1801 1796 1796 1798 1798 1801 1801 1797 1797 1798 1798 1799 1799 1801 1801 1816 1816 1809 1809 1810 1810 1816 1816 1810 1810 1811 1811 1816 1816 1808 1808 1809 1809 1807 1807 1803 1803 1805 1805 1807 1807 1818 1818 1803 1803 1816 1816 1815 1815 1804 1804 1807 1807 1817 1817 1818 1818 1807 1807 1805 1805 1806 1806 1816 1816 1813 1813 1814 1814 1816 1816 1814 1814 1815 1815 1816 1816 1812 1812 1813 1813 1816 1816 1807 1807 1808 1808 1816 1816 1811 1811 1812 1812 1817 1817 1807 1807 1816 1816 1913 1913 1866 1866 1901 1901 1902 1902 1824 1824 1848 1848 1845 1845 1855 1855 1856 1856 1862 1862 1872 1872 1873 1873 1909 1909 1870 1870 1871 1871 1867 1867 1906 1906 1870 1870 1906 1906 1869 1869 1870 1870 1906 1906 1904 1904 1869 1869 1866 1866 1871 1871 1860 1860 1904 1904 1868 1868 1869 1869 1866 1866 1860 1860 1901 1901 1868 1868 1902 1902 1869 1869 1847 1847 1875 1875 1876 1876 1831 1831 1849 1849 1884 1884 1831 1831 1884 1884 1875 1875 1849 1849 1824 1824 1898 1898 1849 1849 1898 1898 1884 1884 1824 1824 1885 1885 1898 1898 1909 1909 1871 1871 1866 1866 1909 1909 1867 1867 1870 1870 1849 1849 1831 1831 1848 1848 1849 1849 1848 1848 1824 1824 1878 1878 1882 1882 1888 1888 1888 1888 1882 1882 1858 1858 1882 1882 1881 1881 1858 1858 1858 1858 1881 1881 1897 1897 1881 1881 1859 1859 1897 1897 1897 1897 1859 1859 1857 1857 1910 1910 1912 1912 1894 1894 1912 1912 1895 1895 1894 1894 1912 1912 1913 1913 1895 1895 1913 1913 1896 1896 1895 1895 1913 1913 1914 1914 1896 1896 1914 1914 1901 1901 1878 1878 1914 1914 1878 1878 1896 1896 1896 1896 1878 1878 1888 1888 1821 1821 1841 1841 1840 1840 1840 1840 1825 1825 1839 1839 1834 1834 1832 1832 1823 1823 1819 1819 1865 1865 1833 1833 1835 1835 1823 1823 1836 1836 1835 1835 1834 1834 1823 1823 1823 1823 1832 1832 1833 1833 1820 1820 1826 1826 1821 1821 1842 1842 1827 1827 1820 1820 1843 1843 1828 1828 1842 1842 1828 1828 1827 1827 1842 1842 1841 1841 1825 1825 1840 1840 1826 1826 1841 1841 1821 1821 1827 1827 1826 1826 1820 1820 1838 1838 1822 1822 1839 1839 1837 1837 1836 1836 1822 1822 1825 1825 1838 1838 1839 1839 1913 1913 1911 1911 1866 1866 1861 1861 1872 1872 1862 1862 1848 1848 1845 1845 1856 1856 1860 1860 1872 1872 1861 1861 1860 1860 1871 1871 1872 1872 1830 1830 1829 1829 1845 1845 1846 1846 1830 1830 1845 1845 1847 1847 1830 1830 1846 1846 1848 1848 1846 1846 1845 1845 1902 1902 1848 1848 1856 1856 1902 1902 1856 1856 1869 1869 1844 1844 1828 1828 1843 1843 1845 1845 1829 1829 1843 1843 1890 1890 1889 1889 1876 1876 1884 1884 1890 1890 1875 1875 1880 1880 1879 1879 1859 1859 1880 1880 1859 1859 1881 1881 1854 1854 1839 1839 1822 1822 1854 1854 1822 1822 1853 1853 1854 1854 1840 1840 1839 1839 1889 1889 1877 1877 1876 1876 1850 1850 1851 1851 1865 1865 1851 1851 1823 1823 1865 1865 1845 1845 1843 1843 1855 1855 1862 1862 1873 1873 1863 1863 1855 1855 1821 1821 1854 1854 1855 1855 1842 1842 1820 1820 1873 1873 1874 1874 1863 1863 1843 1843 1842 1842 1855 1855 1905 1905 1907 1907 1899 1899 1905 1905 1899 1899 1892 1892 1907 1907 1908 1908 1886 1886 1907 1907 1886 1886 1899 1899 1855 1855 1820 1820 1821 1821 1874 1874 1864 1864 1863 1863 1900 1900 1858 1858 1897 1897 1890 1890 1876 1876 1875 1875 1908 1908 1909 1909 1886 1886 1909 1909 1910 1910 1893 1893 1909 1909 1893 1893 1886 1886 1910 1910 1894 1894 1893 1893 1903 1903 1905 1905 1892 1892 1902 1902 1891 1891 1885 1885 1902 1902 1903 1903 1891 1891 1824 1824 1902 1902 1885 1885 1900 1900 1887 1887 1888 1888 1887 1887 1896 1896 1888 1888 1831 1831 1847 1847 1848 1848 1848 1848 1847 1847 1846 1846 1903 1903 1892 1892 1891 1891 1830 1830 1847 1847 1876 1876 1847 1847 1831 1831 1875 1875 1853 1853 1822 1822 1836 1836 1851 1851 1852 1852 1823 1823 1853 1853 1836 1836 1852 1852 1852 1852 1836 1836 1823 1823 1865 1865 1823 1823 1833 1833 1874 1874 1850 1850 1864 1864 1854 1854 1821 1821 1840 1840 1850 1850 1865 1865 1864 1864 1858 1858 1900 1900 1888 1888 1883 1883 1877 1877 1889 1889 1923 1923 1924 1924 1931 1931 1930 1930 1923 1923 1931 1931 1922 1922 1923 1923 1930 1930 1926 1926 1916 1916 1935 1935 1915 1915 1926 1926 1934 1934 1934 1934 1926 1926 1935 1935 1933 1933 1915 1915 1934 1934 1935 1935 1916 1916 1937 1937 1917 1917 1918 1918 1928 1928 1936 1936 1929 1929 1921 1921 1918 1918 1927 1927 1928 1928 1918 1918 1919 1919 1927 1927 1916 1916 1917 1917 1937 1937 1937 1937 1917 1917 1928 1928 1936 1936 1921 1921 1922 1922 1936 1936 1922 1922 1930 1930 1931 1931 1924 1924 1932 1932 1921 1921 1929 1929 1920 1920 1925 1925 1915 1915 1933 1933 1932 1932 1925 1925 1933 1933 1924 1924 1925 1925 1932 1932 1941 1941 1940 1940 1939 1939 1940 1940 1938 1938 1939 1939 1968 1968 2059 2059 1967 1967 1968 1968 2115 2115 2059 2059 1970 1970 2112 2112 2145 2145 1971 1971 2112 2112 1970 1970 2125 2125 2126 2126 2062 2062 2062 2062 2127 2127 2146 2146 1972 1972 2110 2110 2111 2111 1973 1973 2110 2110 1972 1972 1974 1974 2110 2110 1973 1973 1974 1974 2108 2108 2058 2058 1966 1966 2059 2059 2120 2120 1967 1967 2059 2059 1966 1966 2109 2109 2108 2108 1953 1953 2108 2108 2109 2109 2058 2058 1969 1969 2115 2115 1968 1968 2115 2115 2116 2116 2117 2117 2118 2118 2119 2119 2120 2120 2120 2120 2119 2119 2121 2121 2121 2121 2122 2122 2120 2120 2125 2125 2062 2062 2061 2061 1949 1949 2027 2027 2081 2081 2103 2103 2055 2055 2056 2056 2106 2106 2057 2057 2105 2105 2057 2057 2103 2103 2104 2104 2010 2010 2072 2072 2132 2132 2010 2010 2132 2132 2074 2074 1998 1998 2084 2084 2135 2135 1991 1991 2094 2094 2137 2137 2010 2010 2074 2074 2009 2009 2011 2011 2072 2072 2010 2010 2002 2002 2047 2047 2001 2001 2001 2001 2047 2047 2082 2082 1994 1994 2092 2092 1993 1993 1994 1994 2050 2050 2092 2092 1995 1995 2050 2050 1994 1994 2019 2019 2040 2040 2067 2067 1995 1995 2090 2090 2136 2136 1996 1996 2090 2090 1995 1995 1996 1996 2088 2088 2090 2090 1997 1997 2088 2088 1996 1996 1998 1998 2088 2088 1997 1997 1998 1998 2135 2135 2088 2088 2040 2040 2066 2066 2067 2067 2132 2132 2072 2072 2073 2073 1992 1992 2094 2094 1991 1991 1992 1992 2092 2092 2093 2093 1992 1992 2093 2093 2094 2094 1993 1993 2092 2092 1992 1992 2127 2127 2062 2062 2126 2126 2040 2040 2129 2129 2064 2064 1971 1971 2111 2111 2112 2112 2059 2059 2118 2118 2120 2120 2061 2061 2062 2062 2060 2060 2048 2048 2084 2084 2083 2083 2085 2085 2086 2086 2084 2084 2049 2049 2088 2088 2135 2135 1981 1981 2100 2100 2142 2142 1981 1981 2142 2142 1980 1980 2006 2006 2046 2046 2005 2005 2006 2006 2078 2078 2046 2046 1974 1974 2058 2058 2110 2110 1975 1975 2108 2108 1974 1974 1975 1975 2106 2106 2144 2144 1975 1975 2144 2144 2108 2108 1949 1949 2028 2028 2027 2027 2111 2111 2110 2110 1952 1952 2001 2001 2083 2083 2000 2000 2026 2026 2086 2086 2085 2085 1976 1976 2103 2103 2057 2057 1977 1977 2103 2103 1976 1976 2004 2004 2047 2047 2003 2003 2004 2004 2079 2079 2047 2047 2004 2004 2046 2046 2079 2079 2005 2005 2046 2046 2004 2004 1959 1959 1942 1942 2022 2022 2015 2015 2070 2070 2014 2014 2007 2007 2078 2078 2006 2006 2007 2007 2077 2077 2078 2078 1999 1999 2084 2084 1998 1998 2000 2000 2083 2083 2084 2084 2000 2000 2084 2084 1999 1999 2001 2001 2082 2082 2083 2083 2030 2030 2088 2088 2049 2049 2031 2031 2030 2030 2049 2049 2020 2020 2040 2040 2019 2019 2020 2020 2129 2129 2040 2040 2021 2021 2129 2129 2020 2020 2022 2022 1944 1944 2129 2129 2022 2022 2129 2129 2021 2021 2022 2022 1942 1942 1944 1944 2071 2071 2072 2072 2044 2044 2045 2045 2075 2075 2074 2074 2114 2114 2115 2115 2113 2113 2124 2124 2060 2060 2123 2123 2063 2063 1944 1944 1943 1943 2063 2063 1943 1943 1945 1945 1976 1976 2106 2106 1975 1975 1976 1976 2057 2057 2106 2106 2012 2012 2131 2131 2044 2044 2013 2013 2131 2131 2012 2012 2101 2101 2142 2142 2100 2100 2063 2063 2129 2129 1944 1944 2036 2036 1950 1950 2027 2027 2034 2034 2033 2033 2026 2026 1979 1979 2142 2142 2054 2054 1980 1980 2142 2142 1979 1979 1950 1950 2036 2036 1951 1951 2018 2018 2041 2041 2017 2017 2018 2018 2067 2067 2041 2041 2019 2019 2067 2067 2018 2018 2011 2011 2044 2044 2072 2072 2012 2012 2044 2044 2011 2011 2082 2082 1947 1947 1946 1946 2134 2134 1948 1948 2081 2081 1986 1986 2140 2140 1985 1985 1986 1986 2139 2139 2140 2140 1977 1977 2055 2055 2103 2103 1978 1978 2055 2055 1977 1977 1978 1978 2054 2054 2055 2055 1979 1979 2054 2054 1978 1978 2108 2108 2144 2144 2107 2107 1953 1953 2108 2108 2107 2107 2104 2104 2105 2105 2057 2057 2103 2103 2056 2056 2104 2104 2034 2034 2026 2026 2048 2048 2026 2026 2085 2085 2048 2048 2026 2026 2032 2032 2086 2086 1962 1962 2062 2062 1961 1961 2055 2055 2102 2102 2056 2056 2085 2085 2084 2084 2048 2048 2081 2081 2082 2082 2047 2047 2094 2094 2095 2095 2137 2137 2035 2035 2048 2048 1956 1956 2035 2035 2034 2034 2048 2048 1951 1951 1956 1956 1946 1946 1951 1951 2035 2035 1956 1956 1964 1964 2122 2122 2123 2123 1965 1965 2122 2122 1964 1964 1965 1965 2120 2120 2122 2122 1966 1966 2120 2120 1965 1965 1960 1960 2062 2062 2146 2146 1969 1969 2113 2113 2115 2115 1970 1970 2113 2113 1969 1969 1970 1970 2145 2145 2113 2113 2117 2117 2059 2059 2115 2115 2140 2140 2139 2139 2098 2098 2053 2053 2101 2101 2100 2100 2041 2041 2068 2068 2130 2130 2069 2069 2130 2130 2042 2042 1962 1962 2123 2123 2060 2060 1963 1963 2123 2123 1962 1962 1964 1964 2123 2123 1963 1963 1960 1960 2128 2128 1958 1958 1961 1961 2062 2062 1960 1960 1962 1962 2060 2060 2062 2062 1987 1987 2139 2139 1986 1986 1987 1987 2052 2052 2139 2139 1988 1988 2052 2052 1987 1987 1988 1988 2096 2096 2052 2052 2081 2081 1947 1947 2082 2082 1990 1990 2096 2096 1989 1989 1990 1990 2137 2137 2096 2096 1991 1991 2137 2137 1990 1990 1982 1982 2100 2100 1981 1981 1983 1983 2100 2100 1982 1982 1983 1983 2141 2141 2100 2100 1984 1984 2141 2141 1983 1983 1960 1960 2146 2146 2128 2128 2082 2082 1946 1946 2083 2083 1984 1984 2140 2140 2141 2141 1989 1989 2096 2096 1988 1988 2065 2065 2040 2040 2064 2064 2065 2065 2066 2066 2040 2040 2048 2048 2083 2083 1956 1956 2140 2140 2099 2099 2141 2141 2072 2072 2071 2071 2073 2073 2075 2075 2023 2023 2074 2074 2134 2134 2081 2081 2047 2047 1950 1950 1951 1951 1946 1946 1947 1947 1950 1950 1946 1946 2027 2027 1950 1950 1947 1947 2081 2081 2027 2027 1947 1947 2087 2087 2084 2084 2086 2086 2087 2087 2135 2135 2084 2084 2089 2089 2136 2136 2090 2090 1948 1948 1949 1949 2081 2081 2138 2138 2052 2052 2096 2096 2023 2023 2075 2075 2076 2076 2023 2023 2076 2076 2077 2077 2133 2133 2079 2079 2046 2046 2055 2055 2054 2054 2143 2143 2143 2143 2102 2102 2055 2055 1957 1957 1954 1954 1955 1955 2024 2024 1955 1955 2091 2091 2003 2003 2047 2047 2002 2002 1995 1995 2136 2136 2050 2050 2051 2051 2096 2096 2137 2137 2097 2097 2138 2138 2096 2096 2080 2080 2047 2047 2079 2079 2080 2080 1948 1948 2047 2047 2134 2134 2047 2047 1948 1948 2097 2097 2096 2096 2051 2051 2025 2025 2050 2050 2136 2136 2025 2025 2037 2037 2050 2050 2015 2015 2130 2130 2069 2069 2016 2016 2130 2130 2015 2015 2017 2017 2041 2041 2130 2130 2017 2017 2130 2130 2016 2016 2029 2029 2039 2039 2089 2089 2030 2030 2029 2029 2088 2088 2024 2024 1957 1957 1955 1955 1985 1985 2140 2140 1984 1984 2031 2031 2049 2049 2135 2135 2031 2031 2135 2135 2087 2087 2032 2032 2031 2031 2087 2087 2032 2032 2087 2087 2086 2086 2037 2037 2091 2091 2050 2050 2037 2037 2024 2024 2091 2091 2009 2009 2074 2074 2023 2023 2009 2009 2023 2023 2008 2008 2038 2038 2136 2136 2089 2089 2038 2038 2025 2025 2136 2136 2039 2039 2038 2038 2089 2089 2029 2029 2089 2089 2088 2088 2008 2008 2023 2023 2077 2077 2008 2008 2077 2077 2007 2007 1972 1972 2111 2111 1971 1971 2083 2083 1946 1946 1956 1956 2013 2013 2043 2043 2131 2131 2014 2014 2043 2043 2013 2013 2014 2014 2070 2070 2043 2043 2015 2015 2069 2069 2070 2070 2074 2074 2132 2132 2045 2045 2153 2153 2149 2149 2148 2148 2148 2148 2151 2151 2147 2147 2149 2149 2150 2150 2148 2148 2153 2153 2148 2148 2147 2147 2152 2152 2149 2149 2153 2153 2155 2155 2199 2199 2198 2198 2154 2154 2201 2201 2199 2199 2198 2198 2200 2200 2156 2156 2198 2198 2156 2156 2155 2155 2191 2191 2172 2172 2166 2166 2157 2157 2155 2155 2156 2156 2158 2158 2154 2154 2155 2155 2182 2182 2176 2176 2162 2162 2183 2183 2171 2171 2167 2167 2193 2193 2167 2167 2170 2170 2193 2193 2183 2183 2167 2167 2178 2178 2163 2163 2164 2164 2189 2189 2178 2178 2165 2165 2183 2183 2191 2191 2166 2166 2183 2183 2166 2166 2171 2171 2191 2191 2161 2161 2172 2172 2182 2182 2189 2189 2176 2176 2189 2189 2165 2165 2176 2176 2194 2194 2169 2169 2203 2203 2194 2194 2193 2193 2169 2169 2187 2187 2163 2163 2188 2188 2179 2179 2164 2164 2180 2180 2161 2161 2173 2173 2172 2172 2188 2188 2178 2178 2189 2189 2193 2193 2170 2170 2169 2169 2160 2160 2194 2194 2203 2203 2175 2175 2174 2174 2162 2162 2161 2161 2190 2190 2173 2173 2168 2168 2181 2181 2184 2184 2188 2188 2163 2163 2178 2178 2187 2187 2186 2186 2180 2180 2185 2185 2184 2184 2181 2181 2190 2190 2174 2174 2173 2173 2164 2164 2163 2163 2180 2180 2180 2180 2186 2186 2181 2181 2186 2186 2185 2185 2181 2181 2177 2177 2176 2176 2165 2165 2176 2176 2175 2175 2162 2162 2187 2187 2180 2180 2163 2163 2190 2190 2162 2162 2174 2174 2177 2177 2175 2175 2176 2176 2178 2178 2177 2177 2165 2165 2192 2192 2183 2183 2193 2193 2197 2197 2196 2196 2159 2159 2195 2195 2203 2203 2202 2202 2199 2199 2155 2155 2154 2154 2196 2196 2202 2202 2201 2201 2195 2195 2160 2160 2203 2203 2196 2196 2195 2195 2202 2202 2159 2159 2201 2201 2154 2154 2159 2159 2196 2196 2201 2201 2220 2220 2227 2227 2246 2246 2227 2227 2219 2219 2246 2246 2220 2220 2246 2246 2234 2234 2228 2228 2206 2206 2243 2243 2217 2217 2223 2223 2241 2241 2209 2209 2243 2243 2242 2242 2209 2209 2228 2228 2243 2243 2212 2212 2231 2231 2221 2221 2219 2219 2208 2208 2207 2207 2208 2208 2230 2230 2235 2235 2228 2228 2215 2215 2206 2206 2225 2225 2224 2224 2238 2238 2224 2224 2225 2225 2218 2218 2213 2213 2220 2220 2233 2233 2224 2224 2232 2232 2239 2239 2225 2225 2229 2229 2218 2218 2221 2221 2220 2220 2213 2213 2229 2229 2225 2225 2226 2226 2220 2220 2234 2234 2233 2233 2213 2213 2233 2233 2211 2211 2228 2228 2216 2216 2215 2215 2230 2230 2226 2226 2236 2236 2226 2226 2237 2237 2236 2236 2226 2226 2225 2225 2237 2237 2230 2230 2236 2236 2235 2235 2224 2224 2217 2217 2232 2232 2217 2217 2241 2241 2240 2240 2217 2217 2240 2240 2232 2232 2246 2246 2219 2219 2207 2207 2224 2224 2239 2239 2238 2238 2212 2212 2221 2221 2213 2213 2214 2214 2210 2210 2215 2215 2226 2226 2230 2230 2229 2229 2208 2208 2235 2235 2207 2207 2222 2222 2209 2209 2242 2242 2223 2223 2242 2242 2241 2241 2223 2223 2222 2222 2242 2242 2215 2215 2245 2245 2205 2205 2210 2210 2204 2204 2245 2245 2215 2215 2210 2210 2245 2245 2225 2225 2238 2238 2237 2237 2206 2206 2205 2205 2244 2244 2245 2245 2244 2244 2205 2205 2243 2243 2206 2206 2244 2244 2215 2215 2205 2205 2206 2206 2267 2267 2254 2254 2268 2268 2260 2260 2268 2268 2261 2261 2258 2258 2253 2253 2281 2281 2266 2266 2254 2254 2267 2267 2265 2265 2264 2264 2279 2279 2264 2264 2272 2272 2280 2280 2272 2272 2287 2287 2280 2280 2258 2258 2281 2281 2287 2287 2259 2259 2265 2265 2278 2278 2268 2268 2254 2254 2276 2276 2268 2268 2276 2276 2247 2247 2272 2272 2258 2258 2287 2287 2264 2264 2280 2280 2279 2279 2263 2263 2262 2262 2275 2275 2257 2257 2282 2282 2253 2253 2263 2263 2275 2275 2282 2282 2273 2273 2285 2285 2248 2248 2286 2286 2248 2248 2247 2247 2259 2259 2278 2278 2277 2277 2265 2265 2279 2279 2278 2278 2262 2262 2256 2256 2283 2283 2257 2257 2263 2263 2282 2282 2271 2271 2255 2255 2252 2252 2256 2256 2271 2271 2284 2284 2266 2266 2259 2259 2274 2274 2266 2266 2274 2274 2276 2276 2259 2259 2277 2277 2274 2274 2254 2254 2266 2266 2276 2276 2261 2261 2269 2269 2260 2260 2286 2286 2273 2273 2248 2248 2261 2261 2268 2268 2247 2247 2256 2256 2284 2284 2283 2283 2250 2250 2270 2270 2285 2285 2250 2250 2285 2285 2249 2249 2270 2270 2261 2261 2248 2248 2270 2270 2248 2248 2285 2285 2271 2271 2252 2252 2284 2284 2261 2261 2247 2247 2248 2248 2261 2261 2270 2270 2269 2269 2255 2255 2251 2251 2252 2252 2260 2260 2267 2267 2268 2268 2258 2258 2257 2257 2253 2253 2262 2262 2283 2283 2275 2275 2468 2468 2473 2473 2292 2292 2294 2294 2426 2426 2468 2468 2293 2293 2294 2294 2292 2292 2427 2427 2292 2292 2467 2467 2428 2428 2467 2467 2472 2472 2426 2426 2295 2295 2463 2463 2294 2294 2468 2468 2292 2292 2457 2457 2427 2427 2467 2467 2415 2415 2377 2377 2378 2378 2453 2453 2379 2379 2416 2416 2388 2388 2458 2458 2439 2439 2460 2460 2459 2459 2389 2389 2455 2455 2420 2420 2421 2421 2383 2383 2421 2421 2382 2382 2422 2422 2383 2383 2382 2382 2469 2469 2291 2291 2290 2290 2427 2427 2293 2293 2292 2292 2418 2418 2454 2454 2417 2417 2380 2380 2419 2419 2454 2454 2381 2381 2419 2419 2380 2380 2469 2469 2463 2463 2291 2291 2290 2290 2289 2289 2469 2469 2473 2473 2467 2467 2292 2292 2296 2296 2290 2290 2291 2291 2295 2295 2291 2291 2463 2463 2426 2426 2463 2463 2468 2468 2454 2454 2327 2327 2416 2416 2454 2454 2328 2328 2327 2327 2419 2419 2328 2328 2454 2454 2426 2426 2335 2335 2456 2456 2426 2426 2336 2336 2335 2335 2367 2367 2336 2336 2426 2426 2383 2383 2330 2330 2329 2329 2423 2423 2330 2330 2383 2383 2394 2394 2355 2355 2393 2393 2363 2363 2355 2355 2394 2394 2363 2363 2356 2356 2355 2355 2424 2424 2332 2332 2384 2384 2424 2424 2333 2333 2332 2332 2424 2424 2334 2334 2333 2333 2416 2416 2326 2326 2453 2453 2416 2416 2327 2327 2326 2326 2443 2443 2351 2351 2390 2390 2443 2443 2352 2352 2351 2351 2444 2444 2352 2352 2443 2443 2455 2455 2328 2328 2419 2419 2455 2455 2329 2329 2328 2328 2383 2383 2329 2329 2455 2455 2393 2393 2355 2355 2354 2354 2393 2393 2354 2354 2445 2445 2361 2361 2315 2315 2360 2360 2361 2361 2316 2316 2315 2315 2373 2373 2316 2316 2361 2361 2446 2446 2356 2356 2363 2363 2447 2447 2356 2356 2446 2446 2447 2447 2357 2357 2356 2356 2390 2390 2350 2350 2441 2441 2390 2390 2351 2351 2350 2350 2406 2406 2407 2407 2404 2404 2411 2411 2359 2359 2410 2410 2445 2445 2354 2354 2353 2353 2458 2458 2346 2346 2345 2345 2458 2458 2347 2347 2346 2346 2459 2459 2347 2347 2458 2458 2459 2459 2348 2348 2347 2347 2461 2461 2348 2348 2459 2459 2376 2376 2452 2452 2288 2288 2370 2370 2404 2404 2403 2403 2441 2441 2350 2350 2461 2461 2386 2386 2342 2342 2341 2341 2436 2436 2342 2342 2386 2386 2437 2437 2342 2342 2436 2436 2437 2437 2343 2343 2342 2342 2438 2438 2343 2343 2437 2437 2444 2444 2353 2353 2352 2352 2445 2445 2353 2353 2444 2444 2423 2423 2331 2331 2330 2330 2423 2423 2332 2332 2331 2331 2384 2384 2332 2332 2423 2423 2438 2438 2344 2344 2343 2343 2438 2438 2345 2345 2344 2344 2458 2458 2345 2345 2438 2438 2461 2461 2349 2349 2348 2348 2461 2461 2350 2350 2349 2349 2407 2407 2311 2311 2404 2404 2407 2407 2312 2312 2311 2311 2407 2407 2313 2313 2312 2312 2451 2451 2320 2320 2375 2375 2451 2451 2321 2321 2320 2320 2451 2451 2322 2322 2321 2321 2360 2360 2314 2314 2359 2359 2360 2360 2315 2315 2314 2314 2457 2457 2338 2338 2337 2337 2432 2432 2338 2338 2457 2457 2432 2432 2339 2339 2338 2338 2412 2412 2317 2317 2316 2316 2412 2412 2316 2316 2373 2373 2412 2412 2318 2318 2317 2317 2404 2404 2310 2310 2403 2403 2404 2404 2311 2311 2310 2310 2362 2362 2334 2334 2385 2385 2425 2425 2335 2335 2362 2362 2456 2456 2335 2335 2425 2425 2410 2410 2313 2313 2407 2407 2410 2410 2314 2314 2313 2313 2359 2359 2314 2314 2410 2410 2367 2367 2337 2337 2336 2336 2457 2457 2337 2337 2367 2367 2301 2301 2436 2436 2435 2435 2437 2437 2436 2436 2301 2301 2432 2432 2340 2340 2339 2339 2386 2386 2340 2340 2432 2432 2386 2386 2341 2341 2340 2340 2385 2385 2334 2334 2424 2424 2362 2362 2335 2335 2334 2334 2404 2404 2405 2405 2406 2406 2408 2408 2410 2410 2407 2407 2409 2409 2410 2410 2408 2408 2459 2459 2460 2460 2461 2461 2440 2440 2441 2441 2461 2461 2443 2443 2390 2390 2442 2442 2430 2430 2472 2472 2466 2466 2431 2431 2430 2430 2466 2466 2395 2395 2396 2396 2364 2364 2428 2428 2457 2457 2467 2467 2429 2429 2428 2428 2472 2472 2430 2430 2429 2429 2472 2472 2431 2431 2466 2466 2471 2471 2433 2433 2471 2471 2465 2465 2433 2433 2431 2431 2471 2471 2381 2381 2455 2455 2419 2419 2455 2455 2421 2421 2383 2383 2422 2422 2423 2423 2383 2383 2448 2448 2358 2358 2357 2357 2365 2365 2358 2358 2448 2448 2301 2301 2462 2462 2470 2470 2368 2368 2369 2369 2401 2401 2373 2373 2361 2361 2372 2372 2399 2399 2396 2396 2397 2397 2452 2452 2376 2376 2415 2415 2448 2448 2357 2357 2447 2447 2402 2402 2368 2368 2297 2297 2368 2368 2402 2402 2369 2369 2365 2365 2448 2448 2449 2449 2365 2365 2449 2449 2366 2366 2399 2399 2397 2397 2398 2398 2371 2371 2372 2372 2361 2361 2439 2439 2458 2458 2438 2438 2456 2456 2295 2295 2426 2426 2432 2432 2431 2431 2433 2433 2433 2433 2386 2386 2432 2432 2436 2436 2386 2386 2434 2434 2386 2386 2433 2433 2434 2434 2436 2436 2434 2434 2435 2435 2429 2429 2432 2432 2457 2457 2432 2432 2430 2430 2431 2431 2391 2391 2443 2443 2442 2442 2393 2393 2445 2445 2392 2392 2437 2437 2301 2301 2438 2438 2439 2439 2438 2438 2387 2387 2434 2434 2433 2433 2465 2465 2434 2434 2465 2465 2464 2464 2435 2435 2434 2434 2464 2464 2462 2462 2435 2435 2464 2464 2301 2301 2435 2435 2462 2462 2428 2428 2429 2429 2457 2457 2430 2430 2432 2432 2429 2429 2452 2452 2322 2322 2451 2451 2415 2415 2322 2322 2452 2452 2415 2415 2323 2323 2322 2322 2415 2415 2324 2324 2323 2323 2378 2378 2324 2324 2415 2415 2399 2399 2304 2304 2396 2396 2399 2399 2305 2305 2304 2304 2400 2400 2306 2306 2305 2305 2387 2387 2438 2438 2298 2298 2300 2300 2298 2298 2299 2299 2300 2300 2387 2387 2298 2298 2380 2380 2454 2454 2418 2418 2438 2438 2470 2470 2298 2298 2438 2438 2301 2301 2470 2470 2450 2450 2412 2412 2373 2373 2414 2414 2413 2413 2374 2374 2379 2379 2417 2417 2416 2416 2454 2454 2416 2416 2417 2417 2378 2378 2325 2325 2324 2324 2453 2453 2326 2326 2325 2325 2453 2453 2325 2325 2378 2378 2413 2413 2318 2318 2412 2412 2414 2414 2319 2319 2318 2318 2414 2414 2318 2318 2413 2413 2414 2414 2320 2320 2319 2319 2375 2375 2320 2320 2414 2414 2364 2364 2303 2303 2302 2302 2396 2396 2303 2303 2364 2364 2396 2396 2304 2304 2303 2303 2400 2400 2305 2305 2399 2399 2400 2400 2307 2307 2306 2306 2401 2401 2307 2307 2400 2400 2369 2369 2307 2307 2401 2401 2369 2369 2308 2308 2307 2307 2403 2403 2309 2309 2308 2308 2403 2403 2308 2308 2369 2369 2403 2403 2310 2310 2309 2309 2289 2289 2474 2474 2469 2469 2510 2510 2507 2507 2508 2508 2516 2516 2479 2479 2484 2484 2499 2499 2492 2492 2500 2500 2479 2479 2515 2515 2484 2484 2490 2490 2498 2498 2497 2497 2490 2490 2491 2491 2498 2498 2492 2492 2499 2499 2498 2498 2480 2480 2479 2479 2516 2516 2501 2501 2494 2494 2475 2475 2478 2478 2511 2511 2512 2512 2501 2501 2493 2493 2494 2494 2505 2505 2517 2517 2504 2504 2510 2510 2508 2508 2509 2509 2507 2507 2506 2506 2482 2482 2507 2507 2505 2505 2506 2506 2478 2478 2512 2512 2514 2514 2506 2506 2505 2505 2483 2483 2508 2508 2507 2507 2482 2482 2479 2479 2514 2514 2515 2515 2478 2478 2477 2477 2511 2511 2477 2477 2510 2510 2511 2511 2475 2475 2494 2494 2476 2476 2487 2487 2496 2496 2486 2486 2491 2491 2492 2492 2498 2498 2476 2476 2494 2494 2505 2505 2477 2477 2507 2507 2510 2510 2477 2477 2476 2476 2507 2507 2476 2476 2505 2505 2507 2507 2494 2494 2517 2517 2505 2505 2500 2500 2492 2492 2493 2493 2479 2479 2478 2478 2514 2514 2500 2500 2493 2493 2501 2501 2513 2513 2514 2514 2512 2512 2485 2485 2481 2481 2480 2480 2485 2485 2516 2516 2502 2502 2485 2485 2480 2480 2516 2516 2486 2486 2495 2495 2485 2485 2488 2488 2497 2497 2496 2496 2488 2488 2489 2489 2497 2497 2487 2487 2488 2488 2496 2496 2489 2489 2490 2490 2497 2497 2502 2502 2516 2516 2503 2503 2486 2486 2496 2496 2495 2495 2485 2485 2495 2495 2481 2481 2622 2622 2570 2570 2621 2621 2629 2629 2578 2578 2577 2577 2628 2628 2577 2577 2576 2576 2621 2621 2569 2569 2620 2620 2605 2605 2552 2552 2551 2551 2600 2600 2547 2547 2599 2599 2604 2604 2550 2550 2603 2603 2609 2609 2556 2556 2555 2555 2603 2603 2549 2549 2602 2602 2602 2602 2549 2549 2601 2601 2610 2610 2557 2557 2556 2556 2603 2603 2550 2550 2549 2549 2627 2627 2575 2575 2626 2626 2605 2605 2551 2551 2604 2604 2599 2599 2547 2547 2546 2546 2599 2599 2546 2546 2598 2598 2598 2598 2545 2545 2597 2597 2598 2598 2546 2546 2545 2545 2606 2606 2553 2553 2552 2552 2609 2609 2555 2555 2608 2608 2521 2521 2541 2541 2540 2540 2521 2521 2540 2540 2522 2522 2518 2518 2543 2543 2519 2519 2535 2535 2534 2534 2526 2526 2518 2518 2544 2544 2543 2543 2597 2597 2544 2544 2518 2518 2597 2597 2545 2545 2544 2544 2524 2524 2537 2537 2525 2525 2524 2524 2538 2538 2537 2537 2524 2524 2539 2539 2538 2538 2523 2523 2539 2539 2524 2524 2612 2612 2559 2559 2558 2558 2526 2526 2536 2536 2535 2535 2525 2525 2536 2536 2526 2526 2525 2525 2537 2537 2536 2536 2522 2522 2539 2539 2523 2523 2601 2601 2548 2548 2600 2600 2601 2601 2549 2549 2548 2548 2625 2625 2574 2574 2573 2573 2626 2626 2574 2574 2625 2625 2626 2626 2575 2575 2574 2574 2627 2627 2576 2576 2575 2575 2623 2623 2572 2572 2571 2571 2600 2600 2548 2548 2547 2547 2628 2628 2576 2576 2627 2627 2622 2622 2571 2571 2570 2570 2623 2623 2571 2571 2622 2622 2520 2520 2541 2541 2521 2521 2519 2519 2542 2542 2520 2520 2519 2519 2543 2543 2542 2542 2520 2520 2542 2542 2541 2541 2522 2522 2540 2540 2539 2539 2612 2612 2558 2558 2611 2611 2612 2612 2560 2560 2559 2559 2526 2526 2534 2534 2527 2527 2607 2607 2554 2554 2553 2553 2608 2608 2555 2555 2554 2554 2607 2607 2553 2553 2606 2606 2610 2610 2556 2556 2609 2609 2608 2608 2554 2554 2607 2607 2613 2613 2560 2560 2612 2612 2613 2613 2561 2561 2560 2560 2611 2611 2557 2557 2610 2610 2611 2611 2558 2558 2557 2557 2633 2633 2583 2583 2582 2582 2640 2640 2589 2589 2639 2639 2640 2640 2590 2590 2589 2589 2639 2639 2589 2589 2638 2638 2645 2645 2595 2595 2644 2644 2645 2645 2596 2596 2595 2595 2646 2646 2596 2596 2645 2645 2647 2647 2533 2533 2646 2646 2647 2647 2532 2532 2533 2533 2644 2644 2595 2595 2594 2594 2652 2652 2528 2528 2529 2529 2652 2652 2529 2529 2651 2651 2648 2648 2531 2531 2532 2532 2649 2649 2531 2531 2648 2648 2649 2649 2530 2530 2531 2531 2650 2650 2530 2530 2649 2649 2651 2651 2530 2530 2650 2650 2646 2646 2533 2533 2596 2596 2651 2651 2529 2529 2530 2530 2606 2606 2552 2552 2605 2605 2637 2637 2588 2588 2587 2587 2637 2637 2587 2587 2636 2636 2644 2644 2593 2593 2643 2643 2636 2636 2587 2587 2586 2586 2638 2638 2589 2589 2588 2588 2630 2630 2579 2579 2629 2629 2631 2631 2580 2580 2630 2630 2632 2632 2582 2582 2581 2581 2632 2632 2581 2581 2631 2631 2619 2619 2568 2568 2567 2567 2625 2625 2573 2573 2624 2624 2616 2616 2563 2563 2615 2615 2619 2619 2567 2567 2566 2566 2619 2619 2566 2566 2618 2618 2644 2644 2594 2594 2593 2593 2643 2643 2592 2592 2642 2642 2604 2604 2551 2551 2550 2550 2642 2642 2591 2591 2641 2641 2642 2642 2592 2592 2591 2591 2641 2641 2590 2590 2640 2640 2633 2633 2582 2582 2632 2632 2648 2648 2532 2532 2647 2647 2634 2634 2585 2585 2584 2584 2631 2631 2581 2581 2580 2580 2634 2634 2584 2584 2583 2583 2634 2634 2583 2583 2633 2633 2635 2635 2585 2585 2634 2634 2630 2630 2580 2580 2579 2579 2629 2629 2579 2579 2578 2578 2629 2629 2577 2577 2628 2628 2636 2636 2586 2586 2585 2585 2636 2636 2585 2585 2635 2635 2643 2643 2593 2593 2592 2592 2624 2624 2572 2572 2623 2623 2624 2624 2573 2573 2572 2572 2618 2618 2565 2565 2617 2617 2618 2618 2566 2566 2565 2565 2617 2617 2565 2565 2564 2564 2617 2617 2564 2564 2616 2616 2616 2616 2564 2564 2563 2563 2638 2638 2588 2588 2637 2637 2615 2615 2563 2563 2562 2562 2615 2615 2562 2562 2614 2614 2614 2614 2562 2562 2561 2561 2614 2614 2561 2561 2613 2613 2621 2621 2570 2570 2569 2569 2620 2620 2569 2569 2568 2568 2620 2620 2568 2568 2619 2619 2641 2641 2591 2591 2590 2590 2655 2655 2656 2656 2654 2654 2654 2654 2656 2656 2653 2653 2659 2659 2658 2658 2657 2657 2660 2660 2659 2659 2657 2657 2666 2666 2661 2661 2663 2663 2666 2666 2664 2664 2665 2665 2662 2662 2666 2666 2665 2665 2666 2666 2663 2663 2664 2664 2670 2670 2668 2668 2667 2667 2670 2670 2669 2669 2668 2668 2671 2671 2672 2672 2673 2673 2674 2674 2671 2671 2673 2673 2676 2676 2677 2677 2675 2675 2676 2676 2675 2675 2678 2678 2680 2680 2679 2679 2682 2682 2681 2681 2682 2682 2679 2679 2686 2686 2684 2684 2685 2685 2683 2683 2685 2685 2684 2684 2684 2684 2687 2687 2683 2683 2693 2693 2690 2690 2692 2692 2688 2688 2692 2692 2690 2690 2690 2690 2691 2691 2689 2689 2690 2690 2689 2689 2688 2688 2696 2696 2695 2695 2694 2694 2696 2696 2697 2697 2695 2695 2700 2700 2698 2698 2701 2701 2701 2701 2699 2699 2700 2700 2705 2705 2706 2706 2704 2704 2708 2708 2707 2707 2702 2702 2707 2707 2703 2703 2702 2702 2705 2705 2703 2703 2706 2706 2703 2703 2707 2707 2706 2706 2710 2710 2711 2711 2709 2709 2712 2712 2709 2709 2711 2711 2716 2716 2713 2713 2714 2714 2713 2713 2715 2715 2714 2714 2718 2718 2719 2719 2720 2720 2718 2718 2721 2721 2717 2717 2717 2717 2719 2719 2718 2718 2726 2726 2724 2724 2722 2722 2724 2724 2723 2723 2722 2722 2727 2727 2726 2726 2725 2725 2726 2726 2722 2722 2725 2725 2735 2735 2733 2733 2732 2732 2735 2735 2732 2732 2734 2734 2733 2733 2731 2731 2729 2729 2731 2731 2730 2730 2729 2729 2733 2733 2729 2729 2732 2732 2737 2737 2736 2736 2728 2728 2736 2736 2735 2735 2734 2734 2736 2736 2734 2734 2728 2728 2740 2740 2739 2739 2738 2738 2743 2743 2742 2742 2741 2741 2746 2746 2745 2745 2744 2744 2747 2747 2749 2749 2748 2748 2750 2750 2751 2751 2752 2752 2755 2755 2754 2754 2753 2753 2756 2756 2758 2758 2757 2757 2759 2759 2761 2761 2760 2760 2762 2762 2764 2764 2763 2763 2765 2765 2767 2767 2766 2766 2768 2768 2770 2770 2769 2769 2771 2771 2772 2772 2773 2773 2776 2776 2774 2774 2775 2775 2777 2777 2779 2779 2778 2778 2780 2780 2782 2782 2781 2781 2783 2783 2785 2785 2784 2784 2786 2786 2788 2788 2787 2787 2789 2789 2791 2791 2790 2790 2792 2792 2794 2794 2793 2793 2795 2795 2796 2796 2797 2797 2798 2798 2800 2800 2799 2799 2801 2801 2802 2802 2803 2803 2805 2805 2804 2804 2806 2806 2809 2809 2808 2808 2807 2807 2812 2812 2811 2811 2810 2810 2814 2814 2815 2815 2813 2813 2816 2816 2817 2817 2818 2818 2819 2819 2821 2821 2820 2820 2822 2822 2824 2824 2823 2823 2826 2826 2827 2827 2825 2825 2830 2830 2829 2829 2828 2828 2833 2833 2832 2832 2831 2831 2835 2835 2836 2836 2834 2834 2838 2838 2837 2837 2839 2839 2841 2841 2840 2840 2842 2842 2845 2845 2844 2844 2843 2843 2848 2848 2846 2846 2847 2847 2851 2851 2849 2849 2850 2850 2853 2853 2852 2852 2854 2854 2856 2856 2857 2857 2855 2855 2860 2860 2859 2859 2858 2858 2862 2862 2861 2861 2863 2863 2866 2866 2865 2865 2864 2864 2868 2868 2867 2867 2869 2869 2870 2870 2871 2871 2872 2872 2875 2875 2873 2873 2874 2874 2877 2877 2878 2878 2876 2876 2880 2880 2881 2881 2879 2879 2882 2882 2884 2884 2883 2883 2886 2886 2885 2885 2887 2887 2889 2889 2888 2888 2890 2890 2892 2892 2891 2891 2893 2893 2895 2895 2894 2894 2896 2896 2898 2898 2897 2897 2899 2899 2901 2901 2900 2900 2902 2902 2904 2904 2903 2903 2905 2905 2907 2907 2906 2906 2908 2908 2910 2910 2909 2909 2911 2911 2913 2913 2912 2912 2914 2914 2916 2916 2915 2915 2917 2917 2919 2919 2918 2918 2920 2920 2922 2922 2921 2921 2923 2923 2925 2925 2924 2924 2926 2926 2928 2928 2927 2927 2929 2929 2931 2931 2930 2930 2932 2932 2935 2935 2934 2934 2933 2933 2938 2938 2937 2937 2936 2936 2941 2941 2940 2940 2939 2939 2944 2944 2943 2943 2942 2942 2947 2947 2946 2946 2945 2945 2950 2950 2949 2949 2948 2948 2953 2953 2952 2952 2951 2951 2956 2956 2955 2955 2954 2954 2959 2959 2958 2958 2957 2957 2962 2962 2961 2961 2960 2960 2965 2965 2964 2964 2963 2963 2968 2968 2967 2967 2966 2966 2971 2971 2970 2970 2969 2969 2974 2974 2973 2973 2972 2972 2977 2977 2976 2976 2975 2975 2978 2978 2979 2979 2980 2980 2983 2983 2982 2982 2981 2981 2985 2985 2984 2984 2986 2986 2989 2989 2987 2987 2988 2988 2992 2992 2991 2991 2990 2990 2995 2995 2994 2994 2993 2993 2998 2998 2997 2997 2996 2996 3000 3000 3001 3001 2999 2999 3004 3004 3002 3002 3003 3003 3005 3005 3006 3006 3007 3007 3008 3008 3009 3009 3010 3010 3013 3013 3012 3012 3011 3011 3016 3016 3014 3014 3015 3015 3018 3018 3017 3017 3019 3019 3020 3020 3022 3022 3021 3021 3024 3024 3025 3025 3023 3023 3027 3027 3026 3026 3028 3028 3030 3030 3031 3031 3029 3029 3032 3032 3034 3034 3033 3033 3037 3037 3035 3035 3036 3036 3040 3040 3038 3038 3039 3039 3042 3042 3041 3041 3043 3043 3045 3045 3046 3046 3044 3044 3049 3049 3048 3048 3047 3047 3051 3051 3050 3050 3052 3052 3055 3055 3053 3053 3054 3054 3056 3056 3057 3057 3058 3058 3061 3061 3060 3060 3059 3059 3064 3064 3062 3062 3063 3063 3066 3066 3065 3065 3067 3067 3068 3068 3069 3069 3070 3070 3073 3073 3072 3072 3071 3071</p>
        </triangles>
      </mesh>
    </geometry>
  </library_geometries>
  <library_materials>
    <material id="chrome-material" name="chrome">
      <instance_effect url="#chrome-effect"/>
    </material>
  </library_materials>
  <library_visual_scenes>
    <visual_scene id="scene">
      <node id="node_g0_chrome" name="node_g0_chrome">
        <instance_geometry url="#g0_chrome">
          <bind_material>
            <technique_common>
              <instance_material symbol="chrome-ref" target="#chrome-material"/>
            </technique_common>
          </bind_material>
        </instance_geometry>
      </node>
    </visual_scene>
  </library_visual_scenes>
  <scene>
    <instance_visual_scene url="#scene"/>
  </scene>
</COLLADA>
