<COLLADA xmlns="http://www.collada.org/2005/11/COLLADASchema" version="1.4.1">
  <asset>
    <created>2026-09-29T18:16:48.241904</created>
    <modified>2026-09-29T18:16:48.241906</modified>
    <unit name="meter" meter="1.0"/>
    <up_axis>Z_UP</up_axis>
  </asset>
  <library_effects>
    <effect id="chrome-effect" name="chrome-effect">
      <profile_COMMON>
        <technique sid="common">
          <phong>
            <emission>
              <color>0 0 0 1.0</color>
            </emission>
            <ambient>
              <color>0.432 0.438 0.45599999999999996 1.0</color>
            </ambient>
            <diffuse>
              <color>0.72 0.73 0.76 1.0</color>
            </diffuse>
            <specular>
              <color>0.95 0.95 0.95 1.0</color>
            </specular>
            <shininess>
              <float>80.0</float>
            </shininess>
            <reflective>
              <color>0.0 0.0 0.0 1.0</color>
            </reflective>
            <reflectivity>
              <float>0.0</float>
            </reflectivity>
            <transparent>
              <color>0.0 0.0 0.0 1.0</color>
            </transparent>
            <transparency>
              <float>1.0</float>
            </transparency>
          </phong>
        </technique>
        <extra>
          <technique profile="GOOGLEEARTH">
            <double_sided>0</double_sided>
          </technique>
        </extra>
      </profile_COMMON>
    </effect>
  </library_effects>
  <library_geometries>
    <geometry id="g0_chrome" name="g0_chrome">
      <mesh>
        <source id="g0_chrome-pos">
          <float_array count="8253" id="g0_chrome-pos-array">0.0056809 -0.0127117 0.1585212 0.0083011 0.0162964 0.1487999 0.012797 -0.0023867 0.1319405 0.0071278 -0.0160653 0.153082 0.0100788 -0.0158824 0.1420247 0.0041821 0.0004019 0.1640717 0.0095869 0.0159425 0.1439243 0.0121593 -0.0093455 0.134232 0.0124086 0.0071735 0.1332484 0.0081588 -0.0171721 0.1490519 0.0044595 -0.0069118 0.1629078 0.0045541 0.0072635 0.1625343 0.0051533 0.0109119 0.1602336 0.0060018 0.0137949 0.1570718 0.0068885 0.0156738 0.1536827 0.0128463 0.000346 0.1313714 0.0113412 -0.0131402 0.1369529 0.0076591 0.0165741 0.1507161 0.0126998 0.0039242 0.1317425 0.0062695 -0.0154803 0.1557097 0.0107951 0.0141803 0.1387862 0.011522 0.0119036 0.1360628 0.0126347 -0.0052249 0.1318508 0.0088294 -0.01753 0.1459174 0.0121857 0.008461 0.1333364 0.0095937 -0.0169705 0.1428124 0.0038094 0.0032685 0.1643544 0.0059843 0.0148351 0.1562639 0.008591 0.0171707 0.1463868 0.0122256 -0.0083438 0.1327242 0.0066186 -0.0167884 0.1536498 0.0050201 -0.0128816 0.1596353 0.0045354 -0.0107196 0.1614536 0.003975 -0.0067864 0.1635598 0.0038494 0.0052733 0.1639165 0.0093897 0.0166442 0.1432493 0.0126731 -0.0025059 0.1309194 0.0036544 -0.0028423 0.1646193 0.007453 0.0171386 0.1503298 0.012631 0.002419 0.1309345 0.0126811 0.0003682 0.1307409 0.0103433 -0.0157084 0.1394257 0.0089453 -0.01767 0.1446436 0.007884 -0.0179497 0.1486086 0.0072497 -0.0176567 0.1509798 0.00648 0.0162512 0.1537983 0.0099196 0.0159133 0.1409444 0.0115404 0.0113055 0.134873 0.0114742 -0.0121488 0.1350465 0.0042659 0.0097573 0.16188 0.0053416 0.0142002 0.1576971 0.0123975 0.0048707 0.1313012 0.0118795 0.0090506 0.1330661 0.0121803 -0.007347 0.1318903 0.0122959 -0.0057996 0.1312735 0.0042362 0.0108666 0.1612482 0.0079277 0.0176101 0.1474752 0.0085743 0.0174 0.1450584 0.0039851 -0.0102582 0.1621199 0.0033682 -0.0049389 0.164442 0.0059752 0.016186 0.1545658 0.0109401 -0.0135207 0.1359193 0.0031599 -0.0012243 0.1650312 0.0046417 0.0130566 0.1593329 0.0120186 0.0069031 0.1317478 0.0049843 -0.0148385 0.1579646 0.0044882 -0.0132087 0.1598236 0.0031571 0.0037926 0.1646404 0.0117325 -0.0093095 0.1325547 0.011228 -0.012059 0.134431 0.0032512 0.0058236 0.1640796 0.0053179 0.0153398 0.1563868 0.0101004 0.0150861 0.1385146 0.0080542 -0.0183192 0.1460556 0.0031833 -0.0057877 0.1642965 0.0107467 0.0130839 0.1358733 0.0097713 -0.0163091 0.1394253 0.0034451 0.0085402 0.1629189 0.0064153 0.0172901 0.1518475 0.0084792 0.0174604 0.1441359 0.012195 -0.0021514 0.1301888 0.0088052 -0.0177598 0.1428063 0.0121317 0.0020795 0.1302104 0.0066857 -0.0182376 0.1504967 0.0060466 -0.0176436 0.1528867 0.0052401 -0.0163262 0.1559045 0.0032333 -0.0081803 0.1634292 0.002717 0.000464 0.1651539 0.0030354 0.0062618 0.1639824 0.0034301 0.009299 0.1625171 0.0030794 -0.0074171 0.1637749 0.0037545 0.0113782 0.1610761 0.0046438 0.0145447 0.1577629 0.0112542 0.0099625 0.1330469 0.0111954 -0.0108314 0.1332007 0.0068266 0.017829 0.1493781 0.0117798 0.0054068 0.1308298 0.0106444 -0.0131288 0.1350141 0.0101475 -0.0148171 0.1368656 0.0089968 -0.0173132 0.1411574 0.0082581 -0.018165 0.1439151 0.0035569 -0.0114697 0.1615037 0.0048896 0.0155 0.1563677 0.0089318 0.0167489 0.1412666 0.009721 0.0152437 0.1383131 0.0101719 0.0140237 0.1366242 0.0025539 0.0034302 0.1648135 0.0037839 0.0123697 0.1602457 0.0077031 -0.0184765 0.1455029 0.0067115 -0.0185135 0.1492081 0.0032356 -0.0104526 0.1622222 0.0075251 0.0179155 0.1460369 0.0106921 0.0116955 0.1341831 0.0118182 0.0016723 0.1299432 0.0118443 -3.31e-05 0.1298402 0.0027545 -0.007456 0.1637836 0.0023392 0.0012914 0.1651149 0.0025604 0.0053952 0.1643015 0.0052959 0.0166642 0.154115 0.0104072 0.012642 0.1350026 0.0116356 0.0043207 0.130386 0.0117144 -0.0034389 0.1300668 0.0114725 -0.0068194 0.1309602 0.0112496 -0.0087349 0.1317871 0.005099 -0.0170161 0.1547442 0.0040676 -0.0145602 0.1586061 0.002449 -0.0046219 0.164686 0.0022569 0.0081533 0.1631449 0.0100173 -0.0125993 0.1340801 0.0090184 -0.0158667 0.1378024 0.0040381 -0.0161609 0.1564117 0.0017373 -0.0020727 0.1650539 0.0024193 0.0123484 0.1602451 0.0058444 0.0182026 0.1474649 0.0103706 0.006394 0.1305139 0.007048 -0.0182843 0.1428518 0.0051954 -0.0186405 0.1497735 0.0021419 0.0136015 0.1589738 0.0044986 0.0180095 0.1501814 0.0064693 0.0177761 0.1428164 0.0078855 0.0154731 0.137517 0.0099235 0.005219 0.1298692 0.0050535 -0.0188994 0.1479913 6.66e-05 0.004282 0.1643823 0.0068331 0.016571 0.1391359 0.0083331 0.0122568 0.1335173 0.0085472 0.0112761 0.132714 0.0095479 -0.0023823 0.1289317 -0.0006827 4.5e-05 0.1648468 -2.65e-05 0.0090687 0.1624234 0.0060652 -0.0175597 0.1395757 0.000567 -0.0129334 0.1601359 -0.0012608 0.0013398 0.164685 -0.0011784 0.0034745 0.1643838 0.0008966 0.0153459 0.1566678 0.0022066 0.0177251 0.1517801 0.0084208 0.0019116 0.1285088 0.0084519 0.0001899 0.1283874 0.0082057 -0.0061863 0.1292871 0.00398 -0.0190739 0.1450369 0.0025378 -0.0187108 0.1504272 0.0017917 -0.0178351 0.1532182 0.0007193 -0.0155614 0.1572325 -0.0008247 -0.008324 0.1630248 -0.0012485 -0.0025384 0.164627 0.0006912 0.0162844 0.1551087 0.0037256 0.0183681 0.1437763 0.0060571 0.0144541 0.1350516 0.007041 0.0103477 0.1313621 0.0073284 0.0084951 0.1302824 0.0073824 -0.0086069 0.1300265 0.0069813 -0.0112111 0.1315171 0.0064779 -0.0135351 0.1333908 -0.001094 -0.0106134 0.1616946 -0.001564 0.0106107 0.1611855 0.0005077 0.0170791 0.1534643 0.002138 0.0185753 0.1473771 0.0071308 -0.0053848 0.1286444 0.0048386 -0.0167365 0.1371738 0.0018102 -0.0190941 0.1484828 -0.0022531 -0.0059391 0.1637082 -0.0024374 -0.0025488 0.1644076 -0.0030605 5.07e-05 0.1644094 -0.0013188 0.0141477 0.1579453 0.003435 0.0176299 0.1401926 0.0060139 0.0096636 0.1305306 0.0064879 0.0057383 0.1287469 0.0065541 0.0049083 0.128497 0.0067192 -0.0019765 0.1278583 0.0031198 -0.0185944 0.1412559 0.0002427 -0.0182537 0.152008 -0.0005757 -0.0168363 0.1550708 -0.0017218 -0.013379 0.1593642 -0.0036465 0.0004867 0.1642636 0.0004119 0.0183768 0.1491547 0.0014204 0.0186605 0.1453872 0.0049761 -0.0126415 0.1320016 0.0030713 -0.0179229 0.1391024 0.0018762 -0.0191322 0.1435646 -0.0017251 -0.0154247 0.1570336 -0.004234 0.0004878 0.1641213 -0.0042072 0.0017905 0.1640252 -0.0041113 0.0039365 0.1636737 -0.0037818 0.0076403 0.1624541 -0.0024056 0.0144559 0.157333 -0.0019476 0.0157259 0.1556255 0.0027915 0.0168477 0.13792 0.0055808 -0.0006743 0.1274417 0.0053983 -0.0054027 0.1281088 0.0052565 -0.0070575 0.1286333 0.004799 -0.010553 0.1303321 0.0008441 -0.0192923 0.1450831 -0.0032589 -0.0117442 0.1604388 -0.0034863 0.0126814 0.1590271 -0.0019376 0.0169755 0.1532537 0.0034158 0.0137017 0.1332387 0.0038072 0.0121416 0.1317712 0.002895 -0.0158676 0.1350915 -0.004315 -0.0087868 0.1620563 -0.0047193 -0.0042746 0.163581 -0.0048189 -0.0012537 0.1639629 -0.0048502 0.0084238 0.1617721 0.0002291 0.0184852 0.1428234 0.0024863 0.0148148 0.1343775 0.0044088 0.0006331 0.1271487 0.0027529 -0.0145135 0.1332885 -0.0008865 -0.0192496 0.1468729 -0.0016638 -0.0187743 0.1497793 -0.0025143 -0.0176509 0.152961 -0.0052046 0.0099249 0.1607631 -0.0025786 0.0177469 0.1509752 0.0037797 0.0023653 0.1271671 0.0037939 0.0019337 0.1271125 0.0007358 -0.0179209 0.1384774 0.0003106 -0.0184952 0.1400644 -0.0065632 5.36e-05 0.163472 -0.0040848 0.0161443 0.1542616 -0.0001743 0.0177685 0.1396542 0.0005528 0.016624 0.1369337 0.0008479 0.0159981 0.1358287 0.0029485 0.0061516 0.1279482 0.0031077 0.0040702 0.1273468 -0.0055178 -0.0120631 0.1595276 -0.00689 0.0055944 0.1623759 -0.0030877 0.018323 0.1482077 -2.77e-05 -0.0171462 0.1366612 -0.0012958 -0.0188591 0.1413943 -0.0053933 -0.0148351 0.1567185 -0.006851 -0.0067575 0.1621911 -0.0076899 0.0013499 0.163019 -0.0066023 0.0116242 0.1589874 -0.0027771 0.0185713 0.1447152 -0.0024344 -0.0191211 0.1433157 -0.0055204 -0.0160904 0.154857 -0.0071003 -0.0094965 0.1607815 -0.0075815 -0.0046694 0.1625949 -0.0076776 -0.0025392 0.1629608 -0.0077048 -0.0012453 0.1630664 -0.0079144 0.0067812 0.1615455 -0.0068749 0.0128777 0.1576803 -0.0043502 -0.0187917 0.1481461 -0.0048904 -0.0182612 0.1501664 -0.0087407 0.0034684 0.1622968 -0.0081285 0.0094458 0.1600281 -0.0054733 0.0175438 0.1501316 -0.0021005 0.0169946 0.1375265 -0.0007049 0.0135315 0.1323006 -0.0042663 -0.0190447 0.1455057 -0.0059854 -0.0174375 0.1519347 -0.0091921 0.0051158 0.1616667 -0.0073339 0.014999 0.1547543 -0.0050732 0.0182793 0.146317 -0.0039676 0.0182465 0.1421854 -0.0019074 0.0153195 0.1344779 -0.0014582 -0.0145647 0.1327047 -0.0027834 -0.0176506 0.1376469 -0.0080828 -0.0131915 0.1574639 -0.0085684 -0.0108614 0.1592856 -0.0091561 -0.0062724 0.1614963 -0.0098104 0.0042704 0.1616574 -0.0072341 0.0164445 0.152069 -0.0027736 -0.0164594 0.1352971 -0.0043235 -0.0186303 0.1410819 -0.0078032 -0.0158639 0.1540935 -0.0101981 0.0062723 0.1608009 -0.0042726 0.0173556 0.1386935 -0.0044763 -0.0181669 0.1393425 -0.0098631 -0.0096876 0.1594984 -0.0103894 -0.0045839 0.1614811 -0.0110654 -0.0003751 0.1617146 -0.0060344 0.0180882 0.1429732 -0.0099536 0.0135764 0.1553046 -0.0096941 0.0143783 0.1543376 -0.0087301 0.0165231 0.1507419 -0.0050762 0.016648 0.1370886 -0.008823 -0.0170197 0.1509831 -0.0105324 -0.0119839 0.1573867 -0.0112415 -0.0074495 0.160051 -0.0026309 -0.0105226 0.1291009 -0.0020625 -0.0120177 0.1302123 -0.0007693 -0.0131883 0.1313258 0.0006293 -0.0133716 0.1316729 0.00198 -0.0125651 0.1311731 0.0027379 -0.0110288 0.1301356 0.0028342 -0.0096786 0.1292941 0.0028331 -0.0064137 0.1277957 0.0028323 -0.0035257 0.1270455 0.0028319 -0.0018944 0.1268327 0.0028313 0.0012055 0.1268268 0.0028306 0.0081108 0.1287785 0.0027963 0.0101938 0.1299999 0.0023531 0.0115099 0.1308844 0.0016555 0.0123796 0.1314959 0.0008538 0.0128166 0.131769 -0.0004651 0.0127829 0.1315592 -0.0017924 0.0118858 0.1306289 -0.0025761 0.0103356 0.1293916 -0.0004278 -0.0122235 0.1256183 -0.0010204 -0.0124473 0.1288687 -0.0014909 -0.0119287 0.1268668 -0.0025693 -0.0105479 0.1274368 -0.0026966 -0.0093677 0.0315005 0.0027595 -0.0104538 0.1273591 0.0023035 -0.0112899 0.1260344 0.0015076 -0.0120095 0.126795 0.0011073 -0.0125253 0.1291086 0.0008536 -0.0122171 0.1263847 -0.0004058 -0.0156983 -0.0832252 -0.0004048 -0.0134244 -0.0783316 -0.0007492 -0.012291 -0.0747226 -0.0008359 -0.0146286 -0.081344 -0.0008324 -0.0114238 -0.0682971 -0.0011653 -0.0116537 -0.0720855 -0.0012486 -0.0163614 -0.0847243 -0.0016279 -0.012347 -0.0763959 -0.0019039 -0.0136536 -0.0805924 -0.0020266 -0.0108267 -0.0699737 -0.0021999 -0.0115422 -0.0754712 -0.0026562 -0.0111022 -0.0773535 -0.0026907 -0.0095796 -0.070651 -0.0026097 -0.0143999 -0.084416 -0.0021377 -0.0161762 -0.085655 -0.0014058 -0.0179249 -0.0870758 0.0002682 -0.0167285 -0.0848941 0.0027577 -0.0093553 -0.0700938 0.0027446 -0.0116109 -0.0796093 0.0025866 -0.0128107 -0.0809679 0.0024793 -0.0101932 -0.0688976 0.0023904 -0.0112 -0.0749817 0.0021868 -0.0106967 -0.0699854 0.0019432 -0.0117188 -0.0748588 0.0018766 -0.0126959 -0.078013 0.0016668 -0.0143104 -0.081499 0.0011266 -0.0115423 -0.0710056 0.0008772 -0.0114234 -0.0682976 0.0007888 -0.0144138 -0.0808472 0.0007043 -0.0127205 -0.0762878 0.0004454 -0.0120048 -0.0731258 0.0007017 -0.0193391 -0.0883986 0.0013637 -0.018084 -0.0872176 0.002691 -0.0141101 -0.0842336 -0.0006899 0.0120503 0.1289454 -0.0006906 0.0117482 0.1265251 -0.0020855 0.0109801 0.1274225 0.0028233 0.0094463 0.1257334 0.0023524 0.0109339 0.1281708 0.0016544 0.0115267 0.1276857 0.0010193 0.0123288 0.1303449 0.0006774 0.0118795 0.1276437 0.0005903 0.011768 0.1260859 0.0027664 0.0009438 -0.0796103 0.0027634 0.0131031 -0.081718 0.0027653 0.0063653 -0.0799135 0.0027678 -0.0103382 -0.0822174 0.0027671 -0.0029186 -0.0799919 0.0005301 0.0124935 -0.0648335 -0.0005794 0.0125051 -0.0659138 -0.0008389 0.0136282 -0.0733849 -0.0009273 0.0185401 -0.083575 -0.0010901 0.0143977 -0.0759833 -0.0013279 0.0123792 -0.0675518 -0.0013289 0.0127331 -0.0702495 -0.0014099 0.0155644 -0.0790321 -0.001773 0.0130453 -0.0729781 -0.0020951 0.0164172 -0.0816969 -0.002147 0.0117415 -0.0676079 -0.0022046 0.0132663 -0.0752188 -0.0026971 0.01281 -0.0771911 -0.0027265 0.0106911 -0.0706051 -0.001987 0.0184423 -0.0844772 -0.0026408 0.0161531 -0.083127 -0.0008442 0.020629 -0.0861238 0.002755 0.0103196 -0.0665754 0.0026149 0.0124424 -0.0748987 0.0025864 0.0110294 -0.0671039 0.0022372 0.0120365 -0.0703722 0.0022356 0.0130943 -0.0746914 0.0020627 0.0144454 -0.0777372 0.0020051 0.0118542 -0.0664914 0.0018057 0.0127848 -0.0719127 0.0014417 0.0123403 -0.0675561 0.0012796 0.0169407 -0.0813817 0.0009544 0.0140858 -0.0749442 0.0007017 0.0127073 -0.0686088 0.0004361 0.0186137 -0.0835221 0.0003506 0.0163211 -0.0798633 0.0006513 0.0210033 -0.0864702 0.0027382 0.0155504 -0.0828163 0.0025026 0.0169519 -0.0835686 0.0017307 0.0190624 -0.0848923 -0.0116646 0.0004804 0.1614091 -0.0068534 -0.0185964 0.1433704 -0.0114179 -0.0062472 0.1604656 -0.0115648 -0.0041904 0.1610211 -0.0116454 0.0030233 0.1610992 -0.0079098 0.0176241 0.1471861 -0.0034226 -0.0122008 0.1303241 -0.0048946 -0.0166429 0.1358106 -0.0116 0.0046809 0.1606909 -0.0095049 0.0152946 0.1528954 -0.0039527 -0.0140095 0.1320556 -0.0081783 -0.0180622 0.1478328 -0.0114728 0.0066864 0.1599805 -0.0029905 0.0085372 0.12829 -0.0026861 -0.0071054 0.1273442 -0.0042725 -0.0148049 0.1330067 -0.0118265 -0.0016508 0.161276 -0.0107128 0.0117136 0.1569178 -0.0077547 -0.0183959 0.1457689 -0.0112266 0.0093114 0.1585949 -0.0067235 0.0177871 0.1417946 -0.0046734 0.0149724 0.134125 -0.0043169 0.0139836 0.1327896 -0.0057526 -0.0175476 0.1380548 -0.0061351 0.0173124 0.1393624 -0.0065578 -0.0182371 0.1408295 -0.0098163 -0.0156729 0.1530138 -0.0102612 -0.0144389 0.1546803 -0.0027177 0.0037619 0.1265493 -0.0113258 -0.0100076 0.1584441 -0.0090477 0.0166452 0.1497913 -0.0037318 0.0109349 0.1299089 -0.0111575 0.0109511 0.1572213 -0.0029471 -0.0037955 0.1264943 -0.0109393 -0.0126195 0.1563316 -0.0121833 0.0021436 0.1608155 -0.0099759 -0.0157556 0.1525106 -0.0117281 -0.0084744 0.159081 -0.0029873 -0.0012844 0.1262353 -0.0035004 -0.0085222 0.1281298 -0.0122075 -0.0032962 0.1606828 -0.0079219 0.0175965 0.1445336 -0.0054233 0.0153937 0.1351901 -0.012128 -0.0053291 0.1601784 -0.010208 0.0147531 0.152872 -0.0070011 0.0173719 0.1408969 -0.006064 0.0164108 0.1373919 -0.0040233 0.0104661 0.1297476 -0.0034402 0.0064834 0.1275559 -0.0040848 -0.0112973 0.1299086 -0.0095337 -0.016785 0.1502525 -0.0113915 -0.0112398 0.1572124 -0.0031834 -0.0021084 0.1263795 -0.0066216 -0.0175708 0.1391787 -0.0120188 0.006899 0.1592404 -0.0110443 0.0123438 0.1556161 -0.0096243 0.0160427 0.1503214 -0.0085958 0.0172285 0.1464821 -0.0033799 -0.004962 0.1269212 -0.0092151 -0.017277 0.148687 -0.0050935 0.0138883 0.1332066 -0.0124807 -0.000371 0.1605944 -0.0033305 0.0003837 0.1264045 -0.0040538 0.0089643 0.1289696 -0.0047824 -0.0129925 0.131623 -0.0076489 -0.0179163 0.1423189 -0.0120654 -0.0079441 0.1588538 -0.0071688 0.0170229 0.1404774 -0.005585 -0.0152308 0.134457 -0.0060518 -0.0162161 0.1361984 -0.0124553 -0.0036394 0.1601665 -0.0124601 0.0032933 0.1600552 -0.011975 0.0082647 0.1582583 -0.0109162 0.0132231 0.1541736 -0.0037279 0.004796 0.1272857 -0.0108282 -0.0141672 0.1537582 -0.0094689 0.016288 0.1486383 -0.0059948 0.015159 0.135653 -0.008745 -0.0175679 0.1458263 -0.0078396 0.0170488 0.1424234 -0.0049401 0.0119997 0.1315725 -0.0038849 -0.0060169 0.1275725 -0.011581 0.0108178 0.1562628 -0.0067443 0.0161578 0.1382061 -0.0045707 0.0101289 0.1300645 -0.0123775 0.0055619 0.1591087 -0.0105818 0.0142324 0.152426 -0.0090417 0.0166322 0.1466786 -0.0115253 -0.0117917 0.1558695 -0.0124724 -0.0051434 0.1594295 -0.0041717 0.0069627 0.1283438 -0.0094624 -0.0168305 0.1480388 -0.0102336 -0.0156522 0.1509244 -0.0062238 -0.015337 0.1356722 -0.007889 -0.0172569 0.1418886 -0.0102044 0.0149445 0.1505691 -0.0039464 -0.0024124 0.1271296 -0.0121177 0.0079471 0.1576319 -0.0076291 0.0163955 0.1408857 -0.0040107 0.0027051 0.1273212 -0.0042625 -0.0065964 0.1282326 -0.0050036 -0.0113004 0.1309871 -0.0056207 0.0129157 0.1333132 -0.0055368 -0.0131933 0.1329172 -0.0085777 0.0163757 0.1442868 -0.0063383 0.0145077 0.135913 -0.0112249 -0.0127949 0.1540866 -0.0113726 0.0115214 0.1546849 -0.0120998 -0.0085379 0.1573391 -0.0126558 -0.0007552 0.159441 -0.0097554 -0.0159273 0.1485202 -0.0026694 0.0051356 0.1268879 -0.0026689 0.0011183 0.1261676 -0.0026671 -0.0063416 0.1270709 0.0055175 -0.0203396 -0.089447 -0.0054825 -0.0203417 -0.0894435 0.0055169 -0.0232016 -0.0931195 -0.0054832 -0.0236242 -0.0937691 -0.0054841 -0.0257821 -0.0978948 -0.0054822 -0.0175482 -0.0867492 -0.0054821 -0.0144321 -0.0844355 -0.0027321 -0.0117409 -0.0828853 -0.0054822 -0.0103399 -0.0822148 -0.0027324 -0.0074422 -0.0810967 -0.0054825 -0.0059549 -0.0806495 -0.0027327 -0.0044455 -0.0802812 -0.0054833 -0.0006084 -0.0797006 -0.0027334 0.0001668 -0.079645 -0.0054839 0.0024955 -0.0795946 -0.0027342 0.0040479 -0.0796622 -0.0054853 0.0086539 -0.0803383 -0.0027355 0.0094096 -0.0805207 -0.0054868 0.0138199 -0.0820109 -0.0054881 0.0172846 -0.0837598 -0.0054891 0.0198769 -0.0854702 0.0055109 0.019879 -0.0854737 0.0055124 0.0159281 -0.0830103 0.0055143 0.0101615 -0.0807243 0.0055151 0.0071328 -0.0800372 0.0055164 0.0009443 -0.0796111 0.0055174 -0.0052007 -0.0804587 0.0055178 -0.0096245 -0.0819106 0.0055179 -0.0144299 -0.084439 0.0055178 -0.017546 -0.0867527 0.0055159 -0.02578 -0.0978982 -0.0054966 0.0285215 -0.1038834 0.0055036 0.0285132 -0.1032094 0.0055045 0.0282805 -0.1005105 -0.005495 0.0280481 -0.0991717 0.0055055 0.0277451 -0.0978549 -0.0054941 0.0273637 -0.0965506 0.0055064 0.0269138 -0.0952767 -0.0054931 0.0263883 -0.0940234 0.0055074 0.0257973 -0.0928085 -0.0054921 0.0251342 -0.0916222 -0.0054913 0.0240204 -0.0899224 0.0055087 0.0240225 -0.0899259 0.0055094 0.0227689 -0.0883264 -0.0054901 0.0218577 -0.0873182 0.0054974 0.0206958 -0.1278068 -0.0055026 0.0206936 -0.1278033 -0.0055022 0.0221728 -0.1257509 -0.0055017 0.0239207 -0.1228666 0.0054983 0.0239228 -0.1228701 -0.005501 0.0253993 -0.1198354 0.005499 0.0254014 -0.1198389 -0.0055002 0.0265962 -0.1166824 0.0054998 0.0265984 -0.1166858 -0.0054989 0.0278426 -0.1117816 0.0055011 0.0278447 -0.1117851 0.005502 0.0282996 -0.1084433 -0.0054846 -0.0263882 -0.0998345 0.0055147 -0.0269349 -0.1024907 -0.0054857 -0.0270983 -0.1038326 -0.005487 -0.0271242 -0.1078933 0.005513 -0.0271221 -0.1078968 -0.0054884 -0.0264652 -0.1119002 0.0055114 -0.0262876 -0.1125581 -0.0054898 -0.0251401 -0.1157386 0.0055097 -0.0245542 -0.1169649 -0.0054925 -0.0214026 -0.121964 0.0055075 -0.0214005 -0.1219675 -0.0054935 -0.019861 -0.1239699 0.0055056 -0.018184 -0.1258694 -0.005495 -0.0169994 -0.1270646 0.0055044 -0.0157572 -0.1282115 -0.0054962 -0.0144686 -0.1292938 0.0055032 -0.0131276 -0.1303233 -0.0054976 -0.0110375 -0.1317419 -0.0054987 -0.0081063 -0.13341 0.0055013 -0.0081041 -0.1334134 -0.0054998 -0.0050355 -0.1348047 0.0055002 -0.0050334 -0.1348081 0.0085428 -0.0141739 0.1478398 0.0103335 -0.0122911 0.1411543 0.0054393 -0.0072914 0.1594587 0.004958 -0.0003703 0.1612789 0.0067514 -0.0123438 0.1545396 0.0051134 -0.0043955 0.1606854 0.0057701 -0.0091361 0.1582165 0.0092388 -0.0138995 0.1452398 0.0050794 0.0032178 0.1608367 0.006273 -0.0110724 0.1563313 0.0076156 -0.0137154 0.151306 0.0109018 -0.0107078 0.1390355 0.0089994 0.0134298 0.1462207 0.0074964 0.0129252 0.1518357 0.0054366 0.0065649 0.1595125 0.0116409 0.0066562 0.1363285 0.0098033 0.0126635 0.1432142 0.0085374 0.0135387 0.1479474 0.0116436 -0.0072001 0.1362747 0.011998 0.0033406 0.1349839 0.0119289 0.004212 0.1352445 0.0115247 -0.0079447 0.1367169 0.0061784 0.0100726 0.1567517 0.0121222 -0.0002649 0.1345083 0.0067467 0.011656 0.1546329 0.0120544 -0.0029585 0.134753 0.0103288 0.0117087 0.1412476 0.0119683 -0.0042946 0.1350706 0.0108978 0.010142 0.1391165 -0.0119471 -0.000356 0.1567549 -0.0118533 -0.0034957 0.1563942 -0.0114659 -0.0072771 0.1549347 -0.0114686 0.0065792 0.1549885 -0.0117918 0.003692 0.1561874 -0.0111384 0.0084337 0.1537607 -0.0101584 0.0116703 0.1501089 -0.0105433 0.0106709 0.1515441 -0.0083677 0.013553 0.1434234 -0.008947 0.0133621 0.1455876 -0.0074405 0.0130945 0.1399572 -0.0065763 0.011723 0.1367236 -0.0060979 0.0104515 0.1349319 -0.0052642 0.0066705 0.1318045 -0.0055951 0.0085152 0.1330468 -0.004783 -0.0002506 0.1299843 -0.0048518 0.0024409 0.1302499 -0.0052615 -0.0071858 0.1317507 -0.0049368 -0.0042804 0.1305466 -0.0055917 -0.0090402 0.1329786 -0.0065717 -0.0122769 0.1366304 -0.0061867 -0.0112775 0.1351951 -0.0083623 -0.0141596 0.1433158 -0.0076663 -0.0138852 0.1407158 -0.0090585 -0.0139057 0.1459179 -0.0101537 -0.0123295 0.1500157 -0.0110583 -0.0094708 0.1534047 -0.0025761 0.0103356 0.1293916 -0.0026647 0.0094425 0.1252973 -0.0026757 0.0093295 0.1094885 -0.0026984 0.0096086 0.0376364 -0.0026996 0.0096232 0.0338663 -0.0027014 0.0096452 0.0281979 -0.0027034 0.0096701 0.02179 -0.0027041 0.0096792 0.0194662 -0.0027048 0.0096877 0.0172524 -0.0027056 0.009697 0.0148714 -0.0027066 0.0097097 0.0116047 -0.0027073 0.0097187 0.0092797 -0.0027189 0.0098609 -0.0273313 -0.0027265 0.0106911 -0.0706051 -0.0027177 0.0037619 0.1265493 -0.0026689 0.0011183 0.1261676 -0.0029471 -0.0037955 0.1264943 -0.0029873 -0.0012844 0.1262353 -0.0026689 0.0011183 0.1261676 -0.0026671 -0.0063416 0.1270709 0.0054974 0.0206958 -0.1278068 -0.0055026 0.0206936 -0.1278033 0.0054976 0.0194102 -0.1281566 -0.0055024 0.019408 -0.1281532 -0.0054998 -0.0050355 -0.1348047 0.0055002 -0.0050334 -0.1348081 -0.0054999 -0.0037499 -0.1344548 0.0055001 -0.0037478 -0.1344583 0.0054976 0.0194102 -0.1281566 -0.0055024 0.019408 -0.1281532 -0.0054999 -0.0037499 -0.1344548 0.0055001 -0.0037478 -0.1344583 0.0055054 0.0130126 -0.1073486 -0.0054947 0.0131289 -0.1074603 0.0055046 0.0141399 -0.108962 -0.0054953 0.0140703 -0.1088078 -0.0054929 -0.0089086 -0.1153998 -0.0054915 0.0009029 -0.104902 -0.0054923 -0.0088601 -0.1135942 -0.0054913 -0.0036228 -0.1069309 -0.0054921 -0.0085494 -0.1126548 -0.005492 0.0038571 -0.104472 -0.0054939 0.0110737 -0.1060776 -0.0054915 -0.0062495 -0.1092146 -0.0054931 0.0087734 -0.1051267 0.0055072 -0.0089304 -0.1152398 0.0055077 -0.0087761 -0.1132776 0.0055084 0.0018791 -0.104694 0.0055086 -0.0005228 -0.1053476 0.0055078 0.0048559 -0.1044694 0.0055087 -0.0036206 -0.1069344 0.0055082 -0.0077486 -0.1112035 0.0055061 0.0110759 -0.1060811 0.0055085 -0.0065747 -0.1095939 0.005507 0.0082977 -0.1049885 -0.0054825 -0.0203417 -0.0894435 -0.0054832 -0.0236242 -0.0937691 -0.0054841 -0.0257821 -0.0978948 -0.0054822 -0.0175482 -0.0867492 -0.0054821 -0.0144321 -0.0844355 -0.0054822 -0.0103399 -0.0822148 -0.0054825 -0.0059549 -0.0806495 -0.0054833 -0.0006084 -0.0797006 -0.0054839 0.0024955 -0.0795946 -0.0054853 0.0086539 -0.0803383 -0.0054868 0.0138199 -0.0820109 -0.0054881 0.0172846 -0.0837598 -0.0054891 0.0198769 -0.0854702 -0.0054966 0.0285215 -0.1038834 -0.005495 0.0280481 -0.0991717 -0.0054941 0.0273637 -0.0965506 -0.0054931 0.0263883 -0.0940234 -0.0054921 0.0251342 -0.0916222 -0.0054913 0.0240204 -0.0899224 -0.0054901 0.0218577 -0.0873182 -0.0055026 0.0206936 -0.1278033 -0.0055022 0.0221728 -0.1257509 -0.0055017 0.0239207 -0.1228666 -0.005501 0.0253993 -0.1198354 -0.0055002 0.0265962 -0.1166824 -0.0054989 0.0278426 -0.1117816 -0.0055024 0.019408 -0.1281532 -0.0054846 -0.0263882 -0.0998345 -0.0054857 -0.0270983 -0.1038326 -0.005487 -0.0271242 -0.1078933 -0.0054884 -0.0264652 -0.1119002 -0.0054898 -0.0251401 -0.1157386 -0.0054925 -0.0214026 -0.121964 -0.0054935 -0.019861 -0.1239699 -0.005495 -0.0169994 -0.1270646 -0.0054962 -0.0144686 -0.1292938 -0.0054976 -0.0110375 -0.1317419 -0.0054987 -0.0081063 -0.13341 -0.0054998 -0.0050355 -0.1348047 -0.0054999 -0.0037499 -0.1344548 -0.0054947 0.0131289 -0.1074603 -0.0054953 0.0140703 -0.1088078 -0.0054929 -0.0089086 -0.1153998 -0.0054915 0.0009029 -0.104902 -0.0054923 -0.0088601 -0.1135942 -0.0054913 -0.0036228 -0.1069309 -0.0054921 -0.0085494 -0.1126548 -0.005492 0.0038571 -0.104472 -0.0054939 0.0110737 -0.1060776 -0.0054915 -0.0062495 -0.1092146 -0.0054931 0.0087734 -0.1051267 0.0055175 -0.0203396 -0.089447 0.0055169 -0.0232016 -0.0931195 0.0055109 0.019879 -0.0854737 0.0055124 0.0159281 -0.0830103 0.0055143 0.0101615 -0.0807243 0.0055151 0.0071328 -0.0800372 0.0055164 0.0009443 -0.0796111 0.0055174 -0.0052007 -0.0804587 0.0055178 -0.0096245 -0.0819106 0.0055179 -0.0144299 -0.084439 0.0055178 -0.017546 -0.0867527 0.0055159 -0.02578 -0.0978982 0.0055036 0.0285132 -0.1032094 0.0055045 0.0282805 -0.1005105 0.0055055 0.0277451 -0.0978549 0.0055064 0.0269138 -0.0952767 0.0055074 0.0257973 -0.0928085 0.0055087 0.0240225 -0.0899259 0.0055094 0.0227689 -0.0883264 0.0054974 0.0206958 -0.1278068 0.0054983 0.0239228 -0.1228701 0.005499 0.0254014 -0.1198389 0.0054998 0.0265984 -0.1166858 0.0055011 0.0278447 -0.1117851 0.005502 0.0282996 -0.1084433 0.0054976 0.0194102 -0.1281566 0.0055147 -0.0269349 -0.1024907 0.005513 -0.0271221 -0.1078968 0.0055114 -0.0262876 -0.1125581 0.0055097 -0.0245542 -0.1169649 0.0055075 -0.0214005 -0.1219675 0.0055056 -0.018184 -0.1258694 0.0055044 -0.0157572 -0.1282115 0.0055032 -0.0131276 -0.1303233 0.0055013 -0.0081041 -0.1334134 0.0055002 -0.0050334 -0.1348081 0.0055001 -0.0037478 -0.1344583 0.0055054 0.0130126 -0.1073486 0.0055046 0.0141399 -0.108962 0.0055072 -0.0089304 -0.1152398 0.0055077 -0.0087761 -0.1132776 0.0055084 0.0018791 -0.104694 0.0055086 -0.0005228 -0.1053476 0.0055078 0.0048559 -0.1044694 0.0055087 -0.0036206 -0.1069344 0.0055082 -0.0077486 -0.1112035 0.0055061 0.0110759 -0.1060811 0.0055085 -0.0065747 -0.1095939 0.005507 0.0082977 -0.1049885 0.0054393 -0.0072914 0.1594587 0.004958 -0.0003703 0.1612789 0.0031092 -0.00339 0.1589623 0.0040257 -0.0016332 0.1602674 -0.0119471 -0.000356 0.1567549 -0.0090688 -0.0035663 0.1555908 -0.0114659 -0.0072771 0.1549347 0.0054393 -0.0072914 0.1594587 0.004958 -0.0003703 0.1612789 0.0051134 -0.0043955 0.1606854 0.0031092 -0.00339 0.1589623 -0.0119471 -0.000356 0.1567549 -0.0090688 -0.0035663 0.1555908 -0.0118533 -0.0034957 0.1563942 -0.0114659 -0.0072771 0.1549347 0.004958 -0.0003703 0.1612789 0.0050794 0.0032178 0.1608367 0.0054366 0.0065649 0.1595125 0.0031082 0.0026663 0.1589861 0.0033474 0.0035047 0.1589414 0.0043153 0.0051033 0.1592067 0.004958 -0.0003703 0.1612789 0.0054366 0.0065649 0.1595125 -0.0119471 -0.000356 0.1567549 0.0031082 0.0026663 0.1589861 0.0033474 0.0035047 0.1589414 0.0043153 0.0051033 0.1592067 -0.0095873 0.0021337 0.1559105 -0.0114686 0.0065792 0.1549885 -0.0097545 0.0041957 0.1554378 -0.0117918 0.003692 0.1561874 0.0054366 0.0065649 0.1595125 0.0061784 0.0100726 0.1567517 0.0067467 0.011656 0.1546329 0.0038696 0.0084356 0.155772 0.0054366 0.0065649 0.1595125 0.0067467 0.011656 0.1546329 -0.0114686 0.0065792 0.1549885 0.0038696 0.0084356 0.155772 -0.0082399 0.0084458 0.1525314 -0.0101584 0.0116703 0.1501089 -0.009835 0.0112606 0.1504379 -0.0114686 0.0065792 0.1549885 -0.0082399 0.0084458 0.1525314 -0.0111384 0.0084337 0.1537607 -0.0101584 0.0116703 0.1501089 -0.0105433 0.0106709 0.1515441 0.0074964 0.0129252 0.1518357 0.0085374 0.0135387 0.1479474 0.0067467 0.011656 0.1546329 0.0053087 0.0116721 0.1504046 0.0085374 0.0135387 0.1479474 0.0067467 0.011656 0.1546329 -0.0101584 0.0116703 0.1501089 0.0053087 0.0116721 0.1504046 -0.0068008 0.0116824 0.147164 -0.0083677 0.013553 0.1434234 -0.0101584 0.0116703 0.1501089 -0.0068008 0.0116824 0.147164 -0.0083677 0.013553 0.1434234 -0.008947 0.0133621 0.1455876 0.0089994 0.0134298 0.1462207 0.0098033 0.0126635 0.1432142 0.0085374 0.0135387 0.1479474 0.0103288 0.0117087 0.1412476 0.0069712 0.0116966 0.1441925 0.0085374 0.0135387 0.1479474 0.0103288 0.0117087 0.1412476 -0.0083677 0.013553 0.1434234 0.0069712 0.0116966 0.1441925 -0.0051383 0.0117068 0.1409518 -0.0065763 0.011723 0.1367236 -0.0083677 0.013553 0.1434234 -0.0051383 0.0117068 0.1409518 -0.0074405 0.0130945 0.1399572 -0.0065763 0.011723 0.1367236 0.0116409 0.0066562 0.1363285 0.0103288 0.0117087 0.1412476 0.0108978 0.010142 0.1391165 0.0084802 0.0086893 0.1389313 0.0116409 0.0066562 0.1363285 0.0103288 0.0117087 0.1412476 -0.0065763 0.011723 0.1367236 0.0084802 0.0086893 0.1389313 -0.0043871 0.0094589 0.1359453 -0.0060979 0.0104515 0.1349319 -0.0052642 0.0066705 0.1318045 -0.0055951 0.0085152 0.1330468 -0.0040003 0.0079694 0.1344951 0.0116409 0.0066562 0.1363285 0.011998 0.0033406 0.1349839 0.0119289 0.004212 0.1352445 0.0121222 -0.0002649 0.1345083 0.0092438 0.0029454 0.1356724 0.0116409 0.0066562 0.1363285 0.0121222 -0.0002649 0.1345083 -0.0052642 0.0066705 0.1318045 0.0092438 0.0029454 0.1356724 -0.0030634 0.0033858 0.1323806 -0.004783 -0.0002506 0.1299843 -0.0048518 0.0024409 0.1302499 -0.0029343 0.0027688 0.1323007 0.0116436 -0.0072001 0.1362747 0.0121222 -0.0002649 0.1345083 0.0120544 -0.0029585 0.134753 0.0119683 -0.0042946 0.1350706 0.0110168 -0.0013206 0.1348384 0.0092451 -0.0034853 0.1356474 0.0116436 -0.0072001 0.1362747 0.0121222 -0.0002649 0.1345083 -0.004783 -0.0002506 0.1299843 0.0110168 -0.0013206 0.1348384 0.0092451 -0.0034853 0.1356474 -0.0044595 -0.0006602 0.1303134 -0.0052615 -0.0071858 0.1317507 -0.0049368 -0.0042804 0.1305466 -0.0029609 -0.0036911 0.1323801 0.0103335 -0.0122911 0.1411543 0.0109018 -0.0107078 0.1390355 0.0116436 -0.0072001 0.1362747 0.0115247 -0.0079447 0.1367169 0.0084149 -0.0090667 0.1387319 0.0103335 -0.0122911 0.1411543 0.0116436 -0.0072001 0.1362747 -0.0052615 -0.0071858 0.1317507 0.0084149 -0.0090667 0.1387319 -0.0065717 -0.0122769 0.1366304 -0.0061867 -0.0112775 0.1351951 -0.003819 -0.0092441 0.1355691 0.0085428 -0.0141739 0.1478398 0.0103335 -0.0122911 0.1411543 0.0092388 -0.0138995 0.1452398 0.0069758 -0.0123032 0.1440992 0.0085428 -0.0141739 0.1478398 0.0103335 -0.0122911 0.1411543 -0.0065717 -0.0122769 0.1366304 0.0069758 -0.0123032 0.1440992 -0.0051337 -0.012293 0.1408586 -0.0083623 -0.0141596 0.1433158 -0.0065717 -0.0122769 0.1366304 -0.0051337 -0.012293 0.1408586 -0.0083623 -0.0141596 0.1433158 -0.0076663 -0.0138852 0.1407158 0.0085428 -0.0141739 0.1478398 0.0067514 -0.0123438 0.1545396 0.0076156 -0.0137154 0.151306 0.0053134 -0.0123277 0.1503114 0.0085428 -0.0141739 0.1478398 0.0067514 -0.0123438 0.1545396 -0.0083623 -0.0141596 0.1433158 0.0053134 -0.0123277 0.1503114 -0.0067961 -0.0123175 0.1470708 -0.0101537 -0.0123295 0.1500157 -0.0083623 -0.0141596 0.1433158 -0.0067961 -0.0123175 0.1470708 -0.0090585 -0.0139057 0.1459179 -0.0101537 -0.0123295 0.1500157 0.0054393 -0.0072914 0.1594587 0.0067514 -0.0123438 0.1545396 -0.0114659 -0.0072771 0.1549347 -0.0101537 -0.0123295 0.1500157 -0.0082365 -0.0091233 0.1524631 0.003873 -0.0091335 0.1557037 -0.0114659 -0.0072771 0.1549347 -0.0101537 -0.0123295 0.1500157 -0.0110583 -0.0094708 0.1534047 -0.0082365 -0.0091233 0.1524631 0.0054393 -0.0072914 0.1594587 0.0067514 -0.0123438 0.1545396 0.0057701 -0.0091361 0.1582165 0.006273 -0.0110724 0.1563313 0.003873 -0.0091335 0.1557037 -0.0025693 -0.0105479 0.1274368 -0.0026689 0.0011183 0.1261676 -0.0026731 -0.0011864 0.1114144 -0.0026731 -0.0016341 0.1109023 -0.0026742 -0.0016634 0.1076388 -0.0026956 -0.0002395 0.040449 -0.0027285 -0.0009941 -0.0646861 -0.0027289 0.0009499 -0.0646785 -0.0024789 0.0012899 -0.0646773 -0.0024785 -0.000994 -0.0646861 -0.0027284 0.0012834 -0.0630095 -0.0027288 0.0012884 -0.0643088 -0.0024784 0.0012834 -0.0630096 -0.0024788 0.0012885 -0.0643089 -0.002729 0.0020045 -0.064306 -0.0027288 0.0012884 -0.0643088 -0.0024788 0.0012885 -0.0643089 -0.002479 0.0020045 -0.0643061 -0.0024778 0.0019907 -0.0607413 -0.0024785 0.0019984 -0.0627282 -0.0024776 -0.0010196 -0.0617663 -0.0024776 -0.0007134 -0.0617127 -0.002478 0.0013001 -0.0615554 -0.002478 0.0013537 -0.0614958 -0.0024779 0.0003042 -0.0621427 -0.0024779 -0.0003714 -0.0623234 -0.0024779 0.0015332 -0.0613259 -0.0024779 0.0015578 -0.0613068 -0.0024774 -0.0007887 -0.0611113 -0.0024778 0.0014919 -0.0609112 -0.0024779 -0.0006955 -0.0625531 -0.002478 -0.0001681 -0.0627289 -0.0024774 -0.0001794 -0.0608233 -0.0024776 -0.0001112 -0.0612 -0.0024784 0.0016423 -0.0627296 -0.0027274 -0.0005906 -0.0609483 -0.0027277 -0.0009389 -0.0622355 -0.0024776 -0.0010196 -0.0617663 -0.0024774 -0.0007887 -0.0611113 -0.002728 -0.0004674 -0.0626816 -0.0027281 0.0001224 -0.0626712 -0.0024779 -0.0006955 -0.0625531 -0.002478 -0.0001681 -0.0627289 -0.0027281 0.0001224 -0.0626712 -0.002728 0.0012368 -0.0616297 -0.002478 0.0013001 -0.0615554 -0.002478 -0.0001681 -0.0627289 -0.002728 0.0013537 -0.0614957 -0.002728 0.0013 -0.0615553 -0.002728 0.0012368 -0.0616297 -0.002478 0.0013001 -0.0615554 -0.002478 0.0013537 -0.0614958 -0.0027279 0.0015331 -0.0613258 -0.002728 0.0013537 -0.0614957 -0.002478 0.0013537 -0.0614958 -0.0024779 0.0015332 -0.0613259 -0.0027275 -0.0004037 -0.0612552 -0.0027274 -0.0005906 -0.0609483 -0.0024774 -0.0001794 -0.0608233 -0.0024776 -0.0001112 -0.0612 -0.002728 0.0002448 -0.06219 -0.0027278 0.0016322 -0.0608301 -0.0024778 0.0019907 -0.0607413 -0.0024779 0.0003042 -0.0621427 -0.0024778 0.0014919 -0.0609112 -0.0027279 -0.0002003 -0.0623521 -0.002728 0.0002448 -0.06219 -0.0024779 0.0003042 -0.0621427 -0.0024779 -0.0003714 -0.0623234 -0.0027276 -0.0007042 -0.061649 -0.0027275 -0.0004037 -0.0612552 -0.0024776 -0.0007134 -0.0617127 -0.0024776 -0.0001112 -0.0612 -0.0027067 0.0017299 0.0063849 -0.0027068 0.0017313 0.0060165 -0.0024567 0.0017299 0.0063848 -0.0024568 0.0017314 0.0060165 -0.0024567 0.0017299 0.0063848 -0.0024568 0.0017314 0.0060165 -0.002456 -0.0001134 0.0073539 -0.0024559 -6e-05 0.007756 -0.0024563 0.0017249 0.0076765 -0.0024557 -0.0001611 0.0082028 -0.0024556 -0.0004273 0.0083127 -0.0024562 -0.0001619 0.0066432 -0.0024558 -0.0004495 0.0076787 -0.002456 -0.0001734 0.0073126 -0.002456 -0.0001465 0.0073319 -0.0024564 -0.0002054 0.0061046 -0.002456 -0.000118 0.007351 -0.0024561 -8.58e-05 0.007067 -0.0024556 -0.0001468 0.0086247 -0.0024564 0.0017264 0.0073081 -0.0024562 -0.00046 0.0064343 -0.0024561 0.0003097 0.007293 -0.0024559 0.0017199 0.0089673 -0.002456 0.0017213 0.0085989 -0.0024556 -0.0001468 0.0086247 -0.0024554 -0.0004512 0.0089589 -0.0024556 -0.0002983 0.0086275 -0.0024555 -0.0004499 0.0086273 -0.002706 -0.0001466 0.007332 -0.002706 -0.0001135 0.007354 -0.002706 -0.000118 0.007351 -0.002706 -0.0001734 0.0073127 -0.002456 -0.0001134 0.0073539 -0.002456 -0.0001734 0.0073126 -0.002456 -0.0001465 0.0073319 -0.002456 -0.000118 0.007351 -0.0027062 -0.0004809 0.0065329 -0.002706 -0.0003992 0.0070626 -0.002456 -0.0001734 0.0073126 -0.0024562 -0.00046 0.0064343 -0.0027057 -0.0004947 0.008035 -0.0027056 -0.0001468 0.0086248 -0.0024556 -0.0004273 0.0083127 -0.0024556 -0.0001468 0.0086247 -0.0027059 -0.0002909 0.0074529 -0.002706 -0.0001135 0.007354 -0.002456 -0.0001134 0.0073539 -0.0024558 -0.0004495 0.0076787 -0.0027056 -0.0002984 0.0086275 -0.0027056 -0.0001468 0.0086248 -0.0027055 -0.00045 0.0086274 -0.0024556 -0.0001468 0.0086247 -0.0024556 -0.0002983 0.0086275 -0.0027055 -0.00045 0.0086274 -0.0027054 -0.0004513 0.008959 -0.0024554 -0.0004512 0.0089589 -0.0024555 -0.0004499 0.0086273 -0.0027054 -0.0004513 0.008959 -0.0027059 0.0017199 0.0089674 -0.0024559 0.0017199 0.0089673 -0.0024554 -0.0004512 0.0089589 -0.0027059 0.0017199 0.0089674 -0.002706 0.0017213 0.008599 -0.0024559 0.0017199 0.0089673 -0.002456 0.0017213 0.0085989 -0.0027059 -7.3e-06 0.0077236 -0.0027063 0.0017249 0.0076765 -0.0024559 -6e-05 0.007756 -0.0024563 0.0017249 0.0076765 -0.0027058 -0.000173 0.0079642 -0.0027059 -7.3e-06 0.0077236 -0.0024559 -6e-05 0.007756 -0.0024557 -0.0001611 0.0082028 -0.0027058 -0.000173 0.0079642 -0.0027057 5.94e-05 0.0084953 -0.0024557 -0.0001611 0.0082028 -0.0024556 -0.0001468 0.0086247 -0.0027057 5.94e-05 0.0084953 -0.002706 0.0017213 0.008599 -0.002456 0.0017213 0.0085989 -0.0024556 -0.0001468 0.0086247 -0.0027063 0.0017249 0.0076765 -0.0027064 0.0017263 0.0073082 -0.0024563 0.0017249 0.0076765 -0.0024564 0.0017264 0.0073081 -0.0027063 -9.54e-05 0.0065084 -0.0027067 0.0017299 0.0063849 -0.0024567 0.0017299 0.0063848 -0.0024562 -0.0001619 0.0066432 -0.0027061 -0.0001216 0.0070058 -0.0027063 -9.54e-05 0.0065084 -0.0024562 -0.0001619 0.0066432 -0.0024561 -8.58e-05 0.007067 -0.0027061 6.39e-05 0.0072135 -0.0027061 -0.0001216 0.0070058 -0.0024561 -8.58e-05 0.007067 -0.0024561 0.0003097 0.007293 -0.0027061 6.39e-05 0.0072135 -0.0027064 0.0017263 0.0073082 -0.0024564 0.0017264 0.0073081 -0.0024561 0.0003097 0.007293 -0.0027054 0.00072 0.0098945 -0.0024548 -0.0004588 0.0109174 -0.0024547 -0.0004602 0.0112858 -0.0024555 0.0017103 0.0102428 -0.0024552 0.0013973 0.0106966 -0.0024551 0.0014838 0.01117 -0.0024554 0.0013272 0.010113 -0.0024555 0.0013972 0.0098636 -0.0024557 0.0017177 0.0095299 -0.0024553 -0.0004534 0.0095214 -0.0024551 -0.0004548 0.0098898 -0.0024555 0.0013972 0.0098636 -0.0024555 0.0015231 0.0098602 -0.0027057 0.0017177 0.0095299 -0.0027053 -0.0004534 0.0095215 -0.0024557 0.0017177 0.0095299 -0.0024553 -0.0004534 0.0095214 -0.0027051 -0.0004549 0.0098899 -0.0027053 -0.0004534 0.0095215 -0.0024553 -0.0004534 0.0095214 -0.0024551 -0.0004548 0.0098898 -0.0027052 0.0012615 0.0108532 -0.0027048 -0.0004589 0.0109175 -0.0024548 -0.0004588 0.0109174 -0.0024552 0.0013973 0.0106966 -0.0027054 0.00072 0.0098945 -0.0027051 -0.0004549 0.0098899 -0.0024551 -0.0004548 0.0098898 -0.0024555 0.0013972 0.0098636 -0.0027048 -0.0004589 0.0109175 -0.0027047 -0.0004603 0.0112859 -0.0024548 -0.0004588 0.0109174 -0.0024547 -0.0004602 0.0112858 -0.0027055 0.0013971 0.0098637 -0.0027054 0.00176 0.0104493 -0.0024555 0.0017103 0.0102428 -0.0024555 0.0013972 0.0098636 -0.0027052 0.0016064 0.0110516 -0.0027054 0.00176 0.0104493 -0.0024555 0.0017103 0.0102428 -0.0024551 0.0014838 0.01117 -0.0027052 0.0016064 0.0110516 -0.0027047 -0.0004603 0.0112859 -0.0024547 -0.0004602 0.0112858 -0.0024551 0.0014838 0.01117 -0.0027055 0.0015231 0.0098603 -0.0027055 0.0013971 0.0098637 -0.0027056 0.0016827 0.0098598 -0.0024555 0.0013972 0.0098636 -0.0024555 0.0015231 0.0098602 -0.0027048 0.0017072 0.0122214 -0.0027049 0.0017087 0.011853 -0.0024548 0.0017073 0.0122213 -0.0024549 0.0017087 0.0118529 -0.0027049 0.0017087 0.011853 -0.0027045 -0.0004625 0.0118446 -0.0024549 0.0017087 0.0118529 -0.0024545 -0.0004624 0.0118445 -0.0027044 -0.0004639 0.012213 -0.0027045 -0.0004625 0.0118446 -0.0024545 -0.0004624 0.0118445 -0.0024544 -0.0004638 0.0122129 -0.0027044 -0.0004639 0.012213 -0.0027048 0.0017072 0.0122214 -0.0024548 0.0017073 0.0122213 -0.0024544 -0.0004638 0.0122129 -0.0024548 0.0017073 0.0122213 -0.0024549 0.0017087 0.0118529 -0.0024545 -0.0004624 0.0118445 -0.0024544 -0.0004638 0.0122129 -0.0027043 -0.0008753 0.0122114 -0.0027044 -0.0008738 0.011843 -0.0024543 -0.0008752 0.0122113 -0.0024544 -0.0008738 0.0118429 -0.0027042 -0.0012927 0.0122097 -0.0027043 -0.0008753 0.0122114 -0.0024543 -0.0008752 0.0122113 -0.0024542 -0.0012927 0.0122097 -0.0024543 -0.0008752 0.0122113 -0.0024544 -0.0008738 0.0118429 -0.0024544 -0.0012913 0.0118413 -0.0024542 -0.0012927 0.0122097 -0.0027045 0.0017037 0.01314 -0.0027046 0.001705 0.0127962 -0.0024545 0.0017037 0.01314 -0.0024546 0.001705 0.0127961 -0.0027046 0.001705 0.0127962 -0.0027042 -0.0004907 0.0127877 -0.0027041 -0.001295 0.0127846 -0.0024546 0.001705 0.0127961 -0.0024541 -0.0012949 0.0127845 -0.0027045 0.0014274 0.0131428 -0.0027044 0.0017516 0.0136976 -0.0024544 0.0017339 0.0135637 -0.0024545 0.0014274 0.0131427 -0.0027044 0.0017516 0.0136976 -0.0027041 0.0015352 0.014316 -0.0024544 0.0017339 0.0135637 -0.0024542 0.0016527 0.0141518 -0.0027041 0.0015352 0.014316 -0.0027039 0.0007877 0.014669 -0.0024542 0.0016527 0.0141518 -0.0024538 0.0004414 0.0146689 -0.0027038 -0.0004053 0.0142037 -0.0027038 5.2e-05 0.0145803 -0.0024538 0.0004414 0.0146689 -0.0024538 -0.0004785 0.0140389 -0.0027038 -0.0004053 0.0142037 -0.0027041 -0.0003906 0.013326 -0.0024538 -0.0004785 0.0140389 -0.0024541 -0.0003905 0.0133259 -0.0027041 -0.0003906 0.013326 -0.0027041 -0.0003777 0.0133088 -0.0024541 -0.0003905 0.0133259 -0.0024541 -0.0003776 0.0133087 -0.0027045 0.0015519 0.0131401 -0.0027045 0.0014274 0.0131428 -0.0027045 0.0016901 0.01314 -0.0027045 0.0017037 0.01314 -0.0024545 0.0017037 0.01314 -0.0024545 0.0014274 0.0131427 -0.0024545 0.0016901 0.0131399 -0.0024545 0.001552 0.01314 -0.0027039 0.0016443 0.0150269 -0.0027038 0.0014268 0.0154613 -0.0024539 0.0016712 0.0150133 -0.0024538 0.0014558 0.015457 -0.002703 7.6e-06 0.016901 -0.002703 -0.0003644 0.0166236 -0.002453 0.0001251 0.0169312 -0.002453 -0.0003064 0.0166987 -0.0027033 -0.0005056 0.015658 -0.002703 -0.0003644 0.0166236 -0.002453 -0.0003064 0.0166987 -0.0024533 -0.0005055 0.0156579 -0.0027033 -0.0005056 0.015658 -0.0027035 -0.0002484 0.0152065 -0.0024533 -0.0005055 0.0156579 -0.0024535 -0.0002018 0.0151801 -0.0027039 0.0016443 0.0150269 -0.0027035 -0.0002484 0.0152065 -0.0024535 -0.0002018 0.0151801 -0.0024539 0.0016712 0.0150133 -0.002703 7.6e-06 0.016901 -0.0027032 -8.46e-05 0.0164494 -0.002453 0.0001251 0.0169312 -0.0024532 0.0001307 0.0165601 -0.0027032 -8.46e-05 0.0164494 -0.0027034 -0.0001602 0.015667 -0.0024533 -0.0001959 0.0157536 -0.0024532 -0.0001816 0.016299 -0.0027035 0.0002754 0.0154816 -0.0027034 -0.0001602 0.015667 -0.0024533 -0.0001959 0.0157536 -0.0024535 9.89e-05 0.0154885 -0.0027038 0.0014268 0.0154613 -0.0027036 0.0017102 0.0159894 -0.0024536 0.0017314 0.0160966 -0.0024538 0.0014558 0.015457 -0.0027033 0.0014477 0.0169101 -0.0027036 0.0017102 0.0159894 -0.0024536 0.0017314 0.0160966 -0.0024534 0.0015763 0.0167956 -0.0027032 0.0009977 0.0169912 -0.0027033 0.0014477 0.0169101 -0.0024534 0.0015763 0.0167956 -0.0024532 0.0008541 0.0169465 -0.0027032 0.0009977 0.0169912 -0.0027032 0.000527 0.0165518 -0.0024532 0.0008541 0.0169465 -0.0024532 0.0005146 0.0165144 -0.0027032 0.001687 0.0174393 -0.0027031 0.0016855 0.0178092 -0.0024531 0.0016856 0.0178091 -0.0024532 0.001687 0.0174392 -0.0024531 0.0016856 0.0178091 -0.0024532 0.001687 0.0174392 -0.0024529 9.54e-05 0.0174422 -0.0024527 -0.0003855 0.0176742 -0.0024527 -0.0001471 0.0179863 -0.0024525 -0.0005104 0.0184073 -0.0024526 0.0016801 0.019209 -0.0024525 0.0001656 0.0188008 -0.0024527 0.0016816 0.0188406 -0.0024522 -0.000491 0.0192006 -0.0024523 -0.0004897 0.018869 -0.0027027 -0.0004457 0.0177727 -0.0027024 -0.0004959 0.018459 -0.0024527 -0.0003855 0.0176742 -0.0024525 -0.0005104 0.0184073 -0.0027027 -0.0004457 0.0177727 -0.0027032 0.001687 0.0174393 -0.0027028 -4.19e-05 0.0174603 -0.0024532 0.001687 0.0174392 -0.0024529 9.54e-05 0.0174422 -0.0024527 -0.0003855 0.0176742 -0.0027024 -0.000281 0.0187887 -0.0027022 -0.000491 0.0192006 -0.0024525 -0.0005104 0.0184073 -0.0024523 -0.0004897 0.018869 -0.0027022 -0.000491 0.0192006 -0.0027026 0.0016801 0.0192091 -0.0024526 0.0016801 0.019209 -0.0024522 -0.000491 0.0192006 -0.0027026 0.0016801 0.0192091 -0.0027027 0.0016815 0.0188407 -0.0024526 0.0016801 0.019209 -0.0024527 0.0016816 0.0188406 -0.0027025 1.76e-05 0.0187385 -0.0027027 0.0016815 0.0188407 -0.0024525 0.0001656 0.0188008 -0.0024527 0.0016816 0.0188406 -0.0027027 -4.77e-05 0.0178869 -0.0027031 0.0016855 0.0178092 -0.0024531 0.0016856 0.0178091 -0.0024527 -0.0001471 0.0179863 -0.0027025 1.76e-05 0.0187385 -0.0027025 -0.000212 0.0183567 -0.0024527 -0.0001471 0.0179863 -0.0024525 0.0001656 0.0188008 -0.0027023 0.0014914 0.0201081 -0.002702 0.0017132 0.021089 -0.0027025 0.001653 0.0196749 -0.0024525 0.0016784 0.019661 -0.0024521 0.0017248 0.0209049 -0.0024523 0.0016167 0.0200705 -0.0027016 4.51e-05 0.0215788 -0.0027016 -0.0003687 0.0213051 -0.0024516 -0.0004108 0.0212393 -0.0024516 0.000107 0.0215927 -0.0027017 -0.0005396 0.0207761 -0.0027016 -0.0003687 0.0213051 -0.0024516 -0.0004108 0.0212393 -0.0024519 -0.000517 0.0202827 -0.002702 -0.0003366 0.0199248 -0.0027025 0.001653 0.0196749 -0.0024525 0.0016784 0.019661 -0.0024521 -0.0001463 0.0198149 -0.0027016 4.51e-05 0.0215788 -0.0027017 -2.24e-05 0.0211679 -0.0027017 -0.0002225 0.0208864 -0.0024516 0.000107 0.0215927 -0.0024517 1.02e-05 0.0211843 -0.0027019 0.001488 0.021528 -0.002702 0.0017132 0.021089 -0.0024521 0.0017248 0.0209049 -0.0024518 0.0012989 0.0216333 -0.0027017 0.0008694 0.0216223 -0.0027017 0.0005798 0.0213705 -0.0024518 0.0012989 0.0216333 -0.0024518 0.0005334 0.0212765 -0.0027021 0.000309 0.0201779 -0.0027017 0.0005798 0.0213705 -0.0024521 0.0002974 0.020143 -0.0024518 0.0005334 0.0212765 -0.0024514 0.0016653 0.0230271 -0.0024512 -0.0013301 0.0218412 -0.0024513 0.0016637 0.0234323 -0.0024513 0.001333 0.0232265 -0.0024503 -0.0013408 0.0245833 -0.0024511 -0.0013317 0.0222441 -0.0024505 -0.0013391 0.0241559 -0.0027013 0.0012979 0.0232164 -0.0027011 -0.0013317 0.0222442 -0.0024513 0.001333 0.0232265 -0.0024511 -0.0013317 0.0222441 -0.0027013 0.0012979 0.0232164 -0.0027005 -0.0013391 0.0241559 -0.0024513 0.001333 0.0232265 -0.0024505 -0.0013391 0.0241559 -0.0027003 -0.0013408 0.0245834 -0.0027005 -0.0013391 0.0241559 -0.0024503 -0.0013408 0.0245833 -0.0024505 -0.0013391 0.0241559 -0.0027003 0.0006616 0.0259435 -0.0026998 0.0006553 0.0275705 -0.0024498 0.0006553 0.0275704 -0.0024503 0.0005531 0.0259447 -0.0027004 0.0011403 0.0260046 -0.0027003 0.0016378 0.026514 -0.0024503 0.0016027 0.026431 -0.0024504 0.0010008 0.025957 -0.0026997 0.0006683 0.0279452 -0.0026999 0.0014559 0.0276175 -0.0024499 0.0014137 0.0276605 -0.0024496 0.0002824 0.0279208 -0.0026996 -0.0002035 0.0277165 -0.0026997 0.0006683 0.0279452 -0.0024496 0.0002824 0.0279208 -0.0024496 -0.0003188 0.027616 -0.0026996 -0.0002035 0.0277165 -0.0026997 -0.0005464 0.0271763 -0.0024496 -0.0003188 0.027616 -0.0024497 -0.0005637 0.0270614 -0.0027 -0.0003978 0.0263546 -0.0026997 -0.0005464 0.0271763 -0.0024497 -0.0005637 0.0270614 -0.00245 -0.0003978 0.0263546 -0.0027 -0.0003978 0.0263546 -0.0027003 0.0006616 0.0259435 -0.00245 -0.0003978 0.0263546 -0.0024503 0.0005531 0.0259447 -0.0027004 0.0011403 0.0260046 -0.0027002 0.0009874 0.0263478 -0.0024504 0.0010008 0.025957 -0.0024502 0.0009525 0.0263351 -0.0026998 0.0007171 0.0275654 -0.0026998 0.0006553 0.0275705 -0.0026998 0.0006726 0.0275693 -0.0024498 0.0006553 0.0275704 -0.0024498 0.0006727 0.0275692 -0.0024498 0.0007171 0.0275654 -0.0027 0.0012962 0.0272612 -0.0026998 0.0007171 0.0275654 -0.0024498 0.0007171 0.0275654 -0.00245 0.001187 0.0273845 -0.0027 0.0012962 0.0272612 -0.0027002 0.0013945 0.0268306 -0.00245 0.001187 0.0273845 -0.0024501 0.0013929 0.026999 -0.0027002 0.0009874 0.0263478 -0.0027002 0.0013945 0.0268306 -0.0024502 0.0009525 0.0263351 -0.0024501 0.0013929 0.026999 -0.0026997 0.0016445 0.0283824 -0.0026996 0.001643 0.0287508 -0.0024496 0.0016431 0.0287507 -0.0024497 0.0016445 0.0283824 -0.0024496 0.0016431 0.0287507 -0.0024497 0.0016445 0.0283824 -0.002449 -0.0002003 0.0297198 -0.0024486 -0.0005547 0.0305671 -0.0024489 -0.0002433 0.0297371 -0.0024489 -0.0002637 0.0297465 -0.002449 -0.0005168 0.0293663 -0.0024488 -0.0001772 0.0301507 -0.0024493 -7.55e-05 0.0287945 -0.0024487 -0.0002066 0.0306739 -0.002449 -0.0002334 0.0296978 -0.0024493 -0.0002923 0.0284705 -0.0024492 0.0016381 0.0300424 -0.002449 -0.0002049 0.0297169 -0.0024493 0.0016395 0.029674 -0.0024491 -0.000192 0.0294023 -0.0024485 -0.0002336 0.0309906 -0.002449 2.11e-05 0.0296026 -0.0024488 0.001633 0.0313332 -0.0024489 0.0016345 0.0309648 -0.0024485 -0.0002336 0.0309906 -0.0024484 -0.0005381 0.0313248 -0.0024485 -0.0005368 0.0309932 -0.002699 -0.0002334 0.0296979 -0.002699 -0.0002004 0.0297199 -0.002699 -0.0002049 0.0297169 -0.002449 -0.0002003 0.0297198 -0.0024489 -0.0002433 0.0297371 -0.002449 -0.0002334 0.0296978 -0.002449 -0.0002049 0.0297169 -0.0026991 -0.00057 0.0291761 -0.002699 -0.0002334 0.0296979 -0.002449 -0.0005168 0.0293663 -0.002449 -0.0002334 0.0296978 -0.0026991 -0.00057 0.0291761 -0.0026992 -0.0005196 0.0287222 -0.002449 -0.0005168 0.0293663 -0.0024493 -0.0002923 0.0284705 -0.0026993 -0.0003549 0.0285107 -0.0026997 0.0016445 0.0283824 -0.0024497 0.0016445 0.0283824 -0.0024493 -0.0002923 0.0284705 -0.0026989 -0.0002829 0.0297562 -0.0026989 -0.0002637 0.0297466 -0.0024489 -0.0002433 0.0297371 -0.0024489 -0.0002637 0.0297465 -0.0026985 -0.0002337 0.0309907 -0.0026985 -0.0005368 0.0309933 -0.0024485 -0.0002336 0.0309906 -0.0024485 -0.0005368 0.0309932 -0.0026989 -0.0001037 0.0300942 -0.0026992 0.001638 0.0300424 -0.0024488 -0.0001772 0.0301507 -0.0024492 0.0016381 0.0300424 -0.0026986 -0.0001816 0.0307156 -0.0026989 -0.0001037 0.0300942 -0.0024488 -0.0001772 0.0301507 -0.0024487 -0.0002066 0.0306739 -0.0024485 -0.0002336 0.0309906 -0.0026992 0.001638 0.0300424 -0.0026993 0.0016394 0.0296741 -0.0024492 0.0016381 0.0300424 -0.0024493 0.0016395 0.029674 -0.0026992 -0.0002068 0.0289057 -0.0026996 0.001643 0.0287508 -0.0024496 0.0016431 0.0287507 -0.0024493 -7.55e-05 0.0287945 -0.002699 -0.0001106 0.0295099 -0.0026993 0.0016394 0.0296741 -0.0024493 0.0016395 0.029674 -0.002449 2.11e-05 0.0296026 -0.0024476 -0.000141 0.0340017 -0.0024476 0.0016186 0.0350646 -0.0024475 -0.000598 0.0342277 -0.0024477 0.00162 0.0346962 -0.0024475 -0.0001411 0.0345003 -0.0024472 -0.0005526 0.0350561 -0.0024473 -0.0005513 0.03472 -0.0026973 -0.0005513 0.0347201 -0.0026976 -0.0005124 0.0339291 -0.0024475 -0.000598 0.0342277 -0.0024473 -0.0005513 0.03472 -0.0026977 0.0016199 0.0346963 -0.0026976 0.0016185 0.0350647 -0.0024476 0.0016186 0.0350646 -0.0024477 0.00162 0.0346962 -0.0026975 0.0016164 0.0356088 -0.0026973 0.001615 0.0359787 -0.0024473 0.001615 0.0359786 -0.0024475 0.0016164 0.0356087 -0.0024473 0.001615 0.0359786 -0.0024475 0.0016164 0.0356087 -0.002447 -0.000455 0.0358378 -0.002447 -5.68e-05 0.0360255 -0.0024466 -0.0003123 0.0370072 -0.0024469 0.0016095 0.0373831 -0.002447 0.001611 0.0370147 -0.0024469 -0.0002814 0.0363221 -0.0024467 8.28e-05 0.0369645 -0.0024463 -0.0013904 0.0373714 -0.0024464 -0.001389 0.037003 -0.0026969 -0.0005692 0.0360838 -0.0026967 -0.0005632 0.0366364 -0.002447 -0.000455 0.0358378 -0.0024466 -0.0003123 0.0370072 -0.0026975 0.0016164 0.0356088 -0.002697 -0.0003531 0.0357355 -0.0024475 0.0016164 0.0356087 -0.002447 -0.000455 0.0358378 -0.0026965 -0.0007904 0.0370054 -0.0026966 -0.0005848 0.0370062 -0.0026966 -0.0003123 0.0370073 -0.0024466 -0.0003123 0.0370072 -0.0026969 0.0016095 0.0373831 -0.0026963 -0.0013905 0.0373715 -0.0024469 0.0016095 0.0373831 -0.0024463 -0.0013904 0.0373714 -0.0026969 0.0016095 0.0373831 -0.002697 0.0016109 0.0370148 -0.0024469 0.0016095 0.0373831 -0.002447 0.001611 0.0370147 -0.002697 -0.0001458 0.036079 -0.0026973 0.001615 0.0359787 -0.0024473 0.001615 0.0359786 -0.002447 -5.68e-05 0.0360255 -0.0026966 0.0006906 0.0378331 -0.0026966 0.0013168 0.0381777 -0.0024466 0.0006906 0.037833 -0.0024466 0.001449 0.0383401 -0.0024466 0.0006906 0.037833 -0.0024462 -0.0004768 0.0382591 -0.0024463 -0.000671 0.0379032 -0.0024459 0.0008191 0.0399203 -0.0024456 -0.0013924 0.0394876 -0.0024463 0.0013124 0.0391637 -0.0024459 0.0011799 0.040145 -0.0024457 -0.0010247 0.0394999 -0.0024464 0.001174 0.03859 -0.0024455 -0.0010688 0.0400478 -0.0024466 0.001449 0.0383401 -0.002446 -0.0012884 0.0384057 -0.0024456 -0.0001083 0.0404638 -0.0024463 0.001619 0.0394368 -0.0024459 -0.0010952 0.038894 -0.0024464 0.0006106 0.0382321 -0.0024457 -0.0002183 0.040038 -0.0026966 0.0006906 0.0378331 -0.0026964 0.0006105 0.0382322 -0.0024466 0.0006906 0.037833 -0.0024464 0.0006106 0.0382321 -0.002696 -0.0010016 0.0386319 -0.0026957 -0.0010458 0.0394481 -0.0024457 -0.0010247 0.0394999 -0.0024459 -0.0010952 0.038894 -0.0026959 0.0008191 0.0399204 -0.0026957 -0.0005352 0.039951 -0.0024459 0.0008191 0.0399203 -0.0024457 -0.0002183 0.040038 -0.0026959 0.0008191 0.0399204 -0.0026963 0.0013139 0.0391279 -0.0024459 0.0008191 0.0399203 -0.0024463 0.0013124 0.0391637 -0.0026964 0.0010794 0.0384782 -0.0026963 0.0013139 0.0391279 -0.0024463 0.0013124 0.0391637 -0.0024464 0.001174 0.03859 -0.0026964 0.0010794 0.0384782 -0.0026964 0.0006105 0.0382322 -0.0024464 0.001174 0.03859 -0.0024464 0.0006106 0.0382321 -0.002696 -0.0010016 0.0386319 -0.0026963 -0.0005674 0.0378697 -0.0024462 -0.0004768 0.0382591 -0.0024459 -0.0010952 0.038894 -0.0026964 0.001654 0.0390257 -0.0026959 0.0009913 0.0402618 -0.0024459 0.0011799 0.040145 -0.0024463 0.001619 0.0394368 -0.0026959 0.0009913 0.0402618 -0.0026956 -0.0002395 0.040449 -0.0024459 0.0011799 0.040145 -0.0024456 -0.0001083 0.0404638 -0.002696 -0.0012694 0.0383737 -0.0026956 -0.0002395 0.040449 -0.0024456 -0.0013924 0.0394876 -0.0024455 -0.0010688 0.0400478 -0.002696 -0.0012694 0.0383737 -0.0026963 -0.0005674 0.0378697 -0.0024463 -0.000671 0.0379032 -0.002446 -0.0012884 0.0384057 -0.0026746 0.0013351 0.1080188 -0.0026746 0.0006205 0.1076477 -0.0026747 0.0002821 0.1072411 -0.0024246 0.0006206 0.1076476 -0.0026747 0.0002821 0.1072411 -0.0026745 0.0002806 0.1076463 -0.0024247 0.0002822 0.1072411 -0.0024245 0.0002806 0.1076463 -0.0026742 -0.0016634 0.1076388 -0.0026745 0.0002806 0.1076463 -0.0024245 0.0002806 0.1076463 -0.0024242 -0.0016634 0.1076387 -0.0026741 0.0006141 0.1093153 -0.0026745 0.0006191 0.108016 -0.0024241 0.0006141 0.1093153 -0.0024245 0.0006192 0.108016 -0.0026746 0.0013351 0.1080188 -0.0026745 0.0006191 0.108016 -0.0024245 0.0006192 0.108016 -0.0024246 0.0013352 0.1080187 -0.0024241 0.0013291 0.1095966 -0.0024232 -0.0016875 0.1106022 -0.0024237 -0.0010353 0.1096144 -0.0024233 -0.0013802 0.1106341 -0.0024236 0.0006844 0.1108291 -0.0024236 0.0007305 0.1108773 -0.0024234 -0.0015443 0.1099681 -0.0024237 -8.28e-05 0.1099591 -0.0024235 0.0006229 0.1112538 -0.0024236 0.0008638 0.110999 -0.0024236 0.0008884 0.1110181 -0.0024234 -0.0012959 0.1102081 -0.0024236 0.0009106 0.1110342 -0.0024231 -0.0014414 0.1112319 -0.0024236 -0.0007486 0.1099834 -0.0024232 -0.0011189 0.1110466 -0.0024231 -0.0008919 0.1114963 -0.0024241 0.000973 0.1095952 -0.0024235 0.001314 0.1115835 -0.0026731 -0.0016341 0.1109023 -0.0026736 -0.0012304 0.1096842 -0.0024232 -0.0016875 0.1106022 -0.0024234 -0.0015443 0.1099681 -0.0026736 0.0006843 0.1108291 -0.0026737 -0.0005143 0.1096666 -0.0024236 0.0006844 0.1108291 -0.0024237 -8.28e-05 0.1099591 -0.0026736 0.0007304 0.1108774 -0.0026736 0.0006843 0.1108291 -0.0024236 0.0006844 0.1108291 -0.0024236 0.0007305 0.1108773 -0.0026736 0.0008638 0.1109991 -0.0026736 0.0007304 0.1108774 -0.0024236 0.0007305 0.1108773 -0.0024236 0.0008638 0.110999 -0.0026736 0.0009106 0.1110343 -0.0026736 0.0008884 0.1110181 -0.0026736 0.0008638 0.1109991 -0.0024236 0.0008638 0.110999 -0.0024236 0.0008884 0.1110181 -0.0024236 0.0009106 0.1110342 -0.0026733 -0.0013772 0.1106554 -0.0026732 -0.0008435 0.1111226 -0.0024232 -0.0011189 0.1110466 -0.0024231 -0.0008919 0.1114963 -0.0026736 -0.0008696 0.1099727 -0.0026735 0.0010262 0.1115229 -0.0024235 0.0006229 0.1112538 -0.0024236 -0.0007486 0.1099834 -0.0024235 0.001314 0.1115835 -0.0026983 0.0016408 0.0330599 -0.0026979 0.0009387 0.0337436 -0.0024479 0.0009802 0.0337329 -0.0024483 0.0016492 0.0330273 -0.0026977 -0.0002715 0.0335306 -0.0026979 0.0009387 0.0337436 -0.0024479 0.0009802 0.0337329 -0.0024477 -0.0002516 0.0335479 -0.0026977 -0.0002715 0.0335306 -0.0026978 -0.0005603 0.0330457 -0.0024477 -0.0002516 0.0335479 -0.002448 -0.0005728 0.0325461 -0.002698 -0.0005397 0.0324168 -0.0026983 -2.04e-05 0.0318445 -0.002448 -0.0005728 0.0325461 -0.0024483 -0.0001068 0.0318868 -0.0026983 0.0016408 0.0330599 -0.0026985 0.0013167 0.0319688 -0.0024485 0.0012773 0.0319392 -0.0024483 0.0016492 0.0330273 -0.002453 0.0001251 0.0169312 -0.002453 -0.0003064 0.0166987 -0.0024533 -0.0005055 0.0156579 -0.0024535 -0.0002018 0.0151801 -0.0024539 0.0016712 0.0150133 -0.0024533 -0.0001959 0.0157536 -0.0024532 -0.0001816 0.016299 -0.0024532 0.0001307 0.0165601 -0.0024535 9.89e-05 0.0154885 -0.0024536 0.0017314 0.0160966 -0.0024534 0.0015763 0.0167956 -0.0024532 0.0008541 0.0169465 -0.0024532 0.0005146 0.0165144 -0.0024538 0.0014558 0.015457 -0.0024533 0.0008177 0.0164191 -0.0024534 0.0011963 0.0165972 -0.0024536 0.0014426 0.0160404 -0.0024537 0.0011951 0.0156008 -0.0024536 0.0008034 0.0154848 -0.0024537 0.0011951 0.0156008 -0.0024536 0.0008034 0.0154848 -0.0027036 0.0013393 0.0157621 -0.0027036 0.0006904 0.015483 -0.0024533 0.0008177 0.0164191 -0.0024536 0.0008034 0.0154848 -0.0027036 0.0006904 0.015483 -0.0027033 0.0008377 0.0164566 -0.0024533 0.0008177 0.0164191 -0.0024534 0.0011963 0.0165972 -0.0027033 0.0008377 0.0164566 -0.0027034 0.0013116 0.0165377 -0.0027036 0.0013393 0.0157621 -0.0027036 0.0006904 0.015483 -0.0027033 0.0008377 0.0164566 -0.0027034 0.0013116 0.0165377 -0.0024525 0.0016784 0.019661 -0.0024516 -0.0004108 0.0212393 -0.0024519 -0.000517 0.0202827 -0.0024521 -0.0001463 0.0198149 -0.0024516 0.000107 0.0215927 -0.0024519 -0.0002047 0.0203877 -0.0024517 1.02e-05 0.0211843 -0.0024521 0.0002974 0.020143 -0.0024521 0.0017248 0.0209049 -0.0024518 0.0012989 0.0216333 -0.0024518 0.0005334 0.0212765 -0.0024523 0.0016167 0.0200705 -0.0024519 0.0008334 0.0211392 -0.0024522 0.0012252 0.0203016 -0.002452 0.0014129 0.0210093 -0.0024521 0.0002974 0.020143 -0.0024522 0.0012252 0.0203016 -0.0027022 0.0012359 0.0203122 -0.0027021 0.0005874 0.0201442 -0.0027022 0.0012359 0.0203122 -0.0027021 0.0005874 0.0201442 -0.0027019 0.0008266 0.0211292 -0.0027019 0.0011476 0.0212653 -0.0024545 0.0017037 0.01314 -0.0024546 0.001705 0.0127961 -0.0024541 -0.0012949 0.0127845 -0.002454 -0.0012964 0.0131529 -0.0024544 0.0017339 0.0135637 -0.0024542 0.0016527 0.0141518 -0.0024538 0.0004414 0.0146689 -0.0024538 -0.0004785 0.0140389 -0.0024541 -0.0003905 0.0133259 -0.0024541 -0.0003776 0.0133087 -0.0024545 0.0014274 0.0131427 -0.0024545 0.0016901 0.0131399 -0.0024545 0.001552 0.01314 -0.002454 -0.0002178 0.0137067 -0.0024542 1.13e-05 0.0132837 -0.0024543 0.0014453 0.0136343 -0.0024539 -5.1e-06 0.0141406 -0.0024544 0.0012226 0.0132738 -0.0024539 0.0005266 0.0142975 -0.0024542 0.0012882 0.0140841 -0.0027042 0.0002611 0.0131735 -0.0024539 -5.1e-06 0.0141406 -0.0024539 0.0005266 0.0142975 -0.002704 0.0007864 0.0142918 -0.0027039 -0.0001888 0.0139059 -0.0024543 0.0014453 0.0136343 -0.0024544 0.0012226 0.0132738 -0.0027043 0.0014363 0.013821 -0.0027044 0.0011368 0.0132217 -0.002454 -0.0002178 0.0137067 -0.0024539 -5.1e-06 0.0141406 -0.002704 -0.0001995 0.0135697 -0.0027039 -0.0001888 0.0139059 -0.002704 0.0007864 0.0142918 -0.0027043 0.0014363 0.013821 -0.0027044 0.0011368 0.0132217 -0.0027042 0.0002611 0.0131735 -0.002704 -0.0001995 0.0135697 -0.0027039 -0.0001888 0.0139059 -0.0024479 0.0009802 0.0337329 -0.0024477 -0.0002516 0.0335479 -0.002448 -0.0005728 0.0325461 -0.0024483 -0.0001068 0.0318868 -0.0024485 0.0005118 0.0317487 -0.0024485 0.0012773 0.0319392 -0.0024483 0.0016492 0.0330273 -0.0024479 0.000581 0.0334078 -0.0024482 -7.53e-05 0.0323007 -0.0024483 0.0013753 0.0327411 -0.0024481 0.0011821 0.033212 -0.0024479 -0.0002153 0.0330698 -0.0024484 0.0012183 0.032353 -0.0024483 0.0013753 0.0327411 -0.0024484 0.0012183 0.032353 -0.0026982 0.0013148 0.0330381 -0.0026984 0.0012838 0.0324327 -0.0024482 -7.53e-05 0.0323007 -0.0024479 -0.0002153 0.0330698 -0.0026981 -0.0002515 0.0325433 -0.0026979 -0.00028 0.0328961 -0.0026979 -1.51e-05 0.0332774 -0.002698 0.0007229 0.0333989 -0.0026982 0.0013148 0.0330381 -0.0026984 0.0012838 0.0324327 -0.0026983 0.000299 0.0321416 -0.0026981 -0.0002515 0.0325433 -0.0026979 -0.00028 0.0328961 -0.0024789 0.0012899 -0.0646773 -0.0024785 -0.000994 -0.0646861 -0.0024784 -0.0009952 -0.064383 -0.0024784 0.0012834 -0.0630096 -0.0024788 0.0012885 -0.0643089 -0.002479 0.0020045 -0.0643061 -0.0024791 0.002006 -0.0646745 -0.0024788 0.0009485 -0.0643102 -0.0024785 0.0009449 -0.0633709 -0.0024785 -0.0004061 -0.0643117 -0.0024788 0.0009485 -0.0643102 -0.0024785 -0.0004061 -0.0643117 -0.0027285 -0.0004061 -0.0643116 -0.0027288 0.0009485 -0.0643101 -0.0024788 0.0009485 -0.0643102 -0.0024785 0.0009449 -0.0633709 -0.0027288 0.0009485 -0.0643101 -0.0027285 0.0009448 -0.0633708 -0.0024785 0.0009449 -0.0633709 -0.0024785 -0.0004061 -0.0643117 -0.0027285 -0.0004061 -0.0643116 -0.0027285 0.0009448 -0.0633708 -0.0024246 0.0006206 0.1076476 -0.0024247 0.0006222 0.1072424 -0.0024247 0.0002822 0.1072411 -0.0024245 0.0002806 0.1076463 -0.0024242 -0.0016634 0.1076387 -0.0024241 -0.0016645 0.1079419 -0.0024241 0.0006141 0.1093153 -0.0024245 0.0006192 0.108016 -0.0024246 0.0013352 0.1080187 -0.0024247 0.0013366 0.1076504 -0.0024244 0.0002792 0.1080146 -0.0024241 0.0002755 0.108954 -0.0024242 -0.0010754 0.1080132 -0.0024244 0.0002792 0.1080146 -0.0024242 -0.0010754 0.1080132 -0.0026742 -0.0010755 0.1080133 -0.0026744 0.0002791 0.1080147 -0.0024244 0.0002792 0.1080146 -0.0024241 0.0002755 0.108954 -0.0026744 0.0002791 0.1080147 -0.0026741 0.0002755 0.1089541 -0.0024241 0.0002755 0.108954 -0.0024242 -0.0010754 0.1080132 -0.0026742 -0.0010755 0.1080133 -0.0026741 0.0002755 0.1089541 -0.0024498 0.0006553 0.0275704 -0.0024503 0.0016027 0.026431 -0.0024501 0.0016865 0.0271148 -0.0024499 0.0014137 0.0276605 -0.0024496 0.0002824 0.0279208 -0.0024496 -0.0003188 0.027616 -0.0024497 -0.0005637 0.0270614 -0.00245 -0.0003978 0.0263546 -0.0024503 0.0005531 0.0259447 -0.0024504 0.0010008 0.025957 -0.0024502 0.0009525 0.0263351 -0.0024498 0.0006727 0.0275692 -0.0024498 0.0007171 0.0275654 -0.00245 0.001187 0.0273845 -0.0024501 0.0013929 0.026999 -0.0024501 0.000357 0.0263206 -0.0024498 -0.0002671 0.0268739 -0.0024497 0.0003523 0.0275485 -0.0024501 0.000357 0.0263206 -0.0024498 -0.0002671 0.0268739 -0.0027001 0.0003315 0.0263226 -0.0026999 -0.0002453 0.0267562 -0.0024501 0.000357 0.0263206 -0.0024497 0.0003523 0.0275485 -0.0027001 0.0003315 0.0263226 -0.0026997 0.0002028 0.0275213 -0.0024498 -0.0002671 0.0268739 -0.0024497 0.0003523 0.0275485 -0.0026997 -0.0001236 0.0273248 -0.0026997 0.0002028 0.0275213 -0.0027001 0.0003315 0.0263226 -0.0026999 -0.0002453 0.0267562 -0.0026997 -0.0001236 0.0273248 -0.0026997 0.0002028 0.0275213 -0.0025693 -0.0105479 0.1274368 -0.0026966 -0.0093677 0.0315005 -0.0026907 -0.0095796 -0.070651 -0.0026647 0.0094425 0.1252973 -0.0026757 0.0093295 0.1094885 -0.0026984 0.0096086 0.0376364 -0.0026996 0.0096232 0.0338663 -0.0027014 0.0096452 0.0281979 -0.0027034 0.0096701 0.02179 -0.0027041 0.0096792 0.0194662 -0.0027048 0.0096877 0.0172524 -0.0027056 0.009697 0.0148714 -0.0027066 0.0097097 0.0116047 -0.0027073 0.0097187 0.0092797 -0.0027189 0.0098609 -0.0273313 -0.0026971 0.01281 -0.0771911 -0.0027265 0.0106911 -0.0706051 -0.0026689 0.0011183 0.1261676 -0.0027321 -0.0117409 -0.0828853 -0.0027324 -0.0074422 -0.0810967 -0.0027327 -0.0044455 -0.0802812 -0.0027334 0.0001668 -0.079645 -0.0027342 0.0040479 -0.0796622 -0.0027053 -0.0004769 0.0092401 -0.0027042 -0.0012927 0.0122097 -0.0027043 -0.0008753 0.0122114 -0.0027044 -0.0008738 0.011843 -0.0027028 -0.0007136 0.017212 -0.0026974 -0.001384 0.0338235 -0.0026733 -0.0013772 0.1106554 -0.0026736 -0.0008696 0.1099727 -0.0026731 -0.0011864 0.1114144 -0.0026731 -0.0016341 0.1109023 -0.0026736 -0.0012304 0.1096842 -0.0026742 -0.0016634 0.1076388 -0.0026988 -0.0005556 0.0301054 -0.0026991 -0.00057 0.0291761 -0.0026989 -0.0002829 0.0297562 -0.002699 -0.0002334 0.0296979 -0.0026989 -0.0002637 0.0297466 -0.0027033 -0.0005056 0.015658 -0.0027062 -0.0004809 0.0065329 -0.0027057 -0.0004947 0.008035 -0.0027059 -0.0002909 0.0074529 -0.002706 -0.0003992 0.0070626 -0.002706 -0.0001466 0.007332 -0.002706 -0.0001135 0.007354 -0.002706 -0.000118 0.007351 -0.002706 -0.0001734 0.0073127 -0.0027276 -0.0007042 -0.061649 -0.0027278 -0.0005839 -0.0621742 -0.0027275 -0.0004037 -0.0612552 -0.0027279 -0.0002003 -0.0623521 -0.0027274 -0.0005906 -0.0609483 -0.0027277 -0.0009389 -0.0622355 -0.002728 -0.0004674 -0.0626816 -0.0027285 -0.0009941 -0.0646861 -0.0026736 0.0009106 0.1110343 -0.0026736 0.0008884 0.1110181 -0.0026736 0.0008638 0.1109991 -0.0026736 0.0007304 0.1108774 -0.0026736 0.0006843 0.1108291 -0.0026737 -0.0005143 0.1096666 -0.0026735 0.0010262 0.1115229 -0.0026732 -0.0008435 0.1111226 -0.0026741 0.001329 0.1095967 -0.0026741 0.0006141 0.1093153 -0.0026746 0.0013351 0.1080188 -0.0026745 0.0006191 0.108016 -0.0026746 0.0006205 0.1076477 -0.0026747 0.0002821 0.1072411 -0.0026745 0.0002806 0.1076463 -0.0026986 -0.0001816 0.0307156 -0.0026994 -0.0005504 0.0281583 -0.0026985 -0.0002337 0.0309907 -0.0026992 -0.0005196 0.0287222 -0.0026985 -0.0005368 0.0309933 -0.0026989 -0.0001037 0.0300942 -0.002699 -0.0001106 0.0295099 -0.0026992 -0.0002068 0.0289057 -0.0026993 -0.0003549 0.0285107 -0.0026997 0.0016445 0.0283824 -0.0026987 0.0004399 0.0309594 -0.0026996 0.001643 0.0287508 -0.0026992 0.001638 0.0300424 -0.0026988 0.001633 0.0313333 -0.0026993 0.0016394 0.0296741 -0.0027027 -4.77e-05 0.0178869 -0.0027025 1.76e-05 0.0187385 -0.0027024 -0.000281 0.0187887 -0.0027027 -0.0004457 0.0177727 -0.0027025 -0.000212 0.0183567 -0.0027032 0.001687 0.0174393 -0.0027024 -0.0004959 0.018459 -0.0027031 0.0016855 0.0178092 -0.0027028 -4.19e-05 0.0174603 -0.0027022 -0.000491 0.0192006 -0.0027026 0.0016801 0.0192091 -0.0027027 0.0016815 0.0188407 -0.002703 7.6e-06 0.016901 -0.0027032 0.0009977 0.0169912 -0.0027036 -0.0004986 0.0148318 -0.0027039 0.0016443 0.0150269 -0.0027033 0.0014477 0.0169101 -0.0027032 -8.46e-05 0.0164494 -0.002703 -0.0003644 0.0166236 -0.0027038 0.0014268 0.0154613 -0.0027036 0.0017102 0.0159894 -0.0027032 0.0005145 0.0165145 -0.0027035 0.0002754 0.0154816 -0.0027032 0.000527 0.0165518 -0.0027034 -0.0001602 0.015667 -0.0027035 -0.0002484 0.0152065 -0.0027044 -0.0004639 0.012213 -0.0027048 0.0017072 0.0122214 -0.0027049 0.0017087 0.011853 -0.0027045 -0.0004625 0.0118446 -0.0027055 0.0015231 0.0098603 -0.0027055 0.0013971 0.0098637 -0.0027054 0.001378 0.0101969 -0.0027056 0.0016827 0.0098598 -0.0027052 0.0012615 0.0108532 -0.0027052 0.0016064 0.0110516 -0.0027048 -0.0004589 0.0109175 -0.0027054 0.00072 0.0098945 -0.0027047 -0.0004603 0.0112859 -0.0027054 0.00176 0.0104493 -0.0027051 -0.0004549 0.0098899 -0.0027057 0.0017177 0.0095299 -0.0027053 -0.0004534 0.0095215 -0.0027058 -0.000173 0.0079642 -0.0027056 -0.0002984 0.0086275 -0.0027056 -0.0001468 0.0086248 -0.0027057 5.94e-05 0.0084953 -0.0027061 6.39e-05 0.0072135 -0.0027055 -0.00045 0.0086274 -0.0027061 -0.0001216 0.0070058 -0.0027059 -7.3e-06 0.0077236 -0.0027063 -9.54e-05 0.0065084 -0.0027063 0.0017249 0.0076765 -0.0027067 0.0017299 0.0063849 -0.0027068 0.0017313 0.0060165 -0.0027054 -0.0004513 0.008959 -0.0027059 0.0017199 0.0089674 -0.002706 0.0017213 0.008599 -0.0027064 0.0017263 0.0073082 -0.0027279 0.0015331 -0.0613258 -0.0027281 0.0001224 -0.0626712 -0.002728 0.0013537 -0.0614957 -0.002728 0.0013 -0.0615553 -0.002728 0.0012368 -0.0616297 -0.0027284 0.0012834 -0.0630095 -0.002729 0.0020045 -0.064306 -0.0027288 0.0012884 -0.0643088 -0.002728 0.0002448 -0.06219 -0.0027285 0.0019983 -0.0627282 -0.0027278 0.0016322 -0.0608301 -0.0027289 0.0009499 -0.0646785 -0.0027045 0.0015519 0.0131401 -0.0027045 0.0014274 0.0131428 -0.0027045 0.0016901 0.01314 -0.0027045 0.0017037 0.01314 -0.0027044 0.0017516 0.0136976 -0.0027038 -0.0004053 0.0142037 -0.0027038 5.2e-05 0.0145803 -0.0027041 0.0015352 0.014316 -0.0027039 0.0007877 0.014669 -0.0027046 0.001705 0.0127962 -0.0027042 -0.0004907 0.0127877 -0.0027041 -0.0003906 0.013326 -0.0027041 -0.0003777 0.0133088 -0.0027041 -0.001295 0.0127846 -0.0027017 -0.0005396 0.0207761 -0.0027016 4.51e-05 0.0215788 -0.0027023 0.0014914 0.0201081 -0.0027019 0.001488 0.021528 -0.002702 0.0017132 0.021089 -0.002702 5.1e-06 0.0201675 -0.0027017 0.0008694 0.0216223 -0.0027017 -2.24e-05 0.0211679 -0.002702 -0.0003366 0.0199248 -0.0027016 -0.0003687 0.0213051 -0.0027025 0.001653 0.0196749 -0.0027021 0.000309 0.0201779 -0.0027017 -0.0002225 0.0208864 -0.0027017 0.0005798 0.0213705 -0.0027014 0.0016653 0.0230271 -0.0027004 0.0011403 0.0260046 -0.0026996 -0.0002035 0.0277165 -0.0027002 0.0009874 0.0263478 -0.0027 0.0012962 0.0272612 -0.0026997 0.0006683 0.0279452 -0.0027003 -0.0013408 0.0245834 -0.0026999 0.0014559 0.0276175 -0.0027 -0.0003978 0.0263546 -0.0027002 0.0013945 0.0268306 -0.0027003 0.0016378 0.026514 -0.0026998 0.0007171 0.0275654 -0.0027003 0.0006616 0.0259435 -0.0026998 0.0006553 0.0275705 -0.0026998 0.0006726 0.0275693 -0.0026997 -0.0005464 0.0271763 -0.0027011 -0.0013317 0.0222442 -0.0026983 0.0016408 0.0330599 -0.002698 -0.0005397 0.0324168 -0.0026985 0.0013167 0.0319688 -0.0026977 -0.0002715 0.0335306 -0.0026983 -2.04e-05 0.0318445 -0.0026978 -0.0005603 0.0330457 -0.0026979 0.0009387 0.0337436 -0.0026975 -0.0001484 0.0344918 -0.0026973 -0.0005513 0.0347201 -0.0026975 0.000209 0.0346688 -0.0026977 0.0016199 0.0346963 -0.0026976 0.0016185 0.0350647 -0.0026976 -0.0005124 0.0339291 -0.002697 -0.0001458 0.036079 -0.0026967 -0.0002047 0.0367365 -0.0026975 0.0016164 0.0356088 -0.002697 -0.0003531 0.0357355 -0.0026969 -0.0005692 0.0360838 -0.0026973 0.001615 0.0359787 -0.0026969 0.0016095 0.0373831 -0.002697 0.0016109 0.0370148 -0.0026965 -0.0007904 0.0370054 -0.0026963 -0.0013905 0.0373715 -0.0026966 -0.0005848 0.0370062 -0.0026966 -0.0003123 0.0370073 -0.0026967 -0.0005632 0.0366364 -0.002696 -0.0012694 0.0383737 -0.002696 -0.0010016 0.0386319 -0.0026957 -0.0010458 0.0394481 -0.0026964 0.001654 0.0390257 -0.0026966 0.0006906 0.0378331 -0.0026959 0.0008191 0.0399204 -0.0026959 0.0009913 0.0402618 -0.0026964 0.0010794 0.0384782 -0.0026956 -0.0002395 0.040449 -0.0026966 0.0013168 0.0381777 -0.0026957 -0.0005352 0.039951 -0.0026963 0.0013139 0.0391279 -0.0026963 -0.0005674 0.0378697 -0.0026964 0.0006105 0.0382322 0.0027595 -0.0104538 0.1273591 0.0027577 -0.0093553 -0.0700938 0.0028233 0.0094463 0.1257334 0.0027664 0.0009438 -0.0796103 0.0027634 0.0131031 -0.081718 0.0027653 0.0063653 -0.0799135 0.0027678 -0.0103382 -0.0822174 0.0027671 -0.0029186 -0.0799919 0.002755 0.0103196 -0.0665754 -0.0041113 0.0039365 0.1636737 -0.0087407 0.0034684 0.1622968 -0.0116454 0.0030233 0.1610992 0.0029485 0.0061516 0.1279482 0.0031077 0.0040702 0.1273468 0.0028313 0.0012055 0.1268268 -0.001564 0.0106107 0.1611855 -0.0052046 0.0099249 0.1607631 -0.0081285 0.0094458 0.1600281 -0.0025761 0.0103356 0.1293916 -0.0029905 0.0085372 0.12829 -0.0026694 0.0051356 0.1268879 -0.0034402 0.0064834 0.1275559 -0.0037279 0.004796 0.1272857 -0.0040107 0.0027051 0.1273212 -0.0029471 -0.0037955 0.1264943 -0.0031834 -0.0021084 0.1263795 -0.0033305 0.0003837 0.1264045 -0.0029905 0.0085372 0.12829 -0.0040233 0.0104661 0.1297476 -0.0049401 0.0119997 0.1315725 -0.0025761 0.0103356 0.1293916 -0.0027177 0.0037619 0.1265493 -0.0026694 0.0051356 0.1268879 -0.0027044 -0.0008738 0.011843 -0.0027049 0.0017087 0.011853 -0.0027045 -0.0004625 0.0118446 -0.0027013 0.0012979 0.0232164 -0.0027011 -0.0013317 0.0222442 -0.0027005 -0.0013391 0.0241559 -0.0027003 -0.0013408 0.0245834 -0.0027011 -0.0013317 0.0222442 -0.0027005 -0.0013391 0.0241559 -0.0027289 0.0009499 -0.0646785 -0.0024789 0.0012899 -0.0646773 -0.0024791 0.0012915 -0.0650825 -0.0027289 0.0009499 -0.0646785 -0.0024791 0.0012915 -0.0650825 -0.002479 0.0009515 -0.0650838 -0.0027289 0.0009499 -0.0646785 -0.0024789 0.0012899 -0.0646773 -0.002479 0.0009515 -0.0650838 -0.0027285 -0.0009941 -0.0646861 -0.0024785 -0.000994 -0.0646861 -0.0024784 -0.0009952 -0.064383 -0.0027285 -0.0009941 -0.0646861 -0.0027284 0.0012834 -0.0630095 -0.0024784 -0.0009952 -0.064383 -0.0027284 0.0012834 -0.0630095 -0.0024784 -0.0009952 -0.064383 -0.0024784 0.0012834 -0.0630096 -0.002729 0.0020045 -0.064306 -0.002479 0.0020045 -0.0643061 -0.0024791 0.002006 -0.0646745 -0.002729 0.0020045 -0.064306 -0.0024789 0.0012899 -0.0646773 -0.0024791 0.002006 -0.0646745 -0.002729 0.0020045 -0.064306 -0.0027289 0.0009499 -0.0646785 -0.0024789 0.0012899 -0.0646773 -0.0027285 0.0019983 -0.0627282 -0.0027278 0.0016322 -0.0608301 -0.0024778 0.0019907 -0.0607413 -0.0027285 0.0019983 -0.0627282 -0.0024778 0.0019907 -0.0607413 -0.0024785 0.0019984 -0.0627282 -0.0027285 0.0019983 -0.0627282 -0.0024785 0.0019984 -0.0627282 -0.0024784 0.0016423 -0.0627296 -0.0027279 0.0015331 -0.0613258 -0.0027285 0.0019983 -0.0627282 -0.0024784 0.0016423 -0.0627296 -0.0027279 0.0015331 -0.0613258 -0.0024779 0.0015578 -0.0613068 -0.0024784 0.0016423 -0.0627296 -0.0027277 -0.0009389 -0.0622355 -0.002728 -0.0004674 -0.0626816 -0.0024779 -0.0006955 -0.0625531 -0.0027279 0.0015331 -0.0613258 -0.0024779 0.0015332 -0.0613259 -0.0024779 0.0015578 -0.0613068 -0.0027277 -0.0009389 -0.0622355 -0.0024776 -0.0010196 -0.0617663 -0.0024779 -0.0006955 -0.0625531 -0.0027274 -0.0005906 -0.0609483 -0.0024774 -0.0007887 -0.0611113 -0.0024774 -0.0001794 -0.0608233 -0.0027278 -0.0005839 -0.0621742 -0.0027279 -0.0002003 -0.0623521 -0.0024779 -0.0003714 -0.0623234 -0.0027276 -0.0007042 -0.061649 -0.0027278 -0.0005839 -0.0621742 -0.0024776 -0.0007134 -0.0617127 -0.0027278 -0.0005839 -0.0621742 -0.0024776 -0.0007134 -0.0617127 -0.0024779 -0.0003714 -0.0623234 -0.002706 -0.0003992 0.0070626 -0.002706 -0.0001734 0.0073127 -0.002456 -0.0001734 0.0073126 -0.0027062 -0.0004809 0.0065329 -0.0027068 0.0017313 0.0060165 -0.0024564 -0.0002054 0.0061046 -0.0027068 0.0017313 0.0060165 -0.0024568 0.0017314 0.0060165 -0.0024564 -0.0002054 0.0061046 -0.0027062 -0.0004809 0.0065329 -0.0024564 -0.0002054 0.0061046 -0.0024562 -0.00046 0.0064343 -0.0027057 -0.0004947 0.008035 -0.0027059 -0.0002909 0.0074529 -0.0024558 -0.0004495 0.0076787 -0.0027057 -0.0004947 0.008035 -0.0024556 -0.0004273 0.0083127 -0.0024558 -0.0004495 0.0076787 -0.0027055 -0.00045 0.0086274 -0.0024556 -0.0002983 0.0086275 -0.0024555 -0.0004499 0.0086273 -0.0027056 0.0016827 0.0098598 -0.0027057 0.0017177 0.0095299 -0.0024557 0.0017177 0.0095299 -0.0027056 0.0016827 0.0098598 -0.0024557 0.0017177 0.0095299 -0.0024555 0.0015231 0.0098602 -0.0027054 0.001378 0.0101969 -0.0027052 0.0012615 0.0108532 -0.0024552 0.0013973 0.0106966 -0.0027054 0.001378 0.0101969 -0.0027054 0.00072 0.0098945 -0.0024554 0.0013272 0.010113 -0.0027054 0.001378 0.0101969 -0.0024552 0.0013973 0.0106966 -0.0024554 0.0013272 0.010113 -0.0027042 -0.0012927 0.0122097 -0.0027044 -0.0008738 0.011843 -0.0024544 -0.0008738 0.0118429 -0.0027042 -0.0012927 0.0122097 -0.0024544 -0.0008738 0.0118429 -0.0024544 -0.0012913 0.0118413 -0.0027042 -0.0012927 0.0122097 -0.0024544 -0.0012913 0.0118413 -0.0024542 -0.0012927 0.0122097 -0.0027041 -0.001295 0.0127846 -0.0024541 -0.0012949 0.0127845 -0.002454 -0.0012964 0.0131529 -0.0027041 -0.0003777 0.0133088 -0.0027041 -0.001295 0.0127846 -0.002454 -0.0012964 0.0131529 -0.0027041 -0.0003777 0.0133088 -0.002454 -0.0012964 0.0131529 -0.0024541 -0.0003776 0.0133087 -0.0027038 5.2e-05 0.0145803 -0.0027039 0.0007877 0.014669 -0.0024538 0.0004414 0.0146689 -0.0027032 -8.46e-05 0.0164494 -0.0024532 -0.0001816 0.016299 -0.0024532 0.0001307 0.0165601 -0.0027032 0.0005145 0.0165145 -0.0027035 0.0002754 0.0154816 -0.0024532 0.0005146 0.0165144 -0.0027035 0.0002754 0.0154816 -0.0024535 9.89e-05 0.0154885 -0.0024532 0.0005146 0.0165144 -0.0027032 0.0005145 0.0165145 -0.0027032 0.000527 0.0165518 -0.0024532 0.0005146 0.0165144 -0.0027024 -0.000281 0.0187887 -0.0027024 -0.0004959 0.018459 -0.0024525 -0.0005104 0.0184073 -0.0027022 -0.000491 0.0192006 -0.0024522 -0.000491 0.0192006 -0.0024523 -0.0004897 0.018869 -0.0027027 -4.77e-05 0.0178869 -0.0027025 -0.000212 0.0183567 -0.0024527 -0.0001471 0.0179863 -0.0027017 -0.0005396 0.0207761 -0.002702 -0.0003366 0.0199248 -0.0024519 -0.000517 0.0202827 -0.002702 -0.0003366 0.0199248 -0.0024519 -0.000517 0.0202827 -0.0024521 -0.0001463 0.0198149 -0.0027017 -0.0002225 0.0208864 -0.0024519 -0.0002047 0.0203877 -0.0024517 1.02e-05 0.0211843 -0.002702 5.1e-06 0.0201675 -0.0027017 -0.0002225 0.0208864 -0.0024519 -0.0002047 0.0203877 -0.002702 5.1e-06 0.0201675 -0.0027021 0.000309 0.0201779 -0.0024519 -0.0002047 0.0203877 -0.0027021 0.000309 0.0201779 -0.0024519 -0.0002047 0.0203877 -0.0024521 0.0002974 0.020143 -0.0027019 0.001488 0.021528 -0.0027017 0.0008694 0.0216223 -0.0024518 0.0012989 0.0216333 -0.0027014 0.0016653 0.0230271 -0.0027011 -0.0013317 0.0222442 -0.0024514 0.0016653 0.0230271 -0.0027011 -0.0013317 0.0222442 -0.0024514 0.0016653 0.0230271 -0.0024512 -0.0013301 0.0218412 -0.0027011 -0.0013317 0.0222442 -0.0024512 -0.0013301 0.0218412 -0.0024511 -0.0013317 0.0222441 -0.0027014 0.0016653 0.0230271 -0.0027003 -0.0013408 0.0245834 -0.0024513 0.0016637 0.0234323 -0.0027003 -0.0013408 0.0245834 -0.0024513 0.0016637 0.0234323 -0.0024503 -0.0013408 0.0245833 -0.0027014 0.0016653 0.0230271 -0.0024514 0.0016653 0.0230271 -0.0024513 0.0016637 0.0234323 -0.0026999 0.0014559 0.0276175 -0.0027003 0.0016378 0.026514 -0.0024501 0.0016865 0.0271148 -0.0026999 0.0014559 0.0276175 -0.0024501 0.0016865 0.0271148 -0.0024499 0.0014137 0.0276605 -0.0027003 0.0016378 0.026514 -0.0024503 0.0016027 0.026431 -0.0024501 0.0016865 0.0271148 -0.0026992 -0.0005196 0.0287222 -0.0026993 -0.0003549 0.0285107 -0.0024493 -0.0002923 0.0284705 -0.0026988 -0.0005556 0.0301054 -0.0026985 -0.0002337 0.0309907 -0.0024486 -0.0005547 0.0305671 -0.0026988 -0.0005556 0.0301054 -0.0026989 -0.0002829 0.0297562 -0.0024489 -0.0002637 0.0297465 -0.002699 -0.0002334 0.0296979 -0.0026989 -0.0002637 0.0297466 -0.0024489 -0.0002433 0.0297371 -0.002699 -0.0002049 0.0297169 -0.002449 -0.0002003 0.0297198 -0.0024489 -0.0002433 0.0297371 -0.0026988 -0.0005556 0.0301054 -0.0024486 -0.0005547 0.0305671 -0.0024489 -0.0002637 0.0297465 -0.0026985 -0.0002337 0.0309907 -0.0024486 -0.0005547 0.0305671 -0.0024485 -0.0002336 0.0309906 -0.0026985 -0.0005368 0.0309933 -0.0024484 -0.0005381 0.0313248 -0.0024485 -0.0005368 0.0309932 -0.0026985 -0.0005368 0.0309933 -0.0026988 0.001633 0.0313333 -0.0024484 -0.0005381 0.0313248 -0.0026988 0.001633 0.0313333 -0.0024488 0.001633 0.0313332 -0.0024484 -0.0005381 0.0313248 -0.0026988 0.001633 0.0313333 -0.0024488 0.001633 0.0313332 -0.0024489 0.0016345 0.0309648 -0.0026986 -0.0001816 0.0307156 -0.0026987 0.0004399 0.0309594 -0.0024485 -0.0002336 0.0309906 -0.0026987 0.0004399 0.0309594 -0.0026988 0.001633 0.0313333 -0.0024489 0.0016345 0.0309648 -0.0026987 0.0004399 0.0309594 -0.0024489 0.0016345 0.0309648 -0.0024485 -0.0002336 0.0309906 -0.002699 -0.0001106 0.0295099 -0.0026992 -0.0002068 0.0289057 -0.0024491 -0.000192 0.0294023 -0.002699 -0.0001106 0.0295099 -0.0024491 -0.000192 0.0294023 -0.002449 2.11e-05 0.0296026 -0.0026992 -0.0002068 0.0289057 -0.0024493 -7.55e-05 0.0287945 -0.0024491 -0.000192 0.0294023 -0.0026975 -0.0001484 0.0344918 -0.0026976 -0.0005124 0.0339291 -0.0024476 -0.000141 0.0340017 -0.0026976 -0.0005124 0.0339291 -0.0024476 -0.000141 0.0340017 -0.0024475 -0.000598 0.0342277 -0.0026974 -0.0002236 0.0347175 -0.0026973 -0.0005513 0.0347201 -0.0024473 -0.0005513 0.03472 -0.0026974 -0.0002236 0.0347175 -0.0026973 -0.0005513 0.0347201 -0.0024473 -0.0005513 0.03472 -0.0026973 -0.0005513 0.0347201 -0.0024472 -0.0005526 0.0350561 -0.0024473 -0.0005513 0.03472 -0.0026973 -0.0005513 0.0347201 -0.0026976 0.0016185 0.0350647 -0.0024472 -0.0005526 0.0350561 -0.0026976 0.0016185 0.0350647 -0.0024476 0.0016186 0.0350646 -0.0024472 -0.0005526 0.0350561 -0.0026975 -0.0001484 0.0344918 -0.0026975 0.000209 0.0346688 -0.0024475 -0.0001411 0.0345003 -0.0026975 0.000209 0.0346688 -0.0026977 0.0016199 0.0346963 -0.0024475 -0.0001411 0.0345003 -0.0026977 0.0016199 0.0346963 -0.0024477 0.00162 0.0346962 -0.0024475 -0.0001411 0.0345003 -0.0026975 -0.0001484 0.0344918 -0.0024476 -0.000141 0.0340017 -0.0024475 -0.0001411 0.0345003 -0.0026966 -0.0003123 0.0370073 -0.0026967 -0.0005632 0.0366364 -0.0024466 -0.0003123 0.0370072 -0.002697 -0.0003531 0.0357355 -0.0026969 -0.0005692 0.0360838 -0.002447 -0.000455 0.0358378 -0.0026965 -0.0007904 0.0370054 -0.0024466 -0.0003123 0.0370072 -0.0024464 -0.001389 0.037003 -0.0026965 -0.0007904 0.0370054 -0.0026963 -0.0013905 0.0373715 -0.0024464 -0.001389 0.037003 -0.0026963 -0.0013905 0.0373715 -0.0024463 -0.0013904 0.0373714 -0.0024464 -0.001389 0.037003 -0.002697 -0.0001458 0.036079 -0.0026967 -0.0002047 0.0367365 -0.0024469 -0.0002814 0.0363221 -0.0026967 -0.0002047 0.0367365 -0.002697 0.0016109 0.0370148 -0.0024467 8.28e-05 0.0369645 -0.002697 0.0016109 0.0370148 -0.002447 0.001611 0.0370147 -0.0024467 8.28e-05 0.0369645 -0.0026967 -0.0002047 0.0367365 -0.0024469 -0.0002814 0.0363221 -0.0024467 8.28e-05 0.0369645 -0.002697 -0.0001458 0.036079 -0.002447 -5.68e-05 0.0360255 -0.0024469 -0.0002814 0.0363221 -0.0026957 -0.0010458 0.0394481 -0.0026957 -0.0005352 0.039951 -0.0024457 -0.0002183 0.040038 -0.0026957 -0.0010458 0.0394481 -0.0024457 -0.0010247 0.0394999 -0.0024457 -0.0002183 0.040038 -0.0026963 -0.0005674 0.0378697 -0.0024462 -0.0004768 0.0382591 -0.0024463 -0.000671 0.0379032 -0.0026964 0.001654 0.0390257 -0.0026966 0.0013168 0.0381777 -0.0024466 0.001449 0.0383401 -0.002696 -0.0012694 0.0383737 -0.0024456 -0.0013924 0.0394876 -0.002446 -0.0012884 0.0384057 -0.0026956 -0.0002395 0.040449 -0.0024455 -0.0010688 0.0400478 -0.0024456 -0.0001083 0.0404638 -0.0026964 0.001654 0.0390257 -0.0024466 0.001449 0.0383401 -0.0024463 0.001619 0.0394368 -0.0026747 0.0002821 0.1072411 -0.0024246 0.0006206 0.1076476 -0.0024247 0.0006222 0.1072424 -0.0026747 0.0002821 0.1072411 -0.0024247 0.0006222 0.1072424 -0.0024247 0.0002822 0.1072411 -0.0026742 -0.0016634 0.1076388 -0.0024242 -0.0016634 0.1076387 -0.0024241 -0.0016645 0.1079419 -0.0026742 -0.0016634 0.1076388 -0.0026741 0.0006141 0.1093153 -0.0024241 -0.0016645 0.1079419 -0.0026741 0.0006141 0.1093153 -0.0024241 -0.0016645 0.1079419 -0.0024241 0.0006141 0.1093153 -0.0026746 0.0013351 0.1080188 -0.0024246 0.0013352 0.1080187 -0.0024247 0.0013366 0.1076504 -0.0026746 0.0013351 0.1080188 -0.0024246 0.0006206 0.1076476 -0.0024247 0.0013366 0.1076504 -0.0026735 0.0010262 0.1115229 -0.0026741 0.001329 0.1095967 -0.0024235 0.001314 0.1115835 -0.0026741 0.001329 0.1095967 -0.0024241 0.0013291 0.1095966 -0.0024235 0.001314 0.1115835 -0.0026741 0.001329 0.1095967 -0.0024241 0.0013291 0.1095966 -0.0024241 0.000973 0.1095952 -0.0026736 0.0009106 0.1110343 -0.0026741 0.001329 0.1095967 -0.0024241 0.000973 0.1095952 -0.0026736 0.0009106 0.1110343 -0.0024236 0.0009106 0.1110342 -0.0024241 0.000973 0.1095952 -0.0026731 -0.0011864 0.1114144 -0.0026732 -0.0008435 0.1111226 -0.0024231 -0.0008919 0.1114963 -0.0026731 -0.0011864 0.1114144 -0.0026731 -0.0016341 0.1109023 -0.0024231 -0.0014414 0.1112319 -0.0026736 -0.0012304 0.1096842 -0.0026737 -0.0005143 0.1096666 -0.0024237 -0.0010353 0.1096144 -0.0026737 -0.0005143 0.1096666 -0.0024237 -0.0010353 0.1096144 -0.0024237 -8.28e-05 0.1099591 -0.0026736 -0.0012304 0.1096842 -0.0024237 -0.0010353 0.1096144 -0.0024234 -0.0015443 0.1099681 -0.0026731 -0.0016341 0.1109023 -0.0024232 -0.0016875 0.1106022 -0.0024231 -0.0014414 0.1112319 -0.0026731 -0.0011864 0.1114144 -0.0024231 -0.0014414 0.1112319 -0.0024231 -0.0008919 0.1114963 -0.0026733 -0.0013772 0.1106554 -0.0026736 -0.0008696 0.1099727 -0.0024234 -0.0012959 0.1102081 -0.0026733 -0.0013772 0.1106554 -0.0024233 -0.0013802 0.1106341 -0.0024232 -0.0011189 0.1110466 -0.0026733 -0.0013772 0.1106554 -0.0024233 -0.0013802 0.1106341 -0.0024234 -0.0012959 0.1102081 -0.0026736 -0.0008696 0.1099727 -0.0024234 -0.0012959 0.1102081 -0.0024236 -0.0007486 0.1099834 -0.002698 -0.0005397 0.0324168 -0.0026978 -0.0005603 0.0330457 -0.002448 -0.0005728 0.0325461 -0.0026985 0.0013167 0.0319688 -0.0026983 -2.04e-05 0.0318445 -0.0024483 -0.0001068 0.0318868 -0.0026985 0.0013167 0.0319688 -0.0024485 0.0005118 0.0317487 -0.0024485 0.0012773 0.0319392 -0.0026985 0.0013167 0.0319688 -0.0024483 -0.0001068 0.0318868 -0.0024485 0.0005118 0.0317487 -0.0024536 0.0014426 0.0160404 -0.0027036 0.0013393 0.0157621 -0.0027034 0.0013116 0.0165377 -0.0024536 0.0014426 0.0160404 -0.0024537 0.0011951 0.0156008 -0.0027036 0.0013393 0.0157621 -0.0024534 0.0011963 0.0165972 -0.0024536 0.0014426 0.0160404 -0.0027034 0.0013116 0.0165377 -0.002452 0.0014129 0.0210093 -0.0027022 0.0012359 0.0203122 -0.0027019 0.0011476 0.0212653 -0.0024522 0.0012252 0.0203016 -0.002452 0.0014129 0.0210093 -0.0027022 0.0012359 0.0203122 -0.0024519 0.0008334 0.0211392 -0.0027021 0.0005874 0.0201442 -0.0027019 0.0008266 0.0211292 -0.0024519 0.0008334 0.0211392 -0.0027019 0.0008266 0.0211292 -0.0027019 0.0011476 0.0212653 -0.0024519 0.0008334 0.0211392 -0.002452 0.0014129 0.0210093 -0.0027019 0.0011476 0.0212653 -0.0024521 0.0002974 0.020143 -0.0024519 0.0008334 0.0211392 -0.0027021 0.0005874 0.0201442 -0.0024542 0.0012882 0.0140841 -0.002704 0.0007864 0.0142918 -0.0027043 0.0014363 0.013821 -0.0024543 0.0014453 0.0136343 -0.0024542 0.0012882 0.0140841 -0.0027043 0.0014363 0.013821 -0.0024539 0.0005266 0.0142975 -0.0024542 0.0012882 0.0140841 -0.002704 0.0007864 0.0142918 -0.0024544 0.0012226 0.0132738 -0.0027044 0.0011368 0.0132217 -0.0027042 0.0002611 0.0131735 -0.002454 -0.0002178 0.0137067 -0.0027042 0.0002611 0.0131735 -0.002704 -0.0001995 0.0135697 -0.002454 -0.0002178 0.0137067 -0.0024542 1.13e-05 0.0132837 -0.0027042 0.0002611 0.0131735 -0.0024545 0.0014274 0.0131427 -0.0024542 1.13e-05 0.0132837 -0.0027042 0.0002611 0.0131735 -0.0024479 0.000581 0.0334078 -0.0026979 -1.51e-05 0.0332774 -0.002698 0.0007229 0.0333989 -0.0024479 0.000581 0.0334078 -0.002698 0.0007229 0.0333989 -0.0026982 0.0013148 0.0330381 -0.0024484 0.0012183 0.032353 -0.0026984 0.0012838 0.0324327 -0.0026983 0.000299 0.0321416 -0.0024483 0.0013753 0.0327411 -0.0024481 0.0011821 0.033212 -0.0026982 0.0013148 0.0330381 -0.0024479 0.000581 0.0334078 -0.0024481 0.0011821 0.033212 -0.0026982 0.0013148 0.0330381 -0.0024479 0.000581 0.0334078 -0.0024479 -0.0002153 0.0330698 -0.0026979 -1.51e-05 0.0332774 -0.0024482 -7.53e-05 0.0323007 -0.0026983 0.000299 0.0321416 -0.0026981 -0.0002515 0.0325433 -0.0024479 -0.0002153 0.0330698 -0.0026979 -1.51e-05 0.0332774 -0.0026979 -0.00028 0.0328961 -0.0024482 -7.53e-05 0.0323007 -0.0024484 0.0012183 0.032353 -0.0026983 0.000299 0.0321416 -0.0024789 0.0012899 -0.0646773 -0.0024791 0.0012915 -0.0650825 -0.002479 0.0009515 -0.0650838 -0.0027285 -0.0004061 -0.0643116 -0.0027288 0.0009485 -0.0643101 -0.0027285 0.0009448 -0.0633708 -0.0026742 -0.0010755 0.1080133 -0.0026744 0.0002791 0.1080147 -0.0026741 0.0002755 0.1089541 -0.0024498 -0.0002671 0.0268739 -0.0026999 -0.0002453 0.0267562 -0.0026997 -0.0001236 0.0273248</float_array>
          <technique_common>
            <accessor count="2751" source="#g0_chrome-pos-array" stride="3">
              <param type="float" name="X"/>
              <param type="float" name="Y"/>
              <param type="float" name="Z"/>
            </accessor>
          </technique_common>
        </source>
        <source id="g0_chrome-nrm">
          <float_array count="8253" id="g0_chrome-nrm-array">0.9171 -0.14067 0.37301 0.94663 0.19334 0.25789 0.99683 -0.01457 0.07817 0.8426 -0.41955 0.33765 0.96695 -0.18996 0.17005 0.85269 0.00736 0.52236 0.95708 0.2138 0.19569 0.98521 -0.16761 0.03566 0.99451 0.10185 0.02408 0.92951 -0.24909 0.27197 0.87945 -0.10062 0.46524 0.84483 0.14412 0.51525 0.84775 0.2251 0.48026 0.88197 0.22752 0.41275 0.89332 0.27581 0.35484 0.99963 0.011 -0.02507 0.96354 -0.26566 0.03174 0.88098 0.35667 0.31091 0.98969 0.09657 -0.10575 0.8021 -0.40068 0.44283 0.94273 0.33345 0.00901 0.94111 0.33541 -0.04258 0.98125 -0.11773 -0.15263 0.87084 -0.45364 0.18933 0.954 0.24127 -0.17799 0.85148 -0.52232 0.04649 0.6821 0.08651 0.72613 0.74703 0.47306 0.46708 0.82651 0.53446 0.17672 0.92994 -0.26569 -0.25422 0.76642 -0.50825 0.39278 0.71445 -0.38523 0.58409 0.69491 -0.3406 0.63332 0.62355 -0.2206 0.75001 0.62238 0.19187 0.75883 0.80125 0.59797 0.02086 0.92319 -0.085 -0.37482 0.63807 -0.08688 0.76506 0.69346 0.66462 0.27819 0.90045 0.10327 -0.42252 0.8757 0.01702 -0.48256 0.8493 -0.52035 -0.08902 0.74984 -0.65807 0.06848 0.70368 -0.6752 0.22122 0.73546 -0.59544 0.32335 0.66593 0.62388 0.40905 0.80023 0.59731 -0.05341 0.83401 0.44857 -0.32127 0.8934 -0.38565 -0.23047 0.6939 0.3615 0.62275 0.5814 0.5766 0.57403 0.86222 0.22007 -0.45622 0.79549 0.39554 -0.45906 0.80699 -0.29578 -0.51116 0.78716 -0.22916 -0.5726 0.48485 0.4461 0.75228 0.58522 0.79477 0.16081 0.63229 0.77291 0.05307 0.43961 -0.41919 0.79437 0.4205 -0.1802 0.88922 0.46914 0.74794 0.46957 0.73736 -0.58819 -0.33218 0.37958 -0.03515 0.92449 0.47336 0.57336 0.66872 0.73383 0.34521 -0.58508 0.45255 -0.66162 0.59787 0.32868 -0.61041 0.72067 0.25255 0.26872 0.92952 0.74571 -0.44175 -0.49877 0.66866 -0.53671 -0.51462 0.37834 0.33115 0.86441 0.42828 0.71492 0.55269 0.66375 0.69652 -0.27257 0.53323 -0.84109 0.09076 0.37155 -0.28867 0.8824 0.68086 0.62029 -0.38945 0.54415 -0.79294 -0.27412 0.1866 0.40137 0.89671 0.37184 0.8684 0.32804 0.45492 0.88642 -0.08543 0.65845 -0.0821 -0.74813 0.50008 -0.85547 -0.1345 0.63897 0.13667 -0.757 0.39463 -0.88566 0.24471 0.33362 -0.86788 0.36809 0.35973 -0.76656 0.53197 0.21752 -0.41244 0.88464 0.20666 0.03895 0.97764 0.1815 0.36303 0.91393 0.29441 0.48967 0.8207 0.23384 -0.33209 0.9138 0.1417 0.59377 0.79206 0.1961 0.76934 0.608 0.55041 0.52014 -0.65307 0.58807 -0.51943 -0.61997 0.33379 0.92356 0.18874 0.57327 0.29987 -0.76252 0.47567 -0.67312 -0.56626 0.50366 -0.74078 -0.44448 0.46166 -0.8564 -0.2312 0.40326 -0.9108 -0.08846 0.17178 -0.58854 0.79001 0.13986 0.83711 0.52886 0.43116 0.87414 -0.22356 0.41486 0.81739 -0.3997 0.50388 0.73889 -0.44737 0.05364 0.18659 0.98097 0.09472 0.66102 0.74437 0.28332 -0.95849 -0.03204 0.33037 -0.92938 0.16463 0.0666 -0.51954 0.85184 0.30978 0.95081 -0.00087 0.50306 0.60744 -0.61477 0.47831 0.13951 -0.86704 0.57037 0.00596 -0.82136 -0.0248 -0.37812 0.92543 0.00741 0.08996 0.99592 0.00384 0.31913 0.9477 0.1677 0.89553 0.41218 0.42673 0.68828 -0.58666 0.51422 0.21952 -0.82909 0.52962 -0.18317 -0.82822 0.50793 -0.33476 -0.79369 0.48313 -0.43719 -0.75859 0.16737 -0.88281 0.43891 0.10034 -0.74199 0.66285 0.02961 -0.21166 0.97689 -0.0449 0.43611 0.89877 0.34411 -0.67201 -0.65574 0.30843 -0.82797 -0.46834 0.05316 -0.83996 0.54004 -0.03551 -0.09619 0.99473 -0.01589 0.67442 0.73818 0.1451 0.98766 0.05891 0.39843 0.39128 -0.82955 0.19306 -0.96373 -0.18426 0.10978 -0.97297 0.20316 -0.0312 0.74583 0.6654 0.09718 0.97399 0.20469 0.20203 0.96033 -0.19225 0.25203 0.84129 -0.47824 0.35337 0.21312 -0.91088 0.12476 -0.98982 0.06856 -0.13004 0.2743 0.95281 0.22378 0.89752 -0.37998 0.29381 0.67611 -0.67568 0.33031 0.60506 -0.72443 0.37201 -0.10122 -0.92269 -0.1846 0.00775 0.98278 -0.11315 0.4901 0.86429 0.21505 -0.91306 -0.34652 -0.08054 -0.66832 0.7395 -0.16177 0.08651 0.98303 -0.16864 0.20228 0.9647 -0.04343 0.82502 0.56344 0.01273 0.9536 0.3008 0.3309 0.18056 -0.92623 0.35575 0.00686 -0.93456 0.35045 -0.30878 -0.88422 0.13328 -0.98703 -0.08944 0.04054 -0.96944 0.24197 0.00795 -0.9233 0.38401 -0.0538 -0.79785 0.60046 -0.13811 -0.41952 0.89718 -0.15928 -0.12703 0.97903 -0.03952 0.87647 0.47984 0.1165 0.98598 -0.11945 0.23447 0.78672 -0.57104 0.30297 0.56686 -0.76608 0.31799 0.45421 -0.83221 0.31456 -0.44234 -0.83987 0.29926 -0.57595 -0.76074 0.28616 -0.69197 -0.66278 -0.11886 -0.58017 0.80578 -0.14629 0.57997 0.80139 -0.0303 0.92302 0.38356 0.04488 0.99605 0.07659 0.3106 -0.25238 -0.91642 0.20078 -0.85264 -0.48238 0.02802 -0.99209 0.12239 -0.18507 -0.30097 0.9355 -0.19476 -0.1135 0.97426 -0.19292 -0.00019 0.98121 -0.10962 0.75046 0.65176 0.13109 0.94874 -0.2876 0.2505 0.52777 -0.81161 0.29137 0.33968 -0.89427 0.3186 0.21617 -0.92291 0.30722 -0.10652 -0.94566 0.12304 -0.9662 -0.22652 -0.04286 -0.94605 0.32118 -0.09259 -0.87075 0.48292 -0.14567 -0.67154 0.72651 -0.22826 0.09127 0.96931 -0.02137 0.98382 0.17788 0.03286 0.99933 -0.01585 0.22897 -0.64847 -0.72599 0.12909 -0.92377 -0.36053 0.07374 -0.98855 -0.13164 -0.13599 -0.79562 0.59034 -0.30161 0.32835 0.89511 -0.26206 0.17355 0.94932 -0.2346 0.19693 0.95194 -0.20104 0.40271 0.89298 -0.16612 0.77937 0.60415 -0.06125 0.90847 0.41343 0.14158 0.89499 -0.42302 0.27228 -0.01335 -0.96213 0.26966 -0.26374 -0.92614 0.25637 -0.33063 -0.90827 0.2369 -0.5459 -0.80366 0.02126 -0.99949 -0.02385 -0.18861 -0.61621 0.76467 -0.18488 0.67756 0.71186 -0.11342 0.90881 0.40151 0.1813 0.72936 -0.65967 0.21332 0.65586 -0.72411 0.15396 -0.81899 -0.55277 -0.22615 -0.44364 0.8672 -0.25496 -0.21891 0.94185 -0.26294 -0.06764 0.96244 -0.24952 0.45954 0.85239 0.02153 0.98793 -0.15339 0.14305 0.80719 -0.5727 0.23775 0.02519 -0.971 0.15818 -0.75054 -0.64162 -0.03951 -0.99679 0.06959 -0.07581 -0.97162 0.22407 -0.12624 -0.90872 0.39786 -0.24501 0.50034 0.83044 -0.1071 0.95003 0.29321 0.23306 0.16264 -0.95877 0.24073 0.1152 -0.96373 0.06662 -0.92429 -0.37582 0.03786 -0.95973 -0.27835 -0.29361 0.00378 0.95592 -0.17876 0.86456 0.46965 0.02892 0.95595 -0.29209 0.06262 0.89758 -0.43638 0.09555 0.85239 -0.5141 0.79167 0.21223 -0.5729 0.23952 0.23262 -0.94261 -0.24889 -0.60777 0.7541 -0.30108 0.27627 0.9127 -0.0988 0.98464 0.14394 0.06231 -0.87888 -0.47295 -0.00842 -0.9779 -0.2089 -0.22936 -0.75739 0.61136 -0.29337 -0.34595 0.89121 -0.33926 0.08993 0.93638 -0.27616 0.61269 0.7405 -0.06517 0.9977 -0.01862 -0.05737 -0.99407 -0.09237 -0.20908 -0.84071 0.49949 -0.29657 -0.48551 0.82239 -0.34201 -0.22183 0.91314 -0.34047 -0.13129 0.93104 -0.34459 -0.03817 0.93798 -0.34331 0.4587 0.81959 -0.27501 0.70993 0.64836 -0.14409 -0.97808 0.15031 -0.17374 -0.94805 0.26649 -0.35867 0.13657 0.92342 -0.3302 0.50572 0.79701 -0.18697 0.94542 0.26687 -0.00696 0.91213 -0.40985 0.05069 0.74563 -0.66443 -0.12299 -0.99218 0.02149 -0.2209 -0.90078 0.37391 -0.36062 0.28342 0.88861 -0.25649 0.81008 0.52724 -0.1604 0.98467 0.06857 -0.08184 0.98234 -0.16827 0.00924 0.82708 -0.56201 0.04467 -0.76664 -0.64053 -0.02717 -0.92238 -0.38533 -0.30966 -0.68741 0.65695 -0.32518 -0.5769 0.74929 -0.37143 -0.31713 0.87262 -0.27976 0.0233 0.95979 -0.23679 0.89133 0.3866 -0.00143 -0.85142 -0.52448 -0.10077 -0.97574 -0.19434 -0.27878 -0.82839 0.48585 -0.38679 0.37206 0.84378 -0.08027 0.94878 -0.30558 -0.09362 -0.95028 -0.29698 -0.38717 -0.49049 0.78072 -0.29455 -0.30511 0.90562 -0.40834 -0.00454 0.91282 -0.21215 0.97438 -0.07465 -0.47519 0.71297 0.51563 -0.46376 0.75195 0.46851 -0.38209 0.87673 0.29214 -0.18544 0.87848 -0.44032 -0.37932 -0.87493 0.30103 -0.46406 -0.61193 0.64047 -0.50751 -0.38168 0.7725 -0.68117 -0.48443 -0.54895 -0.33494 -0.77532 -0.53544 -0.06495 -0.83331 -0.54898 0.13144 -0.8276 -0.54571 0.37337 -0.76173 -0.52949 0.60839 -0.58409 -0.53731 0.77535 -0.32081 -0.54398 0.78215 -0.20471 -0.58851 0.76237 -0.11361 -0.63709 0.71607 -0.05578 -0.6958 0.79995 0.03686 -0.59894 0.80136 0.28942 -0.5235 0.69479 0.4945 -0.52224 0.52348 0.67924 -0.51439 0.32214 0.80178 -0.50336 0.17507 0.86005 -0.47923 -0.03096 0.8363 -0.54739 -0.3768 0.84382 -0.38208 -0.45447 0.65313 -0.60571 -0.13577 -0.99015 -0.03434 -0.29465 -0.94264 -0.15688 -0.60881 -0.78867 -0.08567 -0.91776 -0.39142 -0.06721 -0.9954 -0.09584 0.00014 0.96255 -0.26687 -0.04778 0.78522 -0.61911 -0.01162 0.53123 -0.84449 -0.06808 0.18911 -0.96502 -0.18159 0.19048 -0.97949 -0.06574 -0.10648 -0.86918 0.48289 -0.11313 -0.92762 0.35599 -0.17379 -0.96048 0.21742 -0.24661 -0.87033 0.42628 -0.24388 -0.96909 0.03728 -0.29375 -0.9441 0.14963 -0.393 -0.77765 0.49072 -0.50913 -0.82374 0.24949 -0.67461 -0.68002 0.28719 -0.73767 -0.6723 0.06212 -0.80978 -0.575 0.11677 -0.95275 -0.29353 0.07816 -0.8962 -0.44007 0.05627 -0.53721 -0.54524 0.64352 -0.34805 -0.66578 0.66 -0.12085 -0.7346 0.66765 0.0087 -0.83797 0.54565 0.95961 -0.27996 0.02791 0.99535 -0.09352 0.02315 0.88981 -0.42412 0.1684 0.91211 -0.40988 0.00778 0.73979 -0.65095 0.17022 0.6715 -0.73636 0.08277 0.74325 -0.64973 0.15948 0.38586 -0.85321 0.35091 0.61349 -0.71741 0.33007 0.45589 -0.88294 0.11218 0.26497 -0.96349 0.03838 0.1889 -0.89926 0.39453 0.20719 -0.93775 0.27874 0.03481 -0.98363 0.17682 0.00772 -0.72725 0.68633 0.19214 -0.71251 0.67485 0.50625 -0.57052 0.6467 -0.18205 0.97047 -0.15826 -0.27531 0.95911 -0.06571 -0.69642 0.71528 -0.05808 0.97774 0.20958 -0.01048 0.81731 0.56937 -0.08849 0.50927 0.85568 -0.0919 0.19301 0.95185 -0.23816 0.18558 0.97526 -0.12009 0.11092 0.99346 -0.02703 0.00032 -0.0213 0.99977 0.56924 0.30043 0.76532 -0.0068 0.13761 0.99046 0.55693 -0.34219 0.75679 0.00793 -0.17131 0.98519 0.09338 0.99554 0.01373 -0.10983 0.99378 0.01829 -0.23761 0.93977 0.2457 -0.24226 0.77713 0.58084 -0.32131 0.87653 0.35841 -0.3996 0.91457 0.06229 -0.59307 0.79385 0.13443 -0.47365 0.79633 0.37617 -0.47683 0.85737 0.19378 -0.74169 0.58943 0.3201 -0.77301 0.63319 0.03905 -0.76542 0.61782 0.18008 -0.97293 0.21051 0.09538 -0.94815 0.3088 0.0752 -0.33642 0.6414 0.68951 -0.54237 0.49024 0.68227 -0.04888 0.71953 0.69274 0.97061 0.24026 0.01378 0.93666 0.33848 0.08996 0.91326 0.40481 0.04574 0.61661 0.76958 0.16598 0.84386 0.51049 0.16525 0.63632 0.71567 0.28794 0.73771 0.67478 0.02121 0.59235 0.78328 0.18866 0.4693 0.88025 0.07005 0.24703 0.8187 0.51837 0.21239 0.9312 0.29623 0.1366 0.98143 0.13469 0.11943 0.81195 0.57138 0.28628 0.82361 0.4896 -0.00697 0.75957 0.65039 0.60581 0.42291 0.6739 0.50718 0.55663 0.65797 0.22375 0.67152 0.7064 -0.55983 0.03842 0.82772 -0.3267 -0.93935 -0.10438 -0.53395 -0.30774 0.78752 -0.52809 -0.19375 0.82679 -0.53283 0.16189 0.83059 -0.35918 0.92847 0.0945 -0.14688 -0.62239 -0.7688 -0.24009 -0.83053 -0.50257 -0.61832 0.25287 0.74413 -0.44881 0.81127 0.37472 -0.19133 -0.68931 -0.69874 -0.40235 -0.90788 0.11777 -0.56984 0.36455 0.73647 -0.34613 0.40713 -0.84524 -0.7585 -0.21742 -0.61434 -0.24549 -0.73768 -0.62893 -0.67475 -0.03877 0.73703 -0.57145 0.62671 0.52979 -0.42756 -0.90394 -0.00917 -0.58679 0.48586 0.64777 -0.37122 0.91015 -0.1839 -0.25263 0.76724 -0.58951 -0.21451 0.70849 -0.67232 -0.31826 -0.85995 -0.399 -0.34682 0.88377 -0.3141 -0.37545 -0.894 -0.24453 -0.48938 -0.78098 0.38805 -0.55517 -0.69846 0.45159 -0.47044 0.15028 -0.86954 -0.62438 -0.47864 0.6173 -0.52519 0.83598 0.15911 -0.39535 0.49215 -0.77555 -0.71287 0.50444 0.4872 -0.47737 -0.14386 -0.86684 -0.67419 -0.59115 0.44274 -0.76664 0.10388 0.63362 -0.68225 -0.69825 0.21672 -0.71983 -0.39765 0.56896 -0.69675 -0.07096 -0.7138 -0.42639 -0.37646 -0.82248 -0.79298 -0.07575 0.60452 -0.53869 0.83616 -0.10324 -0.46768 0.71211 -0.52361 -0.78775 -0.2304 0.57128 -0.72497 0.64602 0.23892 -0.57868 0.77006 -0.26859 -0.53462 0.72621 -0.43221 -0.59184 0.39709 -0.70146 -0.429 0.28103 -0.85848 -0.48215 -0.43027 -0.76315 -0.69408 -0.71033 0.11698 -0.79932 -0.43847 0.41089 -0.67562 -0.06145 -0.73468 -0.65862 -0.66113 -0.35935 -0.83126 0.29408 0.47173 -0.76943 0.53938 0.34212 -0.74593 0.65532 0.11896 -0.6832 0.72766 -0.06123 -0.50398 -0.19067 -0.84241 -0.70634 -0.70619 0.04876 -0.60544 0.53935 -0.58527 -0.87556 -0.03209 0.48204 -0.59761 0.0304 -0.80121 -0.57261 0.34218 -0.74501 -0.60314 -0.47628 -0.63983 -0.70166 -0.67736 -0.22104 -0.91593 -0.25795 0.30745 -0.74052 0.58569 -0.32953 -0.63319 -0.55515 -0.53933 -0.6782 -0.58608 -0.44335 -0.94059 -0.0836 0.32909 -0.93745 0.14083 0.31835 -0.89823 0.30977 0.3118 -0.89672 0.42513 0.12311 -0.46765 0.18268 -0.86483 -0.88492 -0.44954 0.12182 -0.84996 0.52363 -0.05812 -0.76485 0.45954 -0.45147 -0.83414 -0.53077 -0.14995 -0.80261 0.54635 -0.23942 -0.71002 0.38077 -0.59235 -0.66482 -0.19497 -0.72111 -0.94395 0.3016 0.13412 -0.82021 0.4415 -0.36377 -0.80836 0.23731 -0.53873 -0.99765 0.05994 0.03316 -0.93144 0.36378 -0.00953 -0.90209 0.40117 -0.15903 -0.94873 -0.30058 0.09775 -0.98285 -0.11977 0.14019 -0.82729 0.14511 -0.54271 -0.91452 -0.37723 -0.14609 -0.92841 -0.3688 -0.0451 -0.9011 -0.23676 -0.36326 -0.9169 -0.27872 -0.28567 -0.9581 0.25448 -0.13145 -0.84815 -0.03697 -0.52846 -0.99212 0.11215 -0.05589 -0.92882 0.23103 -0.2897 -0.85195 0.04644 -0.52156 -0.86844 -0.12966 -0.47854 -0.86798 -0.16965 -0.46672 -0.89714 0.19555 -0.39611 -0.89614 -0.19224 -0.39997 -0.9497 0.19904 -0.24177 -0.92827 0.16031 -0.33557 -0.98049 -0.14404 -0.13374 -0.9814 0.1409 -0.13042 -0.99144 -0.10892 -0.07203 -0.99901 -0.0024 -0.04431 -0.96848 -0.11572 -0.22057 -0.34286 0.25238 -0.90485 -0.43288 0.0978 -0.89613 -0.66459 -0.17508 -0.72641 0.0053 -0.74584 0.66611 -0.00514 -0.74807 0.6636 0.0003 -0.83722 0.54687 0.00105 -0.84631 0.5327 0.00256 -0.92328 0.38412 -0.0085 -0.6489 0.76083 -0.01236 -0.53934 0.842 -0.56906 -0.3942 0.72165 -0.00356 -0.40506 0.91428 -0.00061 -0.32288 0.94644 -0.01692 -0.25836 0.9659 -0.00816 -0.19707 0.98036 -0.00419 -0.10202 0.99477 0.01046 -0.06588 0.99777 -0.00895 0.0327 0.99943 -0.14679 0.08678 0.98535 -0.00705 0.2142 0.97676 -0.72279 0.17977 0.66728 0.0313 0.3754 0.92633 -0.00889 0.50354 0.86392 -0.00366 0.61909 0.78531 0.01083 0.61951 0.78492 0.02239 0.45861 0.88835 -0.03142 0.27702 0.96035 9e-05 0.15875 0.98732 0.01485 -0.02694 0.99953 -0.03207 -0.24972 0.96779 -0.00559 -0.37658 0.92637 0.00096 -0.54039 0.84142 -0.00189 -0.64052 0.76794 0.00494 -0.93091 0.36521 -0.0062 0.99997 0.00534 -0.00078 0.99968 0.02509 -0.00147 0.99022 0.13952 -0.00549 0.98393 0.17846 0.00283 0.96755 0.25265 -0.00303 0.95175 0.30685 0.00287 0.93292 0.36007 -0.00299 0.91111 0.41215 0.00372 0.88336 0.46867 -0.00111 0.86189 0.50709 -0.00228 0.80512 0.59311 0.00233 0.81966 0.57284 0.0052 0.74943 0.66206 -0.00441 0.72761 0.68597 0.00862 0.8334 -0.55261 -0.00034 0.81127 -0.58467 0.00141 0.83392 -0.55188 -0.00032 0.8779 -0.47884 0.00392 0.87119 -0.49093 -0.0003 0.91779 -0.39706 -0.0003 0.91779 -0.39706 -0.00028 0.95357 -0.30118 -0.00028 0.95357 -0.30118 -0.00024 0.98602 -0.16661 -0.01102 0.98337 -0.1813 -0.02124 0.9948 -0.09964 -0.00127 -0.97099 0.23911 0.00869 -0.9901 0.1401 -0.00141 -0.99606 0.08864 0.00243 -0.99679 -0.08006 0.00423 -0.99722 -0.07437 0.00119 -0.97028 -0.24198 0.00381 -0.96285 -0.27002 -0.00268 -0.90589 -0.4235 -0.00374 -0.88886 -0.45817 -2e-05 -0.82648 -0.56297 -0.00119 -0.8142 -0.58058 -0.00116 -0.7654 -0.64356 0.00424 -0.7333 -0.67989 -0.00369 -0.69812 -0.71597 0.00271 -0.66098 -0.7504 -0.00373 -0.62214 -0.78289 0.00529 -0.57793 -0.81607 -0.00066 -0.53699 -0.84359 -0.00019 -0.45453 -0.89073 0.00406 -0.4668 -0.88435 -0.00021 -0.41354 -0.91049 -0.00021 -0.41354 -0.91049 0.96592 -0.01935 0.25813 0.97012 -0.01444 0.2422 0.96523 -0.00219 0.26141 0.96296 -0.00322 0.26964 0.96575 -0.00359 0.25945 0.96093 -0.00452 0.27675 0.96562 -0.00195 0.25995 0.96577 -0.01326 0.25908 0.96165 0.00708 0.2742 0.96574 -0.00212 0.25952 0.96644 -0.01034 0.25668 0.96973 -0.02686 0.24269 0.96624 0.00359 0.25762 0.96204 0.022 0.27202 0.96044 0.01423 0.27814 0.96988 0.00984 0.24337 0.96703 0.00831 0.25452 0.96598 0.00284 0.2586 0.96825 -0.00524 0.24993 0.97299 0.00166 0.23083 0.97044 0.00546 0.24127 0.96798 -0.00664 0.25095 0.95941 0.02132 0.28122 0.9744 -0.00057 0.22481 0.96202 0.02507 0.27183 0.96835 0.00446 0.24955 0.96802 0.01118 0.25063 0.96751 -0.00441 0.25279 0.97277 0.03698 0.22879 -0.96695 0.00092 -0.25496 -0.96703 -0.00024 -0.25467 -0.96683 -0.00095 -0.25543 -0.96981 0.00582 -0.2438 -0.96924 0.00763 -0.24599 -0.96678 0.00317 -0.25558 -0.96702 0.0191 -0.25399 -0.9666 0.00391 -0.25627 -0.96499 0.01127 -0.26206 -0.9677 0.0121 -0.25181 -0.96571 0.01528 -0.25917 -0.96439 0.0074 -0.26438 -0.96364 0.01128 -0.26695 -0.96043 0.01179 -0.27828 -0.96239 0.01084 -0.27144 -0.96033 -0.00076 -0.27885 -0.96127 0.00527 -0.27557 -0.96081 -0.00836 -0.27709 -0.96073 -0.00388 -0.27746 -0.96405 -0.00451 -0.26569 -0.96215 -0.02439 -0.27142 -0.96382 -0.01602 -0.26607 -0.9654 -0.02953 -0.25911 -0.96371 -0.04127 -0.26375 -0.96464 -0.01217 -0.26329 -0.9668 -0.00144 -0.25553 -0.96691 -0.00332 -0.25511 -0.99947 0.0286 0.01539 -0.99792 0.06434 0.00508 -0.9994 0.0347 0.00045 -0.9994 0.0347 0.00045 -0.99989 0.01495 0.00041 -0.99996 0.009 0.00035 -0.99996 0.009 0.00035 -0.99996 0.009 0.00035 -0.99996 0.009 0.00035 -0.99996 0.009 0.00035 -0.99996 0.009 0.00035 -0.99996 0.009 0.00035 -0.99996 0.009 0.00035 -0.99946 0.033 0.00051 -0.99828 -0.00361 -0.0586 -0.99709 -0.00744 -0.07592 0.7945 -0.04969 -0.60522 0.577 -0.09745 -0.81091 0.57054 -0.09859 -0.81533 0.68939 -0.07539 -0.72045 -0.00035 0.26257 -0.96491 -0.00035 0.26257 -0.96491 -0.00035 0.26257 -0.96491 -0.00035 0.26257 -0.96491 -0.00035 0.26257 -0.96491 -0.00035 0.26257 -0.96491 -0.00035 0.26257 -0.96491 -0.00035 0.26257 -0.96491 0.0001 -0.96431 -0.26477 0.00083 -0.9642 -0.26516 -0.00011 0.96525 0.26132 -0.00068 0.96534 0.26101 -4e-05 -0.69499 -0.71902 -0.00135 -0.7015 -0.71266 -0.00059 -0.90572 -0.42387 -0.00027 -0.90426 -0.42698 0.00052 0.99283 0.11953 0.00986 0.27614 -0.96107 0.00166 0.98503 -0.1724 0.00385 0.54428 -0.83889 0.00363 0.89909 -0.43774 0.00789 0.00809 -0.99994 -0.00018 -0.47249 -0.88134 -0.00078 0.74781 -0.66391 0.00493 -0.26298 -0.96479 -0.00328 0.99563 0.09338 -0.00589 0.96407 -0.26559 -0.00482 0.17012 -0.98541 -0.00021 0.36269 -0.93191 0.00092 -0.04123 -0.99915 -0.00037 0.56726 -0.82354 0.00736 0.85087 -0.52533 -0.00064 -0.46108 -0.88736 0.00743 0.74654 -0.66529 0.00107 -0.25607 -0.96666 -1 -0.0002 0.00031 -1 -0.0002 0.00031 -1 -0.0002 0.00031 -1 -0.0002 0.00031 -1 -0.0002 0.00031 -1 -0.0002 0.00031 -1 -0.0002 0.00031 -1 -0.0002 0.00031 -1 -0.0002 0.00031 -1 -0.0002 0.00031 -1 -0.0002 0.00031 -1 -0.0002 0.00031 -1 -0.0002 0.00031 -1 -0.0002 0.00031 -1 -0.0002 0.00031 -1 -0.0002 0.00031 -1 -0.0002 0.00031 -1 -0.0002 0.00031 -1 -0.0002 0.00031 -1 -0.0002 0.00031 -1 -0.0002 0.00031 -1 -0.0002 0.00031 -1 -0.0002 0.00031 -1 -0.0002 0.00031 -1 -0.0002 0.00031 -1 -0.0002 0.00031 -1 -0.0002 0.00031 -1 -0.0002 0.00031 -1 -0.0002 0.00031 -1 -0.0002 0.00031 -1 -0.0002 0.00031 -1 -0.0002 0.00031 -1 -0.0002 0.00031 -1 -0.0002 0.00031 -1 -0.0002 0.00031 -1 -0.0002 0.00031 -1 -0.0002 0.00031 -1 -0.0002 0.00031 -1 -0.0002 0.00031 -1 -0.0002 0.00031 -1 -0.0002 0.00031 -1 -0.0002 0.00031 -1 -0.0002 0.00031 -1 -0.0002 0.00031 -1 -0.0002 0.00031 -1 -0.0002 0.00031 -1 -0.0002 0.00031 -1 -0.0002 0.00031 -1 -0.0002 0.00031 -1 -0.0002 0.00031 -1 -0.0002 0.00031 1 0.0002 -0.00031 1 0.0002 -0.00031 1 0.0002 -0.00031 1 0.0002 -0.00031 1 0.0002 -0.00031 1 0.0002 -0.00031 1 0.0002 -0.00031 1 0.0002 -0.00031 1 0.0002 -0.00031 1 0.0002 -0.00031 1 0.0002 -0.00031 1 0.0002 -0.00031 1 0.0002 -0.00031 1 0.0002 -0.00031 1 0.0002 -0.00031 1 0.0002 -0.00031 1 0.0002 -0.00031 1 0.0002 -0.00031 1 0.0002 -0.00031 1 0.0002 -0.00031 1 0.0002 -0.00031 1 0.0002 -0.00031 1 0.0002 -0.00031 1 0.0002 -0.00031 1 0.0002 -0.00031 1 0.0002 -0.00031 1 0.0002 -0.00031 1 0.0002 -0.00031 1 0.0002 -0.00031 1 0.0002 -0.00031 1 0.0002 -0.00031 1 0.0002 -0.00031 1 0.0002 -0.00031 1 0.0002 -0.00031 1 0.0002 -0.00031 1 0.0002 -0.00031 1 0.0002 -0.00031 1 0.0002 -0.00031 1 0.0002 -0.00031 1 0.0002 -0.00031 1 0.0002 -0.00031 1 0.0002 -0.00031 1 0.0002 -0.00031 1 0.0002 -0.00031 1 0.0002 -0.00031 1 0.0002 -0.00031 1 0.0002 -0.00031 1 0.0002 -0.00031 1 0.0002 -0.00031 0.26437 0.02867 -0.964 0.22378 0.50329 -0.83464 0.25212 0.28278 -0.92546 0.22378 0.50329 -0.83464 0.22378 0.50329 -0.83464 0.25014 0.26245 -0.93196 0.25851 0.0038 -0.966 0.70537 0.34229 -0.62072 0.68351 0.13225 -0.71787 0.70073 0.2549 -0.66633 0.69655 0.21574 -0.68431 -0.27341 0.1017 -0.95651 -0.26407 0.23384 -0.93573 -0.26664 0.20377 -0.94201 -0.25451 0.32543 -0.91067 0.69656 -0.11092 -0.70887 0.68599 -0.21203 -0.69603 0.6347 -0.3419 -0.693 0.69957 -0.17922 -0.69172 0.69181 -0.26393 -0.67212 0.65296 -0.32629 -0.6835 0.22398 -0.4967 -0.83852 0.25851 0.0038 -0.966 0.03844 -0.35345 -0.93466 0.23546 -0.3265 -0.9154 0.25137 -0.04874 -0.96666 0.25851 0.0038 -0.966 0.05754 -0.30685 -0.95002 0.03574 -0.16025 -0.98643 0.03782 -0.17113 -0.98452 -0.24683 -0.24242 -0.93825 0.62682 -0.55943 -0.54235 0.63656 -0.6419 -0.42751 0.63592 -0.69024 -0.34522 0.63385 -0.60713 -0.4792 0.12943 -0.86412 -0.48636 0.22398 -0.4967 -0.83852 0.12943 -0.86412 -0.48636 0.18293 -0.70441 -0.68581 0.18293 -0.70441 -0.68581 0.22398 -0.4967 -0.83852 0.22398 -0.4967 -0.83852 -0.34174 -0.47578 -0.81046 -0.33572 -0.60544 -0.72162 -0.32821 -0.53407 -0.77913 -0.41387 -0.69126 -0.59234 -0.37819 -0.67337 -0.63526 0.54839 -0.82858 -0.11279 0.49864 -0.8668 -0.00327 0.58263 -0.78745 -0.20116 0.53702 -0.83916 -0.08616 0.12943 -0.86412 -0.48636 0.00019 -0.99999 -0.00388 0.00019 -0.99999 -0.00388 0.0671 -0.96493 -0.25377 0.0671 -0.96493 -0.25377 0.12943 -0.86412 -0.48636 -0.3563 -0.83976 -0.40969 -0.39701 -0.84454 -0.35936 -0.50309 -0.83866 -0.20867 -0.45363 -0.84511 -0.28287 0.48361 -0.84272 0.23654 0.42094 -0.79955 0.4284 0.51982 -0.83251 0.1916 0.42787 -0.76288 0.4847 0.43567 -0.83195 0.34359 -0.12909 -0.86792 0.47964 0.00019 -0.99999 -0.00388 -0.12909 -0.86792 0.47964 -0.06672 -0.9669 0.24627 -0.06672 -0.9669 0.24627 0.00019 -0.99999 -0.00388 -0.50901 -0.86047 -0.02234 -0.54079 -0.83695 0.08402 -0.54079 -0.83695 0.08402 -0.5656 -0.80266 0.18929 0.27864 -0.56293 0.77812 0.37226 -0.69758 0.61221 0.33499 -0.64507 0.68678 0.31383 -0.61457 0.72375 -0.13064 -0.85477 0.50229 -0.22378 -0.50329 0.83464 -0.42129 -0.63122 0.65121 -0.18441 -0.69586 0.6941 -0.39465 -0.63654 0.66262 -0.6256 -0.66963 0.40027 -0.39237 -0.74257 0.5428 -0.65588 -0.55306 0.51376 -0.36575 -0.74681 0.55543 0.30814 -0.3551 0.88258 0.2636 -0.18896 0.94594 0.29239 -0.31481 0.903 0.25671 -0.11769 0.9593 0.27765 -0.22082 0.93496 -0.26328 -0.00641 0.9647 -0.22378 -0.50329 0.83464 -0.44153 -0.14042 0.88619 -0.25434 -0.25776 0.93213 -0.44319 -0.17045 0.88007 -0.46059 -0.3453 0.81769 -0.69936 -0.17863 0.69209 -0.42198 -0.3024 0.85469 0.29022 0.33852 0.89508 0.21138 0.08315 0.97386 0.25884 0.15184 0.95391 0.27765 0.27897 0.91928 0.24014 0.10181 0.96538 0.28062 0.23397 0.93086 -0.25851 -0.0038 0.966 -0.23035 0.49444 0.83813 -0.42723 0.33671 0.83911 -0.23171 0.50253 0.83293 -0.25395 0.25666 0.93254 -0.43795 0.33305 0.83503 -0.46572 0.1495 0.87221 -0.69494 0.24588 0.67573 -0.40535 0.24022 0.88203 0.37959 0.68938 0.61698 0.34394 0.6471 0.68041 0.37799 0.42733 0.82129 0.35495 0.46883 0.80883 0.32782 0.6063 0.72453 -0.22398 0.4967 0.83852 -0.12943 0.86412 0.48636 -0.32213 0.77934 0.53745 -0.18341 0.70444 0.68566 -0.43349 0.62172 0.65235 -0.63436 0.66666 0.39135 -0.32995 0.68291 0.65174 0.48612 0.8459 0.2194 0.36927 0.82674 0.42442 0.44205 0.8439 0.30403 0.41106 0.83843 0.35786 -0.12943 0.86412 0.48636 -0.00019 0.99999 0.00388 -0.00019 0.99999 0.00388 -0.0671 0.96493 0.25377 -0.0671 0.96493 0.25377 -0.12943 0.86412 0.48636 -0.53059 0.8275 0.18361 -0.53353 0.83923 0.10508 -0.52939 0.84676 -0.05236 -0.53348 0.84472 0.04296 0.50901 0.86047 0.02234 0.5656 0.80266 -0.18929 0.54079 0.83695 -0.08402 0.54079 0.83695 -0.08402 0.12909 0.86792 -0.47964 -0.00019 0.99999 0.00388 0.12909 0.86792 -0.47964 0.06672 0.9669 -0.24627 0.06672 0.9669 -0.24627 -0.00019 0.99999 0.00388 -0.48645 0.84739 -0.21282 -0.41139 0.84102 -0.35134 -0.44238 0.84606 -0.29746 -0.36959 0.82987 -0.41799 0.12909 0.86792 -0.47964 0.22378 0.50329 -0.83464 0.12909 0.86792 -0.47964 0.22378 0.50329 -0.83464 0.18266 0.70979 -0.68032 0.18266 0.70979 -0.68032 -0.32904 0.49831 -0.80214 -0.30487 0.68633 -0.6603 -0.32148 0.57795 -0.75009 -0.31495 0.62717 -0.71237 0.69991 0.48105 -0.52794 0.64457 0.69413 -0.32048 0.67483 0.5344 -0.50895 0.63969 0.66972 -0.37719 0.6542 0.60794 -0.44993 -0.99996 -0.00913 0.00124 -0.99996 -0.00836 0.00159 -0.99998 -0.0054 0.00332 -0.99996 -0.00882 0.00152 -0.99993 -0.01153 0.00012 -0.99993 -0.01164 7e-05 0.00032 -0.00388 0.99999 0.00032 -0.00388 0.99999 0.00032 -0.00388 0.99999 0.00032 -0.00388 0.99999 0.00019 -0.99999 -0.00388 0.00019 -0.99999 -0.00388 0.00019 -0.99999 -0.00388 0.00019 -0.99999 -0.00388 -0.00032 0.00388 -0.99999 -0.00032 0.00388 -0.99999 -0.00032 0.00388 -0.99999 -0.00032 0.00388 -0.99999 -1 -0.0002 0.00031 -1 -0.0002 0.00031 -1 -0.0002 0.00031 -1 -0.0002 0.00031 -1 -0.0002 0.00031 -1 -0.0002 0.00031 -1 -0.0002 0.00031 -1 -0.0002 0.00031 -1 -0.0002 0.00031 -1 -0.0002 0.00031 -1 -0.0002 0.00031 -1 -0.0002 0.00031 -1 -0.0002 0.00031 -1 -0.0002 0.00031 -1 -0.0002 0.00031 -1 -0.0002 0.00031 -1 -0.0002 0.00031 0.52716 0.80809 -0.26286 0.62552 0.75307 -0.20396 0.60764 0.76445 -0.21539 0.46842 0.83317 -0.29395 -0.07715 0.21819 0.97285 0.20576 -0.01718 0.97845 -0.19509 0.30998 0.93051 0.09137 0.08057 0.99255 -0.45272 -0.56072 0.69328 -0.04445 -0.68213 0.72988 -0.10779 -0.67163 0.733 -0.47874 -0.54814 0.68582 -0.00036 0.7431 -0.66918 -0.00035 0.75273 -0.65833 -0.00035 0.7622 -0.64734 -0.00035 0.74681 -0.66504 -0.00036 0.7431 -0.66918 0.00036 -0.68764 0.72606 0.00036 -0.68764 0.72606 0.00036 -0.68764 0.72606 0.00036 -0.68764 0.72606 0.82627 -0.52418 -0.20617 0.85725 -0.43965 -0.26802 0.81572 -0.54697 -0.18822 0.76587 -0.63265 -0.11485 -0.01785 0.71756 -0.69627 -0.0119 0.48391 -0.87504 -0.12479 0.31985 -0.93921 -0.03974 0.71924 -0.69363 0.06097 0.59085 -0.80448 0.32351 0.32388 -0.88907 0.16484 0.27225 -0.948 0.12044 0.25661 -0.95898 0.25013 0.30086 -0.92028 0.27807 -0.65164 0.70572 0.62311 -0.62189 0.47433 0.16781 -0.63912 0.75058 0.46765 -0.65041 0.59855 0.00019 -0.99999 -0.00388 0.00019 -0.99999 -0.00388 0.00019 -0.99999 -0.00388 0.00019 -0.99999 -0.00388 -1 -0.0002 0.00031 -1 -0.0002 0.00031 -1 -0.0002 0.00031 -1 -0.0002 0.00031 -1 -0.0002 0.00031 -1 -0.0002 0.00031 -1 -0.0002 0.00031 -1 -0.0002 0.00031 -1 -0.0002 0.00031 -1 -0.0002 0.00031 -1 -0.0002 0.00031 -1 -0.0002 0.00031 -1 -0.0002 0.00031 -1 -0.0002 0.00031 -1 -0.0002 0.00031 -1 -0.0002 0.00031 -1 -0.0002 0.00031 -1 -0.0002 0.00031 -1 -0.0002 0.00031 -1 -0.0002 0.00031 -1 -0.0002 0.00031 -1 -0.0002 0.00031 -1 -0.0002 0.00031 -1 -0.0002 0.00031 0.00037 -0.56926 0.82216 0.00037 -0.54043 0.84139 0.00037 -0.54826 0.83631 0.00037 -0.58234 0.81294 0.00037 -0.54043 0.84139 0.00037 -0.58234 0.81294 0.00037 -0.56926 0.82216 0.00037 -0.54826 0.83631 -0.1409 0.97848 -0.15073 -0.4301 0.86606 -0.25484 -0.48099 0.83349 -0.27192 -0.26183 0.94509 -0.19558 0.31494 0.81745 -0.48228 0.11352 0.78251 -0.6122 0.24566 0.81059 -0.5316 -0.00036 0.7437 -0.66852 -0.1288 0.61537 0.77765 0.00018 0.48709 0.87335 -0.11844 0.60583 0.78673 -0.2041 0.6803 0.70394 -0.00031 -0.00875 -0.99996 -0.00031 -0.01826 -0.99983 -0.00031 0.00076 -1 -0.00031 -0.01826 -0.99983 -0.00031 -0.01336 -0.99991 -0.00019 0.99999 0.00388 -0.00019 0.99999 0.00388 -0.00019 0.99999 0.00388 -0.00019 0.99999 0.00388 -0.00032 0.00388 -0.99999 -0.00032 0.00388 -0.99999 -0.00032 0.00388 -0.99999 -0.00032 0.00388 -0.99999 0.00019 -0.99999 -0.00388 0.00019 -0.99999 -0.00388 0.00019 -0.99999 -0.00388 0.00019 -0.99999 -0.00388 0.12302 -0.0269 -0.99204 0.01069 -0.04297 -0.99902 0.11049 -0.02872 -0.99346 -0.00031 -0.04451 -0.99901 0.12731 -0.92779 -0.35071 -0.0995 -0.81963 -0.56419 0.06467 -0.90757 -0.4149 0.24901 -0.94461 -0.21379 -0.32099 -0.86759 0.3798 -0.54075 -0.82574 0.16043 -0.44159 -0.85621 0.26815 -0.64395 -0.76462 0.02615 -0.49376 -0.05425 0.8679 -0.04781 0.00732 0.99883 0.00031 0.01378 0.99991 -0.43143 -0.04544 0.901 0.00019 -0.99999 -0.00388 0.00019 -0.99999 -0.00388 0.00019 -0.99999 -0.00388 0.00019 -0.99999 -0.00388 0.41616 -0.11792 -0.90161 -0.0003 -0.06748 -0.99772 0.0428 -0.07328 -0.99639 0.44592 -0.12099 -0.88686 -0.01311 -0.99476 0.10143 -0.23071 -0.97168 -0.05109 -0.13627 -0.99054 0.01609 0.09726 -0.97961 0.1758 0.11016 -0.5949 0.79621 -0.05629 -0.74459 0.66514 0.07227 -0.63316 0.77064 0.20704 -0.48528 0.84949 -0.24115 -0.01899 0.9703 0.00033 -0.05686 0.99838 -0.02886 -0.05246 0.99821 -0.29373 -0.01027 0.95583 -0.93219 0.34841 0.09812 -1 -0.0002 0.00031 -1 -0.0002 0.00031 -1 -0.0002 0.00031 -1 -0.0002 0.00031 -1 -0.0002 0.00031 -0.99152 0.12504 0.03546 -0.97783 0.20151 0.05691 -1 -0.0002 0.00031 -1 -0.0002 0.00031 -1 -0.0002 0.00031 -1 -0.0002 0.00031 -1 -0.0002 0.00031 0.00032 -0.00388 0.99999 0.00032 -0.00388 0.99999 0.00032 -0.00388 0.99999 0.00032 -0.00388 0.99999 -0.00019 0.99999 0.00388 -0.00019 0.99999 0.00388 -0.00019 0.99999 0.00388 -0.00019 0.99999 0.00388 0.51828 0.03203 0.85461 0.05155 0.11119 0.99246 0.00029 0.11815 0.993 0.46283 0.04315 0.88539 -0.07855 -0.01275 -0.99683 -0.00032 0.00392 -0.99999 -0.01165 0.00151 -0.99993 -0.0849 -0.01411 -0.99629 -0.00019 0.99999 0.00388 -0.00019 0.99999 0.00388 -0.00019 0.99999 0.00388 -0.00019 0.99999 0.00388 0.07998 -0.79371 0.60302 0.25715 -0.82143 0.50905 0.20408 -0.81654 0.54002 0.00035 -0.77103 0.6368 -0.33731 -0.91221 -0.23257 -0.3589 -0.90638 -0.22284 -0.36278 -0.90527 -0.22107 -0.34533 -0.91012 -0.22899 0.36485 -0.06105 -0.92906 -0.00029 -0.11262 -0.99364 0.03349 -0.10851 -0.99353 0.40521 -0.05429 -0.91261 0.00031 0.01494 0.99989 0.00031 0.02687 0.99964 0.00031 0.003 1 0.00031 0.02687 0.99964 0.00031 0.02053 0.99979 0.00019 -0.99999 -0.00388 0.00019 -0.99999 -0.00388 0.00019 -0.99999 -0.00388 0.00019 -0.99999 -0.00388 0.00032 -0.00388 0.99999 0.00032 -0.00388 0.99999 0.00032 -0.00388 0.99999 0.00032 -0.00388 0.99999 -0.00019 0.99999 0.00388 -0.00019 0.99999 0.00388 -0.00019 0.99999 0.00388 -0.00019 0.99999 0.00388 -0.00032 0.00388 -0.99999 -0.00032 0.00388 -0.99999 -0.00032 0.00388 -0.99999 -0.00032 0.00388 -0.99999 -1 -0.0002 0.00031 -1 -0.0002 0.00031 -1 -0.0002 0.00031 -1 -0.0002 0.00031 0.00019 -0.99999 -0.00388 0.00019 -0.99999 -0.00388 0.00019 -0.99999 -0.00388 0.00019 -0.99999 -0.00388 -0.00032 0.00388 -0.99999 -0.00032 0.00388 -0.99999 -0.00032 0.00388 -0.99999 -0.00032 0.00388 -0.99999 -1 -0.0002 0.00031 -1 -0.0002 0.00031 -1 -0.0002 0.00031 -1 -0.0002 0.00031 0.00019 -0.99999 -0.00388 0.00019 -0.99999 -0.00388 0.00019 -0.99999 -0.00388 0.00019 -0.99999 -0.00388 0.00032 -0.00388 0.99999 0.00032 -0.00388 0.99999 0.00032 -0.00388 0.99999 0.00032 -0.00388 0.99999 0.00032 -0.00388 0.99999 0.05994 -0.82345 0.56421 0.20498 -0.84508 0.49379 0.16023 -0.84073 0.51721 0.00034 -0.80839 0.58865 -0.05304 -0.98141 -0.18443 0.22113 -0.92048 -0.3222 -0.14175 -0.9806 -0.13538 0.14132 -0.94827 -0.28428 -0.36602 -0.39749 -0.84144 -0.46621 -0.35101 -0.81206 -0.3976 -0.38363 -0.83351 -0.47807 -0.34499 -0.80773 -0.3072 0.60496 -0.73461 -0.48085 0.50497 -0.71679 -0.5067 0.48717 -0.71128 -0.37974 0.56704 -0.73093 0.29069 0.95668 0.01599 0.06467 0.9929 0.0998 0.24622 0.96865 0.03308 -0.00016 0.99247 0.1225 -3e-05 -0.79946 -0.60072 -3e-05 -0.79946 -0.60072 -3e-05 -0.79946 -0.60072 -3e-05 -0.79946 -0.60072 0.00031 0.01124 0.99994 0.00031 0.02183 0.99976 0.00031 -0.00162 1 0.00032 -0.00388 0.99999 0.00032 -0.00388 0.99999 0.00031 0.02183 0.99976 0.00031 -0.00162 1 0.00031 0.01124 0.99994 0.07954 -0.89516 -0.43858 0.09553 -0.89009 -0.44566 0.07285 -0.8972 -0.43558 0.08874 -0.89228 -0.44267 -0.05194 0.51139 -0.85778 0.10129 0.59462 -0.7976 -0.1157 0.4713 -0.87435 0.03439 0.56055 -0.82741 -0.00024 0.98948 -0.14468 -0.14695 0.9726 -0.18015 -0.1691 0.96804 -0.18521 -0.02759 0.98806 -0.15155 -1e-05 0.86892 0.49496 -0.07461 0.84815 0.52448 -0.02874 0.86163 0.50673 -0.10012 0.83967 0.53379 0.04796 0.08907 0.99487 0.08725 0.09414 0.99173 0.08401 0.09373 0.99205 0.04454 0.08862 0.99507 0.39985 -0.89808 0.18322 0.55447 -0.829 0.07291 0.5109 -0.85308 0.106 0.65541 -0.75519 -0.0116 -0.31189 -0.9457 0.09148 -0.2018 -0.97831 0.0468 -0.15008 -0.98833 0.02598 -0.28318 -0.95574 0.07978 -0.24336 -0.37991 -0.89244 0.01327 -0.57581 -0.81748 0.1602 -0.66001 -0.73397 -0.11737 -0.48402 -0.86715 0.10957 -0.87584 0.47 -0.05066 -0.91014 0.41119 -0.09156 -0.91451 0.39408 0.05953 -0.8895 0.45304 0.32712 -0.919 -0.22008 0.19527 -0.94315 -0.26897 0.22371 -0.93961 -0.25901 0.3737 -0.90549 -0.20108 -0.26776 -0.17089 -0.94821 -0.3135 -0.18909 -0.93057 -0.32475 -0.19354 -0.92579 -0.28969 -0.17964 -0.94011 0.25266 0.66019 -0.70733 0.03 0.76012 -0.64909 0.18633 0.69516 -0.69429 -0.05334 0.78514 -0.61702 0.00019 -0.99999 -0.00388 0.00019 -0.99999 -0.00388 0.00019 -0.99999 -0.00388 0.00019 -0.99999 -0.00388 -1 -0.0002 0.00031 -1 -0.0002 0.00031 -1 -0.0002 0.00031 -1 -0.0002 0.00031 -1 -0.0002 0.00031 -1 -0.0002 0.00031 -1 -0.0002 0.00031 -1 -0.0002 0.00031 -1 -0.0002 0.00031 -1 -0.0002 0.00031 -1 -0.0002 0.00031 -0.12351 0.98114 0.14869 0.0726 0.9947 0.07275 -0.16887 0.97163 0.16561 0.02111 0.99543 0.09312 0.16207 0.60391 0.7804 0.0068 0.00286 0.99997 -0.03105 0.33021 0.9434 0.00031 0.00184 1 -0.01982 0.15962 0.98698 0.06826 0.56268 0.82385 0.59594 0.78289 0.17869 0.51306 0.76479 0.3897 0.64682 0.76187 -0.03436 0.59598 0.78289 0.17856 -0.00032 0.00388 -0.99999 -0.00032 0.00388 -0.99999 -0.00032 0.00388 -0.99999 -0.00032 0.00388 -0.99999 0.00019 -0.99999 -0.00388 0.00019 -0.99999 -0.00388 0.00019 -0.99999 -0.00388 0.00019 -0.99999 -0.00388 -0.208 -0.06 0.97629 -0.02183 -0.02986 0.99932 -0.19212 -0.05746 0.97969 0.00032 -0.02622 0.99966 0.35487 -0.04177 -0.93398 0.03235 -0.09176 -0.99526 -0.00029 -0.09623 -0.99536 0.31675 -0.04826 -0.94728 0.35431 -0.80146 0.48179 0.56749 -0.75697 0.32397 0.61179 -0.73853 0.28335 0.47208 -0.78487 0.40139 0.44338 -0.89558 -0.0367 0.23196 -0.96142 0.1479 0.20135 -0.95563 -0.21503 0.09159 -0.98469 -0.1483 0.13942 -0.98203 0.12717 0.36104 -0.93032 -0.06446 -0.10078 0.55818 -0.82358 -0.12531 0.54753 -0.82735 -0.11504 0.55204 -0.82584 -0.09336 0.56131 -0.82232 -0.22882 0.96274 -0.14413 0.0794 0.94851 -0.30664 -0.02074 0.96607 -0.25744 -0.29413 0.94995 -0.1053 0.32305 0.11801 0.939 0.07075 0.08715 0.99368 0.04664 0.08393 0.99538 0.30659 0.11616 0.94473 0.22915 -0.96054 0.15763 0.11021 -0.90431 0.41241 0.06811 -0.81324 0.57793 0.188 -0.96493 0.18319 0.09811 -0.93025 0.35356 -0.38253 -0.8023 -0.45823 -0.2827 -0.85353 -0.43769 -0.33014 -0.83081 -0.44807 -0.40297 -0.79016 -0.46181 -0.49322 0.41811 -0.76284 -0.15958 0.64783 -0.74488 -0.56574 0.3483 -0.74742 -0.3541 0.52972 -0.77072 0.02731 0.97817 -0.20601 0.0976 0.9705 -0.22046 0.01695 0.97887 -0.20379 0.08858 0.97177 -0.21866 -1 -0.0002 0.00031 -1 -0.0002 0.00031 -1 -0.0002 0.00031 -1 -0.0002 0.00031 -1 -0.0002 0.00031 -1 -0.0002 0.00031 -1 -0.0002 0.00031 -0.01106 0.34676 -0.93789 -0.00096 0.34595 -0.93825 -0.0104 0.34671 -0.93792 -0.00036 0.3459 -0.93827 -0.0793 0.32783 0.9414 0.00023 0.33561 0.942 -0.08371 0.32733 0.94119 -0.00455 0.3352 0.94214 -0.00019 0.99999 0.00388 -0.00019 0.99999 0.00388 -0.00019 0.99999 0.00388 -0.00019 0.99999 0.00388 -0.36189 -0.93076 0.05214 0.00019 -0.99999 -0.00388 -0.0419 -0.99912 0.0026 -0.39768 -0.91571 0.0577 -0.13349 -0.63186 0.7635 0.13032 -0.70929 0.69276 0.0654 -0.69534 0.7157 -0.19178 -0.60726 0.77101 -0.34763 -0.23057 -0.90884 0.09361 -0.3824 -0.91924 0.00255 -0.35749 -0.93391 -0.40354 -0.20527 -0.89164 -0.05469 0.41078 -0.91009 0.28507 0.24316 -0.92715 0.21168 0.28425 -0.93509 -0.14855 0.44725 -0.88199 0.17128 0.83182 -0.52795 -0.05216 0.8987 -0.43546 0.1063 0.8571 -0.50407 -0.12143 0.90804 -0.40089 -0.00014 0.98404 0.17794 0.12786 0.96843 0.21401 0.16998 0.95938 0.22517 0.03184 0.9818 0.18725 0.00022 0.36183 0.93224 0.13515 0.38606 0.91252 0.02322 0.36645 0.93015 0.16478 0.39044 0.90576 0.50634 0.78773 0.35085 0.30089 0.92691 0.22428 0.37853 0.88458 0.27246 0.14314 0.98174 0.1253 -0.0003 -0.08683 -0.99622 -0.0003 -0.06584 -0.99783 -0.0003 -0.07634 -0.99708 -0.0003 -0.06584 -0.99783 -0.0003 -0.07634 -0.99708 -0.0003 -0.08683 -0.99622 -0.19075 0.39056 0.9006 0.00019 0.46503 0.8853 -0.07037 0.43981 0.89533 -0.29023 0.34366 0.89312 0.05059 0.92043 0.38761 -0.14214 0.96501 0.22036 0.15132 0.8719 0.46571 -0.0418 0.9497 0.31035 0.07375 0.76241 -0.64287 0.30558 0.78192 -0.54334 0.14863 0.77403 -0.61546 0.35328 0.77956 -0.51718 0.00019 -0.99999 -0.00388 0.00019 -0.99999 -0.00388 0.00019 -0.99999 -0.00388 0.00019 -0.99999 -0.00388 -1 -0.0002 0.00031 -1 -0.0002 0.00031 -1 -0.0002 0.00031 -1 -0.0002 0.00031 -1 -0.0002 0.00031 -1 -0.0002 0.00031 -1 -0.0002 0.00031 -1 -0.0002 0.00031 -1 -0.0002 0.00031 -1 -0.0002 0.00031 -1 -0.0002 0.00031 -1 -0.0002 0.00031 -1 -0.0002 0.00031 -1 -0.0002 0.00031 -1 -0.0002 0.00031 -1 -0.0002 0.00031 -1 -0.0002 0.00031 -1 -0.0002 0.00031 -1 -0.0002 0.00031 -1 -0.0002 0.00031 -1 -0.0002 0.00031 -1 -0.0002 0.00031 -1 -0.0002 0.00031 -0.07395 -0.55452 0.82888 0.00037 -0.54143 0.84075 -0.03606 -0.54831 0.8355 0.00037 -0.54143 0.84075 -0.15047 -0.54971 0.82169 0.00037 -0.55604 0.83115 0.00037 -0.54875 0.83598 0.2275 0.81829 -0.52787 0.07725 0.78592 -0.61348 0.17444 0.8096 -0.56046 -0.00035 0.76005 -0.64987 -0.28307 0.95325 0.10578 -0.49802 0.84615 0.18974 -0.39882 0.90452 0.15095 -0.53748 0.81793 0.20519 0.13399 0.04682 0.98988 0.0003 0.06403 0.99795 0.01208 0.06256 0.99797 0.14772 0.04499 0.98801 -0.00019 -0.4504 -0.89283 -0.00019 -0.44875 -0.89366 -0.0002 -0.41949 -0.90776 -0.0002 -0.4211 -0.90701 0.00031 0.00877 0.99996 0.00031 0.00877 0.99996 0.00031 0.00877 0.99996 0.00031 0.00877 0.99996 0.21211 -0.029 -0.97682 0.0186 -0.05697 -0.9982 0.18989 -0.03233 -0.98127 -0.0003 -0.05957 -0.99822 -0.11652 -0.98736 -0.10748 -0.22496 -0.97146 -0.07529 -0.27041 -0.96124 -0.05385 -0.1366 -0.98588 -0.09689 -0.11296 -0.99 -0.08451 0.00019 -0.99999 -0.00388 0.00019 -0.99999 -0.00388 0.00019 -0.99999 -0.00388 0.00019 -0.99999 -0.00388 -0.37092 -0.07755 -0.92542 -0.037 -0.03077 -0.99884 -0.00031 -0.02544 -0.99968 -0.34634 -0.07421 -0.93517 -0.28736 -0.04868 0.95659 0.00033 -0.09339 0.99563 -0.03094 -0.08892 0.99556 -0.32812 -0.04166 0.94372 -1 -0.0002 0.00031 -1 -0.0002 0.00031 -1 -0.0002 0.00031 -1 -0.0002 0.00031 -1 -0.0002 0.00031 -1 -0.0002 0.00031 -1 -0.0002 0.00031 0.08432 0.9951 -0.05156 0.27251 0.961 0.04717 0.22124 0.97502 0.01982 -0.00022 0.99552 -0.0945 0.00019 -0.99999 -0.00388 0.00019 -0.99999 -0.00388 0.00019 -0.99999 -0.00388 0.00019 -0.99999 -0.00388 0.00019 -0.99999 -0.00388 0.00019 -0.99999 -0.00388 0.00019 -0.99999 -0.00388 0.00019 -0.99999 -0.00388 -1 -0.0002 0.00031 -1 -0.0002 0.00031 -1 -0.0002 0.00031 -1 -0.0002 0.00031 -1 -0.0002 0.00031 -1 -0.0002 0.00031 -1 -0.0002 0.00031 -1 -0.0002 0.00031 -1 -0.0002 0.00031 -1 -0.0002 0.00031 -1 -0.0002 0.00031 -0.42381 0.9057 -0.0098 -0.60613 0.79109 -0.08234 -0.51882 0.85362 -0.04656 -0.63258 0.76882 -0.09363 0.0003 0.06421 0.99794 -0.31949 0.10114 0.94218 -0.02874 0.06785 0.99728 -0.34017 0.10328 0.93467 -0.00032 0.00388 -0.99999 -0.00032 0.00388 -0.99999 -0.00032 0.00388 -0.99999 -0.00032 0.00388 -0.99999 -0.00032 0.00388 -0.99999 -0.00032 0.00388 -0.99999 -0.00032 0.00388 -0.99999 -0.00032 0.00388 -0.99999 0.00019 -0.99999 -0.00388 0.00019 -0.99999 -0.00388 0.00019 -0.99999 -0.00388 0.00019 -0.99999 -0.00388 -0.19018 -0.0559 -0.98016 -0.01858 -0.03074 -0.99935 -0.00031 -0.02801 -0.99961 -0.17569 -0.05381 -0.98297 0.00037 -0.48207 0.87613 -0.20357 -0.53322 0.82112 -0.05244 -0.49751 0.86587 -0.23897 -0.53971 0.80722 -1 -0.0002 0.00031 -1 -0.0002 0.00031 -1 -0.0002 0.00031 -1 -0.0002 0.00031 -1 -0.0002 0.00031 -1 -0.0002 0.00031 -1 -0.0002 0.00031 -1 -0.0002 0.00031 -1 -0.0002 0.00031 -1 -0.0002 0.00031 -1 -0.0002 0.00031 -1 -0.0002 0.00031 -1 -0.0002 0.00031 -1 -0.0002 0.00031 -1 -0.0002 0.00031 -1 -0.0002 0.00031 -1 -0.0002 0.00031 -0.00013 0.98047 0.19665 -0.00013 0.98047 0.19665 -0.00013 0.98047 0.19665 -0.00013 0.98047 0.19665 -0.30219 -0.95186 -0.05137 -0.02988 -0.99671 0.0754 0.05976 -0.99153 0.11535 -0.23969 -0.97061 -0.02152 -0.05607 0.09906 0.9935 -0.35224 0.02106 0.93567 0.00029 0.11267 0.99363 -0.31994 0.03013 0.94696 0 0.84826 0.52958 -0.05993 0.83812 0.54218 -0.0122 0.84646 0.53231 -0.0731 0.83545 0.54468 -0.20004 0.92164 -0.33251 -0.02114 0.96518 -0.26073 0.0392 0.97137 -0.23431 -0.15166 0.9372 -0.31408 0.13561 0.51627 -0.84562 -0.00037 0.46468 -0.88548 0.17197 0.52824 -0.8315 0.04877 0.48454 -0.87341 0.50098 -0.64686 -0.57498 0.73563 -0.58844 -0.33554 0.68414 -0.6098 -0.40011 0.42039 -0.64987 -0.6332 0.53801 -0.72617 -0.42803 0.40577 -0.80543 -0.43202 0.42907 -0.79323 -0.43207 0.59869 -0.6806 -0.42231 -0.32931 -0.14205 -0.93347 0.10043 -0.22526 -0.96911 -0.23681 -0.16351 -0.9577 0.1805 -0.23627 -0.95478 0.92417 0.34208 -0.16995 0.91582 0.35504 -0.18766 0.92069 0.34761 -0.17749 0.90029 0.37686 -0.21786 -0.0172 0.62242 0.78249 0.13179 0.57812 0.80524 0.10233 0.5881 0.80229 -0.05141 0.63044 0.77453 0.00037 -0.46093 0.88744 0.00037 -0.6271 0.77894 0.00035 -0.76857 0.63977 0.00037 -0.61787 0.78628 -0.00019 0.99999 0.00388 -0.00019 0.99999 0.00388 -0.00019 0.99999 0.00388 -0.00019 0.99999 0.00388 0.00032 -0.00388 0.99999 0.00032 -0.00388 0.99999 0.00032 -0.00388 0.99999 0.00032 -0.00388 0.99999 0.00019 -0.99999 -0.00388 0.00019 -0.99999 -0.00388 0.00019 -0.99999 -0.00388 0.00019 -0.99999 -0.00388 -0.00032 0.00388 -0.99999 -0.00032 0.00388 -0.99999 -0.00032 0.00388 -0.99999 -0.00032 0.00388 -0.99999 -1 -0.0002 0.00031 -1 -0.0002 0.00031 -1 -0.0002 0.00031 -1 -0.0002 0.00031 -1 -0.0002 0.00031 -1 -0.0002 0.00031 -1 -0.0002 0.00031 -1 -0.0002 0.00031 -1 -0.0002 0.00031 -1 -0.0002 0.00031 -1 -0.0002 0.00031 -1 -0.0002 0.00031 -1 -0.0002 0.00031 -1 -0.0002 0.00031 -1 -0.0002 0.00031 -1 -0.0002 0.00031 -1 -0.0002 0.00031 -1 -0.0002 0.00031 -1 -0.0002 0.00031 0.50199 0.82102 0.2719 0.62832 0.7511 0.20263 0.5319 0.80695 0.25674 0.69782 0.69873 0.15759 0.04917 -0.74211 0.66848 0.34008 -0.65476 0.67501 0.00035 -0.75001 0.66143 0.31432 -0.66545 0.67704 -0.00036 0.72317 -0.69067 -0.00036 0.72317 -0.69067 -0.00036 0.72317 -0.69067 -0.00036 0.72317 -0.69067 0.00036 -0.67407 0.73866 0.00036 -0.67407 0.73866 0.00036 -0.67407 0.73866 0.00036 -0.67407 0.73866 -0.00037 0.58777 -0.80903 -0.00037 0.59999 -0.80001 -0.00037 0.61207 -0.7908 -0.00037 0.61207 -0.7908 -0.00037 0.59999 -0.80001 -0.00037 0.58777 -0.80903 -0.44496 -0.58986 0.67385 -0.57848 -0.65812 0.4819 -0.52946 -0.63565 0.5618 -0.64601 -0.6814 0.34406 -0.23813 0.65522 -0.71692 -0.17926 0.46681 -0.866 0.0959 0.60319 -0.79181 -0.28535 0.6513 -0.70313 -0.26694 0.41499 -0.86979 -0.0422 -0.72083 -0.69183 0.08473 -0.69516 -0.71385 0.06215 -0.70063 -0.71081 -0.06524 -0.72416 -0.68654 0.05437 0.17312 -0.9834 -0.05236 0.1513 -0.9871 -0.06667 0.14822 -0.9867 0.03948 0.17019 -0.98462 -0.03316 0.85872 -0.51138 -0.42579 0.8499 -0.31044 -0.17669 0.87532 -0.45011 -0.49031 0.82995 -0.26604 -0.13103 0.79711 0.58944 0.1408 0.73318 0.6653 -0.18724 0.80212 0.56705 0.08039 0.75303 0.65305 0.06923 -0.95631 0.28404 -0.08734 -0.9443 0.31729 -0.11022 -0.94047 0.3215 0.04558 -0.95607 0.28956 -1 -0.0002 0.00031 -1 -0.0002 0.00031 -1 -0.0002 0.00031 -1 -0.0002 0.00031 -1 -0.0002 0.00031 -1 -0.0002 0.00031 -1 -0.0002 0.00031 -1 -0.0002 0.00031 -1 -0.0002 0.00031 -1 -0.0002 0.00031 -1 -0.0002 0.00031 -1 -0.0002 0.00031 -1 -0.0002 0.00031 -1 -0.0002 0.00031 -1 -0.0002 0.00031 -1 -0.0002 0.00031 -1 -0.0002 0.00031 -1 -0.0002 0.00031 -1 -0.0002 0.00031 -0.29812 0.35446 -0.88627 -0.12046 0.2818 -0.95188 -0.34273 0.37112 -0.86302 -0.21188 0.32039 -0.92329 0.01957 -0.99137 0.12962 0.41184 -0.91115 0.01382 0.33844 -0.94024 0.03741 -0.05674 -0.98714 0.14944 0.10121 -0.42355 0.9002 -0.18214 -0.24629 0.95193 -0.03968 -0.34068 0.93934 -0.29814 -0.16107 0.94083 -1 -0.0002 0.00031 -1 -0.0002 0.00031 -1 -0.0002 0.00031 -1 -0.0002 0.00031 -1 -0.0002 0.00031 -1 -0.0002 0.00031 -1 -0.0002 0.00031 -1 -0.0002 0.00031 -1 -0.0002 0.00031 -1 -0.0002 0.00031 -1 -0.0002 0.00031 -1 -0.0002 0.00031 -1 -0.0002 0.00031 -1 -0.0002 0.00031 -1 -0.0002 0.00031 -1 -0.0002 0.00031 -1 -0.0002 0.00031 -1 -0.0002 0.00031 -1 -0.0002 0.00031 0.16936 0.21835 -0.96106 -0.03416 0.16845 -0.98512 0.01989 0.18247 -0.98301 0.27514 0.24107 -0.93069 -1 -0.0002 0.00031 -1 -0.0002 0.00031 -1 -0.0002 0.00031 -1 -0.0002 0.00031 -1 -0.0002 0.00031 -1 -0.0002 0.00031 -1 -0.0002 0.00031 -1 -0.0002 0.00031 -1 -0.0002 0.00031 -1 -0.0002 0.00031 -1 -0.0002 0.00031 -1 -0.0002 0.00031 -1 -0.0002 0.00031 -1 -0.0002 0.00031 -0.99915 0.02198 0.03496 -1 -0.0002 0.00031 -1 -0.0002 0.00031 -1 -0.0002 0.00031 -1 -0.0002 0.00031 -1 -0.0002 0.00031 -1 -0.0002 0.00031 -0.97171 0.12706 0.19911 -1 -0.0002 0.00031 -1 -0.0002 0.00031 -0.92367 0.20632 0.32291 -0.56931 -0.23268 0.78851 -0.40612 -0.32548 0.85389 -0.37425 -0.3412 0.86227 -0.49915 -0.27531 0.82162 -0.30867 0.84199 -0.44246 -0.17978 0.83699 -0.51684 -0.34365 0.84004 -0.4198 -0.24391 0.84179 -0.48156 0.05783 -0.97499 0.2146 0.23934 -0.87182 0.42737 -0.09026 -0.99541 0.03173 0.11922 -0.95017 0.28803 -1 -0.0002 0.00031 -1 -0.0002 0.00031 -1 -0.0002 0.00031 -1 -0.0002 0.00031 -1 -0.0002 0.00031 -1 -0.0002 0.00031 -1 -0.0002 0.00031 -1 -0.0002 0.00031 -1 -0.0002 0.00031 -1 -0.0002 0.00031 -1 -0.0002 0.00031 -1 -0.0002 0.00031 -1 -0.0002 0.00031 -1 -0.0002 0.00031 -1 -0.0002 0.00031 -1 -0.0002 0.00031 -1 -0.0002 0.00031 -1 -0.0002 0.00031 -1 -0.0002 0.00031 -0.17932 0.9733 -0.14332 0.12255 0.91998 -0.37232 -0.2894 0.95596 -0.0489 -0.02353 0.96348 -0.26676 0.44476 -0.88775 -0.11868 0.35448 -0.91992 -0.16762 0.52991 -0.8453 -0.06836 0.39267 -0.90779 -0.14742 -1 -0.0002 0.00031 -1 -0.0002 0.00031 -1 -0.0002 0.00031 -1 -0.0002 0.00031 -1 -0.0002 0.00031 -1 -0.0002 0.00031 -1 -0.0002 0.00031 -1 -0.0002 0.00031 -1 -0.0002 0.00031 -1 -0.0002 0.00031 -1 -0.0002 0.00031 -1 -0.0002 0.00031 -1 -0.0002 0.00031 -1 -0.0002 0.00031 -1 -0.0002 0.00031 -1 -0.0002 0.00031 -1 -0.0002 0.00031 -0.00031 0.00107 -1 -0.00031 0.00107 -1 -0.00031 0.00107 -1 -0.00031 0.00107 -1 -0.00019 0.99999 0.00388 -0.00019 0.99999 0.00388 -0.00019 0.99999 0.00388 -0.00019 0.99999 0.00388 0.00037 -0.57149 0.82061 0.00037 -0.57149 0.82061 0.00037 -0.57149 0.82061 0.00037 -0.57149 0.82061 -1 -0.0002 0.00031 -1 -0.0002 0.00031 -1 -0.0002 0.00031 -1 -0.0002 0.00031 -1 -0.0002 0.00031 -1 -0.0002 0.00031 -1 -0.0002 0.00031 -1 -0.0002 0.00031 -1 -0.0002 0.00031 -1 -0.0002 0.00031 -1 -0.0002 0.00031 -1 -0.0002 0.00031 -1 -0.0002 0.00031 -0.00031 0.00107 -1 -0.00031 0.00107 -1 -0.00031 0.00107 -1 -0.00031 0.00107 -1 -0.00019 0.99999 0.00388 -0.00019 0.99999 0.00388 -0.00019 0.99999 0.00388 -0.00019 0.99999 0.00388 0.00037 -0.57149 0.82061 0.00037 -0.57149 0.82061 0.00037 -0.57149 0.82061 0.00037 -0.57149 0.82061 -1 -0.0002 0.00031 -1 -0.0002 0.00031 -1 -0.0002 0.00031 -1 -0.0002 0.00031 -1 -0.0002 0.00031 -1 -0.0002 0.00031 -1 -0.0002 0.00031 -1 -0.0002 0.00031 -1 -0.0002 0.00031 -1 -0.0002 0.00031 -1 -0.0002 0.00031 -1 -0.0002 0.00031 -1 -0.0002 0.00031 -1 -0.0002 0.00031 -1 -0.0002 0.00031 -1 -0.0002 0.00031 -1 -0.0002 0.00031 -1 -0.0002 0.00031 0.10689 -0.6114 -0.78407 0.28243 -0.63631 -0.71788 0.05491 -0.6 -0.79811 0.24464 -0.63278 -0.73467 -0.16435 0.9821 0.092 -0.51348 0.85809 0.00349 -0.10025 0.98927 0.10624 -0.46667 0.88428 0.01659 0.62344 -0.57601 0.52871 0.4269 -0.55855 0.71119 0.55619 -0.57445 0.60055 0.21061 -0.50429 0.83746 -1 -0.0002 0.00031 -1 -0.0002 0.00031 -1 -0.0002 0.00031 -1 -0.0002 0.00031 -1 -0.00117 0.00131 -1 -0.00056 0.00052 -0.99999 -0.00433 0.00176 -1 0.00028 0.0004 -1 -0.00016 0.00048 -1 -0.0002 0.00031 -1 -0.0002 0.00031 -1 -0.0002 0.00031 -1 -0.0002 0.00031 -1 -0.0002 0.00031 -1 -0.0002 0.00031 -1 -0.0002 0.00031 -1 -0.0002 0.00031 -1 -0.0002 0.00031 -1 -0.00129 0.00011 -1 0.00181 -0.00069 -0.99999 -0.00271 -0.00412 -1 0.00052 0.00022 -0.99999 -0.00159 0.00367 -0.99999 -0.00138 0.00371 -1 -0.00171 0.00195 -1 -0.0002 0.00031 -1 0.00195 0.00076 -1 -0.0002 0.00031 -1 -0.0007 0.00013 -1 -0.0002 0.00031 -1 -0.0002 0.00031 -1 -0.0002 0.00031 -1 -0.0002 0.00031 -1 -0.0002 0.00031 -1 -0.0002 0.00031 -1 -0.0002 0.00031 -1 -0.0002 0.00031 -1 -0.0002 0.00031 -1 -0.0002 0.00031 -1 -0.0002 0.00031 -1 -0.0002 0.00031 -1 -0.0002 0.00031 -1 -0.0002 0.00031 -1 -0.0002 0.00031 -1 -0.0002 0.00031 -1 -0.00147 0.00012 -1 -0.0002 0.00031 -1 -0.0002 0.00031 -1 -0.0002 0.00031 -1 -0.0002 0.00031 -1 -0.0002 0.00031 -1 -0.0002 0.00031 -1 -0.0002 0.00031 -1 -0.0002 0.00031 -1 -0.0002 0.00031 -1 -0.0002 0.00031 -1 -0.0002 0.00031 -0.99999 -0.00385 0.00143 -0.99999 -0.00466 0.00146 -1 -0.0002 0.00031 -1 -0.0002 0.00031 -1 -0.0002 0.00031 -1 -0.0002 0.00031 -1 -0.0002 0.00031 -1 -0.0002 0.00031 -1 -0.0002 0.00031 -1 -0.0002 0.00031 -1 -0.00022 0.00063 -1 -0.00014 0.00038 -1 -0.0002 0.00031 -1 -0.0002 0.00031 -1 -0.0002 0.00031 -1 -0.0002 0.00031 -1 -0.0002 0.00031 -1 -0.0002 0.00031 -1 -0.0002 0.00031 -1 -0.0002 0.00031 -1 -0.0002 0.00031 -1 -0.0002 0.00031 -1 -0.0002 0.00031 -1 -0.0002 0.00031 -1 -0.0002 0.00031 -1 -0.0002 0.00031 -1 -0.0002 0.00031 -1 -0.0002 0.00031 -1 -0.0002 0.00031 -1 -0.0002 0.00031 -1 -0.0002 0.00031 -1 -0.0002 0.00031 -1 -0.0002 0.00031 -1 -0.0002 0.00031 -1 -0.0002 0.00031 -1 -0.0002 0.00031 -1 -0.0002 0.00031 -1 -0.0002 0.00031 -1 -0.0002 0.00031 -1 -0.0002 0.00031 -1 -0.0002 0.00031 -1 -0.0002 0.00031 -1 -0.0002 0.00031 -1 -0.0002 0.00031 -1 -0.0002 0.00031 -1 -0.0002 0.00031 -1 -0.0002 0.00031 -1 -0.0002 0.00031 -1 -0.0002 0.00031 -1 -0.0002 0.00031 -1 -0.0002 0.00031 -1 -0.0002 0.00031 -1 -0.0002 0.00031 -1 -0.0002 0.00031 -1 -0.0002 0.00031 -1 -0.0002 0.00031 -1 -0.0002 0.00031 -1 -0.0002 0.00031 -1 -0.0002 0.00031 -1 -0.0002 0.00031 -1 -0.0002 0.00031 -1 -0.0002 0.00031 -1 -0.0002 0.00031 -1 -0.0002 0.00031 -1 -0.0002 0.00031 -1 -0.0002 0.00031 -1 -0.0002 0.00031 -1 -0.0002 0.00031 -1 -0.0002 0.00031 -1 -0.0002 0.00031 -1 -0.0002 0.00031 -1 -0.0002 0.00031 -1 -0.0002 0.00031 -1 -0.0002 0.00031 -1 -0.0002 0.00031 -1 -0.0002 0.00031 -1 -0.0002 0.00031 -1 -0.0002 0.00031 -1 -0.0002 0.00031 -1 -0.0002 0.00031 -1 -0.0002 0.00031 -1 -0.0002 0.00031 -1 -0.0002 0.00031 -1 -0.0002 0.00031 -1 -0.0002 0.00031 -1 -0.0002 0.00031 -1 -0.0002 0.00031 -1 -0.0002 0.00031 -1 -0.0002 0.00031 -1 -0.0002 0.00031 -1 -0.0002 0.00031 -1 -0.0002 0.00031 -1 -0.0002 0.00031 -1 -0.0002 0.00031 -1 -0.0002 0.00031 -1 -0.0002 0.00031 -1 -0.0002 0.00031 -1 -0.0002 0.00031 -1 -0.0002 0.00031 -1 0.00012 -0.00071 -1 -0.0002 0.00031 -1 -0.0002 0.00031 -1 -0.0002 0.00031 -1 -0.0002 0.00031 -1 0.00072 -0.0003 -1 -0.0002 0.00031 -1 -0.0002 0.00031 -1 -0.0002 0.00031 -1 -0.0002 0.00031 -1 -0.0002 0.00031 -1 -0.0002 0.00031 -1 -0.0002 0.00031 -1 -0.0002 0.00031 -1 -0.0002 0.00031 -1 -0.0002 0.00031 -1 -0.0002 0.00031 -1 -0.0002 0.00031 -1 -0.0002 0.00031 -1 -0.0002 0.00031 -1 -0.0002 0.00031 -1 -0.0002 0.00031 -1 -0.0002 0.00031 -1 -0.0002 0.00031 -1 -0.0002 0.00031 -1 -0.0002 0.00031 -1 -0.0002 0.00031 -1 -0.0002 0.00031 -1 -0.0002 0.00031 -1 -0.0002 0.00031 -1 -0.0002 0.00031 -1 -0.0002 0.00031 -1 -0.0002 0.00031 -1 -0.0002 0.00031 -1 -0.0002 0.00031 -1 -0.0002 0.00031 -1 -0.0002 0.00031 -1 -0.0002 0.00031 -1 -0.0002 0.00031 -1 -0.0002 0.00031 -1 -0.0002 0.00031 -1 -0.0002 0.00031 -1 -0.0002 0.00031 -1 -0.0002 0.00031 -1 -0.0002 0.00031 -1 -0.0002 0.00031 -1 -0.0002 0.00031 -1 -0.0002 0.00031 -1 -0.0002 0.00031 -1 -0.0002 0.00031 -1 -0.0002 0.00031 -1 -0.0002 0.00031 -1 -0.0002 0.00031 -1 -0.0002 0.00031 -1 -0.0002 0.00031 -1 -0.0002 0.00031 -1 -0.0002 0.00031 -1 -0.0002 0.00031 -1 -0.0002 0.00031 -1 -0.0002 0.00031 -1 -0.0002 0.00031 -1 -0.0002 0.00031 -1 -0.0002 0.00031 -1 -0.0002 0.00031 -1 -0.0002 0.00031 -1 -0.0002 0.00031 -1 -0.0002 0.00031 -1 -0.0002 0.00031 -1 -0.0002 0.00031 -1 -0.0002 0.00031 -1 -0.0002 0.00031 -1 -0.0002 0.00031 -1 -0.0002 0.00031 -1 -0.0002 0.00031 -1 -0.0002 0.00031 -1 -0.0002 0.00031 -1 -0.0002 0.00031 -1 -0.0002 0.00031 -1 -0.0002 0.00031 -1 -0.0002 0.00031 -1 -0.0002 0.00031 -1 -0.0002 0.00031 -1 -0.0002 0.00031 -1 -0.0002 0.00031 -1 -0.0002 0.00031 -1 -0.0007 0.00083 -1 -0.0002 0.00031 -1 -0.0002 0.00031 -1 -0.0002 0.00031 -1 -0.0002 0.00031 -1 -0.0002 0.00031 1 -0.00314 -0.00014 1 -0.00121 0.00016 1 -0.00308 -0.00015 1 8e-05 -0.00012 1 0.00045 0.00064 1 0.0006 0.00014 1 -0.00015 0.00084 1 -0.00023 0.00034 0.99999 0.00327 -0.0002 0.03083 0.91018 -0.41307 0.03083 0.91018 -0.41307 0.03083 0.91018 -0.41307 -0.5168 0.20094 -0.83219 -0.5168 0.20094 -0.83219 -0.5168 0.20094 -0.83219 -0.20182 0.96372 0.17466 -0.20182 0.96372 0.17466 -0.20182 0.96372 0.17466 0.48746 0.37166 -0.79009 0.48746 0.37166 -0.79009 0.48746 0.37166 -0.79009 -0.97181 0.13473 0.19346 -0.97181 0.13473 0.19346 -0.97181 0.13473 0.19346 0.69287 0.0481 -0.71946 0.69287 0.0481 -0.71946 0.69287 0.0481 -0.71946 0.91177 0.38928 0.1309 0.91177 0.38928 0.1309 0.91177 0.38928 0.1309 0.99595 -0.05288 0.0727 0.99595 -0.05288 0.0727 0.99595 -0.05288 0.0727 -0.33813 0.00358 -0.94109 -0.33813 0.00358 -0.94109 -0.33813 0.00358 -0.94109 -1 -0.0002 0.00031 -1 -0.0002 0.00031 -1 -0.0002 0.00031 -0.56621 -0.82426 -0.00301 -0.56621 -0.82426 -0.00301 -0.56621 -0.82426 -0.00301 0.80575 -0.59225 -0.00255 0.80575 -0.59225 -0.00255 0.80575 -0.59225 -0.00255 0.85122 -0.00187 0.5248 0.85122 -0.00187 0.5248 0.85122 -0.00187 0.5248 -0.72168 0.53207 -0.44281 -0.72168 0.53207 -0.44281 -0.72168 0.53207 -0.44281 -0.00019 0.99999 0.00388 -0.00019 0.99999 0.00388 -0.00019 0.99999 0.00388 0.69941 0.4237 -0.57559 0.69941 0.4237 -0.57559 0.69941 0.4237 -0.57559 -0.00037 0.51621 -0.85646 -0.00037 0.51621 -0.85646 -0.00037 0.51621 -0.85646 0.00019 -0.99999 -0.00388 0.00019 -0.99999 -0.00388 0.00019 -0.99999 -0.00388 0.82762 -0.00202 0.56128 0.82762 -0.00202 0.56128 0.82762 -0.00202 0.56128 0.40912 -0.30386 0.8604 0.40912 -0.30386 0.8604 0.40912 -0.30386 0.8604 0.82778 -0.55085 -0.10654 0.82778 -0.55085 -0.10654 0.82778 -0.55085 -0.10654 0.00019 -0.99999 -0.00388 0.00019 -0.99999 -0.00388 0.00019 -0.99999 -0.00388 0.00032 -0.00388 0.99999 0.00032 -0.00388 0.99999 0.00032 -0.00388 0.99999 0.80428 0.56411 0.18684 0.80428 0.56411 0.18684 0.80428 0.56411 0.18684 -0.10244 0.99299 0.05902 -0.10244 0.99299 0.05902 -0.10244 0.99299 0.05902 0.24603 0.66615 0.70407 0.24603 0.66615 0.70407 0.24603 0.66615 0.70407 -0.00037 0.61199 -0.79086 -0.00037 0.61199 -0.79086 -0.00037 0.61199 -0.79086 -0.38445 0.85351 0.35175 -0.38445 0.85351 0.35175 -0.38445 0.85351 0.35175 -0.24351 0.41453 -0.87685 -0.24351 0.41453 -0.87685 -0.24351 0.41453 -0.87685 -0.18085 -0.4138 -0.89222 -0.18085 -0.4138 -0.89222 -0.18085 -0.4138 -0.89222 -0.0923 -0.97063 -0.22217 -0.0923 -0.97063 -0.22217 -0.0923 -0.97063 -0.22217 0.41054 -0.79552 -0.44566 0.41054 -0.79552 -0.44566 0.41054 -0.79552 -0.44566 -0.00036 0.74228 -0.67009 -0.00036 0.74228 -0.67009 -0.00036 0.74228 -0.67009 0.81733 0.13118 0.56103 0.81733 0.13118 0.56103 0.81733 0.13118 0.56103 0.00031 0.04545 0.99897 0.00031 0.04545 0.99897 0.00031 0.04545 0.99897 0.17256 0.77965 0.60197 0.17256 0.77965 0.60197 0.17256 0.77965 0.60197 0.28768 0.90395 0.3164 0.28768 0.90395 0.3164 0.28768 0.90395 0.3164 -0.22476 0.97382 -0.03411 -0.22476 0.97382 -0.03411 -0.22476 0.97382 -0.03411 0.00031 -0.00076 1 0.00031 -0.00076 1 0.00031 -0.00076 1 0.00016 -0.99443 -0.10538 0.00016 -0.99443 -0.10538 0.00016 -0.99443 -0.10538 -0.48138 -0.75532 -0.4447 -0.48138 -0.75532 -0.4447 -0.48138 -0.75532 -0.4447 -0.39152 0.906 0.16088 -0.39152 0.906 0.16088 -0.39152 0.906 0.16088 -0.21496 0.40783 -0.88739 -0.21496 0.40783 -0.88739 -0.21496 0.40783 -0.88739 0.15956 0.98013 -0.11788 0.15956 0.98013 -0.11788 0.15956 0.98013 -0.11788 0.00011 0.6587 0.7524 0.00011 0.6587 0.7524 0.00011 0.6587 0.7524 0.82762 -0.00202 0.56128 0.82762 -0.00202 0.56128 0.82762 -0.00202 0.56128 -0.00019 0.99999 0.00388 -0.00019 0.99999 0.00388 -0.00019 0.99999 0.00388 -0.00019 0.99999 0.00388 -0.00019 0.99999 0.00388 -0.00019 0.99999 0.00388 0.7883 0.3053 -0.5342 0.7883 0.3053 -0.5342 0.7883 0.3053 -0.5342 -0.00034 0.16725 -0.98591 -0.00034 0.16725 -0.98591 -0.00034 0.16725 -0.98591 0.16334 0.11811 -0.97947 0.16334 0.11811 -0.97947 0.16334 0.11811 -0.97947 0.20791 -0.62752 0.75033 0.20791 -0.62752 0.75033 0.20791 -0.62752 0.75033 -0.00026 0.97424 -0.22552 -0.00026 0.97424 -0.22552 -0.00026 0.97424 -0.22552 0.55355 0.77182 -0.31285 0.55355 0.77182 -0.31285 0.55355 0.77182 -0.31285 0.00028 -0.94849 0.3168 0.00028 -0.94849 0.3168 0.00028 -0.94849 0.3168 -0.06454 0.83594 -0.54502 -0.06454 0.83594 -0.54502 -0.06454 0.83594 -0.54502 -0.00019 0.99999 0.00388 -0.00019 0.99999 0.00388 -0.00019 0.99999 0.00388 -0.23696 -0.91709 -0.32061 -0.23696 -0.91709 -0.32061 -0.23696 -0.91709 -0.32061 0.34675 0.9124 0.21746 0.34675 0.9124 0.21746 0.34675 0.9124 0.21746 -0.30785 0.74567 0.59093 -0.30785 0.74567 0.59093 -0.30785 0.74567 0.59093 0.50698 -0.83223 0.22442 0.50698 -0.83223 0.22442 0.50698 -0.83223 0.22442 -0.47122 -0.84095 -0.26601 -0.47122 -0.84095 -0.26601 -0.47122 -0.84095 -0.26601 0.67249 0.02535 -0.73967 0.67249 0.02535 -0.73967 0.67249 0.02535 -0.73967 -0.14428 -0.43359 -0.88949 -0.14428 -0.43359 -0.88949 -0.14428 -0.43359 -0.88949 0.28934 -0.14412 -0.94631 0.28934 -0.14412 -0.94631 0.28934 -0.14412 -0.94631 0.00035 -0.25276 0.96753 0.00035 -0.25276 0.96753 0.00035 -0.25276 0.96753 0.83239 -0.20394 0.5153 0.83239 -0.20394 0.5153 0.83239 -0.20394 0.5153 -0.00019 0.99999 0.00388 -0.00019 0.99999 0.00388 -0.00019 0.99999 0.00388 0.82061 -0.26251 -0.50763 0.82061 -0.26251 -0.50763 0.82061 -0.26251 -0.50763 -0.00022 -0.35775 -0.93382 -0.00022 -0.35775 -0.93382 -0.00022 -0.35775 -0.93382 0.00019 -0.99999 -0.00388 0.00019 -0.99999 -0.00388 0.00019 -0.99999 -0.00388 0.50389 -0.85224 -0.14067 0.50389 -0.85224 -0.14067 0.50389 -0.85224 -0.14067 -0.07382 -0.892 -0.44597 -0.07382 -0.892 -0.44597 -0.07382 -0.892 -0.44597 -0.09847 -0.98774 0.12114 -0.09847 -0.98774 0.12114 -0.09847 -0.98774 0.12114 -0.09818 0.78503 0.61163 -0.09818 0.78503 0.61163 -0.09818 0.78503 0.61163 0.53157 0.79598 -0.28957 0.53157 0.79598 -0.28957 0.53157 0.79598 -0.28957 -0.03651 0.78749 0.61524 -0.03651 0.78749 0.61524 -0.03651 0.78749 0.61524 -0.04935 0.84834 0.52714 -0.04935 0.84834 0.52714 -0.04935 0.84834 0.52714 -0.0175 0.37306 0.92764 -0.0175 0.37306 0.92764 -0.0175 0.37306 0.92764 -0.52748 0.80064 0.28414 -0.52748 0.80064 0.28414 -0.52748 0.80064 0.28414 -0.00035 0.79689 -0.60413 -0.00035 0.79689 -0.60413 -0.00035 0.79689 -0.60413 -0.00019 0.99999 0.00388 -0.00019 0.99999 0.00388 -0.00019 0.99999 0.00388 0.79489 0.09404 -0.59943 0.79489 0.09404 -0.59943 0.79489 0.09404 -0.59943 -0.00032 0.00388 -0.99999 -0.00032 0.00388 -0.99999 -0.00032 0.00388 -0.99999 0.00019 -0.99999 -0.00388 0.00019 -0.99999 -0.00388 0.00019 -0.99999 -0.00388 -0.73984 -0.24574 0.6263 -0.73984 -0.24574 0.6263 -0.73984 -0.24574 0.6263 0.81547 -0.17303 0.55234 0.81547 -0.17303 0.55234 0.81547 -0.17303 0.55234 -0.08733 0.01371 0.99609 -0.08733 0.01371 0.99609 -0.08733 0.01371 0.99609 -0.24604 -0.9572 0.15244 -0.24604 -0.9572 0.15244 -0.24604 -0.9572 0.15244 0.0902 -0.68239 0.7254 0.0902 -0.68239 0.7254 0.0902 -0.68239 0.7254 0.39662 -0.90155 -0.17294 0.39662 -0.90155 -0.17294 0.39662 -0.90155 -0.17294 0.73691 -0.56763 0.3671 0.73691 -0.56763 0.3671 0.73691 -0.56763 0.3671 -0.67661 0.32619 0.66015 -0.67661 0.32619 0.66015 -0.67661 0.32619 0.66015 -0.00031 -0.00783 -0.99997 -0.00031 -0.00783 -0.99997 -0.00031 -0.00783 -0.99997 0.00031 0.00783 0.99997 0.00031 0.00783 0.99997 0.00031 0.00783 0.99997 -0.00019 0.99999 0.00388 -0.00019 0.99999 0.00388 -0.00019 0.99999 0.00388 0.7988 0.09447 -0.59413 0.7988 0.09447 -0.59413 0.7988 0.09447 -0.59413 -0.00032 0.00388 -0.99999 -0.00032 0.00388 -0.99999 -0.00032 0.00388 -0.99999 -0.01749 -0.44385 0.89593 -0.01749 -0.44385 0.89593 -0.01749 -0.44385 0.89593 0.54316 -0.01624 0.83947 0.54316 -0.01624 0.83947 0.54316 -0.01624 0.83947 0.00033 -0.11057 0.99387 0.00033 -0.11057 0.99387 0.00033 -0.11057 0.99387 0.02905 -0.99958 -0.00029 0.02905 -0.99958 -0.00029 0.02905 -0.99958 -0.00029 -0.00034 0.82834 -0.56023 -0.00034 0.82834 -0.56023 -0.00034 0.82834 -0.56023 0.12929 0.8426 0.52279 0.12929 0.8426 0.52279 0.12929 0.8426 0.52279 0.00032 -0.00388 0.99999 0.00032 -0.00388 0.99999 0.00032 -0.00388 0.99999 0.78217 0.3247 0.53177 0.78217 0.3247 0.53177 0.78217 0.3247 0.53177 -0.00019 0.99999 0.00388 -0.00019 0.99999 0.00388 -0.00019 0.99999 0.00388 -0.41305 -0.90708 -0.08123 -0.41305 -0.90708 -0.08123 -0.41305 -0.90708 -0.08123 -0.58813 -0.12262 0.79942 -0.58813 -0.12262 0.79942 -0.58813 -0.12262 0.79942 0.00032 -0.03281 0.99946 0.00032 -0.03281 0.99946 0.00032 -0.03281 0.99946 0.48249 -0.76199 0.43194 0.48249 -0.76199 0.43194 0.48249 -0.76199 0.43194 0.15252 -0.78784 -0.59669 0.15252 -0.78784 -0.59669 0.15252 -0.78784 -0.59669 0.54016 -0.59059 0.59952 0.54016 -0.59059 0.59952 0.54016 -0.59059 0.59952 -0.12434 -0.55078 0.82534 -0.12434 -0.55078 0.82534 -0.12434 -0.55078 0.82534 -0.39331 -0.80702 0.44047 -0.39331 -0.80702 0.44047 -0.39331 -0.80702 0.44047 0.24378 -0.90121 0.35833 0.24378 -0.90121 0.35833 0.24378 -0.90121 0.35833 0.06336 0.99342 0.09545 0.06336 0.99342 0.09545 0.06336 0.99342 0.09545 -0.15256 0.39275 -0.9069 -0.15256 0.39275 -0.9069 -0.15256 0.39275 -0.9069 -0.36359 -0.92054 0.14282 -0.36359 -0.92054 0.14282 -0.36359 -0.92054 0.14282 0.80575 -0.59225 -0.00255 0.80575 -0.59225 -0.00255 0.80575 -0.59225 -0.00255 0.00032 -0.00388 0.99999 0.00032 -0.00388 0.99999 0.00032 -0.00388 0.99999 -0.00019 0.99999 0.00388 -0.00019 0.99999 0.00388 -0.00019 0.99999 0.00388 0.69941 0.42369 -0.57559 0.69941 0.42369 -0.57559 0.69941 0.42369 -0.57559 -0.00037 0.51621 -0.85646 -0.00037 0.51621 -0.85646 -0.00037 0.51621 -0.85646 0.00019 -0.99999 -0.00388 0.00019 -0.99999 -0.00388 0.00019 -0.99999 -0.00388 0.82762 -0.00202 0.56128 0.82762 -0.00202 0.56128 0.82762 -0.00202 0.56128 0.7616 -0.64014 -0.1009 0.7616 -0.64014 -0.1009 0.7616 -0.64014 -0.1009 0.00019 -0.99997 -0.00757 0.00019 -0.99997 -0.00757 0.00019 -0.99997 -0.00757 0.00032 -0.00388 0.99999 0.00032 -0.00388 0.99999 0.00032 -0.00388 0.99999 0.80749 0.56646 0.16458 0.80749 0.56646 0.16458 0.80749 0.56646 0.16458 -0.00018 0.99906 0.04328 -0.00018 0.99906 0.04328 -0.00018 0.99906 0.04328 0.7116 -0.45516 -0.53521 0.7116 -0.45516 -0.53521 0.7116 -0.45516 -0.53521 0.27634 0.72346 -0.63265 0.27634 0.72346 -0.63265 0.27634 0.72346 -0.63265 0.25157 0.02385 0.96754 0.25157 0.02385 0.96754 0.25157 0.02385 0.96754 -0.45636 -0.30284 0.83667 -0.45636 -0.30284 0.83667 -0.45636 -0.30284 0.83667 -0.21134 0.55773 0.80266 -0.21134 0.55773 0.80266 -0.21134 0.55773 0.80266 -0.2316 0.90609 -0.35406 -0.2316 0.90609 -0.35406 -0.2316 0.90609 -0.35406 -0.21057 0.42384 -0.88092 -0.21057 0.42384 -0.88092 -0.21057 0.42384 -0.88092 -0.62787 -0.62473 -0.46422 -0.62787 -0.62473 -0.46422 -0.62787 -0.62473 -0.46422 0.03523 -0.84422 0.53483 0.03523 -0.84422 0.53483 0.03523 -0.84422 0.53483 -0.02843 -0.98059 -0.19401 -0.02843 -0.98059 -0.19401 -0.02843 -0.98059 -0.19401 0.21798 -0.37057 -0.90286 0.21798 -0.37057 -0.90286 0.21798 -0.37057 -0.90286 0.11457 0.99289 0.03241 0.11457 0.99289 0.03241 0.11457 0.99289 0.03241 -0.19639 -0.09078 0.97631 -0.19639 -0.09078 0.97631 -0.19639 -0.09078 0.97631 0.07641 -0.24084 0.96755 0.07641 -0.24084 0.96755 0.07641 -0.24084 0.96755 0.84212 0.11773 0.52628 0.84212 0.11773 0.52628 0.84212 0.11773 0.52628 -0.4122 0.91051 0.03263 -0.4122 0.91051 0.03263 -0.4122 0.91051 0.03263 0.18302 0.85668 -0.4823 0.18302 0.85668 -0.4823 0.18302 0.85668 -0.4823 0.3097 0.86963 0.38449 0.3097 0.86963 0.38449 0.3097 0.86963 0.38449 -0.69337 0.71748 0.06674 -0.69337 0.71748 0.06674 -0.69337 0.71748 0.06674 0.0307 0.96613 -0.25622 0.0307 0.96613 -0.25622 0.0307 0.96613 -0.25622 0.01703 -0.97163 0.23588 0.01703 -0.97163 0.23588 0.01703 -0.97163 0.23588 -0.02623 -0.3901 0.9204 -0.02623 -0.3901 0.9204 -0.02623 -0.3901 0.9204 0.60865 0.17374 0.77418 0.60865 0.17374 0.77418 0.60865 0.17374 0.77418 -0.71376 -0.61672 0.33196 -0.71376 -0.61672 0.33196 -0.71376 -0.61672 0.33196 -0.45045 0.52361 0.72314 -0.45045 0.52361 0.72314 -0.45045 0.52361 0.72314 0.20778 0.92348 0.32252 0.20778 0.92348 0.32252 0.20778 0.92348 0.32252 0.25014 0.26134 0.93227 0.25014 0.26134 0.93227 0.25014 0.26134 0.93227 0.18592 0.05402 -0.98108 0.18592 0.05402 -0.98108 0.18592 0.05402 -0.98108 0.34508 -0.61198 -0.71162 0.34508 -0.61198 -0.71162 0.34508 -0.61198 -0.71162 -0.55573 -0.73108 -0.39582 -0.55573 -0.73108 -0.39582 -0.55573 -0.73108 -0.39582 0.32163 -0.09374 -0.94221 0.32163 -0.09374 -0.94221 0.32163 -0.09374 -0.94221 -0.12632 -0.16114 0.97881 -0.12632 -0.16114 0.97881 -0.12632 -0.16114 0.97881 0.25626 0.50314 0.82533 0.25626 0.50314 0.82533 0.25626 0.50314 0.82533 -0.22529 0.27617 -0.93433 -0.22529 0.27617 -0.93433 -0.22529 0.27617 -0.93433 0.22156 0.9022 0.37006 0.22156 0.9022 0.37006 0.22156 0.9022 0.37006 -0.44516 0.27713 0.85149 -0.44516 0.27713 0.85149 -0.44516 0.27713 0.85149 0.41159 -0.35607 0.83893 0.41159 -0.35607 0.83893 0.41159 -0.35607 0.83893 -0.34545 -0.55327 -0.758 -0.34545 -0.55327 -0.758 -0.34545 -0.55327 -0.758 -0.1808 -0.80776 0.5611 -0.1808 -0.80776 0.5611 -0.1808 -0.80776 0.5611 0.57152 0.03326 -0.81991 0.57152 0.03326 -0.81991 0.57152 0.03326 -0.81991 -1 -0.0002 0.00031 -1 -0.0002 0.00031 -1 -0.0002 0.00031 -1 -0.0002 0.00031 -1 -0.0002 0.00031 -1 -0.0002 0.00031 -1 -0.0002 0.00031 -1 -0.0002 0.00031 -1 -0.0002 0.00031 -0.18044 -0.96179 0.20592 -0.18044 -0.96179 0.20592 -0.18044 -0.96179 0.20592</float_array>
          <technique_common>
            <accessor count="2751" source="#g0_chrome-nrm-array" stride="3">
              <param type="float" name="X"/>
              <param type="float" name="Y"/>
              <param type="float" name="Z"/>
            </accessor>
          </technique_common>
        </source>
        <vertices id="g0_chrome-pos-vertices">
          <input semantic="POSITION" source="#g0_chrome-pos"/>
        </vertices>
        <triangles count="2500" material="chrome-ref">
          <input offset="0" semantic="VERTEX" source="#g0_chrome-pos-vertices"/>
          <input offset="1" semantic="NORMAL" source="#g0_chrome-nrm"/>
          <p>454 454 419 419 466 466 436 436 460 460 295 295 441 441 316 316 423 423 452 452 431 431 432 432 465 465 292 292 454 454 450 450 413 413 426 426 485 485 437 437 444 444 469 469 421 421 460 460 475 475 411 411 428 428 474 474 459 459 416 416 445 445 414 414 418 418 483 483 465 465 454 454 472 472 448 448 443 443 472 472 438 438 522 522 489 489 430 430 455 455 478 478 417 417 479 479 490 490 432 432 441 441 455 455 430 430 434 434 437 437 446 446 436 436 505 505 497 497 514 514 511 511 459 459 474 474 512 512 470 470 490 490 515 515 487 487 512 512 504 504 463 463 475 475 509 509 512 512 494 494 499 499 480 480 519 519 516 516 485 485 498 498 506 506 491 491 510 510 481 481 471 471 445 445 507 507 481 481 495 495 520 520 488 488 501 501 517 517 496 496 505 505 450 450 453 453 413 413 461 461 444 444 439 439 294 294 431 431 452 452 467 467 415 415 451 451 464 464 422 422 429 429 285 285 434 434 430 430 395 395 399 399 400 400 396 396 399 399 395 395 395 395 400 400 398 398 409 409 401 401 397 397 400 400 403 403 375 375 276 276 437 437 283 283 441 441 432 432 314 314 285 285 294 294 434 434 407 407 397 397 396 396 422 422 263 263 429 429 418 418 279 279 284 284 403 403 380 380 376 376 379 379 402 402 405 405 451 451 415 415 430 430 458 458 423 423 521 521 447 447 297 297 412 412 444 444 296 296 439 439 400 400 399 399 403 403 493 493 456 456 487 487 496 496 454 454 466 466 485 485 444 444 498 498 472 472 462 462 506 506 492 492 442 442 465 465 486 486 466 466 440 440 480 480 450 450 410 410 401 401 405 405 397 397 515 515 493 493 487 487 406 406 391 391 404 404 409 409 406 406 404 404 402 402 377 377 403 403 380 380 403 403 377 377 376 376 375 375 403 403 405 405 401 401 404 404 404 404 391 391 378 378 407 407 408 408 397 397 643 643 515 515 512 512 428 428 469 469 488 488 450 450 480 480 453 453 442 442 492 492 482 482 455 455 477 477 489 489 452 452 470 470 487 487 508 508 640 640 514 514 519 519 633 633 518 518 653 653 513 513 503 503 647 647 509 509 506 506 428 428 488 488 475 475 642 642 508 508 515 515 493 493 515 515 508 508 485 485 516 516 502 502 499 499 518 518 476 476 481 481 507 507 519 519 488 488 520 520 504 504 502 502 516 516 520 520 498 498 518 518 516 516 472 472 484 484 438 438 447 447 476 476 498 498 464 464 482 482 495 495 467 467 497 497 486 486 451 451 497 497 467 467 457 457 494 494 490 490 460 460 502 502 501 501 465 465 483 483 492 492 458 458 438 438 484 484 499 499 519 519 518 518 523 523 491 491 468 468 446 446 502 502 460 460 447 447 453 453 476 476 464 464 495 495 481 481 469 469 501 501 488 488 469 469 460 460 501 501 523 523 468 468 443 443 435 435 475 475 463 463 476 476 453 453 499 499 473 473 458 458 500 500 493 493 477 477 456 456 499 499 453 453 480 480 498 498 444 444 461 461 497 497 451 451 489 489 496 496 483 483 454 454 503 503 478 478 479 479 508 508 477 477 493 493 502 502 446 446 485 485 512 512 487 487 470 470 505 505 466 466 486 486 492 492 483 483 496 496 507 507 482 482 492 492 513 513 474 474 478 478 504 504 475 475 488 488 509 509 494 494 500 500 510 510 491 491 511 511 509 509 484 484 472 472 463 463 504 504 503 503 507 507 492 492 517 517 472 472 506 506 509 509 474 474 513 513 511 511 501 501 502 502 520 520 476 476 518 518 498 498 496 496 517 517 492 492 489 489 508 508 514 514 420 420 274 274 425 425 449 449 511 511 491 491 471 471 519 519 480 480 486 486 497 497 505 505 468 468 491 491 506 506 478 478 503 503 513 513 489 489 514 514 497 497 494 494 512 512 490 490 494 494 457 457 473 473 347 347 322 322 323 323 357 357 332 332 329 329 327 327 330 330 333 333 332 332 336 336 334 334 330 330 335 335 341 341 333 333 341 341 342 342 323 323 349 349 347 347 324 324 354 354 349 349 354 354 324 324 326 326 349 349 323 323 324 324 333 333 342 342 358 358 355 355 356 356 328 328 333 333 358 358 343 343 328 328 330 330 355 355 353 353 349 349 354 354 353 353 350 350 349 349 352 352 360 360 346 346 349 349 348 348 347 347 360 360 345 345 346 346 361 361 369 369 362 362 350 350 353 353 351 351 351 351 356 356 352 352 351 351 357 357 356 356 361 361 315 315 314 314 361 361 362 362 315 315 362 362 363 363 315 315 316 316 315 315 363 363 112 112 47 47 93 93 347 347 348 348 344 344 363 363 380 380 385 385 362 362 376 376 380 380 369 369 375 375 376 376 376 376 362 362 369 369 380 380 363 363 362 362 388 388 316 316 363 363 329 329 356 356 357 357 331 331 357 357 354 354 341 341 335 335 340 340 332 332 357 357 331 331 327 327 355 355 330 330 356 356 329 329 328 328 322 322 303 303 323 323 303 303 324 324 323 323 324 324 302 302 325 325 302 302 301 301 325 325 324 324 325 325 326 326 319 319 336 336 331 331 341 341 333 333 330 330 336 336 332 332 331 331 335 335 330 330 334 334 334 334 329 329 332 332 334 334 328 328 329 329 330 330 328 328 334 334 333 333 343 343 327 327 336 336 337 337 334 334 357 357 351 351 353 353 348 348 346 346 344 344 322 322 347 347 344 344 352 352 343 343 359 359 352 352 359 359 360 360 327 327 343 343 355 355 355 355 343 343 352 352 357 357 353 353 354 354 355 355 352 352 356 356 348 348 350 350 351 351 343 343 358 358 359 359 300 300 325 325 301 301 317 317 326 326 325 325 324 324 303 303 302 302 336 336 319 319 320 320 331 331 317 317 319 319 354 354 326 326 317 317 317 317 331 331 354 354 391 391 384 384 378 378 386 386 387 387 385 385 395 395 394 394 396 396 394 394 393 393 396 396 394 394 392 392 393 393 402 402 379 379 377 377 405 405 404 404 379 379 404 404 378 378 382 382 377 377 383 383 381 381 384 384 389 389 390 390 404 404 401 401 409 409 403 403 399 399 402 402 405 405 402 402 397 397 402 402 399 399 397 397 399 399 396 396 397 397 398 398 394 394 395 395 397 397 408 408 409 409 396 396 393 393 407 407 383 383 377 377 379 379 449 449 298 298 416 416 413 413 256 256 426 426 412 412 297 297 278 278 387 387 388 388 385 385 387 387 386 386 390 390 386 386 384 384 390 390 384 384 382 382 378 378 386 386 379 379 382 382 361 361 368 368 369 369 382 382 379 379 404 404 381 381 380 380 377 377 391 391 389 389 384 384 381 381 385 385 380 380 379 379 386 386 383 383 381 381 383 383 385 385 382 382 384 384 386 386 383 383 386 386 385 385 369 369 400 400 375 375 240 240 308 308 364 364 310 310 309 309 364 364 322 322 304 304 303 303 364 364 309 309 240 240 305 305 304 304 322 322 394 394 365 365 364 364 398 398 366 366 365 365 400 400 369 369 366 366 393 393 392 392 371 371 366 366 398 398 400 400 365 365 394 394 398 398 364 364 392 392 394 394 373 373 345 345 360 360 344 344 346 346 345 345 348 348 352 352 346 346 348 348 351 351 352 352 348 348 349 349 350 350 322 322 306 306 305 305 361 361 367 367 368 368 368 368 366 366 369 369 368 368 367 367 366 366 367 367 313 313 312 312 367 367 312 312 366 366 311 311 310 310 364 364 363 363 385 385 388 388 307 307 306 306 322 322 447 447 498 498 461 461 307 307 322 322 364 364 364 364 308 308 307 307 364 364 365 365 311 311 311 311 365 365 312 312 365 365 366 366 312 312 313 313 367 367 314 314 407 407 393 393 371 371 344 344 345 345 373 373 622 622 626 626 15 15 607 607 612 612 0 0 615 615 619 619 1 1 612 612 609 609 0 0 605 605 0 0 609 609 0 0 3 3 607 607 614 614 604 604 16 16 4 4 604 604 610 610 9 9 4 4 610 610 619 619 6 6 1 1 603 603 613 613 9 9 10 10 608 608 606 606 5 5 606 606 611 611 611 611 617 617 11 11 620 620 615 615 1 1 618 618 623 623 8 8 16 16 7 7 614 614 14 14 13 13 616 616 624 624 614 614 7 7 523 523 522 522 320 320 626 626 628 628 15 15 13 13 625 625 627 627 510 510 511 511 650 650 512 512 509 509 645 645 505 505 514 514 641 641 635 635 636 636 507 507 298 298 424 424 320 320 424 424 523 523 320 320 1 1 14 14 616 616 512 512 646 646 644 644 507 507 517 517 635 635 645 645 509 509 648 648 516 516 518 518 658 658 651 651 511 511 513 513 605 605 608 608 0 0 604 604 4 4 16 16 610 610 603 603 9 9 579 579 578 578 555 555 558 558 559 559 557 557 560 560 561 561 559 559 562 562 563 563 561 561 564 564 566 566 563 563 574 574 575 575 573 573 574 574 577 577 575 575 576 576 579 579 577 577 555 555 580 580 579 579 555 555 557 557 556 556 579 579 576 576 578 578 577 577 574 574 576 576 573 573 572 572 574 574 587 587 586 586 588 588 587 587 584 584 586 586 585 585 583 583 584 584 582 582 581 581 583 583 554 554 528 528 581 581 601 601 602 602 600 600 623 623 622 622 8 8 621 621 7 7 630 630 617 617 13 13 11 11 617 617 625 625 13 13 1 1 616 616 620 620 594 594 595 595 593 593 596 596 597 597 595 595 598 598 600 600 597 597 624 624 7 7 621 621 600 600 599 599 601 601 600 600 598 598 599 599 597 597 596 596 598 598 595 595 594 594 596 596 592 592 593 593 591 591 573 573 571 571 572 572 569 569 570 570 571 571 555 555 556 556 580 580 75 75 112 112 119 119 126 126 62 62 131 131 64 64 134 134 93 93 64 64 96 96 134 134 81 81 100 100 99 99 83 83 136 136 109 109 74 74 126 126 115 115 105 105 140 140 104 104 120 120 96 96 82 82 115 115 163 163 86 86 106 106 88 88 117 117 61 61 98 98 97 97 73 73 109 109 108 108 57 57 79 79 111 111 84 84 136 136 83 83 90 90 115 115 86 86 90 90 74 74 115 115 56 56 111 111 95 95 642 642 640 640 508 508 128 128 69 69 97 97 15 15 628 628 2 2 129 129 98 98 76 76 96 96 51 51 82 82 129 129 76 76 99 99 128 128 94 94 69 69 123 123 68 68 94 94 113 113 82 82 114 114 107 107 63 63 92 92 520 520 657 657 656 656 137 137 91 91 107 107 127 127 88 88 89 89 125 125 101 101 151 151 65 65 125 125 130 130 85 85 65 65 130 130 135 135 99 99 100 100 137 137 107 107 92 92 127 127 89 89 149 149 504 504 520 520 656 656 517 517 639 639 637 637 655 655 652 652 503 503 653 653 651 651 513 513 650 650 511 511 649 649 506 506 510 510 650 650 641 641 514 514 640 640 517 517 505 505 638 638 632 632 519 519 636 636 505 505 641 641 638 638 650 650 647 647 506 506 6 6 629 629 631 631 2 2 628 628 630 630 627 627 616 616 13 13 8 8 20 20 631 631 631 631 20 20 6 6 619 619 629 629 6 6 631 631 618 618 8 8 634 634 658 658 518 518 656 656 654 654 504 504 657 657 520 520 516 516 541 541 539 539 387 387 387 387 390 390 541 541 649 649 511 511 651 651 647 647 648 648 509 509 638 638 639 639 517 517 654 654 655 655 503 503 571 571 573 573 569 569 652 652 653 653 503 503 643 643 642 642 515 515 633 633 634 634 518 518 637 637 635 635 517 517 658 658 657 657 516 516 503 503 504 504 654 654 645 645 646 646 512 512 643 643 512 512 644 644 284 284 422 422 418 418 427 427 291 291 442 442 287 287 297 297 439 439 290 290 430 430 415 415 424 424 449 449 523 523 449 449 416 416 459 459 291 291 465 465 442 442 421 421 261 261 295 295 412 412 288 288 413 413 410 410 414 414 445 445 427 427 442 442 429 429 281 281 417 417 425 425 286 286 435 435 433 433 263 263 427 427 429 429 424 424 298 298 449 449 438 438 458 458 521 521 462 462 468 468 506 506 449 449 491 491 523 523 433 433 463 463 479 479 415 415 440 440 293 293 419 419 454 454 292 292 440 440 466 466 293 293 435 435 463 463 433 433 417 417 433 433 479 479 421 421 469 469 428 428 436 436 446 446 460 460 426 426 410 410 450 450 445 445 471 471 410 410 440 440 467 467 486 486 296 296 444 444 437 437 297 297 447 447 439 439 419 419 293 293 466 466 420 420 474 474 416 416 295 295 460 460 421 421 413 413 453 453 412 412 422 422 464 464 418 418 299 299 420 420 416 416 420 420 425 425 474 474 423 423 458 458 473 473 429 429 442 442 482 482 292 292 465 465 291 291 294 294 456 456 434 434 439 439 447 447 461 461 412 412 453 453 447 447 415 415 467 467 440 440 294 294 452 452 456 456 441 441 423 423 490 490 473 473 500 500 494 494 459 459 511 511 449 449 466 466 505 505 496 496 463 463 503 503 479 479 481 481 519 519 471 471 482 482 507 507 495 495 477 477 508 508 489 489 458 458 509 509 500 500 434 434 456 456 477 477 452 452 487 487 456 456 452 452 432 432 470 470 423 423 473 473 457 457 448 448 472 472 522 522 437 437 485 485 446 446 410 410 471 471 480 480 464 464 481 481 445 445 434 434 477 477 455 455 547 547 371 371 372 372 490 490 470 470 432 432 425 425 478 478 474 474 417 417 478 478 425 425 411 411 475 475 435 435 430 430 489 489 451 451 443 443 468 468 462 462 418 418 464 464 445 445 429 429 482 482 464 464 557 557 555 555 558 558 538 538 537 537 539 539 540 540 539 539 541 541 542 542 541 541 390 390 390 390 389 389 543 543 409 409 546 546 545 545 407 407 371 371 546 546 561 561 560 560 562 562 559 559 558 558 560 560 536 536 535 535 537 537 525 525 526 526 524 524 528 528 554 554 526 526 342 342 529 529 525 525 341 341 530 530 529 529 532 532 531 531 533 533 565 565 567 567 566 566 406 406 545 545 567 567 567 567 391 391 406 406 371 371 547 547 546 546 593 593 592 592 594 594 591 591 590 590 592 592 581 581 582 582 554 554 583 583 585 585 582 582 584 584 587 587 585 585 588 588 589 589 587 587 588 588 591 591 589 589 591 591 588 588 590 590 391 391 567 567 568 568 372 372 548 548 547 547 372 372 549 549 548 548 374 374 550 550 549 549 373 373 551 551 550 550 373 373 552 552 551 551 525 525 524 524 358 358 524 524 553 553 358 358 534 534 533 533 535 535 541 541 542 542 540 540 529 529 342 342 341 341 358 358 342 342 525 525 546 546 408 408 407 407 546 546 409 409 408 408 545 545 406 406 409 409 389 389 391 391 544 544 544 544 543 543 389 389 390 390 543 543 542 542 341 341 340 340 530 530 539 539 540 540 538 538 553 553 359 359 358 358 553 553 552 552 359 359 360 360 359 359 552 552 552 552 373 373 360 360 550 550 374 374 373 373 549 549 370 370 374 374 549 549 372 372 370 370 314 314 315 315 441 441 568 568 544 544 391 391 567 567 565 565 568 568 566 566 564 564 565 565 563 563 562 562 564 564 526 526 527 527 528 528 526 526 525 525 527 527 292 292 270 270 419 419 419 419 280 280 293 293 314 314 367 367 361 361 299 299 274 274 420 420 281 281 275 275 417 417 286 286 282 282 435 435 537 537 538 538 536 536 535 535 536 536 534 534 533 533 534 534 532 532 531 531 532 532 530 530 530 530 340 340 531 531 184 184 139 139 144 144 166 166 111 111 139 139 164 164 131 131 148 148 160 160 136 136 84 84 159 159 108 108 142 142 147 147 121 121 158 158 162 162 125 125 192 192 178 178 98 98 129 129 196 196 128 128 97 97 188 188 114 114 147 147 170 170 123 123 171 171 175 175 118 118 155 155 180 180 126 126 164 164 163 163 115 115 180 180 6 6 20 20 35 35 8 8 24 24 21 21 0 0 31 31 19 19 1 1 28 28 17 17 4 4 23 23 25 25 176 176 138 138 95 95 145 145 93 93 146 146 145 145 119 119 112 112 174 174 91 91 132 132 143 143 106 106 117 117 152 152 87 87 116 116 87 87 148 148 131 131 115 115 126 126 180 180 101 101 58 58 110 110 167 167 105 105 119 119 10 10 33 33 32 32 174 174 89 89 91 91 116 116 106 106 153 153 163 163 110 110 86 86 142 142 109 109 136 136 172 172 97 97 98 98 141 141 134 134 120 120 161 161 124 124 130 130 161 161 84 84 124 124 28 28 56 56 38 38 110 110 151 151 101 101 109 109 142 142 108 108 99 99 135 135 150 150 158 158 122 122 123 123 147 147 80 80 121 121 114 114 80 80 147 147 120 120 134 134 96 96 133 133 95 95 111 111 28 28 38 38 17 17 622 622 15 15 8 8 20 20 47 47 75 75 37 37 59 59 33 33 45 45 60 60 27 27 22 22 54 54 36 36 32 32 66 66 31 31 32 32 33 33 58 58 21 21 47 47 20 20 4 4 25 25 41 41 15 15 18 18 8 8 10 10 37 37 33 33 5 5 37 37 10 10 630 630 7 7 2 2 606 606 5 5 10 10 613 613 3 3 9 9 608 608 10 10 0 0 6 6 28 28 1 1 8 8 21 21 20 20 215 215 145 145 146 146 0 0 19 19 3 3 138 138 78 78 95 95 102 102 60 60 118 118 92 92 102 102 137 137 91 91 137 137 132 132 127 127 143 143 88 88 143 143 117 117 88 88 611 611 11 11 5 5 232 232 156 156 224 224 241 241 186 186 187 187 239 239 167 167 223 223 239 239 206 206 167 167 194 194 175 175 155 155 236 236 154 154 165 165 205 205 204 204 154 154 200 200 193 193 152 152 200 200 182 182 193 193 245 245 178 178 197 197 218 218 173 173 163 163 241 241 187 187 231 231 240 240 186 186 241 241 214 214 175 175 230 230 226 226 211 211 179 179 302 302 196 196 225 225 304 304 170 170 210 210 228 228 191 191 199 199 307 307 207 207 188 188 410 410 235 235 249 249 271 271 244 244 251 251 280 280 214 214 230 230 414 414 202 202 243 243 410 410 249 249 262 262 282 282 246 246 252 252 286 286 234 234 246 246 275 275 245 245 233 233 284 284 221 221 263 263 309 309 186 186 240 240 276 276 247 247 242 242 220 220 181 181 164 164 227 227 160 160 190 190 227 227 179 179 160 160 222 222 166 166 184 184 213 213 183 183 204 204 193 193 182 182 152 152 200 200 220 220 182 182 231 231 120 120 156 156 207 207 156 156 157 157 215 215 167 167 145 145 195 195 133 133 166 166 165 165 175 175 214 214 221 221 149 149 174 174 182 182 164 164 152 152 197 197 150 150 189 189 210 210 170 170 171 171 209 209 158 158 170 170 177 177 147 147 158 158 206 206 144 144 167 167 242 242 151 151 212 212 334 334 337 337 335 335 191 191 228 228 161 161 198 198 159 159 211 211 208 208 177 177 158 158 309 309 169 169 186 186 216 216 146 146 168 168 157 157 113 113 114 114 237 237 184 184 206 206 251 251 176 176 195 195 249 249 153 153 202 202 226 226 179 179 227 227 246 246 189 189 198 198 194 194 138 138 176 176 165 165 102 102 175 175 217 217 98 98 178 178 13 13 45 45 27 27 186 186 141 141 120 120 169 169 134 134 186 186 154 154 102 102 165 165 203 203 143 143 127 127 213 213 132 132 183 183 201 201 152 152 153 153 164 164 148 148 152 152 198 198 189 189 108 108 88 88 34 34 49 49 50 50 12 12 13 13 47 47 21 21 24 24 27 27 50 50 13 13 37 37 5 5 26 26 31 31 0 0 32 32 32 32 0 0 10 10 39 39 18 18 15 15 22 22 2 2 7 7 110 110 58 58 86 86 64 64 51 51 96 96 64 64 18 18 51 51 13 13 14 14 45 45 49 49 11 11 55 55 49 49 34 34 11 11 42 42 25 25 23 23 46 46 35 35 20 20 93 93 52 52 64 64 119 119 105 105 75 75 59 59 74 74 90 90 61 61 41 41 98 98 81 81 99 99 76 76 37 37 62 62 59 59 33 33 59 59 90 90 49 49 77 77 88 88 55 55 91 91 49 49 27 27 92 92 50 50 53 53 122 122 54 54 31 31 66 66 65 65 116 116 67 67 106 106 49 49 91 91 77 77 36 36 15 15 2 2 29 29 7 7 16 16 14 14 1 1 17 17 26 26 5 5 11 11 4 4 9 9 23 23 12 12 11 11 13 13 3 3 613 613 607 607 86 86 58 58 33 33 81 81 25 25 42 42 85 85 30 30 19 19 52 52 24 24 64 64 63 63 50 50 92 92 121 121 54 54 122 122 103 103 46 46 72 72 67 67 34 34 106 106 72 72 20 20 75 75 92 92 27 27 71 71 103 103 35 35 46 46 109 109 43 43 44 44 118 118 60 60 78 78 91 91 63 63 107 107 89 89 77 77 91 91 104 104 72 72 75 75 79 79 35 35 103 103 80 80 54 54 121 121 80 80 82 82 40 40 76 76 41 41 25 25 104 104 103 103 72 72 111 111 56 56 57 57 106 106 70 70 88 88 69 69 61 61 97 97 123 123 53 53 68 68 67 67 62 62 26 26 53 53 22 22 29 29 57 57 28 28 35 35 47 47 112 112 75 75 64 64 24 24 18 18 649 649 651 651 653 653 519 519 507 507 636 636 632 632 633 633 519 519 100 100 42 42 73 73 94 94 29 29 69 69 101 101 32 32 58 58 76 76 25 25 81 81 43 43 109 109 73 73 15 15 36 36 40 40 2 2 22 22 36 36 16 16 4 4 41 41 32 32 101 101 66 66 34 34 70 70 106 106 56 56 95 95 38 38 35 35 79 79 57 57 52 52 93 93 47 47 42 42 100 100 81 81 8 8 18 18 24 24 44 44 84 84 83 83 48 48 69 69 29 29 34 34 67 67 26 26 36 36 54 54 80 80 29 29 68 68 53 53 29 29 94 94 68 68 48 48 61 61 69 69 30 30 85 85 84 84 12 12 55 55 11 11 18 18 39 39 51 51 16 16 61 61 48 48 26 26 62 62 37 37 31 31 65 65 19 19 17 17 38 38 45 45 9 9 19 19 44 44 9 9 43 43 23 23 19 19 30 30 44 44 19 19 65 65 85 85 15 15 40 40 39 39 16 16 48 48 29 29 9 9 44 44 43 43 14 14 17 17 45 45 11 11 34 34 26 26 6 6 35 35 28 28 7 7 29 29 22 22 3 3 19 19 9 9 38 38 95 95 78 78 66 66 101 101 125 125 53 53 123 123 122 122 73 73 108 108 100 100 62 62 87 87 131 131 67 67 116 116 87 87 71 71 102 102 92 92 41 41 76 76 98 98 66 66 125 125 65 65 62 62 126 126 59 59 80 80 114 114 82 82 75 75 105 105 104 104 85 85 124 124 84 84 59 59 126 126 74 74 62 62 67 67 87 87 55 55 63 63 91 91 44 44 83 83 109 109 90 90 86 86 33 33 34 34 88 88 70 70 12 12 50 50 55 55 28 28 57 57 56 56 30 30 84 84 44 44 27 27 60 60 71 71 38 38 78 78 45 45 23 23 73 73 42 42 50 50 63 63 55 55 45 45 78 78 60 60 39 39 82 82 51 51 199 199 191 191 162 162 20 20 72 72 46 46 24 24 52 52 47 47 39 39 40 40 82 82 36 36 80 80 40 40 22 22 53 53 54 54 16 16 41 41 61 61 23 23 43 43 73 73 77 77 89 89 88 88 132 132 213 213 174 174 164 164 181 181 219 219 164 164 182 182 220 220 143 143 202 202 153 153 166 166 222 222 195 195 144 144 206 206 184 184 142 142 211 211 159 159 161 161 190 190 160 160 130 130 162 162 191 191 142 142 179 179 211 211 138 138 194 194 155 155 133 133 195 195 176 176 120 120 187 187 186 186 120 120 231 231 187 187 168 168 185 185 311 311 156 156 232 232 231 231 207 207 307 307 308 308 306 306 307 307 188 188 169 169 185 185 168 168 174 174 229 229 221 221 154 154 204 204 183 183 169 169 309 309 185 185 150 150 197 197 178 178 161 161 228 228 190 190 162 162 192 192 199 199 164 164 219 219 180 180 146 146 216 216 215 215 171 171 196 196 303 303 188 188 207 207 157 157 147 147 177 177 188 188 172 172 225 225 196 196 172 172 217 217 225 225 151 151 242 242 192 192 180 180 248 248 163 163 170 170 304 304 209 209 98 98 217 217 172 172 158 158 305 305 208 208 165 165 214 214 236 236 152 152 235 235 200 200 143 143 203 203 202 202 154 154 236 236 205 205 175 175 194 194 230 230 215 215 223 223 167 167 207 207 224 224 156 156 188 188 177 177 306 306 205 205 236 236 204 204 204 204 236 236 270 270 230 230 244 244 264 264 237 237 238 238 265 265 225 225 274 274 301 301 212 212 277 277 242 242 200 200 257 257 220 220 214 214 280 280 236 236 222 222 237 237 272 272 184 184 237 237 222 222 197 197 233 233 245 245 189 189 234 234 197 197 189 189 246 246 234 234 177 177 208 208 306 306 190 190 228 228 227 227 163 163 248 248 218 218 153 153 249 249 201 201 176 176 251 251 194 194 149 149 221 221 203 203 206 206 238 238 237 237 168 168 311 311 216 216 158 158 209 209 305 305 171 171 303 303 210 210 192 192 247 247 199 199 180 180 219 219 255 255 152 152 201 201 235 235 213 213 250 250 174 174 79 79 103 103 139 139 103 103 144 144 139 139 104 104 140 140 144 144 134 134 169 169 93 93 94 94 171 171 123 123 318 318 317 317 325 325 71 71 60 60 102 102 155 155 118 118 78 78 111 111 79 79 139 139 78 78 138 138 155 155 103 103 104 104 144 144 112 112 93 93 145 145 121 121 122 122 158 158 320 320 339 339 336 336 320 320 321 321 339 339 325 325 300 300 318 318 318 318 319 319 317 317 300 300 299 299 318 318 125 125 162 162 130 130 336 336 339 339 338 338 335 335 337 337 338 338 339 339 531 531 338 338 338 338 531 531 340 340 338 338 337 337 336 336 338 338 340 340 335 335 99 99 150 150 129 129 100 100 108 108 135 135 318 318 299 299 319 319 106 106 143 143 153 153 102 102 154 154 137 137 95 95 133 133 176 176 105 105 167 167 140 140 113 113 156 156 82 82 171 171 94 94 128 128 124 124 85 85 130 130 87 87 152 152 148 148 97 97 172 172 196 196 140 140 167 167 144 144 84 84 161 161 160 160 110 110 163 163 173 173 116 116 153 153 152 152 127 127 149 149 203 203 137 137 183 183 132 132 82 82 156 156 120 120 128 128 196 196 171 171 139 139 184 184 166 166 123 123 170 170 158 158 151 151 192 192 125 125 126 126 131 131 164 164 89 89 174 174 149 149 137 137 154 154 183 183 119 119 145 145 167 167 93 93 169 169 146 146 108 108 189 189 135 135 114 114 188 188 157 157 319 319 299 299 320 320 299 299 298 298 320 320 134 134 141 141 186 186 113 113 157 157 156 156 135 135 189 189 150 150 110 110 212 212 151 151 110 110 173 173 212 212 146 146 169 169 168 168 277 277 212 212 254 254 108 108 159 159 198 198 150 150 178 178 129 129 136 136 179 179 142 142 136 136 160 160 179 179 130 130 191 191 161 161 118 118 175 175 102 102 111 111 166 166 133 133 433 433 417 417 275 275 315 315 316 316 441 441 313 313 314 314 266 266 266 266 216 216 313 313 312 312 313 313 216 216 185 185 310 310 311 311 209 209 304 304 305 305 210 210 303 303 304 304 253 253 283 283 295 295 289 289 426 426 257 257 418 418 414 414 279 279 290 290 415 415 271 271 432 432 431 431 266 266 311 311 312 312 216 216 283 283 437 437 436 436 289 289 410 410 426 426 262 262 414 414 410 410 263 263 422 422 284 284 264 264 415 415 293 293 260 260 421 421 428 428 276 276 296 296 437 437 282 282 411 411 435 435 267 267 428 428 411 411 268 268 295 295 261 261 273 273 265 265 238 238 284 284 269 269 258 258 220 220 257 257 256 256 230 230 264 264 280 280 223 223 266 266 273 273 301 301 274 274 300 300 217 217 281 281 274 274 234 234 286 286 275 275 226 226 267 267 252 252 226 226 260 260 267 267 228 228 268 268 261 261 217 217 245 245 281 281 233 233 234 234 275 275 248 248 297 297 254 254 255 255 278 278 248 248 287 287 254 254 297 297 235 235 289 289 257 257 221 221 284 284 258 258 259 259 427 427 250 250 303 303 196 196 302 302 288 288 256 256 413 413 296 296 287 287 439 439 283 283 436 436 295 295 416 416 298 298 299 299 273 273 266 266 431 431 430 430 272 272 285 285 272 272 430 430 290 290 263 263 221 221 229 229 291 291 270 270 292 292 296 296 277 277 287 287 276 276 242 242 296 296 428 428 267 267 260 260 248 248 180 180 255 255 253 253 199 199 247 247 252 252 211 211 226 226 252 252 198 198 211 211 217 217 178 178 245 245 274 274 225 225 217 217 266 266 223 223 215 215 254 254 173 173 218 218 294 294 285 285 265 265 262 262 249 249 202 202 308 308 231 231 232 232 308 308 241 241 231 231 251 251 195 195 222 222 259 259 213 213 204 204 256 256 181 181 220 220 256 256 219 219 181 181 260 260 227 227 261 261 260 260 226 226 227 227 269 269 243 243 258 258 257 257 200 200 235 235 273 273 239 239 223 223 421 421 260 260 261 261 283 283 253 253 247 247 286 286 246 246 282 282 425 425 274 274 281 281 285 285 237 237 265 265 272 272 251 251 222 222 294 294 265 265 273 273 285 285 272 272 237 237 427 427 259 259 291 291 279 279 269 269 284 284 279 279 243 243 269 269 279 279 414 414 243 243 296 296 242 242 277 277 194 194 244 244 230 230 433 433 275 275 286 286 290 290 251 251 272 272 415 415 264 264 271 271 293 293 280 280 264 264 291 291 259 259 270 270 427 427 263 263 250 250 411 411 252 252 267 267 299 299 300 300 274 274 426 426 256 256 257 257 432 432 266 266 314 314 294 294 273 273 431 431 255 255 256 256 412 412 203 203 243 243 202 202 206 206 239 239 238 238 215 215 216 216 266 266 309 309 310 310 185 185 224 224 308 308 232 232 248 248 278 278 297 297 219 219 256 256 255 255 245 245 275 275 281 281 252 252 411 411 282 282 255 255 412 412 278 278 213 213 259 259 250 250 280 280 419 419 270 270 254 254 287 287 277 277 247 247 276 276 283 283 253 253 295 295 268 268 251 251 290 290 271 271 256 256 288 288 412 412 228 228 253 253 268 268 235 235 410 410 289 289 236 236 280 280 270 270 244 244 271 271 264 264 192 192 242 242 247 247 194 194 251 251 244 244 239 239 273 273 238 238 225 225 301 301 302 302 203 203 258 258 243 243 174 174 250 250 263 263 204 204 270 270 259 259 224 224 207 207 308 308 208 208 305 305 306 306 197 197 234 234 233 233 198 198 252 252 246 246 228 228 261 261 227 227 173 173 254 254 212 212 218 218 248 248 254 254 221 221 258 258 203 203 199 199 253 253 228 228 201 201 249 249 235 235 674 674 673 673 660 660 673 673 659 659 660 660 660 660 663 663 662 662 660 660 662 662 661 661 672 672 670 670 669 669 672 672 669 669 668 668 672 672 668 668 667 667 672 672 667 667 666 666 672 672 671 671 670 670 672 672 660 660 659 659 672 672 666 666 665 665 672 672 665 665 664 664 663 663 660 660 672 672 672 672 664 664 663 663 678 678 675 675 676 676 676 676 677 677 678 678 682 682 680 680 679 679 679 679 681 681 682 682 685 685 686 686 684 684 684 684 683 683 685 685 688 688 687 687 693 693 699 699 702 702 712 712 693 693 694 694 688 688 691 691 711 711 692 692 693 693 691 691 694 694 692 692 694 694 691 691 696 696 700 700 706 706 698 698 696 696 707 707 702 702 698 698 712 712 705 705 704 704 697 697 700 700 703 703 708 708 697 697 699 699 705 705 695 695 697 697 704 704 710 710 705 705 699 699 712 712 710 710 699 699 709 709 712 712 698 698 690 690 689 689 695 695 695 695 704 704 690 690 707 707 709 709 698 698 703 703 701 701 711 711 701 701 692 692 711 711 711 711 713 713 703 703 713 713 708 708 703 703 708 708 706 706 700 700 706 706 707 707 696 696 761 761 722 722 723 723 714 714 717 717 759 759 716 716 715 715 763 763 751 751 750 750 756 756 748 748 747 747 756 756 727 727 739 739 755 755 755 755 738 738 737 737 755 755 737 737 736 736 755 755 736 736 735 735 756 756 747 747 746 746 755 755 739 739 738 738 764 764 732 732 731 731 731 731 730 730 764 764 763 763 743 743 742 742 735 735 734 734 755 755 750 750 749 749 756 756 764 764 729 729 728 728 763 763 745 745 744 744 756 756 752 752 751 751 757 757 720 720 721 721 764 764 723 723 724 724 764 764 724 724 725 725 758 758 756 756 746 746 734 734 740 740 755 755 742 742 741 741 763 763 755 755 754 754 727 727 757 757 759 759 719 719 726 726 733 733 764 764 757 757 719 719 720 720 764 764 725 725 726 726 749 749 748 748 756 756 744 744 743 743 763 763 764 764 728 728 727 727 756 756 753 753 752 752 763 763 741 741 716 716 746 746 745 745 763 763 730 730 729 729 764 764 764 764 733 733 732 732 717 717 718 718 759 759 723 723 764 764 761 761 721 721 761 761 757 757 763 763 760 760 746 746 727 727 762 762 764 764 754 754 762 762 727 727 761 761 721 721 722 722 759 759 763 763 714 714 760 760 758 758 746 746 718 718 719 719 759 759 715 715 714 714 763 763 772 772 807 807 806 806 796 796 797 797 804 804 808 808 782 782 783 783 779 779 780 780 808 808 769 769 770 770 808 808 803 803 790 790 784 784 785 785 786 786 803 803 812 812 793 793 794 794 795 795 796 796 804 804 798 798 799 799 804 804 803 803 786 786 787 787 803 803 788 788 789 789 808 808 777 777 778 778 805 805 810 810 795 795 787 787 788 788 803 803 780 780 781 781 808 808 781 781 782 782 808 808 799 799 800 800 804 804 812 812 776 776 791 791 808 808 778 778 779 779 794 794 795 795 812 812 813 813 789 789 777 777 797 797 798 798 804 804 784 784 785 785 803 803 812 812 792 792 793 793 777 777 808 808 813 813 812 812 766 766 776 776 791 791 792 792 812 812 765 765 812 812 809 809 807 807 772 772 773 773 804 804 805 805 795 795 800 800 801 801 804 804 783 783 767 767 808 808 807 807 773 773 774 774 767 767 768 768 808 808 809 809 774 774 775 775 774 774 809 809 807 807 768 768 769 769 808 808 771 771 772 772 806 806 802 802 803 803 789 789 812 812 765 765 766 766 770 770 771 771 808 808 813 813 811 811 789 789 795 795 810 810 812 812 789 789 811 811 802 802 806 806 808 808 771 771 809 809 775 775 765 765 820 820 819 819 814 814 819 819 816 816 814 814 815 815 816 816 817 817 815 815 817 817 818 818 816 816 819 819 818 818 817 817 816 816 818 818 824 824 822 822 823 823 821 821 824 824 823 823 827 827 826 826 828 828 825 825 826 826 827 827 834 834 831 831 830 830 830 830 833 833 834 834 829 829 832 832 830 830 832 832 833 833 830 830 838 838 837 837 841 841 837 837 838 838 835 835 841 841 837 837 844 844 840 840 839 839 842 842 839 839 838 838 841 841 844 844 842 842 843 843 839 839 841 841 843 843 839 839 843 843 842 842 844 844 843 843 841 841 842 842 836 836 840 840 846 846 845 845 848 848 846 846 848 848 847 847 855 855 853 853 854 854 855 855 854 854 852 852 850 850 852 852 854 854 851 851 853 853 852 852 851 851 852 852 849 849 852 852 853 853 855 855 857 857 858 858 860 860 860 860 859 859 857 857 858 858 857 857 856 856 861 861 863 863 864 864 864 864 862 862 861 861 867 867 869 869 868 868 868 868 866 866 867 867 869 869 865 865 868 868 865 865 869 869 870 870 872 872 871 871 874 874 873 873 872 872 874 874 876 876 875 875 879 879 877 877 879 879 875 875 876 876 879 879 878 878 884 884 885 885 881 881 882 882 884 884 883 883 882 882 883 883 880 880 881 881 883 883 884 884 888 888 887 887 886 886 888 888 889 889 887 887 892 892 891 891 893 893 893 893 890 890 892 892 897 897 898 898 902 902 900 900 902 902 901 901 894 894 897 897 902 902 895 895 896 896 898 898 894 894 902 902 900 900 898 898 896 896 899 899 902 902 898 898 899 899 899 899 901 901 902 902 897 897 895 895 898 898 905 905 903 903 907 907 904 904 905 905 907 907 907 907 906 906 904 904 914 914 913 913 915 915 914 914 915 915 912 912 915 915 909 909 911 911 915 915 913 913 909 909 912 912 915 915 908 908 910 910 912 912 908 908 911 911 908 908 915 915 914 914 912 912 910 910 917 917 920 920 918 918 921 921 919 919 918 918 919 919 921 921 916 916 920 920 921 921 918 918 927 927 924 924 929 929 928 928 930 930 929 929 927 927 930 930 923 923 929 929 930 930 927 927 922 922 926 926 928 928 926 926 930 930 928 928 930 930 925 925 923 923 923 923 924 924 927 927 930 930 926 926 925 925 933 933 935 935 934 934 932 932 935 935 931 931 932 932 934 934 935 935 939 939 942 942 940 940 936 936 939 939 940 940 938 938 942 942 939 939 938 938 939 939 937 937 941 941 940 940 942 942 941 941 942 942 938 938 946 946 943 943 945 945 945 945 944 944 946 946 949 949 950 950 948 948 950 950 951 951 952 952 949 949 951 951 950 950 947 947 950 950 952 952 955 955 954 954 956 956 954 954 953 953 956 956 957 957 960 960 959 959 959 959 960 960 958 958 964 964 965 965 966 966 965 965 964 964 961 961 962 962 964 964 966 966 961 961 963 963 965 965 968 968 967 967 969 969 970 970 968 968 969 969 975 975 976 976 972 972 974 974 975 975 972 972 971 971 976 976 973 973 976 976 975 975 973 973 979 979 980 980 978 978 979 979 977 977 980 980 985 985 983 983 984 984 983 983 985 985 981 981 982 982 985 985 984 984 986 986 987 987 988 988 988 988 989 989 986 986 986 986 990 990 991 991 989 989 990 990 986 986 994 994 993 993 992 992 992 992 995 995 994 994 998 998 996 996 997 997 997 997 999 999 998 998 1002 1002 1001 1001 1000 1000 1000 1000 1003 1003 1002 1002 1007 1007 1006 1006 1014 1014 1010 1010 1015 1015 1009 1009 1016 1016 1007 1007 1011 1011 1005 1005 1020 1020 1013 1013 1008 1008 1017 1017 1010 1010 1014 1014 1018 1018 1019 1019 1004 1004 1005 1005 1013 1013 1012 1012 1009 1009 1015 1015 1007 1007 1016 1016 1006 1006 1015 1015 1013 1013 1012 1012 1017 1017 1016 1016 1011 1011 1017 1017 1011 1011 1010 1010 1015 1015 1004 1004 1013 1013 1019 1019 1007 1007 1014 1014 1010 1010 1009 1009 1008 1008 1021 1021 1024 1024 1023 1023 1023 1023 1022 1022 1021 1021 1025 1025 1027 1027 1028 1028 1028 1028 1026 1026 1025 1025 1029 1029 1032 1032 1031 1031 1031 1031 1030 1030 1029 1029 1035 1035 1034 1034 1036 1036 1034 1034 1033 1033 1037 1037 1037 1037 1036 1036 1034 1034 1039 1039 1040 1040 1041 1041 1041 1041 1038 1038 1039 1039 1042 1042 1045 1045 1044 1044 1044 1044 1043 1043 1042 1042 1050 1050 1046 1046 1047 1047 1047 1047 1048 1048 1050 1050 1046 1046 1050 1050 1049 1049 1052 1052 1053 1053 1054 1054 1054 1054 1051 1051 1052 1052 1058 1058 1056 1056 1055 1055 1055 1055 1057 1057 1058 1058 1061 1061 1059 1059 1060 1060 1060 1060 1062 1062 1061 1061 1066 1066 1071 1071 1069 1069 1069 1069 1068 1068 1066 1066 1066 1066 1067 1067 1065 1065 1063 1063 1064 1064 1074 1074 1076 1076 1073 1073 1075 1075 1070 1070 1074 1074 1079 1079 1068 1068 1069 1069 1077 1077 1065 1065 1080 1080 1076 1076 1076 1076 1075 1075 1065 1065 1065 1065 1067 1067 1078 1078 1078 1078 1080 1080 1065 1065 1076 1076 1072 1072 1073 1073 1072 1072 1076 1076 1070 1070 1070 1070 1063 1063 1074 1074 1066 1066 1065 1065 1071 1071 1070 1070 1079 1079 1072 1072 1083 1083 1085 1085 1084 1084 1085 1085 1086 1086 1084 1084 1081 1081 1082 1082 1083 1083 1084 1084 1081 1081 1083 1083 1092 1092 1093 1093 1087 1087 1093 1093 1094 1094 1089 1089 1094 1094 1091 1091 1088 1088 1087 1087 1090 1090 1092 1092 1089 1089 1087 1087 1093 1093 1088 1088 1089 1089 1094 1094 1098 1098 1095 1095 1096 1096 1096 1096 1097 1097 1098 1098 1101 1101 1099 1099 1100 1100 1100 1100 1102 1102 1101 1101 1103 1103 1106 1106 1105 1105 1105 1105 1104 1104 1103 1103 1109 1109 1107 1107 1111 1111 1110 1110 1111 1111 1107 1107 1107 1107 1108 1108 1110 1110 1113 1113 1114 1114 1115 1115 1115 1115 1112 1112 1113 1113 1117 1117 1118 1118 1119 1119 1119 1119 1116 1116 1117 1117 1122 1122 1120 1120 1121 1121 1121 1121 1123 1123 1122 1122 1125 1125 1127 1127 1126 1126 1124 1124 1125 1125 1126 1126 1128 1128 1129 1129 1130 1130 1128 1128 1130 1130 1131 1131 1133 1133 1134 1134 1135 1135 1134 1134 1133 1133 1132 1132 1139 1139 1137 1137 1136 1136 1137 1137 1139 1139 1138 1138 1141 1141 1143 1143 1142 1142 1142 1142 1140 1140 1141 1141 1146 1146 1147 1147 1144 1144 1146 1146 1144 1144 1145 1145 1150 1150 1148 1148 1149 1149 1148 1148 1150 1150 1151 1151 1154 1154 1152 1152 1153 1153 1152 1152 1154 1154 1155 1155 1156 1156 1159 1159 1158 1158 1158 1158 1157 1157 1156 1156 1165 1165 1163 1163 1164 1164 1160 1160 1166 1166 1167 1167 1164 1164 1163 1163 1167 1167 1167 1167 1166 1166 1164 1164 1162 1162 1165 1165 1164 1164 1164 1164 1161 1161 1162 1162 1171 1171 1172 1172 1168 1168 1170 1170 1171 1171 1169 1169 1168 1168 1169 1169 1171 1171 1174 1174 1176 1176 1175 1175 1175 1175 1173 1173 1174 1174 1179 1179 1178 1178 1177 1177 1177 1177 1180 1180 1179 1179 1184 1184 1181 1181 1182 1182 1182 1182 1183 1183 1184 1184 1187 1187 1186 1186 1185 1185 1185 1185 1188 1188 1187 1187 1191 1191 1189 1189 1190 1190 1190 1190 1192 1192 1191 1191 1193 1193 1196 1196 1195 1195 1195 1195 1194 1194 1193 1193 1200 1200 1197 1197 1198 1198 1198 1198 1199 1199 1200 1200 1203 1203 1202 1202 1201 1201 1201 1201 1204 1204 1203 1203 1208 1208 1209 1209 1205 1205 1205 1205 1206 1206 1208 1208 1207 1207 1205 1205 1209 1209 1211 1211 1213 1213 1212 1212 1212 1212 1210 1210 1211 1211 1215 1215 1217 1217 1216 1216 1216 1216 1214 1214 1215 1215 1218 1218 1221 1221 1220 1220 1220 1220 1219 1219 1218 1218 1222 1222 1223 1223 1224 1224 1224 1224 1225 1225 1222 1222 1227 1227 1228 1228 1229 1229 1229 1229 1226 1226 1227 1227 1232 1232 1230 1230 1231 1231 1231 1231 1233 1233 1232 1232 1234 1234 1235 1235 1236 1236 1236 1236 1237 1237 1234 1234 1241 1241 1238 1238 1239 1239 1239 1239 1240 1240 1241 1241 1244 1244 1242 1242 1243 1243 1243 1243 1245 1245 1244 1244 1250 1250 1247 1247 1248 1248 1249 1249 1246 1246 1247 1247 1247 1247 1250 1250 1249 1249 1253 1253 1252 1252 1251 1251 1251 1251 1254 1254 1253 1253 1258 1258 1256 1256 1255 1255 1255 1255 1257 1257 1258 1258 1261 1261 1260 1260 1259 1259 1260 1260 1261 1261 1262 1262 1264 1264 1265 1265 1266 1266 1266 1266 1263 1263 1264 1264 1268 1268 1269 1269 1270 1270 1269 1269 1268 1268 1267 1267 1272 1272 1274 1274 1273 1273 1273 1273 1271 1271 1272 1272 1280 1280 1282 1282 1275 1275 1275 1275 1276 1276 1280 1280 1281 1281 1277 1277 1275 1275 1275 1275 1282 1282 1281 1281 1281 1281 1279 1279 1278 1278 1278 1278 1277 1277 1281 1281 1283 1283 1285 1285 1286 1286 1286 1286 1284 1284 1283 1283 1290 1290 1288 1288 1287 1287 1287 1287 1289 1289 1290 1290 1292 1292 1293 1293 1294 1294 1294 1294 1291 1291 1292 1292 1297 1297 1296 1296 1295 1295 1296 1296 1297 1297 1298 1298 1301 1301 1299 1299 1300 1300 1299 1299 1301 1301 1302 1302 1305 1305 1303 1303 1304 1304 1304 1304 1306 1306 1305 1305 1310 1310 1307 1307 1308 1308 1308 1308 1309 1309 1310 1310 1314 1314 1312 1312 1311 1311 1312 1312 1314 1314 1313 1313 1316 1316 1318 1318 1317 1317 1318 1318 1316 1316 1315 1315 1321 1321 1319 1319 1320 1320 1319 1319 1321 1321 1322 1322 1326 1326 1323 1323 1324 1324 1324 1324 1325 1325 1326 1326 1328 1328 1329 1329 1330 1330 1329 1329 1328 1328 1327 1327 1331 1331 1334 1334 1333 1333 1333 1333 1332 1332 1331 1331 1344 1344 1341 1341 1345 1345 1337 1337 1339 1339 1335 1335 1337 1337 1338 1338 1339 1339 1342 1342 1345 1345 1341 1341 1339 1339 1338 1338 1340 1340 1343 1343 1342 1342 1341 1341 1340 1340 1342 1342 1339 1339 1342 1342 1340 1340 1345 1345 1336 1336 1337 1337 1335 1335 1349 1349 1346 1346 1347 1347 1346 1346 1349 1349 1348 1348 1352 1352 1355 1355 1354 1354 1351 1351 1354 1354 1353 1353 1354 1354 1351 1351 1352 1352 1355 1355 1352 1352 1350 1350 1356 1356 1359 1359 1358 1358 1359 1359 1356 1356 1357 1357 1361 1361 1362 1362 1363 1363 1363 1363 1360 1360 1361 1361 1366 1366 1364 1364 1365 1365 1365 1365 1367 1367 1366 1366 1369 1369 1370 1370 1371 1371 1370 1370 1369 1369 1368 1368 1375 1375 1372 1372 1373 1373 1374 1374 1375 1375 1373 1373 1377 1377 1378 1378 1379 1379 1379 1379 1376 1376 1377 1377 1382 1382 1383 1383 1385 1385 1385 1385 1381 1381 1380 1380 1381 1381 1385 1385 1384 1384 1385 1385 1380 1380 1382 1382 1388 1388 1387 1387 1386 1386 1386 1386 1389 1389 1388 1388 1390 1390 1392 1392 1393 1393 1392 1392 1390 1390 1391 1391 1397 1397 1396 1396 1395 1395 1397 1397 1395 1395 1394 1394 1401 1401 1398 1398 1399 1399 1402 1402 1399 1399 1400 1400 1399 1399 1402 1402 1401 1401 1405 1405 1403 1403 1404 1404 1403 1403 1405 1405 1406 1406 1410 1410 1408 1408 1407 1407 1407 1407 1409 1409 1410 1410 1414 1414 1411 1411 1412 1412 1411 1411 1414 1414 1413 1413 1415 1415 1420 1420 1418 1418 1417 1417 1415 1415 1418 1418 1418 1418 1421 1421 1417 1417 1415 1415 1416 1416 1420 1420 1419 1419 1417 1417 1421 1421 1424 1424 1423 1423 1422 1422 1423 1423 1424 1424 1425 1425 1429 1429 1428 1428 1426 1426 1429 1429 1426 1426 1427 1427 1430 1430 1432 1432 1433 1433 1433 1433 1431 1431 1430 1430 1436 1436 1435 1435 1434 1434 1434 1434 1437 1437 1436 1436 1441 1441 1440 1440 1438 1438 1440 1440 1439 1439 1438 1438 1444 1444 1442 1442 1443 1443 1442 1442 1444 1444 1445 1445 1446 1446 1448 1448 1449 1449 1448 1448 1446 1446 1447 1447 1451 1451 1452 1452 1453 1453 1452 1452 1451 1451 1450 1450 1457 1457 1454 1454 1455 1455 1455 1455 1456 1456 1457 1457 1459 1459 1460 1460 1461 1461 1460 1460 1459 1459 1458 1458 1463 1463 1465 1465 1464 1464 1464 1464 1462 1462 1463 1463 1467 1467 1468 1468 1470 1470 1468 1468 1466 1466 1471 1471 1470 1470 1469 1469 1467 1467 1471 1471 1470 1470 1468 1468 1472 1472 1474 1474 1475 1475 1474 1474 1472 1472 1473 1473 1479 1479 1477 1477 1476 1476 1476 1476 1478 1478 1479 1479 1481 1481 1483 1483 1482 1482 1482 1482 1480 1480 1481 1481 1484 1484 1487 1487 1486 1486 1486 1486 1485 1485 1484 1484 1494 1494 1503 1503 1496 1496 1490 1490 1500 1500 1505 1505 1491 1491 1497 1497 1495 1495 1496 1496 1499 1499 1494 1494 1505 1505 1503 1503 1490 1490 1503 1503 1494 1494 1498 1498 1502 1502 1505 1505 1500 1500 1495 1495 1500 1500 1490 1490 1490 1490 1492 1492 1495 1495 1492 1492 1493 1493 1495 1495 1489 1489 1499 1499 1496 1496 1495 1495 1493 1493 1491 1491 1503 1503 1498 1498 1501 1501 1497 1497 1491 1491 1504 1504 1503 1503 1501 1501 1490 1490 1496 1496 1488 1488 1489 1489 1507 1507 1508 1508 1506 1506 1509 1509 1506 1506 1508 1508 1508 1508 1510 1510 1509 1509 1512 1512 1513 1513 1517 1517 1517 1517 1514 1514 1512 1512 1516 1516 1517 1517 1513 1513 1513 1513 1511 1511 1516 1516 1514 1514 1512 1512 1513 1513 1513 1513 1511 1511 1515 1515 1519 1519 1521 1521 1520 1520 1520 1520 1518 1518 1519 1519 1523 1523 1524 1524 1525 1525 1524 1524 1523 1523 1522 1522 1528 1528 1527 1527 1526 1526 1526 1526 1529 1529 1528 1528 1530 1530 1531 1531 1533 1533 1532 1532 1533 1533 1531 1531 1536 1536 1534 1534 1535 1535 1535 1535 1537 1537 1536 1536 1540 1540 1538 1538 1539 1539 1539 1539 1541 1541 1540 1540 1542 1542 1545 1545 1546 1546 1545 1545 1542 1542 1543 1543 1543 1543 1544 1544 1545 1545 1549 1549 1547 1547 1548 1548 1548 1548 1550 1550 1549 1549 1552 1552 1553 1553 1554 1554 1554 1554 1551 1551 1552 1552 1557 1557 1556 1556 1555 1555 1555 1555 1558 1558 1557 1557 1560 1560 1562 1562 1563 1563 1563 1563 1561 1561 1565 1565 1563 1563 1565 1565 1560 1560 1564 1564 1560 1560 1565 1565 1561 1561 1563 1563 1559 1559 1567 1567 1566 1566 1568 1568 1566 1566 1569 1569 1568 1568 1572 1572 1571 1571 1570 1570 1570 1570 1573 1573 1572 1572 1576 1576 1575 1575 1574 1574 1574 1574 1577 1577 1576 1576 1582 1582 1588 1588 1587 1587 1581 1581 1578 1578 1579 1579 1584 1584 1586 1586 1583 1583 1582 1582 1583 1583 1586 1586 1579 1579 1580 1580 1581 1581 1580 1580 1585 1585 1581 1581 1582 1582 1586 1586 1585 1585 1587 1587 1583 1583 1582 1582 1585 1585 1580 1580 1582 1582 1590 1590 1592 1592 1591 1591 1591 1591 1589 1589 1590 1590 1594 1594 1596 1596 1595 1595 1595 1595 1593 1593 1594 1594 1597 1597 1598 1598 1600 1600 1598 1598 1599 1599 1600 1600 1603 1603 1604 1604 1601 1601 1604 1604 1602 1602 1601 1601 1606 1606 1608 1608 1607 1607 1607 1607 1605 1605 1606 1606 1612 1612 1609 1609 1610 1610 1610 1610 1611 1611 1612 1612 1615 1615 1614 1614 1613 1613 1614 1614 1615 1615 1616 1616 1620 1620 1623 1623 1630 1630 1630 1630 1627 1627 1622 1622 1629 1629 1623 1623 1620 1620 1621 1621 1626 1626 1624 1624 1632 1632 1627 1627 1617 1617 1629 1629 1620 1620 1633 1633 1624 1624 1631 1631 1621 1621 1619 1619 1628 1628 1631 1631 1627 1627 1625 1625 1622 1622 1633 1633 1624 1624 1626 1626 1628 1628 1621 1621 1631 1631 1630 1630 1622 1622 1620 1620 1631 1631 1618 1618 1619 1619 1632 1632 1625 1625 1627 1627 1626 1626 1629 1629 1633 1633 1636 1636 1634 1634 1635 1635 1635 1635 1637 1637 1636 1636 1641 1641 1640 1640 1639 1639 1641 1641 1639 1639 1638 1638 1642 1642 1645 1645 1644 1644 1642 1642 1643 1643 1645 1645 1648 1648 1647 1647 1646 1646 1647 1647 1648 1648 1649 1649 1651 1651 1652 1652 1653 1653 1653 1653 1650 1650 1651 1651 1657 1657 1655 1655 1654 1654 1654 1654 1656 1656 1657 1657 1658 1658 1660 1660 1661 1661 1660 1660 1658 1658 1659 1659 1664 1664 1663 1663 1662 1662 1662 1662 1665 1665 1664 1664 1668 1668 1667 1667 1666 1666 1667 1667 1668 1668 1669 1669 1672 1672 1670 1670 1671 1671 1671 1671 1673 1673 1672 1672 1676 1676 1675 1675 1674 1674 1674 1674 1677 1677 1676 1676 1678 1678 1679 1679 1681 1681 1681 1681 1679 1679 1680 1680 1683 1683 1685 1685 1684 1684 1684 1684 1682 1682 1683 1683 1687 1687 1689 1689 1688 1688 1687 1687 1686 1686 1689 1689 1691 1691 1693 1693 1692 1692 1692 1692 1690 1690 1691 1691 1696 1696 1695 1695 1694 1694 1694 1694 1697 1697 1696 1696 1700 1700 1709 1709 1712 1712 1709 1709 1700 1700 1704 1704 1710 1710 1708 1708 1706 1706 1709 1709 1704 1704 1699 1699 1706 1706 1702 1702 1705 1705 1706 1706 1703 1703 1702 1702 1706 1706 1707 1707 1703 1703 1706 1706 1708 1708 1707 1707 1701 1701 1699 1699 1711 1711 1706 1706 1716 1716 1710 1710 1699 1699 1701 1701 1709 1709 1712 1712 1705 1705 1700 1700 1712 1712 1706 1706 1705 1705 1698 1698 1715 1715 1710 1710 1716 1716 1698 1698 1710 1710 1711 1711 1714 1714 1713 1713 1713 1713 1701 1701 1711 1711 1718 1718 1719 1719 1720 1720 1719 1719 1718 1718 1717 1717 1721 1721 1724 1724 1723 1723 1724 1724 1721 1721 1722 1722 1726 1726 1725 1725 1728 1728 1728 1728 1727 1727 1726 1726 1729 1729 1731 1731 1732 1732 1731 1731 1729 1729 1730 1730 1738 1738 1737 1737 1734 1734 1737 1737 1736 1736 1735 1735 1734 1734 1733 1733 1738 1738 1735 1735 1734 1734 1737 1737 1741 1741 1740 1740 1739 1739 1740 1740 1741 1741 1742 1742 1747 1747 1745 1745 1744 1744 1743 1743 1745 1745 1746 1746 1745 1745 1743 1743 1744 1744 1748 1748 1751 1751 1750 1750 1750 1750 1749 1749 1748 1748 1753 1753 1754 1754 1755 1755 1755 1755 1752 1752 1753 1753 1757 1757 1758 1758 1759 1759 1758 1758 1757 1757 1756 1756 1763 1763 1761 1761 1760 1760 1760 1760 1762 1762 1763 1763 1765 1765 1766 1766 1767 1767 1767 1767 1764 1764 1765 1765 1782 1782 1786 1786 1780 1780 1770 1770 1774 1774 1773 1773 1783 1783 1782 1782 1779 1779 1781 1781 1772 1772 1771 1771 1773 1773 1771 1771 1770 1770 1783 1783 1779 1779 1778 1778 1786 1786 1776 1776 1780 1780 1781 1781 1786 1786 1785 1785 1773 1773 1776 1776 1771 1771 1775 1775 1774 1774 1769 1769 1784 1784 1778 1778 1777 1777 1778 1778 1784 1784 1783 1783 1781 1781 1785 1785 1784 1784 1776 1776 1786 1786 1771 1771 1786 1786 1781 1781 1771 1771 1780 1780 1779 1779 1782 1782 1769 1769 1768 1768 1775 1775 1784 1784 1777 1777 1781 1781 1774 1774 1770 1770 1769 1769 1790 1790 1787 1787 1788 1788 1787 1787 1790 1790 1789 1789 1791 1791 1794 1794 1793 1793 1793 1793 1792 1792 1791 1791 1797 1797 1795 1795 1796 1796 1796 1796 1798 1798 1797 1797 1802 1802 1799 1799 1800 1800 1802 1802 1800 1800 1801 1801 1817 1817 1815 1815 1812 1812 1811 1811 1814 1814 1817 1817 1810 1810 1813 1813 1815 1815 1808 1808 1810 1810 1806 1806 1813 1813 1812 1812 1815 1815 1816 1816 1817 1817 1814 1814 1817 1817 1812 1812 1811 1811 1809 1809 1804 1804 1807 1807 1814 1814 1810 1810 1816 1816 1808 1808 1806 1806 1805 1805 1803 1803 1806 1806 1814 1814 1808 1808 1805 1805 1804 1804 1810 1810 1814 1814 1806 1806 1804 1804 1809 1809 1808 1808 1820 1820 1819 1819 1818 1818 1818 1818 1821 1821 1820 1820 1825 1825 1822 1822 1824 1824 1822 1822 1823 1823 1824 1824 1827 1827 1828 1828 1836 1836 1833 1833 1832 1832 1842 1842 1841 1841 1831 1831 1830 1830 1835 1835 1836 1836 1828 1828 1832 1832 1844 1844 1842 1842 1827 1827 1838 1838 1837 1837 1841 1841 1830 1830 1836 1836 1837 1837 1826 1826 1827 1827 1836 1836 1843 1843 1841 1841 1835 1835 1834 1834 1839 1839 1836 1836 1838 1838 1827 1827 1835 1835 1840 1840 1836 1836 1828 1828 1829 1829 1835 1835 1844 1844 1832 1832 1831 1831 1841 1841 1845 1845 1831 1831 1834 1834 1833 1833 1839 1839 1833 1833 1842 1842 1839 1839 1839 1839 1840 1840 1835 1835 1846 1846 1843 1843 1836 1836 1831 1831 1845 1845 1844 1844 1850 1850 1847 1847 1848 1848 1848 1848 1849 1849 1850 1850 1851 1851 1854 1854 1853 1853 1854 1854 1851 1851 1852 1852 1858 1858 1855 1855 1856 1856 1858 1858 1857 1857 1855 1855 1861 1861 1862 1862 1864 1864 1863 1863 1864 1864 1862 1862 1861 1861 1864 1864 1859 1859 1859 1859 1860 1860 1861 1861 1872 1872 1876 1876 1866 1866 1873 1873 1868 1868 1867 1867 1865 1865 1875 1875 1872 1872 1865 1865 1871 1871 1875 1875 1871 1871 1874 1874 1875 1875 1869 1869 1873 1873 1877 1877 1872 1872 1866 1866 1865 1865 1873 1873 1869 1869 1868 1868 1876 1876 1873 1873 1867 1867 1877 1877 1870 1870 1869 1869 1867 1867 1866 1866 1876 1876 1877 1877 1871 1871 1870 1870 1877 1877 1874 1874 1871 1871 1878 1878 1881 1881 1880 1880 1881 1881 1878 1878 1879 1879 1882 1882 1885 1885 1884 1884 1885 1885 1882 1882 1883 1883 1889 1889 1887 1887 1888 1888 1891 1891 1892 1892 1886 1886 1890 1890 1891 1891 1886 1886 1889 1889 1890 1890 1887 1887 1886 1886 1887 1887 1890 1890 1894 1894 1895 1895 1902 1902 1897 1897 1893 1893 1900 1900 1896 1896 1901 1901 1902 1902 1893 1893 1894 1894 1902 1902 1897 1897 1900 1900 1901 1901 1902 1902 1895 1895 1896 1896 1902 1902 1900 1900 1893 1893 1897 1897 1898 1898 1899 1899 1899 1899 1893 1893 1897 1897 1901 1901 1896 1896 1897 1897 1906 1906 1903 1903 1904 1904 1904 1904 1905 1905 1906 1906 1907 1907 1909 1909 1910 1910 1910 1910 1908 1908 1907 1907 1914 1914 1913 1913 1912 1912 1912 1912 1911 1911 1914 1914 1918 1918 1925 1925 1915 1915 1922 1922 1923 1923 1924 1924 1924 1924 1915 1915 1922 1922 1921 1921 1926 1926 1927 1927 1919 1919 1920 1920 1927 1927 1926 1926 1921 1921 1922 1922 1915 1915 1916 1916 1917 1917 1922 1922 1915 1915 1925 1925 1927 1927 1920 1920 1921 1921 1918 1918 1919 1919 1927 1927 1922 1922 1925 1925 1926 1926 1917 1917 1918 1918 1915 1915 1927 1927 1925 1925 1918 1918 1929 1929 1930 1930 1931 1931 1931 1931 1928 1928 1929 1929 1932 1932 1934 1934 1935 1935 1935 1935 1933 1933 1932 1932 1937 1937 1936 1936 1939 1939 1939 1939 1938 1938 1937 1937 1942 1942 1941 1941 1954 1954 1954 1954 1943 1943 1942 1942 1957 1957 1956 1956 1945 1945 1941 1941 1949 1949 1950 1950 1946 1946 1945 1945 1956 1956 1940 1940 1948 1948 1955 1955 1947 1947 1956 1956 1955 1955 1955 1955 1957 1957 1940 1940 1940 1940 1957 1957 1944 1944 1945 1945 1944 1944 1957 1957 1951 1951 1940 1940 1944 1944 1950 1950 1954 1954 1941 1941 1943 1943 1954 1954 1953 1953 1952 1952 1951 1951 1944 1944 1947 1947 1946 1946 1956 1956 1955 1955 1948 1948 1947 1947 1952 1952 1944 1944 1943 1943 1953 1953 1952 1952 1943 1943 1961 1961 1958 1958 1959 1959 1958 1958 1961 1961 1960 1960 1965 1965 1963 1963 1962 1962 1962 1962 1964 1964 1965 1965 1967 1967 1969 1969 1968 1968 1968 1968 1966 1966 1967 1967 1973 1973 1970 1970 1971 1971 1971 1971 1972 1972 1973 1973 2022 2022 2018 2018 2017 2017 1999 1999 1998 1998 2145 2145 2145 2145 2142 2142 1999 1999 2029 2029 2121 2121 2030 2030 2027 2027 2028 2028 1976 1976 2023 2023 2026 2026 2024 2024 2039 2039 2040 2040 2036 2036 2019 2019 2022 2022 2017 2017 2017 2017 2020 2020 2021 2021 1999 1999 2142 2142 2000 2000 2016 2016 2017 2017 2018 2018 2015 2015 1976 1976 1998 1998 1998 1998 2018 2018 2015 2015 1998 1998 1997 1997 2016 2016 2070 2070 1975 1975 2176 2176 2182 2182 2178 2178 2002 2002 2187 2187 1980 1980 2184 2184 2139 2139 2140 2140 1985 1985 2007 2007 2036 2036 2040 2040 2039 2039 1978 1978 2040 2040 2038 2038 2005 2005 1991 1991 1978 1978 2039 2039 2037 2037 2037 2037 2038 2038 1977 1977 1991 1991 1977 1977 2038 2038 2038 2038 2037 2037 2004 2004 2047 2047 2054 2054 2055 2055 2039 2039 2036 2036 2035 2035 2140 2140 2138 2138 2075 2075 2039 2039 2035 2035 2034 2034 2039 2039 2034 2034 2033 2033 2039 2039 2033 2033 2032 2032 2039 2039 2032 2032 2031 2031 1976 1976 2028 2028 1994 1994 2040 2040 1978 1978 2041 2041 2001 2001 2145 2145 1975 1975 2148 2148 1982 1982 1983 1983 2089 2089 1986 1986 2000 2000 2137 2137 2143 2143 2075 2075 1975 1975 1998 1998 1976 1976 2161 2161 1982 1982 2160 2160 2165 2165 2162 2162 2047 2047 2164 2164 2169 2169 2163 2163 1981 1981 2170 2170 2167 2167 2156 2156 1983 1983 2070 2070 1975 1975 2199 2199 2002 2002 1983 1983 2156 2156 2148 2148 2199 2199 2185 2185 2002 2002 2107 2107 2113 2113 2111 2111 2162 2162 2175 2175 2047 2047 1987 1987 1988 1988 2115 2115 2119 2119 2113 2113 1987 1987 2063 2063 2067 2067 2070 2070 2118 2118 2117 2117 1987 1987 1976 1976 1988 1988 2027 2027 2133 2133 2136 2136 1985 1985 2133 2133 1985 1985 2135 2135 2133 2133 2135 2135 2134 2134 2136 2136 2139 2139 1985 1985 1975 1975 2070 2070 2001 2001 2128 2128 2026 2026 2025 2025 2131 2131 1995 1995 2030 2030 2130 2130 2025 2025 2027 2027 2037 2037 1977 1977 1978 1978 1996 1996 2131 2131 1989 1989 2126 2126 1989 1989 2131 2131 1980 1980 2050 2050 2179 2179 2049 2049 2047 2047 2166 2166 2014 2014 2075 2075 2145 2145 2021 2021 2019 2019 2017 2017 1975 1975 2145 2145 1998 1998 2046 2046 2056 2056 2058 2058 2181 2181 2179 2179 2050 2050 2052 2052 2060 2060 2057 2057 2050 2050 1980 1980 2059 2059 1980 1980 1981 1981 2059 2059 1981 1981 2060 2060 2058 2058 1981 1981 2055 2055 2057 2057 2101 2101 2103 2103 1997 1997 2102 2102 1987 1987 1997 1997 2049 2049 2054 2054 2047 2047 2048 2048 2009 2009 2050 2050 2058 2058 2051 2051 2046 2046 2064 2064 2069 2069 2001 2001 2052 2052 2057 2057 2053 2053 2070 2070 1983 1983 2071 2071 2044 2044 2211 2211 2045 2045 2044 2044 1978 1978 2211 2211 2044 2044 2043 2043 2041 2041 2058 2058 2059 2059 1981 1981 2001 2001 2069 2069 2066 2066 2078 2078 2084 2084 2082 2082 2062 2062 2072 2072 2068 2068 2065 2065 2068 2068 2061 2061 2068 2068 2065 2065 2062 2062 2055 2055 1981 1981 2047 2047 2056 2056 2059 2059 2058 2058 2057 2057 2060 2060 1981 1981 2041 2041 1978 1978 2044 2044 2066 2066 1984 1984 2001 2001 2106 2106 2016 2016 2109 2109 2109 2109 2105 2105 2106 2106 2146 2146 2154 2154 2070 2070 2177 2177 2183 2183 1980 1980 2098 2098 2101 2101 2097 2097 2129 2129 2122 2122 2120 2120 2152 2152 2176 2176 1982 1982 2180 2180 2182 2182 2002 2002 2179 2179 2177 2177 1980 1980 1984 1984 2066 2066 2068 2068 2183 2183 2002 2002 1980 1980 2178 2178 2181 2181 2050 2050 2183 2183 2180 2180 2002 2002 1979 1979 1980 1980 2187 2187 2185 2185 1979 1979 2188 2188 2203 2203 2199 2199 1975 1975 2157 2157 2158 2158 2153 2153 2070 2070 2154 2154 2156 2156 1978 1978 1979 1979 2206 2206 2203 2203 2215 2215 2199 2199 2211 2211 2203 2203 1975 1975 2201 2201 2202 2202 2200 2200 2178 2178 2050 2050 2002 2002 2155 2155 2146 2146 2176 2176 2214 2214 2213 2213 2208 2208 2041 2041 2042 2042 2040 2040 2107 2107 2111 2111 2104 2104 1979 1979 2199 2199 2207 2207 2216 2216 2207 2207 2215 2215 2207 2207 2199 2199 2215 2215 2215 2215 2204 2204 2216 2216 2205 2205 2216 2216 2204 2204 2212 2212 2206 2206 1979 1979 1987 1987 2114 2114 2119 2119 2186 2186 2187 2187 2184 2184 2214 2214 2205 2205 2213 2213 2210 2210 2216 2216 2205 2205 2209 2209 2211 2211 1978 1978 2205 2205 2214 2214 2210 2210 2206 2206 2209 2209 1978 1978 2207 2207 2212 2212 1979 1979 2012 2012 2010 2010 2011 2011 2141 2141 1986 1986 2142 2142 2135 2135 1985 1985 1986 1986 2107 2107 2118 2118 2113 2113 2079 2079 2014 2014 2001 2001 2145 2145 2001 2001 2014 2014 2067 2067 2064 2064 2001 2001 2067 2067 2001 2001 2070 2070 2011 2011 2013 2013 2012 2012 2143 2143 2144 2144 2145 2145 2010 2010 2009 2009 2011 2011 2023 2023 2025 2025 2026 2026 2002 2002 2050 2050 2009 2009 2010 2010 2049 2049 2166 2166 2010 2010 2002 2002 2009 2009 2008 2008 2045 2045 2211 2211 2040 2040 2008 2008 2007 2007 2006 2006 2007 2007 2008 2008 2149 2149 2152 2152 1982 1982 2074 2074 2073 2073 2001 2001 1988 1988 2015 2015 2115 2115 2166 2166 1975 1975 2002 2002 2092 2092 2100 2100 1986 1986 2152 2152 2147 2147 2176 2176 2151 2151 2158 2158 2157 2157 2152 2152 2159 2159 2147 2147 2153 2153 2147 2147 2159 2159 2112 2112 2110 2110 2108 2108 2153 2153 2159 2159 2157 2157 1982 1982 2150 2150 2149 2149 2000 2000 2142 2142 2087 2087 2147 2147 2155 2155 2176 2176 2068 2068 1983 1983 1984 1984 2146 2146 2070 2070 2176 2176 2145 2145 2075 2075 2143 2143 2074 2074 2084 2084 2073 2073 1974 1974 2211 2211 1975 1975 1994 1994 1993 1993 1976 1976 2030 2030 1995 1995 1994 1994 1994 1994 2028 2028 2030 2030 2028 2028 2029 2029 2030 2030 2075 2075 2086 2086 2076 2076 2082 2082 2085 2085 2078 2078 2078 2078 2073 2073 2084 2084 2129 2129 2123 2123 2122 2122 1984 1984 2077 2077 2074 2074 2082 2082 2083 2083 2085 2085 2014 2014 2086 2086 2075 2075 2080 2080 2081 2081 1984 1984 2081 2081 2077 2077 1984 1984 2073 2073 2079 2079 2001 2001 1992 1992 1976 1976 1993 1993 2002 2002 2185 2185 2189 2189 2010 2010 2166 2166 2002 2002 2018 2018 1998 1998 2016 2016 2121 2121 2125 2125 2030 2030 1983 1983 2068 2068 2072 2072 2115 2115 2114 2114 1987 1987 2015 2015 1988 1988 1976 1976 2097 2097 1997 1997 2000 2000 1997 1997 2103 2103 2102 2102 2094 2094 1986 1986 1987 1987 2004 2004 2003 2003 2038 2038 1987 1987 2102 2102 2094 2094 2072 2072 2071 2071 1983 1983 1997 1997 2097 2097 2101 2101 2096 2096 2000 2000 1986 1986 2100 2100 2096 2096 1986 1986 2000 2000 2096 2096 2099 2099 2097 2097 2095 2095 2093 2093 2138 2138 2137 2137 2075 2075 2133 2133 2134 2134 2132 2132 2199 2199 1979 1979 2196 2196 2197 2197 2195 2195 2190 2190 2194 2194 2193 2193 2185 2185 2193 2193 2192 2192 2185 2185 2197 2197 2190 2190 2191 2191 2189 2189 2184 2184 1980 1980 2187 2187 2188 2188 1979 1979 2197 2197 2196 2196 1979 1979 2075 2075 1985 1985 2140 2140 1997 1997 1998 1998 2000 2000 2129 2129 2130 2130 1988 1988 2025 2025 2130 2130 2128 2128 2131 2131 1996 1996 1995 1995 2125 2125 2129 2129 2126 2126 2074 2074 2001 2001 1984 1984 2130 2130 2027 2027 1988 1988 1997 1997 2116 2116 2109 2109 2168 2168 2172 2172 2166 2166 1979 1979 2195 2195 2197 2197 1987 1987 2113 2113 2118 2118 2117 2117 2116 2116 1997 1997 2114 2114 2108 2108 2119 2119 1997 1997 1987 1987 2117 2117 2109 2109 2016 2016 1997 1997 2108 2108 2114 2114 2112 2112 2148 2148 2150 2150 1982 1982 1980 1980 2002 2002 2189 2189 2202 2202 2194 2194 2198 2198 2198 2198 2200 2200 2202 2202 2194 2194 2185 2185 2198 2198 2199 2199 2198 2198 2185 2185 2192 2192 1979 1979 2185 2185 1979 1979 2192 2192 2195 2195 2092 2092 2094 2094 2091 2091 2163 2163 2171 2171 2164 2164 2170 2170 1981 1981 1982 1982 2167 2167 2165 2165 1981 1981 2166 2166 2175 2175 2168 2168 2160 2160 2166 2166 2172 2172 2161 2161 2170 2170 1982 1982 2176 2176 1975 1975 2166 2166 2092 2092 1986 1986 2094 2094 2097 2097 2093 2093 2098 2098 2126 2126 1990 1990 1989 1989 2087 2087 2090 2090 2000 2000 1986 1986 2089 2089 2088 2088 2088 2088 2087 2087 2142 2142 2142 2142 1986 1986 2088 2088 2000 2000 2099 2099 2097 2097 2076 2076 1985 1985 2075 2075 2080 2080 1984 1984 1985 1985 1985 1985 2076 2076 2080 2080 1982 1982 2176 2176 2160 2160 2126 2126 1988 1988 1990 1990 2126 2126 2127 2127 2125 2125 2121 2121 2129 2129 2125 2125 2129 2129 2121 2121 2124 2124 2129 2129 2124 2124 2123 2123 1986 1986 2141 2141 2135 2135 2166 2166 2047 2047 2175 2175 2161 2161 2160 2160 2172 2172 2163 2163 2173 2173 2174 2174 2163 2163 2161 2161 2172 2172 2163 2163 2174 2174 2171 2171 2172 2172 2173 2173 2163 2163 1988 1988 2126 2126 2129 2129 2047 2047 1981 1981 2165 2165 2225 2225 2219 2219 2222 2222 2224 2224 2217 2217 2218 2218 2222 2222 2221 2221 2225 2225 2220 2220 2219 2219 2217 2217 2220 2220 2222 2222 2219 2219 2217 2217 2224 2224 2220 2220 2218 2218 2223 2223 2224 2224 2228 2228 2227 2227 2226 2226 2231 2231 2229 2229 2230 2230 2233 2233 2232 2232 2234 2234 2235 2235 2237 2237 2236 2236 2239 2239 2240 2240 2238 2238 2241 2241 2242 2242 2243 2243 2244 2244 2245 2245 2246 2246 2248 2248 2249 2249 2247 2247 2250 2250 2252 2252 2251 2251 2255 2255 2253 2253 2254 2254 2256 2256 2258 2258 2257 2257 2259 2259 2261 2261 2260 2260 2262 2262 2264 2264 2263 2263 2265 2265 2266 2266 2267 2267 2268 2268 2270 2270 2269 2269 2273 2273 2271 2271 2272 2272 2274 2274 2276 2276 2275 2275 2277 2277 2279 2279 2278 2278 2281 2281 2282 2282 2280 2280 2283 2283 2284 2284 2285 2285 2288 2288 2287 2287 2286 2286 2289 2289 2291 2291 2290 2290 2292 2292 2294 2294 2293 2293 2297 2297 2296 2296 2295 2295 2298 2298 2299 2299 2300 2300 2303 2303 2302 2302 2301 2301 2306 2306 2305 2305 2304 2304 2307 2307 2308 2308 2309 2309 2310 2310 2312 2312 2311 2311 2315 2315 2313 2313 2314 2314 2318 2318 2316 2316 2317 2317 2319 2319 2321 2321 2320 2320 2324 2324 2322 2322 2323 2323 2327 2327 2326 2326 2325 2325 2328 2328 2330 2330 2329 2329 2331 2331 2333 2333 2332 2332 2336 2336 2335 2335 2334 2334 2337 2337 2338 2338 2339 2339 2340 2340 2342 2342 2341 2341 2344 2344 2345 2345 2343 2343 2348 2348 2346 2346 2347 2347 2351 2351 2349 2349 2350 2350 2354 2354 2353 2353 2352 2352 2355 2355 2356 2356 2357 2357 2360 2360 2359 2359 2358 2358 2361 2361 2363 2363 2362 2362 2364 2364 2366 2366 2365 2365 2367 2367 2369 2369 2368 2368 2372 2372 2371 2371 2370 2370 2373 2373 2375 2375 2374 2374 2378 2378 2376 2376 2377 2377 2379 2379 2380 2380 2381 2381 2384 2384 2383 2383 2382 2382 2385 2385 2387 2387 2386 2386 2389 2389 2388 2388 2390 2390 2393 2393 2392 2392 2391 2391 2394 2394 2395 2395 2396 2396 2399 2399 2398 2398 2397 2397 2402 2402 2401 2401 2400 2400 2403 2403 2404 2404 2405 2405 2406 2406 2407 2407 2408 2408 2411 2411 2410 2410 2409 2409 2414 2414 2412 2412 2413 2413 2415 2415 2417 2417 2416 2416 2420 2420 2419 2419 2418 2418 2423 2423 2421 2421 2422 2422 2424 2424 2426 2426 2425 2425 2427 2427 2429 2429 2428 2428 2431 2431 2430 2430 2432 2432 2434 2434 2435 2435 2433 2433 2436 2436 2437 2437 2438 2438 2441 2441 2439 2439 2440 2440 2442 2442 2443 2443 2444 2444 2445 2445 2446 2446 2447 2447 2450 2450 2449 2449 2448 2448 2453 2453 2451 2451 2452 2452 2456 2456 2455 2455 2454 2454 2459 2459 2457 2457 2458 2458 2462 2462 2461 2461 2460 2460 2463 2463 2464 2464 2465 2465 2466 2466 2468 2468 2467 2467 2469 2469 2470 2470 2471 2471 2474 2474 2472 2472 2473 2473 2475 2475 2476 2476 2477 2477 2478 2478 2480 2480 2479 2479 2483 2483 2482 2482 2481 2481 2486 2486 2485 2485 2484 2484 2487 2487 2489 2489 2488 2488 2492 2492 2490 2490 2491 2491 2493 2493 2494 2494 2495 2495 2496 2496 2497 2497 2498 2498 2501 2501 2499 2499 2500 2500 2502 2502 2504 2504 2503 2503 2507 2507 2506 2506 2505 2505 2510 2510 2508 2508 2509 2509 2511 2511 2512 2512 2513 2513 2516 2516 2514 2514 2515 2515 2517 2517 2518 2518 2519 2519 2522 2522 2521 2521 2520 2520 2525 2525 2524 2524 2523 2523 2526 2526 2528 2528 2527 2527 2529 2529 2530 2530 2531 2531 2534 2534 2533 2533 2532 2532 2537 2537 2535 2535 2536 2536 2540 2540 2539 2539 2538 2538 2541 2541 2542 2542 2543 2543 2544 2544 2545 2545 2546 2546 2549 2549 2548 2548 2547 2547 2552 2552 2551 2551 2550 2550 2555 2555 2554 2554 2553 2553 2556 2556 2557 2557 2558 2558 2559 2559 2560 2560 2561 2561 2564 2564 2563 2563 2562 2562 2565 2565 2566 2566 2567 2567 2568 2568 2570 2570 2569 2569 2573 2573 2571 2571 2572 2572 2574 2574 2575 2575 2576 2576 2577 2577 2579 2579 2578 2578 2580 2580 2581 2581 2582 2582 2583 2583 2585 2585 2584 2584 2586 2586 2588 2588 2587 2587 2589 2589 2591 2591 2590 2590 2594 2594 2592 2592 2593 2593 2595 2595 2597 2597 2596 2596 2598 2598 2600 2600 2599 2599 2602 2602 2603 2603 2601 2601 2606 2606 2604 2604 2605 2605 2607 2607 2608 2608 2609 2609 2610 2610 2612 2612 2611 2611 2615 2615 2614 2614 2613 2613 2616 2616 2617 2617 2618 2618 2621 2621 2619 2619 2620 2620 2624 2624 2623 2623 2622 2622 2627 2627 2626 2626 2625 2625 2628 2628 2629 2629 2630 2630 2631 2631 2633 2633 2632 2632 2634 2634 2636 2636 2635 2635 2637 2637 2639 2639 2638 2638 2642 2642 2640 2640 2641 2641 2643 2643 2644 2644 2645 2645 2646 2646 2648 2648 2647 2647 2649 2649 2651 2651 2650 2650 2654 2654 2652 2652 2653 2653 2657 2657 2655 2655 2656 2656 2659 2659 2660 2660 2658 2658 2661 2661 2662 2662 2663 2663 2664 2664 2665 2665 2666 2666 2669 2669 2667 2667 2668 2668 2672 2672 2670 2670 2671 2671 2673 2673 2674 2674 2675 2675 2678 2678 2677 2677 2676 2676 2679 2679 2681 2681 2680 2680 2682 2682 2684 2684 2683 2683 2687 2687 2685 2685 2686 2686 2690 2690 2688 2688 2689 2689 2691 2691 2693 2693 2692 2692 2695 2695 2694 2694 2696 2696 2699 2699 2697 2697 2698 2698 2700 2700 2702 2702 2701 2701 2703 2703 2705 2705 2704 2704 2708 2708 2707 2707 2706 2706 2711 2711 2709 2709 2710 2710 2712 2712 2714 2714 2713 2713 2715 2715 2717 2717 2716 2716 2718 2718 2720 2720 2719 2719 2723 2723 2722 2722 2721 2721 2726 2726 2724 2724 2725 2725 2729 2729 2728 2728 2727 2727 2730 2730 2732 2732 2731 2731 2733 2733 2734 2734 2735 2735 2738 2738 2737 2737 2736 2736 2739 2739 2740 2740 2741 2741 2743 2743 2742 2742 2744 2744 2746 2746 2745 2745 2747 2747 2748 2748 2750 2750 2749 2749</p>
        </triangles>
      </mesh>
    </geometry>
  </library_geometries>
  <library_materials>
    <material id="chrome-material" name="chrome">
      <instance_effect url="#chrome-effect"/>
    </material>
  </library_materials>
  <library_visual_scenes>
    <visual_scene id="scene">
      <node id="node_g0_chrome" name="node_g0_chrome">
        <instance_geometry url="#g0_chrome">
          <bind_material>
            <technique_common>
              <instance_material symbol="chrome-ref" target="#chrome-material"/>
            </technique_common>
          </bind_material>
        </instance_geometry>
      </node>
    </visual_scene>
  </library_visual_scenes>
  <scene>
    <instance_visual_scene url="#scene"/>
  </scene>
</COLLADA>
