<COLLADA xmlns="http://www.collada.org/2005/11/COLLADASchema" version="1.4.1">
  <asset>
    <created>2026-09-29T18:16:48.113246</created>
    <modified>2026-09-29T18:16:48.113247</modified>
    <unit name="meter" meter="1.0"/>
    <up_axis>Z_UP</up_axis>
  </asset>
  <library_effects>
    <effect id="chrome-effect" name="chrome-effect">
      <profile_COMMON>
        <technique sid="common">
          <phong>
            <emission>
              <color>0 0 0 1.0</color>
            </emission>
            <ambient>
              <color>0.432 0.438 0.45599999999999996 1.0</color>
            </ambient>
            <diffuse>
              <color>0.72 0.73 0.76 1.0</color>
            </diffuse>
            <specular>
              <color>0.95 0.95 0.95 1.0</color>
            </specular>
            <shininess>
              <float>80.0</float>
            </shininess>
            <reflective>
              <color>0.0 0.0 0.0 1.0</color>
            </reflective>
            <reflectivity>
              <float>0.0</float>
            </reflectivity>
            <transparent>
              <color>0.0 0.0 0.0 1.0</color>
            </transparent>
            <transparency>
              <float>1.0</float>
            </transparency>
          </phong>
        </technique>
        <extra>
          <technique profile="GOOGLEEARTH">
            <double_sided>0</double_sided>
          </technique>
        </extra>
      </profile_COMMON>
    </effect>
  </library_effects>
  <library_geometries>
    <geometry id="g0_chrome" name="g0_chrome">
      <mesh>
        <source id="g0_chrome-pos">
          <float_array count="8343" id="g0_chrome-pos-array">0.0041868 0.0080235 0.1135465 0.0079831 -0.0062953 0.0993154 0.0081984 0.0047245 0.0985286 0.0042302 -0.0086611 0.1133022 0.0032634 0.003434 0.1169253 0.0084859 -0.0018386 0.0973899 0.0085217 0.0003237 0.0972318 0.0031759 -0.0032809 0.117166 0.0072225 0.0088783 0.1020345 0.0048713 0.0098924 0.1107783 0.0065516 -0.0103866 0.104439 0.0083897 0.0031175 0.0975553 0.0053132 0.0104296 0.1090178 0.0077688 -0.0074872 0.0997875 0.0059675 -0.0108742 0.1065104 0.0043196 -0.0094102 0.1126739 0.0058692 0.010589 0.1068769 0.0064364 0.0102531 0.1047558 0.0082173 -0.0049189 0.0979872 0.0032587 -0.0054019 0.1165198 0.0028875 0.0001125 0.1178499 0.00293 0.0017035 0.1176957 0.0031561 0.0044419 0.1168585 0.0048564 -0.0105434 0.1104598 0.0033326 0.0058553 0.1161246 0.0035889 -0.0075202 0.1151278 0.0084589 -0.0012671 0.0968601 0.0068412 -0.0100663 0.102881 0.0042481 0.0093797 0.1125417 0.0078068 0.0068541 0.0992331 0.0079106 -0.0066411 0.098806 0.0073904 -0.008736 0.1007441 0.0038711 0.0085142 0.1138557 0.0069522 0.0095198 0.1023421 0.0062263 0.0105729 0.1049612 0.0080998 0.0050128 0.0979428 0.0058706 0.0108208 0.1061898 0.0062861 -0.0108585 0.1045742 0.0051992 -0.0111508 0.1086361 0.005509 -0.0112649 0.1073718 0.004208 -0.0100306 0.112238 0.0082127 -0.0038431 0.0971775 0.0049443 0.0107813 0.1093218 0.0082853 -0.0025881 0.0967955 0.0076354 -0.0075242 0.0992104 0.0041106 0.0097294 0.1123167 0.0083077 0.0013391 0.0966048 0.0026559 -0.0031404 0.1177168 0.0073447 0.008199 0.1001025 0.008115 0.0038969 0.0972109 0.0082392 0.0023183 0.0967421 0.0070077 -0.0095136 0.1013108 0.0067119 -0.0101779 0.1024144 0.0037849 -0.0094597 0.1133567 0.0024989 0.0011141 0.1180685 0.0033515 0.0078323 0.1149013 0.006527 0.0101611 0.1030389 0.0034146 -0.0084561 0.1146181 0.0079221 -0.0054098 0.0976502 0.0027585 -0.0053234 0.1169504 0.0027206 -0.0050259 0.117093 0.0025266 0.003073 0.1177095 0.0052086 0.0110994 0.107708 0.0031021 -0.0075372 0.1155277 0.0029431 -0.0067529 0.1161242 0.0024629 -0.0025211 0.1179312 0.0023725 0.0007907 0.1181434 0.0029036 0.0063617 0.1161743 0.0023526 0.0014563 0.118081 0.0025333 0.0040318 0.1174131 0.0073866 -0.0078881 0.0992385 0.0044603 -0.0110913 0.110167 0.0023325 -0.0012096 0.1181486 0.0060444 0.0107169 0.1041678 0.0069678 0.0089374 0.1007113 0.0076736 0.0060281 0.0980647 0.0075238 -0.0071373 0.0985864 0.005794 -0.0112904 0.1050399 0.004638 0.0109933 0.1092814 0.0064929 0.010003 0.1023455 0.0028495 0.0069436 0.1158079 0.0034142 0.0090254 0.1137035 0.0040998 0.0104626 0.1111451 0.0074034 0.0071273 0.0987874 0.0080674 -0.0013128 0.0962812 0.0079911 -0.002965 0.0965614 0.0031468 -0.0085671 0.1146519 0.0067972 -0.0094848 0.1008564 0.0059401 -0.0110964 0.1040554 0.0079777 -0.0019836 0.0963149 0.0037058 -0.010319 0.1122579 0.0027275 0.0069719 0.1158117 0.0047442 0.0111995 0.108286 0.0025735 -0.0065615 0.116348 0.0020435 0.0008025 0.1181959 0.0029208 0.0079811 0.1149374 0.005141 0.0112543 0.1066486 0.0064671 0.0097523 0.1016878 0.0065432 -0.0098913 0.1013462 0.0050553 -0.011612 0.1069027 0.0046201 -0.0115301 0.1085295 0.0026874 -0.0073819 0.1157656 0.0022809 -0.0047979 0.1172923 0.007566 0.0052137 0.0974109 0.0077417 -0.003952 0.0967278 0.0076438 -0.0048927 0.097091 0.0020083 0.0020887 0.1180174 0.003467 0.009819 0.1125879 0.0042747 0.0110139 0.1095722 0.0059545 0.0105646 0.1032924 0.0068326 0.00857 0.1000045 0.0078342 0.0017121 0.0962408 0.007873 -0.000308 0.0960902 0.0053792 -0.0114867 0.1053787 0.0018572 0.0055274 0.1167546 0.0068584 0.0067031 0.0980649 0.0074198 -0.0014682 0.0959428 0.0073607 -0.0027809 0.09616 0.0070469 -0.0058744 0.0973241 0.0017396 -0.0050487 0.1171634 0.0015646 -0.0031725 0.1178231 0.0014694 -0.0008747 0.1181853 0.0044658 0.0113334 0.1051762 0.0061347 0.0080282 0.0989289 0.0065148 0.0062047 0.0975029 0.0068513 0.0034916 0.096237 0.0023151 -0.0098654 0.1131535 0.0020386 -0.0090581 0.1141893 0.0015163 -0.0068292 0.1161479 0.0011055 -0.0035178 0.1176929 0.0031364 0.0114491 0.1082939 0.0045145 0.0109257 0.1031414 0.0054277 0.0089864 0.0997227 0.0065393 0.0012115 0.0955453 0.0065583 -0.000475 0.0954695 0.0043493 -0.0114514 0.1036943 0.003138 -0.011804 0.1082209 0.0010375 -0.0068735 0.116086 0.0006094 0.0067854 0.1158684 0.0015155 0.0099655 0.1124912 0.0030208 0.0116192 0.1068696 0.0058327 0.0048015 0.0963395 0.005869 -0.00477 0.0961762 0.0053564 -0.0079266 0.0980831 0.0042225 -0.0110706 0.1023124 0.0036339 -0.0117527 0.1045102 0.0019917 -0.0112213 0.1106501 -0.0003102 0.0034885 0.1174343 0.001603 0.011023 0.110305 0.0040023 0.0103813 0.1013352 0.0051683 0.006318 0.0969652 0.0056625 0.0002056 0.0951006 0.0044513 -0.0095962 0.0995992 0.0041582 -0.0103604 0.1006924 0.0019443 -0.011756 0.1089634 0.0004195 -0.0085178 0.1146719 -0.0004308 -0.0019099 0.1178693 -0.0008955 0.0018403 0.1177508 0.0002762 0.0092913 0.1133929 0.0003476 0.0094953 0.1131266 0.0027067 0.0115276 0.1043149 0.0045029 0.0074474 0.0975892 0.004613 -0.007193 0.0971355 0.0043257 -0.0085002 0.0982055 0.0021797 -0.0120708 0.1062164 0.0002076 -0.0094683 0.1135952 -0.0002338 -0.0077908 0.1152495 -0.0006196 -0.0054998 0.1166983 -0.0010555 0.0054155 0.1164894 -0.0010125 0.0057173 0.1163297 0.0004964 0.0108623 0.1107047 0.0026712 0.0111306 0.1025765 0.0003353 -0.0109553 0.1112438 -0.0004661 -0.0088199 0.1142452 -0.0012352 -0.0042534 0.1171331 -0.00179 0.0028638 0.1173549 -0.0017659 0.0031962 0.1172658 -0.0013442 0.0066093 0.1156994 -0.0003728 0.0101182 0.112079 0.0009768 0.0117647 0.1070393 0.0037935 0.0063834 0.0964957 0.0042822 0.000899 0.0946532 0.0039302 -0.0057716 0.0959495 0.0034656 -0.0082975 0.0976786 0.0029975 -0.0098937 0.0994236 0.0022916 -0.011359 0.1020581 0.0001943 -0.0115007 0.1098966 -0.0004476 -0.0103186 0.1122994 -0.001475 0.0082195 0.1143188 0.0013961 0.0115471 0.1035969 0.0019892 0.0108013 0.1013781 0.0023066 0.0101726 0.1001897 0.0035069 0.0051969 0.0956892 0.0037029 0.0032722 0.0949511 0.0037848 -0.0021976 0.0946289 0.0036767 -0.0038735 0.0950281 0.0031751 -0.0075199 0.0968924 0.0013977 -0.0118727 0.1035234 0.0010451 -0.0120949 0.1048404 0.0007777 -0.0121578 0.1058397 -0.0016536 -0.0078461 0.1149397 -0.0019128 -0.0064439 0.1159126 -0.0022383 -0.0036135 0.1171374 -0.002365 -0.0005527 0.1176199 -0.0003143 0.0116117 0.1081148 0.0025339 0.0080298 0.0974586 -0.0001363 -0.0120729 0.1073807 -0.0004873 -0.0118196 0.1086937 -0.0027907 -0.0022709 0.1173306 -0.0028164 -0.0015869 0.1174287 -0.0032849 0.001174 0.1173121 -0.002078 0.0093709 0.1128245 0.0016681 0.0094151 0.0988228 0.0025732 -0.0054763 0.0953966 -0.0032848 -0.0015865 0.1173034 -0.0037661 0.0004847 0.1172329 -0.0033638 0.0057432 0.1157447 -0.0021707 0.0103088 0.1112983 -0.0008073 0.0118066 0.1062065 -0.0003613 0.0117621 0.1045395 0.0001645 0.0113826 0.1025729 0.0024144 0.0009022 0.0941333 0.0024209 -0.0008238 0.0941038 7.98e-05 -0.0117916 0.1028228 -0.0041715 0.0021936 0.1168788 -0.0040511 0.0038542 0.1164338 -0.0035235 0.0074376 0.1144721 -0.0023968 0.0107552 0.1102703 -0.0019778 0.0113444 0.1087059 0.0003538 0.0103273 0.0999882 0.0010621 0.0082592 0.0973348 0.0009345 -0.0090243 0.0977619 0.0002765 -0.0107936 0.1002159 -0.0007396 -0.0120333 0.1040104 -0.0010952 -0.0121368 0.105339 -0.0022304 -0.011383 0.1095842 -0.0031473 -0.0093 0.1130176 -0.0035225 -0.0078322 0.1144241 -0.0042019 -0.0019242 0.1169806 -0.0043313 0.005418 0.1156129 -0.0042883 0.0057198 0.1154532 -0.0036779 0.0086645 0.1131803 -0.0020959 0.0116157 0.1072759 0.0002565 -0.0096629 0.0984216 -0.0038052 -0.0085765 0.1136063 -0.0044097 -0.0052046 0.1158754 -0.0045665 -0.0035976 0.1164659 -0.0046121 -0.002933 0.1166386 -0.0044442 0.0073948 0.114171 -0.003639 0.0100619 0.111169 -0.0015027 0.0115309 0.1031887 -0.0010746 0.0110964 0.1015874 -0.0001478 0.0091281 0.0981174 -0.0011574 -0.0115177 0.1018312 -0.0026469 -0.0118678 0.1073977 -0.0029058 -0.0116358 0.1083659 -0.0038605 -0.0098776 0.1119396 -0.0055017 0.002837 0.1162443 -0.0037036 0.0107842 0.1095462 -0.0022331 0.0116272 0.1040525 -0.0012167 -0.0108413 0.1001886 -0.0051557 -0.0063697 0.1149242 -0.0055228 -0.0029119 0.1163063 -0.0055582 -0.0022431 0.1164406 -0.0060336 0.0011532 0.1163654 -0.0060223 0.0014903 0.116324 -0.0057736 0.0047409 0.1154041 -0.0029626 0.0116249 0.104917 -0.0024372 -0.011748 0.1028859 -0.0044781 -0.0105099 0.1105174 -0.0061014 0.0056152 0.1147746 -0.0041201 0.0112771 0.1073854 -0.0038621 0.0114545 0.1064215 -0.0026507 0.0111305 0.1018928 -0.0018551 0.0097731 0.0989152 -0.0038606 -0.0117985 0.1063485 -0.0055009 -0.0088896 0.1124879 -0.0064194 -0.0028818 0.1159385 -0.0069419 -0.0002025 0.1160477 -0.006076 0.0079838 0.112835 -0.0058188 0.0088867 0.1118761 -0.0054624 0.0098451 0.1105469 -0.0038875 -0.0118123 0.1045977 -0.0068175 -0.0035117 0.1155732 -0.0023253 -0.0084907 0.0969235 -0.0029478 -0.0102695 0.0992449 -0.0078084 0.0004746 0.1156059 -0.0075759 0.0043021 0.1147479 -0.0073132 0.0061814 0.1137713 -0.0054872 0.0110215 0.1069605 -0.0048092 0.0112951 0.1044268 -0.0033459 0.0097224 0.0989532 -0.0030788 0.0090374 0.0979526 -0.0027418 0.0079049 0.0966899 -0.00313 -0.0094769 0.0980905 -0.0065167 -0.0096632 0.1107485 -0.006922 -0.0083848 0.1122671 -0.0019745 -0.0028745 0.0937907 -0.0019741 -0.004849 0.0944489 -0.0019681 -0.0062238 0.0951572 -0.0015677 -0.0074041 0.0959798 -0.0007784 -0.0081744 0.0966774 0.0009788 -0.0082075 0.0969426 0.0018233 -0.007167 0.0962593 0.0020264 -0.0060293 0.0955632 0.0020258 -0.0036779 0.0945334 0.0020256 -0.0019468 0.0941317 0.0020253 0.0020398 0.0942063 0.0020254 0.0043418 0.0948985 0.0020256 0.005754 0.0956002 0.0019788 0.0063758 0.095978 0.0017267 0.0070899 0.0964364 0.0012613 0.0077088 0.0968529 0.0007584 0.0080288 0.0970532 -0.000588 0.0079802 0.0968275 -0.0013017 0.007473 0.0963217 -0.0019479 0.0061367 0.095312 -0.0021615 0.0046679 0.0945116 -0.0021933 0.0049251 0.0946311 -0.0019747 0.0048266 0.0945909 0.0019868 0.0060501 0.0942534 0.0015338 0.0068977 0.0941694 0.0010424 0.0073808 0.0950581 0.0006386 0.0073462 0.0935077 0.0005188 0.0075384 0.0950304 -0.0003471 0.0074303 0.0941693 -0.0011003 0.0071514 0.0935441 -0.0016759 0.0066366 0.0939104 -0.0019654 0.0058433 0.0939715 0.0019697 0.0061718 -0.0497297 0.001942 0.0081926 -0.0551992 0.0018839 0.0072653 -0.0526431 0.0018434 0.0067407 -0.0493476 0.0016348 0.0083471 -0.053976 0.0015211 0.0073089 -0.0499539 0.0010955 0.0076898 -0.0502229 0.0010949 0.0080055 -0.0517381 0.0010935 0.0095642 -0.0550949 0.0005842 0.00793 -0.0504967 0.0004023 0.0086118 -0.0528272 0.00034 0.010895 -0.0563829 0.000282 0.007819 -0.0489814 0.0002185 0.0098496 -0.0550956 0.0012174 0.0104576 -0.0563649 -0.0004045 0.011776 -0.0572174 -0.0005857 0.0102786 -0.0557108 -0.0006441 0.0082803 -0.0519766 -0.0006451 0.009398 -0.0544713 -0.000703 0.0079164 -0.0504985 -0.0009345 0.0076875 -0.048678 -0.0011032 0.0097655 -0.0553307 -0.0011562 0.0090736 -0.054305 -0.0012078 0.0082622 -0.0526319 -0.0015798 0.0072776 -0.0496352 -0.001659 0.0075009 -0.0515443 -0.0016601 0.0085376 -0.0542389 -0.0020199 0.0063696 -0.0504051 -0.0011925 0.0106352 -0.0564727 -0.0017324 0.009377 -0.0557593 -0.0019932 0.0082884 -0.0552402 -0.0019975 0.0058039 0.0344546 -0.0019998 0.0058229 0.0283924 0.0016167 -0.0071577 0.094772 0.0012542 -0.007335 0.0931605 0.0005799 -0.0077052 0.0943756 0.0003977 -0.0076299 0.0931524 0.0019692 0.0048622 -0.0541202 0.0019697 -0.0047137 -0.0544905 0.0019694 0.0030725 -0.0538103 0.0019697 -0.0023579 -0.0539324 0.0018442 -0.0060921 -0.0496798 0.0017653 -0.007018 -0.0536219 0.0015612 -0.0069137 -0.0522635 0.001345 -0.0076209 -0.0537412 0.001346 -0.0068795 -0.0509464 0.0011983 -0.0084203 -0.0551333 0.0008192 -0.0074982 -0.0524401 0.0007036 -0.0072181 -0.0509002 0.000584 -0.0080858 -0.0538895 0.000523 -0.0101264 -0.0570036 0.0005234 -0.0091555 -0.0557872 0.0003437 -0.007182 -0.0496525 0.0002817 -0.0075989 -0.0524117 0.0003443 -0.0110327 -0.0578563 0.0012965 -0.0093716 -0.0566533 0.0017034 -0.0083745 -0.0560542 0.0019524 -0.0072199 -0.0554598 -0.0008796 -0.0075746 0.0941355 -0.0016401 -0.0069282 0.093526 -0.0019744 -0.0059012 0.0935841 -0.0020053 -0.0056246 0.0116534 -0.0004619 -0.0073765 -0.0515058 -0.0005234 -0.0081053 -0.0538806 -0.0005845 -0.0093361 -0.0560406 -0.0008769 -0.0070809 -0.0496545 -0.001307 -0.0068523 -0.0496599 -0.001357 -0.007433 -0.053124 -0.0016585 -0.0069524 -0.0525921 -0.0017293 -0.006428 -0.0500023 -0.0018779 -0.0063665 -0.0516997 -0.0020245 -0.0055961 -0.0504018 -0.0020285 -0.0069781 -0.0553462 -0.0012803 -0.0095299 -0.0567553 -0.000585 -0.0107509 -0.0576317 -0.0018934 -0.0079253 -0.0558093 -0.0076018 0.0043981 0.1146876 -0.0020461 0.0030348 0.093918 -0.005173 -0.0115696 0.1055631 -0.007565 -0.0051016 0.1145224 -0.0078297 -0.0015492 0.1155222 -0.0071187 0.0075014 0.1127347 -0.0065933 0.0092744 0.1107758 -0.0040913 0.0108153 0.1014286 -0.0024971 0.0063674 0.0954571 -0.0023572 -0.0057835 0.0948992 -0.0057256 -0.011194 0.1074735 -0.0072312 -0.0073742 0.113112 -0.0077077 0.0040777 0.1147716 -0.0059311 0.0106281 0.1081502 -0.0019998 0.0003987 0.0934909 -0.0039638 -0.010904 0.1007347 -0.0044686 -0.0114256 0.10262 -0.0077941 -0.0035224 0.1150728 -0.0052893 0.0111936 0.1056002 -0.0045088 0.0110915 0.1026827 -0.0038427 0.0103369 0.1001906 -0.0021706 -0.0032901 0.0939015 -0.0022863 -0.0045609 0.0943302 -0.0078079 0.0037531 0.1148416 -0.0038011 -0.0104898 0.0998243 -0.0061657 -0.0107201 0.1086616 -0.0079418 0.0024618 0.1151898 -0.0065067 0.0098863 0.1095567 -0.0027799 -0.0065774 0.0954382 -0.0029925 -0.007632 0.0962298 -0.007267 0.0078919 0.1121128 -0.0070744 0.0085612 0.111395 -0.0031501 0.007823 0.0967249 -0.008083 -0.0025177 0.1151328 -0.0060437 0.0106898 0.1074131 -0.0043485 0.0105647 0.1010768 -0.0037997 0.0096221 0.0990229 -0.002455 0.0029876 0.0939776 -0.0023668 0.0013614 0.0936432 -0.007556 0.0068731 0.1129224 -0.0079086 0.0049107 0.1141056 -0.0064291 0.0102071 0.1085912 -0.0024269 -0.0009595 0.0935996 -0.0050864 -0.0113595 0.1035099 -0.0073519 -0.0082204 0.111987 -0.0080145 -0.0044006 0.1144745 -0.003552 -0.0089213 0.0976563 -0.005884 -0.0111892 0.106366 -0.0077601 -0.0064291 0.1133924 -0.0025476 -0.0022629 0.0937995 -0.0041656 -0.0102893 0.0998239 -0.0044825 -0.0107773 0.1010069 -0.0048119 -0.0111177 0.1022372 -0.0069375 -0.0096092 0.1101864 -0.0048443 0.0107714 0.1023035 -0.002866 -0.0053515 0.0948625 -0.0069165 0.009365 0.1099306 -0.0027612 0.0038742 0.0943836 -0.0083249 0.0007807 0.1150599 -0.0034952 -0.0081846 0.0969819 -0.0054336 0.0108913 0.1041762 -0.0031941 0.0064144 0.0957927 -0.0082307 -0.0034132 0.1145896 -0.0083531 -0.0005257 0.1150555 -0.0036213 0.0080727 0.0972927 -0.0083084 0.0023719 0.1146979 -0.0058184 0.0107736 0.1054155 -0.0027122 -0.0009423 0.0937713 -0.0063328 0.0103786 0.1072444 -0.0062506 -0.0108097 0.106876 -0.0056109 -0.0110894 0.104396 -0.0070684 -0.0094991 0.1096871 -0.0084161 -0.001476 0.1147474 -0.0078258 0.0065955 0.1124912 -0.0075445 0.0077624 0.1114431 -0.0046235 0.0099046 0.1005313 -0.0030421 -0.0040327 0.0945801 -0.0077177 -0.0074616 0.1120463 -0.0080164 -0.0059422 0.1131671 -0.0029897 -0.0031146 0.094319 -0.0049548 -0.0105765 0.1016424 -0.0066504 -0.0102575 0.107981 -0.0038936 0.008064 0.0976668 -0.0029435 0.0016011 0.0940969 -0.0046622 -0.0101408 0.1004868 -0.0082296 0.0040982 0.1138039 -0.0065982 0.0099386 0.1077231 -0.0032922 0.0051435 0.0953524 -0.0041073 -0.0089032 0.0983583 -0.0082936 -0.003891 0.1139676 -0.0083902 0.0022857 0.1142993 -0.0035111 0.0061528 0.0960739 -0.00361 -0.0069265 0.0964056 -0.0072704 0.008563 0.11009 -0.0030319 -0.0012197 0.0941832 -0.0052128 0.0101302 0.1023368 -0.0031901 -0.0036284 0.0947369 -0.0074037 -0.0085011 0.110472 -0.006013 -0.0105763 0.1052427 -0.0019747 -0.0010329 0.093508 -0.0040329 0.0129133 -0.0581312 -0.0040314 -0.0119952 -0.0586915 0.0039686 -0.0119946 -0.0586945 -0.004032 -0.0136566 -0.0604525 0.0039676 -0.0147453 -0.0619089 -0.0040326 -0.015077 -0.0624129 0.003967 -0.0156888 -0.0634609 -0.0040335 -0.016478 -0.065094 0.0039663 -0.0167047 -0.0656584 -0.0040307 -0.0085934 -0.0561762 -0.0040303 -0.0047141 -0.0544882 -0.0020303 -0.0035451 -0.0541719 -0.0040303 -0.000555 -0.0537137 -0.0020304 0.0006554 -0.0536676 -0.0040304 0.0012609 -0.0536728 -0.0020306 0.0030723 -0.0538088 -0.0040307 0.0042687 -0.0539953 -0.0020309 0.0054508 -0.0542604 -0.0040314 0.007751 -0.0550141 -0.0040322 0.0109717 -0.056685 0.0039675 0.0119665 -0.0573797 0.0039684 0.0088604 -0.0555042 0.003969 0.0060351 -0.0544233 0.0039695 0.0024705 -0.0537464 0.0039697 5.03e-05 -0.0536835 0.0039697 -0.0023578 -0.0539332 0.0039697 -0.0041317 -0.0543233 0.0039694 -0.0080636 -0.0558849 0.0039691 -0.0096217 -0.0568183 -0.0040379 0.0187607 -0.0702853 0.0039623 0.0187605 -0.0697741 -0.0040373 0.0187054 -0.0687442 0.0039633 0.0184928 -0.06722 -0.0040363 0.0182634 -0.0662145 0.0039643 0.0177933 -0.064749 -0.0040355 0.0176027 -0.0642682 -0.0040348 0.0166821 -0.0624305 0.0039652 0.0166826 -0.0624335 0.0039661 0.0151932 -0.0603414 -0.0040335 0.0145003 -0.0595781 0.0039666 0.0141355 -0.0592192 0.003956 0.0134274 -0.0874412 -0.004044 0.0134269 -0.0874382 0.003957 0.0153468 -0.0844063 -0.0040427 0.0156818 -0.0837678 0.0039579 0.0165883 -0.0818149 -0.0040418 0.0168554 -0.0811449 0.0039587 0.0173388 -0.0797943 -0.0040411 0.017553 -0.0791055 -0.0040404 0.0180894 -0.0770178 0.0039596 0.0180899 -0.0770208 0.0039607 0.0185487 -0.0741842 -0.004039 0.0186165 -0.0734658 0.0039655 -0.0174194 -0.0677806 -0.004035 -0.0177654 -0.0692804 -0.0040358 -0.0179827 -0.0713243 0.0039642 -0.0179822 -0.0713273 -0.0040366 -0.0179186 -0.0733787 0.003963 -0.0177807 -0.0744008 -0.0040373 -0.0175743 -0.075405 0.0039623 -0.0172983 -0.0763987 -0.0040381 -0.0169562 -0.0773653 -0.0040387 -0.0163197 -0.0787698 0.0039611 -0.0160754 -0.0792256 -0.0040407 -0.0132286 -0.0834925 0.0039593 -0.0132281 -0.0834956 -0.0040416 -0.011342 -0.0856599 0.0039579 -0.0103161 -0.08667 -0.0040423 -0.0097847 -0.0871502 0.0039569 -0.007536 -0.0889427 -0.0040433 -0.0069463 -0.0893497 0.0039563 -0.0057343 -0.090126 -0.004044 -0.0044848 -0.0908321 -0.0040445 -0.0025448 -0.0917715 0.0039555 -0.0025443 -0.0917746 0.0058266 -0.0088348 0.1073798 0.0077641 0.0041784 0.1001755 0.0069457 -0.0076613 0.1032005 0.0063329 0.0082662 0.105537 0.0038879 -0.0045276 0.1146386 0.0064059 -0.0085329 0.1052155 0.0077647 -0.0044818 0.1001483 0.0047064 0.0073122 0.1116135 0.0042962 0.0061305 0.1131434 0.0041922 -0.0061114 0.1134967 0.0073559 -0.0064796 0.1016706 0.0079439 0.0026502 0.0994991 0.0038873 0.0041327 0.1146657 0.0035877 -0.000201 0.115773 0.0047074 -0.0076877 0.1115664 0.0053916 -0.0086748 0.109006 0.0074083 0.0059678 0.1015106 0.0069447 0.0073386 0.1032476 0.0036303 0.0014824 0.1156188 0.0079451 -0.0029398 0.0994784 0.0052462 0.0081837 0.1095985 0.0036305 -0.0018833 0.1156082 0.0080349 -0.0015492 0.0991468 0.0080643 -0.0001482 0.099041 -0.0079281 -0.0024325 0.1123794 -0.0077044 -0.0045186 0.1115371 -0.0078513 -5.28e-05 0.1126298 -0.007705 0.0041416 0.1115643 -0.0079275 0.0020635 0.1123901 -0.0068859 0.0073212 0.1085121 -0.0071265 0.0066972 0.1094096 0.0056716 0.008412 0.1075242 -0.0064174 0.008113 0.1067632 -0.0057668 0.0084946 0.1043327 -0.0051875 0.0082063 0.1021665 -0.0046476 0.0073476 0.1001461 -0.0042922 0.0063674 0.0988149 -0.0038281 0.0041874 0.097074 -0.003528 -0.0001392 0.0959396 -0.0035708 0.0015431 0.0961043 -0.0038276 -0.0044728 0.0970468 -0.0036245 -0.0026575 0.0962929 -0.0041832 -0.0062706 0.0983707 -0.0046466 -0.0076524 0.100099 -0.0051864 -0.0085239 0.102114 -0.0057657 -0.0088258 0.1042784 -0.006345 -0.0085376 0.1064446 -0.0068849 -0.0076788 0.108465 -0.0074499 -0.0058904 0.1105819 -0.0019767 -0.0008745 0.0882854 0.003956 0.0134274 -0.0874412 -0.004044 0.0134269 -0.0874382 0.003956 0.0126799 -0.087644 -0.004044 0.0126794 -0.087641 -0.0040445 -0.0025448 -0.0917715 0.0039555 -0.0025443 -0.0917746 -0.0040445 -0.0017973 -0.0915687 0.0039555 -0.0017967 -0.0915717 0.003956 0.0126799 -0.087644 -0.004044 0.0126794 -0.087641 -0.0040445 -0.0017973 -0.0915687 0.0039555 -0.0017967 -0.0915717 -0.0040374 0.0067837 -0.0711189 0.0039625 0.0074363 -0.0714225 -0.0040375 0.0073473 -0.0713671 0.0039622 0.0081376 -0.0720206 -0.0040379 0.0083831 -0.0723467 0.003962 0.0085373 -0.0726169 -0.0040373 -0.0030617 -0.0725683 -0.004038 -0.0055618 -0.0751061 -0.0040369 0.0011278 -0.0707936 -0.0040369 0.0030225 -0.07058 -0.0040369 -0.0007036 -0.071324 -0.0040385 -0.005823 -0.0763031 -0.0040378 -0.0051279 -0.0744104 0.0039616 -0.0058038 -0.0759983 0.0039631 0.0007553 -0.0708777 0.0039619 -0.0056016 -0.0752037 0.003963 -0.0010571 -0.0714699 0.003963 0.0041676 -0.07061 0.0039613 -0.0057832 -0.076818 0.0039627 0.006419 -0.0710109 0.0039625 -0.0042552 -0.0735215 -0.0040329 0.0129133 -0.0581312 -0.0040314 -0.0119952 -0.0586915 -0.004032 -0.0136566 -0.0604525 -0.0040326 -0.015077 -0.0624129 -0.0040335 -0.016478 -0.065094 -0.0040307 -0.0085934 -0.0561762 -0.0040303 -0.0047141 -0.0544882 -0.0040303 -0.000555 -0.0537137 -0.0040304 0.0012609 -0.0536728 -0.0040307 0.0042687 -0.0539953 -0.0040314 0.007751 -0.0550141 -0.0040322 0.0109717 -0.056685 -0.0040379 0.0187607 -0.0702853 -0.0040373 0.0187054 -0.0687442 -0.0040363 0.0182634 -0.0662145 -0.0040355 0.0176027 -0.0642682 -0.0040348 0.0166821 -0.0624305 -0.0040335 0.0145003 -0.0595781 -0.004044 0.0134269 -0.0874382 -0.0040427 0.0156818 -0.0837678 -0.0040418 0.0168554 -0.0811449 -0.0040411 0.017553 -0.0791055 -0.0040404 0.0180894 -0.0770178 -0.004039 0.0186165 -0.0734658 -0.004044 0.0126794 -0.087641 -0.004035 -0.0177654 -0.0692804 -0.0040358 -0.0179827 -0.0713243 -0.0040366 -0.0179186 -0.0733787 -0.0040373 -0.0175743 -0.075405 -0.0040381 -0.0169562 -0.0773653 -0.0040387 -0.0163197 -0.0787698 -0.0040407 -0.0132286 -0.0834925 -0.0040416 -0.011342 -0.0856599 -0.0040423 -0.0097847 -0.0871502 -0.0040433 -0.0069463 -0.0893497 -0.004044 -0.0044848 -0.0908321 -0.0040445 -0.0025448 -0.0917715 -0.0040445 -0.0017973 -0.0915687 -0.0040374 0.0067837 -0.0711189 -0.0040375 0.0073473 -0.0713671 -0.0040379 0.0083831 -0.0723467 -0.0040373 -0.0030617 -0.0725683 -0.004038 -0.0055618 -0.0751061 -0.0040369 0.0011278 -0.0707936 -0.0040369 0.0030225 -0.07058 -0.0040369 -0.0007036 -0.071324 -0.0040385 -0.005823 -0.0763031 -0.0040378 -0.0051279 -0.0744104 0.0039686 -0.0119946 -0.0586945 0.0039676 -0.0147453 -0.0619089 0.003967 -0.0156888 -0.0634609 0.0039663 -0.0167047 -0.0656584 0.0039675 0.0119665 -0.0573797 0.0039684 0.0088604 -0.0555042 0.003969 0.0060351 -0.0544233 0.0039695 0.0024705 -0.0537464 0.0039697 5.03e-05 -0.0536835 0.0039697 -0.0023578 -0.0539332 0.0039697 -0.0041317 -0.0543233 0.0039694 -0.0080636 -0.0558849 0.0039691 -0.0096217 -0.0568183 0.0039623 0.0187605 -0.0697741 0.0039633 0.0184928 -0.06722 0.0039643 0.0177933 -0.064749 0.0039652 0.0166826 -0.0624335 0.0039661 0.0151932 -0.0603414 0.0039666 0.0141355 -0.0592192 0.003956 0.0134274 -0.0874412 0.003957 0.0153468 -0.0844063 0.0039579 0.0165883 -0.0818149 0.0039587 0.0173388 -0.0797943 0.0039596 0.0180899 -0.0770208 0.0039607 0.0185487 -0.0741842 0.003956 0.0126799 -0.087644 0.0039655 -0.0174194 -0.0677806 0.0039642 -0.0179822 -0.0713273 0.003963 -0.0177807 -0.0744008 0.0039623 -0.0172983 -0.0763987 0.0039611 -0.0160754 -0.0792256 0.0039593 -0.0132281 -0.0834956 0.0039579 -0.0103161 -0.08667 0.0039569 -0.007536 -0.0889427 0.0039563 -0.0057343 -0.090126 0.0039555 -0.0025443 -0.0917746 0.0039555 -0.0017967 -0.0915717 0.0039625 0.0074363 -0.0714225 0.0039622 0.0081376 -0.0720206 0.003962 0.0085373 -0.0726169 0.0039616 -0.0058038 -0.0759983 0.0039631 0.0007553 -0.0708777 0.0039619 -0.0056016 -0.0752037 0.003963 -0.0010571 -0.0714699 0.003963 0.0041676 -0.07061 0.0039613 -0.0057832 -0.076818 0.0039627 0.006419 -0.0710109 0.0039625 -0.0042552 -0.0735215 0.0038879 -0.0045276 0.1146386 0.0035877 -0.000201 0.115773 0.0036305 -0.0018833 0.1156082 0.0025289 -0.0018547 0.1144938 0.0024494 -0.0023411 0.1142606 -0.0062059 -0.0021992 0.1119454 -0.0074642 -0.004224 0.1116023 -0.0077044 -0.0045186 0.1115371 -0.0078513 -5.28e-05 0.1126298 -0.0062059 -0.0021992 0.1119454 -0.0079281 -0.0024325 0.1123794 -0.0074642 -0.004224 0.1116023 -0.0077044 -0.0045186 0.1115371 -0.0078513 -5.28e-05 0.1126298 0.0038873 0.0041327 0.1146657 0.0035877 -0.000201 0.115773 0.0036303 0.0014824 0.1156188 0.0023888 0.0018133 0.1142575 0.0038873 0.0041327 0.1146657 0.0035877 -0.000201 0.115773 0.0023888 0.0018133 0.1142575 -0.0078513 -5.28e-05 0.1126298 -0.007705 0.0041416 0.1115643 -0.006272 0.0019671 0.1119408 -0.0078513 -5.28e-05 0.1126298 -0.007705 0.0041416 0.1115643 -0.0079275 0.0020635 0.1123901 -0.006272 0.0019671 0.1119408 0.0047064 0.0073122 0.1116135 0.0042962 0.0061305 0.1131434 0.0038873 0.0041327 0.1146657 0.0029381 0.0052322 0.1124561 0.0047064 0.0073122 0.1116135 0.0038873 0.0041327 0.1146657 -0.007705 0.0041416 0.1115643 0.0029381 0.0052322 0.1124561 -0.005687 0.0053068 0.1100276 -0.0068859 0.0073212 0.1085121 -0.0071265 0.0066972 0.1094096 0.0047064 0.0073122 0.1116135 0.0052462 0.0081837 0.1095985 0.0038075 0.0073204 0.1089709 0.0056716 0.008412 0.1075242 0.0047064 0.0073122 0.1116135 -0.0068859 0.0073212 0.1085121 0.0038075 0.0073204 0.1089709 0.0056716 0.008412 0.1075242 -0.0047875 0.0073271 0.1066714 -0.0057668 0.0084946 0.1043327 -0.0068859 0.0073212 0.1085121 -0.0047875 0.0073271 0.1066714 -0.0064174 0.008113 0.1067632 -0.0057668 0.0084946 0.1043327 0.0063329 0.0082662 0.105537 0.0069447 0.0073386 0.1032476 0.0056716 0.008412 0.1075242 0.0048463 0.0073327 0.1050883 0.0069447 0.0073386 0.1032476 0.0056716 0.008412 0.1075242 -0.0057668 0.0084946 0.1043327 0.0048463 0.0073327 0.1050883 -0.0037487 0.0073393 0.1027887 -0.0046476 0.0073476 0.1001461 -0.0057668 0.0084946 0.1043327 -0.0037487 0.0073393 0.1027887 -0.0051875 0.0082063 0.1021665 -0.0046476 0.0073476 0.1001461 0.0077641 0.0041784 0.1001755 0.0074083 0.0059678 0.1015106 0.0069447 0.0073386 0.1032476 -0.0046476 0.0073476 0.1001461 0.00594 0.0058028 0.1020538 0.0058366 0.0052664 0.1016224 -0.0029267 0.0054571 0.0994694 -0.0038281 0.0041874 0.097074 -0.0046476 0.0073476 0.1001461 -0.0029267 0.0054571 0.0994694 -0.0042922 0.0063674 0.0988149 -0.0038281 0.0041874 0.097074 0.0077641 0.0041784 0.1001755 0.0079439 0.0026502 0.0994991 0.0080643 -0.0001482 0.099041 0.0062711 0.0018717 0.0997687 0.0077641 0.0041784 0.1001755 0.0080643 -0.0001482 0.099041 -0.0038281 0.0041874 0.097074 0.0062711 0.0018717 0.0997687 -0.0023896 0.0020008 0.097452 -0.003528 -0.0001392 0.0959396 -0.0038281 0.0041874 0.097074 -0.0023896 0.0020008 0.097452 -0.003528 -0.0001392 0.0959396 -0.0035708 0.0015431 0.0961043 0.0077647 -0.0044818 0.1001483 0.0079451 -0.0029398 0.0994784 0.0080349 -0.0015492 0.0991468 0.0080643 -0.0001482 0.099041 0.0063436 -0.0020431 0.0997059 0.0077647 -0.0044818 0.1001483 0.0080643 -0.0001482 0.099041 -0.003528 -0.0001392 0.0959396 0.0063436 -0.0020431 0.0997059 -0.002469 -0.0018008 0.0972084 -0.0038276 -0.0044728 0.0970468 -0.0036245 -0.0026575 0.0962929 -0.0023894 -0.0022886 0.0974385 0.0069457 -0.0076613 0.1032005 0.0077647 -0.0044818 0.1001483 0.0073559 -0.0064796 0.1016706 0.0060301 -0.0054429 0.101397 0.0069457 -0.0076613 0.1032005 0.0077647 -0.0044818 0.1001483 -0.0038276 -0.0044728 0.0970468 0.0060301 -0.0054429 0.101397 -0.0046466 -0.0076524 0.100099 -0.002926 -0.0057575 0.0994342 -0.0038276 -0.0044728 0.0970468 -0.0041832 -0.0062706 0.0983707 -0.0046466 -0.0076524 0.100099 -0.002926 -0.0057575 0.0994342 0.0058266 -0.0088348 0.1073798 0.0069457 -0.0076613 0.1032005 0.0064059 -0.0085329 0.1052155 0.0048472 -0.0076673 0.1050412 0.0058266 -0.0088348 0.1073798 0.0069457 -0.0076613 0.1032005 -0.0046466 -0.0076524 0.100099 0.0048472 -0.0076673 0.1050412 -0.0037477 -0.0076606 0.1027416 -0.0057657 -0.0088258 0.1042784 -0.0046466 -0.0076524 0.100099 -0.0037477 -0.0076606 0.1027416 -0.0051864 -0.0085239 0.102114 -0.0057657 -0.0088258 0.1042784 0.0058266 -0.0088348 0.1073798 0.0047074 -0.0076877 0.1115664 0.0053916 -0.0086748 0.109006 0.0038085 -0.0076795 0.1089238 0.0058266 -0.0088348 0.1073798 0.0047074 -0.0076877 0.1115664 -0.0057657 -0.0088258 0.1042784 0.0038085 -0.0076795 0.1089238 -0.0047865 -0.0076729 0.1066243 -0.0068849 -0.0076788 0.108465 -0.0057657 -0.0088258 0.1042784 -0.0047865 -0.0076729 0.1066243 -0.006345 -0.0085376 0.1064446 -0.0068849 -0.0076788 0.108465 0.0038879 -0.0045276 0.1146386 0.0047074 -0.0076877 0.1115664 -0.0077044 -0.0045186 0.1115371 -0.0068849 -0.0076788 0.108465 0.0029865 -0.0057973 0.1122431 -0.0056863 -0.0056739 0.1099931 -0.0077044 -0.0045186 0.1115371 -0.0068849 -0.0076788 0.108465 -0.0074499 -0.0058904 0.1105819 -0.0056863 -0.0056739 0.1099931 0.0038879 -0.0045276 0.1146386 0.0041922 -0.0061114 0.1134967 0.0047074 -0.0076877 0.1115664 0.0029865 -0.0057973 0.1122431 -0.0020076 0.0011364 0.0068357 -0.0020074 0.0013578 0.0074337 -0.0020072 0.0010402 0.0077402 -0.0020071 -0.0005334 0.007755 -0.0020075 -0.0005302 0.0067274 -0.0020278 6.8e-06 -0.0469842 -0.002028 -0.0001794 -0.0475642 -0.0017778 6.8e-06 -0.0469843 -0.001778 -0.0001795 -0.0475536 -0.0017778 6.8e-06 -0.0469843 -0.001778 -0.0001795 -0.0475536 -0.0017778 0.0010004 -0.0468804 -0.0017784 0.0004289 -0.0484255 -0.0017781 0.0015504 -0.0475689 -0.0017782 2.54e-05 -0.0481354 -0.0017778 0.0016288 -0.0467828 -0.0017782 0.0004256 -0.0479846 -0.0017782 0.0018182 -0.0477784 -0.0017779 0.0002083 -0.0471595 -0.0017781 0.0002173 -0.0477587 -0.0017783 0.0011292 -0.0480367 -0.001778 0.0015014 -0.0471984 -0.001778 0.0018305 -0.0471833 -0.0017784 0.0010655 -0.0484528 -0.0017778 0.000434 -0.046907 -0.0017777 -0.0011502 -0.0468567 -0.0017777 0.0003922 -0.0465594 -0.0017782 -0.0011455 -0.0483448 -0.0017778 -0.0007932 -0.0471487 -0.0017777 0.0010198 -0.0464938 -0.0017783 -0.0007894 -0.0483437 -0.0020278 6.8e-06 -0.0469842 -0.0020278 -0.0007932 -0.0471486 -0.0017778 6.8e-06 -0.0469843 -0.0017778 -0.0007932 -0.0471487 -0.0020283 -0.0007894 -0.0483436 -0.0020278 -0.0007932 -0.0471486 -0.0017778 -0.0007932 -0.0471487 -0.0017783 -0.0007894 -0.0483437 -0.0020282 -0.0011455 -0.0483447 -0.0020283 -0.0007894 -0.0483436 -0.0017782 -0.0011455 -0.0483448 -0.0017783 -0.0007894 -0.0483437 -0.0020282 -0.0011455 -0.0483447 -0.0020277 -0.0011502 -0.0468566 -0.0017777 -0.0011502 -0.0468567 -0.0017782 -0.0011455 -0.0483448 -0.0020277 -0.0011502 -0.0468566 -0.0020277 0.0003922 -0.0465593 -0.0017777 -0.0011502 -0.0468567 -0.0017777 0.0003922 -0.0465594 -0.0020277 0.0003922 -0.0465593 -0.0020278 0.000434 -0.0469069 -0.0017778 0.000434 -0.046907 -0.0017777 0.0003922 -0.0465594 -0.002028 0.0015387 -0.0472962 -0.0020278 0.001038 -0.0468873 -0.0017778 0.0010004 -0.0468804 -0.001778 0.0015014 -0.0471984 -0.0020282 0.0014645 -0.0477854 -0.002028 0.0015387 -0.0472962 -0.0017781 0.0015504 -0.0475689 -0.001778 0.0015014 -0.0471984 -0.0020282 0.0014645 -0.0477854 -0.0020283 0.0010263 -0.0480662 -0.0017781 0.0015504 -0.0475689 -0.0017783 0.0011292 -0.0480367 -0.0020283 0.0010263 -0.0480662 -0.0020282 0.0005868 -0.0480559 -0.0017782 0.0004256 -0.0479846 -0.0017783 0.0011292 -0.0480367 -0.0020281 0.0002359 -0.0477916 -0.0020282 0.0005868 -0.0480559 -0.0017782 0.0004256 -0.0479846 -0.0017781 0.0002173 -0.0477587 -0.0020281 0.0002359 -0.0477916 -0.0020278 0.000434 -0.0469069 -0.0017779 0.0002083 -0.0471595 -0.0017781 0.0002173 -0.0477587 -0.0020278 0.001038 -0.0468873 -0.0020277 0.0010198 -0.0464937 -0.0017778 0.0010004 -0.0468804 -0.0017777 0.0010198 -0.0464938 -0.0020284 0.0003729 -0.0484038 -0.0020284 0.0012966 -0.0483721 -0.0017784 0.0004289 -0.0484255 -0.0017784 0.0010655 -0.0484528 -0.0020283 0.0017482 -0.0479481 -0.0020284 0.0012966 -0.0483721 -0.0017782 0.0018182 -0.0477784 -0.0017784 0.0010655 -0.0484528 -0.0020283 0.0017482 -0.0479481 -0.002028 0.0018124 -0.0471185 -0.0020278 0.0015215 -0.0466787 -0.0017778 0.0016288 -0.0467828 -0.0017782 0.0018182 -0.0477784 -0.001778 0.0018305 -0.0471833 -0.0020278 0.0015215 -0.0466787 -0.0020277 0.0010198 -0.0464937 -0.0017778 0.0016288 -0.0467828 -0.0017777 0.0010198 -0.0464938 -0.0017772 0.0018039 -0.0451882 -0.0017774 0.0018051 -0.0455565 -0.0017768 -0.0004578 -0.0444562 -0.0017768 -0.0001017 -0.0444551 -0.0017771 -0.0005288 -0.0451802 -0.0017772 -0.0012095 -0.045566 -0.0017771 -0.0012103 -0.0453266 -0.0020272 -0.0011746 -0.0455658 -0.0020274 0.001805 -0.0455564 -0.0017774 0.0018051 -0.0455565 -0.0017772 -0.0012095 -0.045566 -0.0020268 -0.0001017 -0.044455 -0.0020268 -0.0004578 -0.0444561 -0.0017768 -0.0004578 -0.0444562 -0.0017768 -0.0001017 -0.0444551 -0.0020268 -0.0001017 -0.044455 -0.0020271 -0.000543 -0.0451954 -0.0017768 -0.0001017 -0.0444551 -0.0017771 -0.0005288 -0.0451802 -0.0020091 0.0016531 0.0028524 -0.002009 0.0016519 0.0032207 -0.001759 0.001652 0.0032207 -0.0017591 0.0016531 0.0028523 -0.001759 0.001652 0.0032207 -0.0017591 0.0016531 0.0028523 -0.0017585 -0.0001907 0.0041911 -0.0017584 -5.16e-05 0.0045468 -0.0017581 -0.0005218 0.0051076 -0.0017589 4.31e-05 0.0032325 -0.0017586 -0.0005324 0.0037717 -0.0017581 -0.0002168 0.0051019 -0.0017588 -0.0005625 0.0033993 -0.0017586 -0.0001148 0.0039662 -0.001759 -0.0002471 0.0029233 -0.0017585 -0.0002507 0.0041499 -0.0017585 -0.0002238 0.0041691 -0.0017585 0.0016479 0.0045123 -0.0017585 -0.0001953 0.0041881 -0.001758 0.0016438 0.0058031 -0.0017586 0.0016491 0.0041439 -0.0017583 -0.0005512 0.0045994 -0.0017581 0.001645 0.0054348 -0.0017588 -0.0002082 0.0033944 -0.001758 -0.0002231 0.0054619 -0.0017581 0.0001675 0.0053984 -0.0017579 -0.0005273 0.0057963 -0.001758 -0.0005262 0.0054648 -0.0020085 -0.0001953 0.0041882 -0.0020085 -0.0002238 0.0041692 -0.0020085 -0.0002507 0.00415 -0.0017585 -0.0001907 0.0041911 -0.0017585 -0.0002507 0.0041499 -0.0017585 -0.0002238 0.0041691 -0.0017585 -0.0001953 0.0041881 -0.0020087 -0.0005642 0.00362 -0.0020085 -0.0002507 0.00415 -0.0017586 -0.0005324 0.0037717 -0.0017588 -0.0005625 0.0033993 -0.0017585 -0.0002507 0.0041499 -0.0020087 -0.0005642 0.00362 -0.002009 -0.0001834 0.0028976 -0.0017588 -0.0005625 0.0033993 -0.001759 -0.0002471 0.0029233 -0.0020091 0.0016531 0.0028524 -0.002009 -0.0001834 0.0028976 -0.0017591 0.0016531 0.0028523 -0.001759 -0.0002471 0.0029233 -0.0020085 -0.0001907 0.0041912 -0.0020085 -0.0001953 0.0041882 -0.0017585 -0.0001907 0.0041911 -0.002008 -0.0002274 0.0054592 -0.0020081 -0.000494 0.0051705 -0.0017581 -0.0005218 0.0051076 -0.001758 -0.0002231 0.0054619 -0.0020083 -0.0005563 0.0046234 -0.0020081 -0.000494 0.0051705 -0.0017581 -0.0005218 0.0051076 -0.0017583 -0.0005512 0.0045994 -0.0020083 -0.0005563 0.0046234 -0.0020084 -0.0004177 0.0043369 -0.0020085 -0.0002238 0.0041692 -0.0017585 -0.0001907 0.0041911 -0.0017583 -0.0005512 0.0045994 -0.002008 -0.0005263 0.0054649 -0.002008 -0.0002274 0.0054592 -0.001758 -0.0002231 0.0054619 -0.001758 -0.0005262 0.0054648 -0.0020079 -0.0005273 0.0057964 -0.002008 -0.0005263 0.0054649 -0.0017579 -0.0005273 0.0057963 -0.001758 -0.0005262 0.0054648 -0.0020079 -0.0005273 0.0057964 -0.002008 0.0016438 0.0058032 -0.001758 0.0016438 0.0058031 -0.0017579 -0.0005273 0.0057963 -0.0020081 0.001645 0.0054349 -0.002008 0.0016438 0.0058032 -0.001758 0.0016438 0.0058031 -0.0017581 0.001645 0.0054348 -0.0020084 -3.87e-05 0.0045424 -0.0020085 0.0016479 0.0045124 -0.0017584 -5.16e-05 0.0045468 -0.0017585 0.0016479 0.0045123 -0.0020081 -0.0002104 0.0051167 -0.0020084 -3.87e-05 0.0045424 -0.0017584 -5.16e-05 0.0045468 -0.0017581 -0.0002168 0.0051019 -0.0020081 -0.0002104 0.0051167 -0.0020081 3.04e-05 0.0053555 -0.0017581 -0.0002168 0.0051019 -0.0017581 0.0001675 0.0053984 -0.0020081 3.04e-05 0.0053555 -0.0020081 0.001645 0.0054349 -0.0017581 0.001645 0.0054348 -0.0017581 0.0001675 0.0053984 -0.0020085 0.0016479 0.0045124 -0.0020086 0.001649 0.004144 -0.0017585 0.0016479 0.0045123 -0.0017586 0.0016491 0.0041439 -0.0020088 -0.0001977 0.003377 -0.002009 0.0016519 0.0032207 -0.001759 0.001652 0.0032207 -0.0017589 4.31e-05 0.0032325 -0.0020086 -0.0002249 0.0037809 -0.0020088 -0.0001977 0.003377 -0.0017586 -0.0001148 0.0039662 -0.0017588 -0.0002082 0.0033944 -0.0020085 -1.34e-05 0.0040506 -0.0020086 0.001649 0.004144 -0.0017586 -0.0001148 0.0039662 -0.0017586 0.0016491 0.0041439 -0.0020077 0.001641 0.0066958 -0.0020078 0.0016421 0.0063658 -0.0017577 0.001641 0.0066957 -0.0017578 0.0016421 0.0063657 -0.0017577 0.001641 0.0066957 -0.0017578 0.0016421 0.0063657 -0.0017571 -0.0005334 0.0077549 -0.001757 -0.0005346 0.0081233 -0.0017571 0.0010604 0.0081145 -0.0017575 0.0016719 0.0072013 -0.0017574 0.0013679 0.0072451 -0.0017572 0.0011023 0.0077275 -0.0017576 -0.000529 0.0063589 -0.0017573 0.0016685 0.0075827 -0.0017575 -0.0005302 0.0067273 -0.0017576 0.0013491 0.0067194 -0.0017572 0.0014603 0.007966 -0.0017576 0.0011094 0.0068201 -0.0020078 0.0016421 0.0063658 -0.0020076 -0.0005291 0.006359 -0.0017578 0.0016421 0.0063657 -0.0017576 -0.000529 0.0063589 -0.0020076 -0.0005291 0.006359 -0.0020075 -0.0005302 0.0067274 -0.0017576 -0.000529 0.0063589 -0.0017575 -0.0005302 0.0067273 -0.0020076 0.0011364 0.0068357 -0.0020074 0.0013578 0.0074337 -0.0017574 0.0013679 0.0072451 -0.0017576 0.0011094 0.0068201 -0.0020076 0.0011364 0.0068357 -0.0020075 -0.0005302 0.0067274 -0.0017575 -0.0005302 0.0067273 -0.0017576 0.0011094 0.0068201 -0.0020072 0.0010402 0.0077402 -0.0020071 -0.0005334 0.007755 -0.0017571 -0.0005334 0.0077549 -0.0017572 0.0011023 0.0077275 -0.0020071 -0.0005334 0.007755 -0.002007 -0.0005346 0.0081233 -0.0017571 -0.0005334 0.0077549 -0.001757 -0.0005346 0.0081233 -0.0020076 0.0013218 0.0066998 -0.0020076 0.0013491 0.0067195 -0.0017576 0.0013491 0.0067194 -0.0020074 0.0016851 0.0072851 -0.0020076 0.0013491 0.0067195 -0.0017575 0.0016719 0.0072013 -0.0017576 0.0013491 0.0067194 -0.0020071 0.001354 0.0080386 -0.002007 -0.0005346 0.0081233 -0.001757 -0.0005346 0.0081233 -0.0017571 0.0010604 0.0081145 -0.0017572 0.0014603 0.007966 -0.0020074 0.0016851 0.0072851 -0.0020071 0.001354 0.0080386 -0.0017573 0.0016685 0.0075827 -0.0017572 0.0014603 0.007966 -0.0020076 0.0013491 0.0067195 -0.0020077 0.001641 0.0066958 -0.0017577 0.001641 0.0066957 -0.0017576 0.0013491 0.0067194 -0.0020068 0.0016336 0.0090573 -0.0020069 0.0016348 0.0086889 -0.0017568 0.0016336 0.0090572 -0.0017569 0.0016348 0.0086888 -0.0020069 0.0016348 0.0086889 -0.0020068 -0.0005364 0.0086821 -0.0017569 0.0016348 0.0086888 -0.0017568 -0.0005363 0.008682 -0.0020066 -0.0005375 0.0090504 -0.0020068 -0.0005364 0.0086821 -0.0017568 -0.0005363 0.008682 -0.0017566 -0.0005375 0.0090503 -0.0020066 -0.0005375 0.0090504 -0.0020068 0.0016336 0.0090573 -0.0017568 0.0016336 0.0090572 -0.0017566 -0.0005375 0.0090503 -0.0017568 0.0016336 0.0090572 -0.0017569 0.0016348 0.0086888 -0.0017568 -0.0005363 0.008682 -0.0017566 -0.0005375 0.0090503 -0.0020064 -0.0013478 0.0096227 -0.0020066 -0.0009489 0.0090491 -0.0017567 -0.0009477 0.0086807 -0.0017567 -0.0013652 0.0086794 -0.0017566 -0.0009489 0.0090491 -0.0017567 -0.0009477 0.0086807 -0.0017567 -0.0013652 0.0086794 -0.0017566 -0.0013663 0.0090477 -0.0020064 0.0016172 0.0099759 -0.0020066 0.0016318 0.0096321 -0.0017564 0.0016308 0.0099758 -0.0017566 0.0016318 0.009632 -0.0020064 -0.0013478 0.0096227 -0.0020066 0.0016318 0.0096321 -0.0017566 0.0016318 0.009632 -0.0017564 -0.0013682 0.0096226 -0.0020064 -0.0013478 0.0096227 -0.0020062 -0.0013693 0.009991 -0.0017564 -0.0013682 0.0096226 -0.0017562 -0.0013693 0.0099909 -0.0020062 -0.0003906 0.0100791 -0.0020062 -0.0013693 0.009991 -0.0017562 -0.0013693 0.0099909 -0.0017563 -0.0003732 0.0100625 -0.002006 0.0014838 0.0111284 -0.0020058 0.0008635 0.0114834 -0.001756 0.0015207 0.0110814 -0.0017559 0.0011321 0.0113955 -0.0020059 -0.0004497 0.0110846 -0.0020058 -0.000144 0.0113584 -0.0020058 0.0008635 0.0114834 -0.0017558 0.0003152 0.0114999 -0.0017558 -8.43e-05 0.0113891 -0.0017559 -0.0004497 0.0110845 -0.0020062 -0.0004223 0.0101124 -0.0020062 -0.000407 0.0100957 -0.0020062 -0.0003906 0.0100791 -0.0017562 -0.0004223 0.0101123 -0.0017562 -0.000407 0.0100956 -0.0017562 -0.0003906 0.010079 -0.0017563 -0.0003732 0.0100625 -0.0020061 -0.0005897 0.0105367 -0.0020062 -0.0004223 0.0101124 -0.0017562 -0.0005177 0.0102533 -0.0017562 -0.0004223 0.0101123 -0.0020061 -0.0005897 0.0105367 -0.0020059 -0.0004497 0.0110846 -0.0017559 -0.0004497 0.0110845 -0.0017562 -0.0005177 0.0102533 -0.002006 0.0014838 0.0111284 -0.0020062 0.0016705 0.0104483 -0.0017563 0.0016495 0.010354 -0.001756 0.0015207 0.0110814 -0.0020064 0.0013544 0.0099789 -0.0020062 0.0016705 0.0104483 -0.0017564 0.0014187 0.0100234 -0.0017563 0.0016495 0.010354 -0.0020064 0.0013544 0.0099789 -0.0020064 0.0016172 0.0099759 -0.0017564 0.0016308 0.0099758 -0.0017564 0.0014187 0.0100234 -0.0020056 0.0016237 0.0122222 -0.0020057 0.0016249 0.0118354 -0.0017556 0.0016237 0.0122221 -0.0017557 0.0015996 0.0118491 -0.0020052 -0.0005963 0.0126964 -0.0020049 -3.54e-05 0.0137465 -0.0020054 -0.0005098 0.0122678 -0.002005 -0.0005129 0.0133124 -0.0017549 6.78e-05 0.0137706 -0.0017549 -0.0002409 0.0136531 -0.0017551 -0.0005461 0.0132152 -0.0017553 -0.0005929 0.0126358 -0.0017555 -0.000285 0.0120232 -0.0020057 0.0014463 0.0119114 -0.0020055 -0.0001787 0.0119855 -0.0020057 0.0016249 0.0118354 -0.0017555 -0.000285 0.0120232 -0.0017557 0.0015996 0.0118491 -0.0020052 -0.0002917 0.0129648 -0.002005 6.02e-05 0.0133972 -0.0017549 6.78e-05 0.0137706 -0.0017552 -0.0002882 0.0129919 -0.001755 -0.0001257 0.0133107 -0.0020052 -0.0002917 0.0129648 -0.0020053 -0.0002312 0.0125042 -0.0017552 -0.0002882 0.0129919 -0.0017554 -0.0002167 0.0124786 -0.0020054 0.0002559 0.0123533 -0.0020053 -0.0002312 0.0125042 -0.0017554 -0.0002167 0.0124786 -0.0017554 0.0002559 0.0123532 -0.0020054 0.0002559 0.0123533 -0.002005 0.0005876 0.0136316 -0.0017554 0.0002559 0.0123532 -0.001755 0.0005401 0.0135661 -0.002005 0.0013314 0.013773 -0.0020051 0.0016218 0.0134254 -0.0017551 0.0016297 0.0134017 -0.001755 0.0013925 0.0137361 -0.0020051 0.0016218 0.0134254 -0.0020055 0.0013556 0.0122974 -0.0017554 0.0016192 0.0127544 -0.0017551 0.0016297 0.0134017 -0.0020056 0.0016237 0.0122222 -0.0020055 0.0013556 0.0122974 -0.0017556 0.0016237 0.0122221 -0.0017555 0.001364 0.0123071 -0.0020047 0.0016161 0.0146451 -0.0020048 0.0016172 0.0142752 -0.0017547 0.0016161 0.014645 -0.0017548 0.0016173 0.0142751 -0.0017547 0.0016161 0.014645 -0.0017548 0.0016173 0.0142751 -0.0017547 -0.0001834 0.0143172 -0.0017545 -4.98e-05 0.0146905 -0.0017546 -0.000486 0.0145569 -0.0017543 -0.0006027 0.0150941 -0.0017542 -0.0003277 0.0156452 -0.0017541 0.0016117 0.0160448 -0.0017544 -0.0002532 0.0148937 -0.0017543 -0.000242 0.0153344 -0.0017543 0.0016129 0.0156765 -0.0017542 -2.57e-05 0.0155904 -0.001754 -0.0005594 0.016038 -0.0017541 -0.0005584 0.0157065 -0.0020041 -0.0002514 0.0157037 -0.0020043 -0.000596 0.0151584 -0.0017543 -0.0006027 0.0150941 -0.0017542 -0.0003277 0.0156452 -0.0020046 -0.0004095 0.0144589 -0.0020043 -0.000596 0.0151584 -0.0017546 -0.000486 0.0145569 -0.0017543 -0.0006027 0.0150941 -0.0020046 -0.0004095 0.0144589 -0.0020047 -2.91e-05 0.0142847 -0.0020048 0.0016172 0.0142752 -0.0017548 0.0016173 0.0142751 -0.0017547 -0.0001834 0.0143172 -0.0017546 -0.000486 0.0145569 -0.0020041 -0.0002514 0.0157037 -0.0020041 -0.0005584 0.0157066 -0.0017542 -0.0003277 0.0156452 -0.0017541 -0.0005584 0.0157065 -0.0020041 0.0016117 0.0160449 -0.0020043 0.0016128 0.0156766 -0.0017541 0.0016117 0.0160448 -0.0017543 0.0016129 0.0156765 -0.0020042 -7.49e-05 0.0155594 -0.0020043 0.0016128 0.0156766 -0.0017543 0.0016129 0.0156765 -0.0017542 -2.57e-05 0.0155904 -0.0020045 -1.91e-05 0.0146797 -0.0020047 0.0016161 0.0146451 -0.0017547 0.0016161 0.014645 -0.0017545 -4.98e-05 0.0146905 -0.0020044 -0.0002822 0.0150027 -0.0020042 -7.49e-05 0.0155594 -0.0017544 -0.0002532 0.0148937 -0.0017543 -0.000242 0.0153344 -0.0017542 -2.57e-05 0.0155904 -0.0020044 -0.0002822 0.0150027 -0.0020045 -1.91e-05 0.0146797 -0.0017545 -4.98e-05 0.0146905 -0.0017544 -0.0002532 0.0148937 -0.0020038 0.0016091 0.0168838 -0.002004 0.001585 0.0165108 -0.0017538 0.0016091 0.0168837 -0.0017539 0.0015582 0.0165242 -0.0020032 -0.0002925 0.0182888 -0.0020033 -0.0005608 0.0178768 -0.0017531 -0.0002555 0.0183146 -0.0017535 -0.0006029 0.0172448 -0.002004 0.001585 0.0165108 -0.0020038 -0.0001933 0.0166471 -0.0017537 -0.0003692 0.0167306 -0.0017539 0.0015582 0.0165242 -0.0020033 -0.0001605 0.0179562 -0.0020033 7.2e-05 0.0180657 -0.0017533 0.0001011 0.0180723 -0.0017533 -0.0002729 0.017781 -0.0020036 -0.0001631 0.017061 -0.0020033 -0.0001605 0.0179562 -0.0017533 -0.0002729 0.017781 -0.0017536 -0.0002172 0.0171189 -0.0020036 -0.0001631 0.017061 -0.0020037 0.0002296 0.01698 -0.0017536 -0.0002172 0.0171189 -0.0017537 0.0002296 0.0169799 -0.0020033 0.0004168 0.0179707 -0.0020032 0.0006293 0.0183512 -0.0020037 0.0002296 0.01698 -0.0017537 0.0002296 0.0169799 -0.0017532 0.000573 0.018293 -0.0020036 0.0016153 0.0174514 -0.0020038 0.001341 0.0169589 -0.0017538 0.0013493 0.0169686 -0.0017535 0.0016566 0.0177049 -0.0020032 0.0012139 0.0184751 -0.0020033 0.0015507 0.0182093 -0.0017533 0.0015285 0.0182441 -0.0017532 0.0011436 0.0184904 -0.0020032 0.0012139 0.0184751 -0.0020032 0.0006293 0.0183512 -0.0017532 0.0011436 0.0184904 -0.0017532 0.000573 0.018293 -0.0020033 0.0015507 0.0182093 -0.0020036 0.0016153 0.0174514 -0.0017535 0.0016566 0.0177049 -0.0017533 0.0015285 0.0182441 -0.0020038 0.0016091 0.0168838 -0.0020038 0.001341 0.0169589 -0.0017538 0.0016091 0.0168837 -0.0017538 0.0013493 0.0169686 -0.0020029 -0.0013966 0.0186794 -0.0020027 0.0015997 0.019863 -0.0017527 0.0015997 0.0198629 -0.0017529 -0.0013966 0.0186793 -0.0017527 0.0015997 0.0198629 -0.0017529 -0.0013966 0.0186793 -0.0017525 0.0015984 0.0202682 -0.0017526 0.0012325 0.0200525 -0.0017519 -0.0014052 0.0214214 -0.0017528 -0.0013978 0.0190822 -0.0017521 -0.0014038 0.020994 -0.0020029 -0.0013966 0.0186794 -0.0020028 -0.0013979 0.0190823 -0.0017529 -0.0013966 0.0186793 -0.0017528 -0.0013978 0.0190822 -0.0020028 -0.0013979 0.0190823 -0.0020026 0.0012325 0.0200526 -0.0017526 0.0012325 0.0200525 -0.0017528 -0.0013978 0.0190822 -0.0020026 0.0012325 0.0200526 -0.0020021 -0.0014039 0.0209941 -0.0017526 0.0012325 0.0200525 -0.0017521 -0.0014038 0.020994 -0.0020019 -0.0014052 0.0214215 -0.0020021 -0.0014039 0.0209941 -0.0017519 -0.0014052 0.0214214 -0.0017521 -0.0014038 0.020994 -0.0020019 -0.0014052 0.0214215 -0.0020025 0.0015984 0.0202682 -0.0017525 0.0015984 0.0202682 -0.0017519 -0.0014052 0.0214214 -0.0020027 0.0015997 0.019863 -0.0020025 0.0015984 0.0202682 -0.0017527 0.0015997 0.0198629 -0.0017525 0.0015984 0.0202682 -0.0020015 0.0005982 0.0227801 -0.0020009 0.0006105 0.0244059 -0.0017509 0.0005931 0.024407 -0.0017515 0.0005982 0.02278 -0.0020015 0.0009725 0.0228036 -0.0020015 0.0014509 0.023123 -0.0020013 0.0016038 0.0234434 -0.0017515 0.0014333 0.0231007 -0.0017513 0.0016377 0.0236832 -0.0017515 0.0009374 0.0227933 -0.002001 0.001482 0.0243393 -0.0020013 0.0016038 0.0234434 -0.0017513 0.0016377 0.0236832 -0.001751 0.0014661 0.024363 -0.002001 0.001482 0.0243393 -0.0020008 0.0010222 0.0247016 -0.001751 0.0014661 0.024363 -0.0017508 0.0009107 0.0247371 -0.0020008 0.0001339 0.0247392 -0.0020008 -0.0004367 0.0243902 -0.0020008 0.0010222 0.0247016 -0.0017508 0.0009107 0.0247371 -0.0017508 0.0001762 0.0247489 -0.0017508 -0.000381 0.0244533 -0.0020008 -0.0004367 0.0243902 -0.002001 -0.0006157 0.0239777 -0.0017508 -0.000381 0.0244533 -0.001751 -0.0006088 0.0240138 -0.0020013 -0.0004992 0.0232513 -0.0020014 -0.0002031 0.0229517 -0.0017513 -0.0004281 0.0231491 -0.0017514 -2.7e-05 0.0228639 -0.0020014 -0.0002031 0.0229517 -0.0020015 0.0005982 0.0227801 -0.0017515 0.0005982 0.02278 -0.0017514 -2.7e-05 0.0228639 -0.0020013 -0.0004992 0.0232513 -0.002001 -0.0006157 0.0239777 -0.001751 -0.0006088 0.0240138 -0.0017513 -0.0004281 0.0231491 -0.0020015 0.0009725 0.0228036 -0.0020014 0.0009243 0.0231842 -0.0017515 0.0009374 0.0227933 -0.0017514 0.0009534 0.0231956 -0.0020011 0.0012807 0.0240134 -0.0020009 0.0006105 0.0244059 -0.0017509 0.0005931 0.024407 -0.001751 0.0011246 0.0242207 -0.0020011 0.0012807 0.0240134 -0.0020013 0.0013086 0.0235527 -0.001751 0.0011246 0.0242207 -0.0017512 0.0013358 0.0237358 -0.0020014 0.0009243 0.0231842 -0.0020013 0.0013086 0.0235527 -0.0017514 0.0011479 0.023311 -0.0017514 0.0009534 0.0231956 -0.0020005 0.0015817 0.0255867 -0.0020007 0.0015829 0.0252183 -0.0017505 0.0015818 0.0255866 -0.0017507 0.0015829 0.0252182 -0.0017505 0.0015818 0.0255866 -0.0017507 0.0015829 0.0252182 -0.00175 -0.0002609 0.026557 -0.0017499 -0.0001089 0.0269083 -0.0017497 -0.0003157 0.0273725 -0.00175 0.0015777 0.0268783 -0.0017503 -0.0006387 0.0259266 -0.0017502 -0.0003046 0.0261155 -0.0017501 -0.0003209 0.0265158 -0.00175 -0.000294 0.0265351 -0.0017496 0.0015736 0.0281691 -0.0017499 -0.0006099 0.0269215 -0.0017505 -0.0003866 0.0253274 -0.00175 -0.0002655 0.0265541 -0.0017504 -0.0001975 0.0256697 -0.0017497 0.0015748 0.0278007 -0.0017502 0.0015789 0.0265099 -0.0017496 -2.9e-06 0.0277359 -0.0017501 5.84e-05 0.0264751 -0.0017494 -0.0005975 0.0281623 -0.0017495 -0.0004449 0.0278308 -0.0017495 -0.0005964 0.0278308 -0.002 -0.000294 0.0265352 -0.002 -0.0002609 0.0265571 -0.002 -0.0002655 0.0265542 -0.0020001 -0.0003209 0.0265159 -0.00175 -0.0002609 0.026557 -0.0017501 -0.0003209 0.0265158 -0.00175 -0.000294 0.0265351 -0.00175 -0.0002655 0.0265541 -0.0020002 -0.0005866 0.0261824 -0.0020001 -0.0003209 0.0265159 -0.0017503 -0.0006387 0.0259266 -0.0017501 -0.0003209 0.0265158 -0.0020003 -0.0006195 0.025684 -0.0020005 -0.0002974 0.0252804 -0.0017503 -0.0006387 0.0259266 -0.0017505 -0.0003866 0.0253274 -0.0020005 -0.0002974 0.0252804 -0.0020007 0.0015829 0.0252183 -0.0017507 0.0015829 0.0252182 -0.0017505 -0.0003866 0.0253274 -0.002 -0.0005202 0.0267413 -0.002 -0.000294 0.0265352 -0.00175 -0.0002609 0.026557 -0.0017499 -0.0006099 0.0269215 -0.0019996 -0.0003225 0.0278083 -0.0019995 -0.0005965 0.0278309 -0.0017495 -0.0004449 0.0278308 -0.0017495 -0.0005964 0.0278308 -0.0019995 -0.0005965 0.0278309 -0.0019994 -0.0005975 0.0281624 -0.0017494 -0.0005975 0.0281623 -0.0017495 -0.0005964 0.0278308 -0.0019994 -0.0005975 0.0281624 -0.0019996 0.0015736 0.0281692 -0.0017496 0.0015736 0.0281691 -0.0017494 -0.0005975 0.0281623 -0.0019996 0.0015736 0.0281692 -0.0019997 0.0015748 0.0278008 -0.0017496 0.0015736 0.0281691 -0.0017497 0.0015748 0.0278007 -0.0019999 -0.0001089 0.0269084 -0.002 0.0015777 0.0268783 -0.0017499 -0.0001089 0.0269083 -0.00175 0.0015777 0.0268783 -0.0019997 -0.0003079 0.0274061 -0.0019999 -0.0001089 0.0269084 -0.0017499 -0.0001089 0.0269083 -0.0017497 -0.0003157 0.0273725 -0.0019997 -0.0003079 0.0274061 -0.0019996 0.0002103 0.0277836 -0.0017497 -0.0003157 0.0273725 -0.0017496 -2.9e-06 0.0277359 -0.0019996 0.0002103 0.0277836 -0.0019997 0.0015748 0.0278008 -0.0017497 0.0015748 0.0278007 -0.0017496 -2.9e-06 0.0277359 -0.0020002 0.0015788 0.02651 -0.002 0.0015777 0.0268783 -0.00175 0.0015777 0.0268783 -0.0017502 0.0015789 0.0265099 -0.0020001 -0.0001319 0.0263832 -0.0020002 0.0015788 0.02651 -0.0017502 0.0015789 0.0265099 -0.0017501 5.84e-05 0.0264751 -0.0020003 -0.0002952 0.0257973 -0.0020005 0.0015817 0.0255867 -0.0017505 0.0015818 0.0255866 -0.0017504 -0.0001975 0.0256697 -0.0019984 -0.0002123 0.0308636 -0.0019985 -0.000538 0.0307106 -0.0017484 -0.0001984 0.0308389 -0.0017485 -0.0005379 0.0307105 -0.0017484 -0.0001984 0.0308389 -0.0017485 -0.0005379 0.0307105 -0.0017483 -0.000632 0.0312265 -0.0017481 0.0015619 0.0319005 -0.0017483 0.0015631 0.0315321 -0.0017482 -0.0002804 0.0315547 -0.0017482 -0.000154 0.03138 -0.001748 -0.0006092 0.0318937 -0.0017481 -0.0006081 0.0315575 -0.0019982 -0.0002804 0.0315548 -0.0019983 -0.0006541 0.031045 -0.0017483 -0.000632 0.0312265 -0.0017482 -0.0002804 0.0315547 -0.0019983 -0.0006541 0.031045 -0.0019985 -0.000538 0.0307106 -0.0017485 -0.0005379 0.0307105 -0.0017483 -0.000632 0.0312265 -0.0019982 -0.0002804 0.0315548 -0.0019981 -0.0006082 0.0315576 -0.0017482 -0.0002804 0.0315547 -0.0017481 -0.0006081 0.0315575 -0.0019981 -0.0006082 0.0315576 -0.001998 -0.0006092 0.0318938 -0.001748 -0.0006092 0.0318937 -0.0017481 -0.0006081 0.0315575 -0.001998 -0.0006092 0.0318938 -0.0019981 0.0015619 0.0319006 -0.0017481 0.0015619 0.0319005 -0.001748 -0.0006092 0.0318937 -0.0019981 0.0015619 0.0319006 -0.0019983 0.0015631 0.0315322 -0.0017481 0.0015619 0.0319005 -0.0017483 0.0015631 0.0315321 -0.0019982 -0.0002185 0.0313118 -0.0019984 -0.0002123 0.0308636 -0.0017484 -0.0001984 0.0308389 -0.0017482 -0.000154 0.03138 -0.0019982 0.0003217 0.0315256 -0.0019983 0.0015631 0.0315322 -0.0017483 0.0015631 0.0315321 -0.0017482 -0.000154 0.03138 -0.0019978 0.001559 0.0328146 -0.0019979 0.0015602 0.0324447 -0.0017478 0.0015591 0.0328145 -0.0017479 0.0015602 0.0324446 -0.0017478 0.0015591 0.0328145 -0.0017479 0.0015602 0.0324446 -0.0017476 -0.0002262 0.0329377 -0.0017474 -0.0006186 0.0334738 -0.0017473 -0.0003674 0.0338446 -0.0017474 -0.0003115 0.033467 -0.0017478 -0.0003407 0.0325305 -0.0017474 -0.0001555 0.0337026 -0.0017473 0.0015547 0.034219 -0.0017474 0.0015558 0.0338506 -0.0017471 -0.0014453 0.0342095 -0.0017472 -0.0014442 0.0338412 -0.0019973 -0.0003674 0.0338446 -0.0019974 -0.0006341 0.0334216 -0.0017474 -0.0006186 0.0334738 -0.0017473 -0.0003674 0.0338446 -0.0019977 -0.0005605 0.0327552 -0.0019974 -0.0006341 0.0334216 -0.0017474 -0.0006186 0.0334738 -0.0017478 -0.0003407 0.0325305 -0.0019978 -0.0001713 0.0324728 -0.0019979 0.0015602 0.0324447 -0.0017479 0.0015602 0.0324446 -0.0017478 -0.0003407 0.0325305 -0.0019972 -0.0014239 0.0338413 -0.0019973 -0.0003674 0.0338446 -0.0017473 -0.0003674 0.0338446 -0.0017472 -0.0014442 0.0338412 -0.0019971 -0.0014453 0.0342096 -0.0019972 -0.0014239 0.0338413 -0.0017471 -0.0014453 0.0342095 -0.0017472 -0.0014442 0.0338412 -0.0019971 -0.0014453 0.0342096 -0.0019973 0.0015546 0.0342191 -0.0017473 0.0015547 0.034219 -0.0017471 -0.0014453 0.0342095 -0.0019974 0.0015558 0.0338507 -0.0019973 0.0015546 0.0342191 -0.0017473 0.0015547 0.034219 -0.0017474 0.0015558 0.0338506 -0.0019976 -0.0003067 0.0330544 -0.0019974 -0.0003279 0.0334134 -0.0017476 -0.0002262 0.0329377 -0.0017474 -0.0003115 0.033467 -0.0019974 -0.0003279 0.0334134 -0.0019973 0.0001946 0.0338368 -0.0017474 -0.0003115 0.033467 -0.0017474 -0.0001555 0.0337026 -0.0019973 0.0001946 0.0338368 -0.0019974 0.0015558 0.0338507 -0.0017474 -0.0001555 0.0337026 -0.0017474 0.0015558 0.0338506 -0.0019977 -0.0001127 0.0328627 -0.0019978 0.001559 0.0328146 -0.0017478 0.0015591 0.0328145 -0.0017476 -0.0002262 0.0329377 -0.001997 0.0006963 0.0346876 -0.0019969 0.0013548 0.0351201 -0.001747 0.0006361 0.0346696 -0.001747 0.0011226 0.0348944 -0.0019969 0.0013548 0.0351201 -0.0019968 0.001519 0.0354183 -0.001747 0.0011226 0.0348944 -0.0017468 0.0015562 0.0355353 -0.001747 0.0006361 0.0346696 -0.001747 0.0011226 0.0348944 -0.0017468 -0.000531 0.0350965 -0.0017465 -0.0011621 0.0358994 -0.0017462 0.0001561 0.0368944 -0.0017463 0.0009568 0.0366305 -0.0017464 -0.0014976 0.0360217 -0.0017468 0.0015562 0.0355353 -0.0017466 0.0012588 0.0359998 -0.0017468 -0.0011944 0.0350412 -0.0017462 0.0010812 0.0370129 -0.0017465 0.001544 0.0363644 -0.0017468 0.0010432 0.0353322 -0.0017466 -0.0010669 0.0354896 -0.0017466 -0.001422 0.0354148 -0.0017461 -0.0012371 0.0367508 -0.0017462 -0.0005882 0.0367884 -0.0017462 -0.0009204 0.0365702 -0.001746 -0.0006984 0.0371751 -0.001746 -0.0003521 0.0372765 -0.0017469 0.0004998 0.0350545 -0.0017469 -0.0006219 0.0347071 -0.001997 0.0006963 0.0346876 -0.0019969 0.0005563 0.0350688 -0.001747 0.0006361 0.0346696 -0.0017469 0.0004998 0.0350545 -0.0019966 -0.0010556 0.0354698 -0.0019968 -0.0006008 0.0351202 -0.0017468 -0.000531 0.0350965 -0.0017466 -0.0010669 0.0354896 -0.0019966 -0.0010556 0.0354698 -0.0019963 -0.001126 0.0362004 -0.0017465 -0.0011621 0.0358994 -0.0017466 -0.0010669 0.0354896 -0.0019963 -0.001126 0.0362004 -0.0019961 -0.0002713 0.0368753 -0.0017462 -0.0005882 0.0367884 -0.0017462 -0.0009204 0.0365702 -0.0019961 -0.0002713 0.0368753 -0.0019964 0.0010441 0.0365435 -0.0019962 0.0004637 0.0368576 -0.0017462 0.0001561 0.0368944 -0.0017463 0.0009568 0.0366305 -0.0017462 -0.0005882 0.0367884 -0.0019964 0.0010441 0.0365435 -0.0019966 0.0012603 0.0359641 -0.0019967 0.0011902 0.0355542 -0.0017463 0.0009568 0.0366305 -0.0017466 0.0012588 0.0359998 -0.0017468 0.0010432 0.0353322 -0.0019967 0.0011902 0.0355542 -0.0019969 0.0005563 0.0350688 -0.0017468 0.0010432 0.0353322 -0.0017469 0.0004998 0.0350545 -0.0019968 -0.0006008 0.0351202 -0.0019969 -0.0006219 0.0347072 -0.0017468 -0.000531 0.0350965 -0.0017469 -0.0006219 0.0347071 -0.0019964 0.0014428 0.0366229 -0.0019968 0.001519 0.0354183 -0.0017468 0.0015562 0.0355353 -0.0017465 0.001544 0.0363644 -0.0019961 -0.0011826 0.0368191 -0.0019966 -0.0014468 0.0354896 -0.0017464 -0.0014976 0.0360217 -0.0017461 -0.0012371 0.0367508 -0.0019966 -0.0014468 0.0354896 -0.0019968 -0.0011703 0.0350163 -0.0019969 -0.0006219 0.0347072 -0.0017464 -0.0014976 0.0360217 -0.0017468 -0.0011944 0.0350412 -0.0017466 -0.001422 0.0354148 -0.0017469 -0.0006219 0.0347071 -0.001996 -0.0006985 0.0371752 -0.0019961 -0.0011826 0.0368191 -0.0017461 -0.0012371 0.0367508 -0.001746 -0.0006984 0.0371751 -0.001746 -0.0003521 0.0372765 -0.0019964 0.0014428 0.0366229 -0.001996 -0.0006985 0.0371752 -0.0017462 0.0010812 0.0370129 -0.001746 -0.0003521 0.0372765 -0.0019778 -0.0005109 0.085579 -0.0019778 -0.0005242 0.0855481 -0.0017278 -0.0005109 0.0855789 -0.0017278 -0.0005242 0.085548 -0.0017278 -0.0005362 0.0855174 -0.0019778 -0.0005242 0.0855481 -0.001978 -0.0005755 0.0849892 -0.0017278 -0.0005362 0.0855174 -0.001728 -0.0005334 0.0848488 -0.0017278 -0.0005109 0.0855789 -0.0017278 -0.0005242 0.085548 -0.0017278 -0.0005362 0.0855174 -0.0017277 0.0006214 0.0858541 -0.0017276 0.0009734 0.0861467 -0.001728 0.0014457 0.0852991 -0.0017282 -7.04e-05 0.0843494 -0.0017281 8.97e-05 0.0847143 -0.0017282 0.001211 0.0846204 -0.001728 -0.0001993 0.0849827 -0.001728 -0.0005334 0.0848488 -0.0017282 0.0007814 0.0847337 -0.0017278 0.001374 0.0856848 -0.0017283 0.0008488 0.0843548 -0.0017277 -6.18e-05 0.0857738 -0.0017279 0.0011342 0.085389 -0.0017276 -0.0015669 0.0858848 -0.0017276 -2.44e-05 0.086182 -0.0017281 -0.0015622 0.0843967 -0.0017277 -0.0012098 0.0855927 -0.0017276 0.0006032 0.0862477 -0.0017282 -0.0012061 0.0843978 -0.0019778 -0.0005109 0.085579 -0.0019777 -0.0012099 0.0855928 -0.0017278 -0.0005109 0.0855789 -0.0017277 -0.0012098 0.0855927 -0.0019782 -0.0012061 0.0843979 -0.0019777 -0.0012099 0.0855928 -0.0017277 -0.0012098 0.0855927 -0.0017282 -0.0012061 0.0843978 -0.0019781 -0.0015622 0.0843968 -0.0019782 -0.0012061 0.0843979 -0.0017281 -0.0015622 0.0843967 -0.0017282 -0.0012061 0.0843978 -0.0019781 -0.0015622 0.0843968 -0.0019776 -0.0015669 0.0858849 -0.0017276 -0.0015669 0.0858848 -0.0017281 -0.0015622 0.0843967 -0.0019776 -2.44e-05 0.0861821 -0.0019776 -0.0015669 0.0858849 -0.0017276 -0.0015669 0.0858848 -0.0017276 -2.44e-05 0.086182 -0.0019779 -0.0002649 0.0852044 -0.0019776 -2.44e-05 0.0861821 -0.0019777 1.73e-05 0.0858346 -0.0017277 -6.18e-05 0.0857738 -0.0017276 -2.44e-05 0.086182 -0.0019779 0.0011266 0.0854272 -0.0019777 0.0007433 0.0858218 -0.0017277 0.0006214 0.0858541 -0.0017279 0.0011342 0.085389 -0.0019782 0.0006368 0.0846816 -0.0019781 3.63e-05 0.0847407 -0.0017281 8.97e-05 0.0847143 -0.0017282 0.0007814 0.0847337 -0.0019779 -0.0002649 0.0852044 -0.0019781 3.63e-05 0.0847407 -0.0017281 8.97e-05 0.0847143 -0.001728 -0.0001993 0.0849827 -0.0019777 0.0007433 0.0858218 -0.0019776 0.0006872 0.086237 -0.0017277 0.0006214 0.0858541 -0.0017276 0.0006032 0.0862477 -0.0019783 0.0005364 0.0842692 -0.0019782 -0.0001458 0.0843892 -0.0017282 -7.04e-05 0.0843494 -0.0017283 0.0008488 0.0843548 -0.0019783 0.0005364 0.0842692 -0.0019783 0.0011429 0.0845507 -0.0017282 0.001211 0.0846204 -0.0017283 0.0008488 0.0843548 -0.0019783 0.0011429 0.0845507 -0.0019779 0.0013958 0.085623 -0.001728 0.0014457 0.0852991 -0.0017282 0.001211 0.0846204 -0.0019779 0.0013958 0.085623 -0.0019777 0.0011049 0.0860628 -0.0019776 0.0006872 0.086237 -0.0017276 0.0009734 0.0861467 -0.001728 0.0014457 0.0852991 -0.0017278 0.001374 0.0856848 -0.0017276 0.0006032 0.0862477 -0.001978 -0.0005755 0.0849892 -0.0019782 -0.0001458 0.0843892 -0.0017282 -7.04e-05 0.0843494 -0.001728 -0.0005334 0.0848488 -0.0019771 0.0013872 0.0875534 -0.0019773 0.0013884 0.087185 -0.0017271 0.0013872 0.0875533 -0.0017273 0.0013884 0.0871849 -0.0017271 0.0013872 0.0875533 -0.0017273 0.0013884 0.0871849 -0.0017267 -0.0008745 0.0882853 -0.0017267 -0.0005184 0.0882864 -0.001727 -0.0009084 0.0876031 -0.0017271 -0.0016262 0.0871755 -0.001727 -0.0015232 0.0874753 -0.0019771 -0.0015913 0.0871757 -0.0019773 0.0013884 0.087185 -0.0017273 0.0013884 0.0871849 -0.0017271 -0.0016262 0.0871755 -0.0019771 -0.0015913 0.0871757 -0.0019767 -0.0008745 0.0882854 -0.0017267 -0.0008745 0.0882853 -0.0017271 -0.0016262 0.0871755 -0.001727 -0.0015232 0.0874753 -0.0019771 0.0013872 0.0875534 -0.001977 -0.0009596 0.087546 -0.0017271 0.0013872 0.0875533 -0.001727 -0.0009084 0.0876031 -0.0019989 0.0015518 0.0299903 -0.0019987 0.0012582 0.0304039 -0.0019992 0.0015401 0.0291963 -0.0017486 0.0008364 0.0305898 -0.0017492 0.0014586 0.0290396 -0.001749 0.0016176 0.0296887 -0.0017489 0.0015394 0.0300209 -0.0019986 0.0005732 0.03062 -0.001999 -0.0006166 0.0293171 -0.0019986 -0.0002887 0.0304021 -0.0019992 -0.0003115 0.0288252 -0.0019987 -0.0005999 0.0299478 -0.0019987 0.0012582 0.0304039 -0.0017486 0.0008364 0.0305898 -0.0017485 5.7e-06 0.0305549 -0.0017486 -0.0004103 0.030284 -0.0017488 -0.0006439 0.0297398 -0.0017491 -0.0005375 0.0291097 -0.0017492 -0.0001382 0.0287092 -0.0019993 0.0005293 0.0285869 -0.0019992 -0.0003115 0.0288252 -0.0019993 0.0010128 0.0286705 -0.0017492 -0.0001382 0.0287092 -0.0017493 0.0005294 0.0285868 -0.0017493 0.0011972 0.0287612 -0.0019993 0.0010128 0.0286705 -0.0019992 0.0015401 0.0291963 -0.0017492 0.0014586 0.0290396 -0.0017493 0.0011972 0.0287612 -0.0017556 0.0016237 0.0122221 -0.0017549 6.78e-05 0.0137706 -0.0017549 -0.0002409 0.0136531 -0.0017551 -0.0005461 0.0132152 -0.0017553 -0.0005929 0.0126358 -0.0017555 -0.000285 0.0120232 -0.0017557 0.0015996 0.0118491 -0.0017552 -0.0002882 0.0129919 -0.001755 -0.0001257 0.0133107 -0.0017554 -0.0002167 0.0124786 -0.0017554 0.0002559 0.0123532 -0.0017555 0.001364 0.0123071 -0.0017554 0.0016192 0.0127544 -0.0017551 0.0016297 0.0134017 -0.001755 0.0013925 0.0137361 -0.0017549 0.0008703 0.0138146 -0.001755 0.0005401 0.0135661 -0.0017555 0.0005344 0.0123193 -0.0017551 0.0007606 0.0132814 -0.0017554 0.001183 0.0124867 -0.0017551 0.0013117 0.0132949 -0.0017551 0.0009862999 0.013441 -0.0017555 0.0005344 0.0123193 -0.0017554 0.001183 0.0124867 -0.0020055 0.001124 0.0124371 -0.0020055 0.0005343 0.0123194 -0.0017551 0.0013117 0.0132949 -0.0017551 0.0009862999 0.013441 -0.0020051 0.0008818 0.0134073 -0.0020051 0.0012753 0.0133414 -0.0017555 0.0005344 0.0123193 -0.0017551 0.0007606 0.0132814 -0.0020055 0.0005343 0.0123194 -0.0020051 0.0008818 0.0134073 -0.0020052 0.0013811 0.0130413 -0.0020055 0.001124 0.0124371 -0.0020055 0.0005343 0.0123194 -0.0020051 0.0008818 0.0134073 -0.0020051 0.0012753 0.0133414 -0.0017538 0.0016091 0.0168837 -0.0017531 5.32e-05 0.0184321 -0.0017531 -0.0002555 0.0183146 -0.0017535 -0.0006029 0.0172448 -0.0017537 -0.0003692 0.0167306 -0.0017539 0.0015582 0.0165242 -0.0017533 0.0001011 0.0180723 -0.0017533 -0.0002729 0.017781 -0.0017536 -0.0002172 0.0171189 -0.0017537 0.0002296 0.0169799 -0.0017538 0.0013493 0.0169686 -0.0017535 0.0016566 0.0177049 -0.0017533 0.0015285 0.0182441 -0.0017532 0.0011436 0.0184904 -0.0017532 0.000573 0.018293 -0.0017537 0.0005261 0.0170004 -0.0017533 0.0010912 0.0180996 -0.0017533 0.0008291 0.0180434 -0.0017536 0.0013418 0.0174642 -0.0017537 0.0011887 0.0171699 -0.0017534 0.0012844 0.0179746 -0.0017536 0.0013418 0.0174642 -0.0017537 0.0011887 0.0171699 -0.0020035 0.0013651 0.0177275 -0.0020037 0.0011346 0.0171179 -0.0017537 0.0005261 0.0170004 -0.0017537 0.0011887 0.0171699 -0.0020037 0.0011346 0.0171179 -0.0020037 0.0005197 0.0169809 -0.0017533 0.0010912 0.0180996 -0.0017533 0.0008291 0.0180434 -0.0020033 0.0008291 0.0180435 -0.0020033 0.0011113 0.018095 -0.0017537 0.0005261 0.0170004 -0.0017533 0.0008291 0.0180434 -0.0020037 0.0005197 0.0169809 -0.0020033 0.0008291 0.0180435 -0.0020035 0.0013651 0.0177275 -0.0020037 0.0011346 0.0171179 -0.0020037 0.0005197 0.0169809 -0.0020033 0.0008291 0.0180435 -0.0020033 0.0011113 0.018095 -0.0017564 0.0016308 0.0099758 -0.0017566 0.0016318 0.009632 -0.0017564 -0.0013682 0.0096226 -0.0017562 -0.0013693 0.0099909 -0.0017564 0.0014187 0.0100234 -0.0017563 0.0016495 0.010354 -0.001756 0.0015207 0.0110814 -0.0017559 0.0011321 0.0113955 -0.0017558 0.0003152 0.0114999 -0.0017558 -8.43e-05 0.0113891 -0.0017559 -0.0004497 0.0110845 -0.0017562 -0.0005177 0.0102533 -0.0017562 -0.0004223 0.0101123 -0.0017562 -0.000407 0.0100956 -0.0017562 -0.0003906 0.010079 -0.0017563 -0.0003732 0.0100625 -0.0017563 2.1e-05 0.0100733 -0.0017562 0.0013599 0.0104056 -0.0017562 -0.0002571 0.0103595 -0.001756 -0.0001592 0.010909 -0.001756 0.0008936 0.0110952 -0.001756 0.0012159 0.0109202 -0.0017564 0.0010211 0.0100383 -0.001756 -0.0001592 0.010909 -0.001756 0.0008936 0.0110952 -0.0020059 6.42e-05 0.0110534 -0.0020059 0.0007553 0.0111233 -0.001756 0.0008936 0.0110952 -0.001756 0.0012159 0.0109202 -0.0020059 0.0007553 0.0111233 -0.002006 0.0012029 0.0109328 -0.0017562 0.0013599 0.0104056 -0.001756 0.0012159 0.0109202 -0.002006 0.0012029 0.0109328 -0.0020063 0.0012442 0.0101963 -0.0017562 0.0013599 0.0104056 -0.0017564 0.0010211 0.0100383 -0.0020063 0.0012442 0.0101963 -0.0020064 0.0009134 0.0100025 -0.0017562 -0.0002571 0.0103595 -0.001756 -0.0001592 0.010909 -0.0020062 -0.000245 0.0103304 -0.002006 -0.0002661 0.0107283 -0.0020059 6.42e-05 0.0110534 -0.0020059 0.0007553 0.0111233 -0.002006 0.0012029 0.0109328 -0.0020063 0.0012442 0.0101963 -0.0020064 0.0009134 0.0100025 -0.0020062 -0.000245 0.0103304 -0.002006 -0.0002661 0.0107283 -0.0017486 0.0008364 0.0305898 -0.0017485 5.7e-06 0.0305549 -0.0017486 -0.0004103 0.030284 -0.0017488 -0.0006439 0.0297398 -0.0017491 -0.0005375 0.0291097 -0.0017492 -0.0001382 0.0287092 -0.0017493 0.0005294 0.0285868 -0.0017492 0.0014586 0.0290396 -0.001749 0.0016176 0.0296887 -0.0017489 0.0015394 0.0300209 -0.0017493 0.0011972 0.0287612 -0.0017492 0.0003603 0.0289649 -0.0017487 0.0008361 0.0302029 -0.0017487 0.0003568 0.0302399 -0.0017489 0.0012391 0.0299066 -0.001749 -0.0003165 0.0293981 -0.0017487 -0.0001906 0.0300172 -0.0017491 0.0011323 0.0291639 -0.001749 0.0013161 0.0296474 -0.0017489 0.0012391 0.0299066 -0.001749 0.0013161 0.0296474 -0.0019988 0.0011241 0.0300483 -0.001999 0.0013157 0.0295524 -0.0017491 0.0011323 0.0291639 -0.001749 0.0013161 0.0296474 -0.001999 0.0013157 0.0295524 -0.0019991 0.0012428 0.0292971 -0.0017487 0.0008361 0.0302029 -0.0017489 0.0012391 0.0299066 -0.0019987 0.0006651 0.0302354 -0.0019988 0.0011241 0.0300483 -0.0017492 0.0003603 0.0289649 -0.0017491 0.0011323 0.0291639 -0.0019992 0.0009127 0.0290356 -0.0019992 0.0002402 0.0289785 -0.0017492 0.0003603 0.0289649 -0.001749 -0.0003165 0.0293981 -0.0019992 0.0002402 0.0289785 -0.001999 -0.0002871 0.0293296 -0.001749 -0.0003165 0.0293981 -0.0017487 -0.0001906 0.0300172 -0.001999 -0.0002871 0.0293296 -0.0019988 -0.0003417 0.0297137 -0.0019987 3.04e-05 0.0301679 -0.0019987 0.0006651 0.0302354 -0.0019988 0.0011241 0.0300483 -0.001999 0.0013157 0.0295524 -0.0019991 0.0012428 0.0292971 -0.0019992 0.0009127 0.0290356 -0.0019992 0.0002402 0.0289785 -0.001999 -0.0002871 0.0293296 -0.0019988 -0.0003417 0.0297137 -0.0017509 0.0005931 0.024407 -0.0017515 0.0005982 0.02278 -0.0017515 0.0014333 0.0231007 -0.0017513 0.0016377 0.0236832 -0.001751 0.0014661 0.024363 -0.0017508 0.0009107 0.0247371 -0.0017508 0.0001762 0.0247489 -0.0017508 -0.000381 0.0244533 -0.001751 -0.0006088 0.0240138 -0.0017513 -0.0004281 0.0231491 -0.0017514 -2.7e-05 0.0228639 -0.0017515 0.0009374 0.0227933 -0.001751 0.0011246 0.0242207 -0.0017512 0.0013358 0.0237358 -0.0017514 0.0011479 0.023311 -0.0017514 0.0009534 0.0231956 -0.0017514 0.0002324 0.023163 -0.0017511 -0.0003318 0.0237521 -0.001751 -0.000223 0.0241167 -0.0017509 0.00029 0.0243853 -0.001751 -0.000223 0.0241167 -0.0017509 0.00029 0.0243853 -0.002001 -0.0002981 0.0239751 -0.0020009 0.0001677 0.0243652 -0.0020014 0.0002939 0.0231575 -0.0020013 -0.0001445 0.0233184 -0.002001 -0.0002981 0.0239751 -0.0020009 0.0001677 0.0243652 -0.0019745 -0.0028745 0.0937907 -0.0019741 -0.004849 0.0944489 -0.0019681 -0.0062238 0.0951572 -0.0019654 0.0058433 0.0939715 -0.0020199 0.0063696 -0.0504051 -0.0019975 0.0058039 0.0344546 -0.0019998 0.0058229 0.0283924 -0.0019744 -0.0059012 0.0935841 -0.0020053 -0.0056246 0.0116534 -0.0019967 -0.005696 0.0344185 -0.001977 -0.0058601 0.0866949 -0.0020245 -0.0055961 -0.0504018 -0.0020285 -0.0069781 -0.0553462 -0.0019747 -0.0010329 0.093508 -0.0020303 -0.0035451 -0.0541719 -0.0020304 0.0006554 -0.0536676 -0.0020306 0.0030723 -0.0538088 -0.0020309 0.0054508 -0.0542604 -0.0020077 -0.0007584 0.006077 -0.0020083 -0.0005563 0.0046234 -0.0020079 -0.0005273 0.0057964 -0.002008 -0.0005263 0.0054649 -0.002008 -0.0002274 0.0054592 -0.0020084 -0.0004177 0.0043369 -0.0020081 -0.0002104 0.0051167 -0.0020085 -1.34e-05 0.0040506 -0.0020086 -0.0002249 0.0037809 -0.0020084 -3.87e-05 0.0045424 -0.0020081 3.04e-05 0.0053555 -0.0020088 -0.0001977 0.003377 -0.0020081 -0.000494 0.0051705 -0.0020087 -0.0005642 0.00362 -0.0020091 0.0016531 0.0028524 -0.0020085 -0.0002238 0.0041692 -0.0020085 -0.0002507 0.00415 -0.002009 -0.0001834 0.0028976 -0.0020081 0.001645 0.0054349 -0.0020085 0.0016479 0.0045124 -0.0020079 0.0016687 0.0060846 -0.002009 0.0016519 0.0032207 -0.0020086 0.001649 0.004144 -0.002008 0.0016438 0.0058032 -0.0020066 -0.0005375 0.0090504 -0.0020068 0.0016336 0.0090573 -0.0020069 0.0016348 0.0086889 -0.0020068 -0.0005364 0.0086821 -0.0020044 -0.0002822 0.0150027 -0.0020041 -0.0002514 0.0157037 -0.0020041 -0.0005584 0.0157066 -0.0020047 -0.0007834 0.0140497 -0.0020042 -7.49e-05 0.0155594 -0.0020045 -1.91e-05 0.0146797 -0.0020049 0.0016436 0.0140573 -0.0020046 -0.0004095 0.0144589 -0.0020047 -2.91e-05 0.0142847 -0.0020043 -0.000596 0.0151584 -0.0020047 0.0016161 0.0146451 -0.0020048 0.0016172 0.0142752 -0.0020041 0.0016117 0.0160449 -0.0020043 0.0016128 0.0156766 -0.0020006 -0.0008178 0.0249951 -0.0020003 -0.0006195 0.025684 -0.002 -0.0005202 0.0267413 -0.0019996 -0.0003225 0.0278083 -0.0019995 -0.0005965 0.0278309 -0.0020002 -0.0005866 0.0261824 -0.0019997 -0.0003079 0.0274061 -0.0020001 -0.0001319 0.0263832 -0.0019999 -0.0001089 0.0269084 -0.0020003 -0.0002952 0.0257973 -0.002 -0.000294 0.0265352 -0.0020001 -0.0003209 0.0265159 -0.0020005 -0.0002974 0.0252804 -0.0019997 -0.0006316 0.0273275 -0.0019996 0.0002103 0.0277836 -0.0019994 -0.0005975 0.0281624 -0.0020002 0.0015788 0.02651 -0.0019996 0.0015736 0.0281692 -0.002 0.0015777 0.0268783 -0.0019997 0.0015748 0.0278008 -0.0020005 0.0015817 0.0255867 -0.0020007 0.0015829 0.0252183 -0.0019984 -0.0014139 0.0306618 -0.0019982 -0.0002804 0.0315548 -0.0019981 -0.0006082 0.0315576 -0.0019982 -0.0002185 0.0313118 -0.0019983 -0.0006541 0.031045 -0.0019984 -0.0002123 0.0308636 -0.0019986 0.0015915 0.0306712 -0.0019982 0.0003217 0.0315256 -0.0019985 -0.000538 0.0307106 -0.001998 -0.0006092 0.0318938 -0.001998 0.0015868 0.0321727 -0.0019981 0.0015619 0.0319006 -0.0019983 0.0015631 0.0315322 -0.0019771 -0.0015913 0.0871757 -0.0019771 0.0013872 0.0875534 -0.001977 -0.0009596 0.087546 -0.001977 -0.0009454 0.0875614 -0.001977 -0.0009084 0.0876032 -0.0019773 0.0013884 0.087185 -0.0019767 -0.0008745 0.0882854 -0.0019778 -0.0005109 0.085579 -0.0019778 -0.0005242 0.0855481 -0.0019783 0.0005364 0.0842692 -0.001978 -0.0005755 0.0849892 -0.0019783 0.0011429 0.0845507 -0.0019782 -0.0001458 0.0843892 -0.0019779 -0.0002649 0.0852044 -0.0019779 0.0011266 0.0854272 -0.0019779 0.0013958 0.085623 -0.0019777 0.0011049 0.0860628 -0.0019782 0.0006368 0.0846816 -0.0019781 0.0011049 0.0850657 -0.0019777 0.0007433 0.0858218 -0.0019781 3.63e-05 0.0847407 -0.0019776 -2.44e-05 0.0861821 -0.0019776 0.0006872 0.086237 -0.0019777 1.73e-05 0.0858346 -0.0019781 -0.0015622 0.0843968 -0.0019782 -0.0012061 0.0843979 -0.0019776 -0.0015669 0.0858849 -0.0019777 -0.0012099 0.0855928 -0.0019964 0.0014428 0.0366229 -0.001996 -0.0006985 0.0371752 -0.0019961 -0.0011826 0.0368191 -0.0019966 -0.0014468 0.0354896 -0.0019968 -0.0011703 0.0350163 -0.0019966 -0.0010556 0.0354698 -0.0019963 -0.001126 0.0362004 -0.001997 0.0006963 0.0346876 -0.0019961 -0.0002713 0.0368753 -0.0019969 0.0013548 0.0351201 -0.0019964 0.0010441 0.0365435 -0.0019962 0.0004637 0.0368576 -0.0019966 0.0012603 0.0359641 -0.0019968 0.001519 0.0354183 -0.0019967 0.0011902 0.0355542 -0.0019968 -0.0006008 0.0351202 -0.0019969 0.0005563 0.0350688 -0.0019969 -0.0006219 0.0347072 -0.0019971 -0.0014453 0.0342096 -0.0019972 -0.0014239 0.0338413 -0.0019973 -0.0003674 0.0338446 -0.0019976 -0.0003067 0.0330544 -0.0019977 -0.0005605 0.0327552 -0.0019977 -0.0001127 0.0328627 -0.0019974 -0.0003279 0.0334134 -0.0019978 -0.0001713 0.0324728 -0.0019973 0.0001946 0.0338368 -0.0019974 -0.0006341 0.0334216 -0.0019974 0.0015558 0.0338507 -0.0019978 0.001559 0.0328146 -0.0019979 0.0015602 0.0324447 -0.0019973 0.0015546 0.0342191 -0.0019986 0.0005732 0.03062 -0.0019993 0.0005293 0.0285869 -0.001999 -0.0006166 0.0293171 -0.0019986 -0.0002887 0.0304021 -0.0019992 -0.0003115 0.0288252 -0.0019989 0.0015518 0.0299903 -0.0019993 0.0010128 0.0286705 -0.0019987 -0.0005999 0.0299478 -0.0019987 0.0012582 0.0304039 -0.0019992 0.0015401 0.0291963 -0.0020029 -0.0013966 0.0186794 -0.0020027 0.0015997 0.019863 -0.0020019 -0.0014052 0.0214215 -0.0020028 -0.0013979 0.0190823 -0.0020026 0.0012325 0.0200526 -0.0020021 -0.0014039 0.0209941 -0.0020036 -0.0005477 0.0169849 -0.0020032 -0.0002925 0.0182888 -0.0020038 0.0016091 0.0168838 -0.002004 0.001585 0.0165108 -0.0020032 0.0012139 0.0184751 -0.0020033 0.0015507 0.0182093 -0.0020033 0.0004168 0.0179707 -0.0020036 -0.0001631 0.017061 -0.0020032 0.0006293 0.0183512 -0.0020033 -0.0001605 0.0179562 -0.0020038 -0.0001933 0.0166471 -0.0020037 0.0002296 0.01698 -0.0020033 7.2e-05 0.0180657 -0.0020033 -0.0005608 0.0178768 -0.0020036 0.0016153 0.0174514 -0.0020038 0.001341 0.0169589 -0.0020064 -0.0013478 0.0096227 -0.0020064 0.0013544 0.0099789 -0.0020064 0.0016172 0.0099759 -0.0020066 0.0016318 0.0096321 -0.0020061 -0.0005897 0.0105367 -0.0020059 -0.0004497 0.0110846 -0.0020058 -0.000144 0.0113584 -0.002006 0.0014838 0.0111284 -0.0020062 -0.0004223 0.0101124 -0.0020062 -0.000407 0.0100957 -0.0020062 -0.0003906 0.0100791 -0.0020058 0.0008635 0.0114834 -0.0020062 -0.0013693 0.009991 -0.0020062 0.0016705 0.0104483 -0.0020278 6.8e-06 -0.0469842 -0.002028 -0.0001794 -0.0475642 -0.0020284 0.0003729 -0.0484038 -0.0020283 0.0017482 -0.0479481 -0.0020284 0.0012966 -0.0483721 -0.0020272 -0.0011746 -0.0455658 -0.0020282 -0.0011455 -0.0483447 -0.0020283 -0.0007894 -0.0483436 -0.0020277 -0.0011502 -0.0468566 -0.0020278 -0.0007932 -0.0471486 -0.0020274 0.001805 -0.0455564 -0.002028 0.0018124 -0.0471185 -0.0020282 0.0014645 -0.0477854 -0.002028 0.0015387 -0.0472962 -0.0020278 0.0015215 -0.0466787 -0.0020283 0.0010263 -0.0480662 -0.0020281 0.0002359 -0.0477916 -0.0020268 -0.0001017 -0.044455 -0.0020282 0.0005868 -0.0480559 -0.0020278 0.001038 -0.0468873 -0.0020277 0.0003922 -0.0465593 -0.0020277 0.0010198 -0.0464937 -0.0020278 0.000434 -0.0469069 -0.0020271 -0.000543 -0.0451954 -0.0020268 -0.0004578 -0.0444561 -0.0020074 0.0016851 0.0072851 -0.0020076 0.0013491 0.0067195 -0.0020077 0.001641 0.0066958 -0.0020071 0.001354 0.0080386 -0.0020078 0.0016421 0.0063658 -0.0020076 -0.0005291 0.006359 -0.002007 -0.0005346 0.0081233 -0.0020075 -0.0005302 0.0067274 -0.0020066 -0.0009489 0.0090491 -0.0020052 -0.0005963 0.0126964 -0.0020049 -3.54e-05 0.0137465 -0.0020057 0.0014463 0.0119114 -0.0020056 0.0016237 0.0122222 -0.0020054 -0.0005098 0.0122678 -0.002005 0.0013314 0.013773 -0.0020051 0.0016218 0.0134254 -0.0020052 -0.0002917 0.0129648 -0.0020054 0.0002559 0.0123533 -0.0020053 -0.0002312 0.0125042 -0.002005 -0.0005129 0.0133124 -0.002005 0.0005876 0.0136316 -0.0020055 -0.0001787 0.0119855 -0.002005 6.02e-05 0.0133972 -0.0020055 0.0013556 0.0122974 -0.0020057 0.0016249 0.0118354 -0.0020008 0.0001339 0.0247392 -0.0020025 0.0015984 0.0202682 -0.0020015 0.0009725 0.0228036 -0.0020011 0.0012807 0.0240134 -0.0020008 -0.0004367 0.0243902 -0.0020014 0.0009243 0.0231842 -0.0020013 -0.0004992 0.0232513 -0.0020013 0.0013086 0.0235527 -0.002001 0.001482 0.0243393 -0.0020015 0.0014509 0.023123 -0.0020014 -0.0002031 0.0229517 -0.002001 -0.0006157 0.0239777 -0.0020008 0.0010222 0.0247016 -0.0020015 0.0005982 0.0227801 -0.0020009 0.0006105 0.0244059 -0.0020013 0.0016038 0.0234434 0.0020264 -0.0060293 0.0955632 0.0020258 -0.0036779 0.0945334 0.0020256 -0.0019468 0.0941317 0.0020253 0.0020398 0.0942063 0.0020254 0.0043418 0.0948985 0.0020256 0.005754 0.0956002 0.0019697 0.0061718 -0.0497297 0.0019692 0.0048622 -0.0541202 0.0019697 -0.0047137 -0.0544905 0.0019694 0.0030725 -0.0538103 0.0019697 -0.0023579 -0.0539324 0.0025266 0.003073 0.1177095 0.0023725 0.0007907 0.1181434 0.0023526 0.0014563 0.118081 0.0079911 -0.002965 0.0965614 0.0079777 -0.0019836 0.0963149 0.007873 -0.000308 0.0960902 0.0029036 0.0063617 0.1161743 0.0027275 0.0069719 0.1158117 0.0029208 0.0079811 0.1149374 0.0029036 0.0063617 0.1161743 0.0026222 0.0064336 0.1162037 0.0027275 0.0069719 0.1158117 0.0029036 0.0063617 0.1161743 0.0026222 0.0064336 0.1162037 0.0027275 0.0069719 0.1158117 0.0082853 -0.0025881 0.0967955 0.0080674 -0.0013128 0.0962812 0.007873 -0.000308 0.0960902 0.0029036 0.0063617 0.1161743 0.0028495 0.0069436 0.1158079 0.0029208 0.0079811 0.1149374 0.0031021 -0.0075372 0.1155277 0.0029431 -0.0067529 0.1161242 0.0031468 -0.0085671 0.1146519 0.0082127 -0.0038431 0.0971775 0.0082853 -0.0025881 0.0967955 0.0079221 -0.0054098 0.0976502 0.0027585 -0.0053234 0.1169504 0.0031021 -0.0075372 0.1155277 0.0029431 -0.0067529 0.1161242 0.0024629 -0.0025211 0.1179312 0.0015646 -0.0031725 0.1178231 0.0011055 -0.0035178 0.1176929 0.0056625 0.0002056 0.0951006 0.0042822 0.000899 0.0946532 0.0020253 0.0020398 0.0942063 -0.0003102 0.0034885 0.1174343 -0.0017659 0.0031962 0.1172658 -0.0041715 0.0021936 0.1168788 -0.0060336 0.0011532 0.1163654 -0.0069419 -0.0002025 0.1160477 -0.0078297 -0.0015492 0.1155222 0.0020435 0.0008025 0.1181959 1.86e-05 0.0001315 0.1180574 -0.002365 -0.0005527 0.1176199 0.0023725 0.0007907 0.1181434 0.0020435 0.0008025 0.1181959 1.86e-05 0.0001315 0.1180574 0.0023725 0.0007907 0.1181434 1.86e-05 0.0001315 0.1180574 -0.002365 -0.0005527 0.1176199 0.0019697 0.0061718 -0.0497297 0.001942 0.0081926 -0.0551992 0.0018839 0.0072653 -0.0526431 -0.0006441 0.0082803 -0.0519766 -0.000703 0.0079164 -0.0504985 -0.0009345 0.0076875 -0.048678 0.0019697 0.0061718 -0.0497297 0.001942 0.0081926 -0.0551992 0.0019692 0.0048622 -0.0541202 -0.0021615 0.0046679 0.0945116 -0.0021933 0.0049251 0.0946311 -0.0020461 0.0030348 0.093918 -0.0023668 0.0013614 0.0936432 -0.0024269 -0.0009595 0.0935996 -0.0025476 -0.0022629 0.0937995 -0.0076018 0.0043981 0.1146876 -0.0077077 0.0040777 0.1147716 -0.0078079 0.0037531 0.1148416 -0.0020068 0.0016336 0.0090573 -0.0020069 0.0016348 0.0086889 -0.0020066 0.0016318 0.0096321 -0.0020068 -0.0005364 0.0086821 -0.0020071 -0.0005334 0.007755 -0.002007 -0.0005346 0.0081233 -0.0020068 -0.0005364 0.0086821 -0.0020071 -0.0005334 0.007755 -0.0020075 -0.0005302 0.0067274 -0.0020278 0.000434 -0.0469069 -0.0017779 0.0002083 -0.0471595 -0.0017778 0.000434 -0.046907 -0.002028 -0.0001794 -0.0475642 -0.0020284 0.0003729 -0.0484038 -0.0017782 2.54e-05 -0.0481354 -0.0020284 0.0003729 -0.0484038 -0.0017784 0.0004289 -0.0484255 -0.0017782 2.54e-05 -0.0481354 -0.002028 -0.0001794 -0.0475642 -0.001778 -0.0001795 -0.0475536 -0.0017782 2.54e-05 -0.0481354 -0.0020274 0.001805 -0.0455564 -0.0017772 0.0018039 -0.0451882 -0.0017774 0.0018051 -0.0455565 -0.0020272 -0.0011746 -0.0455658 -0.0017772 -0.0012095 -0.045566 -0.0017771 -0.0012103 -0.0453266 -0.0020272 -0.0011746 -0.0455658 -0.0020268 -0.0004578 -0.0444561 -0.0017771 -0.0012103 -0.0453266 -0.0020268 -0.0004578 -0.0444561 -0.0017768 -0.0004578 -0.0444562 -0.0017771 -0.0012103 -0.0453266 -0.0020274 0.001805 -0.0455564 -0.0020271 -0.000543 -0.0451954 -0.0017771 -0.0005288 -0.0451802 -0.0020274 0.001805 -0.0455564 -0.0017772 0.0018039 -0.0451882 -0.0017771 -0.0005288 -0.0451802 -0.0020085 -1.34e-05 0.0040506 -0.0020086 -0.0002249 0.0037809 -0.0017586 -0.0001148 0.0039662 -0.0020088 -0.0001977 0.003377 -0.0017589 4.31e-05 0.0032325 -0.0017588 -0.0002082 0.0033944 -0.0020074 0.0013578 0.0074337 -0.0020072 0.0010402 0.0077402 -0.0017574 0.0013679 0.0072451 -0.0020072 0.0010402 0.0077402 -0.0017574 0.0013679 0.0072451 -0.0017572 0.0011023 0.0077275 -0.0020074 0.0016851 0.0072851 -0.0017575 0.0016719 0.0072013 -0.0017573 0.0016685 0.0075827 -0.0020066 -0.0009489 0.0090491 -0.0017566 -0.0009489 0.0090491 -0.0017567 -0.0009477 0.0086807 -0.0020064 -0.0013478 0.0096227 -0.0017567 -0.0013652 0.0086794 -0.0017566 -0.0013663 0.0090477 -0.0020066 -0.0009489 0.0090491 -0.0017566 -0.0009489 0.0090491 -0.0017566 -0.0013663 0.0090477 -0.0020064 -0.0013478 0.0096227 -0.0020066 -0.0009489 0.0090491 -0.0017566 -0.0013663 0.0090477 -0.0020058 0.0008635 0.0114834 -0.0017559 0.0011321 0.0113955 -0.0017558 0.0003152 0.0114999 -0.0020054 -0.0005098 0.0122678 -0.0020055 -0.0001787 0.0119855 -0.0017555 -0.000285 0.0120232 -0.0020049 -3.54e-05 0.0137465 -0.002005 6.02e-05 0.0133972 -0.0017549 6.78e-05 0.0137706 -0.002005 0.0005876 0.0136316 -0.0017549 0.0008703 0.0138146 -0.001755 0.0005401 0.0135661 -0.002005 0.0013314 0.013773 -0.002005 0.0005876 0.0136316 -0.0017549 0.0008703 0.0138146 -0.002005 0.0013314 0.013773 -0.001755 0.0013925 0.0137361 -0.0017549 0.0008703 0.0138146 -0.0020055 0.0013556 0.0122974 -0.0017555 0.001364 0.0123071 -0.0017554 0.0016192 0.0127544 -0.0020041 -0.0005584 0.0157066 -0.001754 -0.0005594 0.016038 -0.0017541 -0.0005584 0.0157065 -0.0020041 -0.0005584 0.0157066 -0.0020041 0.0016117 0.0160449 -0.001754 -0.0005594 0.016038 -0.0020041 0.0016117 0.0160449 -0.0017541 0.0016117 0.0160448 -0.001754 -0.0005594 0.016038 -0.0020036 -0.0005477 0.0169849 -0.0020033 -0.0005608 0.0178768 -0.0017535 -0.0006029 0.0172448 -0.0020036 -0.0005477 0.0169849 -0.0020038 -0.0001933 0.0166471 -0.0017537 -0.0003692 0.0167306 -0.0020036 -0.0005477 0.0169849 -0.0017535 -0.0006029 0.0172448 -0.0017537 -0.0003692 0.0167306 -0.0020032 -0.0002925 0.0182888 -0.0017531 5.32e-05 0.0184321 -0.0017531 -0.0002555 0.0183146 -0.0020032 -0.0002925 0.0182888 -0.0020033 7.2e-05 0.0180657 -0.0017531 5.32e-05 0.0184321 -0.0020033 7.2e-05 0.0180657 -0.0017531 5.32e-05 0.0184321 -0.0017533 0.0001011 0.0180723 -0.0020013 0.0013086 0.0235527 -0.0017512 0.0013358 0.0237358 -0.0017514 0.0011479 0.023311 -0.0020003 -0.0006195 0.025684 -0.0020002 -0.0005866 0.0261824 -0.0017503 -0.0006387 0.0259266 -0.0019996 -0.0003225 0.0278083 -0.0019997 -0.0006316 0.0273275 -0.0017495 -0.0004449 0.0278308 -0.0019997 -0.0006316 0.0273275 -0.0017499 -0.0006099 0.0269215 -0.0017495 -0.0004449 0.0278308 -0.002 -0.0005202 0.0267413 -0.0019997 -0.0006316 0.0273275 -0.0017499 -0.0006099 0.0269215 -0.0020003 -0.0002952 0.0257973 -0.0017502 -0.0003046 0.0261155 -0.0017504 -0.0001975 0.0256697 -0.0020001 -0.0001319 0.0263832 -0.0020003 -0.0002952 0.0257973 -0.0017502 -0.0003046 0.0261155 -0.0020001 -0.0001319 0.0263832 -0.0017502 -0.0003046 0.0261155 -0.0017501 5.84e-05 0.0264751 -0.0019982 -0.0002185 0.0313118 -0.0019982 0.0003217 0.0315256 -0.0017482 -0.000154 0.03138 -0.0019977 -0.0005605 0.0327552 -0.0019978 -0.0001713 0.0324728 -0.0017478 -0.0003407 0.0325305 -0.0019976 -0.0003067 0.0330544 -0.0019977 -0.0001127 0.0328627 -0.0017476 -0.0002262 0.0329377 -0.0019963 -0.001126 0.0362004 -0.0017465 -0.0011621 0.0358994 -0.0017462 -0.0009204 0.0365702 -0.0019964 0.0014428 0.0366229 -0.0017462 0.0010812 0.0370129 -0.0017465 0.001544 0.0363644 -0.0019781 0.0011049 0.0850657 -0.0017282 0.0007814 0.0847337 -0.0017279 0.0011342 0.085389 -0.0019782 0.0006368 0.0846816 -0.0019781 0.0011049 0.0850657 -0.0017282 0.0007814 0.0847337 -0.0019779 -0.0002649 0.0852044 -0.001728 -0.0001993 0.0849827 -0.0017277 -6.18e-05 0.0857738 -0.0019779 0.0011266 0.0854272 -0.0019781 0.0011049 0.0850657 -0.0017279 0.0011342 0.085389 -0.0019767 -0.0008745 0.0882854 -0.0017267 -0.0008745 0.0882853 -0.0017267 -0.0005184 0.0882864 -0.001977 -0.0009454 0.0875614 -0.001977 -0.0009084 0.0876032 -0.001727 -0.0009084 0.0876031 -0.001977 -0.0009084 0.0876032 -0.0019767 -0.0008745 0.0882854 -0.0017267 -0.0005184 0.0882864 -0.001977 -0.0009084 0.0876032 -0.0017267 -0.0005184 0.0882864 -0.001727 -0.0009084 0.0876031 -0.001977 -0.0009596 0.087546 -0.001977 -0.0009454 0.0875614 -0.001727 -0.0009084 0.0876031 -0.0017551 0.0013117 0.0132949 -0.0020052 0.0013811 0.0130413 -0.0020051 0.0012753 0.0133414 -0.0017554 0.001183 0.0124867 -0.0020052 0.0013811 0.0130413 -0.0020055 0.001124 0.0124371 -0.0017554 0.001183 0.0124867 -0.0017551 0.0013117 0.0132949 -0.0020052 0.0013811 0.0130413 -0.0017551 0.0007606 0.0132814 -0.0017551 0.0009862999 0.013441 -0.0020051 0.0008818 0.0134073 -0.0017536 0.0013418 0.0174642 -0.0017534 0.0012844 0.0179746 -0.0020035 0.0013651 0.0177275 -0.0017533 0.0010912 0.0180996 -0.0020035 0.0013651 0.0177275 -0.0020033 0.0011113 0.018095 -0.0017533 0.0010912 0.0180996 -0.0017534 0.0012844 0.0179746 -0.0020035 0.0013651 0.0177275 -0.0017563 2.1e-05 0.0100733 -0.0017562 -0.0002571 0.0103595 -0.0020062 -0.000245 0.0103304 -0.001756 -0.0001592 0.010909 -0.0020059 6.42e-05 0.0110534 -0.002006 -0.0002661 0.0107283 -0.0017563 2.1e-05 0.0100733 -0.0020064 0.0009134 0.0100025 -0.0020062 -0.000245 0.0103304 -0.0017563 2.1e-05 0.0100733 -0.0017564 0.0010211 0.0100383 -0.0020064 0.0009134 0.0100025 -0.0017487 -0.0001906 0.0300172 -0.0019987 3.04e-05 0.0301679 -0.0019988 -0.0003417 0.0297137 -0.0017487 0.0008361 0.0302029 -0.0017487 0.0003568 0.0302399 -0.0019987 3.04e-05 0.0301679 -0.0017487 0.0008361 0.0302029 -0.0019987 3.04e-05 0.0301679 -0.0019987 0.0006651 0.0302354 -0.0017487 0.0003568 0.0302399 -0.0017487 -0.0001906 0.0300172 -0.0019987 3.04e-05 0.0301679 -0.0017491 0.0011323 0.0291639 -0.0019991 0.0012428 0.0292971 -0.0019992 0.0009127 0.0290356 -0.0017514 0.0002324 0.023163 -0.0020014 0.0002939 0.0231575 -0.0020013 -0.0001445 0.0233184 -0.0017514 0.0002324 0.023163 -0.0017511 -0.0003318 0.0237521 -0.0020013 -0.0001445 0.0233184 -0.0017514 0.0002324 0.023163 -0.0017509 0.00029 0.0243853 -0.0020014 0.0002939 0.0231575 -0.0017509 0.00029 0.0243853 -0.0020014 0.0002939 0.0231575 -0.0020009 0.0001677 0.0243652 -0.0017511 -0.0003318 0.0237521 -0.0020013 -0.0001445 0.0233184 -0.002001 -0.0002981 0.0239751 -0.0017511 -0.0003318 0.0237521 -0.001751 -0.000223 0.0241167 -0.002001 -0.0002981 0.0239751</float_array>
          <technique_common>
            <accessor count="2781" source="#g0_chrome-pos-array" stride="3">
              <param type="float" name="X"/>
              <param type="float" name="Y"/>
              <param type="float" name="Z"/>
            </accessor>
          </technique_common>
        </source>
        <source id="g0_chrome-nrm">
          <float_array count="8343" id="g0_chrome-nrm-array">0.9194 0.14672 0.36493 0.98677 -0.09866 0.12864 0.99163 0.09469 0.08773 0.89318 -0.20117 0.4022 0.86315 0.07613 0.49917 0.99792 -0.05333 0.03626 0.99957 0.02184 -0.01949 0.84771 -0.08663 0.52333 0.96681 0.24561 0.07043 0.86589 0.34753 0.35981 0.94966 -0.26243 0.1711 0.99309 0.09471 -0.0693 0.90352 0.33 0.27341 0.97028 -0.24112 0.02034 0.91143 -0.35595 0.20639 0.71318 -0.41069 0.56807 0.88978 0.38176 0.25009 0.93753 0.31404 0.14971 0.97302 -0.18508 -0.13775 0.79218 -0.20936 0.57325 0.74621 -0.00213 0.66571 0.66211 0.06967 0.74616 0.70887 0.23114 0.6664 0.83581 -0.41711 0.357 0.74336 0.26034 0.61615 0.79646 -0.27285 0.53964 0.94116 -0.04232 -0.33529 0.90323 -0.42781 0.034 0.78615 0.41074 0.4618 0.90843 0.36809 -0.19817 0.91809 -0.31965 -0.2344 0.89034 -0.43621 -0.13044 0.69631 0.46363 0.54791 0.84382 0.52926 -0.08859 0.75874 0.64823 0.06419 0.8945 0.29685 -0.33429 0.71414 0.69258 0.10164 0.77425 -0.63204 0.03259 0.73001 -0.62785 0.26997 0.69184 -0.69415 0.19878 0.62962 -0.61065 0.4803 0.972 -0.13695 -0.19093 0.65595 0.68277 0.3218 0.8742 -0.13474 -0.46649 0.82533 -0.46635 -0.31835 0.57438 0.67127 0.46849 0.85866 0.08845 -0.50486 0.43772 -0.20226 0.87607 0.76492 0.56194 -0.31484 0.76514 0.27967 -0.57995 0.81102 0.184 -0.55533 0.74817 -0.62493 -0.22294 0.64581 -0.73748 -0.19763 0.48897 -0.63864 0.59418 0.52009 0.10064 0.84816 0.50859 0.52682 0.68102 0.68443 0.72023 -0.11323 0.52908 -0.55373 0.64301 0.74186 -0.39612 -0.54104 0.32561 -0.37455 0.86815 0.43899 -0.34247 0.83066 0.3625 0.2388 0.90087 0.59231 0.7841 0.18533 0.57119 -0.42093 0.70467 0.24734 -0.52653 0.81338 0.3562 -0.13331 0.92485 0.28762 0.06164 0.95576 0.33934 0.46771 0.81615 0.4233 0.14836 0.89376 0.24283 0.34136 0.90802 0.58151 -0.6408 -0.50122 0.39747 -0.84541 0.35679 0.31009 -0.10429 0.94497 0.50035 0.85932 -0.10591 0.65443 0.68812 -0.3134 0.66252 0.48059 -0.57454 0.59877 -0.54556 -0.58638 0.53522 -0.84448 -0.01997 0.39038 0.87692 0.28039 0.52029 0.80445 -0.28663 0.42165 0.51977 0.743 0.2968 0.74033 0.60317 0.37511 0.82421 0.42422 0.65728 0.55636 -0.50837 0.81796 -0.03461 -0.57423 0.63778 -0.23551 -0.73333 0.19369 -0.693 0.69443 0.50933 -0.72996 -0.45578 0.46127 -0.86904 -0.17889 0.46369 -0.15594 -0.87216 0.2463 -0.83204 0.49703 -0.27251 0.63564 0.72229 0.30315 0.93695 0.17384 0.11497 -0.50649 0.85455 0.01481 0.11913 0.99277 0.11046 0.68226 0.72271 0.35936 0.93266 0.03172 0.4318 0.81834 -0.37929 0.42806 -0.81987 -0.38024 0.34966 -0.93461 0.06519 0.31748 -0.92578 0.20527 0.13732 -0.61843 0.77375 0.09586 -0.39881 0.91201 0.55188 0.42488 -0.71757 0.60045 -0.32071 -0.73254 0.50357 -0.37391 -0.77885 0.05832 0.19845 0.97837 0.19127 0.8204 0.53885 0.19948 0.93469 0.29423 0.37163 0.89369 -0.25143 0.47667 0.71314 -0.51402 0.53987 0.16426 -0.82556 0.58824 0.00741 -0.80865 0.30803 -0.94967 -0.05689 -0.16279 0.38423 0.90877 0.3988 0.58787 -0.70383 0.42678 -0.11614 -0.89687 0.41064 -0.22601 -0.88334 0.42444 -0.49608 -0.75747 -0.0771 -0.33581 0.93877 -0.07059 -0.14765 0.98652 -0.06333 -0.05034 0.99672 0.21891 0.97025 -0.10345 0.34103 0.69007 -0.63836 0.37384 0.52753 -0.76286 0.42514 0.29914 -0.85427 0.03556 -0.82201 0.56836 0.00393 -0.74537 0.66664 -0.04481 -0.55736 0.82906 -0.08148 -0.28605 0.95474 0.09746 0.97917 0.1781 0.22595 0.93705 -0.26624 0.2832 0.78128 -0.55623 0.38377 0.13445 -0.91359 0.38727 -0.03471 -0.92131 0.21502 -0.94934 -0.22917 0.11247 -0.98128 0.15631 -0.07501 -0.57253 0.81644 -0.06806 0.58403 0.80888 0.00907 0.8547 0.51905 0.11707 0.99264 0.03107 0.34889 0.41463 -0.84045 0.35708 -0.37828 -0.85405 0.36611 -0.70494 -0.60747 0.23065 -0.91067 -0.34276 0.16021 -0.97778 -0.1352 0.0542 -0.92503 0.37602 -0.12429 0.31745 0.9401 0.03316 0.94145 0.33551 0.23158 0.8801 -0.41448 0.32584 0.53745 -0.7778 0.33489 0.0206 -0.94203 0.28376 -0.77662 -0.56245 0.22659 -0.86471 -0.44826 0.05668 -0.97122 0.23133 -0.08182 -0.67527 0.73302 -0.14185 -0.14174 0.97969 -0.15664 0.13799 0.97797 -0.06403 0.76893 0.63611 -0.06178 0.81132 0.58133 0.12984 0.98112 -0.14336 0.27835 0.65472 -0.70275 0.30449 -0.57672 -0.75807 0.27232 -0.71263 -0.64654 0.0944 -0.9954 0.01651 -0.06987 -0.79331 0.60479 -0.0756 -0.63549 0.7684 -0.1429 -0.4455 0.8838 -0.14775 0.43444 0.8885 -0.14572 0.53097 0.83477 -0.03721 0.92364 0.38146 0.16113 0.94356 -0.28937 -0.04867 -0.89686 0.43963 -0.12395 -0.72735 0.67498 -0.1729 -0.3431 0.92325 -0.23998 0.24049 0.94052 -0.21148 0.25451 0.94366 -0.14517 0.48679 0.86137 -0.0864 0.86265 0.49837 0.03884 0.99657 0.07307 0.26119 0.53619 -0.80267 0.2677 -0.05276 -0.96206 0.28451 -0.45535 -0.84363 0.19671 -0.74068 -0.64241 0.18166 -0.81076 -0.55647 0.1472 -0.92081 -0.36117 -0.03948 -0.94436 0.32653 -0.10335 -0.8455 0.52388 -0.14349 0.69694 0.70263 0.08228 0.97895 -0.18677 0.12191 0.9209 -0.37024 0.17453 0.85323 -0.49146 0.29682 0.5157 -0.80371 0.28986 0.27708 -0.91608 0.29365 -0.15744 -0.94286 0.29028 -0.31054 -0.90515 0.232 -0.60487 -0.76178 0.09463 -0.9756 -0.19809 0.07575 -0.99177 -0.10318 0.02877 -0.99954 0.0094 -0.18274 -0.63934 0.7469 -0.20153 -0.51908 0.83063 -0.22017 -0.2932 0.93035 -0.21334 -0.01295 0.97689 -0.02884 0.97913 0.2012 0.21738 0.67824 -0.70196 -0.01871 -0.99297 0.11691 -0.05443 -0.97122 0.23186 -0.23327 -0.18602 0.95445 -0.18785 -0.123 0.97447 -0.24211 0.10366 0.9647 -0.1717 0.79465 0.58228 0.15794 0.79532 -0.58526 0.2097 -0.42023 -0.88286 -0.29016 -0.10128 0.9516 -0.30077 0.03359 0.95311 -0.24258 0.49442 0.83469 -0.14218 0.87387 0.4649 -0.03823 0.99879 0.03087 0.0036 0.99302 -0.11786 0.05184 0.95704 -0.28528 0.09451 0.05598 -0.99395 0.10995 -0.03171 -0.99343 0.03796 -0.96594 -0.25595 -0.29388 0.19875 0.93495 -0.27604 0.33833 0.89963 -0.24488 0.65176 0.71781 -0.14013 0.9162 0.37542 -0.1152 0.95846 0.26093 0.06208 0.87647 -0.47744 0.13698 0.72091 -0.67935 0.15387 -0.73309 -0.6625 0.07333 -0.89323 -0.44357 -0.02161 -0.98991 -0.14005 -0.05782 -0.99811 -0.02064 -0.14902 -0.92443 0.35103 -0.19682 -0.76497 0.61325 -0.24718 -0.62379 0.74147 -0.3232 -0.11392 0.93945 -0.29471 0.4419 0.84727 -0.29555 0.52628 0.7973 -0.24216 0.74582 0.62057 -0.11068 0.98563 0.1276 0.07467 -0.80158 -0.5932 -0.25496 -0.69137 0.67601 -0.29926 -0.42004 0.85674 -0.31225 -0.30561 0.8995 -0.31369 -0.22971 0.92132 -0.29124 0.61986 0.72867 -0.24366 0.83121 0.49972 -0.03269 0.98172 -0.18752 -0.00063 0.93482 -0.35511 0.06758 0.78727 -0.6129 -0.00672 -0.94533 -0.32605 -0.13063 -0.98198 0.13654 -0.17657 -0.9531 0.2458 -0.22294 -0.82518 0.51902 -0.38125 0.22127 0.8976 -0.21628 0.91891 0.3299 -0.08127 0.98857 -0.12698 0.00918 -0.88725 -0.4612 -0.32991 -0.52917 0.78175 -0.35535 -0.24117 0.90308 -0.34216 -0.16364 0.92528 -0.38158 0.06879 0.92177 -0.38164 0.19185 0.90418 -0.36878 0.38208 0.84736 -0.12381 0.99167 -0.03553 -0.08578 -0.97317 -0.21348 -0.23925 -0.87852 0.41348 -0.39043 0.48282 0.78387 -0.20032 0.96123 0.18949 -0.17126 0.98247 0.07362 -0.07875 0.95168 -0.29682 -0.00118 0.84844 -0.52929 -0.17299 -0.98117 0.08585 -0.31703 -0.72791 0.60798 -0.40178 -0.21648 0.88978 -0.44355 0.01703 0.89609 -0.35152 0.68606 0.63698 -0.3313 0.76408 0.55355 -0.28553 0.85384 0.43524 -0.16938 -0.98279 -0.07366 -0.41022 -0.33026 0.85009 -0.04299 -0.70353 -0.70936 -0.06437 -0.85518 -0.51432 -0.57543 0.05332 0.81611 -0.42664 0.36007 0.82966 -0.51152 0.52372 0.68122 -0.34965 0.92992 0.11395 -0.33083 0.93776 -0.1056 -0.14693 0.83164 -0.53552 -0.19049 0.74304 -0.64156 -0.09916 0.66836 -0.7372 -0.17266 -0.77175 -0.61203 -0.44675 -0.78388 0.43122 -0.4584 -0.68964 0.56059 -0.1444 -0.18414 -0.97223 -0.001 -0.40052 -0.91629 -0.5023 -0.57688 -0.64413 -0.40081 -0.74863 -0.52811 -0.06049 -0.84818 -0.52624 0.22218 -0.80781 -0.54596 0.55341 -0.63357 -0.54067 0.59601 -0.49044 -0.6358 0.23334 -0.28015 -0.93117 0.43881 -0.17645 -0.88109 0.22323 0.17635 -0.95868 0.24111 0.36041 -0.90109 0.66692 0.39869 -0.62949 0.68406 0.50707 -0.52435 0.51131 0.68158 -0.52347 0.37489 0.76745 -0.52007 0.15742 0.82788 -0.53837 -0.04528 0.85447 -0.51753 -0.27486 0.79733 -0.53732 -0.58332 0.56166 -0.58675 0.07958 0.36912 -0.92597 -0.14978 0.43589 -0.88745 -0.7103 0.32178 -0.62604 0.95551 0.29434 -0.01887 0.73501 0.67468 -0.06762 0.40112 0.89534 -0.19358 0.26916 0.96222 -0.04109 0.16086 0.96983 -0.18318 -0.12768 0.98618 -0.10562 -0.51266 0.85755 -0.04224 -0.84462 0.53321 -0.04802 -0.98081 0.19435 -0.01544 0.97961 0.19907 0.02719 0.44687 0.47779 0.75633 0.8672 0.4661 0.17525 0.9334 0.35829 0.01962 0.83371 0.50269 0.22856 0.74783 0.66188 0.05161 0.50605 0.85639 0.10253 0.32335 0.91713 0.23308 0.38974 0.7677 0.50867 0.18628 0.96414 0.18904 0.09272 0.917 0.38795 0.23007 0.76196 0.60538 0.03688 0.99892 0.0284 0.1113 0.82476 0.55442 0.20022 0.63021 0.75016 -0.00758 0.63269 0.77437 -0.18763 0.76493 0.61619 -0.1755 0.95251 0.24883 -0.21013 0.84115 0.49831 -0.02352 0.98086 0.19327 -0.34543 0.9377 0.03746 -0.52707 0.69665 0.48669 -0.53166 0.7446 0.40363 -0.52286 0.79892 0.29722 -0.79126 0.60857 0.05968 -0.81521 0.55617 0.16161 -0.78633 0.55787 0.26544 -0.9376 0.34269 0.05894 -0.21354 0.61837 0.75632 -0.40535 0.56602 0.71785 -0.58914 0.41615 0.69262 -0.99911 0.04229 0.00051 -0.99932 0.03687 0.00051 0.78655 -0.6106 -0.09222 0.40177 -0.91552 -0.02011 0.21661 -0.96638 -0.1385 0.12805 -0.99115 -0.03498 0.02111 0.21622 0.97612 0.52408 -0.27241 0.80693 -0.00418 0.10968 0.99396 -0.02508 -0.14584 0.98899 0.94768 -0.31901 0.01152 0.7582 -0.62823 0.17453 0.74875 -0.64494 0.15303 0.63545 -0.72165 0.27463 0.62847 -0.77027 0.10818 0.56966 -0.71224 0.41013 0.30955 -0.91711 0.25117 0.27453 -0.95575 0.10571 0.23692 -0.8874 0.39547 -0.22537 -0.6828 0.69498 0.15229 -0.80599 0.572 -0.07471 -0.99674 0.03031 0.10701 -0.95463 0.27789 0.01214 -0.65412 0.75629 0.32816 -0.64568 0.6895 0.43578 -0.57649 0.6912 0.63228 -0.39891 0.66414 -0.34478 -0.93079 -0.12148 -0.80109 -0.5979 -0.02766 -0.99984 -0.01788 0.00031 -0.99972 -0.02361 0.0003 -0.08669 -0.98034 0.17725 -0.13499 -0.89474 0.42569 -0.15977 -0.81101 0.56279 -0.2895 -0.95536 0.05902 -0.60403 -0.79633 0.0318 -0.56341 -0.77849 0.27662 -0.73184 -0.64934 0.20679 -0.84997 -0.52621 0.0256 -0.90068 -0.42112 0.10691 -0.94675 -0.31876 0.04541 -0.5443 -0.39936 0.73773 -0.25438 -0.66264 0.70442 -0.04447 -0.66153 0.7486 -0.51205 -0.53808 0.66954 -0.5185 0.41153 0.74953 -0.67571 0.1776 -0.71545 -0.37889 -0.92499 -0.02884 -0.52761 -0.42184 0.73735 -0.62308 -0.06909 0.7791 -0.53992 0.6037 0.58654 -0.48021 0.7696 0.42085 -0.23425 0.9136 -0.33236 -0.18245 0.52451 -0.83162 -0.15832 -0.44234 -0.88276 -0.42339 -0.89305 0.15233 -0.51967 -0.58422 0.62341 -0.36165 0.30547 0.88085 -0.39301 0.8898 0.23196 -0.84148 -0.00051 -0.54029 -0.24404 -0.88799 -0.38977 -0.3588 -0.89097 -0.27826 -0.57479 -0.28123 0.76846 -0.41749 0.90813 -0.03153 -0.33731 0.91579 -0.21806 -0.26292 0.85114 -0.45435 -0.16348 -0.27873 -0.94635 -0.20364 -0.32144 -0.92477 -0.6589 0.27948 0.69838 -0.25617 -0.83526 -0.48653 -0.51521 -0.82837 0.21989 -0.63183 0.21226 0.74547 -0.51915 0.80507 0.28697 -0.35011 -0.49172 -0.79727 -0.33603 -0.55239 -0.76286 -0.65799 0.61634 0.43264 -0.61927 0.66493 0.41758 -0.36399 0.58083 -0.72811 -0.73186 -0.16241 0.66182 -0.59622 0.80066 0.05882 -0.51382 0.75935 -0.39923 -0.51091 0.66697 -0.54233 -0.40168 0.21619 -0.8899 -0.32976 0.11681 -0.93681 -0.69926 0.52804 0.48187 -0.78809 0.36308 0.49707 -0.70166 0.70195 0.12226 -0.51656 -0.02544 -0.85587 -0.54216 -0.81529 -0.20337 -0.74864 -0.56787 0.34214 -0.79891 -0.30212 0.52006 -0.47387 -0.6144 -0.63084 -0.63538 -0.7714 -0.03513 -0.75436 -0.44012 0.48707 -0.45129 -0.13664 -0.88186 -0.59712 -0.62537 -0.50234 -0.5813 -0.71349 -0.39118 -0.50681 -0.81374 -0.28455 -0.73007 -0.64245 0.23295 -0.66447 0.68111 -0.30754 -0.51833 -0.33761 -0.78572 -0.79909 0.58049 0.15648 -0.52659 0.25996 -0.8094 -0.90011 0.05626 0.43202 -0.60851 -0.4714 -0.63836 -0.73056 0.64996 -0.20938 -0.55794 0.41289 -0.71988 -0.893 -0.18791 0.40894 -0.87805 -0.01912 0.47819 -0.61524 0.50431 -0.60593 -0.91223 0.14555 0.38296 -0.80933 0.56291 -0.16768 -0.65585 -0.02169 -0.75458 -0.83795 0.5393 -0.08362 -0.82649 -0.55984 -0.05904 -0.80382 -0.5569 -0.20914 -0.91752 -0.39656 -0.02987 -0.98075 -0.05562 0.1872 -0.9643 0.25339 0.07694 -0.94233 0.32769 0.06808 -0.81948 0.4075 -0.40298 -0.69185 -0.19541 -0.69509 -0.95635 -0.28176 0.07754 -0.97406 -0.20643 0.09268 -0.73849 -0.12506 -0.66257 -0.9115 -0.27494 -0.30591 -0.92083 -0.38196 -0.07866 -0.86269 0.27274 -0.42589 -0.80337 0.06885 -0.59148 -0.87776 -0.3043 -0.37006 -0.98796 0.14048 0.06487 -0.94725 0.29158 -0.13301 -0.82033 0.16621 -0.54721 -0.85291 -0.30979 -0.42022 -0.99263 -0.11831 0.02612 -0.9989 0.04253 -0.01955 -0.8799 0.16146 -0.44688 -0.83978 -0.20835 -0.50136 -0.9687 0.2256 -0.10352 -0.88326 -0.0181 -0.46854 -0.92376 0.24723 -0.29247 -0.9135 -0.05858 -0.4026 -0.97702 -0.18297 -0.10933 -0.95069 -0.20507 -0.23268 -0.69369 -0.03559 -0.71939 0.00019 0.64226 0.76649 -0.01192 -0.67089 0.74146 0.01278 -0.69356 0.72028 0.00113 -0.76942 0.63874 0.0074 -0.81199 0.58362 -0.00464 -0.84967 0.52729 0.00205 -0.88234 0.4706 -0.00846 -0.92412 0.382 -0.00042 -0.93001 0.36753 -0.02781 -0.50491 0.86272 -0.01085 -0.29533 0.95533 -0.0015 -0.2179 0.97597 0.01188 -0.09962 0.99495 0.01976 -0.02132 0.99958 -0.00659 0.03833 0.99924 -0.0013 0.12006 0.99277 -0.01046 0.20047 0.97964 -0.49541 0.25055 0.83174 0.00636 0.35294 0.93562 -0.01782 0.53559 0.84429 0.01051 0.59226 0.80568 0.01452 0.43723 0.89923 0.0007 0.27814 0.96054 -0.00421 0.09157 0.99579 -0.062 -0.03121 0.99759 0.00038 -0.1592 0.98725 0.00896 -0.28153 0.95951 0.01723 -0.45206 0.89182 0.0079 -0.56583 0.82449 0.00044 0.99998 -0.00639 0.00475 0.99961 0.02745 -0.00328 0.99469 0.10288 0.00529 0.98197 0.18896 -0.0038 0.96861 0.24857 0.00483 0.9351 0.35435 -0.00106 0.92226 0.38658 -0.00429 0.84974 0.52719 0.00199 0.8606 0.50927 -0.00034 0.7735 0.6338 -0.00148 0.73258 0.68068 -0.0013 0.68666 0.72697 -0.00026 0.84516 -0.53451 -0.00453 0.8502 -0.52644 0.00046 0.87441 -0.48518 -0.00406 0.88465 -0.46623 0.00196 0.92072 -0.39022 -0.0027 0.93059 -0.36606 0.00104 0.95252 -0.30447 0.0012 0.95873 -0.28433 -0.00014 0.97962 -0.20088 -0.00015 0.97752 -0.21082 0.00125 0.99443 -0.10537 -0.00051 0.9956 -0.09372 0.00184 -0.96971 0.24427 -0.00415 -0.98051 0.19643 8e-05 -0.9993 0.03737 0.00938 -0.99896 0.04456 -0.00093 -0.99517 -0.09816 0.00574 -0.98837 -0.15198 -0.00372 -0.97207 -0.23468 0.00567 -0.94884 -0.31571 0.00082 -0.93296 -0.35999 0.00111 -0.87717 -0.48018 0.0007 -0.87619 -0.48197 -0.00017 -0.79735 -0.60352 0.00164 -0.78958 -0.61365 0.00031 -0.72415 -0.68964 0.00594 -0.6856 -0.72796 -0.00253 -0.65332 -0.75708 0.00202 -0.59123 -0.8065 -0.00436 -0.56518 -0.82496 0.00333 -0.50599 -0.86253 -0.00139 -0.47504 -0.87996 -0.00031 -0.43581 -0.90004 0.00554 -0.45521 -0.89037 0.96498 -0.0436 0.25869 0.96684 0.00127 0.25536 0.97121 -0.0335 0.23584 0.96464 0.02892 0.26199 0.96058 -0.01427 0.27764 0.9668 -0.03309 0.2534 0.96643 -0.0016 0.25692 0.96581 0.01576 0.25877 0.96568 0.00049 0.25975 0.95295 -0.02709 0.30191 0.96975 -0.03412 0.24169 0.97173 0.00189 0.23607 0.96394 0.00234 0.26612 0.96081 -0.00222 0.2772 0.96521 -0.00708 0.26138 0.96447 -0.04009 0.26114 0.96711 0.00461 0.25431 0.96837 0.02025 0.24869 0.96315 0.00097 0.26897 0.96673 -0.00148 0.25579 0.96987 0.02767 0.24203 0.96098 -0.0043 0.27659 0.96842 -0.00161 0.24932 0.96918 0.00087 0.24637 -0.96965 0.001 -0.24449 -0.97271 -0.01716 -0.23138 -0.93219 0.04186 -0.35953 -0.97316 0.01713 -0.22947 -0.97284 -0.01888 -0.2307 -0.96767 0.02488 -0.25098 -0.96927 0.01483 -0.24556 0.95792 -0.04023 0.28421 -0.96777 0.03528 -0.24935 -0.96754 0.02364 -0.25161 -0.96521 0.01044 -0.26125 -0.95968 0.02741 -0.27977 -0.95991 0.03118 -0.27857 -0.95811 0.01097 -0.28619 -0.959 0.00937 -0.28324 -0.95452 0.01128 -0.29792 -0.96241 -0.01137 -0.27136 -0.96346 -0.00174 -0.26785 -0.96134 -0.02311 -0.27438 -0.95826 -0.03816 -0.28335 -0.96152 -0.03125 -0.27296 -0.96591 -0.0061 -0.25879 -0.96665 -0.0065 -0.25602 -0.96729 -0.00798 -0.25356 -0.97058 -0.00858 -0.24062 -0.99999 -0.00047 -0.00431 -0.00038 0.26185 -0.96511 -0.00038 0.26185 -0.96511 -0.00038 0.26185 -0.96511 -0.00038 0.26185 -0.96511 -0.00038 0.26185 -0.96511 -0.00038 0.26185 -0.96511 -0.00038 0.26185 -0.96511 -0.00038 0.26185 -0.96511 -4e-05 -0.96404 -0.26576 0.00282 -0.96364 -0.26717 3e-05 0.96694 0.25499 0.0036 0.96647 0.25674 0.004 -0.28177 -0.95947 0.00406 -0.52224 -0.85279 -0.0016 -0.5509 -0.83457 0.00442 -0.7438 -0.66839 0.00631 -0.85477 -0.51897 0.00206 -0.90996 -0.41469 0.0035 0.56867 -0.82256 0 0.92582 -0.37797 -0.00132 0.19327 -0.98114 0.00343 -0.00809 -0.99996 0.00317 0.37387 -0.92748 0.00526 0.99977 0.02058 0.00231 0.76732 -0.64126 0.002 0.99335 -0.11513 -0.00795 0.19926 -0.97991 -0.00414 0.89832 -0.43933 -0.00948 0.42426 -0.90549 -0.00226 -0.05544 -0.99846 0.00466 0.98886 0.14876 0.00155 -0.27436 -0.96163 -0.01483 0.67 -0.74221 -1 -7e-05 0.00038 -1 -7e-05 0.00038 -1 -7e-05 0.00038 -1 -7e-05 0.00038 -1 -7e-05 0.00038 -1 -7e-05 0.00038 -1 -7e-05 0.00038 -1 -7e-05 0.00038 -1 -7e-05 0.00038 -1 -7e-05 0.00038 -1 -7e-05 0.00038 -1 -7e-05 0.00038 -1 -7e-05 0.00038 -1 -7e-05 0.00038 -1 -7e-05 0.00038 -1 -7e-05 0.00038 -1 -7e-05 0.00038 -1 -7e-05 0.00038 -1 -7e-05 0.00038 -1 -7e-05 0.00038 -1 -7e-05 0.00038 -1 -7e-05 0.00038 -1 -7e-05 0.00038 -1 -7e-05 0.00038 -1 -7e-05 0.00038 -1 -7e-05 0.00038 -1 -7e-05 0.00038 -1 -7e-05 0.00038 -1 -7e-05 0.00038 -1 -7e-05 0.00038 -1 -7e-05 0.00038 -1 -7e-05 0.00038 -1 -7e-05 0.00038 -1 -7e-05 0.00038 -1 -7e-05 0.00038 -1 -7e-05 0.00038 -1 -7e-05 0.00038 -1 -7e-05 0.00038 -1 -7e-05 0.00038 -1 -7e-05 0.00038 -1 -7e-05 0.00038 -1 -7e-05 0.00038 -1 -7e-05 0.00038 -1 -7e-05 0.00038 -1 -7e-05 0.00038 -1 -7e-05 0.00038 -1 -7e-05 0.00038 -1 -7e-05 0.00038 1 7e-05 -0.00038 1 7e-05 -0.00038 1 7e-05 -0.00038 1 7e-05 -0.00038 1 7e-05 -0.00038 1 7e-05 -0.00038 1 7e-05 -0.00038 1 7e-05 -0.00038 1 7e-05 -0.00038 1 7e-05 -0.00038 1 7e-05 -0.00038 1 7e-05 -0.00038 1 7e-05 -0.00038 1 7e-05 -0.00038 1 7e-05 -0.00038 1 7e-05 -0.00038 1 7e-05 -0.00038 1 7e-05 -0.00038 1 7e-05 -0.00038 1 7e-05 -0.00038 1 7e-05 -0.00038 1 7e-05 -0.00038 1 7e-05 -0.00038 1 7e-05 -0.00038 1 7e-05 -0.00038 1 7e-05 -0.00038 1 7e-05 -0.00038 1 7e-05 -0.00038 1 7e-05 -0.00038 1 7e-05 -0.00038 1 7e-05 -0.00038 1 7e-05 -0.00038 1 7e-05 -0.00038 1 7e-05 -0.00038 1 7e-05 -0.00038 1 7e-05 -0.00038 1 7e-05 -0.00038 1 7e-05 -0.00038 1 7e-05 -0.00038 1 7e-05 -0.00038 1 7e-05 -0.00038 1 7e-05 -0.00038 1 7e-05 -0.00038 1 7e-05 -0.00038 1 7e-05 -0.00038 1 7e-05 -0.00038 1 7e-05 -0.00038 1 7e-05 -0.00038 0.44228 0.13778 -0.88623 0.46015 0.33453 -0.82241 0.69344 0.1852 -0.69631 0.45883 0.35025 -0.81658 0.42035 0.22082 -0.88008 0.25633 0.23733 -0.937 0.25845 0.00305 -0.96602 0.25845 0.00305 -0.96602 0.24108 0.45771 -0.85579 -0.2659 0.21404 -0.93994 -0.26218 0.22135 -0.93929 -0.20621 0.34398 -0.91605 -0.18167 0.35137 -0.91844 -0.25683 0.10933 -0.96025 0.66404 -0.30921 -0.68077 0.72659 -0.08086 -0.6823 0.70617 -0.174 -0.68632 0.68935 -0.23404 -0.68558 0.25845 0.00305 -0.96602 0.22386 -0.49736 -0.83817 0.24927 -0.2559 -0.93401 0.22164 -0.47198 -0.85329 0.25845 0.00305 -0.96602 0.24746 -0.23257 -0.94057 -0.2665 -0.11795 -0.95659 -0.26505 -0.33144 -0.90548 -0.26741 -0.22316 -0.93739 -0.26736 -0.23041 -0.93564 0.63442 -0.68469 -0.35876 0.6396 -0.62986 -0.44066 0.63666 -0.54558 -0.54499 0.63991 -0.60384 -0.47527 0.22594 -0.51906 -0.82433 0.12928 -0.8645 -0.48573 -0.02162 -0.78278 -0.62192 0.18248 -0.71941 -0.67019 0.04179 -0.69392 -0.71883 -0.05144 -0.61978 -0.78309 -0.36194 -0.66506 -0.65323 0.56579 -0.80117 -0.19496 0.54239 -0.83472 -0.09517 0.5417 -0.83546 -0.09254 0.51121 -0.85939 0.01024 7e-05 -1 -0.00314 7e-05 -1 -0.00314 0.06682 -0.96527 -0.25255 0.12928 -0.8645 -0.48573 0.06696 -0.96513 -0.25306 0.12928 -0.8645 -0.48573 -0.40566 -0.78691 -0.46499 -0.42367 -0.83855 -0.34256 -0.42019 -0.82799 -0.37131 -0.43185 -0.86615 -0.25157 0.43264 -0.84284 0.32006 0.38204 -0.81648 0.4329 0.4705 -0.85471 0.21931 0.42354 -0.83886 0.34193 7e-05 -1 -0.00314 -0.12859 -0.88981 0.43784 -0.12906 -0.87279 0.47072 -0.06539 -0.97256 0.22328 -0.06683 -0.96671 0.24699 7e-05 -1 -0.00314 -0.50912 -0.86042 -0.02166 -0.54089 -0.83682 0.08467 -0.54089 -0.83682 0.08467 -0.56569 -0.80245 0.18992 0.05083 -0.76451 0.64261 0.3092 -0.61553 0.72492 0.0098 -0.61765 0.78639 -0.22379 -0.50264 0.83503 0.0275 -0.61747 0.78611 0.00198 -0.71869 0.69532 -0.18951 -0.69479 0.6938 -0.13989 -0.85464 0.50002 -0.62945 -0.69639 0.34471 -0.63438 -0.61333 0.47052 -0.6343 -0.64386 0.42791 -0.63094 -0.56169 0.53518 0.30739 -0.35466 0.88302 0.27573 -0.27328 0.92157 0.22415 -0.14803 0.96325 0.25358 -0.21851 0.94231 -0.25845 -0.00305 0.96602 -0.22952 -0.4983 0.83607 -0.25845 -0.00305 0.96602 -0.25292 -0.26389 0.9308 -0.25106 -0.2455 0.93632 -0.22729 -0.47851 0.84815 -0.65823 -0.31483 0.68382 -0.68654 -0.24451 0.68475 -0.73493 -0.08458 0.67285 -0.71098 -0.17251 0.68172 0.31905 0.34597 0.88233 0.29396 0.2943 0.90938 0.27951 0.12109 0.95248 0.29584 0.06573 0.95297 0.28659 0.2137 0.93391 -0.25836 0.02463 0.96574 -0.22386 0.49736 0.83817 -0.43372 0.35573 0.82786 -0.2482 0.27209 0.92971 -0.4501 0.34304 0.82446 -0.46247 0.15182 0.87354 -0.68961 0.25068 0.67941 -0.4274 0.20986 0.87937 0.39649 0.67204 0.62543 0.26603 0.54923 0.7922 0.351 0.63132 0.69154 0.31194 0.59447 0.74115 -0.20054 0.55596 0.80665 -0.13549 0.86324 0.48627 -0.13543 0.85024 0.50867 -0.16757 0.74553 0.64506 -0.22386 0.49736 0.83817 -0.1851 0.69288 0.69689 -0.66458 0.52384 0.53285 -0.64295 0.6069 0.46722 -0.61031 0.69045 0.38833 -0.64022 0.6153 0.45993 0.45057 0.85973 0.24053 0.39401 0.80042 0.45175 0.42503 0.83545 0.34838 0.42503 0.83545 0.34838 -0.12928 0.8645 0.48573 -7e-05 1 0.00314 -7e-05 1 0.00314 -0.06696 0.96513 0.25306 -0.06696 0.96513 0.25306 -0.12928 0.8645 0.48573 -0.56579 0.80117 0.19496 -0.541 0.8362 0.08993 -0.541 0.8362 0.08993 -0.50924 0.86047 -0.01626 0.52917 0.84651 0.05828 0.53036 0.82891 -0.17783 0.53326 0.84514 -0.03706 0.53331 0.84008 -0.09922 0.12917 0.86755 -0.48029 -7e-05 1 0.00314 0.12917 0.86755 -0.48029 0.06683 0.96671 -0.24699 0.06683 0.96671 -0.24699 -7e-05 1 0.00314 -0.45068 0.86116 -0.23513 -0.42514 0.83757 -0.34313 -0.42514 0.83757 -0.34313 -0.39412 0.80319 -0.44671 0.13532 0.85344 -0.50332 0.22379 0.50264 -0.83503 0.13537 0.86627 -0.48089 0.22379 0.50264 -0.83503 0.18614 0.6973 -0.69219 0.18575 0.71228 -0.67688 -0.32902 0.49775 -0.80249 -0.30482 0.68588 -0.6608 -0.32145 0.57743 -0.7505 -0.31492 0.62668 -0.71281 0.68019 0.51015 -0.52639 0.65043 0.59062 -0.47761 0.59987 0.69066 -0.40391 0.63536 0.62414 -0.45471 -1 -7e-05 0.00038 -1 -7e-05 0.00038 -1 -7e-05 0.00038 -1 -7e-05 0.00038 -1 -7e-05 0.00038 0.0032 0.95086 -0.3096 0.01325 0.95207 -0.30559 -0.00018 0.95043 -0.31094 0.00995 0.95169 -0.30691 -1 -7e-05 0.00038 -1 -7e-05 0.00038 -1 -7e-05 0.00038 -1 -7e-05 0.00038 -1 -7e-05 0.00038 -1 -7e-05 0.00038 -1 -7e-05 0.00038 -1 -7e-05 0.00038 -1 -7e-05 0.00038 -1 -7e-05 0.00038 -1 -7e-05 0.00038 -1 -7e-05 0.00038 -1 -7e-05 0.00038 -1 -7e-05 0.00038 -1 -7e-05 0.00038 -1 -7e-05 0.00038 -1 -7e-05 0.00038 -1 -7e-05 0.00038 -1 -7e-05 0.00038 -1 -7e-05 0.00038 -1 -7e-05 0.00038 -1 -7e-05 0.00038 0.00038 -0.20135 0.97952 0.00038 -0.20135 0.97952 0.00038 -0.20135 0.97952 0.00038 -0.20135 0.97952 7e-05 -1 -0.00314 7e-05 -1 -0.00314 7e-05 -1 -0.00314 7e-05 -1 -0.00314 0.00038 -0.00314 0.99999 0.00038 -0.00314 0.99999 0.00038 -0.00314 0.99999 0.00038 -0.00314 0.99999 -7e-05 1 0.00314 -7e-05 1 0.00314 -7e-05 1 0.00314 -7e-05 1 0.00314 -0.00038 0.18923 -0.98193 -0.00038 0.18923 -0.98193 -0.00038 0.18923 -0.98193 -0.00038 0.18923 -0.98193 2e-05 -0.99286 -0.11932 2e-05 -0.99286 -0.11932 2e-05 -0.99286 -0.11932 2e-05 -0.99286 -0.11932 -0.1548 0.55785 0.81538 0.07364 0.63084 0.77241 -0.00585 0.60957 0.79271 -0.2427 0.51984 0.81906 -0.20537 0.96762 -0.14677 -0.02068 0.9995 0.02381 -0.10879 0.99242 -0.05723 0.09624 0.98678 0.13038 0.20883 0.68149 -0.7014 -0.12193 0.53554 -0.83566 0.30817 0.70696 -0.63658 0.00144 0.6005 -0.79962 0.1266 -0.02332 -0.99168 0.20944 -0.06206 -0.97585 0.23037 -0.07189 -0.97044 0.16547 -0.04146 -0.98534 -0.05039 -0.67879 -0.7326 -0.15809 -0.594 -0.78878 -0.09211 -0.64782 -0.75621 0.0345 -0.73466 -0.67756 -0.22325 -0.97368 0.04588 -0.55085 -0.8144 0.18252 -0.48152 -0.86299 0.15295 -0.07229 -0.99727 -0.0149 0.14731 0.98803 0.04568 0.05434 0.99841 -0.0149 0.09476 0.99544 0.01136 -9e-05 0.99875 -0.05008 0.13116 0.02278 0.9911 0.27939 -0.03294 0.95961 0.07692 0.0427 0.99612 0.24949 -0.02155 0.96814 -0.29024 -0.65494 0.69773 -0.34353 -0.629 0.69739 -0.31055 -0.64538 0.69789 -0.3522 -0.62451 0.6971 0.22111 -0.97235 0.07519 0.05462 -0.95999 -0.27464 0.12694 -0.82728 -0.54726 0.07774 -0.84907 -0.52252 0.19729 -0.97811 0.06612 0.02403 -0.98303 -0.18184 -0.23557 -0.33623 -0.91184 -0.05506 -0.40969 -0.91056 -0.15876 -0.36951 -0.91556 -0.00031 -0.42876 -0.90342 -1 -7e-05 0.00038 -1 -7e-05 0.00038 -1 -7e-05 0.00038 -1 -7e-05 0.00038 -1 -7e-05 0.00038 -1 -7e-05 0.00038 -1 -7e-05 0.00038 0.00038 -0.00314 0.99999 0.00038 -0.00314 0.99999 0.00038 -0.00314 0.99999 0.00038 -0.00314 0.99999 -0.00038 0.00314 -0.99999 -0.00038 0.00314 -0.99999 -0.00038 0.00314 -0.99999 -0.00038 0.00314 -0.99999 0.00025 -0.85903 0.51193 0.01474 -0.86108 0.50826 0.00346 -0.8595 0.51113 0.01813 -0.86153 0.50739 7e-05 -1 -0.00314 7e-05 -1 -0.00314 7e-05 -1 -0.00314 7e-05 -1 -0.00314 -1 -7e-05 0.00038 -1 -7e-05 0.00038 -1 -7e-05 0.00038 -1 -7e-05 0.00038 -1 -7e-05 0.00038 -1 -7e-05 0.00038 -1 -7e-05 0.00038 -1 -7e-05 0.00038 -1 -7e-05 0.00038 -1 -7e-05 0.00038 -1 -7e-05 0.00038 -1 -7e-05 0.00038 -1 -7e-05 0.00038 -1 -7e-05 0.00038 -1 -7e-05 0.00038 -1 -7e-05 0.00038 -1 -7e-05 0.00038 -1 -7e-05 0.00038 -1 -7e-05 0.00038 -1 -7e-05 0.00038 -1 -7e-05 0.00038 -1 -7e-05 0.00038 -1 -7e-05 0.00038 -1 -7e-05 0.00038 0.00054 -0.55532 0.83163 0.00047 -0.56451 0.82543 0.00035 -0.58158 0.81349 0.00038 -0.54198 0.84039 0.00035 -0.58158 0.81349 0.00035 -0.56857 0.82263 0.00035 -0.54813 0.83639 0.04744 0.95902 -0.27935 0.06173 0.8196 -0.5696 0.07753 0.91751 -0.39008 -0.0778 0.99374 -0.08023 -0.00028 0.80194 -0.59741 0.37582 0.81983 0.43202 0.22138 0.82799 0.5152 0.3382 0.82426 0.45412 0.15386 0.82375 0.54567 -0.00768 0.03627 0.99931 -0.09598 0.02449 0.99508 0.00037 0.03733 0.9993 -0.08647 0.02578 0.99592 0.00035 -0.5408 0.84115 0.00035 -0.5408 0.84115 0.00035 -0.5408 0.84115 -0.03214 0.75493 -0.65502 -0.08845 0.73184 -0.67571 -0.0573 0.74501 -0.66459 -0.00623 0.76449 -0.64461 -0.03118 0.99308 -0.11319 0.05665 0.99557 -0.07503 0.09627 0.99369 -0.05751 0.00438 0.99519 -0.09785 0.0234 0.89986 0.43555 -0.18336 0.75604 0.62832 -0.15115 0.64672 0.7476 -0.21849 0.68628 0.69375 -0.11198 0.83846 0.53333 -0.00469 0.0137 0.9999 -0.01117 0.01904 0.99976 -0.00605 0.01482 0.99987 0.00038 0.00952 0.99995 -7e-05 1 0.00314 -7e-05 1 0.00314 -7e-05 1 0.00314 -7e-05 1 0.00314 -0.00038 0.00314 -0.99999 -0.00038 0.00314 -0.99999 -0.00038 0.00314 -0.99999 -0.00038 0.00314 -0.99999 7e-05 -1 -0.00314 7e-05 -1 -0.00314 7e-05 -1 -0.00314 7e-05 -1 -0.00314 0.01514 -0.0201 -0.99968 -0.00038 -0.01781 -0.99984 0.01668 -0.02033 -0.99965 0.00122 -0.01804 -0.99984 -0.04118 -0.95727 -0.28625 -0.04356 -0.95746 -0.28525 -0.0444 -0.95753 -0.28489 -0.04198 -0.95733 -0.28592 0.02404 -0.70396 0.70983 0.14454 -0.63361 0.76003 0.09521 -0.66433 0.74135 0.19545 -0.59904 0.7765 -0.13357 -0.02794 0.99065 0.00038 -0.04907 0.9988 -0.01506 -0.04668 0.9988 -0.15577 -0.02435 0.98749 7e-05 -1 -0.00314 7e-05 -1 -0.00314 7e-05 -1 -0.00314 7e-05 -1 -0.00314 -0.44356 -0.07547 -0.89306 -0.0489 -0.01488 -0.99869 -0.00038 -0.00735 -0.99997 -0.41649 -0.07136 -0.90634 0.21579 -0.97157 0.0974 -0.03706 -0.99705 -0.06716 0.30077 -0.94124 0.15364 0.08676 -0.99615 0.01292 0.26237 -0.09336 0.96044 0.00038 -0.05611 0.99842 0.28308 -0.09613 0.95427 0.02834 -0.06028 0.99778 7e-05 -1 -0.00314 7e-05 -1 -0.00314 7e-05 -1 -0.00314 7e-05 -1 -0.00314 -1 -7e-05 0.00038 -1 -7e-05 0.00038 -1 -7e-05 0.00038 -1 -7e-05 0.00038 -1 -7e-05 0.00038 -1 -7e-05 0.00038 -1 -7e-05 0.00038 -1 -7e-05 0.00038 -1 -7e-05 0.00038 -1 -7e-05 0.00038 -1 -7e-05 0.00038 -1 -7e-05 0.00038 -1 -7e-05 0.00038 -1 -7e-05 0.00038 0.00038 -0.00314 0.99999 0.00038 -0.00314 0.99999 0.00038 -0.00314 0.99999 0.00038 -0.00314 0.99999 -7e-05 1 0.00314 -7e-05 1 0.00314 -7e-05 1 0.00314 -7e-05 1 0.00314 -0.04547 0.88122 -0.47052 -0.28718 0.89832 -0.33249 -0.21059 0.90048 -0.38051 0.0596 0.85288 -0.5187 -0.05076 0.05729 -0.99707 -0.00038 0.0649 -0.99789 -0.00569 0.06411 -0.99793 -0.05646 0.05642 -0.99681 0.04247 0.01609 0.99897 0.00038 0.00941 0.99996 0.005 0.01014 0.99994 0.04647 0.01672 0.99878 -7e-05 1 0.00314 -7e-05 1 0.00314 -7e-05 1 0.00314 -7e-05 1 0.00314 -0.00035 0.58475 -0.81121 -0.00035 0.58475 -0.81121 -0.00035 0.58475 -0.81121 0.1249 -0.85302 0.50671 0.03282 -0.8381 0.54453 0.09793 -0.84953 0.51838 0.00027 -0.83081 0.55655 0.00469 -0.24661 -0.9691 0.02448 -0.00936 -0.99966 -0.00038 -0.00547 -0.99998 0.15236 -0.11127 -0.98204 -0.12326 -0.34556 -0.93027 0.37044 -0.83289 -0.41118 0.26279 -0.88329 -0.38825 0.45419 -0.78277 -0.42541 0.30012 -0.86748 -0.39675 -0.00037 -0.08099 -0.99671 -0.00037 -0.08099 -0.99671 -0.00037 -0.08099 -0.99671 -0.00037 -0.08099 -0.99671 7e-05 -1 -0.00314 7e-05 -1 -0.00314 7e-05 -1 -0.00314 7e-05 -1 -0.00314 0.00038 -0.00314 0.99999 0.00038 -0.00314 0.99999 0.00038 -0.00314 0.99999 0.00038 -0.00314 0.99999 -7e-05 1 0.00314 -7e-05 1 0.00314 -7e-05 1 0.00314 -7e-05 1 0.00314 -0.00038 0.00314 -0.99999 -0.00038 0.00314 -0.99999 -0.00038 0.00314 -0.99999 -0.00038 0.00314 -0.99999 -1 -7e-05 0.00038 -1 -7e-05 0.00038 -1 -7e-05 0.00038 -1 -7e-05 0.00038 0.91125 0.3383 0.23492 0.90786 0.23891 0.34454 0.82766 -0.00171 0.56123 0.89478 0.17055 0.41265 -1 -7e-05 0.00038 -1 -7e-05 0.00038 -1 -7e-05 0.00038 -1 -7e-05 0.00038 0.05424 -0.99762 -0.04255 0.02178 -0.99958 -0.01894 0.03259 -0.99911 -0.0268 7e-05 -1 -0.00314 0.00038 -0.00314 0.99999 0.00038 -0.00314 0.99999 0.00038 -0.00314 0.99999 0.00038 -0.00314 0.99999 0.08092 0.99503 0.05804 0.03078 0.99924 0.02405 0.05028 0.99804 0.03727 -7e-05 1 0.00314 -0.07221 0.0894 -0.99337 -0.01163 0.07447 -0.99716 -0.00038 0.07166 -0.99743 -0.06054 0.08654 -0.99441 0.02783 -0.59198 -0.80547 0.2228 -0.48418 -0.84613 -0.05306 -0.62765 -0.77668 0.16443 -0.51977 -0.83833 -0.00033 0.66728 -0.7448 0.04337 0.48063 -0.87585 0.31799 0.1167 -0.94088 0.27227 0.1448 -0.95126 0.00738 0.43276 -0.90148 -0.02062 0.65789 -0.75284 -0.00021 -0.73557 -0.67745 -0.00021 -0.72405 -0.68975 -0.00022 -0.71095 -0.70324 -0.00021 -0.73557 -0.67745 -0.00021 -0.72405 -0.68975 -0.00022 -0.70031 -0.71384 -0.00023 -0.6881 -0.72562 0.14661 0.92022 0.36291 0.09219 0.8928 0.44093 0.08818 0.89045 0.44646 0.00016 0.82815 0.5605 -0.2951 0.94935 -0.1079 -0.00016 0.96887 -0.24759 -0.10074 0.97399 -0.20296 -0.35472 0.93186 -0.0762 0.09253 -0.96017 -0.26365 -0.10107 -0.97638 -0.19096 -0.14679 -0.97404 -0.17234 0.04313 -0.9683 -0.24605 0.12012 -0.81764 0.56306 0.13976 -0.82142 0.55294 0.10814 -0.81514 0.56908 0.13174 -0.81992 0.55711 0.10297 -0.10413 -0.98922 0.00042 -0.01147 -0.99993 0.11214 -0.11241 -0.98731 0.22438 -0.21355 -0.95082 7e-05 -1 -0.00314 -0.06469 -0.99715 0.03876 -0.03809 -0.99904 0.02155 -0.10381 -0.99253 0.06408 0.0117 0.99947 0.03054 0.08729 0.49837 -0.86256 -0.25547 0.89117 0.37489 0.0264 0.89266 -0.44995 -0.05677 0.35515 -0.93308 0.11841 0.61931 -0.77617 -0.00981 0.9536 -0.30093 -0.07042 0.98909 0.12938 -0.34214 0.8395 0.42212 0.14652 0.15772 0.97655 -0.08725 0.08836 0.99226 -0.01089 0.3914 0.92016 -0.11039 0.09141 0.98968 0.0993 0.19361 0.97604 -0.16286 -0.83846 0.52005 -0.42761 -0.78408 0.44986 -0.48284 -0.8071 0.33978 -0.03697 -0.89029 0.45388 -0.33922 -0.80088 0.49348 0.03299 -0.99019 -0.13576 0.04429 -0.99052 -0.13001 0.02857 -0.99002 -0.138 0.03923 -0.9904 -0.13258 -0.00034 -0.296 -0.95519 -0.05837 -0.26821 -0.96159 -0.08394 -0.25558 -0.96314 -0.02468 -0.28449 -0.95836 -0.00016 0.96795 -0.25113 0.10608 0.96734 -0.23024 0.01476 0.96855 -0.24838 0.12411 0.9661 -0.2264 0.09231 -0.76415 -0.6384 0.01287 -0.79949 -0.60054 -0.0292 -0.81529 -0.57832 0.05428 -0.78197 -0.62094 0.17065 -0.98303 0.06725 0.51861 -0.8322 0.19618 0.45898 -0.87121 0.17414 0.03299 -0.99933 0.01608 0.02178 -0.29157 -0.9563 0.0465 -0.26959 -0.96185 -0.00034 -0.31095 -0.95043 0.0247 -0.28899 -0.95701 7e-05 -1 -0.00314 7e-05 -1 -0.00314 7e-05 -1 -0.00314 7e-05 -1 -0.00314 -1 -7e-05 0.00038 -1 -7e-05 0.00038 -1 -7e-05 0.00038 -1 -7e-05 0.00038 -1 -7e-05 0.00038 -1 -7e-05 0.00038 -1 -7e-05 0.00038 -1 -7e-05 0.00038 -1 -7e-05 0.00038 -1 -7e-05 0.00038 -1 -7e-05 0.00038 -1 -7e-05 0.00038 -1 -7e-05 0.00038 -1 -7e-05 0.00038 0.0893 0.87837 -0.46956 -0.11399 0.83988 -0.53067 -0.0423 0.85807 -0.51178 0.1662 0.88232 -0.44032 0.19122 0.94844 0.25277 0.11353 0.96794 0.22407 0.16973 0.95456 0.24496 0.08062 0.97404 0.21152 -0.02098 0.54755 0.83651 -0.02795 0.15285 0.98785 0.00038 0.00577 0.99998 -0.01075 0.00746 0.99991 -0.00629 0.3489 0.93714 -0.11636 0.61666 0.77858 0.14253 0.12497 0.98187 0.00038 0.00936 0.99996 0.29154 0.24582 0.92443 0.13332 0.1175 0.98408 7e-05 -1 -0.00314 7e-05 -1 -0.00314 7e-05 -1 -0.00314 7e-05 -1 -0.00314 -0.10072 -0.05398 0.99345 0.00038 -0.06924 0.9976 -0.01025 -0.06767 0.99766 -0.11277 -0.05211 0.99225 0.0406 -0.02111 -0.99895 0.00351 -0.0267 -0.99964 -0.00038 -0.02728 -0.99963 0.03639 -0.02174 -0.9991 -0.01791 -0.99086 0.13368 -0.08778 -0.84401 0.52909 0.12603 -0.99171 0.02522 -0.12649 -0.92506 0.35814 0.07022 -0.76205 0.6437 -0.1825 -0.76231 -0.62095 -0.11529 -0.73435 -0.66891 -0.0563 -0.70559 -0.70638 -0.13949 -0.74502 -0.6523 9e-05 -0.99792 0.06439 -0.06954 -0.99142 0.11067 -0.04264 -0.99477 0.09285 -0.11302 -0.98377 0.13934 -0.06728 0.8361 -0.54444 -0.45937 0.83005 -0.31622 -0.23672 0.85525 -0.46099 -0.52722 0.80825 -0.26225 -0.06248 0.10366 0.99265 -0.26906 0.07358 0.96031 -0.23971 0.07816 0.96769 -0.04196 0.10638 0.99344 0.18967 -0.54405 0.81733 0.02567 -0.42595 0.90438 0.14934 -0.51687 0.84294 0.2666 -0.59228 0.76035 -0.25191 -0.96591 -0.0597 -0.40847 -0.91277 0.00282 -0.37551 -0.92676 -0.01076 -0.19267 -0.97782 -0.08211 0.1079 -0.26657 -0.95776 -0.00036 -0.20214 -0.97936 0.1548 -0.29344 -0.94336 0.05541 -0.23574 -0.97024 -0.1809 0.9393 -0.29154 0.08288 0.87013 -0.4858 -0.00014 0.98261 -0.18568 -0.04314 0.97966 -0.19596 -0.03546 0.90993 -0.41325 -0.32976 -0.82469 0.4595 -0.05606 -0.91264 0.4049 0.01586 -0.92276 0.38505 -0.20571 -0.87462 0.43901 -0.05166 -0.56394 -0.8242 0.05436 -0.61854 -0.78387 0.00338 -0.59346 -0.80486 -0.0994 -0.53628 -0.83817 0.11734 0.2058 -0.97153 -0.08282 0.29757 -0.9511 0.05407 0.23619 -0.9702 -0.14493 0.32343 -0.93509 -0.07631 -0.99348 -0.08469 0.20902 -0.96277 -0.17141 0.36743 -0.90484 -0.21508 0.02449 -0.9929 -0.11644 0.02177 -0.29156 -0.95631 0.04647 -0.26959 -0.96185 -0.00034 -0.31092 -0.95044 0.02469 -0.28898 -0.95702 0.00038 -0.3674 0.93006 0.00038 -0.3674 0.93006 0.00038 -0.3674 0.93006 0.00038 -0.3674 0.93006 -1 -7e-05 0.00038 -1 -7e-05 0.00038 -1 -7e-05 0.00038 -1 -7e-05 0.00038 -1 -7e-05 0.00038 -1 -7e-05 0.00038 -1 -7e-05 0.00038 -7e-05 1 0.00314 -7e-05 1 0.00314 -7e-05 1 0.00314 -7e-05 1 0.00314 -0.00038 0.34608 -0.9382 -0.00038 0.34608 -0.9382 -0.00038 0.34608 -0.9382 -0.00038 0.34608 -0.9382 0.00033 0.33631 0.94175 0.00033 0.33631 0.94175 0.00033 0.33631 0.94175 0.00033 0.33631 0.94175 -7e-05 1 0.00314 -7e-05 1 0.00314 -7e-05 1 0.00314 -7e-05 1 0.00314 -0.00033 -0.35845 -0.93355 -0.00033 -0.35845 -0.93355 -0.00033 -0.35845 -0.93355 -0.00033 -0.35845 -0.93355 7e-05 -1 -0.00314 7e-05 -1 -0.00314 7e-05 -1 -0.00314 7e-05 -1 -0.00314 -0.00668 -0.99998 -0.0021 -0.06924 -0.99757 0.00754 -0.06251 -0.99802 0.00651 7e-05 -1 -0.00314 -0.02047 -0.53386 0.84533 0.00326 -0.76828 0.64011 -0.1462 -0.92414 0.35297 -0.03476 -0.75294 0.65717 -0.18609 -0.9271 0.32536 -0.03906 -0.52637 0.84936 0.0255 -0.97479 -0.22165 0.25514 -0.95809 -0.13027 0.21098 -0.96607 -0.14898 -0.03863 -0.96884 -0.24465 0.03494 -0.61856 -0.78496 -0.09565 -0.5692 -0.81662 -0.00685 -0.60412 -0.79687 -0.13047 -0.55392 -0.82228 0.0211 0.26504 -0.96401 0.09859 0.51912 -0.84899 0.12198 -0.04189 -0.99165 0.10946 -0.03786 -0.99327 0.00318 0.2071 -0.97831 0.06809 0.50927 -0.85791 -0.04863 0.89576 -0.44187 0.03233 0.9169 -0.3978 -0.08135 0.8849 -0.45862 -0.00383 0.90847 -0.41794 0.02185 0.6272 0.77855 -0.2465 0.68933 0.68122 0.16599 0.57151 0.80363 -0.07499 0.65591 0.7511 0.19223 0.20554 0.95958 0.04734 0.15131 0.98735 0.00036 0.13303 0.99111 0.1599 0.19373 0.96794 -0.21118 0.9651 0.15487 -0.08286 0.97705 0.19625 -0.05617 0.97729 0.20434 -0.17302 0.97055 0.16761 0.14289 0.9819 0.12431 -0.02308 0.99956 0.01881 0.04824 0.99676 0.06431 -0.11383 0.99272 -0.03944 -0.37143 0.46912 0.80123 -0.09126 0.37643 0.92194 0.01892 0.33066 0.94356 -0.30186 0.44953 0.84071 0.11672 0.94891 0.29318 -0.15091 0.98674 0.05982 0.23471 0.8913 0.38795 -0.02066 0.98408 0.17652 -0.14407 0.60521 -0.78292 -0.2452 0.67107 -0.69967 -0.17392 0.62579 -0.76035 -0.02002 0.51013 -0.85986 7e-05 -1 -0.00314 7e-05 -1 -0.00314 7e-05 -1 -0.00314 7e-05 -1 -0.00314 -1 -7e-05 0.00038 -1 -7e-05 0.00038 -1 -7e-05 0.00038 -1 -7e-05 0.00038 -1 -7e-05 0.00038 -1 -7e-05 0.00038 -1 -7e-05 0.00038 -1 -7e-05 0.00038 -1 -7e-05 0.00038 -1 -7e-05 0.00038 -1 -7e-05 0.00038 -1 -7e-05 0.00038 -1 -7e-05 0.00038 -1 -7e-05 0.00038 -1 -7e-05 0.00038 -1 -7e-05 0.00038 -1 -7e-05 0.00038 -1 -7e-05 0.00038 -1 -7e-05 0.00038 -1 -7e-05 0.00038 -1 -7e-05 0.00038 -1 -7e-05 0.00038 0.00048 -0.56456 0.82539 0.00035 -0.5398 0.84179 0.00046 -0.54769 0.83668 0.00035 -0.58174 0.81338 0.00039 -0.54104 0.841 0.00035 -0.58174 0.81338 0.00035 -0.56865 0.82258 0.00035 -0.54764 0.83672 -0.22526 0.83723 -0.49829 -0.00029 0.78213 -0.62312 -0.28937 0.84249 -0.4544 -0.10238 0.81392 -0.57188 -0.19013 0.87762 0.44005 0.15966 0.77153 0.61584 -0.29227 0.88145 0.37098 0.03059 0.82688 0.56155 -0.1542 0.05313 0.98661 0.00037 0.03301 0.99945 -0.01377 0.03489 0.9993 -0.1655 0.05457 0.9847 -0.20834 0.69193 0.69125 -0.15214 0.66569 0.73055 -0.18838 0.68298 0.70572 -0.23288 0.70237 0.67264 -0.0494 0.08212 0.9954 -0.03219 0.05373 0.99804 -0.02425 0.04065 0.99888 0.00038 3e-05 1 -7e-05 1 0.00314 -7e-05 1 0.00314 -7e-05 1 0.00314 -7e-05 1 0.00314 -0.00038 0.00314 -0.99999 -0.00038 0.00314 -0.99999 -0.00038 0.00314 -0.99999 -0.00038 0.00314 -0.99999 7e-05 -1 -0.00314 7e-05 -1 -0.00314 7e-05 -1 -0.00314 7e-05 -1 -0.00314 -0.00038 -0.0178 -0.99984 -0.00038 -0.0178 -0.99984 -0.00038 -0.0178 -0.99984 -0.00038 -0.0178 -0.99984 -0.07848 -0.92566 -0.37014 -0.02298 -0.91774 -0.39652 -9e-05 -0.91345 -0.40695 -0.05721 -0.92304 -0.38043 -0.06051 -0.70943 0.70217 -0.32842 -0.55607 0.76349 0.06397 -0.75629 0.6511 -0.2416 -0.6141 0.75134 0.17731 -0.0124 0.98408 0.01835 -0.03822 0.9991 0.00038 -0.04107 0.99916 0.14567 -0.01763 0.98918 7e-05 -1 -0.00314 7e-05 -1 -0.00314 7e-05 -1 -0.00314 7e-05 -1 -0.00314 -0.29663 -0.07061 0.95238 -0.03188 -0.02813 0.9991 0.00038 -0.02284 0.99974 -0.27558 -0.0673 0.95892 -0.42064 -0.10119 -0.90157 -0.04149 -0.05237 -0.99777 -0.00037 -0.04664 -0.99891 -0.39292 -0.09789 -0.91435 0.11245 -0.42271 0.89926 0.04369 -0.38123 0.92345 0.06922 -0.39692 0.91524 0.00038 -0.35382 0.93531 -1 -7e-05 0.00038 -1 -7e-05 0.00038 -1 -7e-05 0.00038 -1 -7e-05 0.00038 -1 -7e-05 0.00038 -1 -7e-05 0.00038 -1 -7e-05 0.00038 -1 -7e-05 0.00038 -1 -7e-05 0.00038 0.1092 0.7188 -0.68658 0.33704 0.75936 -0.55658 0.26278 0.75169 -0.6049 -0.00032 0.6824 -0.73098 -0.15257 0.9634 0.22041 6e-05 0.9447 0.32793 -0.08502 0.95926 0.26943 -0.21207 0.96141 0.17528 0.00038 0.00857 0.99996 0.00038 0.00857 0.99996 0.00038 0.00857 0.99996 0.00038 0.00857 0.99996 -7e-05 1 0.00314 -7e-05 1 0.00314 -7e-05 1 0.00314 -7e-05 1 0.00314 -0.00038 0.00314 -0.99999 -0.00038 0.00314 -0.99999 -0.00038 0.00314 -0.99999 -0.00038 0.00314 -0.99999 7e-05 -1 -0.00314 7e-05 -1 -0.00314 7e-05 -1 -0.00314 7e-05 -1 -0.00314 0.25343 -0.96726 -0.0135 0.11665 -0.99162 0.05553 0.06358 -0.99464 0.08159 0.18881 -0.98182 0.01946 0.49693 -0.00457 0.86778 0.05284 -0.08056 0.99535 0.00038 -0.08826 0.9961 0.36995 -0.02846 0.92862 7e-05 -1 -0.00314 7e-05 -1 -0.00314 7e-05 -1 -0.00314 7e-05 -1 -0.00314 -1 -7e-05 0.00038 -1 -7e-05 0.00038 -1 -7e-05 0.00038 -1 -7e-05 0.00038 -1 -7e-05 0.00038 -1 -7e-05 0.00038 -1 -7e-05 0.00038 -1 -7e-05 0.00038 -1 -7e-05 0.00038 -1 -7e-05 0.00038 -1 -7e-05 0.00038 -1 -7e-05 0.00038 0.01892 0.83373 -0.55185 0.05881 0.84452 -0.53228 0.0419 0.84016 -0.54072 -0.00027 0.82792 -0.56085 -0.45176 0.86274 0.22712 -0.08438 0.9904 0.10949 -0.20458 0.96737 0.14949 -0.50758 0.82644 0.24362 -0.21461 0.01583 0.97657 -0.01793 0.04272 0.99893 0.00037 0.04513 0.99898 -0.18648 0.01978 0.98226 0.00038 -0.00314 0.99999 0.00038 -0.00314 0.99999 0.00038 -0.00314 0.99999 0.00038 -0.00314 0.99999 0.03078 0.99924 0.02405 0.08092 0.99503 0.05804 -7e-05 1 0.00314 0.05028 0.99804 0.03727 -0.00038 0.00314 -0.99999 -0.00038 0.00314 -0.99999 -0.00038 0.00314 -0.99999 -0.00038 0.00314 -0.99999 7e-05 -1 -0.00314 7e-05 -1 -0.00314 7e-05 -1 -0.00314 7e-05 -1 -0.00314 0.19451 -0.97237 -0.12909 0.07826 -0.99519 -0.05887 0.2368 -0.95918 -0.15458 0.14351 -0.98475 -0.09831 -0.24917 -0.72184 0.64565 -0.42139 -0.57092 0.70461 -0.0634 -0.83221 0.55083 -0.33341 -0.65464 0.67844 0.4632 -0.00899 0.88621 0.04842 -0.07907 0.99569 0.36889 -0.02648 0.9291 0.00038 -0.08614 0.99628 0.24018 -0.06382 -0.96863 -0.00038 -0.02875 -0.99959 0.02498 -0.03253 -0.99916 0.25889 -0.06647 -0.96362 0.03933 -0.45482 0.88971 0.23756 -0.53333 0.81187 -0.03595 -0.41915 0.90721 0.18466 -0.51463 0.83729 -0.22276 -0.81771 0.53078 -0.0952 -0.87195 0.48025 -0.25474 -0.80091 0.54189 -0.16802 -0.84344 0.51028 -1 -7e-05 0.00038 -1 -7e-05 0.00038 -1 -7e-05 0.00038 -1 -7e-05 0.00038 -1 -7e-05 0.00038 -1 -7e-05 0.00038 -1 -7e-05 0.00038 -1 -7e-05 0.00038 -1 -7e-05 0.00038 -1 -7e-05 0.00038 -1 -7e-05 0.00038 -1 -7e-05 0.00038 -1 -7e-05 0.00038 -1 -7e-05 0.00038 -1 -7e-05 0.00038 -1 -7e-05 0.00038 -1 -7e-05 0.00038 -1 -7e-05 0.00038 -1 -7e-05 0.00038 -1 -7e-05 0.00038 -1 -7e-05 0.00038 -1 -7e-05 0.00038 0.24347 0.91048 0.33429 0.23231 0.91555 0.32832 0.23726 0.91333 0.33097 0.22609 0.9183 0.32497 0.05005 -0.59476 -0.80234 0.09478 -0.60673 -0.78923 0.07833 -0.60249 -0.79427 0.03705 -0.59103 -0.8058 -0.10682 -0.97781 -0.18019 -0.25083 -0.96357 -0.0928 -0.20401 -0.97134 -0.12199 -0.02631 -0.97376 -0.22607 -0.54549 -0.51932 0.65783 -0.46929 -0.5172 0.71573 -0.37578 -0.50883 0.77452 -0.52173 -0.51916 0.67696 0.10399 -0.10493 0.98903 -0.13827 0.47134 0.87105 0.11057 0.27301 0.95564 0.01008 0.05992 0.99815 -0.05598 0.44102 0.89575 0.16327 -0.13906 0.97673 0.12113 0.90297 0.41229 -0.00421 0.99752 0.07019 0.22367 0.93658 -0.26978 0.16262 0.8899 0.42619 0.06068 0.99254 0.10572 0.2756 0.91471 -0.29556 -0.32816 0.57432 -0.74998 -0.04308 0.49244 -0.86928 -0.26167 0.55979 -0.78624 0.05174 0.45453 -0.88923 0.27298 -0.96078 0.04891 0.1012 -0.98124 0.16407 0.18122 -0.97708 0.11168 0.00015 -0.97383 0.22726 0.30994 -0.95034 -0.02797 0.17522 -0.98256 -0.06225 0.19824 -0.97852 -0.05654 0.36309 -0.93165 -0.01383 0.22254 0.92854 -0.29714 0.52345 0.83569 -0.16622 0.48277 0.85559 -0.18682 0.11249 0.93568 -0.33443 -0.00556 0.94925 0.31449 -0.00087 0.68971 0.72409 0.0003 0.49092 0.8712 -0.0612 0.99046 0.12346 0.00627 0.7207 0.69322 0.01774 0.92991 0.36736 -0.00883 0.49405 0.86939 -0.00036 0.48087 -0.87679 -0.06306 0.61211 -0.78825 -0.07948 0.6168 -0.7831 -0.01049 0.44721 -0.89437 -0.00038 0.28111 -0.95968 0.75425 -0.16385 -0.63581 0.6055 -0.15615 -0.78037 0.7416 -0.16343 -0.65063 0.54449 -0.15165 -0.82494 0.00021 -0.91802 0.39653 0.00021 -0.91901 0.39423 0.00021 -0.91802 0.39653 0.00021 -0.92436 0.38151 0.0002 -0.93046 0.3664 -0.01493 0.99972 -0.01846 -0.21391 0.97278 -0.08917 0.04852 0.99881 0.00421 -0.13108 0.98957 -0.05981 -1 -7e-05 0.00038 -1 -7e-05 0.00038 -1 -7e-05 0.00038 -1 -7e-05 0.00038 -1 -7e-05 0.00038 -1 -7e-05 0.00038 -1 -7e-05 0.00038 -1 -7e-05 0.00038 -1 -7e-05 0.00038 -1 -7e-05 0.00038 -1 -7e-05 0.00038 -1 -7e-05 0.00038 -1 -7e-05 0.00038 -1 -7e-05 0.00038 -1 -7e-05 0.00038 -1 -7e-05 0.00038 -1 -7e-05 0.00038 -1 -7e-05 0.00038 -1 -7e-05 0.00038 -1 -7e-05 0.00038 -1 -7e-05 0.00038 -1 -7e-05 0.00038 0.00038 0.01978 0.9998 0.00038 0.01978 0.9998 0.00038 0.01978 0.9998 0.00038 0.01978 0.9998 7e-05 -1 -0.00314 7e-05 -1 -0.00314 7e-05 -1 -0.00314 7e-05 -1 -0.00314 0.00038 -0.00314 0.99999 0.00038 -0.00314 0.99999 0.00038 -0.00314 0.99999 0.00038 -0.00314 0.99999 -7e-05 1 0.00314 -7e-05 1 0.00314 -7e-05 1 0.00314 -7e-05 1 0.00314 -0.00038 0.18923 -0.98193 -0.00038 0.18923 -0.98193 -0.00038 0.18923 -0.98193 -0.00038 0.18923 -0.98193 -0.18608 -0.89672 0.40158 2e-05 -0.99286 -0.11932 -0.18997 -0.96545 0.17835 -0.2337 -0.93731 0.25854 -0.11593 -0.99261 -0.03582 0.08427 0.71475 0.69429 0.19719 0.66817 0.7174 0.22601 0.6544 0.72158 0.12525 0.69919 0.70388 0.25511 -0.09467 -0.96227 -0.02203 -0.00205 -0.99976 -0.11107 0.02788 -0.99342 0.14582 -0.05824 -0.9876 -0.25453 -0.81102 -0.52675 -0.05068 -0.74117 -0.66941 0.06766 -0.67891 -0.73109 -0.16605 -0.78673 -0.59454 0.42237 0.89829 0.12117 0.35828 0.93069 0.07378 0.38574 0.91781 0.09391 0.31669 0.94752 0.04374 -0.25329 0.02343 0.96711 0.10413 0.17235 0.97952 0.01348 0.13646 0.99055 -0.31759 -0.00556 0.94821 0.21082 -0.41166 0.88662 0.02561 -0.53919 0.8418 -0.06353 -0.59024 0.80472 0.1433 -0.46159 0.87544 0.1971 -0.95422 0.225 0.42237 -0.86683 0.26497 0.52212 -0.80608 0.27861 0.24691 -0.94016 0.23481 0.01506 -0.92245 -0.38582 -0.04626 -0.66364 -0.74662 0.00969 -0.30845 -0.95119 -0.02059 -0.4931 -0.86973 -0.0404 -0.98238 -0.18248 -0.01857 -0.90591 -0.42306 -0.04698 -0.2629 -0.96368 0.18671 0.79871 0.57201 -0.04884 0.75024 0.65936 -0.11204 0.7287 0.67561 0.13038 0.79173 0.59679 7e-05 -1 -0.00314 7e-05 -1 -0.00314 7e-05 -1 -0.00314 7e-05 -1 -0.00314 -1 -7e-05 0.00038 -1 -7e-05 0.00038 -1 -7e-05 0.00038 -1 -7e-05 0.00038 -1 -7e-05 0.00038 -1 -7e-05 0.00038 -1 -7e-05 0.00038 0.00038 -0.00314 0.99999 0.00038 -0.00314 0.99999 0.00038 -0.00314 0.99999 0.00038 -0.00314 0.99999 0.25022 0.87785 -0.40837 0.0632 0.78842 -0.61188 -0.00029 0.78053 -0.62512 0.13064 0.93763 -0.32215 0.3049 0.8243 -0.47703 0.01537 -0.01998 -0.99968 0.22204 0.00308 -0.97503 -0.00038 -0.0217 -0.99976 0.20868 0.00156 -0.97798 0.07093 -0.93527 -0.34674 -0.35397 -0.62865 -0.69246 -0.0699 -0.97936 0.18963 -0.43523 -0.56645 -0.69979 -0.16536 -0.95789 0.23476 0.14394 -0.98957 -0.00595 -0.07472 -0.88353 -0.46238 -0.0129 -0.01524 -0.9998 -0.02382 0.9712 0.23709 0.04461 0.59008 -0.80611 -0.07314 0.74848 0.65911 -0.02111 0.94385 -0.32971 0.19739 -0.29493 -0.93491 0.09434 -0.20166 -0.9749 0.14612 0.28281 -0.94798 -0.00487 0.77295 -0.63445 0.00793 0.99511 -0.0985 0.01035 0.88028 0.47434 -0.16104 0.69881 0.69694 0.0298 0.01566 0.99943 0.24926 0.26414 0.93172 -0.12833 -0.23328 0.9639 0.21059 0.252 0.94454 -0.02482 -0.00753 0.99966 -0.16226 -0.24924 0.95475 0.25538 -0.6827 0.68461 0.218 -0.7018 0.6782 0.18783 -0.71616 0.67219 0.24228 -0.68956 0.6825 -1 -7e-05 0.00038 -1 -7e-05 0.00038 -1 -7e-05 0.00038 -1 -7e-05 0.00038 -1 -7e-05 0.00038 -1 -7e-05 0.00038 -1 -7e-05 0.00038 -1 -7e-05 0.00038 -1 -7e-05 0.00038 -1 -7e-05 0.00038 -1 -7e-05 0.00038 -1 -7e-05 0.00038 -1 -7e-05 0.00038 -1 -7e-05 0.00038 -1 -7e-05 0.00038 -1 -7e-05 0.00038 -1 -7e-05 0.00038 -1 -7e-05 0.00038 -1 -7e-05 0.00038 -1 -7e-05 0.00038 -1 -7e-05 0.00038 -1 -7e-05 0.00038 -0.00038 0.25 -0.96825 0.10672 0.20966 -0.97193 0.1467 0.19376 -0.97002 0.03343 0.23762 -0.97078 0.1093 0.40715 0.9068 -0.08937 0.25463 0.9629 -0.19796 0.16202 0.96673 -0.01162 0.31688 0.94839 0.00015 -0.97346 0.22887 -0.26132 -0.92226 0.28487 -0.04854 -0.96941 0.24059 -0.29485 -0.91023 0.29076 -1 -7e-05 0.00038 -1 -7e-05 0.00038 -1 -7e-05 0.00038 -1 -7e-05 0.00038 -1 -7e-05 0.00038 -1 -7e-05 0.00038 -1 -7e-05 0.00038 -1 -7e-05 0.00038 -1 -7e-05 0.00038 -1 -7e-05 0.00038 -1 -7e-05 0.00038 -1 -7e-05 0.00038 -1 -7e-05 0.00038 -1 -7e-05 0.00038 -1 -7e-05 0.00038 -1 -7e-05 0.00038 -1 -7e-05 0.00038 -1 -7e-05 0.00038 -1 -7e-05 0.00038 -1 -7e-05 0.00038 -1 -7e-05 0.00038 -1 -7e-05 0.00038 -1 -7e-05 0.00038 -1 -7e-05 0.00038 -1 -7e-05 0.00038 -1 -7e-05 0.00038 -0.23231 0.89941 -0.37026 -0.09543 0.88312 -0.45935 -0.27421 0.89953 -0.34008 -0.17511 0.89548 -0.40921 0.08886 0.22382 -0.97057 0.14659 0.24518 -0.95833 0.1306 0.23934 -0.96211 0.07056 0.21689 -0.97364 -0.01734 -0.19324 0.981 0.00038 -0.20947 0.97782 -0.01519 -0.19521 0.98064 -0.03219 -0.17955 0.98322 0.00287 -0.9603 0.27897 0.00055 -0.96015 0.27948 0.00247 -0.96027 0.27906 0.00017 -0.96013 0.27956 -1 -7e-05 0.00038 -1 -7e-05 0.00038 -1 -7e-05 0.00038 -1 -7e-05 0.00038 -1 -7e-05 0.00038 -1 -7e-05 0.00038 -1 -7e-05 0.00038 -1 -7e-05 0.00038 -1 -7e-05 0.00038 -1 -7e-05 0.00038 -1 -7e-05 0.00038 -1 -7e-05 0.00038 -1 -7e-05 0.00038 -1 -7e-05 0.00038 -1 -7e-05 0.00038 -1 -7e-05 0.00038 -1 -7e-05 0.00038 -1 -7e-05 0.00038 -1 -7e-05 0.00038 -1 -7e-05 0.00038 -1 -7e-05 0.00038 -1 -7e-05 0.00038 -1 -7e-05 0.00038 -1 -7e-05 0.00038 -1 -7e-05 0.00038 -1 -7e-05 0.00038 -1 -7e-05 0.00038 -1 -7e-05 0.00038 0.36506 -0.11662 0.92365 0.20253 -0.17058 0.96431 0.43635 -0.09047 0.89522 0.23621 -0.15999 0.95844 -0.16314 0.47075 0.86705 -0.0328 0.41802 0.90785 -0.0825 0.43915 0.89462 0.02592 0.39145 0.91983 -0.37733 0.92114 0.09554 -0.03653 0.96236 0.26931 -0.16941 0.96362 0.20672 -0.45363 0.88978 0.05005 0.22178 0.71672 -0.66116 0.02704 0.59772 -0.80125 0.1215 0.66072 -0.74074 -0.09375 0.50328 -0.85902 0.07742 -0.99661 0.02801 0.28236 -0.94446 0.16814 -0.04194 -0.99772 -0.05288 0.19711 -0.97423 0.10965 -1 -7e-05 0.00038 -1 -7e-05 0.00038 -1 -7e-05 0.00038 -1 -7e-05 0.00038 -1 -7e-05 0.00038 -1 -7e-05 0.00038 -1 -7e-05 0.00038 -1 -7e-05 0.00038 -1 -7e-05 0.00038 -1 -7e-05 0.00038 -1 -7e-05 0.00038 -1 -7e-05 0.00038 -1 -7e-05 0.00038 -1 -7e-05 0.00038 -1 -7e-05 0.00038 -1 -7e-05 0.00038 -1 -7e-05 0.00038 -1 -7e-05 0.00038 -1 -7e-05 0.00038 -1 -7e-05 0.00038 -1 -7e-05 0.00038 -1 -7e-05 0.00038 -1 -7e-05 0.00038 -1 -7e-05 0.00038 -1 -7e-05 0.00038 -1 -7e-05 0.00038 -0.18868 0.92386 0.33299 -0.10901 0.9529 0.283 -0.21953 0.90998 0.35177 -0.16489 0.93355 0.31828 0.2184 0.91212 -0.3469 0.16156 0.93644 -0.3114 0.10211 0.95654 -0.27314 0.18524 0.92693 -0.32632 -0.03989 0.44558 0.89435 0.18096 0.58263 0.79234 -0.1366 0.37392 0.91735 0.08591 0.52821 0.84475 -0.01606 0.11969 -0.99268 0.26772 0.2405 -0.933 0.20377 0.2144 -0.95525 -0.09426 0.08421 -0.99198 0.20862 -0.52713 -0.82378 0.17342 -0.54188 -0.82237 0.20016 -0.53076 -0.82355 0.1607 -0.547 -0.82157 0.07939 -0.9967 -0.01683 0.33083 -0.92478 0.18798 -0.07758 -0.98706 -0.14032 0.22376 -0.96954 0.09964 -1 -7e-05 0.00038 -1 -7e-05 0.00038 -1 -7e-05 0.00038 -1 -7e-05 0.00038 -1 -7e-05 0.00038 -1 -7e-05 0.00038 -1 -7e-05 0.00038 -1 -7e-05 0.00038 -1 -7e-05 0.00038 -1 -7e-05 0.00038 -1 -7e-05 0.00038 -1 -7e-05 0.00038 -1 -7e-05 0.00038 -1 -7e-05 0.00038 -1 -7e-05 0.00038 -1 -7e-05 0.00038 -1 -7e-05 0.00038 -1 -7e-05 0.00038 -1 -7e-05 0.00038 -1 -7e-05 0.00038 -1 -7e-05 0.00038 -1 -7e-05 0.00038 -1 -7e-05 0.00038 -1 -7e-05 0.00038 -1 -7e-05 0.00038 -1 -7e-05 0.00038 -1 -7e-05 0.00038 -1 -7e-05 0.00038 -1 -7e-05 0.00038 -0.14377 -0.59503 0.79074 0.154 -0.45834 0.87533 -0.23466 -0.6242 0.74519 0.05657 -0.50989 0.85838 -1 -7e-05 0.00038 -1 -7e-05 0.00038 -1 -7e-05 0.00038 -1 -7e-05 0.00038 -1 -7e-05 0.00038 -1 -0.00096 0.00146 -0.99999 -0.00259 0.00344 -1 0.00137 0.00076 -1 0.00181 0.00102 -1 -4e-05 0.00043 -1 -3e-05 0.00038 -1 -0.00089 0.00137 -1 -9e-05 0.00038 -1 -7e-05 0.00038 -1 -7e-05 0.00038 -1 -0.00196 0.00048 -1 -0.00087 0.00107 -1 -7e-05 0.00038 -1 -0.00071 0.00066 -1 -7e-05 0.00038 -1 0.00078 0.00126 -1 0.00038 0.00276 -1 -7e-05 0.00038 -1 -7e-05 0.00038 -1 -7e-05 0.00038 -1 -7e-05 0.00038 -1 -7e-05 0.00038 -1 -7e-05 0.00038 -1 -7e-05 0.00038 -1 -7e-05 0.00038 -1 -7e-05 0.00038 -1 -7e-05 0.00038 -1 -7e-05 0.00038 -1 -7e-05 0.00038 -1 -7e-05 0.00038 -1 -7e-05 0.00038 -1 -7e-05 0.00038 -1 -7e-05 0.00038 -1 -7e-05 0.00038 -1 -7e-05 0.00038 -1 -7e-05 0.00038 -1 -7e-05 0.00038 -1 -7e-05 0.00038 -1 -7e-05 0.00038 -1 -7e-05 0.00038 -1 -7e-05 0.00038 -1 -7e-05 0.00038 -1 -7e-05 0.00038 -1 -7e-05 0.00038 -1 -7e-05 0.00038 -1 -7e-05 0.00038 -1 -7e-05 0.00038 -1 -7e-05 0.00038 -1 -7e-05 0.00038 -1 -7e-05 0.00038 -1 -7e-05 0.00038 -1 -7e-05 0.00038 -1 -7e-05 0.00038 -1 -7e-05 0.00038 -1 -7e-05 0.00038 -1 -7e-05 0.00038 -1 -7e-05 0.00038 -1 -7e-05 0.00038 -1 -7e-05 0.00038 -1 -7e-05 0.00038 -1 -7e-05 0.00038 -1 -7e-05 0.00038 -1 -7e-05 0.00038 -1 -7e-05 0.00038 -1 -7e-05 0.00038 -1 -7e-05 0.00038 -1 -7e-05 0.00038 -1 -7e-05 0.00038 -1 -7e-05 0.00038 -1 -7e-05 0.00038 -1 -7e-05 0.00038 -1 -7e-05 0.00038 -1 -7e-05 0.00038 -1 -7e-05 0.00038 -1 -7e-05 0.00038 -1 -7e-05 0.00038 -1 -7e-05 0.00038 -1 -7e-05 0.00038 -1 -7e-05 0.00038 -1 -7e-05 0.00038 -1 -7e-05 0.00038 -1 -7e-05 0.00038 -1 -7e-05 0.00038 -1 -7e-05 0.00038 -1 -7e-05 0.00038 -1 -7e-05 0.00038 -1 -7e-05 0.00038 -1 -7e-05 0.00038 -1 -7e-05 0.00038 -1 -7e-05 0.00038 -1 -7e-05 0.00038 -1 -7e-05 0.00038 -1 -7e-05 0.00038 -1 -7e-05 0.00038 -1 -7e-05 0.00038 -1 0.00124 0.00086 -1 -7e-05 0.00038 -1 -7e-05 0.00038 -1 -7e-05 0.00038 -1 0.00136 0.00038 -1 2e-05 0.00063 -1 -7e-05 0.00038 -1 -7e-05 0.00038 -1 -7e-05 0.00038 -1 -7e-05 0.00038 -1 -7e-05 0.00038 -1 -7e-05 0.00038 -1 -7e-05 0.00038 -1 -7e-05 0.00038 -1 0.00164 0.00038 -1 -7e-05 0.00038 -1 -7e-05 0.00038 -1 -7e-05 0.00038 -1 -7e-05 0.00038 -1 -7e-05 0.00038 -1 -7e-05 0.00038 -1 -7e-05 0.00038 -1 -7e-05 0.00038 -1 -7e-05 0.00038 -1 -7e-05 0.00038 -1 -7e-05 0.00038 -1 -7e-05 0.00038 -1 1e-05 0.00045 -1 -7e-05 0.00038 -1 -7e-05 0.00038 -1 -7e-05 0.00038 -1 -7e-05 0.00038 -1 -7e-05 0.00038 -1 -7e-05 0.00038 -1 -7e-05 0.00038 -1 -7e-05 0.00038 -1 -7e-05 0.00038 -1 -7e-05 0.00038 -1 -7e-05 0.00038 -1 -7e-05 0.00038 -1 -7e-05 0.00038 -1 -7e-05 0.00038 -1 -7e-05 0.00038 -1 -7e-05 0.00038 -1 -7e-05 0.00038 -1 -7e-05 0.00038 -1 -7e-05 0.00038 -1 -7e-05 0.00038 -1 -7e-05 0.00038 -1 -7e-05 0.00038 -1 -7e-05 0.00038 -1 -7e-05 0.00038 -1 -7e-05 0.00038 -1 -7e-05 0.00038 -1 -7e-05 0.00038 -1 -7e-05 0.00038 -1 -7e-05 0.00038 -1 -7e-05 0.00038 -1 -7e-05 0.00038 -1 -7e-05 0.00038 -1 -7e-05 0.00038 -1 -7e-05 0.00038 -1 -7e-05 0.00038 -1 -7e-05 0.00038 -1 -7e-05 0.00038 -1 -7e-05 0.00038 -1 -7e-05 0.00038 -1 -7e-05 0.00038 -1 -7e-05 0.00038 -1 -7e-05 0.00038 -1 -7e-05 0.00038 -1 -7e-05 0.00038 -1 -7e-05 0.00038 -1 -7e-05 0.00038 -1 -7e-05 0.00038 -1 -7e-05 0.00038 -1 -7e-05 0.00038 -1 -7e-05 0.00038 -1 -7e-05 0.00038 -1 -7e-05 0.00038 -1 -7e-05 0.00038 -1 -7e-05 0.00038 -1 -7e-05 0.00038 -1 -7e-05 0.00038 -1 -7e-05 0.00038 -1 -7e-05 0.00038 -1 -7e-05 0.00038 -1 -7e-05 0.00038 -1 -7e-05 0.00038 -1 -7e-05 0.00038 -1 -7e-05 0.00038 -1 -7e-05 0.00038 -1 -7e-05 0.00038 -1 -7e-05 0.00038 -1 -7e-05 0.00038 -1 -7e-05 0.00038 -1 -7e-05 0.00038 -1 -7e-05 0.00038 -1 -7e-05 0.00038 -1 -7e-05 0.00038 -1 -7e-05 0.00038 -1 -7e-05 0.00038 -1 -7e-05 0.00038 -1 -7e-05 0.00038 -1 -7e-05 0.00038 -1 -7e-05 0.00038 -1 -7e-05 0.00038 -1 -7e-05 0.00038 -1 0.00147 0.00042 -1 -7e-05 0.00038 -1 -7e-05 0.00038 -1 -7e-05 0.00038 -1 -7e-05 0.00038 -1 -7e-05 0.00038 -1 -7e-05 0.00038 -1 0.00095 0.00034 -1 0.00169 0.00034 -1 -7e-05 0.00038 -1 -7e-05 0.00038 -1 -7e-05 0.00038 -1 -7e-05 0.00038 -1 -7e-05 0.00038 -1 -7e-05 0.00038 -1 -7e-05 0.00038 -1 -7e-05 0.00038 -1 -7e-05 0.00038 -1 -7e-05 0.00038 -1 -7e-05 0.00038 -1 -7e-05 0.00038 -1 -7e-05 0.00038 -1 -7e-05 0.00038 -1 -7e-05 0.00038 -1 -7e-05 0.00038 -1 -7e-05 0.00038 -1 -7e-05 0.00038 -1 -7e-05 0.00038 -1 -7e-05 0.00038 -1 -7e-05 0.00038 -1 -7e-05 0.00038 -1 -7e-05 0.00038 -1 -7e-05 0.00038 -1 -7e-05 0.00038 -1 -7e-05 0.00038 -1 -7e-05 0.00038 -1 -7e-05 0.00038 -1 -7e-05 0.00038 -1 -7e-05 0.00038 -1 -7e-05 0.00038 -1 -7e-05 0.00038 -1 -7e-05 0.00038 -1 -7e-05 0.00038 -1 -7e-05 0.00038 -1 -7e-05 0.00038 -1 -7e-05 0.00038 -1 -7e-05 0.00038 -1 -7e-05 0.00038 -1 -7e-05 0.00038 -1 -7e-05 0.00038 -1 -7e-05 0.00038 -1 -7e-05 0.00038 -1 -7e-05 0.00038 -1 -7e-05 0.00038 -1 -7e-05 0.00038 -1 -7e-05 0.00038 -1 -7e-05 0.00038 -1 -7e-05 0.00038 -1 -7e-05 0.00038 -1 -7e-05 0.00038 -1 -7e-05 0.00038 -1 -7e-05 0.00038 -1 -7e-05 0.00038 1 7e-05 -0.00038 1 7e-05 -0.00038 1 7e-05 -0.00038 1 7e-05 -0.00038 1 7e-05 -0.00038 1 7e-05 -0.00038 1 0.00038 -0.00035 1 0.00011 -0.00015 1 7e-05 -0.00038 1 0.00015 -0.0003 1 7e-05 -0.00038 -0.70108 -0.08721 -0.70773 -0.70108 -0.08721 -0.70773 -0.70108 -0.08721 -0.70773 0.91753 0.10865 0.38254 0.91753 0.10865 0.38254 0.91753 0.10865 0.38254 0.41187 0.55033 0.72629 0.41187 0.55033 0.72629 0.41187 0.55033 0.72629 -0.22359 -0.54469 -0.80828 -0.22359 -0.54469 -0.80828 -0.22359 -0.54469 -0.80828 0.22359 0.54469 0.80828 0.22359 0.54469 0.80828 0.22359 0.54469 0.80828 -0.97271 -0.20782 -0.10319 -0.97271 -0.20782 -0.10319 -0.97271 -0.20782 -0.10319 -0.71951 -0.41668 -0.55559 -0.71951 -0.41668 -0.55559 -0.71951 -0.41668 -0.55559 -0.39091 -0.60604 0.69275 -0.39091 -0.60604 0.69275 -0.39091 -0.60604 0.69275 0.0203 -0.2922 -0.95614 0.0203 -0.2922 -0.95614 0.0203 -0.2922 -0.95614 0.92313 -0.09602 0.3723 0.92313 -0.09602 0.3723 0.92313 -0.09602 0.3723 0.57118 -0.80983 0.13387 0.57118 -0.80983 0.13387 0.57118 -0.80983 0.13387 0.45449 0.89048 -0.02197 0.45449 0.89048 -0.02197 0.45449 0.89048 -0.02197 0.07206 0.20395 -0.97633 0.07206 0.20395 -0.97633 0.07206 0.20395 -0.97633 0.82335 -0.56475 0.05613 0.82335 -0.56475 0.05613 0.82335 -0.56475 0.05613 -0.31665 0.88505 0.34121 -0.31665 0.88505 0.34121 -0.31665 0.88505 0.34121 0.11589 -0.52385 0.84389 0.11589 -0.52385 0.84389 0.11589 -0.52385 0.84389 0.26785 -0.96238 0.04558 0.26785 -0.96238 0.04558 0.26785 -0.96238 0.04558 0.22087 0.91523 0.33701 0.22087 0.91523 0.33701 0.22087 0.91523 0.33701 0.7975 0.57767 0.17403 0.7975 0.57767 0.17403 0.7975 0.57767 0.17403 0.99997 0.00742 -0.00233 0.99997 0.00742 -0.00233 0.99997 0.00742 -0.00233 -0.88092 0.10545 -0.46136 -0.88092 0.10545 -0.46136 -0.88092 0.10545 -0.46136 0.93196 -0.0309 0.36125 0.93196 -0.0309 0.36125 0.93196 -0.0309 0.36125 -0.89063 0.1854 -0.41522 -0.89063 0.1854 -0.41522 -0.89063 0.1854 -0.41522 -0.85537 0.51802 0.00192 -0.85537 0.51802 0.00192 -0.85537 0.51802 0.00192 0.39515 -0.91861 -0.0031 0.39515 -0.91861 -0.0031 0.39515 -0.91861 -0.0031 -0.88077 0.47355 0.00182 -0.88077 0.47355 0.00182 -0.88077 0.47355 0.00182 0.0003 -0.74562 0.66637 0.0003 -0.74562 0.66637 0.0003 -0.74562 0.66637 0.49585 0.72564 0.47705 0.49585 0.72564 0.47705 0.49585 0.72564 0.47705 -0.06034 0.58278 0.81039 -0.06034 0.58278 0.81039 -0.06034 0.58278 0.81039 -0.01384 0.94312 0.33217 -0.01384 0.94312 0.33217 -0.01384 0.94312 0.33217 7e-05 -1 -0.00314 7e-05 -1 -0.00314 7e-05 -1 -0.00314 0.13827 0.99039 0.00306 0.13827 0.99039 0.00306 0.13827 0.99039 0.00306 0.5384 0.70778 -0.45735 0.5384 0.70778 -0.45735 0.5384 0.70778 -0.45735 -0.0003 0.75649 -0.65401 -0.0003 0.75649 -0.65401 -0.0003 0.75649 -0.65401 0.06867 -0.1516 -0.98605 0.06867 -0.1516 -0.98605 0.06867 -0.1516 -0.98605 0.82723 -0.00186 -0.56186 0.82723 -0.00186 -0.56186 0.82723 -0.00186 -0.56186 -0.11007 -0.782 0.61348 -0.11007 -0.782 0.61348 -0.11007 -0.782 0.61348 0.03602 -0.54131 -0.84005 0.03602 -0.54131 -0.84005 0.03602 -0.54131 -0.84005 0.45762 0.61757 0.63968 0.45762 0.61757 0.63968 0.45762 0.61757 0.63968 -0.18981 0.86008 0.47354 -0.18981 0.86008 0.47354 -0.18981 0.86008 0.47354 -0.05573 -0.99841 -0.00901 -0.05573 -0.99841 -0.00901 -0.05573 -0.99841 -0.00901 7e-05 -1 -0.00314 7e-05 -1 -0.00314 7e-05 -1 -0.00314 0.08102 0.99671 0.0031 0.08102 0.99671 0.0031 0.08102 0.99671 0.0031 -0.00038 0.00314 -0.99999 -0.00038 0.00314 -0.99999 -0.00038 0.00314 -0.99999 -0.80862 -0.48315 -0.33572 -0.80862 -0.48315 -0.33572 -0.80862 -0.48315 -0.33572 -0.20794 -0.12401 -0.97025 -0.20794 -0.12401 -0.97025 -0.20794 -0.12401 -0.97025 0.15898 0.64051 0.75131 0.15898 0.64051 0.75131 0.15898 0.64051 0.75131 0.39017 -0.88798 -0.24343 0.39017 -0.88798 -0.24343 0.39017 -0.88798 -0.24343 -0.09469 0.59869 -0.79537 -0.09469 0.59869 -0.79537 -0.09469 0.59869 -0.79537 0.45283 0.16657 -0.8759 0.45283 0.16657 -0.8759 0.45283 0.16657 -0.8759 -0.10915 -0.14785 -0.98297 -0.10915 -0.14785 -0.98297 -0.10915 -0.14785 -0.98297 0.00972 -0.86847 0.49564 0.00972 -0.86847 0.49564 0.00972 -0.86847 0.49564 -7e-05 1 0.00314 -7e-05 1 0.00314 -7e-05 1 0.00314 0.79486 0.09349 -0.59955 0.79486 0.09349 -0.59955 0.79486 0.09349 -0.59955 -0.00038 0.00314 -0.99999 -0.00038 0.00314 -0.99999 -0.00038 0.00314 -0.99999 0.20151 0.97938 0.01433 0.20151 0.97938 0.01433 0.20151 0.97938 0.01433 0.23664 0.67049 0.70317 0.23664 0.67049 0.70317 0.23664 0.67049 0.70317 -0.22324 0.88734 0.40347 -0.22324 0.88734 0.40347 -0.22324 0.88734 0.40347 0.04392 0.35538 -0.93369 0.04392 0.35538 -0.93369 0.04392 0.35538 -0.93369 0.77093 -0.33239 -0.54331 0.77093 -0.33239 -0.54331 0.77093 -0.33239 -0.54331 0.11826 -0.98428 -0.13121 0.11826 -0.98428 -0.13121 0.11826 -0.98428 -0.13121 0.1931 0.89729 -0.39698 0.1931 0.89729 -0.39698 0.1931 0.89729 -0.39698 0.13919 0.98811 -0.06531 0.13919 0.98811 -0.06531 0.13919 0.98811 -0.06531 0.4181 0.76411 -0.49125 0.4181 0.76411 -0.49125 0.4181 0.76411 -0.49125 -0.35136 0.92122 -0.16705 -0.35136 0.92122 -0.16705 -0.35136 0.92122 -0.16705 0.21293 0.95991 0.18232 0.21293 0.95991 0.18232 0.21293 0.95991 0.18232 0.25238 -0.94084 -0.2261 0.25238 -0.94084 -0.2261 0.25238 -0.94084 -0.2261 -0.35364 -0.90098 0.25134 -0.35364 -0.90098 0.25134 -0.35364 -0.90098 0.25134 0.2645 -0.6787 0.68513 0.2645 -0.6787 0.68513 0.2645 -0.6787 0.68513 -0.15664 -0.36351 0.91833 -0.15664 -0.36351 0.91833 -0.15664 -0.36351 0.91833 0.20672 0.5747 0.79182 0.20672 0.5747 0.79182 0.20672 0.5747 0.79182 -0.10513 -0.69904 -0.70732 -0.10513 -0.69904 -0.70732 -0.10513 -0.69904 -0.70732 0.2629 -0.90772 0.327 0.2629 -0.90772 0.327 0.2629 -0.90772 0.327 -0.26164 -0.78565 -0.56063 -0.26164 -0.78565 -0.56063 -0.26164 -0.78565 -0.56063 0.45409 0.7844 -0.42251 0.45409 0.7844 -0.42251 0.45409 0.7844 -0.42251 -0.20167 0.6213 -0.75718 -0.20167 0.6213 -0.75718 -0.20167 0.6213 -0.75718 0.37945 -0.91155 0.1584 0.37945 -0.91155 0.1584 0.37945 -0.91155 0.1584 -0.03961 0.99741 -0.05996 -0.03961 0.99741 -0.05996 -0.03961 0.99741 -0.05996 -0.00038 0.00314 -0.99999 -0.00038 0.00314 -0.99999 -0.00038 0.00314 -0.99999 -0.0003 0.74924 -0.6623 -0.0003 0.74924 -0.6623 -0.0003 0.74924 -0.6623 0.81812 -0.57436 0.02828 0.81812 -0.57436 0.02828 0.81812 -0.57436 0.02828 0.00025 -0.86845 0.49577 0.00025 -0.86845 0.49577 0.00025 -0.86845 0.49577 -0.00503 -0.73319 0.68 -0.00503 -0.73319 0.68 -0.00503 -0.73319 0.68 -0.07514 0.94046 0.33149 -0.07514 0.94046 0.33149 -0.07514 0.94046 0.33149 -0.13817 0.91134 -0.38778 -0.13817 0.91134 -0.38778 -0.13817 0.91134 -0.38778 0.39788 0.906 -0.14441 0.39788 0.906 -0.14441 0.39788 0.906 -0.14441 0.13021 -0.57245 0.80953 0.13021 -0.57245 0.80953 0.13021 -0.57245 0.80953 0.20593 0.97245 0.10922 0.20593 0.97245 0.10922 0.20593 0.97245 0.10922 0.05572 0.82156 0.56739 0.05572 0.82156 0.56739 0.05572 0.82156 0.56739 -0.54743 0.45449 0.70268 -0.54743 0.45449 0.70268 -0.54743 0.45449 0.70268 0.04654 -0.71639 -0.69614 0.04654 -0.71639 -0.69614 0.04654 -0.71639 -0.69614 -0.21034 -0.6858 0.69673 -0.21034 -0.6858 0.69673 -0.21034 -0.6858 0.69673 -0.57329 -0.22322 -0.78836 -0.57329 -0.22322 -0.78836 -0.57329 -0.22322 -0.78836 0.15639 -0.0345 -0.98709 0.15639 -0.0345 -0.98709 0.15639 -0.0345 -0.98709 -0.2887 -0.74058 0.60678 -0.2887 -0.74058 0.60678 -0.2887 -0.74058 0.60678 -0.36119 0.07165 0.92974 -0.36119 0.07165 0.92974 -0.36119 0.07165 0.92974 0.19769 -0.10368 0.97477 0.19769 -0.10368 0.97477 0.19769 -0.10368 0.97477 0.21992 -0.36764 0.90359 0.21992 -0.36764 0.90359 0.21992 -0.36764 0.90359 -0.1417 0.61482 -0.77584 -0.1417 0.61482 -0.77584 -0.1417 0.61482 -0.77584 -0.06388 -0.34392 -0.93682 -0.06388 -0.34392 -0.93682 -0.06388 -0.34392 -0.93682 0.55003 -0.60303 -0.57778 0.55003 -0.60303 -0.57778 0.55003 -0.60303 -0.57778 0.23968 0.96977 -0.04586 0.23968 0.96977 -0.04586 0.23968 0.96977 -0.04586 -0.44383 0.89124 0.09332 -0.44383 0.89124 0.09332 -0.44383 0.89124 0.09332 -0.31732 -0.92341 -0.2159 -0.31732 -0.92341 -0.2159 -0.31732 -0.92341 -0.2159 0.12471 -0.95074 0.2838 0.12471 -0.95074 0.2838 0.12471 -0.95074 0.2838</float_array>
          <technique_common>
            <accessor count="2781" source="#g0_chrome-nrm-array" stride="3">
              <param type="float" name="X"/>
              <param type="float" name="Y"/>
              <param type="float" name="Z"/>
            </accessor>
          </technique_common>
        </source>
        <vertices id="g0_chrome-pos-vertices">
          <input semantic="POSITION" source="#g0_chrome-pos"/>
        </vertices>
        <triangles count="2538" material="chrome-ref">
          <input offset="0" semantic="VERTEX" source="#g0_chrome-pos-vertices"/>
          <input offset="1" semantic="NORMAL" source="#g0_chrome-nrm"/>
          <p>383 383 379 379 403 403 483 483 450 450 494 494 489 489 451 451 455 455 437 437 292 292 293 293 417 417 287 287 405 405 418 418 271 271 289 289 422 422 283 283 277 277 294 294 285 285 429 429 414 414 299 299 433 433 477 477 468 468 463 463 391 391 396 396 392 392 291 291 292 292 441 441 449 449 296 296 416 416 428 428 405 405 445 445 440 440 424 424 412 412 445 445 405 405 288 288 450 450 408 408 422 422 426 426 298 298 427 427 476 476 458 458 449 449 464 464 434 434 451 451 486 486 430 430 458 458 460 460 427 427 433 433 487 487 469 469 496 496 500 500 465 465 459 459 491 491 446 446 473 473 494 494 467 467 477 477 483 483 453 453 450 450 426 426 297 297 298 298 489 489 455 455 456 456 470 470 445 445 490 490 482 482 453 453 483 483 499 499 472 472 484 484 500 500 471 471 465 465 478 478 490 490 445 445 477 477 463 463 470 470 393 393 380 380 392 392 390 390 400 400 389 389 364 364 301 301 387 387 301 301 388 388 387 387 301 301 300 300 388 388 299 299 388 388 300 300 365 365 394 394 381 381 382 382 392 392 378 378 382 382 377 377 391 391 299 299 400 400 398 398 400 400 299 299 389 389 398 398 388 388 299 299 395 395 387 387 388 388 394 394 365 365 387 387 387 387 395 395 394 394 388 388 398 398 395 395 402 402 393 393 396 396 442 442 406 406 443 443 454 454 297 297 426 426 462 462 318 318 406 406 446 446 418 418 439 439 438 438 409 409 286 286 453 453 408 408 450 450 453 453 416 416 408 408 448 448 421 421 407 407 457 457 420 420 448 448 457 457 448 448 475 475 439 439 423 423 471 471 468 468 438 438 286 286 467 467 422 422 438 438 471 471 423 423 290 290 449 449 416 416 453 453 466 466 318 318 462 462 455 455 429 429 420 420 488 488 472 472 499 499 439 439 471 471 473 473 440 440 480 480 459 459 438 438 468 468 477 477 435 435 479 479 478 478 447 447 472 472 443 443 434 434 464 464 497 497 430 430 486 486 474 474 491 491 471 471 500 500 438 438 477 477 467 467 495 495 470 470 490 490 503 503 474 474 486 486 489 489 485 485 475 475 502 502 476 476 482 482 491 491 473 473 471 471 495 495 477 477 470 470 622 622 497 497 493 493 617 617 496 496 488 488 431 431 470 470 463 463 451 451 493 493 464 464 446 446 491 491 461 461 462 462 492 492 466 466 481 481 484 484 454 454 464 464 493 493 497 497 457 457 485 485 456 456 449 449 482 482 476 476 459 459 480 480 500 500 616 616 487 487 496 496 441 441 469 469 480 480 466 466 496 496 469 469 452 452 474 474 475 475 458 458 476 476 486 486 467 467 494 494 450 450 436 436 461 461 479 479 454 454 484 484 472 472 468 468 286 286 463 463 480 480 487 487 500 500 481 481 497 497 501 501 475 475 503 503 489 489 478 478 498 498 490 490 462 462 442 442 443 443 446 446 439 439 473 473 470 470 431 431 445 445 443 443 419 419 454 454 474 474 503 503 475 475 456 456 420 420 457 457 465 465 290 290 459 459 461 461 436 436 432 432 488 488 443 443 472 472 482 482 449 449 453 453 460 460 433 433 497 497 479 479 435 435 436 436 494 494 477 477 495 495 609 609 498 498 491 491 503 503 476 476 502 502 502 502 482 482 494 494 501 501 499 499 484 484 503 503 486 486 476 476 481 481 501 501 484 484 492 492 488 488 496 496 483 483 494 494 482 482 397 397 394 394 395 395 491 491 612 612 609 609 487 487 615 615 500 500 502 502 627 627 503 503 454 454 504 504 297 297 461 461 498 498 479 479 479 479 498 498 478 478 462 462 488 488 492 492 335 335 331 331 333 333 314 314 324 324 325 325 343 343 344 344 340 340 347 347 339 339 342 342 342 342 339 339 337 337 338 338 336 336 339 339 339 339 336 336 337 337 333 333 343 343 337 337 334 334 331 331 335 335 326 326 315 315 325 325 333 333 336 336 335 335 333 333 337 337 336 336 343 343 342 342 337 337 343 343 340 340 342 342 336 336 338 338 335 335 335 335 338 338 341 341 339 339 348 348 338 338 338 338 349 349 341 341 326 326 349 349 353 353 345 345 350 350 351 351 350 350 357 357 358 358 303 303 302 302 362 362 362 362 364 364 363 363 362 362 302 302 364 364 363 363 364 364 365 365 302 302 301 301 364 364 327 327 353 353 356 356 346 346 347 347 352 352 325 325 341 341 349 349 333 333 331 331 330 330 334 334 332 332 331 331 325 325 315 315 314 314 316 316 315 315 327 327 328 328 316 316 327 327 327 327 315 315 326 326 321 321 323 323 322 322 364 364 387 387 365 365 313 313 324 324 314 314 79 79 33 33 48 48 108 108 92 92 130 130 92 92 96 96 140 140 79 79 97 97 149 149 321 321 322 322 312 312 312 312 322 322 313 313 310 310 309 309 320 320 322 322 324 324 313 313 322 322 323 323 324 324 320 320 311 311 310 310 325 325 324 324 323 323 321 321 312 312 320 320 329 329 320 320 309 309 334 334 321 321 320 320 103 103 49 49 125 125 347 347 342 342 345 345 339 339 346 346 348 348 349 349 338 338 348 348 342 342 340 340 345 345 340 340 344 344 345 345 329 329 331 331 332 332 330 330 343 343 333 333 115 115 103 103 124 124 339 339 347 347 346 346 111 111 112 112 133 133 104 104 105 105 118 118 70 70 87 87 152 152 99 99 100 100 136 136 106 106 147 147 157 157 114 114 138 138 69 69 312 312 311 311 320 320 373 373 371 371 372 372 377 377 363 363 365 365 374 374 362 362 363 363 370 370 304 304 362 362 367 367 370 370 386 386 304 304 303 303 362 362 378 378 375 375 373 373 383 383 384 384 375 375 373 373 372 372 374 374 365 365 381 381 377 377 375 375 385 385 371 371 385 385 386 386 371 371 372 372 371 371 370 370 304 304 370 370 367 367 376 376 382 382 378 378 380 380 403 403 379 379 380 380 378 378 392 392 401 401 404 404 399 399 397 397 396 396 394 394 396 396 393 393 392 392 402 402 403 403 393 393 396 396 391 391 394 394 391 391 381 381 394 394 392 392 382 382 391 391 397 397 399 399 404 404 401 401 399 399 400 400 382 382 376 376 377 377 400 400 399 399 398 398 404 404 402 402 396 396 399 399 397 397 395 395 404 404 396 396 397 397 399 399 395 395 398 398 362 362 374 374 370 370 363 363 377 377 374 374 357 357 345 345 344 344 351 351 352 352 347 347 350 350 345 345 357 357 351 351 347 347 345 345 352 352 354 354 349 349 351 351 355 355 352 352 350 350 358 358 351 351 349 349 354 354 353 353 355 355 359 359 356 356 349 349 346 346 352 352 522 522 356 356 359 359 358 358 359 359 355 355 349 349 326 326 325 325 353 353 327 327 326 326 356 356 328 328 327 327 361 361 328 328 356 356 328 328 361 361 360 360 385 385 375 375 384 384 380 380 375 375 378 378 379 379 383 383 375 375 376 376 378 378 373 373 373 373 374 374 376 376 380 380 393 393 403 403 381 381 391 391 377 377 370 370 371 371 386 386 370 370 374 374 372 372 469 469 487 487 480 480 371 371 373 373 375 375 374 374 377 377 376 376 375 375 380 380 379 379 356 356 353 353 354 354 356 356 354 354 355 355 355 355 351 351 358 358 354 354 352 352 355 355 499 499 501 501 618 618 567 567 570 570 568 568 571 571 572 572 570 570 328 328 319 319 316 316 419 419 406 406 328 328 328 328 406 406 319 319 419 419 328 328 629 629 504 504 419 419 629 629 622 622 493 493 489 489 14 14 10 10 585 585 496 496 617 617 616 616 503 503 627 627 626 626 488 488 499 499 618 618 500 500 614 614 613 613 613 613 612 612 491 491 610 610 607 607 498 498 604 604 494 494 495 495 615 615 614 614 500 500 495 495 608 608 606 606 624 624 623 623 489 489 3 3 595 595 594 594 594 594 589 589 3 3 593 593 4 4 7 7 583 583 17 17 12 12 3 3 14 14 595 595 589 589 7 7 25 25 7 7 589 589 584 584 607 607 490 490 498 498 590 590 13 13 1 1 4 4 593 593 598 598 592 592 0 0 4 4 588 588 587 587 0 0 9 9 587 587 600 600 2 2 8 8 597 597 590 590 1 1 586 586 565 565 564 564 566 566 549 549 550 550 548 548 551 551 552 552 550 550 570 570 567 567 569 569 559 559 561 561 558 558 562 562 563 563 561 561 564 564 565 565 563 563 566 566 568 568 565 565 568 568 566 566 567 567 547 547 548 548 546 546 563 563 562 562 564 564 573 573 574 574 572 572 575 575 576 576 574 574 577 577 579 579 576 576 579 579 577 577 578 578 576 576 575 575 577 577 574 574 573 573 575 575 556 556 554 554 557 557 502 502 494 494 628 628 620 620 501 501 497 497 501 501 621 621 618 618 490 490 607 607 608 608 503 503 625 625 624 624 554 554 555 555 552 552 554 554 556 556 555 555 557 557 535 535 556 556 498 498 609 609 610 610 552 552 553 553 554 554 552 552 551 551 553 553 550 550 549 549 551 551 548 548 547 547 549 549 561 561 560 560 562 562 561 561 559 559 560 560 558 558 512 512 559 559 37 37 10 10 14 14 50 50 11 11 6 6 24 24 22 22 4 4 31 31 13 13 27 27 29 29 2 2 35 35 20 20 7 7 4 4 63 63 25 25 19 19 42 42 9 9 12 12 61 61 22 22 69 69 46 46 6 6 26 26 69 69 22 22 24 24 37 37 27 27 10 10 44 44 13 13 31 31 58 58 18 18 30 30 71 71 23 23 40 40 60 60 59 59 7 7 67 67 69 69 24 24 54 54 20 20 61 61 7 7 601 601 593 593 56 56 33 33 79 79 59 59 63 63 19 19 70 70 44 44 51 51 76 76 118 118 58 58 582 582 585 585 10 10 107 107 45 45 82 82 18 18 5 5 1 1 35 35 2 2 11 11 59 59 19 19 7 7 13 13 590 590 582 582 592 592 588 588 0 0 600 600 611 611 12 12 582 582 10 10 13 13 71 71 38 38 23 23 33 33 8 8 29 29 61 61 21 21 4 4 622 622 620 620 497 497 2 2 581 581 591 591 14 14 585 585 580 580 618 618 619 619 488 488 623 623 622 622 489 489 488 488 619 619 617 617 606 606 604 604 495 495 628 628 627 627 502 502 624 624 489 489 503 503 6 6 591 591 603 603 620 620 621 621 501 501 487 487 616 616 615 615 491 491 500 500 613 613 495 495 490 490 608 608 494 494 604 604 605 605 625 625 503 503 626 626 494 494 605 605 628 628 9 9 0 0 587 587 52 52 27 27 37 37 43 43 26 26 41 41 82 82 9 9 42 42 597 597 596 596 2 2 599 599 586 586 1 1 602 602 599 599 1 1 7 7 584 584 601 601 5 5 603 603 602 602 572 572 571 571 573 573 581 581 2 2 596 596 1 1 5 5 602 602 583 583 597 597 8 8 598 598 592 592 4 4 8 8 17 17 583 583 14 14 580 580 595 595 583 583 12 12 611 611 427 427 298 298 414 414 282 282 407 407 421 421 287 287 417 417 428 428 410 410 435 435 288 288 419 419 443 443 406 406 289 289 272 272 423 423 291 291 274 274 292 292 413 413 316 316 318 318 317 317 319 319 406 406 294 294 451 451 434 434 301 301 284 284 434 434 434 434 284 284 294 294 420 420 268 268 421 421 444 444 478 478 445 445 406 406 442 442 462 462 427 427 481 481 454 454 290 290 465 465 471 471 435 435 478 478 444 444 425 425 440 440 412 412 440 440 459 459 424 424 291 291 441 441 425 425 426 426 427 427 454 454 415 415 452 452 407 407 411 411 436 436 435 435 411 411 435 435 279 279 289 289 439 439 418 418 289 289 423 423 439 439 441 441 480 480 440 440 414 414 433 433 427 427 409 409 438 438 422 422 429 429 455 455 294 294 421 421 448 448 420 420 422 422 277 277 409 409 279 279 435 435 410 410 273 273 412 412 424 424 437 437 469 469 292 292 288 288 444 444 445 445 432 432 446 446 461 461 407 407 475 475 448 448 430 430 295 295 458 458 431 431 463 463 286 286 411 411 432 432 436 436 424 424 459 459 290 290 425 425 441 441 440 440 293 293 413 413 466 466 456 456 485 485 489 489 466 466 492 492 496 496 443 443 488 488 462 462 460 460 497 497 481 481 451 451 489 489 493 493 457 457 475 475 485 485 461 461 491 491 498 498 430 430 474 474 415 415 427 427 460 460 481 481 434 434 497 497 433 433 420 420 456 456 455 455 428 428 445 445 431 431 437 437 466 466 469 469 454 454 472 472 447 447 407 407 452 452 475 475 415 415 474 474 452 452 418 418 446 446 432 432 422 422 467 467 450 450 293 293 466 466 437 437 318 318 466 466 413 413 504 504 454 454 419 419 295 295 449 449 458 458 296 296 449 449 295 295 292 292 469 469 441 441 536 536 537 537 535 535 539 539 538 538 540 540 537 537 536 536 538 538 535 535 534 534 536 536 535 535 557 557 534 534 508 508 509 509 507 507 510 510 511 511 509 509 512 512 513 513 511 511 512 512 558 558 513 513 368 368 528 528 527 527 538 538 539 539 537 537 540 540 542 542 539 539 541 541 543 543 542 542 544 544 545 545 543 543 544 544 525 525 545 545 543 543 541 541 544 544 542 542 540 540 541 541 533 533 532 532 385 385 570 570 569 569 571 571 368 368 529 529 528 528 369 369 530 530 529 529 369 369 531 531 530 530 386 386 532 532 531 531 507 507 533 533 383 383 506 506 507 507 383 383 384 384 383 383 533 533 506 506 383 383 403 403 403 403 514 514 506 506 515 515 401 401 516 516 517 517 516 516 518 518 519 519 518 518 520 520 521 521 520 520 522 522 521 521 522 522 359 359 343 343 526 526 525 525 531 531 367 367 386 386 505 505 524 524 344 344 505 505 344 344 525 525 524 524 357 357 344 344 524 524 523 523 358 358 524 524 358 358 357 357 523 523 359 359 358 358 533 533 385 385 384 384 532 532 386 386 385 385 344 344 343 343 525 525 531 531 369 369 367 367 529 529 368 368 369 369 527 527 366 366 368 368 527 527 330 330 366 366 330 330 527 527 526 526 294 294 455 455 451 451 288 288 435 435 444 444 520 520 521 521 519 519 511 511 510 510 512 512 509 509 508 508 510 510 507 507 506 506 508 508 525 525 544 544 505 505 279 279 280 280 411 411 411 411 281 281 432 432 432 432 258 258 418 418 359 359 523 523 521 521 94 94 106 106 157 157 518 518 519 519 517 517 516 516 517 517 515 515 514 514 404 404 401 401 515 515 514 514 401 401 514 514 402 402 404 404 403 403 402 402 514 514 526 526 343 343 330 330 135 135 88 88 113 113 72 72 156 156 65 65 65 65 156 156 120 120 129 129 102 102 65 65 93 93 119 119 128 128 90 90 86 86 126 126 167 167 119 119 102 102 137 137 127 127 101 101 146 146 71 71 90 90 138 138 114 114 95 95 115 115 123 123 83 83 149 149 109 109 79 79 131 131 73 73 109 109 130 130 92 92 140 140 155 155 127 127 137 137 163 163 70 70 152 152 142 142 104 104 118 118 142 142 117 117 104 104 232 232 153 153 144 144 186 186 146 146 172 172 199 199 164 164 136 136 185 185 144 144 135 135 184 184 152 152 153 153 196 196 143 143 183 183 191 191 149 149 132 132 197 197 185 185 145 145 232 232 144 144 185 185 150 150 124 124 103 103 232 232 184 184 153 153 196 196 162 162 143 143 308 308 141 141 193 193 211 211 158 158 178 178 174 174 167 167 129 129 148 148 82 82 108 108 148 148 107 107 82 82 4 4 21 21 20 20 3 3 53 53 40 40 18 18 41 41 5 5 3 3 15 15 23 23 2 2 29 29 8 8 0 0 24 24 4 4 1 1 30 30 18 18 9 9 32 32 0 0 1 1 13 13 30 30 8 8 33 33 17 17 23 23 38 38 14 14 107 107 139 139 81 81 600 600 12 12 9 9 591 591 11 11 2 2 589 589 25 25 3 3 603 603 5 5 6 6 12 12 17 17 16 16 141 141 150 150 103 103 158 158 95 95 81 81 203 203 121 121 66 66 156 156 72 72 121 121 172 172 90 90 126 126 145 145 113 113 164 164 194 194 134 134 116 116 193 193 125 125 133 133 141 141 103 103 125 125 201 201 137 137 167 167 188 188 95 95 158 158 137 137 128 128 119 119 15 15 3 3 40 40 3 3 25 25 53 53 0 0 32 32 24 24 20 20 72 72 7 7 9 9 28 28 32 32 210 210 157 157 175 175 276 276 244 244 237 237 276 276 236 236 244 244 207 207 154 154 186 186 222 222 134 134 194 194 192 192 141 141 308 308 219 219 160 160 189 189 219 219 140 140 160 160 178 178 139 139 170 170 281 281 211 211 249 249 206 206 136 136 154 154 245 245 174 174 202 202 235 235 186 186 172 172 207 207 186 186 235 235 302 302 196 196 183 183 309 309 141 141 192 192 177 177 138 138 188 188 176 176 210 210 175 175 269 269 235 235 256 256 260 260 232 232 185 185 250 250 189 189 220 220 258 258 227 227 228 228 268 268 223 223 233 233 274 274 212 212 252 252 266 266 239 239 240 240 264 264 215 215 224 224 247 247 246 246 208 208 209 209 208 208 203 203 252 252 212 212 230 230 259 259 219 219 189 189 267 267 219 219 259 259 267 267 218 218 219 219 335 335 323 323 321 321 272 272 242 242 218 218 271 271 228 228 242 242 204 204 130 130 179 179 137 137 119 119 167 167 165 165 187 187 127 127 182 182 118 118 162 162 194 194 116 116 117 117 160 160 122 122 131 131 160 160 140 140 122 122 147 147 69 69 168 168 189 189 160 160 131 131 174 174 129 129 156 156 204 204 148 148 130 130 216 216 138 138 177 177 200 200 137 137 201 201 173 173 155 155 137 137 190 190 131 131 149 149 188 188 138 138 95 95 201 201 167 167 174 174 233 233 198 198 199 199 235 235 172 172 187 187 223 223 185 185 197 197 243 243 184 184 232 232 231 231 184 184 243 243 312 312 161 161 180 180 229 229 191 191 212 212 227 227 170 170 228 228 224 224 210 210 176 176 10 10 27 27 13 13 223 223 197 197 198 198 304 304 213 213 182 182 251 251 171 171 190 190 215 215 157 157 210 210 215 215 203 203 157 157 214 214 209 209 203 203 236 236 187 187 173 173 58 58 105 105 85 85 119 119 60 60 102 102 119 119 93 93 60 60 86 86 101 101 127 127 86 86 127 127 126 126 93 93 128 128 101 101 91 91 95 95 114 114 85 85 117 117 89 89 85 85 104 104 117 117 66 66 121 121 72 72 88 88 144 144 98 98 111 111 125 125 49 49 105 105 104 104 85 85 65 65 102 102 60 60 62 62 92 92 78 78 50 50 111 111 49 49 106 106 94 94 66 66 78 78 92 92 108 108 113 113 77 77 99 99 56 56 73 73 34 34 48 48 74 74 79 79 40 40 53 53 90 90 30 30 76 76 58 58 37 37 88 88 52 52 106 106 69 69 147 147 114 114 67 67 91 91 114 114 69 69 67 67 74 74 110 110 97 97 116 116 112 112 89 89 108 108 82 82 78 78 106 106 61 61 69 69 86 86 53 53 57 57 58 58 118 118 105 105 98 98 152 152 87 87 128 128 137 137 101 101 68 68 66 66 54 54 81 81 55 55 32 32 86 86 57 57 63 63 73 73 56 56 79 79 81 81 32 32 107 107 111 111 50 50 46 46 75 75 35 35 103 103 97 97 79 79 74 74 68 68 54 54 61 61 78 78 42 42 62 62 109 109 73 73 79 79 112 112 43 43 85 85 115 115 83 83 75 75 92 92 62 62 96 96 101 101 86 86 64 64 95 95 55 55 81 81 112 112 46 46 84 84 26 26 6 6 5 5 75 75 103 103 115 115 57 57 25 25 63 63 66 66 72 72 20 20 98 98 51 51 52 52 45 45 107 107 32 32 77 77 37 37 39 39 75 75 29 29 35 35 19 19 25 25 7 7 14 14 39 39 37 37 11 11 591 591 6 6 93 93 59 59 60 60 76 76 44 44 70 70 96 96 36 36 73 73 83 83 48 48 75 75 88 88 37 37 77 77 76 76 30 30 44 44 5 5 41 41 26 26 17 17 33 33 56 56 29 29 48 48 33 33 25 25 57 57 53 53 21 21 61 61 20 20 28 28 82 82 45 45 27 27 52 52 51 51 20 20 54 54 66 66 32 32 55 55 24 24 60 60 47 47 65 65 7 7 65 65 47 47 6 6 46 46 50 50 7 7 47 47 60 60 27 27 51 51 31 31 9 9 82 82 28 28 12 12 36 36 42 42 17 17 56 56 34 34 122 122 96 96 73 73 3 3 23 23 14 14 154 154 100 100 71 71 100 100 154 154 136 136 163 163 76 76 70 70 163 163 143 143 76 76 116 116 89 89 117 117 123 123 110 110 83 83 132 132 97 97 110 110 15 15 40 40 23 23 28 28 45 45 32 32 36 36 62 62 42 42 50 50 49 49 11 11 18 18 58 58 41 41 31 31 51 51 44 44 11 11 49 49 35 35 43 43 84 84 26 26 55 55 80 80 67 67 59 59 93 93 64 64 51 51 98 98 87 87 71 71 100 100 38 38 83 83 110 110 74 74 39 39 99 99 77 77 38 38 99 99 39 39 24 24 55 55 67 67 34 34 73 73 36 36 53 53 86 86 90 90 49 49 103 103 35 35 26 26 84 84 46 46 36 36 96 96 62 62 40 40 90 90 71 71 48 48 83 83 74 74 29 29 75 75 48 48 51 51 87 87 70 70 55 55 95 95 80 80 4 4 22 22 61 61 17 17 34 34 16 16 13 13 44 44 30 30 14 14 38 38 39 39 7 7 72 72 65 65 16 16 36 36 12 12 16 16 34 34 36 36 38 38 100 100 99 99 272 272 218 218 267 267 61 61 106 106 66 66 42 42 78 78 82 82 46 46 112 112 111 111 58 58 85 85 43 43 77 77 113 113 88 88 64 64 93 93 101 101 52 52 88 88 98 98 165 165 127 127 173 173 132 132 205 205 212 212 141 141 309 309 180 180 164 164 198 198 197 197 164 164 199 199 198 198 174 174 156 156 202 202 140 140 219 219 179 179 151 151 307 307 193 193 134 134 222 222 151 151 174 174 245 245 201 201 166 166 200 200 173 173 156 156 203 203 208 208 147 147 175 175 157 157 147 147 176 176 175 175 169 169 216 216 168 168 177 177 240 240 216 216 158 158 211 211 188 188 305 305 306 306 222 222 179 179 219 219 218 218 139 139 178 178 159 159 156 156 208 208 202 202 208 208 209 209 238 238 147 147 225 225 224 224 168 168 216 216 239 239 188 188 226 226 177 177 170 170 227 227 178 178 170 170 204 204 228 228 198 198 233 233 223 223 195 195 305 305 194 194 142 142 213 213 195 195 182 182 213 213 142 142 163 163 302 302 183 183 163 163 184 184 302 302 154 154 207 207 206 206 173 173 200 200 237 237 195 195 213 213 305 305 151 151 221 221 181 181 194 194 305 305 222 222 196 196 303 303 182 182 260 260 185 185 253 253 184 184 231 231 302 302 171 171 220 220 189 189 192 192 308 308 309 309 151 151 222 222 221 221 180 180 311 311 312 312 147 147 168 168 225 225 177 177 226 226 240 240 178 178 227 227 217 217 179 179 218 218 204 204 243 243 294 294 284 284 232 232 285 285 243 243 253 253 420 420 260 260 209 209 214 214 238 238 199 199 234 234 233 233 207 207 235 235 255 255 187 187 256 256 235 235 187 187 236 236 256 256 202 202 246 246 245 245 202 202 208 208 246 246 185 185 223 223 253 253 201 201 261 261 200 200 139 139 159 159 158 158 204 204 218 218 242 242 171 171 251 251 220 220 191 191 229 229 190 190 205 205 312 312 230 230 181 181 221 221 307 307 205 205 230 230 212 212 161 161 312 312 205 205 99 99 136 136 164 164 115 115 124 124 161 161 127 127 187 187 126 126 69 69 138 138 168 168 108 108 130 130 148 148 98 98 144 144 153 153 88 88 135 135 144 144 113 113 145 145 135 135 99 99 164 164 113 113 97 97 132 132 149 149 71 71 146 146 154 154 129 129 167 167 102 102 120 120 156 156 129 129 107 107 148 148 139 139 73 73 131 131 122 122 109 109 149 149 131 131 111 111 133 133 125 125 134 134 151 151 112 112 341 341 325 325 323 323 323 323 335 335 341 341 321 321 334 334 335 335 320 320 332 332 334 334 320 320 329 329 332 332 110 110 123 123 132 132 123 123 161 161 132 132 123 123 115 115 161 161 112 112 151 151 133 133 117 117 195 195 194 194 117 117 142 142 195 195 143 143 162 162 118 118 152 152 184 184 163 163 121 121 203 203 156 156 81 81 139 139 158 158 96 96 122 122 140 140 126 126 187 187 172 172 148 148 204 204 170 170 131 131 171 171 189 189 140 140 179 179 130 130 161 161 205 205 132 132 125 125 193 193 141 141 163 163 183 183 143 143 145 145 185 185 135 135 145 145 164 164 197 197 148 148 170 170 139 139 155 155 173 173 127 127 90 90 172 172 146 146 94 94 157 157 203 203 124 124 150 150 161 161 133 133 151 151 193 193 118 118 182 182 142 142 146 146 186 186 154 154 162 162 196 196 182 182 116 116 134 134 112 112 76 76 143 143 118 118 98 98 153 153 152 152 131 131 190 190 171 171 149 149 191 191 190 190 132 132 212 212 191 191 150 150 180 180 161 161 150 150 141 141 180 180 196 196 302 302 303 303 136 136 206 206 199 199 165 165 173 173 187 187 137 137 166 166 173 173 137 137 200 200 166 166 138 138 169 169 168 168 138 138 216 216 169 169 159 159 178 178 158 158 413 413 315 315 316 316 213 213 304 304 305 305 182 182 303 303 304 304 301 301 434 434 300 300 299 299 300 300 433 433 306 306 307 307 221 221 308 308 193 193 307 307 315 315 413 413 293 293 317 317 318 318 319 319 319 319 318 318 316 316 221 221 222 222 306 306 293 293 314 314 315 315 265 265 264 264 224 224 262 262 247 247 238 238 416 416 237 237 261 261 256 256 236 236 276 276 282 282 234 234 275 275 282 282 233 233 234 234 301 301 302 302 231 231 296 296 295 295 276 276 280 280 281 281 411 411 279 279 410 410 288 288 266 266 288 288 405 405 287 287 266 266 405 405 287 287 428 428 266 266 434 434 433 433 300 300 298 298 299 299 414 414 233 233 282 282 268 268 273 273 250 250 251 251 275 275 415 415 407 407 420 420 429 429 285 285 293 293 292 292 252 252 425 425 274 274 291 291 314 314 230 230 313 313 230 230 312 312 313 313 310 310 311 311 180 180 180 180 309 309 310 310 224 224 215 215 210 210 289 289 271 271 272 272 407 407 282 282 275 275 293 293 252 252 314 314 425 425 251 251 274 274 418 418 258 258 271 271 279 279 241 241 280 280 211 211 178 178 217 217 239 239 216 216 240 240 225 225 168 168 239 239 423 423 272 272 290 290 238 238 214 214 203 203 236 236 173 173 237 237 254 254 206 206 207 207 234 234 199 199 206 206 266 266 225 225 239 239 238 238 203 203 215 215 261 261 201 201 245 245 254 254 207 207 255 255 428 428 225 225 266 266 281 281 249 249 258 258 431 431 265 265 224 224 286 286 264 264 265 265 277 277 238 238 263 263 285 285 232 232 260 260 284 284 301 301 231 231 280 280 211 211 281 281 279 279 248 248 241 241 416 416 296 296 276 276 277 277 263 263 409 409 283 283 247 247 262 262 408 408 261 261 245 245 295 295 256 256 276 276 430 430 255 255 269 269 420 420 253 253 268 268 290 290 267 267 259 259 421 421 268 268 282 282 278 278 286 286 409 409 217 217 227 227 249 249 204 204 242 242 228 228 206 206 254 254 234 234 200 200 261 261 237 237 188 188 248 248 226 226 189 189 250 250 259 259 254 254 415 415 275 275 269 269 295 295 430 430 245 245 422 422 408 408 245 245 283 283 422 422 211 211 241 241 188 188 428 428 431 431 257 257 270 270 288 288 266 266 408 408 416 416 261 261 264 264 286 286 278 278 267 267 290 290 272 272 250 250 273 273 259 259 251 251 425 425 273 273 260 260 420 420 285 285 255 255 430 430 415 415 281 281 258 258 432 432 228 228 271 271 258 258 237 237 416 416 276 276 246 246 283 283 245 245 246 246 247 247 283 283 248 248 288 288 270 270 230 230 314 314 252 252 223 223 268 268 253 253 254 254 275 275 234 234 208 208 238 238 247 247 226 226 248 248 270 270 227 227 258 258 249 249 256 256 295 295 269 269 243 243 284 284 231 231 190 190 229 229 251 251 237 237 244 244 236 236 215 215 264 264 238 238 226 226 270 270 240 240 188 188 241 241 248 248 217 217 249 249 211 211 220 220 251 251 250 250 212 212 274 274 229 229 224 224 225 225 257 257 238 238 264 264 409 409 243 243 285 285 294 294 252 252 292 292 274 274 229 229 274 274 251 251 242 242 272 272 271 271 240 240 270 270 266 266 273 273 424 424 259 259 255 255 415 415 254 254 262 262 277 277 283 283 248 248 279 279 288 288 211 211 280 280 241 241 235 235 269 269 255 255 238 238 277 277 262 262 238 238 409 409 263 263 265 265 431 431 286 286 224 224 257 257 431 431 225 225 428 428 257 257 273 273 425 425 412 412 290 290 259 259 424 424 633 633 631 631 630 630 630 630 632 632 633 633 636 636 637 637 635 635 635 635 634 634 636 636 639 639 638 638 647 647 647 647 646 646 639 639 643 643 661 661 644 644 645 645 643 643 646 646 654 654 648 648 662 662 652 652 650 650 656 656 649 649 654 654 657 657 662 662 657 657 654 654 657 657 655 655 653 653 655 655 660 660 653 653 641 641 640 640 653 653 653 653 660 660 641 641 644 644 646 646 643 643 642 642 644 644 661 661 648 648 652 652 658 658 650 650 651 651 656 656 651 651 642 642 659 659 661 661 659 659 642 642 659 659 656 656 651 651 656 656 658 658 652 652 658 658 662 662 648 648 653 653 649 649 657 657 647 647 645 645 646 646 704 704 693 693 692 692 689 689 688 688 704 704 675 675 686 686 701 701 704 704 690 690 689 689 684 684 683 683 703 703 703 703 686 686 685 685 685 685 684 684 703 703 703 703 682 682 681 681 693 693 704 704 710 710 704 704 692 692 691 691 691 691 690 690 704 704 673 673 701 701 707 707 707 707 672 672 673 673 673 673 674 674 701 701 702 702 701 701 686 686 663 663 680 680 701 701 671 671 707 707 706 706 696 696 695 695 709 709 677 677 676 676 701 701 707 707 671 671 672 672 681 681 687 687 703 703 695 695 694 694 709 709 664 664 668 668 708 708 667 667 666 666 704 704 693 693 710 710 705 705 668 668 669 669 708 708 674 674 663 663 701 701 679 679 678 678 701 701 686 686 703 703 702 702 665 665 664 664 704 704 706 706 708 708 669 669 706 706 670 670 671 671 678 678 677 677 701 701 683 683 682 682 703 703 709 709 700 700 699 699 709 709 699 699 698 698 709 709 698 698 697 697 688 688 667 667 704 704 706 706 669 669 670 670 694 694 693 693 709 709 680 680 679 679 701 701 709 709 697 697 696 696 676 676 675 675 701 701 704 704 666 666 665 665 708 708 704 704 664 664 693 693 705 705 709 709 725 725 726 726 755 755 752 752 720 720 721 721 758 758 738 738 739 739 755 755 727 727 728 728 740 740 741 741 758 758 735 735 724 724 750 750 745 745 746 746 756 756 756 756 744 744 745 745 750 750 730 730 731 731 755 755 728 728 729 729 734 734 735 735 750 750 754 754 752 752 721 721 741 741 756 756 751 751 750 750 733 733 734 734 742 742 743 743 756 756 726 726 727 727 755 755 716 716 717 717 755 755 746 746 747 747 756 756 754 754 723 723 711 711 724 724 725 725 755 755 754 754 722 722 723 723 752 752 755 755 718 718 748 748 749 749 724 724 717 717 718 718 755 755 711 711 758 758 754 754 719 719 720 720 752 752 753 753 758 758 741 741 757 757 748 748 724 724 731 731 732 732 750 750 756 756 743 743 744 744 741 741 742 742 756 756 739 739 740 740 758 758 754 754 721 721 722 722 751 751 753 753 741 741 718 718 719 719 752 752 755 755 757 757 724 724 714 714 737 737 758 758 724 724 749 749 750 750 715 715 716 716 755 755 758 758 711 711 712 712 729 729 715 715 755 755 732 732 733 733 750 750 712 712 713 713 758 758 758 758 713 713 714 714 750 750 736 736 730 730 758 758 737 737 738 738 760 760 764 764 767 767 760 760 762 762 764 764 765 765 764 764 759 759 759 759 766 766 765 765 761 761 763 763 762 762 759 759 763 763 761 761 761 761 762 762 760 760 764 764 763 763 759 759 762 762 763 763 764 764 769 769 768 768 770 770 770 770 771 771 769 769 772 772 768 768 769 769 775 775 774 774 776 776 776 776 773 773 775 775 780 780 779 779 778 778 782 782 781 781 779 779 777 777 779 779 781 781 780 780 782 782 779 779 785 785 784 784 786 786 786 786 783 783 785 785 788 788 789 789 790 790 788 788 790 790 787 787 792 792 793 793 795 795 796 796 795 795 797 797 791 791 794 794 795 795 794 794 792 792 795 795 795 795 793 793 797 797 791 791 795 795 796 796 798 798 800 800 799 799 799 799 800 800 801 801 805 805 806 806 807 807 803 803 806 806 804 804 805 805 804 804 806 806 803 803 804 804 802 802 810 810 811 811 809 809 810 810 809 809 808 808 815 815 813 813 812 812 812 812 814 814 815 815 816 816 819 819 821 821 818 818 820 820 819 819 819 819 820 820 821 821 819 819 817 817 818 818 824 824 823 823 822 822 825 825 823 823 824 824 829 829 832 832 828 828 832 832 830 830 828 828 831 831 832 832 833 833 831 831 830 830 832 832 826 826 831 831 833 833 827 827 828 828 830 830 830 830 831 831 827 827 827 827 831 831 826 826 837 837 835 835 836 836 835 835 834 834 836 836 841 841 840 840 839 839 838 838 841 841 839 839 844 844 846 846 842 842 846 846 845 845 842 842 843 843 845 845 846 846 843 843 846 846 847 847 851 851 849 849 848 848 850 850 849 849 851 851 855 855 856 856 854 854 853 853 854 854 856 856 853 853 856 856 852 852 859 859 860 860 858 858 857 857 860 860 862 862 863 863 861 861 859 859 860 860 864 864 862 862 863 863 864 864 861 861 861 861 864 864 860 860 862 862 864 864 863 863 859 859 861 861 860 860 866 866 868 868 867 867 867 867 868 868 865 865 874 874 872 872 870 870 871 871 874 874 870 870 874 874 873 873 869 869 869 869 872 872 874 874 876 876 877 877 878 878 876 876 878 878 875 875 880 880 882 882 881 881 881 881 882 882 879 879 883 883 886 886 888 888 886 886 887 887 888 888 885 885 886 886 884 884 885 885 887 887 886 886 890 890 889 889 891 891 891 891 892 892 890 890 893 893 896 896 895 895 895 895 896 896 894 894 900 900 901 901 902 902 899 899 901 901 897 897 898 898 900 900 902 902 901 901 900 900 897 897 905 905 904 904 903 903 906 906 904 904 905 905 910 910 912 912 908 908 909 909 907 907 911 911 911 911 912 912 909 909 911 911 908 908 912 912 913 913 916 916 915 915 916 916 914 914 915 915 920 920 917 917 918 918 918 918 919 919 920 920 921 921 925 925 923 923 921 921 923 923 922 922 925 925 924 924 923 923 929 929 927 927 926 926 926 926 928 928 929 929 941 941 944 944 933 933 931 931 930 930 939 939 936 936 942 942 932 932 938 938 944 944 941 941 933 933 935 935 937 937 942 942 936 936 943 943 933 933 937 937 941 941 941 941 934 934 938 938 943 943 934 934 942 942 931 931 939 939 940 940 946 946 947 947 930 930 943 943 938 938 934 934 948 948 946 946 949 949 947 947 945 945 930 930 930 930 945 945 939 939 940 940 935 935 931 931 932 932 950 950 936 936 930 930 949 949 946 946 940 940 937 937 935 935 949 949 951 951 948 948 954 954 952 952 953 953 953 953 955 955 954 954 958 958 957 957 956 956 956 956 959 959 958 958 960 960 962 962 963 963 963 963 961 961 960 960 967 967 964 964 965 965 965 965 966 966 967 967 970 970 968 968 969 969 969 969 971 971 970 970 975 975 972 972 973 973 973 973 974 974 975 975 976 976 978 978 979 979 978 978 976 976 977 977 981 981 983 983 982 982 980 980 981 981 982 982 987 987 985 985 984 984 986 986 987 987 984 984 989 989 991 991 990 990 991 991 989 989 988 988 994 994 992 992 993 993 992 992 994 994 995 995 998 998 997 997 996 996 999 999 998 998 996 996 1002 1002 1000 1000 1001 1001 1001 1001 1003 1003 1002 1002 1007 1007 1005 1005 1004 1004 1004 1004 1006 1006 1007 1007 1009 1009 1011 1011 1010 1010 1010 1010 1008 1008 1009 1009 1016 1016 1017 1017 1013 1013 1016 1016 1013 1013 1012 1012 1015 1015 1014 1014 1013 1013 1017 1017 1015 1015 1013 1013 1020 1020 1019 1019 1018 1018 1020 1020 1021 1021 1019 1019 1026 1026 1028 1028 1024 1024 1026 1026 1022 1022 1023 1023 1026 1026 1027 1027 1028 1028 1024 1024 1025 1025 1026 1026 1023 1023 1027 1027 1026 1026 1030 1030 1032 1032 1031 1031 1032 1032 1030 1030 1029 1029 1033 1033 1036 1036 1035 1035 1035 1035 1034 1034 1033 1033 1040 1040 1039 1039 1038 1038 1039 1039 1037 1037 1038 1038 1043 1043 1042 1042 1041 1041 1041 1041 1044 1044 1043 1043 1047 1047 1058 1058 1061 1061 1048 1048 1058 1058 1047 1047 1061 1061 1054 1054 1047 1047 1067 1067 1060 1060 1065 1065 1065 1065 1068 1068 1067 1067 1051 1051 1054 1054 1064 1064 1064 1064 1053 1053 1051 1051 1065 1065 1066 1066 1052 1052 1048 1048 1047 1047 1062 1062 1065 1065 1060 1060 1066 1066 1062 1062 1052 1052 1048 1048 1063 1063 1066 1066 1060 1060 1050 1050 1046 1046 1055 1055 1052 1052 1062 1062 1049 1049 1050 1050 1045 1045 1046 1046 1054 1054 1057 1057 1059 1059 1054 1054 1056 1056 1057 1057 1054 1054 1051 1051 1056 1056 1064 1064 1055 1055 1053 1053 1052 1052 1049 1049 1065 1065 1055 1055 1064 1064 1050 1050 1054 1054 1059 1059 1047 1047 1069 1069 1075 1075 1072 1072 1069 1069 1070 1070 1074 1074 1074 1074 1075 1075 1069 1069 1069 1069 1070 1070 1072 1072 1073 1073 1074 1074 1070 1070 1070 1070 1071 1071 1073 1073 1078 1078 1079 1079 1076 1076 1080 1080 1078 1078 1077 1077 1076 1076 1077 1077 1078 1078 1082 1082 1083 1083 1084 1084 1083 1083 1082 1082 1081 1081 1085 1085 1086 1086 1088 1088 1085 1085 1088 1088 1087 1087 1091 1091 1089 1089 1090 1090 1091 1091 1089 1089 1090 1090 1092 1092 1095 1095 1094 1094 1093 1093 1092 1092 1094 1094 1097 1097 1098 1098 1099 1099 1096 1096 1097 1097 1099 1099 1104 1104 1101 1101 1100 1100 1101 1101 1104 1104 1103 1103 1102 1102 1101 1101 1103 1103 1107 1107 1106 1106 1105 1105 1105 1105 1108 1108 1107 1107 1109 1109 1111 1111 1112 1112 1112 1112 1110 1110 1109 1109 1114 1114 1115 1115 1116 1116 1116 1116 1113 1113 1114 1114 1119 1119 1118 1118 1117 1117 1117 1117 1120 1120 1119 1119 1121 1121 1122 1122 1124 1124 1124 1124 1123 1123 1121 1121 1126 1126 1127 1127 1128 1128 1125 1125 1126 1126 1128 1128 1130 1130 1131 1131 1132 1132 1131 1131 1130 1130 1129 1129 1136 1136 1135 1135 1133 1133 1135 1135 1134 1134 1133 1133 1138 1138 1140 1140 1139 1139 1139 1139 1137 1137 1138 1138 1144 1144 1141 1141 1142 1142 1142 1142 1143 1143 1144 1144 1145 1145 1148 1148 1147 1147 1145 1145 1146 1146 1148 1148 1152 1152 1150 1150 1149 1149 1149 1149 1151 1151 1152 1152 1155 1155 1153 1153 1154 1154 1154 1154 1156 1156 1155 1155 1166 1166 1162 1162 1163 1163 1167 1167 1168 1168 1165 1165 1164 1164 1159 1159 1161 1161 1163 1163 1169 1169 1166 1166 1159 1159 1160 1160 1161 1161 1168 1168 1170 1170 1163 1163 1161 1161 1169 1169 1164 1164 1158 1158 1165 1165 1168 1168 1169 1169 1163 1163 1164 1164 1167 1167 1170 1170 1168 1168 1168 1168 1157 1157 1158 1158 1163 1163 1162 1162 1168 1168 1173 1173 1171 1171 1172 1172 1172 1172 1174 1174 1173 1173 1176 1176 1178 1178 1177 1177 1177 1177 1175 1175 1176 1176 1179 1179 1181 1181 1182 1182 1179 1179 1180 1180 1181 1181 1183 1183 1186 1186 1185 1185 1184 1184 1183 1183 1185 1185 1189 1189 1190 1190 1187 1187 1189 1189 1187 1187 1188 1188 1193 1193 1191 1191 1192 1192 1192 1192 1194 1194 1193 1193 1197 1197 1195 1195 1196 1196 1195 1195 1196 1196 1197 1197 1199 1199 1201 1201 1200 1200 1200 1200 1198 1198 1199 1199 1206 1206 1205 1205 1202 1202 1205 1205 1203 1203 1202 1202 1203 1203 1205 1205 1204 1204 1210 1210 1208 1208 1207 1207 1207 1207 1209 1209 1210 1210 1211 1211 1213 1213 1214 1214 1213 1213 1211 1211 1212 1212 1216 1216 1218 1218 1217 1217 1217 1217 1215 1215 1216 1216 1220 1220 1222 1222 1221 1221 1221 1221 1219 1219 1220 1220 1225 1225 1224 1224 1223 1223 1223 1223 1226 1226 1225 1225 1227 1227 1228 1228 1229 1229 1229 1229 1230 1230 1227 1227 1232 1232 1233 1233 1234 1234 1234 1234 1231 1231 1232 1232 1238 1238 1236 1236 1235 1235 1236 1236 1238 1238 1237 1237 1240 1240 1241 1241 1242 1242 1242 1242 1239 1239 1240 1240 1244 1244 1246 1246 1245 1245 1245 1245 1243 1243 1244 1244 1247 1247 1250 1250 1249 1249 1249 1249 1248 1248 1247 1247 1252 1252 1254 1254 1253 1253 1253 1253 1251 1251 1252 1252 1258 1258 1256 1256 1255 1255 1256 1256 1258 1258 1257 1257 1260 1260 1259 1259 1262 1262 1261 1261 1262 1262 1259 1259 1264 1264 1266 1266 1267 1267 1268 1268 1263 1263 1264 1264 1264 1264 1265 1265 1266 1266 1264 1264 1267 1267 1268 1268 1270 1270 1271 1271 1274 1274 1274 1274 1273 1273 1270 1270 1275 1275 1274 1274 1271 1271 1270 1270 1273 1273 1272 1272 1272 1272 1269 1269 1270 1270 1278 1278 1277 1277 1276 1276 1278 1278 1279 1279 1277 1277 1282 1282 1280 1280 1281 1281 1280 1280 1282 1282 1283 1283 1286 1286 1287 1287 1285 1285 1287 1287 1284 1284 1285 1285 1288 1288 1290 1290 1291 1291 1291 1291 1289 1289 1288 1288 1294 1294 1292 1292 1293 1293 1294 1294 1295 1295 1292 1292 1297 1297 1299 1299 1298 1298 1298 1298 1296 1296 1297 1297 1300 1300 1303 1303 1306 1306 1305 1305 1303 1303 1301 1301 1301 1301 1304 1304 1305 1305 1307 1307 1302 1302 1300 1300 1300 1300 1306 1306 1307 1307 1303 1303 1305 1305 1306 1306 1307 1307 1308 1308 1302 1302 1313 1313 1309 1309 1310 1310 1313 1313 1311 1311 1309 1309 1312 1312 1313 1313 1310 1310 1315 1315 1314 1314 1318 1318 1315 1315 1318 1318 1316 1316 1314 1314 1317 1317 1318 1318 1322 1322 1321 1321 1319 1319 1322 1322 1319 1319 1320 1320 1324 1324 1326 1326 1325 1325 1324 1324 1323 1323 1326 1326 1328 1328 1330 1330 1329 1329 1329 1329 1327 1327 1328 1328 1332 1332 1333 1333 1334 1334 1331 1331 1332 1332 1334 1334 1337 1337 1335 1335 1336 1336 1335 1335 1337 1337 1338 1338 1340 1340 1339 1339 1342 1342 1339 1339 1341 1341 1342 1342 1344 1344 1346 1346 1345 1345 1345 1345 1343 1343 1344 1344 1348 1348 1349 1349 1350 1350 1351 1351 1355 1355 1350 1350 1350 1350 1349 1349 1351 1351 1355 1355 1351 1351 1352 1352 1353 1353 1360 1360 1359 1359 1357 1357 1358 1358 1354 1354 1359 1359 1354 1354 1353 1353 1353 1353 1358 1358 1356 1356 1352 1352 1356 1356 1355 1355 1356 1356 1352 1352 1353 1353 1358 1358 1353 1353 1354 1354 1350 1350 1347 1347 1348 1348 1362 1362 1361 1361 1363 1363 1361 1361 1364 1364 1363 1363 1367 1367 1365 1365 1366 1366 1368 1368 1367 1367 1366 1366 1370 1370 1373 1373 1372 1372 1369 1369 1374 1374 1373 1373 1373 1373 1370 1370 1369 1369 1371 1371 1370 1370 1372 1372 1378 1378 1375 1375 1376 1376 1375 1375 1378 1378 1377 1377 1380 1380 1382 1382 1381 1381 1381 1381 1379 1379 1380 1380 1384 1384 1383 1383 1385 1385 1386 1386 1385 1385 1383 1383 1387 1387 1388 1388 1390 1390 1388 1388 1389 1389 1390 1390 1394 1394 1392 1392 1391 1391 1391 1391 1393 1393 1394 1394 1392 1392 1394 1394 1395 1395 1397 1397 1398 1398 1399 1399 1399 1399 1396 1396 1397 1397 1401 1401 1403 1403 1402 1402 1402 1402 1400 1400 1401 1401 1406 1406 1407 1407 1405 1405 1406 1406 1405 1405 1404 1404 1408 1408 1409 1409 1410 1410 1410 1410 1411 1411 1408 1408 1415 1415 1414 1414 1412 1412 1413 1413 1412 1412 1414 1414 1416 1416 1419 1419 1418 1418 1418 1418 1417 1417 1416 1416 1420 1420 1423 1423 1422 1422 1423 1423 1420 1420 1421 1421 1424 1424 1425 1425 1428 1428 1424 1424 1428 1428 1427 1427 1427 1427 1426 1426 1424 1424 1429 1429 1430 1430 1432 1432 1430 1430 1431 1431 1432 1432 1435 1435 1436 1436 1433 1433 1435 1435 1433 1433 1434 1434 1439 1439 1438 1438 1437 1437 1439 1439 1440 1440 1438 1438 1443 1443 1444 1444 1442 1442 1444 1444 1441 1441 1442 1442 1445 1445 1447 1447 1448 1448 1448 1448 1446 1446 1445 1445 1449 1449 1452 1452 1451 1451 1451 1451 1450 1450 1449 1449 1456 1456 1459 1459 1455 1455 1455 1455 1453 1453 1456 1456 1453 1453 1454 1454 1458 1458 1457 1457 1455 1455 1459 1459 1458 1458 1456 1456 1453 1453 1461 1461 1463 1463 1462 1462 1462 1462 1460 1460 1461 1461 1466 1466 1467 1467 1465 1465 1467 1467 1464 1464 1465 1465 1471 1471 1468 1468 1469 1469 1468 1468 1471 1471 1470 1470 1475 1475 1473 1473 1472 1472 1472 1472 1474 1474 1475 1475 1476 1476 1477 1477 1478 1478 1478 1478 1479 1479 1476 1476 1480 1480 1482 1482 1483 1483 1483 1483 1481 1481 1480 1480 1484 1484 1487 1487 1486 1486 1486 1486 1485 1485 1484 1484 1491 1491 1489 1489 1488 1488 1491 1491 1490 1490 1489 1489 1493 1493 1491 1491 1488 1488 1491 1491 1492 1492 1490 1490 1496 1496 1497 1497 1494 1494 1494 1494 1495 1495 1496 1496 1500 1500 1499 1499 1498 1498 1500 1500 1501 1501 1499 1499 1506 1506 1507 1507 1502 1502 1502 1502 1505 1505 1506 1506 1502 1502 1504 1504 1505 1505 1507 1507 1503 1503 1502 1502 1511 1511 1509 1509 1508 1508 1508 1508 1510 1510 1511 1511 1512 1512 1514 1514 1515 1515 1513 1513 1512 1512 1515 1515 1517 1517 1519 1519 1518 1518 1519 1519 1517 1517 1516 1516 1523 1523 1520 1520 1521 1521 1522 1522 1523 1523 1521 1521 1526 1526 1524 1524 1525 1525 1525 1525 1527 1527 1526 1526 1531 1531 1528 1528 1529 1529 1529 1529 1530 1530 1531 1531 1532 1532 1534 1534 1535 1535 1535 1535 1533 1533 1532 1532 1538 1538 1536 1536 1537 1537 1536 1536 1538 1538 1539 1539 1541 1541 1543 1543 1542 1542 1542 1542 1540 1540 1541 1541 1564 1564 1561 1561 1548 1548 1554 1554 1559 1559 1561 1561 1558 1558 1556 1556 1550 1550 1562 1562 1557 1557 1546 1546 1552 1552 1562 1562 1551 1551 1555 1555 1548 1548 1547 1547 1562 1562 1553 1553 1557 1557 1547 1547 1549 1549 1546 1546 1558 1558 1545 1545 1556 1556 1555 1555 1564 1564 1548 1548 1562 1562 1552 1552 1553 1553 1547 1547 1546 1546 1555 1555 1549 1549 1560 1560 1562 1562 1551 1551 1550 1550 1552 1552 1564 1564 1554 1554 1561 1561 1550 1550 1551 1551 1558 1558 1546 1546 1549 1549 1562 1562 1564 1564 1565 1565 1563 1563 1563 1563 1554 1554 1564 1564 1545 1545 1558 1558 1544 1544 1567 1567 1568 1568 1573 1573 1566 1566 1569 1569 1571 1571 1571 1571 1572 1572 1566 1566 1570 1570 1568 1568 1566 1566 1573 1573 1570 1570 1567 1567 1570 1570 1567 1567 1568 1568 1572 1572 1573 1573 1568 1568 1568 1568 1566 1566 1572 1572 1577 1577 1576 1576 1574 1574 1577 1577 1574 1574 1575 1575 1578 1578 1580 1580 1581 1581 1581 1581 1579 1579 1578 1578 1582 1582 1585 1585 1584 1584 1584 1584 1583 1583 1582 1582 1588 1588 1587 1587 1586 1586 1586 1586 1589 1589 1588 1588 1590 1590 1591 1591 1592 1592 1591 1591 1593 1593 1592 1592 1595 1595 1596 1596 1597 1597 1597 1597 1594 1594 1595 1595 1599 1599 1600 1600 1601 1601 1601 1601 1598 1598 1599 1599 1603 1603 1605 1605 1604 1604 1604 1604 1602 1602 1603 1603 1609 1609 1606 1606 1607 1607 1606 1606 1609 1609 1608 1608 1613 1613 1610 1610 1611 1611 1612 1612 1613 1613 1611 1611 1614 1614 1616 1616 1617 1617 1617 1617 1615 1615 1614 1614 1621 1621 1619 1619 1618 1618 1619 1619 1621 1621 1620 1620 1622 1622 1625 1625 1624 1624 1624 1624 1623 1623 1622 1622 1627 1627 1629 1629 1628 1628 1629 1629 1627 1627 1626 1626 1633 1633 1630 1630 1631 1631 1631 1631 1632 1632 1633 1633 1635 1635 1637 1637 1636 1636 1636 1636 1634 1634 1635 1635 1644 1644 1643 1643 1641 1641 1644 1644 1640 1640 1643 1643 1645 1645 1641 1641 1643 1643 1640 1640 1644 1644 1638 1638 1642 1642 1644 1644 1641 1641 1639 1639 1640 1640 1638 1638 1643 1643 1646 1646 1645 1645 1649 1649 1648 1648 1647 1647 1650 1650 1649 1649 1647 1647 1651 1651 1654 1654 1653 1653 1653 1653 1652 1652 1651 1651 1657 1657 1655 1655 1656 1656 1656 1656 1658 1658 1657 1657 1662 1662 1659 1659 1660 1660 1660 1660 1661 1661 1662 1662 1666 1666 1663 1663 1664 1664 1664 1664 1665 1665 1666 1666 1669 1669 1667 1667 1668 1668 1668 1668 1670 1670 1669 1669 1671 1671 1672 1672 1674 1674 1673 1673 1674 1674 1672 1672 1678 1678 1677 1677 1676 1676 1676 1676 1675 1675 1678 1678 1680 1680 1682 1682 1681 1681 1681 1681 1679 1679 1680 1680 1692 1692 1690 1690 1691 1691 1687 1687 1694 1694 1693 1693 1693 1693 1691 1691 1687 1687 1685 1685 1689 1689 1686 1686 1686 1686 1688 1688 1685 1685 1687 1687 1690 1690 1688 1688 1687 1687 1691 1691 1690 1690 1689 1689 1685 1685 1683 1683 1688 1688 1686 1686 1687 1687 1684 1684 1689 1689 1683 1683 1697 1697 1696 1696 1695 1695 1698 1698 1697 1697 1695 1695 1699 1699 1701 1701 1702 1702 1701 1701 1699 1699 1700 1700 1706 1706 1704 1704 1703 1703 1704 1704 1706 1706 1705 1705 1710 1710 1709 1709 1707 1707 1709 1709 1708 1708 1707 1707 1711 1711 1713 1713 1714 1714 1714 1714 1712 1712 1711 1711 1717 1717 1718 1718 1715 1715 1715 1715 1716 1716 1717 1717 1721 1721 1720 1720 1719 1719 1719 1719 1722 1722 1721 1721 1723 1723 1725 1725 1726 1726 1726 1726 1724 1724 1723 1723 1730 1730 1728 1728 1727 1727 1727 1727 1729 1729 1730 1730 1733 1733 1732 1732 1731 1731 1732 1732 1733 1733 1734 1734 1737 1737 1735 1735 1736 1736 1735 1735 1737 1737 1738 1738 1742 1742 1740 1740 1739 1739 1741 1741 1742 1742 1739 1739 1743 1743 1745 1745 1746 1746 1746 1746 1744 1744 1743 1743 1755 1755 1758 1758 1754 1754 1765 1765 1766 1766 1763 1763 1763 1763 1764 1764 1765 1765 1750 1750 1760 1760 1761 1761 1757 1757 1758 1758 1752 1752 1754 1754 1759 1759 1755 1755 1764 1764 1750 1750 1762 1762 1754 1754 1748 1748 1759 1759 1750 1750 1753 1753 1762 1762 1766 1766 1757 1757 1751 1751 1768 1768 1756 1756 1749 1749 1762 1762 1765 1765 1764 1764 1760 1760 1756 1756 1761 1761 1750 1750 1761 1761 1753 1753 1758 1758 1755 1755 1752 1752 1748 1748 1767 1767 1759 1759 1751 1751 1763 1763 1766 1766 1767 1767 1748 1748 1747 1747 1752 1752 1751 1751 1757 1757 1756 1756 1760 1760 1749 1749 1771 1771 1769 1769 1770 1770 1770 1770 1772 1772 1771 1771 1773 1773 1774 1774 1775 1775 1773 1773 1775 1775 1776 1776 1777 1777 1780 1780 1779 1779 1779 1779 1778 1778 1777 1777 1784 1784 1782 1782 1781 1781 1782 1782 1784 1784 1783 1783 1789 1789 1786 1786 1787 1787 1790 1790 1788 1788 1785 1785 1787 1787 1788 1788 1789 1789 1787 1787 1785 1785 1788 1788 1795 1795 1793 1793 1792 1792 1795 1795 1796 1796 1793 1793 1795 1795 1792 1792 1791 1791 1794 1794 1795 1795 1791 1791 1799 1799 1800 1800 1798 1798 1798 1798 1797 1797 1799 1799 1803 1803 1801 1801 1802 1802 1802 1802 1804 1804 1803 1803 1805 1805 1806 1806 1807 1807 1805 1805 1807 1807 1808 1808 1809 1809 1812 1812 1811 1811 1811 1811 1810 1810 1809 1809 1817 1817 1814 1814 1813 1813 1819 1819 1815 1815 1814 1814 1814 1814 1817 1817 1819 1819 1813 1813 1818 1818 1817 1817 1816 1816 1818 1818 1813 1813 1821 1821 1823 1823 1822 1822 1820 1820 1824 1824 1823 1823 1823 1823 1821 1821 1820 1820 1827 1827 1828 1828 1826 1826 1827 1827 1826 1826 1825 1825 1830 1830 1832 1832 1831 1831 1831 1831 1829 1829 1830 1830 1833 1833 1832 1832 1830 1830 1837 1837 1835 1835 1834 1834 1834 1834 1836 1836 1837 1837 1853 1853 1850 1850 1843 1843 1856 1856 1854 1854 1857 1857 1849 1849 1851 1851 1844 1844 1843 1843 1849 1849 1853 1853 1847 1847 1845 1845 1848 1848 1857 1857 1859 1859 1856 1856 1838 1838 1857 1857 1854 1854 1855 1855 1852 1852 1838 1838 1850 1850 1853 1853 1841 1841 1844 1844 1845 1845 1849 1849 1841 1841 1842 1842 1850 1850 1841 1841 1858 1858 1842 1842 1852 1852 1839 1839 1838 1838 1847 1847 1848 1848 1840 1840 1846 1846 1851 1851 1849 1849 1843 1843 1846 1846 1849 1849 1854 1854 1855 1855 1838 1838 1845 1845 1844 1844 1848 1848 1840 1840 1852 1852 1847 1847 1852 1852 1840 1840 1839 1839 1862 1862 1860 1860 1861 1861 1861 1861 1863 1863 1862 1862 1866 1866 1865 1865 1864 1864 1864 1864 1867 1867 1866 1866 1871 1871 1869 1869 1868 1868 1868 1868 1870 1870 1871 1871 1875 1875 1872 1872 1873 1873 1873 1873 1874 1874 1875 1875 1878 1878 1877 1877 1876 1876 1876 1876 1879 1879 1878 1878 1882 1882 1883 1883 1884 1884 1884 1884 1881 1881 1882 1882 1883 1883 1882 1882 1880 1880 1885 1885 1886 1886 1888 1888 1886 1886 1887 1887 1888 1888 1890 1890 1892 1892 1891 1891 1892 1892 1890 1890 1889 1889 1893 1893 1894 1894 1896 1896 1895 1895 1896 1896 1894 1894 1899 1899 1897 1897 1898 1898 1898 1898 1900 1900 1899 1899 1901 1901 1903 1903 1904 1904 1903 1903 1901 1901 1902 1902 1908 1908 1906 1906 1905 1905 1906 1906 1908 1908 1907 1907 1910 1910 1912 1912 1911 1911 1910 1910 1909 1909 1912 1912 1916 1916 1919 1919 1915 1915 1916 1916 1915 1915 1914 1914 1914 1914 1918 1918 1916 1916 1917 1917 1918 1918 1913 1913 1918 1918 1914 1914 1913 1913 1923 1923 1921 1921 1920 1920 1921 1921 1923 1923 1922 1922 1926 1926 1924 1924 1925 1925 1925 1925 1927 1927 1926 1926 1932 1932 1933 1933 1934 1934 1932 1932 1928 1928 1929 1929 1929 1929 1933 1933 1932 1932 1931 1931 1934 1934 1930 1930 1934 1934 1931 1931 1932 1932 1936 1936 1938 1938 1937 1937 1938 1938 1936 1936 1935 1935 1940 1940 1941 1941 1943 1943 1939 1939 1943 1943 1942 1942 1943 1943 1939 1939 1940 1940 1944 1944 1946 1946 1947 1947 1947 1947 1945 1945 1944 1944 1954 1954 1949 1949 1948 1948 1949 1949 1954 1954 1951 1951 1948 1948 1953 1953 1954 1954 1953 1953 1948 1948 1950 1950 1950 1950 1952 1952 1953 1953 1959 1959 1963 1963 1964 1964 1961 1961 1955 1955 1960 1960 1956 1956 1964 1964 1965 1965 1963 1963 1959 1959 1957 1957 1962 1962 1957 1957 1955 1955 1957 1957 1962 1962 1963 1963 1964 1964 1956 1956 1959 1959 1965 1965 1958 1958 1956 1956 1955 1955 1961 1961 1962 1962 1958 1958 1965 1965 1966 1966 1971 1971 1969 1969 1967 1967 1970 1970 1971 1971 1967 1967 1970 1970 1967 1967 1968 1968 1969 1969 1971 1971 1972 1972 1976 1976 1974 1974 1973 1973 1976 1976 1975 1975 1974 1974 1985 1985 1984 1984 1980 1980 1990 1990 1997 1997 1998 1998 1998 1998 1995 1995 1992 1992 1993 1993 1992 1992 1995 1995 1997 1997 1990 1990 1989 1989 1996 1996 1997 1997 1989 1989 1981 1981 1980 1980 1984 1984 1992 1992 1991 1991 1998 1998 1994 1994 1988 1988 1983 1983 1987 1987 1994 1994 1983 1983 1986 1986 1987 1987 1983 1983 1989 1989 1988 1988 1996 1996 1980 1980 1979 1979 1985 1985 1986 1986 1982 1982 1981 1981 1983 1983 1982 1982 1986 1986 1983 1983 1988 1988 1977 1977 1998 1998 1991 1991 1990 1990 1987 1987 1993 1993 1995 1995 1984 1984 1986 1986 1981 1981 1995 1995 1994 1994 1987 1987 1988 1988 1994 1994 1996 1996 1979 1979 1978 1978 1985 1985 2002 2002 2000 2000 1999 1999 2000 2000 2002 2002 2001 2001 2006 2006 2004 2004 2003 2003 2004 2004 2006 2006 2005 2005 2008 2008 2010 2010 2009 2009 2007 2007 2008 2008 2009 2009 2011 2011 2013 2013 2014 2014 2014 2014 2015 2015 2011 2011 2013 2013 2011 2011 2012 2012 2022 2022 2023 2023 2018 2018 2023 2023 2024 2024 2019 2019 2033 2033 2031 2031 2030 2030 2025 2025 2031 2031 2020 2020 2026 2026 2035 2035 2034 2034 2028 2028 2036 2036 2032 2032 2031 2031 2021 2021 2020 2020 2031 2031 2025 2025 2030 2030 2026 2026 2031 2031 2035 2035 2027 2027 2034 2034 2036 2036 2031 2031 2026 2026 2021 2021 2036 2036 2028 2028 2027 2027 2021 2021 2026 2026 2016 2016 2018 2018 2017 2017 2022 2022 2024 2024 2020 2020 2019 2019 2032 2032 2029 2029 2028 2028 2030 2030 2029 2029 2033 2033 2027 2027 2026 2026 2034 2034 2032 2032 2033 2033 2029 2029 2024 2024 2025 2025 2020 2020 2019 2019 2018 2018 2023 2023 2037 2037 2040 2040 2039 2039 2037 2037 2038 2038 2040 2040 2044 2044 2043 2043 2041 2041 2042 2042 2041 2041 2043 2043 2046 2046 2045 2045 2047 2047 2045 2045 2048 2048 2047 2047 2051 2051 2049 2049 2050 2050 2050 2050 2052 2052 2051 2051 2055 2055 2053 2053 2054 2054 2057 2057 2055 2055 2056 2056 2055 2055 2057 2057 2053 2053 2069 2069 2068 2068 2076 2076 2070 2070 2069 2069 2076 2076 2079 2079 2065 2065 2064 2064 2064 2064 2075 2075 2079 2079 2067 2067 2066 2066 2077 2077 2076 2076 2074 2074 2073 2073 2073 2073 2072 2072 2076 2076 2071 2071 2070 2070 2076 2076 2064 2064 2063 2063 2075 2075 2075 2075 2063 2063 2062 2062 2066 2066 2065 2065 2078 2078 2074 2074 2080 2080 2060 2060 2068 2068 2067 2067 2077 2077 2072 2072 2071 2071 2076 2076 2062 2062 2080 2080 2075 2075 2065 2065 2079 2079 2078 2078 2073 2073 2074 2074 2060 2060 2066 2066 2078 2078 2077 2077 2059 2059 2060 2060 2062 2062 2077 2077 2076 2076 2068 2068 2062 2062 2058 2058 2059 2059 2080 2080 2062 2062 2060 2060 2060 2060 2061 2061 2073 2073 2081 2081 2084 2084 2083 2083 2084 2084 2081 2081 2082 2082 2086 2086 2088 2088 2087 2087 2087 2087 2085 2085 2086 2086 2091 2091 2090 2090 2089 2089 2092 2092 2091 2091 2089 2089 2094 2094 2096 2096 2095 2095 2095 2095 2093 2093 2094 2094 2097 2097 2098 2098 2100 2100 2100 2100 2099 2099 2097 2097 2102 2102 2103 2103 2104 2104 2105 2105 2101 2101 2102 2102 2102 2102 2104 2104 2105 2105 2101 2101 2105 2105 2106 2106 2106 2106 2107 2107 2101 2101 2125 2125 2118 2118 2114 2114 2117 2117 2122 2122 2120 2120 2119 2119 2125 2125 2114 2114 2121 2121 2124 2124 2109 2109 2126 2126 2116 2116 2115 2115 2119 2119 2114 2114 2113 2113 2115 2115 2118 2118 2125 2125 2110 2110 2109 2109 2124 2124 2123 2123 2112 2112 2111 2111 2124 2124 2123 2123 2111 2111 2120 2120 2108 2108 2117 2117 2126 2126 2117 2117 2116 2116 2123 2123 2113 2113 2112 2112 2111 2111 2110 2110 2124 2124 2117 2117 2126 2126 2122 2122 2125 2125 2126 2126 2115 2115 2120 2120 2109 2109 2108 2108 2123 2123 2119 2119 2113 2113 2109 2109 2120 2120 2121 2121 2127 2127 2130 2130 2129 2129 2130 2130 2127 2127 2128 2128 2132 2132 2134 2134 2133 2133 2134 2134 2132 2132 2131 2131 2138 2138 2135 2135 2136 2136 2135 2135 2138 2138 2137 2137 2139 2139 2142 2142 2141 2141 2141 2141 2140 2140 2139 2139 2145 2145 2143 2143 2144 2144 2144 2144 2146 2146 2145 2145 2147 2147 2150 2150 2149 2149 2147 2147 2148 2148 2150 2150 2155 2155 2151 2151 2152 2152 2159 2159 2157 2157 2158 2158 2156 2156 2159 2159 2151 2151 2152 2152 2154 2154 2155 2155 2159 2159 2156 2156 2157 2157 2151 2151 2155 2155 2156 2156 2154 2154 2152 2152 2153 2153 2176 2176 2179 2179 2160 2160 2167 2167 2166 2166 2179 2179 2178 2178 2168 2168 2167 2167 2177 2177 2176 2176 2169 2169 2160 2160 2179 2179 2165 2165 2178 2178 2177 2177 2168 2168 2170 2170 2169 2169 2176 2176 2166 2166 2165 2165 2179 2179 2173 2173 2172 2172 2163 2163 2179 2179 2178 2178 2167 2167 2172 2172 2164 2164 2163 2163 2160 2160 2161 2161 2176 2176 2174 2174 2173 2173 2163 2163 2163 2163 2162 2162 2174 2174 2169 2169 2168 2168 2177 2177 2172 2172 2165 2165 2164 2164 2175 2175 2174 2174 2162 2162 2162 2162 2171 2171 2175 2175 2172 2172 2160 2160 2165 2165 2176 2176 2161 2161 2170 2170 2183 2183 2180 2180 2181 2181 2180 2180 2183 2183 2182 2182 2187 2187 2185 2185 2186 2186 2187 2187 2184 2184 2185 2185 2398 2398 2203 2203 2396 2396 2395 2395 2203 2203 2202 2202 2395 2395 2396 2396 2203 2203 2394 2394 2399 2399 2397 2397 2195 2195 2188 2188 2201 2201 2393 2393 2204 2204 2203 2203 2389 2389 2390 2390 2398 2398 2203 2203 2391 2391 2393 2393 2282 2282 2281 2281 2280 2280 2194 2194 2268 2268 2264 2264 2264 2264 2266 2266 2194 2194 2255 2255 2264 2264 2257 2257 2268 2268 2194 2194 2269 2269 2248 2248 2355 2355 2263 2263 2195 2195 2197 2197 2196 2196 2195 2195 2198 2198 2197 2197 2289 2289 2191 2191 2284 2284 2274 2274 2278 2278 2270 2270 2276 2276 2270 2270 2278 2278 2277 2277 2282 2282 2275 2275 2272 2272 2270 2270 2279 2279 2280 2280 2281 2281 2279 2279 2280 2280 2276 2276 2282 2282 2282 2282 2276 2276 2275 2275 2295 2295 2292 2292 2311 2311 2278 2278 2275 2275 2276 2276 2270 2270 2263 2263 2197 2197 2304 2304 2198 2198 2283 2283 2284 2284 2285 2285 2286 2286 2286 2286 2287 2287 2284 2284 2284 2284 2287 2287 2289 2289 2284 2284 2191 2191 2288 2288 2355 2355 2445 2445 2449 2449 2448 2448 2454 2454 2440 2440 2355 2355 2449 2449 2452 2452 2452 2452 2453 2453 2444 2444 2451 2451 2439 2439 2269 2269 2436 2436 2424 2424 2434 2434 2237 2237 2433 2433 2423 2423 2437 2437 2429 2429 2426 2426 2440 2440 2454 2454 2354 2354 2441 2441 2440 2440 2452 2452 2447 2447 2269 2269 2194 2194 2429 2429 2240 2240 2194 2194 2414 2414 2232 2232 2194 2194 2201 2201 2289 2289 2283 2283 2201 2201 2283 2283 2195 2195 2443 2443 2450 2450 2248 2248 2409 2409 2397 2397 2399 2399 2196 2196 2413 2413 2394 2394 2202 2202 2196 2196 2394 2394 2373 2373 2354 2354 2194 2194 2348 2348 2276 2276 2194 2194 2298 2298 2288 2288 2191 2191 2314 2314 2329 2329 2197 2197 2444 2444 2441 2441 2452 2452 2203 2203 2398 2398 2390 2390 2192 2192 2399 2399 2194 2194 2388 2388 2438 2438 2194 2194 2196 2196 2263 2263 2355 2355 2196 2196 2375 2375 2422 2422 2226 2226 2194 2194 2399 2399 2422 2422 2206 2206 2196 2196 2406 2406 2413 2413 2196 2196 2248 2248 2439 2439 2443 2443 2355 2355 2248 2248 2450 2450 2441 2441 2448 2448 2440 2440 2447 2447 2451 2451 2269 2269 2450 2450 2445 2445 2355 2355 2236 2236 2235 2235 2243 2243 2234 2234 2244 2244 2239 2239 2244 2244 2234 2234 2238 2238 2409 2409 2399 2399 2410 2410 2408 2408 2411 2411 2409 2409 2196 2196 2399 2399 2406 2406 2397 2397 2395 2395 2394 2394 2400 2400 2403 2403 2399 2399 2404 2404 2408 2408 2402 2402 2399 2399 2412 2412 2406 2406 2402 2402 2401 2401 2404 2404 2414 2414 2417 2417 2232 2232 2420 2420 2233 2233 2232 2232 2232 2232 2417 2417 2420 2420 2403 2403 2410 2410 2399 2399 2408 2408 2405 2405 2411 2411 2407 2407 2405 2405 2408 2408 2408 2408 2404 2404 2407 2407 2409 2409 2410 2410 2408 2408 2206 2206 2233 2233 2421 2421 2421 2421 2419 2419 2206 2206 2207 2207 2219 2219 2206 2206 2250 2250 2258 2258 2259 2259 2266 2266 2256 2256 2262 2262 2264 2264 2268 2268 2257 2257 2252 2252 2248 2248 2263 2263 2194 2194 2226 2226 2414 2414 2415 2415 2414 2414 2416 2416 2226 2226 2418 2418 2416 2416 2416 2416 2414 2414 2226 2226 2226 2226 2206 2206 2419 2419 2419 2419 2418 2418 2226 2226 2271 2271 2274 2274 2272 2272 2274 2274 2270 2270 2272 2272 2275 2275 2273 2273 2277 2277 2206 2206 2208 2208 2209 2209 2207 2207 2211 2211 2219 2219 2209 2209 2218 2218 2206 2206 2218 2218 2207 2207 2206 2206 2215 2215 2212 2212 2216 2216 2219 2219 2223 2223 2196 2196 2219 2219 2196 2196 2206 2206 2222 2222 2219 2219 2211 2211 2213 2213 2217 2217 2214 2214 2210 2210 2218 2218 2209 2209 2211 2211 2221 2221 2222 2222 2223 2223 2220 2220 2399 2399 2224 2224 2225 2225 2215 2215 2223 2223 2399 2399 2196 2196 2226 2226 2225 2225 2224 2224 2226 2226 2227 2227 2228 2228 2198 2198 2195 2195 2283 2283 2291 2291 2293 2293 2310 2310 2290 2290 2291 2291 2310 2310 2311 2311 2293 2293 2295 2295 2226 2226 2229 2229 2208 2208 2227 2227 2217 2217 2228 2228 2208 2208 2206 2206 2226 2226 2226 2226 2399 2399 2220 2220 2220 2220 2227 2227 2226 2226 2378 2378 2231 2231 2230 2230 2241 2241 2242 2242 2237 2237 2240 2240 2242 2242 2245 2245 2240 2240 2237 2237 2242 2242 2380 2380 2379 2379 2196 2196 2383 2383 2384 2384 2387 2387 2384 2384 2385 2385 2387 2387 2243 2243 2241 2241 2237 2237 2243 2243 2237 2237 2236 2236 2238 2238 2247 2247 2244 2244 2240 2240 2245 2245 2244 2244 2246 2246 2240 2240 2247 2247 2244 2244 2247 2247 2240 2240 2237 2237 2196 2196 2236 2236 2261 2261 2250 2250 2253 2253 2249 2249 2260 2260 2248 2248 2253 2253 2249 2249 2261 2261 2251 2251 2261 2261 2252 2252 2248 2248 2252 2252 2261 2261 2259 2259 2253 2253 2250 2250 2261 2261 2249 2249 2248 2248 2254 2254 2262 2262 2256 2256 2248 2248 2260 2260 2269 2269 2319 2319 2321 2321 2323 2323 2319 2319 2323 2323 2325 2325 2319 2319 2327 2327 2326 2326 2328 2328 2326 2326 2327 2327 2194 2194 2265 2265 2263 2263 2194 2194 2266 2266 2267 2267 2267 2267 2265 2265 2194 2194 2262 2262 2267 2267 2266 2266 2246 2246 2236 2236 2362 2362 2399 2399 2192 2192 2400 2400 2204 2204 2392 2392 2192 2192 2192 2192 2392 2392 2400 2400 2202 2202 2394 2394 2395 2395 2358 2358 2357 2357 2356 2356 2196 2196 2358 2358 2356 2356 2355 2355 2358 2358 2196 2196 2367 2367 2365 2365 2360 2360 2353 2353 2372 2372 2359 2359 2359 2359 2236 2236 2353 2353 2360 2360 2354 2354 2363 2363 2364 2364 2363 2363 2354 2354 2236 2236 2359 2359 2369 2369 2363 2363 2367 2367 2360 2360 2373 2373 2364 2364 2354 2354 2379 2379 2383 2383 2387 2387 2365 2365 2368 2368 2371 2371 2360 2360 2372 2372 2353 2353 2236 2236 2369 2369 2362 2362 2371 2371 2360 2360 2365 2365 2365 2365 2366 2366 2368 2368 2365 2365 2370 2370 2366 2366 2374 2374 2373 2373 2361 2361 2379 2379 2387 2387 2196 2196 2246 2246 2362 2362 2361 2361 2353 2353 2354 2354 2360 2360 2361 2361 2373 2373 2246 2246 2376 2376 2388 2388 2377 2377 2377 2377 2388 2388 2378 2378 2230 2230 2375 2375 2378 2378 2196 2196 2438 2438 2386 2386 2337 2337 2339 2339 2335 2335 2386 2386 2381 2381 2196 2196 2381 2381 2380 2380 2196 2196 2388 2388 2382 2382 2438 2438 2382 2382 2386 2386 2438 2438 2327 2327 2318 2318 2328 2328 2329 2329 2315 2315 2328 2328 2193 2193 2328 2328 2318 2318 2340 2340 2339 2339 2280 2280 2197 2197 2329 2329 2330 2330 2339 2339 2334 2334 2332 2332 2280 2280 2279 2279 2341 2341 2338 2338 2279 2279 2330 2330 2331 2331 2338 2338 2330 2330 2279 2279 2336 2336 2341 2341 2338 2338 2333 2333 2279 2279 2350 2350 2345 2345 2270 2270 2332 2332 2335 2335 2339 2339 2333 2333 2336 2336 2279 2279 2339 2339 2340 2340 2334 2334 2280 2280 2341 2341 2340 2340 2329 2329 2193 2193 2342 2342 2193 2193 2280 2280 2339 2339 2339 2339 2342 2342 2193 2193 2356 2356 2353 2353 2196 2196 2343 2343 2270 2270 2276 2276 2343 2343 2346 2346 2270 2270 2345 2345 2263 2263 2270 2270 2344 2344 2194 2194 2263 2263 2346 2346 2350 2350 2270 2270 2344 2344 2349 2349 2194 2194 2348 2348 2351 2351 2276 2276 2304 2304 2305 2305 2302 2302 2345 2345 2347 2347 2263 2263 2349 2349 2352 2352 2194 2194 2351 2351 2343 2343 2276 2276 2347 2347 2344 2344 2263 2263 2311 2311 2310 2310 2293 2293 2294 2294 2298 2298 2311 2311 2292 2292 2294 2294 2311 2311 2198 2198 2311 2311 2312 2312 2288 2288 2298 2298 2299 2299 2297 2297 2300 2300 2303 2303 2302 2302 2303 2303 2296 2296 2302 2302 2296 2296 2306 2306 2299 2299 2305 2305 2288 2288 2302 2302 2297 2297 2303 2303 2301 2301 2300 2300 2297 2297 2321 2321 2319 2319 2322 2322 2302 2302 2306 2306 2304 2304 2305 2305 2304 2304 2288 2288 2310 2310 2311 2311 2308 2308 2307 2307 2311 2311 2198 2198 2307 2307 2308 2308 2311 2311 2198 2198 2304 2304 2309 2309 2309 2309 2307 2307 2198 2198 2328 2328 2193 2193 2329 2329 2312 2312 2313 2313 2198 2198 2329 2329 2314 2314 2315 2315 2326 2326 2317 2317 2319 2319 2326 2326 2316 2316 2317 2317 2319 2319 2325 2325 2327 2327 2320 2320 2324 2324 2193 2193 2318 2318 2320 2320 2193 2193 2424 2424 2240 2240 2434 2434 2428 2428 2434 2434 2240 2240 2429 2429 2428 2428 2240 2240 2283 2283 2288 2288 2304 2304 2197 2197 2330 2330 2270 2270 2330 2330 2279 2279 2270 2270 2196 2196 2353 2353 2236 2236 2422 2422 2233 2233 2206 2206 2435 2435 2425 2425 2438 2438 2432 2432 2430 2430 2434 2434 2434 2434 2430 2430 2436 2436 2375 2375 2230 2230 2422 2422 2422 2422 2230 2230 2233 2233 2194 2194 2438 2438 2429 2429 2237 2237 2240 2240 2424 2424 2196 2196 2237 2237 2423 2423 2194 2194 2354 2354 2454 2454 2439 2439 2248 2248 2269 2269 2453 2453 2446 2446 2444 2444 2423 2423 2427 2427 2196 2196 2427 2427 2435 2435 2196 2196 2424 2424 2433 2433 2237 2237 2438 2438 2196 2196 2435 2435 2434 2434 2431 2431 2432 2432 2426 2426 2429 2429 2438 2438 2446 2446 2453 2453 2442 2442 2440 2440 2355 2355 2452 2452 2216 2216 2224 2224 2215 2215 2228 2228 2225 2225 2226 2226 2224 2224 2229 2229 2226 2226 2217 2217 2213 2213 2228 2228 2194 2194 2454 2454 2447 2447 2390 2390 2391 2391 2203 2203 2393 2393 2392 2392 2204 2204 2192 2192 2205 2205 2204 2204 2194 2194 2378 2378 2388 2388 2194 2194 2232 2232 2378 2378 2200 2200 2199 2199 2202 2202 2199 2199 2196 2196 2202 2202 2263 2263 2196 2196 2197 2197 2313 2313 2197 2197 2198 2198 2313 2313 2314 2314 2197 2197 2189 2189 2188 2188 2195 2195 2387 2387 2375 2375 2196 2196 2298 2298 2191 2191 2311 2311 2324 2324 2311 2311 2193 2193 2194 2194 2280 2280 2193 2193 2194 2194 2276 2276 2280 2280 2194 2194 2352 2352 2348 2348 2194 2194 2246 2246 2373 2373 2194 2194 2240 2240 2246 2246 2191 2191 2193 2193 2311 2311 2189 2189 2195 2195 2190 2190 2458 2458 2457 2457 2464 2464 2464 2464 2457 2457 2456 2456 2464 2464 2462 2462 2461 2461 2460 2460 2459 2459 2464 2464 2456 2456 2455 2455 2464 2464 2461 2461 2460 2460 2464 2464 2465 2465 2464 2464 2455 2455 2459 2459 2458 2458 2464 2464 2465 2465 2455 2455 2463 2463 2467 2467 2468 2468 2466 2466 2470 2470 2471 2471 2469 2469 2473 2473 2472 2472 2474 2474 2475 2475 2476 2476 2477 2477 2478 2478 2480 2480 2479 2479 2481 2481 2483 2483 2482 2482 2485 2485 2486 2486 2484 2484 2487 2487 2488 2488 2489 2489 2490 2490 2492 2492 2491 2491 2493 2493 2495 2495 2494 2494 2498 2498 2496 2496 2497 2497 2501 2501 2499 2499 2500 2500 2504 2504 2503 2503 2502 2502 2505 2505 2506 2506 2507 2507 2508 2508 2510 2510 2509 2509 2511 2511 2512 2512 2513 2513 2514 2514 2515 2515 2516 2516 2519 2519 2517 2517 2518 2518 2521 2521 2520 2520 2522 2522 2524 2524 2523 2523 2525 2525 2526 2526 2528 2528 2527 2527 2531 2531 2530 2530 2529 2529 2533 2533 2532 2532 2534 2534 2535 2535 2537 2537 2536 2536 2538 2538 2540 2540 2539 2539 2542 2542 2543 2543 2541 2541 2544 2544 2545 2545 2546 2546 2549 2549 2548 2548 2547 2547 2550 2550 2552 2552 2551 2551 2553 2553 2554 2554 2555 2555 2556 2556 2558 2558 2557 2557 2559 2559 2561 2561 2560 2560 2562 2562 2563 2563 2564 2564 2565 2565 2566 2566 2567 2567 2570 2570 2569 2569 2568 2568 2571 2571 2572 2572 2573 2573 2576 2576 2574 2574 2575 2575 2577 2577 2578 2578 2579 2579 2582 2582 2580 2580 2581 2581 2585 2585 2584 2584 2583 2583 2587 2587 2588 2588 2586 2586 2589 2589 2591 2591 2590 2590 2592 2592 2594 2594 2593 2593 2596 2596 2597 2597 2595 2595 2600 2600 2598 2598 2599 2599 2601 2601 2602 2602 2603 2603 2606 2606 2605 2605 2604 2604 2609 2609 2607 2607 2608 2608 2611 2611 2612 2612 2610 2610 2614 2614 2613 2613 2615 2615 2617 2617 2618 2618 2616 2616 2620 2620 2621 2621 2619 2619 2622 2622 2623 2623 2624 2624 2627 2627 2625 2625 2626 2626 2628 2628 2629 2629 2630 2630 2633 2633 2631 2631 2632 2632 2636 2636 2635 2635 2634 2634 2638 2638 2639 2639 2637 2637 2640 2640 2641 2641 2642 2642 2645 2645 2643 2643 2644 2644 2646 2646 2648 2648 2647 2647 2649 2649 2650 2650 2651 2651 2652 2652 2653 2653 2654 2654 2656 2656 2655 2655 2657 2657 2658 2658 2660 2660 2659 2659 2663 2663 2661 2661 2662 2662 2664 2664 2666 2666 2665 2665 2669 2669 2667 2667 2668 2668 2670 2670 2671 2671 2672 2672 2675 2675 2674 2674 2673 2673 2678 2678 2677 2677 2676 2676 2681 2681 2679 2679 2680 2680 2682 2682 2683 2683 2684 2684 2685 2685 2687 2687 2686 2686 2688 2688 2690 2690 2689 2689 2693 2693 2691 2691 2692 2692 2694 2694 2695 2695 2696 2696 2699 2699 2698 2698 2697 2697 2700 2700 2702 2702 2701 2701 2703 2703 2704 2704 2705 2705 2707 2707 2706 2706 2708 2708 2709 2709 2711 2711 2710 2710 2713 2713 2712 2712 2714 2714 2716 2716 2717 2717 2715 2715 2720 2720 2719 2719 2718 2718 2722 2722 2721 2721 2723 2723 2724 2724 2725 2725 2726 2726 2728 2728 2727 2727 2729 2729 2730 2730 2731 2731 2732 2732 2735 2735 2733 2733 2734 2734 2738 2738 2736 2736 2737 2737 2739 2739 2740 2740 2741 2741 2742 2742 2744 2744 2743 2743 2747 2747 2746 2746 2745 2745 2748 2748 2749 2749 2750 2750 2753 2753 2752 2752 2751 2751 2754 2754 2756 2756 2755 2755 2759 2759 2758 2758 2757 2757 2762 2762 2761 2761 2760 2760 2763 2763 2765 2765 2764 2764 2766 2766 2767 2767 2768 2768 2770 2770 2769 2769 2771 2771 2773 2773 2774 2774 2772 2772 2777 2777 2776 2776 2775 2775 2780 2780 2778 2778 2779 2779</p>
        </triangles>
      </mesh>
    </geometry>
  </library_geometries>
  <library_materials>
    <material id="chrome-material" name="chrome">
      <instance_effect url="#chrome-effect"/>
    </material>
  </library_materials>
  <library_visual_scenes>
    <visual_scene id="scene">
      <node id="node_g0_chrome" name="node_g0_chrome">
        <instance_geometry url="#g0_chrome">
          <bind_material>
            <technique_common>
              <instance_material symbol="chrome-ref" target="#chrome-material"/>
            </technique_common>
          </bind_material>
        </instance_geometry>
      </node>
    </visual_scene>
  </library_visual_scenes>
  <scene>
    <instance_visual_scene url="#scene"/>
  </scene>
</COLLADA>
