<COLLADA xmlns="http://www.collada.org/2005/11/COLLADASchema" version="1.4.1">
  <asset>
    <created>2026-09-29T18:16:48.003182</created>
    <modified>2026-09-29T18:16:48.003183</modified>
    <unit name="meter" meter="1.0"/>
    <up_axis>Z_UP</up_axis>
  </asset>
  <library_effects>
    <effect id="chrome-effect" name="chrome-effect">
      <profile_COMMON>
        <technique sid="common">
          <phong>
            <emission>
              <color>0 0 0 1.0</color>
            </emission>
            <ambient>
              <color>0.432 0.438 0.45599999999999996 1.0</color>
            </ambient>
            <diffuse>
              <color>0.72 0.73 0.76 1.0</color>
            </diffuse>
            <specular>
              <color>0.95 0.95 0.95 1.0</color>
            </specular>
            <shininess>
              <float>80.0</float>
            </shininess>
            <reflective>
              <color>0.0 0.0 0.0 1.0</color>
            </reflective>
            <reflectivity>
              <float>0.0</float>
            </reflectivity>
            <transparent>
              <color>0.0 0.0 0.0 1.0</color>
            </transparent>
            <transparency>
              <float>1.0</float>
            </transparency>
          </phong>
        </technique>
        <extra>
          <technique profile="GOOGLEEARTH">
            <double_sided>0</double_sided>
          </technique>
        </extra>
      </profile_COMMON>
    </effect>
  </library_effects>
  <library_geometries>
    <geometry id="g0_chrome" name="g0_chrome">
      <mesh>
        <source id="g0_chrome-pos">
          <float_array count="8289" id="g0_chrome-pos-array">0.005282 -0.0065687 0.076057 0.0028568 0.0041908 0.0851471 0.0059635 0.0040101 0.0735166 0.0030743 -0.0054129 0.084311 0.003926 0.0070401 0.0811336 0.004972 0.0069354 0.0771963 0.0043821 -0.0075206 0.0793711 0.0024994 -0.0014181 0.0864334 0.0062198 0.0019527 0.0724884 0.003657 -0.0070146 0.0820616 0.0024608 0.0009065 0.0865291 0.0032908 0.006063 0.0834338 0.0062491 -0.0016594 0.072272 0.0060317 -0.0038577 0.073081 0.0058377 -0.0049332 0.0738046 0.0025056 -0.0024551 0.0862845 0.0038702 -0.0074408 0.0811243 0.0024933 0.0024587 0.0862581 0.0046017 0.0073882 0.0783765 0.0048692 -0.007389 0.0773409 0.0026737 0.0041349 0.0854884 0.0060743 0.0032458 0.0727557 0.005396 0.00624 0.0752479 0.0028051 0.0050089 0.0848868 0.0025977 -0.0041982 0.0856417 0.0055404 -0.0060018 0.0745602 0.0041242 -0.0077983 0.0798576 0.0030391 -0.0061947 0.0839237 0.002334 -0.0019956 0.086573 0.0022538 -0.0004026 0.0868125 0.0033525 0.0068427 0.0826487 0.0056679 0.0052827 0.0739771 0.0043696 -0.0078432 0.0788074 0.00309 0.0063188 0.0835596 0.0037264 0.0074228 0.08118 0.0061582 0.0017847 0.0720632 0.0062068 0.0007173 0.0718786 0.0022017 0.0009519 0.0867995 0.0041231 0.0076751 0.079622 0.006204 -0.000367 0.071813 0.00597 -0.0037565 0.0726813 0.0048821 -0.007432 0.0767455 0.0051836 -0.0068734 0.0755417 0.0023045 -0.0030597 0.0863286 0.0021519 0.0009577 0.0868298 0.0022312 0.0022896 0.0865363 0.0060991 -0.0022558 0.0720455 0.0056582 -0.0053438 0.0736892 0.0021925 -0.0020286 0.0866711 0.0022058 0.0022958 0.0865494 0.0058902 0.0038313 0.0727595 0.0046254 -0.0077332 0.0774681 0.0037827 -0.0078552 0.0806224 0.0025813 -0.0051793 0.0851261 0.0024278 0.0042747 0.085638 0.0049397 0.0070896 0.076241 0.0052496 0.0064269 0.0750791 0.0033522 -0.0074243 0.0821504 0.0042332 0.0077635 0.0788 0.0030121 -0.0068199 0.0833376 0.0024025 -0.004545 0.085625 0.0022033 0.003087 0.0862987 0.0059625 0.0028684 0.0722252 0.002703 -0.0060076 0.0844072 0.0020319 -0.0006853 0.0869315 0.0021767 -0.0033572 0.0862914 0.0023227 -0.0045738 0.0856476 0.0025203 0.005403 0.0848348 0.0048348 -0.0073797 0.0761404 0.005596 0.0048124 0.0732205 0.0056398 -0.0047867 0.0730345 0.0041898 -0.0080448 0.0784554 0.0022394 0.0043381 0.0856854 0.0044476 0.0076438 0.0774262 0.0019382 0.0020733 0.0867055 0.0019827 0.002605 0.08654 0.005079 -0.0067378 0.0749271 0.0020371 -0.0033869 0.0863228 0.00319 0.0074111 0.0819279 0.0035382 0.007776 0.080625 0.0049936 0.0066936 0.0751742 0.0025686 -0.0062663 0.0842225 0.0022682 -0.0050638 0.08535 0.0020776 0.0038821 0.0859788 0.002713 0.006529 0.0836063 0.0052579 -0.0060651 0.0740501 0.0028996 -0.0072095 0.082876 0.0019254 -0.0028773 0.086533 0.0018206 -0.0012503 0.0869293 0.0020488 0.0038871 0.0859801 0.0059189 -9.42e-05 0.0714827 0.0058875 -0.0014899 0.0715972 0.0037731 -0.0081455 0.0794972 0.0020493 -0.0041488 0.0859599 0.0018435 0.0023535 0.0866375 0.0022274 0.0050423 0.0852063 0.0036729 0.0079102 0.0798016 0.005096 0.0062378 0.07447 0.0057147 0.0031763 0.072147 0.0033163 -0.0079245 0.0810999 0.0052857 0.0054945 0.0736494 0.0055137 0.0044057 0.0727932 0.0057886 0.0021249 0.0717587 0.0058376 0.001304 0.0715735 0.005429 -0.0050562 0.0730886 0.0030806 -0.0076879 0.0818739 0.0017037 0.0009885 0.0869388 0.0041243 0.0078273 0.0778924 0.0045424 0.0073668 0.0763264 0.0057463 -0.0025333 0.0717963 0.0056333 -0.0036294 0.0722168 0.0042672 -0.0079297 0.0773211 0.0024108 0.0071114 0.0827614 0.0027421 0.0076462 0.0815226 0.0053829 -0.0025593 0.0716129 0.0044715 -0.0070646 0.0750144 0.002052 -0.0064462 0.0840736 0.0017035 -0.0050524 0.0853815 0.0013746 -0.0025973 0.0866183 0.0011412 0.0039005 0.0859555 0.0018271 0.0067536 0.0833942 0.0040943 0.0069251 0.0749072 0.0051034 -0.0009344 0.0711113 0.0050701 -0.0017671 0.0712337 0.001491 -0.0059437 0.084623 0.0009686 -0.0026208 0.0865866 0.0008999 -0.0015307 0.0868462 0.0008739 -0.0006947 0.0869453 0.000464 0.0001498 0.0869234 0.0004938 0.0012761 0.0868144 0.0005629 0.0023766 0.0865582 0.0006398 0.0031725 0.0862723 0.002239 0.0080565 0.0802967 0.0028216 0.0081391 0.078116 0.0031801 0.0078785 0.076773 0.003522 0.0073854 0.0754922 0.0046197 0.0026834 0.0713717 0.0047435 -9.28e-05 0.070902 0.0046433 -0.0026026 0.0712712 0.0045037 -0.0039106 0.0717908 0.0040101 -0.0063507 0.073633 0.003039 -0.008229 0.077264 0.0026767 -0.0084011 0.0786203 0.0022399 -0.0082895 0.0802555 0.0007377 -0.0041955 0.0858888 0.0006122 -0.0031744 0.086361 0.0002359 0.003196 0.08622 0.0008524 0.0063531 0.0839192 0.0012869 0.007421 0.0822951 0.0034557 0.0067224 0.0741743 0.003684 0.0060052 0.0733182 0.0043371 0.0013264 0.0708622 0.0043485 -0.0012299 0.0708136 0.0030042 -0.0078751 0.0758307 0.0013548 -0.0077816 0.082006 0.0010313 -0.0071079 0.0832185 -0.000335 0.0007261 0.0867819 -0.0003261 0.001011 0.0867496 -0.000167 0.0032155 0.0861588 0.0001874 0.0053931 0.0848373 0.0021165 0.0082129 0.0776217 0.0036344 0.0045121 0.0719308 0.0035039 -0.0053984 0.0723967 0.0010269 -0.0079353 0.0816638 -0.0002658 -0.0023989 0.0865157 -0.0007285 0.0010165 0.0866823 -0.0006869 0.0018659 0.0865285 -0.0005685 0.0032313 0.0860887 -0.0003503 0.004738 0.0852751 0.0002345 0.0069338 0.0830911 0.00063 0.0077317 0.0816123 0.0009133 0.0080829 0.0805524 0.0029693 0.0058703 0.0728503 0.0035961 0.0007713 0.0704919 0.0032511 -0.004724 0.0717712 0.0025616 -0.0073129 0.0743463 0.0015786 -0.0085313 0.0780235 0.0009867999 -0.00838 0.0802394 0.0004278 -0.0076156 0.0823338 -5.69e-05 -0.0062947 0.0841513 -0.0005043 -0.0040136 0.0858313 -0.0006228 -0.0029582 0.0862774 -0.0009377 0.0035067 0.0858947 0.0008124 0.0083108 0.0793541 0.0010359 0.0083573 0.0785175 0.0021072 0.0072805 0.0745044 0.0032221 -9.14e-05 0.0703137 0.0031904 -0.0015307 0.070429 0.0008877 -0.0085631 0.0790333 -0.0011379 -0.0009988 0.0866336 -0.0015277 0.0010235 0.0865189 0.0012333 0.0080679 0.0761989 0.0018438 0.0069979 0.0739108 0.0021377 0.0061064 0.0728087 0.0025876 0.0038121 0.0711189 0.0027521 0.0021984 0.0704995 0.0027523 -0.0023821 0.070488 0.0026523 -0.0034748 0.0708601 0.0014468 -0.0080013 0.0753624 -0.0006203 -0.007059 0.0831031 -0.0009061 -0.0061291 0.0841752 -0.0010564 -0.0054852 0.0847394 -0.0017322 0.0035197 0.08571 -0.0012487 0.0060854 0.0839057 -0.0009546 0.0069835 0.0828069 0.0006209 0.0082671 0.0769117 0.0022606 -0.0034784 0.0707461 0.0022296 -0.0037429 0.0708616 0.0015743 -0.0068709 0.0733074 0.001324 -0.0075094 0.0742429 0.0007684 -0.0083638 0.0763209 0.0003988 -0.0085891 0.0777041 -0.0008259 -0.0075298 0.0822913 -0.0020197 0.0042867 0.0852071 -0.0016967 0.0058835 0.0840016 -0.0010197 0.0076755 0.0814713 -0.0003702 0.0083407 0.0790414 3.8e-06 0.008369 0.0776415 0.0007279 0.0076921 0.0749289 0.0016019 0.0050405 0.0716509 0.0020159 0.0013532 0.0700926 -0.0019792 -0.0047899 0.0850345 -0.0023183 -0.0012892 0.0863119 -0.0026681 0.0018786 0.0860485 -0.0022392 0.0052301 0.0844506 -0.0020889 0.0058768 0.0838896 -0.0009857001 0.0081961 0.0797648 5.11e-05 0.0080687 0.0758831 0.0005984 0.0071528 0.0738322 0.001631 -0.0012465 0.0699473 0.0009562 -0.006301 0.0724617 0.0004019 -0.0077684 0.0745336 -0.0009112 -0.0084802 0.0794477 -0.0012727 -0.0081169 0.0808016 -0.0022386 -0.0054845 0.0844237 -0.0025487 -0.0035122 0.0855891 -0.0026489 -0.0024214 0.0859667 -0.0031176 0.0001576 0.0861485 -0.0029666 0.0029769 0.0855899 -0.00237 0.006259 0.0833637 -0.0002008 -0.0080843 0.0752098 -0.0006351 -0.0084985 0.0768348 -0.0034842 0.0010182 0.0859462 -0.0034589 0.0015864 0.085853 -0.0010301 0.0082536 0.0767758 -0.0005276 0.0077485 0.0748934 0.0001601 0.0060718 0.0723149 -0.0015485 -0.0085085 0.0786778 -0.002642 -0.0068482 0.0827752 -0.0031055 -0.0049947 0.0845145 -0.0036767 0.0034791 0.085099 -0.0033034 0.0056087 0.0837064 -0.003029 0.0065711 0.0826813 -0.001793 0.008285 0.0780585 -0.0004679 -0.0069619 0.0730624 -0.0008544 -0.0078076 0.0745073 -0.0017181 -0.0085113 0.0777391 -0.0022314 -0.0082773 0.0796614 -0.0024442 -0.0080331 0.0804584 -0.0027156 -0.0075789 0.0814756 -0.0038664 -0.0012747 0.0857982 -0.0042603 0.0004395 0.0857076 -0.0039125 0.0044535 0.0844146 -0.0031019 0.0072962 0.0813868 -0.0027624 0.0078445 0.0801168 -0.0008078 0.0065572 0.0727968 -0.0007492 -0.0065761 0.0725471 -0.0036337 -0.0060304 0.0833467 -0.0041642 -0.0026562 0.0853405 -0.004264 -0.0004157 0.0857195 -0.0046291 0.0007181 0.0855243 -0.0045956 0.0015576 0.0854009 -0.004561 0.0021082 0.0852727 -0.0043658 0.0039372 0.0845461 -0.0027918 0.0081037 0.0786633 -0.0019936 0.0079527 0.0756747 -0.0013882 0.0069868 0.0734061 -0.0019927 -0.0081629 0.0756342 -0.0022806 -0.0083579 0.0767114 -0.0026455 -0.0083855 0.0780775 -0.0037338 -0.0068972 0.0821552 -0.0041599 -0.0053596 0.0837539 -0.0042482 -0.0049092 0.0840856 -0.0044326 -0.0036902 0.0847786 -0.004629 -0.0009782 0.0855201 -0.0050112 -0.0001298 0.0853945 -0.00501 0.0001511 0.0853906 -0.0048057 0.0034048 0.0846332 -0.0042285 0.0062582 0.0824789 -0.0040531 0.0067572 0.0818235 -0.0037346 0.0074267 0.0806327 -0.0028165 0.0081116 0.0771971 -0.0012883 -0.0055002 0.0714446 -0.0035989 -0.0078668 0.0800895 -0.0049067 0.0050169 0.0834634 -0.0057404 -0.0001289 0.0850287 -0.0051809 0.0053779 0.0829465 -0.002348 0.0061556 0.072343 -0.0020923 -0.0053915 0.071359 -0.0024968 -0.0067803 0.0728703 -0.0035148 -0.0081483 0.0766781 -0.0043027 -0.0077809 0.0796286 0.0015458 -0.0033238 0.0704968 0.0015455 -0.0022245 0.0701236 0.0015451 -9.03e-05 0.0698499 0.0015452 0.0018769 0.0700917 0.0015454 0.0031119 0.0705012 0.0015427 0.0040392 0.0709602 0.001031 0.005225 0.0716684 0.0004475 0.0055326 0.071826 -0.0004637 0.0054335 0.0716238 -0.0008665 0.0051717 0.0713734 -0.0011033 0.0048999 0.0711495 -0.0014431 0.0040317 0.0705665 -0.001455 0.0023873 0.0698443 -0.0014552 0.0004625 0.0694789 -0.0015996 -0.0011872 0.0695243 -0.0016419 -0.00204 0.0696809 -0.0014548 -0.0022769 0.0697473 -0.0014544 -0.0035837 0.0702212 -0.0011887 -0.0049549 0.0710248 -0.0006334 -0.0055382 0.0715092 -0.0002518 -0.0056781 0.0716644 0.0006133 -0.0056875 0.0717938 0.0012327 -0.0051642 0.0714875 0.0015067 -0.0044997 0.0710938 -0.0002049 0.0050588 0.0701848 0.0015324 0.0038739 0.0694559 0.0013997 0.0046567 0.0713152 0.0013058 0.0044325 0.0694068 0.0009205 0.0049914 0.0706654 0.0005123 0.0050786 0.07038 0.000468 0.0049039 0.0688506 -0.0003362 0.0049415 0.0693937 -0.0007535 0.0048224 0.069405 -0.0011626 0.0045725 0.0699914 -0.0013287 0.0042801 0.069745 -0.0014364 0.0039197 0.0694884 0.0014414 0.0042263 -0.0394598 0.0014215 0.0048987 -0.0415972 0.0012905 0.0056778 -0.0424312 0.0011952 0.0048136 -0.0396462 0.0011082 0.0053228 -0.0411353 0.0009429 0.0060108 -0.0422352 0.0007588 0.0050733 -0.0388359 0.0006374 0.0053128 -0.0400688 0.0005948 0.0059248 -0.0417059 0.0005938 0.006726 -0.042971 0.0003415 0.0051927 -0.0388273 0.0003374 0.0076105 -0.0438473 0.0014299 0.0058338 -0.0433316 0.0003802 0.0084663 -0.0445303 0.0010199 0.0072248 -0.043887 -0.0003762 0.0051835 -0.0385788 -0.000377 0.0052842 -0.0395652 -0.0004212 0.0055104 -0.0405309 -0.0005101 0.0074218 -0.0436846 -0.0005939 0.0059462 -0.0416942 -0.0005944 0.0063143 -0.0423445 -0.000596 0.0081653 -0.0443458 -0.000837 0.0050601 -0.0385828 -0.0010237 0.0049479 -0.0385867 -0.0011285 0.0060744 -0.042496 -0.0011585 0.0050448 -0.0401313 -0.0011905 0.0055252 -0.0416136 -0.0015025 0.0043107 -0.039446 -0.0013043 0.0067083 -0.0436556 -0.0015361 0.0056196 -0.043258 -0.001461 0.0036789 0.0621552 -0.0014876 0.0037654 0.0277933 -0.0014742 0.0037216 0.0451934 -0.0014893 0.003771 0.0255537 -0.0014922 0.0037804 0.0218087 -0.001505 0.0038219 0.0053193 -0.0015068 0.0038277 0.0030176 -0.0015075 0.00383 0.0020944 -0.0015093 0.0038358 -0.0002009 0.001544 -0.0038998 0.0691556 0.0014185 -0.0044247 0.0694006 0.0010644 -0.0048394 0.0690969 0.0005976 -0.0051146 0.0695953 0.001458 -0.0025362 -0.0429872 0.0014582 -0.0005318 -0.0426269 0.0014581 0.002012 -0.0425701 0.0014575 0.0050209 -0.0430798 0.0014524 -0.0039243 -0.0414889 0.0013689 -0.0041041 -0.0405974 0.0012449 -0.0047919 -0.0423841 0.0011088 -0.0045866 -0.0410632 0.0010137 -0.0045597 -0.0402753 0.000717 -0.0053 -0.0424613 0.0005517 -0.0065289 -0.0443642 0.0005548 -0.0048026 -0.0402512 0.0004236 -0.0074322 -0.0452343 0.0003829 -0.0052102 -0.0419562 0.0011148 -0.0061301 -0.0444167 0.001409 -0.0051531 -0.043917 -0.0002893 -0.004819 -0.0397548 -0.0003358 -0.0050984 0.0691025 -0.0003779 -0.0053468 0.070682 -0.0007529 -0.0050009 0.0693803 -0.0008665 -0.0051106 0.0704621 -0.0012648 -0.0045739 0.0697083 -0.0014056 -0.0044127 0.0706201 -0.0014544 -0.0039015 0.0691816 -0.0015088 -0.0036642 -0.0002198 -0.0015046 -0.0036781 0.0053004 -0.0014944 -0.0037112 0.0184566 -0.0014889 -0.003729 0.0255349 -0.0014737 -0.0037784 0.0451746 -0.0004229 -0.0059712 -0.0435291 -0.0004213 -0.0050687 -0.0414755 -0.0005528 -0.0067095 -0.0445393 -0.0006361 -0.0054563 -0.0426675 -0.0008764 -0.0046847 -0.0400057 -0.0011284 -0.0054419 -0.043247 -0.0013023 -0.0046519 -0.0418642 -0.0013494 -0.0042315 -0.0397644 -0.0015366 -0.0036703 -0.0400703 -0.0014434 -0.0053965 -0.0440307 -0.0006462 -0.007223 -0.0450911 -0.0011139 -0.0063305 -0.0445291 -0.0056857 0.0020916 0.0847187 -0.002649 0.0068748 0.0733617 -0.0020067 0.0046402 0.0709518 -0.0017114 0.0023981 0.0698411 -0.0039046 -0.0081201 0.0780274 -0.0050781 -0.0061069 0.0824252 -0.0056145 -0.0031441 0.0844404 -0.0028044 -0.0073313 0.0738016 -0.0046893 -0.0072216 0.080858 -0.0055128 -0.0041486 0.083948 -0.0048412 0.0066953 0.0813511 -0.0019834 0.0041659 0.0706466 -0.0018188 -0.0031012 0.0700139 -0.0044089 0.0075179 0.079628 -0.0041285 0.0077914 0.0785791 -0.0020121 0.0041606 0.0706476 -0.0030596 -0.0076443 0.0745417 -0.0034083 -0.0080097 0.0758464 -0.0054003 -0.0050658 0.0833105 -0.0057593 -0.0023402 0.0846608 -0.0058518 0.0007092 0.0849089 -0.0055862 0.0038814 0.0839218 -0.002307 0.0054727 0.0716495 -0.0042243 -0.007953 0.0787959 -0.0056208 -0.0038892 0.0840333 -0.0038209 0.007894 0.0772189 -0.0018001 -0.0017539 0.0696316 -0.0019639 -0.0035998 0.0702405 -0.0058657 -0.0012423 0.0848528 -0.0033475 0.0076486 0.075344 -0.0058983 0.0012569 0.0847782 -0.0051386 0.0061646 0.0819457 -0.0031673 0.0073932 0.0745684 -0.0018325 0.0010204 0.0695567 -0.0023408 -0.005432 0.0714449 -0.0058495 -0.002588 0.0844885 -0.0037769 0.0078197 0.0766568 -0.0019692 0.0023651 0.0698768 -0.0054902 -0.0052319 0.0830408 -0.005969 -0.0004058 0.0848445 -0.0048608 -0.0072299 0.0804935 -0.0052229 -0.0063567 0.0818511 -0.0050075 0.006719 0.0809852 -0.0030321 0.0068713 0.0735904 -0.002791 0.0062899 0.0726865 -0.0034262 -0.0076932 0.0750323 -0.0024531 0.0049688 0.0713314 -0.0019822 -0.0006392 0.0695554 -0.0045014 -0.0077564 0.0789699 -0.0058838 0.0030693 0.0840854 -0.0023904 -0.0047118 0.0709896 -0.0027824 -0.0062887 0.0724534 -0.0060693 0.0004186 0.0846916 -0.0056013 0.0049139 0.0829499 -0.0040512 -0.007946 0.0771173 -0.0060299 -0.0017571 0.0845391 -0.0046951 0.0073188 0.079484 -0.0023989 -0.0044638 0.0708604 -0.0030625 -0.0068683 0.0733391 -0.0042312 0.0076653 0.0776715 -0.0053441 0.006004 0.0817602 -0.0021627 0.0017898 0.0698406 -0.0021042 0.0001813 0.0696181 -0.002201 -0.0024926 0.0699743 -0.0026399 -0.0052801 0.0715402 -0.0056581 -0.0051046 0.0828398 -0.0060497 0.0022532 0.0841909 -0.0045048 0.0074726 0.0784195 -0.0033512 0.0069347 0.0740996 -0.0025117 0.0042135 0.0709504 -0.0031842 0.006549 0.0734125 -0.0059236 -0.0037296 0.083644 -0.0052935 0.0062244 0.0812503 -0.0030842 -0.0064421 0.0729505 -0.0039136 -0.0076836 0.0760525 -0.0053492 -0.0063103 0.0814301 -0.0039971 0.0074775 0.0763457 -0.0060517 -0.0027347 0.0840137 -0.0056729 0.0049627 0.0825628 -0.0024231 -0.0031831 0.0703779 -0.0034799 -0.0071485 0.0743251 -0.0044197 -0.0076691 0.0778419 -0.0023327 -0.0016598 0.0699519 -0.0061588 0.0011787 0.0842419 -0.0043159 0.007405 0.0773571 -0.003533 0.0068439 0.0743885 -0.00255 0.0034243 0.0707007 -0.0059637 -0.0036419 0.0834638 -0.0061911 -0.0001271 0.0842905 -0.0059332 0.003607 0.0833339 -0.0049289 0.0068716 0.0795525 -0.0040712 -0.0075012 0.0763087 -0.0055578 0.0053832 0.0818783 -0.0023671 -9.07e-05 0.0699209 -0.0029033 -0.0052407 0.0719162 -0.0049319 -0.0070748 0.0795063 -0.0029615 0.0052108 0.072137 0.0029553 0.0100088 -0.0455625 -0.0030444 0.0095982 -0.0452558 -0.0030439 -0.0083873 -0.0459686 0.002956 -0.008387 -0.0459732 -0.0030447 -0.009507 -0.0470082 0.002955 -0.0098552 -0.0473844 -0.0030455 -0.0105131 -0.0481581 0.0029536 -0.0113944 -0.0494106 -0.0030474 -0.0121424 -0.0507384 0.0029526 -0.0121421 -0.050743 -0.0030431 -0.0067385 -0.0447732 -0.0030425 -0.0049407 -0.0438166 -0.0015422 -0.0039965 -0.0434348 -0.0030421 -0.0035151 -0.0432669 -0.0030419 -0.0020403 -0.0428677 -0.0015418 -0.0010374 -0.0426886 -0.0030418 0.000484 -0.0425479 -0.0015419 0.0015029 -0.0425439 -0.0030422 0.0040302 -0.0428371 -0.0030428 0.0059921 -0.0433833 -0.0030437 0.008308 -0.0444373 0.0029561 0.0087478 -0.0446998 0.0029569 0.0069404 -0.0437613 0.0029575 0.0050209 -0.0430809 0.0029581 0.0015032 -0.0425474 0.0029582 -2.43e-05 -0.0425815 0.0029581 -0.00204 -0.0428724 0.0029579 -0.0035148 -0.0432715 0.0029575 -0.0049404 -0.0438212 0.0029571 -0.0063014 -0.0445155 -0.0030509 0.0135986 -0.0533962 0.0029496 0.0135865 -0.0527155 -0.0030499 0.0135269 -0.0520279 -0.0030486 0.0131756 -0.0503522 0.0029514 0.0131759 -0.0503569 -0.0030475 0.0126917 -0.0490703 0.0029525 0.012692 -0.0490749 -0.0030466 0.0120371 -0.0478665 0.0029537 0.0118484 -0.0475851 -0.0030459 0.0114414 -0.0470286 0.0029403 0.0090788 -0.065093 -0.0030597 0.0090784 -0.0650883 -0.0030588 0.0101554 -0.0638279 0.0029412 0.0101558 -0.0638326 -0.0030578 0.0110998 -0.0624653 0.0029425 0.0113837 -0.0619954 -0.0030567 0.0119017 -0.0610143 0.002944 0.0123535 -0.0600098 -0.0030556 0.0125531 -0.0594897 -0.0030544 0.0130474 -0.0579073 0.0029464 0.0132873 -0.0568326 -0.0030527 0.0134533 -0.0557351 0.0029477 0.0135092 -0.0551897 -0.0030491 -0.0129385 -0.0529843 0.0029504 -0.0130576 -0.053664 -0.0030507 -0.0131569 -0.055026 -0.003052 -0.0130167 -0.0567323 0.002948 -0.0130164 -0.0567369 -0.0030531 -0.012696 -0.0580645 0.0029469 -0.0126956 -0.0580691 -0.0030546 -0.0118818 -0.0599496 0.0029454 -0.0118815 -0.0599542 0.0029444 -0.0110392 -0.061292 0.0029429 -0.009709 -0.0630565 -0.0030574 -0.0093405 -0.0634638 -0.0030584 -0.008154 -0.0646216 0.002941 -0.0073002 -0.065329 -0.0030595 -0.0064018 -0.0659681 0.00294 -0.0054613 -0.0665544 -0.0030603 -0.0049775 -0.0668166 0.0029393 -0.0039831 -0.067305 -0.0030609 -0.0034748 -0.0675169 -0.0030614 -0.0019091 -0.0680621 0.0029386 -0.0019088 -0.0680667 0.0043989 0.0056593 0.079409 0.0043995 -0.0058876 0.0793799 0.0036539 0.0048788 0.082196 0.0039658 0.005406 0.0810296 0.0056894 0.0027848 0.0745711 0.0036545 -0.0051212 0.0821708 0.0047373 -0.0057341 0.0781158 0.0051444 -0.0051071 0.0765929 0.0051439 0.0048929 0.0766181 0.0056897 -0.0029887 0.0745566 0.0031087 0.0027604 0.0842323 0.0033111 0.0038206 0.083477 0.003109 -0.0030131 0.0842178 0.0039194 -0.0055843 0.0811778 0.0048319 0.0054142 0.0777871 0.0033458 -0.0042066 0.0833283 0.0058377 0.0014025 0.0740126 0.0029092 -0.0001283 0.0849723 0.0055204 -0.0039068 0.0751883 0.0054525 0.0039783 0.0754605 0.0029288 0.0008057 0.0849013 0.0058385 -0.0015948 0.0740028 0.0058892 -0.0001 0.0738165 0.0029377 -0.0012499 0.0848632 -0.0057859 -0.0001229 0.0826497 -0.0056715 -0.0023396 0.0822162 -0.0055862 -0.0030078 0.0818951 -0.0057466 0.0011962 0.0825056 -0.0055865 0.0027657 0.0819097 -0.0053498 0.0039637 0.0810262 -0.0050412 0.0048841 0.0798733 -0.0047293 0.0054113 0.078707 -0.0042963 0.0056647 0.0770863 -0.0038632 0.0054195 0.0754644 -0.0035512 0.0048983 0.0742954 -0.0031752 0.0037051 0.0728848 -0.0030058 0.0027902 0.0722484 -0.0029022 0.0019445 0.0718588 -0.002806 -9.47e-05 0.0714939 -0.002902 -0.0021357 0.0718486 -0.0030054 -0.0029833 0.0722339 -0.0031748 -0.0039015 0.0728656 -0.0035507 -0.0051017 0.0742703 -0.0040547 -0.005804 0.0761553 -0.0042956 -0.0058823 0.0770573 -0.0048221 -0.0055148 0.0790292 -0.0050407 -0.0051158 0.0798482 -0.0052772 -0.0044618 0.0807353 -0.0015352 0.0014207 -0.0339478 0.0021925 -0.0020286 0.0866711 0.0019198 -0.002069 0.0867649 0.0019035 -0.0017969 0.0868263 0.0019254 -0.0028773 0.086533 -0.000596 0.0081653 -0.0443458 -0.0011285 0.0060744 -0.042496 -0.0011905 0.0055252 -0.0416136 -0.0013043 0.0067083 -0.0436556 0.0029403 0.0090788 -0.065093 -0.0030597 0.0090784 -0.0650883 0.0029402 0.0084114 -0.0652736 -0.0030598 0.008411 -0.065269 -0.0030614 -0.0019091 -0.0680621 0.0029386 -0.0019088 -0.0680667 -0.0030613 -0.0012417 -0.0678815 0.0029387 -0.0012414 -0.0678861 0.0029402 0.0084114 -0.0652736 -0.0030598 0.008411 -0.065269 -0.0030613 -0.0012417 -0.0678815 0.0029387 -0.0012414 -0.0678861 0.0029488 0.0046799 -0.0543297 -0.0030512 0.0048029 -0.0543846 0.0029487 0.0050365 -0.054533 0.002948 0.0056859 -0.0553155 -0.003052 0.0056855 -0.0553109 -0.0030508 0.0035004 -0.0540053 -0.0030511 -0.001202 -0.0546946 -0.0030507 0.0004682 -0.0540865 -0.0030507 0.0019802 -0.053891 -0.0030528 -0.0038188 -0.0570965 -0.0030532 -0.0039173 -0.0576342 -0.0030518 -0.0026823 -0.0556787 -0.0030524 -0.003498 -0.0564946 0.0029493 0.0024895 -0.0538993 0.002949 0.0039985 -0.0541165 0.0029493 0.0007173 -0.0540372 0.002949 -0.0007399 -0.0544852 0.0029482 -0.0026819 -0.0556833 0.0029474 -0.0037151 -0.0568474 0.0029467 -0.0039188 -0.0577073 -0.0030444 0.0095982 -0.0452558 -0.0030439 -0.0083873 -0.0459686 -0.0030447 -0.009507 -0.0470082 -0.0030455 -0.0105131 -0.0481581 -0.0030474 -0.0121424 -0.0507384 -0.0030431 -0.0067385 -0.0447732 -0.0030425 -0.0049407 -0.0438166 -0.0030421 -0.0035151 -0.0432669 -0.0030419 -0.0020403 -0.0428677 -0.0030418 0.000484 -0.0425479 -0.0030422 0.0040302 -0.0428371 -0.0030428 0.0059921 -0.0433833 -0.0030437 0.008308 -0.0444373 -0.0030509 0.0135986 -0.0533962 -0.0030499 0.0135269 -0.0520279 -0.0030486 0.0131756 -0.0503522 -0.0030475 0.0126917 -0.0490703 -0.0030466 0.0120371 -0.0478665 -0.0030459 0.0114414 -0.0470286 -0.0030597 0.0090784 -0.0650883 -0.0030588 0.0101554 -0.0638279 -0.0030578 0.0110998 -0.0624653 -0.0030567 0.0119017 -0.0610143 -0.0030556 0.0125531 -0.0594897 -0.0030544 0.0130474 -0.0579073 -0.0030527 0.0134533 -0.0557351 -0.0030598 0.008411 -0.065269 -0.0030491 -0.0129385 -0.0529843 -0.0030507 -0.0131569 -0.055026 -0.003052 -0.0130167 -0.0567323 -0.0030531 -0.012696 -0.0580645 -0.0030546 -0.0118818 -0.0599496 -0.0030574 -0.0093405 -0.0634638 -0.0030584 -0.008154 -0.0646216 -0.0030595 -0.0064018 -0.0659681 -0.0030603 -0.0049775 -0.0668166 -0.0030609 -0.0034748 -0.0675169 -0.0030614 -0.0019091 -0.0680621 -0.0030613 -0.0012417 -0.0678815 -0.0030512 0.0048029 -0.0543846 -0.003052 0.0056855 -0.0553109 -0.0030508 0.0035004 -0.0540053 -0.0030511 -0.001202 -0.0546946 -0.0030507 0.0004682 -0.0540865 -0.0030507 0.0019802 -0.053891 -0.0030528 -0.0038188 -0.0570965 -0.0030532 -0.0039173 -0.0576342 -0.0030518 -0.0026823 -0.0556787 -0.0030524 -0.003498 -0.0564946 0.0029553 0.0100088 -0.0455625 0.002956 -0.008387 -0.0459732 0.002955 -0.0098552 -0.0473844 0.0029536 -0.0113944 -0.0494106 0.0029526 -0.0121421 -0.050743 0.0029561 0.0087478 -0.0446998 0.0029569 0.0069404 -0.0437613 0.0029575 0.0050209 -0.0430809 0.0029581 0.0015032 -0.0425474 0.0029582 -2.43e-05 -0.0425815 0.0029581 -0.00204 -0.0428724 0.0029579 -0.0035148 -0.0432715 0.0029575 -0.0049404 -0.0438212 0.0029571 -0.0063014 -0.0445155 0.0029496 0.0135865 -0.0527155 0.0029514 0.0131759 -0.0503569 0.0029525 0.012692 -0.0490749 0.0029537 0.0118484 -0.0475851 0.0029403 0.0090788 -0.065093 0.0029412 0.0101558 -0.0638326 0.0029425 0.0113837 -0.0619954 0.002944 0.0123535 -0.0600098 0.0029464 0.0132873 -0.0568326 0.0029477 0.0135092 -0.0551897 0.0029402 0.0084114 -0.0652736 0.0029504 -0.0130576 -0.053664 0.002948 -0.0130164 -0.0567369 0.0029469 -0.0126956 -0.0580691 0.0029454 -0.0118815 -0.0599542 0.0029444 -0.0110392 -0.061292 0.0029429 -0.009709 -0.0630565 0.002941 -0.0073002 -0.065329 0.00294 -0.0054613 -0.0665544 0.0029393 -0.0039831 -0.067305 0.0029386 -0.0019088 -0.0680667 0.0029387 -0.0012414 -0.0678861 0.0029488 0.0046799 -0.0543297 0.0029487 0.0050365 -0.054533 0.002948 0.0056859 -0.0553155 0.0029493 0.0024895 -0.0538993 0.002949 0.0039985 -0.0541165 0.0029493 0.0007173 -0.0540372 0.002949 -0.0007399 -0.0544852 0.0029482 -0.0026819 -0.0556833 0.0029474 -0.0037151 -0.0568474 0.0029467 -0.0039188 -0.0577073 0.003109 -0.0030131 0.0842178 0.0029092 -0.0001283 0.0849723 0.0029377 -0.0012499 0.0848632 0.0021499 -0.0015556 0.0839653 0.003109 -0.0030131 0.0842178 0.0029092 -0.0001283 0.0849723 0.0021499 -0.0015556 0.0839653 -0.004587 -0.0014614 0.0821659 -0.0057859 -0.0001229 0.0826497 -0.0056715 -0.0023396 0.0822162 -0.0055862 -0.0030078 0.0818951 0.0031087 0.0027604 0.0842323 0.0029092 -0.0001283 0.0849723 0.0029288 0.0008057 0.0849013 0.0021095 0.001214 0.0839615 0.0031087 0.0027604 0.0842323 0.0029092 -0.0001283 0.0849723 -0.0057859 -0.0001229 0.0826497 0.0021095 0.001214 0.0839615 -0.0045872 0.0012181 0.0821727 -0.0055865 0.0027657 0.0819097 -0.0057859 -0.0001229 0.0826497 -0.0045872 0.0012181 0.0821727 -0.0057466 0.0011962 0.0825056 -0.0055865 0.0027657 0.0819097 0.0036539 0.0048788 0.082196 0.0031087 0.0027604 0.0842323 0.0033111 0.0038206 0.083477 0.0024552 0.0035378 0.082673 0.0036539 0.0048788 0.082196 0.0031087 0.0027604 0.0842323 -0.0055865 0.0027657 0.0819097 0.0024552 0.0035378 0.082673 -0.0042416 0.0035419 0.0808842 -0.0050412 0.0048841 0.0798733 -0.0055865 0.0027657 0.0819097 -0.0042416 0.0035419 0.0808842 -0.0053498 0.0039637 0.0810262 -0.0050412 0.0048841 0.0798733 0.0043989 0.0056593 0.079409 0.0036539 0.0048788 0.082196 0.0039658 0.005406 0.0810296 0.0030539 0.0048832 0.0804345 0.0043989 0.0056593 0.079409 0.0036539 0.0048788 0.082196 -0.0050412 0.0048841 0.0798733 0.0030539 0.0048832 0.0804345 -0.0036428 0.0048873 0.0786456 -0.0042963 0.0056647 0.0770863 -0.0050412 0.0048841 0.0798733 -0.0036428 0.0048873 0.0786456 -0.0047293 0.0054113 0.078707 -0.0042963 0.0056647 0.0770863 0.0043989 0.0056593 0.079409 0.0051439 0.0048929 0.0766181 0.0048319 0.0054142 0.0777871 0.0037454 0.0048897 0.0778458 0.0043989 0.0056593 0.079409 0.0051439 0.0048929 0.0766181 -0.0042963 0.0056647 0.0770863 0.0037454 0.0048897 0.0778458 -0.0029513 0.0048939 0.0760569 -0.0035512 0.0048983 0.0742954 -0.0042963 0.0056647 0.0770863 -0.0029513 0.0048939 0.0760569 -0.0038632 0.0054195 0.0754644 -0.0035512 0.0048983 0.0742954 0.0056894 0.0027848 0.0745711 0.0051439 0.0048929 0.0766181 0.0054525 0.0039783 0.0754605 0.0043444 0.0035557 0.0756005 0.0056894 0.0027848 0.0745711 0.0051439 0.0048929 0.0766181 -0.0035512 0.0048983 0.0742954 0.0043444 0.0035557 0.0756005 -0.0023523 0.0035598 0.0738117 -0.0030058 0.0027902 0.0722484 -0.0035512 0.0048983 0.0742954 -0.0023523 0.0035598 0.0738117 -0.0031752 0.0037051 0.0728848 -0.0030058 0.0027902 0.0722484 0.0056894 0.0027848 0.0745711 0.0058377 0.0014025 0.0740126 0.0058892 -0.0001 0.0738165 0.0047341 0.0013364 0.0743123 0.0056894 0.0027848 0.0745711 0.0058892 -0.0001 0.0738165 -0.0030058 0.0027902 0.0722484 0.0047341 0.0013364 0.0743123 -0.0020065 0.0012426 0.0725115 -0.0028456 0.0025936 0.0722907 -0.002806 -9.47e-05 0.0714939 -0.0030058 0.0027902 0.0722484 -0.0020065 0.0012426 0.0725115 -0.0028456 0.0025936 0.0722907 -0.0029022 0.0019445 0.0718588 -0.002806 -9.47e-05 0.0714939 0.0056897 -0.0029887 0.0745566 0.0058385 -0.0015948 0.0740028 0.0058892 -0.0001 0.0738165 0.0047959 -0.0012858 0.0742294 0.0056897 -0.0029887 0.0745566 0.0058892 -0.0001 0.0738165 -0.002806 -9.47e-05 0.0714939 0.0047959 -0.0012858 0.0742294 -0.002902 -0.0021357 0.0718486 -0.0022881 -0.0019856 0.0724281 -0.0030054 -0.0029833 0.0722339 0.0051444 -0.0051071 0.0765929 0.0056897 -0.0029887 0.0745566 0.0055204 -0.0039068 0.0751883 0.0044052 -0.0037196 0.0755175 0.0051444 -0.0051071 0.0765929 0.0056897 -0.0029887 0.0745566 -0.0030054 -0.0029833 0.0722339 0.0044052 -0.0037196 0.0755175 -0.0023519 -0.0037607 0.0737932 -0.0035507 -0.0051017 0.0742703 -0.0030054 -0.0029833 0.0722339 -0.0023519 -0.0037607 0.0737932 -0.0031748 -0.0039015 0.0728656 -0.0035507 -0.0051017 0.0742703 0.0043995 -0.0058876 0.0793799 0.0047373 -0.0057341 0.0781158 0.0051444 -0.0051071 0.0765929 0.003746 -0.0051102 0.0778206 0.0043995 -0.0058876 0.0793799 0.0051444 -0.0051071 0.0765929 -0.0035507 -0.0051017 0.0742703 0.003746 -0.0051102 0.0778206 -0.0029507 -0.0051061 0.0760318 -0.0042956 -0.0058823 0.0770573 -0.0035507 -0.0051017 0.0742703 -0.0029507 -0.0051061 0.0760318 -0.0040547 -0.005804 0.0761553 -0.0042956 -0.0058823 0.0770573 0.0043995 -0.0058876 0.0793799 0.0036545 -0.0051212 0.0821708 0.0039194 -0.0055843 0.0811778 0.0030545 -0.0051168 0.0804093 0.0043995 -0.0058876 0.0793799 0.0036545 -0.0051212 0.0821708 -0.0042956 -0.0058823 0.0770573 0.0030545 -0.0051168 0.0804093 -0.0036422 -0.0051127 0.0786205 -0.0050407 -0.0051158 0.0798482 -0.0042956 -0.0058823 0.0770573 -0.0036422 -0.0051127 0.0786205 -0.0048221 -0.0055148 0.0790292 -0.0050407 -0.0051158 0.0798482 0.0036545 -0.0051212 0.0821708 0.003109 -0.0030131 0.0842178 -0.0055862 -0.0030078 0.0818951 -0.0050407 -0.0051158 0.0798482 -0.0042698 -0.0038566 0.0808112 0.0024756 -0.0037379 0.0827407 -0.0055862 -0.0030078 0.0818951 -0.0050407 -0.0051158 0.0798482 -0.0052772 -0.0044618 0.0807353 -0.0042698 -0.0038566 0.0808112 0.0036545 -0.0051212 0.0821708 0.003109 -0.0030131 0.0842178 0.0033458 -0.0042066 0.0833283 0.0024756 -0.0037379 0.0827407 -0.0015023 -0.0005307 0.0084906 -0.0015018 -0.0003765 0.0091303 -0.0015025 -0.0003155 0.0082844 -0.0015017 -7.42e-05 0.0092464 -0.0015018 0.001312 0.0092622 -0.0015026 0.0013146 0.008244 -0.0014901 -0.0004989 0.0242932 -0.0014902 -0.0008021 0.0241053 -0.0012401 -0.0004667 0.0242318 -0.0012402 -0.0008021 0.0241052 -0.0012401 -0.0004667 0.0242318 -0.0012402 -0.0008021 0.0241052 -0.0012399 -0.0009181 0.0244894 -0.0012398 -0.0005344 0.0245948 -0.0012394 0.0012717 0.0252787 -0.0012397 0.0012726 0.024915 -0.0012396 -0.0006117 0.0249049 -0.0012397 -0.0003622 0.0248068 -0.0012393 -0.0008717 0.0252733 -0.0012396 -0.0008708 0.0249414 -0.0014896 -0.0005473 0.0249386 -0.0014898 -0.0009058 0.024579 -0.0012399 -0.0009181 0.0244894 -0.0012396 -0.0006117 0.0249049 -0.0014898 -0.0009058 0.024579 -0.0014902 -0.0008021 0.0241053 -0.0012402 -0.0008021 0.0241052 -0.0012399 -0.0009181 0.0244894 -0.0014896 -0.0005473 0.0249386 -0.0014896 -0.0008708 0.0249416 -0.0012396 -0.0006117 0.0249049 -0.0012396 -0.0008708 0.0249414 -0.0014896 -0.0008708 0.0249416 -0.0014893 -0.0008717 0.0252735 -0.0012393 -0.0008717 0.0252733 -0.0012396 -0.0008708 0.0249414 -0.0014893 -0.0008717 0.0252735 -0.0014894 0.0012717 0.0252789 -0.0012394 0.0012717 0.0252787 -0.0012393 -0.0008717 0.0252733 -0.0014894 0.0012717 0.0252789 -0.0014897 0.0012726 0.0249152 -0.0012394 0.0012717 0.0252787 -0.0012397 0.0012726 0.024915 -0.0014897 -0.0004505 0.0247409 -0.0014901 -0.0004989 0.0242932 -0.0012401 -0.0004667 0.0242318 -0.0012398 -0.0005344 0.0245948 -0.0014897 -0.0004505 0.0247409 -0.0014897 0.0012726 0.0249152 -0.0012397 0.0012726 0.024915 -0.0012397 -0.0003622 0.0248068 -0.0014887 0.0012694 0.0261812 -0.001489 0.0012703 0.025816 -0.0012387 0.0012694 0.026181 -0.001239 0.0012704 0.0258158 -0.0012387 0.0012694 0.026181 -0.001239 0.0012704 0.0258158 -0.0012383 -0.000922 0.026606 -0.0012389 -0.0005179 0.0258659 -0.0012378 -0.0006545 0.0271783 -0.0012386 -0.000823 0.0261237 -0.0012385 -0.0004497 0.0262682 -0.001238 -0.0005147 0.0269494 -0.0012376 0.001266 0.0275675 -0.0012379 0.0012669 0.0272038 -0.0012379 -0.0002421 0.0271563 -0.0012375 -0.0016957 0.0275601 -0.0012378 -0.0016948 0.0271964 -0.0014878 -0.0006775 0.0271561 -0.0014881 -0.0009018 0.0267549 -0.0012383 -0.000922 0.026606 -0.0012378 -0.0006545 0.0271783 -0.0014885 -0.0008775 0.0262575 -0.0014881 -0.0009018 0.0267549 -0.0014888 -0.0006207 0.0259097 -0.0012383 -0.000922 0.026606 -0.0012389 -0.0005179 0.0258659 -0.0012386 -0.000823 0.0261237 -0.0014888 -0.0006207 0.0259097 -0.001489 0.0012703 0.025816 -0.001239 0.0012704 0.0258158 -0.0012389 -0.0005179 0.0258659 -0.0014878 -0.0016948 0.0271966 -0.0014878 -0.0006775 0.0271561 -0.0012378 -0.0006545 0.0271783 -0.0012378 -0.0016948 0.0271964 -0.0014878 -0.0016948 0.0271966 -0.0014875 -0.0016957 0.0275603 -0.0012375 -0.0016957 0.0275601 -0.0012378 -0.0016948 0.0271964 -0.0014875 -0.0016957 0.0275603 -0.0014876 0.0012659 0.0275677 -0.0012376 0.001266 0.0275675 -0.0012375 -0.0016957 0.0275601 -0.0014876 0.0012659 0.0275677 -0.0014879 0.0012669 0.027204 -0.0012376 0.001266 0.0275675 -0.0012379 0.0012669 0.0272038 -0.0014884 -0.0005671 0.0264075 -0.0014881 -0.000546 0.0268964 -0.0012385 -0.0004497 0.0262682 -0.001238 -0.0005147 0.0269494 -0.0014881 -0.000546 0.0268964 -0.0014879 -0.000171 0.0271754 -0.001238 -0.0005147 0.0269494 -0.0012379 -0.0002421 0.0271563 -0.0014879 -0.000171 0.0271754 -0.0014879 0.0012669 0.027204 -0.0012379 0.0012669 0.0272038 -0.0012379 -0.0002421 0.0271563 -0.0014886 -0.0002835 0.0261977 -0.0014887 0.0012694 0.0261812 -0.0012387 0.0012694 0.026181 -0.0012385 -0.0004497 0.0262682 -0.0014872 0.000359 0.0280131 -0.0014871 0.0008989 0.0282804 -0.001237 0.0010249 0.0284027 -0.0012373 0.0003254 0.0280038 -0.001237 0.0010249 0.0284027 -0.0012373 0.0003254 0.0280038 -0.0012369 -0.0007925 0.0284352 -0.0012356 0.0009997 0.0301605 -0.0012367 0.0012448 0.0287888 -0.001237 -0.0013183 0.0282635 -0.0012358 0.0007634 0.0298626 -0.0012366 0.0009275 0.028939 -0.001236 -0.0013936 0.0294623 -0.0012354 0.0007073 0.0303837 -0.0012359 -0.0016948 0.0296492 -0.0012363 0.0013108 0.0293115 -0.0012356 0.0003944 0.0301146 -0.0012368 0.0007783 0.0286847 -0.0012366 -0.0016719 0.0287499 -0.0012357 -0.0012278 0.0298318 -0.0012356 -0.0014885 0.0300687 -0.0012361 0.0009515 0.029494 -0.0012365 -0.0013607 0.0289085 -0.0012352 -0.0006707 0.0305762 -0.0012355 -0.0005871 0.030182 -0.0012369 0.0002251 0.028393 -0.0012371 -0.0008824 0.0280508 -0.0014872 0.000359 0.0280131 -0.0014869 0.0002251 0.0283932 -0.0012373 0.0003254 0.0280038 -0.0012369 0.0002251 0.028393 -0.0014864 -0.001377 0.0289559 -0.0014868 -0.0008211 0.0284445 -0.0012369 -0.0007925 0.0284352 -0.0012365 -0.0013607 0.0289085 -0.0014864 -0.001377 0.0289559 -0.0014857 -0.0012114 0.0298518 -0.0014861 -0.0014048 0.0293931 -0.001236 -0.0013936 0.0294623 -0.0012357 -0.0012278 0.0298318 -0.0012365 -0.0013607 0.0289085 -0.0014857 -0.0012114 0.0298518 -0.0014855 -0.000477 0.0301991 -0.0012357 -0.0012278 0.0298318 -0.0012355 -0.0005871 0.030182 -0.001486 0.0008737 0.0297035 -0.0014857 0.0005432 0.0300446 -0.0014855 -0.000477 0.0301991 -0.0014867 0.0007941 0.0287029 -0.0014863 0.0009767 0.0292495 -0.0014869 0.0002251 0.0283932 -0.0012358 0.0007634 0.0298626 -0.0012366 0.0009275 0.028939 -0.0012356 0.0003944 0.0301146 -0.0012368 0.0007783 0.0286847 -0.0012361 0.0009515 0.029494 -0.0012355 -0.0005871 0.030182 -0.0012369 0.0002251 0.028393 -0.0014868 -0.0008211 0.0284445 -0.0014871 -0.0008825 0.028051 -0.0012369 -0.0007925 0.0284352 -0.0012371 -0.0008824 0.0280508 -0.0014865 0.0012951 0.0289954 -0.0014858 0.0011221 0.0300013 -0.0014871 0.0008989 0.0282804 -0.001237 0.0010249 0.0284027 -0.0012356 0.0009997 0.0301605 -0.0012367 0.0012448 0.0287888 -0.0012363 0.0013108 0.0293115 -0.0014858 0.0011221 0.0300013 -0.0014852 -0.0003547 0.030616 -0.0014854 0.0006106 0.0304355 -0.0014852 -0.0009141 0.0305047 -0.0012356 0.0009997 0.0301605 -0.0012354 0.0007073 0.0303837 -0.0012356 -0.0014885 0.0300687 -0.0012352 -0.0006707 0.0305762 -0.0014852 -0.0009141 0.0305047 -0.0014857 -0.0016358 0.0298152 -0.0012359 -0.0016948 0.0296492 -0.0012356 -0.0014885 0.0300687 -0.0014863 -0.0017478 0.0291259 -0.0014869 -0.0014475 0.0283811 -0.0014871 -0.0008825 0.028051 -0.001237 -0.0013183 0.0282635 -0.0012366 -0.0016719 0.0287499 -0.0012371 -0.0008824 0.0280508 -0.0014603 0.0011768 0.0629801 -0.0014605 0.0011777 0.0626164 -0.0012103 0.0011768 0.0629799 -0.0012105 0.0011778 0.0626162 -0.0012103 0.0011768 0.0629799 -0.0012105 0.0011778 0.0626162 -0.0012096 -0.0010645 0.0636852 -0.0012096 -0.000704 0.0637048 -0.0012101 -0.001126 0.0629892 -0.00121 -0.0014885 0.0630714 -0.0012104 -0.0017983 0.0626087 -0.0012102 -0.0017649 0.0628634 -0.0014605 0.0011777 0.0626164 -0.0014604 -0.0017983 0.0626089 -0.0012105 0.0011778 0.0626162 -0.0012104 -0.0017983 0.0626087 -0.0014602 -0.0017989 0.0628453 -0.0014604 -0.0017983 0.0626089 -0.0012104 -0.0017983 0.0626087 -0.0012102 -0.0017649 0.0628634 -0.0014596 -0.0010645 0.0636854 -0.0014602 -0.0017989 0.0628453 -0.0012096 -0.0010645 0.0636852 -0.00121 -0.0014885 0.0630714 -0.0012102 -0.0017649 0.0628634 -0.0014596 -0.000704 0.063705 -0.0014596 -0.0010645 0.0636854 -0.0012096 -0.0010645 0.0636852 -0.0012096 -0.000704 0.0637048 -0.0014601 -0.00114 0.0629742 -0.0014596 -0.000704 0.063705 -0.0012096 -0.000704 0.0637048 -0.0012101 -0.001126 0.0629892 -0.0014603 0.0011768 0.0629801 -0.0014601 -0.00114 0.0629742 -0.0012103 0.0011768 0.0629799 -0.0012101 -0.001126 0.0629892 -0.0014945 0.0011817 0.0186818 -0.0014942 0.0012874 0.0190457 -0.0012442 0.0012874 0.0190455 -0.0012445 0.0012883 0.0186818 -0.0012442 0.0012874 0.0190455 -0.0012445 0.0012883 0.0186818 -0.0012434 -0.0005311 0.0200047 -0.0012432 -0.0002431 0.0203234 -0.0012427 -0.0008574 0.0209097 -0.0012444 -0.0002405 0.0186791 -0.0012441 -0.0002354 0.0190496 -0.0012438 -0.0005852 0.0195196 -0.0012436 -0.0008346 0.0196769 -0.0012431 -0.0005144 0.0204376 -0.0012442 -0.0007689 0.01889 -0.0012432 0.0012842 0.0203206 -0.0012427 -0.000536 0.0209466 -0.0012434 -0.0005638 0.019983 -0.0012423 0.001281 0.021595 -0.001244 -0.0005244 0.0191814 -0.0012434 -0.0005356 0.0200018 -0.0012435 0.0002188 0.0199543 -0.0012431 -0.0008813 0.0203857 -0.0012435 0.0012851 0.019957 -0.0012425 0.0012819 0.0212313 -0.0012435 -0.0003813 0.0198496 -0.0012424 -0.0005623 0.0212593 -0.0012425 -0.0002056 0.0211894 -0.0012421 -0.0008624 0.0215896 -0.0012424 -0.0008616 0.0212623 -0.0014934 -0.0005311 0.0200049 -0.0014934 -0.0005356 0.020002 -0.0012434 -0.0005311 0.0200047 -0.0014936 -0.0007899 0.0197568 -0.0014934 -0.0005356 0.020002 -0.0012436 -0.0008346 0.0196769 -0.0012434 -0.0005638 0.019983 -0.001494 -0.0008949 0.0191948 -0.0014943 -0.0007478 0.0188665 -0.0012436 -0.0008346 0.0196769 -0.0012442 -0.0007689 0.01889 -0.0014943 -0.0007478 0.0188665 -0.0014945 0.0011817 0.0186818 -0.0014944 -0.0004173 0.0186989 -0.0012445 0.0012883 0.0186818 -0.0012444 -0.0002405 0.0186791 -0.0012442 -0.0007689 0.01889 -0.0014934 -0.0005356 0.020002 -0.0012434 -0.0005311 0.0200047 -0.0012434 -0.0005638 0.019983 -0.0012434 -0.0005356 0.0200018 -0.0014931 -0.0008481 0.0202907 -0.0014924 -0.0005623 0.0212595 -0.0014926 -0.0008195 0.0209915 -0.0014929 -0.000908 0.0206452 -0.0012427 -0.0008574 0.0209097 -0.0012431 -0.0008813 0.0203857 -0.0012424 -0.0005623 0.0212593 -0.0014931 -0.0008481 0.0202907 -0.0014934 -0.0005356 0.020002 -0.0012434 -0.0005311 0.0200047 -0.0012431 -0.0008813 0.0203857 -0.0014924 -0.0005623 0.0212595 -0.0014924 -0.0008616 0.0212625 -0.0012424 -0.0005623 0.0212593 -0.0012424 -0.0008616 0.0212623 -0.0014924 -0.0008616 0.0212625 -0.0014921 -0.0008624 0.0215898 -0.0012421 -0.0008624 0.0215896 -0.0012424 -0.0008616 0.0212623 -0.0014921 -0.0008624 0.0215898 -0.0014923 0.001281 0.0215952 -0.0012423 0.001281 0.021595 -0.0012421 -0.0008624 0.0215896 -0.0014923 0.001281 0.0215952 -0.0014925 0.0012819 0.0212315 -0.0012423 0.001281 0.021595 -0.0012425 0.0012819 0.0212313 -0.0014931 -0.0005009 0.0204229 -0.0014932 0.0012842 0.0203208 -0.0012432 -0.0002431 0.0203234 -0.0012431 -0.0005144 0.0204376 -0.0012432 0.0012842 0.0203206 -0.0014927 -0.0005433 0.0209328 -0.0014931 -0.0005009 0.0204229 -0.0012431 -0.0005144 0.0204376 -0.0012427 -0.000536 0.0209466 -0.0014927 -0.0005433 0.0209328 -0.0014925 -0.0003121 0.0211542 -0.0012427 -0.000536 0.0209466 -0.0012425 -0.0002056 0.0211894 -0.0014925 -0.0003121 0.0211542 -0.0014925 0.0012819 0.0212315 -0.0012425 0.0012819 0.0212313 -0.0012425 -0.0002056 0.0211894 -0.0014932 0.0012842 0.0203208 -0.0014935 0.0012851 0.0199572 -0.0012432 0.0012842 0.0203206 -0.0012435 0.0012851 0.019957 -0.001494 -0.0005244 0.0191816 -0.0014942 0.0012874 0.0190457 -0.0012442 0.0012874 0.0190455 -0.0012441 -0.0002354 0.0190496 -0.001244 -0.0005244 0.0191814 -0.0014938 -0.0005922 0.0194487 -0.001494 -0.0005244 0.0191816 -0.0012438 -0.0005852 0.0195196 -0.001244 -0.0005244 0.0191814 -0.0014935 -0.0003929 0.0198415 -0.0014938 -0.0005922 0.0194487 -0.0012438 -0.0005852 0.0195196 -0.0012435 -0.0003813 0.0198496 -0.0014935 -0.0003929 0.0198415 -0.0014935 0.0012851 0.0199572 -0.0012435 0.0002188 0.0199543 -0.0012435 0.0012851 0.019957 -0.0012435 -0.0003813 0.0198496 -0.0014963 0.0003147 0.0162756 -0.0014951 0.0003107 0.0178818 -0.0012463 0.0003147 0.0162754 -0.0012451 0.0003275 0.0178805 -0.0014963 0.0006496 0.0162885 -0.001496 0.0012442 0.0167554 -0.0012462 0.0010833 0.0165295 -0.0012463 0.0006496 0.0162883 -0.001495 0.0009898 0.0180299 -0.001496 0.0012442 0.0167554 -0.0014955 0.0013375 0.0173502 -0.0012457 0.0013388 0.0171215 -0.0012453 0.0012676 0.0176593 -0.0012449 0.0008588 0.0181154 -0.0012462 0.0010833 0.0165295 -0.0014948 8.87e-05 0.0182474 -0.001495 -0.0006308 0.0179482 -0.0014952 -0.0008512 0.0175906 -0.0014948 0.0004943 0.0182347 -0.0012448 8.87e-05 0.0182472 -0.0012449 -0.0005369 0.018027 -0.0012451 -0.0007385 0.0178218 -0.0014956 -0.0008977 0.0171771 -0.0014952 -0.0008512 0.0175906 -0.0012451 -0.0007385 0.0178218 -0.0012457 -0.0008724 0.0170088 -0.0014956 -0.0008977 0.0171771 -0.0014961 -0.0005677 0.0165119 -0.0014963 0.0003147 0.0162756 -0.0012463 0.0003147 0.0162754 -0.0012457 -0.0008724 0.0170088 -0.001246 -0.0006982 0.0166404 -0.0012462 -0.0003795 0.0163904 -0.0014963 0.0006496 0.0162885 -0.001496 0.0006024 0.0166619 -0.0012463 0.0006496 0.0162883 -0.001246 0.0006024 0.0166617 -0.0014954 0.0009892 0.0174928 -0.0014952 0.0007149 0.0177799 -0.0014951 0.0003107 0.0178818 -0.0012451 0.0003275 0.0178805 -0.0012452 0.0007344 0.017769 -0.0012455 0.0010164 0.0174201 -0.0014954 0.0009892 0.0174928 -0.0014957 0.0010261 0.0170727 -0.0012455 0.0010164 0.0174201 -0.0012457 0.0010338 0.0171099 -0.0014957 0.0010261 0.0170727 -0.001496 0.0006024 0.0166619 -0.001246 0.0006024 0.0166617 -0.0012457 0.0010338 0.0171099 -0.0014993 -0.0016571 0.0122285 -0.0014986 0.0013016 0.0133952 -0.0012486 0.0013016 0.013395 -0.0012493 -0.0016571 0.0122283 -0.0012486 0.0013016 0.013395 -0.0012493 -0.0016571 0.0122283 -0.0012483 0.0013006 0.013795 -0.0012484 0.0009738 0.0135923 -0.0012472 -0.0016639 0.0149354 -0.001249 -0.0016581 0.0126261 -0.0012476 -0.0016629 0.0145134 -0.001499 -0.0016581 0.0126263 -0.0014993 -0.0016571 0.0122285 -0.0012493 -0.0016571 0.0122283 -0.001249 -0.0016581 0.0126261 -0.001499 -0.0016581 0.0126263 -0.0014984 0.0009738 0.0135925 -0.0012484 0.0009738 0.0135923 -0.001249 -0.0016581 0.0126261 -0.0014976 -0.0016629 0.0145136 -0.0014984 0.0009738 0.0135925 -0.0012484 0.0009738 0.0135923 -0.0012476 -0.0016629 0.0145134 -0.0014976 -0.0016629 0.0145136 -0.0014972 -0.0016639 0.0149356 -0.0012472 -0.0016639 0.0149354 -0.0012476 -0.0016629 0.0145134 -0.0014972 -0.0016639 0.0149356 -0.0014983 0.0013006 0.0137952 -0.0012483 0.0013006 0.013795 -0.0012472 -0.0016639 0.0149354 -0.0014983 0.0013006 0.0137952 -0.0014986 0.0013016 0.0133952 -0.0012486 0.0013016 0.013395 -0.0012483 0.0013006 0.013795 -0.0015009 0.001309 0.010454 -0.0015012 0.00131 0.0100722 -0.0012509 0.001309 0.0104538 -0.0012512 0.00131 0.010072 -0.0014996 -0.0002998 0.0119676 -0.0014998 -0.0006944 0.0117168 -0.0012496 -0.0002387 0.0119811 -0.0012498 -0.0007487 0.0116359 -0.0015004 -0.000879 0.0108637 -0.0015001 -0.0008604 0.0113148 -0.0015009 -0.0006672 0.010324 -0.0014998 -0.0006944 0.0117168 -0.0012498 -0.0007487 0.0116359 -0.0012506 -0.0008496 0.0106562 -0.0015011 0.0010625 0.010164 -0.0015009 -0.0006672 0.010324 -0.001501 -0.0003178 0.0101969 -0.0015012 0.00131 0.0100722 -0.0012512 0.00131 0.010072 -0.001251 -0.0004053 0.0102084 -0.0012511 0.0010625 0.0101638 -0.0014996 -0.0002998 0.0119676 -0.0014999 -0.000179 0.0116284 -0.0012496 -0.0002387 0.0119811 -0.0012499 -0.0001789 0.0116282 -0.0015005 -0.0005572 0.0108192 -0.0015007 -0.000398 0.0106018 -0.0015001 -0.0005361 0.0113731 -0.0012504 -0.0005812 0.0109441 -0.0012501 -0.0005423 0.0113574 -0.0012506 -0.0004735 0.0106617 -0.0014999 -0.000179 0.0116284 -0.0015001 -0.0005361 0.0113731 -0.0012499 -0.0001789 0.0116282 -0.0012501 -0.0005423 0.0113574 -0.0015007 -0.000398 0.0106018 -0.0015007 -5.27e-05 0.0105498 -0.0012506 -0.0004735 0.0106617 -0.0012507 -5.27e-05 0.0105496 -0.0015008 0.0010729 0.0105242 -0.0014999 0.0012625 0.0117445 -0.0015004 0.0013249 0.0110493 -0.0012504 0.0013249 0.0110491 -0.00125 0.0013229 0.0115938 -0.0012508 0.001073 0.010524 -0.0014999 0.0012625 0.0117445 -0.0014996 0.0008914 0.0120325 -0.00125 0.0013229 0.0115938 -0.0012497 0.0010521 0.0119678 -0.0014997 0.0004029 0.0119509 -0.0014996 0.0008914 0.0120325 -0.0012497 0.0010521 0.0119678 -0.0012496 0.000465 0.0119874 -0.0014997 0.0004029 0.0119509 -0.0014999 0.0001936 0.0116952 -0.0012496 0.000465 0.0119874 -0.0012498 0.0002522 0.0117997 -0.0014999 0.0001936 0.0116952 -0.0015007 -5.27e-05 0.0105498 -0.0012507 -5.27e-05 0.0105496 -0.0012498 0.0002522 0.0117997 -0.0015009 0.001309 0.010454 -0.0015008 0.0010729 0.0105242 -0.0012509 0.001309 0.0104538 -0.0012508 0.001073 0.010524 -0.0015026 0.0013146 0.008244 -0.0015029 0.0013155 0.0078788 -0.0012526 0.0013146 0.0082438 -0.0012529 0.0013155 0.0078786 -0.0012526 0.0013146 0.0082438 -0.0012529 0.0013155 0.0078786 -0.0012527 -0.0004641 0.007922 -0.0012524 -0.0004049 0.0083283 -0.0012518 -0.0007024 0.0091341 -0.0012526 -0.000742 0.0081296 -0.0012519 -0.0004747 0.0090145 -0.0012521 -0.0008698 0.0087454 -0.0012515 0.0013111 0.0096257 -0.0012517 -0.000534 0.0092861 -0.0012517 -0.0001621 0.0092304 -0.0012518 0.001312 0.009262 -0.0012522 -0.0005617 0.0086171 -0.0012514 -0.0008323 0.0096203 -0.0012517 -0.0008315 0.009293 -0.0015017 -0.0005284 0.0092902 -0.0015026 -0.0007314 0.008115 -0.0015022 -0.000877 0.0085646 -0.0015019 -0.0008139 0.0089536 -0.0012518 -0.0007024 0.0091341 -0.0012526 -0.000742 0.0081296 -0.0012521 -0.0008698 0.0087454 -0.0012517 -0.000534 0.0092861 -0.0015026 -0.0007314 0.008115 -0.0015027 -0.0004465 0.0079163 -0.0012527 -0.0004641 0.007922 -0.0012526 -0.000742 0.0081296 -0.0015027 -0.0004465 0.0079163 -0.0015029 0.0013155 0.0078788 -0.0012529 0.0013155 0.0078786 -0.0012527 -0.0004641 0.007922 -0.0015017 -0.0005284 0.0092902 -0.0015017 -0.0008315 0.0092932 -0.0012517 -0.000534 0.0092861 -0.0012517 -0.0008315 0.009293 -0.0015017 -0.0008315 0.0092932 -0.0015014 -0.0008323 0.0096205 -0.0012514 -0.0008323 0.0096203 -0.0012517 -0.0008315 0.009293 -0.0015014 -0.0008323 0.0096205 -0.0015015 0.0013111 0.0096259 -0.0012515 0.0013111 0.0096257 -0.0012514 -0.0008323 0.0096203 -0.0015018 0.001312 0.0092622 -0.0015015 0.0013111 0.0096259 -0.0012515 0.0013111 0.0096257 -0.0012518 0.001312 0.009262 -0.0015018 -0.0003765 0.0091303 -0.0015017 -7.42e-05 0.0092464 -0.0015018 0.001312 0.0092622 -0.0012519 -0.0004747 0.0090145 -0.0012517 -0.0001621 0.0092304 -0.0012518 0.001312 0.009262 -0.0015025 -0.0003155 0.0082844 -0.0015026 0.0013146 0.008244 -0.0012526 0.0013146 0.0082438 -0.0012524 -0.0004049 0.0083283 -0.0015023 -0.0005307 0.0084906 -0.0015025 -0.0003155 0.0082844 -0.0012524 -0.0004049 0.0083283 -0.0012522 -0.0005617 0.0086171 -0.0015023 -0.0005307 0.0084906 -0.0015018 -0.0003765 0.0091303 -0.0012519 -0.0004747 0.0090145 -0.0012522 -0.0005617 0.0086171 -0.0015044 0.0013206 0.0058521 -0.0015047 0.0013215 0.0054702 -0.0012544 0.0013206 0.0058519 -0.0012547 0.0012966 0.0054837 -0.0015032 -0.0002883 0.0073656 -0.0015033 -0.0005558 0.0072403 -0.0012534 -0.0007241 0.0070555 -0.0012532 -0.0002145 0.0073815 -0.0015033 -0.0005558 0.0072403 -0.0015043 -0.0007543 0.005842 -0.0015036 -0.0008309 0.0067967 -0.0012534 -0.0007241 0.0070555 -0.0012538 -0.0008702 0.006519 -0.0012543 -0.0007702 0.0058683 -0.0015043 -0.0007543 0.005842 -0.0015045 -0.0004919 0.0056279 -0.0012543 -0.0007702 0.0058683 -0.0012545 -0.0005638 0.0056567 -0.0015046 0.0009206 0.0055772 -0.0015045 -0.0004919 0.0056279 -0.0015047 0.0013215 0.0054702 -0.0012545 -0.0005638 0.0056567 -0.0012547 0.0012966 0.0054837 -0.0015032 -0.0002883 0.0073656 -0.0015034 -0.0001674 0.0070265 -0.0012532 -0.0002145 0.0073815 -0.0012534 -0.0001674 0.0070263 -0.0015041 -0.0005319 0.0061784 -0.0015036 -0.0005308 0.0067556 -0.001254 -0.0005544 0.0062499 -0.0012535 -0.0004587 0.0068794 -0.0015034 -0.0001674 0.0070265 -0.0015036 -0.0005308 0.0067556 -0.0012534 -0.0001674 0.0070263 -0.0012535 -0.0004587 0.0068794 -0.0015043 -0.0003194 0.0059687 -0.0015041 -0.0005319 0.0061784 -0.001254 -0.0005544 0.0062499 -0.0012543 -4.11e-05 0.0059477 -0.0015032 0.0005961 0.0074294 -0.0015032 0.001033 0.0073832 -0.0015043 -2.96e-05 0.0059823 -0.0015034 0.0002282 0.0071393 -0.0012543 -4.11e-05 0.0059477 -0.0012533 0.0011916 0.007259 -0.0012532 0.0006972 0.0074448 -0.0012534 0.0002282 0.0071391 -0.0012532 0.0004298 0.0073589 -0.0015032 0.001033 0.0073832 -0.0015044 0.0010845 0.0059222 -0.0015035 0.0013026 0.0070834 -0.0015039 0.0013575 0.0065532 -0.001254 0.0013271 0.0064122 -0.0012537 0.001362 0.0068471 -0.0012533 0.0011916 0.007259 -0.0012544 0.0010845 0.005922 -0.0015044 0.0013206 0.0058521 -0.0015044 0.0010845 0.0059222 -0.0012544 0.0013206 0.0058519 -0.0012544 0.0010845 0.005922 -0.0015061 0.0013129 0.0036344 -0.0015064 0.001327 0.003295 -0.0012561 0.0013262 0.0036342 -0.0012564 0.001327 0.0032948 -0.0015064 0.001327 0.003295 -0.0015063 -0.0010437 0.0032891 -0.0015062 -0.0016346 0.0032876 -0.0012564 0.001327 0.0032948 -0.0012562 -0.0016346 0.0032874 -0.001506 -0.0016355 0.0036512 -0.0015062 -0.0016346 0.0032876 -0.0012562 -0.0016346 0.0032874 -0.001256 -0.0016355 0.003651 -0.001506 -0.0005932 0.0036726 -0.001506 -0.0016355 0.0036512 -0.001256 -0.0016355 0.003651 -0.001256 -0.0005932 0.0036724 -0.0015061 0.0010965 0.0036665 -0.0015061 0.0011169 0.0036816 -0.0015061 0.001136 0.0036968 -0.0012561 0.0010965 0.0036663 -0.0012561 0.001136 0.0036966 -0.0012561 0.0011169 0.0036814 -0.0015057 -0.0008524 0.0040834 -0.0015049 -0.0001554 0.0051059 -0.0015054 0.0013179 0.0045464 -0.001505 0.0006934 0.0050912 -0.001505 -0.00053 0.0049326 -0.0015052 0.0011395 0.004819 -0.0015054 -0.000848 0.0044436 -0.0012559 0.0013382 0.0039864 -0.0012554 0.0013079 0.0045703 -0.0012551 0.0010107 0.0049314 -0.0012549 0.000254 0.0051529 -0.001255 -0.000335 0.0050447 -0.0012552 -0.000727 0.0047301 -0.0012554 -0.0008417 0.0044715 -0.0012557 -0.0008341 0.004009 -0.0015057 -0.0008524 0.0040834 -0.001506 -0.0005932 0.0036726 -0.0012557 -0.0008341 0.004009 -0.001256 -0.0005932 0.0036724 -0.0015061 0.0010965 0.0036665 -0.0015061 0.0013129 0.0036344 -0.0012561 0.0013262 0.0036342 -0.0012561 0.0010965 0.0036663 -0.0015067 -0.001221 0.0027211 -0.001507 -0.0012201 0.0023575 -0.0012567 -0.001221 0.0027209 -0.001257 -0.0012201 0.0023573 -0.001507 -0.0012201 0.0023575 -0.001507 -0.0016323 0.0023564 -0.001257 -0.0012201 0.0023573 -0.001257 -0.0016323 0.0023562 -0.0015067 -0.0016332 0.0027201 -0.001507 -0.0016323 0.0023564 -0.001257 -0.0016323 0.0023562 -0.0012567 -0.0016332 0.0027199 -0.0015067 -0.0016332 0.0027201 -0.0015067 -0.001221 0.0027211 -0.0012567 -0.001221 0.0027209 -0.0012567 -0.0016332 0.0027199 -0.0012567 -0.001221 0.0027209 -0.001257 -0.0012201 0.0023573 -0.001257 -0.0016323 0.0023562 -0.0012567 -0.0016332 0.0027199 -0.0015069 0.0013284 0.0027275 -0.0015071 0.0013294 0.0023639 -0.0012569 0.0013285 0.0027273 -0.0012571 0.0013294 0.0023637 -0.0015071 0.0013294 0.0023639 -0.001507 -0.000814 0.0023585 -0.0012571 0.0013294 0.0023637 -0.001257 -0.000814 0.0023583 -0.0015067 -0.0008149 0.0027221 -0.001507 -0.000814 0.0023585 -0.001257 -0.000814 0.0023583 -0.0012567 -0.0008149 0.002722 -0.0015067 -0.0008149 0.0027221 -0.0015069 0.0013284 0.0027275 -0.0012569 0.0013285 0.0027273 -0.0012567 -0.0008149 0.002722 -0.0012569 0.0013285 0.0027273 -0.0012571 0.0013294 0.0023637 -0.001257 -0.000814 0.0023583 -0.0012567 -0.0008149 0.002722 -0.0015087 0.0013012 0.0003962 -0.0015089 0.0013351 7.05e-05 -0.0012587 0.0013343 0.0003961 -0.0012589 0.0013351 7.03e-05 -0.0012587 0.0013343 0.0003961 -0.0012589 0.0013351 7.03e-05 -0.0012577 -0.0008117 0.001443 -0.0012574 -0.0008126 0.0018067 -0.0012582 0.0013823 0.0010305 -0.0012582 0.001065 0.0009386 -0.0012588 -0.0008082 6.49e-05 -0.0012576 0.0009751 0.0017528 -0.0012584 0.0012841 0.000681 -0.0012585 0.0009111 0.0005961 -0.0012586 0.0010386 0.0004141 -0.0012585 -0.0008092 0.0004286 -0.0012579 0.0009042 0.001365 -0.0012577 0.0011708 0.0016371 -0.0012586 0.0005525 0.0004447 -0.0015089 0.0013351 7.05e-05 -0.0015088 -0.0008083 6.51e-05 -0.0012589 0.0013351 7.03e-05 -0.0012588 -0.0008082 6.49e-05 -0.0015085 -0.0008092 0.0004287 -0.0015088 -0.0008083 6.51e-05 -0.0012588 -0.0008082 6.49e-05 -0.0012585 -0.0008092 0.0004286 -0.0015079 0.0009666 0.0013053 -0.0015077 -0.0008117 0.0014432 -0.0012577 -0.0008117 0.001443 -0.0012579 0.0009042 0.001365 -0.0015079 0.0009666 0.0013053 -0.0015082 0.001065 0.0009388 -0.0012582 0.001065 0.0009386 -0.0012579 0.0009042 0.001365 -0.0015082 0.001065 0.0009388 -0.0015086 0.0006213 0.0004562 -0.0012582 0.001065 0.0009386 -0.0012585 0.0009111 0.0005961 -0.0015086 0.0006213 0.0004562 -0.0015085 -0.0008092 0.0004287 -0.0012585 0.0009111 0.0005961 -0.0012585 -0.0008092 0.0004286 -0.0012586 0.0005525 0.0004447 -0.0015077 -0.0008117 0.0014432 -0.0015074 -0.0008126 0.0018069 -0.0012577 -0.0008117 0.001443 -0.0012574 -0.0008126 0.0018067 -0.0015086 0.0010191 0.0004004 -0.0015084 0.0012958 0.0007024 -0.0015079 0.001333 0.001371 -0.0012582 0.0013823 0.0010305 -0.0012584 0.0012841 0.000681 -0.0012586 0.0010386 0.0004141 -0.0015076 0.0011086 0.0016884 -0.0015075 0.0007166 0.0018021 -0.0015079 0.001333 0.001371 -0.0015074 -0.0008126 0.0018069 -0.0012574 -0.0008126 0.0018067 -0.0012582 0.0013823 0.0010305 -0.0012576 0.0009751 0.0017528 -0.0012577 0.0011708 0.0016371 -0.0015086 0.0010191 0.0004004 -0.0015087 0.0013012 0.0003962 -0.0012587 0.0013343 0.0003961 -0.0012586 0.0010386 0.0004141 -0.0015116 0.0013439 -0.003398 -0.0015113 0.0013429 -0.0030344 -0.0012613 0.001343 -0.0030346 -0.0012616 0.0013439 -0.0033982 -0.0012613 0.001343 -0.0030346 -0.0012616 0.0013439 -0.0033982 -0.0012602 -0.0003604 -0.0017152 -0.0012598 -0.0008099 -0.0011923 -0.0012598 -0.0005255 -0.0012535 -0.0012615 -0.0003292 -0.0033872 -0.0012612 -0.0002906 -0.0030126 -0.0012609 -0.0008472 -0.0026676 -0.0012607 -0.000779 -0.0024031 -0.0012603 0.0013397 -0.0017594 -0.0012613 -0.0007331 -0.0031649 -0.0012607 -0.0004913 -0.0024343 -0.0012605 -0.0005348 -0.002116 -0.0012593 0.0013365 -0.0004851 -0.0012606 0.0013407 -0.0021231 -0.0012595 -0.000511 -0.0008236 -0.0012596 0.0013375 -0.0008487 -0.0012611 -0.0004784 -0.002886 -0.0012606 -0.0003135 -0.0022223 -0.0012601 -0.0008447 -0.0015966 -0.00126 -0.0005308 -0.0014878 -0.0012596 -0.0002565 -0.0009261 -0.0012592 -0.0008068 -0.0004905 -0.0012595 -0.000806 -0.0008178 -0.0015107 -0.0007885 -0.0024237 -0.0015105 -0.0004756 -0.0020752 -0.0012609 -0.0008472 -0.0026676 -0.0012607 -0.000779 -0.0024031 -0.0012605 -0.0005348 -0.002116 -0.0015107 -0.0007885 -0.0024237 -0.0015114 -0.0005506 -0.0033177 -0.0012609 -0.0008472 -0.0026676 -0.0012613 -0.0007331 -0.0031649 -0.0015114 -0.0005506 -0.0033177 -0.0015116 0.0013439 -0.003398 -0.0012616 0.0013439 -0.0033982 -0.0012615 -0.0003292 -0.0033872 -0.0015095 -0.0005068 -0.0008206 -0.0015098 -0.0008174 -0.0012148 -0.0012598 -0.0008099 -0.0011923 -0.0012595 -0.000511 -0.0008236 -0.00151 -0.0008522 -0.0015022 -0.0015098 -0.0008174 -0.0012148 -0.0012598 -0.0008099 -0.0011923 -0.0012601 -0.0008447 -0.0015966 -0.00151 -0.0008522 -0.0015022 -0.0015105 -0.0004756 -0.0020752 -0.0012605 -0.0005348 -0.002116 -0.0012601 -0.0008447 -0.0015966 -0.0015095 -0.000806 -0.0008176 -0.0015095 -0.0005068 -0.0008206 -0.0012595 -0.000511 -0.0008236 -0.0012595 -0.000806 -0.0008178 -0.0015092 -0.0008069 -0.0004903 -0.0015095 -0.000806 -0.0008176 -0.0012592 -0.0008068 -0.0004905 -0.0012595 -0.000806 -0.0008178 -0.0015092 -0.0008069 -0.0004903 -0.0015093 0.0013365 -0.0004849 -0.0012593 0.0013365 -0.0004851 -0.0012592 -0.0008068 -0.0004905 -0.0015093 0.0013365 -0.0004849 -0.0015096 0.0013374 -0.0008485 -0.0012593 0.0013365 -0.0004851 -0.0012596 0.0013375 -0.0008487 -0.0015102 -0.0004223 -0.0016783 -0.0015103 0.0013397 -0.0017592 -0.0012602 -0.0003604 -0.0017152 -0.0012603 0.0013397 -0.0017594 -0.0015102 -0.0004223 -0.0016783 -0.0015099 -0.000535 -0.0013054 -0.0012602 -0.0003604 -0.0017152 -0.0012598 -0.0005255 -0.0012535 -0.00126 -0.0005308 -0.0014878 -0.0015099 -0.000535 -0.0013054 -0.0015096 -0.0002392 -0.0009187 -0.0012598 -0.0005255 -0.0012535 -0.0012596 -0.0002565 -0.0009261 -0.0015096 -0.0002392 -0.0009187 -0.0015096 0.0013374 -0.0008485 -0.0012596 0.0013375 -0.0008487 -0.0012596 -0.0002565 -0.0009261 -0.0015103 0.0013397 -0.0017592 -0.0015106 0.0013406 -0.0021229 -0.0012603 0.0013397 -0.0017594 -0.0012606 0.0013407 -0.0021231 -0.0015112 -0.0003637 -0.0029837 -0.0015113 0.0013429 -0.0030344 -0.0012613 0.001343 -0.0030346 -0.0012612 -0.0002906 -0.0030126 -0.001511 -0.0005138 -0.0028146 -0.0015112 -0.0003637 -0.0029837 -0.0012612 -0.0002906 -0.0030126 -0.0012611 -0.0004784 -0.002886 -0.0015107 -0.0004264 -0.0023278 -0.001511 -0.0005138 -0.0028146 -0.0012607 -0.0004913 -0.0024343 -0.0012611 -0.0004784 -0.002886 -0.0015107 -0.0004264 -0.0023278 -0.0015106 0.0013406 -0.0021229 -0.0012606 0.0013407 -0.0021231 -0.0012606 -0.0003135 -0.0022223 -0.0012849 0.0014198 -0.0335843 -0.0012852 0.0014207 -0.033948 -0.0012842 -0.0008125 -0.0328603 -0.0012843 -0.000461 -0.0328595 -0.0012846 -0.0011008 -0.0333326 -0.0012848 -0.000883 -0.033575 -0.001285 -0.0015553 -0.0339555 -0.0012849 -0.0015559 -0.0337191 -0.0015352 0.0014207 -0.0339478 -0.001535 -0.0015481 -0.0339553 -0.0012852 0.0014207 -0.033948 -0.001285 -0.0015553 -0.0339555 -0.0015343 -0.000461 -0.0328593 -0.0015342 -0.0008125 -0.0328601 -0.0012842 -0.0008125 -0.0328603 -0.0012843 -0.000461 -0.0328595 -0.0015343 -0.000461 -0.0328593 -0.0015348 -0.0008971 -0.03359 -0.0012843 -0.000461 -0.0328595 -0.0012848 -0.000883 -0.033575 -0.0014913 0.0013188 0.0228694 -0.0014903 -0.0001102 0.02399 -0.0014908 0.0012484 0.0234231 -0.0014918 0.0007828 0.0221124 -0.0014905 0.0008837 0.0238625 -0.0014916 0.0011866 0.0224854 -0.0012405 0.0008591 0.0238765 -0.0012403 0.0004096 0.024007 -0.0012418 0.0008363 0.0221374 -0.0012416 0.0011475 0.0224231 -0.0012412 0.0013277 0.0229784 -0.0012408 0.0012053 0.0235125 -0.0014903 -0.0001102 0.02399 -0.0014905 -0.0006154 0.0237491 -0.0014911 -0.0009126 0.0229426 -0.0014917 -0.0005629 0.02223 -0.0014918 0.0007828 0.0221124 -0.0014908 -0.0008733 0.0233208 -0.0014915 -0.0007724 0.0224716 -0.0014919 -5.72e-05 0.0220221 -0.0012403 0.0004096 0.024007 -0.0012404 -0.0004161 0.0238898 -0.0012406 -0.0007373 0.0236056 -0.0012409 -0.0008966 0.0232202 -0.0012415 -0.0007558 0.022445 -0.0012418 -0.0002607 0.0220681 -0.0012419 0.0001591 0.0220067 -0.0012418 0.0008363 0.0221374 -0.0014624 0.0010434 0.0601599 -0.0014626 0.0006506 0.05989 -0.0014625 -0.0011282 0.0598566 -0.0012127 -8.9e-06 0.0597568 -0.0012126 0.0006892 0.0599059 -0.0012123 0.00113 0.060284 -0.0012125 -0.0012206 0.0598896 -0.0014618 0.0011785 0.0610476 -0.0014624 0.0010434 0.0601599 -0.0012123 0.00113 0.060284 -0.0012119 0.0012285 0.0608207 -0.0014618 0.0011785 0.0610476 -0.0014612 -0.0004177 0.0616753 -0.0014612 -0.0011118 0.0615693 -0.0014613 0.0006116 0.0615553 -0.0014614 -0.001568 0.0613034 -0.0014616 -0.0017593 0.0609736 -0.001462 -0.0017632 0.0604589 -0.0012115 0.0009853001 0.0613382 -0.0012113 0.0005656 0.0615706 -0.0012112 -0.0001422 0.0616758 -0.0012112 -0.0012412 0.0615208 -0.0012115 -0.0016777 0.0611621 -0.0012121 -0.0017559 0.0604321 -0.001462 -0.0017632 0.0604589 -0.0014625 -0.0011282 0.0598566 -0.0012121 -0.0017559 0.0604321 -0.0012125 -0.0012206 0.0598896 -0.0015371 -0.001158 -0.0365849 -0.0015372 0.0011169 -0.0365561 -0.0015373 -0.0006542 -0.0367658 -0.0012873 0.0008519 -0.0366903 -0.0012869 -0.0014315 -0.0363175 -0.0012872 -0.0010593 -0.0366388 -0.0012873 -0.0005804 -0.0367787 -0.0012874 0.0001193 -0.0368134 -0.0015372 0.0011169 -0.0365561 -0.0015369 0.0014344 -0.0361375 -0.0012873 0.0008519 -0.0366903 -0.0012869 0.0014258 -0.0361632 -0.0015362 0.0012476 -0.0352445 -0.0015369 0.0014344 -0.0361375 -0.0012869 0.0014258 -0.0361632 -0.0012864 0.0014023 -0.0354697 -0.0015359 0.0003259 -0.0349014 -0.0015362 0.0012476 -0.0352445 -0.001286 0.0007035 -0.0349636 -0.0012862 0.0012077 -0.0352074 -0.0015359 0.0003259 -0.0349014 -0.0015359 -0.0006344 -0.0349364 -0.0015361 -0.001325 -0.0352609 -0.0015365 -0.0015478 -0.0357729 -0.001286 0.0007035 -0.0349636 -0.0012859 -0.0010351 -0.0350599 -0.0012863 -0.0015163 -0.0355908 -0.0012861 -0.001325 -0.035261 -0.0012859 -0.0005601 -0.0349238 -0.0012509 0.001309 0.0104538 -0.0012512 0.00131 0.010072 -0.0012496 -0.0002387 0.0119811 -0.0012498 -0.0007487 0.0116359 -0.0012506 -0.0008496 0.0106562 -0.001251 -0.0004053 0.0102084 -0.0012511 0.0010625 0.0101638 -0.0012499 -0.0001789 0.0116282 -0.0012504 -0.0005812 0.0109441 -0.0012501 -0.0005423 0.0113574 -0.0012506 -0.0004735 0.0106617 -0.0012507 -5.27e-05 0.0105496 -0.0012504 0.0013249 0.0110491 -0.00125 0.0013229 0.0115938 -0.0012497 0.0010521 0.0119678 -0.0012496 0.000465 0.0119874 -0.0012498 0.0002522 0.0117997 -0.0012508 0.001073 0.010524 -0.0012507 0.0002337 0.0105504 -0.00125 0.000498 0.0115587 -0.0012505 0.0010317 0.0109807 -0.00125 0.0009405 0.0115838 -0.0012502 0.00107 0.0112626 -0.0012507 0.000705 0.0106068 -0.0012505 0.0010317 0.0109807 -0.0012502 0.00107 0.0112626 -0.0015001 0.0010353 0.011447 -0.0015006 0.0009036 0.010748 -0.0012507 0.0002337 0.0105504 -0.0012507 0.000705 0.0106068 -0.0015006 0.0009036 0.010748 -0.0015007 0.0002772 0.0105507 -0.0012507 0.0002337 0.0105504 -0.00125 0.000498 0.0115587 -0.0015007 0.0002772 0.0105507 -0.0015 0.0005186 0.0115809 -0.00125 0.000498 0.0115587 -0.00125 0.0009405 0.0115838 -0.0015 0.0005186 0.0115809 -0.0014999 0.0006691 0.011656 -0.0015001 0.0010353 0.011447 -0.0015006 0.0009036 0.010748 -0.0015007 0.0002772 0.0105507 -0.0015 0.0005186 0.0115809 -0.0014999 0.0006691 0.011656 -0.0012544 0.0013206 0.0058519 -0.0012534 -0.0007241 0.0070555 -0.0012538 -0.0008702 0.006519 -0.0012543 -0.0007702 0.0058683 -0.0012545 -0.0005638 0.0056567 -0.0012547 0.0012966 0.0054837 -0.0012532 -0.0002145 0.0073815 -0.0012534 -0.0001674 0.0070263 -0.001254 -0.0005544 0.0062499 -0.0012535 -0.0004587 0.0068794 -0.0012543 -4.11e-05 0.0059477 -0.001254 0.0013271 0.0064122 -0.0012537 0.001362 0.0068471 -0.0012533 0.0011916 0.007259 -0.0012532 0.0006972 0.0074448 -0.0012534 0.0002282 0.0071391 -0.0012532 0.0004298 0.0073589 -0.0012544 0.0010845 0.005922 -0.0012543 0.0002452 0.0059484 -0.0012536 0.0004493 0.0068583 -0.0012535 0.0009018 0.0070183 -0.0012535 0.000605 0.0070305 -0.001254 0.0010433 0.0063788 -0.0012543 0.0007851 0.0060375 -0.0012535 0.0009018 0.0070183 -0.001254 0.0010433 0.0063788 -0.0015036 0.0010132 0.0069113 -0.001504 0.0010628 0.0064492 -0.001254 0.0010433 0.0063788 -0.0012543 0.0007851 0.0060375 -0.001504 0.0010628 0.0064492 -0.0015042 0.0009243 0.0061575 -0.0012543 0.0002452 0.0059484 -0.0012543 0.0007851 0.0060375 -0.0015042 0.0009243 0.0061575 -0.0015043 0.0002516 0.005968 -0.0012543 0.0002452 0.0059484 -0.0012536 0.0004493 0.0068583 -0.0012535 0.000605 0.0070305 -0.0015043 0.0002516 0.005968 -0.0015036 0.0004362 0.0068261 -0.0015035 0.0008395 0.0070455 -0.0015036 0.0010132 0.0069113 -0.001504 0.0010628 0.0064492 -0.0015042 0.0009243 0.0061575 -0.0015043 0.0002516 0.005968 -0.0015036 0.0004362 0.0068261 -0.0015035 0.0008395 0.0070455 -0.0012561 0.0013262 0.0036342 -0.0012564 0.001327 0.0032948 -0.0012562 -0.0016346 0.0032874 -0.001256 -0.0016355 0.003651 -0.0012561 0.0010965 0.0036663 -0.0012561 0.001136 0.0036966 -0.0012559 0.0013382 0.0039864 -0.0012554 0.0013079 0.0045703 -0.0012551 0.0010107 0.0049314 -0.0012549 0.000254 0.0051529 -0.001255 -0.000335 0.0050447 -0.0012552 -0.000727 0.0047301 -0.0012554 -0.0008417 0.0044715 -0.0012557 -0.0008341 0.004009 -0.001256 -0.0005932 0.0036724 -0.0012561 0.0011169 0.0036814 -0.0012561 -4.19e-05 0.0036554 -0.0012555 -0.0005545 0.0043472 -0.0012558 -0.0004799 0.0039067 -0.0012554 0.0008909 0.0045913 -0.0012553 0.0005991 0.0047398 -0.0012552 -0.0001294 0.0047307 -0.001256 0.0009304 0.0038367 -0.0012556 0.0010696 0.004275 -0.0012561 0.000618 0.003661 -0.0012555 -0.0005545 0.0043472 -0.0012552 -0.0001294 0.0047307 -0.0015053 -0.0002714 0.0046758 -0.0015054 -0.0005302 0.0044212 -0.0012553 0.0005991 0.0047398 -0.0012552 -0.0001294 0.0047307 -0.0015053 -0.0002714 0.0046758 -0.0015053 0.0007731 0.0046719 -0.0012554 0.0008909 0.0045913 -0.0012553 0.0005991 0.0047398 -0.0012556 0.0010696 0.004275 -0.0015053 0.0007731 0.0046719 -0.0015056 0.0010372 0.0043869 -0.001256 0.0009304 0.0038367 -0.0012556 0.0010696 0.004275 -0.0015056 0.0010372 0.0043869 -0.0015059 0.0010009 0.0039263 -0.001256 0.0009304 0.0038367 -0.0012561 0.000618 0.003661 -0.0015059 0.0010009 0.0039263 -0.0015061 0.0004851 0.0036357 -0.0012561 -4.19e-05 0.0036554 -0.0012558 -0.0004799 0.0039067 -0.0012561 0.000618 0.003661 -0.0015061 0.0004851 0.0036357 -0.001506 -0.0001593 0.0036884 -0.0015057 -0.0005599 0.0040955 -0.0012555 -0.0005545 0.0043472 -0.0012558 -0.0004799 0.0039067 -0.0015057 -0.0005599 0.0040955 -0.0015054 -0.0005302 0.0044212 -0.0015053 -0.0002714 0.0046758 -0.0015053 0.0007731 0.0046719 -0.0015056 0.0010372 0.0043869 -0.0015059 0.0010009 0.0039263 -0.0015061 0.0004851 0.0036357 -0.001506 -0.0001593 0.0036884 -0.0015057 -0.0005599 0.0040955 -0.0015054 -0.0005302 0.0044212 -0.0012405 0.0008591 0.0238765 -0.0012403 0.0004096 0.024007 -0.0012404 -0.0004161 0.0238898 -0.0012406 -0.0007373 0.0236056 -0.0012409 -0.0008966 0.0232202 -0.0012415 -0.0007558 0.022445 -0.0012418 -0.0002607 0.0220681 -0.0012419 0.0001591 0.0220067 -0.0012418 0.0008363 0.0221374 -0.0012416 0.0011475 0.0224231 -0.0012412 0.0013277 0.0229784 -0.0012408 0.0012053 0.0235125 -0.0012415 -0.0001292 0.0224146 -0.001241 -0.0006171 0.0230363 -0.0012414 0.0009706 0.0227379 -0.0012413 -0.0005168 0.0226771 -0.0012409 -0.0005662 0.0232636 -0.0012406 8.1e-05 0.02364 -0.0012407 0.0007446 0.023522 -0.0012415 0.0007531 0.022511 -0.0012407 -0.0003063 0.0235382 -0.001241 0.0010083 0.0231754 -0.0012406 8.1e-05 0.02364 -0.0012407 -0.0003063 0.0235382 -0.0014907 -0.000286 0.0235489 -0.0014906 0.0004245 0.0236305 -0.0012406 8.1e-05 0.02364 -0.0012407 0.0007446 0.023522 -0.0014906 0.0004245 0.0236305 -0.0014909 0.0008969 0.0233888 -0.0012414 0.0009706 0.0227379 -0.0012407 0.0007446 0.023522 -0.0012415 0.0007531 0.022511 -0.001241 0.0010083 0.0231754 -0.0014909 0.0008969 0.0233888 -0.0014912 0.0010252 0.022937 -0.0014914 0.0009184 0.0226541 -0.0014916 0.000629 0.0224509 -0.001241 -0.0006171 0.0230363 -0.0012409 -0.0005662 0.0232636 -0.0012407 -0.0003063 0.0235382 -0.0014907 -0.000286 0.0235489 -0.0014912 -0.0005955 0.0228454 -0.0014909 -0.0005662 0.0232638 -0.0012415 -0.0001292 0.0224146 -0.0012415 0.0007531 0.022511 -0.0014916 0.000629 0.0224509 -0.0014916 -9.99e-05 0.0224076 -0.0012415 -0.0001292 0.0224146 -0.0012413 -0.0005168 0.0226771 -0.0014916 -9.99e-05 0.0224076 -0.0014914 -0.0004803 0.0226294 -0.001241 -0.0006171 0.0230363 -0.0012413 -0.0005168 0.0226771 -0.0014914 -0.0004803 0.0226294 -0.0014912 -0.0005955 0.0228454 -0.0014907 -0.000286 0.0235489 -0.0014906 0.0004245 0.0236305 -0.0014909 0.0008969 0.0233888 -0.0014912 0.0010252 0.022937 -0.0014914 0.0009184 0.0226541 -0.0014916 0.000629 0.0224509 -0.0014916 -9.99e-05 0.0224076 -0.0014914 -0.0004803 0.0226294 -0.0014912 -0.0005955 0.0228454 -0.0014909 -0.0005662 0.0232638 -0.0012127 -8.9e-06 0.0597568 -0.0012126 0.0006892 0.0599059 -0.0012123 0.00113 0.060284 -0.0012119 0.0012285 0.0608207 -0.0012115 0.0009853001 0.0613382 -0.0012113 0.0005656 0.0615706 -0.0012112 -0.0001422 0.0616758 -0.0012112 -0.0012412 0.0615208 -0.0012115 -0.0016777 0.0611621 -0.0012121 -0.0017559 0.0604321 -0.0012125 -0.0012206 0.0598896 -0.0012115 4.82e-05 0.0612957 -0.0012115 -0.0009159 0.0612516 -0.0012122 -0.0011701 0.0602492 -0.0012121 -0.0013879 0.0604058 -0.0012121 0.0009192 0.060589 -0.0012124 -0.0004674 0.0601242 -0.0012118 0.0008525 0.0609888 -0.0012123 0.0006937 0.0602976 -0.0012116 -0.0014031 0.060999 -0.0012115 4.82e-05 0.0612957 -0.0012115 -0.0009159 0.0612516 -0.0014616 0.0004208 0.0612412 -0.0014616 -0.0012884 0.0611069 -0.0012115 4.82e-05 0.0612957 -0.0012118 0.0008525 0.0609888 -0.0014616 0.0004208 0.0612412 -0.0014617 0.0008039 0.0610469 -0.0012121 0.0009192 0.060589 -0.0012118 0.0008525 0.0609888 -0.0014617 0.0008039 0.0610469 -0.0014619 0.0009054 0.0608879 -0.0014621 0.0009063 0.0605467 -0.0012121 0.0009192 0.060589 -0.0012123 0.0006937 0.0602976 -0.0014621 0.0009063 0.0605467 -0.0014623 0.0006513 0.0602735 -0.0012122 -0.0011701 0.0602492 -0.0012121 -0.0013879 0.0604058 -0.0012124 -0.0004674 0.0601242 -0.0012123 0.0006937 0.0602976 -0.0014623 0.0006513 0.0602735 -0.0014623 -0.0010825 0.0602151 -0.001462 -0.0014508 0.0605052 -0.0012121 -0.0013879 0.0604058 -0.0012116 -0.0014031 0.060999 -0.001462 -0.0014508 0.0605052 -0.0014618 -0.0014818 0.0608315 -0.0014616 0.0004208 0.0612412 -0.0014617 0.0008039 0.0610469 -0.0014619 0.0009054 0.0608879 -0.0014621 0.0009063 0.0605467 -0.0014623 0.0006513 0.0602735 -0.0014623 -0.0010825 0.0602151 -0.001462 -0.0014508 0.0605052 -0.0014618 -0.0014818 0.0608315 -0.0014616 -0.0012884 0.0611069 -0.0012873 0.0008519 -0.0366903 -0.0012869 0.0014258 -0.0361632 -0.0012864 0.0014023 -0.0354697 -0.001286 0.0007035 -0.0349636 -0.0012859 -0.0010351 -0.0350599 -0.0012863 -0.0015163 -0.0355908 -0.0012869 -0.0014315 -0.0363175 -0.0012872 -0.0010593 -0.0366388 -0.0012873 -0.0005804 -0.0367787 -0.0012861 -0.001325 -0.035261 -0.0012859 -0.0005601 -0.0349238 -0.0012862 0.0012077 -0.0352074 -0.0012874 0.0001193 -0.0368134 -0.0012862 0.0005199 -0.0352939 -0.0012861 -0.0003702 -0.0352713 -0.0012868 0.0011622 -0.0359752 -0.0012864 0.0010578 -0.0355289 -0.001287 0.0007794 -0.0363406 -0.001287 -0.0006231 -0.0364033 -0.0012868 -0.0011125 -0.0361934 -0.0012863 -0.0011057 -0.0355058 -0.0012866 -0.0012466 -0.0359222 -0.0012862 0.0005199 -0.0352939 -0.0012861 -0.0003702 -0.0352713 -0.0012864 0.0010578 -0.0355289 -0.0015362 -0.0008746 -0.0353693 -0.0015362 0.0005199 -0.0352937 -0.0015364 0.001023 -0.0354947 -0.0012868 0.0011622 -0.0359752 -0.0012864 0.0010578 -0.0355289 -0.0015364 0.001023 -0.0354947 -0.0015365 0.0011484 -0.0356763 -0.0015368 0.0011387 -0.0360442 -0.0012868 0.0011622 -0.0359752 -0.001287 0.0007794 -0.0363406 -0.0015368 0.0011387 -0.0360442 -0.001537 0.0008585 -0.0363084 -0.0012861 -0.0003702 -0.0352713 -0.0012863 -0.0011057 -0.0355058 -0.0015362 -0.0008746 -0.0353693 -0.0015363 -0.0011405 -0.0355413 -0.001287 0.0007794 -0.0363406 -0.001287 -0.0006231 -0.0364033 -0.001537 0.0008585 -0.0363084 -0.0015369 -0.0009271 -0.0363148 -0.001287 -0.0006231 -0.0364033 -0.0012868 -0.0011125 -0.0361934 -0.0012866 -0.0012466 -0.0359222 -0.0015369 -0.0009271 -0.0363148 -0.0015367 -0.0011948 -0.036085 -0.0012863 -0.0011057 -0.0355058 -0.0012866 -0.0012466 -0.0359222 -0.0015367 -0.0011948 -0.036085 -0.0015363 -0.0011405 -0.0355413 -0.0015362 -0.0008746 -0.0353693 -0.0015362 0.0005199 -0.0352937 -0.0015364 0.001023 -0.0354947 -0.0015365 0.0011484 -0.0356763 -0.0015368 0.0011387 -0.0360442 -0.001537 0.0008585 -0.0363084 -0.0015369 -0.0009271 -0.0363148 -0.0015367 -0.0011948 -0.036085 -0.0015363 -0.0011405 -0.0355413 -0.0012463 0.0003147 0.0162754 -0.0012457 0.0013388 0.0171215 -0.0012453 0.0012676 0.0176593 -0.0012449 0.0008588 0.0181154 -0.0012448 8.87e-05 0.0182472 -0.0012449 -0.0005369 0.018027 -0.0012451 -0.0007385 0.0178218 -0.0012457 -0.0008724 0.0170088 -0.001246 -0.0006982 0.0166404 -0.0012462 -0.0003795 0.0163904 -0.0012462 0.0010833 0.0165295 -0.0012463 0.0006496 0.0162883 -0.001246 0.0006024 0.0166617 -0.0012451 0.0003275 0.0178805 -0.0012452 0.0007344 0.017769 -0.0012455 0.0010164 0.0174201 -0.0012457 0.0010338 0.0171099 -0.001246 -1.07e-05 0.0166501 -0.0012459 -0.0003959 0.0167874 -0.0012452 -0.0004586 0.0176401 -0.0012456 -0.0005962 0.0171554 -0.0012451 -1.93e-05 0.0178569 -0.001246 -1.07e-05 0.0166501 -0.0012459 -0.0003959 0.0167874 -0.001496 -1.07e-05 0.0166503 -0.0014957 -0.0005349 0.016968 -0.001246 -1.07e-05 0.0166501 -0.0012451 -1.93e-05 0.0178569 -0.001496 -1.07e-05 0.0166503 -0.0014951 1.14e-05 0.0178606 -0.0012459 -0.0003959 0.0167874 -0.0012456 -0.0005962 0.0171554 -0.0014957 -0.0005349 0.016968 -0.0014955 -0.0006022 0.0172811 -0.0012452 -0.0004586 0.0176401 -0.0012456 -0.0005962 0.0171554 -0.0014955 -0.0006022 0.0172811 -0.0014952 -0.0004717 0.0176254 -0.0012452 -0.0004586 0.0176401 -0.0012451 -1.93e-05 0.0178569 -0.0014951 1.14e-05 0.0178606 -0.0014952 -0.0004717 0.0176254 -0.001496 -1.07e-05 0.0166503 -0.0014951 1.14e-05 0.0178606 -0.0014957 -0.0005349 0.016968 -0.0014955 -0.0006022 0.0172811 -0.0014952 -0.0004717 0.0176254 0.0015458 -0.0033238 0.0704968 0.0015455 -0.0022245 0.0701236 0.0015451 -9.03e-05 0.0698499 0.0015324 0.0038739 0.0694559 0.0014414 0.0042263 -0.0394598 0.001544 -0.0038998 0.0691556 0.001458 -0.0025362 -0.0429872 0.0014582 -0.0005318 -0.0426269 0.0014581 0.002012 -0.0425701 -0.0014552 0.0004625 0.0694789 -0.0014548 -0.0022769 0.0697473 -0.0014544 -0.0035837 0.0702212 -0.0014364 0.0039197 0.0694884 -0.001461 0.0036789 0.0621552 -0.0014876 0.0037654 0.0277933 -0.0014742 0.0037216 0.0451934 -0.0014893 0.003771 0.0255537 -0.0014922 0.0037804 0.0218087 -0.001505 0.0038219 0.0053193 -0.0015068 0.0038277 0.0030176 -0.0015075 0.00383 0.0020944 -0.0015093 0.0038358 -0.0002009 -0.0014544 -0.0039015 0.0691816 -0.0015088 -0.0036642 -0.0002198 -0.0015046 -0.0036781 0.0053004 -0.0014944 -0.0037112 0.0184566 -0.0014889 -0.003729 0.0255349 -0.0014737 -0.0037784 0.0451746 -0.0015366 -0.0036703 -0.0400703 -0.0015422 -0.0039965 -0.0434348 -0.0015418 -0.0010374 -0.0426886 -0.0015419 0.0015029 -0.0425439 -0.00151 -0.0008522 -0.0015022 -0.0015092 -0.0008069 -0.0004903 -0.0015095 -0.000806 -0.0008176 -0.0015095 -0.0005068 -0.0008206 -0.0015102 -0.0004223 -0.0016783 -0.0015107 -0.0004264 -0.0023278 -0.0015107 -0.0007885 -0.0024237 -0.0015114 -0.0005506 -0.0033177 -0.001511 -0.0005138 -0.0028146 -0.0015112 -0.0003637 -0.0029837 -0.0015099 -0.000535 -0.0013054 -0.0015116 0.0013439 -0.003398 -0.0015096 -0.0002392 -0.0009187 -0.0015105 -0.0004756 -0.0020752 -0.0015098 -0.0008174 -0.0012148 -0.0015093 0.0013365 -0.0004849 -0.0015103 0.0013397 -0.0017592 -0.0015096 0.0013374 -0.0008485 -0.0015113 0.0013429 -0.0030344 -0.0015106 0.0013406 -0.0021229 -0.0015067 -0.0008149 0.0027221 -0.0015069 0.0013284 0.0027275 -0.0015071 0.0013294 0.0023639 -0.001507 -0.000814 0.0023585 -0.0015067 -0.0016332 0.0027201 -0.0015067 -0.001221 0.0027211 -0.001507 -0.0012201 0.0023575 -0.001507 -0.0016323 0.0023564 -0.0015017 -0.0005284 0.0092902 -0.0015017 -0.0008315 0.0092932 -0.0015029 -0.0010547 0.0076576 -0.0015026 -0.0007314 0.008115 -0.001503 0.0013414 0.0076637 -0.0015022 -0.000877 0.0085646 -0.0015019 -0.0008139 0.0089536 -0.0015027 -0.0004465 0.0079163 -0.0015014 -0.0008323 0.0096205 -0.0015015 0.0013111 0.0096259 -0.0015026 0.0013146 0.008244 -0.0015029 0.0013155 0.0078788 -0.0014945 -0.0010818 0.0184632 -0.001494 -0.0008949 0.0191948 -0.0014931 -0.0008481 0.0202907 -0.0014924 -0.0005623 0.0212595 -0.0014924 -0.0008616 0.0212625 -0.0014927 -0.0005433 0.0209328 -0.0014935 -0.0003929 0.0198415 -0.0014926 -0.0008195 0.0209915 -0.0014938 -0.0005922 0.0194487 -0.0014929 -0.000908 0.0206452 -0.0014936 -0.0007899 0.0197568 -0.0014943 -0.0007478 0.0188665 -0.001494 -0.0005244 0.0191816 -0.0014925 -0.0003121 0.0211542 -0.0014931 -0.0005009 0.0204229 -0.0014934 -0.0005356 0.020002 -0.0014945 0.0011817 0.0186818 -0.0014944 -0.0004173 0.0186989 -0.0014942 0.0012874 0.0190457 -0.0014921 -0.0008624 0.0215898 -0.0014923 0.001281 0.0215952 -0.0014932 0.0012842 0.0203208 -0.0014925 0.0012819 0.0212315 -0.0014935 0.0012851 0.0199572 -0.0014902 -0.0016941 0.0240576 -0.0014896 -0.0005473 0.0249386 -0.0014896 -0.0008708 0.0249416 -0.0014897 -0.0004505 0.0247409 -0.0014898 -0.0009058 0.024579 -0.0014901 -0.0004989 0.0242932 -0.0014904 0.0013001 0.0240652 -0.0014902 -0.0008021 0.0241053 -0.0014893 -0.0008717 0.0252735 -0.0014894 0.0012717 0.0252789 -0.0014897 0.0012726 0.0249152 -0.0014618 0.0011785 0.0610476 -0.0014612 -0.0004177 0.0616753 -0.0014612 -0.0011118 0.0615693 -0.0014613 0.0006116 0.0615553 -0.0014614 -0.001568 0.0613034 -0.0014616 -0.0017593 0.0609736 -0.001462 -0.0017632 0.0604589 -0.0014624 0.0010434 0.0601599 -0.0014626 0.0006506 0.05989 -0.0014625 -0.0011282 0.0598566 -0.0015032 -0.0002883 0.0073656 -0.0015032 0.0005961 0.0074294 -0.0015033 -0.0005558 0.0072403 -0.0015043 -0.0007543 0.005842 -0.0015043 -0.0003194 0.0059687 -0.0015044 0.0013206 0.0058521 -0.0015032 0.001033 0.0073832 -0.0015044 0.0010845 0.0059222 -0.0015046 0.0009206 0.0055772 -0.0015035 0.0013026 0.0070834 -0.0015034 -0.0001674 0.0070265 -0.0015041 -0.0005319 0.0061784 -0.0015043 -2.96e-05 0.0059823 -0.0015036 -0.0005308 0.0067556 -0.0015045 -0.0004919 0.0056279 -0.0015034 0.0002282 0.0071393 -0.0015036 -0.0008309 0.0067967 -0.0015047 0.0013215 0.0054702 -0.0014976 -0.0016629 0.0145136 -0.001499 -0.0016581 0.0126263 -0.0014984 0.0009738 0.0135925 -0.0014972 -0.0016639 0.0149356 -0.0014993 -0.0016571 0.0122285 -0.0014948 8.87e-05 0.0182474 -0.0014983 0.0013006 0.0137952 -0.0014963 0.0006496 0.0162885 -0.001495 -0.0006308 0.0179482 -0.0014954 0.0009892 0.0174928 -0.0014956 -0.0008977 0.0171771 -0.0014952 0.0007149 0.0177799 -0.001495 0.0009898 0.0180299 -0.0014957 0.0010261 0.0170727 -0.0014952 -0.0008512 0.0175906 -0.001496 0.0012442 0.0167554 -0.001496 0.0006024 0.0166619 -0.0014961 -0.0005677 0.0165119 -0.0014948 0.0004943 0.0182347 -0.0014963 0.0003147 0.0162756 -0.0014951 0.0003107 0.0178818 -0.0014986 0.0013016 0.0133952 -0.0014603 0.0011768 0.0629801 -0.0014601 -0.00114 0.0629742 -0.0014596 -0.000704 0.063705 -0.0014596 -0.0010645 0.0636854 -0.0014605 0.0011777 0.0626164 -0.0014955 0.0013375 0.0173502 -0.0015039 0.0013575 0.0065532 -0.0014602 -0.0017989 0.0628453 -0.0014604 -0.0017983 0.0626089 -0.0014878 -0.0016948 0.0271966 -0.0014875 -0.0016957 0.0275603 -0.0014878 -0.0006775 0.0271561 -0.0014884 -0.0005671 0.0264075 -0.0014881 -0.000546 0.0268964 -0.0014886 -0.0002835 0.0261977 -0.0014879 -0.000171 0.0271754 -0.0014885 -0.0008775 0.0262575 -0.0014881 -0.0009018 0.0267549 -0.0014888 -0.0006207 0.0259097 -0.0014887 0.0012694 0.0261812 -0.001489 0.0012703 0.025816 -0.0014876 0.0012659 0.0275677 -0.0014879 0.0012669 0.027204 -0.0014865 0.0012951 0.0289954 -0.0014858 0.0011221 0.0300013 -0.0014852 -0.0003547 0.030616 -0.0014854 0.0006106 0.0304355 -0.0014852 -0.0009141 0.0305047 -0.0014857 -0.0016358 0.0298152 -0.0014863 -0.0017478 0.0291259 -0.0014869 -0.0014475 0.0283811 -0.0014864 -0.001377 0.0289559 -0.0014857 -0.0012114 0.0298518 -0.0014861 -0.0014048 0.0293931 -0.0014872 0.000359 0.0280131 -0.001486 0.0008737 0.0297035 -0.0014857 0.0005432 0.0300446 -0.0014855 -0.000477 0.0301991 -0.0014867 0.0007941 0.0287029 -0.0014871 0.0008989 0.0282804 -0.0014863 0.0009767 0.0292495 -0.0014868 -0.0008211 0.0284445 -0.0014869 0.0002251 0.0283932 -0.0014871 -0.0008825 0.028051 -0.0014913 0.0013188 0.0228694 -0.0014903 -0.0001102 0.02399 -0.0014905 -0.0006154 0.0237491 -0.0014911 -0.0009126 0.0229426 -0.0014917 -0.0005629 0.02223 -0.0014908 0.0012484 0.0234231 -0.0014918 0.0007828 0.0221124 -0.0014908 -0.0008733 0.0233208 -0.0014915 -0.0007724 0.0224716 -0.0014905 0.0008837 0.0238625 -0.0014916 0.0011866 0.0224854 -0.0014919 -5.72e-05 0.0220221 -0.0014996 -0.0002998 0.0119676 -0.0015004 -0.000879 0.0108637 -0.0015001 -0.0008604 0.0113148 -0.0015011 0.0010625 0.010164 -0.0015009 -0.0006672 0.010324 -0.0015009 0.001309 0.010454 -0.0015008 0.0010729 0.0105242 -0.0015005 -0.0005572 0.0108192 -0.0014999 0.0012625 0.0117445 -0.0014998 -0.0006944 0.0117168 -0.0014997 0.0004029 0.0119509 -0.0014999 -0.000179 0.0116284 -0.0014996 0.0008914 0.0120325 -0.0015007 -0.000398 0.0106018 -0.001501 -0.0003178 0.0101969 -0.0015001 -0.0005361 0.0113731 -0.0014999 0.0001936 0.0116952 -0.0015007 -5.27e-05 0.0105498 -0.0015004 0.0013249 0.0110493 -0.0015012 0.00131 0.0100722 -0.0015061 0.0010965 0.0036665 -0.0015061 0.0013129 0.0036344 -0.0015061 0.0011169 0.0036816 -0.0015061 0.001136 0.0036968 -0.0015064 0.001327 0.003295 -0.0015063 -0.0010437 0.0032891 -0.0015057 -0.0008524 0.0040834 -0.0015049 -0.0001554 0.0051059 -0.0015054 0.0013179 0.0045464 -0.001505 0.0006934 0.0050912 -0.001505 -0.00053 0.0049326 -0.0015052 0.0011395 0.004819 -0.0015054 -0.000848 0.0044436 -0.001506 -0.0005932 0.0036726 -0.001506 -0.0016355 0.0036512 -0.0015062 -0.0016346 0.0032876 -0.0015079 0.0009666 0.0013053 -0.0015086 0.0010191 0.0004004 -0.0015087 0.0013012 0.0003962 -0.0015082 0.001065 0.0009388 -0.0015086 0.0006213 0.0004562 -0.0015077 -0.0008117 0.0014432 -0.0015084 0.0012958 0.0007024 -0.0015076 0.0011086 0.0016884 -0.0015075 0.0007166 0.0018021 -0.0015079 0.001333 0.001371 -0.0015085 -0.0008092 0.0004287 -0.0015089 0.0013351 7.05e-05 -0.0015074 -0.0008126 0.0018069 -0.0015088 -0.0008083 6.51e-05 -0.0015352 0.0014207 -0.0339478 -0.0015343 -0.000461 -0.0328593 -0.0015359 0.0003259 -0.0349014 -0.0015362 0.0012476 -0.0352445 -0.0015359 -0.0006344 -0.0349364 -0.0015342 -0.0008125 -0.0328601 -0.0015348 -0.0008971 -0.03359 -0.001535 -0.0015481 -0.0339553 -0.0015361 -0.001325 -0.0352609 -0.0015365 -0.0015478 -0.0357729 -0.0015371 -0.001158 -0.0365849 -0.0015372 0.0011169 -0.0365561 -0.0015373 -0.0006542 -0.0367658 -0.0015369 0.0014344 -0.0361375 0.0025813 -0.0051793 0.0851261 0.0024025 -0.004545 0.085625 0.002703 -0.0060076 0.0844072 0.0019382 0.0020733 0.0867055 0.0019827 0.002605 0.08654 0.0017037 0.0009885 0.0869388 0.0019198 -0.002069 0.0867649 0.0019035 -0.0017969 0.0868263 0.0019254 -0.0028773 0.086533 0.0021925 -0.0020286 0.0866711 0.0019035 -0.0017969 0.0868263 0.0019254 -0.0028773 0.086533 0.0020371 -0.0033869 0.0863228 0.0022682 -0.0050638 0.08535 0.0020493 -0.0041488 0.0859599 0.0022033 0.003087 0.0862987 0.0019827 0.002605 0.08654 0.0018435 0.0023535 0.0866375 0.0059189 -9.42e-05 0.0714827 0.0057886 0.0021249 0.0717587 0.0058376 0.001304 0.0715735 0.0022538 -0.0004026 0.0868125 0.0022017 0.0009519 0.0867995 0.0022312 0.0022896 0.0865363 0.002334 -0.0019956 0.086573 0.0022538 -0.0004026 0.0868125 0.0023045 -0.0030597 0.0863286 0.0030743 -0.0054129 0.084311 0.0030391 -0.0061947 0.0839237 0.0030121 -0.0068199 0.0833376 -0.0019792 -0.0047899 0.0850345 -0.0031055 -0.0049947 0.0845145 -0.0042482 -0.0049092 0.0840856 0.001631 -0.0012465 0.0699473 0.0015455 -0.0022245 0.0701236 0.0015451 -9.03e-05 0.0698499 -0.0014552 0.0004625 0.0694789 -0.0015996 -0.0011872 0.0695243 -0.0014548 -0.0022769 0.0697473 -0.0039125 0.0044535 0.0844146 -0.0043658 0.0039372 0.0845461 -0.0048057 0.0034048 0.0846332 0.0046433 -0.0026026 0.0712712 0.0027523 -0.0023821 0.070488 0.0015455 -0.0022245 0.0701236 -0.0015366 -0.0036703 -0.0400703 -0.0014434 -0.0053965 -0.0440307 -0.0015422 -0.0039965 -0.0434348 -0.002348 0.0061556 0.072343 -0.002649 0.0068748 0.0733617 -0.002307 0.0054727 0.0716495 -0.0015071 0.0013294 0.0023639 -0.001507 -0.000814 0.0023585 -0.001507 -0.0012201 0.0023575 -0.0015067 -0.0016332 0.0027201 -0.001507 -0.0016323 0.0023564 -0.0015062 -0.0016346 0.0032876 -0.0015018 0.001312 0.0092622 -0.0015015 0.0013111 0.0096259 -0.0015026 0.0013146 0.008244 -0.0015015 0.0013111 0.0096259 -0.0015009 0.001309 0.010454 -0.0015012 0.00131 0.0100722 -0.0014897 -0.0004505 0.0247409 -0.0012398 -0.0005344 0.0245948 -0.0012397 -0.0003622 0.0248068 -0.0014884 -0.0005671 0.0264075 -0.0014886 -0.0002835 0.0261977 -0.0012385 -0.0004497 0.0262682 -0.0014857 -0.0016358 0.0298152 -0.0014863 -0.0017478 0.0291259 -0.0012366 -0.0016719 0.0287499 -0.0014857 -0.0016358 0.0298152 -0.0012359 -0.0016948 0.0296492 -0.0012366 -0.0016719 0.0287499 -0.001494 -0.0008949 0.0191948 -0.0014936 -0.0007899 0.0197568 -0.0012436 -0.0008346 0.0196769 -0.001495 0.0009898 0.0180299 -0.0014948 0.0004943 0.0182347 -0.0012448 8.87e-05 0.0182472 -0.001495 0.0009898 0.0180299 -0.0012449 0.0008588 0.0181154 -0.0012448 8.87e-05 0.0182472 -0.0015009 -0.0006672 0.010324 -0.0012506 -0.0008496 0.0106562 -0.001251 -0.0004053 0.0102084 -0.0015043 -0.0003194 0.0059687 -0.0015043 -2.96e-05 0.0059823 -0.0012543 -4.11e-05 0.0059477 -0.0015061 0.001136 0.0036968 -0.0015054 0.0013179 0.0045464 -0.0012559 0.0013382 0.0039864 -0.0015061 0.001136 0.0036968 -0.0012561 0.001136 0.0036966 -0.0012559 0.0013382 0.0039864 -0.0015114 -0.0005506 -0.0033177 -0.0012615 -0.0003292 -0.0033872 -0.0012613 -0.0007331 -0.0031649 -0.0015107 -0.0004264 -0.0023278 -0.0012607 -0.0004913 -0.0024343 -0.0012606 -0.0003135 -0.0022223 -0.0015352 0.0014207 -0.0339478 -0.0012849 0.0014198 -0.0335843 -0.0012852 0.0014207 -0.033948 -0.001535 -0.0015481 -0.0339553 -0.001285 -0.0015553 -0.0339555 -0.0012849 -0.0015559 -0.0337191 -0.0015342 -0.0008125 -0.0328601 -0.001535 -0.0015481 -0.0339553 -0.0012849 -0.0015559 -0.0337191 -0.0015342 -0.0008125 -0.0328601 -0.0012846 -0.0011008 -0.0333326 -0.0012849 -0.0015559 -0.0337191 -0.0015342 -0.0008125 -0.0328601 -0.0012842 -0.0008125 -0.0328603 -0.0012846 -0.0011008 -0.0333326 -0.0015352 0.0014207 -0.0339478 -0.0015348 -0.0008971 -0.03359 -0.0012848 -0.000883 -0.033575 -0.0015352 0.0014207 -0.0339478 -0.0012849 0.0014198 -0.0335843 -0.0012848 -0.000883 -0.033575 -0.0014618 0.0011785 0.0610476 -0.0012119 0.0012285 0.0608207 -0.0012115 0.0009853001 0.0613382 -0.0015365 -0.0015478 -0.0357729 -0.0015371 -0.001158 -0.0365849 -0.0012869 -0.0014315 -0.0363175 -0.0015365 -0.0015478 -0.0357729 -0.0012863 -0.0015163 -0.0355908 -0.0012869 -0.0014315 -0.0363175 -0.0015362 0.0012476 -0.0352445 -0.0012864 0.0014023 -0.0354697 -0.0012862 0.0012077 -0.0352074 -0.0012505 0.0010317 0.0109807 -0.0012507 0.000705 0.0106068 -0.0015006 0.0009036 0.010748 -0.00125 0.0009405 0.0115838 -0.0012502 0.00107 0.0112626 -0.0015001 0.0010353 0.011447 -0.00125 0.0009405 0.0115838 -0.0015001 0.0010353 0.011447 -0.0014999 0.0006691 0.011656 -0.0012535 0.0009018 0.0070183 -0.0015036 0.0010132 0.0069113 -0.0015035 0.0008395 0.0070455 -0.0012535 0.0009018 0.0070183 -0.0012535 0.000605 0.0070305 -0.0015035 0.0008395 0.0070455 -0.0012115 -0.0009159 0.0612516 -0.0012116 -0.0014031 0.060999 -0.0014616 -0.0012884 0.0611069 -0.0012116 -0.0014031 0.060999 -0.0014618 -0.0014818 0.0608315 -0.0014616 -0.0012884 0.0611069</float_array>
          <technique_common>
            <accessor count="2763" source="#g0_chrome-pos-array" stride="3">
              <param type="float" name="X"/>
              <param type="float" name="Y"/>
              <param type="float" name="Z"/>
            </accessor>
          </technique_common>
        </source>
        <source id="g0_chrome-nrm">
          <float_array count="8289" id="g0_chrome-nrm-array">0.96962 -0.19388 0.14918 0.91697 0.10242 0.38558 0.98756 0.14773 0.05395 0.88996 -0.17166 0.4225 0.9265 0.22243 0.30351 0.93963 0.30473 0.15567 0.9425 -0.2204 0.25124 0.88182 -0.03265 0.47045 0.99771 0.06579 0.01601 0.89666 -0.26211 0.35678 0.84024 0.05157 0.53976 0.89465 0.21329 0.39256 0.99583 -0.06155 -0.06733 0.98746 -0.15772 -0.00623 0.98088 -0.19459 0.00374 0.83941 -0.11443 0.53132 0.85693 -0.3866 0.3409 0.81425 0.12573 0.56674 0.89285 0.4193 0.16436 0.92095 -0.3623 0.14349 0.75014 0.24892 0.61263 0.95454 0.20634 -0.21512 0.9562 0.29097 0.03193 0.72365 0.35658 0.59092 0.74519 -0.24432 0.62048 0.89308 -0.43145 -0.12753 0.76793 -0.59318 0.24171 0.59431 -0.5319 0.60321 0.77454 -0.09305 0.62564 0.63435 0.00921 0.77299 0.67606 0.56997 0.46698 0.89155 0.41851 -0.17316 0.77488 -0.60904 0.1692 0.62677 0.54319 0.55866 0.69954 0.62442 0.34747 0.88275 0.1469 -0.44629 0.89991 0.07412 -0.42972 0.52617 0.08872 0.84574 0.73429 0.63611 0.23703 0.90889 -0.0255 -0.41625 0.85518 -0.30956 -0.41573 0.78898 -0.61353 -0.03306 0.81219 -0.56997 -0.12445 0.57059 -0.24271 0.78455 0.37903 0.09669 0.92032 0.56282 0.16582 0.80977 0.85382 -0.21132 -0.47575 0.79629 -0.49054 -0.35396 0.57757 -0.16012 0.80048 0.41332 0.19902 0.88857 0.80867 0.37782 -0.45089 0.68409 -0.7294 -0.00235 0.59169 -0.74464 0.3089 0.75147 -0.3233 0.57513 0.49132 0.40724 0.76991 0.73461 0.67023 -0.10557 0.74029 0.62331 -0.25192 0.58475 -0.6817 0.43972 0.58054 0.80859 0.09571 0.54113 -0.62228 0.56564 0.49141 -0.42166 0.76205 0.36665 0.34198 0.86523 0.81321 0.28498 -0.50741 0.45206 -0.57015 0.68599 0.28944 -0.04245 0.95625 0.39872 -0.34546 0.84952 0.18086 -0.50277 0.84529 0.31859 0.62794 0.71007 0.53686 -0.81171 -0.23001 0.66424 0.53608 -0.52096 0.65634 -0.48861 -0.57487 0.45878 -0.88826 0.02275 0.1638 0.52046 0.83803 0.56755 0.81973 -0.07697 0.41893 0.13768 0.89752 0.42969 0.22641 0.87413 0.55665 -0.73532 -0.38658 0.12226 -0.39548 0.9103 0.34288 0.83885 0.4228 0.41478 0.87458 0.25115 0.49994 0.79141 -0.35174 0.2239 -0.71353 0.66388 0.24409 -0.57444 0.78131 0.23135 0.43891 0.86824 0.25456 0.74971 0.61084 0.54798 -0.67811 -0.48977 0.24737 -0.81923 0.51737 0.15263 -0.30444 0.94022 0.1042 -0.10656 0.98883 0.04487 0.46767 0.88276 0.59677 0.01094 -0.80234 0.6318 -0.14207 -0.762 0.37652 -0.91661 0.13438 -0.02252 -0.48454 0.87448 0.13788 0.25605 0.95678 0.12907 0.60665 0.78442 0.33953 0.92745 0.1567 0.52977 0.70947 -0.46475 0.54354 0.41707 -0.72843 0.33332 -0.88609 0.3221 0.51665 0.65285 -0.55395 0.50114 0.52247 -0.68984 0.57084 0.24702 -0.78302 0.42513 0.1536 -0.892 0.48201 -0.58421 -0.65296 0.23111 -0.89236 0.38766 0.09776 0.11153 0.98894 0.34352 0.9374 -0.05729 0.40256 0.87909 -0.25524 0.57527 -0.29664 -0.76228 0.56239 -0.40589 -0.72039 0.37058 -0.91657 -0.15022 0.11468 0.86754 0.48396 0.11755 0.93236 0.34189 0.43076 -0.30577 -0.84909 0.32526 -0.83929 -0.43566 0.03968 -0.77305 0.63311 -0.01975 -0.59715 0.80189 -0.03527 -0.27189 0.96168 -0.04837 0.49019 0.87027 0.03044 0.81494 0.57874 0.3073 0.84468 -0.43827 0.45966 -0.07 -0.88533 0.41768 -0.18971 -0.88857 -0.01389 -0.68937 0.72427 -0.07463 -0.22235 0.97211 -0.03519 -0.24723 0.96832 -0.05375 -0.05596 0.99699 -0.10307 0.02165 0.99444 -0.09279 0.17228 0.98067 -0.10007 0.28893 0.95211 -0.06389 0.39354 0.91709 0.10889 0.97636 0.18672 0.17753 0.98369 -0.02879 0.21267 0.9511 -0.22399 0.24537 0.8987 -0.36349 0.37639 0.35525 -0.85565 0.41315 0.03355 -0.91004 0.37437 -0.30154 -0.87688 0.37348 -0.4642 -0.80314 0.29942 -0.74558 -0.59537 0.19333 -0.97014 -0.14648 0.17104 -0.98482 -0.02969 0.10584 -0.97172 0.21111 -0.07745 -0.50122 0.86185 -0.0863 -0.3753 0.92288 -0.11104 0.4027 0.90857 -0.03471 0.75547 0.65426 0.0159 0.89818 0.43935 0.26832 0.81023 -0.52109 0.31062 0.71401 -0.62745 0.38537 0.16673 -0.90757 0.3729 -0.12946 -0.9188 0.22306 -0.92097 -0.31946 0.04898 -0.91204 0.40717 -0.01622 -0.81726 0.57604 -0.1689 0.03776 0.98491 -0.14589 0.1766 0.97341 -0.13598 0.40963 0.90206 -0.08033 0.65487 0.75146 0.13354 0.98524 -0.10707 0.34724 0.51576 -0.78321 0.28193 -0.65555 -0.70055 0.02992 -0.93951 0.3412 -0.14781 -0.25024 0.95683 -0.18802 0.23172 0.95444 -0.17649 0.27075 0.94633 -0.19431 0.32061 0.92707 -0.13414 0.54982 0.82444 -0.07671 0.83371 0.54685 -0.00958 0.92778 0.37301 0.01161 0.96526 0.26104 0.26244 0.69824 -0.66602 0.33458 0.10954 -0.93598 0.29709 -0.53971 -0.78769 0.24426 -0.82912 -0.5029 0.10806 -0.99237 -0.05931 0.02253 -0.97295 0.22992 -0.04703 -0.8892 0.45509 -0.08398 -0.73405 0.67388 -0.15077 -0.48683 0.86038 -0.17756 -0.33895 0.9239 -0.17113 0.53875 0.8249 0.04445 0.99156 0.12175 0.076 0.99689 0.02067 0.18644 0.88417 -0.42835 0.30708 -0.00286 -0.95168 0.3131 -0.16147 -0.93589 0.03325 -0.99634 0.07878 -0.20492 -0.08654 0.97495 -0.22575 0.10439 0.96858 0.12592 0.95688 -0.26179 0.17242 0.82189 -0.54293 0.19713 0.68909 -0.69735 0.27227 0.45397 -0.8484 0.29301 0.2856 -0.91246 0.29406 -0.21454 -0.9314 0.29474 -0.37704 -0.87805 0.143 -0.92876 -0.34199 -0.12339 -0.80411 0.58153 -0.15451 -0.73024 0.66549 -0.1464 -0.61709 0.77316 -0.20872 0.40167 0.89168 -0.13426 0.77053 0.6231 -0.09353 0.88733 0.45155 0.05878 0.98663 -0.15198 0.24638 -0.34061 -0.90735 0.25885 -0.48732 -0.83398 0.18854 -0.77482 -0.60342 0.13845 -0.86879 -0.47544 0.07996 -0.97184 -0.22165 0.02043 -0.99812 -0.05778 -0.12106 -0.87948 0.46029 -0.23027 0.52271 0.82082 -0.18835 0.69061 0.69827 -0.12402 0.90764 0.40102 -0.04156 0.99492 0.0917 -0.00145 0.99834 -0.05761 0.10221 0.91771 -0.38387 0.21421 0.62803 -0.74813 0.22957 0.14644 -0.96221 -0.22928 -0.53225 0.81495 -0.2784 -0.01751 0.96031 -0.27687 0.2505 0.92768 -0.25634 0.60715 0.75211 -0.22975 0.64537 0.7285 -0.09356 0.97445 0.20417 0.0177 0.96306 -0.2687 0.0981 0.84097 -0.53212 0.26681 -0.12527 -0.95557 0.18808 -0.71965 -0.66838 0.07363 -0.89492 -0.44012 -0.06304 -0.98718 0.14662 -0.10665 -0.94191 0.31847 -0.24721 -0.64392 0.72405 -0.28194 -0.40745 0.86861 -0.2836 -0.27225 0.91948 -0.29554 0.01049 0.95527 -0.32185 0.33339 0.88615 -0.22427 0.76077 0.60904 0.01647 -0.94618 -0.32321 -0.02298 -0.98737 -0.15677 -0.32748 0.12831 0.93611 -0.33182 0.2285 0.91525 -0.05638 0.98797 -0.14403 -0.00569 0.92567 -0.37828 0.10522 0.75056 -0.65237 -0.06847 -0.99599 0.0576 -0.22378 -0.79219 0.56776 -0.33339 -0.46428 0.82055 -0.32972 0.4138 0.84856 -0.30446 0.68345 0.66347 -0.25166 0.79573 0.55089 -0.10239 0.99474 -0.0038 0.04581 -0.82152 -0.56833 -0.02508 -0.91033 -0.41312 -0.08857 -0.99557 -0.03169 -0.17271 -0.96873 0.17816 -0.19191 -0.93468 0.29923 -0.22042 -0.88189 0.41675 -0.37845 -0.19379 0.90511 -0.37241 0.04457 0.927 -0.32693 0.5514 0.76751 -0.22547 0.8807 0.41657 -0.196 0.94689 0.25493 0.03432 0.78357 -0.62035 0.02915 -0.75239 -0.65807 -0.30162 -0.70274 0.64435 -0.37147 -0.29193 0.88135 -0.34497 -0.05298 0.93712 -0.41363 0.11204 0.90353 -0.40771 0.18991 0.89315 -0.38456 0.28896 0.87671 -0.34584 0.46411 0.81547 -0.18977 0.97683 0.09894 -0.09454 0.95794 -0.27095 -0.02797 0.85596 -0.51629 -0.08002 -0.95432 -0.28787 -0.12728 -0.98251 -0.13589 -0.18365 -0.98228 0.03743 -0.30837 -0.80747 0.50289 -0.29672 -0.63388 0.71425 -0.34772 -0.52827 0.77461 -0.31935 -0.53146 0.78458 -0.40732 -0.13506 0.90324 -0.42717 -0.02454 0.90384 -0.43976 0.05879 0.89619 -0.41556 0.40816 0.81285 -0.34781 0.74247 0.5725 -0.31048 0.82617 0.47015 -0.28955 0.8977 0.33212 -0.16713 0.98164 -0.09192 0.00387 -0.67227 -0.74029 -0.25704 -0.92768 0.2708 -0.40921 0.60126 0.68632 -0.53355 -0.00528 0.84575 -0.50754 0.64836 0.56748 -0.00518 0.7575 -0.65282 -0.0937 -0.68558 -0.72194 -0.19595 -0.77706 -0.59815 -0.31363 -0.93931 -0.13906 -0.40458 -0.89329 0.19582 0.61632 -0.30816 -0.72469 0.27037 -0.23662 -0.93323 0.32091 0.0136 -0.94701 0.79536 0.14494 -0.58855 0.81305 0.23582 -0.5323 0.74477 0.39513 -0.53776 0.35804 0.79188 -0.49471 0.16584 0.82252 -0.54403 -0.06104 0.8375 -0.54302 -0.22571 0.80137 -0.55395 -0.36604 0.73761 -0.5674 -0.62877 0.4835 -0.609 -0.71535 0.21377 -0.66526 -0.21249 0.03141 -0.97666 -0.16933 -0.09001 -0.98144 0.12564 -0.11561 -0.98532 0.00464 -0.27667 -0.96095 -0.4737 -0.38288 -0.79311 -0.38799 -0.73004 -0.56259 -0.1363 -0.82242 -0.55231 -0.01777 -0.86662 -0.49865 0.19151 -0.80889 -0.55589 0.48095 -0.71983 -0.50053 0.68405 -0.49416 -0.53655 -0.03744 0.98378 -0.17544 0.96978 0.24214 -0.02992 0.59994 0.60015 -0.52905 0.78214 0.61744 -0.08377 0.41456 0.88011 -0.23141 0.16728 0.96755 -0.18936 0.27037 0.96163 -0.04659 -0.14374 0.98688 -0.07347 -0.49114 0.86885 -0.06234 -0.75166 0.6376 -0.16872 -0.876 0.47783 -0.06558 -0.98113 0.19307 -0.01002 0.95048 0.30879 0.0352 0.95512 0.27514 0.10972 0.83323 0.46732 0.29553 0.78469 0.61204 0.09837 0.73327 0.64221 0.22334 0.68108 0.53874 0.49587 0.42003 0.9062 0.04866 0.33116 0.91604 0.22628 0.32382 0.84463 0.42631 0.12707 0.80497 0.57954 0.13474 0.98841 0.06991 0.18382 0.65288 0.73482 0.57992 0.39021 0.71514 0.02459 0.54701 0.83676 0.25986 0.56326 0.78435 -0.13014 0.9904 0.0465 -0.16649 0.97604 0.14011 -0.16472 0.93205 0.32272 -0.02644 0.68667 0.72649 -0.19689 0.88683 0.41806 -0.25175 0.80901 0.53115 -0.02378 0.55488 0.83159 -0.41 0.91208 0.00395 -0.66407 0.74747 0.0172 -0.45766 0.75124 0.4756 -0.64857 0.73175 0.20954 -0.89236 0.42046 0.16403 -0.9642 0.26071 0.04841 -0.21424 0.43607 0.87404 -0.60507 0.32707 0.72589 -0.99733 0.07301 0.00095 -0.99733 0.07301 0.00095 -0.99733 0.07301 0.00095 -0.99733 0.07301 0.00095 -0.99626 0.08638 0.00091 -0.99517 0.09817 0.00102 -0.99517 0.09817 0.00102 -0.99517 0.09817 0.00102 -0.99539 0.09592 0.00099 0.97995 -0.1988 -0.01327 0.90182 -0.42752 -0.06282 0.64186 -0.76485 -0.05502 0.18286 -0.97048 -0.15724 0.50468 -0.22447 0.83361 -0.0066 -0.10378 0.99458 0.34296 0.07956 0.93597 0.70906 0.18201 0.68125 0.99527 -0.06713 0.07018 0.94751 -0.31657 0.04475 0.79787 -0.55462 0.23621 0.75805 -0.64833 0.07083 0.65586 -0.75274 0.05687 0.42177 -0.82495 0.37626 0.28074 -0.75253 0.59573 0.27546 -0.95648 0.09625 0.01171 -0.64449 0.76452 0.17349 -0.93216 0.31777 0.32691 -0.62282 0.7108 0.57745 -0.44952 0.68153 -0.09798 -0.99384 0.05171 -0.12468 -0.99071 -0.05439 -0.17116 -0.95368 -0.2474 -0.48872 -0.86867 -0.08105 -0.53723 -0.8247 -0.17678 -0.84204 -0.53364 -0.07871 -0.64275 -0.52242 -0.56031 -0.9702 -0.24203 -0.01181 -0.99959 -0.02865 0.0007 -0.99972 -0.0238 0.0007 -0.99993 -0.0122 0.00074 -0.99993 -0.0122 0.00074 -0.99993 -0.0122 0.00074 -0.19025 -0.83075 0.52312 -0.22853 -0.94548 0.23203 -0.21082 -0.7304 0.64967 -0.2942 -0.86922 0.39736 -0.48079 -0.87243 0.08776 -0.61525 -0.70495 0.35286 -0.64049 -0.72401 0.25609 -0.84966 -0.5264 0.03119 -0.94551 -0.3238 0.03412 -0.39446 -0.53962 0.74378 -0.04478 -0.62947 0.77574 -0.26018 -0.61431 0.74493 -0.59309 0.26493 0.7603 -0.17432 0.83029 -0.52936 -0.13215 0.56343 -0.81553 -0.06424 0.31189 -0.94794 -0.40536 -0.91411 -0.00979 -0.48849 -0.70272 0.51726 -0.53929 -0.35036 0.76578 -0.24821 -0.83278 -0.49484 -0.44418 -0.82241 0.35546 -0.53267 -0.49008 0.68999 -0.46364 0.7961 0.38893 -0.06445 0.42005 -0.90521 -0.22344 -0.30796 -0.92479 -0.44419 0.87679 0.18423 -0.44332 0.89499 0.04959 -0.26543 0.42345 -0.86616 -0.30189 -0.85738 -0.41685 -0.37041 -0.89102 -0.26245 -0.55184 -0.56125 0.61682 -0.54255 -0.24842 0.80245 -0.60714 0.09851 0.78847 -0.6557 0.44623 0.60905 -0.22461 0.64949 -0.72644 -0.4354 -0.89906 0.04593 -0.63969 -0.41412 0.64753 -0.40006 0.91161 -0.09446 -0.2367 -0.17967 -0.95483 -0.27589 -0.38854 -0.87916 -0.68035 -0.10553 0.72525 -0.46901 0.82573 -0.31336 -0.70386 0.16324 0.69133 -0.50396 0.7219 0.47422 -0.38602 0.82776 -0.40719 -0.22359 0.13137 -0.96579 -0.29068 -0.62325 -0.72599 -0.76613 -0.2684 0.58396 -0.47346 0.85128 -0.22619 -0.37486 0.28182 -0.88321 -0.69359 -0.54905 0.46634 -0.88597 -0.08576 0.45575 -0.71446 -0.68613 0.13702 -0.67217 -0.6555 0.34426 -0.70884 0.68432 0.17102 -0.48287 0.71226 -0.50943 -0.4646 0.61772 -0.63449 -0.56666 -0.73775 -0.36691 -0.5186 0.4786 -0.70851 -0.35059 -0.00309 -0.93652 -0.71951 -0.69447 -0.00425 -0.80639 0.31416 0.50103 -0.40157 -0.46608 -0.78836 -0.54407 -0.53034 -0.65017 -0.87741 0.03718 0.4783 -0.79265 0.46095 0.39904 -0.66435 -0.72634 -0.17629 -0.88255 -0.13076 0.45167 -0.76272 0.64621 0.02586 -0.58507 -0.34932 -0.7319 -0.55748 -0.63654 -0.53295 -0.71084 0.69112 -0.13062 -0.85087 0.48874 0.19274 -0.64214 0.13981 -0.75373 -0.52733 0.02001 -0.84942 -0.53326 -0.21372 -0.81851 -0.66221 -0.40821 -0.62837 -0.91599 -0.35711 0.18284 -0.92759 0.175 0.33007 -0.77758 0.62329 -0.083 -0.72645 0.54565 -0.41778 -0.66417 0.31688 -0.6771 -0.77467 0.41581 -0.47643 -0.90536 -0.29388 0.30653 -0.91779 0.39684 0.0133 -0.81832 -0.34406 -0.46042 -0.7756 -0.55773 -0.29559 -0.93476 -0.35498 0.0147 -0.81147 0.4893 -0.31952 -0.93163 -0.19989 0.30349 -0.95231 0.2935 0.0834 -0.77468 -0.18124 -0.60583 -0.8473 -0.36139 -0.38921 -0.85715 -0.48725 -0.16699 -0.80936 -0.07238 -0.58284 -0.99313 0.06747 0.09558 -0.92597 0.29 -0.24182 -0.90076 0.29664 -0.31724 -0.82127 0.14932 -0.55065 -0.99148 -0.11839 -0.05431 -0.99698 -0.02325 0.07412 -0.98252 0.17969 0.04863 -0.95584 0.25581 -0.14467 -0.93672 -0.23306 -0.26122 -0.97938 0.17151 -0.10673 -0.87473 0.00105 -0.48461 -0.8958 -0.16383 -0.41315 -0.95004 -0.27743 -0.14304 -0.87035 0.22193 -0.43959 0.00513 0.6547 0.75587 -0.00563 0.61538 0.78821 -0.00327 -0.63747 0.77047 0.01005 -0.63879 0.76931 -0.00034 -0.71679 0.69728 0.00635 -0.74596 0.66596 -0.0052 -0.79959 0.60052 0.00208 -0.83768 0.54615 -0.0052 -0.90138 0.43299 0.00595 -0.91631 0.40042 -0.00993 -0.53055 0.8476 -0.00634 -0.41362 0.91043 0.01474 -0.32901 0.94421 0.01029 -0.30063 0.95368 0.01746 -0.21134 0.97726 0.00849 -0.14595 0.98926 -0.0106 -0.03108 0.99946 -0.48921 0.05032 0.87071 0.04323 0.1788 0.98294 -0.01187 0.34209 0.93959 -0.00565 0.47837 0.87814 0.00503 0.51486 0.85726 0.00911 0.40148 0.91582 0.01348 0.24274 0.97 0.00053 0.04609 0.99894 -0.00644 -0.07016 0.99751 0.00349 -0.20215 0.97935 -0.01613 -0.31762 0.94808 -0.00168 -0.40357 0.91495 0.00988 -0.51061 0.85975 -0.0026 0.99998 -0.00501 0.0069 0.99758 0.06918 -0.00056 0.99145 0.13046 0.00016 0.96 0.28 0.00419 0.96385 0.26642 0.00027 0.90918 0.41641 0.00196 0.90609 0.42308 -0.00023 0.84862 0.529 0.00767 0.81144 0.58439 -0.00321 0.75915 0.65091 -0.00055 0.76024 -0.64964 -0.00055 0.76024 -0.64964 -0.00052 0.7921 -0.6104 0.00142 0.79634 -0.60485 -0.00138 0.84912 -0.5282 0.00424 0.8667 -0.49881 -0.00242 0.89854 -0.43889 0.00749 0.93156 -0.3635 0.00151 0.93927 -0.34319 0.00153 0.96948 -0.24518 0.00594 0.97861 -0.20563 -0.0043 0.99249 -0.12226 0.00321 0.99651 -0.08338 -0.00112 -0.97451 0.22436 0.01467 -0.98917 0.14605 -0.00017 -0.99995 0.00978 -7e-05 -0.98737 -0.15846 0.00805 -0.99141 -0.13054 -0.00019 -0.94861 -0.31644 -0.00019 -0.94861 -0.31644 -0.00744 -0.87193 -0.48957 -0.00031 -0.88478 -0.46602 -0.00692 -0.82165 -0.56995 0.00076 -0.74922 -0.66233 -0.00417 -0.75244 -0.65865 0.00123 -0.65799 -0.75303 0.00696 -0.62105 -0.78374 -0.00401 -0.56071 -0.828 0.0033 -0.50369 -0.86388 -0.00322 -0.4677 -0.88388 0.00093 -0.3986 -0.91712 0.00113 -0.37338 -0.92768 0.0041 -0.33239 -0.94313 -0.00071 -0.34469 -0.93872 0.96633 0.00978 0.25711 0.96424 -0.01713 0.26449 0.96413 0.01622 0.26493 0.9645 0.00888 0.26395 0.9673 0.00189 0.25363 0.96515 -0.01166 0.26144 0.96603 -0.00874 0.25827 0.9687 -0.0047 0.24819 0.96801 0.01049 0.25071 0.97218 -0.01438 0.23378 0.96482 0.00172 0.26289 0.96514 0.00345 0.26172 0.96424 -0.00365 0.26502 0.96565 -0.025 0.25864 0.96683 0.01012 0.25524 0.96517 -0.00419 0.26158 0.9695 0.00082 0.24508 0.96289 -0.0002 0.26988 0.9711 -0.02042 0.23778 0.96724 0.00672 0.25379 0.96289 0.00079 0.26989 0.97283 -0.00822 0.23136 0.97209 -0.00396 0.23459 0.96331 -0.00291 0.26836 -0.97147 0.00239 -0.23714 -0.97148 -0.00764 -0.23698 -0.97098 -0.01275 -0.23883 -0.97295 0.00828 -0.23088 -0.97514 0.02882 -0.21969 -0.96925 0.0074 -0.24595 -0.96756 0.01268 -0.25234 -0.96605 0.02031 -0.25756 -0.96652 0.04966 -0.25174 -0.96476 0.02417 -0.26202 -0.96494 0.00948 -0.26228 -0.96267 0.00606 -0.2706 -0.96062 0.01286 -0.27758 -0.95928 0.00731 -0.28236 -0.96269 0.00359 -0.27059 -0.96233 -0.00481 -0.27184 -0.96291 -0.00562 -0.26975 -0.96408 -0.00861 -0.26547 -0.9583 -0.03322 -0.28383 -0.96507 -0.01421 -0.26159 -0.9664 -0.0153 -0.25659 -0.96674 -0.01094 -0.25554 -0.9678 -0.00987 -0.25153 -0.97037 -0.01473 -0.24119 -0.99993 0.01153 0.00011 0.34684 -0.22942 0.90943 0.34645 -0.22234 0.91134 0.34423 -0.18711 0.92005 0.34817 -0.25624 0.90173 -0.72853 0.54852 0.41032 -0.34824 0.79929 0.48977 -0.28053 0.82367 0.49283 -0.71579 0.56133 0.41539 -0.00076 0.26125 -0.96527 -0.00076 0.26125 -0.96527 -0.00076 0.26125 -0.96527 -0.00076 0.26125 -0.96527 -0.00076 0.26125 -0.96527 -0.00076 0.26125 -0.96527 -0.00076 0.26125 -0.96527 -0.00076 0.26125 -0.96527 -0.00015 -0.96453 -0.26399 -0.00015 -0.96453 -0.26399 0.00014 0.96756 0.25264 0.00119 0.96741 0.25321 0.00024 -0.39785 -0.91745 0.00316 -0.52126 -0.85339 0.00631 -0.64672 -0.7627 0.00617 -0.88489 -0.46577 -0.00033 -0.87069 -0.49184 0.00429 -0.17809 -0.984 -0.00413 0.45673 -0.8896 0.00384 0.23553 -0.97186 0.00285 0.02748 -0.99962 0.00083 0.94494 -0.32724 0.00016 0.99935 0.03612 -0.01212 0.63416 -0.77311 -0.00636 0.79977 -0.60027 -0.00631 -0.03311 -0.99943 -0.00151 -0.22405 -0.97458 -0.00537 0.18793 -0.98217 -0.00278 0.41363 -0.91044 -0.00063 0.64333 -0.76559 -0.00469 0.88635 -0.463 -0.00181 0.99988 0.01555 -1 -6e-05 0.00077 -1 -6e-05 0.00077 -1 -6e-05 0.00077 -1 -6e-05 0.00077 -1 -6e-05 0.00077 -1 -6e-05 0.00077 -1 -6e-05 0.00077 -1 -6e-05 0.00077 -1 -6e-05 0.00077 -1 -6e-05 0.00077 -1 -6e-05 0.00077 -1 -6e-05 0.00077 -1 -6e-05 0.00077 -1 -6e-05 0.00077 -1 -6e-05 0.00077 -1 -6e-05 0.00077 -1 -6e-05 0.00077 -1 -6e-05 0.00077 -1 -6e-05 0.00077 -1 -6e-05 0.00077 -1 -6e-05 0.00077 -1 -6e-05 0.00077 -1 -6e-05 0.00077 -1 -6e-05 0.00077 -1 -6e-05 0.00077 -1 -6e-05 0.00077 -1 -6e-05 0.00077 -1 -6e-05 0.00077 -1 -6e-05 0.00077 -1 -6e-05 0.00077 -1 -6e-05 0.00077 -1 -6e-05 0.00077 -1 -6e-05 0.00077 -1 -6e-05 0.00077 -1 -6e-05 0.00077 -1 -6e-05 0.00077 -1 -6e-05 0.00077 -1 -6e-05 0.00077 -1 -6e-05 0.00077 -1 -6e-05 0.00077 -1 -6e-05 0.00077 -1 -6e-05 0.00077 -1 -6e-05 0.00077 -1 -6e-05 0.00077 -1 -6e-05 0.00077 -1 -6e-05 0.00077 -1 -6e-05 0.00077 -1 -6e-05 0.00077 -1 -6e-05 0.00077 1 6e-05 -0.00077 1 6e-05 -0.00077 1 6e-05 -0.00077 1 6e-05 -0.00077 1 6e-05 -0.00077 1 6e-05 -0.00077 1 6e-05 -0.00077 1 6e-05 -0.00077 1 6e-05 -0.00077 1 6e-05 -0.00077 1 6e-05 -0.00077 1 6e-05 -0.00077 1 6e-05 -0.00077 1 6e-05 -0.00077 1 6e-05 -0.00077 1 6e-05 -0.00077 1 6e-05 -0.00077 1 6e-05 -0.00077 1 6e-05 -0.00077 1 6e-05 -0.00077 1 6e-05 -0.00077 1 6e-05 -0.00077 1 6e-05 -0.00077 1 6e-05 -0.00077 1 6e-05 -0.00077 1 6e-05 -0.00077 1 6e-05 -0.00077 1 6e-05 -0.00077 1 6e-05 -0.00077 1 6e-05 -0.00077 1 6e-05 -0.00077 1 6e-05 -0.00077 1 6e-05 -0.00077 1 6e-05 -0.00077 1 6e-05 -0.00077 1 6e-05 -0.00077 1 6e-05 -0.00077 1 6e-05 -0.00077 1 6e-05 -0.00077 1 6e-05 -0.00077 1 6e-05 -0.00077 1 6e-05 -0.00077 1 6e-05 -0.00077 1 6e-05 -0.00077 1 6e-05 -0.00077 1 6e-05 -0.00077 0.65796 0.3144 -0.68428 0.73467 0.08415 -0.67319 0.71072 0.17208 -0.68211 0.68627 0.24408 -0.68517 0.25807 0.00245 -0.96612 0.23148 0.47987 -0.84625 0.25354 0.24176 -0.93663 0.1069 0.25382 -0.96133 0.05883 0.38551 -0.92083 -0.29469 0.31224 -0.90314 0.00286 0.1707 -0.98532 0.65132 -0.29867 -0.69755 0.7376 -0.0666 -0.67194 0.71172 -0.151 -0.68605 0.67791 -0.23951 -0.69503 0.25807 0.00244 -0.96612 0.22352 -0.49788 -0.83794 0.22352 -0.49788 -0.83794 0.24929 -0.25646 -0.93385 0.24929 -0.25646 -0.93385 0.25807 0.00245 -0.96612 -0.27299 -0.09645 -0.95717 -0.26474 -0.22758 -0.93708 -0.26696 -0.19909 -0.94292 -0.25583 -0.32021 -0.91215 0.60592 -0.68533 -0.40396 0.67232 -0.51037 -0.5362 0.64663 -0.59302 -0.47979 0.63763 -0.61648 -0.46194 0.22352 -0.49788 -0.83794 0.12908 -0.8648 -0.48524 0.12908 -0.8648 -0.48524 0.18252 -0.70538 -0.68493 0.18252 -0.70538 -0.68493 0.22352 -0.49788 -0.83794 -0.30223 -0.52635 -0.79474 -0.32499 -0.61058 -0.7222 -0.32499 -0.61058 -0.7222 -0.34357 -0.68694 -0.64037 0.49852 -0.86688 -0.00231 0.58243 -0.7878 -0.20034 0.54822 -0.82881 -0.1119 0.53687 -0.83935 -0.08526 0.12908 -0.8648 -0.48524 5e-05 -1 -0.00252 5e-05 -1 -0.00252 0.06685 -0.96529 -0.25248 0.06685 -0.96529 -0.25248 0.12908 -0.8648 -0.48524 -0.40585 -0.78719 -0.46434 -0.42381 -0.83875 -0.34187 -0.42035 -0.82822 -0.37063 -0.43196 -0.8663 -0.25086 0.43205 -0.86751 0.2465 0.40594 -0.78948 0.46037 0.42044 -0.83002 0.36646 0.4239 -0.84042 0.33765 -0.12899 -0.86725 0.48088 5e-05 -1 -0.00252 -0.12899 -0.86725 0.48088 -0.06674 -0.96656 0.24762 -0.06674 -0.96656 0.24762 5e-05 -1 -0.00252 -0.49842 -0.86693 -0.00205 -0.53678 -0.83982 0.08103 -0.54813 -0.82943 0.10773 -0.58235 -0.78887 0.19638 0.30229 -0.53031 0.79208 0.34364 -0.69012 0.6369 0.32506 -0.61417 0.71912 0.32506 -0.61417 0.71912 -0.12899 -0.86725 0.48088 -0.22347 -0.50212 0.83543 -0.22347 -0.50212 0.83543 -0.18245 -0.70883 0.68137 -0.18245 -0.70883 0.68137 -0.12899 -0.86725 0.48088 -0.59489 -0.68492 0.4207 -0.62951 -0.62565 0.46073 -0.65391 -0.57636 0.49011 -0.6863 -0.49663 0.53137 0.26545 -0.33652 0.90349 0.26784 -0.22209 0.93752 0.2667 -0.11575 0.9568 0.26778 -0.2328 0.93493 -0.25807 -0.00245 0.96612 -0.22724 -0.47593 0.84962 -0.25807 -0.00245 0.96612 -0.25013 -0.24355 0.93708 -0.24534 -0.26613 0.93219 -0.25807 -0.00245 0.96612 -0.21833 -0.50005 0.83802 -0.64518 -0.38344 0.66085 -0.67844 -0.2117 0.7035 -0.66719 -0.37143 0.64568 -0.69364 -0.2835 0.66219 -0.66098 -0.16232 0.73264 0.29204 0.32602 0.89912 0.27164 0.23151 0.93414 0.24259 0.11188 0.96366 0.26647 0.20912 0.94088 -0.25191 0.04752 0.96658 -0.22352 0.49788 0.83794 -0.37741 0.338 0.86216 -0.24511 0.29042 0.92497 -0.69533 0.26537 0.6679 -0.42456 0.19905 0.88325 -0.47567 0.17423 0.8622 0.31028 0.68012 0.6642 0.32142 0.4958 0.80676 0.31885 0.5774 0.75163 0.31621 0.61857 0.7193 -0.21536 0.51986 0.82666 -0.12908 0.8648 0.48524 -0.12908 0.8648 0.48524 -0.17584 0.71945 0.67191 -0.18224 0.70536 0.68502 -0.22352 0.49788 0.83794 -0.68635 0.49387 0.53386 -0.62958 0.62326 0.46387 -0.65397 0.57382 0.49301 -0.59497 0.68273 0.42414 0.4688 0.85314 0.22886 0.43258 0.84103 0.32486 0.38211 0.81407 0.43736 0.42087 0.83568 0.35286 -0.12908 0.8648 0.48524 -5e-05 1 0.00252 -5e-05 1 0.00252 -0.06685 0.96529 0.25248 -0.06685 0.96529 0.25248 -0.12908 0.8648 0.48524 -0.51178 0.84081 0.17641 -0.52193 0.84554 0.11248 -0.53282 0.84604 0.01794 -0.53866 0.83952 -0.07104 0.48723 0.87311 -0.0172 0.59846 0.77529 -0.2019 0.55743 0.82024 -0.12838 0.52786 0.84558 -0.07968 0.12899 0.86725 -0.48088 -5e-05 1 0.00252 0.12899 0.86725 -0.48088 0.06674 0.96656 -0.24762 0.06674 0.96656 -0.24762 -5e-05 1 0.00252 -0.39284 0.87945 -0.26877 -0.40444 0.85398 -0.32733 -0.41836 0.81015 -0.41065 -0.42799 0.76228 -0.48555 0.21981 0.52587 -0.82167 0.12899 0.86725 -0.48088 0.13017 0.85414 -0.50349 0.22819 0.50398 -0.83302 0.18727 0.69196 -0.69722 0.17935 0.7206 -0.66975 -0.27892 0.56191 -0.77876 -0.37244 0.6968 -0.61299 -0.33521 0.64418 -0.68751 -0.31408 0.61362 -0.72445 0.62316 0.6859 -0.37578 0.65162 0.53216 -0.54055 0.64082 0.61685 -0.457 0.64225 0.6091 -0.4653 -1 -6e-05 0.00077 -1 -6e-05 0.00077 -1 -6e-05 0.00077 -1 -6e-05 0.00077 -1 -6e-05 0.00077 -1 -6e-05 0.00077 0.26657 -0.50767 0.81928 0.1079 -0.42015 0.90102 0.16514 -0.45337 0.87589 0.00074 -0.35325 0.93553 -1 -6e-05 0.00077 -1 -6e-05 0.00077 -1 -6e-05 0.00077 -1 -6e-05 0.00077 -1 -6e-05 0.00077 -1 -6e-05 0.00077 -1 -6e-05 0.00077 -1 -6e-05 0.00077 -1 -6e-05 0.00077 -1 -6e-05 0.00077 0.08661 0.70553 -0.70336 -0.10012 0.77561 -0.62323 -0.1709 0.79308 -0.58465 0.01336 0.73712 -0.67563 0.09255 0.96136 0.25929 0.00011 0.97684 0.21398 0.0457 0.97053 0.23662 0.14884 0.94668 0.28573 0.13615 0.00912 0.99065 0.06717 0.07624 0.99482 0.07947 0.06436 0.99476 0.00076 0.13963 0.9902 -5e-05 1 0.00252 -5e-05 1 0.00252 -5e-05 1 0.00252 -5e-05 1 0.00252 -0.00077 0.00252 -1 -0.00077 0.00252 -1 -0.00077 0.00252 -1 -0.00077 0.00252 -1 5e-05 -1 -0.00252 5e-05 -1 -0.00252 5e-05 -1 -0.00252 5e-05 -1 -0.00252 -0.26122 -0.95966 0.10397 -0.05254 -0.99592 -0.07339 0.08134 -0.97982 -0.18256 -0.1508 -0.98852 0.00898 -0.22095 -0.09813 0.97034 -0.02114 -0.06937 0.99737 0.00078 -0.06604 0.99782 -0.20384 -0.09578 0.97431 5e-05 -1 -0.00252 5e-05 -1 -0.00252 5e-05 -1 -0.00252 5e-05 -1 -0.00252 -1 -6e-05 0.00077 -1 -6e-05 0.00077 -1 -6e-05 0.00077 -1 -6e-05 0.00077 -1 -6e-05 0.00077 -1 -6e-05 0.00077 -1 -6e-05 0.00077 -1 -6e-05 0.00077 -1 -6e-05 0.00077 -1 -6e-05 0.00077 -1 -6e-05 0.00077 -1 -6e-05 0.00077 -1 -6e-05 0.00077 -0.03705 0.87224 -0.48767 -0.14502 0.88927 -0.43379 -0.17634 0.89176 -0.41673 -0.08315 0.88109 -0.46559 0.02117 0.94992 0.31178 0.10914 0.99284 0.0485 -0.03299 0.70685 0.70659 0.046 0.9945 0.09407 -0.13066 0.63978 0.75737 -0.00385 0.85613 0.51674 0.14349 0.03012 0.98919 0.00077 0.04945 0.99878 0.01435 0.04765 0.99876 0.16115 0.02766 0.98654 -0.01324 0.02074 0.9997 -0.09215 0.03961 0.99496 -0.07741 0.0361 0.99635 0.00077 0.01737 0.99985 -5e-05 1 0.00252 -5e-05 1 0.00252 -5e-05 1 0.00252 -5e-05 1 0.00252 -0.00077 0.00252 -1 -0.00077 0.00252 -1 -0.00077 0.00252 -1 -0.00077 0.00252 -1 5e-05 -1 -0.00252 5e-05 -1 -0.00252 5e-05 -1 -0.00252 5e-05 -1 -0.00252 0.32865 -0.9425 -0.06068 0.11545 -0.9924 0.04266 0.38286 -0.91961 -0.08795 0.2076 -0.97821 -0.00129 -0.09884 -0.59849 0.79501 -0.10762 -0.59349 0.79761 -0.09255 -0.60203 0.79309 -0.10302 -0.59612 0.79626 0.06124 -0.03035 0.99766 0.00077 -0.01988 0.9998 0.0081 -0.02116 0.99974 0.06744 -0.03142 0.99723 0.26499 -0.01024 -0.9642 0.02454 -0.04698 -0.99859 -0.00077 -0.05066 -0.99872 0.22744 -0.01619 -0.97366 -0.0265 -0.44352 0.89587 -0.14753 -0.48099 0.86423 -0.17265 -0.48782 0.8557 -0.06522 -0.45632 0.88742 -1 -6e-05 0.00077 -1 -6e-05 0.00077 -1 -6e-05 0.00077 -1 -6e-05 0.00077 -1 -6e-05 0.00077 -1 -6e-05 0.00077 -1 -6e-05 0.00077 -1 -6e-05 0.00077 -1 -6e-05 0.00077 -1 -6e-05 0.00077 -1 -6e-05 0.00077 -1 -6e-05 0.00077 -1 -6e-05 0.00077 -1 -6e-05 0.00077 -1 -6e-05 0.00077 -1 -6e-05 0.00077 -1 -6e-05 0.00077 -1 -6e-05 0.00077 -1 -6e-05 0.00077 -1 -6e-05 0.00077 -1 -6e-05 0.00077 -1 -6e-05 0.00077 -1 -6e-05 0.00077 0.13769 0.9343 0.32883 0.04936 0.95914 0.27859 0.08937 0.94921 0.30169 0.00014 0.9684 0.24941 -0.09478 -0.67396 -0.73266 0.01634 -0.64752 -0.76187 0.04437 -0.63942 -0.76758 -0.0679 -0.6684 -0.7407 0.05613 -0.9966 -0.06026 -0.02941 -0.92103 0.38837 0.01339 -0.99097 0.13339 -0.01813 -0.97539 0.21974 -0.0419 -0.91803 0.39429 0.05399 -0.99678 -0.05921 0.0443 -0.42712 0.90311 -0.10182 -0.46432 0.8798 0.00586 -0.4379 0.899 -0.14939 -0.4742 0.86765 -0.02357 0.88126 0.47205 -0.04304 0.48231 0.87494 0.05804 0.07988 0.99511 -0.05961 0.73669 -0.6736 0.00054 0.99936 -0.03566 -0.00071 0.47805 -0.87833 -0.00527 0.74558 0.6664 -0.07646 0.94898 -0.30593 -0.06931 0.28166 0.95701 -0.01073 0.67886 -0.73419 0.00878 0.97531 0.22067 0.0981 0.06817 0.99284 -0.00877 0.4753 -0.87978 0.118 -0.98117 0.1529 0.04287 -0.9786 0.20124 0.07622 -0.98071 0.18001 0.00023 -0.97369 0.22787 0.07442 -0.98291 0.16837 -0.15803 -0.93641 -0.31331 0.19984 -0.85711 0.4748 0.20477 -0.85526 0.47603 -0.23403 -0.91292 -0.33437 0.14106 -0.90915 0.39185 0.13663 -0.98284 -0.1239 0.1663 -0.63802 -0.75185 -0.21918 -0.06623 -0.97343 -0.04241 -0.35777 -0.93285 -0.16566 0.43095 -0.88704 0.14551 -0.63155 -0.76156 -0.01986 -0.45833 -0.88856 -0.26086 0.5091 -0.82022 -0.09219 0.21181 -0.97295 0.31021 0.65659 -0.6875 0.05283 0.83996 -0.54007 -0.08104 0.8945 -0.43966 0.21496 0.73733 -0.64042 0.27056 0.89292 0.35986 0.01983 0.75515 0.65525 0.0446 0.45841 0.88762 0.03495 0.60066 0.79874 0.18778 0.89045 0.41454 0.00067 0.43858 0.89869 5e-05 -1 -0.00252 5e-05 -1 -0.00252 5e-05 -1 -0.00252 5e-05 -1 -0.00252 -1 -6e-05 0.00077 -1 -6e-05 0.00077 -1 -6e-05 0.00077 -1 -6e-05 0.00077 -1 -6e-05 0.00077 -1 -6e-05 0.00077 -1 -6e-05 0.00077 -1 -6e-05 0.00077 0.00077 -0.00252 1 0.00077 -0.00252 1 0.00077 -0.00252 1 0.00077 -0.00252 1 -0.06341 0.99591 -0.0644 -5e-05 1 0.00252 -0.06501 0.99569 -0.06608 -0.12437 0.98384 -0.1288 -0.07032 0.80725 -0.58601 -0.15189 0.65894 -0.7367 -0.00049 0.82279 -0.56835 -0.23567 0.71372 -0.65959 -0.02392 0.60106 -0.79884 -0.00078 0.05427 -0.99853 -0.00078 0.05427 -0.99853 -0.00078 0.05427 -0.99853 -0.00078 0.05427 -0.99853 0.01768 -0.85858 0.51238 0.00365 -0.86086 0.50883 0.00044 -0.86135 0.50801 0.01463 -0.85909 0.51162 0.00338 -0.00358 -0.99999 0.05946 0.00252 -0.99823 -0.00077 -0.00403 -0.99999 0.05546 0.00208 -0.99846 0.24805 -0.9626 0.10899 0.00027 -0.96034 0.27882 0.15916 -0.972 0.17288 0.39221 -0.91987 -0.00262 -1 -6e-05 0.00077 -1 -6e-05 0.00077 -1 -6e-05 0.00077 -1 -6e-05 0.00077 -1 -6e-05 0.00077 -1 -6e-05 0.00077 -1 -6e-05 0.00077 -1 -6e-05 0.00077 -1 -6e-05 0.00077 -1 -6e-05 0.00077 -1 -6e-05 0.00077 -1 -6e-05 0.00077 -1 -6e-05 0.00077 -1 -6e-05 0.00077 -1 -6e-05 0.00077 -1 -6e-05 0.00077 -1 -6e-05 0.00077 -1 -6e-05 0.00077 -1 -6e-05 0.00077 -1 -6e-05 0.00077 -1 -6e-05 0.00077 -1 -6e-05 0.00077 -1 -6e-05 0.00077 -1 -6e-05 0.00077 -1 -6e-05 0.00077 -1 -6e-05 0.00077 0.00068 -0.53966 0.84188 0.00068 -0.53966 0.84188 0.00068 -0.53966 0.84188 -0.04265 0.72976 -0.68237 0.0235 0.69389 -0.71969 -0.07772 0.74674 -0.66056 -0.01604 0.71593 -0.69799 -0.27549 0.94693 0.16564 0.03865 0.91191 0.40857 -0.37205 0.92498 0.07744 -0.13219 0.94962 0.28417 -0.04543 0.45181 0.89096 0.00678 -0.00071 0.99998 -0.08295 0.27777 0.95706 0.00048 -0.00182 1 -0.01181 0.12191 0.99247 -0.10009 0.41914 0.90239 0.00068 -0.55286 0.83327 0.00068 -0.53966 0.84188 0.00067 -0.55495 0.83188 0.00068 -0.54733 0.83692 0.06739 0.98377 0.16627 -0.03773 0.75031 -0.66001 -0.04643 0.84477 -0.53312 -0.04677 0.99801 -0.04228 -0.04173 0.92312 -0.38225 -0.01989 0.99631 0.08353 -0.00054 0.7641 -0.6451 -0.11969 0.71544 0.68834 -0.02021 0.67853 0.7343 -0.06725 0.69711 0.71381 -0.15736 0.72705 0.66831 0.00077 0.01014 0.99995 0.00077 0.01014 0.99995 0.00077 0.01014 0.99995 0.00077 0.01014 0.99995 -5e-05 1 0.00252 -5e-05 1 0.00252 -5e-05 1 0.00252 -5e-05 1 0.00252 -0.00077 0.00252 -1 -0.00077 0.00252 -1 -0.00077 0.00252 -1 -0.00077 0.00252 -1 5e-05 -1 -0.00252 5e-05 -1 -0.00252 5e-05 -1 -0.00252 5e-05 -1 -0.00252 -0.13532 -0.24001 -0.96129 -0.03567 -0.0075 -0.99934 -0.22464 -0.13422 -0.96515 0.03317 -0.38787 -0.92112 -0.00077 -0.00179 -1 0.00824 -0.9985 -0.05412 -0.04879 -0.99538 -0.08269 -0.02592 -0.99712 -0.07126 0.03126 -0.99861 -0.04252 -0.01987 -0.69159 0.72201 0.0828 -0.62631 0.77516 0.047 -0.65044 0.7581 0.13738 -0.58667 0.79809 -0.11083 -0.03068 0.99337 0.00077 -0.04845 0.99883 -0.01206 -0.04644 0.99885 -0.12786 -0.02792 0.9914 5e-05 -1 -0.00252 5e-05 -1 -0.00252 5e-05 -1 -0.00252 5e-05 -1 -0.00252 -0.18869 -0.26838 -0.94465 -0.04629 -0.01012 -0.99888 -0.00077 -0.00265 -1 -0.30185 -0.14462 -0.94232 -0.00068 -0.415 -0.90982 0.04641 -0.97772 -0.20472 -0.00014 -0.96925 -0.24606 0.07751 -0.98123 -0.17656 0.0364 -0.97622 -0.21369 -0.02324 -0.86601 0.49949 -0.10276 -0.88694 0.4503 -0.06261 -0.87736 0.47573 0.02232 -0.85047 0.52556 -0.08872 -0.14546 0.98538 -0.04067 -0.01223 0.9991 -0.22218 -0.07491 0.97212 0.00077 -0.00252 1 -0.02401 -0.17181 0.98484 0.00667 -0.99995 0.00691 0.06706 -0.99775 -0.00256 6e-05 -0.99997 0.00794 0.0605 -0.99817 -0.00153 0.09368 -0.52419 0.84643 0.29906 -0.58935 0.75049 0.24178 -0.574 0.78234 0.0007 -0.48589 0.87402 -0.0487 -0.78325 -0.61979 -0.1366 -0.93249 0.33438 0.04826 -0.99064 -0.12772 0.00531 -0.99203 0.12592 0.1403 -0.89588 -0.42157 -0.16001 -0.73516 -0.65874 -0.22672 -0.89417 0.38608 0.01649 0.15923 -0.9871 0.07116 0.65943 -0.74839 0.10118 0.84687 -0.52209 -0.00077 -0.0314 -0.99951 -0.00077 0.19222 -0.98135 0.06105 0.5054 -0.86072 0.03967 0.79765 -0.60182 -0.22641 0.96248 -0.14959 -0.3257 0.93958 -0.10537 -0.27161 0.95361 -0.12984 -0.2046 0.96586 -0.1589 0.2096 0.88072 0.42474 0.11622 0.63255 0.76575 0.0603 0.18395 0.98108 0.00075 0.1634 0.98656 0.19277 0.88714 0.41931 0.13579 0.82109 0.55442 0.14534 0.35047 0.92523 4e-05 0.99212 0.12529 4e-05 0.99212 0.12529 4e-05 0.99212 0.12529 4e-05 0.99212 0.12529 0.05867 0.75963 0.64771 -0.00705 0.49607 0.86825 -0.01129 0.24426 0.96964 -8e-05 0.25106 0.96797 0.02054 0.53807 0.84265 0.09776 0.77402 0.62557 -0.08263 0.99275 0.0873 -0.05824 0.99586 0.06981 -0.06805 0.99472 0.07685 -0.03915 0.99766 0.05611 0.06138 0.71337 -0.69809 -0.00059 0.6961 -0.71794 0.02015 0.70224 -0.71166 0.08047 0.71806 -0.69132 0.00074 -0.36682 0.93029 0.00074 -0.36682 0.93029 0.00074 -0.36682 0.93029 0.00074 -0.36682 0.93029 -1 -6e-05 0.00077 -1 -6e-05 0.00077 -1 -6e-05 0.00077 -1 -6e-05 0.00077 -1 -6e-05 0.00077 -1 -6e-05 0.00077 -1 -6e-05 0.00077 -5e-05 1 0.00252 -5e-05 1 0.00252 -5e-05 1 0.00252 -5e-05 1 0.00252 -0.00075 0.34462 -0.93874 -0.00075 0.34462 -0.93874 -0.00075 0.34462 -0.93874 -0.00075 0.34462 -0.93874 0.00071 0.3298 0.94405 0.00071 0.3298 0.94405 0.00071 0.3298 0.94405 0.00071 0.3298 0.94405 -5e-05 1 0.00252 -5e-05 1 0.00252 -5e-05 1 0.00252 -5e-05 1 0.00252 -0.0007 -0.35903 -0.93333 -0.0007 -0.35903 -0.93333 -0.0007 -0.35903 -0.93333 -0.0007 -0.35903 -0.93333 5e-05 -1 -0.00252 5e-05 -1 -0.00252 5e-05 -1 -0.00252 5e-05 -1 -0.00252 5e-05 -1 -0.00252 5e-05 -1 -0.00252 5e-05 -1 -0.00252 5e-05 -1 -0.00252 -0.08519 0.53445 -0.8409 -0.13108 0.55022 -0.82466 -0.10517 0.54148 -0.83411 -0.14494 0.55473 -0.81931 -0.05489 0.99567 0.07502 -0.20767 0.96635 -0.15179 0.19031 0.9139 0.35856 0.07679 0.92163 -0.38041 -0.05223 0.95514 -0.29151 0.04999 0.97464 0.21811 -0.00134 0.19139 0.98151 0.07637 0.34101 0.93695 0.00739 0.15081 0.98854 0.00071 0.34809 0.93746 0.00071 0.34809 0.93746 0.02117 0.18213 0.98305 0.00075 0.19173 0.98145 0.24105 -0.91411 -0.32602 0.09654 -0.96778 -0.23256 0.14952 -0.9519 -0.26747 -7e-05 -0.98594 -0.16708 -0.043 -0.95319 -0.29931 -0.10175 -0.80271 -0.58763 -0.05234 -0.99587 0.07418 -0.02735 -0.99521 -0.09383 -0.01892 -0.99543 0.09357 -0.0075 -0.87821 -0.47822 0.00066 -0.58152 0.81353 0.0245 -0.59235 0.80531 0.01219 -0.58681 0.80963 0.03561 -0.59725 0.80126 0.10241 -0.22058 -0.96998 -0.00076 -0.14875 -0.98887 0.152 -0.25424 -0.95512 0.06043 -0.19165 -0.9796 0.00039 -0.9016 0.43256 0.18355 -0.97906 -0.088 0.02656 -0.97767 0.20848 0.00023 -0.9755 0.22001 0.14664 -0.98664 -0.07105 0.00039 -0.9016 0.43256 -0.04479 -0.75169 -0.65799 0.1863 -0.60236 -0.77618 -0.15589 -0.80015 -0.57919 0.07736 -0.68097 -0.72821 0.01035 0.02201 -0.9997 -0.3399 0.155 -0.9276 -0.16988 0.09093 -0.98126 0.15246 -0.03302 -0.98776 -0.09913 0.77006 -0.63022 0.03122 0.71896 -0.69435 0.01154 0.72779 -0.68571 0.15643 0.6534 -0.74068 -0.11429 0.96585 -0.23252 -0.00022 0.97765 -0.21024 -0.01741 0.97673 -0.21378 -0.1276 0.9636 -0.23493 -0.00072 -0.28485 -0.95857 -0.00072 -0.28485 -0.95857 -0.00072 -0.28485 -0.95857 -0.00072 -0.28485 -0.95857 5e-05 -1 -0.00252 5e-05 -1 -0.00252 5e-05 -1 -0.00252 5e-05 -1 -0.00252 -1 -6e-05 0.00077 -1 -6e-05 0.00077 -1 -6e-05 0.00077 -1 -6e-05 0.00077 -1 -6e-05 0.00077 -1 -6e-05 0.00077 -1 -6e-05 0.00077 -1 -6e-05 0.00077 -1 -6e-05 0.00077 -1 -6e-05 0.00077 -1 -6e-05 0.00077 -1 -6e-05 0.00077 -1 -6e-05 0.00077 -1 -6e-05 0.00077 -1 -6e-05 0.00077 0.06872 0.719 -0.6916 0.02266 0.95107 0.30813 -0.06373 0.99181 0.11072 0.0043 0.91257 -0.40891 0.0245 0.7921 -0.6099 -0.03805 0.96036 0.27617 -0.05186 0.99169 -0.11773 0.00277 0.6699 -0.74245 -0.00422 0.58819 0.80871 0.02152 0.57217 0.81985 0.00468 0.58272 0.81266 -0.02108 0.59835 0.80096 -0.02138 0.02127 0.99955 -0.0012 0.02411 0.99971 0.00077 0.02438 0.9997 -0.01932 0.02156 0.99958 0.01661 0.00997 0.99981 0.00782 0.01736 0.99982 0.00966 0.01581 0.99983 0.00077 0.02328 0.99973 -5e-05 1 0.00252 -5e-05 1 0.00252 -5e-05 1 0.00252 -5e-05 1 0.00252 -0.00077 0.00252 -1 -0.00077 0.00252 -1 -0.00077 0.00252 -1 -0.00077 0.00252 -1 5e-05 -1 -0.00252 5e-05 -1 -0.00252 5e-05 -1 -0.00252 5e-05 -1 -0.00252 0.06995 -0.48788 0.87011 0.00501 -0.15532 0.98785 0.00077 -0.01145 0.99993 0.15596 -0.5614 0.81271 0.04114 -0.28864 0.95655 0.00707 -0.01259 0.9999 0.16436 -0.02447 -0.9861 0.0146 -0.04689 -0.99879 -0.00077 -0.04912 -0.99879 0.14515 -0.02741 -0.98903 0.02166 -0.80584 -0.59173 -0.11961 -0.6868 -0.71694 -0.00356 -0.78749 -0.61632 0.13146 -0.87108 -0.47323 -0.23968 -0.94656 0.21582 -0.26364 -0.9377 0.22632 -0.25477 -0.94107 0.22244 -0.22353 -0.95209 0.20869 5e-05 -1 -0.00252 -0.06348 -0.99721 0.03916 -0.03799 -0.99903 0.02244 -0.10248 -0.99263 0.06475 -0.06769 0.4233 -0.90346 -0.20499 0.49859 -0.84225 -0.25166 0.52161 -0.81523 -0.15567 0.47281 -0.8673 0.17963 0.83597 -0.51855 0.09415 0.98649 0.13404 0.02705 0.96789 -0.24993 0.08061 0.89153 -0.44572 0.13084 0.99139 0.00604 0.04677 0.98732 0.15172 0.02601 0.67938 0.73332 0.09225 0.62959 0.77143 -0.02792 0.71564 0.69791 0.04343 0.66685 0.74392 0.16439 0.11913 0.97917 -0.10412 0.03567 0.99392 -0.02621 0.25772 0.96586 -0.06063 0.04317 0.99723 0.06258 0.20159 0.97747 0.28676 -0.90232 -0.32185 0.11635 -0.97058 -0.21078 0.17866 -0.95106 -0.25211 -5e-05 -0.99132 -0.13147 -0.08998 -0.99594 0.0021 0.14065 -0.98332 0.11534 -0.01529 -0.99912 0.03911 0.20608 -0.96745 0.14689 0.00065 -0.59763 0.80177 -0.16545 -0.51331 0.8421 -0.09996 -0.54917 0.82971 -0.29816 -0.42959 0.85238 0.36502 -0.52845 -0.76648 0.13925 -0.69537 -0.70503 0.29288 -0.5892 -0.75304 0.44152 -0.45509 -0.77327 0.08005 0.25764 -0.96292 -0.13956 -0.27832 -0.9503 0.01271 0.97539 -0.22013 0.04411 0.86882 -0.49317 0.01449 0.97528 -0.2205 -0.23503 -0.34199 -0.90984 -0.0315 0.00079 -0.9995 0.0006 0.88658 -0.46258 0.06979 0.55926 -0.82605 0.1383 -0.73633 -0.66233 0.031 -0.90196 0.4307 0.01053 -0.91553 -0.40211 0.03641 -0.98832 0.14797 0.03411 -0.9532 0.3004 0.01836 -0.99064 -0.13526 0.02822 -0.82636 -0.56243 0.00039 -0.89626 0.44352 -0.00072 -0.28485 -0.95857 -0.00072 -0.28485 -0.95857 -0.00072 -0.28485 -0.95857 -0.00072 -0.28485 -0.95857 0.05311 -0.99772 -0.04165 0.02153 -0.9996 -0.01836 0.0317 -0.99916 -0.02586 5e-05 -1 -0.00252 0.00077 -0.00252 1 0.00077 -0.00252 1 0.00077 -0.00252 1 0.00077 -0.00252 1 0.00077 -0.00252 1 -5e-05 1 0.00252 -5e-05 1 0.00252 -5e-05 1 0.00252 -5e-05 1 0.00252 -0.00077 0.02046 -0.99979 -0.00077 0.02046 -0.99979 -0.00077 0.02046 -0.99979 -0.00077 0.02046 -0.99979 -0.00065 0.59596 -0.80301 -0.00065 0.60886 -0.79327 -0.00064 0.62161 -0.78333 -0.00065 0.59596 -0.80301 -0.00064 0.62161 -0.78333 -0.00065 0.60886 -0.79327 -0.05456 0.99848 0.00773 0.00281 0.21935 -0.97564 -0.00601 -0.94353 -0.33122 -0.10257 -0.28703 -0.95241 0.00407 0.63255 -0.77451 -0.0123 -0.71918 -0.69472 0.04123 0.97183 -0.23204 -0.03482 -0.99805 -0.05175 -0.03676 -0.93634 -0.34915 -0.02982 -0.56442 -0.82495 0.07928 -0.02647 -0.9965 -0.03555 0.41145 -0.91074 0.09155 0.81253 -0.57568 -0.00752 0.97491 -0.22249 -0.06818 0.99754 0.01654 0.09628 0.84184 0.53107 0.03372 0.82435 0.56508 0.06819 0.83453 0.54673 0.0004 0.81325 0.58192 -0.00076 -0.14663 -0.98919 0.0028 -0.14261 -0.98978 0.00672 -0.13816 -0.99039 0.0033 -0.14204 -0.98986 5e-05 -1 -0.00252 5e-05 -1 -0.00252 5e-05 -1 -0.00252 5e-05 -1 -0.00252 0.00077 -0.00252 1 0.00077 -0.00252 1 0.00077 -0.00252 1 0.00077 -0.00252 1 -5e-05 1 0.00252 -5e-05 1 0.00252 -5e-05 1 0.00252 -5e-05 1 0.00252 -0.00077 0.00252 -1 -0.00077 0.00252 -1 -0.00077 0.00252 -1 -0.00077 0.00252 -1 -1 -6e-05 0.00077 -1 -6e-05 0.00077 -1 -6e-05 0.00077 -1 -6e-05 0.00077 5e-05 -1 -0.00252 5e-05 -1 -0.00252 5e-05 -1 -0.00252 5e-05 -1 -0.00252 0.00077 -0.00252 1 0.00077 -0.00252 1 0.00077 -0.00252 1 0.00077 -0.00252 1 -5e-05 1 0.00252 -5e-05 1 0.00252 -5e-05 1 0.00252 -5e-05 1 0.00252 -0.00077 0.00252 -1 -0.00077 0.00252 -1 -0.00077 0.00252 -1 -0.00077 0.00252 -1 -1 -6e-05 0.00077 -1 -6e-05 0.00077 -1 -6e-05 0.00077 -1 -6e-05 0.00077 0.13078 -0.98605 -0.10295 0.05503 -0.99748 -0.04476 0.07679 -0.99515 -0.06149 5e-05 -1 -0.00252 -1 -6e-05 0.00077 -1 -6e-05 0.00077 -1 -6e-05 0.00077 -1 -6e-05 0.00077 -1 -6e-05 0.00077 -1 -6e-05 0.00077 -1 -6e-05 0.00077 -1 -6e-05 0.00077 -1 -6e-05 0.00077 -1 -6e-05 0.00077 -1 -6e-05 0.00077 -1 -6e-05 0.00077 -1 -6e-05 0.00077 -1 -6e-05 0.00077 -1 -6e-05 0.00077 0.00077 -0.00252 1 0.00077 -0.00252 1 0.00077 -0.00252 1 0.00077 -0.00252 1 -5e-05 1 0.00252 -5e-05 1 0.00252 -5e-05 1 0.00252 -5e-05 1 0.00252 -0.21388 0.07554 0.97394 -0.01945 0.04835 0.99864 0.00077 0.04543 0.99897 -0.1972 0.07328 0.97762 0.10172 0.94128 0.32193 0.00015 0.96579 0.25933 0.0554 0.95424 0.29386 0.14743 0.92552 0.34883 -0.17881 0.84239 -0.50834 -0.42905 0.66515 -0.61114 -0.00037 0.91223 -0.40967 -0.32964 0.74809 -0.57593 0.01128 0.19451 -0.98084 -0.00077 0.0192 -0.99982 0.06451 0.38797 -0.91941 -0.00539 0.01839 -0.99982 0.00187 0.17139 -0.9852 -5e-05 1 0.00252 -5e-05 1 0.00252 -5e-05 1 0.00252 -5e-05 1 0.00252 0.02049 -0.73725 0.67531 0.06121 -0.89871 0.43426 0.26289 -0.96334 0.05351 0.1918 -0.97515 0.11086 0.00254 -0.86628 0.49956 0.02164 -0.73673 0.67584 0.05559 -0.5802 -0.81258 -0.09236 -0.08988 -0.99166 -0.16394 -0.90318 -0.39672 -0.00077 -0.00316 -0.99999 -0.0178 -0.00595 -0.99982 -0.25396 -0.91335 -0.31827 -0.01534 -0.29973 -0.9539 -0.04684 -0.74795 -0.6621 0.05594 -0.0149 -0.99832 0.02922 -0.04038 -0.99876 0.00761 -0.06092 -0.99811 0.03366 -0.03616 -0.99878 5e-05 -1 -0.00252 5e-05 -1 -0.00252 5e-05 -1 -0.00252 5e-05 -1 -0.00252 -1 -6e-05 0.00077 -1 -6e-05 0.00077 -1 -6e-05 0.00077 -1 -6e-05 0.00077 -1 -6e-05 0.00077 -1 -6e-05 0.00077 -1 -6e-05 0.00077 -1 -6e-05 0.00077 -1 -6e-05 0.00077 -1 -6e-05 0.00077 -1 -6e-05 0.00077 -1 -6e-05 0.00077 -1 -6e-05 0.00077 -1 -6e-05 0.00077 -1 -6e-05 0.00077 -1 -6e-05 0.00077 -1 -6e-05 0.00077 -1 -6e-05 0.00077 -1 -6e-05 0.00077 -1 -6e-05 0.00077 -1 -6e-05 0.00077 -1 -6e-05 0.00077 -1 -6e-05 0.00077 -1 -6e-05 0.00077 0.01111 0.84995 -0.52675 0.0557 0.75365 -0.65491 -0.0162 0.96817 -0.24975 0.01468 0.87681 -0.48061 0.07438 0.75957 -0.64616 0.43124 0.87197 0.23175 0.4728 0.85614 0.20851 0.44304 0.86774 0.22528 0.49826 0.84512 0.19367 0.23356 0.0412 0.97147 0.02338 0.00997 0.99968 0.00077 0.00659 0.99998 0.21881 0.03902 0.97499 0.00598 0.78539 -0.61898 0.02473 0.77928 -0.62619 0.03333 0.77636 -0.62941 0.014 0.78282 -0.6221 -0.04716 0.9941 -0.09765 -0.01886 0.99256 -0.12028 -0.03875 0.99378 -0.10439 -0.06237 0.99439 -0.0854 0.19744 0.83568 0.51249 0.27646 0.80313 0.52778 0.25157 0.81413 0.52335 0.1651 0.84705 0.50522 0.00077 0.01013 0.99995 0.00708 0.0154 0.99986 0.01219 0.01967 0.99973 0.00583 0.01435 0.99988 -5e-05 1 0.00252 -5e-05 1 0.00252 -5e-05 1 0.00252 -5e-05 1 0.00252 -0.00077 0.00252 -1 -0.00077 0.00252 -1 -0.00077 0.00252 -1 -0.00077 0.00252 -1 5e-05 -1 -0.00252 5e-05 -1 -0.00252 5e-05 -1 -0.00252 5e-05 -1 -0.00252 -0.1349 -0.04548 -0.98981 -0.01335 -0.02784 -0.99952 -0.12421 -0.04394 -0.99128 -0.00077 -0.026 -0.99966 -0.03401 -0.887 -0.46052 -0.08893 -0.98548 -0.14467 0.10889 -0.79552 -0.59607 0.03321 -0.9992 0.0223 -0.04185 -0.95645 -0.28889 -0.07916 -0.77796 0.62331 -0.03733 -0.79365 0.60723 -0.10185 -0.76868 0.63147 -0.0567 -0.78661 0.61484 0.02614 -0.04446 0.99867 0.00329 -0.04805 0.99884 0.00077 -0.04845 0.99883 0.02352 -0.04487 0.99872 5e-05 -1 -0.00252 5e-05 -1 -0.00252 5e-05 -1 -0.00252 5e-05 -1 -0.00252 -0.10641 -0.02953 -0.99388 -0.01104 -0.015 -0.99983 -0.00077 -0.01343 -0.99991 -0.09781 -0.02822 -0.9948 -0.08347 -0.74527 -0.66151 -0.0163 -0.66858 -0.74346 0.06721 -0.55784 -0.82722 -0.00014 -0.64848 -0.76123 -0.1774 -0.96863 0.17401 0.03405 -0.99875 0.03662 -0.08763 -0.98936 0.11615 0.13223 -0.99081 -0.02847 -0.34466 -0.10813 0.93248 -0.03431 -0.06512 0.99729 0.00078 -0.05987 0.99821 -0.32017 -0.10497 0.94153 -1 -6e-05 0.00077 -1 -6e-05 0.00077 -1 -6e-05 0.00077 -1 -6e-05 0.00077 -1 -6e-05 0.00077 -1 -6e-05 0.00077 -1 -6e-05 0.00077 -1 -6e-05 0.00077 0.00077 -0.00252 1 0.00077 -0.00252 1 0.00077 -0.00252 1 0.00077 -0.00252 1 -0.00077 0.00252 -1 -0.00077 0.00252 -1 -0.00077 0.00252 -1 -0.00077 0.00252 -1 0.00045 -0.85871 0.51246 0.0147 -0.86076 0.5088 0.00365 -0.85919 0.51165 0.01808 -0.86122 0.50791 -0.03553 -0.98628 0.16123 0.3152 -0.12075 -0.94131 0.01121 -0.92586 -0.37771 0.07159 -0.67685 0.73263 0.06322 -0.52414 -0.84928 -0.01689 -0.86424 0.5028 -0.00084 -0.50358 -0.86395 0.26625 -0.14989 -0.95218 0.07316 -0.67618 0.73309 0.01666 -0.81551 0.57851 -0.00759 -0.99967 0.02439 0.00543 -0.86523 -0.50135 -0.12636 0.21416 -0.96859 0.03128 0.67632 -0.73594 -0.15178 0.98033 0.12617 -0.08939 0.59878 0.79591 -0.0132 -0.17222 0.98497 0.01792 0.9505 -0.31021 -0.00943 0.88452 0.46641 0.05311 0.14405 0.98814 -0.21947 0.13719 -0.96593 0.01158 0.43683 -0.89947 0.01309 0.82521 -0.56467 -0.06825 0.98707 -0.14502 -0.09467 0.84888 0.52004 0.00955 0.36537 0.93081 0.06822 -0.0476 0.99653 -0.05749 -0.18917 0.98026 -0.10415 -0.62695 0.77207 0.05886 -0.35546 0.93284 -0.02568 0.09445 0.9952 0.35133 -0.03078 0.93574 -0.02568 -0.42975 0.90258 -0.14976 -0.64366 0.75051 -0.09065 0.10848 0.98996 0.30963 -0.93719 0.16065 0.2587 -0.95499 0.14515 0.27196 -0.95067 0.1492 0.33914 -0.92533 0.16954 0.3307 -0.6295 -0.70311 -0.08336 0.07525 -0.99367 -0.0433 0.27596 -0.96019 0.06406 -0.36266 -0.92972 -0.03455 0.69408 -0.71907 -0.11663 0.97071 -0.21006 -0.03014 0.99952 -0.00748 0.25603 -0.6078 -0.75168 0.01669 -0.28574 -0.95816 0.08893 -0.07892 -0.99291 -0.0272 0.4146 -0.9096 -0.08146 0.8669 -0.49178 -0.09325 0.99497 -0.0366 0.07593 0.70494 0.70519 0.15651 0.67978 0.71652 0.0543 0.7108 0.70129 0.14011 0.68533 0.71463 -0.02084 0.51935 0.85431 0.38793 -0.13788 0.91132 0.06522 0.18094 0.98133 0.3334 -0.15628 0.92974 -0.09436 0.6505 0.75362 -0.0084 0.45198 0.89199 0.0087 0.14469 0.98944 0.43124 -0.09289 0.89744 -0.24235 -0.68165 0.69038 0.03491 -0.79631 0.60388 -0.30618 -0.64379 0.70127 -0.06436 -0.76414 0.64184 0.3884 -0.90191 -0.18896 0.06093 -0.99564 -0.0706 -0.03777 -0.99872 -0.03372 0.32636 -0.93037 -0.16705 0.26733 -0.38256 -0.88441 0.08333 -0.34763 -0.93392 0.39778 -0.39926 -0.82605 0.13453 -0.3586 -0.92375 -0.17202 -0.02367 -0.98481 0.04255 0.20601 -0.97762 0.04803 0.75097 -0.65858 0.14136 0.88058 -0.45233 -0.19708 -0.03087 -0.9799 0.13897 0.42605 -0.89396 0.24875 0.83769 -0.4862 0.03521 0.76248 -0.64605 -0.01151 0.1289 -0.99159 -1 -6e-05 0.00077 -1 -6e-05 0.00077 -1 -6e-05 0.00077 -1 -6e-05 0.00077 -1 -6e-05 0.00077 -1 -6e-05 0.00077 -1 -6e-05 0.00077 -1 -6e-05 0.00077 -1 -6e-05 0.00077 -1 -6e-05 0.00077 -1 -6e-05 0.00077 -1 -6e-05 0.00077 -1 -6e-05 0.00077 -1 -6e-05 0.00077 -1 -6e-05 0.00077 -1 -6e-05 0.00077 -1 -6e-05 0.00077 -1 -6e-05 0.00077 -1 -6e-05 0.00077 -1 -6e-05 0.00077 -1 -6e-05 0.00077 -1 -6e-05 0.00077 -1 -6e-05 0.00077 -1 -6e-05 0.00077 -0.29635 0.94055 -0.16595 -0.23079 0.96414 -0.13104 -0.27561 0.9487 -0.15491 -0.31435 0.93294 -0.17553 0.01948 0.11876 -0.99273 -0.21916 0.25165 -0.94268 -0.28764 0.28784 -0.91346 -0.07729 0.17387 -0.98173 -0.16581 -0.9539 0.25018 -0.07511 -0.97002 0.23114 -0.15027 -0.95728 0.24705 -0.05982 -0.97188 0.22775 0.23313 -0.20039 0.95157 0.33022 -0.05338 0.94239 0.04252 -0.44605 0.894 0.22258 -0.21538 0.95083 -1 -6e-05 0.00077 -1 -6e-05 0.00077 -1 -6e-05 0.00077 -1 -6e-05 0.00077 -1 -6e-05 0.00077 -1 -6e-05 0.00077 -1 -6e-05 0.00077 -1 -6e-05 0.00077 -1 -6e-05 0.00077 -1 -6e-05 0.00077 -1 -6e-05 0.00077 -1 -6e-05 0.00077 -1 -6e-05 0.00077 -1 -6e-05 0.00077 -1 -6e-05 0.00077 -1 -6e-05 0.00077 -1 -6e-05 0.00077 -1 -6e-05 0.00077 -1 -6e-05 0.00077 -1 -6e-05 0.00077 -1 -6e-05 0.00077 -1 -6e-05 0.00077 -1 -6e-05 0.00077 -1 -6e-05 0.00077 -1 -6e-05 0.00077 -1 -6e-05 0.00077 -1 -6e-05 0.00077 -1 -6e-05 0.00077 -1 -6e-05 0.00077 0.32426 0.92369 0.20409 0.1844 0.97264 0.1413 0.27787 0.94294 0.18343 0.10734 0.98855 0.10608 0.03688 0.86214 -0.50532 0.15251 0.78816 -0.59627 -0.04994 0.90209 -0.42864 0.08039 0.83713 -0.54106 -0.073 0.16238 -0.98402 -0.25232 0.24033 -0.93732 -0.29721 0.25898 -0.91902 -0.13677 0.19071 -0.97207 -0.00754 -0.97573 0.21885 -0.01814 -0.87886 0.47673 -0.26235 -0.56156 0.78475 -0.00243 -0.97606 0.21749 -0.10004 -0.85783 0.5041 -0.36775 -0.44431 0.81691 -1 -6e-05 0.00077 -1 -6e-05 0.00077 -1 -6e-05 0.00077 -1 -6e-05 0.00077 -1 -6e-05 0.00077 -1 -6e-05 0.00077 -1 -6e-05 0.00077 -1 -6e-05 0.00077 -1 -6e-05 0.00077 -1 -6e-05 0.00077 -1 -6e-05 0.00077 -1 -6e-05 0.00077 -1 -6e-05 0.00077 -1 -6e-05 0.00077 -1 -6e-05 0.00077 -1 -6e-05 0.00077 -1 -6e-05 0.00077 -1 -6e-05 0.00077 -1 -6e-05 0.00077 -1 -6e-05 0.00077 -1 -6e-05 0.00077 -1 -6e-05 0.00077 -1 -6e-05 0.00077 -1 -6e-05 0.00077 -1 -6e-05 0.00077 -1 -6e-05 0.00077 -1 -6e-05 0.00077 -1 -6e-05 0.00077 -1 -6e-05 0.00077 -1 -6e-05 0.00077 -1 -6e-05 0.00077 0.15285 -0.66205 0.7337 0.19915 -0.67384 0.71154 0.2346 -0.68167 0.69302 0.174 -0.66765 0.72386 -0.25307 0.00147 0.96745 -0.20813 -0.01221 0.97802 -0.22224 -0.00793 0.97496 -0.25986 0.00356 0.96564 2e-05 0.69112 0.72274 0.07324 0.45238 0.88881 0.10672 0.8658 0.48888 -0.02285 0.59683 0.80204 0.01489 0.82172 0.5697 0.15804 0.94111 -0.29888 -0.06244 0.98677 -0.14963 -0.16215 0.98372 -0.07745 0.05783 0.9708 -0.23281 -0.17106 0.48354 -0.85844 -0.17023 0.48323 -0.85879 -0.17133 0.48364 -0.85833 -0.17071 0.48341 -0.85859 0.01005 -0.22372 -0.9746 -0.18524 -0.64772 -0.73902 0.09607 0.00838 -0.99534 0.05544 -0.01102 -0.9984 -0.03616 -0.40175 -0.91504 -0.28878 -0.68249 -0.67142 0.03973 -0.99905 -0.01813 0.18606 -0.96872 -0.16421 0.09722 -0.9924 -0.07542 -0.06966 -0.99346 0.09046 -1 -6e-05 0.00077 -1 -6e-05 0.00077 -1 -6e-05 0.00077 -1 -6e-05 0.00077 -1 -6e-05 0.00077 -1 -6e-05 0.00077 -1 -6e-05 0.00077 -1 -6e-05 0.00077 -1 -6e-05 0.00077 -1 -6e-05 0.00077 -1 -6e-05 0.00077 -1 -6e-05 0.00077 -1 -6e-05 0.00077 -1 -6e-05 0.00077 -1 -6e-05 0.00077 -1 -6e-05 0.00077 -1 -6e-05 0.00077 -1 -6e-05 0.00077 -1 -6e-05 0.00077 -1 -6e-05 0.00077 -1 -6e-05 0.00077 -1 -6e-05 0.00077 -1 -6e-05 0.00077 -1 -6e-05 0.00077 -1 -6e-05 0.00077 -1 -6e-05 0.00077 -1 -6e-05 0.00077 -1 -6e-05 0.00077 -1 -6e-05 0.00077 -1 -6e-05 0.00077 -0.36038 -0.23719 0.90215 -0.0593 -0.14501 0.98765 0.03341 -0.11396 0.99292 -0.16829 -0.17995 0.96917 0.19896 0.17169 0.96485 -0.08036 0.37562 0.92328 0.09901 0.24921 0.96338 -0.19307 0.44676 0.87357 0.04914 0.90476 -0.42307 0.16032 0.78566 0.59752 -0.01818 0.63847 -0.76943 -0.01116 0.9612 0.27562 0.03184 0.8704 0.49131 -0.00516 0.99755 -0.06971 -0.0264 0.78759 -0.61563 -0.08801 0.57249 -0.81517 -0.08698 -0.98828 0.12546 -0.00512 -0.87993 0.47508 -0.02938 -0.726 0.68707 -0.0181 -0.72133 0.69236 -0.13808 -0.98799 0.06928 -0.03809 -0.89571 0.443 0.06755 0.06994 -0.99526 0.18214 0.10687 -0.97745 0.15937 0.09959 -0.98218 0.03477 0.05924 -0.99764 0.0011 -0.52257 -0.85259 0.07568 -0.55913 -0.82562 -0.03476 -0.50359 -0.86324 0.04211 -0.54317 -0.83857 0.07205 -0.93113 -0.35749 -0.08903 -0.95934 -0.26785 0.05719 -0.93512 -0.34968 0.27253 -0.84876 -0.45314 -1 -6e-05 0.00077 -1 -6e-05 0.00077 -1 -6e-05 0.00077 -1 -6e-05 0.00077 -1 -6e-05 0.00077 -1 -6e-05 0.00077 -1 -6e-05 0.00077 -1 -6e-05 0.00077 -1 -6e-05 0.00077 -1 -6e-05 0.00077 -1 -6e-05 0.00077 -1 -6e-05 0.00077 -1 -6e-05 0.00077 -1 -6e-05 0.00077 -1 -6e-05 0.00077 -1 -6e-05 0.00077 -1 -6e-05 0.00077 -1 -6e-05 0.00077 -1 -6e-05 0.00077 -1 -6e-05 0.00077 -1 -6e-05 0.00077 -1 -6e-05 0.00077 -1 -6e-05 0.00077 -1 -6e-05 0.00077 -1 -6e-05 0.00077 -1 -6e-05 0.00077 -1 -6e-05 0.00077 -1 -6e-05 0.00077 -1 -6e-05 0.00077 -1 -6e-05 0.00077 -0.32819 -0.07163 0.94189 -0.45426 -0.04071 0.88994 -0.31672 -0.0743 0.94561 -0.41277 -0.05122 0.90939 0.29628 0.3857 0.87376 0.14616 0.35263 0.92428 0.4328 0.40792 0.80392 0.19995 0.36544 0.9091 0.02614 0.99735 0.06792 0.07407 0.94695 0.31272 -0.03878 0.8423 0.53761 0.03265 0.96145 0.27305 -0.05181 0.99865 0.00285 0.06271 0.78938 -0.6107 -0.01328 0.75402 -0.65672 0.01717 0.76902 -0.63899 -0.0583 0.72978 -0.68119 -0.02964 -0.43516 -0.89987 -0.13579 -0.60249 -0.78649 -0.32092 0.01377 -0.94701 0.07011 0.14735 -0.9866 0.00573 0.13355 -0.99103 -0.06955 -0.32493 -0.94318 -0.15456 -0.61138 -0.7761 0.23481 -0.97172 -0.02511 0.29729 -0.95299 -0.05859 0.26535 -0.96326 -0.04141 0.35251 -0.9316 -0.08866 -1 -6e-05 0.00077 -1 -6e-05 0.00077 -1 -6e-05 0.00077 -1 -6e-05 0.00077 -1 -6e-05 0.00077 -1 -6e-05 0.00077 -1 -6e-05 0.00077 -1 -6e-05 0.00077 -1 -6e-05 0.00077 -1 -6e-05 0.00077 -1 -6e-05 0.00077 -1 -6e-05 0.00077 -1 -6e-05 0.00077 -1 -6e-05 0.00077 -1 -6e-05 0.00077 -1 -6e-05 0.00077 -1 -6e-05 0.00077 -1 -6e-05 0.00077 -1 -6e-05 0.00077 -1 -6e-05 0.00077 -1 -6e-05 0.00077 -1 -6e-05 0.00077 -1 -6e-05 0.00077 -1 -6e-05 0.00077 -1 -6e-05 0.00077 -1 -6e-05 0.00077 -1 -6e-05 0.00077 -1 -6e-05 0.00077 -1 -6e-05 0.00077 -1 -6e-05 0.00077 -1 -6e-05 0.00077 0.01041 0.20562 0.97858 -0.24442 -0.04434 0.96865 0.06962 0.39948 0.91409 -0.27154 -0.05214 0.96101 -0.02436 0.1945 0.9806 0.05262 0.39266 0.91818 0.02981 0.99703 0.07097 0.10538 0.91707 0.38456 -0.03669 0.82246 0.56764 0.07 0.95613 0.28447 -0.08612 0.99595 -0.02595 0.1312 0.68176 -0.71972 0.12444 0.68513 -0.71771 0.13547 0.6796 -0.72096 0.12745 0.68364 -0.71861 0.23288 -0.29548 0.92653 0.07808 -0.44313 0.89305 0.15693 -0.37098 0.91528 -0.04324 -0.54243 0.83899 -0.11369 0.04436 -0.99253 -0.32224 0.00623 -0.94664 -0.14534 0.03877 -0.98862 -0.33723 0.00337 -0.94142 0.15232 -0.38942 -0.90838 0.03479 -0.69223 -0.72084 0.1023 -0.89169 -0.44093 0.0611 -0.48785 -0.87079 -0.00616 -0.78962 -0.61356 0.08637 -0.9437 0.31932 -0.17031 -0.97246 0.15909 -0.26141 -0.96044 0.09603 -0.02961 -0.96779 0.25001 -1 -6e-05 0.00077 -1 -6e-05 0.00077 -1 -6e-05 0.00077 -1 -6e-05 0.00077 -1 -6e-05 0.00077 -1 -6e-05 0.00077 -1 -6e-05 0.00077 -1 -6e-05 0.00077 -1 -6e-05 0.00077 -1 -6e-05 0.00077 -1 -6e-05 0.00077 -1 -6e-05 0.00077 -1 -6e-05 0.00077 -1 -6e-05 0.00077 -1 -6e-05 0.00077 -1 -6e-05 0.00077 -1 -6e-05 0.00077 -1 -6e-05 0.00077 -1 -6e-05 0.00077 -1 -6e-05 0.00077 -1 -6e-05 0.00077 -1 -6e-05 0.00077 -1 -6e-05 0.00077 -1 -6e-05 0.00077 -1 -6e-05 0.00077 -1 -6e-05 0.00077 -1 -6e-05 0.00077 -1 -6e-05 0.00077 -1 -6e-05 0.00077 -1 -6e-05 0.00077 -1 -6e-05 0.00077 -0.00071 -0.33575 -0.94195 -0.239 -0.45963 -0.85535 -0.11587 -0.399 -0.9096 -0.31322 -0.4924 -0.81205 -5e-05 0.99997 0.00717 0.10621 0.99423 -0.01497 0.01592 0.99987 0.00385 0.12182 0.99238 -0.01823 0.14119 -0.86946 -0.4734 0.01844 -0.94258 -0.33346 0.05356 -0.92557 -0.37477 -0.08217 -0.97435 -0.20952 0.03416 -0.96142 0.27294 0.1293 -0.93936 0.31762 0.19682 -0.9168 0.34749 0.08223 -0.95168 0.29588 -0.03294 -0.43871 0.89803 -0.04112 -0.44211 0.89602 -0.03764 -0.44067 0.89688 -0.02987 -0.43742 0.89876 -1 -6e-05 0.00077 -1 -6e-05 0.00077 -1 -6e-05 0.00077 -1 -6e-05 0.00077 -1 -6e-05 0.00077 1 -0.00011 -0.00127 1 -5e-05 -0.00138 1 0.00137 -0.00081 0.99999 0.0032 -0.00072 0.99996 0.00868 -0.00081 1 -0.00012 -0.00097 1 6e-05 -0.00077 1 6e-05 -0.00077 1 0.00245 -0.00078 -1 0.00181 0.00157 -1 -0.00019 -0.0002 -1 -0.0003 0.00011 -0.99998 0.00543 0.00318 -1 0.00071 0.00111 -1 -6e-05 0.00077 -1 -6e-05 0.00077 -1 -6e-05 0.00077 -1 -6e-05 0.00077 -1 -6e-05 0.00077 -1 -6e-05 0.00077 -1 -6e-05 0.00077 -1 -6e-05 0.00077 -1 -0.00024 0.00047 -1 -8e-05 0.00075 -1 -6e-05 0.00077 -1 -6e-05 0.00077 -1 -6e-05 0.00077 -1 -7e-05 0.00077 -1 -0.00103 0.00097 -1 -0.00029 0.0017 -1 -0.0004 0.00104 -1 -6e-05 0.00077 -1 -6e-05 0.00077 -1 -6e-05 0.00077 -1 -6e-05 0.00077 -1 -6e-05 0.00077 -1 -6e-05 0.00077 -1 -6e-05 0.00077 -1 -6e-05 0.00077 -1 -0.00011 0.00073 -1 -6e-05 0.00077 -1 -6e-05 0.00077 -1 -6e-05 0.00077 -1 -6e-05 0.00077 -1 -6e-05 0.00077 -1 -6e-05 0.00077 -1 -6e-05 0.00077 -1 -6e-05 0.00077 -1 -6e-05 0.00077 -1 -6e-05 0.00077 -1 -6e-05 0.00077 -1 -6e-05 0.00077 -1 -6e-05 0.00077 -1 -6e-05 0.00077 -1 -6e-05 0.00077 -1 -6e-05 0.00077 -1 -6e-05 0.00077 -1 -6e-05 0.00077 -1 -6e-05 0.00077 -1 -6e-05 0.00077 -1 -6e-05 0.00077 -1 -6e-05 0.00077 -1 -6e-05 0.00077 -1 -6e-05 0.00077 -1 -6e-05 0.00077 -1 -6e-05 0.00077 -1 -6e-05 0.00077 -1 -6e-05 0.00077 -1 -6e-05 0.00077 -1 -6e-05 0.00077 -1 -6e-05 0.00077 -1 -6e-05 0.00077 -1 -6e-05 0.00077 -1 -6e-05 0.00077 -1 -6e-05 0.00077 -1 -6e-05 0.00077 -1 -6e-05 0.00077 -1 -6e-05 0.00077 -1 -6e-05 0.00077 -1 -6e-05 0.00077 -1 -6e-05 0.00077 -1 -6e-05 0.00077 -1 -6e-05 0.00077 -1 -6e-05 0.00077 -1 -6e-05 0.00077 -1 -6e-05 0.00077 -1 -6e-05 0.00077 -1 -6e-05 0.00077 -1 -6e-05 0.00077 -1 -6e-05 0.00077 -1 -6e-05 0.00077 -1 -6e-05 0.00077 -1 -6e-05 0.00077 -1 -6e-05 0.00077 -1 -6e-05 0.00077 -1 -6e-05 0.00077 -1 -6e-05 0.00077 -1 -6e-05 0.00077 -1 -6e-05 0.00077 -1 -6e-05 0.00077 -1 -6e-05 0.00077 -1 -6e-05 0.00077 -1 -6e-05 0.00077 -1 -6e-05 0.00077 -1 -6e-05 0.00077 -1 -6e-05 0.00077 -1 -6e-05 0.00077 -1 -6e-05 0.00077 -1 -6e-05 0.00077 -1 -6e-05 0.00077 -1 -6e-05 0.00077 -1 -6e-05 0.00077 -1 -0.00035 0.00077 -1 -0.00024 0.00079 -1 -6e-05 0.00077 -1 -6e-05 0.00077 -1 -6e-05 0.00077 -1 -6e-05 0.00077 -1 -6e-05 0.00077 -1 -6e-05 0.00077 -1 -6e-05 0.00077 -1 -6e-05 0.00077 -1 -6e-05 0.00077 -1 -6e-05 0.00077 -1 -6e-05 0.00077 -1 -6e-05 0.00077 -1 -6e-05 0.00077 -1 -6e-05 0.00077 -1 -6e-05 0.00077 -1 -6e-05 0.00077 -1 -6e-05 0.00077 -1 -6e-05 0.00077 -1 -6e-05 0.00077 -1 -6e-05 0.00077 -1 -6e-05 0.00077 -1 -6e-05 0.00077 -1 -6e-05 0.00077 -1 -6e-05 0.00077 -1 -6e-05 0.00077 -1 -6e-05 0.00077 -1 -6e-05 0.00077 -1 -6e-05 0.00077 -1 -6e-05 0.00077 -1 -6e-05 0.00077 -1 -6e-05 0.00077 -1 -6e-05 0.00077 -1 -6e-05 0.00077 -1 -6e-05 0.00077 -1 -6e-05 0.00077 -1 -6e-05 0.00077 -1 -6e-05 0.00077 -1 -6e-05 0.00077 -1 -6e-05 0.00077 -1 -6e-05 0.00077 -1 -6e-05 0.00077 -1 -6e-05 0.00077 -1 -6e-05 0.00077 -1 -7e-05 0.00079 -1 -6e-05 0.00077 -1 -3e-05 0.00088 -1 -0.00011 0.00088 -1 -6e-05 0.00077 -1 -6e-05 0.00077 -1 -6e-05 0.00077 -1 -0.00035 0.0008 -1 -0.00032 0.00077 -1 -6e-05 0.00077 -1 -6e-05 0.00077 -1 -6e-05 0.00077 -1 -6e-05 0.00077 -1 -6e-05 0.00077 -1 -6e-05 0.00077 -1 -6e-05 0.00077 -1 -6e-05 0.00077 -1 -6e-05 0.00077 -1 -6e-05 0.00077 -1 -6e-05 0.00077 -1 -6e-05 0.00077 -1 -6e-05 0.00077 -1 -6e-05 0.00077 -1 -6e-05 0.00077 -1 -6e-05 0.00077 -1 -6e-05 0.00077 -1 -6e-05 0.00077 -1 -6e-05 0.00077 -1 -6e-05 0.00077 -1 -6e-05 0.00077 -1 -6e-05 0.00077 -1 -6e-05 0.00077 -1 -6e-05 0.00077 -1 -6e-05 0.00077 -1 -6e-05 0.00077 -1 -6e-05 0.00077 -1 -6e-05 0.00077 -1 -6e-05 0.00077 -1 -6e-05 0.00077 -1 -6e-05 0.00077 -1 -6e-05 0.00077 -1 -6e-05 0.00077 -1 -6e-05 0.00077 -1 -6e-05 0.00077 -1 -6e-05 0.00077 -1 -6e-05 0.00077 -1 -6e-05 0.00077 -1 -6e-05 0.00077 -1 -6e-05 0.00077 -1 -6e-05 0.00077 -1 -6e-05 0.00077 -1 -6e-05 0.00077 -1 -6e-05 0.00077 -1 -6e-05 0.00077 -1 -6e-05 0.00077 -1 -6e-05 0.00077 -1 -6e-05 0.00077 -1 -6e-05 0.00077 -1 -6e-05 0.00077 -1 -6e-05 0.00077 -1 -6e-05 0.00077 -1 -6e-05 0.00077 -1 -6e-05 0.00077 -1 -6e-05 0.00077 -1 -6e-05 0.00077 -1 -6e-05 0.00077 -1 -6e-05 0.00077 -1 -6e-05 0.00077 -1 -6e-05 0.00077 -1 -6e-05 0.00077 -1 -6e-05 0.00077 -1 -6e-05 0.00077 -1 -6e-05 0.00077 -1 -6e-05 0.00077 -1 -6e-05 0.00077 -1 -6e-05 0.00077 -1 -6e-05 0.00077 -1 -6e-05 0.00077 -1 -6e-05 0.00077 -1 -6e-05 0.00077 -1 -6e-05 0.00077 -1 -6e-05 0.00077 -1 -6e-05 0.00077 -1 -6e-05 0.00077 -1 -6e-05 0.00077 -1 -6e-05 0.00077 -1 -6e-05 0.00077 -1 -6e-05 0.00077 -1 -6e-05 0.00077 -1 -6e-05 0.00077 -1 -6e-05 0.00077 -1 -6e-05 0.00077 -1 -6e-05 0.00077 -1 -6e-05 0.00077 -1 -6e-05 0.00077 -1 -6e-05 0.00077 -1 -6e-05 0.00077 -1 -6e-05 0.00077 -1 -6e-05 0.00077 -1 -6e-05 0.00077 -1 -6e-05 0.00077 -1 -6e-05 0.00077 -1 -6e-05 0.00077 -1 -6e-05 0.00077 -1 -6e-05 0.00077 -1 -6e-05 0.00077 -1 -6e-05 0.00077 -1 -6e-05 0.00077 -1 -6e-05 0.00077 -1 -6e-05 0.00077 -1 -6e-05 0.00077 -1 -6e-05 0.00077 -1 -6e-05 0.00077 -1 -0.00099 0.0008 -1 -6e-05 0.00077 -1 -0.00118 0.00076 -1 -6e-05 0.00077 -1 -6e-05 0.00077 -1 -6e-05 0.00077 -1 -6e-05 0.00077 -0.39894 -0.63376 0.66271 -0.39894 -0.63376 0.66271 -0.39894 -0.63376 0.66271 -0.56212 0.28827 0.77519 -0.56212 0.28827 0.77519 -0.56212 0.28827 0.77519 -0.74406 -0.18902 0.64081 -0.74406 -0.18902 0.64081 -0.74406 -0.18902 0.64081 -0.29958 0.24429 -0.92227 -0.29958 0.24429 -0.92227 -0.29958 0.24429 -0.92227 0.61159 -0.33223 0.71804 0.61159 -0.33223 0.71804 0.61159 -0.33223 0.71804 -0.63186 0.55834 0.53759 -0.63186 0.55834 0.53759 -0.63186 0.55834 0.53759 0.9983 0.05743 0.00945 0.9983 0.05743 0.00945 0.9983 0.05743 0.00945 0.95062 0.03959 0.30781 0.95062 0.03959 0.30781 0.95062 0.03959 0.30781 -0.70604 -0.1399 0.69422 -0.70604 -0.1399 0.69422 -0.70604 -0.1399 0.69422 0.99889 -0.04689 0.00402 0.99889 -0.04689 0.00402 0.99889 -0.04689 0.00402 0.35486 0.2983 -0.88605 0.35486 0.2983 -0.88605 0.35486 0.2983 -0.88605 -0.50759 -0.1097 -0.85459 -0.50759 -0.1097 -0.85459 -0.50759 -0.1097 -0.85459 0.6248 -0.07605 -0.77707 0.6248 -0.07605 -0.77707 0.6248 -0.07605 -0.77707 -0.73331 0.53795 -0.41577 -0.73331 0.53795 -0.41577 -0.73331 0.53795 -0.41577 -0.16473 -0.97874 0.12216 -0.16473 -0.97874 0.12216 -0.16473 -0.97874 0.12216 -0.99721 -0.07415 0.00886 -0.99721 -0.07415 0.00886 -0.99721 -0.07415 0.00886 -0.63001 0.5344 -0.56347 -0.63001 0.5344 -0.56347 -0.63001 0.5344 -0.56347 0.77336 -0.00156 0.63396 0.77336 -0.00156 0.63396 0.77336 -0.00156 0.63396 0.13409 -0.99097 -0.00256 0.13409 -0.99097 -0.00256 0.13409 -0.99097 -0.00256 -0.89587 0.44431 0.00184 -0.89587 0.44431 0.00184 -0.89587 0.44431 0.00184 0.80569 0.59234 0.00092 0.80569 0.59234 0.00092 0.80569 0.59234 0.00092 0.10739 -0.77187 0.62664 0.10739 -0.77187 0.62664 0.10739 -0.77187 0.62664 -0.16636 -0.58635 -0.79279 -0.16636 -0.58635 -0.79279 -0.16636 -0.58635 -0.79279 -0.47565 0.86831 -0.14068 -0.47565 0.86831 -0.14068 -0.47565 0.86831 -0.14068 0.24484 0.96926 0.02444 0.24484 0.96926 0.02444 0.24484 0.96926 0.02444 0.11619 0.97631 -0.18253 0.11619 0.97631 -0.18253 0.11619 0.97631 -0.18253 -0.49747 -0.33144 -0.80167 -0.49747 -0.33144 -0.80167 -0.49747 -0.33144 -0.80167 0.24127 -0.16367 -0.95656 0.24127 -0.16367 -0.95656 0.24127 -0.16367 -0.95656 -0.38532 0.65493 0.65007 -0.38532 0.65493 0.65007 -0.38532 0.65493 0.65007 -0.1347 0.04614 -0.98981 -0.1347 0.04614 -0.98981 -0.1347 0.04614 -0.98981 0.48099 -0.85737 0.18321 0.48099 -0.85737 0.18321 0.48099 -0.85737 0.18321 0.00049 -0.82008 0.57225 0.00049 -0.82008 0.57225 0.00049 -0.82008 0.57225 -0.18052 0.47429 0.86166 -0.18052 0.47429 0.86166 -0.18052 0.47429 0.86166 0.07449 -0.76411 0.64078 0.07449 -0.76411 0.64078 0.07449 -0.76411 0.64078 5e-05 -1 -0.00252 5e-05 -1 -0.00252 5e-05 -1 -0.00252 0.02872 0.99958 0.00249 0.02872 0.99958 0.00249 0.02872 0.99958 0.00249 0.48355 0.72646 -0.4883 0.48355 0.72646 -0.4883 0.48355 0.72646 -0.4883 -0.57027 0.53197 -0.62593 -0.57027 0.53197 -0.62593 -0.57027 0.53197 -0.62593 -0.00045 0.85353 -0.52104 -0.00045 0.85353 -0.52104 -0.00045 0.85353 -0.52104 0.06745 -0.15222 -0.98604 0.06745 -0.15222 -0.98604 0.06745 -0.15222 -0.98604 0.82362 -0.00224 -0.56713 0.82362 -0.00224 -0.56713 0.82362 -0.00224 -0.56713 -0.20079 -0.88668 -0.41652 -0.20079 -0.88668 -0.41652 -0.20079 -0.88668 -0.41652 0.46372 0.79887 0.3831 0.46372 0.79887 0.3831 0.46372 0.79887 0.3831 -0.20487 0.97216 0.11369 -0.20487 0.97216 0.11369 -0.20487 0.97216 0.11369 -0.03955 -0.80246 -0.59539 -0.03955 -0.80246 -0.59539 -0.03955 -0.80246 -0.59539 0.22087 0.7345 -0.64166 0.22087 0.7345 -0.64166 0.22087 0.7345 -0.64166 0.14549 0.91764 0.36982 0.14549 0.91764 0.36982 0.14549 0.91764 0.36982 -0.27597 0.47622 0.8349 -0.27597 0.47622 0.8349 -0.27597 0.47622 0.8349 -0.06629 0.60971 0.78985 -0.06629 0.60971 0.78985 -0.06629 0.60971 0.78985 0.09774 0.04082 0.99437 0.09774 0.04082 0.99437 0.09774 0.04082 0.99437 0.16945 -0.45364 0.87493 0.16945 -0.45364 0.87493 0.16945 -0.45364 0.87493 -0.12638 -0.81172 0.57022 -0.12638 -0.81172 0.57022 -0.12638 -0.81172 0.57022</float_array>
          <technique_common>
            <accessor count="2763" source="#g0_chrome-nrm-array" stride="3">
              <param type="float" name="X"/>
              <param type="float" name="Y"/>
              <param type="float" name="Z"/>
            </accessor>
          </technique_common>
        </source>
        <vertices id="g0_chrome-pos-vertices">
          <input semantic="POSITION" source="#g0_chrome-pos"/>
        </vertices>
        <triangles count="2622" material="chrome-ref">
          <input offset="0" semantic="VERTEX" source="#g0_chrome-pos-vertices"/>
          <input offset="1" semantic="NORMAL" source="#g0_chrome-nrm"/>
          <p>447 447 291 291 458 458 411 411 415 415 413 413 411 411 416 416 415 415 414 414 417 417 416 416 416 416 417 417 418 418 292 292 456 456 298 298 448 448 318 318 317 317 424 424 444 444 312 312 265 265 297 297 423 423 410 410 415 415 421 421 432 432 290 290 435 435 453 453 296 296 432 432 422 422 442 442 271 271 460 460 427 427 440 440 446 446 428 428 457 457 448 448 317 317 434 434 459 459 437 437 425 425 449 449 319 319 403 403 419 419 415 415 416 416 505 505 452 452 488 488 495 495 456 456 473 473 483 483 455 455 484 484 491 491 437 437 459 459 482 482 453 453 464 464 493 493 446 446 457 457 419 419 421 421 415 415 418 418 419 419 416 416 440 440 282 282 431 431 416 416 411 411 414 414 420 420 412 412 421 421 415 415 410 410 413 413 421 421 412 412 410 410 418 418 402 402 404 404 270 270 442 442 295 295 420 420 391 391 412 412 397 397 414 414 411 411 401 401 402 402 400 400 413 413 394 394 411 411 404 404 407 407 406 406 418 418 406 406 405 405 398 398 380 380 399 399 380 380 323 323 399 399 399 399 400 400 398 398 322 322 321 321 399 399 399 399 401 401 400 400 398 398 397 397 392 392 417 417 400 400 402 402 414 414 398 398 400 400 398 398 414 414 397 397 400 400 417 417 414 414 402 402 418 418 417 417 409 409 408 408 404 404 404 404 408 408 407 407 4 4 596 596 593 593 389 389 392 392 394 394 439 439 438 438 277 277 292 292 299 299 456 456 412 412 391 391 410 410 411 411 394 394 392 392 386 386 387 387 385 385 396 396 387 387 395 395 389 389 388 388 386 386 388 388 394 394 390 390 511 511 471 471 443 443 395 395 391 391 393 393 321 321 320 320 401 401 404 404 402 402 403 403 403 403 402 402 320 320 402 402 401 401 320 320 401 401 399 399 321 321 392 392 380 380 398 398 500 500 482 482 494 494 511 511 443 443 475 475 488 488 471 471 511 511 497 497 463 463 460 460 518 518 492 492 468 468 489 489 512 512 478 478 509 509 493 493 499 499 510 510 450 450 474 474 506 506 481 481 498 498 450 450 461 461 474 474 516 516 479 479 486 486 504 504 485 485 501 501 515 515 504 504 501 501 514 514 500 500 494 494 511 511 500 500 514 514 497 497 487 487 509 509 513 513 476 476 503 503 505 505 488 488 511 511 493 493 509 509 487 487 470 470 517 517 503 503 462 462 497 497 517 517 481 481 506 506 489 489 476 476 513 513 496 496 467 467 502 502 480 480 477 477 499 499 493 493 464 464 512 512 494 494 462 462 517 517 470 470 513 513 502 502 496 496 492 492 507 507 490 490 491 491 518 518 468 468 495 495 516 516 486 486 504 504 484 484 469 469 492 492 466 466 468 468 500 500 475 475 482 482 507 507 451 451 490 490 481 481 478 478 436 436 488 488 422 422 471 471 470 470 301 301 462 462 454 454 423 423 465 465 460 460 440 440 446 446 472 472 298 298 456 456 475 475 296 296 453 453 474 474 442 442 452 452 480 480 429 429 438 438 464 464 432 432 435 435 503 503 426 426 445 445 465 465 423 423 466 466 487 487 460 460 446 446 496 496 439 439 476 476 450 450 457 457 441 441 481 481 447 447 458 458 453 453 432 432 464 464 479 479 472 472 486 486 517 517 497 497 509 509 518 518 491 491 508 508 517 517 638 638 513 513 509 509 510 510 618 618 617 617 510 510 505 505 632 632 515 515 516 516 628 628 518 518 508 508 624 624 512 512 506 506 514 514 494 494 512 512 377 377 325 325 378 378 484 484 316 316 469 469 468 468 444 444 424 424 452 452 442 442 422 422 439 439 300 300 476 476 448 448 434 434 449 449 461 461 295 295 442 442 459 459 425 425 455 455 135 135 80 80 121 121 353 353 348 348 354 354 347 347 357 357 346 346 384 384 350 350 339 339 339 339 340 340 342 342 339 339 342 342 341 341 340 340 346 346 342 342 322 322 399 399 323 323 67 67 84 84 147 147 358 358 357 357 347 347 103 103 90 90 151 151 123 123 109 109 114 114 105 105 86 86 154 154 117 117 93 93 144 144 145 145 87 87 118 118 329 329 308 308 328 328 332 332 331 331 330 330 327 327 328 328 307 307 341 341 342 342 345 345 347 347 349 349 356 356 357 357 355 355 346 346 356 356 349 349 351 351 355 355 345 345 346 346 348 348 344 344 345 345 346 346 343 343 352 352 346 346 340 340 343 343 341 341 345 345 344 344 333 333 331 331 332 332 352 352 347 347 346 346 352 352 349 349 347 347 346 346 345 345 342 342 351 351 349 349 352 352 345 345 354 354 348 348 345 345 355 355 354 354 356 356 358 358 347 347 125 125 181 181 145 145 334 334 335 335 312 312 334 334 336 336 335 335 335 335 336 336 312 312 91 91 152 152 122 122 70 70 174 174 139 139 85 85 162 162 104 104 71 71 176 176 141 141 99 99 177 177 143 143 333 333 312 312 311 311 118 118 164 164 125 125 131 131 146 146 130 130 64 64 127 127 126 126 94 94 119 119 131 131 95 95 159 159 119 119 113 113 171 171 148 148 132 132 171 171 113 113 107 107 134 134 133 133 332 332 344 344 348 348 331 331 309 309 330 330 309 309 308 308 330 330 332 332 330 330 329 329 330 330 308 308 329 329 336 336 313 313 312 312 313 313 336 336 337 337 341 341 329 329 327 327 344 344 332 332 329 329 350 350 352 352 340 340 329 329 341 341 344 344 327 327 338 338 341 341 327 327 329 329 328 328 331 331 326 326 310 310 326 326 333 333 311 311 326 326 311 311 310 310 333 333 334 334 312 312 410 410 394 394 413 413 387 387 396 396 385 385 378 378 389 389 386 386 379 379 392 392 389 389 392 392 379 379 380 380 389 389 378 378 379 379 386 386 377 377 378 378 391 391 420 420 393 393 397 397 411 411 392 392 390 390 395 395 387 387 410 410 390 390 394 394 410 410 391 391 390 390 394 394 388 388 389 389 391 391 395 395 390 390 390 390 386 386 388 388 367 367 364 364 366 366 362 362 356 356 359 359 363 363 357 357 362 362 381 381 377 377 386 386 325 325 324 324 378 378 324 324 379 379 378 378 324 324 323 323 379 379 380 380 379 379 323 323 336 336 361 361 365 365 334 334 360 360 361 361 333 333 353 353 360 360 396 396 381 381 385 385 362 362 358 358 356 356 386 386 385 385 381 381 305 305 304 304 327 327 383 383 384 384 338 338 306 306 305 305 327 327 377 377 302 302 325 325 307 307 306 306 327 327 390 390 387 387 386 386 365 365 374 374 373 373 354 354 361 361 360 360 360 360 334 334 333 333 361 361 336 336 334 334 365 365 337 337 336 336 365 365 536 536 641 641 365 365 641 641 376 376 365 365 376 376 375 375 365 365 375 375 374 374 351 351 359 359 356 356 343 343 340 340 352 352 340 340 339 339 350 350 341 341 338 338 339 339 339 339 338 338 384 384 332 332 348 348 353 353 353 353 333 333 332 332 309 309 331 331 310 310 326 326 331 331 333 333 365 365 367 367 536 536 363 363 354 354 355 355 362 362 357 357 358 358 363 363 355 355 357 357 360 360 353 353 354 354 354 354 363 363 361 361 362 362 364 364 363 363 363 363 365 365 361 361 364 364 367 367 365 365 480 480 502 502 495 495 365 365 363 363 364 364 365 365 373 373 372 372 337 337 365 365 372 372 337 337 372 372 371 371 337 337 371 371 369 369 370 370 368 368 337 337 337 337 369 369 370 370 3 3 9 9 598 598 612 612 2 2 5 5 12 12 615 615 614 614 599 599 594 594 6 6 614 614 602 602 13 13 599 599 0 0 600 600 11 11 1 1 595 595 596 596 4 4 11 11 11 11 595 595 596 596 604 604 595 595 1 1 2 2 597 597 609 609 6 6 0 0 599 599 579 579 581 581 580 580 583 583 582 582 581 581 584 584 585 585 582 582 586 586 587 587 585 585 571 571 570 570 549 549 569 569 568 568 570 570 604 604 1 1 603 603 3 3 598 598 608 608 1 1 7 7 613 613 2 2 612 612 597 597 611 611 600 600 14 14 606 606 598 598 9 9 5 5 593 593 607 607 594 594 16 16 6 6 3 3 605 605 616 616 566 566 567 567 568 568 607 607 601 601 5 5 608 608 605 605 3 3 616 616 7 7 3 3 616 616 610 610 7 7 7 7 610 610 613 613 5 5 601 601 612 612 14 14 13 13 611 611 613 613 603 603 1 1 582 582 583 583 584 584 576 576 574 574 575 575 573 573 572 572 574 574 588 588 589 589 587 587 591 591 592 592 589 589 589 589 590 590 591 591 589 589 588 588 590 590 587 587 586 586 588 588 585 585 584 584 586 586 576 576 575 575 577 577 581 581 579 579 583 583 381 381 546 546 545 545 396 396 547 547 546 546 396 396 395 395 547 547 393 393 420 420 522 522 522 522 548 548 393 393 521 521 522 522 420 420 548 548 395 395 393 393 568 568 569 569 566 566 566 566 565 565 567 567 564 564 563 563 565 565 562 562 561 561 563 563 562 562 560 560 561 561 551 551 553 553 550 550 560 560 562 562 559 559 563 563 564 564 562 562 565 565 566 566 564 564 16 16 594 594 606 606 570 570 571 571 569 569 549 549 550 550 571 571 572 572 573 573 528 528 574 574 576 576 573 573 577 577 578 578 576 576 577 577 580 580 578 578 580 580 577 577 579 579 102 102 35 35 36 36 66 66 60 60 65 65 100 100 31 31 69 69 63 63 59 59 27 27 76 76 42 42 68 68 58 58 18 18 73 73 87 87 43 43 48 48 99 99 16 16 57 57 46 46 12 12 40 40 73 73 18 18 5 5 108 108 73 73 55 55 74 74 49 49 61 61 106 106 29 29 44 44 87 87 65 65 43 43 81 81 59 59 63 63 101 101 69 69 50 50 624 624 623 623 512 512 514 514 623 623 622 622 67 67 33 33 84 84 110 110 40 40 70 70 67 67 23 23 33 33 43 43 29 29 48 48 58 58 38 38 18 18 45 45 29 29 10 10 57 57 9 9 59 59 50 50 21 21 35 35 55 55 5 5 22 22 505 505 622 622 621 621 39 39 12 12 46 46 56 56 22 22 31 31 54 54 23 23 67 67 44 44 37 37 45 45 54 54 20 20 23 23 60 60 53 53 24 24 43 43 15 15 28 28 617 617 505 505 620 620 509 509 619 619 640 640 517 517 509 509 640 640 513 513 637 637 636 636 635 635 634 634 513 513 634 634 516 516 513 513 634 634 633 633 516 516 514 514 512 512 623 623 505 505 621 621 620 620 509 509 618 618 619 619 640 640 639 639 517 517 508 508 629 629 628 628 517 517 639 639 638 638 609 609 8 8 2 2 609 609 615 615 8 8 13 13 12 12 614 614 13 13 602 602 611 611 0 0 14 14 600 600 632 632 516 516 633 633 631 631 508 508 515 515 508 508 631 631 630 630 625 625 624 624 507 507 638 638 637 637 513 513 513 513 636 636 635 635 626 626 507 507 518 518 628 628 627 627 518 518 510 510 617 617 618 618 548 548 547 547 395 395 632 632 631 631 515 515 518 518 627 627 626 626 626 626 625 625 507 507 403 403 319 319 404 404 315 315 314 314 337 337 314 314 313 313 337 337 630 630 629 629 508 508 485 485 504 504 469 469 424 424 437 437 468 468 457 457 477 477 493 493 478 478 512 512 464 464 466 466 492 492 465 465 448 448 485 485 469 469 464 464 494 494 482 482 458 458 498 498 481 481 465 465 492 492 490 490 436 436 478 478 435 435 480 480 495 495 473 473 467 467 496 496 502 502 446 446 493 493 487 487 481 481 489 489 478 478 458 458 507 507 498 498 449 449 501 501 485 485 463 463 497 497 462 462 460 460 487 487 497 497 430 430 462 462 301 301 315 315 484 484 455 455 299 299 429 429 473 473 295 295 461 461 450 450 296 296 475 475 443 443 298 298 472 472 449 449 439 439 467 467 438 438 300 300 426 426 476 476 315 315 316 316 484 484 454 454 490 490 451 451 427 427 460 460 463 463 319 319 449 449 434 434 403 403 298 298 449 449 443 443 471 471 422 422 433 433 437 437 424 424 431 431 446 446 440 440 428 428 446 446 431 431 474 474 505 505 510 510 503 503 517 517 513 513 501 501 516 516 515 515 506 506 507 507 624 624 495 495 513 513 516 516 511 511 622 622 505 505 511 511 514 514 622 622 477 477 510 510 499 499 484 484 515 515 483 483 502 502 513 513 495 495 498 498 507 507 506 506 489 489 506 506 512 512 492 492 518 518 507 507 483 483 515 515 508 508 479 479 516 516 501 501 500 500 511 511 475 475 504 504 515 515 484 484 450 450 510 510 477 477 472 472 479 479 449 449 437 437 491 491 468 468 479 479 501 501 449 449 456 456 495 495 486 486 452 452 505 505 474 474 451 451 507 507 458 458 459 459 508 508 491 491 459 459 483 483 508 508 455 455 483 483 459 459 435 435 478 478 464 464 439 439 496 496 467 467 426 426 503 503 476 476 450 450 477 477 457 457 448 448 449 449 485 485 456 456 486 486 472 472 445 445 470 470 503 503 499 499 510 510 509 509 458 458 275 275 451 451 556 556 557 557 555 555 558 558 519 519 557 557 519 519 558 558 520 520 557 557 556 556 558 558 555 555 554 554 556 556 553 553 552 552 554 554 553 553 551 551 552 552 422 422 287 287 443 443 554 554 555 555 553 553 437 437 314 314 425 425 314 314 455 455 425 425 428 428 284 284 441 441 441 441 284 284 450 450 428 428 441 441 457 457 312 312 433 433 424 424 531 531 532 532 530 530 530 530 419 419 531 531 550 550 549 549 551 551 535 535 534 534 536 536 537 537 536 536 367 367 367 367 366 366 538 538 359 359 351 351 539 539 351 351 541 541 540 540 383 383 543 543 542 542 382 382 544 544 543 543 382 382 545 545 544 544 421 421 419 419 529 529 520 520 540 540 519 519 523 523 524 524 522 522 525 525 526 526 524 524 527 527 528 528 526 526 420 420 529 529 521 521 419 419 530 530 529 529 533 533 531 531 534 534 442 442 474 474 461 461 542 542 350 350 384 384 350 350 542 542 541 541 352 352 350 350 541 541 351 351 352 352 541 541 438 438 467 467 480 480 301 301 470 470 445 445 447 447 481 481 436 436 429 429 480 480 473 473 542 542 384 384 383 383 465 465 490 490 454 454 299 299 473 473 456 456 453 453 482 482 475 475 422 422 488 488 452 452 444 444 466 466 423 423 444 444 468 468 466 466 469 469 316 316 448 448 430 430 463 463 462 462 366 366 359 359 538 538 420 420 421 421 529 529 528 528 527 527 572 572 526 526 525 525 527 527 524 524 523 523 525 525 522 522 521 521 523 523 351 351 540 540 520 520 520 520 539 539 351 351 539 539 538 538 359 359 406 406 418 418 404 404 367 367 538 538 537 537 536 536 537 537 535 535 534 534 535 535 533 533 531 531 533 533 532 532 546 546 381 381 396 396 545 545 382 382 381 381 543 543 383 383 382 382 82 82 117 117 124 124 184 184 183 183 133 133 169 169 148 148 170 170 168 168 119 119 159 159 95 95 67 67 147 147 156 156 128 128 129 129 106 106 128 128 64 64 118 118 87 87 88 88 77 77 145 145 93 93 184 184 133 133 160 160 116 116 81 81 124 124 99 99 143 143 92 92 155 155 86 86 116 116 155 155 154 154 86 86 141 141 111 111 71 71 138 138 114 114 110 110 152 152 91 91 123 123 151 151 102 102 103 103 180 180 145 145 181 181 135 135 121 121 149 149 160 160 133 133 134 134 171 171 132 132 183 183 148 148 120 120 112 112 159 159 95 95 147 147 168 168 213 213 119 119 167 167 158 158 119 119 165 165 157 157 129 129 150 150 100 100 101 101 179 179 116 116 124 124 188 188 142 142 143 143 175 175 115 115 153 153 208 208 140 140 115 115 237 237 128 128 156 156 221 221 201 201 144 144 201 201 179 179 124 124 194 194 136 136 195 195 2 2 31 31 5 5 1 1 20 20 17 17 36 36 35 35 8 8 13 13 40 40 12 12 1 1 23 23 20 20 18 18 38 38 4 4 12 12 39 39 36 36 14 14 47 47 40 40 19 19 41 41 42 42 144 144 93 93 145 145 0 0 25 25 14 14 14 14 40 40 13 13 11 11 30 30 33 33 7 7 10 10 29 29 2 2 50 50 31 31 8 8 35 35 21 21 17 17 45 45 10 10 129 129 128 128 106 106 145 145 77 77 87 87 134 134 73 73 108 108 177 177 105 105 154 154 177 177 99 99 105 105 162 162 85 85 140 140 174 174 70 70 104 104 186 186 137 137 122 122 131 131 130 130 94 94 127 127 64 64 128 128 194 194 98 98 136 136 186 186 122 122 152 152 194 194 101 101 98 98 183 183 96 96 133 133 183 183 132 132 96 96 146 146 131 131 119 119 164 164 88 88 126 126 164 164 118 118 88 88 248 248 212 212 199 199 225 225 214 214 239 239 242 242 190 190 223 223 245 245 227 227 218 218 264 264 215 215 226 226 251 251 224 224 214 214 250 250 202 202 213 213 235 235 221 221 180 180 234 234 201 201 221 221 263 263 169 169 215 215 232 232 177 177 233 233 324 324 162 162 140 140 197 197 139 139 174 174 196 196 187 187 138 138 172 172 150 150 161 161 217 217 184 184 160 160 204 204 147 147 169 169 202 202 119 119 213 213 220 220 195 195 173 173 232 232 188 188 177 177 231 231 209 209 198 198 324 324 325 325 174 174 234 234 200 200 201 201 233 233 163 163 212 212 325 325 206 206 207 207 303 303 229 229 196 196 304 304 186 186 229 229 190 190 165 165 129 129 306 306 307 307 195 195 246 246 172 172 219 219 240 240 198 198 210 210 305 305 195 195 220 220 306 306 195 195 305 305 265 265 192 192 193 193 227 227 205 205 191 191 157 157 156 156 129 129 304 304 173 173 186 186 328 328 219 219 161 161 218 218 191 191 185 185 216 216 183 183 184 184 226 226 171 171 183 183 224 224 168 168 214 214 223 223 166 166 238 238 158 158 146 146 119 119 229 229 187 187 196 196 201 201 117 117 144 144 199 199 155 155 116 116 178 178 154 154 155 155 163 163 177 177 154 154 176 176 71 71 142 142 187 187 123 123 138 138 162 162 174 174 104 104 173 173 151 151 90 90 223 223 190 190 166 166 192 192 149 149 172 172 202 202 167 167 182 182 202 202 130 130 167 167 238 238 166 166 130 130 236 236 181 181 164 164 200 200 179 179 201 201 163 163 154 154 178 178 210 210 141 141 176 176 593 593 5 5 4 4 237 237 156 156 190 190 235 235 180 180 181 181 248 248 179 179 200 200 211 211 176 176 188 188 325 325 197 197 174 174 186 186 152 152 187 187 219 219 172 172 161 161 63 63 82 82 81 81 76 76 115 115 85 85 81 81 116 116 86 86 112 112 120 120 84 84 133 133 96 96 107 107 93 93 117 117 82 82 82 82 124 124 81 81 111 111 153 153 68 68 57 57 105 105 99 99 98 98 102 102 136 136 61 61 119 119 94 94 83 83 89 89 61 61 34 34 79 79 78 78 80 80 108 108 55 55 89 89 119 119 61 61 91 91 137 137 90 90 46 46 91 91 39 39 47 47 85 85 70 70 109 109 123 123 91 91 16 16 99 99 52 52 45 45 74 74 106 106 30 30 84 84 33 33 35 35 102 102 62 62 40 40 109 109 46 46 41 41 68 68 42 42 29 29 64 64 48 48 54 54 72 72 61 61 29 29 106 106 64 64 108 108 80 80 135 135 96 96 132 132 79 79 79 79 113 113 78 78 106 106 94 94 130 130 115 115 76 76 68 68 100 100 69 69 101 101 62 62 98 98 101 101 29 29 28 28 7 7 15 15 7 7 28 28 22 22 5 5 31 31 102 102 36 36 90 90 82 82 63 63 66 66 68 68 41 41 51 51 96 96 58 58 107 107 77 77 66 66 65 65 85 85 25 25 76 76 50 50 2 2 21 21 69 69 31 31 50 50 88 88 87 87 48 48 104 104 70 70 85 85 89 89 83 83 95 95 112 112 84 84 78 78 91 91 46 46 109 109 98 98 62 62 102 102 75 75 74 74 61 61 17 17 7 7 1 1 75 75 94 94 106 106 72 72 95 95 83 83 88 88 48 48 64 64 30 30 11 11 4 4 26 26 6 6 16 16 36 36 8 8 12 12 21 21 2 2 8 8 19 19 0 0 6 6 60 60 66 66 63 63 8 8 615 615 12 12 111 111 51 51 71 71 33 33 23 23 11 11 61 61 17 17 20 20 53 53 3 3 24 24 42 42 0 0 19 19 47 47 14 14 25 25 61 61 49 49 45 45 58 58 96 96 38 38 45 45 106 106 44 44 54 54 67 67 72 72 38 38 96 96 34 34 32 32 71 71 51 51 22 22 56 56 55 55 35 35 62 62 50 50 37 37 44 44 29 29 26 26 52 52 92 92 30 30 34 34 78 78 43 43 65 65 60 60 20 20 54 54 61 61 47 47 70 70 40 40 19 19 51 51 41 41 19 19 32 32 51 51 9 9 57 57 16 16 53 53 63 63 27 27 110 110 114 114 109 109 606 606 9 9 16 16 97 97 149 149 121 121 3 3 7 7 15 15 5 5 18 18 4 4 3 3 15 15 24 24 11 11 23 23 1 1 142 142 71 71 92 92 70 70 139 139 110 110 43 43 60 60 24 24 150 150 97 97 100 100 97 97 121 121 80 80 79 79 132 132 113 113 119 119 89 89 95 95 130 130 129 129 106 106 42 42 76 76 25 25 26 26 92 92 32 32 36 36 39 39 90 90 56 56 97 97 80 80 100 100 97 97 56 56 30 30 78 78 84 84 96 96 79 79 34 34 50 50 62 62 101 101 25 25 85 85 47 47 59 59 81 81 86 86 65 65 87 87 77 77 72 72 83 83 61 61 39 39 91 91 90 90 58 58 73 73 107 107 31 31 100 100 56 56 59 59 86 86 57 57 49 49 74 74 45 45 67 67 95 95 72 72 56 56 80 80 55 55 32 32 92 92 71 71 4 4 38 38 34 34 5 5 55 55 73 73 16 16 52 52 26 26 61 61 45 45 17 17 3 3 59 59 9 9 3 3 53 53 27 27 4 4 34 34 30 30 6 6 32 32 19 19 6 6 26 26 32 32 7 7 17 17 10 10 0 0 42 42 25 25 15 15 43 43 24 24 52 52 99 99 92 92 40 40 110 110 109 109 51 51 111 111 68 68 86 86 105 105 57 57 66 66 77 77 82 82 192 192 265 265 228 228 204 204 252 252 239 239 193 193 246 246 265 265 232 232 247 247 256 256 190 190 242 242 237 237 233 233 177 177 163 163 205 205 244 244 217 217 205 205 227 227 244 244 185 185 228 228 218 218 214 214 225 225 251 251 208 208 266 266 230 230 198 198 240 240 231 231 203 203 239 239 214 214 161 161 307 307 328 328 173 173 304 304 220 220 206 206 325 325 302 302 211 211 241 241 210 210 188 188 232 232 211 211 135 135 185 185 191 191 130 130 202 202 238 238 159 159 214 214 168 168 147 147 203 203 159 159 147 147 204 204 239 239 165 165 190 190 156 156 119 119 182 182 167 167 119 119 202 202 182 182 170 170 215 215 169 169 189 189 222 222 236 236 137 137 186 186 173 173 140 140 208 208 324 324 175 175 153 153 209 209 210 210 241 241 240 240 212 212 259 259 233 233 222 222 260 260 236 236 224 224 251 251 213 213 216 216 253 253 226 226 223 223 250 250 243 243 213 213 262 262 250 250 213 213 251 251 262 262 225 225 239 239 251 251 204 204 263 263 252 252 217 217 291 291 253 253 245 245 275 275 244 244 231 231 255 255 254 254 228 228 276 276 245 245 227 227 245 245 244 244 218 218 228 228 245 245 208 208 254 254 266 266 211 211 256 256 241 241 232 232 257 257 247 247 233 233 258 258 257 257 242 242 271 271 270 270 233 233 259 259 258 258 179 179 248 248 199 199 189 189 260 260 222 222 183 183 216 216 226 226 194 194 195 195 307 307 197 197 206 206 302 302 197 197 207 207 206 206 197 197 325 325 207 207 208 208 230 230 324 324 178 178 212 212 163 163 181 181 236 236 235 235 248 248 267 267 280 280 236 236 268 268 283 283 262 262 273 273 250 250 252 252 288 288 239 239 263 263 289 289 252 252 264 264 290 290 263 263 253 253 274 274 226 226 90 90 137 137 173 173 158 158 167 167 130 130 134 134 191 191 160 160 135 135 149 149 185 185 141 141 210 210 153 153 143 143 177 177 188 188 155 155 199 199 178 178 144 144 180 180 221 221 128 128 237 237 189 189 91 91 122 122 137 137 123 123 187 187 152 152 115 115 175 175 208 208 142 142 188 188 176 176 116 116 179 179 199 199 125 125 164 164 181 181 157 157 165 165 156 156 166 166 190 190 129 129 130 130 166 166 129 129 64 64 126 126 88 88 97 97 150 150 149 149 114 114 138 138 123 123 110 110 139 139 138 138 85 85 115 115 140 140 68 68 153 153 115 115 111 111 141 141 153 153 92 92 143 143 142 142 118 118 125 125 145 145 146 146 158 158 130 130 84 84 120 120 147 147 78 78 148 148 112 112 78 78 113 113 148 148 73 73 134 134 107 107 108 108 135 135 134 134 101 101 161 161 150 150 102 102 151 151 136 136 160 160 191 191 205 205 176 176 211 211 210 210 189 189 236 236 164 164 159 159 203 203 214 214 147 147 239 239 203 203 170 170 226 226 215 215 171 171 226 226 170 170 184 184 217 217 216 216 160 160 205 205 217 217 175 175 209 209 208 208 149 149 192 192 185 185 172 172 193 193 192 192 194 194 307 307 161 161 187 187 229 229 186 186 153 153 198 198 209 209 153 153 210 210 198 198 199 199 212 212 178 178 139 139 197 197 138 138 120 120 169 169 147 147 120 120 148 148 169 169 148 148 171 171 170 170 135 135 191 191 134 134 150 150 172 172 149 149 151 151 173 173 195 195 101 101 194 194 161 161 151 151 195 195 136 136 169 169 263 263 204 204 117 117 201 201 124 124 145 145 180 180 144 144 126 126 189 189 164 164 127 127 189 189 126 126 127 127 128 128 189 189 138 138 197 197 303 303 162 162 324 324 174 174 429 429 255 255 438 438 292 292 298 298 403 403 300 300 439 439 278 278 463 463 430 430 280 280 428 428 431 431 283 283 272 272 250 250 287 287 271 271 243 243 272 272 284 284 269 269 285 285 259 259 248 248 280 280 293 293 258 258 259 259 445 445 247 247 257 257 255 255 240 240 438 438 299 299 254 254 255 255 268 268 428 428 283 283 458 458 291 291 275 275 447 447 274 274 291 291 432 432 288 288 289 289 426 426 279 279 445 445 423 423 276 276 265 265 454 454 245 245 276 276 435 435 274 274 436 436 294 294 296 296 443 443 287 287 422 422 272 272 422 422 271 271 272 272 442 442 270 270 271 271 312 312 313 313 433 433 450 450 284 284 285 285 268 268 284 284 428 428 267 267 440 440 427 427 463 463 280 280 427 427 230 230 292 292 322 322 320 320 321 321 292 292 292 292 403 403 320 320 434 434 318 318 319 319 434 434 317 317 318 318 318 318 448 448 316 316 433 433 313 313 437 437 295 295 286 286 270 270 285 285 295 295 450 450 302 302 303 303 197 197 304 304 305 305 220 220 309 309 246 246 219 219 314 314 437 437 313 313 314 314 315 315 455 455 322 322 323 323 230 230 292 292 321 321 322 322 278 278 426 426 300 300 293 293 301 301 445 445 281 281 440 440 267 267 299 299 266 266 254 254 257 257 232 232 233 233 254 254 209 209 231 231 276 276 228 228 265 265 431 431 249 249 235 235 267 267 234 234 282 282 279 279 256 256 247 247 438 438 240 240 277 277 272 272 243 243 250 250 271 271 242 242 243 243 285 285 237 237 261 261 267 267 200 200 234 234 270 270 261 261 242 242 265 265 246 246 444 444 296 296 239 239 288 288 296 296 251 251 239 239 296 296 294 294 251 251 287 287 250 250 273 273 284 284 260 260 237 237 284 284 236 236 260 260 246 246 193 193 172 172 228 228 185 185 192 192 227 227 191 191 218 218 213 213 168 168 224 224 253 253 216 216 217 217 295 295 285 285 286 286 430 430 259 259 280 280 426 426 278 278 279 279 430 430 293 293 259 259 293 293 430 430 301 301 277 277 278 278 439 439 297 297 265 265 444 444 451 451 275 275 454 454 290 290 432 432 289 289 288 288 432 432 296 296 443 443 262 262 294 294 235 235 236 236 283 283 260 260 189 189 237 237 249 249 221 221 235 235 259 259 212 212 248 248 256 256 211 211 232 232 255 255 231 231 240 240 254 254 208 208 209 209 323 323 324 324 230 230 267 267 248 248 200 200 278 278 241 241 256 256 277 277 240 240 241 241 291 291 217 217 244 244 230 230 266 266 292 292 257 257 293 293 445 445 237 237 269 269 284 284 237 237 285 285 269 269 226 226 274 274 264 264 253 253 291 291 274 274 244 244 275 275 291 291 310 310 444 444 246 246 255 255 429 429 299 299 247 247 445 445 279 279 309 309 310 310 246 246 221 221 282 282 234 234 241 241 278 278 277 277 256 256 279 279 278 278 282 282 281 281 267 267 249 249 431 431 282 282 235 235 283 283 431 431 236 236 284 284 268 268 444 444 311 311 312 312 219 219 328 328 308 308 219 219 308 308 309 309 444 444 310 310 311 311 274 274 435 435 264 264 238 238 250 250 223 223 202 202 250 250 238 238 215 215 264 264 263 263 245 245 454 454 275 275 267 267 427 427 280 280 282 282 440 440 281 281 287 287 262 262 443 443 263 263 290 290 289 289 264 264 435 435 290 290 223 223 243 243 242 242 237 237 242 242 261 261 274 274 447 447 436 436 276 276 423 423 454 454 266 266 299 299 292 292 258 258 293 293 257 257 261 261 286 286 285 285 261 261 270 270 286 286 251 251 294 294 262 262 252 252 289 289 288 288 642 642 644 644 643 643 642 642 643 643 645 645 647 647 649 649 648 648 646 646 649 649 647 647 651 651 650 650 652 652 652 652 653 653 651 651 656 656 657 657 655 655 655 655 654 654 656 656 659 659 658 658 665 665 665 665 666 666 659 659 663 663 666 666 665 665 665 665 664 664 663 663 664 664 662 662 663 663 661 661 660 660 672 672 672 672 681 681 661 661 676 676 675 675 667 667 675 675 677 677 670 670 677 677 678 678 669 669 678 678 679 679 673 673 667 667 663 663 676 676 669 669 670 670 677 677 668 668 669 669 678 678 673 673 668 668 678 678 670 670 667 667 675 675 674 674 673 673 680 680 662 662 676 676 663 663 679 679 680 680 673 673 680 680 681 681 671 671 671 671 674 674 680 680 672 672 671 671 681 681 726 726 709 709 695 695 695 695 723 723 726 726 709 709 694 694 682 682 709 709 724 724 729 729 722 722 695 695 707 707 711 711 710 710 729 729 692 692 683 683 687 687 691 691 689 689 690 690 692 692 687 687 688 688 729 729 710 710 709 709 722 722 704 704 703 703 722 722 702 702 701 701 692 692 685 685 684 684 693 693 694 694 709 709 713 713 712 712 729 729 722 722 706 706 705 705 686 686 685 685 692 692 707 707 706 706 722 722 729 729 712 712 711 711 688 688 689 689 692 692 728 728 718 718 717 717 715 715 714 714 728 728 692 692 693 693 709 709 701 701 708 708 722 722 719 719 718 718 728 728 722 722 721 721 695 695 729 729 730 730 713 713 709 709 699 699 698 698 726 726 725 725 709 709 714 714 713 713 728 728 728 728 720 720 719 719 713 713 730 730 727 727 709 709 696 696 695 695 700 700 699 699 709 709 691 691 692 692 689 689 709 709 725 725 724 724 709 709 686 686 692 692 709 709 697 697 696 696 713 713 727 727 728 728 722 722 705 705 704 704 703 703 702 702 722 722 695 695 721 721 723 723 716 716 715 715 728 728 684 684 683 683 692 692 709 709 682 682 700 700 717 717 716 716 728 728 709 709 698 698 697 697 756 756 773 773 772 772 774 774 773 773 759 759 776 776 760 760 761 761 776 776 759 759 760 760 753 753 754 754 769 769 769 769 751 751 752 752 744 744 732 732 739 739 752 752 753 753 769 769 732 732 733 733 739 739 735 735 737 737 738 738 759 759 776 776 775 775 776 776 763 763 764 764 776 776 761 761 762 762 754 754 745 745 769 769 770 770 745 745 756 756 756 756 772 772 770 770 733 733 734 734 739 739 735 735 736 736 737 737 739 739 742 742 743 743 740 740 741 741 742 742 739 739 740 740 742 742 735 735 731 731 736 736 747 747 748 748 756 756 735 735 756 756 731 731 767 767 768 768 745 745 765 765 766 766 776 776 749 749 750 750 769 769 770 770 771 771 745 745 734 734 735 735 739 739 771 771 767 767 745 745 756 756 748 748 731 731 759 759 775 775 774 774 745 745 768 768 769 769 758 758 759 759 773 773 773 773 757 757 758 758 769 769 750 750 751 751 769 769 755 755 749 749 756 756 757 757 773 773 743 743 744 744 739 739 735 735 738 738 739 739 756 756 745 745 746 746 776 776 764 764 765 765 762 762 763 763 776 776 756 756 746 746 747 747 779 779 780 780 778 778 777 777 780 780 779 779 787 787 784 784 781 781 784 784 783 783 781 781 782 782 783 783 784 784 784 784 785 785 782 782 786 786 785 785 784 784 784 784 787 787 786 786 789 789 791 791 790 790 791 791 788 788 790 790 796 796 795 795 793 793 793 793 794 794 796 796 795 795 796 796 797 797 797 797 792 792 795 795 801 801 799 799 800 800 799 799 798 798 800 800 804 804 803 803 805 805 804 804 805 805 802 802 810 810 811 811 806 806 806 806 809 809 810 810 808 808 810 810 809 809 808 808 809 809 807 807 814 814 813 813 812 812 814 814 815 815 813 813 818 818 817 817 819 819 819 819 816 816 818 818 823 823 821 821 824 824 825 825 820 820 823 823 824 824 825 825 823 823 821 821 822 822 824 824 827 827 826 826 828 828 828 828 829 829 827 827 832 832 830 830 833 833 832 832 833 833 831 831 835 835 837 837 839 839 837 837 838 838 839 839 836 836 838 838 834 834 837 837 834 834 838 838 843 843 841 841 842 842 842 842 841 841 840 840 846 846 847 847 844 844 846 846 845 845 847 847 852 852 853 853 848 848 851 851 849 849 850 850 850 850 852 852 851 851 848 848 851 851 852 852 856 856 855 855 854 854 856 856 857 857 855 855 861 861 860 860 859 859 858 858 861 861 859 859 867 867 865 865 862 862 862 862 864 864 867 867 865 865 867 867 866 866 865 865 866 866 868 868 868 868 863 863 865 865 869 869 872 872 871 871 872 872 873 873 870 870 872 872 870 870 871 871 876 876 877 877 875 875 875 875 877 877 874 874 881 881 879 879 880 880 883 883 884 884 878 878 878 878 881 881 883 883 882 882 884 884 883 883 882 882 883 883 880 880 880 880 883 883 881 881 887 887 888 888 885 885 886 886 888 888 887 887 891 891 893 893 890 890 893 893 892 892 890 890 889 889 893 893 894 894 889 889 892 892 893 893 898 898 896 896 897 897 897 897 896 896 895 895 900 900 901 901 902 902 900 900 902 902 899 899 903 903 906 906 908 908 906 906 904 904 905 905 906 906 907 907 908 908 906 906 905 905 907 907 912 912 910 910 911 911 910 910 909 909 911 911 915 915 913 913 916 916 915 915 916 916 914 914 920 920 921 921 922 922 920 920 917 917 921 921 918 918 920 920 922 922 917 917 919 919 921 921 926 926 924 924 925 925 924 924 923 923 925 925 931 931 929 929 932 932 928 928 932 932 929 929 930 930 932 932 927 927 932 932 930 930 931 931 936 936 934 934 935 935 935 935 933 933 936 936 937 937 940 940 939 939 939 939 940 940 938 938 943 943 941 941 942 942 942 942 944 944 943 943 945 945 946 946 943 943 944 944 945 945 943 943 949 949 947 947 948 948 948 948 950 950 949 949 957 957 958 958 954 954 954 954 953 953 957 957 959 959 955 955 957 957 957 957 960 960 959 959 954 954 951 951 952 952 958 958 957 957 955 955 956 956 958 958 955 955 952 952 953 953 954 954 962 962 961 961 964 964 962 962 964 964 963 963 965 965 968 968 967 967 967 967 966 966 965 965 970 970 972 972 971 971 971 971 969 969 970 970 974 974 975 975 976 976 976 976 973 973 974 974 978 978 979 979 980 980 980 980 977 977 978 978 982 982 984 984 983 983 983 983 981 981 982 982 986 986 987 987 988 988 985 985 986 986 988 988 992 992 990 990 989 989 990 990 992 992 991 991 995 995 993 993 994 994 994 994 996 996 995 995 1008 1008 1005 1005 1001 1001 1003 1003 997 997 998 998 998 998 1000 1000 1003 1003 1004 1004 999 999 1001 1001 1003 1003 1000 1000 1002 1002 1001 1001 1007 1007 1004 1004 1003 1003 1002 1002 999 999 1006 1006 1007 1007 1005 1005 1004 1004 1003 1003 999 999 1001 1001 1009 1009 1008 1008 1001 1001 1005 1005 1007 1007 1013 1013 1012 1012 1011 1011 1011 1011 1010 1010 1013 1013 1019 1019 1018 1018 1016 1016 1017 1017 1014 1014 1015 1015 1019 1019 1016 1016 1014 1014 1014 1014 1017 1017 1019 1019 1023 1023 1022 1022 1020 1020 1022 1022 1021 1021 1020 1020 1026 1026 1025 1025 1024 1024 1027 1027 1026 1026 1024 1024 1029 1029 1030 1030 1031 1031 1031 1031 1028 1028 1029 1029 1032 1032 1033 1033 1034 1034 1034 1034 1035 1035 1032 1032 1037 1037 1039 1039 1038 1038 1038 1038 1036 1036 1037 1037 1043 1043 1041 1041 1040 1040 1042 1042 1043 1043 1040 1040 1044 1044 1046 1046 1047 1047 1047 1047 1045 1045 1044 1044 1051 1051 1050 1050 1048 1048 1050 1050 1049 1049 1048 1048 1055 1055 1052 1052 1053 1053 1053 1053 1054 1054 1055 1055 1059 1059 1058 1058 1057 1057 1059 1059 1057 1057 1056 1056 1079 1079 1080 1080 1075 1075 1060 1060 1061 1061 1073 1073 1081 1081 1073 1073 1061 1061 1074 1074 1068 1068 1078 1078 1069 1069 1063 1063 1066 1066 1063 1063 1077 1077 1066 1066 1066 1066 1072 1072 1069 1069 1079 1079 1072 1072 1080 1080 1078 1078 1062 1062 1065 1065 1067 1067 1071 1071 1064 1064 1079 1079 1069 1069 1072 1072 1075 1075 1070 1070 1076 1076 1064 1064 1060 1060 1073 1073 1077 1077 1063 1063 1071 1071 1075 1075 1068 1068 1070 1070 1076 1076 1079 1079 1075 1075 1062 1062 1082 1082 1065 1065 1078 1078 1065 1065 1074 1074 1073 1073 1067 1067 1064 1064 1074 1074 1070 1070 1068 1068 1071 1071 1067 1067 1077 1077 1085 1085 1083 1083 1084 1084 1084 1084 1086 1086 1085 1085 1090 1090 1087 1087 1088 1088 1088 1088 1089 1089 1090 1090 1095 1095 1092 1092 1093 1093 1094 1094 1095 1095 1093 1093 1091 1091 1096 1096 1094 1094 1093 1093 1091 1091 1094 1094 1098 1098 1099 1099 1100 1100 1098 1098 1097 1097 1099 1099 1104 1104 1108 1108 1110 1110 1105 1105 1101 1101 1111 1111 1103 1103 1112 1112 1109 1109 1101 1101 1102 1102 1107 1107 1104 1104 1105 1105 1108 1108 1109 1109 1102 1102 1103 1103 1104 1104 1110 1110 1113 1113 1102 1102 1109 1109 1107 1107 1101 1101 1107 1107 1111 1111 1105 1105 1111 1111 1108 1108 1113 1113 1106 1106 1104 1104 1115 1115 1117 1117 1116 1116 1116 1116 1114 1114 1115 1115 1118 1118 1123 1123 1124 1124 1118 1118 1121 1121 1123 1123 1124 1124 1122 1122 1119 1119 1124 1124 1119 1119 1118 1118 1121 1121 1118 1118 1120 1120 1126 1126 1127 1127 1130 1130 1129 1129 1127 1127 1125 1125 1129 1129 1130 1130 1127 1127 1128 1128 1132 1132 1131 1131 1126 1126 1130 1130 1132 1132 1128 1128 1126 1126 1132 1132 1136 1136 1134 1134 1133 1133 1134 1134 1136 1136 1135 1135 1138 1138 1141 1141 1140 1140 1139 1139 1138 1138 1140 1140 1138 1138 1137 1137 1141 1141 1139 1139 1140 1140 1142 1142 1145 1145 1143 1143 1144 1144 1144 1144 1146 1146 1145 1145 1151 1151 1147 1147 1148 1148 1151 1151 1153 1153 1152 1152 1148 1148 1153 1153 1151 1151 1150 1150 1151 1151 1149 1149 1152 1152 1149 1149 1151 1151 1154 1154 1152 1152 1153 1153 1157 1157 1155 1155 1156 1156 1156 1156 1158 1158 1157 1157 1161 1161 1160 1160 1159 1159 1159 1159 1162 1162 1161 1161 1163 1163 1165 1165 1166 1166 1164 1164 1166 1166 1167 1167 1164 1164 1163 1163 1166 1166 1168 1168 1171 1171 1170 1170 1170 1170 1169 1169 1168 1168 1173 1173 1175 1175 1174 1174 1175 1175 1173 1173 1172 1172 1176 1176 1178 1178 1179 1179 1179 1179 1177 1177 1176 1176 1180 1180 1183 1183 1182 1182 1182 1182 1181 1181 1180 1180 1206 1206 1207 1207 1196 1196 1208 1208 1198 1198 1206 1206 1206 1206 1209 1209 1208 1208 1201 1201 1205 1205 1186 1186 1204 1204 1207 1207 1206 1206 1186 1186 1195 1195 1201 1201 1194 1194 1191 1191 1199 1199 1191 1191 1194 1194 1192 1192 1193 1193 1187 1187 1186 1186 1205 1205 1200 1200 1186 1186 1191 1191 1192 1192 1197 1197 1206 1206 1198 1198 1204 1204 1197 1197 1205 1205 1191 1191 1195 1195 1203 1203 1201 1201 1196 1196 1188 1188 1206 1206 1187 1187 1195 1195 1186 1186 1202 1202 1188 1188 1193 1193 1193 1193 1186 1186 1202 1202 1189 1189 1194 1194 1199 1199 1199 1199 1190 1190 1189 1189 1189 1189 1190 1190 1184 1184 1185 1185 1189 1189 1184 1184 1188 1188 1196 1196 1193 1193 1205 1205 1197 1197 1200 1200 1212 1212 1210 1210 1211 1211 1212 1212 1210 1210 1211 1211 1216 1216 1215 1215 1213 1213 1216 1216 1213 1213 1214 1214 1217 1217 1219 1219 1220 1220 1220 1220 1218 1218 1217 1217 1225 1225 1222 1222 1223 1223 1226 1226 1223 1223 1221 1221 1222 1222 1225 1225 1224 1224 1223 1223 1226 1226 1225 1225 1227 1227 1230 1230 1228 1228 1229 1229 1230 1230 1227 1227 1235 1235 1234 1234 1233 1233 1235 1235 1233 1233 1232 1232 1232 1232 1237 1237 1235 1235 1234 1234 1235 1235 1236 1236 1236 1236 1231 1231 1234 1234 1238 1238 1241 1241 1240 1240 1240 1240 1239 1239 1238 1238 1242 1242 1243 1243 1245 1245 1245 1245 1244 1244 1242 1242 1249 1249 1246 1246 1247 1247 1247 1247 1248 1248 1249 1249 1253 1253 1250 1250 1251 1251 1251 1251 1252 1252 1253 1253 1256 1256 1254 1254 1255 1255 1255 1255 1257 1257 1256 1256 1258 1258 1260 1260 1261 1261 1259 1259 1262 1262 1260 1260 1260 1260 1258 1258 1259 1259 1265 1265 1266 1266 1263 1263 1265 1265 1263 1263 1264 1264 1269 1269 1268 1268 1267 1267 1268 1268 1269 1269 1270 1270 1272 1272 1271 1271 1273 1273 1271 1271 1274 1274 1273 1273 1277 1277 1275 1275 1276 1276 1276 1276 1278 1278 1277 1277 1281 1281 1282 1282 1280 1280 1279 1279 1282 1282 1283 1283 1282 1282 1279 1279 1280 1280 1287 1287 1284 1284 1285 1285 1287 1287 1286 1286 1284 1284 1288 1288 1290 1290 1291 1291 1288 1288 1289 1289 1290 1290 1293 1293 1294 1294 1295 1295 1292 1292 1296 1296 1294 1294 1294 1294 1293 1293 1292 1292 1300 1300 1298 1298 1297 1297 1297 1297 1299 1299 1300 1300 1304 1304 1303 1303 1301 1301 1303 1303 1302 1302 1301 1301 1311 1311 1308 1308 1306 1306 1309 1309 1305 1305 1307 1307 1305 1305 1309 1309 1310 1310 1307 1307 1308 1308 1309 1309 1308 1308 1307 1307 1306 1306 1312 1312 1316 1316 1317 1317 1317 1317 1313 1313 1312 1312 1316 1316 1312 1312 1315 1315 1317 1317 1318 1318 1313 1313 1314 1314 1313 1313 1318 1318 1321 1321 1322 1322 1319 1319 1321 1321 1319 1319 1320 1320 1328 1328 1329 1329 1324 1324 1329 1329 1325 1325 1324 1324 1325 1325 1329 1329 1326 1326 1327 1327 1328 1328 1323 1323 1328 1328 1324 1324 1323 1323 1332 1332 1330 1330 1331 1331 1331 1331 1333 1333 1332 1332 1337 1337 1338 1338 1335 1335 1337 1337 1335 1335 1336 1336 1338 1338 1334 1334 1335 1335 1334 1334 1338 1338 1339 1339 1342 1342 1341 1341 1340 1340 1342 1342 1343 1343 1341 1341 1344 1344 1347 1347 1346 1346 1346 1346 1345 1345 1344 1344 1350 1350 1349 1349 1348 1348 1348 1348 1351 1351 1350 1350 1356 1356 1354 1354 1358 1358 1355 1355 1358 1358 1354 1354 1352 1352 1353 1353 1357 1357 1352 1352 1357 1357 1355 1355 1354 1354 1352 1352 1355 1355 1361 1361 1360 1360 1359 1359 1359 1359 1362 1362 1361 1361 1366 1366 1363 1363 1364 1364 1364 1364 1365 1365 1366 1366 1368 1368 1370 1370 1369 1369 1370 1370 1368 1368 1367 1367 1372 1372 1373 1373 1374 1374 1374 1374 1371 1371 1372 1372 1375 1375 1376 1376 1377 1377 1377 1377 1378 1378 1375 1375 1382 1382 1379 1379 1380 1380 1380 1380 1381 1381 1382 1382 1385 1385 1383 1383 1384 1384 1384 1384 1386 1386 1385 1385 1389 1389 1388 1388 1387 1387 1388 1388 1389 1389 1390 1390 1392 1392 1395 1395 1396 1396 1396 1396 1393 1393 1391 1391 1391 1391 1392 1392 1396 1396 1395 1395 1392 1392 1394 1394 1402 1402 1397 1397 1399 1399 1402 1402 1399 1399 1398 1398 1403 1403 1400 1400 1397 1397 1400 1400 1403 1403 1401 1401 1397 1397 1402 1402 1403 1403 1406 1406 1404 1404 1405 1405 1405 1405 1407 1407 1406 1406 1411 1411 1410 1410 1408 1408 1413 1413 1408 1408 1409 1409 1413 1413 1411 1411 1408 1408 1411 1411 1412 1412 1410 1410 1416 1416 1414 1414 1415 1415 1415 1415 1417 1417 1416 1416 1421 1421 1418 1418 1419 1419 1418 1418 1421 1421 1420 1420 1424 1424 1422 1422 1427 1427 1427 1427 1425 1425 1424 1424 1425 1425 1426 1426 1424 1424 1426 1426 1423 1423 1424 1424 1431 1431 1429 1429 1428 1428 1430 1430 1431 1431 1428 1428 1432 1432 1433 1433 1434 1434 1432 1432 1434 1434 1435 1435 1438 1438 1437 1437 1436 1436 1437 1437 1438 1438 1439 1439 1440 1440 1443 1443 1442 1442 1442 1442 1441 1441 1440 1440 1447 1447 1445 1445 1444 1444 1444 1444 1446 1446 1447 1447 1450 1450 1448 1448 1449 1449 1449 1449 1451 1451 1450 1450 1461 1461 1466 1466 1465 1465 1459 1459 1458 1458 1464 1464 1458 1458 1456 1456 1461 1461 1455 1455 1454 1454 1457 1457 1461 1461 1462 1462 1458 1458 1453 1453 1454 1454 1452 1452 1465 1465 1460 1460 1461 1461 1463 1463 1462 1462 1460 1460 1457 1457 1464 1464 1455 1455 1464 1464 1457 1457 1459 1459 1462 1462 1461 1461 1460 1460 1458 1458 1459 1459 1456 1456 1455 1455 1452 1452 1454 1454 1472 1472 1468 1468 1469 1469 1470 1470 1471 1471 1473 1473 1467 1467 1474 1474 1471 1471 1469 1469 1473 1473 1472 1472 1470 1470 1467 1467 1471 1471 1473 1473 1469 1469 1470 1470 1477 1477 1476 1476 1475 1475 1475 1475 1478 1478 1477 1477 1482 1482 1480 1480 1479 1479 1480 1480 1482 1482 1481 1481 1485 1485 1483 1483 1484 1484 1484 1484 1486 1486 1485 1485 1490 1490 1487 1487 1488 1488 1488 1488 1489 1489 1490 1490 1494 1494 1491 1491 1492 1492 1492 1492 1493 1493 1494 1494 1497 1497 1496 1496 1495 1495 1495 1495 1498 1498 1497 1497 1503 1503 1500 1500 1499 1499 1500 1500 1503 1503 1504 1504 1502 1502 1503 1503 1499 1499 1504 1504 1501 1501 1500 1500 1508 1508 1505 1505 1506 1506 1506 1506 1507 1507 1508 1508 1511 1511 1509 1509 1510 1510 1509 1509 1511 1511 1512 1512 1516 1516 1515 1515 1513 1513 1515 1515 1514 1514 1513 1513 1519 1519 1517 1517 1518 1518 1518 1518 1520 1520 1519 1519 1524 1524 1522 1522 1521 1521 1522 1522 1524 1524 1523 1523 1528 1528 1527 1527 1525 1525 1529 1529 1526 1526 1527 1527 1526 1526 1529 1529 1530 1530 1527 1527 1528 1528 1529 1529 1531 1531 1533 1533 1534 1534 1534 1534 1532 1532 1531 1531 1539 1539 1537 1537 1535 1535 1535 1535 1536 1536 1538 1538 1535 1535 1538 1538 1539 1539 1542 1542 1540 1540 1541 1541 1541 1541 1543 1543 1542 1542 1546 1546 1545 1545 1544 1544 1546 1546 1547 1547 1545 1545 1548 1548 1549 1549 1550 1550 1551 1551 1550 1550 1549 1549 1552 1552 1555 1555 1554 1554 1553 1553 1552 1552 1554 1554 1559 1559 1556 1556 1564 1564 1558 1558 1563 1563 1560 1560 1559 1559 1564 1564 1563 1563 1557 1557 1561 1561 1562 1562 1562 1562 1564 1564 1556 1556 1562 1562 1556 1556 1557 1557 1558 1558 1559 1559 1563 1563 1565 1565 1567 1567 1571 1571 1569 1569 1568 1568 1566 1566 1570 1570 1567 1567 1568 1568 1568 1568 1569 1569 1570 1570 1566 1566 1572 1572 1569 1569 1567 1567 1570 1570 1571 1571 1576 1576 1574 1574 1573 1573 1573 1573 1575 1575 1576 1576 1579 1579 1577 1577 1578 1578 1578 1578 1580 1580 1579 1579 1584 1584 1581 1581 1582 1582 1582 1582 1583 1583 1585 1585 1582 1582 1585 1585 1584 1584 1586 1586 1589 1589 1588 1588 1588 1588 1587 1587 1586 1586 1590 1590 1593 1593 1592 1592 1592 1592 1591 1591 1590 1590 1595 1595 1596 1596 1598 1598 1597 1597 1594 1594 1595 1595 1595 1595 1599 1599 1597 1597 1598 1598 1599 1599 1595 1595 1613 1613 1600 1600 1606 1606 1600 1600 1613 1613 1614 1614 1612 1612 1606 1606 1604 1604 1611 1611 1604 1604 1601 1601 1609 1609 1603 1603 1605 1605 1601 1601 1603 1603 1610 1610 1607 1607 1608 1608 1602 1602 1605 1605 1608 1608 1609 1609 1608 1608 1605 1605 1602 1602 1606 1606 1612 1612 1613 1613 1601 1601 1610 1610 1611 1611 1603 1603 1609 1609 1610 1610 1604 1604 1611 1611 1612 1612 1617 1617 1616 1616 1615 1615 1616 1616 1617 1617 1618 1618 1622 1622 1619 1619 1620 1620 1620 1620 1621 1621 1622 1622 1625 1625 1623 1623 1624 1624 1624 1624 1626 1626 1625 1625 1629 1629 1627 1627 1628 1628 1628 1628 1630 1630 1629 1629 1633 1633 1632 1632 1631 1631 1631 1631 1634 1634 1633 1633 1638 1638 1635 1635 1636 1636 1636 1636 1637 1637 1638 1638 1642 1642 1639 1639 1640 1640 1640 1640 1641 1641 1642 1642 1645 1645 1643 1643 1644 1644 1644 1644 1646 1646 1645 1645 1649 1649 1647 1647 1648 1648 1648 1648 1650 1650 1649 1649 1653 1653 1652 1652 1651 1651 1651 1651 1654 1654 1653 1653 1656 1656 1657 1657 1658 1658 1658 1658 1655 1655 1656 1656 1662 1662 1659 1659 1660 1660 1660 1660 1661 1661 1662 1662 1665 1665 1663 1663 1664 1664 1664 1664 1666 1666 1665 1665 1668 1668 1673 1673 1677 1677 1681 1681 1677 1677 1673 1673 1681 1681 1676 1676 1677 1677 1678 1678 1681 1681 1673 1673 1676 1676 1675 1675 1677 1677 1674 1674 1680 1680 1679 1679 1675 1675 1676 1676 1672 1672 1679 1679 1680 1680 1671 1671 1672 1672 1671 1671 1675 1675 1670 1670 1674 1674 1679 1679 1679 1679 1669 1669 1670 1670 1677 1677 1667 1667 1668 1668 1671 1671 1672 1672 1679 1679 1684 1684 1682 1682 1683 1683 1683 1683 1685 1685 1684 1684 1688 1688 1687 1687 1686 1686 1686 1686 1689 1689 1688 1688 1693 1693 1690 1690 1691 1691 1691 1691 1692 1692 1693 1693 1695 1695 1694 1694 1696 1696 1694 1694 1697 1697 1696 1696 1698 1698 1700 1700 1701 1701 1701 1701 1699 1699 1698 1698 1706 1706 1705 1705 1702 1702 1703 1703 1702 1702 1705 1705 1702 1702 1704 1704 1706 1706 1709 1709 1707 1707 1708 1708 1708 1708 1710 1710 1709 1709 1714 1714 1713 1713 1712 1712 1716 1716 1712 1712 1711 1711 1712 1712 1715 1715 1714 1714 1716 1716 1715 1715 1712 1712 1723 1723 1718 1718 1717 1717 1724 1724 1717 1717 1719 1719 1720 1720 1718 1718 1721 1721 1719 1719 1722 1722 1724 1724 1717 1717 1724 1724 1723 1723 1718 1718 1723 1723 1721 1721 1728 1728 1725 1725 1726 1726 1726 1726 1727 1727 1728 1728 1731 1731 1730 1730 1729 1729 1729 1729 1732 1732 1731 1731 1747 1747 1751 1751 1742 1742 1750 1750 1743 1743 1740 1740 1744 1744 1741 1741 1745 1745 1746 1746 1749 1749 1754 1754 1735 1735 1742 1742 1745 1745 1736 1736 1737 1737 1753 1753 1739 1739 1733 1733 1738 1738 1750 1750 1740 1740 1741 1741 1741 1741 1744 1744 1750 1750 1753 1753 1745 1745 1752 1752 1745 1745 1753 1753 1735 1735 1737 1737 1736 1736 1748 1748 1753 1753 1752 1752 1736 1736 1745 1745 1742 1742 1751 1751 1748 1748 1756 1756 1755 1755 1755 1755 1746 1746 1748 1748 1734 1734 1738 1738 1733 1733 1748 1748 1746 1746 1754 1754 1750 1750 1739 1739 1743 1743 1751 1751 1744 1744 1745 1745 1748 1748 1754 1754 1737 1737 1738 1738 1743 1743 1739 1739 1760 1760 1757 1757 1758 1758 1757 1757 1760 1760 1759 1759 1758 1758 1761 1761 1760 1760 1764 1764 1763 1763 1762 1762 1764 1764 1765 1765 1763 1763 1769 1769 1768 1768 1767 1767 1769 1769 1767 1767 1766 1766 1773 1773 1771 1771 1770 1770 1771 1771 1773 1773 1772 1772 1776 1776 1774 1774 1775 1775 1774 1774 1776 1776 1777 1777 1778 1778 1781 1781 1780 1780 1780 1780 1779 1779 1778 1778 1783 1783 1782 1782 1785 1785 1785 1785 1784 1784 1783 1783 1789 1789 1787 1787 1786 1786 1786 1786 1788 1788 1789 1789 1793 1793 1790 1790 1791 1791 1791 1791 1792 1792 1793 1793 1795 1795 1797 1797 1796 1796 1796 1796 1794 1794 1795 1795 1799 1799 1801 1801 1800 1800 1798 1798 1799 1799 1800 1800 1806 1806 1805 1805 1803 1803 1803 1803 1802 1802 1806 1806 1802 1802 1804 1804 1806 1806 1810 1810 1808 1808 1807 1807 1807 1807 1809 1809 1810 1810 1812 1812 1811 1811 1814 1814 1812 1812 1814 1814 1813 1813 1817 1817 1815 1815 1816 1816 1816 1816 1818 1818 1817 1817 1822 1822 1819 1819 1820 1820 1820 1820 1821 1821 1822 1822 1826 1826 1823 1823 1824 1824 1825 1825 1826 1826 1824 1824 1829 1829 1827 1827 1828 1828 1828 1828 1830 1830 1829 1829 1834 1834 1832 1832 1831 1831 1832 1832 1834 1834 1833 1833 1838 1838 1840 1840 1839 1839 1839 1839 1837 1837 1838 1838 1836 1836 1841 1841 1840 1840 1840 1840 1842 1842 1839 1839 1840 1840 1841 1841 1842 1842 1840 1840 1835 1835 1836 1836 1843 1843 1846 1846 1845 1845 1846 1846 1843 1843 1844 1844 1847 1847 1850 1850 1849 1849 1849 1849 1848 1848 1847 1847 1852 1852 1854 1854 1853 1853 1851 1851 1852 1852 1853 1853 1859 1859 1866 1866 1861 1861 1862 1862 1856 1856 1859 1859 1859 1859 1861 1861 1862 1862 1865 1865 1857 1857 1855 1855 1865 1865 1855 1855 1860 1860 1860 1860 1858 1858 1863 1863 1860 1860 1863 1863 1864 1864 1860 1860 1864 1864 1865 1865 1857 1857 1865 1865 1866 1866 1866 1866 1859 1859 1857 1857 1868 1868 1867 1867 1876 1876 1879 1879 1873 1873 1869 1869 1868 1868 1876 1876 1877 1877 1871 1871 1881 1881 1882 1882 1878 1878 1869 1869 1872 1872 1877 1877 1872 1872 1868 1868 1870 1870 1873 1873 1879 1879 1869 1869 1878 1878 1879 1879 1880 1880 1874 1874 1870 1870 1877 1877 1878 1878 1872 1872 1875 1875 1876 1876 1867 1867 1881 1881 1871 1871 1874 1874 1874 1874 1880 1880 1881 1881 1870 1870 1879 1879 1880 1880 1885 1885 1889 1889 1886 1886 1883 1883 1887 1887 1888 1888 1887 1887 1883 1883 1884 1884 1886 1886 1884 1884 1885 1885 1884 1884 1886 1886 1887 1887 1892 1892 1890 1890 1891 1891 1890 1890 1892 1892 1893 1893 1895 1895 1897 1897 1902 1902 1901 1901 1897 1897 1894 1894 1904 1904 1898 1898 1896 1896 1896 1896 1895 1895 1904 1904 1905 1905 1899 1899 1898 1898 1895 1895 1902 1902 1903 1903 1897 1897 1901 1901 1902 1902 1895 1895 1903 1903 1904 1904 1898 1898 1904 1904 1905 1905 1906 1906 1900 1900 1899 1899 1899 1899 1905 1905 1906 1906 1908 1908 1907 1907 1910 1910 1907 1907 1909 1909 1910 1910 1918 1918 1912 1912 1913 1913 1918 1918 1914 1914 1912 1912 1913 1913 1917 1917 1918 1918 1916 1916 1913 1913 1911 1911 1915 1915 1916 1916 1911 1911 1913 1913 1916 1916 1917 1917 1920 1920 1919 1919 1922 1922 1919 1919 1921 1921 1922 1922 1925 1925 1926 1926 1924 1924 1926 1926 1923 1923 1924 1924 1927 1927 1928 1928 1930 1930 1930 1930 1929 1929 1927 1927 1932 1932 1939 1939 1936 1936 1936 1936 1933 1933 1932 1932 1933 1933 1936 1936 1938 1938 1934 1934 1938 1938 1937 1937 1934 1934 1933 1933 1938 1938 1939 1939 1932 1932 1931 1931 1935 1935 1939 1939 1931 1931 1948 1948 1944 1944 1943 1943 1944 1944 1948 1948 1950 1950 1950 1950 1951 1951 1945 1945 1946 1946 1957 1957 1940 1940 1953 1953 1952 1952 1962 1962 1953 1953 1962 1962 1961 1961 1947 1947 1949 1949 1943 1943 1940 1940 1941 1941 1946 1946 1943 1943 1942 1942 1947 1947 1946 1946 1945 1945 1957 1957 1951 1951 1958 1958 1945 1945 1963 1963 1960 1960 1957 1957 1959 1959 1955 1955 1954 1954 1963 1963 1957 1957 1945 1945 1958 1958 1963 1963 1945 1945 1950 1950 1945 1945 1944 1944 1943 1943 1949 1949 1948 1948 1959 1959 1951 1951 1956 1956 1956 1956 1955 1955 1959 1959 1961 1961 1954 1954 1953 1953 1960 1960 1962 1962 1952 1952 1951 1951 1959 1959 1958 1958 1961 1961 1959 1959 1954 1954 1952 1952 1957 1957 1960 1960 1964 1964 1967 1967 1966 1966 1966 1966 1965 1965 1964 1964 1969 1969 1968 1968 1971 1971 1969 1969 1971 1971 1970 1970 1975 1975 1974 1974 1973 1973 1974 1974 1972 1972 1973 1973 1979 1979 1976 1976 1977 1977 1976 1976 1979 1979 1978 1978 1980 1980 1982 1982 1983 1983 1982 1982 1980 1980 1981 1981 1983 1983 1984 1984 1980 1980 1986 1986 1991 1991 1992 1992 1987 1987 1994 1994 1993 1993 1993 1993 1989 1989 1988 1988 1992 1992 1994 1994 1986 1986 2002 2002 1985 1985 1990 1990 2005 2005 1998 1998 1997 1997 2007 2007 1997 1997 1996 1996 2000 2000 2001 2001 2006 2006 1987 1987 1986 1986 1994 1994 2005 2005 2006 2006 1999 1999 2008 2008 2007 2007 2002 2002 2002 2002 1990 1990 1989 1989 2007 2007 1996 1996 2002 2002 1989 1989 1993 1993 1995 1995 2001 2001 1999 1999 2006 2006 1995 1995 2003 2003 1989 1989 2008 2008 2002 2002 1989 1989 2007 2007 2005 2005 1997 1997 2003 2003 2008 2008 1989 1989 2006 2006 2004 2004 2000 2000 2004 2004 2003 2003 2000 2000 1999 1999 1998 1998 2005 2005 2003 2003 1995 1995 2000 2000 1988 1988 1987 1987 1993 1993 2011 2011 2009 2009 2010 2010 2012 2012 2011 2011 2010 2010 2016 2016 2013 2013 2014 2014 2013 2013 2016 2016 2015 2015 2020 2020 2019 2019 2018 2018 2018 2018 2017 2017 2020 2020 2023 2023 2026 2026 2025 2025 2022 2022 2025 2025 2024 2024 2024 2024 2021 2021 2022 2022 2025 2025 2022 2022 2023 2023 2029 2029 2030 2030 2031 2031 2027 2027 2028 2028 2031 2031 2031 2031 2028 2028 2029 2029 2031 2031 2032 2032 2027 2027 2034 2034 2035 2035 2037 2037 2037 2037 2033 2033 2034 2034 2041 2041 2040 2040 2052 2052 2055 2055 2048 2048 2037 2037 2035 2035 2049 2049 2057 2057 2047 2047 2049 2049 2035 2035 2055 2055 2038 2038 2048 2048 2057 2057 2037 2037 2035 2035 2039 2039 2055 2055 2056 2056 2051 2051 2049 2049 2047 2047 2040 2040 2039 2039 2056 2056 2045 2045 2044 2044 2050 2050 2035 2035 2036 2036 2047 2047 2042 2042 2041 2041 2053 2053 2050 2050 2051 2051 2046 2046 2055 2055 2039 2039 2038 2038 2044 2044 2043 2043 2050 2050 2042 2042 2053 2053 2054 2054 2041 2041 2052 2052 2053 2053 2054 2054 2050 2050 2043 2043 2037 2037 2057 2057 2055 2055 2046 2046 2045 2045 2050 2050 2040 2040 2056 2056 2052 2052 2043 2043 2042 2042 2054 2054 2047 2047 2046 2046 2051 2051 2061 2061 2058 2058 2059 2059 2059 2059 2060 2060 2061 2061 2062 2062 2065 2065 2064 2064 2064 2064 2063 2063 2062 2062 2066 2066 2068 2068 2070 2070 2067 2067 2066 2066 2069 2069 2066 2066 2070 2070 2069 2069 2074 2074 2072 2072 2071 2071 2074 2074 2073 2073 2072 2072 2078 2078 2075 2075 2076 2076 2075 2075 2078 2078 2077 2077 2079 2079 2083 2083 2082 2082 2082 2082 2081 2081 2079 2079 2079 2079 2080 2080 2083 2083 2080 2080 2084 2084 2083 2083 2085 2085 2088 2088 2087 2087 2087 2087 2086 2086 2085 2085 2092 2092 2090 2090 2091 2091 2089 2089 2090 2090 2092 2092 2094 2094 2095 2095 2096 2096 2093 2093 2096 2096 2089 2089 2089 2089 2092 2092 2093 2093 2096 2096 2093 2093 2094 2094 2107 2107 2106 2106 2111 2111 2108 2108 2118 2118 2115 2115 2114 2114 2099 2099 2098 2098 2102 2102 2112 2112 2109 2109 2115 2115 2098 2098 2097 2097 2104 2104 2103 2103 2109 2109 2098 2098 2115 2115 2114 2114 2107 2107 2111 2111 2118 2118 2115 2115 2097 2097 2108 2108 2101 2101 2113 2113 2110 2110 2109 2109 2103 2103 2102 2102 2118 2118 2108 2108 2107 2107 2110 2110 2102 2102 2101 2101 2117 2117 2113 2113 2100 2100 2102 2102 2110 2110 2112 2112 2101 2101 2100 2100 2113 2113 2100 2100 2099 2099 2117 2117 2105 2105 2104 2104 2116 2116 2109 2109 2116 2116 2104 2104 2099 2099 2114 2114 2117 2117 2116 2116 2111 2111 2106 2106 2106 2106 2105 2105 2116 2116 2122 2122 2120 2120 2119 2119 2120 2120 2122 2122 2121 2121 2124 2124 2126 2126 2125 2125 2125 2125 2123 2123 2124 2124 2128 2128 2130 2130 2131 2131 2132 2132 2130 2130 2127 2127 2130 2130 2132 2132 2131 2131 2127 2127 2133 2133 2132 2132 2133 2133 2127 2127 2129 2129 2129 2129 2134 2134 2133 2133 2135 2135 2140 2140 2139 2139 2136 2136 2138 2138 2140 2140 2140 2140 2135 2135 2136 2136 2138 2138 2136 2136 2137 2137 2141 2141 2144 2144 2143 2143 2143 2143 2142 2142 2141 2141 2145 2145 2146 2146 2148 2148 2145 2145 2148 2148 2147 2147 2149 2149 2152 2152 2151 2151 2151 2151 2150 2150 2149 2149 2156 2156 2154 2154 2155 2155 2162 2162 2160 2160 2161 2161 2154 2154 2156 2156 2157 2157 2153 2153 2159 2159 2160 2160 2158 2158 2159 2159 2153 2153 2154 2154 2157 2157 2158 2158 2158 2158 2153 2153 2154 2154 2160 2160 2162 2162 2153 2153 2173 2173 2176 2176 2179 2179 2178 2178 2180 2180 2166 2166 2181 2181 2178 2178 2165 2165 2180 2180 2167 2167 2166 2166 2166 2166 2165 2165 2178 2178 2164 2164 2163 2163 2181 2181 2181 2181 2165 2165 2164 2164 2180 2180 2174 2174 2168 2168 2177 2177 2173 2173 2172 2172 2174 2174 2169 2169 2168 2168 2171 2171 2170 2170 2182 2182 2163 2163 2173 2173 2179 2179 2172 2172 2182 2182 2177 2177 2174 2174 2175 2175 2169 2169 2168 2168 2167 2167 2180 2180 2170 2170 2169 2169 2175 2175 2175 2175 2182 2182 2170 2170 2172 2172 2171 2171 2182 2182 2173 2173 2177 2177 2176 2176 2163 2163 2179 2179 2181 2181 2186 2186 2184 2184 2183 2183 2183 2183 2185 2185 2186 2186 2190 2190 2189 2189 2187 2187 2190 2190 2187 2187 2188 2188 2191 2191 2195 2195 2194 2194 2192 2192 2194 2194 2193 2193 2194 2194 2192 2192 2191 2191 2198 2198 2196 2196 2197 2197 2197 2197 2199 2199 2198 2198 2201 2201 2206 2206 2205 2205 2204 2204 2203 2203 2202 2202 2205 2205 2200 2200 2201 2201 2205 2205 2202 2202 2200 2200 2202 2202 2205 2205 2204 2204 2207 2207 2208 2208 2209 2209 2208 2208 2210 2210 2209 2209 2219 2219 2211 2211 2216 2216 2211 2211 2214 2214 2215 2215 2216 2216 2217 2217 2218 2218 2211 2211 2213 2213 2214 2214 2211 2211 2212 2212 2213 2213 2215 2215 2216 2216 2211 2211 2216 2216 2218 2218 2219 2219 2233 2233 2234 2234 2223 2223 2230 2230 2223 2223 2234 2234 2237 2237 2220 2220 2232 2232 2221 2221 2220 2220 2235 2235 2237 2237 2235 2235 2220 2220 2222 2222 2221 2221 2236 2236 2229 2229 2224 2224 2240 2240 2241 2241 2226 2226 2225 2225 2239 2239 2227 2227 2226 2226 2241 2241 2239 2239 2226 2226 2223 2223 2231 2231 2236 2236 2230 2230 2234 2234 2240 2240 2240 2240 2224 2224 2230 2230 2235 2235 2236 2236 2221 2221 2238 2238 2232 2232 2228 2228 2227 2227 2239 2239 2238 2238 2236 2236 2231 2231 2222 2222 2225 2225 2229 2229 2241 2241 2240 2240 2241 2241 2229 2229 2238 2238 2228 2228 2227 2227 2236 2236 2233 2233 2223 2223 2238 2238 2237 2237 2232 2232 2246 2246 2243 2243 2242 2242 2247 2247 2246 2246 2242 2242 2246 2246 2245 2245 2243 2243 2247 2247 2242 2242 2244 2244 2249 2249 2251 2251 2250 2250 2249 2249 2248 2248 2251 2251 2248 2248 2252 2252 2251 2251 2253 2253 2256 2256 2255 2255 2256 2256 2253 2253 2254 2254 2258 2258 2257 2257 2259 2259 2258 2258 2259 2259 2260 2260 2261 2261 2262 2262 2263 2263 2264 2264 2263 2263 2262 2262 2265 2265 2266 2266 2268 2268 2266 2266 2267 2267 2269 2269 2266 2266 2269 2269 2268 2268 2271 2271 2270 2270 2273 2273 2271 2271 2273 2273 2272 2272 2275 2275 2279 2279 2280 2280 2280 2280 2282 2282 2274 2274 2280 2280 2274 2274 2275 2275 2280 2280 2281 2281 2282 2282 2277 2277 2275 2275 2276 2276 2275 2275 2277 2277 2278 2278 2275 2275 2278 2278 2279 2279 2295 2295 2299 2299 2293 2293 2289 2289 2288 2288 2302 2302 2302 2302 2303 2303 2289 2289 2292 2292 2291 2291 2301 2301 2297 2297 2296 2296 2286 2286 2284 2284 2293 2293 2299 2299 2303 2303 2290 2290 2289 2289 2297 2297 2286 2286 2285 2285 2287 2287 2286 2286 2296 2296 2300 2300 2283 2283 2292 2292 2301 2301 2300 2300 2292 2292 2290 2290 2303 2303 2301 2301 2304 2304 2302 2302 2288 2288 2298 2298 2297 2297 2285 2285 2301 2301 2291 2291 2290 2290 2295 2295 2293 2293 2294 2294 2296 2296 2304 2304 2287 2287 2299 2299 2285 2285 2284 2284 2288 2288 2287 2287 2304 2304 2299 2299 2298 2298 2285 2285 2296 2296 2283 2283 2300 2300 2300 2300 2304 2304 2296 2296 2307 2307 2305 2305 2306 2306 2306 2306 2308 2308 2307 2307 2310 2310 2309 2309 2311 2311 2311 2311 2312 2312 2310 2310 2316 2316 2315 2315 2314 2314 2315 2315 2313 2313 2314 2314 2320 2320 2319 2319 2318 2318 2318 2318 2317 2317 2320 2320 2321 2321 2323 2323 2324 2324 2321 2321 2322 2322 2323 2323 2327 2327 2328 2328 2326 2326 2329 2329 2326 2326 2328 2328 2326 2326 2325 2325 2327 2327 2333 2333 2332 2332 2338 2338 2331 2331 2330 2330 2335 2335 2332 2332 2331 2331 2335 2335 2338 2338 2332 2332 2335 2335 2335 2335 2337 2337 2338 2338 2334 2334 2333 2333 2338 2338 2335 2335 2336 2336 2337 2337 2353 2353 2363 2363 2364 2364 2364 2364 2362 2362 2353 2353 2368 2368 2362 2362 2375 2375 2365 2365 2376 2376 2364 2364 2366 2366 2372 2372 2374 2374 2368 2368 2369 2369 2353 2353 2593 2593 2369 2369 2373 2373 2374 2374 2378 2378 2366 2366 2367 2367 2381 2381 2370 2370 2381 2381 2371 2371 2370 2370 2376 2376 2362 2362 2364 2364 2374 2374 2379 2379 2378 2378 2381 2381 2380 2380 2371 2371 2351 2351 2377 2377 2363 2363 2351 2351 2378 2378 2379 2379 2363 2363 2353 2353 2351 2351 2564 2564 2566 2566 2349 2349 2567 2567 2349 2349 2568 2568 2348 2348 2349 2349 2571 2571 2566 2566 2571 2571 2349 2349 2575 2575 2569 2569 2577 2577 2388 2388 2568 2568 2382 2382 2349 2349 2383 2383 2382 2382 2382 2382 2568 2568 2349 2349 2573 2573 2575 2575 2354 2354 2464 2464 2574 2574 2572 2572 2570 2570 2573 2573 2354 2354 2571 2571 2574 2574 2464 2464 2575 2575 2577 2577 2354 2354 2585 2585 2350 2350 2351 2351 2585 2585 2588 2588 2350 2350 2582 2582 2583 2583 2579 2579 2384 2384 2586 2586 2587 2587 2584 2584 2579 2579 2583 2583 2355 2355 2469 2469 2398 2398 2389 2389 2388 2388 2353 2353 2387 2387 2568 2568 2388 2388 2395 2395 2393 2393 2392 2392 2390 2390 2396 2396 2391 2391 2394 2394 2392 2392 2401 2401 2362 2362 2368 2368 2353 2353 2597 2597 2601 2601 2593 2593 2601 2601 2602 2602 2600 2600 2600 2600 2593 2593 2601 2601 2602 2602 2360 2360 2358 2358 2602 2602 2358 2358 2600 2600 2584 2584 2583 2583 2589 2589 2384 2384 2587 2587 2591 2591 2521 2521 2526 2526 2344 2344 2522 2522 2519 2519 2524 2524 2509 2509 2508 2508 2344 2344 2506 2506 2509 2509 2346 2346 2345 2345 2344 2344 2510 2510 2345 2345 2510 2510 2511 2511 2511 2511 2513 2513 2345 2345 2512 2512 2514 2514 2357 2357 2406 2406 2402 2402 2421 2421 2534 2534 2421 2421 2426 2426 2432 2432 2540 2540 2532 2532 2532 2532 2533 2533 2426 2426 2532 2532 2426 2426 2432 2432 2531 2531 2536 2536 2347 2347 2530 2530 2344 2344 2497 2497 2518 2518 2520 2520 2528 2528 2472 2472 2471 2471 2484 2484 2488 2488 2489 2489 2487 2487 2343 2343 2491 2491 2487 2487 2352 2352 2487 2487 2489 2489 2489 2489 2490 2490 2352 2352 2352 2352 2490 2490 2494 2494 2339 2339 2487 2487 2352 2352 2340 2340 2339 2339 2352 2352 2487 2487 2339 2339 2343 2343 2339 2339 2342 2342 2343 2343 2437 2437 2343 2343 2345 2345 2347 2347 2432 2432 2346 2346 2347 2347 2486 2486 2492 2492 2348 2348 2394 2394 2399 2399 2348 2348 2464 2464 2493 2493 2493 2493 2456 2456 2348 2348 2347 2347 2537 2537 2541 2541 2541 2541 2531 2531 2347 2347 2347 2347 2399 2399 2561 2561 2544 2544 2398 2398 2469 2469 2543 2543 2486 2486 2553 2553 2352 2352 2495 2495 2442 2442 2494 2494 2495 2495 2352 2352 2341 2341 2340 2340 2352 2352 2551 2551 2555 2555 2486 2486 2399 2399 2546 2546 2562 2562 2544 2544 2547 2547 2398 2398 2486 2486 2561 2561 2551 2551 2560 2560 2556 2556 2550 2550 2399 2399 2398 2398 2546 2546 2398 2398 2557 2557 2546 2546 2554 2554 2543 2543 2559 2559 2594 2594 2598 2598 2369 2369 2353 2353 2584 2584 2589 2589 2351 2351 2590 2590 2581 2581 2388 2388 2591 2591 2584 2584 2581 2581 2585 2585 2351 2351 2351 2351 2353 2353 2592 2592 2584 2584 2353 2353 2388 2388 2592 2592 2590 2590 2351 2351 2602 2602 2603 2603 2360 2360 2369 2369 2598 2598 2600 2600 2606 2606 2593 2593 2361 2361 2606 2606 2596 2596 2593 2593 2595 2595 2597 2597 2593 2593 2593 2593 2599 2599 2594 2594 2596 2596 2595 2595 2593 2593 2369 2369 2593 2593 2594 2594 2402 2402 2468 2468 2421 2421 2411 2411 2403 2403 2402 2402 2408 2408 2420 2420 2414 2414 2409 2409 2411 2411 2406 2406 2419 2419 2418 2418 2402 2402 2415 2415 2416 2416 2407 2407 2360 2360 2359 2359 2358 2358 2600 2600 2358 2358 2369 2369 2526 2526 2510 2510 2344 2344 2524 2524 2523 2523 2522 2522 2522 2522 2527 2527 2519 2519 2519 2519 2527 2527 2525 2525 2519 2519 2529 2529 2528 2528 2424 2424 2422 2422 2347 2347 2420 2420 2347 2347 2418 2418 2425 2425 2423 2423 2347 2347 2354 2354 2461 2461 2455 2455 2447 2447 2448 2448 2462 2462 2457 2457 2447 2447 2462 2462 2453 2453 2448 2448 2394 2394 2458 2458 2460 2460 2459 2459 2460 2460 2457 2457 2462 2462 2454 2454 2493 2493 2452 2452 2460 2460 2462 2462 2459 2459 2452 2452 2493 2493 2464 2464 2467 2467 2466 2466 2465 2465 2468 2468 2465 2465 2355 2355 2465 2465 2466 2466 2355 2355 2466 2466 2469 2469 2355 2355 2470 2470 2402 2402 2418 2418 2485 2485 2478 2478 2481 2481 2470 2470 2473 2473 2402 2402 2514 2514 2515 2515 2357 2357 2515 2515 2356 2356 2357 2357 2356 2356 2515 2515 2516 2516 2516 2516 2517 2517 2356 2356 2528 2528 2520 2520 2519 2519 2471 2471 2468 2468 2484 2484 2478 2478 2485 2485 2476 2476 2479 2479 2475 2475 2402 2402 2589 2589 2592 2592 2353 2353 2383 2383 2349 2349 2384 2384 2382 2382 2385 2385 2388 2388 2578 2578 2568 2568 2387 2387 2387 2387 2386 2386 2578 2578 2525 2525 2529 2529 2519 2519 2530 2530 2528 2528 2529 2529 2497 2497 2517 2517 2530 2530 2580 2580 2585 2585 2581 2581 2384 2384 2588 2588 2586 2586 2591 2591 2388 2388 2384 2384 2430 2430 2433 2433 2426 2426 2436 2436 2432 2432 2431 2431 2428 2428 2426 2426 2434 2434 2346 2346 2435 2435 2434 2434 2346 2346 2432 2432 2436 2436 2436 2436 2435 2435 2346 2346 2433 2433 2431 2431 2432 2432 2343 2343 2440 2440 2438 2438 2438 2438 2439 2439 2491 2491 2437 2437 2440 2440 2343 2343 2438 2438 2491 2491 2343 2343 2495 2495 2491 2491 2439 2439 2441 2441 2442 2442 2495 2495 2350 2350 2384 2384 2349 2349 2578 2578 2353 2353 2354 2354 2426 2426 2355 2355 2356 2356 2357 2357 2352 2352 2443 2443 2352 2352 2442 2442 2443 2443 2446 2446 2445 2445 2357 2357 2392 2392 2394 2394 2447 2447 2354 2354 2392 2392 2463 2463 2426 2426 2356 2356 2496 2496 2496 2496 2434 2434 2426 2426 2356 2356 2497 2497 2496 2496 2346 2346 2434 2434 2507 2507 2504 2504 2434 2434 2496 2496 2434 2434 2505 2505 2507 2507 2503 2503 2505 2505 2434 2434 2504 2504 2503 2503 2434 2434 2427 2427 2430 2430 2428 2428 2430 2430 2426 2426 2428 2428 2429 2429 2436 2436 2431 2431 2432 2432 2426 2426 2433 2433 2560 2560 2550 2550 2558 2558 2558 2558 2554 2554 2560 2560 2549 2549 2561 2561 2548 2548 2552 2552 2545 2545 2469 2469 2553 2553 2559 2559 2543 2543 2547 2547 2557 2557 2398 2398 2554 2554 2559 2559 2560 2560 2469 2469 2486 2486 2543 2543 2548 2548 2561 2561 2399 2399 2563 2563 2565 2565 2564 2564 2565 2565 2566 2566 2564 2564 2349 2349 2567 2567 2564 2564 2472 2472 2480 2480 2471 2471 2475 2475 2482 2482 2468 2468 2473 2473 2479 2479 2402 2402 2492 2492 2477 2477 2418 2418 2476 2476 2474 2474 2478 2478 2354 2354 2464 2464 2572 2572 2572 2572 2570 2570 2354 2354 2569 2569 2576 2576 2577 2577 2468 2468 2482 2482 2484 2484 2475 2475 2468 2468 2402 2402 2483 2483 2470 2470 2418 2418 2477 2477 2483 2483 2418 2418 2484 2484 2485 2485 2481 2481 2480 2480 2492 2492 2471 2471 2481 2481 2472 2472 2484 2484 2471 2471 2492 2492 2486 2486 2393 2393 2397 2397 2392 2392 2392 2392 2397 2397 2401 2401 2395 2395 2392 2392 2391 2391 2396 2396 2395 2395 2391 2391 2391 2391 2392 2392 2398 2398 2394 2394 2401 2401 2400 2400 2400 2400 2399 2399 2394 2394 2398 2398 2392 2392 2355 2355 2411 2411 2404 2404 2403 2403 2403 2403 2413 2413 2402 2402 2405 2405 2409 2409 2406 2406 2404 2404 2417 2417 2412 2412 2412 2412 2403 2403 2404 2404 2413 2413 2419 2419 2402 2402 2402 2402 2406 2406 2411 2411 2408 2408 2414 2414 2410 2410 2439 2439 2441 2441 2495 2495 2443 2443 2446 2446 2357 2357 2445 2445 2444 2444 2345 2345 2444 2444 2437 2437 2345 2345 2345 2345 2357 2357 2445 2445 2423 2423 2416 2416 2415 2415 2415 2415 2424 2424 2423 2423 2408 2408 2425 2425 2420 2420 2463 2463 2450 2450 2354 2354 2447 2447 2394 2394 2448 2448 2447 2447 2449 2449 2392 2392 2456 2456 2453 2453 2394 2394 2459 2459 2451 2451 2458 2458 2464 2464 2354 2354 2455 2455 2450 2450 2461 2461 2354 2354 2392 2392 2449 2449 2463 2463 2502 2502 2499 2499 2500 2500 2498 2498 2504 2504 2496 2496 2502 2502 2506 2506 2501 2501 2502 2502 2501 2501 2499 2499 2346 2346 2507 2507 2506 2506 2497 2497 2344 2344 2508 2508 2344 2344 2346 2346 2509 2509 2502 2502 2509 2509 2506 2506 2536 2536 2432 2432 2347 2347 2517 2517 2497 2497 2356 2356 2605 2605 2604 2604 2361 2361 2604 2604 2606 2606 2361 2361 2360 2360 2603 2603 2605 2605 2605 2605 2361 2361 2360 2360 2513 2513 2512 2512 2345 2345 2512 2512 2357 2357 2345 2345 2354 2354 2577 2577 2578 2578 2353 2353 2578 2578 2389 2389 2456 2456 2394 2394 2348 2348 2399 2399 2347 2347 2348 2348 2492 2492 2418 2418 2347 2347 2588 2588 2384 2384 2350 2350 2571 2571 2464 2464 2348 2348 2561 2561 2486 2486 2347 2347 2379 2379 2377 2377 2351 2351 2351 2351 2380 2380 2381 2381 2381 2381 2378 2378 2351 2351 2351 2351 2593 2593 2373 2373 2373 2373 2380 2380 2351 2351 2355 2355 2426 2426 2421 2421 2355 2355 2421 2421 2468 2468 2354 2354 2355 2355 2392 2392 2347 2347 2422 2422 2421 2421 2347 2347 2423 2423 2424 2424 2347 2347 2420 2420 2425 2425 2555 2555 2553 2553 2486 2486 2543 2543 2552 2552 2469 2469 2545 2545 2544 2544 2469 2469 2533 2533 2538 2538 2426 2426 2432 2432 2536 2536 2540 2540 2347 2347 2421 2421 2542 2542 2534 2534 2539 2539 2421 2421 2542 2542 2537 2537 2347 2347 2539 2539 2535 2535 2421 2421 2535 2535 2542 2542 2421 2421 2538 2538 2534 2534 2426 2426 2529 2529 2521 2521 2530 2530 2344 2344 2530 2530 2521 2521 2358 2358 2353 2353 2369 2369 2609 2609 2607 2607 2608 2608 2612 2612 2610 2610 2611 2611 2615 2615 2613 2613 2614 2614 2617 2617 2616 2616 2618 2618 2619 2619 2621 2621 2620 2620 2622 2622 2624 2624 2623 2623 2625 2625 2627 2627 2626 2626 2630 2630 2629 2629 2628 2628 2631 2631 2632 2632 2633 2633 2634 2634 2635 2635 2636 2636 2639 2639 2637 2637 2638 2638 2642 2642 2640 2640 2641 2641 2645 2645 2644 2644 2643 2643 2646 2646 2648 2648 2647 2647 2649 2649 2651 2651 2650 2650 2654 2654 2653 2653 2652 2652 2655 2655 2657 2657 2656 2656 2658 2658 2660 2660 2659 2659 2662 2662 2663 2663 2661 2661 2665 2665 2666 2666 2664 2664 2667 2667 2669 2669 2668 2668 2670 2670 2671 2671 2672 2672 2675 2675 2673 2673 2674 2674 2678 2678 2677 2677 2676 2676 2679 2679 2680 2680 2681 2681 2682 2682 2683 2683 2684 2684 2687 2687 2686 2686 2685 2685 2689 2689 2690 2690 2688 2688 2691 2691 2692 2692 2693 2693 2694 2694 2695 2695 2696 2696 2699 2699 2698 2698 2697 2697 2700 2700 2701 2701 2702 2702 2705 2705 2704 2704 2703 2703 2706 2706 2707 2707 2708 2708 2709 2709 2711 2711 2710 2710 2712 2712 2714 2714 2713 2713 2717 2717 2716 2716 2715 2715 2718 2718 2719 2719 2720 2720 2721 2721 2722 2722 2723 2723 2726 2726 2725 2725 2724 2724 2727 2727 2728 2728 2729 2729 2730 2730 2731 2731 2732 2732 2735 2735 2734 2734 2733 2733 2736 2736 2737 2737 2738 2738 2739 2739 2740 2740 2741 2741 2742 2742 2743 2743 2744 2744 2747 2747 2745 2745 2746 2746 2748 2748 2749 2749 2750 2750 2751 2751 2752 2752 2753 2753 2756 2756 2755 2755 2754 2754 2758 2758 2757 2757 2759 2759 2760 2760 2762 2762 2761 2761</p>
        </triangles>
      </mesh>
    </geometry>
  </library_geometries>
  <library_materials>
    <material id="chrome-material" name="chrome">
      <instance_effect url="#chrome-effect"/>
    </material>
  </library_materials>
  <library_visual_scenes>
    <visual_scene id="scene">
      <node id="node_g0_chrome" name="node_g0_chrome">
        <instance_geometry url="#g0_chrome">
          <bind_material>
            <technique_common>
              <instance_material symbol="chrome-ref" target="#chrome-material"/>
            </technique_common>
          </bind_material>
        </instance_geometry>
      </node>
    </visual_scene>
  </library_visual_scenes>
  <scene>
    <instance_visual_scene url="#scene"/>
  </scene>
</COLLADA>
