<COLLADA xmlns="http://www.collada.org/2005/11/COLLADASchema" version="1.4.1">
  <asset>
    <created>2026-09-29T18:16:48.148009</created>
    <modified>2026-09-29T18:16:48.148011</modified>
    <unit name="meter" meter="1.0"/>
    <up_axis>Z_UP</up_axis>
  </asset>
  <library_effects>
    <effect id="chrome-effect" name="chrome-effect">
      <profile_COMMON>
        <technique sid="common">
          <phong>
            <emission>
              <color>0 0 0 1.0</color>
            </emission>
            <ambient>
              <color>0.432 0.438 0.45599999999999996 1.0</color>
            </ambient>
            <diffuse>
              <color>0.72 0.73 0.76 1.0</color>
            </diffuse>
            <specular>
              <color>0.95 0.95 0.95 1.0</color>
            </specular>
            <shininess>
              <float>80.0</float>
            </shininess>
            <reflective>
              <color>0.0 0.0 0.0 1.0</color>
            </reflective>
            <reflectivity>
              <float>0.0</float>
            </reflectivity>
            <transparent>
              <color>0.0 0.0 0.0 1.0</color>
            </transparent>
            <transparency>
              <float>1.0</float>
            </transparency>
          </phong>
        </technique>
        <extra>
          <technique profile="GOOGLEEARTH">
            <double_sided>0</double_sided>
          </technique>
        </extra>
      </profile_COMMON>
    </effect>
  </library_effects>
  <library_geometries>
    <geometry id="g0_chrome" name="g0_chrome">
      <mesh>
        <source id="g0_chrome-pos">
          <float_array count="7731" id="g0_chrome-pos-array">0.0082252 0.0090219 0.1157412 0.0063497 0.0115985 0.1227379 0.0092285 0.0035167 0.1119547 0.0045338 -0.0097804 0.1294716 0.0039278 -0.0075231 0.1317428 0.003631 0.005422 0.1328585 0.0089063 0.0061894 0.1131388 0.0089094 -0.0065807 0.1130607 0.0083593 -0.0090865 0.115111 0.006157 -0.0121489 0.1232967 0.0077164 0.0104544 0.1174798 0.0092865 -0.0032961 0.1115746 0.0033131 -0.0035248 0.1339054 0.0051056 0.0109895 0.1271332 0.009381 -0.0010127 0.111119 0.0032144 0.0027408 0.1341194 0.003952 0.0080007 0.1313756 0.0075358 -0.0112582 0.1179278 0.005756 -0.0121896 0.1245794 0.0047493 0.0104971 0.1283328 0.0079795 -0.0103151 0.116203 0.0093455 0.0013395 0.1110523 0.006931 -0.0120966 0.1200441 0.0083641 -0.0091157 0.1146145 0.0049401 -0.0114707 0.1274089 0.0034718 0.0062173 0.1328586 0.0071458 0.0114974 0.1191371 0.0092406 0.0030168 0.111284 0.0092698 -0.0027186 0.1110696 0.0029667 -0.0005911 0.1346391 0.0055325 0.0119341 0.1249834 0.0085594 0.0078383 0.1136569 0.0087249 -0.0073983 0.1129989 0.0039727 -0.0093689 0.1307599 0.0034573 -0.0070357 0.1326929 0.0065654 0.0120689 0.1210218 0.002891 0.001467 0.1346253 0.0029824 0.003152 0.1342878 0.00411 0.0096154 0.130089 0.0077379 0.0104078 0.1163024 0.0088385 0.0059521 0.1121763 0.0080057 0.009638 0.1151792 0.0090706 -0.0041055 0.1111627 0.0031858 -0.0065457 0.1331566 0.0058897 0.0123672 0.1229723 0.0072896 0.0112815 0.1177363 0.0087491 -0.0066479 0.1122337 0.0060729 -0.0127879 0.1222227 0.0041936 -0.010798 0.1292537 0.0028854 -0.0043517 0.134161 0.0091838 0.0003481 0.1104978 0.0052343 -0.0125476 0.1252298 0.0081035 -0.0094254 0.1142415 0.0070354 -0.0120328 0.1182278 0.002784 0.004553 0.1340235 0.0043546 0.0111338 0.1281688 0.0031853 -0.0077962 0.1324916 0.0024993 0.0001016 0.1349319 0.0033738 0.0084131 0.131684 0.0037765 0.0098425 0.1301823 0.0045645 0.011594 0.1272408 0.0081691 0.0085967 0.1137575 0.0025436 -0.0023551 0.1347599 0.0076569 -0.010605 0.1154748 0.0064099 -0.0127073 0.1201313 0.0035967 -0.00989 0.1306558 0.0025119 0.0029017 0.1345927 0.0089911 -0.0017632 0.1103584 0.0087892 -0.0048435 0.1111055 0.0024155 -0.0009581 0.1349433 0.0027247 0.005559 0.1336497 0.0062429 0.0124083 0.1205146 0.0089302 0.0021162 0.1104415 0.0051587 0.0125194 0.1242504 0.0075864 0.0100883 0.1151683 0.0084905 -0.0064748 0.1117455 0.0086822 0.0041868 0.1108934 0.0083091 -0.0073943 0.1122583 0.0073238 -0.0110907 0.1159323 0.0058552 -0.0130244 0.1214178 0.0048487 -0.0127931 0.1251813 0.0085407 0.005182 0.1112598 0.008751 0.0028281 0.1104675 0.0021838 0.0018821 0.134849 0.0039796 0.011309 0.1281597 0.0072426 0.0107345 0.1159593 0.0065821 -0.0123662 0.118369 0.0026369 -0.0070278 0.1331319 0.0024133 0.0052872 0.1338299 0.0029804 0.0085376 0.1317184 0.0051773 -0.0130936 0.1234495 0.0040217 -0.0119363 0.1277729 0.0029826 -0.0090193 0.1316649 0.0020509 0.0004643 0.135001 0.002293 0.0046372 0.1341068 0.0064963 0.0119925 0.1184116 0.0081523 0.0070668 0.1122083 0.0087117 0.0010762 0.1101015 0.0086358 -0.003189 0.110374 0.0085878 -0.0038806 0.1105516 0.0043208 -0.0124757 0.1264819 0.003373 0.0102229 0.1299105 0.0044504 0.0122488 0.1258878 0.0084222 -0.0052324 0.1109944 0.0081134 -0.0074349 0.1121433 0.0078285 -0.0088471 0.1132047 0.0074244 -0.0103216 0.1147115 0.0036066 -0.0112869 0.1289816 0.0023638 -0.0061137 0.1336411 0.0020626 -0.002742 0.1347761 0.0053215 0.0127375 0.1224582 0.0073799 0.0099521 0.1147556 0.0030084 -0.009672 0.1310479 0.0022023 -0.0051419 0.1340731 0.0079752 0.0045072 0.1106317 0.0014786 -0.0016674 0.1349029 0.001009 0.001883 0.1347767 0.001502 0.0068546 0.1329466 0.0073727 0.00584 0.1109963 0.0077126 0.0017838 0.1097154 0.0052929 -0.0128256 0.1187237 0.0015548 -0.0076415 0.1327119 0.0020568 0.0109275 0.128986 0.0041836 0.0129489 0.1210402 0.0055891 0.0112471 0.1157814 0.0065075 0.008263 0.1123405 0.0054288 -0.0119751 0.1163209 0.0040016 -0.0134113 0.1216526 0.002991 -0.0129688 0.1254322 0.0012904 -0.0088233 0.1318004 0.0011262 0.0096772 0.13056 0.0030582 0.0129925 0.1233458 0.004171 0.0127414 0.119185 0.006673 0.0039119 0.1098085 -0.0003002 0.0043697 0.1339723 0.0014155 0.0117472 0.1275773 0.0016727 0.0121886 0.1266168 0.0021192 0.0127397 0.1249491 0.0063715 -0.0010775 0.1090163 0.0063082 -0.0028738 0.1092482 0.005997 -0.0062866 0.1104028 0.0055842 -0.0087062 0.1119399 0.0049715 -0.0109445 0.1142246 0.001589 -0.0125035 0.126866 -0.0001502 -0.0061956 0.1333843 -0.0004923 -0.0016985 0.1346747 -0.0009976 0.0004774 0.1346592 0.0053905 0.0069064 0.1107936 0.0058612 0.0021829 0.1090221 0.0057179 -0.0046371 0.10954 0.004793 -0.0100581 0.1129837 0.0032277 -0.0132522 0.1188274 0.0007692 -0.0119127 0.1280219 -0.0007881 -0.0048833 0.133862 -0.0009705 -0.002065 0.1345512 -0.0011683 0.0054142 0.1333961 -0.00066 0.0084829 0.1315039 0.0021892 0.013194 0.1208644 0.0014399 -0.0134797 0.1235969 -0.001915 0.0022978 0.1342636 0.0001406 0.0121646 0.1266042 0.0023645 0.0128352 0.1182919 0.0027252 0.0123984 0.1169423 0.0031552 0.0116436 0.1153328 0.0039162 0.0094951 0.1124824 0.004112 0.0087028 0.1117481 0.0045908 0.0059928 0.1099513 0.0049752 0.000379 0.1084997 0.0039857 -0.0096007 0.1121733 0.0031582 -0.0120254 0.1152607 0.0016202 -0.0136598 0.121006 -0.00074 -0.0105263 0.1298376 0.0002909 0.0129652 0.1241262 0.0029234 0.011104 0.1142798 0.0032291 0.0102409 0.1131347 0.0039254 0.0072661 0.110524 0.0043891 0.0032742 0.10878 0.0044794 -0.0018159 0.1084295 0.0006684 -0.0136254 0.1226462 -7.15e-05 -0.0130213 0.1254138 -0.0017449 -0.0084305 0.1316819 -0.0019164 0.0093374 0.1304491 -0.0016333 0.0103167 0.1293933 -0.0013245 0.0111716 0.1282411 0.0004695 0.0132824 0.1215398 0.0038305 -0.004672 0.1089283 0.0033976 -0.0079296 0.1105383 0.002449 -0.0114905 0.1140755 0.0016845 -0.0129493 0.1169299 -0.0019804 -0.0095513 0.1306397 -0.0024887 -0.0069123 0.1325469 -0.003414 0.0008513 0.1341059 -0.0032418 0.0040815 0.1334706 -0.0029707 0.0064264 0.1324631 0.0024171 0.0097765 0.1123297 0.0032467 -0.0056968 0.1091882 0.0024196 -0.0101402 0.112269 0.0015567 -0.0123944 0.1154889 0.0009331 -0.0132739 0.117818 -0.0016385 -0.0120106 0.1274351 -0.0021202 0.0115498 0.1273766 0.0004502 0.0128718 0.1177705 0.0009875 0.0121585 0.1157599 0.0028026 0.0050141 0.108956 0.0030447 0.0014789 0.1080418 0.0022663 -0.0088055 0.1109252 -0.0010513 -0.0134846 0.123316 -0.0015104 -0.0130333 0.1250333 -0.0033491 -0.0075386 0.1319215 -0.0038828 -0.001714 0.1339318 -0.0035449 0.0085203 0.1307753 -0.0038925 0.0090507 0.1301582 -0.000881 0.0131196 0.1189103 0.00068 0.0106718 0.113068 -0.0009715 -0.0135725 0.1191797 -0.0038239 -0.0097854 0.1298533 -0.0047481 -0.0035088 0.1333243 -0.0053223 -0.0002476 0.1335631 -0.0049995 0.0054168 0.1323713 -0.0022076 0.0131455 0.1219536 -0.0007194 0.0124939 0.1163884 -0.0002823 -0.0121656 0.1146905 -0.0038638 -0.0111682 0.1280827 -0.0055759 0.0043906 0.1326098 -0.0035076 0.0123682 0.1248979 -0.0023085 0.0131787 0.1204172 -0.0008523 0.0119093 0.1149698 -0.0003638 0.0108238 0.1131409 -0.0001358 -0.0105332 0.1122334 -0.0023992 -0.0135914 0.1206873 -0.0056062 -0.0045371 0.1326999 -0.0056858 -0.0034903 0.1330003 -0.0056555 0.0072726 0.1310041 -0.004491 0.0114125 0.1266614 -0.0035267 -0.0132561 0.1229927 -0.0039769 -0.0127625 0.1246774 -0.0057054 -0.0074504 0.1311527 -0.0062328 -0.0016946 0.1331392 -0.0062481 -0.0009718 0.1331985 -0.0065883 0.0033222 0.1325747 -0.0058923 0.0083893 0.1299858 -0.0040026 0.012768 0.1229327 -0.0026126 0.0128206 0.1177362 -0.0023374 -0.01296 0.1166409 -0.0047912 -0.0121466 0.1258165 -0.0058285 -0.0091334 0.1297022 -0.0062651 -0.0068011 0.1313404 -0.0067126 -0.0006073 0.1330295 -0.0058873 0.0100961 0.1280697 -0.0016676 0.0102557 0.1122949 -0.0024663 -0.0124203 0.1152223 -0.0036403 -0.013406 0.1196085 -0.0023023 0.0106154 0.1127716 -0.0061224 -0.0111276 0.1269971 -0.0073077 -0.0057776 0.131442 -0.0075887 0.0065128 0.1306331 -0.0085153 0.0004727 0.132197 -0.0082812 0.0045719 0.1313325 -0.0082728 0.0046526 0.1313013 -0.007777 0.0079076 0.1294562 -0.0075001 0.009082 0.1284238 -0.0049673 0.012722 0.1189645 -0.0040624 0.0120202 0.1155799 -0.0034993 -0.0114012 0.1134144 -0.0054224 -0.0131222 0.1205992 -0.0064793 -0.0121422 0.1245529 -0.0020928 -0.005229 0.1081721 -0.0020663 -0.0070533 0.1090925 -0.0023511 -0.0071331 0.1091327 -0.0020566 -0.0073521 0.1092787 -0.0017482 -0.0083497 0.1099948 -0.0010272 -0.0091787 0.1107322 -0.0003602 -0.0094413 0.1110366 0.0005625 -0.0095022 0.1112164 0.0013623 -0.0091606 0.1110383 0.0019999 -0.0082258 0.1103982 0.0021745 -0.0074845 0.1099145 0.0021833 -0.0052094 0.1087186 0.0021824 -0.0008685 0.1077513 0.002182 0.0029615 0.1081212 0.0021821 0.0047157 0.1086874 0.002178 0.0070623 0.1099121 0.0017731 0.0083176 0.1107531 0.0009734 0.0090505 0.1112514 0.0005617 0.0091443 0.1112734 -0.0007789 0.0089678 0.1109415 -0.0015408 0.0083236 0.1103174 -0.0020655 0.0069022 0.1092558 -0.0020681 0.0055716 0.1085123 -0.0003178 0.0088048 0.1101864 -0.00074 -0.008681 0.1078802 -0.0015756 -0.0081711 0.1075888 -0.0020629 -0.0070427 0.1069371 -0.0021048 -0.0066492 0.0193293 -0.000623 0.0083115 0.1069443 -0.0012974 0.0080695 0.107621 -0.0017696 0.0075984 0.1076542 -0.0019833 0.007129 0.10697 -0.0020997 0.0068025 0.0352169 -0.0021007 0.0068094 0.0329483 -0.0021013 0.006814 0.0314467 -0.0021023 0.0068209 0.0291547 -0.0021038 0.0068312 0.0257783 -0.0021065 0.0068508 0.0193704 -0.0021075 0.0068578 0.0170466 -0.0021085 0.0068646 0.0148329 -0.0021095 0.0068718 0.0124518 -0.0021109 0.0068818 0.0091851 -0.0005103 0.0088203 -0.0540255 0.0020064 -0.0078031 0.1083938 0.0015588 -0.0084805 0.1090157 0.0012545 -0.0084652 0.1069103 0.0007379 -0.0089229 0.1092836 0.0005552 -0.0086798 0.1072466 -0.0005755 -0.0128307 -0.0704685 -0.0005725 -0.0088947 -0.0624146 -0.0005705 -0.0081732 -0.0575143 -0.0008713 -0.008451 -0.0606623 -0.0009329 -0.0117278 -0.0690347 -0.0011029 -0.0101382 -0.0662902 -0.0015164 -0.0103073 -0.0672237 -0.0015139 -0.0081148 -0.0607218 -0.0015125 -0.0077738 -0.0575286 -0.0016491 -0.008777 -0.0638755 -0.001907 -0.0096834 -0.0670174 -0.001906 -0.0086029 -0.0644248 -0.0021001 -0.0068933 -0.0589966 -0.0021253 -0.0100833 -0.0690792 -0.0016514 -0.0121568 -0.0704443 -0.0006033 -0.0144603 -0.0723735 0.0020996 -0.0081119 -0.065108 0.0020734 -0.0068928 -0.0589984 0.0019582 -0.0084482 -0.0644802 0.0017029 -0.0075578 -0.0575379 0.0016588 -0.0103715 -0.0677118 0.0015767 -0.0080339 -0.0607375 0.0012872 -0.0090318 -0.0637935 0.001126 -0.0101145 -0.066302 0.001074 -0.0080526 -0.0579737 0.0009559 -0.0127544 -0.0705275 0.0008438 -0.0083102 -0.0597694 0.0007242 -0.0088668 -0.0624224 0.0005414 -0.0108729 -0.0674411 0.0004813 -0.0099079 -0.0654033 0.0010125 -0.013584 -0.0715819 0.0016979 -0.0119184 -0.0702729 0.0020981 -0.0099749 -0.0690181 0.0021718 0.0068084 0.1077532 0.0018473 0.0077225 0.1084086 0.0011432 0.0082881 0.1083386 0.0021061 0.0096221 -0.0670521 0.0021071 0.0049398 -0.0659841 0.002108 -0.0052454 -0.0669261 0.0021079 -0.0012279 -0.0660206 -0.0005754 0.0107974 -0.0632289 -0.0006937 0.0090964 -0.0576248 -0.0007547 0.0095607 -0.0598359 -0.0007569 0.0113625 -0.0644612 -0.0009356 0.0135203 -0.0679103 -0.0010494 0.0121867 -0.0660769 -0.0012634 0.008596 -0.0544819 -0.001317 0.0087908 -0.0572118 -0.0015173 0.0104324 -0.063392 -0.0016063 0.0090082 -0.0595062 -0.0018394 0.0080745 -0.0549605 -0.0019381 0.01036 -0.0644538 -0.0020728 0.0082543 -0.0596921 -0.0021376 0.0071834 -0.055484 -0.001009 0.0149576 -0.0696235 -0.0018458 0.0131723 -0.0685766 -0.002059 0.0122742 -0.0681249 0.0020807 0.0096875 -0.0642537 0.0019832 0.0079085 -0.0568618 0.0018439 0.0084807 -0.0586746 0.0018422 0.0095205 -0.0622654 0.0017723 0.0112046 -0.0655954 0.0015324 0.0083965 -0.0549481 0.001389 0.0087235 -0.0572227 0.0013868 0.0099773 -0.0620924 0.0011771 0.0128822 -0.0672539 0.0010687 0.0112625 -0.0645143 0.0009601 0.0087252 -0.0544799 0.0009567 0.0101911 -0.0620114 0.0009003 0.009298 -0.0589691 0.0006599 0.0125165 -0.0664043 0.0005435 0.0089851 -0.0567286 0.0004773 0.0135847 -0.067861 0.0020533 0.0120531 -0.0680224 0.0016806 0.0135487 -0.0687815 0.0008229 0.0151308 -0.0697371 -0.008408 0.0036372 0.1316295 -0.0021761 -0.0055532 0.108308 -0.0022157 -0.0058773 0.1084553 -0.0028601 -0.0093598 0.1108555 -0.0080112 -0.0073427 0.130118 -0.0085406 -0.0016734 0.1321117 -0.0065885 0.0116453 0.1246752 -0.0021498 -0.0048888 0.1080386 -0.0075132 -0.0097749 0.1280767 -0.0085374 -0.0034268 0.131751 -0.0056928 0.0126221 0.1209881 -0.0023531 -0.00586 0.1084551 -0.0063653 0.012102 0.1233333 -0.0025323 0.0064493 0.1089891 -0.0049039 -0.0129486 0.1178053 -0.0062737 -0.0126338 0.1229272 -0.0071951 -0.0110434 0.1263759 -0.0082664 -0.0067065 0.1303919 -0.0028994 0.0081703 0.1102007 -0.0020964 -0.0021213 0.1073375 -0.0039818 -0.0117759 0.1141959 -0.0053122 -0.0130633 0.1191663 -0.007988 -0.0084447 0.1291815 -0.0072746 0.0105606 0.1264006 -0.0040275 0.0113816 0.1142636 -0.0082294 0.0071009 0.1298008 -0.0035961 0.0102878 0.1124875 -0.0025769 0.005802 0.1086657 -0.003746 -0.0110497 0.1129931 -0.0069078 -0.0118491 0.1248112 -0.0085779 -0.0050878 0.1310723 -0.0087619 -0.0027125 0.1317665 -0.008499 0.0055667 0.1306475 -0.0033518 0.0093919 0.1114144 -0.0056576 0.0125739 0.1198884 -0.0024508 0.0038315 0.1078772 -0.0030725 -0.0084676 0.1101697 -0.0048805 0.0122303 0.1168309 -0.0025233 -0.0044959 0.1079755 -0.0089071 0.0018624 0.1317099 -0.0064527 0.0121463 0.1225606 -0.0046526 -0.0123131 0.1157678 -0.0063609 -0.0126533 0.1221535 -0.0087715 0.0042331 0.1310644 -0.0058555 -0.0128968 0.1201191 -0.007703 -0.0102852 0.1270324 -0.0086237 -0.0059987 0.1304854 -0.007118 0.0112698 0.1247601 -0.0047312 0.0118733 0.1158389 -0.0032413 0.0080463 0.1102591 -0.0024833 0.0014073 0.1074079 -0.0024654 -0.0010438 0.1073349 -0.0082261 0.0081025 0.128758 -0.0028338 -0.0057483 0.108563 -0.0031121 -0.0075512 0.109599 -0.0054723 -0.0127971 0.118409 -0.00698 -0.0119607 0.1240474 -0.0084471 -0.0074697 0.129544 -0.0090342 -0.0005926 0.1317563 -0.002704 -0.0041176 0.107949 -0.0038433 -0.0102747 0.1121925 -0.005632 0.0123567 0.1188091 -0.0086459 0.0063437 0.1298165 -0.0079414 0.0094639 0.127191 -0.0076523 0.0102829 0.1261121 -0.008325 -0.0084828 0.128579 -0.0048484 -0.0119629 0.1154572 -0.008999 -0.003982 0.1309946 -0.0091461 -0.0016167 0.1314403 -0.0091779 0.0004448 0.1314588 -0.0091048 0.0024842 0.1311907 -0.0063985 0.0120907 0.1210978 -0.0045047 0.010832 0.1140146 -0.0029045 -0.0037249 0.1079947 -0.0043466 -0.0108736 0.1133679 -0.0040151 0.009504 0.11208 -0.0034064 0.0070401 0.1097984 -0.0036865 -0.0087102 0.1108047 -0.008889 -0.0055387 0.1302626 -0.0090083 0.0041026 0.1306378 -0.0052202 0.0117329 0.1164957 -0.0031653 -0.0056095 0.1087686 -0.0069808 0.0115349 0.1229866 -0.0031607 0.0049412 0.1086884 -0.0067594 -0.0121412 0.1219331 -0.0085175 -0.0080225 0.1285162 -0.0077435 0.0101698 0.1255954 -0.0029666 -0.0006736 0.1077092 -0.0059106 -0.0123454 0.1186854 -0.0080381 -0.0098239 0.1265767 -0.0091864 0.0024135 0.1308385 -0.0086517 0.0069481 0.1288512 -0.0057758 0.0117966 0.118112 -0.0031053 0.0026463 0.1081049 -0.0045736 -0.0105547 0.1135031 -0.005618 -0.0120557 0.1174036 -0.0081952 0.0088452 0.1270412 -0.0072402 0.0110364 0.1234764 -0.008967 -0.0053761 0.1298898 -0.0055879 0.0114219 0.1171821 -0.0065974 -0.0119644 0.1208959 -0.0037742 -0.0073294 0.1103257 -0.0075677 -0.0107853 0.1244988 -0.0041285 0.0083941 0.1116698 -0.0092077 -0.0021843 0.1306308 -0.0020681 0.0015915 0.107319 0.0042316 -0.0150907 -0.072998 -0.004269 -0.0168954 -0.0750669 0.0042304 -0.0180843 -0.0767534 -0.0042698 -0.0184491 -0.0773328 -0.0042704 -0.0194379 -0.0791412 -0.0042681 -0.0141036 -0.0720393 -0.0042676 -0.0119708 -0.0703075 -0.0042673 -0.0096532 -0.068832 -0.002142 -0.006543 -0.0673784 -0.004267 -0.0065433 -0.0673775 -0.004267 -0.0039252 -0.0665446 -0.002142 -0.0032567 -0.0663848 -0.0042671 -0.0012287 -0.0660178 -0.0021422 0.000138 -0.0658725 -0.0021426 0.0028849 -0.0658168 -0.0042676 0.0028846 -0.0658158 -0.002143 0.00562 -0.0660768 -0.0042681 0.0062974 -0.0661899 -0.0042688 0.008967 -0.0668394 -0.0021441 0.0102696 -0.0672791 -0.0042697 0.0121702 -0.0680748 -0.0042708 0.0151632 -0.0697567 0.0042299 0.0133973 -0.0686994 0.0042309 0.0102704 -0.0672818 0.0042316 0.0076426 -0.0664799 0.0042323 0.003572 -0.065855 0.0042328 0.0001389 -0.0658753 0.004233 -0.0025834 -0.0662461 0.004233 -0.0065422 -0.0673811 0.0042325 -0.0114064 -0.0699174 0.0042296 -0.0194369 -0.0791448 0.0042227 0.0212745 -0.0830824 -0.0042768 0.0212517 -0.0819136 0.0042237 0.0211513 -0.0807563 -0.0042758 0.0209695 -0.0796013 0.004225 0.0205526 -0.077908 -0.0042742 0.0199616 -0.0762593 0.0042261 0.0197288 -0.0757291 -0.0042729 0.0186138 -0.0736796 0.0042276 0.0179555 -0.0727224 0.0042288 0.0160332 -0.070537 0.0042163 0.0147887 -0.0999988 -0.0042837 0.0147877 -0.0999951 0.0042172 0.0169521 -0.0972821 -0.0042826 0.0173361 -0.0966997 0.004218 0.018391 -0.0949045 -0.0042811 0.0195489 -0.092375 0.0042192 0.0197942 -0.0917278 -0.0042798 0.0205815 -0.0890592 0.0042202 0.0205826 -0.0890629 -0.0042784 0.0211325 -0.0856304 0.0042216 0.0211336 -0.0856341 -0.0042713 -0.020076 -0.0813815 -0.004272 -0.02035 -0.0831076 0.004228 -0.020349 -0.0831112 -0.0042735 -0.0203612 -0.0865983 0.0042262 -0.0202922 -0.0871807 -0.0042748 -0.0198247 -0.0894589 0.0042247 -0.0194733 -0.0905741 0.0042239 -0.0188071 -0.0921898 -0.0042766 -0.0182734 -0.0932216 0.0042229 -0.0176678 -0.0942216 -0.0042786 -0.0157316 -0.0969654 0.0042206 -0.0143597 -0.0985398 -0.0042799 -0.0133745 -0.0995158 0.0042195 -0.0123329 -0.1004412 -0.004281 -0.0112426 -0.1012986 0.0042183 -0.0095169 -0.1024736 -0.0042826 -0.0070749 -0.1037947 0.0042174 -0.0070739 -0.1037984 -0.0042835 -0.0038354 -0.105046 0.0042165 -0.0038343 -0.1050497 0.003806 -0.0002425 0.1322657 0.0050752 -0.0087279 0.127499 0.0076114 -0.0086987 0.1180175 0.0039159 -0.0030941 0.1318477 0.0041464 -0.0051461 0.1309805 0.0057685 -0.0097793 0.1249044 0.0063435 -0.0100282 0.1227542 0.006341 0.0096016 0.1228141 0.0045497 -0.0071742 0.1294675 0.0069184 -0.0097661 0.1206056 0.0087676 0.0026803 0.1137245 0.0058482 0.0094088 0.1246559 0.0050731 0.008272 0.1275508 0.004548 0.0067062 0.1295098 0.0041452 0.0046688 0.1310104 0.0076093 0.0083012 0.1180693 0.0085393 -0.0050955 0.1145579 0.0082496 0.0062743 0.1156703 0.0080762 -0.0073595 0.1162835 0.0038541 0.0016653 0.1320908 0.0071582 0.0090876 0.1197577 0.0088453 -0.0017719 0.1134226 0.0088785 -0.0001841 0.1133026 -0.0087525 -0.0002339 0.1289065 -0.0086168 -0.0033945 0.1283912 -0.0084121 -0.0051374 0.1276212 -0.0084133 0.0046775 0.1276511 -0.0086423 0.0026331 0.128502 -0.0081252 0.006239 0.1265781 -0.0074854 0.0082807 0.1241916 -0.0069546 0.009178 0.1222094 -0.0062175 0.0096102 0.1194548 -0.0049492 0.0083099 0.11471 -0.0054003 0.0090963 0.1163984 -0.0044237 0.0067562 0.1127416 -0.0040204 0.0047281 0.1112286 0.0084019 0.0045547 0.1145509 -0.0038441 0.0032908 0.1105656 -0.00368 -0.0001755 0.1099433 -0.0037286 0.0017312 0.1101299 -0.0040192 -0.0050868 0.1111987 -0.0037891 -0.0030295 0.110344 -0.0042009 -0.0061442 0.1118754 -0.0049471 -0.00869 0.1146582 -0.0053189 -0.0093761 0.1160466 -0.006215 -0.0100196 0.119395 -0.0074833 -0.0087192 0.1241398 -0.0069522 -0.0096043 0.1221522 -0.0080087 -0.0071655 0.1261082 -0.002071 -0.0009917 0.0999482 -0.002071 -0.0009775 0.0999635 -0.0020709 -0.0015205 0.099901 -0.0020713 0.0013552 0.0999554 -0.0020707 -0.0005922 0.1005863 -0.0020714 0.0013563 0.099587 -0.002072 0.001262 0.0982036 -0.002139 0.001826 -0.0578185 -0.0021001 -0.0068933 -0.0589966 -0.0021253 -0.0100833 -0.0690792 -0.002142 -0.006543 -0.0673784 -0.002142 -0.0032567 -0.0663848 -0.0021123 -0.000336 0.0037315 0.0042163 0.0147887 -0.0999988 -0.0042837 0.0147877 -0.0999951 -0.0042837 0.0136798 -0.1002956 0.0042163 0.0136809 -0.1002992 -0.0042835 -0.0038354 -0.105046 0.0042165 -0.0038343 -0.1050497 -0.0042835 -0.0027275 -0.1047455 0.0042165 -0.0027264 -0.1047492 -0.0042837 0.0136798 -0.1002956 0.0042163 0.0136809 -0.1002992 -0.0042835 -0.0027275 -0.1047455 0.0042165 -0.0027264 -0.1047492 0.0042233 0.0088941 -0.0853294 -0.004277 0.0094782 -0.085896 0.0042225 0.0100031 -0.0868084 -0.0042774 0.0099581 -0.0866963 -0.0042765 -0.0061142 -0.089301 -0.0042773 -0.0063703 -0.0912452 -0.0042754 0.0047889 -0.0836474 -0.0042752 0.0030316 -0.0835042 -0.0042755 -0.0039919 -0.0863585 -0.0042759 0.006826 -0.0842149 -0.0042764 0.0080998 -0.084822 -0.0042751 -0.0023251 -0.0850571 -0.004275 0.0005858 -0.083815 0.0042232 -0.006357 -0.0900845 0.0042228 -0.006386 -0.091133 0.0042246 0.0044409 -0.0835981 0.0042237 0.0077905 -0.0846574 0.004225 0.0012769 -0.0836695 0.004225 -0.0007541 -0.0842583 0.0042243 -0.0047141 -0.0871352 0.0042247 -0.0031912 -0.0856681 -0.004269 -0.0168954 -0.0750669 -0.0042698 -0.0184491 -0.0773328 -0.0042704 -0.0194379 -0.0791412 -0.0042681 -0.0141036 -0.0720393 -0.0042676 -0.0119708 -0.0703075 -0.0042673 -0.0096532 -0.068832 -0.004267 -0.0065433 -0.0673775 -0.004267 -0.0039252 -0.0665446 -0.0042671 -0.0012287 -0.0660178 -0.0042676 0.0028846 -0.0658158 -0.0042681 0.0062974 -0.0661899 -0.0042688 0.008967 -0.0668394 -0.0042697 0.0121702 -0.0680748 -0.0042708 0.0151632 -0.0697567 -0.0042768 0.0212517 -0.0819136 -0.0042758 0.0209695 -0.0796013 -0.0042742 0.0199616 -0.0762593 -0.0042729 0.0186138 -0.0736796 -0.0042837 0.0147877 -0.0999951 -0.0042826 0.0173361 -0.0966997 -0.0042811 0.0195489 -0.092375 -0.0042798 0.0205815 -0.0890592 -0.0042784 0.0211325 -0.0856304 -0.0042837 0.0136798 -0.1002956 -0.0042713 -0.020076 -0.0813815 -0.004272 -0.02035 -0.0831076 -0.0042735 -0.0203612 -0.0865983 -0.0042748 -0.0198247 -0.0894589 -0.0042766 -0.0182734 -0.0932216 -0.0042786 -0.0157316 -0.0969654 -0.0042799 -0.0133745 -0.0995158 -0.004281 -0.0112426 -0.1012986 -0.0042826 -0.0070749 -0.1037947 -0.0042835 -0.0038354 -0.105046 -0.0042835 -0.0027275 -0.1047455 -0.004277 0.0094782 -0.085896 -0.0042774 0.0099581 -0.0866963 -0.0042765 -0.0061142 -0.089301 -0.0042773 -0.0063703 -0.0912452 -0.0042754 0.0047889 -0.0836474 -0.0042752 0.0030316 -0.0835042 -0.0042755 -0.0039919 -0.0863585 -0.0042759 0.006826 -0.0842149 -0.0042764 0.0080998 -0.084822 -0.0042751 -0.0023251 -0.0850571 -0.004275 0.0005858 -0.083815 0.0042316 -0.0150907 -0.072998 0.0042304 -0.0180843 -0.0767534 0.0042299 0.0133973 -0.0686994 0.0042309 0.0102704 -0.0672818 0.0042316 0.0076426 -0.0664799 0.0042323 0.003572 -0.065855 0.0042328 0.0001389 -0.0658753 0.004233 -0.0025834 -0.0662461 0.004233 -0.0065422 -0.0673811 0.0042325 -0.0114064 -0.0699174 0.0042296 -0.0194369 -0.0791448 0.0042227 0.0212745 -0.0830824 0.0042237 0.0211513 -0.0807563 0.004225 0.0205526 -0.077908 0.0042261 0.0197288 -0.0757291 0.0042276 0.0179555 -0.0727224 0.0042288 0.0160332 -0.070537 0.0042163 0.0147887 -0.0999988 0.0042172 0.0169521 -0.0972821 0.004218 0.018391 -0.0949045 0.0042192 0.0197942 -0.0917278 0.0042202 0.0205826 -0.0890629 0.0042216 0.0211336 -0.0856341 0.0042163 0.0136809 -0.1002992 0.004228 -0.020349 -0.0831112 0.0042262 -0.0202922 -0.0871807 0.0042247 -0.0194733 -0.0905741 0.0042239 -0.0188071 -0.0921898 0.0042229 -0.0176678 -0.0942216 0.0042206 -0.0143597 -0.0985398 0.0042195 -0.0123329 -0.1004412 0.0042183 -0.0095169 -0.1024736 0.0042174 -0.0070739 -0.1037984 0.0042165 -0.0038343 -0.1050497 0.0042165 -0.0027264 -0.1047492 0.0042233 0.0088941 -0.0853294 0.0042225 0.0100031 -0.0868084 0.0042232 -0.006357 -0.0900845 0.0042228 -0.006386 -0.091133 0.0042246 0.0044409 -0.0835981 0.0042237 0.0077905 -0.0846574 0.004225 0.0012769 -0.0836695 0.004225 -0.0007541 -0.0842583 0.0042243 -0.0047141 -0.0871352 0.0042247 -0.0031912 -0.0856681 0.003806 -0.0002425 0.1322657 0.0039159 -0.0030941 0.1318477 0.0041464 -0.0051461 0.1309805 0.0024476 -0.002515 0.1305342 0.003806 -0.0002425 0.1322657 0.0041464 -0.0051461 0.1309805 0.0024476 -0.002515 0.1305342 -0.0087525 -0.0002339 0.1289065 -0.0067821 -0.0026615 0.1280648 -0.0075043 -0.0039355 0.1278677 -0.0084121 -0.0051374 0.1276212 -0.0087525 -0.0002339 0.1289065 -0.0067821 -0.0026615 0.1280648 -0.0086168 -0.0033945 0.1283912 -0.0075043 -0.0039355 0.1278677 -0.0084121 -0.0051374 0.1276212 0.003806 -0.0002425 0.1322657 0.0041452 0.0046688 0.1310104 0.0038541 0.0016653 0.1320908 0.0029647 0.0009475 0.1313347 0.0025153 0.0021931 0.1305668 0.003806 -0.0002425 0.1322657 0.0041452 0.0046688 0.1310104 -0.0087525 -0.0002339 0.1289065 0.0029647 0.0009475 0.1313347 0.0025153 0.0021931 0.1305668 -0.0085788 -7.61e-05 0.1288592 -0.0084133 0.0046775 0.1276511 -0.0086423 0.0026331 0.128502 -0.0068607 0.0023638 0.1280593 0.0050731 0.008272 0.1275508 0.004548 0.0067062 0.1295098 0.0041452 0.0046688 0.1310104 0.0032144 0.0062558 0.128251 0.0050731 0.008272 0.1275508 0.0041452 0.0046688 0.1310104 -0.0084133 0.0046775 0.1276511 0.0032144 0.0062558 0.128251 -0.0063346 0.0058451 0.1261261 -0.0074854 0.0082807 0.1241916 -0.0084133 0.0046775 0.1276511 -0.0063346 0.0058451 0.1261261 -0.0081252 0.006239 0.1265781 -0.0074854 0.0082807 0.1241916 0.006341 0.0096016 0.1228141 0.0058482 0.0094088 0.1246559 0.0050731 0.008272 0.1275508 0.0040541 0.008281 0.1245559 0.006341 0.0096016 0.1228141 0.0050731 0.008272 0.1275508 -0.0074854 0.0082807 0.1241916 0.0040541 0.008281 0.1245559 -0.0051073 0.0082873 0.1221053 -0.0062175 0.0096102 0.1194548 -0.0074854 0.0082807 0.1241916 -0.0051073 0.0082873 0.1221053 -0.0069546 0.009178 0.1222094 -0.0062175 0.0096102 0.1194548 0.006341 0.0096016 0.1228141 0.0076093 0.0083012 0.1180693 0.0071582 0.0090876 0.1197577 0.0052312 0.0082946 0.1201555 0.006341 0.0096016 0.1228141 0.0076093 0.0083012 0.1180693 -0.0062175 0.0096102 0.1194548 0.0052312 0.0082946 0.1201555 -0.0039303 0.0083009 0.1177049 -0.0049492 0.0083099 0.11471 -0.0062175 0.0096102 0.1194548 -0.0039303 0.0083009 0.1177049 -0.0049492 0.0083099 0.11471 -0.0054003 0.0090963 0.1163984 0.0076093 0.0083012 0.1180693 0.0082496 0.0062743 0.1156703 0.0063535 0.0059526 0.1162277 0.0084019 0.0045547 0.1145509 0.0076093 0.0083012 0.1180693 -0.0049492 0.0083099 0.11471 0.0063535 0.0059526 0.1162277 -0.0029106 0.0060351 0.1138871 -0.0040204 0.0047281 0.1112286 0.0084019 0.0045547 0.1145509 -0.0049492 0.0083099 0.11471 -0.0029106 0.0060351 0.1138871 -0.0044237 0.0067562 0.1127416 -0.0040204 0.0047281 0.1112286 0.0087676 0.0026803 0.1137245 0.0088785 -0.0001841 0.1133026 0.0084019 0.0045547 0.1145509 0.0068461 0.002105 0.1141272 0.0071063 0.0017075 0.1139662 0.0088785 -0.0001841 0.1133026 -0.0040204 0.0047281 0.1112286 0.0084019 0.0045547 0.1145509 0.0068461 0.002105 0.1141272 0.0071063 0.0017075 0.1139662 -0.0023216 0.002097 0.1116749 -0.00368 -0.0001755 0.1099433 -0.0040204 0.0047281 0.1112286 -0.0023216 0.002097 0.1116749 -0.0038441 0.0032908 0.1105656 -0.00368 -0.0001755 0.1099433 -0.0037286 0.0017312 0.1101299 0.0085393 -0.0050955 0.1145579 0.0088453 -0.0017719 0.1134226 0.0088785 -0.0001841 0.1133026 -0.00368 -0.0001755 0.1099433 0.0073282 -0.0017923 0.113843 0.0069088 -0.0026174 0.1141294 -0.002321 -0.0024581 0.111661 -0.0040192 -0.0050868 0.1111987 -0.00368 -0.0001755 0.1099433 -0.002321 -0.0024581 0.111661 -0.0040192 -0.0050868 0.1111987 -0.0037891 -0.0030295 0.110344 0.0076114 -0.0086987 0.1180175 0.0085393 -0.0050955 0.1145579 0.0080762 -0.0073595 0.1162835 0.0062524 -0.006416 0.1162998 0.0076114 -0.0086987 0.1180175 0.0085393 -0.0050955 0.1145579 -0.0040192 -0.0050868 0.1111987 0.0062524 -0.006416 0.1162998 -0.0029809 -0.0062566 0.1135574 -0.0042009 -0.0061442 0.1118754 -0.0049471 -0.00869 0.1146582 0.0076114 -0.0086987 0.1180175 0.0063435 -0.0100282 0.1227542 0.0069184 -0.0097661 0.1206056 0.0052333 -0.0087053 0.1201037 0.0076114 -0.0086987 0.1180175 0.0063435 -0.0100282 0.1227542 -0.0049471 -0.00869 0.1146582 0.0052333 -0.0087053 0.1201037 -0.0039281 -0.008699 0.1176531 -0.006215 -0.0100196 0.119395 -0.0049471 -0.00869 0.1146582 -0.0039281 -0.008699 0.1176531 -0.0053189 -0.0093761 0.1160466 -0.006215 -0.0100196 0.119395 0.0050752 -0.0087279 0.127499 0.0057685 -0.0097793 0.1249044 0.0063435 -0.0100282 0.1227542 0.0040563 -0.0087189 0.1245041 0.0050752 -0.0087279 0.127499 0.0063435 -0.0100282 0.1227542 -0.006215 -0.0100196 0.119395 0.0040563 -0.0087189 0.1245041 -0.0051052 -0.0087126 0.1220535 -0.0074833 -0.0087192 0.1241398 -0.006215 -0.0100196 0.119395 -0.0051052 -0.0087126 0.1220535 -0.0074833 -0.0087192 0.1241398 -0.0069522 -0.0096043 0.1221522 0.0050752 -0.0087279 0.127499 0.0041464 -0.0051461 0.1309805 -0.0084121 -0.0051374 0.1276212 -0.0074833 -0.0087192 0.1241398 -0.0061734 -0.0065789 0.1257788 0.0030366 -0.0064531 0.1283219 -0.0084121 -0.0051374 0.1276212 -0.0074833 -0.0087192 0.1241398 -0.0080087 -0.0071655 0.1261082 -0.0061734 -0.0065789 0.1257788 0.0050752 -0.0087279 0.127499 0.0041464 -0.0051461 0.1309805 0.0045497 -0.0071742 0.1294675 0.0030366 -0.0064531 0.1283219 -0.0021393 -0.0011187 -0.0593499 -0.002139 0.001826 -0.0578185 -0.0018893 -0.0008079 -0.0593254 -0.0018891 0.0010043 -0.0583438 -0.0018893 -0.0008079 -0.0593254 -0.001889 0.0004228 -0.0581528 -0.0018891 -0.0007641 -0.0588739 -0.0018891 0.0010043 -0.0583438 -0.0018892 0.0018371 -0.0581952 -0.001889 0.001836 -0.0578184 -0.0018884 -0.0011246 -0.0574076 -0.0018885 -0.0007685 -0.0574065 -0.0018893 -0.0011187 -0.05935 -0.0021393 -0.0011187 -0.0593499 -0.0021384 -0.0011247 -0.0574075 -0.0018884 -0.0011246 -0.0574076 -0.0018893 -0.0011187 -0.05935 -0.0021385 -0.0007686 -0.0574064 -0.0021384 -0.0011247 -0.0574075 -0.0018884 -0.0011246 -0.0574076 -0.0018885 -0.0007685 -0.0574065 -0.0021385 -0.0007686 -0.0574064 -0.0021391 -0.0007641 -0.0588738 -0.0018891 -0.0007641 -0.0588739 -0.0018885 -0.0007685 -0.0574065 -0.0021391 -0.0007641 -0.0588738 -0.002139 0.0001333 -0.0582834 -0.002139 0.001826 -0.0578185 -0.001889 0.0004228 -0.0581528 -0.0018891 -0.0007641 -0.0588739 -0.001889 0.001836 -0.0578184 -0.0021382 0.0018306 -0.0560708 -0.0021384 0.0018317 -0.0564391 -0.0018882 0.0018306 -0.0560709 -0.0018884 0.0018318 -0.0564392 -0.0018882 0.0018306 -0.0560709 -0.0018884 0.0018318 -0.0564392 -0.0018876 -0.000431 -0.0553387 -0.0018877 -7.49e-05 -0.0553376 -0.0018879 -0.0004275 -0.0559753 -0.0018879 -0.000465 -0.0560208 -0.0018879 -0.000502 -0.0560627 -0.001888 -0.0011828 -0.0564484 -0.0018879 -0.0011835 -0.056209 -0.0021384 0.0018317 -0.0564391 -0.002138 -0.0011828 -0.0564483 -0.0018884 0.0018318 -0.0564392 -0.001888 -0.0011828 -0.0564484 -0.0021377 -7.49e-05 -0.0553375 -0.0021376 -0.000431 -0.0553386 -0.0018876 -0.000431 -0.0553387 -0.0018877 -7.49e-05 -0.0553376 -0.0021379 -0.0005021 -0.0560626 -0.0021379 -0.000465 -0.0560207 -0.0018879 -0.0004275 -0.0559753 -0.0018879 -0.000465 -0.0560208 -0.0018879 -0.000502 -0.0560627 -0.0021379 -0.000465 -0.0560207 -0.0021377 -7.49e-05 -0.0553375 -0.0018877 -7.49e-05 -0.0553376 -0.0018879 -0.0004275 -0.0559753 -0.0021379 -0.0005021 -0.0560626 -0.0021382 0.0018306 -0.0560708 -0.0018882 0.0018306 -0.0560709 -0.0018879 -0.000502 -0.0560627 -0.0021125 0.0016476 0.0039804 -0.0021126 0.0016488 0.003612 -0.0018625 0.0016477 0.0039803 -0.0018626 0.0016488 0.0036119 -0.0018625 0.0016477 0.0039803 -0.0018626 0.0016488 0.0036119 -0.0018618 -0.0002378 0.0049682 -0.0018617 -7.84e-05 0.0053158 -0.001862 -0.00055 0.0044844 -0.0018614 -0.0002418 0.0057998 -0.0018622 -1.81e-05 0.0040047 -0.0018613 -0.0004876 0.0059501 -0.0018619 0.0016437 0.0052719 -0.0018623 -0.0002879 0.0037016 -0.0018614 0.0016398 0.0065628 -0.0018615 0.0016409 0.0061944 -0.0018622 -0.000536 0.0040105 -0.0018621 0.0016448 0.0049035 -0.0018613 -0.0002315 0.0062189 -0.0018615 -0.0005724 0.0054647 -0.0018621 -0.0002293 0.004191 -0.0018619 0.0001244 0.0048689 -0.0018613 1.02e-05 0.006108 -0.0018611 -0.0005313 0.0065561 -0.0018612 -0.0005303 0.0062246 -0.0021123 -0.000336 0.0037315 -0.0021126 0.0016488 0.003612 -0.0018626 0.0016488 0.0036119 -0.0018623 -0.0002879 0.0037016 -0.0021123 -0.000336 0.0037315 -0.0021118 -0.0002379 0.0049683 -0.001862 -0.00055 0.0044844 -0.0018622 -0.000536 0.0040105 -0.0021113 -0.0004392 0.0060262 -0.0021115 -0.0005771 0.0055994 -0.0018613 -0.0004876 0.0059501 -0.0018613 -0.0002315 0.0062189 -0.0018615 -0.0005724 0.0054647 -0.0021115 -0.0005771 0.0055994 -0.0021118 -0.0002379 0.0049683 -0.0018618 -0.0002378 0.0049682 -0.0018615 -0.0005724 0.0054647 -0.0021112 -0.0005304 0.0062247 -0.0021111 -0.0005314 0.0065563 -0.0018611 -0.0005313 0.0065561 -0.0018612 -0.0005303 0.0062246 -0.0021111 -0.0005314 0.0065563 -0.0021114 0.0016398 0.0065629 -0.0018614 0.0016398 0.0065628 -0.0018611 -0.0005313 0.0065561 -0.0021115 0.0016409 0.0061945 -0.0021114 0.0016398 0.0065629 -0.0018614 0.0016398 0.0065628 -0.0018615 0.0016409 0.0061944 -0.0021117 -6.76e-05 0.0053113 -0.0021119 0.0016437 0.005272 -0.0018617 -7.84e-05 0.0053158 -0.0018619 0.0016437 0.0052719 -0.0021115 -0.0002583 0.0055947 -0.0021113 -2.11e-05 0.0060922 -0.0018614 -0.0002418 0.0057998 -0.0018613 1.02e-05 0.006108 -0.0021113 -2.11e-05 0.0060922 -0.0021115 0.0016409 0.0061945 -0.0018615 0.0016409 0.0061944 -0.0018613 1.02e-05 0.006108 -0.0021125 0.0016476 0.0039804 -0.0021122 4.1e-06 0.0039989 -0.0018625 0.0016477 0.0039803 -0.0018622 -1.81e-05 0.0040047 -0.0021121 -0.000244 0.0042403 -0.0021122 4.1e-06 0.0039989 -0.0018622 -1.81e-05 0.0040047 -0.0018621 -0.0002293 0.004191 -0.0021119 -3.8e-06 0.0048183 -0.0021121 -0.000244 0.0042403 -0.0018621 -0.0002293 0.004191 -0.0018619 0.0001244 0.0048689 -0.002111 0.001637 0.0074554 -0.0021111 0.001638 0.0071254 -0.001861 0.0016371 0.0074553 -0.0018611 0.0016381 0.0071253 -0.001861 0.0016371 0.0074553 -0.0018611 0.0016381 0.0071253 -0.0018602 -0.0005373 0.0085147 -0.0018601 -0.0005384 0.0088831 -0.0018607 0.0016812 0.0080446 -0.0018603 0.001268 0.0088309 -0.0018608 -0.0005331 0.0071187 -0.0018608 0.0013333 0.0078716 -0.0018607 -0.0005342 0.0074871 -0.0018605 0.001183 0.008449 -0.0018609 0.0013452 0.0074791 -0.0018604 0.0014927 0.0086898 -0.0018609 0.0009705 0.0075285 -0.0021111 0.001638 0.0071254 -0.0021108 -0.0005331 0.0071188 -0.0018611 0.0016381 0.0071253 -0.0018608 -0.0005331 0.0071187 -0.0021107 -0.0005342 0.0074872 -0.0021108 -0.0005331 0.0071188 -0.0018608 -0.0005331 0.0071187 -0.0018607 -0.0005342 0.0074871 -0.0021105 0.001183 0.0084491 -0.0021102 -0.0005373 0.0085148 -0.0018602 -0.0005373 0.0085147 -0.0018605 0.001183 0.008449 -0.0021106 0.0013629 0.0081418 -0.0021105 0.001183 0.0084491 -0.0018608 0.0013333 0.0078716 -0.0018605 0.001183 0.008449 -0.0021108 0.0011324 0.0075954 -0.0021107 -0.0005342 0.0074872 -0.0018607 -0.0005342 0.0074871 -0.0018609 0.0009705 0.0075285 -0.0021102 -0.0005373 0.0085148 -0.0021101 -0.0005385 0.0088832 -0.0018602 -0.0005373 0.0085147 -0.0018601 -0.0005384 0.0088831 -0.0021109 0.0013178 0.0074594 -0.0021107 0.0016732 0.0079878 -0.0018607 0.0016812 0.0080446 -0.0018609 0.0013452 0.0074791 -0.0021101 -0.0005385 0.0088832 -0.0021103 0.0013045 0.0088184 -0.0018601 -0.0005384 0.0088831 -0.0018603 0.001268 0.0088309 -0.0018604 0.0014927 0.0086898 -0.0021103 0.0013045 0.0088184 -0.0021107 0.0016732 0.0079878 -0.0018607 0.0016812 0.0080446 -0.0018604 0.0014927 0.0086898 -0.0021109 0.0013178 0.0074594 -0.002111 0.001637 0.0074554 -0.001861 0.0016371 0.0074553 -0.0018609 0.0013452 0.0074791 -0.00211 0.0016298 0.0098169 -0.0021101 0.001631 0.0094485 -0.00186 0.0016299 0.0098168 -0.0018601 0.001631 0.0094484 -0.0021101 0.001631 0.0094485 -0.0021098 -0.0005402 0.0094419 -0.0018601 0.001631 0.0094484 -0.0018598 -0.0005401 0.0094418 -0.0021097 -0.0005413 0.0098103 -0.0021098 -0.0005402 0.0094419 -0.0018598 -0.0005401 0.0094418 -0.0018597 -0.0005413 0.0098102 -0.0021097 -0.0005413 0.0098103 -0.00211 0.0016298 0.0098169 -0.00186 0.0016299 0.0098168 -0.0018597 -0.0005413 0.0098102 -0.00186 0.0016299 0.0098168 -0.0018601 0.001631 0.0094484 -0.0018598 -0.0005401 0.0094418 -0.0018597 -0.0005413 0.0098102 -0.0021096 -0.0009526 0.009809 -0.0021098 -0.0009515 0.0094406 -0.0018596 -0.0009526 0.0098089 -0.0018598 -0.0009515 0.0094405 -0.0021096 -0.0009526 0.009809 -0.0021096 -0.0013498 0.0098078 -0.0018596 -0.0009526 0.0098089 -0.0018596 -0.0013701 0.0098076 -0.0018596 -0.0009526 0.0098089 -0.0018598 -0.0009515 0.0094405 -0.0018597 -0.001369 0.0094393 -0.0018596 -0.0013701 0.0098076 -0.0021096 0.001627 0.0107355 -0.0021097 0.0016281 0.0103917 -0.0018596 0.0016271 0.0107354 -0.0018597 0.0016281 0.0103916 -0.0021093 -0.0013516 0.0103826 -0.0021097 0.0016281 0.0103917 -0.0021094 -0.0005676 0.010385 -0.0018597 0.0016281 0.0103916 -0.0018593 -0.0013719 0.0103825 -0.0021093 -0.0013516 0.0103826 -0.0021092 -0.001373 0.0107509 -0.0018593 -0.0013719 0.0103825 -0.0018592 -0.001373 0.0107508 -0.0021093 -0.0003943 0.0108389 -0.0021092 -0.001373 0.0107509 -0.0018592 -0.001373 0.0107508 -0.0018593 -0.0004106 0.0108554 -0.0021095 0.0013507 0.0107385 -0.0021092 0.0016622 0.0115047 -0.0018593 0.0016734 0.011263 -0.0018595 0.0013508 0.0107384 -0.0021092 0.0016622 0.0115047 -0.0021088 0.0009455 0.0122226 -0.0018591 0.0015172 0.0118411 -0.0018588 0.0009456 0.0122225 -0.0021088 0.0009455 0.0122226 -0.0021088 -0.0002025 0.0120851 -0.0018588 0.0009456 0.0122225 -0.0018587 1.11e-05 0.0121901 -0.0021088 -0.0004938 0.0117786 -0.0021088 -0.0002025 0.0120851 -0.0018587 1.11e-05 0.0121901 -0.0018589 -0.0005622 0.0116097 -0.0021092 -0.0004405 0.010889 -0.0021092 -0.000426 0.0108722 -0.0021093 -0.0004106 0.0108555 -0.0021093 -0.0003943 0.0108389 -0.0018592 -0.000426 0.0108721 -0.0018593 -0.0004106 0.0108554 -0.0021092 -0.0004405 0.010889 -0.0021088 -0.0004938 0.0117786 -0.0018589 -0.0005622 0.0116097 -0.0018592 -0.000426 0.0108721 -0.0021095 0.0014753 0.0107357 -0.0021095 0.0013507 0.0107385 -0.0021096 0.0016135 0.0107355 -0.0021096 0.001627 0.0107355 -0.0018596 0.0016271 0.0107354 -0.0018595 0.0013508 0.0107384 -0.0018596 0.0016135 0.0107354 -0.0018595 0.0014754 0.0107356 -0.0021083 -0.0005517 0.0131294 -0.0021079 -0.0005596 0.0139376 -0.0021085 -0.000253 0.0127667 -0.0018581 -0.0005963 0.0133956 -0.0018584 -0.0004297 0.0128997 -0.0021085 -0.000253 0.0127667 -0.0021088 0.0016214 0.0125951 -0.0018584 -0.0004297 0.0128997 -0.0018587 0.0015174 0.0126453 -0.0021077 -3.88e-05 0.0145063 -0.0021079 8.32e-05 0.014164 -0.0018577 5.16e-05 0.014528 -0.0018579 8.32e-05 0.0141639 -0.0021082 -0.0002611 0.0133234 -0.002108 -0.0002617 0.0138794 -0.0018582 -0.0002657 0.0133364 -0.0018579 -0.0001965 0.014005 -0.002108 -0.0002617 0.0138794 -0.0021079 8.32e-05 0.014164 -0.0018579 8.32e-05 0.0141639 -0.0018579 -0.0001965 0.014005 -0.0021082 -0.0002611 0.0133234 -0.0021084 0.0002408 0.0130782 -0.0018582 -0.0002657 0.0133364 -0.0018584 0.0002008 0.0130782 -0.0021084 0.0002408 0.0130782 -0.0021079 0.0005489 0.0143446 -0.0018584 0.0002008 0.0130782 -0.0018579 0.0005244 0.0143053 -0.0021078 0.0009447 0.0145905 -0.002108 0.001528 0.014359 -0.001858 0.0015027 0.0143912 -0.0018579 0.0012252 0.0145731 -0.0021077 0.0016139 0.0150348 -0.0021076 0.0016128 0.0154047 -0.0018576 0.0016129 0.0154046 -0.0018577 0.001614 0.0150347 -0.0018576 0.0016129 0.0154046 -0.0018577 0.001614 0.0150347 -0.0018575 -0.0001688 0.0150711 -0.0018573 -0.0001289 0.0154894 -0.0018571 -0.0002842 0.0159536 -0.001857 0.0016086 0.0168045 -0.0018569 -0.0002545 0.0164634 -0.001857 -0.0005598 0.0160807 -0.0018572 -0.0005841 0.0155621 -0.0018571 0.0016097 0.0164361 -0.0018569 -2.89e-05 0.0163502 -0.0018567 -0.0005625 0.0167979 -0.0018568 -0.000408 0.0164663 -0.0018568 -0.0005615 0.0164663 -0.0021073 -0.0005185 0.01537 -0.0021075 -9.67e-05 0.0150537 -0.0018575 -0.0001688 0.0150711 -0.0018572 -0.0005841 0.0155621 -0.0021077 0.0016139 0.0150348 -0.0021075 -9.67e-05 0.0150537 -0.0018577 0.001614 0.0150347 -0.0018575 -0.0001688 0.0150711 -0.0021071 -0.0006078 0.0158187 -0.0021068 -0.0004081 0.0164664 -0.0021073 -0.0005185 0.01537 -0.001857 -0.0005598 0.0160807 -0.0018572 -0.0005841 0.0155621 -0.0021068 -0.0004081 0.0164664 -0.0021069 -0.0002546 0.0164635 -0.0018569 -0.0002545 0.0164634 -0.0021068 -0.0004081 0.0164664 -0.0021068 -0.0005616 0.0164664 -0.0018569 -0.0002545 0.0164634 -0.0018568 -0.000408 0.0164663 -0.0018568 -0.0005615 0.0164663 -0.0021068 -0.0005616 0.0164664 -0.0021067 -0.0005626 0.016798 -0.0018567 -0.0005625 0.0167979 -0.0018568 -0.0005615 0.0164663 -0.0021067 -0.0005626 0.016798 -0.002107 0.0016086 0.0168046 -0.001857 0.0016086 0.0168045 -0.0018567 -0.0005625 0.0167979 -0.002107 0.0016086 0.0168046 -0.0021071 0.0016097 0.0164362 -0.001857 0.0016086 0.0168045 -0.0018571 0.0016097 0.0164361 -0.0021069 2.28e-05 0.0163744 -0.0021071 0.0016097 0.0164362 -0.0018571 0.0016097 0.0164361 -0.0018569 -2.89e-05 0.0163502 -0.0021072 -0.0002265 0.0155941 -0.0021076 0.0016128 0.0154047 -0.0018576 0.0016129 0.0154046 -0.0018573 -0.0001289 0.0154894 -0.0021069 2.28e-05 0.0163744 -0.0021071 -0.0002842 0.0159537 -0.0018571 -0.0002842 0.0159536 -0.0018569 -2.89e-05 0.0163502 -0.0021072 -0.0002265 0.0155941 -0.0021071 -0.0002842 0.0159537 -0.0018573 -0.0001289 0.0154894 -0.0018571 -0.0002842 0.0159536 -0.0021067 0.0015551 0.0172839 -0.0021065 0.0013379 0.0177186 -0.0018566 0.001606 0.0176433 -0.0018564 0.0015274 0.0179972 -0.001856 0.0015478 0.0189688 -0.002106 -0.0006135 0.0183179 -0.0021058 -0.000479 0.0188397 -0.0021064 -0.0003491 0.017473 -0.0018557 -0.0002772 0.0190617 -0.001856 -0.0005988 0.018471 -0.0018564 -0.0004316 0.0175471 -0.0021067 0.0015551 0.0172839 -0.0021064 -0.0003491 0.017473 -0.0018564 -0.0004316 0.0175471 -0.0018567 0.0015551 0.0172838 -0.0021057 -8.01e-05 0.0191594 -0.0021058 -0.000479 0.0188397 -0.0018557 5.03e-05 0.0191919 -0.0018557 -0.0002772 0.0190617 -0.0021059 -0.0001893 0.0186915 -0.0021059 9.81e-05 0.0188322 -0.0018559 9.82e-05 0.0188321 -0.001856 -0.0002758 0.0185408 -0.0021062 -0.0002707 0.0179729 -0.0021064 0.0002266 0.0177397 -0.0018563 -0.0001796 0.0178323 -0.0018564 0.0001866 0.0177397 -0.0021059 0.0004635 0.0188731 -0.0021064 0.0002266 0.0177397 -0.0018564 0.0001866 0.0177397 -0.0018558 0.0006568 0.0191365 -0.0021058 0.0007342 0.019188 -0.0021059 0.0011618 0.0192464 -0.0018558 0.0010953 0.0192557 -0.0018558 0.0006568 0.0191365 -0.0021061 0.0016194 0.0187981 -0.0021059 0.0011618 0.0192464 -0.001856 0.0015478 0.0189688 -0.0018558 0.0010953 0.0192557 -0.0018554 -0.0013995 0.0194392 -0.0018553 0.001597 0.0206226 -0.0018551 0.0015957 0.0210278 -0.0018551 0.0010888 0.0208712 -0.0018543 -0.0014078 0.0221813 -0.0018553 -0.0014007 0.0198421 -0.0018545 -0.0014065 0.0217539 -0.0021051 0.0010888 0.0208713 -0.0021053 -0.0014007 0.0198422 -0.0018551 0.0010888 0.0208712 -0.0018553 -0.0014007 0.0198421 -0.0021051 0.0009761 0.0209065 -0.0021045 -0.0014065 0.021754 -0.0018551 0.0010888 0.0208712 -0.0018545 -0.0014065 0.0217539 -0.0021045 -0.0014065 0.021754 -0.0021043 -0.0014078 0.0221814 -0.0018543 -0.0014078 0.0221813 -0.0018545 -0.0014065 0.0217539 -0.0021039 0.0005957 0.0235398 -0.0021032 0.0005907 0.0251668 -0.0018532 0.0005908 0.0251667 -0.0018539 0.0005957 0.0235397 -0.002104 0.0009349 0.0235531 -0.0021039 0.0013934 0.0238176 -0.001854 0.00097 0.0235632 -0.0018538 0.0015372 0.0240266 -0.0021032 0.0010856 0.0254339 -0.0021037 0.0016286 0.0243543 -0.0018535 0.0016 0.0248182 -0.0018533 0.0013914 0.0252131 -0.0021031 -0.0002111 0.025353 -0.0021032 0.0010856 0.0254339 -0.0018533 0.0013914 0.0252131 -0.0018532 0.0010199 0.0254612 -0.001853 0.0003138 0.0255317 -0.0021034 -0.0006208 0.0243496 -0.0021031 -0.0002111 0.025353 -0.0021037 -0.0003492 0.0238227 -0.0021032 -0.0005654 0.0249299 -0.0018531 -0.0004213 0.0251714 -0.0018533 -0.0006287 0.0246587 -0.0018536 -0.0004885 0.0239894 -0.0021037 -0.0003492 0.0238227 -0.0021039 0.0005957 0.0235398 -0.0018539 0.0005957 0.0235397 -0.0018538 3.36e-05 0.0236034 -0.0021039 0.0013934 0.0238176 -0.0021037 0.0016286 0.0243543 -0.0018538 0.0015372 0.0240266 -0.0018535 0.0016 0.0248182 -0.002104 0.0009349 0.0235531 -0.0021038 0.0009218 0.0239439 -0.001854 0.00097 0.0235632 -0.0018538 0.0009218 0.0239438 -0.0021034 0.0011956 0.024905 -0.0021032 0.0005907 0.0251668 -0.0018532 0.0005908 0.0251667 -0.0018533 0.0009582 0.0250844 -0.0021038 0.0009218 0.0239439 -0.0021037 0.0013236 0.0243854 -0.0018538 0.0012309 0.024162 -0.0018538 0.0009218 0.0239438 -0.002103 0.0015806 0.025978 -0.0021029 0.0015795 0.0263464 -0.0018529 0.0015795 0.0263462 -0.001853 0.0015806 0.0259779 -0.0018529 0.0015795 0.0263462 -0.001853 0.0015806 0.0259779 -0.0018521 -2.31e-05 0.0276468 -0.0018519 -0.0006412 0.0280294 -0.0018519 -0.0003275 0.0280581 -0.0018526 -5.25e-05 0.0263624 -0.0018524 -0.0006182 0.0268504 -0.0018528 -0.0002785 0.0260315 -0.0018524 -0.0002917 0.0269223 -0.0018523 0.0015756 0.0276379 -0.0018522 -0.0002962 0.0272949 -0.0018518 0.0015716 0.0289287 -0.0018517 -0.0003483 0.0285507 -0.0018519 0.0015728 0.0285604 -0.0018525 0.0015767 0.0272695 -0.0018517 -0.0001374 0.0284269 -0.0018526 -0.0006104 0.0263976 -0.0018523 3.35e-05 0.0272283 -0.0018515 -0.0005995 0.0289221 -0.0018516 -0.0005985 0.0285906 -0.0021027 -0.0004707 0.0261523 -0.0021024 -0.0006366 0.0267458 -0.0018524 -0.0006182 0.0268504 -0.0018526 -0.0006104 0.0263976 -0.0021027 -0.0004707 0.0261523 -0.002103 0.0015806 0.025978 -0.0021028 -4.72e-05 0.0259796 -0.001853 0.0015806 0.0259779 -0.0018528 -0.0002785 0.0260315 -0.0021024 -0.0006366 0.0267458 -0.0021022 -0.0002631 0.027317 -0.0018524 -0.0006182 0.0268504 -0.0018522 -0.0002962 0.0272949 -0.0021017 -0.0002954 0.0285878 -0.0021018 -0.0006098 0.0281883 -0.0018519 -0.0006412 0.0280294 -0.0018517 -0.0003483 0.0285507 -0.0021017 -0.0002954 0.0285878 -0.0021016 -0.0005985 0.0285907 -0.0018517 -0.0003483 0.0285507 -0.0018516 -0.0005985 0.0285906 -0.0021016 -0.0005985 0.0285907 -0.0021015 -0.0005995 0.0289222 -0.0018515 -0.0005995 0.0289221 -0.0018516 -0.0005985 0.0285906 -0.0021015 -0.0005995 0.0289222 -0.0021018 0.0015716 0.0289288 -0.0018518 0.0015716 0.0289287 -0.0018515 -0.0005995 0.0289221 -0.0021019 0.0015727 0.0285605 -0.0021018 0.0015716 0.0289288 -0.0018518 0.0015716 0.0289287 -0.0018519 0.0015728 0.0285604 -0.0021021 -9.68e-05 0.0276637 -0.0021023 0.0015755 0.027638 -0.0018521 -2.31e-05 0.0276468 -0.0018523 0.0015756 0.0276379 -0.0021017 1.63e-05 0.028503 -0.0021019 0.0015727 0.0285605 -0.0018519 0.0015728 0.0285604 -0.0018517 -0.0001374 0.0284269 -0.0021018 -0.0002891 0.0282278 -0.0021017 1.63e-05 0.028503 -0.0018519 -0.0003275 0.0280581 -0.0018517 -0.0001374 0.0284269 -0.0021023 0.0015755 0.027638 -0.0021025 0.0015767 0.0272696 -0.0018523 0.0015756 0.0276379 -0.0018525 0.0015767 0.0272695 -0.0021024 -0.0002636 0.0269841 -0.0021026 -0.0001594 0.0264024 -0.0018526 -5.25e-05 0.0263624 -0.0018524 -0.0002917 0.0269223 -0.0021023 3.34e-05 0.0272284 -0.0021024 -0.0002636 0.0269841 -0.0018524 -0.0002917 0.0269223 -0.0018523 3.35e-05 0.0272283 -0.0021023 3.34e-05 0.0272284 -0.0021025 0.0015767 0.0272696 -0.0018525 0.0015767 0.0272695 -0.0018523 3.35e-05 0.0272283 -0.0021026 -0.0001594 0.0264024 -0.0021029 0.0015795 0.0263464 -0.0018529 0.0015795 0.0263462 -0.0018526 -5.25e-05 0.0263624 -0.0021003 -0.0002475 0.0316958 -0.0021004 -0.0005559 0.0314976 -0.0018504 -0.0002001 0.0315987 -0.0018504 -0.0005397 0.0314703 -0.0018504 -0.0002001 0.0315987 -0.0018504 -0.0005397 0.0314703 -0.0018502 -0.000657 0.0318724 -0.0018501 -0.0005538 0.0321194 -0.0018502 -0.0002139 0.0320801 -0.0018501 0.0001175 0.0322588 -0.0018501 0.0015603 0.0326601 -0.0018503 0.0015614 0.0322917 -0.0018501 0.0001175 0.0322588 -0.0018499 -0.0006109 0.0326535 -0.00185 -0.0006098 0.0323173 -0.0021002 -0.0006529 0.0319125 -0.0021001 -0.0002822 0.0323146 -0.0021001 -0.0005643 0.0321068 -0.0018502 -0.000657 0.0318724 -0.0018501 -0.0005538 0.0321194 -0.0021002 -0.0006529 0.0319125 -0.0021004 -0.0005559 0.0314976 -0.0018504 -0.0005397 0.0314703 -0.0018502 -0.000657 0.0318724 -0.0021001 -0.0002822 0.0323146 -0.0021 -0.0006099 0.0323175 -0.0018501 0.0001175 0.0322588 -0.00185 -0.0006098 0.0323173 -0.0021 -0.0006099 0.0323175 -0.0020999 -0.0006109 0.0326536 -0.0018499 -0.0006109 0.0326535 -0.00185 -0.0006098 0.0323173 -0.0020999 -0.0006109 0.0326536 -0.0021001 0.0015602 0.0326602 -0.0018501 0.0015603 0.0326601 -0.0018499 -0.0006109 0.0326535 -0.0021003 0.0015614 0.0322918 -0.0021001 0.0015602 0.0326602 -0.0018501 0.0015603 0.0326601 -0.0018503 0.0015614 0.0322917 -0.0021002 -0.0002372 0.032045 -0.0021001 -5.86e-05 0.0322002 -0.0021003 0.0015614 0.0322918 -0.0018502 -0.0002139 0.0320801 -0.0018503 0.0015614 0.0322917 -0.0018501 0.0001175 0.0322588 -0.0021002 -0.0002372 0.032045 -0.0021003 -0.0002475 0.0316958 -0.0018504 -0.0002001 0.0315987 -0.0018502 -0.0002139 0.0320801 -0.0020999 0.0015586 0.0332043 -0.0020998 0.0015575 0.0335743 -0.0018498 0.0015575 0.0335741 -0.0018499 0.0015586 0.0332042 -0.0018498 0.0015575 0.0335741 -0.0018499 0.0015586 0.0332042 -0.0018493 -0.0006571 0.034067 -0.0018497 -0.0001031 0.0332193 -0.0018495 -0.0002126 0.0336839 -0.0018493 -0.0003406 0.0341175 -0.0018491 -0.0004152 0.0345606 -0.0018491 -0.0003919 0.0345833 -0.0018491 -0.0003689 0.0346044 -0.0018492 -0.000176 0.0344446 -0.0018495 -0.0006068 0.0336194 -0.0018491 -0.000437 0.0345379 -0.0018491 -0.0004574 0.0345153 -0.0018492 0.0015532 0.0349786 -0.0018493 0.0015543 0.0346102 -0.0018488 -0.0014468 0.0349694 -0.0018489 -0.0014457 0.0346011 -0.0020991 -0.0003689 0.0346045 -0.0020991 -0.000392 0.0345834 -0.0020991 -0.0004153 0.0345607 -0.0020991 -0.000437 0.034538 -0.0020991 -0.0004574 0.0345154 -0.0018491 -0.0004152 0.0345606 -0.0018491 -0.0003919 0.0345833 -0.0018491 -0.0003689 0.0346044 -0.0018491 -0.000437 0.0345379 -0.0018491 -0.0004574 0.0345153 -0.0020991 -0.0004574 0.0345154 -0.0020995 -0.0005228 0.0334494 -0.0018493 -0.0006571 0.034067 -0.0018495 -0.0006068 0.0336194 -0.0020999 0.0015586 0.0332043 -0.0020995 -0.0005228 0.0334494 -0.0020997 -6.14e-05 0.0332136 -0.0018499 0.0015586 0.0332042 -0.0018497 -0.0001031 0.0332193 -0.0018495 -0.0006068 0.0336194 -0.0020989 -0.0014253 0.0346012 -0.0020991 -0.0003689 0.0346045 -0.0018491 -0.0003689 0.0346044 -0.0018489 -0.0014457 0.0346011 -0.0020988 -0.0014265 0.0349696 -0.0020989 -0.0014253 0.0346012 -0.0018488 -0.0014468 0.0349694 -0.0018489 -0.0014457 0.0346011 -0.0020988 -0.0014265 0.0349696 -0.0020992 0.0015532 0.0349787 -0.0018492 0.0015532 0.0349786 -0.0018488 -0.0014468 0.0349694 -0.0020993 0.0015543 0.0346103 -0.0020992 0.0015532 0.0349787 -0.0018492 0.0015532 0.0349786 -0.0018493 0.0015543 0.0346102 -0.0020992 -0.0001668 0.0344537 -0.0020993 0.0015543 0.0346103 -0.0018492 -0.000176 0.0344446 -0.0018493 0.0015543 0.0346102 -0.0020995 -0.0002359 0.0337056 -0.0020998 0.0015575 0.0335743 -0.0018498 0.0015575 0.0335741 -0.0018495 -0.0002126 0.0336839 -0.0020988 0.0006949 0.0354473 -0.0020988 0.0011519 0.0356772 -0.0018488 0.0006002 0.03542 -0.0018487 0.0014345 0.0360016 -0.0018488 0.0006002 0.03542 -0.0018485 -0.0005324 0.0358564 -0.0018485 0.0015885 0.0364716 -0.0018478 -1.5e-05 0.0376566 -0.0018481 0.0014062 0.0374436 -0.0018478 0.0007314 0.0379502 -0.001848 -0.0011189 0.0369899 -0.0018484 0.0012575 0.0367595 -0.0018484 -0.0012412 0.0358533 -0.001848 0.0008692 0.0374564 -0.0018478 -0.0008112 0.0374247 -0.0018487 0.0014345 0.0360016 -0.0018486 0.0011047 0.0361662 -0.0018483 -0.0010449 0.0362102 -0.0018482 -0.0014775 0.0363706 -0.0018477 -0.0011838 0.0375789 -0.0018476 -0.0006566 0.0379524 -0.0018487 0.000555 0.0358284 -0.0018487 -0.0006233 0.035467 -0.0020983 -0.0010893 0.0362912 -0.0020985 -0.0005324 0.0358565 -0.0018485 -0.0005324 0.0358564 -0.0018483 -0.0010449 0.0362102 -0.0020983 -0.0010893 0.0362912 -0.0020979 -0.0010051 0.0372294 -0.001848 -0.0011189 0.0369899 -0.0018483 -0.0010449 0.0362102 -0.0020979 -0.0010051 0.0372294 -0.0020978 -0.0005515 0.0375634 -0.0018478 -1.5e-05 0.0376566 -0.001848 -0.0011189 0.0369899 -0.0018478 -0.0008112 0.0374247 -0.0020986 0.0011446 0.0362266 -0.0020982 0.0012179 0.0369889 -0.0018484 0.0012575 0.0367595 -0.0018486 0.0011047 0.0361662 -0.0020986 0.0011446 0.0362266 -0.0020987 0.0004984 0.0358143 -0.0018486 0.0011047 0.0361662 -0.0018487 0.000555 0.0358284 -0.0020985 -0.0005324 0.0358565 -0.0020987 -0.0006233 0.0354671 -0.0018485 -0.0005324 0.0358564 -0.0018487 -0.0006233 0.035467 -0.0020983 0.0015643 0.0370324 -0.0020988 0.0011519 0.0356772 -0.0020986 0.0015176 0.0361779 -0.0018485 0.0015885 0.0364716 -0.0018487 0.0014345 0.0360016 -0.0020976 -0.0009959 0.0377603 -0.0020983 -0.0013619 0.0360366 -0.0018482 -0.0014775 0.0363706 -0.0018477 -0.0011838 0.0375789 -0.0020983 -0.0013619 0.0360366 -0.0020987 -0.0006233 0.0354671 -0.0018484 -0.0012412 0.0358533 -0.0018487 -0.0006233 0.035467 -0.0020723 -0.0015942 0.0966762 -0.002072 0.001262 0.0982036 -0.0018223 -0.001087 0.0968654 -0.0018221 0.0006661 0.0977187 -0.0018222 0.0013617 0.0978309 -0.0018223 -0.0015941 0.0966761 -0.0018223 -0.001087 0.0968654 -0.0018221 0.0006661 0.0977187 -0.0018221 -0.0011441 0.0972327 -0.0018222 0.0013617 0.0978309 -0.001822 0.0013506 0.0982075 -0.0018215 -0.0016 0.0986185 -0.0018215 -0.0012439 0.0986196 -0.0018223 -0.0015941 0.0966761 -0.0020723 -0.0015942 0.0966762 -0.0020715 -0.0016001 0.0986187 -0.0018215 -0.0016 0.0986185 -0.0018223 -0.0015941 0.0966761 -0.0020715 -0.001244 0.0986197 -0.0020715 -0.0016001 0.0986187 -0.0018215 -0.0016 0.0986185 -0.0018215 -0.0012439 0.0986196 -0.0020715 -0.001244 0.0986197 -0.0020721 -0.0012395 0.0971524 -0.0018221 -0.0011441 0.0972327 -0.0018215 -0.0012439 0.0986196 -0.002072 -0.000475 0.0976749 -0.002072 0.001262 0.0982036 -0.0018221 -0.0011441 0.0972327 -0.001822 0.0013506 0.0982075 -0.0020713 0.0013552 0.0999554 -0.0020714 0.0013563 0.099587 -0.0018213 0.0013552 0.0999553 -0.0018214 0.0013563 0.0995869 -0.0018213 0.0013552 0.0999553 -0.0018214 0.0013563 0.0995869 -0.0018207 -0.0009158 0.1006679 -0.0018207 -0.0005503 0.1006885 -0.001821 -0.0009774 0.0999634 -0.001821 -0.0009917 0.0999481 -0.001821 -0.0016582 0.0995777 -0.0018209 -0.001659 0.0998171 -0.002071 -0.0016233 0.0995779 -0.0020714 0.0013563 0.099587 -0.0018214 0.0013563 0.0995869 -0.001821 -0.0016582 0.0995777 -0.002071 -0.0016233 0.0995779 -0.0020709 -0.0015205 0.099901 -0.001821 -0.0016582 0.0995777 -0.0018209 -0.001659 0.0998171 -0.002071 -0.0009917 0.0999482 -0.002071 -0.0009775 0.0999635 -0.001821 -0.0009774 0.0999634 -0.001821 -0.0009917 0.0999481 -0.002071 -0.0009775 0.0999635 -0.0020707 -0.0005922 0.1005863 -0.0018207 -0.0005503 0.1006885 -0.001821 -0.0009774 0.0999634 -0.002071 -0.0009917 0.0999482 -0.0020713 0.0013552 0.0999554 -0.0018213 0.0013552 0.0999553 -0.001821 -0.0009917 0.0999481 -0.0021005 0.0002077 0.0313618 -0.0021007 0.0012142 0.0311952 -0.0018508 0.0012564 0.0311635 -0.0018506 0.0006321 0.0313763 -0.0021012 -0.0004344 0.0297101 -0.0021007 -0.0005797 0.0307687 -0.0018507 -0.0006202 0.0306429 -0.0018511 -0.0005533 0.0298973 -0.0021015 0.0007701 0.0293692 -0.0021014 0.0013411 0.0296448 -0.0021012 -0.0004344 0.0297101 -0.0021014 1.81e-05 0.0294046 -0.0018511 -0.0005533 0.0298973 -0.0018514 0.0004507 0.0293451 -0.0018515 0.001042 0.0294421 -0.0018514 0.0014756 0.0298306 -0.0018512 -0.0002911 0.0295664 -0.0021012 0.0016182 0.0303304 -0.0021007 0.0012142 0.0311952 -0.0018508 0.0012564 0.0311635 -0.0018511 0.0016157 0.0304483 -0.0021014 0.0013411 0.0296448 -0.0021012 0.0016182 0.0303304 -0.0018514 0.0014756 0.0298306 -0.0018511 0.0016157 0.0304483 -0.0018586 0.0016202 0.0129818 -0.0018577 5.16e-05 0.014528 -0.0018578 -0.0002812 0.014387 -0.0018581 -0.0005963 0.0133956 -0.0018584 -0.0004297 0.0128997 -0.0018587 0.0015174 0.0126453 -0.0018582 -0.0002657 0.0133364 -0.0018579 8.32e-05 0.0141639 -0.0018579 -0.0001965 0.014005 -0.0018584 0.0002008 0.0130782 -0.0018583 0.0016443 0.0136203 -0.001858 0.0015027 0.0143912 -0.0018579 0.0012252 0.0145731 -0.0018578 0.0007016 0.0144976 -0.0018579 0.0005244 0.0143053 -0.0018585 0.0013811 0.0130527 -0.0018584 0.0005373 0.0130986 -0.0018584 0.0005309 0.013079 -0.001858 0.000819 0.0141228 -0.0018581 0.0012464 0.0141262 -0.0018584 0.0011206 0.0131967 -0.0018582 0.0013764 0.0138255 -0.0018584 0.0005309 0.013079 -0.0018584 0.0011206 0.0131967 -0.0021084 0.0013018 0.0134246 -0.0021084 0.0005309 0.0130791 -0.0018584 0.0005373 0.0130986 -0.0018584 0.0005309 0.013079 -0.0021084 0.0005309 0.0130791 -0.0021084 0.0005373 0.0130987 -0.0018584 0.0005373 0.0130986 -0.001858 0.000819 0.0141228 -0.0021084 0.0005373 0.0130987 -0.002108 0.0009401 0.0141921 -0.0021081 0.0013203 0.0140347 -0.0021084 0.0013018 0.0134246 -0.0021084 0.0005309 0.0130791 -0.0021084 0.0005373 0.0130987 -0.002108 0.0009401 0.0141921 -0.0018566 0.001606 0.0176433 -0.0018557 5.03e-05 0.0191919 -0.0018557 -0.0002772 0.0190617 -0.001856 -0.0005988 0.018471 -0.0018564 -0.0004316 0.0175471 -0.0018567 0.0015551 0.0172838 -0.0018559 9.82e-05 0.0188321 -0.001856 -0.0002758 0.0185408 -0.0018563 -0.0001796 0.0178323 -0.0018564 0.0001866 0.0177397 -0.0018564 0.0015274 0.0179972 -0.001856 0.0015478 0.0189688 -0.0018558 0.0010953 0.0192557 -0.0018558 0.0006568 0.0191365 -0.0018564 0.0005465 0.017837 -0.0018564 0.0005231 0.0177602 -0.0018564 0.0005167 0.0177405 -0.001856 0.0007567 0.0187253 -0.001856 0.0010443 0.0188649 -0.0018564 0.0010785 0.0178399 -0.0018562 0.0013548 0.0185499 -0.0018564 0.0005167 0.0177405 -0.0018564 0.0010785 0.0178399 -0.0021065 0.0010132 0.017806 -0.0021064 0.0005231 0.0177603 -0.0018564 0.0005465 0.017837 -0.0018564 0.0005231 0.0177602 -0.0018564 0.0005167 0.0177405 -0.0021064 0.0005167 0.0177406 -0.0021064 0.0005231 0.0177603 -0.0018564 0.0005465 0.017837 -0.001856 0.0007567 0.0187253 -0.0021064 0.0005231 0.0177603 -0.002106 0.0007566 0.0187254 -0.001856 0.0007567 0.0187253 -0.001856 0.0010443 0.0188649 -0.002106 0.0007566 0.0187254 -0.002106 0.0009935 0.0188648 -0.001856 0.0010443 0.0188649 -0.0018562 0.0013548 0.0185499 -0.0021061 0.0013175 0.0186741 -0.002106 0.0009935 0.0188648 -0.0021061 0.0013175 0.0186741 -0.0021063 0.0013248 0.018177 -0.0021065 0.0010132 0.017806 -0.0021064 0.0005231 0.0177603 -0.002106 0.0007566 0.0187254 -0.002106 0.0009935 0.0188648 -0.0018596 0.0016271 0.0107354 -0.0018597 0.0016281 0.0103916 -0.0018593 -0.0013719 0.0103825 -0.0018592 -0.001373 0.0107508 -0.0018591 0.0015172 0.0118411 -0.0018588 0.0009456 0.0122225 -0.0018587 1.11e-05 0.0121901 -0.0018589 -0.0005622 0.0116097 -0.0018592 -0.000426 0.0108721 -0.0018593 -0.0004106 0.0108554 -0.0018593 0.0016734 0.011263 -0.0018595 0.0013508 0.0107384 -0.0018596 0.0016135 0.0107354 -0.0018595 0.0014754 0.0107356 -0.0018591 -0.0002941 0.0113246 -0.0018593 -5.7e-06 0.010845 -0.0018593 0.0013724 0.0112647 -0.0018589 -0.0001389 0.0116919 -0.0018591 0.0012584 0.0116277 -0.0018589 0.000224 0.011864 -0.0018595 0.0008132 0.0107419 -0.0018593 0.0013724 0.0112647 -0.0018591 0.0012584 0.0116277 -0.002109 0.0010864 0.011775 -0.0021092 0.0013515 0.0114489 -0.0021094 0.0013356 0.0111047 -0.0018593 0.0013724 0.0112647 -0.0018595 0.0008132 0.0107419 -0.0021094 0.0013356 0.0111047 -0.0021095 0.0010174 0.0107981 -0.0018591 -0.0002941 0.0113246 -0.0018589 -0.0001389 0.0116919 -0.0021092 -0.0002275 0.0110491 -0.0021089 -0.0001736 0.0116572 -0.0018593 -5.7e-06 0.010845 -0.0018595 0.0008132 0.0107419 -0.0021094 0.0001845 0.0107702 -0.0021095 0.0010174 0.0107981 -0.002109 0.0010864 0.011775 -0.0021092 0.0013515 0.0114489 -0.0021094 0.0013356 0.0111047 -0.0021094 0.0001845 0.0107702 -0.0021092 -0.0002275 0.0110491 -0.0021089 -0.0001736 0.0116572 -0.0021095 0.0010174 0.0107981 -0.0018508 0.0012564 0.0311635 -0.0018506 0.0006321 0.0313763 -0.0018505 -0.0002469 0.031194 -0.0018507 -0.0006202 0.0306429 -0.0018511 -0.0005533 0.0298973 -0.0018514 0.0004507 0.0293451 -0.0018515 0.001042 0.0294421 -0.0018514 0.0014756 0.0298306 -0.0018511 0.0016157 0.0304483 -0.0018512 -0.0002911 0.0295664 -0.0018512 4.09e-05 0.0297917 -0.0018508 -0.0003359 0.0305122 -0.0018508 0.0008619 0.0309545 -0.0018511 -0.0002384 0.0300076 -0.0018513 0.0010583 0.0298699 -0.0018507 8.06e-05 0.0309471 -0.0018511 0.0013143 0.030407 -0.0018508 0.0008619 0.0309545 -0.0018507 8.06e-05 0.0309471 -0.0021007 5.2e-06 0.0309175 -0.0021008 0.0007395 0.0309841 -0.0018508 0.0008619 0.0309545 -0.0018511 0.0013143 0.030407 -0.0021008 0.0007395 0.0309841 -0.002101 0.0012945 0.0305296 -0.0018513 0.0010583 0.0298699 -0.0018511 0.0013143 0.030407 -0.002101 0.0012945 0.0305296 -0.0021013 0.0011444 0.0299363 -0.0018512 4.09e-05 0.0297917 -0.0018508 -0.0003359 0.0305122 -0.0018511 -0.0002384 0.0300076 -0.0021013 0.0005137 0.029722 -0.0021011 -9.12e-05 0.0298631 -0.0021009 -0.0003429 0.0302522 -0.0021007 5.2e-06 0.0309175 -0.0021008 0.0007395 0.0309841 -0.002101 0.0012945 0.0305296 -0.0021013 0.0011444 0.0299363 -0.0021013 0.0005137 0.029722 -0.0021011 -9.12e-05 0.0298631 -0.0021009 -0.0003429 0.0302522 -0.0018532 0.0005908 0.0251667 -0.0018539 0.0005957 0.0235397 -0.001854 0.00097 0.0235632 -0.0018538 0.0015372 0.0240266 -0.0018535 0.0016 0.0248182 -0.0018533 0.0013914 0.0252131 -0.0018532 0.0010199 0.0254612 -0.001853 0.0003138 0.0255317 -0.0018531 -0.0004213 0.0251714 -0.0018533 -0.0006287 0.0246587 -0.0018536 -0.0004885 0.0239894 -0.0018538 3.36e-05 0.0236034 -0.0018533 0.0009582 0.0250844 -0.0018536 0.0013247 0.0246173 -0.0018538 0.0012309 0.024162 -0.0018538 0.0009218 0.0239438 -0.0018537 0.0002659 0.0239191 -0.0018536 -0.0001886 0.0241239 -0.0018534 -0.0003343 0.024534 -0.0018533 -0.0002015 0.0249066 -0.0018532 0.0002243 0.0251367 -0.0018537 0.0002659 0.0239191 -0.0018536 -0.0001886 0.0241239 -0.0021037 0.0002914 0.0239172 -0.0021036 -0.0001866 0.0241214 -0.0018537 0.0002659 0.0239191 -0.0018532 0.0002243 0.0251367 -0.0021037 0.0002914 0.0239172 -0.0021032 0.0002565 0.0251416 -0.0018536 -0.0001886 0.0241239 -0.0018534 -0.0003343 0.024534 -0.0021036 -0.0001866 0.0241214 -0.0021033 -0.0003115 0.0246998 -0.0018533 -0.0002015 0.0249066 -0.0018532 0.0002243 0.0251367 -0.0021033 -0.0003115 0.0246998 -0.0021032 0.0002565 0.0251416 -0.0021037 0.0002914 0.0239172 -0.0021036 -0.0001866 0.0241214 -0.0021033 -0.0003115 0.0246998 -0.0021032 0.0002565 0.0251416 -0.0020629 -0.0070427 0.1069371 -0.0021048 -0.0066492 0.0193293 -0.0020997 0.0068025 0.0352169 -0.0021007 0.0068094 0.0329483 -0.0021013 0.006814 0.0314467 -0.0021023 0.0068209 0.0291547 -0.0021038 0.0068312 0.0257783 -0.0021065 0.0068508 0.0193704 -0.0021075 0.0068578 0.0170466 -0.0021085 0.0068646 0.0148329 -0.0021095 0.0068718 0.0124518 -0.0021109 0.0068818 0.0091851 -0.0021001 -0.0068933 -0.0589966 -0.0021376 0.0071834 -0.055484 -0.002142 -0.0032567 -0.0663848 -0.0021422 0.000138 -0.0658725 -0.0021426 0.0028849 -0.0658168 -0.002143 0.00562 -0.0660768 -0.0021441 0.0102696 -0.0672791 -0.0021109 -0.0007625 0.0068368 -0.00211 -0.0005639 0.0091625 -0.0021085 -0.0007795 0.0124285 -0.0021014 -0.0008304 0.0291314 -0.0021004 -0.0008374 0.0314234 -0.002071 -0.0016233 0.0995779 -0.0020709 -0.0015205 0.099901 -0.0020715 -0.001244 0.0986197 -0.0020723 -0.0015942 0.0966762 -0.0020715 -0.0016001 0.0986187 -0.0020721 -0.0012395 0.0971524 -0.0020976 -0.0009959 0.0377603 -0.0020983 -0.0013619 0.0360366 -0.0020983 -0.0010893 0.0362912 -0.0020979 -0.0010051 0.0372294 -0.0020988 -0.0014265 0.0349696 -0.0020989 -0.0014253 0.0346012 -0.0020991 -0.0003689 0.0346045 -0.0020991 -0.000392 0.0345834 -0.0020991 -0.0004153 0.0345607 -0.0020991 -0.000437 0.034538 -0.0020991 -0.0004574 0.0345154 -0.0021002 -0.0006529 0.0319125 -0.0021051 0.0009761 0.0209065 -0.0021051 0.0010888 0.0208713 -0.0021045 -0.0014065 0.021754 -0.0021053 -0.0014007 0.0198422 -0.0021043 -0.0014078 0.0221814 -0.002106 -0.0006135 0.0183179 -0.0021093 -0.0013516 0.0103826 -0.0021092 -0.0004405 0.010889 -0.0021092 -0.000426 0.0108722 -0.0021093 -0.0004106 0.0108555 -0.0021093 -0.0003943 0.0108389 -0.0021092 -0.001373 0.0107509 -0.0020714 0.0013563 0.099587 -0.002072 -0.000475 0.0976749 -0.002072 0.001262 0.0982036 -0.0020983 0.0015643 0.0370324 -0.0020988 0.0006949 0.0354473 -0.0020979 0.00108 0.0377727 -0.0020979 0.0007036 0.0375445 -0.0020988 0.0011519 0.0356772 -0.0020986 0.0015176 0.0361779 -0.0020986 0.0011446 0.0362266 -0.0020978 -0.0005515 0.0375634 -0.0020982 0.0012179 0.0369889 -0.0020976 6.91e-05 0.0380682 -0.0020987 0.0004984 0.0358143 -0.0020985 -0.0005324 0.0358565 -0.0020987 -0.0006233 0.0354671 -0.0020999 0.0015586 0.0332043 -0.0020992 -0.0001668 0.0344537 -0.0020995 -0.0005228 0.0334494 -0.0020995 -0.0002359 0.0337056 -0.0020997 -6.14e-05 0.0332136 -0.0020993 0.0015543 0.0346103 -0.0020998 0.0015575 0.0335743 -0.0020992 0.0015532 0.0349787 -0.0021002 -0.0002372 0.032045 -0.0021001 -0.0002822 0.0323146 -0.0021 -0.0006099 0.0323175 -0.0021003 -0.0002475 0.0316958 -0.0021001 -5.86e-05 0.0322002 -0.0021001 -0.0005643 0.0321068 -0.0021003 0.0015614 0.0322918 -0.0020999 -0.0006109 0.0326536 -0.0021001 0.0015602 0.0326602 -0.0021004 -0.0005559 0.0314976 -0.0021015 0.0007701 0.0293692 -0.0021005 0.0002077 0.0313618 -0.0021014 0.0013411 0.0296448 -0.0021012 0.0016182 0.0303304 -0.0021007 0.0012142 0.0311952 -0.0021012 -0.0004344 0.0297101 -0.0021014 1.81e-05 0.0294046 -0.0021007 -0.0005797 0.0307687 -0.0021057 -8.01e-05 0.0191594 -0.0021067 0.0015551 0.0172839 -0.0021061 0.0016194 0.0187981 -0.0021058 0.0007342 0.019188 -0.0021058 -0.000479 0.0188397 -0.0021059 -0.0001893 0.0186915 -0.0021065 0.0013379 0.0177186 -0.0021059 9.81e-05 0.0188322 -0.0021062 -0.0002707 0.0179729 -0.0021064 -0.0003491 0.017473 -0.0021059 0.0004635 0.0188731 -0.0021059 0.0011618 0.0192464 -0.0021064 0.0002266 0.0177397 -0.0021095 0.0014753 0.0107357 -0.0021095 0.0013507 0.0107385 -0.0021096 0.0016135 0.0107355 -0.0021092 0.0016622 0.0115047 -0.0021096 0.001627 0.0107355 -0.0021088 0.0009455 0.0122226 -0.0021088 -0.0004938 0.0117786 -0.0021088 -0.0002025 0.0120851 -0.0021097 0.0016281 0.0103917 -0.0021094 -0.0005676 0.010385 -0.0021097 -0.0005413 0.0098103 -0.00211 0.0016298 0.0098169 -0.0021101 0.001631 0.0094485 -0.0021098 -0.0005402 0.0094419 -0.0021108 0.0011324 0.0075954 -0.0021106 0.0013629 0.0081418 -0.0021109 0.0013178 0.0074594 -0.0021105 0.001183 0.0084491 -0.002111 0.001637 0.0074554 -0.0021102 -0.0005373 0.0085148 -0.0021101 -0.0005385 0.0088832 -0.0021103 0.0013045 0.0088184 -0.0021107 0.0016732 0.0079878 -0.0021107 -0.0005342 0.0074872 -0.0021111 0.001638 0.0071254 -0.0021108 -0.0005331 0.0071188 -0.0021385 -0.0007686 -0.0574064 -0.0021393 -0.0011187 -0.0593499 -0.0021384 -0.0011247 -0.0574075 -0.0021391 -0.0007641 -0.0588738 -0.0021379 -0.0005021 -0.0560626 -0.0021379 -0.000465 -0.0560207 -0.002139 0.0001333 -0.0582834 -0.0021382 0.0018306 -0.0560708 -0.0021384 0.0018317 -0.0564391 -0.002139 0.001826 -0.0578185 -0.0021377 -7.49e-05 -0.0553375 -0.0021376 -0.000431 -0.0553386 -0.002138 -0.0011828 -0.0564483 -0.0021115 -0.0002583 0.0055947 -0.0021113 -2.11e-05 0.0060922 -0.0021119 -3.8e-06 0.0048183 -0.0021117 -6.76e-05 0.0053113 -0.0021112 -0.0005304 0.0062247 -0.0021123 -0.000336 0.0037315 -0.0021121 -0.000244 0.0042403 -0.0021113 -0.0004392 0.0060262 -0.0021125 0.0016476 0.0039804 -0.0021122 4.1e-06 0.0039989 -0.0021115 0.0016409 0.0061945 -0.0021119 0.0016437 0.005272 -0.0021126 0.0016488 0.003612 -0.0021111 -0.0005314 0.0065563 -0.0021114 0.0016398 0.0065629 -0.0021115 -0.0005771 0.0055994 -0.0021118 -0.0002379 0.0049683 -0.0021096 -0.0009526 0.009809 -0.0021098 -0.0009515 0.0094406 -0.0021096 -0.0013498 0.0098078 -0.0021075 -0.0005811 0.0148102 -0.0021077 -3.88e-05 0.0145063 -0.0021085 0.0014349 0.0130422 -0.0021078 0.0009447 0.0145905 -0.0021083 -0.0005517 0.0131294 -0.0021082 -0.0002611 0.0133234 -0.002108 0.001528 0.014359 -0.002108 -0.0002617 0.0138794 -0.0021084 0.0002408 0.0130782 -0.0021079 8.32e-05 0.014164 -0.0021079 -0.0005596 0.0139376 -0.0021079 0.0005489 0.0143446 -0.0021085 -0.000253 0.0127667 -0.0021088 0.0016214 0.0125951 -0.0021071 -0.0006078 0.0158187 -0.0021068 -0.0004081 0.0164664 -0.0021068 -0.0005616 0.0164664 -0.0021072 -0.0002265 0.0155941 -0.0021069 2.28e-05 0.0163744 -0.0021073 -0.0005185 0.01537 -0.0021071 -0.0002842 0.0159537 -0.0021077 0.0016139 0.0150348 -0.0021076 0.0016128 0.0154047 -0.0021075 -9.67e-05 0.0150537 -0.0021067 -0.0005626 0.016798 -0.002107 0.0016086 0.0168046 -0.0021071 0.0016097 0.0164362 -0.0021034 -0.0006208 0.0243496 -0.002104 0.0009349 0.0235531 -0.0021038 0.0009218 0.0239439 -0.0021031 -0.0002111 0.025353 -0.0021039 0.0013934 0.0238176 -0.0021034 0.0011956 0.024905 -0.0021037 0.0013236 0.0243854 -0.0021032 0.0010856 0.0254339 -0.0021037 -0.0003492 0.0238227 -0.0021032 -0.0005654 0.0249299 -0.0021037 0.0016286 0.0243543 -0.0021053 0.0015969 0.0206227 -0.0021039 0.0005957 0.0235398 -0.0021032 0.0005907 0.0251668 -0.0021023 3.34e-05 0.0272284 -0.0021017 -0.0002954 0.0285878 -0.0021018 -0.0002891 0.0282278 -0.0021024 -0.0002636 0.0269841 -0.0021016 -0.0005985 0.0285907 -0.0021026 -0.0001594 0.0264024 -0.0021021 -9.68e-05 0.0276637 -0.0021017 1.63e-05 0.028503 -0.0021027 -0.0004707 0.0261523 -0.0021019 0.0015727 0.0285605 -0.0021023 0.0015755 0.027638 -0.002103 0.0015806 0.025978 -0.0021018 -0.0006098 0.0281883 -0.0021029 0.0015795 0.0263464 -0.0021015 -0.0005995 0.0289222 -0.0021028 -4.72e-05 0.0259796 -0.0021018 0.0015716 0.0289288 -0.0021025 0.0015767 0.0272696 -0.0021024 -0.0006366 0.0267458 -0.002102 -0.0005843 0.0276063 -0.0021022 -0.0002631 0.027317 0.0021833 -0.0052094 0.1087186 0.0021824 -0.0008685 0.1077513 0.002182 0.0029615 0.1081212 0.0021821 0.0047157 0.1086874 0.002178 0.0070623 0.1099121 0.0021718 0.0068084 0.1077532 0.0021071 0.0049398 -0.0659841 0.002108 -0.0052454 -0.0669261 0.0021079 -0.0012279 -0.0660206 0.0023638 -0.0061137 0.1336411 0.0020626 -0.002742 0.1347761 0.0022023 -0.0051419 0.1340731 0.0051587 0.0125194 0.1242504 0.0039796 0.011309 0.1281597 0.0044504 0.0122488 0.1258878 -0.0016676 0.0102557 0.1122949 -0.0023023 0.0106154 0.1127716 0.0005617 0.0091443 0.1112734 0.0045908 0.0059928 0.1099513 0.0028026 0.0050141 0.108956 0.0021821 0.0047157 0.1086874 0.0063082 -0.0028738 0.1092482 0.0044794 -0.0018159 0.1084295 0.0021824 -0.0008685 0.1077513 -0.001906 -0.0086029 -0.0644248 -0.0021001 -0.0068933 -0.0589966 -0.0021253 -0.0100833 -0.0690792 -0.0009356 0.0135203 -0.0679103 -0.0010494 0.0121867 -0.0660769 -0.001009 0.0149576 -0.0696235 0.0010687 0.0112625 -0.0645143 0.0009567 0.0101911 -0.0620114 0.0009003 0.009298 -0.0589691 -0.0024833 0.0014073 0.1074079 -0.0028454 0.0030657 0.1078971 -0.0031607 0.0049412 0.1086884 -0.0024833 0.0014073 0.1074079 -0.0028454 0.0030657 0.1078971 -0.0031607 0.0049412 0.1086884 -0.008499 0.0055667 0.1306475 -0.0087715 0.0042331 0.1310644 -0.0091048 0.0024842 0.1311907 -0.0085374 -0.0034268 0.131751 -0.0085779 -0.0050878 0.1310723 -0.0086237 -0.0059987 0.1304854 -0.0025323 0.0064493 0.1089891 -0.0025769 0.005802 0.1086657 -0.0024508 0.0038315 0.1078772 -0.0085374 -0.0034268 0.131751 -0.0082664 -0.0067065 0.1303919 -0.0085779 -0.0050878 0.1310723 -0.0040275 0.0113816 0.1142636 -0.0035961 0.0102878 0.1124875 -0.0033518 0.0093919 0.1114144 -0.0020928 -0.005229 0.1081721 -0.0021498 -0.0048888 0.1080386 -0.0020964 -0.0021213 0.1073375 -0.002111 0.001637 0.0074554 -0.0021111 0.001638 0.0071254 -0.0021114 0.0016398 0.0065629 -0.0021393 -0.0011187 -0.0593499 -0.0018893 -0.0008079 -0.0593254 -0.0018893 -0.0011187 -0.05935 -0.002139 0.001826 -0.0578185 -0.0018892 0.0018371 -0.0581952 -0.001889 0.001836 -0.0578184 -0.002139 0.001826 -0.0578185 -0.0018891 0.0010043 -0.0583438 -0.0018892 0.0018371 -0.0581952 -0.002138 -0.0011828 -0.0564483 -0.001888 -0.0011828 -0.0564484 -0.0018879 -0.0011835 -0.056209 -0.0021376 -0.000431 -0.0553386 -0.002138 -0.0011828 -0.0564483 -0.0018876 -0.000431 -0.0553387 -0.002138 -0.0011828 -0.0564483 -0.0018876 -0.000431 -0.0553387 -0.0018879 -0.0011835 -0.056209 -0.0021123 -0.000336 0.0037315 -0.0018623 -0.0002879 0.0037016 -0.0018622 -0.000536 0.0040105 -0.0021118 -0.0002379 0.0049683 -0.0018618 -0.0002378 0.0049682 -0.001862 -0.00055 0.0044844 -0.0021112 -0.0005304 0.0062247 -0.0021113 -0.0004392 0.0060262 -0.0018613 -0.0002315 0.0062189 -0.0021112 -0.0005304 0.0062247 -0.0018613 -0.0002315 0.0062189 -0.0018612 -0.0005303 0.0062246 -0.0021115 -0.0002583 0.0055947 -0.0021117 -6.76e-05 0.0053113 -0.0018614 -0.0002418 0.0057998 -0.0021117 -6.76e-05 0.0053113 -0.0018617 -7.84e-05 0.0053158 -0.0018614 -0.0002418 0.0057998 -0.0021119 0.0016437 0.005272 -0.0018619 0.0016437 0.0052719 -0.0018621 0.0016448 0.0049035 -0.0021119 -3.8e-06 0.0048183 -0.0021119 0.0016437 0.005272 -0.0018621 0.0016448 0.0049035 -0.0021119 -3.8e-06 0.0048183 -0.0018621 0.0016448 0.0049035 -0.0018619 0.0001244 0.0048689 -0.0021108 0.0011324 0.0075954 -0.0018608 0.0013333 0.0078716 -0.0018609 0.0009705 0.0075285 -0.0021108 0.0011324 0.0075954 -0.0021106 0.0013629 0.0081418 -0.0018608 0.0013333 0.0078716 -0.0021098 -0.0009515 0.0094406 -0.0021096 -0.0013498 0.0098078 -0.0018598 -0.0009515 0.0094405 -0.0021096 -0.0013498 0.0098078 -0.0018598 -0.0009515 0.0094405 -0.0018597 -0.001369 0.0094393 -0.0021096 -0.0013498 0.0098078 -0.0018597 -0.001369 0.0094393 -0.0018596 -0.0013701 0.0098076 -0.0021092 0.0016622 0.0115047 -0.0018591 0.0015172 0.0118411 -0.0018593 0.0016734 0.011263 -0.0021085 0.0014349 0.0130422 -0.0021088 0.0016214 0.0125951 -0.0018586 0.0016202 0.0129818 -0.0021088 0.0016214 0.0125951 -0.0018586 0.0016202 0.0129818 -0.0018587 0.0015174 0.0126453 -0.0021079 -0.0005596 0.0139376 -0.0018578 -0.0002812 0.014387 -0.0018581 -0.0005963 0.0133956 -0.0021077 -3.88e-05 0.0145063 -0.0021079 -0.0005596 0.0139376 -0.0018578 -0.0002812 0.014387 -0.0021077 -3.88e-05 0.0145063 -0.0018577 5.16e-05 0.014528 -0.0018578 -0.0002812 0.014387 -0.0021078 0.0009447 0.0145905 -0.0018578 0.0007016 0.0144976 -0.0018579 0.0005244 0.0143053 -0.0021078 0.0009447 0.0145905 -0.0021079 0.0005489 0.0143446 -0.0018579 0.0005244 0.0143053 -0.0021078 0.0009447 0.0145905 -0.0018579 0.0012252 0.0145731 -0.0018578 0.0007016 0.0144976 -0.0021085 0.0014349 0.0130422 -0.002108 0.001528 0.014359 -0.001858 0.0015027 0.0143912 -0.0021085 0.0014349 0.0130422 -0.0018583 0.0016443 0.0136203 -0.001858 0.0015027 0.0143912 -0.0021085 0.0014349 0.0130422 -0.0018583 0.0016443 0.0136203 -0.0018585 0.0013811 0.0130527 -0.0021085 0.0014349 0.0130422 -0.0018586 0.0016202 0.0129818 -0.0018585 0.0013811 0.0130527 -0.0021068 -0.0004081 0.0164664 -0.0018569 -0.0002545 0.0164634 -0.001857 -0.0005598 0.0160807 -0.0021067 0.0015551 0.0172839 -0.0018566 0.001606 0.0176433 -0.0018567 0.0015551 0.0172838 -0.0021057 -8.01e-05 0.0191594 -0.0021059 9.81e-05 0.0188322 -0.0018557 5.03e-05 0.0191919 -0.0021059 9.81e-05 0.0188322 -0.0018557 5.03e-05 0.0191919 -0.0018559 9.82e-05 0.0188321 -0.0021059 -0.0001893 0.0186915 -0.0021062 -0.0002707 0.0179729 -0.001856 -0.0002758 0.0185408 -0.0021062 -0.0002707 0.0179729 -0.001856 -0.0002758 0.0185408 -0.0018563 -0.0001796 0.0178323 -0.0021061 0.0016194 0.0187981 -0.0021065 0.0013379 0.0177186 -0.001856 0.0015478 0.0189688 -0.0021058 0.0007342 0.019188 -0.0021059 0.0004635 0.0188731 -0.0018558 0.0006568 0.0191365 -0.0021053 0.0015969 0.0206227 -0.0018554 -0.0013995 0.0194392 -0.0018553 0.001597 0.0206226 -0.0021053 -0.0014007 0.0198422 -0.0021053 0.0015969 0.0206227 -0.0018554 -0.0013995 0.0194392 -0.0021053 -0.0014007 0.0198422 -0.0018554 -0.0013995 0.0194392 -0.0018553 -0.0014007 0.0198421 -0.0021051 0.0009761 0.0209065 -0.0021051 0.0010888 0.0208713 -0.0018551 0.0010888 0.0208712 -0.0021043 -0.0014078 0.0221814 -0.0018551 0.0015957 0.0210278 -0.0018543 -0.0014078 0.0221813 -0.0021043 -0.0014078 0.0221814 -0.0021053 0.0015969 0.0206227 -0.0018551 0.0015957 0.0210278 -0.0021053 0.0015969 0.0206227 -0.0018553 0.001597 0.0206226 -0.0018551 0.0015957 0.0210278 -0.0021037 -0.0003492 0.0238227 -0.0018536 -0.0004885 0.0239894 -0.0018538 3.36e-05 0.0236034 -0.0021031 -0.0002111 0.025353 -0.001853 0.0003138 0.0255317 -0.0018531 -0.0004213 0.0251714 -0.0021037 0.0013236 0.0243854 -0.0018536 0.0013247 0.0246173 -0.0018538 0.0012309 0.024162 -0.0021034 0.0011956 0.024905 -0.0021037 0.0013236 0.0243854 -0.0018536 0.0013247 0.0246173 -0.0021034 0.0011956 0.024905 -0.0018533 0.0009582 0.0250844 -0.0018536 0.0013247 0.0246173 -0.0021027 -0.0004707 0.0261523 -0.0018528 -0.0002785 0.0260315 -0.0018526 -0.0006104 0.0263976 -0.002102 -0.0005843 0.0276063 -0.0021022 -0.0002631 0.027317 -0.0018522 -0.0002962 0.0272949 -0.002102 -0.0005843 0.0276063 -0.0018519 -0.0006412 0.0280294 -0.0018522 -0.0002962 0.0272949 -0.0021018 -0.0006098 0.0281883 -0.002102 -0.0005843 0.0276063 -0.0018519 -0.0006412 0.0280294 -0.0021018 -0.0002891 0.0282278 -0.0018521 -2.31e-05 0.0276468 -0.0018519 -0.0003275 0.0280581 -0.0021018 -0.0002891 0.0282278 -0.0021021 -9.68e-05 0.0276637 -0.0018521 -2.31e-05 0.0276468 -0.0021001 -0.0002822 0.0323146 -0.0018501 -0.0005538 0.0321194 -0.0018501 0.0001175 0.0322588 -0.0020991 -0.0004574 0.0345154 -0.0018493 -0.0006571 0.034067 -0.0018491 -0.0004574 0.0345153 -0.0020992 -0.0001668 0.0344537 -0.0020995 -0.0002359 0.0337056 -0.0018493 -0.0003406 0.0341175 -0.0020992 -0.0001668 0.0344537 -0.0018493 -0.0003406 0.0341175 -0.0018492 -0.000176 0.0344446 -0.0020995 -0.0002359 0.0337056 -0.0018495 -0.0002126 0.0336839 -0.0018493 -0.0003406 0.0341175 -0.0020988 0.0006949 0.0354473 -0.0020987 0.0004984 0.0358143 -0.0018488 0.0006002 0.03542 -0.0020987 0.0004984 0.0358143 -0.0018488 0.0006002 0.03542 -0.0018487 0.000555 0.0358284 -0.0020979 0.0007036 0.0375445 -0.0020978 -0.0005515 0.0375634 -0.0018478 -1.5e-05 0.0376566 -0.0020979 0.0007036 0.0375445 -0.0018478 -1.5e-05 0.0376566 -0.001848 0.0008692 0.0374564 -0.0020979 0.0007036 0.0375445 -0.0020982 0.0012179 0.0369889 -0.001848 0.0008692 0.0374564 -0.0020982 0.0012179 0.0369889 -0.0018484 0.0012575 0.0367595 -0.001848 0.0008692 0.0374564 -0.0020976 6.91e-05 0.0380682 -0.0018478 0.0007314 0.0379502 -0.0018476 -0.0006566 0.0379524 -0.0020976 -0.0009959 0.0377603 -0.0020976 6.91e-05 0.0380682 -0.0018476 -0.0006566 0.0379524 -0.0020983 -0.0013619 0.0360366 -0.0018484 -0.0012412 0.0358533 -0.0018482 -0.0014775 0.0363706 -0.0020976 -0.0009959 0.0377603 -0.0018477 -0.0011838 0.0375789 -0.0018476 -0.0006566 0.0379524 -0.0020979 0.00108 0.0377727 -0.0020976 6.91e-05 0.0380682 -0.0018478 0.0007314 0.0379502 -0.0020979 0.00108 0.0377727 -0.0018481 0.0014062 0.0374436 -0.0018478 0.0007314 0.0379502 -0.0020979 0.00108 0.0377727 -0.0018485 0.0015885 0.0364716 -0.0018481 0.0014062 0.0374436 -0.0020983 0.0015643 0.0370324 -0.0020979 0.00108 0.0377727 -0.0018485 0.0015885 0.0364716 -0.0020721 -0.0012395 0.0971524 -0.002072 -0.000475 0.0976749 -0.0018221 -0.0011441 0.0972327 -0.002072 0.001262 0.0982036 -0.0018222 0.0013617 0.0978309 -0.001822 0.0013506 0.0982075 -0.0020709 -0.0015205 0.099901 -0.0020707 -0.0005922 0.1005863 -0.0018207 -0.0009158 0.1006679 -0.0020709 -0.0015205 0.099901 -0.0018207 -0.0009158 0.1006679 -0.0018209 -0.001659 0.0998171 -0.0020707 -0.0005922 0.1005863 -0.0018207 -0.0009158 0.1006679 -0.0018207 -0.0005503 0.1006885 -0.0021007 -0.0005797 0.0307687 -0.0018505 -0.0002469 0.031194 -0.0018507 -0.0006202 0.0306429 -0.0021005 0.0002077 0.0313618 -0.0021007 -0.0005797 0.0307687 -0.0018505 -0.0002469 0.031194 -0.0021005 0.0002077 0.0313618 -0.0018506 0.0006321 0.0313763 -0.0018505 -0.0002469 0.031194 -0.0018582 0.0013764 0.0138255 -0.0021081 0.0013203 0.0140347 -0.0021084 0.0013018 0.0134246 -0.0018584 0.0011206 0.0131967 -0.0018582 0.0013764 0.0138255 -0.0021084 0.0013018 0.0134246 -0.0018581 0.0012464 0.0141262 -0.0018582 0.0013764 0.0138255 -0.0021081 0.0013203 0.0140347 -0.0018581 0.0012464 0.0141262 -0.0021081 0.0013203 0.0140347 -0.002108 0.0009401 0.0141921 -0.001858 0.000819 0.0141228 -0.0018581 0.0012464 0.0141262 -0.002108 0.0009401 0.0141921 -0.0018564 0.0010785 0.0178399 -0.0021063 0.0013248 0.018177 -0.0021065 0.0010132 0.017806 -0.0018564 0.0010785 0.0178399 -0.0018562 0.0013548 0.0185499 -0.0021063 0.0013248 0.018177 -0.0018562 0.0013548 0.0185499 -0.0021061 0.0013175 0.0186741 -0.0021063 0.0013248 0.018177 -0.0018589 0.000224 0.011864 -0.002109 0.0010864 0.011775 -0.0021089 -0.0001736 0.0116572 -0.0018591 0.0012584 0.0116277 -0.0018589 0.000224 0.011864 -0.002109 0.0010864 0.011775 -0.0018589 -0.0001389 0.0116919 -0.0018589 0.000224 0.011864 -0.0021089 -0.0001736 0.0116572 -0.0018591 -0.0002941 0.0113246 -0.0018593 -5.7e-06 0.010845 -0.0021092 -0.0002275 0.0110491 -0.0018593 -5.7e-06 0.010845 -0.0021094 0.0001845 0.0107702 -0.0021092 -0.0002275 0.0110491 -0.0018508 -0.0003359 0.0305122 -0.0018507 8.06e-05 0.0309471 -0.0021009 -0.0003429 0.0302522 -0.0018507 8.06e-05 0.0309471 -0.0021007 5.2e-06 0.0309175 -0.0021009 -0.0003429 0.0302522 -0.0018512 4.09e-05 0.0297917 -0.0018513 0.0010583 0.0298699 -0.0021013 0.0005137 0.029722 -0.0018513 0.0010583 0.0298699 -0.0021013 0.0011444 0.0299363 -0.0021013 0.0005137 0.029722 -0.0018534 -0.0003343 0.024534 -0.0018533 -0.0002015 0.0249066 -0.0021033 -0.0003115 0.0246998</float_array>
          <technique_common>
            <accessor count="2577" source="#g0_chrome-pos-array" stride="3">
              <param type="float" name="X"/>
              <param type="float" name="Y"/>
              <param type="float" name="Z"/>
            </accessor>
          </technique_common>
        </source>
        <source id="g0_chrome-nrm">
          <float_array count="7731" id="g0_chrome-nrm-array">0.97787 0.16999 0.12196 0.93499 0.24599 0.25552 0.99442 0.07771 0.0714 0.90499 -0.19688 0.37713 0.90195 -0.13302 0.41083 0.89442 0.08311 0.43944 0.99108 0.11355 0.0698 0.99254 -0.11485 0.04103 0.98101 -0.14092 0.13329 0.92711 -0.27548 0.25413 0.95999 0.25004 0.12612 0.99645 -0.08291 0.01472 0.84294 -0.07324 0.53301 0.87635 0.31733 0.36238 0.99891 -0.01197 -0.04513 0.8526 0.06776 0.51816 0.83398 0.24336 0.49522 0.93819 -0.33608 0.08276 0.87642 -0.38071 0.29486 0.83665 0.34029 0.42921 0.92565 -0.37836 0.00356 0.98286 0.05604 -0.17561 0.90089 -0.41044 0.14116 0.93164 -0.34837 -0.10337 0.78461 -0.46687 0.40796 0.66383 0.31858 0.67663 0.83755 0.54163 0.07175 0.94431 0.15235 -0.29165 0.93816 -0.10978 -0.32833 0.72342 -0.02464 0.68997 0.76922 0.54892 0.32708 0.91659 0.34786 -0.19713 0.90416 -0.35575 -0.23652 0.71529 -0.39194 0.57857 0.72592 -0.27758 0.62928 0.82083 0.55449 0.13705 0.60003 0.08344 0.79561 0.61027 0.17872 0.77177 0.70782 0.45482 0.54049 0.82484 0.54902 -0.13499 0.87325 0.32341 -0.36447 0.84331 0.50067 -0.19536 0.88357 -0.21017 -0.41849 0.54428 -0.31577 0.77721 0.70019 0.68635 0.19662 0.73056 0.67256 -0.11807 0.8695 -0.32938 -0.36807 0.70154 -0.69169 0.17147 0.53852 -0.62814 0.56164 0.45737 -0.25403 0.85222 0.83203 0.01386 -0.55456 0.63232 -0.70056 0.33074 0.72909 -0.57514 -0.37099 0.70053 -0.70413 -0.11599 0.60397 0.28563 0.74407 0.52953 0.67721 0.51087 0.4068 -0.49879 0.76533 0.22695 0.02224 0.97365 0.42792 0.51577 0.7422 0.39653 0.65657 0.64162 0.39568 0.82901 0.39521 0.65494 0.59227 -0.46934 0.40763 -0.13695 0.90282 0.6965 -0.65372 -0.29587 0.50277 -0.86292 -0.05099 0.37335 -0.65424 0.65771 0.25281 0.18558 0.94955 0.70194 -0.08443 -0.70722 0.72567 -0.31117 -0.61366 0.30367 -0.04269 0.95182 0.31075 0.42521 0.85008 0.49363 0.86883 -0.03823 0.73156 0.15105 -0.66484 0.37637 0.8964 0.23412 0.57476 0.71611 -0.39602 0.57967 -0.43633 -0.68819 0.66331 0.29957 -0.68577 0.63903 -0.51417 -0.57208 0.51888 -0.78508 -0.33825 0.39672 -0.91793 0.00441 0.32542 -0.90362 0.27852 0.6118 0.37776 -0.69498 0.6066 0.23419 -0.75973 0.13657 0.15974 0.97767 0.19419 0.84614 0.49633 0.47789 0.79987 -0.36308 0.40199 -0.8893 -0.21807 0.14871 -0.49459 0.85631 0.06606 0.42055 0.90486 0.12708 0.62463 0.77051 0.35721 -0.91694 0.17781 0.29279 -0.83331 0.4689 0.18115 -0.62221 0.7616 0.11474 0.03959 0.99261 0.05139 0.33369 0.94128 0.42474 0.8825 -0.20197 0.55758 0.5327 -0.63665 0.55313 0.06548 -0.83052 0.57153 -0.2003 -0.79576 0.5574 -0.26433 -0.78704 0.35591 -0.8425 0.40438 0.15061 0.76966 0.62043 0.09811 0.9487 0.30058 0.48983 -0.38547 -0.78197 0.43035 -0.54184 -0.72195 0.50561 -0.62763 -0.59198 0.4405 -0.73973 -0.50869 0.26592 -0.77659 0.57113 0.10474 -0.41897 0.90194 0.04197 -0.21677 0.97532 0.3096 0.94819 0.07135 0.39929 0.74175 -0.53887 0.08067 -0.72468 0.68434 -0.0882 -0.35199 0.93184 0.43052 0.35289 -0.83074 -0.074 -0.04604 0.99619 -0.08531 0.14334 0.98599 -0.03247 0.53516 0.84413 0.38228 0.45574 -0.80384 0.40134 0.14981 -0.90359 0.20431 -0.92208 -0.32868 -0.04346 -0.56608 0.82321 -0.00512 0.83223 0.55441 0.16227 0.98578 -0.04356 0.26469 0.85851 -0.4392 0.34441 0.64646 -0.68079 0.25057 -0.88795 -0.3857 0.14662 -0.98919 0.00163 0.07496 -0.95811 0.2764 -0.05968 -0.65217 0.75572 -0.04931 0.7397 0.67113 0.089 0.9878 0.12779 0.18311 0.96666 -0.17901 0.36045 0.28134 -0.88934 -0.12532 0.32873 0.93607 -0.00907 0.88441 0.46663 0.02444 0.92887 0.36959 0.043 0.96728 0.25004 0.38153 -0.05331 -0.92282 0.35714 -0.19311 -0.91387 0.33227 -0.46456 -0.82084 0.30966 -0.62142 -0.71968 0.25482 -0.80715 -0.53251 0.00597 -0.91637 0.4003 -0.12711 -0.45876 0.87942 -0.13941 -0.08658 0.98644 -0.16572 0.03752 0.98546 0.31525 0.53594 -0.78319 0.34829 0.19651 -0.91656 0.3321 -0.32872 -0.88411 0.26797 -0.73661 -0.62097 0.15188 -0.96829 -0.19837 -0.03808 -0.86039 0.50821 -0.16803 -0.32747 0.9298 -0.18309 -0.16005 0.96998 -0.16291 0.43535 0.8854 -0.12404 0.62998 0.76664 0.09123 0.99582 -0.00404 0.05042 -0.98537 0.1628 -0.20717 0.19568 0.95854 -0.06405 0.92168 0.38263 0.11368 0.97204 -0.20546 0.15833 0.93266 -0.32414 0.17966 0.88271 -0.43421 0.25435 0.72848 -0.6361 0.24596 0.65114 -0.718 0.28443 0.43653 -0.85354 0.3132 0.04256 -0.94873 0.23628 -0.68738 -0.68679 0.20358 -0.87493 -0.43937 0.06096 -0.99762 -0.03225 -0.10101 -0.77188 0.6277 -0.02176 0.97765 0.20909 0.17698 0.83731 -0.5173 0.22165 0.7816 -0.58307 0.24405 0.56486 -0.78828 0.28733 0.25475 -0.92333 0.30158 -0.05994 -0.95156 0.01183 -0.99618 0.08652 -0.04181 -0.94745 0.31717 -0.16651 -0.6068 0.77722 -0.1688 0.69912 0.69479 -0.14671 0.78512 0.60172 -0.11929 0.8403 0.52884 0.01265 0.99976 0.01773 0.25702 -0.28941 -0.92205 0.2479 -0.56376 -0.78786 0.15654 -0.82927 -0.53648 0.11717 -0.93977 -0.3211 -0.17276 -0.69607 0.69688 -0.21119 -0.47121 0.85637 -0.27131 0.06723 0.96014 -0.26689 0.31133 0.91205 -0.21744 0.49741 0.83982 0.16545 0.73518 -0.65738 0.24057 -0.42845 -0.87095 0.1657 -0.74443 -0.64682 0.1025 -0.90494 -0.41301 0.05256 -0.97214 -0.22842 -0.12699 -0.87459 0.46794 -0.15584 0.87079 0.4663 0.04924 0.9706 -0.23562 0.08946 0.91098 -0.40262 0.26773 0.33492 -0.90341 0.19944 0.11844 -0.97273 0.19126 -0.64396 -0.74077 -0.06898 -0.98471 0.15998 -0.10966 -0.94545 0.30676 -0.25886 -0.55332 0.79173 -0.25877 -0.10819 0.95986 -0.21774 0.63481 0.74136 -0.2414 0.7078 0.66389 -0.01365 0.99103 -0.13295 0.09571 0.80972 -0.57896 -0.01953 -0.99112 -0.13156 -0.23431 -0.70963 0.66448 -0.28045 -0.25054 0.92659 -0.35006 0.10001 0.93137 -0.29641 0.42008 0.85771 -0.09763 0.99047 0.09719 -0.00065 0.94434 -0.32898 0.04104 -0.8867 -0.46052 -0.22078 -0.81036 0.54274 -0.32038 0.32799 0.8887 -0.16519 0.93785 0.3052 -0.0908 0.99514 -0.03823 0.00734 0.89765 -0.44064 0.05468 0.8048 -0.59102 0.07198 -0.75094 -0.65643 -0.08793 -0.99609 0.00809 -0.32119 -0.35196 0.87918 -0.34888 -0.17955 0.91981 -0.31369 0.5486 0.77501 -0.23194 0.86157 0.45155 -0.16197 -0.97404 0.15817 -0.18735 -0.93606 0.29781 -0.30193 -0.5456 0.78177 -0.36799 -0.14877 0.91785 -0.35343 -0.06424 0.93325 -0.36551 0.22903 0.90219 -0.31518 0.6558 0.686 -0.17653 0.96947 0.1702 -0.08512 0.97294 -0.21481 -0.0573 -0.95551 -0.28934 -0.23232 -0.88836 0.39603 -0.30973 -0.6698 0.67486 -0.32003 -0.47635 0.81894 -0.38662 0.01535 0.92211 -0.29221 0.77404 0.56168 -0.01505 0.74309 -0.66902 -0.05094 -0.91509 -0.40001 -0.12818 -0.9876 -0.09063 -0.05873 0.81098 -0.58212 -0.29971 -0.81786 0.4912 -0.41362 -0.39873 0.81849 -0.42335 0.50028 0.75531 -0.53552 0.06577 0.84196 -0.66739 0.31799 0.6734 -0.52791 0.36706 0.76588 -0.50858 0.6004 0.61714 -0.49836 0.68664 0.52931 -0.26828 0.95231 -0.14535 -0.18159 0.9071 -0.37974 -0.09845 -0.82928 -0.5501 -0.29853 -0.95432 0.01264 -0.35274 -0.88755 0.29636 -0.78208 -0.22958 -0.57935 -0.70205 -0.36589 -0.61094 -0.11791 -0.50814 -0.85317 -0.60972 -0.55462 -0.56626 -0.44936 -0.72422 -0.52305 -0.181 -0.84242 -0.50751 -0.02975 -0.90953 -0.41457 0.11737 -0.86473 -0.48834 0.37164 -0.86701 -0.33194 0.58438 -0.62563 -0.5168 0.71914 -0.42675 -0.54838 0.64927 -0.28299 -0.70595 0.22931 -0.05918 -0.97155 0.22252 0.22331 -0.94901 0.23217 0.35406 -0.90595 0.59768 0.52874 -0.60267 0.49576 0.73858 -0.45685 0.22253 0.8029 -0.55302 0.09974 0.8534 -0.51163 -0.07796 0.85713 -0.50916 -0.34649 0.78323 -0.51623 -0.63799 0.52113 -0.56692 -0.76604 0.25258 -0.59109 0.03422 0.9764 -0.21326 -0.25994 -0.9585 -0.1171 -0.72538 -0.68674 -0.04695 -0.99988 -0.01532 -0.00239 -0.99751 -0.07052 0.00016 -0.16747 0.98503 -0.04092 -0.56999 0.81795 -0.07791 -0.81136 0.5822 -0.05237 -0.97479 0.22286 -0.01067 -0.98852 0.15106 0.00092 -0.9879 0.15509 0.0009 -0.9879 0.15509 0.0009 -0.9879 0.15509 0.0009 -0.99122 0.1322 0.00099 -0.99995 0.01007 0.00046 -0.99995 0.01007 0.00046 -0.99995 0.01007 0.00046 -0.99995 0.01007 0.00046 -0.99995 0.01007 0.00046 -0.11709 0.99255 0.03374 0.92602 -0.37053 -0.07206 0.62329 -0.767 -0.15237 0.48984 -0.87156 -0.02097 0.23109 -0.94787 -0.2194 0.14051 -0.98903 -0.04564 -0.17661 -0.76939 0.61388 -0.08986 -0.9527 0.29032 -0.15717 -0.98623 0.05143 -0.25696 -0.95495 0.14848 -0.23119 -0.8357 0.49815 -0.29884 -0.87007 0.39202 -0.68578 -0.63126 0.36224 -0.64552 -0.74937 0.14749 -0.65097 -0.75834 0.03391 -0.77623 -0.60598 0.17393 -0.84472 -0.48774 0.22034 -0.80804 -0.55359 0.20151 -0.85142 -0.52151 0.05586 -0.48531 -0.52778 0.69709 -0.27242 -0.68585 0.67484 -0.01708 -0.7283 0.68505 0.9902 -0.13375 0.04029 0.97228 -0.2331 0.01819 0.88656 -0.43955 0.14426 0.76387 -0.64516 0.01634 0.72592 -0.59471 0.34549 0.71489 -0.69002 0.11317 0.57922 -0.77531 0.25179 0.38685 -0.83986 0.38077 0.35852 -0.93094 0.06942 0.31809 -0.75449 0.57408 0.24669 -0.96201 0.11697 0.20582 -0.94288 0.26195 0.02116 -0.86632 0.49905 0.09636 -0.9232 0.37204 0.09351 -0.70453 0.70349 0.35727 -0.66523 0.65561 0.62932 -0.45098 0.63291 0.94066 0.33901 -0.0151 0.81124 0.58178 -0.0585 0.39411 0.91443 -0.09218 0.71246 0.22277 0.66541 0.48349 0.10669 0.86882 0.53123 -0.26052 0.80618 -0.0253 -0.12134 0.99229 0.19411 0.91007 0.36619 -0.16699 0.97363 0.15541 -0.22695 0.92995 0.2893 -0.23522 0.85919 0.45439 -0.05802 0.79437 0.60465 -0.53199 0.69319 0.48629 -0.51007 0.85932 0.03731 -0.46327 0.8767 0.12955 -0.58923 0.72983 0.34663 -0.71256 0.68514 0.15113 -0.84939 0.52708 0.02702 -0.89517 0.40728 0.18109 -0.96043 0.27061 0.06585 -0.97451 0.22425 0.0069 -0.06893 0.62121 0.7806 -0.4445 0.56283 0.69689 -0.58601 0.44261 0.67874 0.99191 0.10778 0.06711 0.96259 0.26818 0.0387 0.64719 0.7447 0.16298 0.80233 0.56682 0.18702 0.69437 0.63157 0.34493 0.65089 0.75836 0.03523 0.61791 0.78207 0.08092 0.61622 0.74151 0.26539 0.44984 0.72969 0.51498 0.39182 0.81402 0.42878 0.30827 0.9502 0.04573 0.4695 0.82657 0.3104 0.32018 0.92101 0.22189 0.13821 0.83936 0.52571 -0.01388 0.99371 0.11109 0.07094 0.77648 0.62613 0.59412 0.44844 0.66777 0.35372 0.58513 0.72973 0.04959 0.67107 0.73973 -0.55728 0.24843 0.79229 -0.0232 -0.40721 -0.91304 0.09352 -0.43032 -0.89782 -0.14627 -0.68181 -0.71675 -0.49085 -0.54099 0.68293 -0.54468 -0.10362 0.83222 -0.3954 0.87097 0.29168 -0.22304 -0.35745 -0.90691 -0.49866 -0.68948 0.52532 -0.5647 -0.25875 0.78368 -0.38597 0.92247 0.00828 -0.16145 -0.40519 -0.89986 -0.42692 0.88733 0.17432 -0.2261 0.47764 -0.84896 -0.33108 -0.90588 -0.26413 -0.4115 -0.89979 0.14508 -0.51967 -0.77715 0.35494 -0.57023 -0.45892 0.68135 -0.19193 0.60626 -0.77176 -0.8524 -0.08242 -0.51635 -0.32159 -0.81775 -0.47736 -0.36077 -0.92305 -0.13351 -0.55642 -0.59651 0.57842 -0.51518 0.76599 0.38451 -0.30717 0.8084 -0.50213 -0.55892 0.507 0.65617 -0.59159 0.59762 -0.54118 -0.50645 0.34924 -0.78838 -0.36446 -0.72419 -0.58541 -0.56058 -0.78178 0.27307 -0.62089 -0.4023 0.6728 -0.69716 -0.16706 0.69718 -0.66581 0.39308 0.63418 -0.33346 0.63706 -0.69496 -0.50659 0.85514 -0.10999 -0.20659 0.25631 -0.94426 -0.29799 -0.56943 -0.76612 -0.4324 0.85221 -0.29456 -0.28037 -0.27277 -0.92032 -0.71325 0.1449 0.68577 -0.59987 0.79946 0.03188 -0.43571 -0.82701 -0.35527 -0.59814 -0.80139 -0.00117 -0.62085 0.30578 0.72183 -0.63401 -0.76405 -0.11941 -0.72763 -0.62155 0.29023 -0.76078 -0.36739 0.53501 -0.71379 0.68505 0.14562 -0.53781 0.74076 -0.40254 -0.4856 0.49443 -0.72092 -0.46494 0.08356 -0.88139 -0.34733 -0.03866 -0.93695 -0.77558 0.50779 0.375 -0.44436 -0.34563 -0.82649 -0.49386 -0.42033 -0.7612 -0.63283 -0.73113 -0.25491 -0.75117 -0.65631 0.07076 -0.81594 -0.41546 0.40204 -0.79547 -0.0203 0.60565 -0.43579 -0.20736 -0.87584 -0.55773 -0.55319 -0.6188 -0.66 0.71611 -0.22713 -0.88224 0.32933 0.33645 -0.78307 0.55183 0.28687 -0.81389 0.55691 0.16564 -0.83664 -0.47365 0.27511 -0.72751 -0.55168 -0.40791 -0.92315 -0.18231 0.33845 -0.93212 -0.07305 0.3547 -0.94845 0.02963 0.31554 -0.8991 0.15639 0.40886 -0.82561 0.54331 -0.15224 -0.74699 0.46491 -0.47524 -0.71341 -0.1175 -0.69082 -0.66619 -0.54065 -0.51371 -0.73823 0.42576 -0.52321 -0.69358 0.31292 -0.64886 -0.76278 -0.36668 -0.53265 -0.93265 -0.23097 0.27717 -0.93096 0.19601 0.30806 -0.79667 0.49122 -0.35217 -0.76693 -0.18519 -0.61443 -0.86599 0.49345 -0.08101 -0.7373 0.20199 -0.64466 -0.88403 -0.44879 -0.13066 -0.97177 -0.23138 0.04615 -0.94086 0.33438 -0.05449 -0.80837 -0.01004 -0.58859 -0.87178 -0.42012 -0.25199 -0.95242 -0.30386 -0.02368 -0.99838 0.05695 -0.00103 -0.98127 0.19263 0.00023 -0.91748 0.30494 -0.25544 -0.79598 0.10062 -0.5969 -0.89659 -0.21941 -0.38469 -0.89592 -0.31961 -0.30851 -0.97745 0.20089 -0.06501 -0.95914 0.23629 -0.15561 -0.99432 -0.09996 -0.03658 -0.9383 0.17935 -0.29569 -0.94902 -0.20888 -0.23609 -0.89421 -0.13303 -0.42742 -0.96198 -0.24665 -0.11731 -0.90946 0.14563 -0.38945 -0.99779 -0.045 -0.04885 -0.80787 0.08696 -0.58291 0.01582 -0.71818 0.69568 -0.0024 -0.78302 0.62199 0.00627 -0.83116 0.556 0.00112 -0.8535 0.52109 0.00215 -0.92478 0.3805 -0.00299 -0.68289 0.73052 0.00113 -0.58206 0.81314 0.00531 -0.47986 0.87733 0.00341 -0.35926 0.93323 0.00455 -0.35982 0.93301 0.00879 -0.25891 0.96586 0.00797 -0.22356 0.97466 -0.00044 -0.12372 0.99232 -0.02876 -0.06136 0.9977 -0.01216 0.03187 0.99942 0.00042 0.03005 0.99955 -0.00011 0.15433 0.98802 0.00913 0.18253 0.98316 0.01914 0.28306 0.95891 -0.61807 0.29308 0.72944 -0.00795 0.43116 0.90224 -0.01269 0.62794 0.77816 0.01159 0.48269 0.87571 0.00677 0.35521 0.93476 -0.01809 0.22552 0.97407 -0.03214 0.04434 0.9985 -0.03802 -0.04701 0.99817 -0.00343 -0.20489 0.97878 -0.00416 -0.37397 0.92743 0.02509 -0.56314 0.82598 0.00618 -0.93057 0.36605 -0.00348 0.99998 -0.00581 -0.00274 0.99906 0.04337 0.0049 0.99164 0.12894 -0.00605 0.97897 0.20393 0.00325 0.95954 0.28157 0.00064 0.92293 0.38497 -0.00253 0.90005 0.43577 0.00156 0.83035 0.55724 -0.01013 0.80785 0.5893 0.00746 0.67927 0.73385 -0.00037 0.78226 -0.62295 -0.00475 0.78889 -0.61451 0.00044 0.8199 -0.57251 -0.00869 0.84289 -0.53801 0.00056 0.88683 -0.46209 -0.00586 0.92744 -0.37393 -0.00112 0.9399 -0.34144 -0.00022 0.97353 -0.22858 -0.00242 0.97474 -0.22335 -0.00017 0.99542 -0.09556 -0.0039 0.99457 -0.10403 0.00232 -0.97644 0.21579 0.00311 -0.99696 0.07781 0.00635 -0.99482 0.10143 0.00213 -0.99622 -0.08688 0.00448 -0.99248 -0.12236 -0.00613 -0.95939 -0.28203 -0.00211 -0.94904 -0.31515 -0.00431 -0.90223 -0.43124 -0.00828 -0.87982 -0.47523 0.00684 -0.83687 -0.54736 -0.00273 -0.78317 -0.6218 0.00765 -0.73918 -0.67346 -0.00498 -0.68881 -0.72492 0.0045 -0.63657 -0.7712 -0.00741 -0.58177 -0.81332 0.00019 -0.53015 -0.8479 -0.00593 -0.43479 -0.90051 -0.00034 -0.41936 -0.90782 -0.00035 -0.3603 -0.93284 -0.00035 -0.3603 -0.93284 0.95573 0.00292 0.29423 0.96523 -0.00683 0.2613 0.96777 -0.01696 0.25127 0.9604 -0.00404 0.27858 0.96439 -0.00388 0.26447 0.96524 -0.01742 0.26077 0.96598 -0.01896 0.25792 0.96445 0.01011 0.26406 0.96487 -0.00515 0.26268 0.96753 -0.02451 0.25158 0.96221 0.00552 0.27226 0.96368 0.03859 0.26424 0.95977 0.03153 0.279 0.95978 0.03051 0.27908 0.96169 0.00027 0.27415 0.96674 0.01602 0.25527 0.96978 -0.00629 0.24389 0.96725 -0.02057 0.25301 0.96844 -0.01032 0.24902 0.95483 0.00761 0.29706 0.96816 0.01646 0.24978 0.97135 -0.00581 0.23758 0.96874 -0.00128 0.24806 -0.96716 0.00103 -0.25417 -0.96702 -0.00083 -0.25468 -0.97045 -0.01393 -0.24089 -0.97387 0.01741 -0.22644 -0.97411 0.01471 -0.22561 -0.97178 0.01761 -0.23523 -0.9689 0.02088 -0.24658 -0.96727 0.02361 -0.25266 -0.96686 0.01769 -0.25471 -0.96538 0.00792 -0.26072 -0.96506 0.01037 -0.26182 -0.96535 0.00322 -0.26094 -0.95932 0.00738 -0.28222 0.94801 -0.01805 0.31772 -0.95657 0.01496 -0.29111 -0.95259 0.00041 -0.30427 -0.95536 0.004 -0.29542 -0.95991 0.00013 -0.28032 -0.94841 -0.02253 -0.31623 -0.96484 -0.00926 -0.26266 -0.96158 -0.02312 -0.27354 -0.96314 -0.02699 -0.26764 -0.96434 -0.01748 -0.26408 -0.96691 -0.00483 -0.25507 -0.9664 -0.00692 -0.25694 -0.97012 -0.01084 -0.24237 -1 -0.00013 0.00043 -1 -0.00013 0.00043 -0.99999 -0.00074 -0.00349 -0.99995 0.00885 0.00443 -0.99999 0.00347 0.00014 -0.99987 0.01582 -0.00044 -0.99991 0.01336 0.00117 -0.99995 0.00977 -0.00179 -0.99996 -0.00849 0.00175 -0.99996 -0.007 0.0047 -0.99998 -0.00479 0.0048 -0.99999 -0.00367 0.00386 -0.99995 -0.00982 0.00083 -0.00045 0.26176 -0.96513 -0.00045 0.26176 -0.96513 -0.00045 0.26176 -0.96513 -0.00045 0.26176 -0.96513 -0.00045 0.26176 -0.96513 -0.00045 0.26176 -0.96513 -0.00045 0.26176 -0.96513 -0.00045 0.26176 -0.96513 0.00057 -0.9647 -0.26334 1e-05 -0.96479 -0.26301 -1e-05 0.96547 0.26051 -0.00058 0.96556 0.26018 -0.0076 -0.66915 -0.74308 0.00284 -0.75149 -0.65974 -0.00656 -0.90048 -0.43485 -0.00032 -0.91917 -0.39387 0.00654 0.93069 -0.36575 0.00125 0.99771 0.06764 -0.00732 -0.18235 -0.98321 0.00231 0.02122 -0.99977 0.00945 0.71834 -0.69563 -0.00982 -0.34422 -0.93884 0.00562 -0.52324 -0.85217 0.00772 0.51029 -0.85997 0.00901 0.25959 -0.96568 0.00453 0.96804 -0.25076 0.01081 0.99404 0.1085 -0.0099 -0.14384 -0.98955 -0.0052 -0.41517 -0.90973 -0.00881 0.15438 -0.98797 -0.00606 0.39103 -0.92036 -0.00929 0.78994 -0.61311 -0.0079 0.60275 -0.79789 -1 -0.00013 0.00043 -1 -0.00013 0.00043 -1 -0.00013 0.00043 -1 -0.00013 0.00043 -1 -0.00013 0.00043 -1 -0.00013 0.00043 -1 -0.00013 0.00043 -1 -0.00013 0.00043 -1 -0.00013 0.00043 -1 -0.00013 0.00043 -1 -0.00013 0.00043 -1 -0.00013 0.00043 -1 -0.00013 0.00043 -1 -0.00013 0.00043 -1 -0.00013 0.00043 -1 -0.00013 0.00043 -1 -0.00013 0.00043 -1 -0.00013 0.00043 -1 -0.00013 0.00043 -1 -0.00013 0.00043 -1 -0.00013 0.00043 -1 -0.00013 0.00043 -1 -0.00013 0.00043 -1 -0.00013 0.00043 -1 -0.00013 0.00043 -1 -0.00013 0.00043 -1 -0.00013 0.00043 -1 -0.00013 0.00043 -1 -0.00013 0.00043 -1 -0.00013 0.00043 -1 -0.00013 0.00043 -1 -0.00013 0.00043 -1 -0.00013 0.00043 -1 -0.00013 0.00043 -1 -0.00013 0.00043 -1 -0.00013 0.00043 -1 -0.00013 0.00043 -1 -0.00013 0.00043 -1 -0.00013 0.00043 -1 -0.00013 0.00043 -1 -0.00013 0.00043 -1 -0.00013 0.00043 -1 -0.00013 0.00043 -1 -0.00013 0.00043 -1 -0.00013 0.00043 -1 -0.00013 0.00043 1 0.00013 -0.00043 1 0.00013 -0.00043 1 0.00013 -0.00043 1 0.00013 -0.00043 1 0.00013 -0.00043 1 0.00013 -0.00043 1 0.00013 -0.00043 1 0.00013 -0.00043 1 0.00013 -0.00043 1 0.00013 -0.00043 1 0.00013 -0.00043 1 0.00013 -0.00043 1 0.00013 -0.00043 1 0.00013 -0.00043 1 0.00013 -0.00043 1 0.00013 -0.00043 1 0.00013 -0.00043 1 0.00013 -0.00043 1 0.00013 -0.00043 1 0.00013 -0.00043 1 0.00013 -0.00043 1 0.00013 -0.00043 1 0.00013 -0.00043 1 0.00013 -0.00043 1 0.00013 -0.00043 1 0.00013 -0.00043 1 0.00013 -0.00043 1 0.00013 -0.00043 1 0.00013 -0.00043 1 0.00013 -0.00043 1 0.00013 -0.00043 1 0.00013 -0.00043 1 0.00013 -0.00043 1 0.00013 -0.00043 1 0.00013 -0.00043 1 0.00013 -0.00043 1 0.00013 -0.00043 1 0.00013 -0.00043 1 0.00013 -0.00043 1 0.00013 -0.00043 1 0.00013 -0.00043 1 0.00013 -0.00043 1 0.00013 -0.00043 1 0.00013 -0.00043 1 0.00013 -0.00043 0.68919 0.13103 -0.71263 0.69846 0.2497 -0.67068 0.69776 0.34394 -0.62835 0.69722 0.22103 -0.68193 0.22372 0.50257 -0.83509 0.2584 0.00298 -0.96603 0.24914 0.26172 -0.93243 0.22123 0.48078 -0.84847 0.24691 0.24536 -0.93746 0.2584 0.00298 -0.96603 0.2584 0.00298 -0.96603 -0.22987 0.14696 -0.96206 -0.25025 0.205 -0.94623 -0.24975 0.2577 -0.93339 -0.26381 0.33338 -0.90513 -0.2434 0.3679 -0.89744 0.68374 -0.08371 -0.72491 0.65826 -0.31047 -0.68579 0.6855 -0.19178 -0.70236 0.70025 -0.12796 -0.70233 0.67908 -0.25985 -0.68654 0.22385 -0.49742 -0.83813 0.2584 0.00298 -0.96603 0.03774 -0.3613 -0.93169 0.22416 -0.48042 -0.84791 0.24887 -0.22239 -0.94266 0.15473 -0.42819 -0.89034 0.0323 -0.15258 -0.98776 -0.26784 -0.2363 -0.93404 0.08543 -0.22787 -0.96994 0.60442 -0.69341 -0.39225 0.64616 -0.60195 -0.46919 0.67246 -0.52051 -0.52619 0.63904 -0.62003 -0.45518 0.22385 -0.49742 -0.83813 0.14939 -0.83935 -0.52266 0.12931 -0.86453 -0.48566 0.19458 -0.67754 -0.70928 0.17077 -0.73142 -0.6602 0.20789 -0.5385 -0.81658 -0.31362 -0.49779 -0.80861 -0.31748 -0.6134 -0.72315 -0.31703 -0.58106 -0.74957 -0.31663 -0.67718 -0.66421 0.52934 -0.84675 0.05301 0.53342 -0.84479 -0.04232 0.53051 -0.82769 -0.18298 0.53346 -0.83935 -0.10444 0.12931 -0.86453 -0.48566 0.00013 -1 -0.00305 0.00013 -1 -0.00305 0.067 -0.96515 -0.25297 0.067 -0.96515 -0.25297 0.12931 -0.86453 -0.48566 -0.40564 -0.78698 -0.46489 -0.42363 -0.8386 -0.34246 -0.42016 -0.82805 -0.37121 -0.43181 -0.8662 -0.25147 0.41272 -0.87377 0.25728 0.41706 -0.77614 0.47293 0.41814 -0.82102 0.3887 0.41679 -0.84631 0.33173 -0.12909 -0.86751 0.48038 0.00013 -1 -0.00305 -0.12909 -0.86751 0.48038 -0.06676 -0.96669 0.24708 -0.06676 -0.96669 0.24708 0.00013 -1 -0.00305 -0.48717 -0.87315 0.01657 -0.52783 -0.84566 0.07905 -0.59848 -0.77544 0.20128 -0.55742 -0.82034 0.12775 0.31017 -0.68375 0.66052 0.31868 -0.58177 0.74832 0.31648 -0.61702 0.72051 0.32128 -0.49649 0.8064 -0.21475 -0.52407 0.82416 -0.22372 -0.50258 0.83508 -0.18451 -0.70606 0.68369 -0.18221 -0.70919 0.68107 -0.1339 -0.86195 0.489 -0.15035 -0.84192 0.51823 -0.61635 -0.68977 0.37991 -0.64118 -0.61386 0.4605 -0.64118 -0.61386 0.4605 -0.65776 -0.53004 0.53516 0.26172 -0.25192 0.93169 0.21903 -0.13387 0.96649 0.28902 -0.33845 0.8955 0.2723 -0.26119 0.92609 0.24239 -0.17689 0.95392 -0.22372 -0.50257 0.83509 -0.2584 -0.00298 0.96603 -0.2584 -0.00298 0.96603 -0.25035 -0.24473 0.93671 -0.22417 -0.498 0.8377 -0.24956 -0.26169 0.93233 -0.22372 -0.50257 0.83509 -0.71755 -0.36242 0.59479 -0.71345 -0.22235 0.6645 -0.70864 -0.3189 0.62939 -0.72654 -0.08522 0.68182 -0.71304 -0.15004 0.68488 -0.06876 0.12589 0.98966 0.24756 0.1619 0.95525 -0.00635 0.32401 0.94603 -0.22385 0.49742 0.83813 -0.00377 0.34603 0.93822 -0.08808 0.22869 0.96951 -0.24949 0.25595 0.93394 -0.2584 -0.00298 0.96603 -0.68922 0.12651 0.71342 -0.69727 0.2167 0.68326 -0.69785 0.33993 0.63044 -0.69852 0.24543 0.67219 0.36177 0.68843 0.62864 0.28776 0.5426 0.78916 0.3306 0.62685 0.70552 0.32061 0.60717 0.72702 -0.22385 0.49742 0.83813 -0.12931 0.86453 0.48565 -0.40311 0.73678 0.54282 -0.18366 0.70496 0.68505 -0.32557 0.71769 0.61557 -0.66274 0.54182 0.51692 -0.36052 0.60381 0.71094 0.3819 0.81387 0.43792 0.46866 0.85305 0.22948 0.43241 0.84089 0.32546 0.42069 0.83552 0.35345 -0.00013 1 0.00305 -0.12931 0.86453 0.48566 -0.00013 1 0.00305 -0.067 0.96515 0.25297 -0.067 0.96515 0.25297 -0.12931 0.86453 0.48566 -0.61419 0.76036 0.21124 -0.51496 0.85285 0.08636 -0.56854 0.80861 0.15139 -0.47572 0.87862 0.04153 0.54828 0.81578 -0.18408 0.53586 0.84208 -0.06127 0.51932 0.85364 0.04006 0.53969 0.83689 -0.09141 -0.00013 1 0.00305 0.12909 0.86751 -0.48038 0.12909 0.86751 -0.48038 0.06676 0.96669 -0.24708 0.06676 0.96669 -0.24708 -0.00013 1 0.00305 -0.43203 0.86761 -0.24619 -0.42384 0.84057 -0.33735 -0.40584 0.78969 -0.46009 -0.42037 0.83019 -0.36616 0.22372 0.50258 -0.83508 0.12909 0.86751 -0.48038 0.129 0.85478 -0.5027 0.22372 0.50258 -0.83508 0.1827 0.69438 -0.69603 0.1822 0.70923 -0.68103 -0.3106 0.52793 -0.79046 -0.33604 0.6936 -0.63717 -0.32478 0.61057 -0.7223 -0.32606 0.61891 -0.71458 0.61635 0.68977 -0.37991 0.65776 0.53004 -0.53516 0.64118 0.61386 -0.4605 0.64118 0.61386 -0.4605 0.4342 -0.42705 0.79316 0.32833 -0.43583 0.83801 0.45169 -0.42498 0.78445 0.33354 -0.43554 0.8361 -1 -0.00013 0.00043 -1 -0.00013 0.00043 -1 -0.00013 0.00043 -1 -0.00013 0.00043 -1 -0.00013 0.00043 -1 -0.00013 0.00043 -1 -0.00013 0.00043 -1 -0.00013 0.00043 -1 -0.00013 0.00043 -0.00013 1 0.00305 -0.00013 1 0.00305 -0.00013 1 0.00305 -0.00013 1 0.00305 -0.00043 0.00305 -1 -0.00043 0.00305 -1 -0.00043 0.00305 -1 -0.00043 0.00305 -1 0.00013 -1 -0.00305 0.00013 -1 -0.00305 0.00013 -1 -0.00305 0.00013 -1 -0.00305 -0.00043 0.54963 -0.83541 -0.06816 0.4687 -0.88072 0.01335 0.23399 -0.97215 0.10916 0.31829 -0.94169 -0.02294 0.54511 -0.83805 -0.00855 0.23031 -0.97308 0.00013 -1 -0.00305 0.00013 -1 -0.00305 0.00013 -1 -0.00305 0.00013 -1 -0.00305 -1 -0.00013 0.00043 -1 -0.00013 0.00043 -1 -0.00013 0.00043 -1 -0.00013 0.00043 -1 -0.00013 0.00043 -1 -0.00013 0.00043 -1 -0.00013 0.00043 -1 -0.00013 0.00043 -1 -0.00013 0.00043 0.00043 -0.00305 1 0.00043 -0.00305 1 0.00043 -0.00305 1 0.00043 -0.00305 1 -0.00043 0.00305 -1 -0.00043 0.00305 -1 -0.00043 0.00305 -1 -0.00043 0.00305 -1 -0.00038 0.74914 -0.66241 -0.00038 0.75206 -0.65909 -0.00037 0.77152 -0.6362 -0.00038 0.76044 -0.64941 -0.00038 0.74914 -0.66241 0.04037 -0.86771 0.49543 0.00875 -0.87371 0.48637 0.00032 -0.87515 0.48386 0.03302 -0.86919 0.49337 -0.00043 -0.0035 -0.99999 -0.00043 -0.0035 -0.99999 -0.00043 -0.0035 -0.99999 -0.00043 -0.0035 -0.99999 0.00013 -1 -0.00305 0.00013 -1 -0.00305 0.00013 -1 -0.00305 0.00013 -1 -0.00305 -1 -0.00013 0.00043 -1 -0.00013 0.00043 -1 -0.00013 0.00043 -1 -0.00013 0.00043 -1 -0.00013 0.00043 -1 -0.00013 0.00043 -1 -0.00013 0.00043 -1 -0.00013 0.00043 -1 -0.00013 0.00043 -1 -0.00013 0.00043 -1 -0.00013 0.00043 -1 -0.00013 0.00043 -1 -0.00013 0.00043 -1 -0.00013 0.00043 -1 -0.00013 0.00043 -1 -0.00013 0.00043 -1 -0.00013 0.00043 -1 -0.00013 0.00043 -1 -0.00013 0.00043 -1 -0.00013 0.00043 -1 -0.00013 0.00043 0.09993 0.04733 0.99387 0.00042 0.06011 0.99819 0.00918 0.05901 0.99822 0.10982 0.04603 0.99289 0.67777 0.73509 -0.0164 0.73731 0.67342 -0.05373 0.7183 0.6945 -0.04141 0.60844 0.79326 0.02319 0.01247 0.86161 -0.50742 -0.05138 0.97584 -0.21236 -0.01174 0.89548 -0.44495 -0.06953 0.72219 -0.68819 -0.11047 0.97905 -0.17104 0.23205 0.85683 0.46043 0.06019 0.84157 0.53678 0.00013 0.8293 0.5588 0.1871 0.85575 0.48237 -0.00013 1 0.00305 -0.00013 1 0.00305 -0.00013 1 0.00305 -0.00013 1 0.00305 -0.00043 0.00305 -1 -0.00043 0.00305 -1 -0.00043 0.00305 -1 -0.00043 0.00305 -1 0.00013 -1 -0.00305 0.00013 -1 -0.00305 0.00013 -1 -0.00305 0.00013 -1 -0.00305 0.01525 -0.02523 -0.99957 -0.00043 -0.02295 -0.99974 0.01679 -0.02546 -0.99953 0.00116 -0.02318 -0.99973 -0.28185 -0.86599 0.41306 -0.06778 -0.82317 0.56373 -0.19189 -0.85506 0.48171 0.05678 -0.77277 0.63214 -0.0506 -0.05372 0.99727 0.00044 -0.06145 0.99811 -0.00497 -0.06064 0.99815 -0.05647 -0.05283 0.99701 0.00172 -0.01436 -0.9999 0.02218 -0.01129 -0.99969 -0.00043 -0.01469 -0.99989 0.01991 -0.01163 -0.99973 -0.09981 -0.69381 -0.71321 -0.06869 -0.67675 -0.733 -0.04145 -0.66096 -0.74927 -0.07672 -0.68126 -0.72801 0.30119 -0.85287 0.42649 0.12889 -0.91575 0.3805 0.18606 -0.8987 0.39713 0.33958 -0.83395 0.43498 0.00013 -1 -0.00305 0.00013 -1 -0.00305 0.00013 -1 -0.00305 0.00013 -1 -0.00305 -1 -0.00013 0.00043 -1 -0.00013 0.00043 -1 -0.00013 0.00043 -1 -0.00013 0.00043 -1 -0.00013 0.00043 -1 -0.00013 0.00043 -1 -0.00013 0.00043 -1 -0.00013 0.00043 -1 -0.00013 0.00043 -1 -0.00013 0.00043 -1 -0.00013 0.00043 -1 -0.00013 0.00043 -1 -0.00013 0.00043 0.00043 -0.00305 1 0.00043 -0.00305 1 0.00043 -0.00305 1 0.00043 -0.00305 1 -0.00013 1 0.00305 -0.00013 1 0.00305 -0.00013 1 0.00305 -0.00013 1 0.00305 0.00042 0.03817 0.99927 0.00042 0.03817 0.99927 0.00042 0.03817 0.99927 0.00042 0.03817 0.99927 0.26927 0.91048 0.31387 0.00011 0.86298 0.50524 0.36071 0.90264 0.23481 0.15143 0.9018 0.40475 -0.21985 0.0632 -0.97348 -0.024 0.03139 -0.99922 -0.00043 0.02749 -0.99962 -0.20335 0.06057 -0.97723 -0.00013 1 0.00305 -0.00013 1 0.00305 -0.00013 1 0.00305 -0.00013 1 0.00305 0.04711 -0.82886 0.55747 -0.05826 -0.85185 0.52054 -0.08795 -0.85634 0.50887 0.01585 -0.83682 0.54725 0.00353 -0.02943 -0.99956 0.01446 -0.23343 -0.97227 -0.00043 -0.02888 -0.99958 0.00672 -0.26904 -0.96311 -0.03529 -0.53152 -0.84631 0.39745 -0.86895 -0.29488 0.12068 -0.90729 -0.40283 0.19228 -0.9053 -0.37876 0.50066 -0.83083 -0.24302 0.0796 -0.01253 -0.99675 0.03571 -0.05025 -0.9981 -0.00042 -0.08108 -0.99671 0.04593 -0.04149 -0.99808 0.00013 -1 -0.00305 0.00013 -1 -0.00305 0.00013 -1 -0.00305 0.00013 -1 -0.00305 0.00043 -0.00305 1 0.00043 -0.00305 1 0.00043 -0.00305 1 0.00043 -0.00305 1 -0.00013 1 0.00305 -0.00013 1 0.00305 -0.00013 1 0.00305 -0.00013 1 0.00305 -0.00043 0.00305 -1 -0.00043 0.00305 -1 -0.00043 0.00305 -1 -0.00043 0.00305 -1 -1 -0.00013 0.00043 -1 -0.00013 0.00043 -1 -0.00013 0.00043 -1 -0.00013 0.00043 0.00013 -1 -0.00305 0.00013 -1 -0.00305 0.00013 -1 -0.00305 0.00013 -1 -0.00305 -0.00043 0.00305 -1 -0.00043 0.00305 -1 -0.00043 0.00305 -1 -0.00043 0.00305 -1 -1 -0.00013 0.00043 -1 -0.00013 0.00043 -1 -0.00013 0.00043 -1 -0.00013 0.00043 0.00013 -1 -0.00305 0.00013 -1 -0.00305 0.00013 -1 -0.00305 0.00013 -1 -0.00305 0.00043 -0.00305 1 0.00043 -0.00305 1 0.00043 -0.00305 1 0.00043 -0.00305 1 0.00043 -0.00305 1 0.08086 0.99504 0.05794 0.03072 0.99924 0.02396 0.05022 0.99805 0.03718 -0.00013 1 0.00305 0.06043 0.1048 -0.99266 -0.00044 0.08954 -0.99598 0.01114 0.09247 -0.99565 0.0724 0.10776 -0.99154 0.09993 -0.868 0.48641 0.37596 -0.85846 0.34886 0.31466 -0.86806 0.38401 0.00033 -0.85176 0.52393 0.4751 -0.62259 -0.62182 0.11985 -0.58682 -0.8008 0.41299 -0.6235 -0.66384 -0.00029 -0.55504 -0.83182 -0.00044 0.11886 -0.99291 0.27848 0.05408 -0.95892 0.0525 0.10733 -0.99284 0.36333 0.03228 -0.9311 -0.2777 0.68581 -0.67272 -0.31366 0.68839 -0.65402 -0.29432 0.68714 -0.66424 -0.26976 0.68509 -0.67667 -0.00018 -0.75804 -0.65221 -0.00019 -0.74694 -0.66489 -0.0002 -0.72411 -0.68968 -0.00021 -0.71238 -0.70179 -0.0002 -0.73685 -0.67606 -0.0002 -0.73436 -0.67876 0.02717 0.98717 0.15733 0.29937 0.95244 0.05691 0.24792 0.96571 0.07702 -0.04472 0.98238 0.18149 0.00043 0.0121 0.99993 0.00043 0.02261 0.99974 0.00043 -0.00073 1 0.00043 -0.00305 1 0.00043 -0.00305 1 0.00043 0.02261 0.99974 0.00043 -0.00073 1 0.00043 0.0121 0.99993 0.00565 0.94327 0.33197 0.16555 0.98616 0.00955 0.20309 0.75585 0.62245 0.0734 0.99255 0.09722 0.07778 0.84292 0.53238 -0.38465 0.11708 0.91561 -0.15985 0.09 0.98303 -0.39953 0.11873 0.909 -0.1787 0.09242 0.97955 0.3468 -0.88346 -0.31501 0.14178 -0.97304 -0.18189 0.21845 -0.94778 -0.23238 9e-05 -0.99625 -0.08654 -0.01838 -0.99983 -0.00096 0.15718 -0.98435 0.07967 0.0418 -0.99877 0.02671 0.20336 -0.9739 0.10083 -0.21632 -0.6213 0.75312 -0.09313 -0.55352 0.82761 0.00044 -0.49375 0.8696 -0.14675 -0.58459 0.79794 0.00692 -0.47179 -0.88168 -0.07023 -0.43783 -0.89631 0.03649 -0.4839 -0.87436 -0.04247 -0.45044 -0.89179 0.14134 0.95782 -0.2502 0.05829 0.96999 -0.23606 0.1528 0.95558 -0.25203 0.06905 0.96881 -0.23799 0.32967 -0.34822 -0.87753 0.1754 -0.46771 -0.8663 0.05204 -0.54758 -0.83513 0.26158 -0.40383 -0.87664 0.00013 -1 -0.00305 0.00013 -1 -0.00305 0.00013 -1 -0.00305 0.00013 -1 -0.00305 -1 -0.00013 0.00043 -1 -0.00013 0.00043 -1 -0.00013 0.00043 -1 -0.00013 0.00043 -1 -0.00013 0.00043 -1 -0.00013 0.00043 -1 -0.00013 0.00043 -1 -0.00013 0.00043 -1 -0.00013 0.00043 -1 -0.00013 0.00043 -1 -0.00013 0.00043 -1 -0.00013 0.00043 -1 -0.00013 0.00043 -1 -0.00013 0.00043 -0.19515 0.71413 0.67226 0.11673 0.59585 0.79457 0.00429 0.64801 0.76162 -0.28369 0.73211 0.6193 0.00043 0.01105 0.99994 -0.05841 0.01963 0.9981 -0.00548 0.01192 0.99991 -0.0634 0.02035 0.99778 -0.01587 0.99874 -0.04755 0.1244 0.94815 -0.29248 0.10664 0.97515 0.19418 0.04691 0.97365 -0.22317 0.0209 0.99345 0.11237 -0.00043 -0.01882 -0.99982 -0.00043 -0.01882 -0.99982 -0.00043 -0.01882 -0.99982 -0.00043 -0.00495 -0.99999 -0.00043 -8e-05 -1 -0.00043 -0.01882 -0.99982 -0.00043 -0.00945 -0.99996 -0.00043 -8e-05 -1 -0.00013 1 0.00305 -0.00013 1 0.00305 -0.00013 1 0.00305 -0.00013 1 0.00305 -0.00043 0.00305 -1 -0.00043 0.00305 -1 -0.00043 0.00305 -1 -0.00043 0.00305 -1 0.00013 -1 -0.00305 0.00013 -1 -0.00305 0.00013 -1 -0.00305 0.00013 -1 -0.00305 0.08852 -0.03873 0.99532 0.00895 -0.05105 0.99866 0.00043 -0.05235 0.99863 0.07878 -0.04025 0.99608 -0.35274 -0.09591 -0.93079 -0.03455 -0.05345 -0.99797 -0.00042 -0.04859 -0.99882 -0.3284 -0.09286 -0.93996 -0.10918 -0.80291 0.58602 -0.03385 -0.83037 0.55618 0.00034 -0.84081 0.54133 -0.07904 -0.81464 0.57455 0.16355 -0.94994 -0.2662 6e-05 -0.98737 -0.15844 0.2309 -0.92271 -0.3087 0.09105 -0.97142 -0.2192 0.63627 -0.69001 -0.34504 0.65756 -0.72764 -0.19532 0.67105 -0.69673 -0.25348 0.62804 -0.7774 -0.035 0.59202 -0.80575 0.01661 -0.042 0.99788 0.04978 -0.18788 0.88952 -0.41648 0.22105 0.93077 0.29122 -0.27333 0.84487 -0.45987 -0.0618 0.98583 -0.15597 0.16066 0.94773 0.27567 0.00041 0.09881 0.99511 -0.22673 0.12569 0.96581 -0.24286 0.12739 0.96166 -0.02033 0.10149 0.99463 0.03652 0.4805 -0.87623 0.18503 0.6146 -0.76683 -0.07162 0.36846 -0.92688 0.09615 0.53716 -0.83798 0.17618 -0.55181 0.81515 0.00044 -0.43958 0.8982 0.11153 -0.51313 0.85103 0.25427 -0.59425 0.76303 -0.33426 -0.40028 -0.85326 -0.15894 -0.31138 -0.9369 -0.25871 -0.36328 -0.89504 -0.0394 -0.24502 -0.96872 -0.32611 0.89926 -0.29152 0.15465 0.96705 -0.20223 0.07948 0.97225 -0.22005 -0.36856 0.88108 -0.29643 -0.05747 0.22216 -0.97331 0.07245 0.13502 -0.98819 0.01017 0.17737 -0.98409 -0.11662 0.26032 -0.95845 0.27597 -0.67255 -0.68667 -0.00368 -0.58234 -0.81294 0.19093 -0.65163 -0.73412 -0.11054 -0.53218 -0.83938 -1 -0.00013 0.00043 -1 -0.00013 0.00043 -1 -0.00013 0.00043 -1 -0.00013 0.00043 -1 -0.00013 0.00043 -1 -0.00013 0.00043 -1 -0.00013 0.00043 -0.00044 0.38201 -0.92416 -0.00044 0.38201 -0.92416 -0.00044 0.38201 -0.92416 -0.00044 0.38201 -0.92416 -0.01814 0.33507 0.94202 -0.00075 0.33358 0.94272 -0.01659 0.33495 0.94209 0.00036 0.33349 0.94275 -0.00013 1 0.00305 -0.00013 1 0.00305 -0.00013 1 0.00305 -0.00013 1 0.00305 0.00013 -1 -0.00305 0.00013 -1 -0.00305 0.00013 -1 -0.00305 0.00013 -1 -0.00305 -0.0512 -0.60395 0.79538 -0.40012 -0.45787 0.79389 0.05772 -0.63166 0.77309 -0.23529 -0.53836 0.8092 0.57108 -0.73327 -0.36903 0.58836 -0.71892 -0.3701 0.60785 -0.702 -0.37111 0.57645 -0.72888 -0.36938 0.5035 0.05391 -0.86231 0.07858 -0.3136 -0.9463 -0.05525 -0.55459 -0.83029 0.02598 -0.29702 -0.95452 0.45815 0.03594 -0.88815 -0.06313 0.97996 0.18894 0.17568 0.75478 -0.63202 0.18652 0.87324 0.45018 -0.01361 0.92507 -0.37955 0.07065 0.82285 -0.56385 -0.00861 0.99523 -0.09722 0.08276 0.91549 0.39374 0.37244 0.26628 0.88904 0.10671 0.15852 0.98157 0.00041 0.11259 0.99364 0.31541 0.24408 0.91703 0.18783 -0.89967 0.39411 -0.14773 -0.97607 0.15959 0.06687 -0.94673 0.31502 -0.25235 -0.9646 0.07663 -0.14039 0.98954 0.03316 -0.0522 0.99442 0.09165 -0.09003 0.9937 0.06674 -7e-05 0.99208 0.12557 -0.27068 0.38231 0.8835 -0.10489 0.28508 0.95275 0.00039 0.21865 0.9758 -0.20612 0.34557 0.91547 -0.12214 0.63637 -0.76166 -0.31085 0.70297 -0.63969 -0.23352 0.67968 -0.69535 -0.00042 0.57685 -0.81685 0.00013 -1 -0.00305 0.00013 -1 -0.00305 0.00013 -1 -0.00305 0.00013 -1 -0.00305 -1 -0.00013 0.00043 -1 -0.00013 0.00043 -1 -0.00013 0.00043 -1 -0.00013 0.00043 -1 -0.00013 0.00043 -1 -0.00013 0.00043 -1 -0.00013 0.00043 -1 -0.00013 0.00043 -1 -0.00013 0.00043 -1 -0.00013 0.00043 -1 -0.00013 0.00043 -1 -0.00013 0.00043 -1 -0.00013 0.00043 -1 -0.00013 0.00043 -1 -0.00013 0.00043 -1 -0.00013 0.00043 -1 -0.00013 0.00043 -1 -0.00013 0.00043 -1 -0.00013 0.00043 -1 -0.00013 0.00043 0.26448 0.9288 0.25959 0.03241 0.99465 0.09805 -0.08071 0.99659 0.01705 0.17638 0.96399 0.19903 0.15506 0.37317 0.91471 0.00043 0.00098 1 -0.08375 0.12056 0.98917 -0.01718 0.00369 0.99985 0.03583 0.25581 0.96606 0.14579 0.80965 -0.56852 0.0622 0.83527 -0.54631 0.18242 0.79621 -0.57687 0.08857 0.82794 -0.55378 0.07452 0.78353 -0.61687 -0.13287 0.84496 -0.51806 -0.1979 0.85459 -0.48012 -0.00345 0.81202 -0.58362 0.14857 0.00952 0.98886 0.0748 0.08399 0.99366 0.08365 0.07515 0.99366 0.0004 0.15733 0.98755 -0.00013 1 0.00305 -0.00013 1 0.00305 -0.00013 1 0.00305 -0.00013 1 0.00305 -0.00043 0.00305 -1 -0.00043 0.00305 -1 -0.00043 0.00305 -1 -0.00043 0.00305 -1 0.00013 -1 -0.00305 0.00013 -1 -0.00305 0.00013 -1 -0.00305 0.00013 -1 -0.00305 -0.06295 -0.01535 -0.9979 -0.00661 -0.00654 -0.99996 -0.05774 -0.01454 -0.99823 -0.00043 -0.00558 -0.99998 0.27078 -0.0355 0.96199 0.02631 -0.07399 0.99691 0.00044 -0.07778 0.99697 0.23362 -0.04167 0.97143 0.04152 -0.81922 0.57197 -0.1824 -0.65815 0.73046 0.17189 -0.87568 0.45126 -0.0518 -0.76196 0.64554 0.00013 -1 -0.00305 0.00013 -1 -0.00305 0.00013 -1 -0.00305 0.00013 -1 -0.00305 -0.15241 -0.97284 -0.1742 0.20701 -0.91968 -0.33368 0.31364 -0.87315 -0.37316 -0.03442 -0.97238 -0.23087 0.00041 -0.63525 0.77231 0.07011 -0.66804 0.74082 0.10246 -0.68175 0.72438 0.03806 -0.65351 0.75596 0.00043 -0.02668 0.99964 0.00043 -0.02668 0.99964 0.00043 -0.02668 0.99964 0.00043 -0.02668 0.99964 -0.13554 -0.01254 -0.99069 -0.00042 -0.03223 -0.99948 -0.01456 -0.03019 -0.99944 -0.15414 -0.00978 -0.988 0.39439 -0.49684 0.77305 0.23793 -0.41655 0.87743 0.29476 -0.44713 0.84451 0.12417 -0.351 0.92811 -1 -0.00013 0.00043 -1 -0.00013 0.00043 -1 -0.00013 0.00043 -1 -0.00013 0.00043 -1 -0.00013 0.00043 -1 -0.00013 0.00043 -1 -0.00013 0.00043 -1 -0.00013 0.00043 -1 -0.00013 0.00043 -1 -0.00013 0.00043 -1 -0.00013 0.00043 -0.03274 0.91625 -0.39926 0.01528 0.59284 -0.80518 -0.00195 0.78306 -0.62194 -0.04665 0.92171 -0.38507 -0.0147 0.81515 -0.57907 0.05232 0.9724 0.22736 -0.00305 0.96498 0.26232 -0.03137 0.95956 0.27976 0.02451 0.9692 0.24506 0.20488 0.00851 0.97875 0.04432 0.06513 0.99689 0.08501 0.051 0.99507 0.00042 0.0802 0.99678 -0.00013 1 0.00305 -0.00013 1 0.00305 -0.00013 1 0.00305 -0.00013 1 0.00305 -0.00043 0.00305 -1 -0.00043 0.00305 -1 -0.00043 0.00305 -1 -0.00043 0.00305 -1 0.00013 -1 -0.00305 0.00013 -1 -0.00305 0.00013 -1 -0.00305 0.00013 -1 -0.00305 -0.04477 -0.65539 0.75396 -0.02001 -0.41505 0.90958 -0.02082 -0.02646 0.99943 0.04603 -0.56383 0.82461 0.00043 -0.02278 0.99974 -0.08696 -0.18476 0.97893 0.08884 -0.99561 0.02944 0.14995 -0.98863 -0.01095 0.17574 -0.98403 -0.02814 0.1244 -0.99221 0.00599 0.00013 -1 -0.00305 0.00013 -1 -0.00305 0.00013 -1 -0.00305 0.00013 -1 -0.00305 -1 -0.00013 0.00043 -1 -0.00013 0.00043 -1 -0.00013 0.00043 -1 -0.00013 0.00043 -1 -0.00013 0.00043 -1 -0.00013 0.00043 -1 -0.00013 0.00043 -1 -0.00013 0.00043 -1 -0.00013 0.00043 -1 -0.00013 0.00043 -1 -0.00013 0.00043 -1 -0.00013 0.00043 -1 -0.00013 0.00043 -1 -0.00013 0.00043 -1 -0.00013 0.00043 -1 -0.00013 0.00043 -1 -0.00013 0.00043 0.0004 -0.67549 0.73737 0.0004 -0.6868 0.72684 0.00039 -0.70947 0.70473 0.00039 -0.73193 0.68138 0.00038 -0.74287 0.66944 0.00039 -0.70947 0.70473 0.0004 -0.6868 0.72684 0.0004 -0.67549 0.73737 0.00039 -0.73193 0.68138 0.00038 -0.74287 0.66944 0.56651 0.82249 -0.05074 0.3978 0.91668 0.03812 0.52184 0.85265 -0.02607 0.24939 0.96234 0.10819 0.00043 0.00569 0.99998 -0.22894 0.56914 0.78972 0.01434 0.2146 0.9766 -0.00172 0.00602 0.99998 -0.03902 0.29088 0.95596 -0.30794 0.59167 0.74505 0.00043 -0.00305 1 0.00043 -0.00305 1 0.00043 -0.00305 1 0.00043 -0.00305 1 0.08096 0.99671 0.003 0.08096 0.99671 0.003 0.08096 0.99671 0.003 0.08096 0.99671 0.003 -0.00043 0.00305 -1 -0.00043 0.00305 -1 -0.00043 0.00305 -1 -0.00043 0.00305 -1 0.00013 -1 -0.00305 0.00013 -1 -0.00305 0.00013 -1 -0.00305 0.00013 -1 -0.00305 0.02978 -0.09483 0.99505 0.00044 -0.09064 0.99588 0.03265 -0.09523 0.99492 0.00339 -0.09107 0.99584 -0.07323 -0.06276 -0.99534 -0.00042 -0.07305 -0.99733 -0.00751 -0.07206 -0.99737 -0.08074 -0.06168 -0.99482 -0.07269 -0.44816 0.89099 -0.34024 -0.51945 0.78384 -0.1828 -0.48213 0.85682 -0.38585 -0.52753 0.75685 -1 -0.00013 0.00043 -1 -0.00013 0.00043 -1 -0.00013 0.00043 -1 -0.00013 0.00043 -1 -0.00013 0.00043 -1 -0.00013 0.00043 -1 -0.00013 0.00043 -1 -0.00013 0.00043 -1 -0.00013 0.00043 -1 -0.00013 0.00043 -1 -0.00013 0.00043 -1 -0.00013 0.00043 -1 -0.00013 0.00043 -1 -0.00013 0.00043 -1 -0.00013 0.00043 -1 -0.00013 0.00043 -1 -0.00013 0.00043 -1 -0.00013 0.00043 -1 -0.00013 0.00043 -0.11961 -0.57711 -0.80786 -0.00026 -0.61533 -0.78827 -0.03612 -0.60489 -0.79549 -0.16366 -0.56047 -0.81184 0.05196 -0.9968 -0.06082 -0.34518 -0.93476 0.08408 -0.2762 -0.95933 0.05833 0.14472 -0.98504 -0.09355 0.07112 -0.75176 0.65559 0.13176 -0.3653 0.92152 0.23534 -0.27181 0.93313 0.17897 -0.80305 0.5684 0.00891 -0.58997 0.80737 0.01426 0.97679 -0.21373 -0.23861 0.96667 -0.09286 -0.17731 0.97635 -0.1237 0.09396 0.96407 -0.24846 -0.11683 0.53418 -0.83726 -0.08202 0.52541 -0.84689 -0.10806 0.53204 -0.8398 -0.07009 0.52225 -0.84991 0.00022 -0.97381 0.22735 0.00022 -0.97381 0.22735 0.00022 -0.97381 0.22735 0.00022 -0.97381 0.22735 0.21375 -0.97544 0.05321 0.14581 -0.79894 0.58346 0.04545 -0.93842 0.34249 0.13604 -0.98325 0.12129 0.06187 -0.86606 0.49609 0.51132 0.83627 -0.19799 0.58941 0.79018 -0.168 0.58132 0.79545 -0.17127 0.48782 0.84821 -0.20634 0.24805 0.53762 0.80588 0.00026 0.61061 0.79193 0.34343 0.49798 0.79629 0.06119 0.59647 0.8003 0.08153 -0.37525 0.92333 0.77188 -0.17392 0.61152 0.1758 -0.41891 0.89085 0.56858 -0.35796 0.74066 0.83807 -0.08683 0.5386 0.00045 -0.34963 0.93689 -1 -0.00013 0.00043 -1 -0.00013 0.00043 -1 -0.00013 0.00043 -1 -0.00013 0.00043 -1 -0.00013 0.00043 -1 -0.00013 0.00043 -1 -0.00013 0.00043 -1 -0.00013 0.00043 -0.00013 1 0.00305 -0.00013 1 0.00305 -0.00013 1 0.00305 -0.00013 1 0.00305 -0.00043 0.00305 -1 -0.00043 0.00305 -1 -0.00043 0.00305 -1 -0.00043 0.00305 -1 0.00013 -1 -0.00305 0.32822 -0.94276 -0.05892 0.37431 -0.9249 -0.06674 0.04347 -0.999 -0.01045 -0.53921 0.30309 -0.78574 -0.08798 0.29008 -0.95295 -0.55856 0.3019 -0.77257 -0.14861 0.29568 -0.94366 0.00013 -1 -0.00305 0.00013 -1 -0.00305 0.00013 -1 -0.00305 0.00013 -1 -0.00305 -1 -0.00013 0.00043 -1 -0.00013 0.00043 -1 -0.00013 0.00043 -1 -0.00013 0.00043 -1 -0.00013 0.00043 -1 -0.00013 0.00043 -1 -0.00013 0.00043 -1 -0.00013 0.00043 0.00043 -0.00305 1 0.00043 -0.00305 1 0.00043 -0.00305 1 0.00043 -0.00305 1 0.13156 0.94459 -0.30074 0.30769 0.93765 -0.16165 0.29722 0.93946 -0.17052 0.48517 0.87442 0.00246 -0.00038 0.73314 -0.68008 -0.00038 0.73314 -0.68008 -0.00038 0.73314 -0.68008 -0.00038 0.73314 -0.68008 0.00033 -0.8504 0.52614 -0.05263 -0.85858 0.50997 -0.06315 -0.85989 0.50656 -0.01299 -0.85271 0.52223 -0.00043 0.00305 -1 -0.00043 0.00305 -1 -0.00043 0.00305 -1 -0.00043 0.00305 -1 0.31731 -0.15475 -0.93561 0.0229 -0.28803 -0.95735 -0.0655 -0.322 -0.94447 0.26186 -0.18235 -0.94772 0.33394 0.93758 0.09707 0.22302 0.96577 0.13246 0.2446 0.96143 0.1258 0.37681 0.9226 0.08258 0.02089 -0.18364 0.98277 -0.08532 -0.60706 0.79007 0.00452 0.70384 0.71034 -0.10829 0.30359 0.94663 -0.09204 0.78027 0.61864 0.02822 0.04294 0.99868 0.05519 -0.42276 0.90456 -0.19058 -0.65508 0.73113 -0.0007 0.58165 0.81344 0.17615 -0.88247 -0.43613 0.0987 -0.9016 -0.42116 0.11445 -0.8982 -0.42442 0.19913 -0.87561 -0.44006 0.21549 -0.90539 0.36584 -0.03814 -0.96584 0.25632 0.15201 -0.92787 0.34052 -0.11299 -0.96898 0.2198 -1 -0.00013 0.00043 -1 -0.00013 0.00043 -1 -0.00013 0.00043 -1 -0.00013 0.00043 -1 -0.00013 0.00043 -1 -0.00013 0.00043 -1 -0.00013 0.00043 -1 -0.00013 0.00043 -1 -0.00013 0.00043 -1 -0.00013 0.00043 -1 -0.00013 0.00043 -1 -0.00013 0.00043 -1 -0.00013 0.00043 -1 -0.00013 0.00043 -1 -0.00013 0.00043 -1 -0.00013 0.00043 -1 -0.00013 0.00043 -1 -0.00013 0.00043 -1 -0.00013 0.00043 -1 -0.00013 0.00043 -1 -0.00013 0.00043 -1 -0.00013 0.00043 -0.00045 0.19579 -0.98065 -0.39775 0.33869 -0.85269 -0.47207 0.36057 -0.80445 -0.13485 0.24849 -0.9592 -0.00025 0.95063 -0.31034 -0.00025 0.95063 -0.31034 -0.00025 0.95063 -0.31034 -0.00025 0.95063 -0.31034 -0.05274 -0.9409 0.33454 -0.3663 -0.89715 0.24686 0.00027 -0.93835 0.3457 -0.3051 -0.91411 0.26707 -1 -0.00013 0.00043 -1 -0.00013 0.00043 -1 -0.00013 0.00043 -1 -0.00013 0.00043 -1 -0.00013 0.00043 -1 -0.00013 0.00043 -1 -0.00013 0.00043 -1 -0.00013 0.00043 -1 -0.00013 0.00043 -1 -0.00013 0.00043 -1 -0.00013 0.00043 -1 -0.00013 0.00043 -1 -0.00013 0.00043 -1 -0.00013 0.00043 -1 -0.00013 0.00043 -1 -0.00013 0.00043 -1 -0.00013 0.00043 -1 -0.00013 0.00043 -1 -0.00013 0.00043 -1 -0.00013 0.00043 -1 -0.00013 0.00043 -1 -0.00013 0.00043 -1 -0.00013 0.00043 -1 -0.00013 0.00043 -1 -0.00013 0.00043 -1 -0.00013 0.00043 -0.02669 0.11749 -0.99272 0.08767 0.17352 -0.98092 0.04656 0.15362 -0.98703 -0.07607 0.09263 -0.99279 -0.00025 0.9567 -0.29108 -0.00025 0.95371 -0.30072 -0.00025 0.95063 -0.31034 -0.00025 0.95063 -0.31034 -0.00025 0.9512 -0.30857 0.01619 -0.97199 0.23445 0.00022 -0.97314 0.23023 0.01883 -0.97178 0.23514 0.00339 -0.97293 0.23107 0.00044 -0.4365 0.8997 0.054 -0.47317 0.87932 0.04378 -0.46633 0.88353 0.10244 -0.50459 0.85726 0.02576 0.58808 0.8084 0.23557 0.69208 0.68229 0.12708 0.64345 0.75487 -0.10258 0.50467 0.8572 -1 -0.00013 0.00043 -1 -0.00013 0.00043 -1 -0.00013 0.00043 -1 -0.00013 0.00043 -1 -0.00013 0.00043 -1 -0.00013 0.00043 -1 -0.00013 0.00043 -1 -0.00013 0.00043 -1 -0.00013 0.00043 -1 -0.00013 0.00043 -1 -0.00013 0.00043 -1 -0.00013 0.00043 -1 -0.00013 0.00043 -1 -0.00013 0.00043 -1 -0.00013 0.00043 -1 -0.00013 0.00043 -1 -0.00013 0.00043 -1 -0.00013 0.00043 -1 -0.00013 0.00043 -1 -0.00013 0.00043 -1 -0.00013 0.00043 -1 -0.00013 0.00043 -1 -0.00013 0.00043 -1 -0.00013 0.00043 -1 -0.00013 0.00043 -1 -0.00013 0.00043 -1 -0.00013 0.00043 -0.00374 0.99417 0.10773 -0.04281 0.86031 0.50798 -0.16009 0.7658 0.62283 -0.02515 0.95275 0.30271 -0.11676 0.9921 -0.04587 0.34452 0.6411 -0.68579 0.3624 0.64237 -0.6753 0.3506 0.64156 -0.68226 0.37505 0.64311 -0.66764 -0.23648 -0.95687 0.16875 0.0738 -0.91871 0.38798 -0.34065 -0.93651 0.08313 -0.08144 -0.95519 0.28458 0.19777 -0.12249 -0.97257 -0.12834 0.00628 -0.99171 0.13171 -0.09686 -0.98654 -0.19391 0.03285 -0.98047 -1 -0.00013 0.00043 -1 -0.00013 0.00043 -1 -0.00013 0.00043 -1 -0.00013 0.00043 -1 -0.00013 0.00043 -1 -0.00013 0.00043 -1 -0.00013 0.00043 -1 -0.00013 0.00043 -1 -0.00013 0.00043 -1 -0.00013 0.00043 -1 -0.00013 0.00043 -1 -0.00013 0.00043 -1 -0.00013 0.00043 -1 -0.00013 0.00043 -1 -0.00013 0.00043 -1 -0.00013 0.00043 -1 -0.00013 0.00043 -1 -0.00013 0.00043 -1 -0.00013 0.00043 -1 -0.00013 0.00043 -1 -0.00013 0.00043 -1 -0.00013 0.00043 -1 -0.00013 0.00043 -1 -0.00013 0.00043 0.12223 -0.00935 0.99246 -0.04911 -0.07457 0.99601 -0.09034 -0.08998 0.99184 0.0843 -0.02395 0.99615 -0.12311 0.65824 0.74267 0.24381 0.7477 0.61766 -0.2134 0.61898 0.75586 0.15346 0.73619 0.65915 0.19313 0.8857 -0.42219 -0.10317 0.95188 -0.28859 -0.19314 0.95123 -0.24053 0.10044 0.91766 -0.38446 -0.05823 -0.38677 -0.92034 0.21917 -0.95793 -0.18531 -0.00153 -0.83801 -0.54565 -0.15598 -0.22433 -0.96195 -0.06856 -0.57331 -0.81646 0.09193 -0.9462 -0.31026 -1 -0.00013 0.00043 -1 -0.00013 0.00043 -1 -0.00013 0.00043 -1 -0.00013 0.00043 -1 -0.00013 0.00043 -1 -0.00013 0.00043 -1 -0.00013 0.00043 -1 -0.00013 0.00043 -1 -0.00013 0.00043 -1 -0.00013 0.00043 -1 -0.00013 0.00043 -1 -0.00013 0.00043 -1 -0.00013 0.00043 -1 -0.00013 0.00043 -1 -0.00013 0.00043 -1 -0.00013 0.00043 -1 -0.00013 0.00043 -1 -0.00013 0.00043 -1 -0.00013 0.00043 -1 -0.00013 0.00043 -1 -0.00013 0.00043 -1 -0.00013 0.00043 -1 -0.00013 0.00043 -1 -0.00013 0.00043 -1 -0.00013 0.00043 -1 -0.00013 0.00043 -1 -0.00013 0.00043 -1 -0.00013 0.00043 -0.03509 -0.41047 -0.9112 -0.00593 -0.39794 -0.91739 -0.02274 -0.40521 -0.91394 0.00576 -0.3928 -0.91961 0.10461 0.99409 0.02903 0.12836 0.99115 0.03385 0.10109 0.99447 0.02831 0.12481 0.99163 0.03313 -0.00429 -0.94234 -0.33464 -0.17035 -0.956 -0.23884 -0.07905 -0.95282 -0.29306 -0.22321 -0.95283 -0.20565 -0.29642 -0.55901 0.77436 -0.04403 -0.47492 0.87893 -0.3575 -0.5733 0.73724 -0.14904 -0.51452 0.84442 -1 -0.00013 0.00043 -1 -0.00013 0.00043 -1 -0.00013 0.00043 -1 -0.00013 0.00043 -1 -0.00084 0.00047 -1 -0.00029 0.00037 -1 -0.00013 0.00043 -1 -0.00013 0.00043 -1 -0.00013 0.00043 -1 -0.00013 0.00043 -1 -0.00013 0.00043 -1 -0.00013 0.00043 -1 -0.00013 0.00043 -1 -0.00013 0.00043 -1 -0.00013 0.00043 -1 -0.00012 0.00042 -1 -0.00132 -6e-05 -1 2e-05 0.00045 -1 -0.00013 0.00043 -1 -0.00013 0.00043 -1 -0.00013 0.00043 -1 -0.00013 0.00043 -1 -0.00013 0.00043 -1 -0.00013 0.00043 -1 -0.00013 0.00043 -1 -0.00013 0.00043 -1 -0.00013 0.00043 -1 -0.00013 0.00043 -1 -0.00063 0.00046 -1 -0.00068 0.0006 -1 -0.00013 0.00043 -1 -0.00055 0.00045 -1 -0.00013 0.00043 -1 -0.00013 0.00043 -1 -0.00013 0.00043 -1 -0.00013 0.00043 -1 -0.00013 0.00043 -1 -0.00013 0.00043 -1 -0.00013 0.00043 -1 -0.00013 0.00043 -1 -0.00013 0.00043 -1 -0.00013 0.00043 -1 -0.00013 0.00043 -1 -0.00013 0.00043 -1 -0.00013 0.00043 -1 -0.00013 0.00043 -1 -0.00013 0.00043 -1 -0.00013 0.00043 -1 -0.00013 0.00043 -1 -0.00013 0.00043 -1 -0.00013 0.00043 -1 -0.00013 0.00043 -1 -0.00013 0.00043 -1 -0.00013 0.00043 -1 -0.00013 0.00043 -1 -0.00013 0.00043 -1 -0.00013 0.00043 -1 -0.00013 0.00043 -1 -0.00013 0.00043 -1 -0.00013 0.00043 -1 -0.00013 0.00043 -1 -0.00013 0.00043 -1 -0.00013 0.00043 -1 -0.00013 0.00043 -1 -0.00013 0.00043 -1 -0.00013 0.00043 -1 -0.00013 0.00043 -1 -0.00013 0.00043 -1 -0.00013 0.00043 -1 -0.00013 0.00043 -1 -0.00013 0.00043 -1 -0.00013 0.00043 -1 -0.00013 0.00043 -1 -0.00013 0.00043 -1 -0.00013 0.00043 -1 -0.00013 0.00043 -1 -0.00013 0.00043 -1 -0.00013 0.00043 -1 -0.00013 0.00043 -1 -0.00013 0.00043 -1 -0.00013 0.00043 -1 -0.00013 0.00043 -1 -0.00013 0.00043 -1 -0.00013 0.00043 -1 -0.00013 0.00043 -1 -0.00013 0.00043 -1 -0.00013 0.00043 -1 -0.00013 0.00043 -1 -0.00013 0.00043 -1 -0.00013 0.00043 -1 -0.00013 0.00043 -1 -0.00013 0.00043 -1 -0.00013 0.00043 -1 -0.00013 0.00043 -1 -0.00013 0.00043 -1 -0.00013 0.00043 -1 -0.00013 0.00043 -1 -0.00013 0.00043 -1 -0.00013 0.00043 -1 -0.00013 0.00043 -1 -0.00013 0.00043 -1 -0.00013 0.00043 -1 -0.00013 0.00043 -1 -0.00013 0.00043 -1 -0.00013 0.00043 -1 -0.00013 0.00043 -1 -0.00013 0.00043 -1 -0.00013 0.00043 -1 -0.00013 0.00043 -1 -0.00013 0.00043 -1 -0.00013 0.00043 -1 -0.00013 0.00043 -1 -0.00013 0.00043 -1 -0.00013 0.00043 -1 -0.00013 0.00043 -1 -0.00013 0.00043 -1 -0.00013 0.00043 -1 -0.00013 0.00043 -1 -0.00013 0.00043 -1 -0.00013 0.00043 -1 -0.00013 0.00043 -1 -0.00013 0.00043 -1 -0.00013 0.00043 -1 -0.00013 0.00043 -1 -0.00013 0.00043 -1 -0.00013 0.00043 -1 -0.00013 0.00043 -1 -0.00013 0.00043 -1 -0.00013 0.00043 -1 -0.00013 0.00043 -1 -0.00013 0.00043 -1 -0.00013 0.00043 -1 -0.00013 0.00043 -1 -0.00013 0.00043 -1 -0.00013 0.00043 -1 -0.00013 0.00043 -1 -0.00013 0.00043 -1 -0.00013 0.00043 -1 -0.00013 0.00043 -1 -0.00013 0.00043 -1 -0.00013 0.00043 -1 -0.00013 0.00043 -1 -0.00013 0.00043 -1 -0.00013 0.00043 -1 -0.00013 0.00043 -1 -0.00013 0.00043 -1 3e-05 0.00066 -1 1e-05 0.00043 -1 -8e-05 0.00043 -1 -7e-05 0.00046 -1 -0.00013 0.00043 -1 -0.00013 0.00043 -1 -0.00013 0.00043 -1 -0.00013 0.00043 -1 -0.00013 0.00043 -1 -0.00013 0.00043 -1 -0.00013 0.00043 -1 -0.0008 0.00015 -1 -0.00013 0.00043 -1 -0.00013 0.00043 -1 1e-05 0.00043 -1 -0.00013 0.00043 -1 1e-05 0.00043 -1 -2e-05 0.00043 -1 0 0.00042 -1 -0.00013 0.00043 -1 -0.00012 0.00042 -1 -0.00013 0.00043 -1 -0.00013 0.00043 -1 -0.00013 0.00043 -1 -0.00013 0.00043 -1 -0.00013 0.00043 -1 -0.00013 0.00043 -1 -0.00013 0.00043 -1 -0.00013 0.00043 -1 -0.00013 0.00043 -1 -0.00013 0.00043 -1 -0.00013 0.00043 -1 -0.00013 0.00043 -1 -0.00013 0.00043 -1 -0.00013 0.00043 -1 -0.00013 0.00043 -1 -0.00013 0.00043 -1 -0.00013 0.00043 -1 -0.00013 0.00043 -1 -0.00013 0.00043 -1 -0.00013 0.00043 -1 -0.00013 0.00043 -1 -0.00013 0.00043 -1 -0.00013 0.00043 -1 -0.00013 0.00043 -1 -0.00013 0.00043 -1 -0.00013 0.00043 -1 -0.00013 0.00043 -1 -0.00013 0.00043 -1 -0.00013 0.00043 -1 -0.00013 0.00043 -1 -0.00013 0.00043 -1 -0.00013 0.00043 -1 -0.00013 0.00043 -1 -0.00013 0.00043 -1 -0.00013 0.00043 -1 -0.00013 0.00043 -1 -0.00013 0.00043 -1 -0.00013 0.00043 -1 -0.00013 0.00043 -1 -0.00013 0.00043 -1 -0.00013 0.00043 -1 -0.00013 0.00043 -1 -0.00013 0.00043 -1 -0.00013 0.00043 -1 -0.00013 0.00043 -1 -0.00013 0.00043 -1 -0.00013 0.00043 -1 -0.00013 0.00043 -1 -0.00013 0.00043 -1 -0.00013 0.00043 -1 -0.00013 0.00043 -1 -0.00013 0.00043 -1 -0.00013 0.00043 -1 -0.00013 0.00043 -1 -0.00013 0.00043 -1 -0.00013 0.00043 -1 -0.00013 0.00043 -1 -0.00013 0.00043 -1 -0.00013 0.00043 -1 -0.00013 0.00043 -1 -0.00013 0.00043 -1 -0.00013 0.00043 -1 -0.00013 0.00043 -1 -0.00013 0.00043 -1 -0.00013 0.00043 -1 -0.00013 0.00043 -1 -0.00013 0.00043 1 0.00013 -0.00043 1 0.00013 -0.00043 1 0.00145 -0.00114 0.99998 0.00243 -0.00554 0.99999 0.00343 -0.00328 0.99999 0.00288 -0.00212 1 0.00016 -0.00043 1 0.00013 -0.00043 1 0.00013 -0.00043 0.8084 -0.12163 0.57592 0.8084 -0.12163 0.57592 0.8084 -0.12163 0.57592 0.68013 0.61685 0.39612 0.68013 0.61685 0.39612 0.68013 0.61685 0.39612 0.35659 0.90994 -0.21179 0.35659 0.90994 -0.21179 0.35659 0.90994 -0.21179 -0.21351 0.86048 -0.46259 -0.21351 0.86048 -0.46259 -0.21351 0.86048 -0.46259 -0.06123 -0.67489 -0.73537 -0.06123 -0.67489 -0.73537 -0.06123 -0.67489 -0.73537 0.0361 -0.95282 0.30137 0.0361 -0.95282 0.30137 0.0361 -0.95282 0.30137 0.64008 0.60189 0.47752 0.64008 0.60189 0.47752 0.64008 0.60189 0.47752 0.98078 -0.19139 -0.03803 0.98078 -0.19139 -0.03803 0.98078 -0.19139 -0.03803 -0.88796 -0.29737 0.35086 -0.88796 -0.29737 0.35086 -0.88796 -0.29737 0.35086 0.88796 0.29737 -0.35086 0.88796 0.29737 -0.35086 0.88796 0.29737 -0.35086 -0.98151 0.18303 -0.05595 -0.98151 0.18303 -0.05595 -0.98151 0.18303 -0.05595 -0.99381 -0.02043 0.1092 -0.99381 -0.02043 0.1092 -0.99381 -0.02043 0.1092 0.5639 0.33767 -0.75365 0.5639 0.33767 -0.75365 0.5639 0.33767 -0.75365 0.05013 -0.37879 0.92412 0.05013 -0.37879 0.92412 0.05013 -0.37879 0.92412 0.95934 -0.06687 0.27423 0.95934 -0.06687 0.27423 0.95934 -0.06687 0.27423 0.58447 -0.20984 -0.78381 0.58447 -0.20984 -0.78381 0.58447 -0.20984 -0.78381 -0.59227 -0.80574 -0.00226 -0.59227 -0.80574 -0.00226 -0.59227 -0.80574 -0.00226 0.00044 -0.07889 0.99688 0.00044 -0.07889 0.99688 0.00044 -0.07889 0.99688 0.03991 -0.9992 -0.00306 0.03991 -0.9992 -0.00306 0.03991 -0.9992 -0.00306 0.83067 -0.09776 0.54811 0.83067 -0.09776 0.54811 0.83067 -0.09776 0.54811 -0.00013 1 0.00305 -0.00013 1 0.00305 -0.00013 1 0.00305 -0.00035 0.8279 -0.56087 -0.00035 0.8279 -0.56087 -0.00035 0.8279 -0.56087 0.5319 0.64046 -0.55397 0.5319 0.64046 -0.55397 0.5319 0.64046 -0.55397 -0.07476 0.77742 0.62453 -0.07476 0.77742 0.62453 -0.07476 0.77742 0.62453 -0.00034 0.84026 -0.54218 -0.00034 0.84026 -0.54218 -0.00034 0.84026 -0.54218 -0.73268 0.6183 0.28439 -0.73268 0.6183 0.28439 -0.73268 0.6183 0.28439 0.00043 0.01913 0.99982 0.00043 0.01913 0.99982 0.00043 0.01913 0.99982 0.456 -0.73837 -0.49686 0.456 -0.73837 -0.49686 0.456 -0.73837 -0.49686 -0.03525 -0.9469 -0.3196 -0.03525 -0.9469 -0.3196 -0.03525 -0.9469 -0.3196 0.00013 -1 -0.00305 0.00013 -1 -0.00305 0.00013 -1 -0.00305 0.81821 -0.15263 0.55429 0.81821 -0.15263 0.55429 0.81821 -0.15263 0.55429 -0.18729 -0.02237 0.98205 -0.18729 -0.02237 0.98205 -0.18729 -0.02237 0.98205 0.24285 0.66653 -0.70482 0.24285 0.66653 -0.70482 0.24285 0.66653 -0.70482 -0.29707 0.87982 -0.37104 -0.29707 0.87982 -0.37104 -0.29707 0.87982 -0.37104 0.00023 0.6778 0.73524 0.00023 0.6778 0.73524 0.00023 0.6778 0.73524 0.82769 -0.00161 0.56119 0.82769 -0.00161 0.56119 0.82769 -0.00161 0.56119 0.08096 0.99671 0.003 0.08096 0.99671 0.003 0.08096 0.99671 0.003 -0.20463 -0.94495 -0.25533 -0.20463 -0.94495 -0.25533 -0.20463 -0.94495 -0.25533 0.50894 -0.79436 -0.33161 0.50894 -0.79436 -0.33161 0.50894 -0.79436 -0.33161 -0.41531 -0.86989 0.2661 -0.41531 -0.86989 0.2661 -0.41531 -0.86989 0.2661 -0.45924 0.84662 -0.26895 -0.45924 0.84662 -0.26895 -0.45924 0.84662 -0.26895 0.36543 0.68642 -0.62872 0.36543 0.68642 -0.62872 0.36543 0.68642 -0.62872 -0.06114 0.3894 -0.91904 -0.06114 0.3894 -0.91904 -0.06114 0.3894 -0.91904 0.42023 0.66713 -0.6151 0.42023 0.66713 -0.6151 0.42023 0.66713 -0.6151 -0.08134 0.52598 -0.8466 -0.08134 0.52598 -0.8466 -0.08134 0.52598 -0.8466 -0.22327 0.13917 -0.96477 -0.22327 0.13917 -0.96477 -0.22327 0.13917 -0.96477 -0.10934 -0.99152 0.07018 -0.10934 -0.99152 0.07018 -0.10934 -0.99152 0.07018 0.77881 -0.61688 -0.11364 0.77881 -0.61688 -0.11364 0.77881 -0.61688 -0.11364 -0.20809 -0.88734 0.4115 -0.20809 -0.88734 0.4115 -0.20809 -0.88734 0.4115 -0.02097 -0.28431 -0.9585 -0.02097 -0.28431 -0.9585 -0.02097 -0.28431 -0.9585 -0.43832 0.70272 -0.56041 -0.43832 0.70272 -0.56041 -0.43832 0.70272 -0.56041 0.00019 -0.99011 0.14029 0.00019 -0.99011 0.14029 0.00019 -0.99011 0.14029 0.46134 -0.77905 -0.42456 0.46134 -0.77905 -0.42456 0.46134 -0.77905 -0.42456 7e-05 -0.99125 -0.132 7e-05 -0.99125 -0.132 7e-05 -0.99125 -0.132 -0.26618 -0.95779 0.10857 -0.26618 -0.95779 0.10857 -0.26618 -0.95779 0.10857 0.27445 -0.95283 -0.12961 0.27445 -0.95283 -0.12961 0.27445 -0.95283 -0.12961 -0.41006 -0.88251 0.23028 -0.41006 -0.88251 0.23028 -0.41006 -0.88251 0.23028 0.10021 0.75454 -0.64856 0.10021 0.75454 -0.64856 0.10021 0.75454 -0.64856 0.00045 -0.36731 0.9301 0.00045 -0.36731 0.9301 0.00045 -0.36731 0.9301 0.84226 -0.13581 0.52168 0.84226 -0.13581 0.52168 0.84226 -0.13581 0.52168 -0.00013 1 0.00305 -0.00013 1 0.00305 -0.00013 1 0.00305 -0.00037 -0.29797 -0.95458 -0.00037 -0.29797 -0.95458 -0.00037 -0.29797 -0.95458 -0.00035 -0.35853 -0.93352 -0.00035 -0.35853 -0.93352 -0.00035 -0.35853 -0.93352 0.82054 -0.26299 -0.5075 0.82054 -0.26299 -0.5075 0.82054 -0.26299 -0.5075 0.00013 -1 -0.00305 0.00013 -1 -0.00305 0.00013 -1 -0.00305 -0.20056 0.58233 0.78783 -0.20056 0.58233 0.78783 -0.20056 0.58233 0.78783 -0.27144 0.42366 -0.86419 -0.27144 0.42366 -0.86419 -0.27144 0.42366 -0.86419 0.18017 0.96341 -0.19846 0.18017 0.96341 -0.19846 0.18017 0.96341 -0.19846 -0.22037 0.94706 0.23347 -0.22037 0.94706 0.23347 -0.22037 0.94706 0.23347 0.29107 0.75274 0.59048 0.29107 0.75274 0.59048 0.29107 0.75274 0.59048 -0.23788 0.71938 0.65261 -0.23788 0.71938 0.65261 -0.23788 0.71938 0.65261 0.15241 0.66152 0.73427 0.15241 0.66152 0.73427 0.15241 0.66152 0.73427 -0.45687 0.80504 0.37838 -0.45687 0.80504 0.37838 -0.45687 0.80504 0.37838 0.15149 0.98752 0.04316 0.15149 0.98752 0.04316 0.15149 0.98752 0.04316 -0.46642 -0.71115 -0.52604 -0.46642 -0.71115 -0.52604 -0.46642 -0.71115 -0.52604 0.24936 -0.91661 -0.31248 0.24936 -0.91661 -0.31248 0.24936 -0.91661 -0.31248 -0.47772 0.17867 -0.86015 -0.47772 0.17867 -0.86015 -0.47772 0.17867 -0.86015 -0.00029 0.91342 -0.40702 -0.00029 0.91342 -0.40702 -0.00029 0.91342 -0.40702 -0.49416 -0.86567 0.0802 -0.49416 -0.86567 0.0802 -0.49416 -0.86567 0.0802 -0.01652 -0.89317 0.44942 -0.01652 -0.89317 0.44942 -0.01652 -0.89317 0.44942 0.06466 -0.95709 -0.28249 0.06466 -0.95709 -0.28249 0.06466 -0.95709 -0.28249 0.35965 0.82271 0.44023 0.35965 0.82271 0.44023 0.35965 0.82271 0.44023 -0.22504 0.96841 0.10738 -0.22504 0.96841 0.10738 -0.22504 0.96841 0.10738 -0.37532 0.01384 0.92679 -0.37532 0.01384 0.92679 -0.37532 0.01384 0.92679 0.1939 0.21667 0.9568 0.1939 0.21667 0.9568 0.1939 0.21667 0.9568 -0.2395 0.71242 0.65962 -0.2395 0.71242 0.65962 -0.2395 0.71242 0.65962 0.29452 0.83485 0.46507 0.29452 0.83485 0.46507 0.29452 0.83485 0.46507 -0.42358 -0.00149 -0.90586 -0.42358 -0.00149 -0.90586 -0.42358 -0.00149 -0.90586 0.33989 0.26119 -0.90347 0.33989 0.26119 -0.90347 0.33989 0.26119 -0.90347 -0.1334 0.90145 0.41182 -0.1334 0.90145 0.41182 -0.1334 0.90145 0.41182 -0.15566 0.57112 -0.80597 -0.15566 0.57112 -0.80597 -0.15566 0.57112 -0.80597 0.27905 -0.26938 -0.92172 0.27905 -0.26938 -0.92172 0.27905 -0.26938 -0.92172 -0.25979 -0.57988 -0.77217 -0.25979 -0.57988 -0.77217 -0.25979 -0.57988 -0.77217 0.72092 -0.68109 -0.12802 0.72092 -0.68109 -0.12802 0.72092 -0.68109 -0.12802 -0.75398 -0.54985 -0.35942 -0.75398 -0.54985 -0.35942 -0.75398 -0.54985 -0.35942 0.04997 0.56352 -0.82459 0.04997 0.56352 -0.82459 0.04997 0.56352 -0.82459 0.33425 -0.94207 -0.02792 0.33425 -0.94207 -0.02792 0.33425 -0.94207 -0.02792 0.71782 0.41342 -0.5602 0.71782 0.41342 -0.5602 0.71782 0.41342 -0.5602 0.19276 0.73898 -0.64557 0.19276 0.73898 -0.64557 0.19276 0.73898 -0.64557 0.37036 0.05229 -0.92741 0.37036 0.05229 -0.92741 0.37036 0.05229 -0.92741 -0.14652 0.81895 -0.55485 -0.14652 0.81895 -0.55485 -0.14652 0.81895 -0.55485 0.48706 0.52535 -0.69769 0.48706 0.52535 -0.69769 0.48706 0.52535 -0.69769 -0.27654 0.19523 -0.94096 -0.27654 0.19523 -0.94096 -0.27654 0.19523 -0.94096 -0.24206 0.96982 -0.02929 -0.24206 0.96982 -0.02929 -0.24206 0.96982 -0.02929 0.31171 0.8801 -0.35815 0.31171 0.8801 -0.35815 0.31171 0.8801 -0.35815 0.12528 0.91066 0.3937 0.12528 0.91066 0.3937 0.12528 0.91066 0.3937 -0.21935 0.37305 0.90151 -0.21935 0.37305 0.90151 -0.21935 0.37305 0.90151 0.26375 -0.00759 0.96456 0.26375 -0.00759 0.96456 0.26375 -0.00759 0.96456 -0.11218 0.76097 -0.63902 -0.11218 0.76097 -0.63902 -0.11218 0.76097 -0.63902 0.39413 0.85643 -0.33344 0.39413 0.85643 -0.33344 0.39413 0.85643 -0.33344 -0.14068 0.98995 0.01458 -0.14068 0.98995 0.01458 -0.14068 0.98995 0.01458 -0.55963 -0.07715 0.82514 -0.55963 -0.07715 0.82514 -0.55963 -0.07715 0.82514 0.38817 0.20536 0.89842 0.38817 0.20536 0.89842 0.38817 0.20536 0.89842 -0.06555 -0.42754 0.90162 -0.06555 -0.42754 0.90162 -0.06555 -0.42754 0.90162 0.32163 -0.81139 -0.48805 0.32163 -0.81139 -0.48805 0.32163 -0.81139 -0.48805 -0.17596 -0.55184 -0.81518 -0.17596 -0.55184 -0.81518 -0.17596 -0.55184 -0.81518 -0.57294 -0.59184 0.56698 -0.57294 -0.59184 0.56698 -0.57294 -0.59184 0.56698 0.20769 -0.86678 0.45339 0.20769 -0.86678 0.45339 0.20769 -0.86678 0.45339 0.38949 0.07062 -0.91832 0.38949 0.07062 -0.91832 0.38949 0.07062 -0.91832 -0.13913 0.31853 -0.93765 -0.13913 0.31853 -0.93765 -0.13913 0.31853 -0.93765 0.13555 -0.93332 0.33248 0.13555 -0.93332 0.33248 0.13555 -0.93332 0.33248</float_array>
          <technique_common>
            <accessor count="2577" source="#g0_chrome-nrm-array" stride="3">
              <param type="float" name="X"/>
              <param type="float" name="Y"/>
              <param type="float" name="Z"/>
            </accessor>
          </technique_common>
        </source>
        <vertices id="g0_chrome-pos-vertices">
          <input semantic="POSITION" source="#g0_chrome-pos"/>
        </vertices>
        <triangles count="2366" material="chrome-ref">
          <input offset="0" semantic="VERTEX" source="#g0_chrome-pos-vertices"/>
          <input offset="1" semantic="NORMAL" source="#g0_chrome-nrm"/>
          <p>446 446 405 405 419 419 441 441 440 440 495 495 437 437 396 396 402 402 411 411 264 264 434 434 424 424 400 400 261 261 401 401 268 268 444 444 408 408 287 287 403 403 439 439 408 408 466 466 429 429 448 448 256 256 447 447 412 412 407 407 428 428 401 401 443 443 415 415 260 260 442 442 438 438 262 262 414 414 442 442 260 260 413 413 433 433 390 390 422 422 460 460 390 390 433 433 445 445 411 411 434 434 449 449 428 428 443 443 489 489 482 482 470 470 483 483 473 473 440 440 470 470 438 438 462 462 485 485 445 445 478 478 475 475 455 455 468 468 491 491 467 467 450 450 492 492 446 446 435 435 482 482 451 451 470 470 477 477 463 463 471 471 447 447 407 407 436 436 486 486 476 476 487 487 475 475 468 468 488 488 494 494 458 458 459 459 488 488 468 468 494 494 480 480 469 469 481 481 484 484 450 450 464 464 405 405 265 265 419 419 384 384 386 386 358 358 373 373 383 383 377 377 375 375 380 380 374 374 374 374 380 380 378 378 390 390 223 223 257 257 357 357 354 354 384 384 355 355 383 383 356 356 383 383 354 354 356 356 384 384 358 358 357 357 373 373 377 377 376 376 386 386 389 389 368 368 350 350 371 371 372 372 253 253 398 398 406 406 253 253 406 406 419 419 431 431 410 410 250 250 266 266 392 392 391 391 242 242 262 262 427 427 472 472 437 437 430 430 466 466 403 403 417 417 451 451 261 261 427 427 461 461 400 400 424 424 435 435 398 398 412 412 441 441 428 428 449 449 473 473 466 466 417 417 456 456 431 431 404 404 462 462 414 414 465 465 484 484 464 464 456 456 458 458 421 421 448 448 453 453 442 442 413 413 465 465 423 423 408 408 371 371 373 373 372 372 371 371 387 387 374 374 371 371 374 374 373 373 387 387 375 375 374 374 487 487 461 461 489 489 422 422 469 469 460 460 442 442 481 481 452 452 593 593 488 488 494 494 616 616 492 492 488 488 600 600 493 493 602 602 595 595 494 494 481 481 599 599 487 487 489 489 489 489 465 465 493 493 424 424 451 451 461 461 487 487 472 472 461 461 474 474 492 492 490 490 480 480 481 481 494 494 478 478 490 490 485 485 475 475 492 492 479 479 471 471 491 491 477 477 475 475 488 488 492 492 444 444 467 467 471 471 435 435 479 479 492 492 448 448 459 459 458 458 454 454 486 486 453 453 427 427 470 470 451 451 429 429 460 460 459 459 440 440 477 477 483 483 457 457 468 468 436 436 425 425 473 473 417 417 489 489 601 601 599 599 447 447 468 468 455 455 460 460 480 480 459 459 414 414 462 462 438 438 408 408 439 439 465 465 450 450 410 410 464 464 448 448 429 429 459 459 415 415 442 442 452 452 453 453 481 481 442 442 473 473 425 425 440 440 476 476 437 437 472 472 468 468 447 447 436 436 471 471 443 443 444 444 463 463 441 441 449 449 470 470 427 427 438 438 474 474 432 432 446 446 456 456 404 404 445 445 466 466 493 493 465 465 464 464 410 410 456 456 472 472 430 430 461 461 469 469 422 422 452 452 475 475 435 435 455 455 467 467 426 426 450 450 467 467 444 444 426 426 463 463 449 449 443 443 473 473 483 483 493 493 485 485 490 490 613 613 450 450 484 484 491 491 482 482 489 489 461 461 462 462 489 489 470 470 459 459 480 480 494 494 462 462 465 465 489 489 466 466 473 473 493 493 456 456 485 485 484 484 427 427 261 261 242 242 460 460 469 469 480 480 452 452 481 481 469 469 441 441 463 463 477 477 471 471 467 467 491 491 434 434 474 474 478 478 478 478 474 474 490 490 472 472 487 487 476 476 338 338 335 335 333 333 311 311 338 338 333 333 313 313 316 316 338 338 338 338 311 311 313 313 333 333 309 309 311 311 331 331 277 277 309 309 343 343 336 336 341 341 343 343 337 337 336 336 340 340 335 335 338 338 309 309 333 333 331 331 339 339 345 345 334 334 337 337 334 334 336 336 336 336 334 334 332 332 336 336 331 331 335 335 337 337 342 342 339 339 335 335 341 341 336 336 335 335 340 340 341 341 342 342 343 343 319 319 370 370 515 515 365 365 365 365 515 515 366 366 367 367 364 364 363 363 366 366 357 357 362 362 364 364 360 360 361 361 363 363 361 361 356 356 317 317 315 315 341 341 318 318 339 339 342 342 337 337 343 343 342 342 341 341 315 315 319 319 341 341 340 340 317 317 316 316 317 317 340 340 342 342 319 319 318 318 339 339 314 314 329 329 345 345 330 330 334 334 336 336 332 332 331 331 322 322 317 317 316 316 276 276 309 309 277 277 276 276 275 275 309 309 275 275 310 310 309 309 328 328 329 329 314 314 327 327 324 324 325 325 325 325 320 320 323 323 326 326 321 321 322 322 323 323 319 319 321 321 316 316 313 313 290 290 320 320 328 328 319 319 315 315 317 317 321 321 317 317 322 322 321 321 319 319 323 323 320 320 320 320 324 324 328 328 320 320 325 325 324 324 321 321 325 325 323 323 273 273 272 272 312 312 339 339 318 318 314 314 344 344 339 339 329 329 330 330 345 345 346 346 319 319 343 343 341 341 275 275 274 274 310 310 309 309 310 310 311 311 310 310 313 313 311 311 274 274 273 273 312 312 363 363 366 366 367 367 312 312 290 290 313 313 272 272 290 290 312 312 275 275 205 205 274 274 328 328 314 314 318 318 321 321 319 319 315 315 328 328 318 318 319 319 316 316 340 340 338 338 355 355 356 356 361 361 361 361 363 363 364 364 373 373 376 376 372 372 375 375 387 387 388 388 371 371 350 350 387 387 385 385 383 383 355 355 386 386 368 368 358 358 385 385 355 355 308 308 355 355 361 361 308 308 369 369 370 370 365 365 386 386 379 379 389 389 384 384 380 380 379 379 381 381 377 377 383 383 382 382 378 378 380 380 381 381 376 376 377 377 379 379 375 375 388 388 383 383 373 373 378 378 428 428 391 391 392 392 413 413 233 233 396 396 422 422 255 255 259 259 422 422 258 258 255 255 407 407 394 394 254 254 431 431 243 243 404 404 428 428 397 397 266 266 411 411 251 251 264 264 401 401 392 392 267 267 378 378 373 373 374 374 430 430 402 402 400 400 308 308 361 361 360 360 357 357 363 363 356 356 357 357 366 366 363 363 359 359 368 368 365 365 359 359 365 365 362 362 368 368 369 369 365 365 356 356 354 354 357 357 372 372 347 347 351 351 352 352 331 331 330 330 277 277 331 331 352 352 351 351 350 350 372 372 347 347 348 348 282 282 348 348 283 283 282 282 349 349 289 289 284 284 362 362 357 357 359 359 330 330 346 346 352 352 359 359 357 357 358 358 381 381 308 308 349 349 372 372 348 348 347 347 376 376 349 349 348 348 349 349 376 376 381 381 348 348 372 372 376 376 362 362 365 365 366 366 347 347 282 282 281 281 388 388 389 389 379 379 375 375 379 379 380 380 378 378 382 382 383 383 383 383 385 385 381 381 379 379 386 386 384 384 354 354 380 380 384 384 354 354 383 383 380 380 308 308 381 381 385 385 432 432 474 474 434 434 284 284 348 348 349 349 284 284 283 283 348 348 331 331 332 332 330 330 85 85 45 45 39 39 331 331 333 333 335 335 345 345 339 339 344 344 334 334 337 337 339 339 571 571 568 568 12 12 582 582 5 5 15 15 3 3 9 9 573 573 15 15 12 12 568 568 4 4 576 576 572 572 1 1 13 13 575 575 604 604 6 6 585 585 4 4 572 572 571 571 571 571 12 12 4 4 568 568 587 587 15 15 6 6 604 604 578 578 586 586 570 570 8 8 3 3 569 569 576 576 580 580 13 13 16 16 13 13 579 579 575 575 578 578 590 590 2 2 574 574 573 573 9 9 582 582 581 581 5 5 491 491 610 610 608 608 477 477 608 608 609 609 603 603 602 602 493 493 618 618 621 621 620 620 409 409 621 621 619 619 366 366 515 515 624 624 486 486 597 597 596 596 487 487 599 599 598 598 596 596 481 481 486 486 580 580 16 16 581 581 477 477 491 491 608 608 597 597 486 486 487 487 481 481 596 596 594 594 614 614 615 615 492 492 575 575 588 588 1 1 589 589 584 584 11 11 2 2 590 590 589 589 562 562 563 563 561 561 559 559 558 558 560 560 557 557 556 556 558 558 548 548 550 550 526 526 549 549 552 552 550 550 553 553 554 554 552 552 553 553 555 555 554 554 558 558 559 559 557 557 560 560 561 561 559 559 561 561 560 560 562 562 564 564 565 565 563 563 566 566 567 567 565 565 565 565 564 564 566 566 500 500 526 526 498 498 328 328 502 502 501 501 328 328 503 503 502 502 503 503 327 327 504 504 573 573 569 569 3 3 9 9 577 577 574 574 580 580 579 579 13 13 15 15 587 587 582 582 581 581 16 16 5 5 588 588 583 583 10 10 583 583 0 0 10 10 0 0 583 583 585 585 570 570 577 577 8 8 612 612 484 484 485 485 556 556 557 557 555 555 555 555 553 553 556 556 552 552 551 551 553 553 552 552 549 549 551 551 550 550 548 548 549 549 526 526 500 500 548 548 563 563 562 562 564 564 118 118 81 81 76 76 46 46 7 7 32 32 7 7 11 11 584 584 94 94 66 66 54 54 69 69 57 57 83 83 109 109 49 49 62 62 86 86 53 53 64 64 122 122 101 101 84 84 82 82 72 72 97 97 99 99 68 68 103 103 116 116 83 83 66 66 105 105 52 52 106 106 93 93 69 69 83 83 104 104 75 75 77 77 79 79 64 64 47 47 100 100 91 91 128 128 80 80 100 100 128 128 57 57 29 29 36 36 96 96 40 40 81 81 89 89 25 25 58 58 87 87 56 56 43 43 91 91 24 24 48 48 71 71 35 35 45 45 65 65 48 48 33 33 77 77 32 32 52 52 73 73 60 60 30 30 86 86 79 79 120 120 65 65 33 33 56 56 40 40 61 61 31 31 83 83 36 36 37 37 72 72 76 76 27 27 65 65 107 107 91 91 598 598 597 597 487 487 112 112 65 65 92 92 621 621 297 297 620 620 70 70 88 88 94 94 42 42 99 99 98 98 105 105 104 104 77 77 90 90 47 47 80 80 267 267 266 266 292 292 292 292 409 409 619 619 624 624 367 367 366 366 622 622 297 297 623 623 53 53 86 86 78 78 297 297 622 622 620 620 495 495 288 288 297 297 297 297 288 288 287 287 409 409 495 495 621 621 495 495 297 297 621 621 613 613 612 612 485 485 489 489 493 493 600 600 61 61 125 125 111 111 114 114 118 118 76 76 85 85 111 111 124 124 95 95 85 85 124 124 95 95 132 132 71 71 123 123 110 110 71 71 49 49 109 109 108 108 61 61 96 96 125 125 75 75 104 104 103 103 505 505 504 504 507 507 74 74 111 111 85 85 118 118 96 96 81 81 138 138 67 67 98 98 92 92 129 129 112 112 71 71 110 110 44 44 75 75 103 103 68 68 43 43 108 108 87 87 416 416 465 465 414 414 498 498 497 497 499 499 496 496 501 501 497 497 257 257 258 258 390 390 241 241 400 400 402 402 252 252 249 249 423 423 263 263 250 250 410 410 393 393 450 450 426 426 399 399 457 457 436 436 498 498 499 499 500 500 395 395 448 448 421 421 441 441 477 477 440 440 419 419 435 435 446 446 421 421 458 458 457 457 390 390 460 460 429 429 261 261 451 451 424 424 409 409 428 428 441 441 231 231 395 395 399 399 267 267 268 268 401 401 426 426 444 444 268 268 251 251 411 411 404 404 397 397 428 428 409 409 394 394 407 407 412 412 395 395 256 256 448 448 258 258 422 422 390 390 254 254 399 399 407 407 431 431 456 456 410 410 239 239 390 390 256 256 259 259 415 415 422 422 259 259 260 260 415 415 252 252 423 423 414 414 288 288 403 403 287 287 391 391 428 428 266 266 501 501 329 329 328 328 453 453 486 486 481 481 437 437 454 454 413 413 262 262 438 438 427 427 408 408 403 403 466 466 393 393 418 418 450 450 445 445 485 485 456 456 446 446 492 492 474 474 457 457 458 458 468 468 466 466 465 465 439 439 264 264 432 432 434 434 454 454 476 476 486 486 482 482 461 461 451 451 458 458 494 494 468 468 437 437 476 476 454 454 434 434 478 478 445 445 435 435 475 475 479 479 443 443 471 471 463 463 400 400 461 461 430 430 405 405 446 446 432 432 447 447 455 455 412 412 413 413 454 454 453 453 423 423 465 465 416 416 495 495 440 440 425 425 421 421 457 457 399 399 415 415 452 452 422 422 402 402 430 430 437 437 392 392 401 401 428 428 401 401 444 444 443 443 410 410 450 450 418 418 412 412 455 455 435 435 390 390 429 429 256 256 406 406 435 435 419 419 398 398 435 435 406 406 407 407 420 420 436 436 547 547 544 544 546 546 532 532 535 535 533 533 534 534 536 536 535 535 538 538 539 539 537 537 540 540 541 541 539 539 542 542 543 543 541 541 542 542 545 545 543 543 544 544 547 547 545 545 547 547 546 546 528 528 532 532 533 533 531 531 545 545 542 542 544 544 515 515 516 516 514 514 512 512 514 514 513 513 510 510 513 513 511 511 510 510 511 511 508 508 507 507 508 508 506 506 507 507 506 506 505 505 531 531 530 530 532 532 507 507 509 509 508 508 508 508 509 509 510 510 513 513 510 510 512 512 389 389 518 518 536 536 517 517 389 389 536 536 368 368 389 389 517 517 536 536 534 534 517 517 535 535 532 532 534 534 504 504 505 505 503 503 529 529 528 528 530 530 497 497 498 498 496 496 541 541 540 540 542 542 539 539 538 538 540 540 528 528 527 527 547 547 528 528 529 529 527 527 530 530 531 531 529 529 288 288 425 425 403 403 514 514 512 512 515 515 388 388 519 519 518 518 350 350 520 520 519 519 351 351 521 521 520 520 351 351 522 522 521 521 353 353 523 523 522 522 352 352 524 524 523 523 346 346 525 525 524 524 522 522 351 351 353 353 288 288 495 495 425 425 396 396 437 437 413 413 263 263 410 410 418 418 411 411 445 445 404 404 495 495 409 409 441 441 395 395 421 421 399 399 405 405 432 432 264 264 515 515 370 370 516 516 328 328 327 327 503 503 520 520 350 350 351 351 519 519 387 387 350 350 519 519 388 388 387 387 389 389 388 388 518 518 517 517 369 369 368 368 517 517 516 516 370 370 517 517 370 370 369 369 330 330 332 332 334 334 344 344 329 329 496 496 501 501 496 496 329 329 496 496 525 525 345 345 496 496 345 345 344 344 346 346 345 345 525 525 524 524 352 352 346 346 523 523 353 353 352 352 136 136 84 84 102 102 142 142 106 106 78 78 82 82 133 133 76 76 131 131 73 73 110 110 73 73 131 131 102 102 321 321 326 326 325 325 121 121 87 87 108 108 133 133 114 114 76 76 137 137 102 102 131 131 78 78 86 86 126 126 130 130 89 89 101 101 153 153 113 113 109 109 144 144 108 108 113 113 129 129 92 92 87 87 121 121 129 129 87 87 143 143 128 128 91 91 158 158 90 90 128 128 150 150 106 106 142 142 179 179 158 158 128 128 196 196 168 168 150 150 203 203 133 133 176 176 175 175 147 147 166 166 165 165 164 164 125 125 183 183 122 122 135 135 182 182 130 130 183 183 199 199 152 152 171 171 179 179 143 143 152 152 167 167 97 97 138 138 214 214 151 151 170 170 185 185 139 139 149 149 185 185 278 278 139 139 177 177 138 138 139 139 172 172 137 137 184 184 128 128 90 90 80 80 79 79 90 90 127 127 5 5 37 37 15 15 35 35 44 44 30 30 0 0 31 31 41 41 2 2 27 27 40 40 4 4 33 33 3 3 1 1 26 26 35 35 10 10 0 0 39 39 8 8 32 32 7 7 4 4 34 34 33 33 12 12 49 49 34 34 21 21 14 14 50 50 2 2 11 11 21 21 9 9 17 17 8 8 9 9 22 22 17 17 15 15 29 29 12 12 16 16 25 25 5 5 6 6 2 2 40 40 147 147 96 96 118 118 164 164 111 111 125 125 162 162 95 95 124 124 69 69 93 93 146 146 171 171 112 112 129 129 151 151 86 86 120 120 141 141 105 105 150 150 140 140 103 103 104 104 176 176 133 133 82 82 196 196 150 150 142 142 147 147 125 125 96 96 136 136 102 102 137 137 8 8 23 23 32 32 15 15 36 36 29 29 1 1 35 35 30 30 20 20 23 23 8 8 7 7 46 46 11 11 202 202 163 163 173 173 260 260 211 211 248 248 160 160 136 136 172 172 218 218 155 155 193 193 216 216 153 153 154 154 198 198 188 188 151 151 197 197 169 169 188 188 204 204 148 148 167 167 279 279 148 148 204 204 261 261 212 212 242 242 222 222 199 199 171 171 206 206 158 158 179 179 229 229 170 170 178 178 280 280 176 176 279 279 213 213 174 174 194 194 213 213 173 173 174 174 201 201 161 161 162 162 259 259 232 232 240 240 243 243 188 188 198 198 241 241 172 172 219 219 395 395 216 216 237 237 249 249 284 284 285 285 252 252 227 227 213 213 261 261 225 225 212 212 400 400 219 219 225 225 233 233 200 200 224 224 219 219 172 172 184 184 247 247 191 191 256 256 402 402 224 224 241 241 413 413 248 248 233 233 255 255 232 232 259 259 237 237 238 238 247 247 398 398 222 222 245 245 263 263 228 228 221 221 192 192 134 134 155 155 140 140 104 104 141 141 185 185 149 149 140 140 161 161 132 132 162 162 169 169 126 126 151 151 174 174 124 124 164 164 160 160 135 135 136 136 130 130 101 101 122 122 193 193 117 117 156 156 187 187 142 142 126 126 209 209 145 145 146 146 168 168 141 141 150 150 154 154 109 109 145 145 179 179 128 128 143 143 178 178 127 127 90 90 188 188 169 169 151 151 200 200 135 135 160 160 221 221 197 197 188 188 222 222 171 171 189 189 277 277 195 195 276 276 278 278 204 204 167 167 283 283 165 165 175 175 225 225 184 184 157 157 223 223 192 192 155 155 223 223 159 159 192 192 216 216 154 154 209 209 3 3 24 24 18 18 277 277 185 185 195 195 279 279 204 204 278 278 201 201 162 162 202 202 224 224 160 160 172 172 211 211 181 181 182 182 210 210 193 193 156 156 190 190 153 153 230 230 73 73 30 30 44 44 37 37 5 5 25 25 30 30 13 13 1 1 38 38 16 16 19 19 26 26 1 1 10 10 72 72 50 50 97 97 84 84 55 55 60 60 58 58 59 59 101 101 94 94 54 54 70 70 27 27 2 2 21 21 37 37 36 36 15 15 47 47 22 22 9 9 62 62 12 12 29 29 99 99 42 42 68 68 76 76 72 72 82 82 106 106 63 63 78 78 111 111 74 74 61 61 28 28 14 14 11 11 37 37 66 66 83 83 37 37 70 70 54 54 59 59 58 58 38 38 53 53 78 78 63 63 51 51 80 80 47 47 20 20 8 8 17 17 21 21 11 11 14 14 31 31 0 0 6 6 88 88 70 70 89 89 18 18 9 9 3 3 10 10 1 1 588 588 9 9 8 8 577 577 92 92 56 56 87 87 41 41 39 39 0 0 24 24 3 3 33 33 31 31 6 6 40 40 607 607 483 483 477 477 292 292 269 269 267 267 28 28 11 11 42 42 481 481 594 594 595 595 615 615 613 613 492 492 611 611 610 610 484 484 491 491 484 484 610 610 492 492 616 616 614 614 477 477 609 609 606 606 477 477 606 606 607 607 35 35 26 26 45 45 59 59 19 19 55 55 43 43 56 56 34 34 63 63 20 20 53 53 76 76 40 40 27 27 60 60 13 13 30 30 58 58 16 16 38 38 489 489 600 600 601 601 108 108 43 43 49 49 106 106 52 52 63 63 43 43 34 34 49 49 266 266 409 409 292 292 620 620 617 617 618 618 494 494 592 592 593 593 591 591 592 592 494 494 593 593 616 616 488 488 29 29 57 57 62 62 85 85 95 95 45 45 494 494 595 595 591 591 613 613 490 490 492 492 483 483 607 607 605 605 605 605 603 603 483 483 484 484 612 612 611 611 493 493 483 483 603 603 39 39 45 45 10 10 34 34 56 56 33 33 19 19 59 59 38 38 21 21 50 50 72 72 23 23 63 63 52 52 62 62 49 49 12 12 18 18 51 51 47 47 47 47 64 64 22 22 16 16 58 58 25 25 24 24 91 91 51 51 19 19 60 60 55 55 31 31 61 61 41 41 21 21 72 72 27 27 28 28 67 67 50 50 33 33 48 48 24 24 23 23 52 52 32 32 20 20 63 63 23 23 13 13 19 19 16 16 4 4 12 12 34 34 93 93 83 83 146 146 585 585 6 6 0 0 589 589 11 11 2 2 586 586 8 8 584 584 576 576 4 4 3 3 584 584 8 8 7 7 578 578 2 2 6 6 14 14 28 28 50 50 35 35 71 71 44 44 46 46 68 68 42 42 36 36 83 83 57 57 25 25 70 70 37 37 28 28 42 42 67 67 46 46 75 75 68 68 22 22 64 64 53 53 41 41 74 74 39 39 91 91 80 80 51 51 57 57 69 69 62 62 67 67 42 42 98 98 44 44 110 110 73 73 52 52 105 105 77 77 25 25 89 89 70 70 60 60 73 73 84 84 45 45 95 95 71 71 50 50 67 67 97 97 40 40 96 96 61 61 76 76 81 81 40 40 46 46 77 77 75 75 65 65 56 56 92 92 54 54 66 66 37 37 41 41 61 61 74 74 46 46 32 32 77 77 39 39 74 74 85 85 46 46 42 42 11 11 18 18 47 47 9 9 26 26 10 10 45 45 17 17 53 53 20 20 22 22 53 53 17 17 24 24 51 51 18 18 13 13 60 60 19 19 55 55 84 84 101 101 117 117 88 88 89 89 64 64 79 79 86 86 47 47 90 90 79 79 91 91 100 100 80 80 48 48 65 65 91 91 69 69 109 109 62 62 58 58 101 101 89 89 55 55 101 101 59 59 108 108 144 144 121 121 86 86 151 151 126 126 107 107 112 112 152 152 109 109 154 154 153 153 69 69 146 146 145 145 106 106 150 150 105 105 78 78 126 126 142 142 79 79 127 127 151 151 91 91 107 107 143 143 103 103 140 140 149 149 115 115 145 145 109 109 116 116 159 159 146 146 95 95 162 162 132 132 135 135 200 200 183 183 119 119 167 167 148 148 142 142 187 187 196 196 152 152 199 199 179 179 98 98 139 139 138 138 124 124 174 174 173 173 118 118 166 166 147 147 118 118 133 133 166 166 138 138 177 177 167 167 141 141 186 186 140 140 89 89 156 156 117 117 123 123 184 184 131 131 123 123 157 157 184 184 144 144 190 190 121 121 98 98 149 149 139 139 127 127 170 170 151 151 107 107 152 152 143 143 112 112 171 171 152 152 111 111 164 164 124 124 125 125 147 147 165 165 82 82 148 148 176 176 122 122 183 183 130 130 117 117 193 193 155 155 130 130 181 181 156 156 126 126 169 169 187 187 127 127 178 178 170 170 90 90 158 158 178 178 129 129 189 189 171 171 121 121 190 190 180 180 145 145 209 209 154 154 159 159 191 191 146 146 137 137 172 172 136 136 202 202 220 220 201 201 185 185 277 277 278 278 178 178 206 206 229 229 189 189 215 215 222 222 209 209 237 237 216 216 146 146 217 217 209 209 129 129 180 180 189 189 146 146 191 191 217 217 161 161 212 212 157 157 163 163 202 202 162 162 130 130 182 182 181 181 131 131 184 184 137 137 123 123 161 161 157 157 185 185 140 140 195 195 140 140 186 186 195 195 124 124 163 163 162 162 153 153 190 190 144 144 134 134 192 192 159 159 124 124 173 173 163 163 147 147 175 175 165 165 133 133 203 203 166 166 141 141 205 205 186 186 141 141 168 168 205 205 313 313 310 310 312 312 364 364 297 297 296 296 367 367 307 307 306 306 367 367 306 306 305 305 367 367 305 305 304 304 367 367 304 304 303 303 367 367 303 303 302 302 302 302 301 301 297 297 297 297 367 367 302 302 287 287 286 286 297 297 312 312 310 310 274 274 297 297 364 364 367 367 295 295 360 360 364 364 294 294 308 308 360 360 308 308 294 294 349 349 360 360 295 295 294 294 364 364 296 296 295 295 290 290 322 322 316 316 324 324 327 327 328 328 297 297 286 286 296 296 286 286 285 285 294 294 286 286 294 294 295 295 285 285 284 284 289 289 326 326 269 269 292 292 326 326 291 291 269 269 322 322 290 290 291 291 134 134 159 159 116 116 297 297 301 301 300 300 297 297 300 300 299 299 297 297 299 299 298 298 297 297 298 298 623 623 289 289 349 349 294 294 289 289 294 294 285 285 295 295 296 296 286 286 326 326 292 292 293 293 141 141 104 104 105 105 107 107 65 65 112 112 115 115 109 109 69 69 66 66 134 134 116 116 66 66 94 94 134 134 88 88 134 134 94 94 88 88 155 155 134 134 291 291 326 326 322 322 82 82 97 97 119 119 272 272 271 271 290 290 290 290 271 271 291 291 271 271 270 270 291 291 270 270 269 269 291 291 116 116 146 146 83 83 121 121 180 180 129 129 132 132 161 161 123 123 393 393 196 196 228 228 69 69 145 145 115 115 113 113 153 153 144 144 79 79 151 151 120 120 97 97 67 67 138 138 119 119 148 148 82 82 84 84 136 136 135 135 84 84 135 135 122 122 88 88 117 117 155 155 103 103 149 149 99 99 99 99 149 149 98 98 97 97 167 167 119 119 114 114 133 133 118 118 71 71 132 132 123 123 110 110 123 123 131 131 89 89 130 130 156 156 236 236 412 412 245 245 198 198 214 214 243 243 180 180 236 236 215 215 190 190 230 230 236 236 209 209 217 217 237 237 210 210 240 240 232 232 431 431 250 250 243 243 244 244 419 419 265 265 412 412 398 398 245 245 231 231 399 399 230 230 273 273 205 205 196 196 280 280 281 281 166 166 281 281 175 175 166 166 286 286 287 287 408 408 194 194 284 284 213 213 236 236 394 394 412 412 248 248 413 413 260 260 220 220 262 262 242 242 256 256 395 395 247 247 258 258 257 257 223 223 285 285 423 423 249 249 263 263 418 418 228 228 235 235 265 265 405 405 222 222 398 398 253 253 230 230 254 254 246 246 223 223 390 390 239 239 224 224 396 396 233 233 224 224 402 402 396 396 215 215 236 236 245 245 211 211 260 260 240 240 229 229 251 251 214 214 236 236 230 230 246 246 217 217 247 247 238 238 218 218 232 232 255 255 219 219 400 400 241 241 213 213 284 284 252 252 235 235 405 405 234 234 187 187 221 221 228 228 188 188 250 250 221 221 206 206 234 234 229 229 207 207 235 235 234 234 207 207 244 244 235 235 229 229 264 264 251 251 216 216 231 231 230 230 217 217 238 238 237 237 172 172 241 241 224 224 202 202 226 226 220 220 202 202 227 227 226 226 188 188 243 243 250 250 199 199 244 244 207 207 217 217 191 191 247 247 191 191 239 239 256 256 201 201 220 220 242 242 183 183 248 248 182 182 200 200 233 233 248 248 272 272 273 273 196 196 393 393 426 426 271 271 426 426 270 270 271 271 426 426 269 269 270 270 267 267 269 269 268 268 426 426 268 268 269 269 267 267 392 392 266 266 194 194 283 283 284 284 282 282 283 283 175 175 175 175 281 281 282 282 167 167 177 177 278 278 186 186 205 205 276 276 275 275 276 276 205 205 205 205 273 273 274 274 271 271 272 272 393 393 211 211 182 182 248 248 240 240 210 210 211 211 232 232 193 193 210 210 230 230 153 153 216 216 236 236 180 180 208 208 227 227 202 202 213 213 248 248 183 183 200 200 211 211 156 156 181 181 242 242 212 212 201 201 244 244 199 199 222 222 234 234 206 206 207 207 228 228 196 196 187 187 218 218 193 193 232 232 265 265 235 235 244 244 222 222 253 253 244 244 215 215 245 245 222 222 216 216 395 395 231 231 218 218 258 258 223 223 225 225 261 261 400 400 226 226 414 414 220 220 227 227 252 252 226 226 214 214 404 404 243 243 214 214 251 251 404 404 259 259 240 240 260 260 255 255 258 258 218 218 262 262 220 220 414 414 394 394 236 236 246 246 156 156 211 211 210 210 264 264 229 229 234 234 263 263 221 221 250 250 414 414 226 226 252 252 237 237 247 247 395 395 254 254 230 230 399 399 394 394 246 246 254 254 419 419 244 244 253 253 264 264 234 234 405 405 393 393 228 228 418 418 423 423 285 285 286 286 286 286 408 408 423 423 196 196 393 393 272 272 157 157 212 212 225 225 180 180 215 215 189 189 190 190 208 208 180 180 160 160 224 224 200 200 170 170 229 229 214 214 179 179 199 199 207 207 190 190 236 236 208 208 159 159 223 223 239 239 155 155 218 218 223 223 184 184 225 225 219 219 159 159 239 239 191 191 161 161 201 201 212 212 164 164 194 194 174 174 165 165 194 194 164 164 148 148 279 279 176 176 169 169 197 197 187 187 158 158 206 206 178 178 176 176 280 280 203 203 168 168 196 196 205 205 151 151 214 214 198 198 179 179 207 207 206 206 197 197 221 221 187 187 195 195 186 186 276 276 165 165 283 283 194 194 173 173 213 213 202 202 628 628 627 627 625 625 625 625 627 627 626 626 629 629 628 628 625 625 630 630 633 633 632 632 632 632 631 631 630 630 636 636 637 637 635 635 635 635 634 634 636 636 638 638 639 639 644 644 644 644 642 642 643 643 644 644 645 645 638 638 649 649 648 648 657 657 654 654 649 649 659 659 653 653 654 654 660 660 650 650 653 653 662 662 646 646 650 650 661 661 648 648 651 651 658 658 647 647 646 646 656 656 655 655 656 656 646 646 641 641 640 640 647 647 647 647 656 656 641 641 652 652 643 643 642 642 651 651 652 652 658 658 642 642 658 658 652 652 658 658 657 657 648 648 657 657 659 659 649 649 659 659 660 660 654 654 660 660 662 662 653 653 662 662 661 661 650 650 661 661 655 655 646 646 643 643 645 645 644 644 681 681 686 686 699 699 702 702 674 674 675 675 679 679 698 698 706 706 703 703 672 672 673 673 704 704 700 700 664 664 706 706 676 676 680 680 694 694 693 693 701 701 700 700 701 701 690 690 698 698 678 678 677 677 690 690 689 689 700 700 688 688 687 687 700 700 706 706 680 680 679 679 696 696 695 695 701 701 691 691 690 690 701 701 699 699 682 682 681 681 698 698 679 679 678 678 685 685 684 684 699 699 695 695 694 694 701 701 701 701 692 692 691 691 683 683 682 682 699 699 693 693 692 692 701 701 701 701 697 697 696 696 689 689 688 688 700 700 699 699 677 677 685 685 708 708 707 707 669 669 670 670 671 671 708 708 708 708 669 669 670 670 667 667 668 668 707 707 666 666 667 667 707 707 664 664 663 663 704 704 676 676 706 706 705 705 675 675 705 705 702 702 699 699 684 684 683 683 703 703 708 708 671 671 663 663 666 666 704 704 702 702 673 673 674 674 677 677 699 699 698 698 703 703 671 671 672 672 707 707 704 704 666 666 665 665 664 664 700 700 687 687 665 665 700 700 705 705 675 675 676 676 673 673 702 702 703 703 707 707 668 668 669 669 714 714 715 715 748 748 735 735 747 747 746 746 742 742 743 743 747 747 747 747 735 735 736 736 747 747 736 736 737 737 721 721 722 722 745 745 723 723 724 724 744 744 712 712 713 713 748 748 722 722 723 723 744 744 747 747 739 739 740 740 745 745 729 729 730 730 717 717 718 718 751 751 725 725 711 711 749 749 745 745 732 732 726 726 740 740 741 741 747 747 745 745 726 726 727 727 745 745 728 728 729 729 745 745 727 727 728 728 730 730 731 731 745 745 750 750 748 748 715 715 746 746 733 733 734 734 744 744 745 745 722 722 720 720 721 721 745 745 738 738 739 739 747 747 741 741 742 742 747 747 746 746 734 734 735 735 737 737 738 738 747 747 715 715 716 716 750 750 709 709 752 752 753 753 716 716 717 717 751 751 731 731 720 720 745 745 752 752 709 709 710 710 752 752 710 710 719 719 749 749 744 744 725 725 753 753 718 718 709 709 733 733 746 746 752 752 711 711 712 712 749 749 716 716 751 751 750 750 753 753 751 751 718 718 748 748 749 749 712 712 713 713 714 714 748 748 752 752 719 719 733 733 724 724 725 725 744 744 755 755 756 756 757 757 755 755 757 757 754 754 758 758 760 760 761 761 764 764 763 763 759 759 763 763 762 762 759 759 762 762 760 760 759 759 760 760 762 762 761 761 767 767 766 766 768 768 768 768 769 769 767 767 765 765 766 766 767 767 773 773 774 774 772 772 774 774 771 771 772 772 772 772 770 770 773 773 779 779 783 783 781 781 776 776 779 779 781 781 781 781 783 783 782 782 777 777 783 783 780 780 777 777 779 779 778 778 777 777 778 778 775 775 780 780 783 783 779 779 779 779 777 777 780 780 783 783 777 777 782 782 785 785 787 787 784 784 786 786 787 787 785 785 789 789 790 790 792 792 791 791 792 792 793 793 788 788 791 791 793 793 792 792 791 791 789 789 795 795 794 794 796 796 797 797 795 795 796 796 799 799 801 801 798 798 799 799 800 800 801 801 804 804 806 806 805 805 804 804 805 805 803 803 802 802 805 805 806 806 802 802 806 806 807 807 810 810 809 809 808 808 810 810 811 811 809 809 814 814 815 815 813 813 814 814 812 812 815 815 818 818 820 820 819 819 819 819 820 820 821 821 817 817 819 819 821 821 818 818 819 819 816 816 824 824 823 823 825 825 825 825 823 823 822 822 827 827 826 826 828 828 827 827 828 828 829 829 833 833 832 832 830 830 831 831 833 833 830 830 832 832 833 833 834 834 835 835 832 832 834 834 838 838 839 839 837 837 837 837 836 836 838 838 840 840 844 844 841 841 842 842 843 843 840 840 840 840 843 843 844 844 845 845 849 849 850 850 849 849 848 848 850 850 845 845 850 850 851 851 850 850 848 848 847 847 846 846 850 850 847 847 854 854 856 856 853 853 855 855 853 853 856 856 854 854 853 853 852 852 861 861 859 859 863 863 863 863 862 862 861 861 859 859 860 860 863 863 862 862 857 857 858 858 861 861 862 862 858 858 858 858 859 859 861 861 857 857 862 862 864 864 862 862 863 863 864 864 868 868 867 867 866 866 866 866 865 865 868 868 871 871 870 870 872 872 871 871 872 872 869 869 878 878 877 877 875 875 879 879 877 877 878 878 877 877 876 876 874 874 875 875 877 877 874 874 873 873 876 876 879 879 876 876 877 877 879 879 882 882 883 883 881 881 882 882 880 880 883 883 885 885 887 887 889 889 887 887 888 888 889 889 887 887 884 884 886 886 886 886 888 888 887 887 892 892 891 891 890 890 892 892 893 893 891 891 896 896 897 897 895 895 897 897 894 894 895 895 900 900 902 902 899 899 898 898 901 901 903 903 902 902 901 901 899 899 901 901 902 902 903 903 906 906 905 905 907 907 905 905 904 904 907 907 911 911 912 912 908 908 912 912 910 910 913 913 909 909 913 913 910 910 912 912 913 913 908 908 914 914 917 917 916 916 916 916 917 917 915 915 918 918 921 921 920 920 920 920 921 921 919 919 922 922 924 924 925 925 925 925 923 923 922 922 928 928 934 934 932 932 926 926 934 934 928 928 932 932 933 933 928 928 928 928 927 927 926 926 927 927 929 929 926 926 930 930 929 929 931 931 929 929 927 927 931 931 938 938 935 935 936 936 936 936 937 937 938 938 939 939 942 942 941 941 941 941 940 940 939 939 946 946 943 943 944 944 944 944 945 945 946 946 949 949 952 952 950 950 948 948 950 950 951 951 950 950 948 948 949 949 951 951 947 947 948 948 954 954 956 956 955 955 955 955 953 953 954 954 963 963 964 964 965 965 963 963 957 957 958 958 958 958 964 964 963 963 959 959 962 962 963 963 959 959 961 961 962 962 959 959 960 960 961 961 963 963 965 965 959 959 969 969 966 966 967 967 966 966 969 969 968 968 973 973 972 972 970 970 972 972 971 971 970 970 975 975 977 977 978 978 978 978 974 974 975 975 976 976 977 977 975 975 980 980 982 982 981 981 982 982 980 980 979 979 986 986 983 983 984 984 985 985 986 986 984 984 989 989 987 987 988 988 988 988 990 990 989 989 1000 1000 1007 1007 997 997 993 993 999 999 1008 1008 1008 1008 995 995 993 993 1005 1005 1009 1009 996 996 1007 1007 1000 1000 1003 1003 992 992 1000 1000 997 997 992 992 997 997 991 991 1003 1003 995 995 1007 1007 1005 1005 1001 1001 1002 1002 1010 1010 1001 1001 1005 1005 1002 1002 1009 1009 1005 1005 1006 1006 998 998 996 996 993 993 994 994 999 999 995 995 1008 1008 1007 1007 996 996 998 998 1005 1005 1006 1006 996 996 994 994 994 994 993 993 1006 1006 999 999 1004 1004 1008 1008 1005 1005 1011 1011 1010 1010 1012 1012 1015 1015 1014 1014 1013 1013 1012 1012 1014 1014 1018 1018 1016 1016 1017 1017 1016 1016 1018 1018 1019 1019 1022 1022 1021 1021 1020 1020 1020 1020 1023 1023 1022 1022 1021 1021 1022 1022 1024 1024 1028 1028 1027 1027 1026 1026 1026 1026 1025 1025 1028 1028 1030 1030 1031 1031 1032 1032 1032 1032 1029 1029 1030 1030 1036 1036 1033 1033 1034 1034 1034 1034 1035 1035 1036 1036 1039 1039 1038 1038 1037 1037 1037 1037 1040 1040 1039 1039 1044 1044 1043 1043 1041 1041 1044 1044 1041 1041 1042 1042 1046 1046 1047 1047 1048 1048 1047 1047 1046 1046 1045 1045 1051 1051 1050 1050 1049 1049 1049 1049 1052 1052 1051 1051 1053 1053 1055 1055 1056 1056 1054 1054 1053 1053 1056 1056 1060 1060 1057 1057 1058 1058 1059 1059 1060 1060 1058 1058 1061 1061 1063 1063 1064 1064 1063 1063 1061 1061 1062 1062 1067 1067 1065 1065 1066 1066 1066 1066 1068 1068 1067 1067 1076 1076 1073 1073 1079 1079 1079 1079 1069 1069 1070 1070 1071 1071 1072 1072 1074 1074 1078 1078 1071 1071 1074 1074 1076 1076 1078 1078 1073 1073 1070 1070 1075 1075 1079 1079 1079 1079 1081 1081 1076 1076 1081 1081 1079 1079 1075 1075 1077 1077 1081 1081 1075 1075 1074 1074 1080 1080 1078 1078 1078 1078 1080 1080 1073 1073 1084 1084 1082 1082 1083 1083 1083 1083 1085 1085 1084 1084 1088 1088 1087 1087 1086 1086 1086 1086 1089 1089 1088 1088 1090 1090 1091 1091 1092 1092 1092 1092 1093 1093 1090 1090 1094 1094 1095 1095 1097 1097 1094 1094 1097 1097 1096 1096 1101 1101 1100 1100 1099 1099 1099 1099 1098 1098 1101 1101 1104 1104 1102 1102 1103 1103 1103 1103 1105 1105 1104 1104 1109 1109 1108 1108 1107 1107 1107 1107 1106 1106 1109 1109 1113 1113 1110 1110 1111 1111 1113 1113 1112 1112 1110 1110 1111 1111 1114 1114 1113 1113 1115 1115 1117 1117 1118 1118 1117 1117 1115 1115 1116 1116 1120 1120 1121 1121 1122 1122 1122 1122 1119 1119 1120 1120 1124 1124 1126 1126 1125 1125 1125 1125 1123 1123 1124 1124 1129 1129 1127 1127 1128 1128 1128 1128 1130 1130 1129 1129 1133 1133 1132 1132 1131 1131 1131 1131 1134 1134 1133 1133 1135 1135 1136 1136 1137 1137 1137 1137 1138 1138 1135 1135 1142 1142 1139 1139 1140 1140 1140 1140 1141 1141 1142 1142 1145 1145 1143 1143 1144 1144 1144 1144 1146 1146 1145 1145 1148 1148 1147 1147 1149 1149 1149 1149 1150 1150 1148 1148 1152 1152 1153 1153 1154 1154 1154 1154 1151 1151 1152 1152 1156 1156 1158 1158 1157 1157 1157 1157 1155 1155 1156 1156 1162 1162 1160 1160 1161 1161 1161 1161 1163 1163 1162 1162 1163 1163 1161 1161 1159 1159 1166 1166 1164 1164 1165 1165 1165 1165 1167 1167 1166 1166 1170 1170 1169 1169 1168 1168 1168 1168 1171 1171 1170 1170 1174 1174 1173 1173 1172 1172 1172 1172 1175 1175 1174 1174 1178 1178 1179 1179 1177 1177 1177 1177 1176 1176 1178 1178 1181 1181 1182 1182 1183 1183 1182 1182 1181 1181 1180 1180 1186 1186 1187 1187 1184 1184 1184 1184 1185 1185 1186 1186 1188 1188 1189 1189 1192 1192 1193 1193 1190 1190 1191 1191 1193 1193 1192 1192 1189 1189 1189 1189 1190 1190 1193 1193 1196 1196 1194 1194 1195 1195 1194 1194 1196 1196 1197 1197 1201 1201 1200 1200 1204 1204 1200 1200 1198 1198 1205 1205 1199 1199 1203 1203 1205 1205 1205 1205 1198 1198 1199 1199 1205 1205 1204 1204 1200 1200 1204 1204 1202 1202 1201 1201 1206 1206 1209 1209 1210 1210 1209 1209 1206 1206 1207 1207 1210 1210 1208 1208 1206 1206 1211 1211 1213 1213 1214 1214 1212 1212 1211 1211 1214 1214 1217 1217 1215 1215 1216 1216 1216 1216 1218 1218 1217 1217 1221 1221 1222 1222 1220 1220 1221 1221 1220 1220 1219 1219 1224 1224 1226 1226 1225 1225 1226 1226 1224 1224 1223 1223 1227 1227 1230 1230 1229 1229 1230 1230 1227 1227 1228 1228 1231 1231 1234 1234 1233 1233 1234 1234 1231 1231 1232 1232 1236 1236 1237 1237 1238 1238 1235 1235 1236 1236 1238 1238 1241 1241 1240 1240 1239 1239 1239 1239 1242 1242 1241 1241 1249 1249 1255 1255 1254 1254 1255 1255 1256 1256 1254 1254 1246 1246 1243 1243 1244 1244 1244 1244 1245 1245 1246 1246 1251 1251 1247 1247 1246 1246 1251 1251 1250 1250 1247 1247 1253 1253 1250 1250 1249 1249 1246 1246 1245 1245 1251 1251 1248 1248 1252 1252 1253 1253 1253 1253 1249 1249 1248 1248 1254 1254 1248 1248 1249 1249 1250 1250 1253 1253 1247 1247 1258 1258 1257 1257 1259 1259 1257 1257 1260 1260 1259 1259 1262 1262 1264 1264 1263 1263 1261 1261 1262 1262 1263 1263 1269 1269 1267 1267 1265 1265 1265 1265 1268 1268 1269 1269 1268 1268 1265 1265 1266 1266 1270 1270 1271 1271 1272 1272 1270 1270 1271 1271 1272 1272 1275 1275 1276 1276 1273 1273 1276 1276 1277 1277 1274 1274 1274 1274 1273 1273 1276 1276 1279 1279 1280 1280 1281 1281 1281 1281 1278 1278 1279 1279 1285 1285 1282 1282 1283 1283 1283 1283 1284 1284 1285 1285 1288 1288 1286 1286 1287 1287 1287 1287 1289 1289 1288 1288 1293 1293 1292 1292 1291 1291 1293 1293 1291 1291 1290 1290 1295 1295 1296 1296 1297 1297 1297 1297 1294 1294 1295 1295 1298 1298 1299 1299 1301 1301 1299 1299 1300 1300 1301 1301 1305 1305 1303 1303 1302 1302 1302 1302 1304 1304 1305 1305 1307 1307 1309 1309 1310 1310 1307 1307 1308 1308 1309 1309 1308 1308 1307 1307 1306 1306 1314 1314 1315 1315 1312 1312 1315 1315 1311 1311 1312 1312 1316 1316 1313 1313 1311 1311 1311 1311 1315 1315 1316 1316 1318 1318 1319 1319 1320 1320 1317 1317 1318 1318 1320 1320 1321 1321 1323 1323 1324 1324 1324 1324 1322 1322 1321 1321 1327 1327 1326 1326 1325 1325 1325 1325 1328 1328 1327 1327 1332 1332 1331 1331 1330 1330 1331 1331 1329 1329 1330 1330 1333 1333 1336 1336 1335 1335 1335 1335 1334 1334 1333 1333 1339 1339 1337 1337 1338 1338 1339 1339 1340 1340 1337 1337 1343 1343 1342 1342 1341 1341 1342 1342 1343 1343 1344 1344 1349 1349 1347 1347 1348 1348 1347 1347 1346 1346 1348 1348 1346 1346 1345 1345 1348 1348 1345 1345 1350 1350 1348 1348 1348 1348 1351 1351 1349 1349 1353 1353 1352 1352 1354 1354 1354 1354 1355 1355 1353 1353 1357 1357 1359 1359 1358 1358 1358 1358 1356 1356 1357 1357 1361 1361 1362 1362 1363 1363 1363 1363 1360 1360 1361 1361 1366 1366 1365 1365 1364 1364 1364 1364 1367 1367 1366 1366 1369 1369 1368 1368 1371 1371 1368 1368 1370 1370 1371 1371 1375 1375 1372 1372 1373 1373 1373 1373 1374 1374 1375 1375 1376 1376 1377 1377 1380 1380 1377 1377 1379 1379 1380 1380 1377 1377 1378 1378 1379 1379 1381 1381 1384 1384 1386 1386 1385 1385 1386 1386 1384 1384 1384 1384 1382 1382 1385 1385 1383 1383 1381 1381 1387 1387 1381 1381 1386 1386 1387 1387 1391 1391 1390 1390 1389 1389 1389 1389 1388 1388 1391 1391 1393 1393 1392 1392 1394 1394 1393 1393 1394 1394 1395 1395 1397 1397 1399 1399 1398 1398 1398 1398 1396 1396 1397 1397 1401 1401 1402 1402 1403 1403 1403 1403 1400 1400 1401 1401 1406 1406 1407 1407 1404 1404 1406 1406 1404 1404 1405 1405 1408 1408 1411 1411 1410 1410 1410 1410 1409 1409 1408 1408 1417 1417 1412 1412 1419 1419 1421 1421 1426 1426 1429 1429 1422 1422 1429 1429 1420 1420 1424 1424 1423 1423 1427 1427 1422 1422 1421 1421 1429 1429 1428 1428 1420 1420 1417 1417 1414 1414 1422 1422 1415 1415 1423 1423 1425 1425 1427 1427 1413 1413 1419 1419 1412 1412 1420 1420 1428 1428 1418 1418 1415 1415 1427 1427 1416 1416 1427 1427 1415 1415 1424 1424 1420 1420 1418 1418 1422 1422 1417 1417 1419 1419 1428 1428 1424 1424 1431 1431 1430 1430 1430 1430 1423 1423 1424 1424 1415 1415 1416 1416 1414 1414 1422 1422 1414 1414 1421 1421 1432 1432 1433 1433 1435 1435 1434 1434 1435 1435 1433 1433 1439 1439 1437 1437 1438 1438 1438 1438 1436 1436 1440 1440 1438 1438 1440 1440 1439 1439 1444 1444 1441 1441 1442 1442 1444 1444 1443 1443 1441 1441 1446 1446 1445 1445 1448 1448 1446 1446 1448 1448 1447 1447 1451 1451 1449 1449 1450 1450 1450 1450 1452 1452 1451 1451 1454 1454 1455 1455 1456 1456 1456 1456 1453 1453 1454 1454 1458 1458 1459 1459 1460 1460 1460 1460 1457 1457 1458 1458 1463 1463 1462 1462 1461 1461 1461 1461 1464 1464 1463 1463 1466 1466 1468 1468 1467 1467 1467 1467 1465 1465 1466 1466 1470 1470 1472 1472 1471 1471 1472 1472 1470 1470 1469 1469 1474 1474 1473 1473 1476 1476 1473 1473 1475 1475 1476 1476 1479 1479 1477 1477 1478 1478 1478 1478 1480 1480 1479 1479 1484 1484 1481 1481 1482 1482 1482 1482 1483 1483 1484 1484 1488 1488 1485 1485 1486 1486 1486 1486 1487 1487 1488 1488 1492 1492 1491 1491 1490 1490 1490 1490 1489 1489 1492 1492 1493 1493 1494 1494 1495 1495 1493 1493 1495 1495 1496 1496 1498 1498 1500 1500 1499 1499 1499 1499 1497 1497 1498 1498 1505 1505 1501 1501 1503 1503 1502 1502 1503 1503 1501 1501 1505 1505 1503 1503 1504 1504 1505 1505 1504 1504 1506 1506 1509 1509 1511 1511 1510 1510 1508 1508 1509 1509 1507 1507 1510 1510 1507 1507 1509 1509 1512 1512 1516 1516 1515 1515 1514 1514 1513 1513 1516 1516 1512 1512 1514 1514 1516 1516 1518 1518 1517 1517 1520 1520 1518 1518 1520 1520 1519 1519 1523 1523 1521 1521 1522 1522 1522 1522 1524 1524 1523 1523 1528 1528 1525 1525 1526 1526 1526 1526 1527 1527 1528 1528 1532 1532 1529 1529 1530 1530 1530 1530 1531 1531 1532 1532 1533 1533 1536 1536 1535 1535 1535 1535 1534 1534 1533 1533 1540 1540 1538 1538 1537 1537 1542 1542 1539 1539 1538 1538 1540 1540 1542 1542 1538 1538 1542 1542 1541 1541 1539 1539 1545 1545 1546 1546 1544 1544 1543 1543 1544 1544 1546 1546 1547 1547 1550 1550 1549 1549 1549 1549 1548 1548 1547 1547 1556 1556 1563 1563 1562 1562 1557 1557 1560 1560 1556 1556 1554 1554 1555 1555 1551 1551 1560 1560 1558 1558 1559 1559 1560 1560 1557 1557 1558 1558 1556 1556 1553 1553 1563 1563 1559 1559 1567 1567 1566 1566 1555 1555 1554 1554 1561 1561 1552 1552 1554 1554 1551 1551 1556 1556 1561 1561 1553 1553 1566 1566 1564 1564 1559 1559 1561 1561 1556 1556 1555 1555 1559 1559 1564 1564 1560 1560 1556 1556 1562 1562 1557 1557 1565 1565 1560 1560 1564 1564 1573 1573 1570 1570 1571 1571 1575 1575 1568 1568 1569 1569 1573 1573 1574 1574 1569 1569 1571 1571 1572 1572 1577 1577 1569 1569 1574 1574 1575 1575 1577 1577 1576 1576 1571 1571 1569 1569 1570 1570 1573 1573 1571 1571 1576 1576 1573 1573 1579 1579 1580 1580 1581 1581 1580 1580 1579 1579 1578 1578 1583 1583 1587 1587 1586 1586 1585 1585 1582 1582 1584 1584 1584 1584 1583 1583 1586 1586 1586 1586 1585 1585 1584 1584 1590 1590 1589 1589 1588 1588 1591 1591 1590 1590 1588 1588 1592 1592 1594 1594 1595 1595 1595 1595 1593 1593 1592 1592 1598 1598 1599 1599 1596 1596 1596 1596 1597 1597 1598 1598 1602 1602 1601 1601 1600 1600 1600 1600 1603 1603 1602 1602 1606 1606 1607 1607 1604 1604 1607 1607 1605 1605 1604 1604 1608 1608 1610 1610 1611 1611 1610 1610 1608 1608 1609 1609 1613 1613 1614 1614 1615 1615 1614 1614 1613 1613 1612 1612 1624 1624 1629 1629 1617 1617 1630 1630 1622 1622 1629 1629 1625 1625 1619 1619 1621 1621 1621 1621 1620 1620 1625 1625 1631 1631 1632 1632 1626 1626 1623 1623 1625 1625 1618 1618 1616 1616 1633 1633 1628 1628 1619 1619 1626 1626 1632 1632 1629 1629 1624 1624 1630 1630 1618 1618 1628 1628 1623 1623 1625 1625 1620 1620 1618 1618 1626 1626 1622 1622 1631 1631 1628 1628 1627 1627 1616 1616 1617 1617 1634 1634 1624 1624 1632 1632 1621 1621 1619 1619 1622 1622 1630 1630 1631 1631 1628 1628 1618 1618 1627 1627 1637 1637 1638 1638 1635 1635 1635 1635 1636 1636 1637 1637 1642 1642 1641 1641 1639 1639 1640 1640 1639 1639 1641 1641 1643 1643 1646 1646 1647 1647 1647 1647 1644 1644 1643 1643 1644 1644 1647 1647 1645 1645 1648 1648 1649 1649 1650 1650 1650 1650 1651 1651 1648 1648 1654 1654 1653 1653 1652 1652 1654 1654 1655 1655 1653 1653 1657 1657 1659 1659 1658 1658 1658 1658 1656 1656 1657 1657 1663 1663 1660 1660 1662 1662 1662 1662 1664 1664 1663 1663 1662 1662 1661 1661 1664 1664 1668 1668 1667 1667 1665 1665 1667 1667 1666 1666 1665 1665 1672 1672 1670 1670 1669 1669 1669 1669 1671 1671 1672 1672 1676 1676 1674 1674 1673 1673 1673 1673 1678 1678 1675 1675 1674 1674 1676 1676 1677 1677 1675 1675 1676 1676 1673 1673 1680 1680 1681 1681 1683 1683 1681 1681 1686 1686 1684 1684 1682 1682 1680 1680 1683 1683 1681 1681 1679 1679 1686 1686 1684 1684 1685 1685 1681 1681 1680 1680 1679 1679 1681 1681 1690 1690 1687 1687 1688 1688 1688 1688 1689 1689 1690 1690 1693 1693 1692 1692 1691 1691 1691 1691 1694 1694 1693 1693 1696 1696 1697 1697 1698 1698 1698 1698 1695 1695 1696 1696 1699 1699 1702 1702 1701 1701 1702 1702 1699 1699 1700 1700 1705 1705 1703 1703 1704 1704 1704 1704 1706 1706 1705 1705 1711 1711 1714 1714 1709 1709 1712 1712 1707 1707 1708 1708 1710 1710 1711 1711 1709 1709 1712 1712 1713 1713 1714 1714 1708 1708 1713 1713 1712 1712 1711 1711 1712 1712 1714 1714 1718 1718 1716 1716 1715 1715 1716 1716 1718 1718 1717 1717 1721 1721 1719 1719 1720 1720 1720 1720 1722 1722 1721 1721 1725 1725 1726 1726 1723 1723 1723 1723 1724 1724 1725 1725 1728 1728 1730 1730 1729 1729 1730 1730 1728 1728 1727 1727 1733 1733 1734 1734 1732 1732 1734 1734 1731 1731 1732 1732 1735 1735 1736 1736 1738 1738 1736 1736 1737 1737 1738 1738 1741 1741 1739 1739 1740 1740 1741 1741 1742 1742 1739 1739 1748 1748 1749 1749 1743 1743 1745 1745 1747 1747 1751 1751 1748 1748 1743 1743 1746 1746 1749 1749 1744 1744 1743 1743 1749 1749 1750 1750 1744 1744 1751 1751 1746 1746 1745 1745 1751 1751 1748 1748 1746 1746 1752 1752 1755 1755 1754 1754 1754 1754 1753 1753 1752 1752 1757 1757 1758 1758 1759 1759 1758 1758 1757 1757 1756 1756 1762 1762 1761 1761 1767 1767 1777 1777 1780 1780 1765 1765 1771 1771 1781 1781 1779 1779 1765 1765 1764 1764 1769 1769 1774 1774 1778 1778 1776 1776 1766 1766 1764 1764 1763 1763 1763 1763 1762 1762 1768 1768 1763 1763 1768 1768 1766 1766 1765 1765 1775 1775 1760 1760 1778 1778 1773 1773 1772 1772 1769 1769 1774 1774 1776 1776 1769 1769 1776 1776 1777 1777 1764 1764 1766 1766 1769 1769 1770 1770 1775 1775 1780 1780 1774 1774 1773 1773 1778 1778 1767 1767 1768 1768 1762 1762 1780 1780 1775 1775 1765 1765 1769 1769 1777 1777 1765 1765 1770 1770 1780 1780 1781 1781 1779 1779 1772 1772 1771 1771 1781 1781 1771 1771 1770 1770 1779 1779 1778 1778 1772 1772 1785 1785 1783 1783 1782 1782 1783 1783 1785 1785 1784 1784 1788 1788 1789 1789 1786 1786 1786 1786 1787 1787 1788 1788 1793 1793 1790 1790 1791 1791 1790 1790 1793 1793 1792 1792 1797 1797 1794 1794 1795 1795 1794 1794 1797 1797 1798 1798 1797 1797 1795 1795 1796 1796 1808 1808 1814 1814 1815 1815 1803 1803 1802 1802 1806 1806 1819 1819 1810 1810 1809 1809 1809 1809 1799 1799 1818 1818 1802 1802 1801 1801 1806 1806 1815 1815 1799 1799 1804 1804 1808 1808 1815 1815 1804 1804 1799 1799 1815 1815 1818 1818 1817 1817 1811 1811 1810 1810 1810 1810 1819 1819 1817 1817 1809 1809 1818 1818 1819 1819 1808 1808 1812 1812 1816 1816 1806 1806 1807 1807 1803 1803 1808 1808 1816 1816 1813 1813 1817 1817 1816 1816 1812 1812 1813 1813 1814 1814 1808 1808 1812 1812 1811 1811 1817 1817 1805 1805 1806 1806 1801 1801 1801 1801 1800 1800 1805 1805 1804 1804 1803 1803 1807 1807 1807 1807 1808 1808 1804 1804 1822 1822 1821 1821 1820 1820 1820 1820 1823 1823 1822 1822 1825 1825 1826 1826 1827 1827 1826 1826 1827 1827 1828 1828 1824 1824 1825 1825 1828 1828 1827 1827 1828 1828 1825 1825 1832 1832 1829 1829 1830 1830 1832 1832 1831 1831 1829 1829 1835 1835 1833 1833 1834 1834 1834 1834 1836 1836 1835 1835 1839 1839 1840 1840 1837 1837 1837 1837 1838 1838 1839 1839 1844 1844 1841 1841 1842 1842 1841 1841 1844 1844 1845 1845 1844 1844 1842 1842 1843 1843 1845 1845 1846 1846 1841 1841 1851 1851 1857 1857 1863 1863 1864 1864 1861 1861 1854 1854 1859 1859 1847 1847 1848 1848 1863 1863 1865 1865 1851 1851 1854 1854 1853 1853 1864 1864 1855 1855 1854 1854 1861 1861 1865 1865 1852 1852 1851 1851 1866 1866 1864 1864 1853 1853 1849 1849 1850 1850 1856 1856 1856 1856 1867 1867 1849 1849 1865 1865 1866 1866 1852 1852 1853 1853 1852 1852 1866 1866 1862 1862 1867 1867 1856 1856 1856 1856 1855 1855 1861 1861 1848 1848 1860 1860 1859 1859 1861 1861 1862 1862 1856 1856 1858 1858 1867 1867 1863 1863 1867 1867 1858 1858 1849 1849 1863 1863 1857 1857 1858 1858 1858 1858 1860 1860 1848 1848 1848 1848 1849 1849 1858 1858 1871 1871 1869 1869 1868 1868 1868 1868 1872 1872 1871 1871 1871 1871 1870 1870 1869 1869 1873 1873 1874 1874 1875 1875 1874 1874 1876 1876 1875 1875 1880 1880 1877 1877 1878 1878 1877 1877 1880 1880 1879 1879 1883 1883 1884 1884 1882 1882 1883 1883 1882 1882 1881 1881 1885 1885 1886 1886 1887 1887 1891 1891 1890 1890 1885 1885 1885 1885 1887 1887 1891 1891 1890 1890 1888 1888 1889 1889 1891 1891 1888 1888 1890 1890 1905 1905 1896 1896 1895 1895 1895 1895 1894 1894 1907 1907 1908 1908 1892 1892 1900 1900 1897 1897 1902 1902 1906 1906 1896 1896 1905 1905 1902 1902 1902 1902 1901 1901 1896 1896 1893 1893 1892 1892 1904 1904 1902 1902 1897 1897 1901 1901 1907 1907 1894 1894 1893 1893 1906 1906 1898 1898 1897 1897 1900 1900 1899 1899 1908 1908 1899 1899 1906 1906 1908 1908 1907 1907 1903 1903 1895 1895 1908 1908 1904 1904 1892 1892 1899 1899 1898 1898 1906 1906 1893 1893 1904 1904 1907 1907 1903 1903 1905 1905 1895 1895 1912 1912 1910 1910 1909 1909 1910 1910 1912 1912 1911 1911 1916 1916 1913 1913 1914 1914 1916 1916 1915 1915 1913 1913 1920 1920 1919 1919 1918 1918 1920 1920 1918 1918 1917 1917 1925 1925 1924 1924 1921 1921 1925 1925 1921 1921 1923 1923 1926 1926 1925 1925 1923 1923 1926 1926 1923 1923 1922 1922 1932 1932 1933 1933 1927 1927 1928 1928 1929 1929 1930 1930 1927 1927 1930 1930 1931 1931 1930 1930 1927 1927 1928 1928 1927 1927 1931 1931 1932 1932 1949 1949 1948 1948 1937 1937 1949 1949 1937 1937 1936 1936 1947 1947 1939 1939 1938 1938 1939 1939 1947 1947 1946 1946 1950 1950 1935 1935 1945 1945 1938 1938 1937 1937 1947 1947 1954 1954 1953 1953 1942 1942 1943 1943 1942 1942 1952 1952 1952 1952 1951 1951 1944 1944 1948 1948 1947 1947 1937 1937 1942 1942 1953 1953 1952 1952 1950 1950 1954 1954 1934 1934 1944 1944 1943 1943 1952 1952 1951 1951 1945 1945 1944 1944 1946 1946 1940 1940 1939 1939 1946 1946 1934 1934 1940 1940 1934 1934 1954 1954 1940 1940 1934 1934 1935 1935 1950 1950 1951 1951 1950 1950 1945 1945 1942 1942 1941 1941 1954 1954 1941 1941 1940 1940 1954 1954 1956 1956 1958 1958 1957 1957 1955 1955 1956 1956 1957 1957 1962 1962 1960 1960 1959 1959 1959 1959 1961 1961 1962 1962 1965 1965 1963 1963 1964 1964 1966 1966 1965 1965 1964 1964 1967 1967 1970 1970 1969 1969 1967 1967 1968 1968 1970 1970 1974 1974 1972 1972 1973 1973 1974 1974 1971 1971 1972 1972 2006 2006 1976 1976 2002 2002 2161 2161 2169 2169 2165 2165 2171 2171 2174 2174 2181 2181 2183 2183 2176 2176 2172 2172 2180 2180 2177 2177 1981 1981 2181 2181 2021 2021 2171 2171 2047 2047 2060 2060 1998 1998 1976 1976 2142 2142 2128 2128 1976 1976 2028 2028 2023 2023 2159 2159 2157 2157 2167 2167 2164 2164 1984 1984 2143 2143 2165 2165 1983 1983 1984 1984 1984 1984 2164 2164 2165 2165 2169 2169 2168 2168 1983 1983 2148 2148 2150 2150 2151 2151 2149 2149 2146 2146 1984 1984 2150 2150 2152 2152 2151 2151 1988 1988 2119 2119 2118 2118 2174 2174 1981 1981 2181 2181 2173 2173 2179 2179 2199 2199 2125 2125 2134 2134 2131 2131 2137 2137 1988 1988 2133 2133 2137 2137 2136 2136 1994 1994 2201 2201 2187 2187 2184 2184 2111 2111 2119 2119 1990 1990 2118 2118 2117 2117 1988 1988 2146 2146 2154 2154 2144 2144 2115 2115 2120 2120 2117 2117 2182 2182 2183 2183 2172 2172 2021 2021 2178 2178 2182 2182 2199 2199 1981 1981 2177 2177 2170 2170 2178 2178 2021 2021 1983 1983 2165 2165 2169 2169 2167 2167 1983 1983 2168 2168 2142 2142 2023 2023 2140 2140 2152 2152 2154 2154 2151 2151 1996 1996 2155 2155 2156 2156 2147 2147 2155 2155 1996 1996 2172 2172 2171 2171 2182 2182 2182 2182 2171 2171 2021 2021 2181 2181 1981 1981 1982 1982 2181 2181 1982 1982 2020 2020 1996 1996 2028 2028 2147 2147 2152 2152 2144 2144 2154 2154 1976 1976 2023 2023 2142 2142 2141 2141 1994 1994 2142 2142 2009 2009 2006 2006 2044 2044 2002 2002 2031 2031 2005 2005 2003 2003 2002 2002 1999 1999 2001 2001 2003 2003 1999 1999 1994 1994 2136 2136 2127 2127 2145 2145 1984 1984 1985 1985 2111 2111 1990 1990 1989 1989 2110 2110 2118 2118 2113 2113 2110 2110 2112 2112 2122 2122 2158 2158 2157 2157 2159 2159 1995 1995 2093 2093 2094 2094 2092 2092 1986 1986 2093 2093 2088 2088 1985 1985 1986 1986 1986 1986 2092 2092 2088 2088 2176 2176 2183 2183 2175 2175 1985 1985 2156 2156 2145 2145 2146 2146 2143 2143 1984 1984 2146 2146 2144 2144 2143 2143 2140 2140 2093 2093 1994 1994 1994 1994 2141 2141 2140 2140 2138 2138 2139 2139 2128 2128 2128 2128 1994 1994 2138 2138 1976 1976 2020 2020 2028 2028 1997 1997 2069 2069 2063 2063 2062 2062 2056 2056 1979 1979 2059 2059 1979 1979 2056 2056 2167 2167 2080 2080 2072 2072 2073 2073 2082 2082 1982 1982 1982 1982 2077 2077 2073 2073 1976 1976 2199 2199 2179 2179 2021 2021 1976 1976 2170 2170 1980 1980 1997 1997 2063 2063 2010 2010 1998 1998 1997 1997 2006 2006 2009 2009 1976 1976 2188 2188 2196 2196 1997 1997 1997 1997 2198 2198 2188 2188 2197 2197 2189 2189 2201 2201 2199 2199 2177 2177 2173 2173 2179 2179 2170 2170 1976 1976 2028 2028 2143 2143 2153 2153 2033 2033 2036 2036 1977 1977 2036 2036 2037 2037 1977 1977 2031 2031 1977 1977 2034 2034 2068 2068 2069 2069 1997 1997 2066 2066 2067 2067 1979 1979 1979 1979 2067 2067 2064 2064 2065 2065 2066 2066 1980 1980 1995 1995 2105 2105 2104 2104 2162 2162 2143 2143 2028 2028 2070 2070 1997 1997 1998 1998 1978 1978 2045 2045 2051 2051 2071 2071 2075 2075 2020 2020 2060 2060 2049 2049 2045 2045 1987 1987 1976 1976 2128 2128 1975 1975 2002 2002 1976 1976 1975 1975 1999 1999 2002 2002 2185 2185 2196 2196 2188 2188 1980 1980 2194 2194 2193 2193 2200 2200 2198 2198 1997 1997 2191 2191 2193 2193 2194 2194 1997 1997 1980 1980 2200 2200 2202 2202 2192 2192 1976 1976 2202 2202 1997 1997 2203 2203 2195 2195 1981 1981 2199 2199 2194 2194 2190 2190 2191 2191 1980 1980 2197 2197 2201 2201 2201 2201 2189 2189 2187 2187 2191 2191 2190 2190 2186 2186 2142 2142 1994 1994 2128 2128 2197 2197 1980 1980 1981 1981 1981 1981 2195 2195 2197 2197 2193 2193 2200 2200 1980 1980 2174 2174 2180 2180 1981 1981 2046 2046 2051 2051 2048 2048 2121 2121 2122 2122 2128 2128 2096 2096 1986 1986 1995 1995 1975 1975 2000 2000 1999 1999 2028 2028 2153 2153 2147 2147 2039 2039 2035 2035 2040 2040 2144 2144 2153 2153 2143 2143 2145 2145 2149 2149 1984 1984 2201 2201 2194 2194 1980 1980 2163 2163 2165 2165 2160 2160 2143 2143 2166 2166 2164 2164 2162 2162 2166 2166 2143 2143 2196 2196 2203 2203 1997 1997 2202 2202 1976 1976 1997 1997 2203 2203 2204 2204 2202 2202 2192 2192 2199 2199 1976 1976 2055 2055 2016 2016 2060 2060 2098 2098 2101 2101 2099 2099 2094 2094 2097 2097 1995 1995 1995 1995 2097 2097 2096 2096 2108 2108 2137 2137 1994 1994 2103 2103 1994 1994 1995 1995 1994 1994 2109 2109 2108 2108 2102 2102 1986 1986 2137 2137 2060 2060 1978 1978 2061 2061 2100 2100 1986 1986 2102 2102 2057 2057 2059 2059 2056 2056 2058 2058 2016 2016 2055 2055 2064 2064 2070 2070 1998 1998 2066 2066 1979 1979 1980 1980 2063 2063 2065 2065 1980 1980 2064 2064 1998 1998 1979 1979 2051 2051 2050 2050 1978 1978 1995 1995 2104 2104 2103 2103 2083 2083 2079 2079 2076 2076 2076 2076 2078 2078 2081 2081 2074 2074 2081 2081 2071 2071 2078 2078 2071 2071 2081 2081 1976 1976 2009 2009 2010 2010 2008 2008 2043 2043 2007 2007 2089 2089 2091 2091 1996 1996 2085 2085 2088 2088 2086 2086 1977 1977 1978 1978 2050 2050 1994 1994 2103 2103 2107 2107 2105 2105 1995 1995 1986 1986 2008 2008 2042 2042 2043 2043 2076 2076 2081 2081 2083 2083 2082 2082 2020 2020 1982 1982 2074 2074 2071 2071 2020 2020 2082 2082 2074 2074 2020 2020 2033 2033 2009 2009 2044 2044 2015 2015 2047 2047 2010 2010 2047 2047 1998 1998 2010 2010 2167 2167 2022 2022 2080 2080 2022 2022 2167 2167 2020 2020 2021 2021 2019 2019 1976 1976 1976 1976 2019 2019 2020 2020 1977 1977 2009 2009 2033 2033 2042 2042 2033 2033 2044 2044 2010 2010 2011 2011 2012 2012 2044 2044 2043 2043 2042 2042 2041 2041 2005 2005 2031 2031 2034 2034 2041 2041 2031 2031 2008 2008 2040 2040 2038 2038 2008 2008 2038 2038 2042 2042 2051 2051 2046 2046 2050 2050 2060 2060 2047 2047 2049 2049 2124 2124 2133 2133 2126 2126 2012 2012 2013 2013 2010 2010 2050 2050 2052 2052 1977 1977 2045 2045 1978 1978 2060 2060 2054 2054 2058 2058 2055 2055 2056 2056 2053 2053 2057 2057 2037 2037 2032 2032 1977 1977 2070 2070 2068 2068 1997 1997 2019 2019 2017 2017 2020 2020 2020 2020 2017 2017 2018 2018 1978 1978 1979 1979 2059 2059 1988 1988 2137 2137 1986 1986 2059 2059 2061 2061 1978 1978 1979 1979 1998 1998 2062 2062 2040 2040 2008 2008 2039 2039 2009 2009 1977 1977 2052 2052 2029 2029 2001 2001 1999 1999 2098 2098 2103 2103 2101 2101 2098 2098 2107 2107 2103 2103 2106 2106 2105 2105 1986 1986 2029 2029 2031 2031 2030 2030 2030 2030 2004 2004 2029 2029 1991 1991 1990 1990 2119 2119 2120 2120 1988 1988 2117 2117 1992 1992 2119 2119 1993 1993 1992 1992 1991 1991 2119 2119 2156 2156 1985 1985 1996 1996 2157 2157 2028 2028 2167 2167 2157 2157 2162 2162 2028 2028 2165 2165 2163 2163 2161 2161 2167 2167 2028 2028 2020 2020 1997 1997 1976 1976 2010 2010 2014 2014 2015 2015 2010 2010 2001 2001 2029 2029 2004 2004 2112 2112 2111 2111 2122 2122 2116 2116 2113 2113 2118 2118 2114 2114 2115 2115 2117 2117 2118 2118 2119 2119 2116 2116 1988 1988 2120 2120 2128 2128 2128 2128 2120 2120 2121 2121 1989 1989 2128 2128 2122 2122 2124 2124 2126 2126 2123 2123 2107 2107 2109 2109 1994 1994 2122 2122 2118 2118 2110 2110 1989 1989 2122 2122 2111 2111 1995 1995 1994 1994 2093 2093 2130 2130 2138 2138 2127 2127 1988 1988 2135 2135 2131 2131 2133 2133 2134 2134 2126 2126 2024 2024 2028 2028 1996 1996 2026 2026 2027 2027 2028 2028 1998 1998 2060 2060 2016 2016 2016 2016 2062 2062 1998 1998 1983 1983 2072 2072 2077 2077 2077 2077 1982 1982 1983 1983 2072 2072 1983 1983 2167 2167 2085 2085 2086 2086 2084 2084 1996 1996 2090 2090 2024 2024 2125 2125 2131 2131 2132 2132 1988 1988 2128 2128 2135 2135 2132 2132 2129 2129 2125 2125 2085 2085 2087 2087 1985 1985 1996 1996 1985 1985 2089 2089 2091 2091 2090 2090 1996 1996 1985 1985 2088 2088 2085 2085 2095 2095 2094 2094 2093 2093 2025 2025 2026 2026 2028 2028 2024 2024 2025 2025 2028 2028 2093 2093 2140 2140 2023 2023 2100 2100 2106 2106 1986 1986 2075 2075 2022 2022 2020 2020 1986 1986 2096 2096 2095 2095 2005 2005 2006 2006 2002 2002 2093 2093 1986 1986 2095 2095 2032 2032 2034 2034 1977 1977 1985 1985 2087 2087 2089 2089 2127 2127 2138 2138 1994 1994 2134 2134 2133 2133 1988 1988 2013 2013 2014 2014 2010 2010 2131 2131 2134 2134 1988 1988 2213 2213 2206 2206 2205 2205 2207 2207 2206 2206 2211 2211 2205 2205 2212 2212 2213 2213 2213 2213 2211 2211 2206 2206 2210 2210 2207 2207 2211 2211 2209 2209 2208 2208 2210 2210 2208 2208 2207 2207 2210 2210 2215 2215 2216 2216 2214 2214 2217 2217 2219 2219 2218 2218 2220 2220 2221 2221 2222 2222 2224 2224 2225 2225 2223 2223 2226 2226 2228 2228 2227 2227 2229 2229 2230 2230 2231 2231 2233 2233 2232 2232 2234 2234 2236 2236 2235 2235 2237 2237 2239 2239 2238 2238 2240 2240 2241 2241 2242 2242 2243 2243 2245 2245 2244 2244 2246 2246 2247 2247 2249 2249 2248 2248 2250 2250 2252 2252 2251 2251 2253 2253 2255 2255 2254 2254 2258 2258 2257 2257 2256 2256 2260 2260 2261 2261 2259 2259 2264 2264 2263 2263 2262 2262 2265 2265 2267 2267 2266 2266 2268 2268 2269 2269 2270 2270 2271 2271 2272 2272 2273 2273 2274 2274 2276 2276 2275 2275 2279 2279 2278 2278 2277 2277 2280 2280 2281 2281 2282 2282 2285 2285 2284 2284 2283 2283 2287 2287 2288 2288 2286 2286 2291 2291 2290 2290 2289 2289 2292 2292 2294 2294 2293 2293 2297 2297 2295 2295 2296 2296 2299 2299 2300 2300 2298 2298 2301 2301 2303 2303 2302 2302 2306 2306 2305 2305 2304 2304 2309 2309 2308 2308 2307 2307 2310 2310 2311 2311 2312 2312 2315 2315 2313 2313 2314 2314 2318 2318 2316 2316 2317 2317 2319 2319 2321 2321 2320 2320 2322 2322 2324 2324 2323 2323 2327 2327 2326 2326 2325 2325 2330 2330 2328 2328 2329 2329 2331 2331 2333 2333 2332 2332 2334 2334 2335 2335 2336 2336 2339 2339 2338 2338 2337 2337 2341 2341 2342 2342 2340 2340 2343 2343 2344 2344 2345 2345 2348 2348 2347 2347 2346 2346 2350 2350 2351 2351 2349 2349 2354 2354 2353 2353 2352 2352 2355 2355 2356 2356 2357 2357 2358 2358 2360 2360 2359 2359 2362 2362 2363 2363 2361 2361 2364 2364 2365 2365 2366 2366 2367 2367 2369 2369 2368 2368 2372 2372 2370 2370 2371 2371 2373 2373 2375 2375 2374 2374 2378 2378 2376 2376 2377 2377 2381 2381 2380 2380 2379 2379 2384 2384 2382 2382 2383 2383 2386 2386 2385 2385 2387 2387 2388 2388 2389 2389 2390 2390 2392 2392 2391 2391 2393 2393 2394 2394 2396 2396 2395 2395 2397 2397 2398 2398 2399 2399 2401 2401 2402 2402 2400 2400 2403 2403 2404 2404 2405 2405 2407 2407 2408 2408 2406 2406 2409 2409 2410 2410 2411 2411 2413 2413 2414 2414 2412 2412 2415 2415 2416 2416 2417 2417 2420 2420 2419 2419 2418 2418 2421 2421 2422 2422 2423 2423 2424 2424 2426 2426 2425 2425 2429 2429 2428 2428 2427 2427 2431 2431 2432 2432 2430 2430 2435 2435 2434 2434 2433 2433 2437 2437 2438 2438 2436 2436 2439 2439 2440 2440 2441 2441 2442 2442 2444 2444 2443 2443 2445 2445 2447 2447 2446 2446 2448 2448 2449 2449 2450 2450 2451 2451 2452 2452 2453 2453 2454 2454 2455 2455 2456 2456 2459 2459 2457 2457 2458 2458 2460 2460 2462 2462 2461 2461 2465 2465 2463 2463 2464 2464 2467 2467 2468 2468 2466 2466 2471 2471 2470 2470 2469 2469 2472 2472 2474 2474 2473 2473 2475 2475 2476 2476 2477 2477 2478 2478 2479 2479 2480 2480 2483 2483 2482 2482 2481 2481 2486 2486 2485 2485 2484 2484 2489 2489 2488 2488 2487 2487 2491 2491 2492 2492 2490 2490 2493 2493 2494 2494 2495 2495 2498 2498 2497 2497 2496 2496 2501 2501 2499 2499 2500 2500 2502 2502 2503 2503 2504 2504 2507 2507 2505 2505 2506 2506 2508 2508 2509 2509 2510 2510 2513 2513 2512 2512 2511 2511 2515 2515 2516 2516 2514 2514 2519 2519 2518 2518 2517 2517 2520 2520 2521 2521 2522 2522 2525 2525 2524 2524 2523 2523 2527 2527 2526 2526 2528 2528 2529 2529 2530 2530 2531 2531 2532 2532 2533 2533 2534 2534 2535 2535 2536 2536 2537 2537 2538 2538 2540 2540 2539 2539 2543 2543 2542 2542 2541 2541 2544 2544 2546 2546 2545 2545 2547 2547 2548 2548 2549 2549 2552 2552 2551 2551 2550 2550 2555 2555 2553 2553 2554 2554 2558 2558 2557 2557 2556 2556 2559 2559 2561 2561 2560 2560 2564 2564 2562 2562 2563 2563 2566 2566 2567 2567 2565 2565 2570 2570 2569 2569 2568 2568 2571 2571 2573 2573 2572 2572 2574 2574 2575 2575 2576 2576</p>
        </triangles>
      </mesh>
    </geometry>
  </library_geometries>
  <library_materials>
    <material id="chrome-material" name="chrome">
      <instance_effect url="#chrome-effect"/>
    </material>
  </library_materials>
  <library_visual_scenes>
    <visual_scene id="scene">
      <node id="node_g0_chrome" name="node_g0_chrome">
        <instance_geometry url="#g0_chrome">
          <bind_material>
            <technique_common>
              <instance_material symbol="chrome-ref" target="#chrome-material"/>
            </technique_common>
          </bind_material>
        </instance_geometry>
      </node>
    </visual_scene>
  </library_visual_scenes>
  <scene>
    <instance_visual_scene url="#scene"/>
  </scene>
</COLLADA>
