<COLLADA xmlns="http://www.collada.org/2005/11/COLLADASchema" version="1.4.1">
  <asset>
    <created>2026-09-29T18:16:48.129937</created>
    <modified>2026-09-29T18:16:48.129939</modified>
    <unit name="meter" meter="1.0"/>
    <up_axis>Z_UP</up_axis>
  </asset>
  <library_effects>
    <effect id="chrome-effect" name="chrome-effect">
      <profile_COMMON>
        <technique sid="common">
          <phong>
            <emission>
              <color>0 0 0 1.0</color>
            </emission>
            <ambient>
              <color>0.432 0.438 0.45599999999999996 1.0</color>
            </ambient>
            <diffuse>
              <color>0.72 0.73 0.76 1.0</color>
            </diffuse>
            <specular>
              <color>0.95 0.95 0.95 1.0</color>
            </specular>
            <shininess>
              <float>80.0</float>
            </shininess>
            <reflective>
              <color>0.0 0.0 0.0 1.0</color>
            </reflective>
            <reflectivity>
              <float>0.0</float>
            </reflectivity>
            <transparent>
              <color>0.0 0.0 0.0 1.0</color>
            </transparent>
            <transparency>
              <float>1.0</float>
            </transparency>
          </phong>
        </technique>
        <extra>
          <technique profile="GOOGLEEARTH">
            <double_sided>0</double_sided>
          </technique>
        </extra>
      </profile_COMMON>
    </effect>
  </library_effects>
  <library_geometries>
    <geometry id="g0_chrome" name="g0_chrome">
      <mesh>
        <source id="g0_chrome-pos">
          <float_array count="8424" id="g0_chrome-pos-array">0.0034744 0.0046844 0.1232846 0.0082851 -0.007246 0.1052386 0.0066227 -0.0111435 0.1114399 0.0048378 0.0099924 0.1181482 0.0057941 0.0109759 0.1145769 0.0082864 0.0069288 0.105248 0.007875 0.0085402 0.1067539 0.0032194 0.0029545 0.1240956 0.0065204 0.0109446 0.1117823 0.0089381 0.0004808 0.1027116 0.0051189 -0.010957 0.1169509 0.0046584 -0.0102092 0.1186744 0.0031768 -0.0027901 0.1242365 0.0087106 0.004249 0.1035263 0.0040073 0.0081674 0.1210656 0.0088196 -0.0033729 0.1030406 0.0038285 -0.0079207 0.1216824 0.0058971 -0.0116197 0.1138794 0.0084027 -0.0066638 0.1043956 0.0063712 -0.0115811 0.1119736 0.0070755 0.0104848 0.1092571 0.0088984 -0.0008247 0.102407 0.0088139 0.0024678 0.1026487 0.003202 0.0052119 0.1235446 0.0043109 0.0097671 0.1194141 0.0077737 0.0088484 0.1064677 0.0075664 -0.0098006 0.1071826 0.0031625 -0.0053718 0.1236581 0.0035591 0.0074336 0.1221222 0.0053278 0.0113183 0.1155235 0.0061017 0.0114555 0.1126311 0.0071756 -0.0106755 0.1085459 0.0039294 -0.0092714 0.1206846 0.0027918 0.0004374 0.1248686 0.0029633 0.0037111 0.1242382 0.0065643 -0.0115645 0.110625 0.0083297 0.006209 0.1039748 0.008636 -0.0041286 0.1027969 0.0037679 0.0089611 0.120806 0.0046782 0.0109603 0.11741 0.0027668 -0.0035721 0.1245078 0.0055902 0.0116861 0.1138822 0.008 0.007615 0.1048616 0.0047276 -0.0115157 0.1170323 0.0062585 0.0114908 0.1112588 0.0068459 0.0107948 0.1090612 0.0053823 -0.0120752 0.1144584 0.0034371 -0.0085291 0.1217408 0.0030548 -0.0066706 0.1231756 0.0052628 0.0116674 0.1148528 0.0086818 0.0011995 0.1020396 0.0086816 -0.0015241 0.1020312 0.0084226 -0.0051281 0.1029879 0.0025184 0.0014717 0.1249463 0.008496 0.0038597 0.1026104 0.0042156 -0.0109579 0.1185626 0.0025069 -0.0015973 0.1249792 0.0067542 -0.0112363 0.1089369 0.0037243 -0.0099257 0.1202666 0.0024256 0.0011381 0.1250175 0.002999 0.0068414 0.1228923 0.0071932 0.0099369 0.1072251 0.0081272 0.0063331 0.1037223 0.0079181 -0.0077809 0.1044586 0.0024066 -0.0005761 0.1250832 0.0047725 0.0115286 0.1161361 0.0083096 0.0048396 0.1028935 0.0075158 -0.0092785 0.1058152 0.0048585 -0.0120114 0.1157392 0.002327 0.0004562 0.1250966 0.0023423 0.0011432 0.1250418 0.0023677 0.0018257 0.1249491 0.0026421 0.0050959 0.1239336 0.002866 -0.0070389 0.1230578 0.0032269 0.0084479 0.1216108 0.0083756 -0.0038991 0.1023258 0.007548 0.0085116 0.1053087 0.0053661 -0.0123063 0.1133975 0.0031852 -0.0089059 0.1215606 0.0023213 0.0031852 0.1246755 0.0061256 0.0115408 0.1104822 0.0048819 -0.012206 0.1150548 0.0072065 0.0094416 0.1062798 0.0067538 -0.0109208 0.1079065 0.0022541 -0.003319 0.1247505 0.0024712 0.0054455 0.1238096 0.0032614 0.0091932 0.1208678 0.0079868 0.0058133 0.103194 0.0083813 0.0008793 0.1017037 0.0078937 -0.0067406 0.1035019 0.0075035 -0.0086455 0.104954 0.0071689 -0.009804 0.1062012 0.0039863 0.011002 0.1180049 0.0053008 0.0119722 0.1130944 0.0063524 0.0111598 0.1091612 0.0057465 -0.0121857 0.1113508 0.002387 -0.0056003 0.1239294 0.0020695 -0.0009278 0.1251312 0.0026227 0.0069365 0.1229276 0.006143 -0.0117751 0.1097089 0.0020595 0.0025305 0.1248559 0.0025798 0.006943 0.1229254 0.0028077 0.0080237 0.1220771 0.0082613 -0.0015515 0.1016614 0.008219 -0.0025838 0.1018161 0.0080331 -0.0049116 0.1025037 0.0039022 -0.0114457 0.1179233 0.0035379 0.0104141 0.1191913 0.0047296 0.0119258 0.1147416 0.0074771 0.0078063 0.1044585 0.008022 0.0043301 0.1024104 0.0062033 0.0104779 0.1073223 0.0076305 0.003722 0.1019659 0.0077678 -0.0017026 0.1014353 0.0076816 -0.0033876 0.1017522 0.0072365 -0.0071183 0.1034038 0.0026199 -0.0098088 0.1206518 0.0032313 0.0116827 0.1165219 0.0048235 0.011916 0.1105715 0.007323 0.0010497 0.1011938 0.0039336 -0.0125672 0.113819 0.0024948 -0.0108602 0.1192029 0.0015177 -0.0073699 0.1228664 0.001082 -0.0039783 0.1245056 0.000977 -0.002299 0.1249035 0.0004339 0.0001158 0.1250218 0.000534 0.0028704 0.1246564 0.0005837 0.0035404 0.124473 0.0022434 0.0109981 0.1182931 0.0056409 0.0096552 0.1055894 0.0063657 0.0065916 0.1028702 0.0064584 -0.0063242 0.1024821 0.0054952 -0.0104161 0.1060694 0.0040818 -0.0125534 0.1113456 0.0027455 -0.0121708 0.1163421 0.0007111 -0.0053022 0.1239682 -4e-06 0.0022043 0.1247403 0.0003353 0.0058141 0.1234835 0.001439 0.0103738 0.1193725 0.0035146 0.0122811 0.1116203 0.0056874 0.0077598 0.1034842 0.0063634 0.0021051 0.1009393 0.0047955 -0.0110377 0.1067575 0.0026121 -0.0125523 0.1149143 0.0012154 -0.0102071 0.1201426 0.0004264 -0.0068725 0.1231022 3.27e-05 0.007038 0.1226883 0.0004481 0.0089044 0.1211418 0.0026712 0.012405 0.1128431 0.0035697 0.0119514 0.1094833 0.0039977 0.0113666 0.1078817 0.0057215 0.0044783 0.1014162 0.0058787 -0.0027782 0.1008051 0.0049057 -0.0094149 0.1044208 0.003913 -0.0118638 0.1081238 0.0034808 -0.012412 0.1097372 0.0014311 -0.0118251 0.1174008 0.0004474 -0.0093454 0.1210858 0.0001411 -0.0080507 0.1222349 -0.0005175 -0.0023329 0.1247149 -0.0010128 0.0018783 0.1246457 -0.0009963 0.002226 0.1245852 0.0048552 -0.0075996 0.1026813 0.004223 -0.0101396 0.1050363 0.0020048 -0.0128216 0.1133189 0.0002079 0.011034 0.1181746 0.0007139 0.0118627 0.1162859 0.0011578 0.0122961 0.1146278 0.003523 0.0104445 0.1057813 0.0050035 0.0003748 0.100215 0.0048662 -0.0038258 0.1007146 0.0017951 -0.0128798 0.1121653 -0.0011902 -0.0060276 0.1233458 -0.001982 0.00224 0.1243918 -0.0016379 0.0059009 0.1231172 -0.0007446 0.0099148 0.119791 0.0035427 0.0089201 0.1037625 0.0044579 0.0024876 0.100321 0.0016767 -0.0127959 0.1106676 0.0003139 -0.0124057 0.115763 -0.000199 -0.0116418 0.1176825 -0.0009574 -0.0096708 0.1205239 -0.0020396 -0.0009411 0.1245969 0.0009189 0.0125323 0.1116395 0.0021598 0.0113493 0.1069973 0.0036204 0.0061318 0.1015209 0.0040341 -0.0013988 0.0999505 0.002323 -0.011381 0.1063142 0.0016425 -0.0124526 0.1088546 -0.0011593 -0.010573 0.1193334 -0.0030172 0.0004813 0.1243704 -0.002839 0.0039643 0.1237152 -0.0021911 0.0082433 0.1213073 0.0012472 0.0119969 0.1084673 0.0033006 -0.0051804 0.1007367 0.0028254 -0.0082211 0.1025032 0.0002489 -0.0129414 0.1121187 -0.0001182 -0.0128562 0.1134912 -0.0028683 -0.0040835 0.1237991 -0.0030999 0.0059164 0.122753 -0.0021304 0.0101517 0.1191429 -0.0014039 0.01168 0.116432 0.001668 0.0102977 0.1049454 0.0028158 0.0048645 0.1006377 0.0030099 -0.0028061 0.0998874 0.0009352 -0.0121284 0.1076125 -0.0009657 -0.0126128 0.1147162 -0.0031435 -0.0060532 0.1228778 -0.0035828 0.0059121 0.1226149 -0.0032778 0.0076913 0.1214806 -0.0029006 0.0092497 0.1200756 -0.0014493 0.0122017 0.1146603 -0.0009959 0.012491 0.1129664 0.0025021 0.0028401 0.0998604 0.0025684 0.001442 0.0996081 0.0020691 -0.007061 0.101447 0.0011806 -0.0106309 0.1047569 -0.0026889 -0.0103615 0.1192213 -0.0033885 -0.0075657 0.1218455 -0.0039787 -0.0012954 0.1240718 -0.0043666 0.0029352 0.1235931 -0.0038686 0.0071095 0.1217451 -0.0004765 0.0122389 0.1090821 0.0001336 0.0114788 0.1067992 0.0011821 0.0086709 0.1028711 0.0002163 -0.011684 0.1064157 -0.0007486 -0.0127938 0.1100188 -0.0024571 -0.0119313 0.1164079 -0.0037013 -0.0083959 0.1210697 -0.0036496 0.0098937 0.1189952 -0.0033461 0.0106894 0.117863 -0.0015981 0.0124963 0.1113351 -0.0009635 -0.0125764 0.1088826 -0.001599 -0.0128769 0.1112572 -0.0045413 -0.0063371 0.1222761 -0.0052935 0.0032602 0.1231808 -0.005207 0.0042664 0.1228609 -0.0046551 0.0079118 0.1208095 -0.0035837 0.0111625 0.1168152 6.99e-05 -0.0094469 0.1030922 -0.0003613 -0.0107551 0.1046997 -0.0043389 -0.0096163 0.1195714 -0.0052386 -0.0043861 0.122951 -0.0053391 -0.0030297 0.1233312 -0.0058904 -0.0002275 0.1234666 -0.005788 0.0029073 0.1230938 -0.0037258 0.0116676 0.1154139 -0.0032882 0.0121453 0.1137797 -0.0009271 0.0105613 0.104949 -0.0002917 -0.0089165 0.1025114 -0.0032892 -0.0125408 0.113704 -0.0040619 -0.0115318 0.1165955 -0.0058853 -0.0009308 0.1234455 -0.0060386 0.0051956 0.1221078 -0.0058151 0.0067195 0.1212776 -0.0052842 0.0091053 0.1193005 -0.0020708 0.0116942 0.1072975 -0.0008477 0.0087964 0.1027163 -0.0016548 -0.0113672 0.1056686 -0.0056561 -0.0080088 0.120636 -0.0060653 0.0077993 0.120291 -0.0038881 0.012228 0.1121668 -0.0030806 0.0121282 0.1091482 -0.0024733 -0.0118665 0.1068012 -0.0047625 -0.0118308 0.1153581 -0.0033012 -0.0122054 0.1079753 -0.0042772 -0.0125602 0.1116224 -0.0076542 0.002502 0.1223804 -0.0030403 0.0106525 0.1051604 -0.0064048 -0.0102148 0.1176696 -0.0067466 -0.0091244 0.1189507 -0.0070458 -0.0078601 0.1200729 -0.0072964 -0.0064466 0.1210141 -0.0081838 -0.0002243 0.1224452 -0.0068652 0.0097158 0.1175481 -0.0062567 0.0110414 0.1152781 -0.0047866 0.011985 0.1097861 -0.0025306 0.0072941 0.1013384 -0.0059183 -0.0119103 0.1139397 -0.0081397 -0.0022594 0.1222738 -0.002029 -0.0039259 0.0994273 -0.001975 -0.0057483 0.1001636 -0.0017698 -0.007575 0.1012808 -0.0013128 -0.0082956 0.1018682 0.0007772 -0.0088625 0.102611 0.0017357 -0.0079049 0.1019763 0.002025 -0.0041721 0.1000309 0.0020249 -0.001041 0.0994075 0.0020249 0.000733 0.0994129 0.0020255 0.0050051 0.1005129 0.0020259 0.0064012 0.1012614 0.0019053 0.0071696 0.1017502 0.001255 0.0082273 0.1024675 0.0003986 0.0086135 0.102679 -0.0007645 0.0084132 0.1023508 -0.0011554 0.0081314 0.1020655 -0.0017692 0.0072555 0.1013262 -0.0019747 0.0048892 0.0999384 -0.0020578 0.0039477 0.0995601 -0.0059194 0.0115114 0.1140187 -0.0002247 -0.0085429 0.101332 0.0018204 0.006987 0.0996604 0.0014912 0.0075048 0.1002832 0.0013036 0.0075301 0.0989414 0.0007574 0.0077962 0.098929 0.0005194 0.0081539 0.1011662 -0.0003461 0.008219 0.1013845 -0.0005288 0.0078548 0.0992217 -0.0010993 0.0078575 0.1008171 -0.0015256 0.0072736 0.0986068 -0.0019072 0.0065968 0.098966 -0.002001 0.0063015 0.0324589 -0.0019896 0.0062118 0.0617205 -0.0020024 0.0063131 0.0286888 -0.0020046 0.0063304 0.0230203 0.0002117 0.0118282 -0.0638775 0.0019609 0.0068131 -0.054585 0.0017888 0.0073344 -0.0526738 0.0016983 0.0080751 -0.0572092 0.0016283 0.0096676 -0.0614894 0.0014274 0.0111735 -0.0637685 0.0012928 0.0080199 -0.0540041 0.001192 0.0092081 -0.0592377 0.0010901 0.0082508 -0.0548797 0.00098 0.0099762 -0.0608534 0.0008123 0.0091175 -0.0583302 0.0008102 0.0117401 -0.0639358 0.000519 0.008457 -0.0548531 0.0003941 0.0128518 -0.0653162 0.000277 0.0083159 -0.0526499 0.0003934 0.0145557 -0.067238 0.0019597 0.0104295 -0.0648003 0.0015962 0.0123238 -0.0657308 0.0011895 0.0132784 -0.0662901 -0.0003466 0.0087785 -0.0565898 -0.0004704 0.0105037 -0.061585 -0.0005298 0.0092023 -0.0583041 -0.0005322 0.0125769 -0.0649701 -0.0005881 0.0083055 -0.0530918 -0.0009988 0.0098241 -0.0604339 -0.0011628 0.0107134 -0.0624762 -0.0012116 0.0080664 -0.0531022 -0.0012642 0.008487 -0.0566516 -0.0015889 0.0113447 -0.0641953 -0.0016248 0.0077076 -0.053118 -0.0018027 0.0091565 -0.0607129 -0.0018315 0.0083298 -0.0585666 -0.002031 0.0069338 -0.0555259 -0.0020325 0.007953 -0.0596723 -0.0008879 0.0138897 -0.0666827 -0.0016197 0.0124768 -0.0658148 -0.0019114 0.011468 -0.0652808 -0.0020291 0.0106132 -0.0648792 0.0019976 -0.0067043 0.098235 0.0019866 -0.0068828 0.1000191 0.0014458 -0.0078116 0.0998982 0.0004577 -0.0082478 0.0998417 0.0019617 0.0028744 -0.0630287 0.0019616 0.0074378 -0.0637554 0.0019613 -0.0030388 -0.0635246 0.0019604 -0.008014 -0.0652866 0.0019118 -0.0064699 -0.0567796 0.0018765 -0.0073951 -0.0608871 0.0016956 -0.0083581 -0.0625152 0.0015549 -0.0070731 -0.0553476 0.0012403 -0.0086555 -0.0619182 0.0011401 -0.0079599 -0.059321 0.0010848 -0.0111884 -0.0666445 0.0010357 -0.0075148 -0.055777 0.0008088 -0.0105796 -0.0654477 0.0008123 -0.0076848 -0.0566567 0.0006361 -0.0081685 -0.0592731 0.0002725 -0.0092881 -0.0626281 0.0003777 -0.0135452 -0.0692062 0.0008075 -0.0127442 -0.0684646 0.001425 -0.0113724 -0.0673514 0.0017646 -0.0103064 -0.0666038 -0.0004693 -0.0081381 0.0985453 -0.0012542 -0.0078339 0.0988756 -0.0017414 -0.0072753 0.0982347 -0.0019746 -0.0064668 0.0985921 -0.0020125 -0.0061115 0.0040638 -0.0020094 -0.0061359 0.0120365 -0.0020014 -0.0061984 0.0324206 -0.0004725 -0.0104403 -0.0650156 -0.0005339 -0.0116208 -0.0668845 -0.000531 -0.0083056 -0.0596951 -0.0008844 -0.0076139 -0.0557704 -0.0010564 -0.0098716 -0.0643132 -0.0010557 -0.0091253 -0.0626946 -0.0011093 -0.0083583 -0.0606016 -0.0012144 -0.0078646 -0.0588828 -0.0015038 -0.0083576 -0.0615443 -0.0018046 -0.0088479 -0.0638036 -0.0018594 -0.0069237 -0.0576616 -0.0020272 -0.0064173 -0.0582132 -0.0020302 -0.0091462 -0.0658897 -0.0018684 -0.0102092 -0.0665389 -0.0011123 -0.0122905 -0.0680751 -0.0079734 0.0045265 0.1215101 -0.0078986 0.005161 0.1212325 -0.007566 0.0072312 0.1199959 -0.0066197 0.0104144 0.1164689 -0.005608 -0.0122124 0.1126148 -0.0080114 0.0045222 0.1214894 -0.0077598 0.0063697 0.1205548 -0.0041371 0.0114122 0.1070295 -0.0029155 0.0085757 0.1024543 -0.0019997 0.0026094 0.0991748 -0.0027309 -0.0081409 0.1017107 -0.0033335 -0.0102268 0.1039564 -0.0070724 -0.00985 0.1177723 -0.0081431 -0.003984 0.1217934 -0.0083126 0.0011623 0.1222841 -0.0045662 0.0117361 0.1083141 -0.0033432 0.00967 0.1037362 -0.0049222 -0.0122996 0.1095679 -0.0053191 0.0119499 0.110972 -0.0020927 0.0001946 0.0988743 -0.0046952 -0.012148 0.1085626 -0.002146 0.0008855 0.0989203 -0.0040491 -0.0113447 0.1059947 -0.0058402 0.0117377 0.1126105 -0.0040883 0.0109799 0.1060598 -0.0023307 -0.0038959 0.0994425 -0.0065256 -0.0113559 0.1150985 -0.0069584 -0.0105594 0.1165683 -0.0074902 0.0086797 0.11847 -0.0066768 0.0107756 0.1154362 -0.0031449 -0.0085737 0.1021724 -0.0023663 -0.0025454 0.0991362 -0.0043718 -0.0115223 0.1066039 -0.0082119 -0.0055352 0.1209769 -0.0084052 -0.003616 0.1217054 -0.0084798 0.0025009 0.1218618 -0.0082796 0.0047747 0.1211209 -0.0045772 0.0113588 0.107303 -0.0039247 0.0102992 0.1048605 -0.0027046 0.0054546 0.1002843 -0.0025576 -0.0045171 0.0997028 -0.0027923 -0.0063665 0.1005743 -0.0028392 -0.0066585 0.1007487 -0.0079674 -0.0072839 0.1199153 -0.0031439 0.0076968 0.1017945 -0.0024321 0.0018932 0.0991152 -0.0055768 -0.0121832 0.110825 -0.0085839 -0.0009082 0.1221013 -0.0036324 -0.009648 0.1034294 -0.0058749 -0.0120873 0.1118037 -0.0074397 0.0092512 0.1175892 -0.006425 -0.0116604 0.1137291 -0.0077692 -0.0085391 0.1187636 -0.0085162 0.0034618 0.1214657 -0.0071011 0.010173 0.1161977 -0.0054105 0.0117134 0.1098835 -0.0037055 0.0092721 0.1035024 -0.0029952 0.0062855 0.1008381 -0.0025065 -0.0001525 0.0989906 -0.0039965 -0.010376 0.1045274 -0.0043076 -0.0110146 0.1056881 -0.0063134 0.0113847 0.1131329 -0.0026462 -0.0031763 0.0993785 -0.0029426 -0.0060035 0.1004771 -0.0085898 -0.0032442 0.1215948 -0.0083166 0.0056134 0.1204812 -0.0026317 -0.001165 0.0990929 -0.0034854 -0.0084059 0.1022608 -0.0084206 -0.0054377 0.1207178 -0.0051851 0.0114411 0.1085651 -0.0040568 0.0097542 0.1043425 -0.0048469 -0.0114956 0.1072276 -0.0072048 -0.0104757 0.1160443 -0.0028691 0.0037978 0.0997756 -0.0040777 -0.0098203 0.1040464 -0.005956 -0.0118634 0.1110608 -0.0063836 -0.0116545 0.1126598 -0.0080098 -0.0081195 0.1187495 -0.0080832 0.0074201 0.1189793 -0.0069001 -0.0110628 0.1144977 -0.0086574 0.0036851 0.121024 -0.0071537 0.0102253 0.1154243 -0.0087883 -0.0022028 0.1214944 -0.0088388 0.0004396 0.1216067 -0.0055086 0.0113236 0.1091936 -0.0046846 0.0104949 0.1061109 -0.0039812 0.0087711 0.1033964 -0.008826 0.0017344 0.1213389 -0.0036664 0.0073467 0.1020709 -0.003002 -0.0024313 0.0995561 -0.0032471 -0.0052161 0.1004634 -0.0077258 -0.0092561 0.1171268 -0.0075274 0.009372 0.116386 -0.0033747 0.0054402 0.1008511 -0.004792 -0.0106613 0.1060972 -0.0085395 -0.0055302 0.1201215 -0.0067759 0.0106874 0.1135277 -0.0032182 0.0039594 0.1002079 -0.0030198 0.00017 0.0994541 -0.0038482 -0.0080693 0.1025242 -0.0062949 0.0110372 0.1116828 -0.0032405 -0.0042568 0.100217 -0.0088726 -0.0011878 0.1212789 -0.0087136 0.0035652 0.1206575 -0.0067196 -0.0110449 0.1131201 -0.0080615 -0.0080291 0.1181457 -0.0083738 0.006093 0.1193269 -0.0047899 0.0099914 0.1059431 -0.0039186 0.0076245 0.1026787 -0.0058255 -0.0113422 0.1097459 -0.0019753 0.0009843 0.0989148 -0.0019753 -0.0024437 0.0990628 0.0039586 -0.0138772 -0.0695376 -0.0040414 -0.0138769 -0.0695345 -0.0040425 -0.0160101 -0.0720571 0.003957 -0.016753 -0.0731545 -0.0040439 -0.0180334 -0.0754644 -0.0040405 -0.0113885 -0.0673615 -0.00404 -0.0097482 -0.0662464 -0.0040394 -0.0074172 -0.0649989 -0.0020393 -0.0068123 -0.0647326 -0.0020387 -0.0030386 -0.0635231 -0.0040386 -0.002391 -0.063388 -0.0020383 0.0015524 -0.062998 -0.0040383 0.0015524 -0.0629972 -0.0020383 0.0041926 -0.063136 -0.0040383 0.0055017 -0.0633235 -0.0020384 0.006797 -0.0635912 -0.0040386 0.0099443 -0.0645948 -0.0040389 0.0117474 -0.0654211 -0.0040393 0.0140213 -0.0667699 0.0039607 0.014021 -0.066773 0.0039614 0.0093273 -0.0643592 0.0039616 0.0067967 -0.0635935 0.0039617 0.0035342 -0.063074 0.0039616 -0.0004284 -0.0631064 0.0039612 -0.0036821 -0.0636792 0.0039608 -0.0061997 -0.0644861 0.00396 -0.0097485 -0.0662495 0.0039593 -0.0119123 -0.0677687 0.0039561 -0.0180337 -0.0754675 -0.004044 0.0197723 -0.0793082 0.003956 0.0197721 -0.0793114 -0.0040434 0.0197135 -0.0776644 0.0039568 0.0196561 -0.077122 0.0039579 0.0190925 -0.0744413 -0.0040419 0.0189254 -0.0739159 0.0039586 0.0183171 -0.0723906 -0.004041 0.0178262 -0.0714068 0.0039593 0.0172687 -0.0704651 -0.00404 0.0159672 -0.0686979 0.0039496 0.0138755 -0.0951765 -0.0040504 0.0138758 -0.0951733 0.0039502 0.0151501 -0.0936026 -0.0040495 0.0155443 -0.093051 -0.0040486 0.0169564 -0.09075 0.0039517 0.0172668 -0.0901536 -0.0040478 0.0178356 -0.0889256 0.0039532 0.0187552 -0.0863905 -0.0040463 0.0191037 -0.0850826 0.0039548 0.0195705 -0.0824268 -0.0040454 -0.0188918 -0.0791975 0.0039546 -0.0188921 -0.0792006 0.003954 -0.0189818 -0.080843 -0.0040462 -0.0189738 -0.0813884 0.0039531 -0.0188385 -0.0830308 -0.0040471 -0.0187557 -0.0835699 -0.0040477 -0.0183972 -0.0851752 0.0039521 -0.0182416 -0.0857042 0.0039515 -0.0176671 -0.0872455 -0.0040488 -0.0171971 -0.0882336 0.0039508 -0.0166609 -0.0891934 -0.0040501 -0.0149125 -0.0917769 0.0039497 -0.0144986 -0.0923134 -0.0040509 -0.0131657 -0.0938354 0.0039489 -0.012693 -0.0943204 -0.0040517 -0.0106673 -0.0961022 0.0039483 -0.0106675 -0.0961053 0.0039478 -0.0084493 -0.0976441 -0.0040524 -0.0072769 -0.0983115 0.0039474 -0.0060681 -0.0989162 -0.0040529 -0.0035555 -0.0999014 0.0039471 -0.0035558 -0.0999045 0.0060671 -0.0094353 0.1135938 0.0081352 0.0044447 0.1059081 0.0039998 -0.0048401 0.1213362 0.0067611 -0.0090285 0.1110013 0.0072609 -0.0081841 0.1091357 0.0084085 0.0016418 0.1048775 0.0048735 -0.0082113 0.1180595 0.0060678 0.0090398 0.1136505 0.0048741 0.0077886 0.1181085 0.0040001 0.0043974 0.1213645 0.0052242 0.0084343 0.1168019 0.008206 -0.0042785 0.1056154 0.0084549 -0.0001705 0.1046984 0.0036801 -0.000225 0.1225459 0.0044359 -0.006961 0.1196991 0.0053732 -0.0090444 0.1161888 0.0078634 -0.0062625 0.1068896 0.0057599 0.0089592 0.1148011 0.004495 0.0067342 0.119522 0.0072615 0.0078159 0.1091848 0.006837 0.008556 0.1107739 0.007964 0.0054359 0.1065512 0.0075801 0.0069672 0.107991 0.0038342 0.0030409 0.1219802 0.0037115 -0.0017187 0.1224238 0.0083734 -0.0025622 0.1049951 -0.0083953 -0.0002147 0.1193154 -0.0083754 -0.0014058 0.1192372 -0.0082122 -0.003761 0.1186198 -0.0080756 -0.0048298 0.1181056 -0.0083629 0.0012994 0.1191994 -0.0080752 0.0044078 0.118134 -0.0076958 0.0063253 0.1167217 -0.0072013 0.007799 0.114878 -0.0066254 0.0087284 0.1127286 -0.0060075 0.0090502 0.11042 -0.0054663 0.0088159 0.1083963 -0.0048139 0.0078262 0.1059543 -0.0044349 0.0067805 0.1045344 -0.0039401 0.004455 0.1026776 -0.0037477 0.0028146 0.1019529 -0.0036205 -0.0001601 0.1014679 -0.003666 -0.0019557 0.1016325 -0.0039405 -0.0047825 0.1026493 0.0079708 -0.0048713 0.1059758 -0.004265 -0.0064795 0.1038568 -0.0048145 -0.0081737 0.1059052 -0.005239 -0.0089236 0.1074897 -0.0060082 -0.0094249 0.1103633 -0.0065494 -0.0091906 0.112387 -0.0072019 -0.008201 0.114829 -0.0077512 -0.0065194 0.1168878 -0.0019783 0.0013719 0.0910093 -0.001979 0.0014224 0.0891565 0.0039496 0.0138755 -0.0951765 -0.0040504 0.0138758 -0.0951733 0.0039494 0.0128809 -0.0954462 -0.0040506 0.0128811 -0.0954431 -0.0040529 -0.0035555 -0.0999014 0.0039471 -0.0035558 -0.0999045 -0.0040528 -0.0025609 -0.0996316 0.0039472 -0.0025612 -0.0996347 0.0039494 0.0128809 -0.0954462 -0.0040506 0.0128811 -0.0954431 -0.0040528 -0.0025609 -0.0996316 0.0039472 -0.0025612 -0.0996347 0.0039547 0.008706 -0.0816476 -0.0040453 0.0086275 -0.0815676 0.0039544 0.0091779 -0.0822548 -0.0040455 0.00912 -0.0821582 -0.0040479 -0.0060055 -0.0868165 -0.0040475 -0.0059963 -0.0859383 -0.0040451 -0.000395 -0.0802262 -0.0040469 -0.0053876 -0.0844105 -0.0040461 -0.0037512 -0.0823262 -0.0040448 0.0054854 -0.0799917 -0.0040449 0.0015345 -0.0797386 -0.0040447 0.0038544 -0.0796862 0.0039525 -0.0059966 -0.0859414 0.0039522 -0.0060179 -0.0867102 0.0039551 0.0064299 -0.0803116 0.0039548 -0.0007053 -0.0803491 0.0039535 -0.004642 -0.0833147 0.0039528 -0.005702 -0.0849991 0.0039553 0.0035229 -0.0796623 0.003954 -0.0035083 -0.0821029 0.0039551 0.0008803 -0.0798595 -0.0040414 -0.0138769 -0.0695345 -0.0040425 -0.0160101 -0.0720571 -0.0040439 -0.0180334 -0.0754644 -0.0040405 -0.0113885 -0.0673615 -0.00404 -0.0097482 -0.0662464 -0.0040394 -0.0074172 -0.0649989 -0.0040386 -0.002391 -0.063388 -0.0040383 0.0015524 -0.0629972 -0.0040383 0.0055017 -0.0633235 -0.0040386 0.0099443 -0.0645948 -0.0040389 0.0117474 -0.0654211 -0.0040393 0.0140213 -0.0667699 -0.004044 0.0197723 -0.0793082 -0.0040434 0.0197135 -0.0776644 -0.0040419 0.0189254 -0.0739159 -0.004041 0.0178262 -0.0714068 -0.00404 0.0159672 -0.0686979 -0.0040504 0.0138758 -0.0951733 -0.0040495 0.0155443 -0.093051 -0.0040486 0.0169564 -0.09075 -0.0040478 0.0178356 -0.0889256 -0.0040463 0.0191037 -0.0850826 -0.0040506 0.0128811 -0.0954431 -0.0040454 -0.0188918 -0.0791975 -0.0040462 -0.0189738 -0.0813884 -0.0040471 -0.0187557 -0.0835699 -0.0040477 -0.0183972 -0.0851752 -0.0040488 -0.0171971 -0.0882336 -0.0040501 -0.0149125 -0.0917769 -0.0040509 -0.0131657 -0.0938354 -0.0040517 -0.0106673 -0.0961022 -0.0040524 -0.0072769 -0.0983115 -0.0040529 -0.0035555 -0.0999014 -0.0040528 -0.0025609 -0.0996316 -0.0040453 0.0086275 -0.0815676 -0.0040455 0.00912 -0.0821582 -0.0040479 -0.0060055 -0.0868165 -0.0040475 -0.0059963 -0.0859383 -0.0040451 -0.000395 -0.0802262 -0.0040469 -0.0053876 -0.0844105 -0.0040461 -0.0037512 -0.0823262 -0.0040448 0.0054854 -0.0799917 -0.0040449 0.0015345 -0.0797386 -0.0040447 0.0038544 -0.0796862 0.0039586 -0.0138772 -0.0695376 0.003957 -0.016753 -0.0731545 0.0039607 0.014021 -0.066773 0.0039614 0.0093273 -0.0643592 0.0039616 0.0067967 -0.0635935 0.0039617 0.0035342 -0.063074 0.0039616 -0.0004284 -0.0631064 0.0039612 -0.0036821 -0.0636792 0.0039608 -0.0061997 -0.0644861 0.00396 -0.0097485 -0.0662495 0.0039593 -0.0119123 -0.0677687 0.0039561 -0.0180337 -0.0754675 0.003956 0.0197721 -0.0793114 0.0039568 0.0196561 -0.077122 0.0039579 0.0190925 -0.0744413 0.0039586 0.0183171 -0.0723906 0.0039593 0.0172687 -0.0704651 0.0039496 0.0138755 -0.0951765 0.0039502 0.0151501 -0.0936026 0.0039517 0.0172668 -0.0901536 0.0039532 0.0187552 -0.0863905 0.0039548 0.0195705 -0.0824268 0.0039494 0.0128809 -0.0954462 0.0039546 -0.0188921 -0.0792006 0.003954 -0.0189818 -0.080843 0.0039531 -0.0188385 -0.0830308 0.0039521 -0.0182416 -0.0857042 0.0039515 -0.0176671 -0.0872455 0.0039508 -0.0166609 -0.0891934 0.0039497 -0.0144986 -0.0923134 0.0039489 -0.012693 -0.0943204 0.0039483 -0.0106675 -0.0961053 0.0039478 -0.0084493 -0.0976441 0.0039474 -0.0060681 -0.0989162 0.0039471 -0.0035558 -0.0999045 0.0039472 -0.0025612 -0.0996347 0.0039547 0.008706 -0.0816476 0.0039544 0.0091779 -0.0822548 0.0039525 -0.0059966 -0.0859414 0.0039522 -0.0060179 -0.0867102 0.0039551 0.0064299 -0.0803116 0.0039548 -0.0007053 -0.0803491 0.0039535 -0.004642 -0.0833147 0.0039528 -0.005702 -0.0849991 0.0039553 0.0035229 -0.0796623 0.003954 -0.0035083 -0.0821029 0.0039551 0.0008803 -0.0798595 0.0039998 -0.0048401 0.1213362 0.0036801 -0.000225 0.1225459 0.0037115 -0.0017187 0.1224238 0.002447 -0.0022391 0.1210032 -0.0083953 -0.0002147 0.1193154 -0.0064769 -0.002356 0.1185409 -0.0080756 -0.0048298 0.1181056 -0.0083953 -0.0002147 0.1193154 -0.0064769 -0.002356 0.1185409 -0.0083754 -0.0014058 0.1192372 -0.0082122 -0.003761 0.1186198 -0.0080756 -0.0048298 0.1181056 0.0040001 0.0043974 0.1213645 0.0036801 -0.000225 0.1225459 0.0038342 0.0030409 0.1219802 -0.0083953 -0.0002147 0.1193154 0.0025332 0.0022101 0.1209654 0.0028523 0.0028014 0.1210525 -0.0080752 0.0044078 0.118134 -0.006547 0.0020882 0.1185357 -0.0083953 -0.0002147 0.1193154 -0.0083629 0.0012994 0.1191994 -0.0080752 0.0044078 0.118134 -0.006547 0.0020882 0.1185357 0.0048741 0.0077886 0.1181085 0.0040001 0.0043974 0.1213645 0.004495 0.0067342 0.119522 -0.0080752 0.0044078 0.118134 0.0033989 0.004967 0.1201906 0.0031244 0.0058912 0.1187674 -0.0060192 0.005578 0.1165978 -0.0072013 0.007799 0.114878 -0.0080752 0.0044078 0.118134 -0.0060192 0.005578 0.1165978 -0.0076958 0.0063253 0.1167217 -0.0072013 0.007799 0.114878 0.0060678 0.0090398 0.1136505 0.0048741 0.0077886 0.1181085 0.0052242 0.0084343 0.1168019 0.0057599 0.0089592 0.1148011 0.0039152 0.0077973 0.1152898 0.0060678 0.0090398 0.1136505 0.0048741 0.0077886 0.1181085 -0.0072013 0.007799 0.114878 0.0039152 0.0077973 0.1152898 -0.004963 0.0078049 0.1129146 -0.0060075 0.0090502 0.11042 -0.0072013 0.007799 0.114878 -0.004963 0.0078049 0.1129146 -0.0066254 0.0087284 0.1127286 -0.0060075 0.0090502 0.11042 0.0060678 0.0090398 0.1136505 0.0072615 0.0078159 0.1091848 0.006837 0.008556 0.1107739 0.0050232 0.0078099 0.1111483 0.0060678 0.0090398 0.1136505 0.0072615 0.0078159 0.1091848 -0.0060075 0.0090502 0.11042 0.0050232 0.0078099 0.1111483 -0.003855 0.0078175 0.1087731 -0.0048139 0.0078262 0.1059543 -0.0060075 0.0090502 0.11042 -0.003855 0.0078175 0.1087731 -0.0054663 0.0088159 0.1083963 -0.0048139 0.0078262 0.1059543 0.0081352 0.0044447 0.1059081 0.0072615 0.0078159 0.1091848 0.007964 0.0054359 0.1065512 0.0075801 0.0069672 0.107991 0.0059827 0.0056773 0.107555 0.0081352 0.0044447 0.1059081 0.0072615 0.0078159 0.1091848 -0.0048139 0.0078262 0.1059543 0.0059827 0.0056773 0.107555 -0.0028955 0.0056849 0.1051798 -0.0039401 0.004455 0.1026776 -0.0048139 0.0078262 0.1059543 -0.0028955 0.0056849 0.1051798 -0.0044349 0.0067805 0.1045344 -0.0039401 0.004455 0.1026776 0.0081352 0.0044447 0.1059081 0.0084085 0.0016418 0.1048775 0.0084549 -0.0001705 0.1046984 0.0065365 0.0019708 0.1054729 0.0081352 0.0044447 0.1059081 0.0084549 -0.0001705 0.1046984 -0.0039401 0.004455 0.1026776 0.0065365 0.0019708 0.1054729 -0.0023417 0.0019785 0.1030977 -0.0036205 -0.0001601 0.1014679 -0.0039401 0.004455 0.1026776 -0.0023417 0.0019785 0.1030977 -0.0037477 0.0028146 0.1019529 -0.0036205 -0.0001601 0.1014679 0.008206 -0.0042785 0.1056154 0.0084549 -0.0001705 0.1046984 0.0083734 -0.0025622 0.1049951 0.0065364 -0.0023163 0.1054597 0.0079708 -0.0048713 0.1059758 0.0084549 -0.0001705 0.1046984 -0.0036205 -0.0001601 0.1014679 0.0065364 -0.0023163 0.1054597 -0.0023418 -0.0023087 0.1030845 -0.0039405 -0.0047825 0.1026493 0.0079708 -0.0048713 0.1059758 -0.0036205 -0.0001601 0.1014679 -0.0023418 -0.0023087 0.1030845 -0.003666 -0.0019557 0.1016325 -0.0039405 -0.0047825 0.1026493 0.0072609 -0.0081841 0.1091357 0.0078634 -0.0062625 0.1068896 0.0079708 -0.0048713 0.1059758 0.0059822 -0.0060355 0.1075191 0.0072609 -0.0081841 0.1091357 -0.0039405 -0.0047825 0.1026493 0.0079708 -0.0048713 0.1059758 0.0059822 -0.0060355 0.1075191 -0.0048145 -0.0081737 0.1059052 -0.0029789 -0.0061528 0.1051959 -0.0039405 -0.0047825 0.1026493 -0.004265 -0.0064795 0.1038568 -0.0048145 -0.0081737 0.1059052 -0.0029789 -0.0061528 0.1051959 0.0060671 -0.0094353 0.1135938 0.0067611 -0.0090285 0.1110013 0.0072609 -0.0081841 0.1091357 0.0050226 -0.00819 0.1110992 0.0060671 -0.0094353 0.1135938 0.0072609 -0.0081841 0.1091357 -0.0048145 -0.0081737 0.1059052 0.0050226 -0.00819 0.1110992 -0.0038556 -0.0081824 0.108724 -0.0060082 -0.0094249 0.1103633 -0.0048145 -0.0081737 0.1059052 -0.0038556 -0.0081824 0.108724 -0.005239 -0.0089236 0.1074897 -0.0060082 -0.0094249 0.1103633 0.0060671 -0.0094353 0.1135938 0.0048735 -0.0082113 0.1180595 0.0053732 -0.0090444 0.1161888 0.0039146 -0.0082027 0.1152407 0.0060671 -0.0094353 0.1135938 0.0048735 -0.0082113 0.1180595 -0.0060082 -0.0094249 0.1103633 0.0039146 -0.0082027 0.1152407 -0.0049636 -0.008195 0.1128655 -0.0072019 -0.008201 0.114829 -0.0060082 -0.0094249 0.1103633 -0.0049636 -0.008195 0.1128655 -0.0065494 -0.0091906 0.112387 -0.0072019 -0.008201 0.114829 0.0039998 -0.0048401 0.1213362 0.0048735 -0.0082113 0.1180595 -0.0080756 -0.0048298 0.1181056 -0.0072019 -0.008201 0.114829 -0.0059687 -0.0061868 0.1163717 0.0029551 -0.00607 0.1188339 -0.0080756 -0.0048298 0.1181056 -0.0072019 -0.008201 0.114829 -0.0077512 -0.0065194 0.1168878 -0.0059687 -0.0061868 0.1163717 0.0039998 -0.0048401 0.1213362 0.0048735 -0.0082113 0.1180595 0.0044359 -0.006961 0.1196991 0.0029551 -0.00607 0.1188339 -0.0020352 0.0001658 -0.0547619 -0.0020352 0.0001215 -0.0548024 -0.0020352 0.000143 -0.0547821 -0.0017852 0.0001658 -0.054762 -0.0017852 0.000143 -0.0547822 -0.0017852 0.0001215 -0.0548025 -0.0020352 0.0001215 -0.0548024 -0.0020354 -0.0001181 -0.055305 -0.0017852 0.0001215 -0.0548025 -0.0017854 -0.0001098 -0.055243 -0.0020356 -0.0007901 -0.0556777 -0.0020356 -0.0004166 -0.0558747 -0.0017856 -0.0004167 -0.0558748 -0.0017856 -0.0007716 -0.0556988 -0.0020356 -0.0007901 -0.0556777 -0.0020354 -0.00089 -0.0553427 -0.0017856 -0.0007716 -0.0556988 -0.0017854 -0.0008851 -0.0552905 -0.0020353 -0.0007157 -0.0549714 -0.0020352 0.0001658 -0.0547619 -0.0020352 -0.0002796 -0.0547382 -0.0017852 0.0001658 -0.054762 -0.0017853 -0.0007157 -0.0549715 -0.0017852 -0.0002796 -0.0547383 -0.0020353 -0.0007157 -0.0549714 -0.0020354 -0.00089 -0.0553427 -0.0017854 -0.0008851 -0.0552905 -0.0017853 -0.0007157 -0.0549715 -0.0020358 -0.0004436 -0.0562441 -0.0020356 -0.0004166 -0.0558747 -0.0017856 -0.0004167 -0.0558748 -0.0017858 -0.0004436 -0.0562442 -0.0020356 -5.65e-05 -0.0557447 -0.0020354 -0.0001181 -0.055305 -0.0017854 -0.0001098 -0.055243 -0.0017856 -5.65e-05 -0.0557448 -0.002035 -8.5e-06 -0.054337 -0.0020352 -0.0009911 -0.0547732 -0.0017851 -0.000689 -0.0545304 -0.0017852 -0.0010414 -0.0548408 -0.0020352 -0.0009911 -0.0547732 -0.0020355 -0.0011936 -0.0554026 -0.0017852 -0.0010414 -0.0548408 -0.0017855 -0.0011781 -0.0555736 -0.0020358 -0.0004436 -0.0562441 -0.0020357 -0.0009664 -0.0560036 -0.0017858 -0.0004436 -0.0562442 -0.0017857 -0.0009664 -0.0560037 -0.0020357 -0.0009664 -0.0560036 -0.0020355 -0.0011936 -0.0554026 -0.0017855 -0.0011781 -0.0555736 -0.0017857 -0.0009664 -0.0560037 -0.0020354 0.0018684 -0.0554468 -0.0020356 0.0016651 -0.0559424 -0.0017857 0.0014436 -0.0561287 -0.0017855 0.0017951 -0.0557403 -0.0020356 -5.65e-05 -0.0557447 -0.0020357 0.0006034 -0.0562684 -0.0017856 -5.65e-05 -0.0557448 -0.0017857 0.0003622 -0.056185 -0.0017844 0.0018136 -0.0530062 -0.0017846 0.0018147 -0.0533746 -0.0017842 -0.0004481 -0.0522741 -0.0017842 -9.2e-05 -0.052273 -0.0017845 -0.0005191 -0.0529981 -0.0017847 -0.0011999 -0.0533839 -0.0017846 -0.0012006 -0.0531444 -0.0020346 -0.0011664 -0.0531259 -0.0020342 -0.0004481 -0.052274 -0.0017842 -0.0004481 -0.0522741 -0.0017846 -0.0012006 -0.0531444 -0.0020342 -9.2e-05 -0.0522729 -0.0020342 -0.0004481 -0.052274 -0.0017842 -0.0004481 -0.0522741 -0.0017842 -9.2e-05 -0.052273 -0.0020342 -9.2e-05 -0.0522729 -0.0020345 -0.0005333 -0.0530133 -0.0017842 -9.2e-05 -0.052273 -0.0017845 -0.0005191 -0.0529981 -0.0020133 0.0016473 0.0012238 -0.0020134 0.0016484 0.0008555 -0.0017633 0.0016473 0.0012237 -0.0017634 0.0016484 0.0008554 -0.0017633 0.0016473 0.0012237 -0.0017634 0.0016484 0.0008554 -0.001763 -0.0001953 0.0021943 -0.0017627 -0.0002597 0.0029356 -0.0017628 -7.89e-05 0.0025592 -0.0017628 0.0016433 0.0025154 -0.0017632 -0.000537 0.001775 -0.0017632 -0.0002347 0.0017682 -0.0017626 -0.000488 0.0031936 -0.0017635 -0.0001881 0.0009007 -0.001763 -0.0002803 0.002134 -0.0017629 -0.000524 0.0025011 -0.001763 -0.0002553 0.0021531 -0.001763 -0.0002284 0.0021723 -0.0017623 0.0016393 0.0038062 -0.0017633 -0.0001881 0.0013604 -0.001763 -0.0001999 0.0021914 -0.0017624 0.0016405 0.0034379 -0.0017625 -0.0002319 0.0034623 -0.0017634 -0.0005078 0.0011797 -0.0017629 0.0016444 0.002147 -0.0017625 0.0001629 0.0034016 -0.001763 0.0001729 0.0021238 -0.0017624 -0.0005318 0.0037996 -0.0017625 -0.0005308 0.003468 -0.002013 -0.0002803 0.0021341 -0.002013 -0.0001953 0.0021944 -0.002013 -0.0001999 0.0021915 -0.002013 -0.0002284 0.0021724 -0.002013 -0.0002553 0.0021532 -0.001763 -0.0001953 0.0021943 -0.001763 -0.0002803 0.002134 -0.001763 -0.0002553 0.0021531 -0.001763 -0.0002284 0.0021723 -0.001763 -0.0001999 0.0021914 -0.0020135 -0.0003363 0.0009749 -0.0020134 0.0016484 0.0008555 -0.0017634 0.0016484 0.0008554 -0.0017635 -0.0001881 0.0009007 -0.002013 -0.0002803 0.0021341 -0.0020132 -0.0005611 0.0016776 -0.0017632 -0.000537 0.001775 -0.001763 -0.0002803 0.002134 -0.0020129 -0.0005443 0.0025589 -0.002013 -0.0002586 0.0022212 -0.002013 -0.0002284 0.0021724 -0.001763 -0.0001953 0.0021943 -0.0017629 -0.000524 0.0025011 -0.0020125 -0.0005308 0.0034681 -0.0020125 -0.0002276 0.0034652 -0.0017625 -0.0002319 0.0034623 -0.0017625 -0.0005308 0.003468 -0.0020124 -0.0005318 0.0037997 -0.0020125 -0.0005308 0.0034681 -0.0017624 -0.0005318 0.0037996 -0.0017625 -0.0005308 0.003468 -0.0020124 -0.0005318 0.0037997 -0.0020123 0.0016394 0.0038063 -0.0017623 0.0016393 0.0038062 -0.0017624 -0.0005318 0.0037996 -0.0020123 0.0016394 0.0038063 -0.0020124 0.0016405 0.003438 -0.0017623 0.0016393 0.0038062 -0.0017624 0.0016405 0.0034379 -0.0020128 -7.89e-05 0.0025593 -0.0020128 0.0016433 0.0025155 -0.0017628 -7.89e-05 0.0025592 -0.0017628 0.0016433 0.0025154 -0.0020128 -0.0002239 0.0027039 -0.0020128 -7.89e-05 0.0025593 -0.0017627 -0.0002597 0.0029356 -0.0017628 -7.89e-05 0.0025592 -0.0020126 -0.0002008 0.0031485 -0.0020125 6.28e-05 0.0033732 -0.0017627 -0.0002597 0.0029356 -0.0017625 0.0001629 0.0034016 -0.0020125 6.28e-05 0.0033732 -0.0020124 0.0016405 0.003438 -0.0017624 0.0016405 0.0034379 -0.0017625 0.0001629 0.0034016 -0.0020128 0.0016433 0.0025155 -0.0020129 0.0016444 0.0021471 -0.0017628 0.0016433 0.0025154 -0.0017629 0.0016444 0.002147 -0.0020131 -0.0002111 0.0018309 -0.0020133 -0.0002374 0.0014572 -0.0017632 -0.0002347 0.0017682 -0.0017633 -0.0001881 0.0013604 -0.002013 6.08e-05 0.0020919 -0.0020131 -0.0002111 0.0018309 -0.0017632 -0.0002347 0.0017682 -0.001763 0.0001729 0.0021238 -0.002013 6.08e-05 0.0020919 -0.0020129 0.0016444 0.0021471 -0.0017629 0.0016444 0.002147 -0.001763 0.0001729 0.0021238 -0.0020133 -0.0001118 0.0012925 -0.0020133 0.0016473 0.0012238 -0.0017633 0.0016473 0.0012237 -0.0017633 -0.0001881 0.0013604 -0.0020119 0.0016366 0.0046989 -0.0020121 0.0016376 0.0043689 -0.0017619 0.0016366 0.0046988 -0.0017621 0.0016376 0.0043688 -0.0017619 0.0016366 0.0046988 -0.0017621 0.0016376 0.0043688 -0.0017616 -0.0005378 0.0057581 -0.0017615 -0.0005389 0.0061265 -0.0017614 0.0011426 0.0061048 -0.0017616 0.0010577 0.0057396 -0.0017615 0.0015732 0.0058206 -0.0017622 -0.0005335 0.0043621 -0.0017617 0.0016859 0.0053809 -0.001762 -0.0005346 0.0047305 -0.0017617 0.0013624 0.0053851 -0.0017619 0.001132 0.0048388 -0.001762 0.0014433 0.0046993 -0.0020121 0.0016376 0.0043689 -0.0020122 -0.0005335 0.0043622 -0.0017621 0.0016376 0.0043688 -0.0017622 -0.0005335 0.0043621 -0.002012 -0.0005346 0.0047306 -0.0020122 -0.0005335 0.0043622 -0.0017622 -0.0005335 0.0043621 -0.001762 -0.0005346 0.0047305 -0.0020116 0.0011736 0.0056981 -0.0020116 -0.0005378 0.0057582 -0.0017616 -0.0005378 0.0057581 -0.0017616 0.0010577 0.0057396 -0.0020119 0.001132 0.0048389 -0.0020117 0.0013659 0.0053463 -0.0017617 0.0013624 0.0053851 -0.0017619 0.001132 0.0048388 -0.0020119 0.001132 0.0048389 -0.002012 -0.0005346 0.0047306 -0.001762 -0.0005346 0.0047305 -0.0017619 0.001132 0.0048388 -0.0020116 0.0011736 0.0056981 -0.0020117 0.0013659 0.0053463 -0.0017616 0.0010577 0.0057396 -0.0017617 0.0013624 0.0053851 -0.0020116 -0.0005378 0.0057582 -0.0020115 -0.0005389 0.0061266 -0.0017616 -0.0005378 0.0057581 -0.0017615 -0.0005389 0.0061265 -0.0020114 0.0011789 0.0060977 -0.0020115 -0.0005389 0.0061266 -0.0017615 -0.0005389 0.0061265 -0.0017614 0.0011426 0.0061048 -0.002012 0.0013173 0.0047029 -0.0020119 0.0016366 0.0046989 -0.0017619 0.0016366 0.0046988 -0.001762 0.0014433 0.0046993 -0.002011 0.0016294 0.0070603 -0.0020112 0.0016305 0.006692 -0.001761 0.0016294 0.0070602 -0.0017612 0.0016305 0.0066919 -0.0020112 0.0016305 0.006692 -0.0020113 -0.0005406 0.0066853 -0.0017612 0.0016305 0.0066919 -0.0017613 -0.0005406 0.0066852 -0.0020111 -0.0005418 0.0070537 -0.0020113 -0.0005406 0.0066853 -0.0017613 -0.0005406 0.0066852 -0.0017611 -0.0005418 0.0070536 -0.0020111 -0.0005418 0.0070537 -0.002011 0.0016294 0.0070603 -0.001761 0.0016294 0.0070602 -0.0017611 -0.0005418 0.0070536 -0.001761 0.0016294 0.0070602 -0.0017612 0.0016305 0.0066919 -0.0017613 -0.0005406 0.0066852 -0.0017611 -0.0005418 0.0070536 -0.0020111 -0.0009531 0.0070524 -0.0020113 -0.000952 0.006684 -0.0017611 -0.0009531 0.0070523 -0.0017613 -0.000952 0.0066839 -0.0020113 -0.000952 0.006684 -0.0020113 -0.0013695 0.0066828 -0.0017613 -0.000952 0.0066839 -0.0017613 -0.0013695 0.0066827 -0.0020111 -0.0013706 0.0070511 -0.0020113 -0.0013695 0.0066828 -0.0017613 -0.0013695 0.0066827 -0.0017611 -0.0013706 0.007051 -0.0020111 -0.0013706 0.0070511 -0.0020111 -0.0009531 0.0070524 -0.0017611 -0.0009531 0.0070523 -0.0017611 -0.0013706 0.007051 -0.0017611 -0.0009531 0.0070523 -0.0017613 -0.000952 0.0066839 -0.0017613 -0.0013695 0.0066827 -0.0017611 -0.0013706 0.007051 -0.0020107 0.001613 0.0079789 -0.0020108 0.0016276 0.0076352 -0.0017608 0.0016276 0.0076351 -0.0017607 0.001613 0.0079788 -0.0020108 0.0016276 0.0076352 -0.0020109 -0.0007738 0.0076278 -0.0020109 -0.0013724 0.007626 -0.0017608 0.0016276 0.0076351 -0.0017609 -0.0013724 0.0076259 -0.0020102 4.68e-05 0.0094461 -0.0020101 0.000945 0.009466 -0.0017602 0.001278 0.0093128 -0.0017601 0.000125 0.0094686 -0.0020102 4.68e-05 0.0094461 -0.0020103 -0.0005063 0.0089994 -0.0017601 0.000125 0.0094686 -0.0017604 -0.0005272 0.0089544 -0.0020105 -0.0005938 0.0085399 -0.0020103 -0.0005063 0.0089994 -0.0020107 -0.0004265 0.0081156 -0.0017604 -0.0005272 0.0089544 -0.0017606 -0.0005396 0.0082952 -0.0017607 -0.0004112 0.0080988 -0.0020107 -0.0004265 0.0081156 -0.0020107 -0.0004111 0.0080989 -0.0020107 -0.0003948 0.0080824 -0.0020107 -0.0003774 0.0080658 -0.0017607 -0.0004112 0.0080988 -0.0017607 -0.0003948 0.0080823 -0.0017607 -0.0003774 0.0080657 -0.0020093 -1.09e-05 0.0117576 -0.0020094 -0.0003957 0.0115217 -0.0017592 5.1e-05 0.0117714 -0.0017594 -0.0005049 0.0113437 -0.0020099 -0.0004905 0.0102276 -0.0020094 -0.0003957 0.0115217 -0.0017599 -0.0004905 0.0102275 -0.0017594 -0.0005049 0.0113437 -0.0020099 -0.0004905 0.0102276 -0.00201 -0.0001519 0.0099821 -0.0017599 -0.0003586 0.0100723 -0.0017599 -0.0004905 0.0102275 -0.0020099 0.001394 0.0099267 -0.00201 -0.0001519 0.0099821 -0.0020099 0.0016209 0.0098385 -0.0017599 0.0016208 0.0098384 -0.0020093 -1.09e-05 0.0117576 -0.0020094 8.27e-05 0.0114074 -0.0017592 5.1e-05 0.0117714 -0.0017594 8.26e-05 0.0114073 -0.0020098 -0.0001525 0.0104027 -0.0020097 -0.0002881 0.0106686 -0.0017596 -0.0002984 0.0109384 -0.0017598 -0.0001227 0.0103819 -0.0020098 -0.0001525 0.0104027 -0.0020098 0.0002402 0.0103216 -0.0017598 -0.0001227 0.0103819 -0.0017598 0.0002519 0.0103564 -0.0020093 0.0006098 0.0116636 -0.0020098 0.0002402 0.0103216 -0.0017598 0.0002519 0.0103564 -0.0017593 0.0005008 0.0115063 -0.0020092 0.001059 0.0118404 -0.0020093 0.0006098 0.0116636 -0.0017592 0.0008483 0.0118124 -0.0017593 0.0005008 0.0115063 -0.0020088 0.0016122 0.0126482 -0.002009 0.0016134 0.0122783 -0.0017588 0.0016122 0.0126481 -0.001759 0.0016134 0.0122782 -0.0017588 0.0016122 0.0126481 -0.001759 0.0016134 0.0122782 -0.0017589 -0.0001117 0.0127215 -0.001759 -0.0003635 0.0124177 -0.0017588 -0.0006065 0.0130973 -0.0017585 -0.0003315 0.0136484 -0.0017583 0.0016079 0.0140479 -0.0017584 0.0016091 0.0136796 -0.0017588 -0.0002918 0.013068 -0.0017585 -2.1e-06 0.0136073 -0.0017584 -0.0005632 0.0140413 -0.0017585 -0.0005622 0.0137097 -0.0020088 -0.0006089 0.0129974 -0.002009 -0.000205 0.012327 -0.001759 -0.0003635 0.0124177 -0.0017588 -0.0006065 0.0130973 -0.002009 -0.000205 0.012327 -0.002009 0.0016134 0.0122783 -0.001759 0.0016134 0.0122782 -0.001759 -0.0003635 0.0124177 -0.0020085 -0.0003078 0.0136679 -0.0020088 -0.0006089 0.0129974 -0.0017588 -0.0006065 0.0130973 -0.0017585 -0.0003315 0.0136484 -0.0020085 -0.0003078 0.0136679 -0.0020085 -0.0005622 0.0137098 -0.0017585 -0.0003315 0.0136484 -0.0017585 -0.0005622 0.0137097 -0.0020084 0.0016091 0.0136796 -0.0020083 0.0016079 0.014048 -0.0017583 0.0016079 0.0140479 -0.0017584 0.0016091 0.0136796 -0.0020086 -0.0001628 0.013482 -0.0020084 0.0016091 0.0136796 -0.0017584 0.0016091 0.0136796 -0.0017585 -2.1e-06 0.0136073 -0.0020089 -3.9e-05 0.0126883 -0.0020088 0.0016122 0.0126482 -0.0017588 0.0016122 0.0126481 -0.0017589 -0.0001117 0.0127215 -0.0020088 -0.0002861 0.0130059 -0.0020086 -0.0001628 0.013482 -0.0017588 -0.0002918 0.013068 -0.0017585 -2.1e-06 0.0136073 -0.0020088 -0.0002861 0.0130059 -0.0020089 -3.9e-05 0.0126883 -0.0017589 -0.0001117 0.0127215 -0.0017588 -0.0002918 0.013068 -0.002008 0.0016054 0.0148869 -0.0020081 0.0016066 0.0145001 -0.001758 0.0016054 0.0148868 -0.0017581 0.0016065 0.0145 -0.0020081 -0.000197 0.0146503 -0.0020081 0.0016066 0.0145001 -0.0017581 0.0016065 0.0145 -0.0017581 -0.0002557 0.0146669 -0.0020074 4.9e-06 0.0164264 -0.0020075 -0.00041 0.0161833 -0.0017575 -0.0003637 0.0162337 -0.0017574 4.96e-05 0.0164353 -0.0020074 4.9e-06 0.0164264 -0.0020076 6.84e-05 0.0160689 -0.0017574 4.96e-05 0.0164353 -0.0017576 9.75e-05 0.0160755 -0.0020076 -0.0001641 0.0159594 -0.0020076 6.84e-05 0.0160689 -0.0017576 9.75e-05 0.0160755 -0.0017576 -0.0001819 0.015943 -0.0020076 -0.0001641 0.0159594 -0.0020078 -0.0003124 0.0154142 -0.0017579 -0.0002897 0.0152714 -0.0017576 -0.0001819 0.015943 -0.002008 -8.88e-05 0.0150173 -0.0020078 -0.0003124 0.0154142 -0.0017579 -0.0002897 0.0152714 -0.001758 -0.0001802 0.0150757 -0.002008 -8.88e-05 0.0150173 -0.002008 0.0002259 0.0149832 -0.001758 -0.0001802 0.0150757 -0.001758 0.0002259 0.0149831 -0.0020075 0.0005694 0.0162963 -0.002008 0.0002259 0.0149832 -0.001758 0.0002259 0.0149831 -0.0017575 0.0005095 0.0162103 -0.0020074 0.00114 0.0164936 -0.0020075 0.0005694 0.0162963 -0.0017574 0.0008706 0.0164841 -0.0017575 0.0005095 0.0162103 -0.0020075 0.0015471 0.0162124 -0.0020074 0.00114 0.0164936 -0.0017574 0.0015249 0.0162472 -0.0017574 0.0008706 0.0164841 -0.002008 0.0016054 0.0148869 -0.002008 0.0013456 0.0149718 -0.001758 0.0016054 0.0148868 -0.001758 0.0013373 0.0149619 -0.0020068 0.0015962 0.0178661 -0.0020074 -0.0014002 0.0166827 -0.0017568 0.0015962 0.017866 -0.0017574 -0.0014002 0.0166826 -0.0017568 0.0015962 0.017866 -0.0017574 -0.0014002 0.0166826 -0.0017567 0.001595 0.0182712 -0.0017572 -0.0014014 0.0170855 -0.0020074 -0.0014002 0.0166827 -0.0020072 -0.0014014 0.0170856 -0.0017574 -0.0014002 0.0166826 -0.0017572 -0.0014014 0.0170855 -0.0020072 -0.0014014 0.0170856 -0.0020068 0.001229 0.0180557 -0.0017567 0.001595 0.0182712 -0.0017572 -0.0014014 0.0170855 -0.0020067 0.001595 0.0182713 -0.0020068 0.0015962 0.0178661 -0.0017568 0.0015962 0.017866 -0.0017567 0.001595 0.0182712 -0.0020057 0.000595 0.0207833 -0.0020051 0.00059 0.0224103 -0.0017551 0.00059 0.0224102 -0.0017557 0.0005949 0.0207832 -0.0020057 0.0009341 0.0207966 -0.0020056 0.0013321 0.0210024 -0.0017556 0.0014116 0.0210819 -0.0017557 0.0009341 0.0207965 -0.0020052 0.0015903 0.0220946 -0.0020056 0.0013321 0.0210024 -0.0017553 0.0016357 0.0217305 -0.0017556 0.0014116 0.0210819 -0.0020052 0.0015903 0.0220946 -0.002005 0.0013906 0.0224567 -0.0017553 0.0016357 0.0217305 -0.001755 0.0013484 0.0224997 -0.002005 -5.53e-05 0.0226797 -0.002005 0.0013906 0.0224567 -0.0020049 0.0009076 0.0227403 -0.001755 0.0013484 0.0224997 -0.0017549 0.0008661 0.0227504 -0.001755 0.0002638 0.0227687 -0.002005 -5.53e-05 0.0226797 -0.0020051 -0.0004398 0.0223935 -0.001755 0.0002638 0.0227687 -0.0017551 -0.0003197 0.0225166 -0.0020051 -0.0004398 0.0223935 -0.0020055 -0.0006153 0.0215592 -0.0017551 -0.0003197 0.0225166 -0.0017554 -0.0006353 0.0218132 -0.0020057 -0.0002064 0.0209549 -0.0020057 0.000595 0.0207833 -0.0017557 0.0005949 0.0207832 -0.0017557 -0.0002064 0.0209548 -0.0020055 -0.0006153 0.0215592 -0.0020057 -0.0002064 0.0209549 -0.0017556 -0.0005146 0.0212763 -0.0017557 -0.0002064 0.0209548 -0.0020057 0.0009341 0.0207966 -0.0020056 0.0008862 0.0211748 -0.0017557 0.0009341 0.0207965 -0.0017555 0.0009502 0.0211988 -0.0020052 0.0012075 0.0221326 -0.0020051 0.00059 0.0224103 -0.0017551 0.00059 0.0224102 -0.0017552 0.0012775 0.0220164 -0.0020053 0.0013306 0.0216918 -0.0020056 0.0008862 0.0211748 -0.0017554 0.0012735 0.0214765 -0.0017555 0.0009502 0.0211988 -0.0020052 0.0012075 0.0221326 -0.0020053 0.0013306 0.0216918 -0.0017552 0.0012775 0.0220164 -0.0017554 0.0012735 0.0214765 -0.0020046 0.0015787 0.0235898 -0.0020047 0.0015798 0.0232214 -0.0017546 0.0015787 0.0235897 -0.0017547 0.0015798 0.0232213 -0.0017546 0.0015787 0.0235897 -0.0017547 0.0015798 0.0232213 -0.0017543 -0.0002639 0.0245603 -0.0017541 -8.2e-05 0.0249026 -0.001754 -0.0003245 0.02534 -0.0017545 -0.0006127 0.0241177 -0.0017544 -0.0002925 0.0241657 -0.0017546 -0.0006357 0.0237685 -0.0017541 0.0015747 0.0248813 -0.0017542 -0.0005997 0.0248854 -0.0017543 -0.0003239 0.0245191 -0.0017543 -0.000297 0.0245383 -0.0017541 -0.0002825 0.0250501 -0.0017548 -0.0003738 0.0233207 -0.0017538 -0.0003714 0.0257769 -0.0017536 0.0015708 0.0261722 -0.0017546 -0.0002566 0.0237263 -0.0017543 -0.0002685 0.0245573 -0.0017542 0.0015758 0.024513 -0.0017537 0.0015719 0.0258038 -0.0017538 -0.0001383 0.0256704 -0.0017543 5.54e-05 0.0244783 -0.0017537 -0.0006004 0.0261655 -0.0017538 -0.0005994 0.025834 -0.0020043 -0.000297 0.0245384 -0.0020043 -0.0002639 0.0245604 -0.0020043 -0.0002685 0.0245574 -0.0020043 -0.0003239 0.0245192 -0.0017543 -0.0002639 0.0245603 -0.0017543 -0.0003239 0.0245191 -0.0017543 -0.000297 0.0245383 -0.0017543 -0.0002685 0.0245573 -0.0020047 -0.0005764 0.0235457 -0.0020045 -0.0006418 0.02393 -0.0020044 -0.0005499 0.0242692 -0.0020048 -0.0003737 0.0233208 -0.0020043 -0.0003239 0.0245192 -0.0017545 -0.0006127 0.0241177 -0.0017546 -0.0006357 0.0237685 -0.0017543 -0.0003239 0.0245191 -0.0017548 -0.0003738 0.0233207 -0.0020048 -0.0003737 0.0233208 -0.0020047 0.0015798 0.0232214 -0.0017547 0.0015798 0.0232213 -0.0017548 -0.0003738 0.0233207 -0.0020041 -0.0006188 0.0249462 -0.0020042 -0.0004128 0.0246377 -0.0017543 -0.0002639 0.0245603 -0.0017542 -0.0005997 0.0248854 -0.0020036 0.0015708 0.0261723 -0.0020037 0.0015719 0.0258039 -0.0017536 0.0015708 0.0261722 -0.0017537 0.0015719 0.0258038 -0.0020041 -0.0002876 0.0250598 -0.0020041 0.0001355 0.0248773 -0.0020041 0.0015747 0.0248814 -0.0017541 -8.2e-05 0.0249026 -0.0017541 0.0015747 0.0248813 -0.0017541 -0.0002825 0.0250501 -0.0020041 -0.0002876 0.0250598 -0.002004 -0.0003186 0.0253759 -0.001754 -0.0003245 0.02534 -0.0017541 -0.0002825 0.0250501 -0.0020038 -7.51e-05 0.0257095 -0.002004 -0.0003186 0.0253759 -0.001754 -0.0003245 0.02534 -0.0017538 -0.0001383 0.0256704 -0.0020038 -7.51e-05 0.0257095 -0.0020037 0.0015719 0.0258039 -0.0017537 0.0015719 0.0258038 -0.0017538 -0.0001383 0.0256704 -0.0020041 0.0015747 0.0248814 -0.0020042 0.0015758 0.0245131 -0.0017541 0.0015747 0.0248813 -0.0017542 0.0015758 0.024513 -0.0020046 -8.71e-05 0.0236142 -0.0020046 0.0015787 0.0235898 -0.0017546 0.0015787 0.0235897 -0.0017546 -0.0002566 0.0237263 -0.0020044 -0.0002864 0.0241814 -0.0020046 -0.000306 0.0238231 -0.0017544 -0.0002925 0.0241657 -0.0017546 -0.0002566 0.0237263 -0.0020043 -4.26e-05 0.024443 -0.0020044 -0.0002864 0.0241814 -0.0017544 -0.0002925 0.0241657 -0.0017543 5.54e-05 0.0244783 -0.0020043 -4.26e-05 0.024443 -0.0020042 0.0015758 0.0245131 -0.0017542 0.0015758 0.024513 -0.0017543 5.54e-05 0.0244783 -0.0020027 -0.0005407 0.0287138 -0.0020026 -0.0002062 0.0288511 -0.0017526 -0.0002011 0.0288421 -0.0017527 -0.0005407 0.0287137 -0.0017526 -0.0002011 0.0288421 -0.0017527 -0.0005407 0.0287137 -0.0017524 -0.000575 0.0293377 -0.0017521 0.0015593 0.0299036 -0.0017523 0.0015604 0.0295352 -0.0017523 -0.0002831 0.0295579 -0.0017524 -7.46e-05 0.029436 -0.0017522 -0.0006118 0.0298969 -0.0017523 -0.0006108 0.0295608 -0.0020024 -0.0004686 0.0294444 -0.0020025 -0.000646 0.0291935 -0.0017524 -0.000575 0.0293377 -0.0017523 -0.0002831 0.0295579 -0.0020025 -0.000646 0.0291935 -0.0020027 -0.0005407 0.0287138 -0.0017527 -0.0005407 0.0287137 -0.0017524 -0.000575 0.0293377 -0.0020021 0.0015593 0.0299037 -0.0020023 0.0015604 0.0295353 -0.0017521 0.0015593 0.0299036 -0.0017523 0.0015604 0.0295352 -0.0020024 -0.0002371 0.0292902 -0.0020026 -0.0002062 0.0288511 -0.0017526 -0.0002011 0.0288421 -0.0017524 -7.46e-05 0.029436 -0.0020023 0.0001502 0.0295091 -0.0020023 0.0015604 0.0295353 -0.0017523 0.0015604 0.0295352 -0.0017524 -7.46e-05 0.029436 -0.0020018 0.0015565 0.0308177 -0.0020019 0.0015576 0.0304478 -0.0017518 0.0015565 0.0308176 -0.0017519 0.0015576 0.0304477 -0.0017518 0.0015565 0.0308176 -0.0017519 0.0015576 0.0304477 -0.0017517 -0.0006647 0.0312137 -0.0017518 -0.0001409 0.0308782 -0.0017519 -0.000399 0.0305669 -0.0017515 -0.000438 0.0317813 -0.0017512 0.0015522 0.0322221 -0.0017514 0.0015533 0.0318537 -0.0017515 -8.57e-05 0.031757 -0.0017517 -0.0003284 0.0311122 -0.0017513 -0.0014478 0.0322129 -0.0017515 -0.0014467 0.0318445 -0.0020014 -0.0003699 0.0318479 -0.0020018 -0.0006431 0.0309865 -0.0017517 -0.0006647 0.0312137 -0.0017515 -0.000438 0.0317813 -0.002002 -0.000141 0.0304693 -0.0020019 0.0015576 0.0304478 -0.0017519 0.0015576 0.0304477 -0.0017519 -0.000399 0.0305669 -0.0020015 -0.0014466 0.0318446 -0.0020014 -0.0003699 0.0318479 -0.0017515 -0.000438 0.0317813 -0.0017515 -0.0014467 0.0318445 -0.0020015 -0.0014466 0.0318446 -0.0020013 -0.0014478 0.032213 -0.0017513 -0.0014478 0.0322129 -0.0017515 -0.0014467 0.0318445 -0.0020013 -0.0014478 0.032213 -0.0020012 0.0015522 0.0322222 -0.0017512 0.0015522 0.0322221 -0.0017513 -0.0014478 0.0322129 -0.0020012 0.0015522 0.0322222 -0.0020014 0.0015533 0.0318538 -0.0017512 0.0015522 0.0322221 -0.0017514 0.0015533 0.0318537 -0.0020014 -1.8e-05 0.0317894 -0.0020014 0.0015533 0.0318538 -0.0017514 0.0015533 0.0318537 -0.0017515 -8.57e-05 0.031757 -0.0020018 -0.0002595 0.0309745 -0.0020018 0.0015565 0.0308177 -0.0017518 0.0015565 0.0308176 -0.0017518 -0.0001409 0.0308782 -0.0020011 0.0006337 0.0326729 -0.002001 0.0011509 0.0329206 -0.0020007 0.001564 0.0335802 -0.001751 0.0011509 0.0329205 -0.0017511 0.0005992 0.0326635 -0.0017507 0.0015538 0.0335384 -0.001751 0.0011509 0.0329205 -0.0017511 0.0005992 0.0326635 -0.001751 -0.0005334 0.0330998 -0.0017506 0.0012583 0.0339254 -0.0017502 0.0013468 0.0347713 -0.0017507 0.0015538 0.0335384 -0.0017506 -0.0011489 0.0341057 -0.0017503 0.0007639 0.03476 -0.0017501 0.0006752 0.0352131 -0.0017505 -0.001405 0.0344569 -0.0017508 0.001131 0.0334494 -0.0017503 -0.0010908 0.034922 -0.0017504 0.0015295 0.0344098 -0.0017508 -0.001046 0.0334536 -0.0017509 -0.0013798 0.0333133 -0.0017504 -0.0009751 0.0345142 -0.0017509 0.0005539 0.0330719 -0.0017501 -0.0002943 0.0352895 -0.0017502 -0.0002147 0.0348866 -0.0017511 -0.0006243 0.0327104 -0.0020011 0.0006337 0.0326729 -0.0020009 0.0004975 0.0330578 -0.0017511 0.0005992 0.0326635 -0.0017509 0.0005539 0.0330719 -0.0020008 -0.0010459 0.0334537 -0.0020009 -0.000641 0.033138 -0.001751 -0.0005334 0.0330998 -0.0017508 -0.001046 0.0334536 -0.0020008 -0.0010459 0.0334537 -0.0020004 -0.0010206 0.0344514 -0.0017506 -0.0011489 0.0341057 -0.0017508 -0.001046 0.0334536 -0.0020004 -0.0010206 0.0344514 -0.0020003 -0.0004701 0.0348345 -0.0017504 -0.0009751 0.0345142 -0.0017502 -0.0002147 0.0348866 -0.0020003 -0.0004701 0.0348345 -0.0020003 0.0007639 0.0347601 -0.0017503 0.0007639 0.03476 -0.0017502 -0.0002147 0.0348866 -0.0020003 0.0007639 0.0347601 -0.0020005 0.001245 0.0341098 -0.0017506 0.0012583 0.0339254 -0.0017503 0.0007639 0.03476 -0.0020005 0.001245 0.0341098 -0.0020008 0.0010736 0.0333718 -0.0017506 0.0012583 0.0339254 -0.0017508 0.001131 0.0334494 -0.0020008 0.0010736 0.0333718 -0.0020009 0.0004975 0.0330578 -0.0017508 0.001131 0.0334494 -0.0017509 0.0005539 0.0330719 -0.0020009 -0.000641 0.033138 -0.0020011 -0.0006243 0.0327105 -0.001751 -0.0005334 0.0330998 -0.0017511 -0.0006243 0.0327104 -0.0020003 0.0014232 0.0346571 -0.0020007 0.001564 0.0335802 -0.0017502 0.0013468 0.0347713 -0.0017507 0.0015538 0.0335384 -0.0017504 0.0015295 0.0344098 -0.0020003 0.0014232 0.0346571 -0.0020001 -1.4e-05 0.0353115 -0.0017502 0.0013468 0.0347713 -0.0017501 0.0006752 0.0352131 -0.0020001 -1.4e-05 0.0353115 -0.0020002 -0.000782 0.0351405 -0.0017501 0.0006752 0.0352131 -0.0017503 -0.0010908 0.034922 -0.0017501 -0.0002943 0.0352895 -0.0020002 -0.000782 0.0351405 -0.0020007 -0.0015031 0.0339656 -0.0017505 -0.001405 0.0344569 -0.0017503 -0.0010908 0.034922 -0.0020009 -0.0013449 0.0332472 -0.0020011 -0.0006243 0.0327105 -0.0020011 -0.000677 0.0327266 -0.0017509 -0.0013798 0.0333133 -0.0017511 -0.0006243 0.0327104 -0.0020007 -0.0015031 0.0339656 -0.0020009 -0.0013449 0.0332472 -0.0017505 -0.001405 0.0344569 -0.0017509 -0.0013798 0.0333133 -0.0019789 -0.0001984 0.0896826 -0.0019791 -0.0005471 0.08917 -0.0017289 -0.0002998 0.0896016 -0.0017291 -0.0005471 0.0891699 -0.0019793 -0.0013072 0.0888416 -0.0019794 -0.0009253 0.0885251 -0.0017294 -0.0008941 0.0885168 -0.0017292 -0.0013313 0.0889627 -0.0019793 -0.0013072 0.0888416 -0.001979 -0.0011585 0.0894124 -0.0017292 -0.0013313 0.0889627 -0.001729 -0.0011764 0.0893939 -0.001979 -0.0011585 0.0894124 -0.0019789 -0.0001984 0.0896826 -0.001729 -0.0011764 0.0893939 -0.0017289 -0.0006774 0.089656 -0.0019794 -0.0009253 0.0885251 -0.0019795 -0.0009265 0.0881457 -0.0017294 -0.0008941 0.0885168 -0.0017295 -0.0009682 0.0881532 -0.0019793 -0.0004884 0.088615 -0.0019791 -0.0005471 0.08917 -0.0017291 -0.0005471 0.0891699 -0.0017293 -0.0005184 0.088688 -0.0019787 0.0004224 0.0900434 -0.0019788 0.0010931 0.0897834 -0.0019788 -0.000758 0.0899928 -0.0017287 0.0006667 0.0899954 -0.0017288 -0.0008742 0.0899603 -0.0019791 -0.0015637 0.0893941 -0.0019794 -0.0015745 0.0886429 -0.001729 -0.0014993 0.0895197 -0.0017294 -0.0015642 0.0886175 -0.0019794 -0.0015745 0.0886429 -0.0019795 -0.0009265 0.0881457 -0.0017294 -0.0015642 0.0886175 -0.0017295 -0.0009682 0.0881532 -0.0019788 -0.000758 0.0899928 -0.0019791 -0.0015637 0.0893941 -0.0017288 -0.0008742 0.0899603 -0.001729 -0.0014993 0.0895197 -0.0019793 -0.0004884 0.088615 -0.0019795 2.4e-06 0.0881617 -0.0017293 -0.0005184 0.088688 -0.0017295 -8.06e-05 0.0881988 -0.0017282 0.0013708 0.0913776 -0.0017283 0.0013719 0.0910092 -0.001728 -0.0008909 0.0921097 -0.001728 -0.0005348 0.0921108 -0.0017282 -0.0009249 0.0914276 -0.0017283 -0.0013649 0.0914351 -0.0017284 -0.0016427 0.0909999 -0.001978 -0.0009002 0.0920903 -0.0019783 -0.0015396 0.0912999 -0.001728 -0.0008909 0.0921097 -0.0017283 -0.0013649 0.0914351 -0.0017284 -0.0016427 0.0909999 -0.001978 -0.0005348 0.0921109 -0.001978 -0.0009002 0.0920903 -0.001728 -0.0008909 0.0921097 -0.001728 -0.0005348 0.0921108 -0.0019782 -0.0009249 0.0914277 -0.001978 -0.0005348 0.0921109 -0.001728 -0.0005348 0.0921108 -0.0017282 -0.0009249 0.0914276 -0.0020028 -0.0002247 0.0284528 -0.0020029 -0.0005806 0.0280121 -0.0017528 -0.0002478 0.0284374 -0.0017531 -0.0006539 0.0276182 -0.0020034 -0.0003359 0.0268476 -0.0020032 -0.0006011 0.0272576 -0.0017531 -0.0006539 0.0276182 -0.0017534 -0.0002452 0.0267749 -0.0020029 0.001549 0.0279934 -0.0020032 0.00155 0.027231 -0.0017532 0.00155 0.0272309 -0.001753 0.0016116 0.0277286 -0.0017598 0.0016197 0.0102252 -0.0017599 0.0016208 0.0098384 -0.0017592 5.1e-05 0.0117714 -0.0017599 -0.0003586 0.0100723 -0.0017599 -0.0004905 0.0102275 -0.0017594 -0.0005049 0.0113437 -0.0017596 -0.0002984 0.0109384 -0.0017594 8.26e-05 0.0114073 -0.0017598 -0.0001227 0.0103819 -0.0017598 0.0002519 0.0103564 -0.0017598 0.0013599 0.0103102 -0.0017595 0.0016672 0.0110465 -0.0017592 0.0008483 0.0118124 -0.0017593 0.0005008 0.0115063 -0.0017593 0.0015274 0.0116023 -0.0017598 0.0005601 0.0104189 -0.0017598 0.0005367 0.0103421 -0.0017598 0.0005303 0.0103224 -0.0017594 0.0007907 0.0113356 -0.0017593 0.001122 0.0114365 -0.0017597 0.0011064 0.0104309 -0.0017595 0.0013738 0.0110916 -0.0017593 0.001122 0.0114365 -0.0017595 0.0013738 0.0110916 -0.0020095 0.0013758 0.0110691 -0.0020093 0.0011774 0.011416 -0.0017597 0.0011064 0.0104309 -0.0017595 0.0013738 0.0110916 -0.0020095 0.0013758 0.0110691 -0.0020097 0.0011993 0.0105116 -0.0017598 0.0005601 0.0104189 -0.0017598 0.0005367 0.0103421 -0.0017598 0.0005303 0.0103224 -0.0020098 0.0005303 0.0103225 -0.0020098 0.0005367 0.0103422 -0.0020098 0.0005601 0.010419 -0.0017598 0.0005303 0.0103224 -0.0017597 0.0011064 0.0104309 -0.0020097 0.0011993 0.0105116 -0.0020098 0.0005367 0.0103422 -0.0017598 0.0005601 0.0104189 -0.0017594 0.0007907 0.0113356 -0.0020098 0.0005601 0.010419 -0.0020094 0.000777 0.0113174 -0.0017594 0.0007907 0.0113356 -0.0017593 0.001122 0.0114365 -0.0020094 0.000777 0.0113174 -0.0020093 0.0011774 0.011416 -0.0020095 0.0013758 0.0110691 -0.0020097 0.0011993 0.0105116 -0.0020098 0.0005367 0.0103422 -0.0020098 0.0005601 0.010419 -0.0020094 0.000777 0.0113174 -0.0020093 0.0011774 0.011416 -0.001758 0.0016054 0.0148868 -0.0017581 0.0016065 0.0145 -0.0017575 -0.0003637 0.0162337 -0.0017578 -0.0006165 0.0154308 -0.0017581 -0.0002557 0.0146669 -0.0017574 4.96e-05 0.0164353 -0.0017576 9.75e-05 0.0160755 -0.0017579 -0.0002897 0.0152714 -0.0017576 -0.0001819 0.015943 -0.001758 -0.0001802 0.0150757 -0.001758 0.0002259 0.0149831 -0.0017577 0.0016506 0.0156705 -0.0017574 0.0015249 0.0162472 -0.0017574 0.0008706 0.0164841 -0.0017575 0.0005095 0.0162103 -0.001758 0.0013373 0.0149619 -0.0017575 0.0010771 0.0161046 -0.0017576 0.000749 0.0159577 -0.0017577 0.0013491 0.015516 -0.0017579 0.0012202 0.0152181 -0.001758 0.0005601 0.0149841 -0.0017576 0.0013223 0.0159053 -0.0017577 0.0013491 0.015516 -0.0017579 0.0012202 0.0152181 -0.0020077 0.0013628 0.0157059 -0.0020079 0.0010628 0.0150746 -0.0017579 0.0012202 0.0152181 -0.001758 0.0005601 0.0149841 -0.0020079 0.0010628 0.0150746 -0.002008 0.0006385 0.0149844 -0.0017576 0.000749 0.0159577 -0.001758 0.0005601 0.0149841 -0.002008 0.0006385 0.0149844 -0.0020076 0.0007695 0.0159884 -0.0017575 0.0010771 0.0161046 -0.0017576 0.000749 0.0159577 -0.0020076 0.0007695 0.0159884 -0.0020075 0.0010663 0.0161062 -0.0017575 0.0010771 0.0161046 -0.0017576 0.0013223 0.0159053 -0.0020077 0.0013628 0.0157059 -0.0020075 0.0010663 0.0161062 -0.0020077 0.0013628 0.0157059 -0.0020079 0.0010628 0.0150746 -0.002008 0.0006385 0.0149844 -0.0020076 0.0007695 0.0159884 -0.0020075 0.0010663 0.0161062 -0.0017608 0.0016276 0.0076351 -0.0017609 -0.0013724 0.0076259 -0.0017608 -0.0013735 0.0079942 -0.0017606 0.0015287 0.0081362 -0.0017602 0.001278 0.0093128 -0.0017601 0.000125 0.0094686 -0.0017604 -0.0005272 0.0089544 -0.0017606 -0.0005396 0.0082952 -0.0017607 -0.0004112 0.0080988 -0.0017607 -0.0003948 0.0080823 -0.0017607 -0.0003774 0.0080657 -0.0017604 0.0016617 0.008748 -0.0017607 0.001613 0.0079788 -0.0017607 0.0002407 0.0079996 -0.0017605 -0.0002789 0.0087001 -0.0017606 -0.0002031 0.0082539 -0.0017603 0.0010859 0.0090183 -0.0017603 7.7e-06 0.0090328 -0.0017606 0.0011303 0.0081023 -0.0017604 0.001372 0.0085785 -0.0017603 0.0010859 0.0090183 -0.0017604 0.001372 0.0085785 -0.0020103 0.0011708 0.0089603 -0.0020104 0.0013262 0.0087575 -0.0017606 0.0011303 0.0081023 -0.0017604 0.001372 0.0085785 -0.0020105 0.0013351 0.0083481 -0.0020107 0.0010169 0.0080416 -0.0017607 0.0002407 0.0079996 -0.0017606 0.0011303 0.0081023 -0.0020107 0.0010169 0.0080416 -0.0020107 0.0001219 0.0080328 -0.0017607 0.0002407 0.0079996 -0.0017606 -0.0002031 0.0082539 -0.0020107 0.0001219 0.0080328 -0.0020106 -0.0001938 0.0082416 -0.0017605 -0.0002789 0.0087001 -0.0017606 -0.0002031 0.0082539 -0.0020106 -0.0001938 0.0082416 -0.0020104 -0.0002418 0.008802 -0.0020103 0.0004006 0.0091341 -0.0020103 0.0011708 0.0089603 -0.0020104 0.0013262 0.0087575 -0.0020105 0.0013351 0.0083481 -0.0020107 0.0010169 0.0080416 -0.0020107 0.0001219 0.0080328 -0.0020106 -0.0001938 0.0082416 -0.0020104 -0.0002418 0.008802 -0.0017852 0.0001658 -0.054762 -0.0017852 0.000143 -0.0547822 -0.0017852 0.0001215 -0.0548025 -0.0017854 -0.0001098 -0.055243 -0.0017856 -0.0004167 -0.0558748 -0.0017856 -0.0007716 -0.0556988 -0.0017854 -0.0008851 -0.0552905 -0.0017853 -0.0007157 -0.0549715 -0.0017852 -0.0002796 -0.0547383 -0.0017858 -0.0004436 -0.0562442 -0.0017856 -5.65e-05 -0.0557448 -0.0017857 0.0003622 -0.056185 -0.0017857 0.0014436 -0.0561287 -0.0017851 0.0015819 -0.0546448 -0.001785 0.0006939 -0.0543228 -0.0017851 -0.000689 -0.0545304 -0.0017852 -0.0010414 -0.0548408 -0.0017855 -0.0011781 -0.0555736 -0.0017857 -0.0009664 -0.0560037 -0.0017855 0.0017951 -0.0557403 -0.0017856 0.0008487 -0.055913 -0.0017856 0.0003978 -0.0557629 -0.0017854 0.0002 -0.0553812 -0.0017851 0.0009053 -0.0547376 -0.0017852 0.001501 -0.0550745 -0.0017852 0.0004844 -0.0548288 -0.0017855 0.0014627 -0.055659 -0.0017851 0.0009053 -0.0547376 -0.0017852 0.001501 -0.0550745 -0.0020351 0.000842 -0.0547359 -0.0020353 0.001567 -0.0552929 -0.0017852 0.001501 -0.0550745 -0.0017855 0.0014627 -0.055659 -0.0020353 0.001567 -0.0552929 -0.0020355 0.0014731 -0.0556455 -0.0017851 0.0009053 -0.0547376 -0.0017852 0.0004844 -0.0548288 -0.0020352 0.0003922 -0.0548982 -0.0020351 0.000842 -0.0547359 -0.0017856 0.0008487 -0.055913 -0.0017855 0.0014627 -0.055659 -0.0020355 0.0014731 -0.0556455 -0.0020356 0.0007311 -0.0559034 -0.0017856 0.0003978 -0.0557629 -0.0017854 0.0002 -0.0553812 -0.0020356 0.0007311 -0.0559034 -0.0020354 0.0002055 -0.055237 -0.0017854 0.0002 -0.0553812 -0.0017852 0.0004844 -0.0548288 -0.0020352 0.0003922 -0.0548982 -0.0020354 0.0002055 -0.055237 -0.0020352 0.0003922 -0.0548982 -0.0020351 0.000842 -0.0547359 -0.0020353 0.001567 -0.0552929 -0.0020355 0.0014731 -0.0556455 -0.0020356 0.0007311 -0.0559034 -0.0020354 0.0002055 -0.055237 -0.0017289 -0.0002998 0.0896016 -0.0017291 -0.0005471 0.0891699 -0.0017294 -0.0008941 0.0885168 -0.0017292 -0.0013313 0.0889627 -0.001729 -0.0011764 0.0893939 -0.0017289 -0.0006774 0.089656 -0.0017293 -0.0005184 0.088688 -0.0017295 -8.06e-05 0.0881988 -0.0017295 0.0007513 0.0881417 -0.0017292 0.0013822 0.0887203 -0.001729 0.0013819 0.0893454 -0.0017287 0.0006667 0.0899954 -0.0017288 -0.0008742 0.0899603 -0.001729 -0.0014993 0.0895197 -0.0017294 -0.0015642 0.0886175 -0.0017295 -0.0009682 0.0881532 -0.0017293 -7.39e-05 0.0886454 -0.0017289 0.0003992 0.0896478 -0.0017292 0.0011022 0.0888778 -0.001729 0.0010198 0.0893676 -0.0017291 -0.0002158 0.0892357 -0.0017293 0.0007259 0.0885209 -0.0017289 0.0003992 0.0896478 -0.001729 0.0010198 0.0893676 -0.0019789 0.0005751 0.0896327 -0.001979 0.0010303 0.0893533 -0.0017292 0.0011022 0.0888778 -0.001729 0.0010198 0.0893676 -0.001979 0.0010303 0.0893533 -0.0019791 0.0011177 0.0889408 -0.0017292 0.0011022 0.0888778 -0.0017293 0.0007259 0.0885209 -0.0019791 0.0011177 0.0889408 -0.0019793 0.0005067 0.088474 -0.0019789 4.16e-05 0.0895551 -0.0019789 0.0005751 0.0896327 -0.001979 0.0010303 0.0893533 -0.0019791 0.0011177 0.0889408 -0.0019793 0.0005067 0.088474 -0.0019792 -0.0001994 0.0888186 -0.0017527 0.0012133 0.0284386 -0.0017528 -0.0002478 0.0284374 -0.0017531 -0.0006539 0.0276182 -0.0017534 -0.0002452 0.0267749 -0.0017534 0.0008174 0.0266211 -0.0017532 0.00155 0.0272309 -0.001753 0.0016116 0.0277286 -0.0017531 0.0012877 0.0274112 -0.0017533 -2.21e-05 0.0270639 -0.0017528 0.0009496 0.0281644 -0.0017529 -0.0001613 0.0280519 -0.0017532 0.0010356 0.0270998 -0.0017528 0.0002439 0.0282302 -0.0017529 0.0012266 0.0279258 -0.0017532 -0.0003307 0.0274376 -0.0017528 0.0009496 0.0281644 -0.0017529 -0.0001613 0.0280519 -0.0017528 0.0002439 0.0282302 -0.0020028 0.0001744 0.028217 -0.0020028 0.0007725 0.028221 -0.0020029 -0.0002211 0.0279892 -0.0017531 0.0012877 0.0274112 -0.0017529 0.0012266 0.0279258 -0.0020029 0.001254 0.0278773 -0.0020031 0.0012974 0.027448 -0.0017531 0.0012877 0.0274112 -0.0017532 0.0010356 0.0270998 -0.0020031 0.0012974 0.027448 -0.0020032 0.0011436 0.0271797 -0.0017528 0.0009496 0.0281644 -0.0017529 0.0012266 0.0279258 -0.0020028 0.0007725 0.028221 -0.0020029 0.001254 0.0278773 -0.0017533 -2.21e-05 0.0270639 -0.0017532 -0.0003307 0.0274376 -0.0020033 0.0001419 0.0270017 -0.0020032 -0.0001998 0.0272029 -0.0020031 -0.0003514 0.0275596 -0.0017529 -0.0001613 0.0280519 -0.0017532 -0.0003307 0.0274376 -0.0020031 -0.0003514 0.0275596 -0.0020029 -0.0002211 0.0279892 -0.0017533 -2.21e-05 0.0270639 -0.0017532 0.0010356 0.0270998 -0.0020032 0.0011436 0.0271797 -0.0020033 0.0001419 0.0270017 -0.0020028 0.0001744 0.028217 -0.0020028 0.0007725 0.028221 -0.0020029 0.001254 0.0278773 -0.0020031 0.0012974 0.027448 -0.0020032 0.0011436 0.0271797 -0.0020033 0.0001419 0.0270017 -0.0020032 -0.0001998 0.0272029 -0.0020031 -0.0003514 0.0275596 -0.0020029 -0.0002211 0.0279892 -0.0017551 0.00059 0.0224102 -0.0017557 0.0005949 0.0207832 -0.0017553 0.0016357 0.0217305 -0.001755 0.0013484 0.0224997 -0.0017549 0.0008661 0.0227504 -0.001755 0.0002638 0.0227687 -0.0017551 -0.0003197 0.0225166 -0.0017554 -0.0006353 0.0218132 -0.0017556 -0.0005146 0.0212763 -0.0017557 -0.0002064 0.0209548 -0.0017556 0.0014116 0.0210819 -0.0017557 0.0009341 0.0207965 -0.0017552 0.0012775 0.0220164 -0.0017554 0.0012735 0.0214765 -0.0017555 0.0009502 0.0211988 -0.0017556 0.0002651 0.0211625 -0.0017553 -0.000333 0.0218239 -0.0017552 -0.0001609 0.0221943 -0.0017555 -0.0001367 0.0213113 -0.0017551 0.0001931 0.0223746 -0.0017556 0.0002651 0.0211625 -0.0017555 -0.0001367 0.0213113 -0.0020056 0.0002652 0.0211626 -0.0020056 -5.99e-05 0.0212556 -0.0017556 0.0002651 0.0211625 -0.0017551 0.0001931 0.0223746 -0.0020056 0.0002652 0.0211626 -0.0020051 0.0002557 0.022385 -0.0017553 -0.000333 0.0218239 -0.0017555 -0.0001367 0.0213113 -0.0020056 -5.99e-05 0.0212556 -0.0020053 -0.0003013 0.0219783 -0.0017552 -0.0001609 0.0221943 -0.0017551 0.0001931 0.0223746 -0.0020053 -0.0003013 0.0219783 -0.0020051 0.0002557 0.022385 -0.0020056 0.0002652 0.0211626 -0.0020056 -5.99e-05 0.0212556 -0.0020053 -0.0003013 0.0219783 -0.0020051 0.0002557 0.022385 0.0020249 0.000733 0.0994129 0.0020255 0.0050051 0.1005129 0.0020259 0.0064012 0.1012614 0.0019609 0.0068131 -0.054585 0.0019597 0.0104295 -0.0648003 0.0019976 -0.0067043 0.098235 0.0019617 0.0028744 -0.0630287 0.0019616 0.0074378 -0.0637554 0.0019613 -0.0030388 -0.0635246 -0.002001 0.0063015 0.0324589 -0.0019896 0.0062118 0.0617205 -0.0020024 0.0063131 0.0286888 -0.0020046 0.0063304 0.0230203 -0.002031 0.0069338 -0.0555259 -0.0020325 0.007953 -0.0596723 -0.0020291 0.0106132 -0.0648792 -0.0019746 -0.0064668 0.0985921 -0.0020125 -0.0061115 0.0040638 -0.0020094 -0.0061359 0.0120365 -0.0020014 -0.0061984 0.0324206 -0.0020272 -0.0064173 -0.0582132 -0.0020302 -0.0091462 -0.0658897 -0.0019753 0.0009843 0.0989148 -0.0019753 -0.0024437 0.0990628 -0.0020393 -0.0068123 -0.0647326 -0.0020387 -0.0030386 -0.0635231 -0.0020383 0.0015524 -0.062998 -0.0020383 0.0041926 -0.063136 -0.0020384 0.006797 -0.0635912 -0.0020129 -0.0005443 0.0025589 -0.0020124 -0.0005318 0.0037997 -0.0020125 -0.0005308 0.0034681 -0.0020125 -0.0002276 0.0034652 -0.0020126 -0.0002008 0.0031485 -0.002013 -0.0002803 0.0021341 -0.0020128 -0.0002239 0.0027039 -0.002013 6.08e-05 0.0020919 -0.0020135 -0.0003363 0.0009749 -0.0020128 -7.89e-05 0.0025593 -0.0020133 -0.0001118 0.0012925 -0.0020132 -0.0005611 0.0016776 -0.0020131 -0.0002111 0.0018309 -0.0020133 -0.0002374 0.0014572 -0.0020125 6.28e-05 0.0033732 -0.0020133 0.0016473 0.0012238 -0.002013 -0.0002586 0.0022212 -0.002013 -0.0002284 0.0021724 -0.002013 -0.0002553 0.0021532 -0.0020134 0.0016484 0.0008555 -0.0020122 0.0016642 0.0040877 -0.0020123 0.0016394 0.0038063 -0.0020128 0.0016433 0.0025155 -0.0020124 0.0016405 0.003438 -0.0020129 0.0016444 0.0021471 -0.0020111 -0.0005418 0.0070537 -0.002011 0.0016294 0.0070603 -0.0020113 0.0016571 0.0064127 -0.0020112 0.0016305 0.006692 -0.0020113 -0.0005406 0.0066853 -0.0020111 -0.0013706 0.0070511 -0.0020111 -0.0009531 0.0070524 -0.0020113 -0.000952 0.006684 -0.0020113 -0.0013695 0.0066828 -0.0020101 -0.00078 0.0096719 -0.0020088 -0.0002861 0.0130059 -0.0020085 -0.0003078 0.0136679 -0.0020085 -0.0005622 0.0137098 -0.0020088 -0.0006089 0.0129974 -0.0020089 -3.9e-05 0.0126883 -0.002009 -0.000205 0.012327 -0.0020086 -0.0001628 0.013482 -0.0020084 0.0016091 0.0136796 -0.0020082 0.001633 0.0142741 -0.0020083 0.0016079 0.014048 -0.0020088 0.0016122 0.0126482 -0.002009 0.0016134 0.0122783 -0.0020074 -0.0014072 0.0165887 -0.0020041 -0.0006188 0.0249462 -0.0020049 -0.0008209 0.0229984 -0.0020038 -0.0005994 0.0258341 -0.0020047 -0.0005764 0.0235457 -0.0020045 -0.0006418 0.02393 -0.0020042 -0.0004128 0.0246377 -0.0020038 -7.51e-05 0.0257095 -0.0020043 -4.26e-05 0.024443 -0.0020041 -0.0002876 0.0250598 -0.0020044 -0.0005499 0.0242692 -0.0020044 -0.0002864 0.0241814 -0.0020046 -0.000306 0.0238231 -0.0020048 -0.0003737 0.0233208 -0.002004 -0.0003186 0.0253759 -0.0020043 -0.000297 0.0245384 -0.0020043 -0.0002639 0.0245604 -0.0020043 -0.0002685 0.0245574 -0.0020043 -0.0003239 0.0245192 -0.0020046 -8.71e-05 0.0236142 -0.0020046 0.0015787 0.0235898 -0.0020041 0.0001355 0.0248773 -0.0020035 0.0015958 0.0263823 -0.0020036 0.0015708 0.0261723 -0.0020041 0.0015747 0.0248814 -0.0020037 0.0015719 0.0258039 -0.0020042 0.0015758 0.0245131 -0.0020047 0.0015798 0.0232214 -0.0020023 -0.0006108 0.0295609 -0.0020024 -0.0004686 0.0294444 -0.0020024 -0.0002371 0.0292902 -0.0020027 -0.0008383 0.0286668 -0.0020025 -0.000646 0.0291935 -0.0020023 0.0001502 0.0295091 -0.0020027 -0.0005407 0.0287138 -0.0020021 0.0015593 0.0299037 -0.0020023 0.0015604 0.0295353 -0.0019782 -0.0009249 0.0914277 -0.001978 -0.0005348 0.0921109 -0.001978 -0.0009002 0.0920903 -0.0019783 0.0013719 0.0910093 -0.0019783 -0.0015396 0.0912999 -0.0019793 -0.0013072 0.0888416 -0.001979 -0.0011585 0.0894124 -0.0019787 0.0004224 0.0900434 -0.0019788 0.0010931 0.0897834 -0.0019788 -0.000758 0.0899928 -0.0019791 -0.0015637 0.0893941 -0.0019794 -0.0015745 0.0886429 -0.0019789 -0.0001984 0.0896826 -0.0019794 0.0010595 0.0882948 -0.0019793 -0.0004884 0.088615 -0.0019795 2.4e-06 0.0881617 -0.0019794 -0.0009253 0.0885251 -0.0019791 -0.0005471 0.08917 -0.0019795 -0.0009265 0.0881457 -0.0020093 -1.09e-05 0.0117576 -0.0020092 0.001059 0.0118404 -0.0020099 0.001394 0.0099267 -0.0020099 -0.0004905 0.0102276 -0.0020093 0.0015614 0.0115509 -0.0020094 -0.0003957 0.0115217 -0.0020093 0.0006098 0.0116636 -0.0020098 -0.0001525 0.0104027 -0.0020094 -0.0001402 0.0113059 -0.0020097 -0.0002881 0.0106686 -0.00201 -0.0001519 0.0099821 -0.0020098 0.0002402 0.0103216 -0.0020094 8.27e-05 0.0114074 -0.0020098 0.0013599 0.0103103 -0.0020099 0.0016209 0.0098385 -0.0020119 0.001132 0.0048389 -0.0020116 0.0011736 0.0056981 -0.002012 0.0013173 0.0047029 -0.0020117 0.0013659 0.0053463 -0.0020119 0.0016366 0.0046989 -0.0020116 -0.0005378 0.0057582 -0.0020114 0.0011789 0.0060977 -0.002012 -0.0005346 0.0047306 -0.0020121 0.0016376 0.0043689 -0.0020115 -0.0005389 0.0061266 -0.0020122 -0.0005335 0.0043622 -0.0020346 -0.0011664 -0.0531259 -0.0020356 -0.0007901 -0.0556777 -0.0020353 -0.0007157 -0.0549714 -0.0020354 -0.00089 -0.0553427 -0.0020346 0.0018147 -0.0533745 -0.0020342 -9.2e-05 -0.0522729 -0.002035 -8.5e-06 -0.054337 -0.002035 0.0014543 -0.0545371 -0.0020342 -0.0004481 -0.052274 -0.0020345 -0.0005333 -0.0530133 -0.0020352 -0.0009911 -0.0547732 -0.001979 0.0014224 0.0891565 -0.0020117 0.0016771 0.0052592 -0.0020354 0.0018684 -0.0554468 -0.0020352 0.0001658 -0.0547619 -0.0020352 0.0001215 -0.0548024 -0.0020352 0.000143 -0.0547821 -0.0020358 -0.0004436 -0.0562441 -0.0020352 -0.0002796 -0.0547382 -0.0020356 0.0016651 -0.0559424 -0.0020356 -5.65e-05 -0.0557447 -0.0020356 -0.0004166 -0.0558747 -0.0020357 0.0006034 -0.0562684 -0.0020354 -0.0001181 -0.055305 -0.0020357 -0.0009664 -0.0560036 -0.0020355 -0.0011936 -0.0554026 -0.0020107 0.001613 0.0079789 -0.0020108 0.0016276 0.0076352 -0.0020109 -0.0007738 0.0076278 -0.0020105 -0.0005938 0.0085399 -0.0020102 4.68e-05 0.0094461 -0.0020103 -0.0005063 0.0089994 -0.0020103 0.0015764 0.0089908 -0.0020107 -0.0004265 0.0081156 -0.0020101 0.000945 0.009466 -0.0020107 -0.0004111 0.0080989 -0.0020107 -0.0003948 0.0080824 -0.0020107 -0.0003774 0.0080658 -0.0020109 -0.0013724 0.007626 -0.0020074 4.9e-06 0.0164264 -0.002008 -0.0005359 0.0149495 -0.002008 0.0016054 0.0148869 -0.0020075 -0.00041 0.0161833 -0.0020075 0.0015471 0.0162124 -0.002008 -8.88e-05 0.0150173 -0.0020076 -0.0001641 0.0159594 -0.0020074 0.00114 0.0164936 -0.0020078 -0.0003124 0.0154142 -0.0020081 -0.000197 0.0146503 -0.0020075 0.0005694 0.0162963 -0.002008 0.0002259 0.0149832 -0.0020076 6.84e-05 0.0160689 -0.002008 0.0013456 0.0149718 -0.0020081 0.0016066 0.0145001 -0.002005 -5.53e-05 0.0226797 -0.0020067 0.001595 0.0182713 -0.0020057 0.0009341 0.0207966 -0.0020052 0.0015903 0.0220946 -0.0020051 -0.0004398 0.0223935 -0.0020052 0.0012075 0.0221326 -0.0020055 -0.0006153 0.0215592 -0.0020056 0.0013321 0.0210024 -0.002005 0.0013906 0.0224567 -0.0020053 0.0013306 0.0216918 -0.0020057 -0.0002064 0.0209549 -0.0020056 0.0008862 0.0211748 -0.0020049 0.0009076 0.0227403 -0.0020057 0.000595 0.0207833 -0.0020051 0.00059 0.0224103 -0.0020068 0.0015962 0.0178661 -0.0020074 -0.0014002 0.0166827 -0.0020065 -0.0014073 0.0189974 -0.0020072 -0.0014014 0.0170856 -0.0020068 0.001229 0.0180557 -0.0020027 0.0004987 0.0286248 -0.0020028 -0.0002247 0.0284528 -0.0020034 -0.0003359 0.0268476 -0.0020032 -0.0006011 0.0272576 -0.0020029 0.001549 0.0279934 -0.0020029 -0.0005806 0.0280121 -0.0020027 0.0011422 0.0284831 -0.0020033 0.0012735 0.0268233 -0.0020032 0.00155 0.027231 -0.0020035 0.0003328 0.0265921 -0.0020015 -0.0014466 0.0318446 -0.0020013 -0.0014478 0.032213 -0.0020014 -1.8e-05 0.0317894 -0.0020014 -0.0003699 0.0318479 -0.0020016 -0.000314 0.0314704 -0.0020018 -0.0002595 0.0309745 -0.002002 -0.000141 0.0304693 -0.0020018 -0.0006431 0.0309865 -0.0020018 0.0015565 0.0308177 -0.0020012 0.0015522 0.0322222 -0.0020014 0.0015533 0.0318538 -0.0020019 0.0015576 0.0304478 -0.0020003 0.0014232 0.0346571 -0.0020001 -1.4e-05 0.0353115 -0.0020002 -0.000782 0.0351405 -0.0020007 -0.0015031 0.0339656 -0.0020009 -0.0013449 0.0332472 -0.0020008 -0.0010459 0.0334537 -0.0020004 -0.0010206 0.0344514 -0.0020011 0.0006337 0.0326729 -0.0020003 -0.0004701 0.0348345 -0.0020003 0.0007639 0.0347601 -0.0020005 0.001245 0.0341098 -0.0020008 0.0010736 0.0333718 -0.002001 0.0011509 0.0329206 -0.0020009 -0.000641 0.033138 -0.0020009 0.0004975 0.0330578 -0.0020007 0.001564 0.0335802 -0.0020011 -0.0006243 0.0327105 -0.0020011 -0.000677 0.0327266 -0.0020026 -0.0002062 0.0288511 0.0029633 0.0037111 0.1242382 0.0026421 0.0050959 0.1239336 0.0026227 0.0069365 0.1229276 0.0023213 0.0031852 0.1246755 0.0024712 0.0054455 0.1238096 0.0026227 0.0069365 0.1229276 0.002327 0.0004562 0.1250966 0.0023423 0.0011432 0.1250418 0.0023677 0.0018257 0.1249491 0.0025069 -0.0015973 0.1249792 0.0024066 -0.0005761 0.1250832 0.002327 0.0004562 0.1250966 0.0079181 -0.0077809 0.1044586 0.0078937 -0.0067406 0.1035019 0.0080331 -0.0049116 0.1025037 -0.0019747 0.0048892 0.0999384 -0.0020578 0.0039477 0.0995601 -0.0019997 0.0026094 0.0991748 0.0025021 0.0028401 0.0998604 0.0025684 0.001442 0.0996081 0.0020255 0.0050051 0.1005129 -0.0081838 -0.0002243 0.1224452 -0.0081397 -0.0022594 0.1222738 -0.0081431 -0.003984 0.1217934 -0.0020927 0.0001946 0.0988743 -0.0019753 0.0009843 0.0989148 -0.0019753 -0.0024437 0.0990628 -0.0023307 -0.0038959 0.0994425 -0.0023663 -0.0025454 0.0991362 -0.0026317 -0.001165 0.0990929 -0.0020021 0.0015593 0.0299037 -0.0020023 0.0015604 0.0295353 -0.0020019 0.0015576 0.0304478 -0.002035 -8.5e-06 -0.054337 -0.001785 0.0006939 -0.0543228 -0.0017851 -0.000689 -0.0545304 -0.002035 -8.5e-06 -0.054337 -0.002035 0.0014543 -0.0545371 -0.001785 0.0006939 -0.0543228 -0.002035 0.0014543 -0.0545371 -0.0017851 0.0015819 -0.0546448 -0.001785 0.0006939 -0.0543228 -0.002035 0.0014543 -0.0545371 -0.0020354 0.0018684 -0.0554468 -0.0017851 0.0015819 -0.0546448 -0.0020354 0.0018684 -0.0554468 -0.0017851 0.0015819 -0.0546448 -0.0017855 0.0017951 -0.0557403 -0.0020356 0.0016651 -0.0559424 -0.0017857 0.0003622 -0.056185 -0.0017857 0.0014436 -0.0561287 -0.0020356 0.0016651 -0.0559424 -0.0020357 0.0006034 -0.0562684 -0.0017857 0.0003622 -0.056185 -0.0020346 0.0018147 -0.0533745 -0.0017844 0.0018136 -0.0530062 -0.0017846 0.0018147 -0.0533746 -0.0020346 -0.0011664 -0.0531259 -0.0020346 0.0018147 -0.0533745 -0.0017847 -0.0011999 -0.0533839 -0.0020346 0.0018147 -0.0533745 -0.0017846 0.0018147 -0.0533746 -0.0017847 -0.0011999 -0.0533839 -0.0020346 -0.0011664 -0.0531259 -0.0017847 -0.0011999 -0.0533839 -0.0017846 -0.0012006 -0.0531444 -0.0020346 0.0018147 -0.0533745 -0.0020345 -0.0005333 -0.0530133 -0.0017845 -0.0005191 -0.0529981 -0.0020346 0.0018147 -0.0533745 -0.0017844 0.0018136 -0.0530062 -0.0017845 -0.0005191 -0.0529981 -0.0020135 -0.0003363 0.0009749 -0.0017632 -0.000537 0.001775 -0.0017634 -0.0005078 0.0011797 -0.0020135 -0.0003363 0.0009749 -0.0017635 -0.0001881 0.0009007 -0.0017634 -0.0005078 0.0011797 -0.0020135 -0.0003363 0.0009749 -0.0020132 -0.0005611 0.0016776 -0.0017632 -0.000537 0.001775 -0.0020129 -0.0005443 0.0025589 -0.0017626 -0.000488 0.0031936 -0.0017629 -0.000524 0.0025011 -0.0020129 -0.0005443 0.0025589 -0.0020125 -0.0002276 0.0034652 -0.0017626 -0.000488 0.0031936 -0.0020125 -0.0002276 0.0034652 -0.0017626 -0.000488 0.0031936 -0.0017625 -0.0002319 0.0034623 -0.0020126 -0.0002008 0.0031485 -0.0020128 -0.0002239 0.0027039 -0.0017627 -0.0002597 0.0029356 -0.0020133 -0.0001118 0.0012925 -0.0020133 -0.0002374 0.0014572 -0.0017633 -0.0001881 0.0013604 -0.002012 0.0013173 0.0047029 -0.0020117 0.0016771 0.0052592 -0.0017617 0.0016859 0.0053809 -0.0020114 0.0011789 0.0060977 -0.0020117 0.0016771 0.0052592 -0.0017615 0.0015732 0.0058206 -0.0020114 0.0011789 0.0060977 -0.0017614 0.0011426 0.0061048 -0.0017615 0.0015732 0.0058206 -0.0020117 0.0016771 0.0052592 -0.0017615 0.0015732 0.0058206 -0.0017617 0.0016859 0.0053809 -0.002012 0.0013173 0.0047029 -0.0017617 0.0016859 0.0053809 -0.001762 0.0014433 0.0046993 -0.0020109 -0.0013724 0.007626 -0.0017609 -0.0013724 0.0076259 -0.0017608 -0.0013735 0.0079942 -0.0020107 -0.0003774 0.0080658 -0.0020109 -0.0013724 0.007626 -0.0017608 -0.0013735 0.0079942 -0.0020107 -0.0003774 0.0080658 -0.0017608 -0.0013735 0.0079942 -0.0017607 -0.0003774 0.0080657 -0.0020107 0.0013503 0.007982 -0.0020107 0.001613 0.0079789 -0.0017606 0.0015287 0.0081362 -0.0020107 0.001613 0.0079789 -0.0020103 0.0015764 0.0089908 -0.0017604 0.0016617 0.008748 -0.0020103 0.0015764 0.0089908 -0.0020101 0.000945 0.009466 -0.0017602 0.001278 0.0093128 -0.0020103 0.0015764 0.0089908 -0.0017602 0.001278 0.0093128 -0.0017604 0.0016617 0.008748 -0.0020107 0.001613 0.0079789 -0.0017606 0.0015287 0.0081362 -0.0017604 0.0016617 0.008748 -0.0020107 0.0013503 0.007982 -0.0020107 0.001613 0.0079789 -0.0017607 0.001613 0.0079788 -0.0020107 0.0013503 0.007982 -0.0017606 0.0015287 0.0081362 -0.0017607 0.001613 0.0079788 -0.0020098 0.0013599 0.0103103 -0.0020099 0.0016209 0.0098385 -0.0017598 0.0016197 0.0102252 -0.0020099 0.0016209 0.0098385 -0.0017598 0.0016197 0.0102252 -0.0017599 0.0016208 0.0098384 -0.00201 -0.0001519 0.0099821 -0.0017599 0.0016208 0.0098384 -0.0017599 -0.0003586 0.0100723 -0.0020094 -0.0001402 0.0113059 -0.0020097 -0.0002881 0.0106686 -0.0017596 -0.0002984 0.0109384 -0.0020094 -0.0001402 0.0113059 -0.0017596 -0.0002984 0.0109384 -0.0017594 8.26e-05 0.0114073 -0.0020094 -0.0001402 0.0113059 -0.0020094 8.27e-05 0.0114074 -0.0017594 8.26e-05 0.0114073 -0.0020098 0.0013599 0.0103103 -0.0017598 0.0013599 0.0103102 -0.0017595 0.0016672 0.0110465 -0.0020093 0.0015614 0.0115509 -0.0020098 0.0013599 0.0103103 -0.0017595 0.0016672 0.0110465 -0.0020093 0.0015614 0.0115509 -0.0017592 0.0008483 0.0118124 -0.0017593 0.0015274 0.0116023 -0.0020092 0.001059 0.0118404 -0.0020093 0.0015614 0.0115509 -0.0017592 0.0008483 0.0118124 -0.0020093 0.0015614 0.0115509 -0.0017595 0.0016672 0.0110465 -0.0017593 0.0015274 0.0116023 -0.0020098 0.0013599 0.0103103 -0.0017598 0.0016197 0.0102252 -0.0017598 0.0013599 0.0103102 -0.0020085 -0.0005622 0.0137098 -0.0017584 -0.0005632 0.0140413 -0.0017585 -0.0005622 0.0137097 -0.0020085 -0.0005622 0.0137098 -0.0020083 0.0016079 0.014048 -0.0017584 -0.0005632 0.0140413 -0.0020083 0.0016079 0.014048 -0.0017583 0.0016079 0.0140479 -0.0017584 -0.0005632 0.0140413 -0.0020075 -0.00041 0.0161833 -0.0017575 -0.0003637 0.0162337 -0.0017578 -0.0006165 0.0154308 -0.002008 -0.0005359 0.0149495 -0.0020075 -0.00041 0.0161833 -0.0017578 -0.0006165 0.0154308 -0.002008 -0.0005359 0.0149495 -0.0020081 -0.000197 0.0146503 -0.0017581 -0.0002557 0.0146669 -0.002008 -0.0005359 0.0149495 -0.0017578 -0.0006165 0.0154308 -0.0017581 -0.0002557 0.0146669 -0.0020075 0.0015471 0.0162124 -0.002008 0.0013456 0.0149718 -0.0017577 0.0016506 0.0156705 -0.0020075 0.0015471 0.0162124 -0.0017577 0.0016506 0.0156705 -0.0017574 0.0015249 0.0162472 -0.002008 0.0013456 0.0149718 -0.0017577 0.0016506 0.0156705 -0.001758 0.0013373 0.0149619 -0.0017567 0.001595 0.0182712 -0.0017563 -0.0014086 0.0194247 -0.0017565 -0.0014073 0.0189973 -0.0020065 -0.0014073 0.0189974 -0.0020068 0.001229 0.0180557 -0.0017565 -0.0014073 0.0189973 -0.0020068 0.001229 0.0180557 -0.0017567 0.001595 0.0182712 -0.0017565 -0.0014073 0.0189973 -0.0020065 -0.0014073 0.0189974 -0.0017563 -0.0014086 0.0194247 -0.0017565 -0.0014073 0.0189973 -0.0020067 0.001595 0.0182713 -0.0020065 -0.0014073 0.0189974 -0.0017563 -0.0014086 0.0194247 -0.0020067 0.001595 0.0182713 -0.0017567 0.001595 0.0182712 -0.0017563 -0.0014086 0.0194247 -0.0020055 -0.0006153 0.0215592 -0.0017554 -0.0006353 0.0218132 -0.0017556 -0.0005146 0.0212763 -0.0020041 -0.0006188 0.0249462 -0.0020038 -0.0005994 0.0258341 -0.0017542 -0.0005997 0.0248854 -0.0020042 -0.0004128 0.0246377 -0.0020043 -0.0002639 0.0245604 -0.0017543 -0.0002639 0.0245603 -0.0020038 -0.0005994 0.0258341 -0.0017542 -0.0005997 0.0248854 -0.0017538 -0.0003714 0.0257769 -0.0020038 -0.0002962 0.0258312 -0.0020038 -0.0005994 0.0258341 -0.0017538 -0.0003714 0.0257769 -0.0020038 -0.0005994 0.0258341 -0.0017538 -0.0003714 0.0257769 -0.0017538 -0.0005994 0.025834 -0.0020038 -0.0002962 0.0258312 -0.0020038 -0.0005994 0.0258341 -0.0017538 -0.0003714 0.0257769 -0.0020038 -0.0005994 0.0258341 -0.0017537 -0.0006004 0.0261655 -0.0017538 -0.0005994 0.025834 -0.0020038 -0.0005994 0.0258341 -0.0020036 0.0015708 0.0261723 -0.0017537 -0.0006004 0.0261655 -0.0020036 0.0015708 0.0261723 -0.0017536 0.0015708 0.0261722 -0.0017537 -0.0006004 0.0261655 -0.0020046 -0.000306 0.0238231 -0.0020046 -8.71e-05 0.0236142 -0.0017546 -0.0002566 0.0237263 -0.0020023 -0.0006108 0.0295609 -0.0020024 -0.0004686 0.0294444 -0.0017523 -0.0002831 0.0295579 -0.0020023 -0.0006108 0.0295609 -0.0017523 -0.0002831 0.0295579 -0.0017523 -0.0006108 0.0295608 -0.0020023 -0.0006108 0.0295609 -0.0017522 -0.0006118 0.0298969 -0.0017523 -0.0006108 0.0295608 -0.0020023 -0.0006108 0.0295609 -0.0020021 0.0015593 0.0299037 -0.0017522 -0.0006118 0.0298969 -0.0020021 0.0015593 0.0299037 -0.0017521 0.0015593 0.0299036 -0.0017522 -0.0006118 0.0298969 -0.0020024 -0.0002371 0.0292902 -0.0020023 0.0001502 0.0295091 -0.0017524 -7.46e-05 0.029436 -0.002002 -0.000141 0.0304693 -0.0020018 -0.0006431 0.0309865 -0.0017519 -0.000399 0.0305669 -0.0020018 -0.0006431 0.0309865 -0.0017517 -0.0006647 0.0312137 -0.0017519 -0.000399 0.0305669 -0.0020016 -0.000314 0.0314704 -0.0020018 -0.0002595 0.0309745 -0.0017517 -0.0003284 0.0311122 -0.0020014 -1.8e-05 0.0317894 -0.0020016 -0.000314 0.0314704 -0.0017515 -8.57e-05 0.031757 -0.0020016 -0.000314 0.0314704 -0.0017515 -8.57e-05 0.031757 -0.0017517 -0.0003284 0.0311122 -0.0020018 -0.0002595 0.0309745 -0.0017518 -0.0001409 0.0308782 -0.0017517 -0.0003284 0.0311122 -0.0020004 -0.0010206 0.0344514 -0.0017506 -0.0011489 0.0341057 -0.0017504 -0.0009751 0.0345142 -0.0019789 -0.0001984 0.0896826 -0.0017289 -0.0002998 0.0896016 -0.0017289 -0.0006774 0.089656 -0.0019794 0.0010595 0.0882948 -0.0019795 2.4e-06 0.0881617 -0.0017295 0.0007513 0.0881417 -0.0019794 0.0010595 0.0882948 -0.001979 0.0014224 0.0891565 -0.0017292 0.0013822 0.0887203 -0.0019788 0.0010931 0.0897834 -0.001729 0.0013819 0.0893454 -0.0017287 0.0006667 0.0899954 -0.0019788 0.0010931 0.0897834 -0.001979 0.0014224 0.0891565 -0.001729 0.0013819 0.0893454 -0.001979 0.0014224 0.0891565 -0.0017292 0.0013822 0.0887203 -0.001729 0.0013819 0.0893454 -0.0019794 0.0010595 0.0882948 -0.0017295 0.0007513 0.0881417 -0.0017292 0.0013822 0.0887203 -0.0019795 2.4e-06 0.0881617 -0.0017295 -8.06e-05 0.0881988 -0.0017295 0.0007513 0.0881417 -0.0019783 0.0013719 0.0910093 -0.0017282 0.0013708 0.0913776 -0.0017283 0.0013719 0.0910092 -0.0019783 0.0013719 0.0910093 -0.0019783 -0.0015396 0.0912999 -0.0017284 -0.0016427 0.0909999 -0.0019783 0.0013719 0.0910093 -0.0017283 0.0013719 0.0910092 -0.0017284 -0.0016427 0.0909999 -0.0019782 -0.0009249 0.0914277 -0.0019783 0.0013719 0.0910093 -0.0017282 -0.0009249 0.0914276 -0.0019783 0.0013719 0.0910093 -0.0017282 0.0013708 0.0913776 -0.0017282 -0.0009249 0.0914276 -0.0020027 0.0004987 0.0286248 -0.0020028 -0.0002247 0.0284528 -0.0017528 -0.0002478 0.0284374 -0.0020032 -0.0006011 0.0272576 -0.0020029 -0.0005806 0.0280121 -0.0017531 -0.0006539 0.0276182 -0.0020027 0.0004987 0.0286248 -0.0017527 0.0012133 0.0284386 -0.0017528 -0.0002478 0.0284374 -0.0020027 0.0004987 0.0286248 -0.0020027 0.0011422 0.0284831 -0.0017527 0.0012133 0.0284386 -0.0020033 0.0012735 0.0268233 -0.0017534 0.0008174 0.0266211 -0.0017532 0.00155 0.0272309 -0.0020033 0.0012735 0.0268233 -0.0020032 0.00155 0.027231 -0.0017532 0.00155 0.0272309 -0.0020027 0.0011422 0.0284831 -0.0017527 0.0012133 0.0284386 -0.001753 0.0016116 0.0277286 -0.0020029 0.001549 0.0279934 -0.0020027 0.0011422 0.0284831 -0.001753 0.0016116 0.0277286 -0.0020033 0.0012735 0.0268233 -0.0020035 0.0003328 0.0265921 -0.0017534 0.0008174 0.0266211 -0.0020035 0.0003328 0.0265921 -0.0017534 -0.0002452 0.0267749 -0.0017534 0.0008174 0.0266211 -0.0020034 -0.0003359 0.0268476 -0.0020035 0.0003328 0.0265921 -0.0017534 -0.0002452 0.0267749 -0.0017577 0.0013491 0.015516 -0.0017576 0.0013223 0.0159053 -0.0020077 0.0013628 0.0157059 -0.0017603 0.0010859 0.0090183 -0.0020103 0.0004006 0.0091341 -0.0020103 0.0011708 0.0089603 -0.0017604 0.001372 0.0085785 -0.0020104 0.0013262 0.0087575 -0.0020105 0.0013351 0.0083481 -0.0017603 0.0010859 0.0090183 -0.0017603 7.7e-06 0.0090328 -0.0020103 0.0004006 0.0091341 -0.0017603 7.7e-06 0.0090328 -0.0020103 0.0004006 0.0091341 -0.0020104 -0.0002418 0.008802 -0.0017605 -0.0002789 0.0087001 -0.0017603 7.7e-06 0.0090328 -0.0020104 -0.0002418 0.008802 -0.0017856 0.0008487 -0.055913 -0.0017856 0.0003978 -0.0557629 -0.0020356 0.0007311 -0.0559034 -0.0017289 0.0003992 0.0896478 -0.0019789 4.16e-05 0.0895551 -0.0019789 0.0005751 0.0896327 -0.0017289 0.0003992 0.0896478 -0.0017291 -0.0002158 0.0892357 -0.0019789 4.16e-05 0.0895551 -0.0017293 -7.39e-05 0.0886454 -0.0017291 -0.0002158 0.0892357 -0.0019792 -0.0001994 0.0888186 -0.0017291 -0.0002158 0.0892357 -0.0019789 4.16e-05 0.0895551 -0.0019792 -0.0001994 0.0888186 -0.0017293 -7.39e-05 0.0886454 -0.0019793 0.0005067 0.088474 -0.0019792 -0.0001994 0.0888186 -0.0017293 -7.39e-05 0.0886454 -0.0017293 0.0007259 0.0885209 -0.0019793 0.0005067 0.088474 -0.0017553 -0.000333 0.0218239 -0.0017552 -0.0001609 0.0221943 -0.0020053 -0.0003013 0.0219783</float_array>
          <technique_common>
            <accessor count="2808" source="#g0_chrome-pos-array" stride="3">
              <param type="float" name="X"/>
              <param type="float" name="Y"/>
              <param type="float" name="Z"/>
            </accessor>
          </technique_common>
        </source>
        <source id="g0_chrome-nrm">
          <float_array count="8424" id="g0_chrome-nrm-array">0.90335 0.08461 0.42048 0.98182 -0.17516 0.07314 0.96021 -0.19557 0.19938 0.90774 0.23404 0.3482 0.93192 0.25289 0.25993 0.98461 0.1664 0.0535 0.97696 0.17821 0.11746 0.85566 0.05974 0.51409 0.93728 0.29612 0.18389 0.99897 0.02264 -0.03942 0.89946 -0.29066 0.32631 0.87794 -0.28013 0.38827 0.83886 -0.05488 0.54158 0.98224 0.14969 -0.11312 0.86647 0.22368 0.44631 0.99514 -0.079 -0.05878 0.84295 -0.21246 0.49427 0.89988 -0.35886 0.24787 0.94982 -0.26482 -0.16647 0.83611 -0.5251 0.15869 0.91404 0.40089 0.06177 0.96511 -0.02408 -0.26074 0.95017 0.12478 -0.28568 0.67977 0.26984 0.68199 0.68568 0.51869 0.51069 0.87112 0.46574 -0.15569 0.89723 -0.43669 -0.06544 0.64897 -0.25117 0.71816 0.66655 0.37594 0.64372 0.78129 0.53453 0.32229 0.81437 0.53793 0.2178 0.88454 -0.46593 -0.02248 0.71446 -0.43288 0.54969 0.6808 0.02215 0.73214 0.57129 0.25377 0.78053 0.77175 -0.63544 0.02488 0.90396 0.32009 -0.28353 0.90062 -0.21417 -0.37817 0.57158 0.56155 0.5983 0.63691 0.64842 0.417 0.51901 -0.21279 0.82786 0.6788 0.7083 0.19375 0.81378 0.46725 -0.34561 0.6 -0.70294 0.38194 0.68228 0.72976 0.04402 0.69923 0.7016 -0.13722 0.65405 -0.71622 0.24341 0.51372 -0.49352 0.70181 0.52679 -0.38401 0.75831 0.56427 0.78993 0.24001 0.81828 0.10688 -0.5648 0.81666 -0.09092 -0.56991 0.78223 -0.35266 -0.51356 0.477 0.1183 0.87091 0.79585 0.24242 -0.55484 0.48985 -0.70483 0.51309 0.45526 -0.10343 0.88433 0.62987 -0.76085 -0.15612 0.40122 -0.69933 0.59157 0.43594 0.05735 0.89815 0.39964 0.46815 0.78811 0.65036 0.70597 -0.28042 0.64482 0.49588 -0.58164 0.71824 -0.52414 -0.45761 0.53177 -0.02285 0.84658 0.41467 0.84893 0.32767 0.73751 0.3491 -0.57811 0.72054 -0.59101 -0.36266 0.47464 -0.81872 0.32313 0.00345 0.0756 0.99713 0.28547 0.09605 0.95356 0.19923 0.14792 0.96872 0.47535 0.33655 0.81288 0.25839 -0.54379 0.79845 0.30814 0.61778 0.72346 0.62081 -0.30614 -0.72172 0.5795 0.6561 -0.48343 0.45486 -0.8859 0.09099 0.19881 -0.6561 0.72802 0.18716 0.28112 0.94124 0.45034 0.88517 -0.1169 0.31738 -0.92064 0.22735 0.53783 0.72734 -0.42629 0.50263 -0.80183 -0.32316 0.12033 -0.22558 0.96676 -0.05051 0.43971 0.89672 0.19637 0.73687 0.64688 0.53018 0.47333 -0.70347 0.58574 0.0754 -0.80698 0.42741 -0.52618 -0.73516 0.50823 -0.64849 -0.56671 0.50816 -0.7447 -0.43267 0.27895 0.84442 0.45731 0.36473 0.92949 0.05501 0.41264 0.87745 -0.24457 0.43023 -0.90193 -0.03764 0.17734 -0.39904 0.89962 0.07569 -0.04561 0.99609 0.12864 0.54185 0.83057 0.43113 -0.88575 -0.17198 0.00652 0.18427 0.98285 -0.00755 0.5671 0.82361 0.14082 0.62754 0.76574 0.54839 -0.07313 -0.83302 0.56377 -0.18957 -0.80388 0.55687 -0.31941 -0.76673 0.21224 -0.87646 0.43217 0.23469 0.80166 0.54979 0.24624 0.95173 0.18325 0.47238 0.61463 -0.63173 0.50387 0.34645 -0.79126 0.33754 0.84425 -0.41631 0.45583 0.27382 -0.8469 0.4095 -0.09706 -0.90713 0.41313 -0.28364 -0.86537 0.38784 -0.57558 -0.71992 0.05628 -0.76321 0.6437 0.09699 0.94652 0.30771 0.22733 0.96217 -0.15018 0.42044 0.09108 -0.90274 0.15416 -0.98396 0.08975 0.05127 -0.84744 0.52841 0.02379 -0.65373 0.75635 -0.08449 -0.2973 0.95104 -0.04364 -0.17146 0.98422 -0.08515 0.04739 0.99524 -0.10566 0.23614 0.96596 -0.10737 0.32472 0.9397 0.02801 0.89429 0.44661 0.29874 0.77514 -0.5567 0.36427 0.53673 -0.76107 0.35217 -0.46702 -0.81109 0.30573 -0.81041 -0.49976 0.17693 -0.98104 -0.07915 0.08602 -0.94881 0.3039 -0.10816 -0.39491 0.91233 -0.11523 0.15611 0.981 -0.11062 0.49649 0.86097 -0.01624 0.82521 0.5646 0.14482 0.9865 -0.07644 0.31322 0.6356 -0.70562 0.37125 0.19652 -0.9075 0.25157 -0.86144 -0.44117 0.07334 -0.97739 0.19834 -0.03811 -0.80182 0.59634 -0.10439 -0.52372 0.84547 -0.09682 0.55227 0.82802 -0.07097 0.71523 0.69528 0.09721 0.99378 0.05433 0.15852 0.96218 -0.22156 0.21127 0.91013 -0.35641 0.34018 0.36812 -0.86531 0.35764 -0.19874 -0.91247 0.27951 -0.71338 -0.64262 0.20431 -0.91971 -0.33526 0.17143 -0.96277 -0.20899 0.00519 -0.91495 0.40354 -0.06464 -0.70707 0.70418 -0.09374 -0.62992 0.77098 -0.15962 -0.17334 0.97184 -0.12503 0.03467 0.99155 -0.17101 0.24332 0.95475 0.29325 -0.58078 -0.75941 0.22231 -0.78392 -0.57969 0.06577 -0.99341 0.09384 -0.0626 0.88438 0.46255 -0.01052 0.94673 0.32185 0.02885 0.98338 0.17923 0.2081 0.8246 -0.52605 0.32004 0.05541 -0.94578 0.32046 -0.29904 -0.89882 0.07712 -0.99691 -0.01499 -0.16646 -0.45491 0.87484 -0.21507 0.20046 0.9558 -0.18245 0.47452 0.86113 -0.10448 0.79085 0.60303 0.228 0.70422 -0.67238 0.3083 0.19706 -0.93065 0.07366 -0.99028 -0.11794 -0.02439 -0.96037 0.27765 -0.07722 -0.89398 0.4414 -0.13891 -0.72924 0.67001 -0.20539 -0.06773 0.97633 0.04317 0.99758 -0.05455 0.13286 0.89763 -0.42025 0.25976 0.51953 -0.81401 0.29561 -0.0891 -0.95114 0.15585 -0.87572 -0.45697 0.09674 -0.96277 -0.25243 -0.11791 -0.82831 0.54773 -0.25589 0.06551 0.96448 -0.22635 0.34149 0.91222 -0.17086 0.66251 0.72931 0.08775 0.96201 -0.25852 0.24605 -0.40951 -0.8785 0.21774 -0.64768 -0.73014 0.01139 -0.99899 -0.04358 -0.02474 -0.99254 0.11941 -0.23021 -0.29673 0.9268 -0.21699 0.4346 0.87409 -0.15005 0.82069 0.55131 -0.1076 0.92742 0.35822 0.13629 0.82281 -0.55174 0.24296 0.38162 -0.89182 0.22522 -0.20426 -0.95266 0.07726 -0.93686 -0.34107 -0.07938 -0.97262 0.21844 -0.24735 -0.45386 0.85605 -0.25605 0.45537 0.85269 -0.21673 0.61834 0.75544 -0.20176 0.73239 0.65031 -0.0943 0.9703 0.22276 -0.05202 0.99529 0.08175 0.25773 0.25723 -0.93135 0.20238 0.1357 -0.96986 0.67295 -0.48602 -0.5576 0.13286 -0.81067 -0.57023 -0.19446 -0.80854 0.55539 -0.24013 -0.56845 0.78689 -0.28012 -0.10043 0.9547 -0.3109 0.23898 0.91991 -0.26329 0.52779 0.80754 0.00584 0.98061 -0.19589 0.05347 0.91363 -0.40301 0.15679 0.71504 -0.68127 0.05936 -0.90173 -0.42821 -0.01744 -0.99048 -0.13655 -0.1448 -0.92046 0.36302 -0.22811 -0.65613 0.71935 -0.24505 0.79606 0.5534 -0.19975 0.85628 0.47633 -0.05662 0.99668 -0.05847 -0.01859 -0.97121 -0.23751 -0.07332 -0.99668 -0.03534 -0.27959 -0.5052 0.81646 -0.29798 0.21619 0.92977 -0.32219 0.37039 0.87121 -0.28369 0.65867 0.6969 -0.20393 0.89312 0.40093 0.08487 -0.74736 -0.65897 0.04899 -0.82671 -0.56049 -0.25715 -0.75199 0.60695 -0.334 -0.3461 0.87673 -0.33827 -0.21523 0.91611 -0.36511 0.03797 0.93019 -0.35947 0.18653 0.91432 -0.19048 0.93654 0.29429 -0.15385 0.9742 0.1651 0.02468 0.84058 -0.54113 -0.01999 -0.83542 -0.54925 -0.1519 -0.97494 0.16252 -0.22791 -0.87929 0.41822 -0.37797 -0.07523 0.92276 -0.35802 0.41634 0.83575 -0.33478 0.53809 0.77355 -0.2977 0.73692 0.6069 -0.03766 0.93783 -0.34505 0.04633 0.74384 -0.66675 -0.01488 -0.87995 -0.47483 -0.31858 -0.61494 0.72136 -0.34065 0.64661 0.68253 -0.1601 0.98621 0.04184 -0.08999 0.97929 -0.18136 -0.05249 -0.92713 -0.37105 -0.23708 -0.921 0.30912 -0.11017 -0.95753 -0.26645 -0.18497 -0.98272 0.00741 -0.44066 0.22557 0.86887 -0.06589 0.86054 -0.5051 -0.30616 -0.81645 0.48957 -0.38981 -0.70022 0.59811 -0.4201 -0.6138 0.66841 -0.42295 -0.48516 0.76533 -0.52103 -0.00868 0.8535 -0.42735 0.77657 0.46295 -0.35093 0.88981 0.2917 -0.26733 0.95324 -0.14096 -0.10158 0.567 -0.81743 -0.34901 -0.922 0.16768 -0.40237 -0.16763 0.9 -0.71947 -0.195 -0.66658 -0.75168 -0.32832 -0.572 -0.51094 -0.64541 -0.56779 -0.22521 -0.82456 -0.51903 0.21339 -0.82252 -0.52719 0.49194 -0.69813 -0.5202 0.79697 -0.19365 -0.57214 0.79773 -0.03991 -0.60169 0.27623 0.07717 -0.95799 0.20343 0.39616 -0.89536 0.63346 0.47635 -0.60977 0.62397 0.60265 -0.49748 0.38557 0.76973 -0.50877 0.11553 0.85138 -0.51167 -0.07437 0.83989 -0.53764 -0.26752 0.80557 -0.52867 -0.45641 0.68001 -0.57383 -0.75695 0.29366 -0.58377 -0.27297 0.29273 -0.9164 -0.37786 0.90869 0.17748 -0.15599 -0.9639 -0.21577 0.87758 0.47773 -0.04046 0.65317 0.74816 -0.11671 0.5994 0.79977 -0.03284 0.25026 0.96645 -0.05785 0.21107 0.95383 -0.21369 -0.12415 0.96434 -0.23374 -0.22426 0.96954 -0.09851 -0.52939 0.83617 -0.1434 -0.71524 0.69797 -0.03551 -0.97022 0.2417 -0.01568 -0.9909 0.13458 0.0008 -0.99181 0.12773 0.00087 -0.9909 0.13458 0.0008 -0.99643 0.08447 0.00098 0.12419 0.82916 0.54505 0.9623 0.27053 0.02827 0.891 0.4539 0.00915 0.77342 0.60875 0.17675 0.72244 0.63475 0.27416 0.46018 0.76071 0.45776 0.57986 0.80929 0.09389 0.5711 0.77371 0.27428 0.47255 0.87184 0.12882 0.39705 0.84091 0.36773 0.17619 0.95305 0.24628 0.37874 0.78812 0.48521 0.25286 0.95911 0.12717 0.1819 0.76541 0.6173 0.1417 0.98924 0.03634 0.02819 0.72623 0.68687 0.50596 0.44323 0.73997 0.45237 0.55113 0.70116 0.21198 0.64249 0.73639 -0.13769 0.97301 0.18519 -0.09884 0.89094 0.44324 -0.02169 0.94634 0.32245 -0.2038 0.77603 0.59686 -0.21135 0.97473 0.07232 -0.51636 0.79682 0.31376 -0.49535 0.7549 0.42983 -0.51716 0.85407 0.05573 -0.48368 0.86086 0.15802 -0.68068 0.62918 0.37524 -0.79487 0.60596 0.03147 -0.86608 0.45596 0.20496 -0.87272 0.47084 0.12909 -0.94929 0.30839 0.06121 -0.95707 0.2734 0.09624 -0.09575 0.67519 0.73141 -0.3719 0.59349 0.71377 -0.51523 0.49825 0.69735 -0.55024 0.38691 0.73996 0.99882 -0.04865 -0.00067 0.96664 -0.25111 -0.05051 0.68085 -0.72619 -0.09533 0.22006 -0.96693 -0.12893 -0.01823 0.0449 0.99883 -0.01309 0.24766 0.96876 0.49573 -0.18749 0.848 0.69775 -0.34505 0.62777 0.98025 -0.19531 0.03096 0.90238 -0.41432 0.1185 0.68778 -0.66285 0.29595 0.76809 -0.63996 0.02207 0.52481 -0.79803 0.29617 0.57335 -0.80401 0.15761 0.54817 -0.69979 0.45804 0.59355 -0.8035 0.0457 0.29248 -0.82871 0.47717 0.1538 -0.98114 0.11705 0.20812 -0.95924 0.19118 0.07671 -0.90461 0.41929 0.00349 -0.70651 0.70769 0.10726 -0.70744 0.69859 0.33746 -0.66956 0.66167 0.53301 -0.5639 0.63081 -0.23429 -0.9715 -0.03614 -0.56658 -0.82142 -0.06529 -0.87785 -0.47862 -0.0172 -0.98336 -0.1815 -0.00721 -0.99981 -0.01926 0.00033 -0.99981 -0.01926 0.00033 -0.99982 -0.0188 0.00033 -0.28651 -0.81241 0.50784 -0.0659 -0.82872 0.55578 -0.13297 -0.966 0.22172 -0.33164 -0.94242 0.04319 -0.51961 -0.7645 0.38149 -0.30599 -0.8704 0.38572 -0.39645 -0.88635 0.23919 -0.55658 -0.8129 0.17151 -0.69331 -0.67938 0.24034 -0.81216 -0.54277 0.21401 -0.86237 -0.50299 0.05754 -0.94645 -0.32141 0.03059 -0.52531 -0.47657 0.70493 -0.43772 -0.60785 0.66251 -0.14481 -0.71957 0.67915 -0.25496 0.37785 0.89007 -0.49743 0.42457 0.75651 -0.55735 0.57142 0.60237 -0.41253 0.82531 0.38559 -0.33582 -0.93691 0.0971 -0.61275 0.27861 0.73954 -0.56185 0.50971 0.65155 -0.20128 0.91006 -0.36233 -0.16768 0.68342 -0.7105 -0.80769 0.14808 -0.57071 -0.13496 -0.61749 -0.77492 -0.15711 -0.78136 -0.60398 -0.56585 -0.70871 0.42136 -0.51616 -0.31028 0.79832 -0.62315 0.09814 0.77592 -0.31043 0.91257 -0.26616 -0.1706 0.76902 -0.61603 -0.37128 -0.91059 -0.18161 -0.4161 0.907 -0.06495 -0.28433 0.02549 -0.95839 -0.40199 -0.87835 -0.25865 -0.29906 0.06212 -0.95221 -0.24998 -0.85548 -0.45351 -0.46303 0.88626 0.0124 -0.37065 0.80908 -0.45607 -0.19034 -0.27407 -0.94269 -0.51167 -0.82496 0.24009 -0.55098 -0.76218 0.33987 -0.61525 0.63445 0.4679 -0.60177 0.77566 0.19033 -0.24933 -0.64124 -0.7257 -0.14078 -0.15936 -0.97713 -0.34972 -0.855 -0.38298 -0.64122 -0.39362 0.65872 -0.68524 -0.22313 0.69329 -0.73143 0.19725 0.65277 -0.74925 0.32617 0.5764 -0.53911 0.7585 -0.36611 -0.40288 0.74963 -0.52511 -0.28684 0.43731 -0.85234 -0.34621 -0.31429 -0.88394 -0.24523 -0.45943 -0.85369 -0.22751 -0.4987 -0.83638 -0.70844 -0.48858 0.50931 -0.41784 0.53207 -0.73642 -0.45239 0.13019 -0.88227 -0.50227 -0.85214 -0.14692 -0.74232 -0.07946 0.66531 -0.44593 -0.61282 -0.65238 -0.57796 -0.81402 -0.0578 -0.7576 0.59298 0.2728 -0.64703 -0.76105 0.04636 -0.6943 -0.58737 0.41586 -0.76622 0.24367 0.59459 -0.73106 0.64893 0.2108 -0.63196 0.75041 -0.19368 -0.49788 0.59553 -0.63044 -0.43146 0.41674 -0.80011 -0.45354 -0.00177 -0.89123 -0.52106 -0.66891 -0.53014 -0.57701 -0.65395 -0.48929 -0.714 0.70001 -0.01391 -0.43056 -0.16467 -0.88741 -0.5457 -0.33612 -0.76762 -0.86558 -0.17059 0.47083 -0.85503 0.3489 0.38365 -0.49348 -0.05518 -0.86801 -0.60913 -0.4487 -0.65393 -0.8854 -0.2807 0.3705 -0.76515 0.52119 -0.37802 -0.6658 0.53245 -0.5227 -0.70989 -0.61375 -0.34549 -0.82911 -0.54939 0.10364 -0.55015 0.21314 -0.80741 -0.75063 -0.42189 -0.50849 -0.82018 -0.53445 -0.20412 -0.82158 -0.55911 -0.11136 -0.91039 -0.36635 0.19228 -0.89914 0.37958 0.21788 -0.86841 -0.49559 -0.01593 -0.94658 0.19088 0.2599 -0.87689 0.4806 -0.00992 -0.95579 -0.09667 0.27769 -0.94837 0.03587 0.31514 -0.86465 0.41881 -0.27746 -0.75964 0.505 -0.40979 -0.78288 0.34906 -0.51503 -0.98285 0.06802 0.17141 -0.77187 0.29583 -0.56277 -0.79165 -0.07331 -0.60656 -0.77879 -0.18548 -0.59923 -0.93318 -0.35859 0.02443 -0.961 0.26869 -0.06542 -0.80855 0.17301 -0.56242 -0.88198 -0.29169 -0.37018 -0.98752 -0.1554 0.0256 -0.94188 0.29816 -0.15478 -0.85715 0.11191 -0.50276 -0.83048 0.03379 -0.55603 -0.86785 -0.20339 -0.45328 -0.91923 0.33051 -0.21394 -0.83741 -0.10337 -0.53671 -0.99981 -0.01955 0.00238 -0.99526 0.07858 -0.05722 -0.95679 -0.215 -0.19578 -0.98389 -0.14851 -0.09955 -0.98965 0.13329 -0.05317 -0.92519 0.17599 -0.33622 -0.91991 0.12566 -0.37146 -0.92171 -0.27018 -0.2783 -0.56019 0.09856 -0.82248 -0.25971 -0.13175 -0.95666 0.00506 -0.73094 0.68242 -0.00051 -0.72006 0.69391 0.00844 -0.81111 0.58483 -0.00609 -0.83451 0.55096 0.00011 -0.92832 0.37179 -0.00523 -0.60803 0.7939 -0.00386 -0.51373 0.85795 0.00143 -0.40699 0.91343 -0.01962 -0.36816 0.92955 -0.01128 -0.22589 0.97409 0.00747 -0.182 0.98327 0.00039 -0.03082 0.99952 -0.00332 -0.02264 0.99974 -0.01247 0.10446 0.99445 -0.02046 0.17679 0.98404 -0.01412 0.25091 0.96791 -0.0004 0.35038 0.93661 -0.00874 0.46292 0.88636 -0.00855 0.61219 0.79066 0.02765 0.62232 0.78228 0.01202 0.36153 0.93228 -0.01166 0.21047 0.97753 -0.00768 0.0916 0.99577 -0.05281 -0.08904 0.99463 -0.00669 -0.25322 0.96739 -0.03563 -0.35722 0.93334 0.01241 -0.51657 0.85615 0.00932 -0.62326 0.78196 -0.00524 -0.93222 0.36185 -0.00754 0.9994 -0.03373 0.00157 0.99997 -0.00694 -0.00299 0.99289 0.11897 -0.0019 0.99111 0.13303 -0.00185 0.96078 0.27731 -0.00601 0.95229 0.30515 0.00312 0.90911 0.41655 -0.00691 0.87445 0.48506 0.01099 0.82286 0.56813 -0.00192 0.76743 0.64113 -0.00022 0.7771 -0.62937 -0.0033 0.78472 -0.61984 0.00231 0.8153 -0.57903 0.00129 0.82237 -0.56896 0.00191 0.8764 -0.48157 0.00694 0.89395 -0.44812 -0.00355 0.9264 -0.37652 0.00666 0.95824 -0.28588 -0.01077 0.97586 -0.21813 -0.00052 0.99147 -0.1303 1e-05 -0.99134 0.13135 -0.00194 -0.99037 0.1384 -0.00433 -0.99997 -0.00564 0.00272 -0.99945 -0.03301 -0.00091 -0.99033 -0.13873 0.00419 -0.98731 -0.15876 -0.0019 -0.95756 -0.28822 -0.00035 -0.95789 -0.28713 -0.0012 -0.9156 -0.40209 -0.00798 -0.88989 -0.4561 0.0023 -0.85687 -0.51553 -0.00456 -0.80238 -0.59679 0.00305 -0.78403 -0.62071 -0.00377 -0.71903 -0.69497 0.0008 -0.7026 -0.71158 -0.00616 -0.61206 -0.79079 -0.00033 -0.6166 -0.78728 0.0003 -0.52285 -0.85242 -0.0086 -0.47118 -0.882 0.00028 -0.41787 -0.90851 -0.00812 -0.38734 -0.9219 -0.00038 -0.36608 -0.93058 0.96324 -0.03268 0.26666 0.96981 0.00576 0.24381 0.95358 -0.01924 0.30051 0.9668 -0.01027 0.25532 0.96937 -0.01833 0.24491 0.97208 0.00573 0.23456 0.96272 -0.02065 0.26972 0.96566 0.02425 0.25868 0.96162 0.01462 0.274 0.9638 0.01277 0.26633 0.96482 0.01232 0.26263 0.96205 -0.22873 0.14883 0.9718 -0.00175 0.23581 0.95714 -0.00248 0.28961 0.95951 -0.02199 0.28081 0.9649 -0.02777 0.26113 0.96541 0.0125 0.26045 0.96582 0.01444 0.25881 0.9595 0.02421 0.28068 0.9682 0.01742 0.24956 0.96765 0.0216 0.25139 0.96866 0.00753 0.24826 0.96845 0.01277 0.24889 0.96174 -0.00115 0.27397 0.95929 -0.00671 0.28235 0.9735 -0.01052 0.22844 -0.97173 0.00095 -0.23611 -0.97168 -0.00345 -0.23627 -0.97343 -0.01363 -0.22856 -0.97137 -0.0079 -0.23744 -0.97097 0.00301 -0.23918 -0.96832 0.00517 -0.24965 -0.96859 0.02196 -0.24771 -0.97108 0.03243 -0.23655 -0.96791 0.0255 -0.25002 -0.96611 0.02262 -0.25715 -0.96547 0.01251 -0.26023 -0.96466 0.00933 -0.26333 -0.96433 0.00828 -0.26457 -0.96008 0.0074 -0.27963 -0.95476 0.01769 -0.29684 -0.95834 0.00153 -0.28562 -0.95891 -0.00298 -0.28368 -0.96008 -0.01346 -0.27941 0.94593 0.07995 0.31437 -0.96035 -0.01861 -0.27818 -0.96122 -0.02507 -0.27465 -0.96456 -0.01198 -0.2636 -0.96599 -0.00882 -0.25841 -0.96691 -0.01138 -0.25485 -0.96793 -0.01265 -0.2509 -0.96846 -0.00846 -0.24904 -0.99993 0.01217 -0.00027 -0.99994 0.01033 0.00187 -0.00037 0.26178 -0.96513 -0.00037 0.26178 -0.96513 -0.00037 0.26178 -0.96513 -0.00037 0.26178 -0.96513 -0.00037 0.26178 -0.96513 -0.00037 0.26178 -0.96513 -0.00037 0.26178 -0.96513 -0.00037 0.26178 -0.96513 -0.00014 -0.96279 -0.27026 0.00115 -0.96258 -0.27098 0.00014 0.96572 0.25958 -0.00058 0.96583 0.25916 -0.00262 -0.66018 -0.75111 0.00725 -0.62507 -0.78053 0.00038 -0.89327 -0.44952 0.00237 -0.88409 -0.46731 0.00022 0.99197 0.1265 0.00075 0.98098 -0.1941 0.00594 0.39183 -0.92002 0.00518 0.8684 -0.49584 0.00864 0.66763 -0.74445 0.00442 -0.31271 -0.94984 -0.00446 0.12879 -0.99166 -0.00697 -0.07873 -0.99687 0.00685 0.98552 -0.16942 -0.0009 0.99326 0.11591 -0.00531 -0.3695 -0.92922 0.00232 0.41932 -0.90783 -0.00288 0.79133 -0.61138 0.00543 0.91079 -0.41283 -0.00284 -0.06647 -0.99778 0.00238 0.63305 -0.77411 0.00016 0.18325 -0.98307 -1 4e-05 0.00039 -1 4e-05 0.00039 -1 4e-05 0.00039 -1 4e-05 0.00039 -1 4e-05 0.00039 -1 4e-05 0.00039 -1 4e-05 0.00039 -1 4e-05 0.00039 -1 4e-05 0.00039 -1 4e-05 0.00039 -1 4e-05 0.00039 -1 4e-05 0.00039 -1 4e-05 0.00039 -1 4e-05 0.00039 -1 4e-05 0.00039 -1 4e-05 0.00039 -1 4e-05 0.00039 -1 4e-05 0.00039 -1 4e-05 0.00039 -1 4e-05 0.00039 -1 4e-05 0.00039 -1 4e-05 0.00039 -1 4e-05 0.00039 -1 4e-05 0.00039 -1 4e-05 0.00039 -1 4e-05 0.00039 -1 4e-05 0.00039 -1 4e-05 0.00039 -1 4e-05 0.00039 -1 4e-05 0.00039 -1 4e-05 0.00039 -1 4e-05 0.00039 -1 4e-05 0.00039 -1 4e-05 0.00039 -1 4e-05 0.00039 -1 4e-05 0.00039 -1 4e-05 0.00039 -1 4e-05 0.00039 -1 4e-05 0.00039 -1 4e-05 0.00039 -1 4e-05 0.00039 -1 4e-05 0.00039 -1 4e-05 0.00039 -1 4e-05 0.00039 1 -4e-05 -0.00039 1 -4e-05 -0.00039 1 -4e-05 -0.00039 1 -4e-05 -0.00039 1 -4e-05 -0.00039 1 -4e-05 -0.00039 1 -4e-05 -0.00039 1 -4e-05 -0.00039 1 -4e-05 -0.00039 1 -4e-05 -0.00039 1 -4e-05 -0.00039 1 -4e-05 -0.00039 1 -4e-05 -0.00039 1 -4e-05 -0.00039 1 -4e-05 -0.00039 1 -4e-05 -0.00039 1 -4e-05 -0.00039 1 -4e-05 -0.00039 1 -4e-05 -0.00039 1 -4e-05 -0.00039 1 -4e-05 -0.00039 1 -4e-05 -0.00039 1 -4e-05 -0.00039 1 -4e-05 -0.00039 1 -4e-05 -0.00039 1 -4e-05 -0.00039 1 -4e-05 -0.00039 1 -4e-05 -0.00039 1 -4e-05 -0.00039 1 -4e-05 -0.00039 1 -4e-05 -0.00039 1 -4e-05 -0.00039 1 -4e-05 -0.00039 1 -4e-05 -0.00039 1 -4e-05 -0.00039 1 -4e-05 -0.00039 1 -4e-05 -0.00039 1 -4e-05 -0.00039 1 -4e-05 -0.00039 1 -4e-05 -0.00039 1 -4e-05 -0.00039 1 -4e-05 -0.00039 1 -4e-05 -0.00039 1 -4e-05 -0.00039 1 -4e-05 -0.00039 1 -4e-05 -0.00039 1 -4e-05 -0.00039 0.42736 0.13683 -0.89367 0.46907 0.33781 -0.816 0.70798 0.15844 -0.68823 0.39678 0.27559 -0.87557 0.22384 0.50255 -0.83507 0.25005 0.26164 -0.93221 0.25844 0.00295 -0.96602 -0.31861 0.05678 -0.94618 -0.27064 0.22651 -0.93565 -0.2911 0.11441 -0.94983 -0.30586 0.32754 -0.89396 -0.34044 0.37194 -0.86357 0.47598 -0.1738 -0.86211 0.40109 -0.36122 -0.84181 0.68308 -0.27873 -0.67506 0.22758 -0.47116 -0.85218 0.40678 -0.22275 -0.88595 0.49107 -0.15169 -0.85781 0.25844 0.00295 -0.96602 0.25116 -0.23835 -0.93814 -0.31722 -0.0657 -0.94607 -0.28346 -0.14499 -0.94796 -0.21001 -0.29956 -0.93068 -0.23758 -0.24409 -0.9402 0.41829 -0.61717 -0.66644 0.34401 -0.76344 -0.54663 0.62408 -0.65027 -0.43321 0.12919 -0.86454 -0.48567 0.36062 -0.75405 -0.54896 0.3576 -0.66897 -0.65161 0.17639 -0.71917 -0.67208 0.21553 -0.51936 -0.82693 -0.29435 -0.52831 -0.7964 -0.32369 -0.60565 -0.72692 -0.32658 -0.61345 -0.71905 -0.35173 -0.68294 -0.64022 0.54749 -0.83216 0.08817 0.61407 -0.76046 -0.21123 0.58001 -0.79748 -0.16615 0.53857 -0.84201 0.03108 0.55048 -0.83045 -0.08554 0.12919 -0.86454 -0.48567 -4e-05 -1 -0.00307 -4e-05 -1 -0.00307 0.06685 -0.96516 -0.25299 0.06685 -0.96516 -0.25299 0.12919 -0.86454 -0.48567 -0.3941 -0.80042 -0.45168 -0.42512 -0.83544 -0.34831 -0.42512 -0.83544 -0.34831 -0.45066 -0.8597 -0.24046 0.41256 -0.87384 0.25728 0.41692 -0.77622 0.47293 0.41799 -0.82109 0.3887 0.41664 -0.84639 0.33173 -0.12925 -0.8675 0.48036 -4e-05 -1 -0.00307 -0.12925 -0.8675 0.48036 -0.06693 -0.96669 0.24706 -0.06693 -0.96669 0.24706 -4e-05 -1 -0.00307 -0.51946 -0.85355 -0.04009 -0.53983 -0.8368 0.09137 -0.536 -0.842 0.06123 -0.54842 -0.8157 0.18405 0.35436 -0.46508 0.81125 0.39714 -0.69461 0.59983 0.33637 -0.51576 0.78794 0.36161 -0.66778 0.65062 0.33582 -0.61021 0.71754 -0.12925 -0.8675 0.48036 -0.22384 -0.50255 0.83507 -0.22384 -0.50255 0.83507 -0.18277 -0.70919 0.68091 -0.18277 -0.70919 0.68091 -0.12925 -0.8675 0.48036 -0.63578 -0.69272 0.34046 -0.63371 -0.61055 0.47502 -0.63643 -0.64495 0.42308 -0.62669 -0.56328 0.53849 0.23698 -0.31485 0.91908 0.26915 -0.18053 0.94603 0.28804 -0.08687 0.95367 0.25596 -0.23879 0.93673 -0.25844 -0.00295 0.96602 -0.22384 -0.50255 0.83507 -0.25844 -0.00295 0.96602 -0.24965 -0.26167 0.93231 -0.24965 -0.26167 0.93231 -0.22384 -0.50255 0.83507 -0.70801 -0.35325 0.61151 -0.69079 -0.21737 0.68961 -0.69968 -0.2719 0.6607 -0.67557 -0.14668 0.72255 0.33589 0.35504 0.87242 0.25753 0.11033 0.95995 0.26592 0.20849 0.94118 0.27699 0.22015 0.93531 0.36151 0.37534 0.85348 -0.2238 0.49744 0.83813 -0.2238 0.49744 0.83813 -0.25262 0.27896 0.92648 -0.24963 0.25597 0.9339 -0.26083 0.00794 0.96535 -0.26842 0.04366 0.96231 -0.72657 0.08099 0.6823 -0.68932 0.23417 0.68557 -0.70615 0.17413 0.68632 -0.664 0.30932 0.68075 0.30481 0.68178 0.66504 0.32064 0.57952 0.74923 0.32841 0.50075 0.80087 0.31462 0.62422 0.7151 -0.2238 0.49744 0.83813 -0.13573 0.85018 0.5087 -0.13566 0.86321 0.48627 -0.18596 0.70774 0.68156 -0.2238 0.49744 0.83813 -0.18634 0.69285 0.69659 -0.6802 0.50686 0.52955 -0.65045 0.58762 0.48127 -0.59989 0.68812 0.40819 -0.63538 0.62129 0.45858 0.43194 0.86613 0.2515 0.42028 0.82797 0.37125 0.40575 0.7869 0.46492 0.42376 0.83853 0.3425 -0.12919 0.86454 0.48567 4e-05 1 0.00307 4e-05 1 0.00307 -0.06685 0.96516 0.25299 -0.06685 0.96516 0.25299 -0.12919 0.86454 0.48567 -0.59855 0.77415 0.206 -0.52791 0.84512 0.0842 -0.5575 0.8195 0.13274 -0.48725 0.87299 0.02189 0.4985 0.86688 0.00272 0.58249 0.78892 -0.19572 0.54825 0.82943 -0.10706 0.53688 0.83982 -0.08036 0.12925 0.8675 -0.48036 4e-05 1 0.00307 0.12925 0.8675 -0.48036 0.06693 0.96669 -0.24706 0.06693 0.96669 -0.24706 4e-05 1 0.00307 -0.46872 0.8544 -0.22427 -0.42075 0.83763 -0.34835 -0.43247 0.84283 -0.32033 -0.38196 0.81649 -0.43295 0.12925 0.8675 -0.48036 0.22384 0.50255 -0.83507 0.12929 0.85473 -0.50271 0.22384 0.50255 -0.83507 0.18293 0.69445 -0.6959 0.18236 0.70921 -0.681 -0.32568 0.51091 -0.79555 -0.31699 0.69135 -0.64927 -0.32414 0.59136 -0.7384 -0.32247 0.62486 -0.71103 0.6426 0.54659 -0.53694 0.62638 0.69138 -0.36006 0.63784 0.6303 -0.44259 0.63994 0.61075 -0.46632 0.00027 -0.66217 0.74936 0.00026 -0.68615 0.72746 0.00026 -0.67425 0.73851 0.00027 -0.66217 0.74936 0.00026 -0.67425 0.73851 0.00026 -0.68615 0.72746 -0.00013 0.90269 -0.43029 0.05862 0.88946 -0.45324 0.02298 0.89793 -0.43953 0.08558 0.88213 -0.46316 -0.04027 -0.46637 -0.88367 -0.01468 -0.45233 -0.89173 -0.00037 -0.4443 -0.89588 -0.02687 -0.45906 -0.888 0.04666 -0.95718 -0.28571 0.06542 -0.95968 -0.27338 0.05796 -0.95874 -0.27831 0.0748 -0.96075 -0.26715 0.00033 -0.47159 0.88182 0.00039 0.05321 0.99858 0.00037 -0.21718 0.97613 0.00039 0.05321 0.99858 0.00033 -0.47159 0.88182 0.00037 -0.21718 0.97613 -0.02723 -0.89162 0.45196 -0.0707 -0.90293 0.42393 -0.04642 -0.89692 0.43975 0.00015 -0.88322 0.46895 -1e-05 -0.99735 0.07271 -1e-05 -0.99735 0.07271 -1e-05 -0.99735 0.07271 -1e-05 -0.99735 0.07271 -0.01968 0.99314 0.11527 -0.06724 0.98808 0.13845 -0.04405 0.9909 0.12718 8e-05 0.99441 0.10555 0.36917 0.37697 -0.84947 0.07361 0.58691 -0.8063 0.28344 0.44707 -0.84841 -0.06983 0.6593 -0.74863 0.10808 0.94636 -0.30449 -0.12876 0.97016 -0.20545 0.04454 0.95907 -0.27963 -0.18327 0.96641 -0.18015 0.00037 0.41793 0.90848 0.00037 0.41793 0.90848 0.00037 0.41793 0.90848 0.00037 0.41793 0.90848 0.05644 0.90834 0.41441 0.18085 0.91998 0.34776 0.14077 0.91822 0.37022 0.0002 0.89719 0.44164 0.17181 -0.91148 0.37374 -0.04527 -0.8137 0.57952 -0.15488 -0.73248 0.66294 0.06369 -0.8733 0.483 0.08444 0.69773 0.71137 0.32078 0.5888 0.7419 0.0003 0.7246 0.68917 0.26845 0.61742 0.73941 -1 4e-05 0.00039 -1 4e-05 0.00039 -1 4e-05 0.00039 -1 4e-05 0.00039 -1 4e-05 0.00039 -1 4e-05 0.00039 -1 4e-05 0.00039 0.04784 0.75661 -0.65212 -0.00022 0.76449 -0.64464 0.00754 0.76334 -0.64595 0.05493 0.75529 -0.65309 -0.00039 0.00307 -1 -0.00039 0.00307 -1 -0.00039 0.00307 -1 -0.00039 0.00307 -1 0.00338 -0.86115 0.50835 0.01762 -0.85886 0.5119 0.00017 -0.86164 0.50753 0.01457 -0.85937 0.51115 -4e-05 -1 -0.00307 -4e-05 -1 -0.00307 -4e-05 -1 -0.00307 -4e-05 -1 -0.00307 -1 4e-05 0.00039 -1 4e-05 0.00039 -1 4e-05 0.00039 -1 4e-05 0.00039 -1 4e-05 0.00039 -1 4e-05 0.00039 -1 4e-05 0.00039 -1 4e-05 0.00039 -1 4e-05 0.00039 -1 4e-05 0.00039 -1 4e-05 0.00039 -1 4e-05 0.00039 -1 4e-05 0.00039 -1 4e-05 0.00039 -1 4e-05 0.00039 -1 4e-05 0.00039 -1 4e-05 0.00039 -1 4e-05 0.00039 -1 4e-05 0.00039 -1 4e-05 0.00039 -1 4e-05 0.00039 -1 4e-05 0.00039 -1 4e-05 0.00039 -1 4e-05 0.00039 -1 4e-05 0.00039 0.00029 -0.60739 0.7944 0.00031 -0.54074 0.84119 0.0004 -0.54812 0.8364 0.00042 -0.56445 0.82547 0.00029 -0.59453 0.80407 0.00034 -0.54189 0.84045 0.00029 -0.60739 0.7944 0.00029 -0.59453 0.80407 0.0003 -0.56852 0.82267 0.00031 -0.54807 0.83643 0.24002 0.02823 0.97036 0.00039 0.06009 0.99819 0.02283 0.05726 0.9981 0.27161 0.02375 0.96211 0.03993 0.82577 -0.56259 0.12119 0.84545 -0.52013 0.08894 0.8385 -0.5376 -0.0002 0.81342 -0.58168 0.087 0.76066 0.64329 -0.08871 0.7707 0.63099 -0.15668 0.83933 0.52055 -0.10343 0.70566 0.70096 0.02891 0.73824 0.67392 0.00544 0.01489 0.99987 0.01178 0.00959 0.99988 0.00678 0.01377 0.99988 0.00039 0.01911 0.99982 4e-05 1 0.00307 4e-05 1 0.00307 4e-05 1 0.00307 4e-05 1 0.00307 -0.00039 0.00307 -1 -0.00039 0.00307 -1 -0.00039 0.00307 -1 -0.00039 0.00307 -1 -4e-05 -1 -0.00307 -4e-05 -1 -0.00307 -4e-05 -1 -0.00307 -4e-05 -1 -0.00307 -0.00039 -0.02545 -0.99968 -0.00039 -0.02545 -0.99968 -0.00039 -0.02545 -0.99968 -0.00039 -0.02545 -0.99968 0.16229 -0.82291 -0.54449 -0.0003 -0.70604 -0.70817 0.26263 -0.86964 -0.41803 0.15442 -0.81838 -0.55355 0.32351 -0.68007 0.65791 0.17106 -0.63917 0.7498 0.3696 -0.68831 0.6242 0.2615 -0.66585 0.69875 -0.08934 -0.02663 0.99565 0.00039 -0.041 0.99916 -0.01 -0.03935 0.99918 -0.10293 -0.02443 0.99439 -4e-05 -1 -0.00307 -4e-05 -1 -0.00307 -4e-05 -1 -0.00307 -4e-05 -1 -0.00307 -0.07644 -0.99461 0.07006 0.07183 -0.9962 -0.04917 0.00874 -0.99996 0.0016 0.15025 -0.98224 -0.11236 0.17355 -0.657 0.73364 0.11465 -0.68807 0.71653 0.14642 -0.67175 0.72616 0.1948 -0.64492 0.73901 -0.10361 -0.01824 0.99445 0.00039 -0.03484 0.99939 -0.01168 -0.03293 0.99939 -0.1199 -0.01561 0.99266 0.2231 -0.06971 -0.9723 -0.00039 -0.03899 -0.99924 0.02193 -0.04215 -0.99887 0.24082 -0.07205 -0.96789 -4e-05 -1 -0.00307 -4e-05 -1 -0.00307 -4e-05 -1 -0.00307 -4e-05 -1 -0.00307 -1 4e-05 0.00039 -1 4e-05 0.00039 -1 4e-05 0.00039 -1 4e-05 0.00039 -1 4e-05 0.00039 -1 4e-05 0.00039 -1 4e-05 0.00039 -1 4e-05 0.00039 -1 4e-05 0.00039 -1 4e-05 0.00039 -1 4e-05 0.00039 -1 4e-05 0.00039 -1 4e-05 0.00039 0.00039 -0.00307 1 0.00039 -0.00307 1 0.00039 -0.00307 1 0.00039 -0.00307 1 4e-05 1 0.00307 4e-05 1 0.00307 4e-05 1 0.00307 4e-05 1 0.00307 -0.13834 0.01451 0.99028 0.00039 0.03509 0.99938 -0.01445 0.03292 0.99935 -0.15836 0.01148 0.98731 0.01967 0.91792 -0.39627 0.07756 0.90537 -0.41749 0.056 0.91047 -0.40977 -0.00012 0.92138 -0.38867 -0.00039 0.06483 -0.9979 -0.00039 0.06483 -0.9979 -0.00039 0.06483 -0.9979 -0.00039 0.06483 -0.9979 0.14627 0.79097 0.59411 -0.06221 0.87571 0.47881 0.23645 0.7368 0.63342 0.04541 0.83884 0.54248 4e-05 1 0.00307 4e-05 1 0.00307 4e-05 1 0.00307 4e-05 1 0.00307 0.02381 -0.01332 -0.99963 -0.00039 -0.01685 -0.99986 0.00209 -0.01648 -0.99986 0.02654 -0.01292 -0.99956 -0.00543 -0.00862 -0.99995 -0.00039 -0.01256 -0.99992 -0.00574 -0.00837 -0.99995 -0.01304 -0.00266 -0.99991 -4e-05 -1 -0.00307 -4e-05 -1 -0.00307 -4e-05 -1 -0.00307 -4e-05 -1 -0.00307 0.00039 -0.00307 1 0.00039 -0.00307 1 0.00039 -0.00307 1 0.00039 -0.00307 1 4e-05 1 0.00307 4e-05 1 0.00307 4e-05 1 0.00307 4e-05 1 0.00307 -0.00039 0.00307 -1 -0.00039 0.00307 -1 -0.00039 0.00307 -1 -0.00039 0.00307 -1 -1 4e-05 0.00039 -1 4e-05 0.00039 -1 4e-05 0.00039 -1 4e-05 0.00039 -4e-05 -1 -0.00307 -4e-05 -1 -0.00307 -4e-05 -1 -0.00307 -4e-05 -1 -0.00307 0.00039 -0.00307 1 0.00039 -0.00307 1 0.00039 -0.00307 1 0.00039 -0.00307 1 4e-05 1 0.00307 4e-05 1 0.00307 4e-05 1 0.00307 4e-05 1 0.00307 -0.00039 0.00307 -1 -0.00039 0.00307 -1 -0.00039 0.00307 -1 -0.00039 0.00307 -1 -1 4e-05 0.00039 -1 4e-05 0.00039 -1 4e-05 0.00039 -1 4e-05 0.00039 -5e-05 -0.9991 -0.04252 -5e-05 -0.9991 -0.04252 -5e-05 -0.9991 -0.04252 -5e-05 -0.9991 -0.04252 0.00039 -0.00307 1 0.00039 -0.00307 1 0.00039 -0.00307 1 0.00039 -0.00307 1 0.00039 -0.00307 1 0.08279 0.02214 -0.99632 -0.34139 -0.10696 -0.93382 -0.39442 -0.12306 -0.91065 0.00176 -0.00257 -1 -0.116 0.61654 -0.77873 -0.08688 0.62599 -0.77498 -0.12206 0.61449 -0.77942 -0.095 0.62342 -0.7761 -0.08559 0.99498 0.05192 0.04869 0.98115 -0.18702 0.07543 0.88786 0.45389 -0.0383 0.98998 -0.13593 0.00942 0.94496 0.32705 -0.01465 0.83685 0.54724 -0.00029 -0.73577 -0.67723 -0.0003 -0.72418 -0.68962 -0.0003 -0.70036 -0.71379 -0.00031 -0.68815 -0.72557 -0.0003 -0.71366 -0.70049 -0.0003 -0.70036 -0.71379 -0.00031 -0.68815 -0.72557 -0.08195 0.52082 -0.84972 -0.24449 0.57379 -0.78166 -0.15443 0.54652 -0.82309 -0.28579 0.58448 -0.75941 0.05383 0.99855 0.00077 0.3581 0.93118 -0.06837 4e-05 0.99992 0.01286 0.32366 0.94424 -0.06047 0.00034 0.58677 0.80975 0.14627 0.64887 0.74671 0.36851 0.70826 0.60214 0.13656 0.64527 0.75165 0.23078 0.12134 0.96541 0.30509 0.03413 0.95171 0.00038 0.36227 0.93207 0.14961 0.21101 0.96597 0.24558 -0.93654 -0.25016 0.09688 -0.98361 -0.15207 0.15269 -0.96999 -0.18924 -7e-05 -0.99625 -0.08656 0.06811 -0.88875 -0.45331 0.21857 -0.91555 -0.33764 0.27454 -0.91692 -0.28964 0.16454 -0.90967 -0.38134 -0.05743 -0.20188 -0.97773 0.06693 -0.11836 -0.99071 0.01249 -0.15538 -0.98778 0.1403 -0.06735 -0.98782 0.24535 0.93462 -0.25747 0.02219 0.97541 -0.21927 -0.01621 0.97723 -0.21155 0.22158 0.94149 -0.25396 0.20037 0.35885 -0.91163 -0.0537 0.56858 -0.82087 0.07672 0.46875 -0.87999 -0.181 0.65024 -0.73785 -4e-05 -1 -0.00307 -4e-05 -1 -0.00307 -4e-05 -1 -0.00307 -4e-05 -1 -0.00307 -1 4e-05 0.00039 -1 4e-05 0.00039 -1 4e-05 0.00039 -1 4e-05 0.00039 -1 4e-05 0.00039 -1 4e-05 0.00039 -1 4e-05 0.00039 -1 4e-05 0.00039 -1 4e-05 0.00039 -1 4e-05 0.00039 -1 4e-05 0.00039 -1 4e-05 0.00039 -0.0442 0.92667 0.37326 0.3352 0.80706 0.4861 0.25311 0.84693 0.4676 -0.14197 0.93203 0.3334 -0.2837 0.06472 0.95673 0.00039 0.02681 0.99964 -0.02723 0.03059 0.99916 -0.30235 0.06713 0.95083 0.05441 0.9109 -0.40903 0.13636 0.89139 -0.43223 0.16764 0.88207 -0.44028 0.07768 0.90608 -0.41592 0.04839 0.20832 0.97686 0.00039 0.16275 0.98667 0.09916 0.25571 0.96165 0.04908 0.20896 0.97669 -4e-05 -1 -0.00307 -4e-05 -1 -0.00307 -4e-05 -1 -0.00307 -4e-05 -1 -0.00307 -0.39248 -0.10192 0.9141 -0.04143 -0.05123 0.99783 0.00039 -0.04479 0.999 -0.36608 -0.09833 0.92537 0.10997 -0.04083 -0.9931 -0.00039 -0.02427 -0.99971 0.01117 -0.02602 -0.9996 0.11962 -0.04226 -0.99192 -0.08431 -0.96461 0.24984 0.22033 -0.88553 0.40901 0.03661 -0.94755 0.31749 0.31246 -0.83689 0.44943 0.00688 -0.85521 -0.51824 -0.14639 -0.78085 -0.60733 -0.06271 -0.82537 -0.5611 0.09354 -0.88333 -0.45933 -4e-05 -1 -0.00307 -4e-05 -1 -0.00307 -4e-05 -1 -0.00307 -4e-05 -1 -0.00307 -0.04686 0.08291 0.99545 -0.00361 0.08877 0.99605 0.00039 0.0893 0.996 -0.04216 0.08355 0.99561 -0.00702 0.45968 -0.88806 0.07993 0.50397 -0.86001 0.04256 0.48552 -0.87319 -0.04625 0.43813 -0.89772 0.17915 -0.96867 -0.17197 0.14199 -0.97887 -0.14712 0.15569 -0.97536 -0.1563 0.11816 -0.9843 -0.13114 0.02902 -0.42585 0.90433 0.02727 -0.42729 0.9037 0.02593 -0.42838 0.90323 0.0275 -0.4271 0.90379 0.00865 -0.98314 0.18263 0.23128 -0.93878 0.25534 0.14071 -0.96367 0.22701 -0.05977 -0.98559 0.15824 -0.19979 -0.85371 -0.4809 -0.19801 -0.85465 -0.47996 -0.19565 -0.8559 -0.47871 -0.19847 -0.85441 -0.4802 0.18922 -0.10596 -0.9762 0.0661 -0.18283 -0.98092 0.10411 -0.1596 -0.98168 -0.00039 -0.2224 -0.97496 0.13101 0.96493 -0.22746 -6e-05 0.96746 -0.25302 0.01804 0.96814 -0.24976 0.15417 0.96267 -0.22247 0.30153 0.31155 -0.90112 0.01314 0.52116 -0.85336 0.19205 0.39948 -0.8964 -0.12827 0.59921 -0.79025 0.06404 -0.56721 -0.82108 -0.28339 -0.37971 -0.88063 -0.07288 -0.50372 -0.86079 -0.37347 -0.31583 -0.87222 -0.00038 -0.31099 -0.95041 -0.02541 -0.28905 -0.95698 -0.02249 -0.29163 -0.95627 -0.0472 -0.26966 -0.9618 0.00035 -0.36733 0.93009 0.00035 -0.36733 0.93009 0.00035 -0.36733 0.93009 0.00035 -0.36733 0.93009 -1 4e-05 0.00039 -1 4e-05 0.00039 -1 4e-05 0.00039 -1 4e-05 0.00039 4e-05 1 0.00307 4e-05 1 0.00307 4e-05 1 0.00307 4e-05 1 0.00307 0.01457 0.36683 -0.93017 0.28937 0.33117 -0.89811 0.25026 0.33805 -0.90724 -0.00035 0.36795 -0.92984 -4e-05 -1 -0.00307 -4e-05 -1 -0.00307 -4e-05 -1 -0.00307 -4e-05 -1 -0.00307 -4e-05 -1 -0.00307 -4e-05 -1 -0.00307 -4e-05 -1 -0.00307 -4e-05 -1 -0.00307 0.00033 -0.45937 0.88824 -0.08113 -0.49774 0.86353 -0.10922 -0.51003 0.8532 -0.03539 -0.47669 0.87836 0.439 -0.86005 0.26 0.22995 -0.94711 0.22384 0.54324 -0.79362 0.27396 0.2775 -0.93207 0.2329 -0.47848 -0.76892 -0.42405 -0.17509 -0.91305 -0.36836 -0.30008 -0.8678 -0.39607 -0.09752 -0.93234 -0.34819 0.26495 0.06054 -0.96236 0.0384 -0.47432 -0.87952 0.01765 -0.29201 -0.95625 0.0746 -0.46 -0.88478 0.01348 -0.24495 -0.96944 0.2312 0.04702 -0.97177 -0.0999 0.45248 -0.88616 0.10738 0.5937 -0.79749 -0.17696 0.39035 -0.9035 0.01728 0.53691 -0.84346 -0.13783 0.91917 -0.36895 0.27616 0.9405 -0.19796 -0.23044 0.88786 -0.39826 0.1932 0.95197 -0.23753 0.00039 0.20949 0.97781 0.00039 0.20949 0.97781 0.00039 0.20949 0.97781 0.00039 0.20949 0.97781 0.28789 0.79314 0.53671 0.09822 0.75527 0.64801 0.22837 0.78527 0.57549 0.0003 0.72179 0.69211 9e-05 0.99205 0.12584 -0.1601 0.98691 0.01939 -0.09318 0.99356 0.06443 -0.24432 0.96893 -0.03851 0.21114 0.47056 0.85674 0.00037 0.41007 0.91205 0.05976 0.42924 0.90121 0.25534 0.48049 0.83901 -0.36195 0.70697 -0.6076 -0.19648 0.67832 -0.70801 -0.30618 0.70012 -0.64505 -0.0936 0.64869 -0.75527 -0.14338 0.95319 0.2662 0.11431 0.9907 0.07381 -0.02714 0.98301 0.18152 0.21663 0.97623 -0.00738 -4e-05 -1 -0.00307 -4e-05 -1 -0.00307 -4e-05 -1 -0.00307 -4e-05 -1 -0.00307 -1 4e-05 0.00039 -1 4e-05 0.00039 -1 4e-05 0.00039 -1 4e-05 0.00039 -1 4e-05 0.00039 -1 4e-05 0.00039 -1 4e-05 0.00039 -1 4e-05 0.00039 -1 4e-05 0.00039 -1 4e-05 0.00039 -1 4e-05 0.00039 -1 4e-05 0.00039 -1 4e-05 0.00039 -1 4e-05 0.00039 -1 4e-05 0.00039 -1 4e-05 0.00039 -1 4e-05 0.00039 -1 4e-05 0.00039 -1 4e-05 0.00039 -1 4e-05 0.00039 -1 4e-05 0.00039 -1 4e-05 0.00039 -1 4e-05 0.00039 -1 4e-05 0.00039 0.0003 -0.56859 0.82262 0.00031 -0.54074 0.84119 0.00031 -0.54807 0.83643 0.0003 -0.58168 0.81342 0.00031 -0.54074 0.84119 0.0003 -0.58168 0.81342 0.0003 -0.56859 0.82262 0.00031 -0.54807 0.83643 -0.1013 0.8832 0.45793 0.0261 0.99843 -0.04963 -0.04519 0.86074 -0.50704 0.00029 0.74298 0.66932 -0.00023 0.74172 -0.67071 -0.03572 0.94873 -0.31405 -0.05248 0.98084 0.1876 -0.06121 0.76992 -0.63519 -0.10779 0.79537 0.59646 0.00039 0.05081 0.99871 0.00039 0.05081 0.99871 0.00039 0.05081 0.99871 0.00039 0.05081 0.99871 -0.02653 0.74424 0.66738 -0.30764 0.7912 0.52855 -0.12652 0.76956 0.62592 0.12056 0.69051 0.71321 -4e-05 -1 -0.00307 -4e-05 -1 -0.00307 -4e-05 -1 -0.00307 -4e-05 -1 -0.00307 -0.13596 -0.49218 -0.85981 0.00633 -0.10859 -0.99407 0.00956 -0.01134 -0.99989 -0.10022 -0.34234 -0.93422 -0.00039 -0.01284 -0.99992 -0.01935 -0.59238 -0.80543 -0.00878 -0.99237 -0.12297 -0.03744 -0.99452 -0.09766 -0.01539 -0.993 -0.11714 0.01463 -0.98954 -0.14348 -0.11091 -0.80276 0.5859 -0.00956 -0.84907 0.5282 0.0498 -0.86997 0.49058 -0.05619 -0.82944 0.55577 0.14046 -0.05667 0.98846 0.01342 -0.0759 0.99703 0.00039 -0.0778 0.99697 0.12518 -0.05905 0.99038 -4e-05 -1 -0.00307 -4e-05 -1 -0.00307 -4e-05 -1 -0.00307 -4e-05 -1 -0.00307 0.34472 -0.06553 -0.93642 -0.00039 -0.01466 -0.99989 0.03727 -0.0203 -0.9991 0.36877 -0.069 -0.92696 -0.02124 -0.99828 0.05459 0.1036 -0.99394 -0.03673 0.05072 -0.99871 0.00206 0.16284 -0.98337 -0.0804 0.18735 -0.71881 0.66948 0.07967 -0.68639 0.72286 0.03007 -0.66803 0.74352 0.12233 -0.70046 0.70313 -0.12313 -0.04289 0.99146 -0.01252 -0.02489 0.99961 0.00039 -0.02277 0.99974 -0.11286 -0.04123 0.99276 0.01597 -0.36375 0.93136 0.041 -0.37951 0.92428 0.02534 -0.36969 0.92881 0.00035 -0.35376 0.93534 -1 4e-05 0.00039 -1 4e-05 0.00039 -1 4e-05 0.00039 -1 4e-05 0.00039 -1 4e-05 0.00039 -1 4e-05 0.00039 -1 4e-05 0.00039 -1 4e-05 0.00039 -1 4e-05 0.00039 -0.00042 0.70778 -0.70643 0.10042 0.81237 -0.57443 0.01099 0.72099 -0.69286 -0.0842 0.60015 -0.79544 -0.37235 0.90646 0.19923 -0.09723 0.99086 0.09352 6e-05 0.99849 0.05492 -0.24865 0.95654 0.15236 -4e-05 -1 -0.00307 -4e-05 -1 -0.00307 -4e-05 -1 -0.00307 -4e-05 -1 -0.00307 0.3583 -0.92514 0.12543 0.01809 -0.99738 -0.07008 0.18223 -0.983 0.0226 0.45725 -0.86987 0.18504 0.21379 -0.05594 0.97528 0.00039 -0.01855 0.99983 0.02686 -0.02324 0.99937 0.23101 -0.05892 0.97117 -4e-05 -1 -0.00307 -4e-05 -1 -0.00307 -4e-05 -1 -0.00307 -4e-05 -1 -0.00307 -1 4e-05 0.00039 -1 4e-05 0.00039 -1 4e-05 0.00039 -1 4e-05 0.00039 -1 4e-05 0.00039 -1 4e-05 0.00039 -1 4e-05 0.00039 -1 4e-05 0.00039 -1 4e-05 0.00039 -1 4e-05 0.00039 -1 4e-05 0.00039 -1 4e-05 0.00039 0.20684 0.91579 -0.34431 0.33652 0.89758 -0.28477 0.30857 0.90319 -0.29839 0.15245 0.91778 -0.36665 -0.35304 0.01183 0.93553 -0.03012 0.05688 0.99793 0.00039 0.06079 0.99815 -0.29907 0.01985 0.95402 0.0413 0.05233 0.99778 0.25649 -0.00297 0.96654 0.22329 0.00577 0.97473 0.00039 0.06248 0.99805 4e-05 1 0.00307 4e-05 1 0.00307 4e-05 1 0.00307 4e-05 1 0.00307 -0.00039 0.00307 -1 -0.00039 0.00307 -1 -0.00039 0.00307 -1 -0.00039 0.00307 -1 -4e-05 -1 -0.00307 -4e-05 -1 -0.00307 -4e-05 -1 -0.00307 -4e-05 -1 -0.00307 0.10334 -0.05705 0.99301 0.00039 -0.04092 0.99916 0.01176 -0.04272 0.99902 0.11294 -0.05853 0.99188 -0.30598 -0.04007 -0.95119 -0.00039 -0.08603 -0.99629 -0.0323 -0.08163 -0.99614 -0.34547 -0.03347 -0.93783 -0.02564 -0.43177 0.90162 0.00274 -0.65765 0.75332 0.05393 -0.84628 0.53001 0.00027 -0.65522 0.75544 -0.01857 -0.42921 0.90301 0.0438 -0.84486 0.53319 -1 4e-05 0.00039 -1 4e-05 0.00039 -1 4e-05 0.00039 -1 4e-05 0.00039 -1 4e-05 0.00039 -1 4e-05 0.00039 -1 4e-05 0.00039 -1 4e-05 0.00039 -1 4e-05 0.00039 -1 4e-05 0.00039 -1 4e-05 0.00039 -1 4e-05 0.00039 -1 4e-05 0.00039 -1 4e-05 0.00039 -1 4e-05 0.00039 -1 4e-05 0.00039 -1 4e-05 0.00039 -1 4e-05 0.00039 -1 4e-05 0.00039 -1 4e-05 0.00039 0.14108 0.93329 0.33024 -0.09893 0.97691 0.18939 0.01095 0.96652 0.25635 -0.22489 0.96845 0.10739 -0.00033 -0.61476 -0.78871 0.09087 -0.57657 -0.81198 0.11775 -0.56409 -0.81727 0.03398 -0.60114 -0.79842 -0.11033 -0.98739 -0.11354 -0.43125 -0.90193 0.02313 -0.37235 -0.92808 -0.00361 -0.0001 -0.98777 -0.15591 -0.10208 -0.56829 0.81647 0.19497 -0.45468 0.86905 -0.02423 -0.54393 0.83878 0.25363 -0.42545 0.86872 -0.26008 0.05815 0.96383 -0.04223 0.11747 0.99218 0.00039 0.1283 0.99174 -0.23319 0.06584 0.9702 0.06379 0.85014 0.52268 0.36822 0.74745 0.55293 0.28165 0.78624 0.55 0.00023 0.86034 0.50972 -0.21356 0.95162 -0.22094 -0.16473 0.9556 -0.24434 -0.19976 0.95303 -0.22765 -0.13983 0.95654 -0.2559 0.09389 0.53107 -0.84211 -0.0584 0.47773 -0.87656 0.13318 0.5426 -0.82936 -0.01593 0.49397 -0.86933 0.39043 -0.91992 -0.0361 0.15146 -0.97969 0.13141 0.26661 -0.96233 0.05336 5e-05 -0.97382 0.22733 0.06544 -0.93903 -0.33756 0.01176 -0.99891 -0.0451 -0.06663 -0.89046 -0.45016 -0.04546 -0.99858 -0.02783 0.17024 -0.96502 -0.19939 0.33265 -0.48838 -0.80674 0.61698 -0.32603 -0.71627 0.20882 -0.53744 -0.81704 0.58129 -0.35116 -0.73402 -0.08793 -5e-05 -0.99613 -0.19223 0.37547 -0.90668 -0.17329 -0.0773 -0.98183 -0.26634 0.40386 -0.87519 0.01552 0.17982 -0.98358 0.5177 0.71802 -0.46522 0.56974 0.70031 -0.43007 0.55852 0.70446 -0.43794 0.47109 0.73083 -0.49392 -0.1218 0.61013 0.78288 0.00038 0.29263 0.95623 -0.04992 0.48709 0.87193 -0.11335 0.61259 0.78223 -0.07002 0.58173 0.81036 -0.33851 0.93973 0.04811 0.07908 0.97354 0.21439 -0.39953 0.91649 0.02036 -0.02166 0.98384 0.17776 0.12383 0.84754 -0.51609 -0.00019 0.82684 -0.56244 0.18739 0.85229 -0.48835 0.04642 0.83636 -0.54621 0.29734 -0.60924 -0.73513 0.12346 -0.69134 -0.7119 0.06603 -0.71243 -0.69863 0.22239 -0.64811 -0.72835 -0.17767 -0.9365 0.30234 -0.05049 -0.96646 0.25181 -0.2464 -0.91209 0.32769 -0.10117 -0.95682 0.27249 -0.08538 -0.41445 0.90606 -0.38463 -0.25002 0.88857 0.03203 -0.46475 0.88486 -0.3194 -0.2907 0.90193 0.0166 -0.99194 0.12558 -0.1645 -0.98637 0.00324 0.12797 -0.97179 0.19809 -0.05641 -0.99544 0.07692 0.08821 0.99059 0.10467 0.02698 0.99694 0.07331 6e-05 0.99823 0.05944 0.06565 0.99349 0.09315 -0.10856 -0.07562 -0.99121 0.1717 -0.35608 -0.91855 -0.10895 0.04263 -0.99313 0.0573 -0.24852 -0.96693 -0.12622 0.03918 -0.99123 -0.2428 0.96998 -0.01384 -0.08174 0.99473 -0.06195 -0.19485 0.98042 -0.02843 -0.0484 0.99626 -0.07161 0.05955 0.61226 0.78841 0.07736 0.60697 0.79095 0.05479 0.61363 0.78769 0.07328 0.6082 0.79039 0.18017 0.57159 -0.80052 0.24211 0.57862 -0.77883 0.15962 0.56873 -0.80689 0.23077 0.57751 -0.78309 -0.1322 0.67239 0.72829 0.07442 0.72626 0.68338 -0.06169 0.6946 0.71675 0.14706 0.73711 0.65958 -1 4e-05 0.00039 -1 4e-05 0.00039 -1 4e-05 0.00039 -1 4e-05 0.00039 -1 4e-05 0.00039 -1 4e-05 0.00039 -1 4e-05 0.00039 -0.02556 0.81079 -0.58478 -0.25503 0.79309 -0.55314 0.01405 0.81812 -0.57488 -0.20426 0.78386 -0.58638 -0.28568 0.80785 -0.51552 0.02915 0.0238 -0.99929 0.07519 0.05611 -0.99559 0.04651 0.03598 -0.99827 -0.00039 0.00307 -1 0.00016 -0.86842 0.49583 0.00016 -0.86842 0.49583 0.00016 -0.86842 0.49583 0.00016 -0.86842 0.49583 0.03312 0.77753 -0.62797 -0.33059 0.82777 -0.45333 -0.08923 0.80917 -0.58076 -0.40062 0.82097 -0.40683 -0.14535 0.83072 0.53737 -0.36219 0.82984 0.42448 -0.40209 0.82388 0.39943 -0.24104 0.8365 0.4921 0.21517 -0.97411 0.0693 -4e-05 -1 -0.00121 0.07639 -0.99679 0.02382 0.35418 -0.92809 0.11487 -1 4e-05 0.00039 -1 4e-05 0.00039 -1 4e-05 0.00039 -1 4e-05 0.00039 -1 4e-05 0.00039 -1 4e-05 0.00039 -1 4e-05 0.00039 -1 4e-05 0.00039 -1 4e-05 0.00039 -1 4e-05 0.00039 -1 4e-05 0.00039 -1 4e-05 0.00039 -1 4e-05 0.00039 -1 4e-05 0.00039 -1 4e-05 0.00039 -1 4e-05 0.00039 -1 4e-05 0.00039 -1 4e-05 0.00039 -1 4e-05 0.00039 -1 4e-05 0.00039 -1 4e-05 0.00039 -1 4e-05 0.00039 0.12936 0.80084 0.58475 0.02156 0.84769 0.53006 -0.03793 0.8674 0.49617 0.07421 0.82661 0.55786 0.18823 0.92906 -0.31846 0.04109 0.92619 -0.37482 0.08613 0.92951 -0.3586 0.24855 0.92341 -0.29247 -8e-05 0.95671 -0.29103 -8e-05 0.95372 -0.30069 -9e-05 0.95063 -0.31032 -9e-05 0.95063 -0.31032 -8e-05 0.95274 -0.30379 -8e-05 0.95671 -0.29103 -0.07265 0.18454 -0.98014 -0.18621 0.23049 -0.95509 -0.21566 0.242 -0.94601 -0.10996 0.1999 -0.97363 0.00594 -0.97168 0.23624 0.03499 -0.96921 0.24372 6e-05 -0.97207 0.2347 0.02942 -0.96975 0.2423 -0.08697 -0.25615 0.96272 -0.14192 -0.28839 0.94694 -0.05765 -0.23859 0.96941 -0.10756 -0.26834 0.9573 -1 4e-05 0.00039 -1 4e-05 0.00039 -1 4e-05 0.00039 -1 4e-05 0.00039 -1 4e-05 0.00039 -1 4e-05 0.00039 -1 4e-05 0.00039 -1 4e-05 0.00039 -1 4e-05 0.00039 -1 4e-05 0.00039 -1 4e-05 0.00039 -1 4e-05 0.00039 -1 4e-05 0.00039 -1 4e-05 0.00039 -1 4e-05 0.00039 -1 4e-05 0.00039 -1 4e-05 0.00039 -1 4e-05 0.00039 -1 4e-05 0.00039 -1 4e-05 0.00039 -1 4e-05 0.00039 -1 4e-05 0.00039 -1 4e-05 0.00039 -1 4e-05 0.00039 -1 4e-05 0.00039 -1 4e-05 0.00039 -1 4e-05 0.00039 -1 4e-05 0.00039 -0.28038 0.8701 -0.40536 -0.33015 0.86636 -0.37473 -0.26647 0.8706 -0.41358 -0.29867 0.86908 -0.39434 0.31397 0.3172 -0.89488 0.15794 0.25047 -0.95515 0.26351 0.29628 -0.91803 0.06367 0.20738 -0.97619 -0.05701 -0.98009 0.19018 -0.25992 -0.95618 0.13477 -0.29657 -0.94696 0.12374 -0.09893 -0.97877 0.17949 0.04604 -0.38552 0.92155 0.07834 -0.40738 0.90989 0.05677 -0.39285 0.91785 0.02212 -0.36896 0.92918 -0.02203 0.63045 0.77592 -0.23633 0.73212 0.63886 -0.32562 0.75968 0.56289 -0.15982 0.70127 0.69475 -1 4e-05 0.00039 -1 4e-05 0.00039 -1 4e-05 0.00039 -1 4e-05 0.00039 -1 4e-05 0.00039 -1 4e-05 0.00039 -1 4e-05 0.00039 -1 4e-05 0.00039 -1 4e-05 0.00039 -1 4e-05 0.00039 -1 4e-05 0.00039 -1 4e-05 0.00039 -1 4e-05 0.00039 -1 4e-05 0.00039 -1 4e-05 0.00039 -1 4e-05 0.00039 -1 4e-05 0.00039 -1 4e-05 0.00039 -1 4e-05 0.00039 -1 4e-05 0.00039 -1 4e-05 0.00039 -1 4e-05 0.00039 -1 4e-05 0.00039 -1 4e-05 0.00039 -1 4e-05 0.00039 0.18154 0.80376 0.56658 0.23055 0.81568 0.53057 0.12733 0.78725 0.60334 0.20121 0.8089 0.55245 0.00157 0.7691 -0.63912 0.27451 0.85745 -0.43523 0.15616 0.83116 -0.53365 -0.13842 0.68717 -0.71319 -0.08631 0.02612 -0.99593 0.18602 0.11274 -0.97606 0.1366 0.09736 -0.98583 -0.13642 0.0097 -0.9906 0.09816 -0.52674 -0.84434 0.0243 -0.49708 -0.86736 0.14955 -0.54538 -0.82474 0.06058 -0.51207 -0.8568 -0.14145 -0.98431 -0.10549 -0.02831 -0.98547 -0.16745 -0.07829 -0.98699 -0.14046 -0.17962 -0.98015 -0.08389 -1 4e-05 0.00039 -1 4e-05 0.00039 -1 4e-05 0.00039 -1 4e-05 0.00039 -1 4e-05 0.00039 -1 4e-05 0.00039 -1 4e-05 0.00039 -1 4e-05 0.00039 -1 4e-05 0.00039 -1 4e-05 0.00039 -1 4e-05 0.00039 -1 4e-05 0.00039 -1 4e-05 0.00039 -1 4e-05 0.00039 -1 4e-05 0.00039 -1 4e-05 0.00039 -1 4e-05 0.00039 -1 4e-05 0.00039 -1 4e-05 0.00039 -1 4e-05 0.00039 -1 4e-05 0.00039 -1 4e-05 0.00039 -1 4e-05 0.00039 -1 4e-05 0.00039 -1 4e-05 0.00039 -1 4e-05 0.00039 -1 4e-05 0.00039 -1 4e-05 0.00039 -1 4e-05 0.00039 -1 4e-05 0.00039 -1 4e-05 0.00039 -1 4e-05 0.00039 -1 4e-05 0.00039 -1 4e-05 0.00039 -1 4e-05 0.00039 -0.11816 0.48888 0.86431 -0.41913 0.5356 0.73311 -0.21473 0.50953 0.83323 -0.46956 0.53781 0.70019 0.30533 0.9502 -0.06237 0.13948 0.97333 -0.18216 0.23492 0.96522 -0.11471 0.02625 0.96596 -0.25734 0.0599 -0.2115 0.97554 -0.07652 -0.3004 0.95074 -0.13474 -0.33625 0.93208 -0.00453 -0.25434 0.9671 -0.16019 0.33394 -0.92888 -0.03413 0.38208 -0.9235 -0.07057 0.3689 -0.92679 -0.18739 0.32259 -0.9278 -0.67929 -0.65173 -0.33735 -0.42848 -0.72805 -0.53511 -0.54588 -0.70396 -0.45437 -0.35067 -0.7354 -0.57985 0.23752 -0.86371 0.44452 0.20684 -0.86225 0.46233 0.18555 -0.86061 0.47426 0.2254 -0.86326 0.45164 -1 4e-05 0.00039 -1 4e-05 0.00039 -1 4e-05 0.00039 -1 4e-05 0.00039 -1 4e-05 0.00039 -1 4e-05 0.00039 -1 4e-05 0.00039 -1 4e-05 0.00039 -1 4e-05 0.00039 -1 4e-05 0.00039 -1 4e-05 0.00039 -1 4e-05 0.00039 -1 4e-05 0.00039 -1 4e-05 0.00039 -1 4e-05 0.00039 -1 4e-05 0.00039 -1 4e-05 0.00039 -1 4e-05 0.00039 -1 4e-05 0.00039 -1 4e-05 0.00039 -1 4e-05 0.00039 -1 4e-05 0.00039 -1 4e-05 0.00039 -1 4e-05 0.00039 -1 4e-05 0.00039 -1 4e-05 0.00039 -1 4e-05 0.00039 -1 4e-05 0.00039 0.22849 0.40063 0.88729 0.04524 0.49273 0.86901 0.17583 0.42937 0.88585 -0.02678 0.52301 0.8519 0.08356 0.97789 0.19169 0.03214 0.98563 0.16584 0.05577 0.98249 0.17778 0.11212 0.97214 0.20583 -0.1387 0.68157 -0.71848 -0.31789 0.59147 -0.74101 -0.21 0.6494 -0.73088 -0.35785 0.56698 -0.74194 -1 4e-05 0.00039 -1 4e-05 0.00039 -1 4e-05 0.00039 -1 4e-05 0.00039 -1 4e-05 0.00039 -1 4e-05 0.00039 -1 4e-05 0.00039 -1 4e-05 0.00039 -1 4e-05 0.00039 -1 4e-05 0.00039 -1 4e-05 0.00039 -1 4e-05 0.00039 -1 4e-05 0.00039 -1 4e-05 0.00039 -1 4e-05 0.00039 -1 4e-05 0.00039 -1 4e-05 0.00039 -1 4e-05 0.00039 -1 4e-05 0.00039 -1 4e-05 0.00039 -1 4e-05 0.00039 0.12785 0.02602 0.99145 -0.04719 -0.46902 0.88193 -0.01998 -0.11667 0.99297 0.00528 -0.23291 0.97248 0.22497 -0.00646 0.97434 -0.09727 -0.49671 0.86245 0.06458 0.99224 0.10627 0.08554 0.98941 0.11729 0.07666 0.99068 0.11263 0.05354 0.9935 0.10044 0.0361 0.83045 -0.55593 0.13342 0.77027 -0.62361 -0.03931 0.86681 -0.49709 0.07096 0.81062 -0.58125 -0.27927 0.62668 0.72751 -0.1412 0.59307 0.79268 -0.19742 0.6084 0.76868 -0.09369 0.57841 0.81035 0.00326 -0.619 -0.78539 0.00108 -0.87283 -0.48802 -0.11775 -0.50382 -0.85575 0.03445 -0.7549 -0.65493 -0.11402 -0.91436 -0.38852 0.16174 -0.95134 0.26227 0.19605 -0.94102 0.27575 0.21576 -0.93442 0.28337 0.1742 -0.94776 0.2672 0.26142 0.03276 -0.96467 -0.16619 0.15345 -0.97408 -0.23265 0.17024 -0.95755 0.19962 0.05158 -0.97852 -1 4e-05 0.00039 -1 4e-05 0.00039 -1 4e-05 0.00039 -1 4e-05 0.00039 -1 4e-05 0.00039 -1 4e-05 0.00039 -1 4e-05 0.00039 -1 4e-05 0.00039 -1 4e-05 0.00039 -1 4e-05 0.00039 -1 4e-05 0.00039 -1 4e-05 0.00039 -1 4e-05 0.00039 -1 4e-05 0.00039 -1 4e-05 0.00039 -1 4e-05 0.00039 -1 4e-05 0.00039 -1 4e-05 0.00039 -1 4e-05 0.00039 -1 4e-05 0.00039 -1 4e-05 0.00039 -1 4e-05 0.00039 -1 4e-05 0.00039 -1 4e-05 0.00039 -1 4e-05 0.00039 -1 4e-05 0.00039 -1 4e-05 0.00039 -1 4e-05 0.00039 -1 4e-05 0.00039 -0.00038 -0.34729 -0.93776 0.07349 -0.3056 -0.94932 0.04352 -0.32282 -0.94546 0.12904 -0.27256 -0.95345 0.03245 0.99937 0.01433 0.24477 0.96788 0.05742 4e-05 0.99997 0.00772 0.21345 0.97562 0.05109 -0.28294 -0.9072 -0.31133 -0.20263 -0.9145 -0.35019 -0.23355 -0.91257 -0.33566 -0.30135 -0.90445 -0.30191 -0.28751 -0.53593 0.7938 -0.07623 -0.45255 0.88847 -0.34416 -0.55365 0.7583 -0.18323 -0.49801 0.84759 -1 4e-05 0.00039 -1 4e-05 0.00039 -1 4e-05 0.00039 -1 4e-05 0.00039 1 -0.00158 -0.00035 1 -4e-05 -0.00039 1 -1e-05 -0.00039 1 0.00091 -0.0003 1 0.00068 0.00012 0.99999 -0.00362 -0.00031 1 0.00013 -0.00021 1 0.00042 0.00011 1 -0.00015 -0.00039 -1 4e-05 0.00039 -1 4e-05 0.00039 -1 4e-05 0.00039 -1 4e-05 0.00037 -1 0.00086 0.0005 -1 0.00119 0.00078 -1 0.00266 0.0007 -1 -0.0001 0.00034 -1 -1e-05 0.00039 -1 4e-05 0.00039 -1 3e-05 0.00039 -1 -0.00189 0.00098 -0.99999 -0.00496 0.00216 -1 -0.0001 0.0003 -1 -3e-05 -0.00126 -0.99999 -0.00331 0.00206 -1 -0.00065 0.00109 -1 4e-05 0.00039 -1 0.00039 0.00077 -1 0.00141 0.00107 -1 4e-05 0.00039 -1 4e-05 0.00039 -1 4e-05 0.00039 -1 4e-05 0.00039 -1 4e-05 0.00039 -1 4e-05 0.00039 -1 4e-05 0.00039 -1 4e-05 0.00039 -1 4e-05 0.00039 -1 4e-05 0.00039 -1 4e-05 0.00039 -1 4e-05 0.00039 -1 4e-05 0.00039 -1 4e-05 0.00039 -1 4e-05 0.00039 -1 4e-05 0.00039 -1 4e-05 0.00039 -1 4e-05 0.00039 -1 4e-05 0.00039 -1 4e-05 0.00039 -1 0.0004 0.00039 -1 4e-05 0.00039 -1 4e-05 0.00039 -1 4e-05 0.00039 -1 4e-05 0.00039 -1 4e-05 0.00039 -1 4e-05 0.00039 -1 0.0006 0.0004 -1 4e-05 0.00039 -1 4e-05 0.00039 -1 4e-05 0.00039 -1 4e-05 0.00039 -1 4e-05 0.00039 -1 4e-05 0.00039 -1 4e-05 0.00039 -1 4e-05 0.00039 -1 4e-05 0.00039 -1 4e-05 0.00039 -1 4e-05 0.00039 -1 4e-05 0.00039 -1 4e-05 0.00039 -1 4e-05 0.00039 -1 4e-05 0.00039 -1 0.001 0.00043 -1 4e-05 0.00039 -1 4e-05 0.00039 -1 0.00051 0.00038 -1 4e-05 0.00039 -1 4e-05 0.00039 -1 4e-05 0.00039 -1 4e-05 0.00039 -1 4e-05 0.00039 -1 4e-05 0.00039 -1 4e-05 0.00039 -1 4e-05 0.00039 -1 4e-05 0.00039 -1 4e-05 0.00039 -1 4e-05 0.00039 -1 4e-05 0.00039 -1 4e-05 0.00039 -1 4e-05 0.00039 -1 4e-05 0.00039 -1 4e-05 0.00039 -1 4e-05 0.00039 -1 4e-05 0.00039 -1 4e-05 0.00039 -1 4e-05 0.00039 -1 4e-05 0.00039 -1 4e-05 0.00039 -1 4e-05 0.00039 -1 4e-05 0.00039 -1 4e-05 0.00039 -1 4e-05 0.00039 -1 4e-05 0.00039 -1 4e-05 0.00039 -1 4e-05 0.00039 -1 4e-05 0.00039 -1 4e-05 0.00039 -1 4e-05 0.00039 -1 4e-05 0.00039 -1 4e-05 0.00039 -1 4e-05 0.00039 -1 4e-05 0.00039 -1 4e-05 0.00039 -1 4e-05 0.00039 -1 0.00014 0.0006 -1 -1e-05 0.00051 -1 2e-05 0.00042 -1 -8e-05 0.00042 -1 4e-05 0.00039 -1 4e-05 0.00039 -1 4e-05 0.00039 -1 4e-05 0.00039 -1 4e-05 0.00039 -1 4e-05 0.00039 -1 4e-05 0.00039 -1 4e-05 0.00039 -1 4e-05 0.00039 -1 4e-05 0.00039 -1 4e-05 0.00039 -1 4e-05 0.00039 -1 4e-05 0.00039 -1 4e-05 0.00039 -1 4e-05 0.00039 -1 4e-05 0.00039 -1 4e-05 0.00039 -1 4e-05 0.00039 -1 0.00034 0.00037 -1 4e-05 0.00039 -1 4e-05 0.00039 -1 4e-05 0.00039 -1 4e-05 0.00039 -1 4e-05 0.00039 -1 4e-05 0.00039 -1 4e-05 0.00039 -1 4e-05 0.00039 -1 4e-05 0.00039 -1 0.00082 0.00042 -1 4e-05 0.00039 -1 4e-05 0.00039 -1 4e-05 0.00039 -1 4e-05 0.00039 -1 4e-05 0.00039 -1 4e-05 0.00039 -1 4e-05 0.00039 -1 4e-05 0.00039 -1 4e-05 0.00039 -1 4e-05 0.00039 -1 4e-05 0.00039 -1 -0.00095 0.00033 -1 4e-05 0.00039 -1 4e-05 0.00039 -1 4e-05 0.00039 -1 0.00046 0.00039 -1 4e-05 0.00039 -1 4e-05 0.00039 -1 4e-05 0.00039 -1 4e-05 0.00039 -1 4e-05 0.00039 -1 4e-05 0.00039 -1 4e-05 0.00039 -1 0.00079 0.0004 -1 0.00066 0.00047 -1 4e-05 0.00039 -1 4e-05 0.00039 -1 4e-05 0.00039 -1 4e-05 0.00039 -1 4e-05 0.00039 -1 4e-05 0.00039 -1 4e-05 0.00039 -1 4e-05 0.00039 -1 4e-05 0.00039 -1 4e-05 0.00039 -1 4e-05 0.00039 -1 -0.00144 0.00051 -1 0.00145 0.00044 -1 0.00111 0.00044 -1 4e-05 0.00039 -1 4e-05 0.00039 -1 4e-05 0.00039 -1 4e-05 0.00039 -1 0.00042 0.00037 -1 4e-05 0.00039 -1 4e-05 0.00039 -1 4e-05 0.00039 -1 4e-05 0.00039 -1 4e-05 0.00039 -1 4e-05 0.00039 -1 4e-05 0.00039 -1 4e-05 0.00039 -1 4e-05 0.00039 -1 4e-05 0.00039 -1 0.00045 0.00038 -1 4e-05 0.00039 -1 4e-05 0.00039 -1 4e-05 0.00039 -1 4e-05 0.00039 -1 4e-05 0.00039 -1 4e-05 0.00039 -1 4e-05 0.00039 -1 4e-05 0.00039 -1 4e-05 0.00039 -1 4e-05 0.00039 -1 4e-05 0.00039 -1 4e-05 0.00039 -1 4e-05 0.00039 -1 6e-05 0.00037 -1 4e-05 0.00039 -1 4e-05 0.00039 -1 4e-05 0.00039 -1 4e-05 0.00039 -1 4e-05 0.00039 -1 4e-05 0.00039 -1 4e-05 0.00039 -1 4e-05 0.00039 -1 4e-05 0.00039 -1 4e-05 0.00039 -1 4e-05 0.00039 -1 0.00063 0.00039 -1 4e-05 0.00039 -1 4e-05 0.00039 -1 4e-05 0.00039 -1 4e-05 0.00039 -1 4e-05 0.00039 -1 4e-05 0.00039 -1 4e-05 0.00039 -1 4e-05 0.00039 -1 4e-05 0.00039 -1 4e-05 0.00039 -1 4e-05 0.00039 -1 4e-05 0.00039 -1 4e-05 0.00039 -1 4e-05 0.00039 -1 4e-05 0.00039 -1 4e-05 0.00039 -1 4e-05 0.00039 -1 4e-05 0.00039 -1 4e-05 0.00039 -1 4e-05 0.00039 -1 4e-05 0.00039 -1 4e-05 0.00039 -1 4e-05 0.00039 -1 4e-05 0.00039 -1 4e-05 0.00039 -1 4e-05 0.00039 -1 4e-05 0.00039 -1 4e-05 0.00039 -1 4e-05 0.00039 -1 4e-05 0.00039 -1 4e-05 0.00039 -1 4e-05 0.00039 -1 4e-05 0.00039 -1 4e-05 0.00039 -1 4e-05 0.00039 -1 4e-05 0.00039 -1 4e-05 0.00039 -1 4e-05 0.00039 -1 4e-05 0.00039 -1 4e-05 0.00039 -1 4e-05 0.00039 -1 4e-05 0.00039 -1 4e-05 0.00039 -1 4e-05 0.00039 -1 4e-05 0.00039 -0.78958 -0.30072 -0.53491 -0.78958 -0.30072 -0.53491 -0.78958 -0.30072 -0.53491 0.98597 -0.00147 0.16689 0.98597 -0.00147 0.16689 0.98597 -0.00147 0.16689 -0.96602 0.00083 -0.25845 -0.96602 0.00083 -0.25845 -0.96602 0.00083 -0.25845 -0.97 -0.07171 -0.23227 -0.97 -0.07171 -0.23227 -0.97 -0.07171 -0.23227 0.94478 -0.20952 -0.25197 0.94478 -0.20952 -0.25197 0.94478 -0.20952 -0.25197 0.63552 0.23894 -0.73418 0.63552 0.23894 -0.73418 0.63552 0.23894 -0.73418 -0.56938 0.11977 -0.8133 -0.56938 0.11977 -0.8133 -0.56938 0.11977 -0.8133 -0.99217 -0.03167 0.1208 -0.99217 -0.03167 0.1208 -0.99217 -0.03167 0.1208 0.53587 -0.03643 -0.84351 0.53587 -0.03643 -0.84351 0.53587 -0.03643 -0.84351 -0.75181 -0.16458 -0.6385 -0.75181 -0.16458 -0.6385 -0.75181 -0.16458 -0.6385 0.62008 -0.78454 -0.00268 0.62008 -0.78454 -0.00268 0.62008 -0.78454 -0.00268 -0.33954 0.13962 -0.93017 -0.33954 0.13962 -0.93017 -0.33954 0.13962 -0.93017 0.40041 -0.12421 -0.90788 0.40041 -0.12421 -0.90788 0.40041 -0.12421 -0.90788 -0.22484 -0.33214 -0.91604 -0.22484 -0.33214 -0.91604 -0.22484 -0.33214 -0.91604 0.27512 -0.87498 -0.39839 0.27512 -0.87498 -0.39839 0.27512 -0.87498 -0.39839 -0.45569 -0.87378 -0.16988 -0.45569 -0.87378 -0.16988 -0.45569 -0.87378 -0.16988 0.57259 -0.04266 0.81873 0.57259 -0.04266 0.81873 0.57259 -0.04266 0.81873 -0.51574 -0.25142 0.81902 -0.51574 -0.25142 0.81902 -0.51574 -0.25142 0.81902 -4e-05 -1 -0.00307 -4e-05 -1 -0.00307 -4e-05 -1 -0.00307 0.72076 0.0576 0.69079 0.72076 0.0576 0.69079 0.72076 0.0576 0.69079 0.00039 -0.00307 1 0.00039 -0.00307 1 0.00039 -0.00307 1 0.13566 0.99075 0.00299 0.13566 0.99075 0.00299 0.13566 0.99075 0.00299 0.06865 -0.15167 -0.98604 0.06865 -0.15167 -0.98604 0.06865 -0.15167 -0.98604 0.82722 -0.00199 -0.56187 0.82722 -0.00199 -0.56187 0.82722 -0.00199 -0.56187 0.54188 0.83945 0.04105 0.54188 0.83945 0.04105 0.54188 0.83945 0.04105 -0.16392 0.64855 0.74331 -0.16392 0.64855 0.74331 -0.16392 0.64855 0.74331 -0.20589 0.93202 0.29823 -0.20589 0.93202 0.29823 -0.20589 0.93202 0.29823 -0.09244 0.99438 -0.05168 -0.09244 0.99438 -0.05168 -0.09244 0.99438 -0.05168 0.52994 0.80051 -0.2799 0.52994 0.80051 -0.2799 0.52994 0.80051 -0.2799 0.00449 0.72394 -0.68985 0.00449 0.72394 -0.68985 0.00449 0.72394 -0.68985 -0.18778 -0.98088 0.05104 -0.18778 -0.98088 0.05104 -0.18778 -0.98088 0.05104 -0.07768 -0.79287 -0.60442 -0.07768 -0.79287 -0.60442 -0.07768 -0.79287 -0.60442 -0.22878 -0.81735 0.52877 -0.22878 -0.81735 0.52877 -0.22878 -0.81735 0.52877 0.61963 -0.67467 -0.40109 0.61963 -0.67467 -0.40109 0.61963 -0.67467 -0.40109 -0.05621 -0.55 -0.83327 -0.05621 -0.55 -0.83327 -0.05621 -0.55 -0.83327 0.15291 -0.95728 -0.24541 0.15291 -0.95728 -0.24541 0.15291 -0.95728 -0.24541 0.43237 -0.84955 0.30221 0.43237 -0.84955 0.30221 0.43237 -0.84955 0.30221 4e-05 1 0.00307 4e-05 1 0.00307 4e-05 1 0.00307 0.80325 0.2407 -0.54484 0.80325 0.2407 -0.54484 0.80325 0.2407 -0.54484 -0.00039 0.07159 -0.99743 -0.00039 0.07159 -0.99743 -0.00039 0.07159 -0.99743 -0.53008 0.0098 0.84789 -0.53008 0.0098 0.84789 -0.53008 0.0098 0.84789 0.29257 -0.95562 -0.03466 0.29257 -0.95562 -0.03466 0.29257 -0.95562 -0.03466 0.29707 -0.57415 -0.76295 0.29707 -0.57415 -0.76295 0.29707 -0.57415 -0.76295 -0.25482 -0.79986 -0.54341 -0.25482 -0.79986 -0.54341 -0.25482 -0.79986 -0.54341 -0.42022 -0.88667 0.19295 -0.42022 -0.88667 0.19295 -0.42022 -0.88667 0.19295 -0.00039 -0.01154 -0.99993 -0.00039 -0.01154 -0.99993 -0.00039 -0.01154 -0.99993 0.67719 -0.64859 -0.34749 0.67719 -0.64859 -0.34749 0.67719 -0.64859 -0.34749 0.59706 -0.7019 -0.3884 0.59706 -0.7019 -0.3884 0.59706 -0.7019 -0.3884 -4e-05 -1 -0.00307 -4e-05 -1 -0.00307 -4e-05 -1 -0.00307 -0.2526 0.11352 0.96089 -0.2526 0.11352 0.96089 -0.2526 0.11352 0.96089 -0.27338 -0.93699 0.21754 -0.27338 -0.93699 0.21754 -0.27338 -0.93699 0.21754 0.39964 -0.71145 0.57803 0.39964 -0.71145 0.57803 0.39964 -0.71145 0.57803 0.00034 -0.41454 0.91003 0.00034 -0.41454 0.91003 0.00034 -0.41454 0.91003 0.00012 -0.92284 0.38517 0.00012 -0.92284 0.38517 0.00012 -0.92284 0.38517 0.59552 -0.79299 0.12853 0.59552 -0.79299 0.12853 0.59552 -0.79299 0.12853 0.15466 -0.29198 -0.94384 0.15466 -0.29198 -0.94384 0.15466 -0.29198 -0.94384 -0.45983 -0.44348 -0.76934 -0.45983 -0.44348 -0.76934 -0.45983 -0.44348 -0.76934 -0.08122 -0.9666 -0.24308 -0.08122 -0.9666 -0.24308 -0.08122 -0.9666 -0.24308 -0.00038 -0.31099 -0.95041 -0.00038 -0.31099 -0.95041 -0.00038 -0.31099 -0.95041 4e-05 1 0.00307 4e-05 1 0.00307 4e-05 1 0.00307 0.79486 0.09336 -0.59957 0.79486 0.09336 -0.59957 0.79486 0.09336 -0.59957 -0.00039 0.00307 -1 -0.00039 0.00307 -1 -0.00039 0.00307 -1 -0.1154 0.94748 -0.29828 -0.1154 0.94748 -0.29828 -0.1154 0.94748 -0.29828 0.4587 0.88398 -0.09036 0.4587 0.88398 -0.09036 0.4587 0.88398 -0.09036 0.10495 0.65831 0.74539 0.10495 0.65831 0.74539 0.10495 0.65831 0.74539 -0.46856 0.79875 0.37742 -0.46856 0.79875 0.37742 -0.46856 0.79875 0.37742 0.60314 -0.78736 0.12761 0.60314 -0.78736 0.12761 0.60314 -0.78736 0.12761 -0.05698 -0.97547 -0.21261 -0.05698 -0.97547 -0.21261 -0.05698 -0.97547 -0.21261 -0.0145 -0.91448 0.40436 -0.0145 -0.91448 0.40436 -0.0145 -0.91448 0.40436 -1 4e-05 0.00039 -1 4e-05 0.00039 -1 4e-05 0.00039 0.00038 0.33638 0.94173 0.00038 0.33638 0.94173 0.00038 0.33638 0.94173 -0.7633 0.15181 0.62796 -0.7633 0.15181 0.62796 -0.7633 0.15181 0.62796 4e-05 1 0.00307 4e-05 1 0.00307 4e-05 1 0.00307 0.85648 -0.12128 -0.50172 0.85648 -0.12128 -0.50172 0.85648 -0.12128 -0.50172 -0.00038 -0.35852 -0.93352 -0.00038 -0.35852 -0.93352 -0.00038 -0.35852 -0.93352 -0.14338 0.96556 0.21712 -0.14338 0.96556 0.21712 -0.14338 0.96556 0.21712 -0.08152 0.99643 -0.02184 -0.08152 0.99643 -0.02184 -0.08152 0.99643 -0.02184 0.00036 0.46073 0.88754 0.00036 0.46073 0.88754 0.00036 0.46073 0.88754 -0.68494 0.70589 -0.1805 -0.68494 0.70589 -0.1805 -0.68494 0.70589 -0.1805 -0.21494 -0.00936 -0.97658 -0.21494 -0.00936 -0.97658 -0.21494 -0.00936 -0.97658 0.00039 0.24302 0.97002 0.00039 0.24302 0.97002 0.00039 0.24302 0.97002 0.21494 0.00936 0.97658 0.21494 0.00936 0.97658 0.21494 0.00936 0.97658 4e-05 1 0.00307 4e-05 1 0.00307 4e-05 1 0.00307 0.79486 0.09336 -0.59957 0.79486 0.09336 -0.59957 0.79486 0.09336 -0.59957 -0.00039 0.00307 -1 -0.00039 0.00307 -1 -0.00039 0.00307 -1 -0.14248 -0.68347 -0.71594 -0.14248 -0.68347 -0.71594 -0.14248 -0.68347 -0.71594 -0.63478 0.48963 0.59776 -0.63478 0.48963 0.59776 -0.63478 0.48963 0.59776 0.00039 0.00864 0.99996 0.00039 0.00864 0.99996 0.00039 0.00864 0.99996 4e-05 1 0.00307 4e-05 1 0.00307 4e-05 1 0.00307 0.79878 0.0938 -0.59427 0.79878 0.0938 -0.59427 0.79878 0.0938 -0.59427 -0.00039 0.00307 -1 -0.00039 0.00307 -1 -0.00039 0.00307 -1 -0.18476 -0.48357 0.85558 -0.18476 -0.48357 0.85558 -0.18476 -0.48357 0.85558 0.42435 0.64978 0.63065 0.42435 0.64978 0.63065 0.42435 0.64978 0.63065 -0.25638 0.89403 0.36741 -0.25638 0.89403 0.36741 -0.25638 0.89403 0.36741 -0.20921 -0.97204 -0.10665 -0.20921 -0.97204 -0.10665 -0.20921 -0.97204 -0.10665 -0.10976 -0.72866 0.67602 -0.10976 -0.72866 0.67602 -0.10976 -0.72866 0.67602 0.41075 -0.85335 0.32105 0.41075 -0.85335 0.32105 0.41075 -0.85335 0.32105 0.12819 -0.7739 -0.6202 0.12819 -0.7739 -0.6202 0.12819 -0.7739 -0.6202 0.06863 -0.91806 0.39046 0.06863 -0.91806 0.39046 0.06863 -0.91806 0.39046 0.35405 0.13345 0.92566 0.35405 0.13345 0.92566 0.35405 0.13345 0.92566 0.41314 -0.11375 0.90354 0.41314 -0.11375 0.90354 0.41314 -0.11375 0.90354 0.46755 -0.81474 0.34292 0.46755 -0.81474 0.34292 0.46755 -0.81474 0.34292 -0.46107 -0.59692 -0.65658 -0.46107 -0.59692 -0.65658 -0.46107 -0.59692 -0.65658 0.20372 -0.8667 -0.45533 0.20372 -0.8667 -0.45533 0.20372 -0.8667 -0.45533 -0.15948 -0.9872 -0.00033 -0.15948 -0.9872 -0.00033 -0.15948 -0.9872 -0.00033 -0.3569 -0.6313 0.68854 -0.3569 -0.6313 0.68854 -0.3569 -0.6313 0.68854 -0.12418 0.06797 0.98993 -0.12418 0.06797 0.98993 -0.12418 0.06797 0.98993 -4e-05 -1 -0.00307 -4e-05 -1 -0.00307 -4e-05 -1 -0.00307 0.77727 0.06249 0.62606 0.77727 0.06249 0.62606 0.77727 0.06249 0.62606 0.00039 -0.00307 1 0.00039 -0.00307 1 0.00039 -0.00307 1 -0.00039 -0.1792 -0.98381 -0.00039 -0.1792 -0.98381 -0.00039 -0.1792 -0.98381 0.82715 -0.01226 -0.56185 0.82715 -0.01226 -0.56185 0.82715 -0.01226 -0.56185 -0.03858 0.23116 -0.97215 -0.03858 0.23116 -0.97215 -0.03858 0.23116 -0.97215 0.24271 0.96974 -0.02639 0.24271 0.96974 -0.02639 0.24271 0.96974 -0.02639 -0.59871 0.00066 -0.80096 -0.59871 0.00066 -0.80096 -0.59871 0.00066 -0.80096 -0.11227 -0.21364 -0.97044 -0.11227 -0.21364 -0.97044 -0.11227 -0.21364 -0.97044 -0.4789 -0.56152 0.67479 -0.4789 -0.56152 0.67479 -0.4789 -0.56152 0.67479 0.00019 -0.82764 0.56126 0.00019 -0.82764 0.56126 0.00019 -0.82764 0.56126 0.15895 -0.86102 -0.48309 0.15895 -0.86102 -0.48309 0.15895 -0.86102 -0.48309 -0.43595 -0.69233 -0.57501 -0.43595 -0.69233 -0.57501 -0.43595 -0.69233 -0.57501 0.33032 -0.22534 0.91658 0.33032 -0.22534 0.91658 0.33032 -0.22534 0.91658 -0.36544 0.13339 0.92123 -0.36544 0.13339 0.92123 -0.36544 0.13339 0.92123 0.14061 0.35345 0.92482 0.14061 0.35345 0.92482 0.14061 0.35345 0.92482 0.10645 0.99197 0.06824 0.10645 0.99197 0.06824 0.10645 0.99197 0.06824 -0.14988 0.21759 0.96446 -0.14988 0.21759 0.96446 -0.14988 0.21759 0.96446 -0.16518 0.98603 0.02149 -0.16518 0.98603 0.02149 -0.16518 0.98603 0.02149 0.39211 0.01233 0.91984 0.39211 0.01233 0.91984 0.39211 0.01233 0.91984 -0.34021 -0.43177 0.83536 -0.34021 -0.43177 0.83536 -0.34021 -0.43177 0.83536 0.15184 -0.7489 0.64505 0.15184 -0.7489 0.64505 0.15184 -0.7489 0.64505 0.11139 -0.3139 -0.9429 0.11139 -0.3139 -0.9429 0.11139 -0.3139 -0.9429 -0.15892 -0.14212 0.97701 -0.15892 -0.14212 0.97701 -0.15892 -0.14212 0.97701 0.43883 -0.5003 0.74641 0.43883 -0.5003 0.74641 0.43883 -0.5003 0.74641 0.31006 -0.92436 -0.22231 0.31006 -0.92436 -0.22231 0.31006 -0.92436 -0.22231 -0.50248 -0.82166 0.26905 -0.50248 -0.82166 0.26905 -0.50248 -0.82166 0.26905 -0.3734 -0.40692 -0.83366 -0.3734 -0.40692 -0.83366 -0.3734 -0.40692 -0.83366 0.30497 -0.14646 -0.94103 0.30497 -0.14646 -0.94103 0.30497 -0.14646 -0.94103 0.14351 -0.8975 0.41701 0.14351 -0.8975 0.41701 0.14351 -0.8975 0.41701</float_array>
          <technique_common>
            <accessor count="2808" source="#g0_chrome-nrm-array" stride="3">
              <param type="float" name="X"/>
              <param type="float" name="Y"/>
              <param type="float" name="Z"/>
            </accessor>
          </technique_common>
        </source>
        <vertices id="g0_chrome-pos-vertices">
          <input semantic="POSITION" source="#g0_chrome-pos"/>
        </vertices>
        <triangles count="2538" material="chrome-ref">
          <input offset="0" semantic="VERTEX" source="#g0_chrome-pos-vertices"/>
          <input offset="1" semantic="NORMAL" source="#g0_chrome-nrm"/>
          <p>497 497 472 472 457 457 484 484 436 436 437 437 480 480 428 428 460 460 477 477 427 427 449 449 486 486 452 452 479 479 474 474 419 419 445 445 490 490 451 451 476 476 471 471 426 426 490 490 466 466 429 429 447 447 461 461 424 424 439 439 491 491 449 449 453 453 458 458 459 459 493 493 485 485 455 455 443 443 493 493 459 459 470 470 462 462 441 441 466 466 489 489 439 439 462 462 489 489 461 461 439 439 440 440 282 282 409 409 441 441 409 409 429 429 501 501 611 611 504 504 425 425 426 426 471 471 447 447 410 410 458 458 443 443 407 407 277 277 428 428 299 299 460 460 450 450 278 278 425 425 441 441 440 440 409 409 445 445 403 403 448 448 406 406 414 414 262 262 479 479 435 435 464 464 474 474 445 445 448 448 482 482 413 413 434 434 463 463 433 433 446 446 419 419 416 416 445 445 417 417 276 276 454 454 470 470 431 431 419 419 454 454 276 276 414 414 434 434 413 413 267 267 433 433 432 432 412 412 436 436 406 406 423 423 428 428 402 402 275 275 435 435 267 267 404 404 430 430 510 510 280 280 449 449 274 274 453 453 448 448 403 403 278 278 436 436 414 414 406 406 444 444 420 420 418 418 438 438 297 297 298 298 451 451 270 270 442 442 453 453 402 402 428 428 383 383 382 382 395 395 395 395 380 380 383 383 395 395 382 382 381 381 284 284 300 300 356 356 442 442 272 272 432 432 254 254 401 401 405 405 400 400 399 399 267 267 386 386 371 371 387 387 390 390 389 389 372 372 372 372 389 389 384 384 385 385 398 398 373 373 423 423 406 406 268 268 404 404 399 399 400 400 505 505 612 612 502 502 442 442 271 271 272 272 426 426 269 269 411 411 264 264 425 425 278 278 419 419 421 421 265 265 410 410 258 258 421 421 431 431 421 421 419 419 420 420 408 408 509 509 447 447 473 473 498 498 488 488 489 489 500 500 474 474 508 508 470 470 481 481 494 494 463 463 470 470 508 508 493 493 475 475 503 503 474 474 490 490 503 503 478 478 456 456 492 492 487 487 456 456 496 496 492 492 472 472 497 497 496 496 436 436 484 484 483 483 466 466 498 498 489 489 465 465 488 488 497 497 471 471 490 490 478 478 467 467 494 494 476 476 456 456 487 487 443 443 465 465 497 497 457 457 465 465 461 461 488 488 479 479 505 505 502 502 430 430 465 465 457 457 424 424 461 461 465 465 431 431 470 470 459 459 433 433 463 463 467 467 452 452 486 486 434 434 455 455 469 469 437 437 440 440 462 462 439 439 480 480 495 495 491 491 442 442 467 467 476 476 485 485 507 507 506 506 485 485 506 506 484 484 485 485 487 487 507 507 488 488 500 500 497 497 493 493 508 508 498 498 477 477 491 491 505 505 484 484 506 506 483 483 502 502 501 501 486 486 505 505 464 464 477 477 489 489 462 462 466 466 479 479 464 464 505 505 502 502 608 608 501 501 624 624 497 497 500 500 621 621 496 496 497 497 504 504 494 494 501 501 617 617 499 499 506 506 503 503 475 475 478 478 506 506 499 499 483 483 486 486 479 479 502 502 487 487 492 492 507 507 474 474 503 503 508 508 489 489 498 498 500 500 490 490 504 504 503 503 496 496 507 507 492 492 495 495 499 499 616 616 498 498 466 466 447 447 460 460 499 499 495 495 454 454 483 483 499 499 469 469 485 485 484 484 443 443 487 487 485 485 498 498 473 473 493 493 501 501 481 481 482 482 488 488 461 461 489 489 494 494 467 467 463 463 300 300 284 284 249 249 474 474 448 448 475 475 473 473 458 458 493 493 456 456 472 472 496 496 501 501 482 482 486 486 494 494 481 481 501 501 504 504 490 490 476 476 504 504 476 476 494 494 329 329 323 323 327 327 361 361 353 353 354 354 359 359 361 361 360 360 286 286 354 354 353 353 286 286 215 215 354 354 315 315 328 328 337 337 334 334 325 325 336 336 315 315 326 326 328 328 335 335 336 336 324 324 364 364 354 354 355 355 326 326 320 320 328 328 326 326 324 324 320 320 325 325 322 322 324 324 322 322 325 325 327 327 320 320 333 333 328 328 333 333 330 330 328 328 323 323 329 329 321 321 324 324 336 336 325 325 285 285 355 355 354 354 335 335 339 339 342 342 334 334 336 336 342 342 337 337 340 340 335 335 335 335 340 340 339 339 338 338 342 342 341 341 353 353 288 288 287 287 287 287 286 286 353 353 354 354 215 215 285 285 324 324 326 326 335 335 355 355 284 284 356 356 355 355 285 285 284 284 327 327 334 334 329 329 326 326 315 315 335 335 355 355 368 368 364 364 356 356 370 370 368 368 368 368 355 355 356 356 290 290 316 316 317 317 343 343 337 337 349 349 309 309 308 308 307 307 295 295 294 294 308 308 317 317 301 301 290 290 321 321 303 303 301 301 321 321 304 304 303 303 304 304 321 321 329 329 301 301 317 317 321 321 346 346 342 342 339 339 310 310 313 313 311 311 310 310 311 311 312 312 307 307 308 308 306 306 306 306 308 308 294 294 308 308 296 296 295 295 308 308 309 309 296 296 297 297 296 296 310 310 4 4 3 3 599 599 318 318 323 323 321 321 325 325 334 334 327 327 332 332 333 333 320 320 338 338 329 329 334 334 335 335 315 315 337 337 337 337 328 328 330 330 331 331 319 319 316 316 319 319 318 318 316 316 318 318 321 321 317 317 334 334 342 342 338 338 323 323 322 322 327 327 343 343 351 351 345 345 344 344 346 346 347 347 345 345 348 348 346 346 351 351 352 352 348 348 346 346 348 348 347 347 348 348 345 345 351 351 387 387 394 394 391 391 391 391 386 386 387 387 388 388 384 384 389 389 386 386 391 391 390 390 384 384 388 388 398 398 389 389 392 392 388 388 390 390 391 391 392 392 389 389 390 390 392 392 391 391 394 394 392 392 393 393 388 388 392 392 388 388 397 397 398 398 372 372 369 369 365 365 369 369 363 363 365 365 368 368 366 366 364 364 365 365 363 363 366 366 367 367 375 375 363 363 362 362 360 360 361 361 353 353 361 361 359 359 377 377 387 387 370 370 356 356 300 300 377 377 283 283 282 282 378 378 282 282 379 379 378 378 398 398 385 385 384 384 372 372 386 386 390 390 395 395 379 379 380 380 394 394 378 378 379 379 387 387 377 377 378 378 354 354 364 364 361 361 378 378 394 394 387 387 379 379 395 395 394 394 392 392 395 395 393 393 393 393 396 396 397 397 395 395 396 396 393 393 395 395 392 392 394 394 397 397 388 388 393 393 349 349 350 350 343 343 378 378 377 377 300 300 283 283 300 300 249 249 378 378 300 300 283 283 370 370 356 356 377 377 385 385 373 373 374 374 371 371 370 370 387 387 360 360 362 362 376 376 337 337 343 343 340 340 379 379 282 282 380 380 340 340 346 346 339 339 342 342 344 344 341 341 340 340 345 345 346 346 340 340 343 343 345 345 343 343 350 350 351 351 342 342 346 346 344 344 330 330 349 349 337 337 336 336 335 335 342 342 362 362 363 363 376 376 365 365 386 386 372 372 369 369 385 385 374 374 365 365 371 371 386 386 367 367 374 374 375 375 384 384 385 385 372 372 385 385 369 369 372 372 371 371 366 366 370 370 374 374 367 367 369 369 411 411 451 451 490 490 376 376 363 363 375 375 361 361 364 364 362 362 364 364 366 366 362 362 362 362 366 366 363 363 363 363 369 369 367 367 368 368 370 370 366 366 366 366 371 371 365 365 508 508 631 631 630 630 609 609 610 610 501 501 628 628 498 498 508 508 586 586 585 585 2 2 10 10 597 597 588 588 592 592 3 3 590 590 587 587 9 9 13 13 508 508 629 629 628 628 508 508 630 630 629 629 612 612 608 608 502 502 608 608 609 609 501 501 515 515 561 561 539 539 563 563 562 562 561 561 565 565 564 564 562 562 565 565 567 567 564 564 566 566 568 568 567 567 569 569 570 570 568 568 568 568 566 566 569 569 500 500 625 625 624 624 497 497 622 622 621 621 507 507 496 496 621 621 505 505 613 613 612 612 495 495 615 615 614 614 491 491 495 495 614 614 620 620 506 506 507 507 619 619 618 618 506 506 506 506 618 618 617 617 567 567 565 565 566 566 497 497 624 624 623 623 621 621 620 620 507 507 614 614 505 505 491 491 495 495 616 616 615 615 620 620 619 619 506 506 617 617 616 616 499 499 505 505 614 614 613 613 543 543 542 542 545 545 498 498 628 628 627 627 497 497 623 623 622 622 498 498 627 627 625 625 508 508 503 503 631 631 635 635 634 634 310 310 509 509 408 408 634 634 310 310 408 408 297 297 546 546 545 545 547 547 503 503 504 504 632 632 541 541 540 540 542 542 512 512 514 514 511 511 513 513 539 539 514 514 398 398 516 516 512 512 517 517 396 396 519 519 521 521 519 519 520 520 545 545 544 544 543 543 545 545 546 546 544 544 634 634 408 408 310 310 575 575 577 577 576 576 578 578 579 579 577 577 580 580 581 581 579 579 579 579 578 578 580 580 577 577 575 575 578 578 574 574 573 573 575 575 572 572 571 571 573 573 570 570 569 569 571 571 632 632 631 631 503 503 282 282 281 281 380 380 380 380 280 280 510 510 281 281 280 280 380 380 635 635 310 310 312 312 571 571 572 572 570 570 573 573 574 574 572 572 575 575 576 576 574 574 70 70 59 59 53 53 102 102 60 60 28 28 72 72 34 34 23 23 74 74 38 38 86 86 77 77 35 35 19 19 66 66 36 36 54 54 48 48 27 27 40 40 77 77 19 19 46 46 52 52 18 18 63 63 45 45 20 20 25 25 69 69 64 64 33 33 98 98 72 72 60 60 81 81 46 46 68 68 95 95 35 35 77 77 93 93 41 41 30 30 91 91 26 26 83 83 11 11 10 10 588 588 3 3 592 592 599 599 65 65 29 29 49 49 65 65 92 92 39 39 55 55 11 11 32 32 37 37 21 21 15 15 36 36 13 13 22 22 53 53 33 33 34 34 39 39 3 3 29 29 55 55 10 10 11 11 36 36 5 5 13 13 587 587 13 13 5 5 76 76 25 25 42 42 61 61 45 45 25 25 83 83 26 26 31 31 44 44 20 20 45 45 49 49 29 29 41 41 29 29 4 4 41 41 43 43 10 10 55 55 17 17 2 2 582 582 9 9 594 594 607 607 607 607 593 593 15 15 584 584 606 606 16 16 600 600 590 590 14 14 603 603 583 583 5 5 14 14 0 0 591 591 5 5 583 583 587 587 10 10 17 17 597 597 602 602 601 601 6 6 17 17 582 582 597 597 15 15 9 9 607 607 605 605 0 0 7 7 602 602 6 6 8 8 501 501 610 610 611 611 633 633 632 632 504 504 500 500 498 498 625 625 633 633 504 504 611 611 3 3 14 14 590 590 598 598 586 586 2 2 7 7 606 606 595 595 591 591 0 0 605 605 9 9 587 587 594 594 593 593 626 626 15 15 2 2 1 1 598 598 626 626 598 598 15 15 606 606 7 7 12 12 547 547 548 548 546 546 8 8 589 589 602 602 604 604 603 603 5 5 11 11 588 588 596 596 584 584 16 16 596 596 591 591 600 600 14 14 606 606 12 12 16 16 7 7 595 595 605 605 405 405 477 477 464 464 437 437 436 436 423 423 407 407 443 443 455 455 444 444 418 418 457 457 411 411 490 490 426 426 510 510 457 457 418 418 280 280 424 424 430 430 421 421 459 459 458 458 405 405 464 464 435 435 435 435 479 479 452 452 414 414 468 468 454 454 510 510 430 430 457 457 422 422 417 417 460 460 408 408 444 444 472 472 401 401 477 477 405 405 414 414 436 436 468 468 415 415 455 455 437 437 278 278 450 450 448 448 397 397 396 396 517 517 273 273 413 413 446 446 399 399 404 404 267 267 400 400 435 435 404 404 400 400 405 405 435 435 280 280 281 281 424 424 520 520 523 523 521 521 519 519 521 521 518 518 519 519 518 518 517 517 401 401 427 427 477 477 516 516 398 398 397 397 397 397 517 517 516 516 373 373 398 398 512 512 539 539 513 513 515 515 438 438 472 472 456 456 432 432 467 467 442 442 432 432 433 433 467 467 455 455 485 485 469 469 454 454 468 468 483 483 460 460 495 495 480 480 419 419 474 474 470 470 450 450 475 475 448 448 446 446 481 481 463 463 434 434 486 486 482 482 428 428 480 480 453 453 437 437 469 469 484 484 449 449 491 491 477 477 440 440 441 441 462 462 429 429 466 466 441 441 451 451 442 442 476 476 458 458 473 473 447 447 413 413 482 482 446 446 417 417 454 454 460 460 444 444 457 457 472 472 425 425 478 478 450 450 431 431 459 459 421 421 277 277 456 456 443 443 298 298 472 472 438 438 281 281 439 439 424 424 270 270 451 451 411 411 299 299 422 422 460 460 297 297 438 438 456 456 412 412 446 446 433 433 408 408 472 472 298 298 429 429 249 249 410 410 434 434 435 435 452 452 454 454 499 499 460 460 436 436 483 483 468 468 450 450 478 478 475 475 425 425 471 471 478 478 482 482 481 481 446 446 453 453 480 480 491 491 526 526 527 527 525 525 554 554 555 555 552 552 556 556 557 557 555 555 531 531 332 332 331 331 333 333 332 332 530 530 330 330 333 333 530 530 529 529 528 528 350 350 351 351 350 350 528 528 352 352 528 528 527 527 551 551 552 552 550 550 524 524 525 525 523 523 511 511 538 538 374 374 538 538 375 375 374 374 538 538 376 376 375 375 538 538 537 537 376 376 536 536 359 359 360 360 534 534 357 357 359 359 532 532 358 358 357 357 557 557 556 556 558 558 549 549 530 530 548 548 330 330 530 530 549 549 549 549 529 529 330 330 349 349 330 330 529 529 548 548 547 547 549 549 558 558 559 559 557 557 540 540 541 541 559 559 559 559 558 558 540 540 531 531 331 331 358 358 555 555 554 554 556 556 552 552 553 553 554 554 552 552 551 551 553 553 542 542 543 543 541 541 562 562 563 563 565 565 561 561 560 560 563 563 561 561 515 515 560 560 410 410 447 447 429 429 408 408 420 420 444 444 416 416 403 403 445 445 274 274 449 449 427 427 415 415 437 437 268 268 407 407 455 455 415 415 297 297 456 456 277 277 509 509 418 418 420 420 440 440 439 439 281 281 268 268 437 437 423 423 273 273 446 446 412 412 410 410 421 421 458 458 271 271 442 442 270 270 435 435 434 434 267 267 402 402 453 453 274 274 299 299 428 428 275 275 514 514 512 512 513 513 409 409 249 249 429 429 523 523 520 520 522 522 357 357 533 533 532 532 357 357 534 534 533 533 359 359 535 535 534 534 359 359 536 536 535 535 360 360 537 537 536 536 360 360 376 376 537 537 512 512 511 511 373 373 374 374 373 373 511 511 310 310 296 296 309 309 523 523 522 522 524 524 525 525 524 524 526 526 527 527 526 526 352 352 352 352 351 351 528 528 350 350 349 349 529 529 332 332 531 531 530 530 358 358 532 532 531 531 84 84 123 123 96 96 222 222 139 139 149 149 151 151 110 110 112 112 128 128 92 92 117 117 128 128 107 107 92 92 138 138 107 107 128 128 136 136 71 71 126 126 97 97 125 125 159 159 123 123 84 84 97 97 214 214 177 177 141 141 144 144 121 121 116 116 156 156 134 134 106 106 137 137 85 85 101 101 158 158 157 157 73 73 157 157 116 116 78 78 143 143 68 68 134 134 154 154 142 142 83 83 119 119 88 88 113 113 290 290 140 140 185 185 212 212 167 167 148 148 174 174 127 127 137 137 201 201 165 165 166 166 191 191 127 127 174 174 198 198 159 159 219 219 188 188 154 154 155 155 186 186 152 152 170 170 288 288 141 141 169 169 185 185 130 130 151 151 192 192 147 147 175 175 227 227 179 179 180 180 197 197 164 164 179 179 196 196 171 171 164 164 226 226 188 188 178 178 284 284 153 153 163 163 214 214 141 141 288 288 7 7 33 33 12 12 0 0 34 34 7 7 14 14 28 28 23 23 3 3 24 24 14 14 4 4 8 8 41 41 6 6 25 25 20 20 40 40 27 27 12 12 604 604 5 5 6 6 2 2 26 26 1 1 4 4 29 29 3 3 9 9 22 22 13 13 0 0 14 14 23 23 6 6 5 5 25 25 15 15 1 1 18 18 2 2 17 17 19 19 76 76 109 109 129 129 61 61 129 129 111 111 118 118 80 80 94 94 190 190 125 125 136 136 175 175 147 147 138 138 146 146 102 102 147 147 163 163 132 132 142 142 152 152 114 114 105 105 186 186 113 113 152 152 177 177 112 112 141 141 150 150 94 94 111 111 161 161 136 136 126 126 184 184 150 150 168 168 172 172 135 135 123 123 145 145 96 96 135 135 164 164 120 120 143 143 171 171 133 133 120 120 170 170 152 152 105 105 169 169 119 119 113 113 0 0 23 23 34 34 254 254 174 174 221 221 271 271 259 259 272 272 419 419 265 265 416 416 407 407 294 294 295 295 407 407 257 257 294 294 415 415 268 268 257 257 417 417 261 261 231 231 275 275 402 402 246 246 209 209 146 146 192 192 267 267 245 245 236 236 226 226 178 178 171 171 213 213 177 177 214 214 223 223 184 184 168 168 211 211 167 167 212 212 220 220 173 173 191 191 219 219 159 159 182 182 230 230 200 200 165 165 208 208 199 199 254 254 400 400 253 253 254 254 309 309 341 341 344 344 412 412 242 242 243 243 266 266 233 233 250 250 416 416 226 226 233 233 254 254 221 221 237 237 265 265 232 232 226 226 256 256 223 223 248 248 255 255 229 229 230 230 233 233 171 171 196 196 273 273 244 244 413 413 279 279 243 243 252 252 269 269 251 251 241 241 410 410 240 240 258 258 410 410 239 239 240 240 268 268 256 256 248 248 299 299 246 246 247 247 183 183 148 148 139 139 237 237 209 209 210 210 236 236 174 174 253 253 245 245 220 220 191 191 259 259 218 218 207 207 180 180 121 121 144 144 179 179 134 134 156 156 179 179 143 143 134 134 176 176 129 129 140 140 255 255 210 210 229 229 167 167 108 108 148 148 175 175 138 138 165 165 127 127 85 85 137 137 172 172 145 145 135 135 181 181 157 157 158 158 188 188 155 155 178 178 187 187 142 142 154 154 194 194 170 170 131 131 220 220 190 190 173 173 232 232 188 188 226 226 215 215 162 162 195 195 289 289 185 185 203 203 292 292 224 224 291 291 202 202 176 176 224 224 240 240 187 187 225 225 223 223 193 193 184 184 253 253 208 208 254 254 126 126 100 100 79 79 207 207 218 218 172 172 241 241 181 181 228 228 225 225 187 187 205 205 287 287 186 186 204 204 256 256 193 193 223 223 262 262 183 183 222 222 246 246 201 201 247 247 43 43 55 55 106 106 63 63 90 90 89 89 57 57 99 99 83 83 74 74 86 86 102 102 88 88 51 51 103 103 51 51 104 104 103 103 55 55 58 58 106 106 60 60 102 102 98 98 45 45 61 61 94 94 52 52 114 114 75 75 69 69 97 97 56 56 50 50 88 88 54 54 75 75 104 104 51 51 67 67 90 90 63 63 59 59 70 70 69 69 53 53 71 71 70 70 44 44 80 80 93 93 48 48 96 96 73 73 52 52 105 105 114 114 31 31 57 57 83 83 31 31 35 35 57 57 24 24 86 86 38 38 37 37 51 51 21 21 52 52 75 75 37 37 25 25 76 76 61 61 75 75 114 114 104 104 61 61 111 111 94 94 45 45 94 94 80 80 58 58 121 121 106 106 98 98 101 101 85 85 82 82 129 129 61 61 87 87 130 130 62 62 57 57 95 95 99 99 43 43 106 106 68 68 56 56 84 84 40 40 71 71 97 97 69 69 57 57 35 35 95 95 32 32 11 11 16 16 101 101 98 98 102 102 122 122 73 73 96 96 112 112 54 54 88 88 108 108 49 49 93 93 129 129 82 82 76 76 90 90 67 67 91 91 107 107 24 24 92 92 84 84 56 56 97 97 100 100 71 71 79 79 108 108 117 117 65 65 110 110 151 151 87 87 112 112 110 110 54 54 88 88 141 141 112 112 104 104 113 113 103 103 134 134 68 68 106 106 2 2 585 585 582 582 66 66 87 87 62 62 24 24 107 107 86 86 66 66 110 110 87 87 18 18 1 1 26 26 31 31 26 26 2 2 20 20 8 8 6 6 21 21 9 9 15 15 16 16 11 11 596 596 32 32 47 47 58 58 1 1 15 15 598 598 110 110 66 66 54 54 96 96 40 40 84 84 108 108 65 65 49 49 79 79 34 34 98 98 109 109 42 42 62 62 82 82 61 61 76 76 34 34 79 79 53 53 45 45 80 80 44 44 18 18 67 67 63 63 17 17 46 46 19 19 26 26 67 67 18 18 33 33 56 56 40 40 32 32 16 16 47 47 22 22 54 54 36 36 27 27 48 48 16 16 16 16 73 73 47 47 39 39 24 24 3 3 22 22 50 50 54 54 7 7 34 34 33 33 17 17 10 10 46 46 14 14 24 24 38 38 8 8 30 30 41 41 20 20 44 44 30 30 9 9 21 21 50 50 131 131 89 89 115 115 97 97 71 71 136 136 589 589 8 8 599 599 601 601 604 604 6 6 599 599 8 8 4 4 116 116 121 121 58 58 77 77 120 120 133 133 142 142 132 132 91 91 89 89 90 90 115 115 15 15 18 18 37 37 131 131 105 105 89 89 104 104 114 114 113 113 113 113 88 88 103 103 10 10 68 68 46 46 10 10 43 43 68 68 16 16 48 48 73 73 18 18 52 52 37 37 21 21 51 51 50 50 30 30 44 44 93 93 42 42 109 109 76 76 52 52 63 63 105 105 46 46 81 81 77 77 47 47 73 73 78 78 53 53 59 59 69 69 28 28 38 38 74 74 41 41 93 93 49 49 47 47 78 78 58 58 23 23 60 60 72 72 51 51 88 88 50 50 29 29 65 65 39 39 42 42 36 36 62 62 53 53 69 69 33 33 23 23 28 28 60 60 39 39 92 92 24 24 32 32 58 58 55 55 12 12 33 33 40 40 5 5 36 36 42 42 2 2 19 19 35 35 12 12 27 27 16 16 14 14 38 38 28 28 8 8 20 20 30 30 5 5 42 42 25 25 9 9 50 50 22 22 2 2 35 35 31 31 402 402 230 230 238 238 37 37 75 75 51 51 26 26 91 91 67 67 40 40 96 96 48 48 33 33 64 64 56 56 53 53 79 79 71 71 28 28 74 74 102 102 36 36 66 66 62 62 125 125 182 182 159 159 111 111 168 168 150 150 119 119 169 169 141 141 132 132 163 163 153 153 133 133 178 178 155 155 122 122 145 145 158 158 125 125 190 190 182 182 161 161 173 173 160 160 124 124 159 159 123 123 150 150 193 193 149 149 136 136 160 160 190 190 136 136 161 161 160 160 126 126 173 173 161 161 147 147 192 192 146 146 128 128 166 166 165 165 117 117 167 167 166 166 102 102 146 146 101 101 111 111 129 129 168 168 73 73 122 122 158 158 115 115 162 162 131 131 113 113 114 114 152 152 105 105 131 131 170 170 91 91 153 153 90 90 91 91 132 132 153 153 68 68 143 143 81 81 106 106 121 121 156 156 116 116 157 157 144 144 130 130 185 185 140 140 146 146 221 221 174 174 150 150 184 184 193 193 129 129 176 176 202 202 151 151 203 203 185 185 153 153 195 195 162 162 143 143 179 179 164 164 156 156 180 180 179 179 144 144 189 189 180 180 194 194 286 286 170 170 139 139 222 222 183 183 149 149 193 193 222 222 140 140 291 291 224 224 186 186 288 288 169 169 140 140 224 224 176 176 140 140 290 290 291 291 177 177 203 203 151 151 170 170 204 204 186 186 166 166 211 211 201 201 131 131 162 162 194 194 154 154 205 205 187 187 154 154 188 188 205 205 157 157 181 181 144 144 145 145 218 218 158 158 123 123 159 159 198 198 126 126 191 191 173 173 165 165 200 200 175 175 172 172 198 198 207 207 113 113 186 186 169 169 99 99 155 155 154 154 133 133 171 171 178 178 120 120 164 164 171 171 121 121 180 180 156 156 164 164 197 197 196 196 181 181 218 218 228 228 145 145 172 172 218 218 94 94 149 149 118 118 168 168 202 202 223 223 177 177 213 213 203 203 170 170 286 286 204 204 153 153 284 284 195 195 144 144 181 181 189 189 158 158 218 218 181 181 175 175 210 210 192 192 91 91 83 83 142 142 107 107 138 138 86 86 108 108 167 167 117 117 93 93 139 139 148 148 93 93 118 118 139 139 87 87 151 151 130 130 88 88 119 119 141 141 140 140 109 109 62 62 130 130 140 140 62 62 85 85 127 127 79 79 99 99 95 95 155 155 95 95 77 77 133 133 77 77 81 81 120 120 58 58 78 78 116 116 78 78 73 73 157 157 292 292 291 291 301 301 301 301 291 291 290 290 294 294 293 293 306 306 324 324 319 319 320 320 307 307 338 338 341 341 304 304 329 329 338 338 338 338 307 307 304 304 341 341 309 309 307 307 344 344 310 310 309 309 310 310 347 347 314 314 310 310 314 314 313 313 322 322 319 319 324 324 307 307 306 306 304 304 323 323 318 318 322 322 322 322 318 318 319 319 320 320 319 319 332 332 319 319 331 331 332 332 318 318 317 317 316 316 310 310 344 344 347 347 136 136 125 125 97 97 96 96 123 123 135 135 123 123 198 198 172 172 127 127 191 191 126 126 101 101 146 146 174 174 90 90 162 162 115 115 90 90 153 153 162 162 83 83 99 99 154 154 95 95 133 133 155 155 81 81 143 143 120 120 96 96 145 145 122 122 128 128 165 165 138 138 117 117 166 166 128 128 97 97 124 124 123 123 97 97 159 159 124 124 79 79 127 127 126 126 101 101 174 174 137 137 86 86 138 138 147 147 93 93 148 148 108 108 305 305 306 306 293 293 71 71 100 100 126 126 102 102 86 86 147 147 65 65 117 117 92 92 93 93 80 80 118 118 301 301 303 303 302 302 303 303 305 305 302 302 303 303 304 304 305 305 304 304 306 306 305 305 167 167 211 211 166 166 293 293 292 292 305 305 305 305 292 292 302 302 292 292 301 301 302 302 118 118 149 149 139 139 94 94 150 150 149 149 109 109 140 140 129 129 112 112 177 177 151 151 244 244 279 279 252 252 233 233 266 266 416 416 264 264 278 278 250 250 251 251 269 269 264 264 241 241 270 270 269 269 242 242 272 272 234 234 219 219 244 244 252 252 235 235 236 236 245 245 237 237 260 260 254 254 226 226 416 416 265 265 245 245 413 413 220 220 246 246 402 402 238 238 262 262 276 276 231 231 248 248 257 257 268 268 262 262 414 414 276 276 260 260 255 255 427 427 254 254 260 260 401 401 405 405 400 400 254 254 253 253 400 400 236 236 231 231 276 276 417 417 239 239 410 410 249 249 258 258 263 263 421 421 269 269 426 426 264 264 269 269 270 270 411 411 259 259 271 271 270 270 220 220 413 413 244 244 245 245 267 267 413 413 270 270 241 241 259 259 230 230 402 402 274 274 246 246 299 299 275 275 256 256 406 406 262 262 250 250 278 278 266 266 242 242 412 412 272 272 257 257 407 407 415 415 232 232 265 265 263 263 281 281 282 282 440 440 204 204 286 286 287 287 215 215 286 286 194 194 427 427 401 401 260 260 274 274 427 427 255 255 422 422 299 299 247 247 417 417 422 422 261 261 277 277 407 407 295 295 426 426 425 425 264 264 289 289 214 214 288 288 283 283 249 249 409 409 247 247 211 211 212 212 246 246 238 238 201 201 235 235 245 245 191 191 244 244 190 190 220 220 242 242 234 234 198 198 259 259 207 207 234 234 250 250 197 197 206 206 266 266 278 278 403 403 421 421 263 263 265 265 406 406 256 256 268 268 267 267 236 236 400 400 215 215 195 195 285 285 195 195 284 284 285 285 409 409 282 282 283 283 412 412 243 243 279 279 272 272 412 412 432 432 247 247 261 261 422 422 266 266 403 403 416 416 295 295 296 296 277 277 277 277 296 296 297 297 257 257 293 293 294 294 293 293 257 257 224 224 292 292 293 293 224 224 203 203 213 213 289 289 179 179 206 206 197 197 185 185 289 289 290 290 175 175 200 200 210 210 165 165 201 201 238 238 186 186 287 287 288 288 162 162 215 215 194 194 163 163 187 187 216 216 188 188 232 232 205 205 171 171 233 233 226 226 183 183 231 231 212 212 163 163 239 239 284 284 163 163 216 216 239 239 142 142 187 187 163 163 189 189 181 181 217 217 160 160 173 173 190 190 174 174 199 199 253 253 233 233 196 196 197 197 211 211 247 247 201 201 148 148 183 183 212 212 129 129 202 202 168 168 189 189 227 227 180 180 189 189 251 251 227 227 190 190 244 244 219 219 191 191 174 174 236 236 209 209 237 237 221 221 200 200 230 230 229 229 174 174 254 254 199 199 202 202 248 248 223 223 179 179 227 227 206 206 190 190 219 219 182 182 199 199 208 208 253 253 192 192 210 210 209 209 200 200 229 229 210 210 165 165 238 238 230 230 187 187 240 240 216 216 146 146 209 209 221 221 193 193 256 256 222 222 240 240 225 225 258 258 205 205 263 263 225 225 232 232 263 263 205 205 197 197 250 250 233 233 227 227 264 264 206 206 224 224 257 257 202 202 210 210 255 255 260 260 189 189 217 217 251 251 217 217 181 181 241 241 207 207 198 198 234 234 198 198 243 243 242 242 219 219 243 243 198 198 219 219 252 252 243 243 244 244 273 273 279 279 191 191 236 236 235 235 231 231 261 261 247 247 222 222 256 256 262 262 202 202 257 257 248 248 239 239 249 249 284 284 225 225 263 263 258 258 217 217 241 241 251 251 228 228 259 259 241 241 234 234 272 272 259 259 218 218 259 259 228 228 210 210 260 260 237 237 212 212 231 231 247 247 183 183 262 262 231 231 216 216 240 240 239 239 206 206 264 264 250 250 227 227 251 251 264 264 230 230 274 274 255 255 637 637 636 636 638 638 638 638 639 639 637 637 641 641 640 640 642 642 642 642 643 643 641 641 649 649 651 651 648 648 650 650 648 648 651 651 662 662 666 666 657 657 648 648 662 662 649 649 650 650 651 651 645 645 645 645 644 644 650 650 658 658 659 659 668 668 654 654 658 658 668 668 647 647 646 646 652 652 660 660 661 661 653 653 665 665 660 660 655 655 653 653 655 655 660 660 657 657 649 649 662 662 659 659 657 657 666 666 667 667 664 664 656 656 663 663 667 667 654 654 652 652 661 661 647 647 666 666 668 668 659 659 656 656 654 654 667 667 655 655 656 656 664 664 652 652 653 653 661 661 664 664 665 665 655 655 668 668 663 663 654 654 704 704 682 682 681 681 686 686 691 691 704 704 676 676 712 712 711 711 685 685 703 703 710 710 700 700 699 699 705 705 699 699 698 698 705 705 704 704 689 689 688 688 670 670 669 669 709 709 671 671 670 670 709 709 709 709 708 708 671 671 692 692 671 671 708 708 703 703 685 685 684 684 710 710 679 679 680 680 708 708 706 706 693 693 701 701 700 700 705 705 675 675 711 711 707 707 707 707 674 674 675 675 693 693 692 692 708 708 703 703 684 684 683 683 683 683 704 704 703 703 695 695 694 694 706 706 696 696 695 695 706 706 697 697 696 696 705 705 678 678 710 710 712 712 711 711 675 675 676 676 672 672 673 673 707 707 712 712 676 676 677 677 673 673 674 674 707 707 707 707 709 709 672 672 710 710 678 678 679 679 712 712 677 677 678 678 710 710 680 680 685 685 669 669 672 672 709 709 704 704 683 683 682 682 694 694 693 693 706 706 704 704 688 688 687 687 705 705 698 698 697 697 681 681 690 690 704 704 706 706 705 705 696 696 705 705 702 702 701 701 704 704 690 690 689 689 687 687 686 686 704 704 728 728 729 729 749 749 751 751 736 736 737 737 755 755 724 724 736 736 759 759 757 757 718 718 753 753 749 749 729 729 740 740 752 752 751 751 751 751 737 737 738 738 744 744 745 745 752 752 746 746 747 747 752 752 729 729 715 715 753 753 714 714 755 755 758 758 758 758 713 713 714 714 722 722 758 758 754 754 745 745 746 746 752 752 751 751 739 739 740 740 720 720 721 721 754 754 755 755 714 714 724 724 736 736 751 751 756 756 758 758 723 723 713 713 758 758 722 722 723 723 718 718 719 719 759 759 717 717 718 718 757 757 754 754 759 759 720 720 715 715 716 716 753 753 757 757 753 753 716 716 716 716 717 717 757 757 754 754 721 721 722 722 736 736 756 756 755 755 719 719 720 720 759 759 752 752 743 743 744 744 752 752 742 742 743 743 752 752 741 741 742 742 750 750 731 731 732 732 750 750 733 733 734 734 750 750 735 735 730 730 725 725 726 726 750 750 734 734 725 725 750 750 749 749 750 750 727 727 726 726 727 727 750 750 752 752 740 740 741 741 751 751 738 738 739 739 727 727 728 728 749 749 747 747 748 748 752 752 730 730 731 731 750 750 732 732 733 733 750 750 762 762 760 760 763 763 766 766 765 765 760 760 761 761 763 763 764 764 765 765 763 763 760 760 765 765 764 764 763 763 762 762 763 763 761 761 768 768 770 770 769 769 769 769 767 767 768 768 770 770 768 768 771 771 777 777 772 772 774 774 775 775 779 779 773 773 776 776 773 773 779 779 774 774 776 776 777 777 773 773 776 776 774 774 776 776 779 779 778 778 777 777 776 776 778 778 778 778 772 772 777 777 781 781 782 782 783 783 781 781 783 783 780 780 789 789 788 788 790 790 787 787 790 790 785 785 786 786 785 785 788 788 789 789 790 790 791 791 788 788 789 789 786 786 790 790 788 788 785 785 786 786 789 789 784 784 784 784 789 789 791 791 793 793 792 792 794 794 795 795 793 793 794 794 797 797 800 800 798 798 799 799 798 798 800 800 799 799 800 800 796 796 801 801 805 805 806 806 801 801 804 804 805 805 803 803 805 805 804 804 803 803 804 804 802 802 810 810 808 808 809 809 809 809 808 808 807 807 813 813 811 811 814 814 813 813 814 814 812 812 818 818 819 819 820 820 817 817 818 818 815 815 816 816 818 818 820 820 817 817 819 819 818 818 824 824 822 822 823 823 823 823 822 822 821 821 827 827 829 829 825 825 828 828 826 826 829 829 827 827 828 828 829 829 833 833 831 831 832 832 833 833 834 834 835 835 832 832 834 834 833 833 830 830 833 833 835 835 838 838 837 837 836 836 838 838 839 839 837 837 841 841 843 843 842 842 841 841 840 840 843 843 845 845 847 847 848 848 847 847 844 844 848 848 846 846 848 848 844 844 845 845 848 848 849 849 852 852 853 853 851 851 851 851 850 850 852 852 855 855 857 857 856 856 857 857 854 854 856 856 857 857 858 858 854 854 860 860 862 862 861 861 861 861 862 862 863 863 860 860 861 861 859 859 863 863 864 864 861 861 867 867 866 866 865 865 868 868 866 866 867 867 870 870 872 872 869 869 871 871 872 872 870 870 878 878 876 876 875 875 878 878 877 877 876 876 874 874 878 878 875 875 873 873 876 876 877 877 880 880 881 881 882 882 882 882 879 879 880 880 885 885 886 886 884 884 886 886 883 883 884 884 889 889 891 891 890 890 890 890 891 891 892 892 889 889 890 890 888 888 887 887 890 890 892 892 895 895 894 894 893 893 895 895 896 896 894 894 897 897 900 900 899 899 900 900 898 898 899 899 903 903 905 905 901 901 905 905 904 904 901 901 902 902 904 904 906 906 904 904 905 905 906 906 909 909 908 908 907 907 909 909 910 910 908 908 916 916 915 915 913 913 911 911 916 916 913 913 916 916 912 912 915 915 914 914 915 915 912 912 917 917 920 920 919 919 919 919 920 920 918 918 922 922 924 924 923 923 924 924 921 921 923 923 926 926 930 930 929 929 925 925 927 927 929 929 929 929 928 928 925 925 929 929 927 927 926 926 933 933 932 932 931 931 932 932 933 933 934 934 938 938 935 935 936 936 936 936 937 937 938 938 940 940 941 941 942 942 941 941 940 940 939 939 947 947 945 945 943 943 946 946 944 944 945 945 948 948 946 946 945 945 947 947 948 948 945 945 949 949 951 951 952 952 951 951 949 949 950 950 953 953 956 956 955 955 955 955 954 954 953 953 959 959 957 957 958 958 957 957 959 959 960 960 962 962 961 961 963 963 963 963 964 964 962 962 967 967 966 966 965 965 966 966 967 967 968 968 969 969 972 972 971 971 972 972 969 969 970 970 975 975 976 976 973 973 975 975 973 973 974 974 980 980 977 977 978 978 979 979 980 980 978 978 983 983 984 984 981 981 984 984 982 982 981 981 989 989 985 985 986 986 988 988 989 989 987 987 986 986 990 990 989 989 989 989 990 990 991 991 989 989 991 991 987 987 992 992 993 993 994 994 994 994 995 995 992 992 998 998 997 997 996 996 996 996 999 999 998 998 1003 1003 1002 1002 1000 1000 1003 1003 1000 1000 1001 1001 1005 1005 1007 1007 1006 1006 1006 1006 1004 1004 1005 1005 1011 1011 1016 1016 1026 1026 1026 1026 1022 1022 1029 1029 1026 1026 1029 1029 1011 1011 1011 1011 1019 1019 1016 1016 1017 1017 1027 1027 1023 1023 1015 1015 1018 1018 1020 1020 1015 1015 1020 1020 1021 1021 1015 1015 1014 1014 1018 1018 1025 1025 1029 1029 1022 1022 1015 1015 1021 1021 1024 1024 1015 1015 1024 1024 1010 1010 1023 1023 1008 1008 1017 1017 1010 1010 1030 1030 1015 1015 1019 1019 1011 1011 1012 1012 1014 1014 1015 1015 1023 1023 1023 1023 1027 1027 1014 1014 1010 1010 1013 1013 1030 1030 1031 1031 1022 1022 1026 1026 1026 1026 1032 1032 1031 1031 1013 1013 1028 1028 1030 1030 1012 1012 1010 1010 1019 1019 1008 1008 1009 1009 1017 1017 1010 1010 1012 1012 1013 1013 1036 1036 1037 1037 1040 1040 1037 1037 1033 1033 1039 1039 1034 1034 1035 1035 1042 1042 1035 1035 1036 1036 1041 1041 1040 1040 1041 1041 1036 1036 1039 1039 1040 1040 1037 1037 1041 1041 1042 1042 1035 1035 1042 1042 1038 1038 1034 1034 1038 1038 1035 1035 1036 1036 1038 1038 1034 1034 1035 1035 1045 1045 1044 1044 1043 1043 1043 1043 1046 1046 1045 1045 1050 1050 1049 1049 1047 1047 1049 1049 1048 1048 1047 1047 1055 1055 1052 1052 1051 1051 1055 1055 1054 1054 1052 1052 1054 1054 1053 1053 1052 1052 1056 1056 1059 1059 1058 1058 1057 1057 1056 1056 1058 1058 1063 1063 1061 1061 1060 1060 1060 1060 1062 1062 1063 1063 1067 1067 1064 1064 1065 1065 1065 1065 1066 1066 1067 1067 1069 1069 1071 1071 1070 1070 1070 1070 1068 1068 1069 1069 1075 1075 1072 1072 1073 1073 1072 1072 1075 1075 1074 1074 1076 1076 1077 1077 1079 1079 1079 1079 1078 1078 1076 1076 1080 1080 1082 1082 1083 1083 1083 1083 1081 1081 1080 1080 1086 1086 1085 1085 1084 1084 1087 1087 1086 1086 1084 1084 1090 1090 1088 1088 1089 1089 1089 1089 1091 1091 1090 1090 1095 1095 1094 1094 1093 1093 1094 1094 1092 1092 1093 1093 1096 1096 1098 1098 1099 1099 1096 1096 1097 1097 1098 1098 1101 1101 1100 1100 1102 1102 1100 1100 1103 1103 1102 1102 1104 1104 1106 1106 1107 1107 1106 1106 1104 1104 1105 1105 1109 1109 1111 1111 1110 1110 1110 1110 1108 1108 1109 1109 1122 1122 1118 1118 1120 1120 1121 1121 1123 1123 1119 1119 1123 1123 1124 1124 1119 1119 1113 1113 1124 1124 1112 1112 1113 1113 1119 1119 1124 1124 1116 1116 1118 1118 1117 1117 1120 1120 1123 1123 1122 1122 1122 1122 1117 1117 1118 1118 1115 1115 1116 1116 1114 1114 1123 1123 1120 1120 1124 1124 1117 1117 1114 1114 1116 1116 1126 1126 1128 1128 1127 1127 1127 1127 1125 1125 1126 1126 1129 1129 1132 1132 1131 1131 1131 1131 1130 1130 1129 1129 1133 1133 1135 1135 1136 1136 1133 1133 1134 1134 1135 1135 1137 1137 1139 1139 1140 1140 1137 1137 1138 1138 1139 1139 1144 1144 1143 1143 1142 1142 1144 1144 1142 1142 1141 1141 1148 1148 1146 1146 1145 1145 1145 1145 1147 1147 1148 1148 1151 1151 1149 1149 1150 1150 1150 1150 1152 1152 1151 1151 1154 1154 1153 1153 1155 1155 1156 1156 1155 1155 1153 1153 1159 1159 1160 1160 1157 1157 1159 1159 1157 1157 1158 1158 1162 1162 1164 1164 1163 1163 1163 1163 1161 1161 1162 1162 1167 1167 1165 1165 1166 1166 1166 1166 1168 1168 1167 1167 1169 1169 1172 1172 1171 1171 1171 1171 1170 1170 1169 1169 1173 1173 1174 1174 1175 1175 1175 1175 1176 1176 1173 1173 1178 1178 1179 1179 1180 1180 1180 1180 1177 1177 1178 1178 1183 1183 1181 1181 1182 1182 1182 1182 1184 1184 1183 1183 1187 1187 1185 1185 1186 1186 1186 1186 1188 1188 1187 1187 1189 1189 1192 1192 1191 1191 1191 1191 1190 1190 1189 1189 1193 1193 1194 1194 1195 1195 1195 1195 1196 1196 1193 1193 1198 1198 1199 1199 1200 1200 1200 1200 1197 1197 1198 1198 1202 1202 1203 1203 1204 1204 1204 1204 1201 1201 1202 1202 1206 1206 1207 1207 1209 1209 1208 1208 1205 1205 1206 1206 1206 1206 1209 1209 1208 1208 1210 1210 1211 1211 1213 1213 1211 1211 1212 1212 1213 1213 1215 1215 1214 1214 1217 1217 1214 1214 1216 1216 1217 1217 1220 1220 1218 1218 1222 1222 1221 1221 1222 1222 1218 1218 1220 1220 1222 1222 1223 1223 1218 1218 1219 1219 1221 1221 1224 1224 1225 1225 1228 1228 1225 1225 1226 1226 1229 1229 1229 1229 1226 1226 1227 1227 1227 1227 1230 1230 1229 1229 1229 1229 1228 1228 1225 1225 1232 1232 1233 1233 1234 1234 1233 1233 1232 1232 1231 1231 1235 1235 1238 1238 1237 1237 1235 1235 1236 1236 1238 1238 1240 1240 1242 1242 1241 1241 1242 1242 1240 1240 1239 1239 1246 1246 1243 1243 1244 1244 1245 1245 1243 1243 1246 1246 1248 1248 1250 1250 1249 1249 1249 1249 1247 1247 1248 1248 1254 1254 1252 1252 1251 1251 1254 1254 1253 1253 1252 1252 1256 1256 1258 1258 1257 1257 1255 1255 1256 1256 1257 1257 1262 1262 1260 1260 1259 1259 1260 1260 1262 1262 1261 1261 1264 1264 1265 1265 1266 1266 1265 1265 1264 1264 1263 1263 1269 1269 1267 1267 1268 1268 1268 1268 1270 1270 1269 1269 1280 1280 1276 1276 1277 1277 1280 1280 1275 1275 1276 1276 1275 1275 1280 1280 1279 1279 1274 1274 1279 1279 1273 1273 1279 1279 1274 1274 1275 1275 1278 1278 1280 1280 1277 1277 1276 1276 1282 1282 1281 1281 1281 1281 1277 1277 1276 1276 1272 1272 1274 1274 1273 1273 1272 1272 1273 1273 1271 1271 1283 1283 1286 1286 1285 1285 1285 1285 1284 1284 1283 1283 1287 1287 1290 1290 1289 1289 1289 1289 1288 1288 1287 1287 1294 1294 1292 1292 1291 1291 1294 1294 1293 1293 1292 1292 1295 1295 1298 1298 1297 1297 1298 1298 1295 1295 1296 1296 1299 1299 1302 1302 1301 1301 1301 1301 1300 1300 1299 1299 1306 1306 1304 1304 1303 1303 1306 1306 1305 1305 1304 1304 1309 1309 1307 1307 1308 1308 1309 1309 1310 1310 1307 1307 1312 1312 1313 1313 1314 1314 1312 1312 1311 1311 1313 1313 1317 1317 1315 1315 1316 1316 1317 1317 1318 1318 1315 1315 1320 1320 1322 1322 1321 1321 1321 1321 1319 1319 1320 1320 1326 1326 1325 1325 1324 1324 1326 1326 1324 1324 1323 1323 1329 1329 1328 1328 1327 1327 1330 1330 1329 1329 1327 1327 1333 1333 1331 1331 1332 1332 1332 1332 1334 1334 1333 1333 1336 1336 1338 1338 1337 1337 1338 1338 1336 1336 1335 1335 1341 1341 1339 1339 1340 1340 1341 1341 1342 1342 1339 1339 1346 1346 1344 1344 1343 1343 1344 1344 1346 1346 1345 1345 1349 1349 1347 1347 1348 1348 1348 1348 1350 1350 1349 1349 1352 1352 1351 1351 1353 1353 1351 1351 1354 1354 1353 1353 1357 1357 1358 1358 1356 1356 1357 1357 1356 1356 1355 1355 1361 1361 1360 1360 1359 1359 1360 1360 1361 1361 1362 1362 1365 1365 1366 1366 1364 1364 1364 1364 1363 1363 1365 1365 1369 1369 1367 1367 1368 1368 1368 1368 1370 1370 1369 1369 1371 1371 1372 1372 1373 1373 1372 1372 1374 1374 1373 1373 1377 1377 1375 1375 1376 1376 1376 1376 1378 1378 1377 1377 1379 1379 1380 1380 1381 1381 1379 1379 1381 1381 1382 1382 1384 1384 1385 1385 1386 1386 1386 1386 1383 1383 1384 1384 1387 1387 1390 1390 1389 1389 1389 1389 1388 1388 1387 1387 1392 1392 1391 1391 1394 1394 1394 1394 1393 1393 1392 1392 1398 1398 1397 1397 1395 1395 1398 1398 1395 1395 1396 1396 1401 1401 1402 1402 1400 1400 1401 1401 1400 1400 1399 1399 1404 1404 1406 1406 1407 1407 1408 1408 1403 1403 1405 1405 1407 1407 1405 1405 1404 1404 1407 1407 1408 1408 1405 1405 1409 1409 1411 1411 1412 1412 1412 1412 1410 1410 1409 1409 1415 1415 1416 1416 1413 1413 1414 1414 1413 1413 1416 1416 1417 1417 1420 1420 1419 1419 1418 1418 1417 1417 1419 1419 1423 1423 1422 1422 1421 1421 1423 1423 1424 1424 1422 1422 1427 1427 1425 1425 1426 1426 1426 1426 1428 1428 1427 1427 1429 1429 1431 1431 1432 1432 1431 1431 1429 1429 1430 1430 1434 1434 1433 1433 1435 1435 1435 1435 1436 1436 1434 1434 1439 1439 1440 1440 1438 1438 1439 1439 1438 1438 1437 1437 1443 1443 1441 1441 1442 1442 1442 1442 1444 1444 1443 1443 1452 1452 1451 1451 1461 1461 1446 1446 1458 1458 1461 1461 1448 1448 1453 1453 1447 1447 1459 1459 1468 1468 1467 1467 1459 1459 1460 1460 1465 1465 1466 1466 1462 1462 1447 1447 1447 1447 1453 1453 1466 1466 1466 1466 1456 1456 1462 1462 1461 1461 1458 1458 1452 1452 1467 1467 1460 1460 1459 1459 1453 1453 1463 1463 1466 1466 1464 1464 1465 1465 1460 1460 1447 1447 1454 1454 1457 1457 1449 1449 1454 1454 1459 1459 1455 1455 1466 1466 1451 1451 1466 1466 1455 1455 1456 1456 1451 1451 1450 1450 1455 1455 1451 1451 1452 1452 1450 1450 1459 1459 1465 1465 1449 1449 1461 1461 1445 1445 1446 1446 1447 1447 1457 1457 1448 1448 1449 1449 1457 1457 1454 1454 1470 1470 1471 1471 1476 1476 1476 1476 1473 1473 1470 1470 1476 1476 1471 1471 1469 1469 1474 1474 1475 1475 1469 1469 1469 1469 1475 1475 1476 1476 1469 1469 1472 1472 1474 1474 1480 1480 1477 1477 1485 1485 1484 1484 1479 1479 1481 1481 1482 1482 1478 1478 1479 1479 1484 1484 1482 1482 1479 1479 1482 1482 1483 1483 1478 1478 1477 1477 1483 1483 1485 1485 1483 1483 1477 1477 1478 1478 1486 1486 1489 1489 1488 1488 1488 1488 1487 1487 1486 1486 1492 1492 1491 1491 1490 1490 1493 1493 1492 1492 1490 1490 1495 1495 1497 1497 1496 1496 1496 1496 1494 1494 1495 1495 1499 1499 1500 1500 1501 1501 1501 1501 1503 1503 1498 1498 1501 1501 1498 1498 1499 1499 1500 1500 1502 1502 1501 1501 1505 1505 1504 1504 1506 1506 1507 1507 1506 1506 1504 1504 1509 1509 1510 1510 1511 1511 1508 1508 1509 1509 1511 1511 1515 1515 1514 1514 1513 1513 1513 1513 1512 1512 1515 1515 1517 1517 1519 1519 1518 1518 1518 1518 1516 1516 1517 1517 1520 1520 1522 1522 1523 1523 1522 1522 1520 1520 1521 1521 1526 1526 1524 1524 1525 1525 1525 1525 1527 1527 1526 1526 1529 1529 1530 1530 1531 1531 1528 1528 1529 1529 1531 1531 1535 1535 1534 1534 1533 1533 1535 1535 1533 1533 1532 1532 1538 1538 1537 1537 1536 1536 1536 1536 1539 1539 1538 1538 1541 1541 1542 1542 1540 1540 1542 1542 1546 1546 1540 1540 1544 1544 1546 1546 1543 1543 1545 1545 1548 1548 1547 1547 1547 1547 1543 1543 1545 1545 1546 1546 1545 1545 1543 1543 1546 1546 1542 1542 1545 1545 1550 1550 1549 1549 1551 1551 1549 1549 1552 1552 1551 1551 1556 1556 1554 1554 1553 1553 1554 1554 1556 1556 1555 1555 1558 1558 1560 1560 1559 1559 1559 1559 1557 1557 1558 1558 1563 1563 1564 1564 1561 1561 1561 1561 1562 1562 1563 1563 1565 1565 1568 1568 1567 1567 1567 1567 1566 1566 1565 1565 1571 1571 1569 1569 1570 1570 1570 1570 1572 1572 1571 1571 1578 1578 1581 1581 1582 1582 1582 1582 1575 1575 1578 1578 1577 1577 1582 1582 1576 1576 1583 1583 1579 1579 1578 1578 1580 1580 1581 1581 1579 1579 1577 1577 1576 1576 1573 1573 1582 1582 1577 1577 1575 1575 1578 1578 1584 1584 1583 1583 1574 1574 1577 1577 1573 1573 1578 1578 1579 1579 1581 1581 1585 1585 1588 1588 1587 1587 1587 1587 1586 1586 1585 1585 1590 1590 1589 1589 1592 1592 1590 1590 1592 1592 1591 1591 1596 1596 1595 1595 1593 1593 1595 1595 1594 1594 1593 1593 1598 1598 1599 1599 1600 1600 1600 1600 1597 1597 1598 1598 1601 1601 1602 1602 1603 1603 1603 1603 1604 1604 1601 1601 1606 1606 1608 1608 1607 1607 1607 1607 1605 1605 1606 1606 1609 1609 1612 1612 1611 1611 1610 1610 1609 1609 1611 1611 1613 1613 1615 1615 1616 1616 1615 1615 1613 1613 1614 1614 1618 1618 1621 1621 1620 1620 1618 1618 1620 1620 1622 1622 1618 1618 1617 1617 1621 1621 1622 1622 1619 1619 1618 1618 1639 1639 1623 1623 1624 1624 1638 1638 1629 1629 1632 1632 1642 1642 1637 1637 1636 1636 1636 1636 1625 1625 1642 1642 1635 1635 1628 1628 1626 1626 1637 1637 1632 1632 1629 1629 1630 1630 1641 1641 1631 1631 1634 1634 1640 1640 1638 1638 1627 1627 1635 1635 1626 1626 1628 1628 1633 1633 1626 1626 1628 1628 1623 1623 1633 1633 1638 1638 1632 1632 1634 1634 1631 1631 1627 1627 1630 1630 1637 1637 1629 1629 1636 1636 1639 1639 1633 1633 1623 1623 1626 1626 1630 1630 1627 1627 1641 1641 1640 1640 1631 1631 1641 1641 1638 1638 1640 1640 1644 1644 1646 1646 1645 1645 1645 1645 1643 1643 1644 1644 1649 1649 1650 1650 1648 1648 1647 1647 1648 1648 1650 1650 1651 1651 1654 1654 1653 1653 1653 1653 1652 1652 1651 1651 1656 1656 1655 1655 1657 1657 1656 1656 1657 1657 1658 1658 1660 1660 1662 1662 1661 1661 1660 1660 1659 1659 1662 1662 1664 1664 1663 1663 1665 1665 1663 1663 1666 1666 1665 1665 1668 1668 1669 1669 1670 1670 1668 1668 1667 1667 1669 1669 1673 1673 1674 1674 1671 1671 1674 1674 1672 1672 1671 1671 1677 1677 1675 1675 1676 1676 1676 1676 1678 1678 1677 1677 1682 1682 1683 1683 1680 1680 1683 1683 1679 1679 1680 1680 1683 1683 1681 1681 1679 1679 1684 1684 1686 1686 1687 1687 1687 1687 1685 1685 1684 1684 1688 1688 1690 1690 1692 1692 1689 1689 1692 1692 1691 1691 1689 1689 1688 1688 1692 1692 1693 1693 1696 1696 1695 1695 1695 1695 1694 1694 1693 1693 1698 1698 1699 1699 1701 1701 1699 1699 1697 1697 1700 1700 1700 1700 1701 1701 1699 1699 1705 1705 1703 1703 1702 1702 1702 1702 1704 1704 1705 1705 1709 1709 1707 1707 1706 1706 1708 1708 1709 1709 1706 1706 1711 1711 1712 1712 1713 1713 1710 1710 1711 1711 1713 1713 1714 1714 1716 1716 1717 1717 1715 1715 1714 1714 1717 1717 1720 1720 1721 1721 1718 1718 1719 1719 1718 1718 1721 1721 1722 1722 1723 1723 1725 1725 1725 1725 1724 1724 1722 1722 1727 1727 1728 1728 1729 1729 1729 1729 1726 1726 1727 1727 1734 1734 1732 1732 1730 1730 1730 1730 1731 1731 1733 1733 1733 1733 1734 1734 1730 1730 1737 1737 1736 1736 1735 1735 1736 1736 1737 1737 1738 1738 1739 1739 1741 1741 1742 1742 1742 1742 1740 1740 1739 1739 1745 1745 1746 1746 1743 1743 1746 1746 1744 1744 1743 1743 1749 1749 1750 1750 1748 1748 1749 1749 1748 1748 1747 1747 1754 1754 1755 1755 1753 1753 1756 1756 1753 1753 1755 1755 1752 1752 1757 1757 1755 1755 1755 1755 1757 1757 1756 1756 1755 1755 1751 1751 1752 1752 1758 1758 1760 1760 1761 1761 1761 1761 1759 1759 1758 1758 1759 1759 1761 1761 1762 1762 1763 1763 1766 1766 1765 1765 1765 1765 1764 1764 1763 1763 1767 1767 1770 1770 1769 1769 1769 1769 1768 1768 1767 1767 1773 1773 1774 1774 1772 1772 1773 1773 1772 1772 1771 1771 1778 1778 1775 1775 1776 1776 1776 1776 1777 1777 1778 1778 1779 1779 1781 1781 1782 1782 1781 1781 1779 1779 1780 1780 1784 1784 1786 1786 1791 1791 1792 1792 1800 1800 1784 1784 1803 1803 1793 1793 1784 1784 1792 1792 1796 1796 1798 1798 1803 1803 1804 1804 1794 1794 1787 1787 1789 1789 1791 1791 1790 1790 1789 1789 1788 1788 1797 1797 1804 1804 1802 1802 1784 1784 1791 1791 1792 1792 1792 1792 1799 1799 1800 1800 1784 1784 1793 1793 1783 1783 1804 1804 1797 1797 1794 1794 1802 1802 1801 1801 1795 1795 1803 1803 1794 1794 1793 1793 1800 1800 1803 1803 1784 1784 1791 1791 1786 1786 1787 1787 1788 1788 1785 1785 1790 1790 1798 1798 1799 1799 1792 1792 1787 1787 1788 1788 1789 1789 1801 1801 1798 1798 1796 1796 1796 1796 1795 1795 1801 1801 1802 1802 1795 1795 1797 1797 1808 1808 1805 1805 1806 1806 1806 1806 1807 1807 1808 1808 1811 1811 1810 1810 1809 1809 1809 1809 1812 1812 1811 1811 1815 1815 1816 1816 1817 1817 1816 1816 1817 1817 1814 1814 1814 1814 1817 1817 1818 1818 1814 1814 1815 1815 1816 1816 1818 1818 1813 1813 1814 1814 1820 1820 1822 1822 1821 1821 1820 1820 1819 1819 1822 1822 1826 1826 1823 1823 1824 1824 1826 1826 1825 1825 1823 1823 1827 1827 1830 1830 1829 1829 1830 1830 1827 1827 1828 1828 1832 1832 1834 1834 1835 1835 1835 1835 1831 1831 1832 1832 1835 1835 1836 1836 1831 1831 1834 1834 1832 1832 1833 1833 1845 1845 1839 1839 1842 1842 1848 1848 1852 1852 1856 1856 1852 1852 1837 1837 1838 1838 1842 1842 1843 1843 1845 1845 1849 1849 1858 1858 1853 1853 1852 1852 1838 1838 1841 1841 1858 1858 1849 1849 1848 1848 1846 1846 1847 1847 1841 1841 1857 1857 1852 1852 1841 1841 1855 1855 1858 1858 1848 1848 1841 1841 1844 1844 1846 1846 1852 1852 1857 1857 1856 1856 1854 1854 1857 1857 1847 1847 1848 1848 1856 1856 1855 1855 1847 1847 1857 1857 1841 1841 1851 1851 1850 1850 1854 1854 1854 1854 1847 1847 1851 1851 1845 1845 1844 1844 1840 1840 1844 1844 1841 1841 1840 1840 1845 1845 1840 1840 1839 1839 1853 1853 1850 1850 1849 1849 1853 1853 1854 1854 1850 1850 1859 1859 1862 1862 1861 1861 1862 1862 1859 1859 1860 1860 1865 1865 1863 1863 1864 1864 1864 1864 1866 1866 1865 1865 1868 1868 1867 1867 1870 1870 1870 1870 1869 1869 1868 1868 1873 1873 1872 1872 1871 1871 1874 1874 1873 1873 1871 1871 1877 1877 1878 1878 1876 1876 1878 1878 1875 1875 1876 1876 1879 1879 1881 1881 1882 1882 1882 1882 1883 1883 1879 1879 1879 1879 1880 1880 1881 1881 1884 1884 1885 1885 1887 1887 1903 1903 1895 1895 1887 1887 1891 1891 1890 1890 1898 1898 1899 1899 1897 1897 1894 1894 1888 1888 1903 1903 1900 1900 1894 1894 1897 1897 1885 1885 1901 1901 1898 1898 1890 1890 1887 1887 1902 1902 1903 1903 1887 1887 1896 1896 1884 1884 1903 1903 1888 1888 1895 1895 1897 1897 1902 1902 1887 1887 1893 1893 1892 1892 1899 1899 1894 1894 1893 1893 1899 1899 1898 1898 1899 1899 1891 1891 1889 1889 1888 1888 1900 1900 1892 1892 1891 1891 1899 1899 1890 1890 1889 1889 1901 1901 1889 1889 1900 1900 1901 1901 1885 1885 1886 1886 1894 1894 1897 1897 1887 1887 1885 1885 1904 1904 1907 1907 1906 1906 1904 1904 1905 1905 1907 1907 1909 1909 1908 1908 1910 1910 1911 1911 1910 1910 1908 1908 1914 1914 1913 1913 1912 1912 1915 1915 1914 1914 1912 1912 1919 1919 1918 1918 1916 1916 1919 1919 1916 1916 1917 1917 1920 1920 1923 1923 1922 1922 1921 1921 1920 1920 1922 1922 1931 1931 1929 1929 1930 1930 1924 1924 1927 1927 1928 1928 1927 1927 1924 1924 1925 1925 1928 1928 1931 1931 1924 1924 1925 1925 1926 1926 1927 1927 1931 1931 1928 1928 1929 1929 1937 1937 1950 1950 1949 1949 1943 1943 1953 1953 1952 1952 1942 1942 1954 1954 1953 1953 1951 1951 1958 1958 1956 1956 1952 1952 1958 1958 1944 1944 1953 1953 1943 1943 1942 1942 1957 1957 1933 1933 1932 1932 1947 1947 1946 1946 1932 1932 1948 1948 1947 1947 1939 1939 1945 1945 1951 1951 1956 1956 1951 1951 1944 1944 1958 1958 1947 1947 1940 1940 1939 1939 1954 1954 1942 1942 1935 1935 1944 1944 1943 1943 1952 1952 1956 1956 1946 1946 1945 1945 1941 1941 1937 1937 1936 1936 1932 1932 1946 1946 1957 1957 1946 1946 1955 1955 1957 1957 1949 1949 1948 1948 1938 1938 1932 1932 1940 1940 1947 1947 1934 1934 1957 1957 1954 1954 1954 1954 1935 1935 1934 1934 1957 1957 1934 1934 1933 1933 1941 1941 1950 1950 1937 1937 1938 1938 1937 1937 1949 1949 1948 1948 1939 1939 1938 1938 1946 1946 1956 1956 1955 1955 1959 1959 1960 1960 1961 1961 1962 1962 1961 1961 1960 1960 1964 1964 1966 1966 1965 1965 1965 1965 1963 1963 1964 1964 1970 1970 1968 1968 1967 1967 1968 1968 1970 1970 1969 1969 1971 1971 1974 1974 1973 1973 1973 1973 1972 1972 1971 1971 1977 1977 1975 1975 1976 1976 1976 1976 1978 1978 1977 1977 1982 1982 1979 1979 1980 1980 1980 1980 1981 1981 1982 1982 1986 1986 1988 1988 1983 1983 1986 1986 1987 1987 1988 1988 1984 1984 1985 1985 1986 1986 1986 1986 1983 1983 1984 1984 2000 2000 2008 2008 2006 2006 2008 2008 2000 2000 1999 1999 2003 2003 1992 1992 1991 1991 2003 2003 2002 2002 1992 1992 1991 1991 2004 2004 2003 2003 1989 1989 1994 1994 2001 2001 2007 2007 2008 2008 1999 1999 2010 2010 2007 2007 1998 1998 2005 2005 1995 1995 1990 1990 1998 1998 1997 1997 2010 2010 1989 1989 2000 2000 2006 2006 1993 1993 2002 2002 2001 2001 2007 2007 1999 1999 1998 1998 1993 1993 1992 1992 2002 2002 2001 2001 1994 1994 1993 1993 1996 1996 2005 2005 2010 2010 2010 2010 1997 1997 1996 1996 2001 2001 2000 2000 1989 1989 2005 2005 1996 1996 1995 1995 1989 1989 2006 2006 2009 2009 2009 2009 1990 1990 1989 1989 1990 1990 2009 2009 2005 2005 2012 2012 2014 2014 2013 2013 2013 2013 2011 2011 2012 2012 2017 2017 2016 2016 2015 2015 2015 2015 2018 2018 2017 2017 2019 2019 2020 2020 2021 2021 2020 2020 2022 2022 2021 2021 2026 2026 2024 2024 2025 2025 2023 2023 2024 2024 2026 2026 2028 2028 2026 2026 2027 2027 2026 2026 2028 2028 2023 2023 2031 2031 2030 2030 2039 2039 2040 2040 2036 2036 2034 2034 2039 2039 2043 2043 2031 2031 2035 2035 2036 2036 2042 2042 2034 2034 2033 2033 2040 2040 2035 2035 2034 2034 2036 2036 2032 2032 2043 2043 2037 2037 2033 2033 2037 2037 2040 2040 2043 2043 2032 2032 2031 2031 2042 2042 2029 2029 2035 2035 2029 2029 2042 2042 2038 2038 2041 2041 2039 2039 2030 2030 2037 2037 2033 2033 2032 2032 2029 2029 2038 2038 2041 2041 2041 2041 2030 2030 2029 2029 2045 2045 2047 2047 2049 2049 2047 2047 2046 2046 2044 2044 2044 2044 2048 2048 2047 2047 2045 2045 2046 2046 2047 2047 2052 2052 2051 2051 2050 2050 2053 2053 2052 2052 2050 2050 2057 2057 2054 2054 2055 2055 2054 2054 2057 2057 2056 2056 2058 2058 2059 2059 2060 2060 2059 2059 2061 2061 2060 2060 2062 2062 2065 2065 2064 2064 2065 2065 2062 2062 2063 2063 2063 2063 2066 2066 2065 2065 2070 2070 2068 2068 2067 2067 2068 2068 2070 2070 2069 2069 2072 2072 2071 2071 2074 2074 2072 2072 2074 2074 2073 2073 2078 2078 2076 2076 2077 2077 2079 2079 2075 2075 2076 2076 2083 2083 2079 2079 2080 2080 2079 2079 2083 2083 2075 2075 2083 2083 2080 2080 2081 2081 2081 2081 2082 2082 2083 2083 2076 2076 2078 2078 2079 2079 2092 2092 2091 2091 2100 2100 2087 2087 2096 2096 2084 2084 2099 2099 2103 2103 2084 2084 2098 2098 2097 2097 2094 2094 2093 2093 2092 2092 2102 2102 2091 2091 2090 2090 2100 2100 2093 2093 2102 2102 2099 2099 2090 2090 2089 2089 2101 2101 2099 2099 2085 2085 2093 2093 2096 2096 2087 2087 2086 2086 2090 2090 2101 2101 2100 2100 2092 2092 2100 2100 2102 2102 2088 2088 2087 2087 2084 2084 2086 2086 2094 2094 2097 2097 2084 2084 2085 2085 2099 2099 2089 2089 2088 2088 2103 2103 2098 2098 2094 2094 2095 2095 2084 2084 2103 2103 2088 2088 2086 2086 2097 2097 2096 2096 2103 2103 2101 2101 2089 2089 2104 2104 2105 2105 2106 2106 2105 2105 2107 2107 2106 2106 2111 2111 2109 2109 2108 2108 2108 2108 2110 2110 2111 2111 2112 2112 2115 2115 2114 2114 2113 2113 2112 2112 2114 2114 2116 2116 2117 2117 2119 2119 2116 2116 2119 2119 2118 2118 2123 2123 2121 2121 2122 2122 2123 2123 2120 2120 2121 2121 2124 2124 2129 2129 2132 2132 2127 2127 2126 2126 2130 2130 2132 2132 2125 2125 2124 2124 2130 2130 2131 2131 2127 2127 2126 2126 2125 2125 2130 2130 2131 2131 2128 2128 2127 2127 2125 2125 2132 2132 2130 2130 2140 2140 2239 2239 2241 2241 2135 2135 2396 2396 2233 2233 2377 2377 2235 2235 2228 2228 2135 2135 2231 2231 2234 2234 2396 2396 2230 2230 2233 2233 2232 2232 2234 2234 2231 2231 2232 2232 2231 2231 2228 2228 2244 2244 2246 2246 2240 2240 2293 2293 2245 2245 2240 2240 2253 2253 2242 2242 2243 2243 2377 2377 2135 2135 2236 2236 2238 2238 2239 2239 2140 2140 2140 2140 2240 2240 2238 2238 2240 2240 2237 2237 2238 2238 2233 2233 2236 2236 2135 2135 2191 2191 2193 2193 2142 2142 2183 2183 2186 2186 2141 2141 2184 2184 2310 2310 2185 2185 2141 2141 2186 2186 2185 2185 2183 2183 2310 2310 2184 2184 2153 2153 2164 2164 2141 2141 2203 2203 2205 2205 2202 2202 2207 2207 2221 2221 2209 2209 2210 2210 2205 2205 2201 2201 2158 2158 2164 2164 2169 2169 2162 2162 2157 2157 2167 2167 2164 2164 2153 2153 2169 2169 2155 2155 2153 2153 2141 2141 2141 2141 2154 2154 2155 2155 2164 2164 2161 2161 2141 2141 2178 2178 2182 2182 2185 2185 2171 2171 2158 2158 2169 2169 2166 2166 2165 2165 2160 2160 2169 2169 2170 2170 2171 2171 2286 2286 2161 2161 2172 2172 2226 2226 2224 2224 2222 2222 2222 2222 2220 2220 2226 2226 2225 2225 2223 2223 2222 2222 2208 2208 2226 2226 2219 2219 2234 2234 2396 2396 2135 2135 2207 2207 2225 2225 2224 2224 2272 2272 2274 2274 2271 2271 2294 2294 2277 2277 2180 2180 2269 2269 2260 2260 2270 2270 2263 2263 2265 2265 2267 2267 2262 2262 2267 2267 2268 2268 2268 2268 2256 2256 2262 2262 2267 2267 2265 2265 2264 2264 2222 2222 2224 2224 2225 2225 2222 2222 2223 2223 2203 2203 2280 2280 2185 2185 2180 2180 2226 2226 2220 2220 2219 2219 2224 2224 2221 2221 2207 2207 2217 2217 2215 2215 2206 2206 2207 2207 2209 2209 2214 2214 2202 2202 2213 2213 2227 2227 2229 2229 2232 2232 2228 2228 2202 2202 2353 2353 2203 2203 2220 2220 2222 2222 2136 2136 2231 2231 2361 2361 2359 2359 2251 2251 2255 2255 2253 2253 2179 2179 2309 2309 2180 2180 2180 2180 2185 2185 2182 2182 2195 2195 2198 2198 2192 2192 2196 2196 2198 2198 2195 2195 2196 2196 2197 2197 2190 2190 2191 2191 2142 2142 2190 2190 2254 2254 2251 2251 2253 2253 2252 2252 2250 2250 2134 2134 2253 2253 2243 2243 2254 2254 2208 2208 2212 2212 2211 2211 2187 2187 2266 2266 2258 2258 2257 2257 2262 2262 2256 2256 2270 2270 2187 2187 2258 2258 2267 2267 2264 2264 2268 2268 2260 2260 2257 2257 2199 2199 2259 2259 2266 2266 2187 2187 2261 2261 2259 2259 2142 2142 2256 2256 2261 2261 2142 2142 2386 2386 2389 2389 2392 2392 2310 2310 2183 2183 2320 2320 2311 2311 2320 2320 2187 2187 2187 2187 2313 2313 2311 2311 2318 2318 2319 2319 2320 2320 2317 2317 2318 2318 2320 2320 2315 2315 2317 2317 2320 2320 2386 2386 2388 2388 2389 2389 2386 2386 2391 2391 2383 2383 2385 2385 2390 2390 2133 2133 2137 2137 2196 2196 2325 2325 2156 2156 2153 2153 2155 2155 2160 2160 2163 2163 2166 2166 2177 2177 2168 2168 2163 2163 2357 2357 2361 2361 2231 2231 2176 2176 2174 2174 2173 2173 2175 2175 2162 2162 2176 2176 2154 2154 2141 2141 2173 2173 2167 2167 2176 2176 2162 2162 2173 2173 2175 2175 2176 2176 2374 2374 2133 2133 2377 2377 2365 2365 2222 2222 2203 2203 2373 2373 2372 2372 2228 2228 2228 2228 2372 2372 2377 2377 2362 2362 2356 2356 2135 2135 2143 2143 2134 2134 2380 2380 2379 2379 2380 2380 2134 2134 2378 2378 2379 2379 2134 2134 2393 2393 2378 2378 2133 2133 2134 2134 2133 2133 2378 2378 2173 2173 2174 2174 2154 2154 2376 2376 2375 2375 2133 2133 2133 2133 2374 2374 2376 2376 2342 2342 2346 2346 2353 2353 2343 2343 2339 2339 2337 2337 2182 2182 2181 2181 2180 2180 2173 2173 2137 2137 2286 2286 2157 2157 2162 2162 2159 2159 2322 2322 2190 2190 2200 2200 2201 2201 2206 2206 2210 2210 2356 2356 2357 2357 2231 2231 2356 2356 2231 2231 2135 2135 2360 2360 2135 2135 2136 2136 2194 2194 2195 2195 2192 2192 2199 2199 2142 2142 2193 2193 2189 2189 2191 2191 2190 2190 2192 2192 2188 2188 2194 2194 2202 2202 2204 2204 2213 2213 2208 2208 2219 2219 2212 2212 2359 2359 2203 2203 2231 2231 2205 2205 2204 2204 2202 2202 2203 2203 2201 2201 2205 2205 2190 2190 2142 2142 2200 2200 2198 2198 2196 2196 2199 2199 2195 2195 2197 2197 2196 2196 2218 2218 2210 2210 2206 2206 2215 2215 2218 2218 2206 2206 2206 2206 2216 2216 2217 2217 2136 2136 2202 2202 2227 2227 2173 2173 2168 2168 2177 2177 2163 2163 2160 2160 2177 2177 2161 2161 2286 2286 2141 2141 2180 2180 2181 2181 2179 2179 2178 2178 2310 2310 2309 2309 2309 2309 2179 2179 2178 2178 2185 2185 2310 2310 2178 2178 2177 2177 2175 2175 2173 2173 2172 2172 2168 2168 2173 2173 2173 2173 2286 2286 2172 2172 2136 2136 2227 2227 2220 2220 2353 2353 2355 2355 2354 2354 2338 2338 2337 2337 2349 2349 2200 2200 2352 2352 2351 2351 2337 2337 2339 2339 2351 2351 2347 2347 2338 2338 2349 2349 2349 2349 2350 2350 2347 2347 2342 2342 2353 2353 2202 2202 2196 2196 2190 2190 2330 2330 2382 2382 2367 2367 2143 2143 2386 2386 2392 2392 2391 2391 2386 2386 2387 2387 2388 2388 2390 2390 2393 2393 2133 2133 2340 2340 2342 2342 2202 2202 2345 2345 2350 2350 2341 2341 2337 2337 2353 2353 2346 2346 2344 2344 2348 2348 2136 2136 2328 2328 2331 2331 2321 2321 2325 2325 2351 2351 2137 2137 2394 2394 2391 2391 2392 2392 2142 2142 2320 2320 2183 2183 2143 2143 2353 2353 2200 2200 2143 2143 2203 2203 2353 2353 2143 2143 2366 2366 2203 2203 2364 2364 2360 2360 2136 2136 2136 2136 2222 2222 2364 2364 2354 2354 2352 2352 2200 2200 2353 2353 2354 2354 2200 2200 2323 2323 2325 2325 2196 2196 2330 2330 2335 2335 2196 2196 2337 2337 2346 2346 2349 2349 2339 2339 2344 2344 2136 2136 2338 2338 2343 2343 2337 2337 2202 2202 2336 2336 2340 2340 2350 2350 2345 2345 2347 2347 2348 2348 2336 2336 2202 2202 2348 2348 2202 2202 2136 2136 2358 2358 2365 2365 2203 2203 2302 2302 2304 2304 2150 2150 2382 2382 2395 2395 2367 2367 2381 2381 2382 2382 2143 2143 2380 2380 2381 2381 2143 2143 2394 2394 2133 2133 2367 2367 2395 2395 2394 2394 2367 2367 2133 2133 2394 2394 2385 2385 2392 2392 2385 2385 2394 2394 2152 2152 2151 2151 2138 2138 2371 2371 2370 2370 2376 2376 2373 2373 2228 2228 2366 2366 2331 2331 2326 2326 2329 2329 2320 2320 2142 2142 2187 2187 2383 2383 2384 2384 2386 2386 2302 2302 2150 2150 2299 2299 2304 2304 2301 2301 2150 2150 2300 2300 2298 2298 2297 2297 2296 2296 2298 2298 2300 2300 2368 2368 2376 2376 2370 2370 2137 2137 2295 2295 2286 2286 2151 2151 2150 2150 2295 2295 2307 2307 2306 2306 2149 2149 2301 2301 2295 2295 2150 2150 2299 2299 2150 2150 2149 2149 2302 2302 2303 2303 2283 2283 2144 2144 2148 2148 2145 2145 2140 2140 2241 2241 2143 2143 2255 2255 2134 2134 2143 2143 2360 2360 2362 2362 2135 2135 2359 2359 2358 2358 2203 2203 2222 2222 2363 2363 2364 2364 2365 2365 2363 2363 2222 2222 2143 2143 2367 2367 2366 2366 2314 2314 2270 2270 2137 2137 2366 2366 2231 2231 2203 2203 2366 2366 2228 2228 2231 2231 2281 2281 2279 2279 2173 2173 2377 2377 2133 2133 2135 2135 2260 2260 2199 2199 2137 2137 2294 2294 2180 2180 2137 2137 2325 2325 2328 2328 2351 2351 2142 2142 2183 2183 2141 2141 2367 2367 2133 2133 2375 2375 2369 2369 2373 2373 2366 2366 2376 2376 2374 2374 2371 2371 2256 2256 2199 2199 2257 2257 2339 2339 2136 2136 2137 2137 2243 2243 2249 2249 2254 2254 2251 2251 2252 2252 2134 2134 2251 2251 2134 2134 2255 2255 2248 2248 2255 2255 2143 2143 2247 2247 2248 2248 2241 2241 2241 2241 2240 2240 2246 2246 2246 2246 2247 2247 2241 2241 2240 2240 2245 2245 2244 2244 2137 2137 2199 2199 2196 2196 2187 2187 2142 2142 2259 2259 2142 2142 2199 2199 2256 2256 2250 2250 2293 2293 2134 2134 2300 2300 2297 2297 2305 2305 2283 2283 2300 2300 2305 2305 2283 2283 2305 2305 2302 2302 2302 2302 2299 2299 2303 2303 2140 2140 2147 2147 2146 2146 2288 2288 2292 2292 2286 2286 2278 2278 2281 2281 2141 2141 2276 2276 2141 2141 2185 2185 2173 2173 2141 2141 2281 2281 2137 2137 2351 2351 2339 2339 2292 2292 2307 2307 2282 2282 2282 2282 2286 2286 2292 2292 2287 2287 2290 2290 2141 2141 2141 2141 2286 2286 2287 2287 2327 2327 2333 2333 2331 2331 2286 2286 2291 2291 2287 2287 2286 2286 2289 2289 2288 2288 2151 2151 2295 2295 2138 2138 2137 2137 2138 2138 2295 2295 2152 2152 2138 2138 2139 2139 2137 2137 2173 2173 2294 2294 2137 2137 2180 2180 2309 2309 2137 2137 2270 2270 2260 2260 2190 2190 2322 2322 2330 2330 2273 2273 2294 2294 2275 2275 2271 2271 2278 2278 2276 2276 2271 2271 2276 2276 2272 2272 2180 2180 2277 2277 2280 2280 2295 2295 2289 2289 2286 2286 2283 2283 2284 2284 2300 2300 2283 2283 2285 2285 2284 2284 2141 2141 2290 2290 2282 2282 2321 2321 2324 2324 2200 2200 2200 2200 2142 2142 2143 2143 2200 2200 2324 2324 2322 2322 2321 2321 2351 2351 2328 2328 2200 2200 2351 2351 2321 2321 2196 2196 2335 2335 2323 2323 2334 2334 2325 2325 2323 2323 2332 2332 2326 2326 2331 2331 2331 2331 2329 2329 2327 2327 2333 2333 2321 2321 2331 2331 2173 2173 2279 2279 2275 2275 2143 2143 2241 2241 2248 2248 2282 2282 2144 2144 2141 2141 2307 2307 2144 2144 2282 2282 2149 2149 2148 2148 2144 2144 2149 2149 2144 2144 2307 2307 2306 2306 2299 2299 2149 2149 2314 2314 2316 2316 2270 2270 2312 2312 2313 2313 2187 2187 2270 2270 2316 2316 2312 2312 2311 2311 2315 2315 2320 2320 2187 2187 2270 2270 2312 2312 2308 2308 2314 2314 2137 2137 2137 2137 2309 2309 2308 2308 2146 2146 2240 2240 2140 2140 2275 2275 2294 2294 2173 2173 2185 2185 2280 2280 2276 2276 2141 2141 2276 2276 2278 2278 2397 2397 2398 2398 2399 2399 2401 2401 2400 2400 2402 2402 2404 2404 2405 2405 2403 2403 2407 2407 2408 2408 2406 2406 2409 2409 2410 2410 2411 2411 2413 2413 2412 2412 2414 2414 2416 2416 2417 2417 2415 2415 2418 2418 2420 2420 2419 2419 2421 2421 2422 2422 2423 2423 2426 2426 2425 2425 2424 2424 2428 2428 2427 2427 2429 2429 2430 2430 2431 2431 2432 2432 2435 2435 2433 2433 2434 2434 2437 2437 2438 2438 2436 2436 2441 2441 2439 2439 2440 2440 2444 2444 2443 2443 2442 2442 2446 2446 2447 2447 2445 2445 2450 2450 2448 2448 2449 2449 2451 2451 2453 2453 2452 2452 2456 2456 2455 2455 2454 2454 2457 2457 2459 2459 2458 2458 2460 2460 2462 2462 2461 2461 2465 2465 2464 2464 2463 2463 2466 2466 2467 2467 2468 2468 2469 2469 2470 2470 2471 2471 2474 2474 2473 2473 2472 2472 2477 2477 2475 2475 2476 2476 2479 2479 2480 2480 2478 2478 2483 2483 2481 2481 2482 2482 2486 2486 2485 2485 2484 2484 2489 2489 2487 2487 2488 2488 2492 2492 2491 2491 2490 2490 2495 2495 2494 2494 2493 2493 2498 2498 2496 2496 2497 2497 2499 2499 2501 2501 2500 2500 2504 2504 2503 2503 2502 2502 2505 2505 2507 2507 2506 2506 2508 2508 2510 2510 2509 2509 2513 2513 2512 2512 2511 2511 2514 2514 2516 2516 2515 2515 2519 2519 2518 2518 2517 2517 2521 2521 2520 2520 2522 2522 2525 2525 2524 2524 2523 2523 2528 2528 2527 2527 2526 2526 2529 2529 2530 2530 2531 2531 2532 2532 2533 2533 2534 2534 2537 2537 2536 2536 2535 2535 2540 2540 2538 2538 2539 2539 2541 2541 2543 2543 2542 2542 2546 2546 2545 2545 2544 2544 2549 2549 2547 2547 2548 2548 2550 2550 2551 2551 2552 2552 2555 2555 2554 2554 2553 2553 2556 2556 2557 2557 2558 2558 2561 2561 2559 2559 2560 2560 2562 2562 2564 2564 2563 2563 2567 2567 2565 2565 2566 2566 2568 2568 2569 2569 2570 2570 2571 2571 2572 2572 2573 2573 2574 2574 2575 2575 2576 2576 2579 2579 2577 2577 2578 2578 2580 2580 2581 2581 2582 2582 2583 2583 2584 2584 2585 2585 2588 2588 2586 2586 2587 2587 2591 2591 2590 2590 2589 2589 2593 2593 2594 2594 2592 2592 2597 2597 2595 2595 2596 2596 2598 2598 2599 2599 2600 2600 2601 2601 2603 2603 2602 2602 2605 2605 2604 2604 2606 2606 2609 2609 2608 2608 2607 2607 2612 2612 2611 2611 2610 2610 2613 2613 2614 2614 2615 2615 2618 2618 2617 2617 2616 2616 2619 2619 2620 2620 2621 2621 2622 2622 2623 2623 2624 2624 2625 2625 2626 2626 2627 2627 2630 2630 2629 2629 2628 2628 2631 2631 2633 2633 2632 2632 2636 2636 2635 2635 2634 2634 2637 2637 2639 2639 2638 2638 2640 2640 2641 2641 2642 2642 2643 2643 2644 2644 2645 2645 2648 2648 2646 2646 2647 2647 2649 2649 2650 2650 2651 2651 2652 2652 2653 2653 2654 2654 2657 2657 2656 2656 2655 2655 2658 2658 2660 2660 2659 2659 2661 2661 2662 2662 2663 2663 2666 2666 2664 2664 2665 2665 2667 2667 2668 2668 2669 2669 2672 2672 2671 2671 2670 2670 2673 2673 2674 2674 2675 2675 2676 2676 2677 2677 2678 2678 2681 2681 2679 2679 2680 2680 2684 2684 2682 2682 2683 2683 2685 2685 2687 2687 2686 2686 2688 2688 2689 2689 2690 2690 2691 2691 2692 2692 2693 2693 2696 2696 2695 2695 2694 2694 2699 2699 2697 2697 2698 2698 2702 2702 2701 2701 2700 2700 2704 2704 2705 2705 2703 2703 2708 2708 2706 2706 2707 2707 2710 2710 2711 2711 2709 2709 2713 2713 2714 2714 2712 2712 2715 2715 2716 2716 2717 2717 2718 2718 2720 2720 2719 2719 2723 2723 2721 2721 2722 2722 2724 2724 2726 2726 2725 2725 2729 2729 2727 2727 2728 2728 2730 2730 2731 2731 2732 2732 2734 2734 2733 2733 2735 2735 2738 2738 2736 2736 2737 2737 2740 2740 2741 2741 2739 2739 2744 2744 2742 2742 2743 2743 2745 2745 2746 2746 2747 2747 2750 2750 2749 2749 2748 2748 2753 2753 2752 2752 2751 2751 2756 2756 2755 2755 2754 2754 2759 2759 2757 2757 2758 2758 2760 2760 2761 2761 2762 2762 2765 2765 2764 2764 2763 2763 2767 2767 2766 2766 2768 2768 2769 2769 2771 2771 2770 2770 2772 2772 2774 2774 2773 2773 2777 2777 2776 2776 2775 2775 2778 2778 2779 2779 2780 2780 2783 2783 2781 2781 2782 2782 2784 2784 2785 2785 2786 2786 2787 2787 2789 2789 2788 2788 2791 2791 2790 2790 2792 2792 2795 2795 2793 2793 2794 2794 2796 2796 2797 2797 2798 2798 2799 2799 2801 2801 2800 2800 2804 2804 2803 2803 2802 2802 2807 2807 2805 2805 2806 2806</p>
        </triangles>
      </mesh>
    </geometry>
  </library_geometries>
  <library_materials>
    <material id="chrome-material" name="chrome">
      <instance_effect url="#chrome-effect"/>
    </material>
  </library_materials>
  <library_visual_scenes>
    <visual_scene id="scene">
      <node id="node_g0_chrome" name="node_g0_chrome">
        <instance_geometry url="#g0_chrome">
          <bind_material>
            <technique_common>
              <instance_material symbol="chrome-ref" target="#chrome-material"/>
            </technique_common>
          </bind_material>
        </instance_geometry>
      </node>
    </visual_scene>
  </library_visual_scenes>
  <scene>
    <instance_visual_scene url="#scene"/>
  </scene>
</COLLADA>
