<COLLADA xmlns="http://www.collada.org/2005/11/COLLADASchema" version="1.4.1">
  <asset>
    <created>2026-09-29T18:16:49.480773</created>
    <modified>2026-09-29T18:16:49.480776</modified>
    <unit name="meter" meter="1.0"/>
    <up_axis>Z_UP</up_axis>
  </asset>
  <library_effects>
    <effect id="black-effect" name="black-effect">
      <profile_COMMON>
        <technique sid="common">
          <phong>
            <emission>
              <color>0 0 0 1.0</color>
            </emission>
            <ambient>
              <color>0.024 0.024 0.024 1.0</color>
            </ambient>
            <diffuse>
              <color>0.04 0.04 0.04 1.0</color>
            </diffuse>
            <specular>
              <color>0.2 0.2 0.2 1.0</color>
            </specular>
            <shininess>
              <float>10.0</float>
            </shininess>
            <reflective>
              <color>0.0 0.0 0.0 1.0</color>
            </reflective>
            <reflectivity>
              <float>0.0</float>
            </reflectivity>
            <transparent>
              <color>0.0 0.0 0.0 1.0</color>
            </transparent>
            <transparency>
              <float>1.0</float>
            </transparency>
          </phong>
        </technique>
        <extra>
          <technique profile="GOOGLEEARTH">
            <double_sided>0</double_sided>
          </technique>
        </extra>
      </profile_COMMON>
    </effect>
    <effect id="dark_steel-effect" name="dark_steel-effect">
      <profile_COMMON>
        <technique sid="common">
          <phong>
            <emission>
              <color>0 0 0 1.0</color>
            </emission>
            <ambient>
              <color>0.12 0.12 0.132 1.0</color>
            </ambient>
            <diffuse>
              <color>0.2 0.2 0.22 1.0</color>
            </diffuse>
            <specular>
              <color>0.6 0.6 0.6 1.0</color>
            </specular>
            <shininess>
              <float>40.0</float>
            </shininess>
            <reflective>
              <color>0.0 0.0 0.0 1.0</color>
            </reflective>
            <reflectivity>
              <float>0.0</float>
            </reflectivity>
            <transparent>
              <color>0.0 0.0 0.0 1.0</color>
            </transparent>
            <transparency>
              <float>1.0</float>
            </transparency>
          </phong>
        </technique>
        <extra>
          <technique profile="GOOGLEEARTH">
            <double_sided>0</double_sided>
          </technique>
        </extra>
      </profile_COMMON>
    </effect>
  </library_effects>
  <library_geometries>
    <geometry id="g0_black" name="g0_black">
      <mesh>
        <source id="g0_black-pos">
          <float_array count="1020" id="g0_black-pos-array">0.0043711 0.0126113 -0.1754897 0.008067 0.0107289 -0.1754778 0.0128839 0.0041013 -0.1754623 0.0134684 0.0042916 -0.1752086 0.0114973 0.0081584 -0.1752149 0.0084278 0.0112269 -0.1752248 0.0045604 0.0131966 -0.1752373 0.0002735 0.0138748 -0.1752512 0.0002744 0.0132594 -0.1755031 -0.0040132 0.0131952 -0.1752652 -0.0038221 0.0126099 -0.1755164 -0.00788 0.0112241 -0.1752778 -0.0075173 0.0107262 -0.1755285 -0.0109484 0.0081546 -0.1752879 -0.0104496 0.0077929 -0.1755381 -0.0129182 0.0042871 -0.1752944 -0.012332 0.004097 -0.1755443 -0.0135964 2e-07 -0.1752968 -0.0129801 3e-07 -0.1755466 -0.0129167 -0.0042865 -0.1752947 -0.0123306 -0.0040962 -0.1755446 -0.010447 -0.0077914 -0.1755386 -0.0109457 -0.0081533 -0.1752884 -0.0075137 -0.0107238 -0.1755291 -0.0078762 -0.0112218 -0.1752785 -0.0038178 -0.0126062 -0.1755171 -0.0040087 -0.0131915 -0.1752659 0.0002789 -0.0132543 -0.1755038 0.0043754 -0.0126048 -0.1754905 0.0002782 -0.0138698 -0.175252 0.0045648 -0.0131901 -0.1752381 0.0080706 -0.0107211 -0.1754784 0.0084316 -0.011219 -0.1752254 0.0115001 -0.0081495 -0.1752153 0.0110029 -0.0077878 -0.1754688 0.0134698 -0.004282 -0.1752088 0.0128853 -0.0040919 -0.1754625 0.0135334 4.8e-06 -0.1754603 0.0141481 4.9e-06 -0.1752065 0.0134684 0.0042916 -0.1752086 0.0114973 0.0081584 -0.1752149 0.0084278 0.0112269 -0.1752248 0.0137089 0.0043704 -0.1745999 0.0117016 0.0083082 -0.1746063 0.0085757 0.0114331 -0.1746164 0.0045604 0.0131966 -0.1752373 0.0046371 0.0134391 -0.1746292 0.0002735 0.0138748 -0.1752512 0.0002715 0.0141298 -0.1746433 -0.0040132 0.0131952 -0.1752652 -0.004094 0.0134376 -0.1746576 -0.00788 0.0112241 -0.1752778 -0.0080318 0.0114303 -0.1746704 -0.0109484 0.0081546 -0.1752879 -0.0111567 0.0083044 -0.1746807 -0.0129182 0.0042871 -0.1752944 -0.0131626 0.0043658 -0.1746873 -0.0135964 2e-07 -0.1752968 -0.0138533 1e-07 -0.1746897 -0.0129167 -0.0042865 -0.1752947 -0.0131611 -0.0043653 -0.1746876 -0.0109457 -0.0081533 -0.1752884 -0.0078762 -0.0112218 -0.1752785 -0.0040087 -0.0131915 -0.1752659 0.0002782 -0.0138698 -0.175252 0.0045648 -0.0131901 -0.1752381 -0.0040894 -0.013434 -0.1746583 0.0002762 -0.0141247 -0.1746442 0.0046417 -0.0134326 -0.1746299 0.0084316 -0.011219 -0.1752254 0.0085795 -0.0114253 -0.1746171 0.0115001 -0.0081495 -0.1752153 0.0117044 -0.0082993 -0.1746068 0.0134698 -0.004282 -0.1752088 0.0137103 -0.0043608 -0.1746002 0.0141481 4.9e-06 -0.1752065 0.014401 4.9e-06 -0.1745978 0.0136779 -0.0043517 -0.1732137 0.0143672 4.9e-06 -0.1732113 0.0136765 0.0043613 -0.1732134 0.0116733 0.008291 -0.1732199 0.0085578 -0.0114016 -0.1732305 0.0116762 -0.0082821 -0.1732203 0.0046281 -0.0134047 -0.1732434 0.0002717 -0.0140954 -0.1732576 -0.0040849 -0.0134062 -0.1732717 -0.008028 -0.0114281 -0.1746711 -0.0080153 -0.0114044 -0.1732845 -0.0131378 -0.0043563 -0.1733009 -0.0111347 -0.008286 -0.1732945 -0.0138285 1e-07 -0.173303 -0.0131392 0.0043567 -0.1733007 -0.0111375 0.0082871 -0.1732941 -0.0080191 0.0114065 -0.1732838 -0.0040894 0.0134097 -0.173271 0.000267 0.0141004 -0.1732568 0.0046236 0.0134111 -0.1732426 0.0085539 0.0114093 -0.1732299 -0.0111539 -0.0083032 -0.1746812 0.0136779 -0.0043517 -0.1732137 0.0143672 4.9e-06 -0.1732113 0.0136765 0.0043613 -0.1732134 0.0116733 0.008291 -0.1732199 0.0115456 0.0081982 -0.1732047 0.0135264 0.0043125 -0.1731984 0.0142094 4.8e-06 -0.1731963 0.0135278 -0.004303 -0.1731987 0.008465 -0.0112739 -0.1732153 0.0115484 -0.0081894 -0.1732052 0.0085578 -0.0114016 -0.1732305 0.0116762 -0.0082821 -0.1732203 0.0046281 -0.0134047 -0.1732434 0.0045793 -0.0132547 -0.173228 0.0002717 -0.0140954 -0.1732576 0.0002717 -0.0139377 -0.1732421 -0.0040849 -0.0134062 -0.1732717 -0.0080153 -0.0114044 -0.1732845 -0.0040362 -0.0132561 -0.173256 -0.0079226 -0.0112767 -0.1732686 -0.0110071 -0.0081932 -0.1732786 -0.0129878 -0.0043075 -0.1732849 -0.0131378 -0.0043563 -0.1733009 -0.0111347 -0.008286 -0.1732945 -0.0138285 1e-07 -0.173303 -0.0136708 1e-07 -0.173287 -0.0131392 0.0043567 -0.1733007 -0.0129892 0.004308 -0.1732847 -0.0110098 0.0081944 -0.1732781 -0.0111375 0.0082871 -0.1732941 -0.0079264 0.0112789 -0.173268 -0.0080191 0.0114065 -0.1732838 -0.0040894 0.0134097 -0.173271 0.000267 0.0141004 -0.1732568 -0.0040407 0.0132596 -0.1732553 0.0002669 0.0139426 -0.1732413 0.0045748 0.0132611 -0.1732273 0.0046236 0.0134111 -0.1732426 0.0084612 0.0112817 -0.1732147 0.0085539 0.0114093 -0.1732299 0.0115456 0.0081982 -0.1732047 0.0135264 0.0043125 -0.1731984 0.0142094 4.8e-06 -0.1731963 0.0135278 -0.004303 -0.1731987 0.0133968 0.0043001 -0.1442522 0.014078 4e-06 -0.1442501 0.0083451 0.0112508 -0.1442684 -0.0041257 0.0132309 -0.1443379 0.0001727 0.0138831 -0.1442737 -0.0079987 0.011248 -0.1443216 -0.0110739 0.0081717 -0.1443317 -0.0130554 0.0042981 -0.1443672 -0.0137278 -7e-07 -0.1443405 -0.013054 -0.0042993 -0.1443675 -0.0110712 -0.0081722 -0.1443321 -0.0079949 -0.0112475 -0.1443222 0.0044442 0.0131487 -0.1442444 0.0001674 0.0137951 -0.1426479 0.0044388 0.0131486 -0.1425838 -0.0040949 0.0131193 -0.1426617 0.0083269 0.0112333 -0.1425557 -0.0080043 0.011248 -0.1425876 -0.0110796 0.0081716 -0.1425977 -0.0109944 -0.0081125 -0.1426559 0.0083363 -0.0112273 -0.1442479 0.0044736 -0.0132201 -0.1442817 0.0114242 -0.0081684 -0.144259 0.0133014 -0.004261 -0.1441948 0.0113565 0.0081284 -0.144222 0.0139923 4e-06 -0.1425531 0.0133723 -0.0042858 -0.1425397 0.0114185 -0.0081684 -0.142525 0.0083433 -0.0112447 -0.1425351 0.0083276 -0.0112513 -0.136307 0.0044501 -0.0132278 -0.1363197 0.004468 -0.0132201 -0.1425477 0.0001718 -0.0139014 -0.1425617 -0.0041245 -0.0132216 -0.1425757 0.0001516 -0.0139094 -0.1363337 -0.0041472 -0.0132293 -0.1363477 -0.0080005 -0.0112475 -0.1425882 -0.0130522 -0.0042969 -0.1426045 -0.0137334 -7e-07 -0.1426066 -0.0110972 -0.0081724 -0.1363412 -0.0130726 -0.0042971 -0.1363475 -0.0137538 -9e-07 -0.1363496 -0.0080209 -0.0112477 -0.1363312 -0.0110352 0.0081244 -0.1363038 -0.0080247 0.0112478 -0.1363306 -0.0041493 0.0132232 -0.136318 0.0001468 0.0139044 -0.136304 0.0083191 0.0112505 -0.1362774 0.0113954 0.0081753 -0.1362675 0.0114158 0.0081755 -0.1425245 0.0133912 0.0043001 -0.1425182 0.0133784 0.0043023 -0.1362901 0.014052 3.8e-06 -0.1362591 0.0044115 0.013128 -0.1362322 0.0113251 0.0081281 -0.1345705 0.0082665 0.0111856 -0.1345804 0.0044309 0.0132042 -0.1345772 -0.0130797 0.0042954 -0.1346132 -0.0111056 0.0081714 -0.1346067 -0.0080303 0.0112477 -0.1345966 -0.0132599 0.0042963 -0.0815065 -0.0112847 0.0081745 -0.0814999 -0.0082077 0.0112526 -0.0814898 -0.01394 -2.5e-06 -0.0815088 -0.0132585 -0.0043011 -0.0815067 -0.0130782 -0.0042971 -0.1346135 -0.0137594 -1e-06 -0.1346156 -0.0111028 -0.0081725 -0.1346072 -0.0080265 -0.0112477 -0.1345973 0.0133666 -0.0042926 -0.1345274 0.0133726 0.0043023 -0.1344983 0.0140541 3.7e-06 -0.1344962 0.0112233 0.0081783 -0.0814267 0.0131999 0.0043008 -0.0814204 0.0081453 0.0112553 -0.0814366 0.0042671 0.0132306 -0.0814492 -3.16e-05 0.0139107 -0.0814632 0.0001411 0.0139044 -0.13457 -0.0041575 0.0132306 -0.134555 -0.0043302 0.0132291 -0.0814772 0.0138814 2.2e-06 -0.0814183 0.0132013 -0.0042966 -0.0814206 0.0113988 -0.0081733 -0.134505 0.0112261 -0.0081748 -0.0814272 0.0083218 -0.0112513 -0.1345151 0.0081491 -0.0112528 -0.0814373 0.004442 -0.0132204 -0.1345568 0.0042716 -0.0132294 -0.0814499 -2.69e-05 -0.0139109 -0.0814639 0.0001458 -0.0139016 -0.1345708 -0.0043257 -0.0132308 -0.0814779 -0.0041505 -0.0132218 -0.1345847 -0.0082039 -0.0112556 -0.0814905 -0.0112819 -0.0081786 -0.0815004 0.0133723 -0.0042926 -0.1362614 0.0113982 -0.0081686 -0.136268 -0.0130537 0.0042956 -0.1426042 -0.013074 0.0042954 -0.1363472 0.008465 -0.0112739 -0.1732153 0.0115484 -0.0081894 -0.1732052 0.0045793 -0.0132547 -0.173228 0.0002717 -0.0139377 -0.1732421 -0.0040362 -0.0132561 -0.173256 -0.0079226 -0.0112767 -0.1732686 0.0001775 -0.0139013 -0.1442957 -0.0041189 -0.0132215 -0.1443097 -0.0110071 -0.0081932 -0.1732786 -0.0129878 -0.0043075 -0.1732849 -0.0136708 1e-07 -0.173287 -0.0129892 0.004308 -0.1732847 -0.0110098 0.0081944 -0.1732781 -0.0079264 0.0112789 -0.173268 -0.0040407 0.0132596 -0.1732553 0.0002669 0.0139426 -0.1732413 0.0045748 0.0132611 -0.1732273 0.0084612 0.0112817 -0.1732147 -0.0130684 0.0007255 -0.132674 -0.0130673 0.0015251 -0.133059 -0.0144904 0.0014247 -0.1332095 -0.0144915 0.0006728 -0.1328473 -0.0130687 -0.0001521 -0.1325417 -0.0144918 -0.0001523 -0.1327231 -0.0130681 -0.0010297 -0.132674 -0.0144912 -0.0009775 -0.1328473 -0.0144887 0.0020364 -0.1337769 -0.0144864 0.0024537 -0.1344996 -0.0130655 0.0021757 -0.1336625 -0.0130631 0.0026195 -0.1344311 -0.0130603 0.002817 -0.1352966 -0.0144838 0.0026395 -0.1353134 -0.0130574 0.0027507 -0.1361813 -0.0144811 0.0025771 -0.1361455 -0.0130547 0.0024265 -0.1370076 -0.0144785 0.0022722 -0.1369224 -0.0130523 0.0018731 -0.1377015 -0.0144763 0.001752 -0.1375746 -0.0144747 0.0010625 -0.1380448 -0.0144737 0.0002651 -0.1382907 -0.0144736 -0.0005694 -0.1382907 -0.0130506 0.0011399 -0.1382015 -0.0130496 0.0002918 -0.138463 -0.0130494 -0.0005957 -0.138463 -0.0130501 -0.0014438 -0.1382015 -0.0144742 -0.0013669 -0.1380449 -0.0130516 -0.002177 -0.1377017 -0.0144757 -0.0020564 -0.1375747 -0.0144777 -0.0025767 -0.1369225 -0.0144802 -0.0028816 -0.1361457 -0.0130538 -0.0027304 -0.1370077 -0.0130564 -0.0030547 -0.1361815 -0.0130593 -0.003121 -0.1352967 -0.0144829 -0.002944 -0.1353136 -0.0130621 -0.0029236 -0.1344312 -0.0144855 -0.0027583 -0.1344998 -0.014488 -0.0023411 -0.1337771 -0.0144899 -0.0017293 -0.1332096 -0.0130647 -0.0024798 -0.1336627 -0.0130668 -0.0018293 -0.1330591 -0.0155251 0.0016641 -0.1353844 -0.0144904 0.0014247 -0.1332095 -0.0144915 0.0006728 -0.1328473 -0.0144918 -0.0001523 -0.1327231 -0.0144912 -0.0009775 -0.1328473 -0.0155302 -0.0001525 -0.1336989 -0.0155294 0.0008737 -0.1340154 -0.0144887 0.0020364 -0.1337769 -0.0144864 0.0024537 -0.1344996 -0.0144838 0.0026395 -0.1353134 -0.0144811 0.0025771 -0.1361455 -0.0144785 0.0022722 -0.1369224 -0.0144763 0.001752 -0.1375746 -0.0155202 0.0010866 -0.1368558 -0.0144747 0.0010625 -0.1380448 -0.0155185 0.0001191 -0.1373218 -0.0144737 0.0002651 -0.1382907 -0.0144736 -0.0005694 -0.1382907 -0.0144742 -0.0013669 -0.1380449 -0.0155188 -0.0009428 -0.1371617 -0.0144757 -0.0020564 -0.1375747 -0.0155211 -0.00173 -0.1364313 -0.0144777 -0.0025767 -0.1369225 -0.0144802 -0.0028816 -0.1361457 -0.0144829 -0.002944 -0.1353136 -0.0155245 -0.001969 -0.1353845 -0.0144855 -0.0027583 -0.1344998 -0.0155278 -0.0015767 -0.1343847 -0.014488 -0.0023411 -0.1337771 -0.0144899 -0.0017293 -0.1332096 -0.0155251 0.0016641 -0.1353844 -0.0155302 -0.0001525 -0.1336989 -0.0155294 0.0008737 -0.1340154 -0.0155202 0.0010866 -0.1368558 -0.0155185 0.0001191 -0.1373218 -0.0155188 -0.0009428 -0.1371617 -0.0155211 -0.00173 -0.1364313 -0.0155245 -0.001969 -0.1353845 -0.0155278 -0.0015767 -0.1343847</float_array>
          <technique_common>
            <accessor count="340" source="#g0_black-pos-array" stride="3">
              <param type="float" name="X"/>
              <param type="float" name="Y"/>
              <param type="float" name="Z"/>
            </accessor>
          </technique_common>
        </source>
        <source id="g0_black-nrm">
          <float_array count="1020" id="g0_black-nrm-array">0.06846 0.20107 -0.97718 0.12848 0.17 -0.97703 0.20352 0.06674 -0.97679 0.3631 0.11709 -0.92436 0.17752 0.12674 -0.97592 0.22552 0.3064 -0.9248 0.11996 0.36016 -0.92515 0.00295 0.37867 -0.92553 0.00314 0.21141 -0.97739 -0.11406 0.36012 -0.92591 -0.06217 0.20105 -0.97761 -0.2196 0.30632 -0.92625 -0.12109 0.17101 -0.9778 -0.30335 0.22253 -0.92653 -0.16785 0.12424 -0.97795 -0.35713 0.11698 -0.9267 -0.19787 0.06531 -0.97805 -0.37563 -4e-05 -0.92677 -0.2082 -1e-05 -0.97809 -0.35709 -0.11705 -0.92671 -0.19785 -0.06533 -0.97805 -0.16782 -0.12425 -0.97796 -0.3033 -0.2226 -0.92653 -0.12105 -0.17102 -0.9778 -0.21951 -0.30637 -0.92626 -0.06211 -0.20103 -0.97761 -0.11394 -0.36014 -0.92591 0.00321 -0.21136 -0.9774 0.06854 -0.20101 -0.97719 0.00307 -0.37864 -0.92554 0.12009 -0.3601 -0.92515 0.12746 -0.17097 -0.977 0.22564 -0.30629 -0.92481 0.30939 -0.22249 -0.92454 0.17422 -0.12419 -0.97684 0.36314 -0.11692 -0.92437 0.20423 -0.06526 -0.97675 0.21456 6e-05 -0.97671 0.38165 9e-05 -0.92431 0.87827 0.28513 -0.38386 0.74723 0.54218 -0.38431 0.54317 0.74615 -0.38499 0.93551 0.30395 -0.18012 0.79582 0.57798 -0.18059 0.5783 0.79543 -0.18129 0.28608 0.87712 -0.38577 0.30422 0.93502 -0.18216 0.0011 0.9222 -0.38672 0.00043 0.98308 -0.18316 -0.28386 0.87702 -0.38763 -0.30335 0.93492 -0.18414 -0.54091 0.74598 -0.38849 -0.57737 0.79523 -0.18505 -0.74489 0.54193 -0.38916 -0.79482 0.57771 -0.18576 -0.87583 0.28483 -0.3896 -0.93441 0.30364 -0.18622 -0.92092 -0.00014 -0.38976 -0.98248 -0.00016 -0.18639 -0.87573 -0.2851 -0.38963 -0.93431 -0.30394 -0.18624 -0.7447 -0.54216 -0.3892 -0.54065 -0.74614 -0.38855 -0.28356 -0.87708 -0.38772 0.00142 -0.92218 -0.38675 0.28637 -0.87698 -0.38586 -0.30303 -0.93501 -0.18421 0.00077 -0.98307 -0.18321 0.30454 -0.93491 -0.18223 0.54342 -0.74596 -0.38502 0.57857 -0.79522 -0.18133 0.74741 -0.5419 -0.38435 0.79602 -0.5777 -0.18062 0.87835 -0.28481 -0.38391 0.93561 -0.30362 -0.18016 0.92343 0.00016 -0.38376 0.98367 0.00017 -0.17999 0.95082 -0.30879 0.02423 0.9997 0.00017 0.0244 0.95072 0.30911 0.02425 0.80866 0.58779 0.02379 0.58772 -0.80874 0.02304 0.80886 -0.58752 0.02376 0.30903 -0.95079 0.02214 0.0001 -0.99978 0.02111 -0.30885 -0.9509 0.02011 -0.5771 -0.79542 -0.1851 -0.58758 -0.80894 0.0192 -0.95086 -0.30911 0.01805 -0.8088 -0.58779 0.0185 -0.99984 -0.00017 0.01788 -0.95096 0.30879 0.01806 -0.809 0.58752 0.01852 -0.58786 0.80874 0.01925 -0.30918 0.95079 0.02017 -0.00024 0.99978 0.02116 0.30872 0.95089 0.02218 0.58745 0.80893 0.02308 -0.79463 -0.57797 -0.1858 0.08987 -0.03026 0.99549 0.09482 -1e-05 0.99549 0.09 0.03029 0.99548 0.07606 0.05761 0.99544 0.07606 0.05761 0.99544 0.09 0.03029 0.99548 0.09482 -1e-05 0.99549 0.08986 -0.03027 0.99549 0.05431 -0.07921 0.99538 0.07595 -0.05754 0.99545 0.05431 -0.07921 0.99538 0.07595 -0.05754 0.99545 0.02703 -0.09313 0.99529 0.02703 -0.09313 0.99529 -0.00322 -0.09791 0.99519 -0.00322 -0.09791 0.99519 -0.03347 -0.09313 0.99509 -0.06075 -0.07922 0.995 -0.03347 -0.09313 0.99509 -0.06075 -0.07922 0.995 -0.08241 -0.05757 0.99493 -0.09633 -0.03029 0.99489 -0.09633 -0.03029 0.99489 -0.08241 -0.05757 0.99493 -0.10128 -5e-05 0.99486 -0.10128 -5e-05 0.99486 -0.09649 0.03025 0.99487 -0.09649 0.03026 0.99487 -0.08256 0.05758 0.99492 -0.08256 0.05758 0.99492 -0.06088 0.07928 0.99499 -0.06088 0.07928 0.99499 -0.03355 0.09321 0.99508 -0.00325 0.09802 0.99518 -0.03355 0.09321 0.99508 -0.00325 0.09802 0.99518 0.02704 0.09322 0.99528 0.02704 0.09322 0.99528 0.05438 0.0793 0.99537 0.05438 0.0793 0.99537 0.80941 0.58722 0.00545 0.95072 0.31 0.00564 0.99999 0.00017 0.00454 0.95075 -0.3099 0.00629 0.94922 0.31454 0.00655 0.99974 -0.00394 0.02264 0.58375 0.81191 0.00589 -0.30807 0.95077 0.03349 0.00534 0.99966 0.02542 -0.58443 0.81144 0.00283 -0.80859 0.58837 -0.00197 -0.95122 0.3085 -0.00056 -1 0.00021 -0.0024 -0.95089 -0.30953 -0.00058 -0.80575 -0.59174 0.02476 -0.59123 -0.8065 0.00226 0.30783 0.95144 0.00317 -0.00254 0.99981 0.01956 0.30567 0.95213 0.00258 -0.30437 0.95225 0.02408 0.57869 0.81552 0.0068 -0.57922 0.81517 0.0001 -0.80789 0.58933 0.00207 -0.80476 -0.59331 0.01875 0.58707 -0.80953 -0.0028 0.31149 -0.95025 0.00163 0.81505 -0.57938 0.0027 0.94965 -0.31285 -0.01684 0.81119 0.58455 -0.01684 0.99981 0.00284 0.01952 0.95118 -0.30807 -0.01858 0.81231 -0.58323 -0.00071 0.58731 -0.80935 -0.00405 0.58837 -0.80859 0.00153 0.30917 -0.951 0.00258 0.31007 -0.95071 -0.0004 0.00017 -1 -0.00066 -0.30885 -0.95111 -0.00166 0.00016 -1 0.00157 -0.30922 -0.95099 0.00048 -0.59711 -0.80216 -0.00216 -0.94935 -0.31421 -0.0001 -1 0.00017 -0.00298 -0.80758 -0.5897 -0.00822 -0.951 -0.30918 -0.0031 -0.99999 -0.00017 -0.00325 -0.59015 -0.80728 -0.00443 -0.8058 0.59188 -0.01911 -0.59362 0.80473 -0.00486 -0.30881 0.95105 -0.01156 0.00514 0.99995 -0.0082 0.57778 0.81584 0.02414 0.80616 0.59124 0.0231 0.81025 0.58581 -0.01782 0.95268 0.30397 -0.00014 0.95139 0.30798 0.00042 0.99999 0.00019 -0.00363 0.31661 0.9484 -0.01704 0.80258 0.59599 0.02556 0.58714 0.80925 0.01946 0.32077 0.94694 -0.02033 -0.9511 0.30886 -0.00316 -0.80681 0.59035 -0.02338 -0.59144 0.80634 -0.00478 -0.9511 0.30885 -0.00323 -0.80911 0.58765 -0.00276 -0.58796 0.80889 -0.00197 -0.99999 -0.00017 -0.0034 -0.951 -0.30918 -0.00325 -0.951 -0.30918 -0.00318 -0.99999 -0.00017 -0.00333 -0.80891 -0.58792 -0.00272 -0.58792 -0.80892 -0.00174 0.95122 -0.30851 0.00277 0.94901 0.3152 0.00549 1 -0.00106 0.00131 0.80861 0.58834 0.00178 0.951 0.30918 0.0031 0.58765 0.80912 0.00028 0.30919 0.951 -4e-05 -4e-05 1 -0.00031 0.0028 1 -0.00028 -0.30883 0.95111 -0.00297 -0.30913 0.95102 -0.00105 0.99999 0.00012 0.00318 0.95112 -0.30881 0.00301 0.80943 -0.58722 0.00062 0.80911 -0.58765 0.00262 0.58747 -0.80924 0.00161 0.58788 -0.80894 0.00182 0.30867 -0.95117 0.0029 0.30918 -0.951 0.00083 0.00017 -1 -0.00018 0.00016 -1 0.00213 -0.30885 -0.95111 -0.00118 -0.30886 -0.95111 0.00112 -0.58765 -0.80912 -0.00208 -0.80891 -0.58792 -0.0028 0.95136 -0.30809 0.00163 0.80934 -0.58734 0.00047 -0.95121 0.30854 -0.00112 -0.94989 0.31257 -0.0039 0.58773 -0.80905 0.00358 0.80974 -0.58676 0.00549 0.30939 -0.95093 0.0026 0.00017 -1 0.00126 -0.30886 -0.95111 0.00025 -0.58765 -0.80911 -0.00065 0.00017 -1 0.00061 -0.30886 -0.95111 -0.00039 -0.80892 -0.58792 -0.00136 -0.95097 -0.30926 -0.00197 -1 -9e-05 -0.00209 -0.95113 0.30878 -0.00195 -0.80907 0.58772 -0.00145 -0.58792 0.80892 -0.0006 -0.30926 0.95098 0.00016 0.00014 1 0.0016 0.30944 0.95091 0.00417 0.58694 0.80962 0.00447 -0.1263 0.29248 0.94789 -0.12609 0.55897 0.81955 -0.12606 0.55895 0.81956 -0.12629 0.29245 0.9479 -0.12637 -7e-05 0.99198 -0.12637 -7e-05 0.99198 -0.12619 -0.29254 0.94789 -0.1262 -0.29251 0.9479 -0.12562 0.77574 0.61842 -0.12499 0.92368 0.3622 -0.12561 0.77582 0.61832 -0.12498 0.92373 0.36207 -0.12426 0.98951 0.07367 -0.12426 0.9895 0.0738 -0.1235 0.96737 -0.22122 -0.1235 0.96739 -0.22112 -0.12281 0.85928 -0.49654 -0.12276 0.85929 -0.49653 -0.12228 0.67486 -0.72774 -0.12225 0.67492 -0.72769 -0.12181 0.43053 -0.89432 -0.12151 0.14786 -0.98152 -0.12146 -0.14785 -0.98152 -0.12178 0.43043 -0.89437 -0.12151 0.14783 -0.98152 -0.12146 -0.14783 -0.98153 -0.12167 -0.43043 -0.89438 -0.12164 -0.43053 -0.89434 -0.12202 -0.67482 -0.72782 -0.12205 -0.67487 -0.72778 -0.12251 -0.85933 -0.49654 -0.12317 -0.96743 -0.22117 -0.12246 -0.85932 -0.49656 -0.12318 -0.9674 -0.22129 -0.12394 -0.98955 0.07362 -0.12394 -0.98954 0.07376 -0.12468 -0.9238 0.36201 -0.12469 -0.92375 0.36212 -0.12535 -0.77582 0.61838 -0.12589 -0.55906 0.81952 -0.12535 -0.77589 0.61829 -0.12587 -0.55908 0.8195 -0.74444 0.66594 0.04825 -0.68478 0.41159 0.60139 -0.69172 0.21341 0.68991 -0.68479 -0.00013 0.72874 -0.71849 -0.22581 0.65786 -0.73006 -0.03924 0.68226 -0.73002 0.41733 0.54121 -0.71842 0.55776 0.41565 -0.71826 0.64065 0.27143 -0.68459 0.72707 0.05201 -0.71802 0.67301 -0.17753 -0.71781 0.61201 -0.33195 -0.68425 0.49471 -0.53578 -0.72931 0.49233 -0.4751 -0.69098 0.31262 -0.65178 -0.71456 0.10389 -0.69182 -0.68409 0.10823 -0.72132 -0.69087 -0.10747 -0.71495 -0.68408 -0.31559 -0.6576 -0.71453 -0.30293 -0.63063 -0.69092 -0.49052 -0.53105 -0.71468 -0.60497 -0.35107 -0.6842 -0.63051 -0.36652 -0.6911 -0.70411 -0.16316 -0.68434 -0.72731 0.05198 -0.71491 -0.69739 0.0504 -0.69132 -0.67347 0.26176 -0.72982 -0.51021 0.45502 -0.68456 -0.57116 0.45294 -0.71832 -0.37571 0.58554 -0.99999 -0.00017 -0.00325 -0.99999 -0.00017 -0.00325 -0.99999 -0.00017 -0.00325 -0.99999 -0.00017 -0.00325 -0.99999 -0.00017 -0.00325 -0.99999 -0.00017 -0.00325 -0.99999 -0.00017 -0.00325 -0.99999 -0.00017 -0.00325 -0.99999 -0.00017 -0.00325</float_array>
          <technique_common>
            <accessor count="340" source="#g0_black-nrm-array" stride="3">
              <param type="float" name="X"/>
              <param type="float" name="Y"/>
              <param type="float" name="Z"/>
            </accessor>
          </technique_common>
        </source>
        <vertices id="g0_black-pos-vertices">
          <input semantic="POSITION" source="#g0_black-pos"/>
        </vertices>
        <triangles count="455" material="black-ref">
          <input offset="0" semantic="VERTEX" source="#g0_black-pos-vertices"/>
          <input offset="1" semantic="NORMAL" source="#g0_black-nrm"/>
          <p>4 4 3 3 2 2 1 1 4 4 2 2 5 5 4 4 1 1 21 21 19 19 20 20 25 25 24 24 23 23 24 24 22 22 23 23 23 23 22 22 21 21 22 22 19 19 21 21 26 26 24 24 25 25 2 2 25 25 23 23 2 2 23 23 21 21 2 2 27 27 25 25 27 27 26 26 25 25 30 30 29 29 28 28 28 28 29 29 27 27 2 2 28 28 27 27 29 29 26 26 27 27 34 34 32 32 31 31 32 32 30 30 31 31 31 31 30 30 28 28 35 35 33 33 36 36 2 2 34 34 31 31 38 38 35 35 37 37 37 37 35 35 36 36 38 38 2 2 3 3 37 37 2 2 38 38 2 2 37 37 36 36 2 2 36 36 34 34 36 36 33 33 34 34 33 33 32 32 34 34 2 2 21 21 20 20 2 2 31 31 28 28 2 2 10 10 8 8 2 2 12 12 10 10 2 2 16 16 14 14 2 2 14 14 12 12 2 2 18 18 16 16 2 2 20 20 18 18 2 2 8 8 0 0 2 2 0 0 1 1 6 6 5 5 0 0 0 0 5 5 1 1 8 8 6 6 0 0 7 7 6 6 8 8 11 11 9 9 12 12 12 12 9 9 10 10 10 10 7 7 8 8 9 9 7 7 10 10 13 13 11 11 14 14 14 14 11 11 12 12 16 16 13 13 14 14 15 15 13 13 16 16 19 19 17 17 20 20 20 20 17 17 18 18 18 18 15 15 16 16 17 17 15 15 18 18 72 72 70 70 71 71 71 71 70 70 69 69 70 70 68 68 69 69 69 69 68 68 65 65 68 68 67 67 65 65 64 64 66 66 63 63 76 76 39 39 42 42 75 75 39 39 76 76 90 90 56 56 58 58 91 91 54 54 56 56 92 92 93 93 52 52 91 91 92 92 54 54 66 66 86 86 63 63 82 82 70 70 72 72 77 77 72 72 74 74 82 82 81 81 70 70 63 63 86 86 62 62 87 87 89 89 98 98 77 77 82 82 72 72 90 90 91 91 56 56 93 93 50 50 52 52 93 93 94 94 50 50 94 94 48 48 50 50 94 94 95 95 48 48 97 97 43 43 44 44 97 97 80 80 43 43 95 95 96 96 46 46 95 95 46 46 48 48 96 96 44 44 46 46 96 96 97 97 44 44 85 85 87 87 86 86 87 87 98 98 86 86 86 86 98 98 62 62 62 62 98 98 61 61 98 98 60 60 61 61 61 61 60 60 59 59 89 89 88 88 60 60 89 89 60 60 98 98 88 88 90 90 58 58 88 88 58 58 60 60 92 92 52 52 54 54 81 81 68 68 70 70 83 83 67 67 68 68 81 81 83 83 68 68 84 84 85 85 66 66 84 84 66 66 67 67 85 85 86 86 66 66 83 83 84 84 67 67 55 55 54 54 53 53 51 51 50 50 49 49 50 50 48 48 49 49 52 52 50 50 51 51 45 45 44 44 41 41 46 46 44 44 45 45 48 48 46 46 47 47 49 49 48 48 47 47 78 78 74 74 76 76 78 78 77 77 74 74 79 79 76 76 42 42 79 79 78 78 76 76 80 80 42 42 43 43 80 80 79 79 42 42 67 67 66 66 64 64 65 65 67 67 64 64 44 44 43 43 41 41 41 41 43 43 40 40 73 73 72 72 71 71 74 74 72 72 73 73 75 75 74 74 73 73 76 76 74 74 75 75 40 40 42 42 39 39 43 43 42 42 40 40 57 57 56 56 55 55 56 56 54 54 55 55 54 54 52 52 53 53 53 53 52 52 51 51 60 60 58 58 59 59 58 58 56 56 57 57 59 59 58 58 57 57 47 47 46 46 45 45 122 122 116 116 118 118 123 123 120 120 124 124 122 122 118 118 119 119 116 116 115 115 117 117 115 115 114 114 117 117 115 115 113 113 114 114 121 121 119 119 120 120 128 128 125 125 126 126 116 116 117 117 118 118 138 138 135 135 137 137 136 136 132 132 134 134 136 136 134 134 135 135 131 131 130 130 129 129 131 131 129 129 133 133 132 132 133 133 134 134 132 132 131 131 133 133 138 138 136 136 135 135 102 102 138 138 137 137 102 102 137 137 103 103 100 100 101 101 105 105 103 103 104 104 101 101 103 103 101 101 102 102 105 105 101 101 104 104 121 121 122 122 119 119 109 109 108 108 107 107 130 130 127 127 129 129 130 130 128 128 127 127 123 123 121 121 120 120 125 125 124 124 126 126 125 125 123 123 124 124 128 128 126 126 127 127 113 113 112 112 114 114 113 113 111 111 112 112 111 111 109 109 107 107 111 111 107 107 112 112 99 99 100 100 105 105 99 99 105 105 106 106 110 110 99 99 106 106 110 110 106 106 108 108 109 109 110 110 108 108 164 164 243 243 163 163 225 225 237 237 212 212 247 247 245 245 244 244 173 173 174 174 172 172 173 173 175 175 174 174 177 177 175 175 173 173 177 177 176 176 175 175 178 178 176 176 177 177 178 178 179 179 176 176 185 185 179 179 178 178 164 164 244 244 243 243 247 247 244 244 164 164 163 163 243 243 241 241 237 237 195 195 212 212 154 154 249 249 246 246 153 153 249 249 154 154 248 248 246 246 245 245 154 154 246 246 248 248 187 187 158 158 160 160 188 188 158 158 187 187 186 186 160 160 161 161 187 187 160 160 186 186 240 240 161 161 239 239 186 186 161 161 240 240 184 184 239 239 181 181 248 248 245 245 247 247 191 191 192 192 190 190 185 185 178 178 211 211 210 210 185 185 211 211 182 182 185 185 210 210 208 208 182 182 210 210 183 183 182 182 208 208 209 209 183 183 208 208 184 184 183 183 209 209 189 189 157 157 156 156 196 196 157 157 189 189 196 196 159 159 157 157 190 190 159 159 196 196 190 190 192 192 159 159 240 240 239 239 184 184 191 191 193 193 192 192 194 194 193 193 191 191 194 194 168 168 193 193 195 195 168 168 194 194 199 199 189 189 220 220 196 196 189 189 199 199 198 198 196 196 199 199 190 190 196 196 198 198 197 197 190 190 198 198 191 191 190 190 197 197 212 212 195 195 214 214 238 238 171 171 170 170 169 169 144 144 168 168 166 166 144 144 169 169 170 170 166 166 169 169 165 165 166 166 170 170 171 171 165 165 170 170 163 163 165 165 171 171 185 185 162 162 179 179 164 164 163 163 174 174 195 195 169 169 168 168 237 237 169 169 195 195 237 237 170 170 169 169 238 238 170 170 237 237 144 144 143 143 168 168 172 172 171 171 238 238 151 151 252 252 251 251 150 150 252 252 151 151 152 152 251 251 250 250 150 150 253 253 252 252 148 148 254 254 149 149 149 149 254 254 253 253 147 147 256 256 146 146 181 181 152 152 180 180 180 180 153 153 162 162 152 152 153 153 180 180 146 146 148 148 158 158 145 145 192 192 167 167 159 159 192 192 145 145 165 165 241 241 242 242 163 163 241 241 165 165 166 166 242 242 142 142 165 165 242 242 166 166 189 189 156 156 188 188 168 168 143 143 193 193 148 148 255 255 254 254 146 146 255 255 148 148 148 148 149 149 160 160 158 158 148 148 160 160 211 211 178 178 234 234 156 156 146 146 158 158 147 147 146 146 156 156 174 174 163 163 171 171 247 247 164 164 175 175 176 176 247 247 175 175 248 248 247 247 176 176 179 179 248 248 176 176 154 154 248 248 179 179 193 193 167 167 192 192 143 143 167 167 193 193 172 172 174 174 171 171 234 234 177 177 232 232 166 166 142 142 144 144 160 160 149 149 161 161 155 155 147 147 157 157 157 157 147 147 156 156 149 149 253 253 150 150 145 145 139 139 258 258 227 227 238 238 225 225 172 172 238 238 227 227 229 229 172 172 227 227 173 173 172 172 229 229 232 232 173 173 229 229 177 177 173 173 232 232 151 151 251 251 152 152 178 178 177 177 234 234 200 200 184 184 209 209 240 240 184 184 200 200 201 201 240 240 200 200 186 186 240 240 201 201 202 202 186 186 201 201 187 187 186 186 202 202 221 221 187 187 202 202 188 188 187 187 221 221 220 220 188 188 221 221 189 189 188 188 220 220 143 143 141 141 140 140 155 155 258 258 257 257 145 145 155 155 159 159 159 159 155 155 157 157 150 150 151 151 239 239 239 239 151 151 181 181 151 151 152 152 181 181 238 238 237 237 225 225 206 206 209 209 207 207 175 175 164 164 174 174 149 149 150 150 161 161 144 144 142 142 141 141 144 144 141 141 143 143 184 184 181 181 183 183 143 143 140 140 167 167 167 167 140 140 139 139 146 146 256 256 255 255 155 155 257 257 147 147 147 147 257 257 256 256 161 161 150 150 239 239 153 153 154 154 162 162 162 162 154 154 179 179 152 152 250 250 153 153 167 167 139 139 145 145 153 153 250 250 249 249 236 236 210 210 235 235 226 226 225 225 224 224 226 226 227 227 225 225 228 228 227 227 226 226 228 228 229 229 227 227 230 230 229 229 228 228 230 230 232 232 229 229 231 231 232 232 230 230 231 231 234 234 232 232 233 233 234 234 231 231 233 233 211 211 234 234 235 235 211 211 233 233 235 235 210 210 211 211 204 204 201 201 203 203 236 236 208 208 210 210 207 207 208 208 236 236 214 214 194 194 213 213 195 195 194 194 214 214 191 191 213 213 194 194 197 197 213 213 191 191 188 188 156 156 158 158 182 182 162 162 185 185 182 182 180 180 162 162 183 183 180 180 182 182 183 183 181 181 180 180 224 224 212 212 223 223 203 203 201 201 200 200 204 204 202 202 201 201 205 205 202 202 204 204 207 207 209 209 208 208 145 145 258 258 155 155 206 206 200 200 209 209 203 203 200 200 206 206 215 215 213 213 197 197 216 216 213 213 215 215 217 217 197 197 198 198 215 215 197 197 217 217 219 219 199 199 220 220 218 218 199 199 219 219 218 218 198 198 199 199 217 217 198 198 218 218 205 205 221 221 202 202 222 222 221 221 205 205 222 222 220 220 221 221 219 219 220 220 222 222 216 216 214 214 213 213 223 223 214 214 216 216 223 223 212 212 214 214 224 224 225 225 212 212 276 276 273 273 275 275 274 274 271 271 273 273 262 262 263 263 259 259 272 272 271 271 274 274 268 268 270 270 272 272 272 272 270 270 271 271 261 261 260 260 267 267 267 267 260 260 269 269 267 267 269 269 268 268 276 276 275 275 278 278 279 279 282 282 280 280 297 297 299 299 298 298 264 264 265 265 263 263 264 264 263 263 262 262 274 274 273 273 276 276 262 262 259 259 261 261 261 261 259 259 260 260 268 268 269 269 270 270 288 288 285 285 287 287 281 281 284 284 286 286 286 286 284 284 285 285 280 280 283 283 281 281 266 266 265 265 264 264 280 280 282 282 283 283 286 286 285 285 288 288 278 278 275 275 277 277 281 281 283 283 284 284 289 289 287 287 291 291 288 288 287 287 289 289 290 290 291 291 292 292 289 289 291 291 290 290 294 294 292 292 293 293 290 290 292 292 294 294 296 296 293 293 295 295 294 294 293 293 296 296 297 297 295 295 299 299 296 296 295 295 297 297 298 298 299 299 300 300 266 266 300 300 265 265 298 298 300 300 266 266 279 279 277 277 282 282 278 278 277 277 279 279 301 301 311 311 314 314 326 326 325 325 327 327 314 314 313 313 315 315 320 320 319 319 321 321 322 322 324 324 326 326 326 326 324 324 325 325 307 307 303 303 302 302 306 306 303 303 307 307 301 301 308 308 309 309 306 306 304 304 303 303 314 314 311 311 312 312 314 314 312 312 313 313 307 307 302 302 308 308 301 301 310 310 311 311 322 322 323 323 324 324 320 320 321 321 322 322 322 322 321 321 323 323 301 301 309 309 310 310 328 328 327 327 329 329 326 326 327 327 328 328 328 328 329 329 330 330 306 306 305 305 304 304 316 316 315 315 317 317 314 314 315 315 316 316 316 316 317 317 318 318 320 320 318 318 319 319 307 307 308 308 301 301 306 306 330 330 305 305 328 328 330 330 306 306 316 316 318 318 320 320 331 331 336 336 337 337 331 331 337 337 338 338 331 331 339 339 332 332 331 331 332 332 333 333 331 331 335 335 336 336 331 331 334 334 335 335 331 331 338 338 339 339</p>
        </triangles>
      </mesh>
    </geometry>
    <geometry id="g1_dark_steel" name="g1_dark_steel">
      <mesh>
        <source id="g1_dark_steel-pos">
          <float_array count="9411" id="g1_dark_steel-pos-array">0.0193584 0.0029076 0.1272564 0.0193664 0.0017464 0.1248577 0.0193537 0.0019691 0.1287604 0.0193509 0.000465 0.1296989 0.0193551 -0.0019336 0.1285376 0.0193616 -0.0026492 0.1265844 0.0193657 -0.0019415 0.1252847 0.0187106 0.0021285 0.1230931 0.0187043 0.0039544 0.1249191 0.0187204 0.000572 0.1224937 0.0187067 0.0045538 0.1264756 0.0187954 -0.001869 0.1232388 0.0187048 -0.0036971 0.124919 0.0187777 0.0038035 0.1289148 0.018699 0.0043451 0.1282031 0.0172852 -0.0014554 0.1215286 0.0172908 -0.0008881 0.1211193 0.0172948 -0.0002214 0.1209036 0.0174256 0.000483 0.1209652 0.0172904 0.001146 0.1211194 0.0174107 0.0054503 0.125313 0.0174089 0.0058607 0.1258866 0.0172675 0.0059231 0.1279308 0.017273 0.0061389 0.1272641 0.0172753 0.0061389 0.1265634 0.0172496 0.001713 0.1322985 0.0186849 0.0021281 0.1307444 0.0187773 -0.0035501 0.1289156 0.0187735 -0.0018669 0.130592 0.0187054 -0.0042956 0.127361 0.0186917 -0.0003138 0.131343 0.0186899 0.0014136 0.1311344 0.0172761 -0.0056655 0.1258964 0.0172773 -0.0058813 0.1265631 0.017275 -0.0058813 0.1272638 0.0174042 -0.005603 0.1279415 0.0172531 -0.0008884 0.1327078 0.0172527 0.0011457 0.1327079 0.0172556 0.000479 0.1329237 0.0172557 -0.0002217 0.1329237 0.0193389 -0.0002065 0.1240829 0.0115118 -0.001443 0.1214596 0.0115127 0.0011366 0.1210511 0.0115135 0.0004755 0.1208363 0.0115136 -0.0002196 0.1208363 0.011513 -0.0008807 0.121051 0.0114896 0.0059715 0.1279036 0.0114878 0.0055629 0.1284659 0.0114917 0.0061863 0.1272425 0.0114939 0.0061864 0.1265474 0.0114961 0.0059716 0.1258863 0.0114915 -0.005716 0.1279032 0.0114937 -0.0059307 0.1272422 0.011496 -0.0059307 0.1265471 0.0114981 -0.0057159 0.125886 0.0114746 0.0011363 0.1327386 0.0114741 0.0004752 0.1329533 0.0114742 -0.0002199 0.1329534 0.011475 -0.000881 0.1327385 -0.0073746 -0.0015576 0.0982106 -0.0084653 0.0006998 0.0985665 -0.0083784 0.0001252 0.0986123 -0.0073761 0.0007 0.0985701 -0.0084637 -0.0015578 0.0982071 -0.0084591 0.0035961 0.096536 -0.0084622 0.0027971 0.0975139 -0.0084445 0.0044275 0.091997 -0.0084597 -0.0029737 0.0970565 -0.0084511 0.0044148 0.0940198 -0.0084518 -0.0040684 0.0946918 -0.0073752 0.0018084 0.0982107 -0.00737 0.0035962 0.0965396 -0.0073662 0.0041486 0.0953467 -0.0073554 0.0044277 0.0920005 -0.0084015 0.0024101 0.0788895 -0.0073124 0.0024103 0.0788931 -0.0083983 0.0019982 0.077904 -0.0073066 0.0014535 0.0771488 -0.0073951 0.0008142 0.0766707 -0.0083936 0.000473 0.0765451 -0.0073945 0.000126 0.0765074 -0.0073539 -0.0041765 0.0920003 -0.0073649 -0.0038976 0.0953464 -0.0073706 -0.0029735 0.09706 -0.0084653 0.0006998 0.0985665 -0.0083784 0.0001252 0.0986123 -0.0084637 -0.0015578 0.0982071 -0.0084591 0.0035961 0.096536 -0.0084622 0.0027971 0.0975139 -0.0084445 0.0044275 0.091997 -0.0084597 -0.0029737 0.0970565 -0.0084511 0.0044148 0.0940198 -0.0084518 -0.0040684 0.0946918 -0.0084015 0.0024101 0.0788895 -0.0083983 0.0019982 0.077904 -0.0083936 0.000473 0.0765451 -0.0083952 -0.0012017 0.0771452 -0.0084008 -0.0021585 0.0788894 -0.0073746 -0.0015576 0.0982106 -0.0073761 0.0007 0.0985701 -0.0073752 0.0018084 0.0982107 -0.00737 0.0035962 0.0965396 -0.0073662 0.0041486 0.0953467 -0.0073554 0.0044277 0.0920005 -0.0073124 0.0024103 0.0788931 -0.0073066 0.0014535 0.0771488 -0.0073951 0.0008142 0.0766707 -0.0073945 0.000126 0.0765074 -0.0073085 -0.0017464 0.0779074 -0.0073153 -0.002408 0.0800353 -0.0073539 -0.0041765 0.0920003 -0.0073649 -0.0038976 0.0953464 -0.0073706 -0.0029735 0.09706 -0.0083936 0.000473 0.0765451 -0.0073945 0.000126 0.0765074 -0.0083952 -0.0012017 0.0771452 -0.0073085 -0.0017464 0.0779074 -0.0084518 -0.0040684 0.0946918 -0.0083952 -0.0012017 0.0771452 -0.0073085 -0.0017464 0.0779074 -0.0073153 -0.002408 0.0800353 -0.0073539 -0.0041765 0.0920003 -0.0084008 -0.0021585 0.0788894 0.0122542 -0.0011975 0.1358571 0.0092126 -0.0012456 0.1361603 0.0092138 -0.0025878 0.1358544 0.0092157 -0.0038691 0.135351 0.0115292 -0.002474 0.1354967 0.011528 -0.0011878 0.1357897 0.0112145 0.0001275 0.1358788 0.0092122 0.0014999 0.1361604 0.0092121 0.0001271 0.1362639 0.0112153 0.0027264 0.135487 0.0092129 0.0028422 0.1358546 0.0092143 0.0041234 0.1353512 0.0112167 0.0039529 0.1350051 0.0116629 0.0027485 0.1355602 0.0122544 0.0027486 0.1355621 0.0123887 0.0014431 0.1357925 0.012449 0.0001277 0.1358261 0.0124525 -0.003673 0.1349579 0.0125229 -0.0024479 0.135416 0.012527 -0.0047947 0.1342858 0.0123973 -0.0058751 0.1335351 0.0125331 -0.0067041 0.1325143 0.0122595 -0.0048813 0.134412 0.0122694 -0.0075723 0.1315106 0.0122734 -0.0081494 0.1303135 0.0125406 -0.0080064 0.1302583 0.012549 -0.008586 0.1277188 0.0125574 -0.0083912 0.1251216 0.0122862 -0.0087386 0.1264006 0.0122819 -0.0087391 0.1277295 0.0122776 -0.0085406 0.1290434 0.0112383 -0.0084679 0.1290231 0.0112425 -0.0086649 0.1277201 0.0112341 -0.0080801 0.1302826 0.0112301 -0.0075078 0.1314698 0.0092284 -0.0078492 0.131658 0.0092325 -0.008447 0.1304179 0.0092369 -0.0088522 0.1291021 0.0092413 -0.0090579 0.1277409 0.0092458 -0.0090573 0.1263643 0.0112468 -0.0086643 0.1264025 0.0092502 -0.0088526 0.1250031 0.0092544 -0.0084463 0.1236879 0.0112551 -0.0080794 0.1238403 0.0092584 -0.0078495 0.1224473 0.0112588 -0.0075081 0.1226528 0.0092619 -0.0070735 0.1213101 0.009265 -0.0061375 0.1203004 0.0092677 -0.0050608 0.1194425 0.0092697 -0.0038689 0.1187537 0.0092711 -0.0025872 0.1182513 0.011271 -0.0024708 0.1186365 0.0092719 -0.0012452 0.1179445 0.009272 0.0001277 0.1178422 0.0112719 0.000128 0.118245 0.0092714 0.0015005 0.1179445 0.0092702 0.0028425 0.1182515 0.0092683 0.0041242 0.1187539 0.0092659 0.0053161 0.1194428 0.0112661 0.0050946 0.1197772 0.0092629 0.0063927 0.1203008 0.0092595 0.0073286 0.1213105 0.0092557 0.0081045 0.1224478 0.0092515 0.0087013 0.1236883 0.0112523 0.008335 0.1238408 0.0092472 0.0091075 0.1250036 0.0092427 0.0093121 0.1263649 0.0112438 0.0089198 0.126403 0.0092382 0.0093127 0.1277414 0.0112396 0.0089203 0.1277206 0.0092338 0.0091069 0.1291026 0.0112354 0.0087233 0.1290236 0.0092296 0.0087016 0.1304184 0.0112313 0.0083354 0.1302831 0.0092257 0.0081038 0.1316584 0.0092221 0.0073287 0.1327961 0.0112241 0.0070212 0.1325592 0.009219 0.0063919 0.1338049 0.0092164 0.0053159 0.1346635 0.0115341 0.0061305 0.1335327 0.0122633 0.0070797 0.1326094 0.0122603 0.0061754 0.1335832 0.0122578 0.0051367 0.1344123 0.0122668 0.0078279 0.1315111 0.0122706 0.0084051 0.130314 0.0122746 0.0087963 0.1290438 0.0125379 0.0082622 0.1302588 0.012546 0.0088419 0.1277193 0.0125545 0.0086473 0.125122 0.0122832 0.0089944 0.1264011 0.0122875 0.0087969 0.125087 0.0115405 0.0077708 0.1314759 0.0115611 0.0087327 0.1250993 0.0115692 0.0077716 0.12265 0.0122917 0.0084047 0.1238172 0.0123027 0.0061761 0.1205473 0.0125723 0.0050504 0.1198469 0.0125662 0.0069596 0.1216185 0.0125626 0.0076957 0.1226972 0.0125764 0.0027037 0.1187165 0.0123097 0.0027489 0.1185691 0.0123109 0.0014534 0.1182728 0.0117193 0.0014533 0.1182709 0.0115814 0.0039575 0.119111 0.0115762 0.0061312 0.1205932 0.0115729 0.007028 0.1215605 0.0115848 -0.0011874 0.1183354 0.0124452 -0.0024732 0.1186322 0.012506 0.0001282 0.1183063 0.0124438 -0.0037013 0.1191136 0.0123073 -0.0048806 0.1197188 0.0124394 -0.0058751 0.1205957 0.012574 -0.004794 0.1198466 0.0125685 -0.0067034 0.1216181 0.0123017 -0.0068235 0.1215215 0.0122983 -0.0075726 0.1226191 0.0117157 -0.0048807 0.1197169 0.0115752 -0.0067721 0.1215601 0.0115827 -0.0037015 0.1191108 0.011564 -0.0084769 0.1250988 0.0124292 -0.0080874 0.1238413 0.012578 -0.0011742 0.1184254 0.0125308 0.0069597 0.1325146 0.0125253 0.0050502 0.1342861 0.0123908 0.003957 0.1350172 0.0092246 -0.0070743 0.1327957 0.0092211 -0.0061375 0.1338045 0.0115394 -0.0067729 0.1325658 0.0115361 -0.0058753 0.1335323 0.0112203 -0.0048394 0.1343465 0.0116679 -0.0048814 0.1344101 0.0092181 -0.0050616 0.1346632 0.0125331 -0.0067041 0.1325143 0.0122694 -0.0075723 0.1315106 0.0122734 -0.0081494 0.1303135 0.0125406 -0.0080064 0.1302583 0.012549 -0.008586 0.1277188 0.0125574 -0.0083912 0.1251216 0.0122862 -0.0087386 0.1264006 0.0122819 -0.0087391 0.1277295 0.0122776 -0.0085406 0.1290434 0.0122633 0.0070797 0.1326094 0.0122603 0.0061754 0.1335832 0.0122668 0.0078279 0.1315111 0.0122706 0.0084051 0.130314 0.0122746 0.0087963 0.1290438 0.0125379 0.0082622 0.1302588 0.012546 0.0088419 0.1277193 0.0125308 0.0069597 0.1325146 0.0125253 0.0050502 0.1342861 0.012546 0.0088419 0.1277193 0.0125545 0.0086473 0.125122 0.0122832 0.0089944 0.1264011 0.0122875 0.0087969 0.125087 0.0122917 0.0084047 0.1238172 0.0125626 0.0076957 0.1226972 -0.0084138 0.0069815 0.0814409 -0.0084349 0.0063187 0.0876406 -0.0084244 0.0097557 0.0843302 -0.0084535 0.0141653 0.0930442 -0.0084356 0.0120709 0.0876541 -0.0084551 -0.0047999 0.094456 -0.0084339 -0.0063328 0.0876408 -0.008415 -0.0070177 0.0814483 -0.0084211 -0.0097682 0.0843297 -0.0084315 -0.0120835 0.0876534 -0.0084487 -0.0141782 0.0930434 -0.0084677 -0.0158367 0.098979 -0.0084692 -0.0014022 0.0986525 -0.0084647 -0.0032212 0.0973461 -0.008513 -0.0180288 0.1130365 -0.0084697 0.001389 0.0986526 -0.008473 0.0158234 0.0989799 -0.0084674 0.0026545 0.0978846 -0.0085192 0.0180147 0.1130375 -0.0084567 0.0047869 0.0944563 -0.0085647 0.0190712 0.1269737 -0.0085228 0.0123535 0.1123155 -0.0085304 0.0127089 0.1134685 -0.0085366 0.0125689 0.1144487 -0.0085412 0.0121251 0.1153615 -0.0085925 0.0093464 0.1277308 -0.0085838 0.0091404 0.1249821 -0.0085691 0.0064128 0.1178753 -0.0085503 0.0104114 0.1163512 -0.0085719 0.0041348 0.1163248 -0.0085518 0.0100054 0.1163821 -0.008555 0.0088291 0.1161135 -0.0085295 0.0084783 0.111431 -0.0085186 0.0111819 0.1112284 -0.0085206 0.0100055 0.11096 -0.0085424 0.0074818 0.1126805 -0.0085541 0.0073624 0.114274 -0.0085558 0.0078857 0.1153613 -0.0085789 -0.0012523 0.115516 -0.0085715 -0.0038852 0.1163249 -0.0085679 -0.0061633 0.1178751 -0.0085522 -0.0071109 0.1142736 -0.0085542 -0.0076343 0.1153609 -0.008553 -0.0085777 0.116113 -0.0085494 -0.009754 0.1163815 -0.0085421 -0.0112813 0.1159104 -0.0085325 -0.012397 0.1142737 -0.0085241 -0.0123971 0.1130671 -0.0085178 -0.0118734 0.1119802 -0.0085159 -0.0105529 0.1110798 -0.0085197 -0.0093497 0.1109896 -0.0085303 -0.0079098 0.1116831 -0.0085438 -0.0071107 0.1130672 -0.0085816 -0.0088912 0.1249818 -0.0085903 -0.0090974 0.1277301 -0.0085582 -0.0190861 0.1269726 -0.0086001 -0.0084838 0.1304175 -0.008568 -0.0190379 0.1299808 -0.0085753 -0.0186244 0.1322114 -0.0086088 -0.0071054 0.1328049 -0.0085824 -0.0178997 0.1343525 -0.0085892 -0.016865 0.1363705 -0.0086063 -0.0120223 0.1413805 -0.0086012 -0.0139063 0.1399124 -0.0085954 -0.0155285 0.1382337 -0.0086154 -0.0050848 0.1346795 -0.0086106 -0.0099081 0.1426146 -0.0086142 -0.0076027 0.1435949 -0.0086196 -0.0026015 0.1358754 -0.008617 -0.0051509 0.1443067 -0.0086212 0.0001251 0.1362863 -0.0086197 -7.9e-06 0.1448748 -0.0086197 0.002586 0.1447384 -0.0086202 0.0028498 0.1358756 -0.0086168 0.0075869 0.1435954 -0.0086167 0.0053333 0.1346799 -0.008614 0.0098923 0.1426152 -0.0086103 0.0120066 0.1413812 -0.0086059 0.0138907 0.1399133 -0.0086007 0.015513 0.1382346 -0.0086105 0.007354 0.1328055 -0.0085949 0.0168495 0.1363715 -0.0085885 0.0178844 0.1343536 -0.0086021 0.0087326 0.1304181 -0.0085816 0.0186092 0.1322124 -0.0085744 0.0190229 0.1299819 -0.0078966 -6e-06 0.0792603 -0.0084138 0.0069815 0.0814409 -0.0084244 0.0097557 0.0843302 -0.0079885 0.0069881 0.0814098 -0.0084535 0.0141653 0.0930442 -0.0084356 0.0120709 0.0876541 -0.0080047 -0.0070248 0.0814186 -0.008415 -0.0070177 0.0814483 -0.0084211 -0.0097682 0.0843297 -0.0084315 -0.0120835 0.0876534 -0.0084487 -0.0141782 0.0930434 -0.0084677 -0.0158367 0.098979 -0.008513 -0.0180288 0.1130365 -0.008473 0.0158234 0.0989799 -0.0085192 0.0180147 0.1130375 -0.0085647 0.0190712 0.1269737 -0.0085582 -0.0190861 0.1269726 -0.008568 -0.0190379 0.1299808 -0.0085753 -0.0186244 0.1322114 -0.0085824 -0.0178997 0.1343525 -0.0085892 -0.016865 0.1363705 -0.0004331 -0.0196519 0.130598 -0.0004407 -0.019225 0.1329008 -0.000448 -0.0184768 0.1351112 0.0034082 -0.0182482 0.1348352 -0.000423 -0.0197016 0.1274926 0.0077752 -0.0190804 0.1270235 0.0077654 -0.0190323 0.1300311 0.0077581 -0.0186189 0.1322614 0.0078204 -0.0180232 0.1130898 0.0078657 -0.0158315 0.0990341 0.0078604 0.0158238 0.099035 0.0078143 0.0180147 0.1130908 0.00788 0.0141659 0.0931002 0.0078979 0.0120718 0.0877108 0.007909 0.0101682 0.0843875 0.0079188 0.007397 0.0815062 0.0068712 0.0074162 0.0814234 0.0078848 -0.0141733 0.0930994 0.0079019 -0.0120789 0.0877101 0.0079124 -0.0101751 0.0843869 0.0079214 -0.0074241 0.0814264 0.0079269 -5.44e-05 0.0793203 0.0067354 -5.46e-05 0.0791251 0.0068553 -0.0074243 0.0814229 0.0048781 -0.0016197 0.07805 0.0049993 -5.49e-05 0.0780504 0.0048776 0.0016121 0.0780501 0.0041102 -0.0030776 0.0780474 0.0035728 -0.0099574 0.0838323 -0.0002646 -0.005234 0.0780332 -0.0041202 -0.0033598 0.0780207 -0.0054084 -0.0018726 0.0780165 -0.0055317 -5.5e-06 0.0780162 -0.005409 0.0018616 0.0780166 -0.0046411 0.0030683 0.0780191 -0.0002663 0.0052246 0.0780334 0.0035893 0.0033505 0.0780459 0.0035794 0.0071449 0.0808945 -0.0002747 0.0072336 0.0804964 0.0035694 0.009949 0.0838328 -0.0002848 0.0100728 0.0834714 -0.0041313 0.0071436 0.0808695 -0.0074265 0.007023 0.0813769 -0.0002964 0.0124628 0.0869026 -0.0003826 0.0186019 0.1130641 -0.0004297 0.0196895 0.1274937 -0.0003351 0.0163367 0.0985946 -0.0004398 0.0196396 0.1305991 -0.0004472 0.0192125 0.1329018 -0.0004543 0.0184642 0.1351122 -0.0043086 0.0182356 0.1348112 -0.0004609 0.0173959 0.1371953 -0.0043211 0.0158178 0.1387682 -0.0004669 0.0160162 0.1391187 0.0033896 0.0158191 0.1387933 0.007745 0.0178845 0.1344033 0.0077386 0.0168498 0.1364209 0.0077518 0.0186092 0.1322625 0.007759 0.0190228 0.1300322 0.0077688 0.0190711 0.1270245 0.0077327 0.0155134 0.1382838 0.0077276 0.0138914 0.1399621 0.0033843 0.014165 0.1405047 0.0077231 0.0120075 0.1414298 0.0033798 0.012244 0.1420016 -0.0004722 0.0143414 0.1408515 -0.0004768 0.0123963 0.142367 -0.0004806 0.0102138 0.1436408 0.003376 0.0100883 0.1432596 -0.0004835 0.0078338 0.1446527 0.0033732 0.0077377 0.1442592 0.0077194 0.0098936 0.1426635 0.0077166 0.0075885 0.1436438 0.0077147 0.005137 0.1443552 0.0077138 0.0025884 0.1447866 -0.0004855 0.0053026 0.1453873 -0.0004865 0.0026712 0.1458327 0.0033702 -5.9e-06 0.1455638 -0.0004865 -6.6e-06 0.1459737 -0.0043394 0.0052365 0.1449596 -0.0043404 0.0026375 0.1453994 -0.0076321 -7.8e-06 0.14496 -0.0076313 -0.0026082 0.1448231 -0.0043395 -0.002652 0.1453993 -0.0004856 -0.0026844 0.1458325 -0.0043377 -0.0052509 0.1449593 -0.0004837 -0.0053158 0.145387 -0.0043349 -0.0077508 0.1442336 -0.0004808 -0.0078469 0.1446523 -0.0043312 -0.0101014 0.1432339 -0.0043268 -0.0122569 0.1419758 -0.0043216 -0.0141779 0.1404789 -0.0043157 -0.0158319 0.1387674 -0.0004674 -0.0143543 0.1408507 -0.0004726 -0.0124093 0.1423663 -0.0004615 -0.016029 0.1391178 -0.0043093 -0.0171945 0.1368676 -0.000455 -0.0174087 0.1371944 0.0034014 -0.0171932 0.1368927 0.003395 -0.0158306 0.1387924 0.0033891 -0.0141766 0.1405041 0.0077443 -0.0168597 0.13642 0.007738 -0.0155234 0.138283 0.007751 -0.0178942 0.1344023 0.0077323 -0.0139015 0.1399615 0.0077272 -0.0120177 0.1414292 0.0066747 -0.00993 0.1427406 0.0033795 -0.0101001 0.143259 0.0033839 -0.0122556 0.1420009 -0.0004771 -0.0102269 0.1436402 0.0033758 -0.0077495 0.1442587 0.003373 -0.0052496 0.1449844 0.0066684 -0.005161 0.1444369 0.0033711 -0.0026507 0.1454244 0.0077192 -0.0075988 0.1436433 0.0077147 -0.0025987 0.1447865 0.0077138 -5.2e-06 0.144923 -0.0086063 -0.0120223 0.1413805 -0.0086012 -0.0139063 0.1399124 -0.0085954 -0.0155285 0.1382337 -0.0086106 -0.0099081 0.1426146 -0.0086142 -0.0076027 0.1435949 -0.008617 -0.0051509 0.1443067 -0.0086197 -7.9e-06 0.1448748 -0.0086197 0.002586 0.1447384 -0.0086168 0.0075869 0.1435954 -0.008614 0.0098923 0.1426152 -0.0086103 0.0120066 0.1413812 -0.0086059 0.0138907 0.1399133 -0.0086007 0.015513 0.1382346 -0.0043347 0.010087 0.1432345 -0.0043309 0.0122427 0.1419765 -0.0043375 0.0077364 0.1442341 -0.0043264 0.0141637 0.1404798 -0.0085949 0.0168495 0.1363715 -0.0085885 0.0178844 0.1343536 -0.0085816 0.0186092 0.1322124 -0.0085744 0.0190229 0.1299819 -0.0003149 0.014625 0.092467 -0.007265 -7.4e-06 0.0790724 -0.0074241 -0.0070349 0.0813765 -0.0002722 -0.007243 0.080496 -0.0002814 -0.0100824 0.0834708 -0.0002922 -0.0124726 0.0869019 0.0035621 -0.0123181 0.0872211 -0.0003099 -0.0146351 0.0924662 -0.0003763 -0.0186133 0.1130631 -0.0003296 -0.0163472 0.0985937 -0.0084138 0.0069815 0.0814409 -0.0084349 0.0063187 0.0876406 -0.0079885 0.0069881 0.0814098 -0.0080083 0.0063468 0.0875146 -0.0080332 0.0044914 0.0952738 -0.0084567 0.0047869 0.0944563 -0.0078966 -6e-06 0.0792603 -0.0079885 0.0069881 0.0814098 -0.0080083 0.0063468 0.0875146 -0.008029 -0.0047998 0.0944574 -0.0080154 -0.0063714 0.0875184 -0.0080047 -0.0070248 0.0814186 -0.0080437 0.001389 0.098654 -0.0080421 -0.0020583 0.0983259 -0.0080387 -0.0032211 0.0973475 -0.0080414 0.0026546 0.097886 -0.0080378 0.0037002 0.0967263 -0.0080332 0.0044914 0.0952738 -0.008029 -0.0047998 0.0944574 -0.0084551 -0.0047999 0.094456 -0.0080154 -0.0063714 0.0875184 -0.0084339 -0.0063328 0.0876408 -0.0080047 -0.0070248 0.0814186 -0.008415 -0.0070177 0.0814483 -0.0084692 -0.0014022 0.0986525 -0.0084647 -0.0032212 0.0973461 -0.0080421 -0.0020583 0.0983259 -0.0080387 -0.0032211 0.0973475 -0.0084692 -0.0014022 0.0986525 -0.0080437 0.001389 0.098654 -0.0084697 0.001389 0.0986526 -0.0080414 0.0026546 0.097886 -0.0084674 0.0026545 0.0978846 -0.0080378 0.0037002 0.0967263 -0.0084674 0.0026545 0.0978846 -0.0080378 0.0037002 0.0967263 -0.0080332 0.0044914 0.0952738 -0.0084567 0.0047869 0.0944563 -0.0085925 0.0093464 0.1277308 -0.0085838 0.0091404 0.1249821 -0.0080766 0.0088196 0.1250589 -0.0085691 0.0064128 0.1178753 -0.0080536 0.0061909 0.1181178 -0.0085719 0.0041348 0.1163248 -0.0080453 0.0014541 0.1158362 -0.0080483 0.0039944 0.1166199 -0.0085789 -0.0012523 0.115516 -0.0080449 -0.0012045 0.1158362 -0.0085715 -0.0038852 0.1163249 -0.008047 -0.0037449 0.1166197 -0.0080515 -0.0059415 0.1181175 -0.0085679 -0.0061633 0.1178751 -0.0080736 -0.0085705 0.1250584 -0.0085816 -0.0088912 0.1249818 -0.0080822 -0.0087693 0.1277092 -0.0085903 -0.0090974 0.1277301 -0.0080908 -0.0081778 0.130301 -0.0086001 -0.0084838 0.1304175 -0.0080985 -0.0068486 0.1326036 -0.0086088 -0.0071054 0.1328049 -0.0086154 -0.0050848 0.1346795 -0.0081047 -0.0048998 0.1344116 -0.0086196 -0.0026015 0.1358754 -0.0081088 -0.0025046 0.1355651 -0.0086212 0.0001251 0.1362863 -0.0081106 0.0001242 0.1359616 -0.0086202 0.0028498 0.1358756 -0.0081097 0.002753 0.1355653 -0.0086167 0.0053333 0.1346799 -0.0081064 0.0051483 0.1344119 -0.0086105 0.007354 0.1328055 -0.0081008 0.0070972 0.132604 -0.0086021 0.0087326 0.1304181 -0.0080852 0.0090182 0.1277097 -0.0085228 0.0123535 0.1123155 -0.0085304 0.0127089 0.1134685 -0.0085366 0.0125689 0.1144487 -0.0085412 0.0121251 0.1153615 -0.0085503 0.0104114 0.1163512 -0.0066911 0.011182 0.1161196 -0.0085518 0.0100054 0.1163821 -0.008555 0.0088291 0.1161135 -0.0066918 0.0100057 0.1163881 -0.0066907 0.0088295 0.1161195 -0.0066742 0.0096018 0.1109961 -0.0085295 0.0084783 0.111431 -0.006679 0.0123538 0.1123215 -0.006676 0.011533 0.1114372 -0.0066747 0.0108049 0.1110864 -0.0066828 0.0127092 0.1134745 -0.0066866 0.0125295 0.1146676 -0.0066806 0.0073625 0.1130737 -0.0066772 0.0078862 0.1119867 -0.0066845 0.0073627 0.1142801 -0.006687 0.0076579 0.1150325 -0.0085186 0.0111819 0.1112284 -0.0085206 0.0100055 0.11096 -0.0085424 0.0074818 0.1126805 -0.0085541 0.0073624 0.114274 -0.0085558 0.0078857 0.1153613 -0.0066911 0.011182 0.1161196 -0.0066918 0.0100057 0.1163881 -0.0066907 0.0088295 0.1161195 -0.0066742 0.0096018 0.1109961 -0.006679 0.0123538 0.1123215 -0.006676 0.011533 0.1114372 -0.0066747 0.0108049 0.1110864 -0.0066828 0.0127092 0.1134745 -0.0066866 0.0125295 0.1146676 -0.0066806 0.0073625 0.1130737 -0.0066772 0.0078862 0.1119867 -0.0066845 0.0073627 0.1142801 -0.006687 0.0076579 0.1150325 -0.0085522 -0.0071109 0.1142736 -0.0085542 -0.0076343 0.1153609 -0.008553 -0.0085777 0.116113 -0.0085494 -0.009754 0.1163815 -0.0066879 -0.0105528 0.116267 -0.0085421 -0.0112813 0.1159104 -0.0085381 -0.0118736 0.1153608 -0.0066858 -0.0115976 0.1156637 -0.0066812 -0.0123967 0.1142797 -0.0085325 -0.012397 0.1142737 -0.0085241 -0.0123971 0.1130671 -0.0066773 -0.0123968 0.1130731 -0.0066749 -0.0121015 0.1123208 -0.0085178 -0.0118734 0.1119802 -0.0066715 -0.0109299 0.1112337 -0.0085159 -0.0105529 0.1110798 -0.0066709 -0.0101576 0.1109956 -0.0085197 -0.0093497 0.1109896 -0.0066714 -0.0089544 0.1110859 -0.0085303 -0.0079098 0.1116831 -0.0066745 -0.007634 0.1119863 -0.0066782 -0.0071104 0.1130733 -0.0085438 -0.0071107 0.1130672 -0.0066808 -0.00705 0.1138791 -0.0066845 -0.0074058 0.1150321 -0.0066864 -0.0079097 0.1156638 -0.0066878 -0.0085774 0.116119 -0.0066879 -0.0105528 0.116267 -0.0066858 -0.0115976 0.1156637 -0.0066812 -0.0123967 0.1142797 -0.0066773 -0.0123968 0.1130731 -0.0066749 -0.0121015 0.1123208 -0.0066715 -0.0109299 0.1112337 -0.0066709 -0.0101576 0.1109956 -0.0066714 -0.0089544 0.1110859 -0.0066745 -0.007634 0.1119863 -0.0066782 -0.0071104 0.1130733 -0.0066808 -0.00705 0.1138791 -0.0066845 -0.0074058 0.1150321 -0.0066864 -0.0079097 0.1156638 -0.0066878 -0.0085774 0.116119 0.0077752 -0.0190804 0.1270235 0.0077654 -0.0190323 0.1300311 0.0077581 -0.0186189 0.1322614 0.007773 -0.0156197 0.1275049 0.0077814 -0.0156592 0.1249215 0.0078204 -0.0180232 0.1130898 0.0078202 -0.0147916 0.1129532 0.0078592 -0.0129929 0.1008801 0.0078657 -0.0158315 0.0990341 0.0078755 -0.0116321 0.0957825 0.0078716 0.0116246 0.0957831 0.0078548 0.0129851 0.1008808 0.0078152 0.0147831 0.112954 0.0078604 0.0158238 0.099035 0.0078143 0.0180147 0.1130908 0.00788 0.0141659 0.0931002 0.0078869 0.0099061 0.091154 0.0078979 0.0120718 0.0877108 0.007909 0.0101682 0.0843875 0.0078965 0.0083439 0.0882994 0.0079188 0.007397 0.0815062 0.0079094 0.0051872 0.0844836 0.0078903 -0.0099133 0.0911535 0.0078993 -0.008351 0.088299 0.0078848 -0.0141733 0.0930994 0.0079019 -0.0120789 0.0877101 0.0079124 -0.0101751 0.0843869 0.0079111 -0.0051352 0.0844833 0.0079214 -0.0074241 0.0814264 0.0079269 -5.44e-05 0.0793203 0.0079135 -0.0001544 0.0834461 0.007745 0.0178845 0.1344033 0.0077386 0.0168498 0.1364209 0.0077518 0.0186092 0.1322625 0.007759 0.0190228 0.1300322 0.0077688 0.0190711 0.1270245 0.0077677 0.0156104 0.1275058 0.0077556 0.0146761 0.1312604 0.0077501 0.0138271 0.1329934 0.0077327 0.0155134 0.1382838 0.0077276 0.0138914 0.1399621 0.0077407 0.0113992 0.1360351 0.0077231 0.0120075 0.1414298 0.0077194 0.0098936 0.1426635 0.0077166 0.0075885 0.1436438 0.0077337 0.0081185 0.1383555 0.0077296 0.0042149 0.1398086 0.0077147 0.005137 0.1443552 0.0077138 0.0025884 0.1447866 0.0077443 -0.0168597 0.13642 0.007738 -0.0155234 0.138283 0.007751 -0.0178942 0.1344023 0.0077606 -0.0146858 0.1312595 0.0077494 -0.0127402 0.1345928 0.0077445 -0.0114091 0.1360346 0.0077323 -0.0139015 0.1399615 0.0077272 -0.0120177 0.1414292 0.0077364 -0.0081285 0.1383551 0.0077192 -0.0075988 0.1436433 0.0077147 -0.0025987 0.1447865 0.0077138 -5.2e-06 0.144923 0.0077287 -5.1e-06 0.1402962 0.007731 -0.004225 0.1398083 0.007773 -0.0156197 0.1275049 0.0077814 -0.0156592 0.1249215 0.0078202 -0.0147916 0.1129532 0.0082694 -0.0156197 0.1275065 0.0083166 -0.0147915 0.1129548 0.0078592 -0.0129929 0.1008801 0.0083556 -0.0129929 0.1008817 0.0078755 -0.0116321 0.0957825 0.0083719 -0.0116321 0.0957841 0.0083867 -0.0099133 0.0911551 0.0083957 -0.0083509 0.0883006 0.0078903 -0.0099133 0.0911535 0.0078993 -0.008351 0.088299 0.0079111 -0.0051352 0.0844833 0.0084411 -0.0050875 0.084485 0.0077606 -0.0146858 0.1312595 0.0077494 -0.0127402 0.1345928 0.008257 -0.0146857 0.1312612 0.0082459 -0.0127401 0.1345944 0.0077445 -0.0114091 0.1360346 0.0077364 -0.0081285 0.1383551 0.0082328 -0.0081284 0.1383567 0.007731 -0.004225 0.1398083 0.0082694 -0.0156197 0.1275065 0.0083166 -0.0147915 0.1129548 0.0083556 -0.0129929 0.1008817 0.0083719 -0.0116321 0.0957841 0.0083512 0.0129852 0.1008824 0.0083116 0.0147832 0.1129557 0.0083833 0.0099062 0.0911557 0.0083929 0.008344 0.0883011 0.0084058 0.0051873 0.0844852 0.0084773 -5.92e-05 0.0833982 0.0083867 -0.0099133 0.0911551 0.0083957 -0.0083509 0.0883006 0.0084411 -0.0050875 0.084485 0.0082641 0.0156104 0.1275074 0.008252 0.0146762 0.131262 0.0082415 0.0127304 0.1345951 0.0082301 0.0081185 0.1383571 0.008226 0.004215 0.1398102 0.008257 -0.0146857 0.1312612 0.0082459 -0.0127401 0.1345944 0.0082328 -0.0081284 0.1383567 0.0082251 -5e-06 0.1402978 0.0083512 0.0129852 0.1008824 0.0083116 0.0147832 0.1129557 0.0078716 0.0116246 0.0957831 0.0078548 0.0129851 0.1008808 0.0078152 0.0147831 0.112954 0.0078869 0.0099061 0.091154 0.0083833 0.0099062 0.0911557 0.0078965 0.0083439 0.0882994 0.0079094 0.0051872 0.0844836 0.0083929 0.008344 0.0883011 0.0084058 0.0051873 0.0844852 0.0077677 0.0156104 0.1275058 0.0082641 0.0156104 0.1275074 0.0077556 0.0146761 0.1312604 0.008252 0.0146762 0.131262 0.0077501 0.0138271 0.1329934 0.0082415 0.0127304 0.1345951 0.0079094 0.0051872 0.0844836 0.0084058 0.0051873 0.0844852 0.0084773 -5.92e-05 0.0833982 0.0079111 -0.0051352 0.0844833 0.0084411 -0.0050875 0.084485 0.0079135 -0.0001544 0.0834461 0.0048781 -0.0016197 0.07805 0.0049993 -5.49e-05 0.0780504 0.0048776 0.0016121 0.0780501 0.0041102 -0.0030776 0.0780474 0.0057122 -5.48e-05 0.07694 0.0055295 -0.0018231 0.0769394 0.0046649 -0.0034646 0.0769365 0.0070885 -5.45e-05 0.0753132 0.0068607 -0.0022394 0.0753124 0.0057981 -0.0042567 0.0753089 -0.0002608 -0.0058924 0.0769204 -0.0002553 -0.0072404 0.0752891 -0.0002646 -0.005234 0.0780332 -0.0002577 0.0072312 0.0752895 -0.0002628 0.0058832 0.0769208 -0.0002663 0.0052246 0.0780334 0.0035893 0.0033505 0.0780459 0.0046637 0.003457 0.0769367 0.0057967 0.0042495 0.0753091 0.0055288 0.0018158 0.0769395 0.0068599 0.0022326 0.0753125 -0.0002608 -0.0058924 0.0769204 -0.0002553 -0.0072404 0.0752891 -0.0002646 -0.005234 0.0780332 -0.0041202 -0.0033598 0.0780207 -0.0051873 -0.0034662 0.0769045 -0.0063097 -0.0042587 0.0752695 -0.0060525 -0.0021078 0.0769017 -0.0073729 -0.0025893 0.0752661 -0.0054084 -0.0018726 0.0780165 -0.0062378 -5.6e-06 0.0769012 -0.0076035 -5.8e-06 0.0752654 -0.0055317 -5.5e-06 0.0780162 -0.0060532 0.0020966 0.0769018 -0.0073738 0.0025777 0.0752662 -0.0051885 0.0034553 0.0769047 -0.0063112 0.0042475 0.0752697 -0.0002577 0.0072312 0.0752895 -0.0002628 0.0058832 0.0769208 -0.005409 0.0018616 0.0780166 -0.0046411 0.0030683 0.0780191 -0.0002663 0.0052246 0.0780334 0.0082415 0.0127304 0.1345951 0.0077407 0.0113992 0.1360351 0.0077337 0.0081185 0.1383555 0.0082301 0.0081185 0.1383571 0.008226 0.004215 0.1398102 0.0077296 0.0042149 0.1398086 0.0077287 -5.1e-06 0.1402962 0.007731 -0.004225 0.1398083 0.0082251 -5e-06 0.1402978 -0.0080766 0.0088196 0.1250589 -0.0080536 0.0061909 0.1181178 -0.0080453 0.0014541 0.1158362 -0.0080483 0.0039944 0.1166199 -0.0080449 -0.0012045 0.1158362 -0.008047 -0.0037449 0.1166197 -0.0080515 -0.0059415 0.1181175 -0.0080736 -0.0085705 0.1250584 -0.0080822 -0.0087693 0.1277092 -0.0080908 -0.0081778 0.130301 -0.0080985 -0.0068486 0.1326036 -0.0081047 -0.0048998 0.1344116 -0.0081088 -0.0025046 0.1355651 -0.0081106 0.0001242 0.1359616 -0.0081097 0.002753 0.1355653 -0.0081064 0.0051483 0.1344119 -0.0081008 0.0070972 0.132604 -0.0080852 0.0090182 0.1277097 0.0032427 -0.0115882 0.0703675 -0.0005211 -0.012185 0.0703552 0.0092474 -0.0071009 0.0704634 0.0109621 -0.0037342 0.070469 0.006638 -0.0098576 0.0703786 0.0033415 -0.011892 0.0703678 0.0068258 -0.0101159 0.0703792 0.0095907 -0.0073501 0.0703883 0.0114653 -0.0038975 0.0703182 0.0120815 -2.4e-06 0.0703203 0.009673 0.007406 0.0703127 -0.0005208 -0.012609 0.070279 -0.0043839 -0.0118933 0.0703426 -0.0078687 -0.0101184 0.0703314 -0.0042531 -0.0114901 0.0704193 -0.0076198 -0.0097754 0.0704084 -0.0103762 -0.0071657 0.0703233 -0.0106346 -0.0073535 0.0703225 -0.0120077 -0.0037381 0.0703943 -0.0127037 -6.5e-06 0.0703159 -0.012009 0.0037252 0.0703945 -0.0103786 0.0071534 0.0703237 -0.0106371 0.0073411 0.0703229 -0.012412 0.0038562 0.070317 -0.0131274 -6.6e-06 0.0702383 -0.0125098 -0.0039015 0.0702402 -0.0079334 0.0101915 0.0702555 -0.00442 0.0119825 0.070267 -0.0005253 0.0124955 0.0703559 -0.0042891 0.0115792 0.0703436 -0.0076844 0.0098486 0.0703325 -0.0005255 0.0120715 0.0704321 0.0032388 0.0115805 0.0703681 0.0065729 0.0097664 0.0704551 0.0093298 0.0071567 0.0703878 0.0109608 0.0037291 0.0704692 0.0116573 -2.4e-06 0.0703952 0.0113643 0.0038602 0.0703943 0.0068224 0.0101094 0.0703797 0.00337 0.0119838 0.0702923 0.0032427 -0.0115882 0.0703675 -0.0005211 -0.012185 0.0703552 0.0096678 -0.003319 0.0751866 0.0101924 -2.8e-06 0.0751884 0.0091764 -3e-06 0.075648 0.008144 -0.0063108 0.0751816 0.0073216 -0.0057147 0.0756418 0.0087003 0.0029996 0.0756465 0.0073197 0.005708 0.0756421 0.0051697 0.0078573 0.0756352 0.0024607 0.009237 0.0756264 -0.000542 0.0097121 0.0756166 -0.0035445 0.009236 0.0756069 -0.0084023 0.0057054 0.075591 -0.0097819 0.0029964 0.0755864 -0.0097809 -0.0030088 0.0755862 -0.0084003 -0.0057173 0.0755906 -0.0062503 -0.0078666 0.0755976 -0.0035414 -0.0092463 0.0756064 -0.0005387 -0.0097214 0.0756161 0.0024639 -0.0092453 0.0756259 0.0051724 -0.0078647 0.0756347 0.0057703 -0.0086854 0.0751738 0.0061373 -0.0091869 0.0744148 0.0086482 -0.0066752 0.0744231 0.01026 -0.0035106 0.0744284 0.0064082 -0.0095541 0.0731805 0.0090195 -0.0069419 0.073189 0.0106957 -0.0036507 0.0731946 0.010815 -2.7e-06 0.0744303 0.0112729 -2.6e-06 0.0731966 0.0065306 -0.0097111 0.0706628 0.0092474 -0.0071009 0.0704634 0.0109621 -0.0037342 0.070469 0.006638 -0.0098576 0.0703786 0.0031858 -0.011416 0.0706519 -0.0042531 -0.0114901 0.0704193 -0.0076198 -0.0097754 0.0704084 -0.0103762 -0.0071657 0.0703233 -0.0102307 -0.0070592 0.0706084 -0.0005221 -0.012004 0.0706398 -0.0005303 -0.0118099 0.0731578 0.0031176 -0.0112314 0.0731697 -0.0005344 -0.011356 0.0743931 0.0029732 -0.0107998 0.0744045 0.0027791 -0.0102101 0.075164 -0.000537 -0.0107359 0.0751532 -0.0038532 -0.0102112 0.0751424 -0.0040422 -0.010801 0.0743817 -0.006845 -0.0086875 0.0751327 -0.0072069 -0.0091892 0.0743714 -0.0074696 -0.0095564 0.0731353 -0.0041784 -0.0112327 0.073146 -0.0100818 -0.0069452 0.0731269 -0.0117591 -0.0036545 0.0731215 -0.0113315 -0.0035142 0.0743582 -0.0097186 -0.0066783 0.0743633 -0.0092195 -0.0063138 0.0751251 -0.0107442 -0.0033225 0.0751202 -0.01127 -6.4e-06 0.0751186 -0.0118876 -6.5e-06 0.0743564 -0.0123375 -6.6e-06 0.0731198 -0.0107454 0.0033098 0.0751204 -0.0113327 0.0035013 0.0743583 -0.0117604 0.0036416 0.0731217 -0.0125235 -6.5e-06 0.0706011 -0.0120077 -0.0037381 0.0703943 -0.0127037 -6.5e-06 0.0703159 -0.012009 0.0037252 0.0703945 -0.0103786 0.0071534 0.0703237 -0.010233 0.007047 0.0706087 -0.0042891 0.0115792 0.0703436 -0.0076844 0.0098486 0.0703325 -0.0005255 0.0120715 0.0704321 0.0032388 0.0115805 0.0703681 0.003182 0.0114083 0.0706525 -0.0042341 0.011407 0.0706284 -0.0075788 0.0097021 0.0706175 -0.0074729 0.0095449 0.0731358 -0.0100841 0.0069328 0.0731273 -0.00721 0.0091777 0.0743719 -0.0097209 0.006666 0.0743637 -0.0092216 0.0063016 0.0751254 -0.0068479 0.0086761 0.0751332 -0.0038567 0.0102009 0.075143 -0.0040459 0.0107906 0.0743823 -0.0005406 0.0107267 0.0751538 -0.0005383 0.0113468 0.0743937 -0.0005343 0.0118007 0.0731585 -0.0041822 0.0112223 0.0731466 0.0031138 0.0112235 0.0731703 0.006405 0.0095473 0.073181 0.0061343 0.00918 0.0744153 0.0029696 0.0107918 0.0744051 0.0027756 0.010202 0.0751646 0.0057674 0.0086782 0.0751743 0.0081419 0.0063045 0.0751819 0.0086459 0.0066691 0.0744234 0.0090171 0.006936 0.0731894 0.0102588 0.003505 0.0744286 0.0106945 0.0036454 0.0731948 0.0096666 0.0033133 0.0751868 0.0091824 0.0070502 0.0706719 0.0114753 -2.5e-06 0.0706792 0.0065729 0.0097664 0.0704551 0.0093298 0.0071567 0.0703878 0.0109608 0.0037291 0.0704692 0.0116573 -2.4e-06 0.0703952 0.0033415 -0.011892 0.0703678 0.0068258 -0.0101159 0.0703792 0.0095907 -0.0073501 0.0703883 0.0033984 -0.0120642 0.0700834 0.0069332 -0.0102624 0.070095 0.0097381 -0.0074565 0.0701042 0.0114653 -0.0038975 0.0703182 -0.0005208 -0.012609 0.070279 0.0120815 -2.4e-06 0.0703203 0.0115374 0.0039162 0.0701104 0.009673 0.007406 0.0703127 0.0113643 0.0038602 0.0703943 0.009673 0.007406 0.0703127 0.0069297 0.010256 0.0700956 0.0068224 0.0101094 0.0703797 0.00337 0.0119838 0.0702923 0.0033984 -0.0120642 0.0700834 0.0069332 -0.0102624 0.070095 0.0097381 -0.0074565 0.0701042 0.0114653 -0.0038975 0.0703182 0.0120815 -2.4e-06 0.0703203 0.0115374 0.0039162 0.0701104 0.009673 0.007406 0.0703127 0.0069297 0.010256 0.0700956 0.0120169 0.0039289 -0.0690743 0.0102111 0.0074714 -0.0690801 0.0073989 0.0102826 -0.0690892 0.0038558 0.0120872 -0.0691006 -7.16e-05 0.0127086 -0.0691134 -0.0039988 0.0120859 -0.0691262 -0.0075414 0.0102801 -0.0691378 -0.0103525 0.007468 -0.069147 -0.0121571 0.0039248 -0.069153 -0.0127785 -2.6e-06 -0.0691551 -0.0121558 -0.0039299 -0.0691532 -0.01035 -0.0074724 -0.0691474 -0.0075379 -0.0102836 -0.0691383 -0.0039947 -0.0120882 -0.0691269 -6.73e-05 -0.0127096 -0.0691141 0.0038599 -0.0120869 -0.0691013 0.0074024 -0.0102811 -0.0690897 0.0102136 -0.0074689 -0.0690805 0.0120182 -0.0039258 -0.0690745 0.0126395 1.7e-06 -0.0690724 -0.0005208 -0.012609 0.070279 -0.0044389 -0.0120655 0.070058 -0.0079742 -0.0102649 0.0700465 -0.0131274 -6.6e-06 0.0702383 -0.0107827 0.0074475 0.0700379 -0.0125833 0.0039121 0.0700319 -0.0125098 -0.0039015 0.0702402 -0.0107801 -0.00746 0.0700375 -0.0079334 0.0101915 0.0702555 -0.00442 0.0119825 0.070267 -0.0005244 0.0126766 0.0700714 0.00337 0.0119838 0.0702923 -0.0005208 -0.012609 0.070279 -0.0044389 -0.0120655 0.070058 -0.0043839 -0.0118933 0.0703426 -0.0079742 -0.0102649 0.0700465 -0.0078687 -0.0101184 0.0703314 -0.0106346 -0.0073535 0.0703225 -0.0125098 -0.0039015 0.0702402 -0.0107801 -0.00746 0.0700375 -0.0106371 0.0073411 0.0703229 -0.012412 0.0038562 0.070317 -0.0131274 -6.6e-06 0.0702383 -0.0107827 0.0074475 0.0700379 -0.0125833 0.0039121 0.0700319 -0.0079334 0.0101915 0.0702555 -0.00442 0.0119825 0.070267 -0.0005244 0.0126766 0.0700714 -0.0005253 0.0124955 0.0703559 0.00337 0.0119838 0.0702923 0.0140237 -0.0019824 0.0657977 0.0140263 -0.0028018 0.0650377 0.0140215 0.0012352 0.0662829 0.0140229 0.0022423 0.0657978 0.0140212 0.0001299 0.0664495 0.0139557 -0.0009754 0.0662827 0.0140253 0.0030617 0.0650378 0.0140283 0.0036206 0.0640698 0.0140318 0.0038694 0.0629799 0.0140355 0.0037859 0.0618655 0.0140389 0.0033775 0.0608249 0.0140419 0.0026806 0.0599511 0.0140441 0.0017571 0.0593212 0.0139791 0.000689 0.0589915 0.0140447 -0.0014969 0.0593211 0.0140428 -0.0024204 0.0599509 0.01404 -0.0031174 0.0608247 0.0140367 -0.0035258 0.0618653 0.0140331 -0.0036094 0.0629797 0.0140295 -0.0033606 0.0640696 0.0124319 0.0001297 0.0660869 0.0124325 -0.0008697 0.0659362 0.0126664 -0.0009864999 0.0663135 0.0126657 0.0001297 0.0664819 0.0124341 -0.0017802 0.0654977 0.0126682 -0.0020035 0.0658239 0.0124322 0.001129 0.0659362 0.012666 0.0012459 0.0663136 0.0126675 0.0022629 0.065824 0.0126708 -0.0028309 0.0650561 0.0126741 -0.0033952 0.0640785 0.0126777 -0.0036464 0.062978 0.0126814 -0.003562 0.0618525 0.0126847 -0.0031496 0.0608017 0.0126875 -0.0024458 0.0599191 0.0126894 -0.0015131 0.0592833 0.0126903 -0.0004345 0.0589506 0.0126901 0.0006943 0.0589506 0.0126888 0.0017729 0.0592833 0.0126866 0.0027055 0.0599193 0.0126836 0.0034093 0.0608019 0.0126801 0.0038217 0.0618527 0.0126764 0.003906 0.0629782 0.0126729 0.0036548 0.0640787 0.0126698 0.0030903 0.0650563 0.0124356 0.0027804 0.0648105 0.0124335 0.0020395 0.0654978 0.0124384 0.0032857 0.0639353 0.0124415 0.0035106 0.06295 0.0124479 0.0030659 0.0610015 0.0124506 0.0024358 0.0602112 0.0124526 0.0016008 0.0596419 0.0124537 0.0006352 0.0593441 0.0124539 -0.0003754 0.059344 0.0124427 -0.0032511 0.0629498 0.0124394 -0.0030263 0.0639352 0.0124365 -0.002521 0.0648103 0.0124459 -0.0031756 0.0619422 0.0124489 -0.0028063 0.0610014 0.0124514 -0.0021762 0.0602111 0.0124531 -0.0013412 0.0596418 0.0124448 0.0034351 0.0619424 0.0140237 -0.0019824 0.0657977 0.0140263 -0.0028018 0.0650377 0.0126664 -0.0009864999 0.0663135 0.0126657 0.0001297 0.0664819 0.0126682 -0.0020035 0.0658239 0.0135459 -0.0019825 0.0657962 0.0135442 -0.0009754 0.0662813 0.0135435 0.0001298 0.066448 0.012666 0.0012459 0.0663136 0.0135438 0.0012351 0.0662814 0.0135452 0.0022422 0.0657963 0.0126675 0.0022629 0.065824 0.0140215 0.0012352 0.0662829 0.0140229 0.0022423 0.0657978 0.0140212 0.0001299 0.0664495 0.0139557 -0.0009754 0.0662827 0.0135486 -0.0028019 0.0650361 0.0126708 -0.0028309 0.0650561 0.0126741 -0.0033952 0.0640785 0.0135518 -0.0033607 0.064068 0.0126777 -0.0036464 0.062978 0.0135554 -0.0036094 0.0629781 0.013559 -0.0035259 0.0618637 0.0136085 -0.0031827 0.0607856 0.0126814 -0.003562 0.0618525 0.0126847 -0.0031496 0.0608017 0.0126875 -0.0024458 0.0599191 0.013565 -0.0024205 0.0599494 0.0126894 -0.0015131 0.0592833 0.0135669 -0.001497 0.0593196 0.0135678 -0.0004289 0.0589901 0.0136139 0.0007002 0.0589158 0.0126903 -0.0004345 0.0589506 0.0126901 0.0006943 0.0589506 0.0126888 0.0017729 0.0592833 0.0135664 0.0017571 0.0593197 0.0126866 0.0027055 0.0599193 0.0135642 0.0026806 0.0599495 0.0135612 0.0033775 0.0608233 0.0135578 0.0037858 0.0618639 0.0126836 0.0034093 0.0608019 0.0126801 0.0038217 0.0618527 0.0126764 0.003906 0.0629782 0.0135541 0.0038693 0.0629783 0.0126729 0.0036548 0.0640787 0.0135506 0.0036205 0.0640682 0.0135476 0.0030616 0.0650363 0.0126698 0.0030903 0.0650563 0.0140253 0.0030617 0.0650378 0.0140283 0.0036206 0.0640698 0.0140318 0.0038694 0.0629799 0.0140355 0.0037859 0.0618655 0.0140389 0.0033775 0.0608249 0.0140419 0.0026806 0.0599511 0.0140441 0.0017571 0.0593212 0.0139791 0.000689 0.0589915 0.0140447 -0.0014969 0.0593211 0.0140428 -0.0024204 0.0599509 0.01404 -0.0031174 0.0608247 0.0140367 -0.0035258 0.0618653 0.0140331 -0.0036094 0.0629797 0.0140295 -0.0033606 0.0640696 0.0124319 0.0001297 0.0660869 0.0124325 -0.0008697 0.0659362 0.0124341 -0.0017802 0.0654977 0.0124322 0.001129 0.0659362 0.0124356 0.0027804 0.0648105 0.0124335 0.0020395 0.0654978 0.0124384 0.0032857 0.0639353 0.0124415 0.0035106 0.06295 -0.014924 0.0030414 0.0628287 -0.0149267 0.0028474 0.0636787 -0.0149291 0.0024115 0.0644336 -0.0149212 0.0029762 0.0619596 -0.01557 0.0031971 0.0619058 -0.0155731 0.0032673 0.0628423 -0.0149185 0.0026578 0.061148 -0.0149162 0.0021143 0.0604664 -0.0155646 0.0022683 0.0602969 -0.0149144 0.0013941 0.0599753 0.0124479 0.0030659 0.0610015 0.0124506 0.0024358 0.0602112 0.0124526 0.0016008 0.0596419 0.0124537 0.0006352 0.0593441 -0.0149135 0.0005611 0.0597184 0.0124539 -0.0003754 0.059344 -0.0149133 -0.0003107 0.0597183 -0.0155617 0.0005947 0.0594909 -0.0155628 0.0014923 0.0597677 -0.0155616 -0.0003445 0.0594909 -0.0155623 -0.0012421 0.0597676 -0.0155639 -0.0020182 0.0602967 -0.014914 -0.0011437 0.0599752 -0.0149155 -0.0018639 0.0604663 -0.0155662 -0.0026038 0.0610312 -0.0149176 -0.0024075 0.0611479 0.0121353 -0.0021037 0.0602889 -0.0149202 -0.002726 0.0619595 -0.014923 -0.0027911 0.0628286 -0.015572 -0.0030172 0.0628421 -0.015575 -0.0028083 0.0637579 -0.0149258 -0.0025972 0.0636785 -0.0149284 -0.0021613 0.0644334 0.0124427 -0.0032511 0.0629498 0.0124394 -0.0030263 0.0639352 0.0124365 -0.002521 0.0648103 0.0124459 -0.0031756 0.0619422 0.0124489 -0.0028063 0.0610014 0.0124514 -0.0021762 0.0602111 0.0124531 -0.0013412 0.0596418 -0.0149304 -0.0015223 0.0650263 -0.0149318 -0.000737 0.0654045 -0.01558 -0.0016501 0.0652102 -0.0155814 -0.0008039 0.0656178 -0.015582 0.0001249 0.0657578 -0.0155817 0.0010537 0.0656178 -0.0155806 0.0019 0.0652103 -0.014932 0.0009869999 0.0654046 -0.0149309 0.0017724 0.0650264 -0.0149323 0.000125 0.0655346 0.012118 0.0019793 0.0654092 -0.0155786 0.0025885 0.0645715 0.0124448 0.0034351 0.0619424 -0.01557 0.0031971 0.0619058 -0.0155731 0.0032673 0.0628423 -0.0155646 0.0022683 0.0602969 -0.0155617 0.0005947 0.0594909 -0.0155628 0.0014923 0.0597677 -0.0155616 -0.0003445 0.0594909 -0.0157643 0.0006833 0.0588989 -0.0157655 0.0017502 0.059228 -0.0157641 -0.0004332 0.0588989 -0.015765 -0.0015001 0.0592279 -0.0155623 -0.0012421 0.0597676 -0.0157669 -0.0024226 0.0598569 -0.0155639 -0.0020182 0.0602967 -0.0155662 -0.0026038 0.0610312 -0.015572 -0.0030172 0.0628421 -0.0157765 -0.0036102 0.0628825 -0.0157729 -0.0035267 0.0617693 -0.0157696 -0.0031188 0.06073 -0.0157801 -0.0033618 0.0639712 -0.015575 -0.0028083 0.0637579 -0.0157833 -0.0028036 0.0649381 -0.01558 -0.0016501 0.0652102 -0.0155814 -0.0008039 0.0656178 -0.0157877 -0.0009792 0.0661819 -0.0157859 -0.0019851 0.0656975 -0.015582 0.0001249 0.0657578 -0.0157884 0.0001249 0.0663484 -0.0157881 0.0012289 0.066182 -0.0155817 0.0010537 0.0656178 -0.0157867 0.0022349 0.0656976 -0.0155806 0.0019 0.0652103 -0.0155786 0.0025885 0.0645715 -0.0157813 0.0036117 0.0639714 -0.0157843 0.0030534 0.0649383 -0.0157778 0.0038602 0.0628827 -0.0157741 0.0037768 0.0617695 -0.0157707 0.0033689 0.0607301 -0.0157677 0.0026727 0.059857 -0.0157643 0.0006833 0.0588989 -0.0157655 0.0017502 0.059228 -0.0157641 -0.0004332 0.0588989 -0.015765 -0.0015001 0.0592279 -0.0157669 -0.0024226 0.0598569 -0.0157765 -0.0036102 0.0628825 -0.0157729 -0.0035267 0.0617693 -0.0157696 -0.0031188 0.06073 -0.0157801 -0.0033618 0.0639712 -0.0157833 -0.0028036 0.0649381 -0.0157877 -0.0009792 0.0661819 -0.0157859 -0.0019851 0.0656975 -0.0157884 0.0001249 0.0663484 -0.0157881 0.0012289 0.066182 -0.0157867 0.0022349 0.0656976 -0.0157813 0.0036117 0.0639714 -0.0157843 0.0030534 0.0649383 -0.0157778 0.0038602 0.0628827 -0.0157741 0.0037768 0.0617695 -0.0157707 0.0033689 0.0607301 -0.0157677 0.0026727 0.059857 -0.0171354 0.0026925 0.0598312 -0.0171384 0.003394 0.0607109 -0.0171332 0.0017627 0.0591972 -0.0171318 -0.0004378 0.0588654 -0.0171346 -0.0024428 0.0598311 -0.0171373 -0.0031444 0.0607107 -0.0171407 -0.0035555 0.0617582 -0.0171443 -0.0036397 0.0628802 -0.0171479 -0.0033893 0.0639773 -0.0171512 -0.0028267 0.0649519 -0.0171538 -0.0020019 0.0657171 -0.0171556 -0.000988 0.0662055 -0.0171563 0.0001246 0.0663732 -0.0171559 0.0012373 0.0662055 -0.0171545 0.0022511 0.0657172 -0.0171522 0.0030761 0.064952 -0.0171491 0.0036387 0.0639775 -0.0171456 0.0038891 0.0628804 -0.0171419 0.0038051 0.0617584 -0.0171354 0.0026925 0.0598312 -0.0171384 0.003394 0.0607109 -0.0171332 0.0017627 0.0591972 -0.0171318 -0.0004378 0.0588654 -0.0171346 -0.0024428 0.0598311 -0.0171373 -0.0031444 0.0607107 -0.0171407 -0.0035555 0.0617582 -0.0171443 -0.0036397 0.0628802 -0.0171479 -0.0033893 0.0639773 -0.0171512 -0.0028267 0.0649519 -0.0171538 -0.0020019 0.0657171 -0.0171556 -0.000988 0.0662055 -0.0171563 0.0001246 0.0663732 -0.0171559 0.0012373 0.0662055 -0.0171545 0.0022511 0.0657172 -0.0171522 0.0030761 0.064952 -0.0171491 0.0036387 0.0639775 -0.0171456 0.0038891 0.0628804 -0.0171419 0.0038051 0.0617584 -0.0088896 0.0026221 0.0821129 -0.0082473 0.0001255 0.0892598 -0.0085776 0.0001751 0.0892282 -0.0089328 -0.0002062 0.0890085 -0.0093462 0.0002944 0.08861 -0.009716 -0.0005572 0.0877084 -0.0108674 -0.0001937 0.0820989 -0.0107137 -0.0008115 0.0821007 -0.0108675 0.0004442 0.0820988 -0.010714 0.0010621 0.0821006 -0.0104167 0.0016207 0.0821036 -0.0094747 0.0024258 0.0821103 -0.0082197 0.0026701 0.0806656 -0.0088886 0.0024903 0.079355 -0.0095062 0.0023039 0.079353 -0.0082155 0.0025283 0.0793572 -0.0087541 0.0018097 0.0776338 -0.0091035 0.0008983 0.0768744 -0.0094285 0.0004948 0.0768682 -0.0088791 0.0001811 0.0765727 -0.0099438 -0.0004267 0.0773425 -0.0103623 -0.0005747 0.0779276 -0.0107532 -0.0007253 0.0789693 -0.010911 -0.0001643 0.0789688 -0.0104986 -0.00129 0.0793496 -0.0109733 0.0004272 0.0793481 -0.0104162 -0.00137 0.0821038 -0.009994 -0.0018341 0.0821071 -0.0096479 -0.0010309 0.0873351 -0.0091405 -0.0017288 0.0869053 -0.0082403 -0.0018377 0.0872243 -0.0085814 -0.0013895 0.088266 -0.0082446 -0.0012204 0.0885179 -0.0082461 -0.0007735 0.0889505 -0.0088631 -0.0007481 0.0888069 -0.0094317 -0.0008807 0.0880266 -0.0088887 -0.0023709 0.0821127 -0.0082236 -0.0024102 0.0821145 -0.0094739 -0.0021748 0.0821102 -0.0095055 -0.0020528 0.0793528 -0.0099477 -0.001564 0.0786046 -0.0088276 -0.0018962 0.0782587 -0.0092974 -0.001595 0.077931 -0.0082101 -0.0017719 0.0779346 -0.0091047 -0.0012314 0.0773525 -0.0082068 -0.0008749 0.0768817 -0.0082058 0.0001259 0.0765048 -0.0082072 0.0011266 0.0768817 -0.0082088 0.0016227 0.0773571 -0.0092941 -0.0004637 0.076871 -0.0082147 -0.0022767 0.079357 -0.0104991 0.0015408 0.0793497 -0.0107534 0.000976 0.0789694 -0.0108093 0.0004002 0.0786018 -0.0103626 0.0008256 0.0779276 -0.0102508 0.0013356 0.0782542 -0.0100545 0.0019807 0.0793512 -0.0088152 0.0021873 0.0864784 -0.0082398 0.0021708 0.0868409 -0.0094671 0.0017043 0.0869335 -0.0097162 0.0008078 0.0877085 -0.0094321 0.0011314 0.0880266 -0.0088512 0.0006549 0.0890015 -0.0089868 0.0011645 0.0885789 -0.0082472 0.0005211 0.0892012 -0.0082451 0.0014715 0.0885179 -0.0082432 0.0018338 0.0879302 -0.0086819 0.0019466 0.0876192 -0.0099058 -0.0031006 0.0922938 -0.009922 -0.0019733 0.0972337 -0.0099194 -0.0027872 0.0964787 -0.0098587 0.000125 0.0978812 -0.0099242 0.0012229 0.0977155 -0.0099228 0.0022232 0.0972338 -0.0099204 0.0030372 0.0964788 -0.0099174 0.0035924 0.0955171 -0.0099139 0.0038394 0.0944347 -0.0099103 0.0037565 0.0933276 -0.0099069 0.0033509 0.092294 -0.0099162 -0.0033423 0.0955169 -0.0099127 -0.0035893 0.0944345 -0.0099091 -0.0035063 0.0933274 -0.0098373 -0.0024083 0.0914261 -0.0098354 -0.0014909 0.0908005 -0.0099003 -0.0004299 0.090473 -0.0098347 0.0006803 0.0904733 -0.0099017 0.0017413 0.0908004 -0.0099039 0.0026587 0.091426 -0.0099058 -0.0031006 0.0922938 -0.0094496 0.001223 0.0977171 -0.0094499 0.000125 0.0978825 -0.0094482 0.0022233 0.0972354 -0.0084632 0.0012846 0.0979187 -0.0084618 0.0023411 0.0974101 -0.0084636 0.0001252 0.0980935 -0.0084629 -0.0010342 0.0979186 -0.008461 -0.0020906 0.0974099 -0.0094492 -0.0009728 0.097717 -0.0094934 -0.0020153 0.097297 -0.0094449 -0.0027871 0.0964802 -0.009922 -0.0019733 0.0972337 -0.0099194 -0.0027872 0.0964787 -0.0098587 0.000125 0.0978812 -0.0099242 0.0012229 0.0977155 -0.0099228 0.0022232 0.0972338 -0.0099204 0.0030372 0.0964788 -0.0099174 0.0035924 0.0955171 -0.0099139 0.0038394 0.0944347 -0.0099103 0.0037565 0.0933276 -0.0099069 0.0033509 0.092294 -0.0094727 0.0017738 0.0907343 -0.0094294 0.0026587 0.0914275 -0.0094323 0.003351 0.0922955 -0.0094259 0.0006804 0.0904746 -0.0094257 -0.0004299 0.0904746 -0.0094266 -0.0014909 0.0908019 -0.0094285 -0.0024083 0.0914274 -0.0094312 -0.0031006 0.0922953 -0.0094345 -0.0035062 0.093329 -0.0094381 -0.0035892 0.094436 -0.0094417 -0.0033422 0.0955185 -0.0084549 -0.0035363 0.095597 -0.0084583 -0.0029501 0.0966124 -0.0084511 -0.0037972 0.0944537 -0.0084473 -0.0037096 0.0932846 -0.0084438 -0.0032812 0.0921932 -0.008441 -0.0025501 0.0912763 -0.008439 -0.0015813 0.0906158 -0.0084381 -0.0004608 0.0902702 -0.0084383 0.0007117 0.0902702 -0.0084396 0.0018321 0.0906159 -0.0084419 0.0028009 0.0912764 -0.008445 0.0035319 0.0921933 -0.0084486 0.0039603 0.0932848 -0.0094357 0.0037566 0.0933292 -0.0094394 0.0038395 0.0944362 -0.0094428 0.0035924 0.0955187 -0.0094459 0.0030372 0.0964804 -0.0084524 0.0040479 0.0944539 -0.0084561 0.0037869 0.0955972 -0.0084593 0.0032006 0.0966126 -0.0099162 -0.0033423 0.0955169 -0.0099127 -0.0035893 0.0944345 -0.0099091 -0.0035063 0.0933274 -0.0098373 -0.0024083 0.0914261 -0.0098354 -0.0014909 0.0908005 -0.0099003 -0.0004299 0.090473 -0.0098347 0.0006803 0.0904733 -0.0099017 0.0017413 0.0908004 -0.0099039 0.0026587 0.091426 -0.0072554 -0.0113415 0.1113339 -0.0072542 -0.0105316 0.1109212 -0.0072539 -0.0096338 0.1107791 -0.0091918 -0.0096341 0.1107728 -0.0072545 -0.0087359 0.1109213 -0.0091939 -0.0079263 0.1113277 -0.007256 -0.007926 0.111334 -0.0091933 -0.0113419 0.1113276 -0.0091961 -0.0072836 0.1119705 -0.0091988 -0.0068709 0.1127804 -0.0092101 -0.0105321 0.1164414 -0.0092107 -0.0096342 0.1165836 -0.0092072 -0.0072837 0.115386 -0.0092046 -0.006871 0.1145761 -0.0092007 -0.0125396 0.1136781 -0.0091979 -0.0123974 0.1127803 -0.0092037 -0.0123974 0.1145759 -0.0092017 -0.0067287 0.1136783 -0.0092064 -0.0119848 0.1153859 -0.0092104 -0.0087364 0.1164414 -0.0072582 -0.0072832 0.1119768 -0.0072685 -0.0119844 0.1153922 -0.0072658 -0.0123971 0.1145822 -0.0072629 -0.0125393 0.1136844 -0.0072707 -0.0113417 0.116035 -0.0072722 -0.0105318 0.1164477 -0.0072728 -0.0096339 0.1165899 -0.0072725 -0.0087361 0.1164477 -0.0072713 -0.0079261 0.1160351 -0.0072693 -0.0072834 0.1153923 -0.0072667 -0.0068706 0.1145824 -0.0072639 -0.0067284 0.1136846 -0.0072609 -0.0068706 0.1127867 -0.00726 -0.012397 0.1127866 -0.0072574 -0.0119843 0.1119767 -0.0091918 -0.0096341 0.1107728 -0.0091939 -0.0079263 0.1113277 -0.0091933 -0.0113419 0.1113276 -0.0091961 -0.0072836 0.1119705 -0.0091988 -0.0068709 0.1127804 -0.0092101 -0.0105321 0.1164414 -0.0092107 -0.0096342 0.1165836 -0.0092072 -0.0072837 0.115386 -0.0092046 -0.006871 0.1145761 -0.0092007 -0.0125396 0.1136781 -0.0091979 -0.0123974 0.1127803 -0.0092037 -0.0123974 0.1145759 -0.0092017 -0.0067287 0.1136783 -0.0092064 -0.0119848 0.1153859 -0.0092104 -0.0087364 0.1164414 -0.0072587 0.0081761 0.1113345 -0.0091986 0.007533 0.1119709 -0.0091966 0.0081758 0.1113281 -0.0072572 0.0098839 0.1107796 -0.0072575 0.008986 0.1109218 -0.0091951 0.0098836 0.1107733 -0.0092079 0.0126467 0.1145766 -0.0092105 0.0122339 0.1153866 -0.009207 0.0071202 0.1145765 -0.0092097 0.0075329 0.1153864 -0.0092041 0.006978 0.1136786 -0.009214 0.0098834 0.1165841 -0.0092134 0.0089856 0.1164419 -0.0091972 0.0115913 0.1113282 -0.0091994 0.012234 0.111971 -0.0092125 0.0115912 0.1160293 -0.0092119 0.0081756 0.1160292 -0.0092021 0.0126467 0.112781 -0.0092012 0.0071203 0.1127808 -0.0072633 0.0071206 0.1127871 -0.0072662 0.0069784 0.1136849 -0.0072691 0.0071205 0.1145828 -0.0072718 0.0075332 0.1153927 -0.007274 0.008176 0.1160355 -0.0072755 0.0089859 0.1164482 -0.0072761 0.0098837 0.1165904 -0.0072758 0.0107815 0.1164483 -0.0072746 0.0115915 0.1160356 -0.0072726 0.0122343 0.1153929 -0.0072701 0.012647 0.1145829 -0.0072672 0.0127892 0.1136851 -0.0072642 0.012647 0.1127873 -0.0072615 0.0122344 0.1119773 -0.0072593 0.0115916 0.1113345 -0.0072578 0.0107817 0.1109218 -0.0072607 0.0075333 0.1119772 -0.0091986 0.007533 0.1119709 -0.0091966 0.0081758 0.1113281 -0.0091951 0.0098836 0.1107733 -0.0092079 0.0126467 0.1145766 -0.0092105 0.0122339 0.1153866 -0.009207 0.0071202 0.1145765 -0.0092097 0.0075329 0.1153864 -0.0092041 0.006978 0.1136786 -0.009214 0.0098834 0.1165841 -0.0092134 0.0089856 0.1164419 -0.0091972 0.0115913 0.1113282 -0.0091994 0.012234 0.111971 -0.0092125 0.0115912 0.1160293 -0.0092119 0.0081756 0.1160292 -0.0092021 0.0126467 0.112781 -0.0092012 0.0071203 0.1127808 0.0082362 -0.0073519 0.1066191 0.0096141 -0.0068941 0.1070811 0.0082372 -0.0079285 0.1063253 0.0096167 -0.0079283 0.1063298 0.0082376 -0.0085676 0.106224 0.0082374 -0.0092067 0.1063252 0.0096169 -0.0092065 0.1063297 0.0096037 -0.0085675 0.110365 0.0096048 -0.0073518 0.10997 0.0096067 -0.0102407 0.1095124 0.009608 -0.0066004 0.1089359 0.0096122 -0.0066004 0.1076577 0.0096146 -0.0102406 0.107081 0.0096041 -0.0092066 0.1102638 0.0096108 -0.0106357 0.1082967 0.0082246 -0.0092068 0.1102593 0.0082257 -0.0097834 0.1099655 0.0082272 -0.010241 0.1095079 0.0082292 -0.0105347 0.1089313 0.0082313 -0.0106359 0.1082922 0.0082333 -0.0105347 0.1076531 0.0082352 -0.0102409 0.1070765 0.0082366 -0.0097833 0.106619 0.0082244 -0.0079286 0.1102593 0.0082253 -0.007352 0.1099655 0.0082267 -0.0068944 0.109508 0.0082285 -0.0066007 0.1089314 0.0082306 -0.0064994 0.1082923 0.0082327 -0.0066006 0.1076532 0.0082346 -0.0068944 0.1070766 0.0096141 -0.0068941 0.1070811 0.0096167 -0.0079283 0.1063298 0.0096169 -0.0092065 0.1063297 0.0096037 -0.0085675 0.110365 0.0096048 -0.0073518 0.10997 0.0096067 -0.0102407 0.1095124 0.009608 -0.0066004 0.1089359 0.0096122 -0.0066004 0.1076577 0.0096146 -0.0102406 0.107081 0.0096041 -0.0092066 0.1102638 0.0096108 -0.0106357 0.1082967 0.0096112 0.0102606 0.1070816 0.0096092 0.0105544 0.1076582 0.0096138 0.0092265 0.1063302 0.0096051 0.0105543 0.1089364 0.0096019 0.0098029 0.1099705 0.0096008 0.0085872 0.1103655 0.0096023 0.0073716 0.1099704 0.0096058 0.0066203 0.1089363 0.0096079 0.0065191 0.1082972 0.0096117 0.0069141 0.1070815 0.009614 0.0079482 0.1063302 0.0096112 0.0102606 0.1070816 0.0096092 0.0105544 0.1076582 0.0082347 0.0085871 0.1062245 0.0082343 0.0092263 0.1063257 0.0096138 0.0092265 0.1063302 0.0082332 0.0098028 0.1066195 0.0082317 0.0102603 0.1070771 0.0082298 0.0105541 0.1076537 0.0082277 0.0106553 0.1082928 0.0082256 0.0105541 0.1089319 0.0096051 0.0105543 0.1089364 0.0082238 0.0102603 0.1095085 0.0082224 0.0098027 0.109966 0.0096019 0.0098029 0.1099705 0.0082215 0.0092261 0.1102598 0.0082213 0.008587 0.110361 0.0096008 0.0085872 0.1103655 0.0082217 0.0079479 0.1102597 0.0082228 0.0073713 0.109966 0.0096023 0.0073716 0.1099704 0.0082243 0.0069138 0.1095084 0.0082263 0.00662 0.1089318 0.0096058 0.0066203 0.1089363 0.0082284 0.0065188 0.1082927 0.0096079 0.0065191 0.1082972 0.0082304 0.0066201 0.1076536 0.0082322 0.0069139 0.107077 0.0096117 0.0069141 0.1070815 0.0082337 0.0073714 0.1066195 0.0082345 0.007948 0.1063257 0.009614 0.0079482 0.1063302 -0.0110971 -0.0041565 0.1224172 -0.0111017 -0.0053262 0.1238836 -0.0109365 -0.0048953 0.1310336 -0.0111292 -0.0034214 0.1322302 -0.0111248 -0.0047965 0.1309543 -0.0111321 -0.0017312 0.1330441 -0.0111333 0.0001238 0.1333238 -0.0111327 0.0019788 0.1330442 -0.0111304 0.003669 0.1322303 -0.010913 -0.0054356 0.123821 -0.0109187 -0.0061348 0.1256025 -0.0109248 -0.0062779 0.1275106 -0.010931 -0.0058521 0.1293762 -0.0111133 -0.0061519 0.1275005 -0.0111073 -0.0060116 0.1256301 -0.011094 -0.0026065 0.1213602 -0.0109813 -0.0008138 0.1208077 -0.0110928 0.0010621 0.1208074 -0.0110949 0.0028547 0.1213604 -0.0110986 0.0044047 0.1224174 -0.0111035 0.0055743 0.1238839 -0.0111093 0.0062596 0.1256304 -0.0111155 0.0063998 0.1275009 -0.0111213 0.0059823 0.1293298 -0.0111265 0.0050442 0.1309546 -0.0110971 -0.0041565 0.1224172 -0.0086651 0.0001242 0.1336828 -0.0086645 0.0020832 0.1333874 -0.008662 0.0038681 0.132528 -0.0103286 0.0036691 0.132233 -0.010331 0.001979 0.1330468 -0.0103316 0.0001239 0.1333264 -0.0086638 -0.0018348 0.1333873 -0.0103303 -0.0017311 0.1330467 -0.0086607 -0.0036197 0.1325278 -0.0104093 0.0001239 0.1334525 -0.010405 -0.0034925 0.1323371 -0.010323 -0.0047964 0.1309569 -0.0104006 -0.0048952 0.1310354 -0.0109365 -0.0048953 0.1310336 -0.0111292 -0.0034214 0.1322302 -0.0111321 -0.0017312 0.1330441 -0.0111333 0.0001238 0.1333238 -0.0111327 0.0019788 0.1330442 -0.0111304 0.003669 0.1322303 -0.0104063 0.0037403 0.1323373 -0.010927 0.0065258 0.127511 -0.0103196 0.0059824 0.1293324 -0.0103137 0.0063999 0.1275035 -0.0103247 0.0050444 0.1309572 -0.0109208 0.0063829 0.1256029 -0.0103076 0.0062598 0.125633 -0.0103018 0.0055745 0.1238865 -0.0102968 0.0044048 0.12242 -0.0109149 0.0056838 0.1238213 -0.0109098 0.0044907 0.1223252 -0.0102931 0.0028548 0.1213629 -0.0103679 0.0010811 0.1206849 -0.0109039 0.001081 0.1206831 -0.010291 0.0010623 0.12081 -0.0102907 -0.0008137 0.1208099 -0.0102922 -0.0026064 0.1213628 -0.0103691 -0.0026612 0.1212486 -0.0109036 -0.0008327 0.1206831 -0.0109051 -0.0026613 0.1212469 -0.0102954 -0.0041564 0.1224198 -0.010913 -0.0054356 0.123821 -0.0102999 -0.0053261 0.1238862 -0.0103055 -0.0060115 0.1256327 -0.0103116 -0.0061518 0.1275031 -0.0109187 -0.0061348 0.1256025 -0.0109248 -0.0062779 0.1275106 -0.0103176 -0.0057343 0.1293321 -0.010931 -0.0058521 0.1293762 -0.0086503 -0.0060624 0.1294647 -0.0086561 -0.0050719 0.1311804 -0.008644 -0.0065032 0.127533 -0.0086376 -0.0063551 0.1255577 -0.0086317 -0.0056313 0.1237136 -0.0086269 -0.004396 0.1221645 -0.0086235 -0.0027591 0.1210484 -0.0086219 -0.000866 0.1204645 -0.0086223 0.0011151 0.1204646 -0.0086245 0.0030082 0.1210486 -0.0086284 0.004645 0.1221647 -0.0086336 0.0058802 0.1237139 -0.0086398 0.0066039 0.125558 -0.0086462 0.0067519 0.1275334 -0.0086524 0.006311 0.129465 -0.0086578 0.0053204 0.1311806 -0.0110949 0.0028547 0.1213604 -0.0111213 0.0059823 0.1293298 -0.0111265 0.0050442 0.1309546 -0.010331 0.001979 0.1330468 -0.0103316 0.0001239 0.1333264 -0.0103303 -0.0017311 0.1330467 -0.0104093 0.0001239 0.1334525 -0.010405 -0.0034925 0.1323371 -0.010323 -0.0047964 0.1309569 -0.0104006 -0.0048952 0.1310354 -0.0103176 -0.0057343 0.1293321 -0.010927 0.0065258 0.127511 -0.0109208 0.0063829 0.1256029 -0.0109149 0.0056838 0.1238213 -0.0109098 0.0044907 0.1223252 -0.0110949 0.0028547 0.1213604 -0.0110986 0.0044047 0.1224174 -0.0111035 0.0055743 0.1238839 -0.0111093 0.0062596 0.1256304 -0.0111155 0.0063998 0.1275009 -0.0111213 0.0059823 0.1293298 -0.0102931 0.0028548 0.1213629 -0.0103679 0.0010811 0.1206849 -0.010291 0.0010623 0.12081 -0.0102907 -0.0008137 0.1208099 -0.0102907 -0.0008137 0.1208099 -0.0102922 -0.0026064 0.1213628 -0.0103691 -0.0026612 0.1212486 -0.0102954 -0.0041564 0.1224198 -0.0103286 0.0036691 0.132233 -0.010331 0.001979 0.1330468 -0.0104063 0.0037403 0.1323373 -0.0103247 0.0050444 0.1309572 -0.0110971 -0.0041565 0.1224172 -0.0109039 0.001081 0.1206831 -0.0109036 -0.0008327 0.1206831 -0.0109051 -0.0026613 0.1212469 -0.011094 -0.0026065 0.1213602 -0.0109813 -0.0008138 0.1208077 -0.0110928 0.0010621 0.1208074 -0.0110949 0.0028547 0.1213604 0.0092482 -0.0002624 0.1382569 0.0092504 -0.0035841 0.137756 0.0091206 -0.0019566 0.1382267 0.0091244 -0.0051943 0.1372279 0.0084347 -0.0036516 0.1379708 0.0084371 -0.005251 0.1373422 0.0084325 -0.0002625 0.1384817 0.0092483 0.0014172 0.1381303 0.0084326 0.001451 0.1383526 0.0084336 0.0031266 0.1379709 0.0084354 0.004726 0.1373425 0.009251 0.004627 0.1371403 0.0091253 0.0061413 0.1363794 0.0091285 0.0074692 0.1353198 0.0091324 0.0086254 0.1340749 0.0084412 0.0075577 0.1354122 0.008438 0.0062146 0.136484 0.0084452 0.0087271 0.1341531 0.0091368 0.0095819 0.1326707 0.0083681 0.0096771 0.1327224 0.00828 -0.0019666 0.138289 0.0083783 0.010927 0.1295376 0.0084654 0.0112036 0.1278433 0.0084546 0.0104408 0.1311848 0.0091417 0.0103197 0.1311402 0.0091469 0.0108198 0.1295165 0.0091523 0.0110738 0.1278366 0.0084709 0.0112029 0.1261251 0.0091579 0.0110731 0.1261378 0.0093405 0.0101646 0.1228959 0.0091634 0.0108207 0.1244579 0.0091739 0.0095828 0.1213033 0.008482 0.0104404 0.1227839 0.0084765 0.0109475 0.1244258 0.0084872 0.0096954 0.1212352 0.0093063 0.0085485 0.1199618 0.0084104 0.0087111 0.1198281 0.0083463 0.0061788 0.1175367 0.0084214 0.0047181 0.1166426 0.0084963 0.0075586 0.1185557 0.0091866 0.0061414 0.1175953 0.009192 0.0030887 0.116125 0.009361 0.0045984 0.1168956 0.0093105 0.0074034 0.1187267 0.0091935 0.0014325 0.1157461 0.0091942 -0.0002618 0.1156199 0.0091941 -0.001956 0.115746 0.0085076 -0.0002619 0.1154867 0.0085069 0.0014518 0.1156144 0.0085075 -0.0019755 0.1156143 0.0093206 -0.0035833 0.116219 0.0085065 -0.0036507 0.1159974 0.0083516 0.0031082 0.1160577 0.0084206 -0.0067272 0.1175007 0.0083452 -0.0080393 0.1186013 0.0085047 -0.0052507 0.1166245 0.0091888 -0.0066651 0.1175951 0.0091856 -0.0079939 0.1186537 0.008495 -0.0092509 0.1198154 0.0091817 -0.009149 0.1198996 0.0093627 -0.0051219 0.1168953 0.0091773 -0.0101066 0.1213027 0.0091724 -0.0108432 0.1228339 0.0091672 -0.0113447 0.1244572 0.0084856 -0.0109645 0.1227833 0.0084905 -0.0102195 0.1212347 0.0084803 -0.0114718 0.1244252 0.0092896 -0.0114994 0.1261451 0.0084748 -0.0117272 0.1261244 0.0084401 -0.0067395 0.1364837 0.0083624 -0.0080689 0.1353967 0.0083715 -0.0102018 0.1327218 0.0084581 -0.0109655 0.1311841 0.0084636 -0.0114713 0.1295418 0.0091453 -0.0108441 0.1311396 0.0091402 -0.0101064 0.1326701 0.0091507 -0.0113442 0.1295159 0.0084692 -0.011728 0.1278427 0.0091562 -0.011598 0.127836 0.0092635 -0.0090732 0.1340137 0.0084482 -0.0092519 0.1341526 0.0092593 -0.0079271 0.1352479 0.0092556 -0.0066107 0.1362984 0.0092482 -0.0002624 0.1382569 0.0092504 -0.0035841 0.137756 0.0091206 -0.0019566 0.1382267 0.0091244 -0.0051943 0.1372279 0.0092483 0.0014172 0.1381303 0.009251 0.004627 0.1371403 0.0093009 0.0073561 0.1351985 0.0091253 0.0061413 0.1363794 0.0091285 0.0074692 0.1353198 0.0091324 0.0086254 0.1340749 0.0091368 0.0095819 0.1326707 0.0091417 0.0103197 0.1311402 0.0091469 0.0108198 0.1295165 0.0091523 0.0110738 0.1278366 0.0091579 0.0110731 0.1261378 0.0093463 0.0105832 0.1294634 0.009357 0.0108312 0.1261568 0.0093405 0.0101646 0.1228959 0.0091634 0.0108207 0.1244579 0.0091739 0.0095828 0.1213033 0.0093063 0.0085485 0.1199618 0.0091866 0.0061414 0.1175953 0.009192 0.0030887 0.116125 0.009361 0.0045984 0.1168956 0.0093105 0.0074034 0.1187267 0.0093917 0.0013964 0.1159869 0.0091935 0.0014325 0.1157461 0.0091942 -0.0002618 0.1156199 0.0091941 -0.001956 0.115746 0.0093206 -0.0035833 0.116219 0.0091888 -0.0066651 0.1175951 0.0091856 -0.0079939 0.1186537 0.0091817 -0.009149 0.1198996 0.0093627 -0.0051219 0.1168953 0.0093802 -0.0089592 0.1200517 0.0091773 -0.0101066 0.1213027 0.0091724 -0.0108432 0.1228339 0.0091672 -0.0113447 0.1244572 0.0092896 -0.0114994 0.1261451 0.0091453 -0.0108441 0.1311396 0.0091402 -0.0101064 0.1326701 0.0091507 -0.0113442 0.1295159 0.0091562 -0.011598 0.127836 0.00935 -0.0111075 0.1294627 0.0092635 -0.0090732 0.1340137 0.0092593 -0.0079271 0.1352479 0.0092556 -0.0066107 0.1362984 0.0084347 -0.0036516 0.1379708 0.0084371 -0.005251 0.1373422 0.0084325 -0.0002625 0.1384817 0.0084326 0.001451 0.1383526 0.0084336 0.0031266 0.1379709 0.0084354 0.004726 0.1373425 0.0084412 0.0075577 0.1354122 0.008438 0.0062146 0.136484 0.0084452 0.0087271 0.1341531 0.0083681 0.0096771 0.1327224 0.00828 -0.0019666 0.138289 0.0081881 -0.0019461 0.1381521 0.0081874 -0.0002626 0.138279 0.0081876 0.001421 0.1381522 0.0081885 0.0030671 0.1377772 0.0081902 0.0046385 0.1371598 0.0081927 0.006101 0.1363163 0.0081959 0.0074205 0.1352633 0.0081998 0.0085694 0.1340263 0.0082042 0.0095199 0.1326309 0.008209 0.010253 0.13111 0.0083783 0.010927 0.1295376 0.0084654 0.0112036 0.1278433 0.0084546 0.0104408 0.1311848 0.0084709 0.0112029 0.1261251 0.008482 0.0104404 0.1227839 0.0084765 0.0109475 0.1244258 0.0084872 0.0096954 0.1212352 0.0084104 0.0087111 0.1198281 0.008225 0.0110017 0.1261391 0.0082195 0.0110023 0.1278273 0.0082305 0.0107507 0.1244696 0.0082142 0.01075 0.1294965 0.0082358 0.0102524 0.1228566 0.0082409 0.0095206 0.1213351 0.0082456 0.008569 0.1199407 0.0082498 0.0074212 0.1187026 0.0083463 0.0061788 0.1175367 0.0084214 0.0047181 0.1166426 0.0084963 0.0075586 0.1185557 0.0085076 -0.0002619 0.1154867 0.0085069 0.0014518 0.1156144 0.0085075 -0.0019755 0.1156143 0.0085065 -0.0036507 0.1159974 0.0083516 0.0031082 0.1160577 0.0082588 0.0030674 0.1161894 0.0082565 0.0046392 0.1168055 0.0082603 0.0014216 0.1158128 0.0082535 0.0061009 0.1176505 0.0082609 -0.0002619 0.1156875 0.0082608 -0.0019455 0.1158128 0.0082599 -0.0035913 0.1161892 0.0082581 -0.0051631 0.1168053 0.0084206 -0.0067272 0.1175007 0.0083452 -0.0080393 0.1186013 0.0085047 -0.0052507 0.1166245 0.008495 -0.0092509 0.1198154 0.0084856 -0.0109645 0.1227833 0.0084905 -0.0102195 0.1212347 0.0084803 -0.0114718 0.1244252 0.0084748 -0.0117272 0.1261244 0.0082289 -0.0115261 0.1261384 0.0082342 -0.0112751 0.124469 0.0082234 -0.0115269 0.1278267 0.0082179 -0.0112747 0.1294959 0.0082126 -0.0107778 0.1311095 0.0082075 -0.0100447 0.1326304 0.0082028 -0.0090943 0.1340258 0.0081985 -0.0079455 0.1352629 0.0081949 -0.006626 0.136316 0.0081919 -0.0051636 0.1371595 0.0081896 -0.0035922 0.137777 0.0084401 -0.0067395 0.1364837 0.0083624 -0.0080689 0.1353967 0.0083715 -0.0102018 0.1327218 0.0084581 -0.0109655 0.1311841 0.0084636 -0.0114713 0.1295418 0.0084692 -0.011728 0.1278427 0.0084482 -0.0092519 0.1341526 0.0082394 -0.0107768 0.122856 0.0082442 -0.0100448 0.1213345 0.0082486 -0.0090931 0.1199402 0.0082524 -0.0079453 0.1187021 0.0082556 -0.0066249 0.1176501 0.0192575 -0.0005769 0.1290549 0.0204591 7.39e-05 0.129081 0.020565 0.0006911 0.1289515 0.0192573 0.0007243 0.1290549 0.0192587 0.0015748 0.1285638 0.0200507 0.0017257 0.1282663 0.0192603 0.001985 0.1280494 0.0202263 0.0012741 0.1287101 0.0205679 0.0018872 0.1279976 0.0202293 0.0020573 0.1277281 0.0204709 0.0015232 0.1253885 0.0192675 0.0019852 0.1258424 0.0192705 0.0010314 0.1249573 0.0204728 0.0003916 0.1248435 0.0192714 7.38e-05 0.1247388 0.0192697 -0.0014274 0.1253278 0.0204728 -0.000554 0.1249145 0.020472 -0.0011262 0.12519 0.020059 -0.0017558 0.1258925 0.0192662 -0.002078 0.1264547 0.019263 -0.0020779 0.1274369 0.0201798 -0.002035 0.1267913 0.0205705 -0.0019673 0.1274165 0.0205677 -0.0015631 0.1282562 0.0201749 -0.0015796 0.128268 0.019261 -0.0018376 0.1280493 0.0192585 -0.0011696 0.1287695 0.0204605 -0.0011263 0.1287108 0.0205745 -0.001875 0.1261858 0.019269 -0.0016517 0.1255698 0.0192644 0.0022746 0.126781 0.0205708 0.002162 0.1271072 0.0204591 7.39e-05 0.129081 0.020565 0.0006911 0.1289515 0.0205679 0.0018872 0.1279976 0.0204709 0.0015232 0.1253885 0.0204728 0.0003916 0.1248435 0.0204728 -0.000554 0.1249145 0.020472 -0.0011262 0.12519 0.0205705 -0.0019673 0.1274165 0.0205677 -0.0015631 0.1282562 0.0204605 -0.0011263 0.1287108 0.0205745 -0.001875 0.1261858 0.0205708 0.002162 0.1271072 0.0202334 0.0021512 0.1264756 0.0204709 0.0015232 0.1253885 0.0192675 0.0019852 0.1258424 0.0192705 0.0010314 0.1249573 0.0205708 0.002162 0.1271072 -0.0132599 0.0042963 -0.0815065 -0.0112847 0.0081745 -0.0814999 -0.0082077 0.0112526 -0.0814898 -0.0082596 0.0112107 -0.0563568 -0.0113254 0.0081439 -0.0563669 -0.0132934 0.0042799 -0.0563734 -0.013971 -3.2e-06 -0.0563757 -0.01394 -2.5e-06 -0.0815088 -0.0132919 -0.0042861 -0.0563736 -0.0132585 -0.0043011 -0.0815067 0.0112233 0.0081783 -0.0814267 0.0131999 0.0043008 -0.0814204 0.0081453 0.0112553 -0.0814366 0.0111005 0.0081478 -0.0562939 0.0080337 0.0112135 -0.0563038 0.0130698 0.0042844 -0.0562876 0.0041697 0.0131815 -0.0563163 0.0042671 0.0132306 -0.0814492 -0.0001134 0.0138591 -0.0563303 -3.16e-05 0.0139107 -0.0814632 -0.0043302 0.0132291 -0.0814772 -0.0043963 0.0131801 -0.0563442 0.0137489 1.5e-06 -0.0562855 0.0130713 -0.0042816 -0.0562879 0.0138814 2.2e-06 -0.0814183 0.0132013 -0.0042966 -0.0814206 0.0112261 -0.0081748 -0.0814272 0.0081491 -0.0112528 -0.0814373 0.0042716 -0.0132294 -0.0814499 -2.69e-05 -0.0139109 -0.0814639 -0.0043257 -0.0132308 -0.0814779 -0.0082039 -0.0112556 -0.0814905 -0.0112819 -0.0081786 -0.0815004 -0.0082558 -0.0112152 -0.0563574 -0.0043918 -0.0131833 -0.0563449 -0.0113226 -0.0081495 -0.0563673 0.0080375 -0.0112125 -0.0563044 0.0111033 -0.0081457 -0.0562944 0.0041741 -0.0131818 -0.0563171 -0.0001087 -0.0138609 -0.056331 -0.0082596 0.0112107 -0.0563568 -0.0113254 0.0081439 -0.0563669 -0.0132934 0.0042799 -0.0563734 -0.013971 -3.2e-06 -0.0563757 -0.0132919 -0.0042861 -0.0563736 0.0111005 0.0081478 -0.0562939 0.0080337 0.0112135 -0.0563038 0.0130698 0.0042844 -0.0562876 0.0041697 0.0131815 -0.0563163 -0.0001134 0.0138591 -0.0563303 -0.0043963 0.0131801 -0.0563442 -0.0040561 0.0121338 -0.0563431 -0.0076128 0.0103208 -0.0563547 -0.0104352 0.0074974 -0.056364 -0.012247 0.0039401 -0.05637 -0.0128709 -3e-06 -0.0563721 -0.0122457 -0.0039459 -0.0563702 -0.0104327 -0.0075027 -0.0563644 -0.0076093 -0.0103251 -0.0563553 -0.004052 -0.0121369 -0.0563438 -0.0001089 -0.0127607 -0.056331 0.003834 -0.0121355 -0.0563181 0.0073907 -0.0103225 -0.0563065 0.0102131 -0.0074992 -0.0562973 0.0120249 -0.0039418 -0.0562913 0.0126488 1.3e-06 -0.0562891 0.0120236 0.0039442 -0.056291 0.0137489 1.5e-06 -0.0562855 0.0130713 -0.0042816 -0.0562879 -0.0082558 -0.0112152 -0.0563574 -0.0043918 -0.0131833 -0.0563449 -0.0113226 -0.0081495 -0.0563673 0.0080375 -0.0112125 -0.0563044 0.0111033 -0.0081457 -0.0562944 0.0041741 -0.0131818 -0.0563171 -0.0001087 -0.0138609 -0.056331 -0.0001132 0.012759 -0.0563303 0.0038299 0.0121352 -0.0563175 0.0073872 0.0103234 -0.0563059 0.0102106 0.0075009 -0.0562968 -0.0040561 0.0121338 -0.0563431 -0.0076128 0.0103208 -0.0563547 -0.0104352 0.0074974 -0.056364 -0.00404 0.0120855 -0.0564642 -0.0075825 0.0102797 -0.0564758 -0.0103937 0.0074676 -0.056485 -0.012247 0.0039401 -0.05637 -0.0121983 0.0039244 -0.056491 -0.0128709 -3e-06 -0.0563721 -0.0128197 -3e-06 -0.0564931 -0.0122457 -0.0039459 -0.0563702 -0.012197 -0.0039302 -0.0564912 -0.0104327 -0.0075027 -0.0563644 -0.0103912 -0.0074728 -0.0564854 -0.0076093 -0.0103251 -0.0563553 -0.0075791 -0.010284 -0.0564763 -0.004052 -0.0121369 -0.0563438 -0.0040359 -0.0120886 -0.0564649 -0.0001089 -0.0127607 -0.056331 -0.0001085 -0.0127099 -0.0564521 0.003834 -0.0121355 -0.0563181 0.0038187 -0.0120872 -0.0564393 0.0073907 -0.0103225 -0.0563065 0.0073612 -0.0102815 -0.0564277 0.0102131 -0.0074992 -0.0562973 0.0101724 -0.0074693 -0.0564185 0.0120249 -0.0039418 -0.0562913 0.011977 -0.0039261 -0.0564125 0.0126488 1.3e-06 -0.0562891 0.0125983 1.3e-06 -0.0564104 0.0120236 0.0039442 -0.056291 -0.0001132 0.012759 -0.0563303 0.0038299 0.0121352 -0.0563175 0.0038146 0.0120868 -0.0564386 -0.0001128 0.0127082 -0.0564514 0.0073578 0.0102823 -0.0564272 0.0073872 0.0103234 -0.0563059 0.0101699 0.0074711 -0.0564181 0.0102106 0.0075009 -0.0562968 0.0119757 0.0039285 -0.0564123 -0.0088306 0.0018036 0.1381819 -0.0088254 0.0064724 0.1363504 -0.0088223 0.0077889 0.1352999 -0.0087003 0.005056 0.1372806 -0.0088184 0.008935 0.1340658 -0.0088141 0.0098833 0.1326738 -0.0086815 0.0107061 0.1311927 -0.0088753 0.0109697 0.1295144 -0.0086764 0.0112063 0.1295689 -0.008671 0.0114603 0.1278891 -0.0087933 0.0113617 0.1261974 -0.00866 0.0112071 0.1245103 -0.0088539 0.0104798 0.1229751 -0.0088365 0.0063912 0.1178479 -0.0086369 0.0065279 0.1176479 -0.0086339 0.0050569 0.1167975 -0.0086406 0.0078566 0.1187066 -0.0087597 0.0034462 0.1162708 -0.0086301 0.001819 0.1157985 -0.0087575 0.0001247 0.1157701 -0.0086305 -0.0032258 0.1161773 -0.0086295 -0.0015696 0.1157984 -0.0086322 -0.0048076 0.1167972 -0.0088344 -0.006142 0.1178475 -0.0086347 -0.0062786 0.1176475 -0.0086379 -0.0076074 0.1187062 -0.0086418 -0.0087625 0.1199521 -0.0086462 -0.0097202 0.1213552 -0.0086562 -0.0109582 0.1245097 -0.008779 -0.0103654 0.122922 -0.0087895 -0.011113 0.1261967 -0.0086671 -0.0112116 0.1278885 -0.0087009 -0.0032266 0.1379017 -0.0087024 -0.0015701 0.1382792 -0.0087031 0.000124 0.1384069 -0.0086986 -0.0048079 0.1372803 -0.0088994 -0.0031551 0.1376692 -0.0089009 -0.001534 0.1380387 -0.0088233 -0.0062243 0.1363501 -0.0088155 -0.0086868 0.1340654 -0.008683 -0.0097199 0.1327226 -0.0086779 -0.0104577 0.1311921 -0.0086726 -0.0109577 0.1295683 -0.0088769 -0.0102317 0.131103 -0.0088413 -0.0085728 0.1201029 -0.008702 0.0034747 0.1379019 -0.0086546 0.0107057 0.122887 -0.0086495 0.0099692 0.1213557 -0.0086448 0.0090116 0.1199525 -0.0088306 0.0018036 0.1381819 -0.0088254 0.0064724 0.1363504 -0.0088223 0.0077889 0.1352999 -0.0087003 0.005056 0.1372806 -0.0088184 0.008935 0.1340658 -0.0088141 0.0098833 0.1326738 -0.0086815 0.0107061 0.1311927 -0.0086764 0.0112063 0.1295689 -0.008671 0.0114603 0.1278891 -0.0087933 0.0113617 0.1261974 -0.00866 0.0112071 0.1245103 -0.0086369 0.0065279 0.1176479 -0.0086339 0.0050569 0.1167975 -0.0086406 0.0078566 0.1187066 -0.0087597 0.0034462 0.1162708 -0.0086301 0.001819 0.1157985 -0.0087575 0.0001247 0.1157701 -0.0086305 -0.0032258 0.1161773 -0.0086295 -0.0015696 0.1157984 -0.0086322 -0.0048076 0.1167972 -0.0086347 -0.0062786 0.1176475 -0.0079431 -0.003264 0.1160544 -0.0079449 -0.004864 0.1166814 -0.0086379 -0.0076074 0.1187062 -0.0079506 -0.0076958 0.1186122 -0.0078659 -0.0063405 0.1175582 -0.0079545 -0.0088642 0.1198724 -0.0086418 -0.0087625 0.1199521 -0.007959 -0.0098328 0.1212916 -0.0086462 -0.0097202 0.1213552 -0.0079639 -0.0105778 0.1228402 -0.0078875 -0.0110654 0.1244868 -0.0086562 -0.0109582 0.1245097 -0.008779 -0.0103654 0.122922 -0.0087895 -0.011113 0.1261967 -0.0086671 -0.0112116 0.1278885 -0.007893 -0.0113204 0.1261831 -0.0078986 -0.0113212 0.1278983 -0.0078605 0.0001248 0.115564 -0.0078612 0.0018355 0.1156916 -0.007865 0.0051048 0.1167 -0.0078717 0.0079316 0.1186277 -0.007876 0.0090978 0.1198856 -0.0078808 0.0100647 0.1213025 -0.0078859 0.0108083 0.1228484 -0.0078913 0.0113146 0.1244875 -0.0078969 0.0115695 0.1261837 -0.0079079 0.0113138 0.1295951 -0.0079131 0.0108088 0.1312345 -0.007918 0.0100638 0.1327799 -0.0079224 0.009098 0.1341977 -0.0079263 0.0079307 0.1354546 -0.0077673 0.0050252 0.1372184 -0.007769 0.0034539 0.1378358 -0.0079348 0.0018347 0.1383898 -0.0080137 0.0051127 0.1373994 -0.0080165 0.0001242 0.1385386 -0.0080158 -0.0015894 0.1384094 -0.0079327 -0.003259 0.1380086 -0.0087009 -0.0032266 0.1379017 -0.0087024 -0.0015701 0.1382792 -0.0087031 0.000124 0.1384069 -0.0086986 -0.0048079 0.1372803 -0.0088233 -0.0062243 0.1363501 -0.0088155 -0.0086868 0.1340654 -0.008683 -0.0097199 0.1327226 -0.0079962 -0.0098326 0.1327893 -0.008001 -0.0088652 0.1342095 -0.0080053 -0.0076959 0.1354687 -0.0079095 -0.01056 0.1312339 -0.0086779 -0.0104577 0.1311921 -0.0079041 -0.0110649 0.1295945 -0.0086726 -0.0109577 0.1295683 -0.0079304 -0.0048555 0.1373812 -0.008009 -0.0063528 0.1365406 -0.008702 0.0034747 0.1379019 -0.0080112 0.0066013 0.136541 -0.007984 0.0115902 0.1279003 -0.0086546 0.0107057 0.122887 -0.0086495 0.0099692 0.1213557 -0.0086448 0.0090116 0.1199525 -0.0079496 0.0066013 0.1175418 -0.0079442 0.0035137 0.1160546 -0.0079421 -0.0015889 0.1156712 -0.0079431 -0.003264 0.1160544 -0.0079449 -0.004864 0.1166814 -0.0079506 -0.0076958 0.1186122 -0.0078659 -0.0063405 0.1175582 -0.0079545 -0.0088642 0.1198724 -0.007959 -0.0098328 0.1212916 -0.0079639 -0.0105778 0.1228402 -0.0078875 -0.0110654 0.1244868 -0.007893 -0.0113204 0.1261831 -0.0078986 -0.0113212 0.1278983 -0.0077287 -0.0111393 0.1261971 -0.0077342 -0.0111401 0.1278853 -0.0077233 -0.0108883 0.1245276 -0.0077182 -0.0103899 0.1229146 -0.0077134 -0.009658 0.1213931 -0.007709 -0.0087064 0.1199988 -0.0077052 -0.0075585 0.1187607 -0.007702 -0.0062381 0.1177087 -0.0076995 -0.0047763 0.1168638 -0.0076977 -0.0032045 0.1162477 -0.0076968 -0.0015587 0.1158713 -0.0078605 0.0001248 0.115564 -0.0076967 0.0001248 0.115746 -0.0078612 0.0018355 0.1156916 -0.0076974 0.0018084 0.1158714 -0.0076989 0.0034542 0.1162479 -0.007865 0.0051048 0.1167 -0.0077011 0.005026 0.1168641 -0.0077041 0.0064877 0.117709 -0.0078717 0.0079316 0.1186277 -0.0077078 0.0078081 0.1187611 -0.007876 0.0090978 0.1198856 -0.007712 0.0089558 0.1199992 -0.0078808 0.0100647 0.1213025 -0.0077167 0.0099074 0.1213936 -0.0078859 0.0108083 0.1228484 -0.0077217 0.0106393 0.1229151 -0.0078913 0.0113146 0.1244875 -0.0077271 0.0111375 0.1245282 -0.0078969 0.0115695 0.1261837 -0.0077325 0.0113885 0.1261976 -0.007738 0.0113891 0.1278859 -0.0079079 0.0113138 0.1295951 -0.0077434 0.0111368 0.1295551 -0.0079131 0.0108088 0.1312345 -0.0077486 0.0106398 0.1311685 -0.007918 0.0100638 0.1327799 -0.0077534 0.0099066 0.1326895 -0.0079224 0.009098 0.1341977 -0.0077578 0.0089562 0.1340848 -0.0079263 0.0079307 0.1354546 -0.0077616 0.0078073 0.1353218 -0.0077648 0.0064877 0.1363748 -0.0077673 0.0050252 0.1372184 -0.007769 0.0034539 0.1378358 -0.00777 0.0018077 0.1382107 -0.0079348 0.0018347 0.1383898 -0.0080137 0.0051127 0.1373994 -0.0080165 0.0001242 0.1385386 -0.0077701 0.0001242 0.1383375 -0.0080158 -0.0015894 0.1384094 -0.0077694 -0.0015593 0.1382106 -0.0079327 -0.003259 0.1380086 -0.0077679 -0.0032055 0.1378356 -0.0079962 -0.0098326 0.1327893 -0.008001 -0.0088652 0.1342095 -0.0080053 -0.0076959 0.1354687 -0.0079095 -0.01056 0.1312339 -0.0077501 -0.0096579 0.1326889 -0.0077548 -0.0087075 0.1340844 -0.007745 -0.010391 0.131168 -0.0079041 -0.0110649 0.1295945 -0.0077397 -0.0108879 0.1295544 -0.007759 -0.0075587 0.1353214 -0.0077626 -0.0062392 0.1363745 -0.0079304 -0.0048555 0.1373812 -0.0077656 -0.0047768 0.1372181 -0.008009 -0.0063528 0.1365406 -0.008702 0.0034747 0.1379019 -0.0080112 0.0066013 0.136541 -0.007984 0.0115902 0.1279003 -0.0079496 0.0066013 0.1175418 -0.0079442 0.0035137 0.1160546 -0.0079421 -0.0015889 0.1156712 0.013583 0.0044145 -0.0919245 0.0142825 2.5e-06 -0.0919224 0.0115543 0.0083943 -0.091931 0.0083951 0.0115524 -0.0919412 0.0044146 0.0135798 -0.0919541 2.5e-06 0.0142778 -0.0919684 -0.0044094 0.0135783 -0.0919828 -8.66e-05 0.0138723 -0.0645812 -0.0043734 0.0131926 -0.0645952 0.0042005 0.013194 -0.0645673 -0.0082404 0.0112214 -0.0646078 -0.011309 0.0081517 -0.0646179 -0.0132788 0.0042841 -0.0646244 -0.0115473 0.0083904 -0.0920062 -0.0135746 0.0044099 -0.0920129 -0.0083892 0.0115496 -0.0919958 -0.0142727 -2.3e-06 -0.0920153 -0.0135732 -0.0044142 -0.0920131 -0.0115445 -0.008394 -0.0920066 -0.0083853 -0.0115522 -0.0919965 0.0044192 -0.013578 -0.0919549 0.008399 -0.0115493 -0.0919418 7.3e-06 -0.0142775 -0.0919692 0.0115571 -0.0083901 -0.0919315 0.0080719 -0.0112227 -0.0645554 0.0111406 -0.008153 -0.0645453 0.004205 -0.0131938 -0.064568 0.0131104 -0.0042854 -0.0645388 0.0137886 1.7e-06 -0.0645364 -8.19e-05 -0.0138736 -0.064582 -0.0043689 -0.0131953 -0.0645959 -0.0082366 -0.0112254 -0.0646084 -0.0113062 -0.0081568 -0.0646183 -0.0132773 -0.0042898 -0.0646246 -0.013957 -3e-06 -0.0646267 0.0080682 0.0112242 -0.0645547 0.0111378 0.0081555 -0.0645448 0.0131089 0.0042885 -0.0645385 0.0135845 -0.0044096 -0.0919248 -0.0044048 -0.0135795 -0.0919836 0.0138199 0.0044913 -0.0921654 0.0145316 2.6e-06 -0.0921632 0.011756 0.0085403 -0.092172 0.0085418 0.0117534 -0.0921823 0.0044921 0.013816 -0.0921954 3.2e-06 0.0145262 -0.09221 -0.0044854 0.0138144 -0.0922247 -0.0085344 0.0117505 -0.0922379 -0.0117475 0.0085363 -0.0922484 -0.0138101 0.0044866 -0.0922553 -0.0145202 -2.3e-06 -0.0922577 -0.0138086 -0.004491 -0.0922555 -0.0117446 -0.00854 -0.0922489 -0.0085304 -0.0117531 -0.0922385 -0.0044807 -0.0138156 -0.0922254 -0.0132414 -0.0096279 -0.0922509 -0.0096179 -0.0132503 -0.0922392 -0.0050523 -0.0155756 -0.0922245 -0.0155683 -0.0050631 -0.0922584 -0.01557 0.0050581 -0.0922581 -0.0163707 -2.6e-06 -0.0922608 -0.0132447 0.0096238 -0.0922504 -0.0096224 0.0132473 -0.0922385 2.9e-06 0.0163766 -0.0922071 -0.0050576 0.0155743 -0.0922236 0.0050636 0.015576 -0.0921907 0.0096292 0.0132506 -0.0921759 0.0132528 0.0096282 -0.0921642 0.0155797 0.0050634 -0.0921568 8.4e-06 -0.0163763 -0.092208 0.0050689 -0.0155739 -0.0921915 0.0096337 -0.0132471 -0.0921766 8.1e-06 -0.0145258 -0.0922108 0.0044968 -0.0138141 -0.0921962 0.0085458 -0.0117502 -0.092183 0.0117589 -0.008536 -0.0921724 0.0138214 -0.0044863 -0.0921656 0.013256 -0.0096235 -0.0921647 0.0155814 -0.0050578 -0.092157 0.016382 2.9e-06 -0.0921543 0.0138199 0.0044913 -0.0921654 0.0145316 2.6e-06 -0.0921632 0.011756 0.0085403 -0.092172 0.013583 0.0044145 -0.0919245 0.0142825 2.5e-06 -0.0919224 0.0115543 0.0083943 -0.091931 0.0083951 0.0115524 -0.0919412 0.0085418 0.0117534 -0.0921823 0.0044146 0.0135798 -0.0919541 0.0044921 0.013816 -0.0921954 2.5e-06 0.0142778 -0.0919684 3.2e-06 0.0145262 -0.09221 -0.0044094 0.0135783 -0.0919828 -0.0044854 0.0138144 -0.0922247 -0.0115473 0.0083904 -0.0920062 -0.0135746 0.0044099 -0.0920129 -0.0083892 0.0115496 -0.0919958 -0.0085344 0.0117505 -0.0922379 -0.0117475 0.0085363 -0.0922484 -0.0138101 0.0044866 -0.0922553 -0.0142727 -2.3e-06 -0.0920153 -0.0145202 -2.3e-06 -0.0922577 -0.0135732 -0.0044142 -0.0920131 -0.0138086 -0.004491 -0.0922555 -0.0115445 -0.008394 -0.0920066 -0.0117446 -0.00854 -0.0922489 -0.0083853 -0.0115522 -0.0919965 -0.0085304 -0.0117531 -0.0922385 -0.0044807 -0.0138156 -0.0922254 8.1e-06 -0.0145258 -0.0922108 0.0044968 -0.0138141 -0.0921962 0.0085458 -0.0117502 -0.092183 0.0044192 -0.013578 -0.0919549 0.008399 -0.0115493 -0.0919418 7.3e-06 -0.0142775 -0.0919692 0.0115571 -0.0083901 -0.0919315 0.0117589 -0.008536 -0.0921724 0.0135845 -0.0044096 -0.0919248 0.0138214 -0.0044863 -0.0921656 -0.0044048 -0.0135795 -0.0919836 -8.66e-05 0.0138723 -0.0645812 -0.0043734 0.0131926 -0.0645952 0.0042005 0.013194 -0.0645673 0.0042755 0.0134275 -0.0643208 -8.74e-05 0.0141178 -0.064335 -0.0044501 0.0134261 -0.0643492 -0.0082404 0.0112214 -0.0646078 -0.0083855 0.01142 -0.0643621 -0.011309 0.0081517 -0.0646179 -0.0115084 0.008296 -0.0643723 -0.0135131 0.0043599 -0.0643789 -0.0132788 0.0042841 -0.0646244 0.0080719 -0.0112227 -0.0645554 0.0111406 -0.008153 -0.0645453 0.004205 -0.0131938 -0.064568 0.0042801 -0.0134273 -0.0643216 0.0082155 -0.0114213 -0.0643087 0.0113384 -0.0082973 -0.0642984 0.0131104 -0.0042854 -0.0645388 0.0133431 -0.0043612 -0.0642918 0.0137886 1.7e-06 -0.0645364 0.0140334 1.7e-06 -0.0642894 0.0133416 0.0043645 -0.0642916 -8.26e-05 -0.0141191 -0.0643358 -0.0044455 -0.0134288 -0.0643499 -8.19e-05 -0.0138736 -0.064582 -0.0043689 -0.0131953 -0.0645959 -0.0082366 -0.0112254 -0.0646084 -0.0083816 -0.0114241 -0.0643627 -0.0113062 -0.0081568 -0.0646183 -0.0115056 -0.0083012 -0.0643728 -0.0132773 -0.0042898 -0.0646246 -0.013957 -3e-06 -0.0646267 -0.0142034 -3e-06 -0.0643813 -0.0135116 -0.0043658 -0.0643792 0.0082116 0.0114228 -0.0643081 0.0113356 0.0082999 -0.064298 0.0080682 0.0112242 -0.0645547 0.0111378 0.0081555 -0.0645448 0.0131089 0.0042885 -0.0645385 -0.0132414 -0.0096279 -0.0922509 -0.0096179 -0.0132503 -0.0922392 -0.0050523 -0.0155756 -0.0922245 -0.0097669 -0.0134543 -0.0919907 -0.005131 -0.0158155 -0.0919756 -0.0134462 -0.0097762 -0.0920025 -0.0155683 -0.0050631 -0.0922584 -0.0158089 -0.0051411 -0.0920101 -0.0051363 0.015814 -0.0919748 -0.0097714 0.0134513 -0.0919899 -0.0134495 0.0097719 -0.092002 -0.0158107 0.005136 -0.0920098 -0.0166236 -2.7e-06 -0.0920126 -0.01557 0.0050581 -0.0922581 -0.0163707 -2.6e-06 -0.0922608 -0.0132447 0.0096238 -0.0922504 -0.0096224 0.0132473 -0.0922385 2.9e-06 0.0163766 -0.0922071 -0.0050576 0.0155743 -0.0922236 2e-06 0.0166287 -0.091958 0.0051407 0.0158157 -0.0919413 0.0050636 0.015576 -0.0921907 0.0097766 0.0134546 -0.0919263 0.0096292 0.0132506 -0.0921759 0.0132528 0.0096282 -0.0921642 0.013456 0.0097765 -0.0919145 0.0155797 0.0050634 -0.0921568 0.0158187 0.0051413 -0.0919069 0.0166334 2.9e-06 -0.0919044 0.005146 -0.0158137 -0.0919422 0.0097811 -0.013451 -0.0919271 7.7e-06 -0.0166285 -0.091959 8.4e-06 -0.0163763 -0.092208 0.0050689 -0.0155739 -0.0921915 0.0096337 -0.0132471 -0.0921766 0.013256 -0.0096235 -0.0921647 0.0155814 -0.0050578 -0.092157 0.016382 2.9e-06 -0.0921543 0.0134593 -0.0097716 -0.091915 0.0158204 -0.0051357 -0.0919072 -0.0097669 -0.0134543 -0.0919907 -0.005131 -0.0158155 -0.0919756 -0.0134462 -0.0097762 -0.0920025 -0.0158089 -0.0051411 -0.0920101 -0.013534 -0.0098306 -0.0879829 -0.0159098 -0.0051697 -0.0879905 -0.0098342 -0.0135291 -0.087971 -0.0051725 -0.0159034 -0.0879559 -5.4e-06 -0.0167209 -0.0879391 -0.0051779 0.0159017 -0.087955 -0.0098387 0.0135259 -0.0879702 -1.11e-05 0.0167209 -0.0879381 -0.0135373 0.009826 -0.0879823 -0.0051363 0.015814 -0.0919748 -0.0097714 0.0134513 -0.0919899 -0.0134495 0.0097719 -0.092002 -0.0158107 0.005136 -0.0920098 -0.0159115 0.0051644 -0.0879902 -0.0166236 -2.7e-06 -0.0920126 -0.016729 -2.8e-06 -0.087993 2e-06 0.0166287 -0.091958 0.0051407 0.0158157 -0.0919413 0.0097766 0.0134546 -0.0919263 0.013456 0.0097765 -0.0919145 0.0158187 0.0051413 -0.0919069 0.0098177 0.0135292 -0.0879063 0.0135175 0.0098306 -0.0878943 0.0158934 0.0051698 -0.0878867 0.0166334 2.9e-06 -0.0919044 0.0167126 2.8e-06 -0.0878842 0.0051561 0.0159034 -0.0879214 0.0051615 -0.0159016 -0.0879222 0.0098223 -0.0135258 -0.087907 0.005146 -0.0158137 -0.0919422 0.0097811 -0.013451 -0.0919271 7.7e-06 -0.0166285 -0.091959 0.0134593 -0.0097716 -0.091915 0.0158204 -0.0051357 -0.0919072 0.0158951 -0.0051643 -0.087887 0.0135209 -0.009826 -0.0878949 -0.013534 -0.0098306 -0.0879829 -0.0159098 -0.0051697 -0.0879905 -0.0098342 -0.0135291 -0.087971 -0.0051725 -0.0159034 -0.0879559 -5.4e-06 -0.0167209 -0.0879391 -6e-06 -0.0169302 -0.0877253 -0.0052379 -0.0161025 -0.0877423 -0.0099579 -0.0136985 -0.0877576 -0.013704 -0.0099536 -0.0877697 0.0052201 0.0161025 -0.0877074 -1.18e-05 0.0169303 -0.0877244 -0.0052434 0.0161007 -0.0877414 -0.0099625 0.0136952 -0.0877569 -0.0051779 0.0159017 -0.087955 -0.0098387 0.0135259 -0.0879702 -1.11e-05 0.0167209 -0.0879381 -0.0135373 0.009826 -0.0879823 -0.0159115 0.0051644 -0.0879902 -0.016729 -2.8e-06 -0.087993 -0.016939 -2.9e-06 -0.0877799 -0.0161113 0.005229 -0.0877771 -0.0137074 0.009949 -0.0877691 -0.0161095 -0.0052345 -0.0877774 0.0098177 0.0135292 -0.0879063 0.0135175 0.0098306 -0.0878943 0.0158934 0.0051698 -0.0878867 0.0167126 2.8e-06 -0.0878842 0.0160918 0.0052345 -0.0876723 0.0169212 2.9e-06 -0.0876698 0.0136862 0.0099537 -0.08768 0.0099401 0.0136985 -0.0876921 0.0051561 0.0159034 -0.0879214 0.0160935 -0.005229 -0.0876726 0.0136895 -0.009949 -0.0876806 0.0099447 -0.0136952 -0.0876929 0.0052255 -0.0161007 -0.0877083 0.0051615 -0.0159016 -0.0879222 0.0098223 -0.0135258 -0.087907 0.0158951 -0.0051643 -0.087887 0.0135209 -0.009826 -0.0878949 -6e-06 -0.0169302 -0.0877253 -0.0052379 -0.0161025 -0.0877423 -0.0099579 -0.0136985 -0.0877576 -0.013704 -0.0099536 -0.0877697 -0.005242 -0.0161025 -0.0864777 -0.009962 -0.0136986 -0.086493 -0.0137081 -0.0099537 -0.0865051 -0.0161137 -0.0052345 -0.0865128 -0.0169432 -2.9e-06 -0.0865154 -0.0161154 0.005229 -0.0865125 -1.02e-05 -0.0169303 -0.0864607 0.0052214 -0.0161008 -0.0864437 0.0099406 -0.0136952 -0.0864283 0.0136854 -0.009949 -0.086416 0.0160876 0.0052344 -0.0864078 0.0169171 2.8e-06 -0.0864052 0.0136821 0.0099536 -0.0864154 0.009936 0.0136985 -0.0864275 0.005216 0.0161025 -0.0864428 -0.0052475 0.0161007 -0.0864769 -1.59e-05 0.0169302 -0.0864598 0.0052201 0.0161025 -0.0877074 -1.18e-05 0.0169303 -0.0877244 -0.0052434 0.0161007 -0.0877414 -0.0099625 0.0136952 -0.0877569 -0.016939 -2.9e-06 -0.0877799 -0.0161113 0.005229 -0.0877771 -0.0137074 0.009949 -0.0877691 -0.0137115 0.009949 -0.0865046 -0.0099666 0.0136951 -0.0864923 -0.0161095 -0.0052345 -0.0877774 0.0160918 0.0052345 -0.0876723 0.0169212 2.9e-06 -0.0876698 0.0136862 0.0099537 -0.08768 0.0099401 0.0136985 -0.0876921 0.0160894 -0.005229 -0.086408 0.0160935 -0.005229 -0.0876726 0.0136895 -0.009949 -0.0876806 0.0099447 -0.0136952 -0.0876929 0.0052255 -0.0161007 -0.0877083 -0.005242 -0.0161025 -0.0864777 -0.009962 -0.0136986 -0.086493 -0.0137081 -0.0099537 -0.0865051 -0.0161137 -0.0052345 -0.0865128 -0.0169432 -2.9e-06 -0.0865154 -0.0159153 -0.0051697 -0.0862984 -0.0167345 -2.9e-06 -0.086301 -0.0135395 -0.0098306 -0.0862908 -0.0161154 0.005229 -0.0865125 -0.015917 0.0051643 -0.0862982 -0.0135428 0.009826 -0.0862903 -0.0098442 0.0135258 -0.0862782 -0.0051834 0.0159016 -0.0862629 -0.0098397 -0.0135292 -0.0862789 -0.005178 -0.0159034 -0.0862638 -1.02e-05 -0.0169303 -0.0864607 -1.09e-05 -0.0167209 -0.086247 0.005156 -0.0159017 -0.0862302 0.0052214 -0.0161008 -0.0864437 0.0099406 -0.0136952 -0.0864283 0.0136854 -0.009949 -0.086416 0.0135154 -0.009826 -0.0862028 0.0098168 -0.0135259 -0.086215 0.0158896 -0.0051644 -0.086195 0.0167071 2.8e-06 -0.0861922 0.0158878 0.0051697 -0.0861947 0.013512 0.0098306 -0.0862023 0.0160876 0.0052344 -0.0864078 0.0169171 2.8e-06 -0.0864052 0.0136821 0.0099536 -0.0864154 0.0098122 0.0135291 -0.0862142 0.009936 0.0136985 -0.0864275 0.005216 0.0161025 -0.0864428 0.0051506 0.0159034 -0.0862293 -1.66e-05 0.0167209 -0.0862461 -0.0052475 0.0161007 -0.0864769 -1.59e-05 0.0169302 -0.0864598 -0.0137115 0.009949 -0.0865046 -0.0099666 0.0136951 -0.0864923 0.0160894 -0.005229 -0.086408 -0.0159153 -0.0051697 -0.0862984 -0.0167345 -2.9e-06 -0.086301 -0.0135395 -0.0098306 -0.0862908 -0.015917 0.0051643 -0.0862982 -0.0159319 -0.0051699 -0.0811742 -0.0167512 -3e-06 -0.0811767 -0.0159337 0.0051642 -0.0811739 -0.0135595 0.0098258 -0.0811661 -0.0135428 0.009826 -0.0862903 -0.0098442 0.0135258 -0.0862782 -0.0098609 0.0135257 -0.0811539 -0.0052001 0.0159015 -0.0811387 -0.0051834 0.0159016 -0.0862629 -0.0135561 -0.0098307 -0.0811666 -0.0098563 -0.0135293 -0.0811547 -0.0098397 -0.0135292 -0.0862789 -0.005178 -0.0159034 -0.0862638 -0.0051947 -0.0159036 -0.0811396 -1.09e-05 -0.0167209 -0.086247 0.005156 -0.0159017 -0.0862302 0.0135154 -0.009826 -0.0862028 0.0098168 -0.0135259 -0.086215 0.0134987 -0.0098262 -0.0810786 0.0098001 -0.013526 -0.0810907 0.0051393 -0.0159018 -0.081106 -2.76e-05 -0.0167211 -0.0811228 0.0158729 -0.0051645 -0.0810707 0.0158896 -0.0051644 -0.086195 0.0166904 2.7e-06 -0.0810679 0.0167071 2.8e-06 -0.0861922 0.0158712 0.0051696 -0.0810704 0.0158878 0.0051697 -0.0861947 0.013512 0.0098306 -0.0862023 0.0134954 0.0098304 -0.081078 0.0098122 0.0135291 -0.0862142 0.0051506 0.0159034 -0.0862293 0.0097956 0.013529 -0.08109 0.0051339 0.0159032 -0.0811051 -3.32e-05 0.0167207 -0.0811219 -1.66e-05 0.0167209 -0.0862461 -0.0159319 -0.0051699 -0.0811742 -0.0167512 -3e-06 -0.0811767 -0.0159337 0.0051642 -0.0811739 -0.0135595 0.0098258 -0.0811661 -0.0098609 0.0135257 -0.0811539 -0.0052001 0.0159015 -0.0811387 -0.0137296 0.0099488 -0.0809529 -0.0099847 0.013695 -0.0809406 -0.0052655 0.0161005 -0.0809252 -3.4e-05 0.0169301 -0.0809081 0.0051979 0.0161023 -0.0808911 0.0099179 0.0136983 -0.0808758 -0.0169612 -3.1e-06 -0.0809637 -0.0161335 0.0052288 -0.0809608 -0.0161317 -0.0052347 -0.0809611 -0.0135561 -0.0098307 -0.0811666 -0.0137262 -0.0099538 -0.0809534 -0.0099801 -0.0136987 -0.0809413 -0.0098563 -0.0135293 -0.0811547 -0.0051947 -0.0159036 -0.0811396 0.0134987 -0.0098262 -0.0810786 0.0098001 -0.013526 -0.0810907 0.0051393 -0.0159018 -0.081106 -2.76e-05 -0.0167211 -0.0811228 0.0099225 -0.0136953 -0.0808766 0.0052033 -0.0161009 -0.080892 -2.82e-05 -0.0169304 -0.0809091 0.0136674 -0.0099492 -0.0808643 0.0168991 2.7e-06 -0.0808535 0.0160713 -0.0052292 -0.0808563 0.0158729 -0.0051645 -0.0810707 0.0166904 2.7e-06 -0.0810679 0.0158712 0.0051696 -0.0810704 0.0134954 0.0098304 -0.081078 0.0097956 0.013529 -0.08109 0.0051339 0.0159032 -0.0811051 0.013664 0.0099535 -0.0808637 0.0160696 0.0052343 -0.0808561 -3.32e-05 0.0167207 -0.0811219 -0.0052601 -0.0161027 -0.0809261 -0.0137296 0.0099488 -0.0809529 -0.0099847 0.013695 -0.0809406 -0.0052655 0.0161005 -0.0809252 -3.4e-05 0.0169301 -0.0809081 0.0051979 0.0161023 -0.0808911 0.0099179 0.0136983 -0.0808758 0.0051938 0.0161023 -0.0796265 -3.81e-05 0.01693 -0.0796435 0.0099138 0.0136983 -0.0796112 0.0136599 0.0099534 -0.0795992 -0.0137337 0.0099488 -0.0796883 -0.0099888 0.0136949 -0.079676 -0.0052696 0.0161005 -0.0796606 -0.0161376 0.0052288 -0.0796962 -0.0169653 -3.1e-06 -0.0796991 -0.0161358 -0.0052347 -0.0796965 -0.0137303 -0.0099539 -0.0796888 -0.0169612 -3.1e-06 -0.0809637 -0.0161335 0.0052288 -0.0809608 -0.0161317 -0.0052347 -0.0809611 -0.0137262 -0.0099538 -0.0809534 -0.0099801 -0.0136987 -0.0809413 0.0099225 -0.0136953 -0.0808766 0.0052033 -0.0161009 -0.080892 -2.82e-05 -0.0169304 -0.0809091 0.0136674 -0.0099492 -0.0808643 0.0136633 -0.0099492 -0.0795997 0.0099184 -0.0136954 -0.079612 0.0051992 -0.016101 -0.0796274 -3.23e-05 -0.0169305 -0.0796445 0.0168949 2.6e-06 -0.0795889 0.0160672 -0.0052292 -0.0795918 0.0160655 0.0052342 -0.0795915 0.0168991 2.7e-06 -0.0808535 0.0160713 -0.0052292 -0.0808563 0.013664 0.0099535 -0.0808637 0.0160696 0.0052343 -0.0808561 -0.0052642 -0.0161027 -0.0796615 -0.0099842 -0.0136988 -0.0796768 -0.0052601 -0.0161027 -0.0809261 0.0051938 0.0161023 -0.0796265 -3.81e-05 0.01693 -0.0796435 0.0099138 0.0136983 -0.0796112 0.0136599 0.0099534 -0.0795992 0.0051284 0.0159032 -0.079413 0.0097901 0.0135289 -0.0793979 0.0134899 0.0098304 -0.079386 -3.87e-05 0.0167207 -0.0794298 -0.0052056 0.0159014 -0.0794467 -0.0098664 0.0135256 -0.0794619 -0.013565 0.0098258 -0.079474 -0.0137337 0.0099488 -0.0796883 -0.0099888 0.0136949 -0.079676 -0.0052696 0.0161005 -0.0796606 -0.0161376 0.0052288 -0.0796962 -0.0169653 -3.1e-06 -0.0796991 -0.0159392 0.0051641 -0.0794819 -0.0167567 -3.1e-06 -0.0794847 -0.0159374 -0.0051699 -0.0794822 -0.0161358 -0.0052347 -0.0796965 -0.0135616 -0.0098308 -0.0794746 -0.0137303 -0.0099539 -0.0796888 0.0136633 -0.0099492 -0.0795997 0.0099184 -0.0136954 -0.079612 0.0051992 -0.016101 -0.0796274 0.0097946 -0.0135261 -0.0793987 0.0051338 -0.0159019 -0.0794139 0.0134932 -0.0098262 -0.0793865 -3.23e-05 -0.0169305 -0.0796445 -3.31e-05 -0.0167211 -0.0794307 0.0158674 -0.0051646 -0.0793787 0.0166849 2.6e-06 -0.0793759 0.0158657 0.0051695 -0.0793784 0.0168949 2.6e-06 -0.0795889 0.0160672 -0.0052292 -0.0795918 0.0160655 0.0052342 -0.0795915 -0.0098618 -0.0135294 -0.0794626 -0.0052002 -0.0159036 -0.0794475 -0.0052642 -0.0161027 -0.0796615 -0.0099842 -0.0136988 -0.0796768 0.0051284 0.0159032 -0.079413 0.0097901 0.0135289 -0.0793979 0.0134899 0.0098304 -0.079386 -3.87e-05 0.0167207 -0.0794298 -0.0052056 0.0159014 -0.0794467 0.0050516 0.015815 -0.0645682 -8.7e-05 0.016628 -0.0645848 -0.0052254 0.0158132 -0.0646016 -0.0098605 0.0134505 -0.0646167 -0.0098664 0.0135256 -0.0794619 -0.0135386 0.0097711 -0.0646288 -0.013565 0.0098258 -0.079474 -0.0159392 0.0051641 -0.0794819 -0.0167567 -3.1e-06 -0.0794847 -0.0159374 -0.0051699 -0.0794822 -0.0135616 -0.0098308 -0.0794746 0.0097946 -0.0135261 -0.0793987 0.0051338 -0.0159019 -0.0794139 0.0134932 -0.0098262 -0.0793865 -3.31e-05 -0.0167211 -0.0794307 -8.14e-05 -0.0166292 -0.0645858 0.005057 -0.0158145 -0.064569 0.0096921 -0.0134518 -0.0645539 0.0133702 -0.0097724 -0.0645418 0.0157313 -0.0051365 -0.064534 0.0158674 -0.0051646 -0.0793787 0.0166849 2.6e-06 -0.0793759 0.0158657 0.0051695 -0.0793784 0.0157296 0.0051406 -0.0645337 0.0165443 2.2e-06 -0.0645312 -0.0098559 -0.0134551 -0.0646175 -0.00522 -0.0158162 -0.0646025 -0.0135353 -0.009777 -0.0646293 -0.0098618 -0.0135294 -0.0794626 -0.0052002 -0.0159036 -0.0794475 -0.015898 -0.0051418 -0.0646369 -0.0167127 -3.5e-06 -0.0646394 -0.0158997 0.0051352 -0.0646366 0.0096875 0.0134538 -0.0645531 0.0133669 0.0097757 -0.0645413 0.0042755 0.0134275 -0.0643208 -8.74e-05 0.0141178 -0.064335 -0.0044501 0.0134261 -0.0643492 -0.0083855 0.01142 -0.0643621 -0.0115084 0.008296 -0.0643723 -0.0135131 0.0043599 -0.0643789 0.0042801 -0.0134273 -0.0643216 0.0082155 -0.0114213 -0.0643087 0.0113384 -0.0082973 -0.0642984 0.0133431 -0.0043612 -0.0642918 0.0140334 1.7e-06 -0.0642894 0.0133416 0.0043645 -0.0642916 0.015489 0.0050626 -0.0642854 0.0162914 2.1e-06 -0.064283 0.0154907 -0.0050586 -0.0642857 0.0131654 -0.0096242 -0.0642934 0.009543 -0.0132478 -0.0643053 0.0049782 -0.0155747 -0.0643202 -8.22e-05 -0.0163771 -0.0643367 -8.26e-05 -0.0141191 -0.0643358 -0.0044455 -0.0134288 -0.0643499 -0.0083816 -0.0114241 -0.0643627 -0.0115056 -0.0083012 -0.0643728 -0.0142034 -3e-06 -0.0643813 -0.0135116 -0.0043658 -0.0643792 -0.0156607 0.0050573 -0.0643868 -0.0164614 -3.4e-06 -0.0643895 -0.015659 -0.0050639 -0.0643871 -0.0133321 -0.0096287 -0.0643796 -0.0097085 -0.0132511 -0.0643679 -0.005143 -0.0155764 -0.0643532 -0.0133354 0.0096229 -0.0643791 -0.009713 0.0132465 -0.0643672 -8.78e-05 0.0163758 -0.0643358 -0.0051482 0.0155734 -0.0643523 0.0049729 0.0155752 -0.0643194 0.0095385 0.0132498 -0.0643046 0.0082116 0.0114228 -0.0643081 0.0113356 0.0082999 -0.064298 0.0131621 0.0096274 -0.0642929 0.0050516 0.015815 -0.0645682 -8.7e-05 0.016628 -0.0645848 -0.0052254 0.0158132 -0.0646016 -0.0098605 0.0134505 -0.0646167 -0.0135386 0.0097711 -0.0646288 -8.14e-05 -0.0166292 -0.0645858 0.005057 -0.0158145 -0.064569 0.0096921 -0.0134518 -0.0645539 0.0133702 -0.0097724 -0.0645418 0.0157313 -0.0051365 -0.064534 0.015489 0.0050626 -0.0642854 0.0162914 2.1e-06 -0.064283 0.0154907 -0.0050586 -0.0642857 0.0157296 0.0051406 -0.0645337 0.0165443 2.2e-06 -0.0645312 0.0131654 -0.0096242 -0.0642934 0.009543 -0.0132478 -0.0643053 0.0049782 -0.0155747 -0.0643202 -8.22e-05 -0.0163771 -0.0643367 -0.0156607 0.0050573 -0.0643868 -0.0164614 -3.4e-06 -0.0643895 -0.015659 -0.0050639 -0.0643871 -0.0133321 -0.0096287 -0.0643796 -0.0097085 -0.0132511 -0.0643679 -0.005143 -0.0155764 -0.0643532 -0.0098559 -0.0134551 -0.0646175 -0.00522 -0.0158162 -0.0646025 -0.0135353 -0.009777 -0.0646293 -0.015898 -0.0051418 -0.0646369 -0.0167127 -3.5e-06 -0.0646394 -0.0158997 0.0051352 -0.0646366 -0.0133354 0.0096229 -0.0643791 -0.009713 0.0132465 -0.0643672 -8.78e-05 0.0163758 -0.0643358 -0.0051482 0.0155734 -0.0643523 0.0049729 0.0155752 -0.0643194 0.0095385 0.0132498 -0.0643046 0.0096875 0.0134538 -0.0645531 0.0131621 0.0096274 -0.0642929 0.0133669 0.0097757 -0.0645413 0.0172675 0.0059231 0.1279308 0.0172496 0.001713 0.1322985 0.0172527 0.0011457 0.1327079 0.0122542 -0.0011975 0.1358571 0.012449 0.0001277 0.1358261 0.0125229 -0.0024479 0.135416 0.0122603 0.0061754 0.1335832 0.0122578 0.0051367 0.1344123 0.0123908 0.003957 0.1350172 0.0123027 0.0061761 0.1205473 0.0125723 0.0050504 0.1198469 0.0125662 0.0069596 0.1216185 0.0122603 0.0061754 0.1335832 0.0125253 0.0050502 0.1342861 0.0123908 0.003957 0.1350172 -0.0084692 -0.0014022 0.0986525 -0.0080437 0.001389 0.098654 -0.0080421 -0.0020583 0.0983259 -0.0085719 0.0041348 0.1163248 -0.0080453 0.0014541 0.1158362 -0.0085789 -0.0012523 0.115516 -0.0085421 -0.0112813 0.1159104 -0.0085381 -0.0118736 0.1153608 -0.0085325 -0.012397 0.1142737 0.0077501 0.0138271 0.1329934 0.0082415 0.0127304 0.1345951 0.0077407 0.0113992 0.1360351 0.0082328 -0.0081284 0.1383567 0.007731 -0.004225 0.1398083 0.0082251 -5e-06 0.1402978 0.020565 0.0006911 0.1289515 0.0202263 0.0012741 0.1287101 0.0205679 0.0018872 0.1279976 0.0202334 0.0021512 0.1264756 0.0192675 0.0019852 0.1258424 0.0205708 0.002162 0.1271072 0.0204728 -0.000554 0.1249145 0.020472 -0.0011262 0.12519 0.020059 -0.0017558 0.1258925</float_array>
          <technique_common>
            <accessor count="3137" source="#g1_dark_steel-pos-array" stride="3">
              <param type="float" name="X"/>
              <param type="float" name="Y"/>
              <param type="float" name="Z"/>
            </accessor>
          </technique_common>
        </source>
        <source id="g1_dark_steel-nrm">
          <float_array count="9411" id="g1_dark_steel-nrm-array">0.97685 0.21266 0.02339 0.9791 0.13215 -0.15462 0.9785 0.14383 0.14781 0.97637 0.0229 0.21489 0.97926 -0.1521 0.13385 0.97512 -0.22036 -0.02401 0.98129 -0.14433 -0.12746 0.75224 0.40241 -0.52173 0.77465 0.50261 -0.3838 0.84757 0.05857 -0.52744 0.84175 0.53297 -0.08601 0.78779 -0.35654 -0.50227 0.75272 -0.53674 -0.38122 0.78099 0.48773 0.39009 0.81274 0.53543 0.22972 0.29972 -0.61314 -0.73091 0.3816 -0.39884 -0.83385 0.39144 -0.13716 -0.90992 0.4558 0.1321 -0.88023 0.32526 0.45261 -0.83027 0.30483 0.73069 -0.61087 0.44179 0.82042 -0.36296 0.33797 0.82245 0.45756 0.39255 0.90926 0.13837 0.38151 0.91128 -0.15495 0.00253 0.6529 0.75744 0.74008 0.4302 0.51692 0.7723 -0.50105 0.39052 0.77231 -0.38425 0.50585 0.84481 -0.53205 0.05677 0.83494 -0.09396 0.54227 0.8212 0.20606 0.53214 0.35851 -0.81866 -0.44863 0.40431 -0.90342 -0.14269 0.37474 -0.91537 0.14718 0.38647 -0.80417 0.45162 0.35956 -0.45627 0.81396 0.32976 0.42381 0.84359 0.39016 0.13711 0.91048 0.39352 -0.14407 0.90796 0.97482 -0.02448 -0.22163 0.00781 -0.65594 -0.75478 0.01048 0.51634 -0.85632 0.01657 0.15923 -0.9871 0.01138 -0.15617 -0.98766 0.00977 -0.45338 -0.89127 0.0054 0.89122 0.45354 0.00344 0.75699 0.65342 0.00752 0.98768 0.15631 0.01283 0.98719 -0.15903 0.0069 0.85681 -0.51559 0.00712 -0.85282 0.52215 0.00786 -0.98769 0.15625 0.00882 -0.98769 -0.15618 0.00841 -0.85762 -0.51421 -0.00433 0.50948 0.86047 0.00495 0.15625 0.98771 0.00495 -0.15622 0.98771 0.00386 -0.52183 0.85304 0.02035 -0.43145 0.90191 -0.04441 0.23774 0.97031 0.05975 -0.08548 0.99455 0.04299 0.11676 0.99223 -0.00284 -0.44659 0.89474 -0.03379 0.86075 0.5079 0.04221 0.65487 0.75456 7e-05 0.99732 -0.07316 -0.02001 -0.77644 0.62987 0.0572 0.99099 0.12109 0.02602 -0.977 0.21166 -0.0507 0.47537 0.87832 0.03368 0.83061 0.55584 -0.05019 0.95689 0.28609 0.02259 0.99788 -0.06101 0.00072 0.96262 -0.27085 0.02736 0.95469 -0.29633 0.00146 0.83909 -0.54399 -0.13532 0.70037 -0.70083 -0.08812 0.50208 -0.86032 -0.0725 0.52443 -0.84836 0.04342 0.23068 -0.97206 0.10573 -0.99093 0.08295 -0.02198 -0.94597 0.3235 -0.00194 -0.7703 0.63768 -0.99834 -0.03798 0.04328 -0.9872 -0.09934 0.12476 -0.9975 0.05585 -0.04325 -0.99999 -0.00017 -0.00325 -0.99999 -0.00017 -0.00325 -0.99999 -0.00017 -0.00325 -0.99999 -0.00017 -0.00325 -0.99999 -0.00017 -0.00325 -1 0.00093 -0.00213 -0.99999 -0.00017 -0.00325 -0.99999 -0.00017 -0.00325 -0.99999 -0.00017 -0.00325 -0.99999 -0.00017 -0.00325 -0.99999 -0.00017 -0.00325 0.99999 0.00017 0.00325 0.99999 0.00017 0.00325 0.99999 0.00017 0.00325 0.99999 0.00017 0.00325 0.99999 0.00017 0.00325 0.99999 0.00017 0.00325 0.99999 0.00017 0.00325 0.9992 -0.00085 -0.03987 0.96273 0.0633 -0.26295 0.99406 -0.01366 -0.10798 0.99992 -0.00347 -0.0121 0.99999 0.00017 0.00325 0.99999 0.00017 0.00325 0.99999 0.00017 0.00325 0.99999 0.00017 0.00325 -0.15091 -0.33331 -0.93066 -0.01045 -0.42657 -0.90439 0.15244 -0.51895 -0.8411 0.26039 -0.57047 -0.77895 -0.3642 -0.92182 -0.13268 -0.10137 -0.87208 -0.47874 -0.03319 -0.90787 -0.41793 -0.06285 -0.98455 -0.16345 -0.41749 -0.89872 -0.13419 -0.0029 -0.95266 -0.30402 -0.09338 -0.16189 0.98238 0.1691 -0.13876 0.97578 0.17036 -0.30025 0.93852 0.18847 -0.41904 0.88819 0.11579 -0.30538 0.94516 0.06355 -0.12403 0.99024 0.28597 0.02697 0.95786 0.1817 0.14289 0.97292 0.18886 0 0.982 -0.03865 0.47874 0.87711 0.18897 0.28929 0.9384 0.20135 0.43593 0.87717 0.07007 0.45458 0.88794 -0.02661 0.3065 0.9515 0.38979 0.27227 0.87973 0.52683 0.06537 0.84745 0.65432 0.05742 0.75403 0.48737 -0.36089 0.79513 0.72984 -0.20281 0.65284 0.85355 -0.28765 0.4344 0.43231 -0.63639 0.63884 0.72372 -0.53245 0.439 0.23105 -0.53164 0.81485 -0.07324 -0.82519 0.56009 -0.07277 -0.9285 0.36414 0.99999 0.00017 0.00325 0.99999 0.00017 0.00325 0.72381 -0.66997 -0.16503 -0.07079 -0.98659 -0.14709 -0.07175 -0.99465 0.07429 -0.07228 -0.97243 0.2217 0.06094 -0.97307 0.22229 0.06153 -0.9953 0.07477 0.06039 -0.92912 0.36482 0.08375 -0.86348 0.49738 0.1814 -0.85561 0.4848 0.19172 -0.91342 0.35904 0.1923 -0.95661 0.21889 0.19292 -0.97843 0.07388 0.18376 -0.98085 -0.06456 0.08598 -0.99362 -0.07303 0.1652 -0.96163 -0.21905 0.18504 -0.91187 -0.3664 0.10427 -0.92519 -0.36489 0.19531 -0.84959 -0.48994 0.06765 -0.86741 -0.49297 0.18653 -0.76687 -0.6141 0.18374 -0.6854 -0.70461 0.14466 -0.5492 -0.82307 0.16808 -0.42786 -0.88808 0.17776 -0.29016 -0.94032 0.1213 -0.28637 -0.95041 0.16842 -0.14694 -0.9747 0.16583 -0.01017 -0.9861 0.1382 -0.03698 -0.98971 0.1335 0.14782 -0.97996 0.16323 0.30073 -0.93964 0.16793 0.42797 -0.88805 0.17707 0.55473 -0.81297 0.13647 0.54481 -0.82738 0.16716 0.67093 -0.72243 0.1666 0.77119 -0.61442 0.16602 0.85426 -0.49263 0.17494 0.91672 -0.3592 0.09536 0.9219 -0.37551 0.16486 0.9617 -0.21899 0.18342 0.98092 -0.06451 0.08668 0.99529 -0.0434 0.1926 0.97849 0.07393 0.12691 0.98911 0.07458 0.19198 0.95667 0.21894 0.0772 0.9755 0.20599 0.19141 0.91347 0.35909 0.064 0.93129 0.35861 0.18023 0.85161 0.49222 0.19033 0.76726 0.61245 0.06691 0.77996 0.62224 0.17009 0.67598 0.71702 0.21382 0.53046 0.8203 0.02 0.66923 0.74279 -0.07987 0.77944 0.62136 -0.0927 0.67739 0.72976 -0.13359 0.55295 0.82243 -0.09193 0.86247 0.49768 -0.07607 0.92699 0.3673 -0.07216 0.98601 0.15027 0.99999 0.00017 0.00325 0.72104 0.69078 0.05413 0.99999 0.00017 0.00325 -0.07162 0.99743 -0.002 -0.08173 0.97162 -0.222 0.02084 0.86578 0.49999 0.02716 0.9746 -0.22228 0.12924 0.86621 -0.48268 -0.07008 0.89949 -0.43128 -0.01553 0.67852 -0.73442 0.72437 0.35005 -0.59393 0.73576 0.5514 -0.3932 0.72514 0.58919 -0.35642 0.85163 0.1713 -0.49536 0.19068 0.32481 -0.92636 0.36517 0.11137 -0.92426 0.06396 0.1417 -0.98784 0.22471 0.47413 -0.8513 0.03465 0.67796 -0.73428 0.1144 0.78708 -0.60615 0.13247 -0.14774 -0.98011 0.50754 -0.2493 -0.82477 0.59752 -0.01522 -0.80171 0.52538 -0.3419 -0.77915 0.24053 -0.54712 -0.80175 0.42259 -0.62235 -0.65886 0.85814 -0.28927 -0.42417 0.8574 -0.40676 -0.3153 0.20328 -0.75662 -0.62145 0.33528 -0.82131 -0.46157 0.06623 -0.56932 -0.81944 0.03535 -0.77113 -0.63569 0.07999 -0.40381 -0.91134 0.12975 -0.96678 -0.22022 0.5131 -0.80584 -0.29557 0.72117 -0.09712 -0.68591 0.99999 0.00017 0.00325 0.99874 -0.03506 0.03594 0.68482 0.28102 0.67234 0.16157 -0.77133 0.61559 0.17026 -0.66394 0.72814 0.12543 -0.78454 0.60726 0.07417 -0.68783 0.72207 -0.03008 -0.71495 0.69852 -0.02522 -0.57811 0.81557 0.1897 -0.55278 0.81145 0.68308 -0.63152 0.36685 0.66932 -0.6451 0.36858 0.4975 -0.80695 0.31832 0.53097 -0.78822 0.31109 0.53177 -0.84439 0.06499 0.68449 -0.72715 -0.0523 0.67072 -0.74015 -0.04805 0.4983 -0.86446 0.0664 0.65812 -0.73357 0.16959 0.49638 0.67796 0.5422 0.66863 0.50856 0.5425 0.65717 0.65185 0.37843 0.49727 0.80707 0.31836 0.66976 0.72228 0.17242 0.53074 0.78836 0.31112 0.68354 0.71113 0.16453 0.5299 0.66222 0.52978 0.68242 0.4961 0.53684 0.68424 0.72738 -0.05226 0.53234 0.82569 -0.18668 0.6705 0.7396 -0.05849 0.4989 0.84529 -0.19127 0.67119 0.69269 -0.26396 0.68495 0.67901 -0.26418 -0.99999 -0.00023 -0.00342 -0.99999 -0.00013 -0.00329 -0.99999 -0.00017 -0.00336 -0.99999 -0.00014 -0.00326 -0.99999 -0.00012 -0.00327 -0.99999 -0.00023 -0.0032 -1 -0.00053 -0.0031 -1 -0.0009 -0.00295 -0.99999 -0.00068 -0.00318 -0.99999 -0.00033 -0.00326 -0.99999 -0.0002 -0.00326 -0.99999 -0.00018 -0.00325 -0.99999 -0.00025 -0.00472 -0.99999 -0.00018 -0.0032 -0.99999 -0.0019 -0.00417 -0.99999 -0.00017 -0.00324 -0.99999 -0.00015 -0.00325 -0.99999 -0.00016 -0.00319 -0.99999 0.00148 -0.00416 -0.99999 -0.00014 -0.00323 -0.99999 0.0026 -0.00334 -0.99998 0.00138 -0.00579 -0.99998 0.00158 -0.00656 -0.99999 0.00198 -0.0047 -0.99999 0.00248 -0.0037 -0.99999 0.0026 -0.00321 -0.99999 0.00281 -0.00342 -0.99999 0.00343 -0.0033 -0.99999 0.0034 -0.00336 -0.99998 0.00265 -0.00639 -0.99999 0.00345 -0.00332 -0.99999 0.00345 -0.00323 -0.99997 0.00356 -0.00747 -0.99999 0.00051 -0.00443 -0.99997 0.00343 -0.00736 -0.99997 0.0025 -0.00706 -0.99999 0.00216 -0.00494 -0.99999 0.00307 -0.00339 -0.99998 -0.00076 -0.00603 -0.99999 -0.00381 -0.00338 -0.99999 -0.00378 -0.0033 -0.99998 -0.00341 -0.00523 -0.99999 -0.00376 -0.00338 -0.99999 -0.0038 -0.00325 -0.99999 -0.00375 -0.00335 -0.99999 -0.00299 -0.00364 -0.99998 -0.00231 -0.00519 -0.99997 -0.00192 -0.00681 -0.99998 -0.00175 -0.00543 -0.99998 -0.00262 -0.00569 -0.99997 -0.00383 -0.00656 -0.99997 -0.00445 -0.00691 -0.99997 -0.00356 -0.00676 -0.99999 -0.00318 -0.0034 -0.99999 -0.00296 -0.0032 -0.99999 -0.00296 -0.00334 -0.99999 -0.00283 -0.00246 -0.99999 -0.00294 -0.00298 -0.99999 -0.00289 -0.00255 -1 -0.00249 -0.00148 -0.99999 -0.00277 -0.00215 -0.99999 -0.00265 -0.00178 -1 -0.00195 -0.00072 -1 -0.00218 -0.00102 -1 -0.00246 -0.00136 -1 -0.00189 -0.00064 -1 -0.00162 -0.00039 -1 -0.00131 -0.00017 -1 -0.00105 -7e-05 -1 -0.00085 6e-05 -1 -0.0001 0.00014 -1 -0.00027 0.00018 -1 0.00032 9e-05 -1 0.00075 -4e-05 -1 0.00087 -0.00011 -1 0.00158 -0.00072 -1 0.0013 -0.00038 -1 0.00161 -0.00066 -1 0.00189 -0.00102 -1 0.00211 -0.00137 -1 0.00216 -0.00157 -1 0.00231 -0.00177 -0.99999 0.00244 -0.00216 -0.99999 0.00248 -0.0025 -0.99999 0.00254 -0.00256 -0.99999 0.00259 -0.00298 -0.2851 0.00045 -0.9585 -0.06183 0.71983 -0.69139 -0.09983 0.77238 -0.62727 -0.08041 0.59427 -0.80023 -0.07571 0.94648 -0.31376 -0.08534 0.88142 -0.46457 -0.07204 -0.60108 -0.79594 -0.06232 -0.72189 -0.6892 -0.09475 -0.77065 -0.63017 -0.08504 -0.88142 -0.46462 -0.07539 -0.94649 -0.31381 -0.07113 -0.97504 -0.21032 -0.07048 -0.99084 -0.11517 -0.07145 0.97503 -0.21026 -0.07082 0.99082 -0.11512 -0.07373 0.99677 -0.03179 -0.07339 -0.99679 -0.03184 -0.08212 -0.99204 0.09547 -0.09223 -0.96434 0.24809 -0.1047 -0.91867 0.3809 -0.12506 -0.84842 0.51434 -0.00028 -0.99469 0.10287 -0.00079 -0.96702 0.25471 -0.00646 -0.92104 0.38942 0.09176 -0.92581 0.36668 0.0001 -0.99961 -0.0279 0.07387 -0.99678 -0.03121 0.08161 -0.99203 0.09601 0.09405 -0.96493 0.24507 0.0717 -0.99082 -0.11463 0.07283 -0.97497 -0.21007 0.0723 0.97507 -0.2098 0.07104 0.99086 -0.11466 0.07722 0.94652 -0.31327 0.06877 0.89421 -0.44233 0.03585 0.80674 -0.58982 0.08033 0.52472 -0.84748 0.12109 0.57262 -0.81083 0.07967 -0.94709 -0.31093 0.09751 -0.89976 -0.42535 0.05745 -0.79304 -0.60646 0.01063 -0.53199 -0.84668 0.16166 0.00357 -0.98684 0.40709 -0.00085 -0.91339 0.08935 -0.5789 -0.81049 0.57844 -0.19386 -0.79235 0.52634 -0.00118 -0.85027 0.55652 0.21048 -0.80373 0.38182 -0.45234 -0.80598 0.06339 -0.77413 -0.62984 0.00467 -0.77488 -0.63209 -0.30655 -0.5265 -0.79298 -0.55458 -0.23316 -0.7988 -0.52037 -5e-05 -0.85394 -0.58001 0.213 -0.78627 -0.36359 0.47944 -0.79871 -0.08271 0.72794 -0.68064 0.33904 0.46426 -0.81824 0.10489 0.67741 -0.72809 -0.03564 0.72534 -0.68747 0.07169 0.77925 -0.6226 -0.00404 0.77397 -0.63321 -0.11069 0.65301 -0.74922 -0.15967 0.5689 -0.80676 -0.00075 0.88131 -0.47254 0.00011 0.99339 -0.1148 -0.00018 0.99961 -0.02791 0.00043 0.97698 -0.21331 -0.00061 0.99469 0.10293 0.00176 0.9676 0.2525 0.00295 0.91901 0.39423 -0.09588 0.90936 0.4048 -0.00518 0.85374 0.52068 -0.10846 0.78047 0.61571 -0.00583 0.76865 0.63965 0.11054 0.76917 0.62941 0.09821 0.91744 0.38556 0.1105 0.85175 0.51217 0.09036 0.96434 0.24875 0.08128 0.99205 0.09607 0.07339 0.99681 -0.03131 0.12805 0.76273 0.63392 0.13377 0.66353 0.73609 0.11535 0.66369 0.73906 0.13815 0.55607 0.81957 0.11908 0.5563 0.8224 -0.00253 0.66755 0.74456 -0.00279 0.55982 0.82861 -0.00298 0.44798 0.89404 0.12178 0.44499 0.88722 0.00124 0.33209 0.94325 0.11727 0.30591 0.94481 0.14131 0.44472 0.88445 0.14348 0.3326 0.93209 0.13084 0.2166 0.96745 0.13142 0.11402 0.98475 0.00744 0.22287 0.97482 0.00745 0.10978 0.99393 0.11914 0.02826 0.99248 -0.00437 0.00329 0.99999 -0.1373 0.22112 0.96553 -0.13513 0.09383 0.98638 -0.12375 -0.00525 0.9923 -0.18594 -0.10294 0.97715 -0.14211 -0.09648 0.98514 -0.00321 -0.10985 0.99394 -0.1345 -0.21864 0.96649 -0.00313 -0.22296 0.97482 -0.13017 -0.33291 0.93393 -0.00301 -0.33525 0.94212 -0.12799 -0.44501 0.88633 -0.12486 -0.55632 0.82154 -0.12058 -0.6637 0.73822 -0.11502 -0.76281 0.63631 -0.00232 -0.6676 0.74452 -0.00261 -0.55986 0.82858 -0.00196 -0.76687 0.6418 -0.10163 -0.86221 0.49625 -0.0049 -0.85395 0.52033 0.1047 -0.84855 0.51866 0.11072 -0.76283 0.63705 0.11557 -0.66369 0.73903 0.12123 -0.84845 0.51521 0.1283 -0.76273 0.63386 0.11301 -0.91614 0.38461 0.134 -0.66353 0.73605 0.15336 -0.54194 0.82631 0.1794 -0.43596 0.8819 0.12875 -0.44201 0.88772 0.11927 -0.55628 0.82239 -0.00284 -0.44803 0.89401 0.12666 -0.33533 0.93355 0.1284 -0.22124 0.96673 0.18397 -0.21911 0.9582 0.12557 -0.10899 0.98608 0.16701 -0.33489 0.92734 0.15883 -0.12284 0.97963 0.14594 -2e-05 0.98929 -0.14435 -0.55608 0.8185 -0.13941 -0.66351 0.73506 -0.13298 -0.76269 0.63295 -0.14793 -0.44471 0.88338 -0.15045 -0.3326 0.93099 -0.16157 -0.20466 0.96541 -0.10321 -0.00665 0.99464 -0.15642 0.11728 0.9807 -0.1619 0.31433 0.93541 -0.14808 0.44462 0.88339 -0.14453 0.55595 0.81855 -0.13964 0.66343 0.7351 -0.13324 0.76262 0.63297 -0.12814 0.44493 0.88635 -0.12505 0.55621 0.82158 -0.13028 0.3328 0.93395 -0.12079 0.66361 0.73826 -0.11784 0.84892 0.51522 -0.11622 0.91604 0.38387 -0.09701 0.9649 0.24404 -0.08246 0.99201 0.09552 0.00077 0.94824 -0.31754 -0.46514 -0.0002 -0.88524 -0.14374 -0.57296 -0.80688 -0.00593 -0.70199 -0.71216 -0.00605 -0.77254 -0.63494 -0.0056 -0.88052 -0.47397 0.07597 -0.88536 -0.45866 -0.00022 -0.94867 -0.31628 0.00029 -0.99339 -0.11482 0.00067 -0.97695 -0.21348 0.00758 -0.99431 -0.10628 0.01319 -0.98484 -0.17297 0.00881 -0.99431 -0.10619 0.01607 -0.98833 -0.1515 -0.2225 -0.94804 -0.22741 -0.21765 -0.94918 -0.22735 -0.99998 0.00074 -0.0056 -0.99992 -0.01175 -0.00449 -0.99995 -0.00707 -0.00666 -0.99996 0.00633 -0.00649 -0.99991 0.01294 -0.00441 -0.99989 0.01439 -0.00329 -0.99999 -0.00017 -0.00324 -0.99999 -6e-05 -0.00545 -0.99999 -0.00017 -0.00325 -0.99999 -0.0002 -0.00328 -0.99999 -0.00017 -0.00325 -0.99999 -0.00017 -0.00325 0.00099 0.9354 -0.35358 0.00147 0.93544 -0.35349 0.04431 0.98703 -0.15429 0.03949 0.98376 -0.17507 0.00955 0.99427 -0.1065 0.01163 0.99423 -0.10663 0.26608 0.56275 -0.78263 0.02619 0.76958 -0.63801 0.23905 0.5734 -0.78362 0.00193 0.77403 -0.63315 0.00325 3e-05 -0.99999 0.00317 -0.28294 -0.95913 0.00318 -0.26933 -0.96304 0.00261 -0.6375 -0.77044 0.00264 -0.62696 -0.77904 0.0023 -0.7427 -0.66962 0.54441 -0.71305 -0.4418 0.52999 -0.72265 -0.44373 0.29513 -0.83946 -0.4563 0.39796 -0.79672 -0.45482 -0.54399 -0.83662 -0.06437 -0.54395 -0.81943 0.18072 -0.54514 -0.81892 0.17942 -0.53276 -0.65663 0.53386 -0.53248 -0.67422 0.51176 -0.5294 -0.37689 0.76006 -0.52412 -0.12606 0.84226 -0.53006 -0.36785 0.76402 -0.51918 0.13753 0.84352 -0.51839 0.12763 0.84556 -0.52916 0.36704 0.76503 -0.52779 0.3681 0.76547 -0.53113 0.67412 0.51329 -0.53269 0.65597 0.53474 -0.54436 0.81939 0.17963 -0.54316 0.81991 0.18091 -0.54321 0.8371 -0.06472 -0.54316 0.83717 -0.06424 -0.54077 0.78229 -0.30919 -0.54065 0.78251 -0.30882 -0.53874 0.65759 -0.52662 -0.53871 0.65783 -0.52636 -0.53754 0.47422 -0.69726 -0.53752 0.47402 -0.69741 -0.53692 0.24819 -0.8063 -0.53693 0.24806 -0.80633 -0.53664 -0.00021 -0.84381 -0.53665 5e-05 -0.84381 -0.53708 -0.24826 -0.80617 -0.53706 -0.24813 -0.80623 -0.5379 -0.4741 -0.69706 -0.53792 -0.47388 -0.69719 -0.53927 -0.65758 -0.52609 -0.57078 -0.64596 -0.5069 -0.78416 -0.57679 -0.22894 -0.57507 -0.81497 -0.07152 0.01433 -0.85407 0.51997 -9e-05 -0.99695 0.07805 0.01486 -0.95887 -0.28345 0.01508 -0.74261 -0.66956 0.03316 -0.26731 -0.96304 -0.0107 -0.486 -0.87389 0.00323 0.07456 -0.99721 0.00286 0.4343 -0.90076 -0.01108 0.01021 -0.99989 -0.01302 0.4551 -0.89034 -0.03702 0.20699 0.97764 0.00728 0.55775 0.82998 -0.00148 -0.86604 0.49997 0.0027 -0.59917 0.80061 -0.01595 -0.26296 0.96467 -0.00151 -0.99712 0.07588 -0.03248 -0.91207 -0.40875 0.02208 0.98094 0.19307 -0.03465 0.74578 0.66529 0.03416 0.98261 -0.18249 0.0081 0.84291 -0.53799 0.03108 -0.46232 0.88617 0.02425 0.03192 0.9992 0.02758 0.93642 0.34979 0.00044 0.98255 -0.186 -0.00468 0.78019 -0.62553 -0.99999 -0.00017 -0.00325 -0.99999 -0.00017 -0.00325 -0.99999 -0.00017 -0.00325 -0.99999 -0.00017 -0.00325 -0.99999 -0.00017 -0.00325 -0.99999 -0.00017 -0.00325 -0.99999 -0.00017 -0.00325 -0.99999 -0.00018 -0.00324 -0.99999 -0.00017 -0.00324 -0.99999 -0.00017 -0.00325 -0.99999 -0.00017 -0.00325 -0.99999 -0.00014 -0.00324 -0.99999 -0.00016 -0.00324 0.02092 -0.9745 -0.22341 0.02841 -0.78169 -0.62302 0.01527 -0.42541 -0.90487 -0.00263 0.01575 -0.99987 -0.02927 0.24133 -0.97 0.02779 0.51165 -0.85875 -0.02824 0.8188 -0.57339 -0.02075 0.71182 -0.70206 0.00068 0.96591 -0.25886 -0.01761 0.97076 -0.23942 0.0115 0.97708 0.21255 -0.00077 0.98258 0.18585 -0.01684 0.83492 0.55012 0.01568 0.75919 0.65068 -0.01332 0.49377 0.86949 0.03088 0.32508 0.94518 -0.01605 0.11612 0.99311 -0.00106 -0.20941 0.97783 0.02912 -0.36308 0.9313 -0.02715 -0.65106 0.75854 0.01416 -0.74974 0.66158 -0.00068 -0.96591 0.25886 0.02745 -0.96673 0.25432 -0.00719 -0.9948 -0.10159 -0.01114 -0.88204 -0.47105 0.00182 -0.67608 -0.73683 -0.02848 -0.35588 -0.9341 -0.99999 -0.00017 -0.00325 -0.99999 -0.00017 -0.00325 -0.99999 -0.00017 -0.00324 -0.99999 -0.00017 -0.00324 -0.99999 -0.00017 -0.00325 -0.99999 -0.00017 -0.00325 -0.99999 -0.00017 -0.00325 -0.99999 -0.00017 -0.00325 -0.99999 -0.00017 -0.00325 -0.99999 -0.00017 -0.00325 -0.99999 -0.0002 -0.00324 -0.99999 -0.00017 -0.00325 -0.99999 -0.00016 -0.00325 -0.99999 -0.00017 -0.00325 0.99999 0.0002 0.00325 0.99999 0.0002 0.00325 0.99999 0.00019 0.00325 0.99999 0.0002 0.00325 0.99999 0.0002 0.00325 0.99999 0.0002 0.00326 0.99999 0.0002 0.00326 0.99999 0.0002 0.00326 0.99999 0.0002 0.00326 0.99999 0.0002 0.00326 0.99999 0.00014 0.00326 0.99999 0.00014 0.00326 0.99999 0.00014 0.00326 0.99999 0.00014 0.00326 0.99999 0.00014 0.00326 0.99999 0.00014 0.00326 0.99999 0.00014 0.00327 0.99999 0.00014 0.00327 0.99999 0.00015 0.00327 0.99999 0.00015 0.00327 0.99999 0.00014 0.00327 0.99999 0.00014 0.00326 0.99999 0.0002 0.00327 0.99999 0.0002 0.00326 0.99999 0.0002 0.00326 0.99999 0.0002 0.00327 0.99999 0.00021 0.00326 0.99999 0.00019 0.00325 0.99999 0.0002 0.00325 0.99999 0.00016 0.00325 0.99999 0.00016 0.00325 0.99999 0.00015 0.00324 0.99999 0.00015 0.00324 0.99999 0.00015 0.00325 0.99999 0.00014 0.00325 0.99999 0.00014 0.00325 0.99999 0.00014 0.00325 0.99999 0.00015 0.00325 0.99999 0.00015 0.00324 0.99999 0.00015 0.00324 0.99999 0.00016 0.00324 0.99999 0.00015 0.00324 0.99999 0.00016 0.00324 0.99999 0.00016 0.00323 0.99999 0.00016 0.00323 0.99999 0.00016 0.00323 0.99999 0.00016 0.00323 0.99999 0.00016 0.00323 0.99999 0.00017 0.00323 0.99999 0.00019 0.00324 0.99999 0.00019 0.00324 0.99999 0.00019 0.00324 0.99999 0.00019 0.00324 0.99999 0.00019 0.00324 0.99999 0.00018 0.00324 0.99999 0.00018 0.00324 0.99999 0.00018 0.00323 0.99999 0.00018 0.00323 0.99999 0.00018 0.00323 0.99999 0.00017 0.00323 0.99999 0.00017 0.00323 0.99999 0.00017 0.00323 0.99999 0.00017 0.00323 -0.00025 -0.99162 0.12918 0.32702 -0.94378 -0.04845 0.00053 -0.99394 -0.10991 0.0226 -0.99191 0.12491 0.00547 -0.99395 -0.10969 0.00083 -0.97919 -0.20296 0.00083 -0.97919 -0.20296 0.00115 -0.95288 -0.30334 0.00115 -0.95288 -0.30334 0.0015 -0.90973 -0.41519 0.00429 -0.82478 -0.56544 0.0015 -0.90973 -0.41519 0.00198 -0.82503 -0.56508 0.06618 -0.75897 -0.64776 0.07032 -0.75849 -0.64788 -0.00107 -0.92639 0.37655 -0.0018 -0.80393 0.59472 -0.00107 -0.92639 0.37655 0.04242 -0.7965 0.60314 0.43124 -0.5763 0.6942 -0.0028 -0.46711 0.88419 0.02001 -0.47396 0.88032 -0.00299 -0.3489 0.93715 0.99999 0.00017 0.00325 0.99999 0.00017 0.00325 0.99998 -0.00429 0.00343 0.99997 -0.00813 0.00091 0.99997 0.00687 0.00209 0.99999 0.00187 0.00408 0.99996 0.00948 -7e-05 0.99992 0.01232 -0.00391 0.99983 0.01558 -0.0095 1 0.00128 0.00135 0.99995 -0.00975 -0.00071 0.99994 -0.01109 -0.00213 0.99996 -0.00568 0.00703 0.99999 0.00017 0.00325 0.99999 0.00017 0.00325 0.99999 0.00017 0.00325 0.99999 0.00017 0.00325 0.99999 0.00017 0.00325 0.99999 0.00017 0.00325 0.99999 0.00017 0.00325 0.99999 7e-05 0.00363 0.99999 0.00017 0.00325 0.01504 0.97882 -0.20417 0.00016 0.99477 -0.10213 0.41326 0.86849 -0.27376 0.00049 0.9792 -0.2029 0.00016 0.99477 -0.10213 0.0012 0.90976 -0.41514 0.01675 0.91029 -0.41362 0.00169 0.82762 -0.56128 0.00194 0.77052 -0.63741 0.00169 0.82762 -0.56128 0.00194 0.77052 -0.63741 -0.00047 0.99563 0.0934 -0.00047 0.99563 0.0934 -0.00127 0.93947 0.34263 0.02154 0.93722 0.34808 0.24743 0.83963 0.48352 0.27049 0.83105 0.486 0.00316 0.19067 -0.98165 -0.00471 0.19136 -0.98151 -0.08738 0.01633 -0.99604 0.02152 -0.20383 -0.97877 0.01691 -0.20432 -0.97876 -0.07426 -0.02715 -0.99687 0.81378 -0.2415 0.52862 0.84152 -0.00192 0.54023 0.78812 0.25818 0.55875 0.58476 -0.62977 0.51131 0.80603 -0.00216 0.59187 0.77008 -0.23363 0.59363 0.5602 -0.58632 0.58516 0.76376 -0.00176 0.64549 0.72622 -0.22137 0.65085 0.54469 -0.5397 0.6419 0.36925 -0.75275 0.545 0.35324 -0.7206 0.59663 0.38897 -0.79225 0.47015 0.35299 0.72068 0.59667 0.36899 0.75284 0.54505 0.38868 0.79366 0.468 0.48039 0.6971 0.53224 0.55068 0.57247 0.60747 0.54451 0.53985 0.64193 0.77053 0.23174 0.59379 0.72663 0.22002 0.65085 -0.37138 -0.75401 0.5418 -0.35686 -0.72072 0.59432 -0.38744 -0.79395 0.46855 -0.4712 -0.71227 0.52023 -0.53488 -0.59976 0.59515 -0.52863 -0.56263 0.63561 -0.76096 -0.2576 0.59546 -0.71785 -0.24502 0.65165 -0.77921 -0.28773 0.55681 -0.80973 -2e-05 0.5868 -0.76775 5e-05 0.64074 -0.84484 -0.00016 0.53502 -0.76117 0.25719 0.59537 -0.71787 0.24453 0.65182 -0.54187 0.61091 0.57721 -0.52882 0.56242 0.63564 -0.35711 0.72056 0.59436 -0.37278 0.75271 0.54264 -0.80574 0.26763 0.52835 -0.56263 0.65536 0.50394 -0.39201 0.79222 0.46767 0.4832 0.55268 0.67901 0.46463 0.55671 0.68861 -0.00296 0.46707 0.88422 0.01898 0.46933 0.88282 -0.0032 0.23351 0.97235 -0.0032 0.23351 0.97235 -0.00325 -3e-05 0.99999 -0.00321 -0.11484 0.99338 -0.00325 0.00442 0.99998 -0.99999 -0.00017 -0.00325 -0.99999 -0.00017 -0.00325 -0.99999 -0.00017 -0.00325 -0.99999 -0.00017 -0.00325 -0.99999 -0.00017 -0.00325 -0.99999 -0.00017 -0.00325 -0.99999 -0.00017 -0.00325 -0.99999 -0.00017 -0.00325 -0.99999 -0.00017 -0.00325 -0.99999 -0.00017 -0.00325 -0.99999 -0.00017 -0.00325 -0.99999 -0.00017 -0.00325 -0.99999 -0.00017 -0.00325 -0.99999 -0.00017 -0.00325 -0.99999 -0.00017 -0.00325 -0.99999 -0.00017 -0.00325 -0.99999 -0.00016 -0.00324 -0.99999 -0.00017 -0.00325 -0.01109 -0.00846 0.9999 0.00395 -0.17713 0.98418 0.13672 -0.10111 0.98544 0.26092 -0.07388 0.96253 -0.01158 -0.00608 0.99991 -0.01264 -0.00308 0.99992 -0.00594 -0.01051 0.99993 0.14476 -0.1055 0.98383 0.26021 -0.07397 0.96271 0.17398 -0.00773 0.98472 0.14024 0.10398 0.98464 0.00278 -0.17205 0.98508 -0.05036 -0.17058 0.98406 -0.10719 -0.14321 0.98387 -0.05102 -0.17054 0.98403 -0.10431 -0.14 0.98464 -0.02441 0.01 0.99965 -0.01944 0.01062 0.99975 -0.26172 -0.0903 0.96091 -0.18035 0.0002 0.9836 -0.16971 0.04596 0.98442 0.00417 0.01964 0.9998 0.00188 0.01866 0.99982 -0.17371 0.04712 0.98367 -0.18525 -0.0015 0.98269 -0.25852 -0.08646 0.96213 -0.10308 0.14017 0.98475 -0.06509 0.16597 0.98398 -0.00344 0.17671 0.98426 -0.06475 0.16623 0.98396 -0.10728 0.14317 0.98387 -0.00348 0.17673 0.98425 0.05176 0.16838 0.98436 0.10047 0.14314 0.98459 0.14025 0.10391 0.98465 0.16481 0.05486 0.9848 0.17799 -0.00776 0.984 0.16481 0.05481 0.9848 0.10049 0.1431 0.98459 0.05171 0.16842 0.98436 0.2591 -0.80235 0.53768 -0.00632 -0.84371 0.53676 0.52738 -0.18461 0.82933 0.62226 8e-05 0.78281 0.22881 -0.00551 0.97346 0.50336 -0.35358 0.78842 0.20594 -0.12433 0.97063 0.21792 0.07185 0.97332 0.18489 0.13665 0.97321 0.13345 0.18807 0.97305 0.06864 0.22108 0.97284 -0.0032 0.23244 0.97261 -0.07839 0.21962 0.97243 -0.18886 0.13932 0.97207 -0.22507 0.06822 0.97195 -0.22505 -0.06835 0.97195 -0.19122 -0.13671 0.97198 -0.13978 -0.18813 0.97215 -0.07497 -0.22114 0.97236 -0.00313 -0.2325 0.97259 0.06871 -0.22112 0.97282 0.13352 -0.18809 0.97303 0.3648 -0.50544 0.78196 0.51145 -0.7059 0.49002 0.70447 -0.51282 0.49065 0.82838 -0.26953 0.49107 0.57183 -0.79194 0.21411 0.78839 -0.57313 0.22351 0.92805 -0.29911 0.22196 0.87104 0.00013 0.49121 0.97651 -0.00231 0.21545 0.55552 -0.76698 0.32114 0.80197 -0.58711 0.1102 0.94712 -0.29972 0.11462 0.49808 -0.6797 0.53845 0.29147 -0.89978 0.32472 -0.30009 -0.94749 0.11054 -0.58745 -0.80233 0.10567 -0.68421 -0.49604 0.5346 -0.7697 -0.55554 0.31454 -0.00272 -0.94692 0.32145 -0.00051 -0.97768 0.2101 0.30159 -0.92978 0.21109 -0.00144 -0.87265 0.48834 0.26821 -0.82989 0.48923 0.19064 -0.59421 0.78139 -0.00244 -0.62483 0.78076 -0.19551 -0.59428 0.78013 -0.2711 -0.82998 0.48748 -0.3697 -0.50556 0.77957 -0.51439 -0.70608 0.48669 -0.57384 -0.78912 0.21908 -0.29981 -0.92877 0.21795 -0.79262 -0.57253 0.20968 -0.9279 -0.30394 0.21592 -0.83146 -0.26981 0.48567 -0.70747 -0.51306 0.48606 -0.50795 -0.36736 0.77912 -0.59672 -0.1932 0.77884 -0.59219 -0.00012 0.8058 -0.87422 -0.00016 0.48553 -0.97789 0.0023 0.20909 -0.59679 0.19295 0.77885 -0.83156 0.2695 0.48568 -0.92947 0.29909 0.21593 -0.94942 0.00237 0.314 -0.94326 -0.31072 0.11712 -0.84539 -0.00016 0.53415 -0.94582 0.30282 0.11713 -0.68716 0.49196 0.53459 -0.76737 0.55744 0.31685 -0.25811 0.80382 0.53596 -0.49775 0.68243 0.53528 -0.00454 0.99274 0.1202 0.25884 0.80245 0.53765 0.2943 0.90125 0.31801 -0.29207 0.90108 0.32055 -0.5573 0.76532 0.32202 -0.57548 0.79085 0.20828 -0.78991 0.57625 0.20972 -0.51463 0.70588 0.48672 -0.70765 0.51279 0.48609 -0.50808 0.36714 0.77914 -0.34924 0.47689 0.8066 -0.19572 0.59416 0.78017 -0.27139 0.82986 0.48752 -0.00264 0.62478 0.7808 -0.00174 0.87262 0.48839 -0.00325 0.97573 0.21896 -0.30296 0.92976 0.20917 0.30348 0.92866 0.21329 0.57075 0.79087 0.22082 0.51121 0.70605 0.49005 0.26793 0.82996 0.48927 0.19043 0.59423 0.78143 0.36462 0.50551 0.78199 0.50287 0.36731 0.78243 0.7043 0.51303 0.49068 0.79124 0.57252 0.21487 0.82828 0.26979 0.49108 0.92647 0.30393 0.22197 0.59164 0.19315 0.78272 0.76764 0.55553 0.31956 0.94736 -0.00239 0.32017 0.57977 0.80558 0.12211 0.68074 0.49602 0.53904 0.94248 0.31071 0.12326 0.8419 0.00013 0.53963 0.26588 -0.80007 0.53777 0.49422 -0.68241 0.53857 0.67661 -0.50154 0.53913 0.26702 -0.79969 0.53777 0.49422 -0.68241 0.53857 0.67589 -0.50251 0.53912 0.74673 -0.39457 0.53545 0.1425 -0.83374 0.53346 0.83197 0.14422 0.53575 0.80053 0.26081 0.53957 0.7574 0.3736 0.53551 0.80053 0.26081 0.53957 0.58797 0.60672 0.53496 0.494 0.68257 0.53858 0.494 0.68257 0.53858 0.39282 0.74846 0.53433 0.29744 -0.95474 0.00114 0.58792 -0.80892 0.00209 0.81618 -0.57779 0.00312 0.95476 -0.29736 0.00385 0.99992 -0.01174 0.00374 0.95105 0.309 0.00358 0.80881 0.58806 0.00313 0.58779 0.80901 0.00241 0.95105 0.30902 0.00357 0.80881 0.58806 0.00313 0.58778 0.80902 0.00241 0.30869 0.95116 0.00151 0 1 0.0005 -0.30934 0.95095 -0.0005 -0.58792 0.80892 -0.00114 -0.80901 0.58779 -0.00214 -0.9511 0.30886 -0.00288 -1 -0.00034 -0.00277 -0.951 -0.30918 -0.00235 -0.80902 -0.58778 -0.00218 -0.58765 -0.80912 -0.00173 -0.30886 -0.95111 -0.00083 0.00034 -1 0.00045 0.30901 -0.95106 0.00145 0.58792 -0.80892 0.00209 0.80911 -0.58765 0.00282 0.95116 -0.30869 0.00357 0.99999 0.00017 0.004 0.00033 -1 0.00045 -0.29729 -0.95479 -0.00052 -0.58765 -0.80912 -0.00173 -0.99992 -0.01224 -0.0025 -0.80181 0.59757 -0.00239 -0.95478 0.29729 -0.00262 -0.95461 -0.29784 -0.00263 -0.8161 -0.57791 -0.00247 -0.57825 0.81586 -0.00137 -0.32063 0.9472 -0.00027 1e-05 1 0.0005 0.30869 0.95116 0.00151 -0.14569 -0.83378 0.53252 -0.27025 -0.79978 0.53602 -0.2691 -0.80016 0.53603 -0.49748 -0.68258 0.53535 -0.49748 -0.68258 0.53535 -0.67994 -0.50177 0.53471 -0.75007 -0.39482 0.53058 -0.67922 -0.50274 0.53471 -0.68852 0.48995 0.53468 -0.8019 0.26734 0.53431 -0.83551 0.14394 0.53028 -0.68923 0.48896 0.53467 -0.80152 0.26849 0.5343 -0.60848 0.58971 0.53103 -0.12248 0.83745 0.53261 -0.00189 0.84363 0.53693 -0.00189 0.84363 0.53693 0.11872 0.83749 0.5334 0.99903 0.04353 0.0065 0.99999 0.00017 0.00325 0.99999 0.00017 0.00325 0.99999 0.00017 0.00325 0.99962 -0.02593 0.00921 0.99978 -0.01562 0.01395 0.99999 0.00017 0.00325 0.99999 0.00017 0.00325 0.99999 0.00017 0.00325 0.99999 0.00017 0.00325 0.99999 0.00017 0.00325 0.99999 0.00017 0.00325 0.99984 0.00017 -0.01788 0.98102 0.00017 -0.19392 0.99998 0.00025 -0.00686 0.99999 0.00017 0.00325 0.99999 0.00017 0.00325 0.99999 0.00017 0.00325 0.99999 0.00017 0.00325 0.99999 0.00017 0.00325 -0.86056 -0.00017 0.50936 -0.86049 -0.15102 0.48657 -0.86049 -0.15115 0.48653 -0.86056 -0.00017 0.50936 -0.86045 -0.2883 0.42012 -0.86045 -0.28852 0.41998 -0.86054 0.15072 0.48657 -0.86054 0.15085 0.48653 -0.86054 0.28821 0.42 -0.86035 -0.40002 0.31587 -0.86021 -0.47574 0.18363 -0.86008 -0.50894 0.0351 -0.85997 -0.49689 -0.11641 -0.85985 -0.44088 -0.25745 -0.85974 -0.34597 -0.37569 -0.8597 -0.22056 -0.46072 -0.85972 -0.07579 -0.5051 -0.85976 0.07554 -0.50509 -0.85978 0.22028 -0.4607 -0.85987 0.34569 -0.37567 -0.85999 0.44062 -0.25744 -0.86014 0.49661 -0.11638 -0.86026 0.50865 0.03513 -0.86038 0.47542 0.18366 -0.86048 0.39972 0.31591 -0.86048 0.3995 0.31619 -0.86054 0.28799 0.42016 -0.86038 0.47526 0.18407 -0.86026 0.50861 0.0356 -0.85999 0.44081 -0.25709 -0.85987 0.34592 -0.37546 -0.85978 0.22046 -0.46063 -0.85975 0.07561 -0.50509 -0.85973 -0.07586 -0.50508 -0.86009 -0.50891 0.03556 -0.8602 -0.47558 0.18405 -0.86035 -0.3998 0.31616 -0.85997 -0.497 -0.11594 -0.85985 -0.44109 -0.2571 -0.85974 -0.34621 -0.37548 -0.85971 -0.22073 -0.46063 -0.86014 0.49671 -0.1159 -0.00259 -0.5657 0.8246 -0.0019 -0.78182 0.62351 0.03878 -0.29458 0.95484 0.03861 0 0.99925 0.03944 -0.56275 0.82569 0.01846 -0.56316 0.82614 0.01789 -0.29478 0.9554 0.01772 -1e-05 0.99984 0.03865 0.29446 0.95488 0.01781 0.29469 0.95543 0.01828 0.56317 0.82614 0.03923 0.56281 0.82566 -0.00316 0.29479 0.95556 -0.00278 0.56328 0.82626 -0.00325 0.00287 0.99999 -0.00306 -0.29484 0.95554 0.01912 -0.78165 0.62343 0.04001 -0.78117 0.62303 0.04096 -0.93007 0.3651 0.02 -0.93069 0.36527 0.04194 -0.99632 0.07475 0.02098 -0.99698 0.07474 0.03209 -0.97903 -0.20118 0.06672 -0.86663 -0.49446 0.02469 -0.97868 -0.20388 -0.02201 -0.85625 -0.5161 0.04478 -0.67958 -0.73224 0.01467 -0.66293 -0.74854 0.04522 -0.43348 -0.90003 0.02418 -0.43383 -0.90067 0.16826 -0.16538 -0.97177 0.0815 0.14141 -0.98659 0.02726 -0.16767 -0.98547 -0.02052 0.16749 -0.98566 0.0451 0.43356 -0.89999 0.01492 0.45475 -0.89049 0.04454 0.67958 -0.73225 0.02346 0.68007 -0.73278 0.02258 0.86585 -0.4998 0.02164 0.97472 -0.22236 0.04356 0.86529 -0.49937 0.04263 0.97407 -0.22218 0.04162 0.99633 0.0748 0.02065 0.99699 0.07479 0.04063 0.93006 0.36516 0.0197 0.93067 0.36533 0.01884 0.7816 0.6235 0.03978 0.78111 0.62313 -0.00216 0.78177 0.62356 -0.00135 0.93088 0.36533 -0.00041 0.9972 0.07474 0.00056 0.97494 -0.22248 0.00148 0.86602 -0.5 0.00227 0.68022 -0.73301 0.0232 0.45847 -0.88841 0.22461 0.097 -0.96961 0.04889 -0.41739 -0.90741 0.02274 -0.66126 -0.74981 0.15196 -0.86954 -0.4699 0.00089 -0.97492 -0.22254 -7e-05 -0.99721 0.07468 -0.00103 -0.9309 0.36528 -0.02018 -3e-05 0.9998 -0.01999 -0.29475 0.95536 -0.01954 -0.56324 0.82606 -0.05015 0.33186 0.94199 -0.0506 0.75528 0.65344 -0.32155 0.53388 0.78204 -0.01833 0.93073 0.36525 -0.01743 0.99706 0.07467 0.16101 0.98415 0.07437 0.09809 0.92626 0.3639 0.1597 0.77111 0.61635 0.16221 0.96216 -0.21894 0.29349 0.9251 -0.24093 0.29185 0.95102 0.10195 0.10169 0.86175 -0.49704 0.16432 0.67132 -0.72272 0.29579 0.67173 -0.67918 0.16505 0.4282 -0.88848 -0.01559 0.86594 -0.49991 -0.01482 0.68012 -0.73295 -0.01425 0.43382 -0.90089 -0.01393 0.14901 -0.98874 0.16544 0.1471 -0.97519 -0.01388 -0.14895 -0.98875 0.16549 -0.14699 -0.9752 0.3343 0.14065 -0.93191 0.33386 0.40939 -0.84908 0.33433 -0.14048 -0.93193 0.33399 -0.40923 -0.84911 0.33327 -0.64174 -0.69072 0.1652 -0.4281 -0.8885 0.16552 -0.67155 -0.72224 0.29493 -0.84232 -0.45112 0.16455 -0.8542 -0.49322 -0.13864 -0.67407 -0.72554 0.10086 -0.97003 -0.22107 0.16133 -0.9841 0.07433 0.29236 -0.95537 0.04239 0.29077 -0.87905 0.3778 0.16015 -0.91866 0.36114 0.09732 -0.77794 0.62076 -0.01709 -0.99707 0.0746 -0.01802 -0.93076 0.36519 -0.01886 -0.78173 0.62333 -0.01615 -0.97479 -0.22256 -0.04684 -0.84412 -0.5341 -0.31901 -0.64408 -0.69526 -0.04453 -0.46886 -0.88215 0.15823 -0.55591 0.81604 0.15767 -0.29091 0.94367 0.28867 -0.56336 0.77414 0.32527 -0.27844 0.9037 0.32496 1e-05 0.94573 0.32517 0.27853 0.90371 0.3257 0.53218 0.78148 0.15758 0.29093 0.94368 0.15897 0.55631 0.81562 0.15742 -1e-05 0.98753 -0.14274 0.55834 0.81724 0.28941 0.76625 0.57367 -0.01649 0.97479 -0.2225 0.95023 0.30171 -0.07763 0.94495 0.32238 0.05608 0.94631 0.24144 -0.21494 0.94724 0.0484 -0.31684 0.94708 0.14069 -0.28853 0.94726 -0.04807 -0.31685 0.94724 0.04836 -0.31685 0.94708 0.14056 -0.28859 0.94726 -0.04803 -0.31685 0.94713 -0.14022 -0.28859 0.94713 -0.14034 -0.28854 0.94687 -0.22014 -0.23448 0.94687 -0.2203 -0.23433 0.95067 -0.27565 -0.14227 0.94536 -0.32604 -0.00071 0.95044 -0.31072 0.0105 0.96918 -0.24404 -0.03374 0.94651 -0.28068 -0.1592 0.94512 -0.30312 0.12195 0.94935 -0.2867 0.12858 0.96831 -0.18146 0.17162 0.94405 -0.20708 0.25667 0.94412 -0.09611 0.31529 0.94412 -0.0962 0.31526 0.94925 -0.18853 0.25177 0.94404 0.00016 0.32984 0.94404 0.00016 0.32984 0.94408 0.09649 0.31527 0.94408 0.0964 0.3153 0.94429 0.18413 0.27279 0.94429 0.18398 0.27289 0.94894 0.25234 0.18931 0.96866 0.23647 0.07603 0.94461 0.25522 0.20635 0.95018 0.3089 0.04174 0.94597 0.31677 -0.06933 0.96955 0.20387 -0.13568 0.95144 0.22201 -0.21326 -0.02885 0.14898 -0.98842 0.0243 0.43381 -0.90068 0.02469 -0.14896 -0.98853 -0.0291 -0.43367 -0.9006 0.02389 -0.68 -0.73282 0.02133 -0.99697 0.07474 0.02233 -0.9747 -0.22241 0.02324 -0.86584 -0.49979 0.02036 -0.93067 0.3653 0.01948 -0.78165 0.62341 0.01833 -0.2947 0.95541 0.01876 -0.56318 0.82612 0.01808 -3e-05 0.99984 0.01819 0.29469 0.95542 0.0185 0.56314 0.82616 0.02002 0.93065 0.36537 0.01919 0.78162 0.62346 0.02099 0.99698 0.0748 0.02199 0.97472 -0.22236 0.02292 0.86585 -0.49977 0.02365 0.68009 -0.73275 0.02366 0.68009 -0.73275 0.02295 0.86583 -0.49981 -0.01073 0.39561 -0.91835 -0.04608 -0.14886 -0.98778 -0.01112 -0.64865 -0.761 0.02321 -0.86581 -0.49984 0.02233 -0.9747 -0.22242 0.02133 -0.99698 0.07472 0.02035 -0.93068 0.36527 0.01946 -0.78165 0.62342 0.0187 -0.56321 0.8261 0.01831 -0.29472 0.95541 0.01812 -3e-05 0.99984 0.01824 0.29471 0.95541 0.01856 0.56316 0.82614 0.01923 0.78161 0.62347 0.02003 0.93066 0.36534 0.02099 0.99698 0.07479 0.02198 0.97471 -0.22238 -0.99999 -0.00017 -0.00325 -0.99999 -0.00017 -0.00325 -0.99999 -0.00017 -0.00325 -0.99999 -0.00017 -0.00325 -0.99999 -0.00017 -0.00325 -0.99999 -0.00017 -0.00325 -0.99999 -0.00017 -0.00325 -0.99999 -0.00017 -0.00325 -0.99999 -0.00017 -0.00325 -0.99999 -0.00017 -0.00325 -0.99999 -0.00017 -0.00325 -0.99999 -0.00017 -0.00325 -0.99999 -0.00017 -0.00325 -0.99999 -0.00017 -0.00325 -0.99999 -0.00017 -0.00325 -0.99999 -0.00017 -0.00325 -0.99999 -0.00017 -0.00325 -0.99999 -0.00017 -0.00325 -0.99999 -0.00017 -0.00325 -0.11423 0.99214 0.05099 -0.13119 -0.13071 0.9827 -0.28905 -0.03043 0.95683 -0.54007 -0.22304 0.81153 -0.80914 0.0551 0.58503 -0.92091 -0.18562 0.34274 -0.98668 -0.122 0.10758 -0.93058 -0.35548 0.08749 -0.98658 0.12258 0.10789 -0.93035 0.35451 0.09363 -0.78112 0.61855 0.08517 -0.48967 0.87041 0.05114 -0.24114 0.96738 -0.07766 -0.171 0.96276 -0.20939 -0.39493 0.89328 -0.21465 -0.05933 0.97385 -0.21929 -0.19075 0.82052 -0.53885 -0.32824 0.5077 -0.79655 -0.56222 0.20317 -0.80164 -0.23072 0.01196 -0.97295 -0.67582 -0.28391 -0.68019 -0.78034 -0.33929 -0.52531 -0.88964 -0.40271 -0.21533 -0.96754 -0.15323 -0.20094 -0.75813 -0.64157 -0.11672 -0.98806 0.14492 -0.05228 -0.81625 -0.57237 0.07831 -0.64392 -0.76365 0.04691 -0.82141 -0.50884 0.25761 -0.47469 -0.85259 0.21853 -0.1665 -0.95408 0.249 -0.23112 -0.82955 0.50836 -0.10554 -0.75626 0.64571 -0.21567 -0.50179 0.83767 -0.45978 -0.5004 0.73362 -0.73001 -0.48437 0.48215 -0.18539 -0.982 0.0362 -0.065 -0.99711 0.03939 -0.44179 -0.8966 0.0304 -0.45203 -0.88203 -0.13303 -0.59242 -0.73351 -0.33316 -0.1567 -0.90595 -0.39331 -0.38122 -0.7681 -0.51449 -0.05663 -0.85566 -0.51443 -0.36351 -0.66223 -0.65522 -0.1205 -0.55253 -0.82474 -0.10208 -0.01777 -0.99462 -0.13082 0.55288 -0.82293 -0.07095 0.7674 -0.63723 -0.41187 -0.36152 -0.83646 -0.13207 -0.97656 -0.16998 -0.79974 0.58905 -0.11592 -0.89636 0.39605 -0.19922 -0.91887 0.10191 -0.38118 -0.76275 0.29793 -0.57398 -0.64002 0.623 -0.44972 -0.59152 0.78568 -0.18114 -0.2928 0.94503 0.14559 -0.11368 0.96778 0.22469 -0.71222 0.66525 0.224 -0.92488 0.22384 0.3074 -0.74219 0.50423 0.44148 -0.45748 0.36068 0.81278 -0.49611 0.58705 0.63973 -0.16034 0.38061 0.91073 -0.21893 0.72623 0.65166 -0.10542 0.89199 0.43959 -0.24076 0.90692 0.34572 -0.99818 0.05804 -0.01653 -0.99999 -0.00148 0.00447 -0.99999 -0.00017 -0.00325 -0.981 -0.02956 0.19176 -0.99984 -0.00332 0.01765 -0.99999 -0.00017 -0.00325 -0.99999 -0.00017 -0.00325 -0.99999 -0.00017 -0.00325 -0.99999 -0.00017 -0.00325 -0.99999 -0.00017 -0.00325 -0.99999 -0.00017 -0.00325 -0.99999 -0.00017 -0.00325 -0.99999 -0.00017 -0.00325 -0.99999 -0.00017 -0.00325 -0.99978 0.01384 -0.01563 -0.9987 -0.04805 -0.01706 -0.99992 0.01266 -0.00032 -0.99987 -0.00568 -0.01515 -0.99953 -0.02508 -0.01763 -0.99999 -0.00017 -0.00325 0.00177 -0.86745 -0.49752 -0.10768 0.29308 0.95 -0.1078 -5e-05 0.99417 -0.10743 0.5601 0.82143 -0.20907 0.28841 0.9344 -0.20887 0.55114 0.80785 -0.20922 -6e-05 0.97787 -0.20895 -0.28851 0.9344 -0.14871 -0.54197 0.82714 -0.24078 -0.27152 0.93183 -0.16192 -0.54818 0.82054 -0.11757 -0.79097 0.60045 -0.1773 -0.5401 0.82272 -0.0019 -0.78184 0.62348 -0.04836 -0.01497 0.99872 -0.00316 0.2975 0.95472 -0.00278 0.56325 0.82628 -0.00216 0.78179 0.62353 -0.00135 0.93087 0.36534 -0.00041 0.9972 0.07475 0.00056 0.97494 -0.22248 0.00148 0.86604 -0.49998 -0.1479 0.43135 -0.88998 -0.11432 0.69257 -0.71223 -0.10385 0.86122 -0.49751 -0.09366 0.12411 -0.98784 -0.10241 -0.14823 -0.98364 -0.10261 -0.43152 -0.89625 -0.10301 -0.67642 -0.72928 -0.10354 -0.86123 -0.49756 -0.1043 -0.96954 -0.2216 -0.1051 -0.99171 0.07399 -0.10591 -0.92577 0.36296 -0.20756 -0.91088 0.35667 -0.18954 -0.77945 0.59711 -0.20693 -0.97568 0.07231 -0.20631 -0.95378 -0.21851 -0.20571 -0.84718 -0.48987 -0.20538 -0.66532 -0.71776 -0.20504 -0.42439 -0.88196 -0.20486 -0.14579 -0.96787 -0.2049 0.14577 -0.96787 -0.14513 0.41233 -0.8994 -0.18705 0.68136 -0.70764 -0.206 0.84713 -0.48983 -0.20662 0.95373 -0.21844 -0.10464 0.96952 -0.22154 -0.10544 0.99167 0.07404 -0.10622 0.9257 0.36303 -0.10688 0.77746 0.61978 -0.20726 0.97561 0.07235 -0.20791 0.91078 0.35673 -0.20839 0.76502 0.60936 -0.00103 -0.9309 0.36528 -7e-05 -0.99721 0.07469 0.00089 -0.97493 -0.22253 0.00249 -0.6822 -0.73117 0.00301 -0.4314 -0.90216 0.00324 -0.14904 -0.98883 -0.0166 0.1227 -0.99231 -0.14717 0.45217 -0.87971 0.00227 0.6802 -0.73303 0.00273 -0.58777 -0.80903 -0.01729 -0.30893 -0.95093 0.00325 3e-05 -0.99999 -0.05173 2e-05 -0.99866 -0.01739 0.30897 -0.95091 -0.02448 0.5409 -0.84073 0.00253 0.58781 -0.809 -0.05225 -0.58689 -0.80798 0.00178 0.80904 -0.58775 0.00084 0.95107 -0.30899 -0.0301 -0.36221 0.93161 -0.00325 -3e-05 0.99999 -0.02932 0.77416 0.63231 -0.00117 0.95104 0.30905 0.00017 -1 -3e-05 -0.02579 -0.9317 -0.3623 -0.00084 -0.95107 0.30899 -0.00017 1 3e-05 -0.02905 -0.77421 0.63226 -0.03022 0.36214 0.93163 0.00178 0.80904 -0.58775 -0.00178 -0.80904 0.58775 -0.00084 -0.95107 0.30899 0.00017 -1 -3e-05 -0.02296 -0.58768 0.80877 -0.00304 -0.30903 0.95105 -0.00325 -3e-05 0.99999 -0.00315 0.30897 0.95107 -0.02317 0.58763 0.8088 -0.00205 0.809 0.5878 -0.00117 0.95104 0.30905 -0.00017 1 3e-05 0.00084 0.95107 -0.30899 0.00117 -0.95105 -0.30904 -0.01839 -0.80884 -0.58774 -0.99999 -0.00017 -0.00325 -0.99999 -0.00017 -0.00325 -0.99999 -0.00017 -0.00325 -0.99999 -0.00017 -0.00325 -0.99999 -0.00017 -0.00325 -0.99999 -0.00017 -0.00325 -0.99999 -0.00017 -0.00325 -0.99999 -0.00017 -0.00325 -0.99999 -0.00017 -0.00325 -0.99999 -0.00017 -0.00325 -0.99999 -0.00017 -0.00325 -0.99999 -0.00017 -0.00325 -0.99999 -0.00017 -0.00325 -0.99999 -0.00017 -0.00325 -0.99999 -0.00017 -0.00325 0.00273 -0.58777 -0.80903 0.00205 -0.809 -0.58781 -0.0243 -0.54086 -0.84076 0.00325 3e-05 -0.99999 -0.01729 -0.30893 -0.95093 -0.05173 2e-05 -0.99866 -0.02812 0.96665 0.25457 -0.00205 0.809 0.5878 -0.00084 -0.95107 0.30898 -0.00178 -0.80903 0.58776 0.00017 -1 -3e-05 -0.03038 0.05651 0.99794 -0.00304 -0.30903 0.95105 -0.02448 0.54091 -0.84072 0.00178 0.80904 -0.58776 -0.02995 0.54085 0.84058 -0.00253 -0.5878 0.809 -0.02646 0.96666 -0.2547 0.00117 -0.95105 -0.30904 0.00117 -0.95105 -0.30904 0.00017 -1 -3e-05 -0.00084 -0.95107 0.30898 -0.00178 -0.80903 0.58776 -0.00253 -0.5878 0.809 -0.00304 -0.30903 0.95105 -0.00325 -3e-05 0.99999 -0.02358 0.30891 0.9508 -0.00273 0.58776 0.80903 -0.00205 0.809 0.5878 -0.00117 0.95105 0.30905 -0.0206 0.99979 -4e-05 0.00084 0.95106 -0.309 0.00178 0.80904 -0.58776 0.00253 0.58781 -0.80899 -0.01739 0.30897 -0.95091 0.00205 -0.809 -0.58781 -0.99999 -0.00017 -0.00325 -0.99999 -0.00017 -0.00325 -0.99999 -0.00017 -0.00325 -0.99999 -0.00017 -0.00325 -0.99999 -0.00017 -0.00325 -0.99999 -0.00017 -0.00325 -0.99999 -0.00017 -0.00325 -0.99999 -0.00017 -0.00325 -0.99999 -0.00017 -0.00325 -0.99999 -0.00017 -0.00325 -0.99999 -0.00017 -0.00325 -0.99999 -0.00017 -0.00325 -0.99999 -0.00017 -0.00325 -0.99999 -0.00017 -0.00325 -0.99999 -0.00017 -0.00325 -0.99999 -0.00017 -0.00325 0.02297 0.58769 -0.80876 0.02905 0.77422 -0.63225 0.00304 0.30905 -0.95104 0.05801 0.30858 -0.94943 0.02369 3e-05 -0.99972 0.00315 -0.30899 -0.95106 0.05812 -0.30851 -0.94944 0.00325 0.0566 0.99839 0.05225 0.58689 0.80798 0.0532 -0.8078 0.58705 0.05382 0.94962 0.30874 0.02779 0.96667 -0.2545 0.05702 -0.80776 -0.58674 0.02416 -0.36219 0.93179 0.05514 -0.99848 0.00015 -0.03022 -0.25466 0.96656 0.0179 -0.58768 0.8089 -0.00178 -0.80904 0.58775 0.01959 -0.95086 0.309 0.00017 -1 -2e-05 0.0216 -0.95084 -0.30892 0.00205 -0.809 -0.58781 0.02316 -0.58763 -0.8088 -0.00968 0.25463 0.96699 -0.00273 0.58776 0.80903 0.01839 0.80885 0.58773 -0.00117 0.95105 0.30903 0.02027 0.99979 0.0001 0.00084 0.95107 -0.30899 0.00178 0.80904 -0.58775 0.99999 0.00017 0.00325 0.99999 0.00017 0.00325 0.99999 0.00017 0.00325 0.99999 0.00017 0.00325 0.99999 0.00017 0.00325 0.99999 0.00017 0.00325 0.99999 0.00017 0.00325 0.99999 0.00017 0.00325 0.99999 0.00017 0.00325 0.99999 0.00017 0.00325 0.99999 0.00017 0.00325 0.99999 0.00017 0.00325 0.99999 0.00017 0.00325 0.99999 0.00017 0.00325 0.99999 0.00017 0.00325 0.99999 0.00017 0.00325 0.99999 0.00017 0.00325 0.99999 0.00017 0.00325 0.99999 0.00017 0.00325 0.99999 0.00017 0.00325 0.99999 0.00017 0.00325 0.99999 0.00017 0.00325 0.02905 0.7742 -0.63227 0.02778 0.96667 -0.25453 0.02369 3e-05 -0.99972 0.00304 0.30905 -0.95104 0.05801 0.30859 -0.94942 0.02296 0.58769 -0.80876 0.00178 0.80902 -0.58778 0.00084 0.95107 -0.30898 0.02026 0.99979 0.0001 -0.00117 0.95105 0.30903 0.0538 0.94962 0.30875 0.01838 0.80883 0.58776 -0.00273 0.58777 0.80902 0.05225 0.58688 0.80799 0.01729 0.30892 0.95093 -0.00325 -3e-05 0.99999 0.05173 -2e-05 0.99866 0.01739 -0.30897 0.95091 -0.00253 -0.58781 0.80899 0.05245 -0.58691 0.80795 0.01866 -0.80885 0.58771 -0.00084 -0.95107 0.30898 0.0261 -0.93172 0.36223 0.00017 -1 -2e-05 0.02749 -0.99802 -0.0565 0.02161 -0.95085 -0.3089 0.00205 -0.80899 -0.58782 0.05703 -0.80777 -0.58674 0.02316 -0.58764 -0.80879 0.00315 -0.309 -0.95106 0.05812 -0.30852 -0.94944 -0.99934 -0.02677 -0.02447 -0.86274 -0.43671 -0.25488 -0.55821 -0.65285 0.51204 -0.99949 -0.02331 0.02169 -0.86468 -0.39581 0.30929 -0.99999 -0.00017 -0.00325 -0.99999 -0.00017 -0.00325 -0.99999 -0.00017 -0.00325 -0.99999 -0.00017 -0.00325 -0.55547 -0.72195 -0.41261 -0.55625 -0.80979 -0.18664 -0.5569 -0.82839 0.06025 -0.8887 -0.42779 0.16493 -0.86405 -0.50204 0.03697 -0.86321 -0.49157 -0.11498 -0.99745 0.06316 0.03332 -0.99853 -0.03095 -0.04439 -0.99968 -0.01575 -0.02004 -0.99999 -0.00017 -0.00325 -0.99999 -0.00017 -0.00325 -0.99999 -0.00017 -0.00325 -0.99999 -0.00017 -0.00325 -0.99999 -0.00017 -0.00325 -0.99999 -0.00017 -0.00325 -0.99999 -0.00017 -0.00325 0.0025 -0.68017 -0.73305 -0.20911 -8e-05 0.97789 -0.20902 0.28843 0.93441 -0.20884 0.55117 0.80783 -0.20881 0.55109 0.8079 -0.11867 0.30411 0.94522 -0.20911 -8e-05 0.97789 -0.20892 -0.28852 0.9344 -0.10924 -0.2745 0.95536 -0.16714 -0.55571 0.8144 -0.15318 -0.02691 0.98783 -0.14163 -0.55347 0.82074 -0.18923 -0.77703 0.60035 -0.02209 -0.78811 0.61513 0.01816 -0.77349 0.63355 -0.15987 -0.54764 0.8213 -0.02329 -0.27044 0.96245 -0.15336 -0.0275 0.98779 -0.0233 0.31874 0.94756 -0.15318 0.53391 0.83155 -0.15301 0.5344 0.83127 0.17591 0.98052 0.08734 -0.09599 0.92177 0.37568 -0.00302 0.99719 0.07479 -0.1073 0.78797 0.6063 0.20239 0.95491 -0.21724 -0.00222 0.97495 -0.22243 -0.00143 0.86606 -0.49994 -0.01408 0.66798 -0.74404 0.2033 0.84825 -0.48902 0.20412 0.63091 -0.74853 -0.10326 0.44681 -0.88865 0.0235 0.17599 -0.98411 0.00316 0.18705 -0.98235 -0.20494 0.14579 -0.96786 -0.01191 -0.16034 -0.98699 -0.205 -0.4245 -0.88191 0.003 -0.43389 -0.90096 0.18734 -0.16884 -0.96768 0.02307 -0.44551 -0.89498 -0.09321 -0.6799 -0.72736 0.17815 -0.8457 -0.50304 -0.00114 -0.86603 -0.49999 -0.00187 -0.97493 -0.22249 -0.0027 -0.9972 0.07474 0.20275 -0.95482 -0.21729 0.20174 -0.97665 0.07382 -0.01384 -0.9322 0.36167 0.20082 -0.9117 0.35843 -0.20759 -0.91088 0.35666 -0.20812 -0.76511 0.60934 -0.20694 -0.97568 0.0723 -0.20631 -0.95378 -0.2185 -0.2057 -0.84719 -0.48985 -0.20534 -0.6653 -0.71779 -0.20501 -0.4244 -0.88196 -0.20489 -0.14577 -0.96787 -0.20495 0.14576 -0.96786 -0.20515 0.42436 -0.88195 -0.20555 0.66528 -0.71774 -0.20596 0.84715 -0.48981 -0.20661 0.95373 -0.21843 -0.20726 0.97561 0.07235 -0.2079 0.91078 0.35673 -0.20841 0.765 0.60937 0.02373 0.45534 -0.89 -0.00145 0.91682 0.39929 -0.0223 0.79717 0.60334 0.84862 0.07858 0.52314 0.85125 0.00013 0.52476 0.84864 -0.07832 0.52314 0.85125 0.00013 0.52476 0.84911 -0.35784 0.38853 0.85197 -0.40909 0.32678 0.85196 -0.40664 0.32986 0.84958 -0.45558 0.26583 -0.55723 0.82853 0.05509 -0.55645 0.80966 -0.1866 -0.55572 0.71918 -0.41708 -0.55539 0.56849 -0.60692 -0.55085 0.46934 -0.69014 -0.55538 0.56474 -0.61043 -0.55571 0.71919 -0.41707 -0.55645 0.80966 -0.18658 -0.55726 0.82815 0.06027 -0.55336 0.81244 0.18368 0.8519 0.15528 -0.50016 0.85458 0.07796 -0.51343 0.85458 0.07796 -0.51343 0.852 0.00016 -0.52354 0.85224 -0.15482 -0.49972 0.85476 -0.22618 -0.46714 0.85476 -0.22616 -0.46715 0.85203 -0.29612 -0.4317 0.85188 0.29383 0.43355 0.84915 0.22817 0.47632 0.85188 0.29379 0.43358 0.84937 0.35765 0.38814 -0.55046 -0.46957 -0.69028 -0.56325 0.1025 -0.8199 -0.84186 -0.05894 -0.53646 -0.55461 -0.35568 -0.75227 -0.56299 -0.35933 -0.74426 -0.84311 -0.05385 -0.53504 -0.55387 0.10969 -0.82535 -0.54972 0.24565 -0.79841 0.23883 -0.01163 0.97099 0.23818 -0.25552 0.93701 0.07489 -0.14862 0.98605 0.20678 -0.4242 0.88165 0.25552 -0.24149 0.93616 0.18246 -0.42637 0.88596 0.2656 -0.0322 0.96355 0.26555 0.18 0.94715 0.28755 0.17186 0.94222 0.47105 0.21677 0.85506 0.25567 0.40737 0.87675 0.28591 0.38355 0.87815 0.19515 0.54641 0.81447 0.18301 0.66832 0.72101 0.17755 0.77376 0.60809 0.18302 0.66837 0.72096 0.18272 0.55353 0.81254 0.18353 0.77531 0.60433 0.13952 0.85734 0.49548 0.15062 0.85596 0.49462 0.13218 -0.14771 0.98016 0.15177 0.96353 0.22038 0.18573 0.97889 0.0853 0.18453 0.9147 0.35953 0.17259 0.91669 0.3604 0.14067 0.96512 0.22081 0.17978 0.98031 0.08166 0.18641 0.97977 -0.07284 0.18641 0.97978 -0.07274 0.32759 0.8799 -0.34418 0.20942 0.95084 -0.22812 0.21625 0.84416 -0.49053 0.29318 0.89031 -0.34841 0.18701 0.95786 -0.21803 0.18819 0.84508 -0.50042 0.22867 0.74819 -0.62284 0.23002 0.75279 -0.61676 0.14561 0.54407 -0.82631 0.28543 0.41627 -0.86328 0.27277 0.6408 -0.71762 0.08245 0.54477 -0.83452 0.08286 0.34022 -0.93669 0.22615 0.42304 -0.87743 0.23889 0.65874 -0.71344 0.17486 0.16569 -0.97055 0.1904 6e-05 -0.98171 0.20279 -0.1528 -0.96723 0.19039 6e-05 -0.98171 0.19022 0.17506 -0.96601 0.19037 -0.14634 -0.97074 0.2734 -0.31831 -0.90771 0.27224 -0.30641 -0.91214 0.13116 0.32266 -0.93738 0.16502 -0.54177 -0.82417 0.08219 -0.67185 -0.73611 0.32991 -0.42283 -0.84402 0.14539 -0.51952 -0.842 0.10394 -0.67207 -0.73316 0.17342 -0.76482 -0.62047 0.18899 -0.76801 -0.61191 0.29706 -0.41594 -0.85951 0.18846 -0.85077 -0.49059 0.18797 -0.9145 -0.35826 0.19977 -0.95693 -0.21067 0.18795 -0.91447 -0.35835 0.18843 -0.85073 -0.49066 0.18735 -0.95778 -0.21809 0.27028 -0.96015 -0.07108 0.24958 -0.9657 -0.07162 0.2564 -0.56539 0.78396 0.23623 -0.66053 0.71267 0.16448 -0.84633 0.50662 0.18476 -0.91047 0.37002 0.18547 -0.9579 0.21917 0.17882 -0.91289 0.36696 0.13966 -0.84414 0.51761 0.18547 -0.95788 0.21926 0.18613 -0.97974 0.07394 0.1986 -0.97779 0.06703 0.24351 -0.75283 0.61151 0.2675 -0.75294 0.60126 0.22335 -0.66257 0.71492 0.25967 -0.56635 0.78219 0.99961 -0.00352 0.0278 0.99854 -0.01494 0.05197 0.86592 -0.07401 0.49467 0.86613 -0.21565 0.4509 0.99999 0.00017 0.00329 0.99857 0.01855 0.05005 0.91312 0.27607 0.29999 0.85665 0.29053 0.42632 0.69307 0.48922 0.52945 0.94696 0.27231 0.17062 0.97756 0.17433 0.11828 0.9192 0.35609 0.16812 0.77244 0.61862 0.14368 0.86779 0.49532 0.03995 0.77313 0.63265 -0.04488 0.93717 0.33878 0.08335 0.93827 0.345 -0.02497 0.99842 0.05093 -0.02364 0.86639 0.4889 -0.10173 0.86591 0.43381 -0.24903 0.99693 0.06306 -0.04635 0.86525 0.28486 -0.41254 0.86701 0.1413 -0.47783 0.9983 0.03385 -0.04746 0.99954 0.0217 -0.02096 0.9394 0.04916 -0.33927 0.77564 0.09459 -0.62405 0.92438 -0.0254 -0.38063 0.94061 -0.02527 -0.33854 0.99965 0.00112 -0.02657 0.9259 -0.23742 -0.29385 0.92101 -0.24862 -0.29989 0.77473 -0.49548 -0.39279 0.99973 -0.00131 -0.02312 0.939 -0.27125 -0.21144 0.95016 -0.28911 -0.11666 0.98785 -0.14204 -0.06309 0.93977 -0.32742 -0.09813 0.99828 -0.05853 -0.00278 0.92269 -0.34758 0.16683 0.938 -0.31102 0.15306 0.77266 -0.61836 0.14366 0.86982 -0.49135 0.04456 0.94374 -0.32273 0.0721 0.9986 -0.03942 0.0353 0.99999 0.00018 0.00325 0.99961 -0.01061 0.02564 -0.63699 -0.24268 0.73168 -0.63677 -0.33545 0.69426 -0.64445 0.00387 0.76464 -0.63722 0.11505 0.76205 -0.63713 0.22764 0.73638 -0.63694 0.33518 0.69424 -0.63655 0.52549 0.5645 -0.63686 0.43513 0.63645 -0.6362 0.59709 0.4886 -0.73111 0.59185 0.33941 -0.82375 -0.06115 0.56364 -0.82395 -0.06032 0.56344 -0.63737 -0.00013 0.77056 -0.63722 0.11506 0.76204 -0.63712 0.22766 0.73637 -0.63693 0.3352 0.69424 -0.63686 0.43517 0.63643 -0.63655 0.52553 0.56447 -0.64121 0.5947 0.48495 -0.7428 0.58084 0.33296 -0.64547 0.7117 0.27724 -0.73617 0.66284 0.13673 -0.63991 0.76663 0.05293 -0.63548 0.71943 0.28034 -0.63417 0.77088 -0.05981 -0.63342 0.71961 -0.2845 -0.63376 0.75369 -0.17407 -0.63291 0.67517 -0.37891 -0.72818 0.53466 -0.42883 -0.63417 0.77087 -0.05986 -0.63465 0.77079 0.0557 -0.63377 0.75367 -0.17413 -0.73636 0.66278 0.136 -0.63342 0.7196 -0.28454 -0.63794 0.67092 -0.37803 -0.73993 0.52469 -0.42095 -0.64388 0.52209 -0.55931 -0.8163 0.32586 -0.47693 -0.73908 0.29128 -0.60739 -0.63215 0.529 -0.56617 -0.63122 -9e-05 -0.77561 -0.63114 0.09987 -0.76921 -0.63119 -0.11538 -0.767 -0.6313 -0.22812 -0.74123 -0.81588 0.16755 -0.55342 -0.82925 0.16387 -0.53432 -0.74493 0.28844 -0.60157 -0.63791 0.1008 -0.76349 -0.82966 0.31315 -0.46217 -0.63122 -0.0001 -0.77561 -0.63119 -0.11537 -0.767 -0.63129 -0.2281 -0.74124 -0.63656 -0.3249 -0.69945 -0.73315 -0.37368 -0.56821 -0.82569 -0.4015 -0.39627 -0.63152 -0.32553 -0.70371 -0.63949 -0.60256 -0.47746 -0.63317 -0.71982 -0.28453 -0.63274 -0.66975 -0.38868 -0.6335 -0.7539 -0.17412 -0.63389 -0.7711 -0.05985 -0.63389 -0.7711 -0.05992 -0.63349 -0.75389 -0.17418 -0.63437 -0.77102 0.05565 -0.6348 -0.75377 0.1699 -0.64012 -0.71945 0.2695 -0.73697 -0.58013 0.34689 -0.64096 -0.60733 0.46938 -0.74324 -0.45633 0.48924 -0.64176 -0.42482 0.63849 -0.63675 -0.33548 0.69426 -0.6437 -0.23936 0.72688 -0.63677 -0.42603 0.64267 -0.73156 -0.46496 0.49864 -0.73678 -0.58061 0.34648 -0.6351 -0.72376 0.26984 -0.6348 -0.75376 0.16995 -0.63437 -0.77102 0.05569 -0.6413 -0.60645 0.47005 -0.63316 -0.71981 -0.28457 -0.63274 -0.66972 -0.38873 -0.63236 -0.60466 -0.48426 -0.82015 -0.4058 -0.40333 -0.74212 -0.3708 -0.55836 0.05651 -0.24478 0.96793 0.05441 0.01805 0.99836 -0.25443 0.24015 0.9368 0.05292 0.27252 0.96069 0.06974 0.66442 0.7441 0.20574 0.79829 0.56604 0.19186 0.90403 0.38199 0.08236 0.54042 0.83736 -0.00018 0.84559 0.53383 0.00041 0.92028 0.39126 0.0849 0.34824 -0.93355 0.15396 0.94436 -0.29065 0.2508 0.21551 -0.94375 0.02416 0.22939 -0.97303 0.05553 -0.00642 -0.99844 0.13797 -0.60794 -0.7819 0.07368 -0.33667 -0.93874 0.16291 -0.78042 -0.60366 0.1298 -0.84681 -0.51581 0.08787 -0.96969 -0.22798 0.0741 -0.97779 0.19604 0.14023 -0.98521 -0.09844 0.13152 -0.96597 0.22271 0.05165 -0.82312 0.56551 0.06689 -0.79883 0.59783 0.08573 -0.84806 0.52292 0.06055 -0.59249 0.8033 0.08184 -0.55212 0.82974 0.07721 -0.93109 -0.35652 0.13455 -0.79845 -0.58683 0.11158 0.99226 -0.05452 0.11045 0.98883 0.10005 0.94429 -0.096 0.31481 0.9977 -0.0189 0.06506 0.99999 0.00017 0.00325 0.99934 -0.00236 -0.03627 0.99972 0.00493 -0.02319 0.99999 0.00017 0.00325 0.99953 0.01639 -0.02596 0.99999 0.00017 0.00325 0.999 -0.00835 0.04391 0.9443 -0.09598 0.31477 0.99421 0.10669 -0.01281 0.99949 -0.01017 -0.03028 0.43795 0.81658 -0.37604 0.13891 0.79714 -0.5876 0.07108 0.78709 -0.61273 -0.01531 0.68014 -0.73292 0.56676 0.76096 -0.31577 -0.95111 0.30885 -0.00106 -0.80912 0.58765 -0.00059 -0.58793 0.80891 0.00013 -0.58793 0.80891 0.00013 -0.80912 0.58765 -0.00059 -0.95111 0.30886 -0.00106 -1 -0.00017 -0.00123 -1 -0.00017 -0.00123 -0.951 -0.30918 -0.00108 -0.951 -0.30918 -0.00108 0.8089 0.58792 0.00467 0.95099 0.30918 0.00512 0.58764 0.80911 0.00396 0.8089 0.58792 0.00467 0.58764 0.80912 0.00396 0.95099 0.30918 0.00512 0.30885 0.95111 0.00305 0.30885 0.95111 0.00305 -0.00018 1 0.00205 -0.00018 1 0.00205 -0.30918 0.951 0.00104 -0.30918 0.951 0.00104 0.99999 0.00017 0.00527 0.95109 -0.30886 0.00511 0.99999 0.00017 0.00527 0.9511 -0.30885 0.00511 0.8091 -0.58765 0.00464 0.58791 -0.80892 0.00391 0.30917 -0.951 0.003 0.00016 -1 0.00199 -0.30886 -0.95111 0.00099 -0.58765 -0.80911 9e-05 -0.80892 -0.58792 -0.00063 -0.58765 -0.80911 9e-05 -0.30886 -0.95111 0.00099 -0.80892 -0.58792 -0.00063 0.58791 -0.80891 0.00391 0.8091 -0.58765 0.00464 0.30917 -0.951 0.003 0.00016 -1 0.00199 -0.00325 -3e-05 0.99999 -0.00325 -3e-05 0.99999 -0.00325 -3e-05 0.99999 -0.00325 -3e-05 0.99999 -0.00325 -3e-05 0.99999 -0.00325 -3e-05 0.99999 -0.00325 -3e-05 0.99999 -0.00325 -3e-05 0.99999 -0.00325 -3e-05 0.99999 -0.00325 -3e-05 0.99999 -0.00325 -3e-05 0.99999 -0.00325 -3e-05 0.99999 -0.00325 -3e-05 0.99999 -0.00325 -3e-05 0.99999 -0.00325 -3e-05 0.99999 -0.00325 -3e-05 0.99999 -0.00325 -3e-05 0.99999 -0.00325 -3e-05 0.99999 -0.00325 -3e-05 0.99999 -0.00325 -3e-05 0.99999 -0.00325 -3e-05 0.99999 -0.00325 -3e-05 0.99999 -0.00325 -3e-05 0.99999 -0.00325 -3e-05 0.99999 -0.00325 -3e-05 0.99999 -0.00325 -3e-05 0.99999 -0.00325 -3e-05 0.99999 -0.00325 -3e-05 0.99999 -0.00325 -3e-05 0.99999 -0.00325 -3e-05 0.99999 -0.00325 -3e-05 0.99999 -0.00325 -3e-05 0.99999 -0.00325 -3e-05 0.99999 -0.00325 -3e-05 0.99999 -0.00325 -3e-05 0.99999 -0.00325 -3e-05 0.99999 -0.00325 -3e-05 0.99999 -0.00325 -3e-05 0.99999 -0.00325 -3e-05 0.99999 -0.00325 -3e-05 0.99999 0.28383 -0.87693 0.38785 0.54089 -0.74594 0.3886 0.74489 -0.54192 0.38917 0.28384 -0.87693 0.38786 0.54088 -0.74595 0.38859 0.74488 -0.54194 0.38917 0.87581 -0.28483 0.38964 0.87581 -0.28483 0.38965 0.92089 0.00015 0.38982 0.92089 0.00015 0.38982 0.87572 0.2851 0.38966 0.87572 0.2851 0.38966 0.74471 0.54215 0.3892 0.7447 0.54217 0.3892 0.54068 0.74614 0.3885 0.54065 0.74616 0.3885 0.28358 0.87713 0.38759 0.28357 0.87713 0.38759 -0.00142 0.92214 0.38685 -0.00142 0.92214 0.38685 -0.28637 0.87697 0.3859 -0.28637 0.87697 0.3859 -0.54345 0.74596 0.38498 -0.54342 0.74598 0.38498 -0.74737 0.54189 0.38444 -0.74738 0.54188 0.38444 -0.87833 0.28481 0.38395 -0.87833 0.28481 0.38395 -0.92341 -0.00017 0.38382 -0.92341 -0.00017 0.38382 -0.87823 -0.28512 0.38394 -0.0011 -0.92217 0.38679 -0.28605 -0.87703 0.386 -0.28606 -0.87703 0.386 -0.0011 -0.92217 0.38679 -0.54315 -0.74613 0.38507 -0.54316 -0.74613 0.38507 -0.74722 -0.54219 0.38431 -0.74723 -0.54217 0.38431 -0.87823 -0.28512 0.38394 -0.99693 0.02437 0.07442 -0.99931 0.0153 0.03382 -0.99964 0.01854 0.01936 -0.93947 0.12618 0.31855 -0.99902 0.03436 0.02783 -0.99446 0.09198 0.05088 -0.87047 0.46088 0.17286 -0.93729 0.34027 0.07556 -0.77356 0.61837 0.13866 -0.87012 0.4913 0.03892 -0.98729 0.1582 -0.01507 -0.86968 0.47948 -0.11729 -0.93628 0.32495 -0.13333 -0.94053 0.18603 -0.28423 -0.7717 0.35705 -0.5263 -0.86876 0.21809 -0.44462 -0.9191 0.28336 -0.27379 -0.99829 0.01217 -0.05725 -0.86783 0.0735 -0.4914 -0.99804 0.00138 -0.0625 -0.96771 -0.06927 -0.24237 -0.93843 -0.07652 -0.33688 -0.91881 -0.14858 -0.36566 -0.93601 -0.19376 -0.29384 -0.77166 -0.35722 -0.52625 -0.86692 -0.33769 -0.36662 -0.7719 -0.49584 -0.39789 -0.86917 -0.42457 -0.25353 -0.86867 -0.48236 -0.1129 -0.99368 -0.10603 -0.0369 -0.99827 -0.05832 -0.00695 -0.93366 -0.35503 0.0473 -0.77471 -0.18723 0.60396 -0.77474 -0.09478 0.62513 -0.87131 -0.00506 0.49071 -0.87018 -0.21055 0.44549 -0.93891 -0.107 0.3271 -0.9377 -0.04891 0.34398 -0.99605 -0.05473 0.06988 -0.99914 -0.03149 0.02694 -0.86956 -0.43136 0.24039 -0.77365 -0.59069 0.22922 -0.91922 -0.38888 0.06162 -0.93868 -0.32241 0.12219 -0.93661 -0.27433 -0.21797 -0.93999 0.12551 0.31729 -0.77256 0.59018 -0.23417 -0.94579 0.25834 -0.19682 -0.97763 0.17047 -0.12318 -0.22845 0.14517 0.96267 -0.26477 0.5663 0.78051 -0.22798 0.66253 0.7135 -0.20073 0.43139 0.87955 -0.22781 0.76158 0.60672 -0.22746 0.83287 0.50456 -0.15628 0.91666 0.36785 -0.14245 0.96507 0.21989 -0.18721 0.98017 0.06499 -0.22622 0.9713 -0.07348 -0.155 0.96479 -0.2125 -0.18447 0.55345 -0.81219 -0.16414 0.42162 -0.89179 -0.14567 0.67779 -0.72068 -0.26762 0.28377 -0.92079 -0.17113 0.13925 -0.97536 -0.22398 -1e-05 -0.97459 -0.18405 -0.28959 -0.93929 -0.19044 -0.13118 -0.9729 -0.17818 -0.43351 -0.88336 -0.13982 -0.55764 -0.81822 -0.18404 -0.28956 -0.9393 -0.18414 -0.43642 -0.8807 -0.17854 -0.66346 -0.7266 -0.1845 -0.6598 -0.72844 -0.15093 -0.55666 -0.81692 -0.18477 -0.76802 -0.61319 -0.18478 -0.76807 -0.61312 -0.185 -0.85079 -0.49187 -0.19748 -0.85213 -0.48463 -0.24137 -0.90441 -0.35184 -0.14113 -0.96726 -0.21092 -0.17286 -0.96181 -0.21225 -0.26888 -0.89631 -0.3526 -0.22587 -0.97138 -0.07354 -0.15525 -0.98571 0.06543 -0.20288 -0.97641 -0.0739 -0.14173 -0.98718 0.07344 -0.20725 0.00368 -0.97828 -0.13934 0.13753 -0.98065 -0.13982 0.42948 -0.89219 -0.14019 0.68059 -0.71912 -0.14046 0.77382 -0.61764 -0.14076 0.85719 -0.49539 -0.14111 0.9214 -0.36209 -0.14143 0.96502 -0.22075 -0.20951 0.97474 -0.07742 -0.14792 0.96349 0.22318 -0.1427 0.92152 0.36116 -0.216 0.83878 0.49979 -0.22784 0.76162 0.60665 -0.23434 0.66499 0.70913 0.07392 0.36464 0.92821 0.07402 0.34128 0.93704 -0.17523 0.16855 0.96999 -0.18824 0.43567 0.8802 -0.1884 0.01127 0.98203 -0.18232 -0.15031 0.97168 -0.14387 -0.30153 0.94254 -0.14933 -0.29827 0.94273 -0.18833 -0.14655 0.97111 -0.19489 0.01517 0.98071 -0.14362 -0.45265 0.88005 -0.2757 -0.55019 0.78821 -0.28186 -0.73945 0.61137 -0.18723 -0.8388 0.51123 -0.19353 -0.8444 0.49954 -0.27108 -0.75304 0.59954 -0.36204 -0.63463 0.68277 -0.14234 -0.92524 0.35167 -0.14784 -0.92334 0.35439 -0.14204 -0.96516 0.21974 -0.14204 -0.96514 0.21984 -0.16262 -0.43853 0.88388 -0.27163 -0.53166 0.80222 -0.00852 0.31869 0.94782 -0.26152 0.56534 0.7823 -0.18654 0.97975 0.07278 -0.14111 0.92144 -0.36199 -0.14077 0.85723 -0.49532 -0.14046 0.77386 -0.61758 -0.17258 0.55465 -0.81399 -0.23345 0.28639 -0.92924 -0.18393 -0.1352 -0.9736 0.63613 -0.22792 -0.73715 0.63612 -0.32535 -0.69965 0.63578 -0.53415 -0.5572 0.73135 -0.38522 -0.56278 0.63571 -0.60446 -0.4801 0.63548 -0.66953 -0.38457 0.64048 -0.71469 -0.28109 0.74186 -0.65093 -0.16104 0.74164 -0.6691 -0.04775 0.74129 -0.66912 0.05254 0.74164 -0.66909 -0.04779 0.7413 -0.66912 0.05253 0.73625 -0.65737 -0.16064 0.63521 -0.71962 -0.28045 0.63549 -0.6695 -0.38461 0.63572 -0.60443 -0.48012 0.64082 -0.53034 -0.55506 0.74306 -0.37802 -0.55223 0.64113 -0.32471 -0.69535 0.63612 -0.2279 -0.73716 0.6412 -0.12438 -0.75723 0.73747 -0.00227 -0.67537 0.74341 0.00014 -0.66884 0.74283 0.1146 -0.65959 0.73726 0.1136 -0.66599 0.6361 0.22814 -0.73711 0.74314 0.29143 -0.60234 0.7318 0.29675 -0.61352 0.63579 0.43587 -0.63702 0.74257 0.44615 -0.49954 0.73696 0.45172 -0.50283 0.74251 0.52492 -0.41609 0.74252 0.5249 -0.41611 0.74232 0.58136 -0.33313 0.74232 0.58134 -0.33318 0.74195 0.62495 -0.24278 0.74195 0.62494 -0.24281 0.74168 0.65447 -0.1469 0.74168 0.65446 -0.14695 0.73544 0.67603 -0.04581 0.74136 0.6694 -0.04777 0.64395 0.76277 0.05925 0.73496 0.66113 0.15082 0.74087 0.65429 0.15171 0.74058 0.62471 0.24755 0.74059 0.62471 0.24751 0.74042 0.58107 0.33784 0.74043 0.58109 0.33779 0.74025 0.5245 0.42064 0.74024 0.52454 0.42059 0.73407 0.45894 0.50052 0.73999 0.45634 0.49413 0.6376 0.42481 0.64265 0.62762 0.22552 0.74514 0.73856 0.14932 0.65745 0.73376 0.08859 0.67361 0.73935 0.08266 0.66823 0.62337 0.18185 0.76049 0.6376 -0.00238 0.77036 0.63235 9e-05 0.77468 0.63207 -0.10401 0.7679 0.63712 -0.10469 0.76362 0.73361 -0.1972 0.65033 0.73954 -0.19763 0.64344 0.63863 -0.66427 0.38846 0.63303 -0.60419 0.48396 0.63286 -0.52552 0.56861 0.74067 -0.61912 0.26096 0.63338 -0.66929 0.38843 0.63304 -0.60421 0.48393 0.73505 -0.6256 0.26139 0.741 -0.65414 0.15173 0.74099 -0.65415 0.1517 0.63287 -0.52555 0.56857 0.63767 -0.44107 0.63153 0.73378 -0.29593 0.61155 0.7397 -0.29097 0.60678 0.63265 -0.44445 0.63421 0.59182 -0.00143 0.80607 0.63256 0.42603 0.64682 0.63395 0.77105 0.05986 0.64645 0.43091 -0.62962 0.64674 0.22555 -0.7286 0.63617 -0.12631 -0.76114 -0.95085 -0.30914 -0.01788 -0.99984 -0.00017 -0.01803 -0.80878 -0.58786 -0.01743 -0.58753 -0.80903 -0.01671 -0.30877 -0.951 -0.01581 0.00022 -0.99989 -0.01481 0.30919 -0.9509 -0.0138 0.00022 -0.99989 -0.01481 0.30919 -0.9509 -0.0138 -0.30877 -0.951 -0.01581 0.5879 -0.80883 -0.01289 0.80907 -0.58758 -0.01216 0.95105 -0.30882 -0.01169 0.80907 -0.58758 -0.01216 0.95105 -0.30882 -0.01169 0.5879 -0.80883 -0.01289 0.99993 0.00017 -0.01152 0.95094 0.30914 -0.01168 0.80887 0.58786 -0.01213 0.58763 0.80903 -0.01284 -0.30909 0.9509 -0.01576 -0.58781 0.80883 -0.01667 -0.00012 0.99989 -0.01475 -0.80897 0.58759 -0.01739 -0.58781 0.80883 -0.01667 -0.80898 0.58758 -0.01739 -0.3091 0.9509 -0.01576 -0.95095 0.30882 -0.01786 -0.99984 -0.00017 -0.01803 -0.00012 0.99989 -0.01475 0.30887 0.95101 -0.01374 0.58763 0.80903 -0.01284 0.80887 0.58786 -0.01213 0.95094 0.30914 -0.01168 0.99993 0.00017 -0.01152 -0.58753 -0.80903 -0.01671 -0.80878 -0.58786 -0.01743 -0.95085 -0.30914 -0.01788 -0.95095 0.30882 -0.01786 0.30887 0.95101 -0.01375 0.00473 0.00051 -0.99999 0.0048 3e-05 -0.99999 0.00451 0.00094 -0.99999 0.00416 0.00128 -0.99999 0.00373 0.0015 -0.99999 0.00325 0.00158 -0.99999 0.00277 0.0015 -1 0.00234 0.00128 -1 0.002 0.00094 -1 0.00178 0.00051 -1 0.0017 3e-05 -1 0.00178 -0.00045 -1 0.002 -0.00088 -1 0.00234 -0.00123 -1 0.00277 -0.00145 -1 0.002 -0.00088 -1 0.00234 -0.00123 -1 0.00277 -0.00145 -1 0.00178 -0.00045 -1 0.00178 0.00051 -1 0.0017 3e-05 -1 0.002 0.00094 -1 0.00234 0.00128 -1 0.00325 0.00158 -0.99999 0.00277 0.0015 -1 0.00373 0.0015 -0.99999 0.00416 0.00128 -0.99999 0.00451 0.00094 -0.99999 0.00473 0.00051 -0.99999 0.00325 -0.00152 -0.99999 0.00373 -0.00145 -0.99999 0.00417 -0.00123 -0.99999 0.00325 -0.00152 -0.99999 0.00373 -0.00145 -0.99999 0.00417 -0.00123 -0.99999 0.00451 -0.00088 -0.99999 0.00473 -0.00045 -0.99999 0.00451 -0.00088 -0.99999 0.00473 -0.00045 -0.99999 0.0048 3e-05 -0.99999 -0.66084 -0.21558 -0.7189 -0.69499 -0.0001 -0.71902 -0.56175 -0.40996 -0.71859 -0.66084 -0.21558 -0.7189 -0.69499 -0.0001 -0.71902 -0.56175 -0.40996 -0.71859 -0.40747 -0.56422 -0.71807 -0.40746 -0.56423 -0.71807 -0.21305 -0.66323 -0.71745 -0.21305 -0.66323 -0.71745 0.00245 -0.6973 -0.71677 0.00245 -0.6973 -0.71677 0.21793 -0.66315 -0.71606 0.21794 -0.66315 -0.71606 0.56654 -0.40976 -0.71494 0.66554 -0.21535 -0.71462 0.41231 -0.56406 -0.71542 0.41231 -0.56407 -0.71542 0.56654 -0.40976 -0.71494 0.66555 -0.21535 -0.71461 0.69969 0.00014 -0.71445 0.69969 0.00014 -0.71445 0.66547 0.21561 -0.7146 0.66547 0.21561 -0.7146 0.56641 0.41 -0.7149 0.56642 0.41 -0.71489 0.41213 0.56427 -0.71537 0.41213 0.56427 -0.71536 0.21772 0.66329 -0.71599 0.00222 0.69735 -0.71673 -0.21328 0.66323 -0.71738 -0.40766 0.56413 -0.71803 -0.21328 0.66323 -0.71738 -0.40766 0.56413 -0.71803 0.00222 0.69735 -0.71673 -0.56189 0.40981 -0.71856 -0.56189 0.40981 -0.71857 -0.66091 0.2154 -0.71889 -0.66091 0.2154 -0.71889 0.21771 0.6633 -0.71599 -0.00218 -0.70805 0.70616 0.21662 -0.67339 0.70684 -0.22099 -0.67346 0.70542 -0.22098 -0.67346 0.70542 -0.00218 -0.70805 0.70616 0.21662 -0.67339 0.70684 0.41399 -0.57278 0.70749 0.41398 -0.57278 0.70749 0.57062 -0.41612 0.70798 0.57062 -0.41613 0.70798 0.67114 -0.21871 0.70833 0.67114 -0.21871 0.70833 -0.41858 0.57274 0.70481 -0.57522 0.41609 0.70427 -0.22122 0.67338 0.70542 -0.22122 0.67338 0.70542 -0.41858 0.57274 0.70481 -0.57522 0.41609 0.70427 -0.67574 0.21867 0.70396 -0.67574 0.21867 0.70396 -0.71035 -0.00014 0.70385 -0.71035 -0.00014 0.70385 -0.67566 -0.21894 0.70395 -0.00242 0.70808 0.70613 0.2164 0.67345 0.70685 -0.00242 0.70808 0.70613 0.2164 0.67345 0.70684 0.41379 0.57288 0.70752 0.41379 0.57288 0.70752 0.57049 0.41628 0.708 0.57048 0.41628 0.708 0.67107 0.2189 0.70835 0.70576 0.0001 0.70845 0.70576 0.0001 0.70845 0.67107 0.2189 0.70835 -0.41838 -0.57292 0.70478 -0.57508 -0.41632 0.70425 -0.41838 -0.57292 0.70478 -0.57508 -0.41632 0.70425 -0.67566 -0.21894 0.70395 -0.56617 -0.41316 -0.71327 -0.41066 -0.56859 -0.71279 -0.21473 -0.66835 -0.71217 -0.41066 -0.56859 -0.71279 -0.21472 -0.66836 -0.71218 -0.56617 -0.41316 -0.71327 -0.66601 -0.21725 -0.71361 -0.666 -0.21726 -0.71361 -0.21498 0.66838 -0.71207 -0.41083 0.56847 -0.71278 -0.56631 0.413 -0.71324 -0.66609 0.21707 -0.71359 -0.70044 -0.0001 -0.71371 -0.66609 0.21708 -0.71359 -0.70044 -0.0001 -0.71371 -0.56631 0.41301 -0.71324 -0.41084 0.56847 -0.71278 0.0022 0.70278 -0.71141 -0.21498 0.66838 -0.71207 0.0022 0.70278 -0.71141 0.21937 0.66846 -0.71066 0.21938 0.66846 -0.71066 0.4153 0.56865 -0.71004 0.4153 0.56865 -0.71004 0.5708 0.4132 -0.70954 0.5708 0.4132 -0.70954 0.67065 0.2173 -0.70924 0.67065 0.2173 -0.70924 0.70507 0.00014 -0.70914 0.21958 -0.66828 -0.71076 0.41548 -0.56845 -0.7101 0.00243 -0.7027 -0.71148 0.00243 -0.7027 -0.71148 0.21959 -0.66828 -0.71076 0.41548 -0.56845 -0.7101 0.57091 -0.41296 -0.7096 0.67071 -0.21703 -0.70926 0.70507 0.00014 -0.70914 0.57092 -0.41295 -0.7096 0.67071 -0.21703 -0.70926 -0.58742 -0.8089 -0.02489 -0.3087 -0.95086 -0.02398 -0.80862 -0.58777 -0.0256 -0.95067 -0.3091 -0.02606 -0.80862 -0.58777 -0.0256 -0.95067 -0.3091 -0.02605 -0.58742 -0.8089 -0.02489 -0.3087 -0.95086 -0.02398 0.00024 -0.99974 -0.02298 -0.30902 0.95075 -0.02393 -0.58769 0.80871 -0.02484 -0.0001 0.99974 -0.02293 -0.80883 0.58749 -0.02557 -0.30902 0.95075 -0.02393 -0.58769 0.8087 -0.02484 -0.80883 0.58749 -0.02557 -0.95078 0.30878 -0.02604 -0.95078 0.30878 -0.02604 -0.99966 -0.00017 -0.02621 -0.99966 -0.00017 -0.02621 -0.0001 0.99974 -0.02293 0.30885 0.95086 -0.02192 0.58756 0.8089 -0.02102 0.80877 0.58777 -0.02031 0.95082 0.3091 -0.01985 0.58756 0.8089 -0.02102 0.80877 0.58777 -0.02031 0.95082 0.3091 -0.01985 0.99981 0.00017 -0.01971 0.99981 0.00017 -0.01971 0.30885 0.95086 -0.02192 0.30917 -0.95075 -0.02198 0.58784 -0.8087 -0.02107 0.30917 -0.95075 -0.02198 0.58784 -0.8087 -0.02107 0.00024 -0.99974 -0.02298 0.80897 -0.58749 -0.02034 0.95093 -0.30878 -0.01987 0.95093 -0.30878 -0.01987 0.80897 -0.58749 -0.02034 -0.57561 -0.41999 -0.70163 -0.67714 -0.22086 -0.70193 -0.41753 -0.57801 -0.70112 -0.21836 -0.67944 -0.70049 0.0024 -0.71439 -0.69974 0.0024 -0.71439 -0.69974 -0.21837 -0.67943 -0.70049 -0.41754 -0.57801 -0.70112 -0.57561 -0.41999 -0.70163 0.22293 0.67952 -0.69896 0.00216 0.71447 -0.69966 -0.21861 0.67944 -0.70041 -0.41776 0.57793 -0.70105 -0.2186 0.67944 -0.70041 -0.41775 0.57794 -0.70105 0.00216 0.71447 -0.69966 -0.57577 0.41985 -0.70158 -0.67723 0.22068 -0.7019 -0.71217 -0.0001 -0.702 -0.71217 -0.0001 -0.702 -0.67722 0.22068 -0.7019 -0.57577 0.41985 -0.70158 -0.67714 -0.22087 -0.70193 0.4221 0.57808 -0.69832 0.58019 0.42004 -0.69781 0.68167 0.2209 -0.69752 0.71673 0.00014 -0.69735 0.68167 0.22089 -0.69752 0.71673 0.00014 -0.69736 0.58018 0.42005 -0.69781 0.42211 0.57807 -0.69832 0.22293 0.67953 -0.69896 0.68177 -0.22064 -0.6975 0.58033 -0.41982 -0.69783 0.4223 -0.57789 -0.69836 0.22315 -0.67937 -0.69904 0.22315 -0.67937 -0.69904 0.4223 -0.57789 -0.69836 0.68177 -0.22063 -0.6975 0.58033 -0.41981 -0.69783 0.00017 -1 -3e-05 -0.30886 -0.95111 -0.00103 -0.58765 -0.80912 -0.00193 -0.80891 -0.58792 -0.00265 -0.30886 -0.95111 -0.00103 -0.58765 -0.80912 -0.00193 -0.80891 -0.58792 -0.00265 -0.951 -0.30918 -0.0031 -0.99999 -0.00017 -0.00325 -0.95111 0.30885 -0.00309 0.00017 -1 -3e-05 0.30918 -0.951 0.00098 0.58792 -0.80892 0.00189 0.80911 -0.58765 0.00262 0.951 0.30918 0.0031 0.99999 0.00017 0.00325 0.80891 0.58792 0.00266 0.58765 0.80912 0.00193 0.30885 0.95111 0.00103 -0.30918 0.951 -0.00098 -0.00017 1 3e-05 0.30885 0.95111 0.00103 -0.00017 1 3e-05 -0.30918 0.951 -0.00098 -0.58792 0.80892 -0.00189 -0.99999 -0.00017 -0.00325 -0.95111 0.30885 -0.00309 -0.80911 0.58765 -0.00262 -0.80911 0.58765 -0.00262 -0.58792 0.80892 -0.00189 -0.951 -0.30918 -0.0031 0.951 0.30918 0.0031 0.99999 0.00017 0.00325 0.80891 0.58793 0.00266 0.58765 0.80912 0.00194 0.9511 -0.30886 0.00309 0.9511 -0.30886 0.00309 0.80911 -0.58765 0.00262 0.58792 -0.80892 0.00189 0.30918 -0.951 0.00098 -0.22291 -0.67943 0.69906 -0.42207 -0.57802 0.69839 -0.58013 -0.42001 0.69789 -0.68165 -0.2209 0.69754 -0.71669 -0.00014 0.6974 -0.68166 -0.22088 0.69754 -0.71669 -0.00014 0.6974 -0.58013 -0.42 0.69789 -0.68174 0.22063 0.69753 -0.68174 0.22062 0.69753 -0.58029 0.41979 0.69788 -0.42228 0.57787 0.69839 -0.22314 0.67936 0.69905 -0.42206 -0.57802 0.69839 -0.2229 -0.67944 0.69906 -0.00215 -0.71439 0.69974 -0.00215 -0.71439 0.69974 0.21859 -0.67937 0.70048 0.21858 -0.67937 0.70048 0.41772 -0.5779 0.7011 0.57574 -0.41983 0.70161 0.57575 -0.41983 0.70161 0.41773 -0.57789 0.7011 0.67718 -0.22066 0.70195 0.71213 0.0001 0.70204 0.67708 0.22084 0.70199 0.57562 0.42 0.70161 0.67708 0.22084 0.70199 0.71213 0.0001 0.70204 0.57562 0.42 0.70161 0.41753 0.57801 0.70113 0.41754 0.578 0.70113 0.21837 0.67945 0.70048 0.21837 0.67945 0.70048 -0.0024 0.71439 0.69974 -0.22315 0.67936 0.69905 -0.0024 0.71439 0.69974 -0.58029 0.41978 0.69788 -0.42229 0.57786 0.69839 0.67718 -0.22067 0.70195 -0.951 -0.30918 -0.0031 -0.99999 -0.00017 -0.00325 -0.80891 -0.58792 -0.00265 -0.9511 0.30886 -0.00309 -0.951 -0.30918 -0.0031 -0.99999 -0.00017 -0.00325 -0.9511 0.30886 -0.00309 -0.80911 0.58765 -0.00262 -0.80911 0.58765 -0.00262 -0.58792 0.80892 -0.00189 -0.58792 0.80892 -0.00189 -0.30918 0.951 -0.00098 -0.30918 0.951 -0.00098 -0.80891 -0.58792 -0.00265 -0.58764 -0.80912 -0.00193 -0.58764 -0.80912 -0.00193 -0.30886 -0.95111 -0.00103 -0.30886 -0.95111 -0.00103 0.00017 -1 -3e-05 0.30918 -0.951 0.00098 0.80911 -0.58765 0.00262 0.58792 -0.80892 0.00189 0.80911 -0.58765 0.00262 0.58792 -0.80892 0.00189 0.30918 -0.951 0.00098 0.00017 -1 -3e-05 0.9511 -0.30886 0.00309 0.9511 -0.30886 0.00309 0.99999 0.00017 0.00325 0.99999 0.00017 0.00325 0.951 0.30918 0.0031 0.951 0.30918 0.0031 0.80891 0.58792 0.00265 0.80891 0.58792 0.00265 0.58765 0.80912 0.00193 0.30885 0.95111 0.00103 0.58765 0.80912 0.00193 0.30885 0.95111 0.00103 -0.00017 1 3e-05 -0.00017 1 3e-05 -0.67714 -0.22086 -0.70193 -0.71217 -0.0001 -0.702 -0.67723 0.22068 -0.7019 -0.57577 0.41985 -0.70158 -0.41775 0.57794 -0.70105 -0.2186 0.67944 -0.70041 -0.57577 0.41985 -0.70158 -0.41776 0.57793 -0.70105 -0.21861 0.67944 -0.70041 0.00216 0.71447 -0.69966 0.22293 0.67952 -0.69896 0.42211 0.57807 -0.69832 -0.71217 -0.0001 -0.702 -0.67722 0.22068 -0.7019 -0.67714 -0.22087 -0.70193 -0.57561 -0.41999 -0.70163 -0.57561 -0.41999 -0.70163 -0.41754 -0.57801 -0.70112 -0.41753 -0.57801 -0.70112 -0.21836 -0.67944 -0.70049 0.58033 -0.41981 -0.69783 0.4223 -0.57789 -0.69836 0.22315 -0.67937 -0.69904 0.0024 -0.71439 -0.69974 0.4223 -0.57789 -0.69836 0.22315 -0.67937 -0.69904 0.0024 -0.71439 -0.69974 0.58033 -0.41982 -0.69783 0.71673 0.00014 -0.69736 0.68177 -0.22064 -0.6975 0.68177 -0.22063 -0.6975 0.71673 0.00014 -0.69735 0.68167 0.2209 -0.69752 0.58021 0.42006 -0.69779 0.4221 0.57808 -0.69832 0.22293 0.67953 -0.69896 0.58021 0.42006 -0.69779 0.68167 0.2209 -0.69752 0.00216 0.71447 -0.69966 -0.21837 -0.67943 -0.70049 -0.80911 0.58765 -0.00262 -0.58792 0.80892 -0.00189 -0.30918 0.951 -0.00098 -0.00017 1 3e-05 0.30885 0.95111 0.00103 0.58765 0.80912 0.00193 0.30885 0.95111 0.00103 -0.00017 1 3e-05 0.58765 0.80912 0.00193 0.80891 0.58792 0.00265 -0.80911 0.58765 -0.00262 -0.58792 0.80892 -0.00189 -0.30918 0.951 -0.00098 -0.95111 0.30885 -0.00309 -0.99999 -0.00017 -0.00325 -0.951 -0.30918 -0.0031 -0.80891 -0.58792 -0.00265 -0.99999 -0.00017 -0.00325 -0.95111 0.30885 -0.00309 -0.951 -0.30918 -0.0031 -0.80891 -0.58792 -0.00265 -0.58765 -0.80912 -0.00193 0.58792 -0.80892 0.00189 0.30918 -0.951 0.00098 0.00017 -1 -3e-05 0.80911 -0.58765 0.00262 0.80911 -0.58765 0.00262 0.58792 -0.80892 0.00189 0.30918 -0.951 0.00098 0.00017 -1 -3e-05 0.99999 0.00017 0.00325 0.9511 -0.30886 0.00309 0.951 0.30918 0.0031 0.99999 0.00017 0.00325 0.9511 -0.30886 0.00309 0.80891 0.58792 0.00265 0.951 0.30918 0.0031 -0.30886 -0.95111 -0.00103 -0.58765 -0.80912 -0.00193 -0.30886 -0.95111 -0.00103 0.21837 0.67945 0.70048 -0.0024 0.71439 0.69974 0.41754 0.578 0.70113 0.57562 0.42 0.70161 0.21837 0.67945 0.70048 0.41753 0.57801 0.70113 0.57562 0.42 0.70161 -0.0024 0.71439 0.69974 -0.22314 0.67936 0.69905 -0.42228 0.57787 0.69839 -0.58029 0.41979 0.69788 -0.58029 0.41978 0.69788 -0.42228 0.57786 0.69839 -0.22315 0.67936 0.69905 -0.68174 0.22063 0.69753 -0.71669 -0.00014 0.6974 -0.68174 0.22062 0.69753 -0.71669 -0.00014 0.6974 -0.68166 -0.22088 0.69754 -0.68165 -0.2209 0.69754 -0.58013 -0.42 0.69789 -0.58013 -0.42001 0.69789 0.57574 -0.41983 0.70161 0.41774 -0.57792 0.70107 0.21858 -0.67938 0.70048 0.41774 -0.57792 0.70107 0.21858 -0.67937 0.70048 0.57575 -0.41983 0.70161 -0.00215 -0.71439 0.69974 -0.00215 -0.71439 0.69974 0.67718 -0.22066 0.70195 0.71213 0.0001 0.70204 0.67708 0.22084 0.70199 0.71213 0.0001 0.70204 0.67718 -0.22067 0.70195 0.67708 0.22084 0.70199 -0.42208 -0.57805 0.69836 -0.2229 -0.67944 0.69906 -0.22291 -0.67943 0.69906 -0.42209 -0.57804 0.69836 0.30883 0.95109 0.00725 0.58761 0.8091 0.00815 0.80888 0.58791 0.00887 -0.00019 0.99998 0.00625 -0.30919 0.95099 0.00524 0.30883 0.95109 0.00725 -0.00019 0.99998 0.00625 -0.30919 0.95099 0.00524 -0.58793 0.8089 0.00433 -0.58793 0.8089 0.00433 -0.80912 0.58764 0.0036 -0.80912 0.58764 0.0036 -0.95111 0.30885 0.00313 -1 -0.00017 0.00296 -0.951 -0.30917 0.00311 -0.80892 -0.58791 0.00357 0.58789 -0.8089 0.00811 0.30915 -0.95099 0.0072 0.80908 -0.58764 0.00883 0.00015 -0.99998 0.00619 0.00015 -0.99998 0.00619 0.30915 -0.95099 0.0072 0.58789 -0.8089 0.00811 0.80908 -0.58764 0.00883 0.95107 -0.30885 0.0093 0.95107 -0.30885 0.0093 0.99996 0.00017 0.00947 0.95096 0.30917 0.00932 0.95096 0.30917 0.00932 0.99996 0.00017 0.00947 -0.58765 -0.8091 0.00428 -0.30887 -0.95109 0.00519 -0.80892 -0.58791 0.00357 -0.58765 -0.8091 0.00428 -0.30887 -0.95109 0.00519 -0.951 -0.30917 0.00311 -1 -0.00017 0.00296 -0.95111 0.30885 0.00313 0.58761 0.8091 0.00815 0.80888 0.58791 0.00887 -0.00313 0.00034 1 -0.00325 0.00036 0.99999 -0.00337 0.00034 0.99999 -0.00348 0.00029 0.99999 -0.00357 0.0002 0.99999 -0.00363 9e-05 0.99999 -0.00313 -0.0004 1 -0.00302 -0.00035 1 -0.00294 -0.00026 1 -0.00288 -0.00015 1 -0.00286 -3e-05 1 -0.00288 9e-05 1 -0.00288 9e-05 1 -0.00286 -3e-05 1 -0.00288 -0.00015 1 -0.00294 -0.00026 1 -0.00302 -0.00035 1 -0.00313 -0.0004 1 -0.00325 -0.00042 0.99999 -0.00325 -0.00042 0.99999 -0.00337 -0.0004 0.99999 -0.00348 -0.00035 0.99999 -0.00357 -0.00026 0.99999 -0.00364 -3e-05 0.99999 -0.00363 -0.00015 0.99999 -0.00363 9e-05 0.99999 -0.00364 -3e-05 0.99999 -0.00363 -0.00015 0.99999 -0.00357 -0.00026 0.99999 -0.00348 -0.00035 0.99999 -0.00337 -0.0004 0.99999 -0.00357 0.0002 0.99999 -0.00348 0.00029 0.99999 -0.00325 0.00036 0.99999 -0.00337 0.00034 0.99999 -0.00313 0.00034 1 -0.00302 0.00029 1 -0.00302 0.00029 1 -0.00294 0.0002 1 -0.00294 0.0002 1 0.21473 0.66836 0.71217 -0.00243 0.70271 0.71147 -0.21958 0.66829 0.71076 -0.41545 0.56841 0.71015 -0.5709 0.41294 0.70961 -0.0022 -0.70275 0.71144 0.21494 -0.6683 0.71216 0.4108 -0.56843 0.71284 0.56625 -0.41296 0.71332 0.66607 -0.21706 0.71361 0.66599 0.21725 0.71362 0.70041 0.0001 0.71374 0.66606 -0.21707 0.71361 0.66599 0.21725 0.71362 0.70041 0.0001 0.71374 0.56625 -0.41297 0.71332 0.41081 -0.56842 0.71284 0.21495 -0.6683 0.71216 -0.0022 -0.70275 0.71144 -0.67069 0.21703 0.70928 -0.70504 -0.00014 0.70917 -0.67062 -0.21729 0.70926 -0.57076 -0.41317 0.70959 -0.41524 -0.56856 0.71015 -0.21935 -0.66837 0.71075 -0.41523 -0.56857 0.71015 -0.21935 -0.66837 0.71075 -0.57076 -0.41317 0.70959 -0.67062 -0.21729 0.70926 -0.70504 -0.00014 0.70917 -0.67069 0.21702 0.70928 -0.5709 0.41294 0.70961 -0.41545 0.56841 0.71015 -0.00243 0.70271 0.71147 -0.21959 0.66829 0.71076 0.21473 0.66836 0.71217 0.41064 0.56857 0.71281 0.41064 0.56857 0.71281 0.56613 0.41313 0.71331 0.56613 0.41313 0.71331 0.99914 0.02767 0.03075 0.99914 0.02767 0.03075 0.99914 0.02767 0.03075 0.71766 -0.08937 0.69064 0.71766 -0.08937 0.69064 0.71766 -0.08937 0.69064 0.88908 0.28423 0.35881 0.88908 0.28423 0.35881 0.88908 0.28423 0.35881 0.68746 0.49514 -0.53125 0.68746 0.49514 -0.53125 0.68746 0.49514 -0.53125 0.10228 0.54425 0.83266 0.10228 0.54425 0.83266 0.10228 0.54425 0.83266 -0.52452 0.0804 -0.84759 -0.52452 0.0804 -0.84759 -0.52452 0.0804 -0.84759 0.1586 -0.1468 0.97637 0.1586 -0.1468 0.97637 0.1586 -0.1468 0.97637 0.99999 0.00366 0.00342 0.99999 0.00366 0.00342 0.99999 0.00366 0.00342 -0.27539 0.75176 0.59918 -0.27539 0.75176 0.59918 -0.27539 0.75176 0.59918 0.71183 -0.16259 0.68327 0.71183 -0.16259 0.68327 0.71183 -0.16259 0.68327 0.45726 0.55383 0.69584 0.45726 0.55383 0.69584 0.45726 0.55383 0.69584 -0.23839 0.96483 0.11078 -0.23839 0.96483 0.11078 -0.23839 0.96483 0.11078 -0.65785 -0.32602 -0.67893 -0.65785 -0.32602 -0.67893 -0.65785 -0.32602 -0.67893</float_array>
          <technique_common>
            <accessor count="3137" source="#g1_dark_steel-nrm-array" stride="3">
              <param type="float" name="X"/>
              <param type="float" name="Y"/>
              <param type="float" name="Z"/>
            </accessor>
          </technique_common>
        </source>
        <vertices id="g1_dark_steel-pos-vertices">
          <input semantic="POSITION" source="#g1_dark_steel-pos"/>
        </vertices>
        <triangles count="3450" material="dark_steel-ref">
          <input offset="0" semantic="VERTEX" source="#g1_dark_steel-pos-vertices"/>
          <input offset="1" semantic="NORMAL" source="#g1_dark_steel-nrm"/>
          <p>0 0 40 40 1 1 2 2 40 40 0 0 3 3 40 40 2 2 4 4 40 40 3 3 31 31 37 37 38 38 30 30 38 38 39 39 31 31 38 38 30 30 28 28 39 39 36 36 30 30 39 39 28 28 2 2 26 26 3 3 31 31 3 3 26 26 30 30 3 3 31 31 30 30 28 28 3 3 27 27 29 29 5 5 5 5 29 29 12 12 13 13 2 2 14 14 5 5 12 12 6 6 2 2 13 13 26 26 26 26 37 37 31 31 58 58 36 36 57 57 35 35 29 29 27 27 33 33 29 29 34 34 32 32 12 12 33 33 33 33 12 12 29 29 5 5 6 6 40 40 5 5 40 40 4 4 6 6 11 11 40 40 34 34 29 29 35 35 40 40 9 9 7 7 40 40 11 11 9 9 11 11 6 6 12 12 14 14 0 0 10 10 10 10 0 0 8 8 1 1 8 8 0 0 1 1 7 7 8 8 7 7 1 1 40 40 22 22 37 37 26 26 25 25 47 47 55 55 36 36 35 35 28 28 28 28 35 35 27 27 15 15 12 12 32 32 57 57 36 36 39 39 57 57 39 39 56 56 56 56 39 39 38 38 56 56 38 38 55 55 55 55 38 38 37 37 55 55 37 37 25 25 54 54 32 32 53 53 53 53 32 32 33 33 53 53 33 33 52 52 52 52 33 33 34 34 52 52 34 34 51 51 51 51 34 34 35 35 32 32 54 54 41 41 32 32 41 41 15 15 36 36 58 58 51 51 36 36 51 51 35 35 45 45 15 15 41 41 43 43 18 18 17 17 43 43 17 17 44 44 42 42 19 19 18 18 42 42 18 18 43 43 19 19 42 42 20 20 20 20 42 42 50 50 44 44 16 16 45 45 14 14 2 2 0 0 47 47 22 22 46 46 46 46 23 23 48 48 46 46 22 22 23 23 48 48 24 24 49 49 48 48 23 23 24 24 50 50 21 21 20 20 45 45 16 16 15 15 44 44 17 17 16 16 5 5 4 4 27 27 27 27 4 4 28 28 26 26 13 13 22 22 22 22 47 47 25 25 8 8 7 7 19 19 8 8 19 19 20 20 15 15 11 11 12 12 8 8 20 20 21 21 8 8 21 21 24 24 8 8 24 24 10 10 10 10 24 24 23 23 10 10 23 23 14 14 14 14 23 23 22 22 14 14 22 22 13 13 19 19 7 7 9 9 19 19 9 9 18 18 18 18 9 9 17 17 17 17 9 9 11 11 17 17 11 11 16 16 16 16 11 11 15 15 49 49 24 24 21 21 49 49 21 21 50 50 4 4 3 3 28 28 74 74 75 75 76 76 76 76 75 75 77 77 79 79 78 78 80 80 79 79 76 76 78 78 67 67 69 69 82 82 67 67 82 82 83 83 64 64 65 65 71 71 61 61 59 59 62 62 76 76 77 77 78 78 69 69 81 81 82 82 64 64 71 71 72 72 68 68 72 72 73 73 66 66 68 68 73 73 66 66 75 75 74 74 68 68 64 64 72 72 73 73 75 75 66 66 61 61 63 63 59 59 61 61 62 62 60 60 63 63 67 67 83 83 60 60 70 70 65 65 71 71 65 65 70 70 70 70 60 60 62 62 63 63 83 83 59 59 92 92 88 88 87 87 93 93 94 94 95 95 92 92 85 85 84 84 93 93 97 97 92 92 93 93 96 96 97 97 93 93 95 95 96 96 92 92 91 91 89 89 92 92 87 87 91 91 92 92 84 84 88 88 92 92 86 86 85 85 92 92 90 90 86 86 89 89 93 93 92 92 103 103 108 108 104 104 108 108 105 105 104 104 98 98 111 111 110 110 110 110 109 109 108 108 107 107 106 106 105 105 108 108 107 107 105 105 98 98 103 103 102 102 98 98 108 108 103 103 98 98 112 112 111 111 98 98 102 102 101 101 98 98 100 100 99 99 98 98 101 101 100 100 110 110 108 108 98 98 115 115 113 113 114 114 115 115 114 114 116 116 117 117 122 122 120 120 120 120 122 122 119 119 122 122 118 118 119 119 117 117 120 120 121 121 171 171 241 241 239 239 228 228 184 184 216 216 186 186 216 216 185 185 186 186 187 187 216 216 215 215 186 186 188 188 225 225 176 176 178 178 177 177 176 176 225 225 179 179 225 225 178 178 226 226 179 179 180 180 225 225 179 179 226 226 181 181 226 226 180 180 181 181 182 182 226 226 227 227 181 181 183 183 216 216 184 184 185 185 241 241 171 171 172 172 173 173 241 241 172 172 173 173 174 174 241 241 229 229 173 173 175 175 174 174 173 173 229 229 176 176 229 229 175 175 176 176 177 177 229 229 165 165 166 166 242 242 129 129 130 130 131 131 166 166 165 165 168 168 169 169 168 168 167 167 169 169 240 240 168 168 158 158 157 157 250 250 251 251 145 145 253 253 143 143 145 145 251 251 144 144 251 251 250 250 144 144 143 143 251 251 145 145 140 140 253 253 140 140 145 145 142 142 140 140 127 127 253 253 139 139 247 247 138 138 247 247 236 236 246 246 139 139 236 236 247 247 141 141 236 236 139 139 158 158 250 250 248 248 239 239 169 169 170 170 250 250 249 249 248 248 251 251 249 249 250 250 231 231 224 224 222 222 210 210 236 236 211 211 209 209 236 236 210 210 245 245 236 236 209 209 246 246 236 236 245 245 135 135 205 205 202 202 247 247 205 205 135 135 182 182 181 181 227 227 184 184 227 227 183 183 184 184 228 228 227 227 212 212 213 213 190 190 136 136 130 130 129 129 139 139 138 138 136 136 137 137 138 138 247 247 142 142 141 141 140 140 142 142 236 236 141 141 144 144 142 142 143 143 145 145 143 143 142 142 203 203 206 206 214 214 139 139 136 136 128 128 223 223 225 225 226 226 187 187 186 186 215 215 160 160 154 154 156 156 152 152 154 154 155 155 130 130 132 132 133 133 130 130 136 136 132 132 132 132 134 134 133 133 135 135 134 134 132 132 136 136 135 135 132 132 137 137 135 135 136 136 137 137 247 247 135 135 138 138 137 137 136 136 128 128 124 124 127 127 253 253 125 125 126 126 127 127 125 125 253 253 128 128 136 136 129 129 242 242 162 162 164 164 240 240 169 169 239 239 171 171 239 239 170 170 147 147 146 146 157 157 148 148 236 236 144 144 144 144 236 236 142 142 141 141 128 128 127 127 141 141 123 123 128 128 123 123 139 139 128 128 155 155 160 160 161 161 154 154 160 160 155 155 162 162 155 155 161 161 162 162 163 163 155 155 168 168 165 165 167 167 163 163 162 162 242 242 165 165 242 242 164 164 152 152 153 153 154 154 163 163 152 152 155 155 151 151 152 152 163 163 154 154 147 147 156 156 153 153 147 147 154 154 156 156 158 158 159 159 157 157 158 158 156 156 160 160 156 156 159 159 149 149 236 236 148 148 150 150 236 236 149 149 134 134 202 202 201 201 200 200 199 199 198 198 214 214 197 197 199 199 199 199 197 197 198 198 197 197 214 214 196 196 197 197 196 196 195 195 194 194 193 193 196 196 203 203 214 214 199 199 205 205 204 204 202 202 204 204 203 203 202 202 202 202 203 203 199 199 134 134 135 135 202 202 200 200 202 202 199 199 190 190 213 213 215 215 224 224 223 223 222 222 223 223 224 224 225 225 207 207 208 208 194 194 187 187 221 221 216 216 217 217 221 221 187 187 213 213 187 187 215 215 221 221 228 228 216 216 221 221 220 220 228 228 127 127 124 124 125 125 210 210 190 190 192 192 182 182 223 223 226 226 211 211 236 236 221 221 221 221 236 236 220 220 220 220 236 236 219 219 219 219 236 236 222 222 219 219 222 222 223 223 177 177 244 244 229 229 218 218 219 219 182 182 218 218 182 182 227 227 220 220 218 218 228 228 228 228 218 218 227 227 219 219 223 223 182 182 213 213 217 217 187 187 124 124 129 129 131 131 196 196 193 193 195 195 193 193 194 194 192 192 193 193 192 192 191 191 190 190 189 189 192 192 192 192 189 189 191 191 189 189 190 190 215 215 189 189 215 215 188 188 124 124 128 128 129 129 202 202 200 200 201 201 244 244 174 174 229 229 238 238 243 243 166 166 210 210 212 212 190 190 237 237 234 234 236 236 238 238 237 237 236 236 240 240 238 238 168 168 237 237 238 238 240 240 234 234 240 240 239 239 251 251 253 253 252 252 234 234 237 237 240 240 233 233 234 234 239 239 231 231 244 244 177 177 224 224 177 177 225 225 224 224 231 231 177 177 235 235 236 236 234 234 244 244 230 230 174 174 232 232 230 230 244 244 233 233 232 232 235 235 234 234 233 233 235 235 140 140 141 141 127 127 252 252 126 126 254 254 253 253 126 126 252 252 249 249 252 252 254 254 249 249 251 251 252 252 157 157 144 144 250 250 146 146 144 144 157 157 147 147 157 157 156 156 207 207 194 194 196 196 236 236 150 150 243 243 244 244 236 236 235 235 243 243 238 238 236 236 244 244 235 235 232 232 238 238 166 166 168 168 150 150 151 151 163 163 222 222 244 244 231 231 150 150 163 163 242 242 222 222 236 236 244 244 206 206 207 207 214 214 174 174 232 232 241 241 230 230 232 232 174 174 232 232 239 239 241 241 214 214 207 207 196 196 208 208 210 210 194 194 232 232 233 233 239 239 166 166 150 150 242 242 243 243 150 150 166 166 194 194 210 210 192 192 258 258 255 255 256 256 257 257 263 263 258 258 259 259 258 258 263 263 260 260 259 259 261 261 262 262 261 261 259 259 263 263 262 262 259 259 256 256 257 257 258 258 268 268 269 269 270 270 268 268 267 267 269 269 271 271 265 265 272 272 267 267 266 266 269 269 264 264 265 265 271 271 266 266 264 264 271 271 271 271 269 269 266 266 277 277 276 276 274 274 277 277 274 274 278 278 273 273 274 274 275 275 276 276 275 275 274 274 288 288 284 284 285 285 352 352 355 355 354 354 289 289 284 284 288 288 284 284 290 290 292 292 284 284 289 289 290 290 283 283 298 298 282 282 355 355 352 352 353 353 357 357 354 354 356 356 358 358 354 354 357 357 358 358 359 359 354 354 338 338 340 340 343 343 342 342 338 338 343 343 341 341 338 338 342 342 341 341 344 344 338 338 314 314 317 317 315 315 315 315 317 317 316 316 316 316 317 317 308 308 320 320 318 318 317 317 353 353 349 349 351 351 353 353 352 352 349 349 354 354 355 355 356 356 362 362 361 361 363 363 291 291 290 290 293 293 280 280 281 281 279 279 291 291 312 312 300 300 297 297 300 300 301 301 297 297 301 301 302 302 297 297 302 302 303 303 297 297 304 304 299 299 297 297 305 305 304 304 297 297 303 303 305 305 306 306 305 305 307 307 290 290 291 291 292 292 288 288 285 285 287 287 295 295 296 296 294 294 298 298 295 295 282 282 296 296 295 295 298 298 294 294 297 297 295 295 291 291 297 297 294 294 297 297 291 291 300 300 283 283 280 280 298 298 280 280 283 283 281 281 285 285 286 286 287 287 359 359 358 358 360 360 319 319 322 322 323 323 319 319 321 321 322 322 332 332 319 319 323 323 333 333 293 293 334 334 331 331 291 291 330 330 320 320 317 317 331 331 317 317 291 291 331 331 330 330 291 291 329 329 329 329 291 291 328 328 293 293 327 327 291 291 327 327 328 328 291 291 332 332 323 323 324 324 361 361 362 362 359 359 361 361 359 359 360 360 310 310 316 316 308 308 309 309 310 310 308 308 308 308 309 309 307 307 307 307 308 308 306 306 305 305 303 303 307 307 314 314 291 291 317 317 291 291 314 314 311 311 291 291 311 311 313 313 291 291 313 313 312 312 318 318 320 320 321 321 364 364 362 362 363 363 364 364 304 304 362 362 333 333 332 332 293 293 351 351 349 349 350 350 350 350 349 349 348 348 347 347 346 346 348 348 348 348 349 349 347 347 346 346 347 347 344 344 346 346 344 344 345 345 344 344 341 341 345 345 321 321 319 319 318 318 304 304 364 364 299 299 335 335 337 337 339 339 340 340 338 338 335 335 340 340 335 335 339 339 337 337 335 335 336 336 336 336 335 335 333 333 333 333 334 334 336 336 293 293 326 326 327 327 326 326 293 293 325 325 293 293 324 324 325 325 293 293 332 332 324 324 445 445 431 431 444 444 478 478 483 483 481 481 482 482 483 483 478 478 484 484 481 481 483 483 485 485 481 481 484 484 485 485 479 479 481 481 486 486 479 479 485 485 436 436 435 435 434 434 523 523 522 522 433 433 521 521 436 436 522 522 521 521 520 520 436 436 520 520 435 435 436 436 520 520 437 437 435 435 515 515 438 438 520 520 520 520 439 439 437 437 444 444 431 431 433 433 487 487 484 484 489 489 434 434 444 444 433 433 434 434 443 443 444 444 522 522 434 434 433 433 435 435 443 443 434 434 435 435 441 441 443 443 436 436 434 434 522 522 379 379 432 432 378 378 430 430 432 432 379 379 431 431 379 379 380 380 431 431 430 430 379 379 523 523 431 431 380 380 433 433 431 431 523 523 431 431 397 397 430 430 445 445 397 397 431 431 367 367 427 427 428 428 402 402 412 412 422 422 472 472 499 499 470 470 494 494 480 480 486 486 494 494 495 495 480 480 493 493 495 495 494 494 492 492 496 496 493 493 500 500 496 496 492 492 495 495 496 496 474 474 400 400 423 423 425 425 400 400 402 402 423 423 426 426 423 423 424 424 425 425 423 423 426 426 424 424 420 420 427 427 421 421 420 420 424 424 426 426 427 427 367 367 426 426 424 424 427 427 427 427 420 420 428 428 422 422 423 423 402 402 423 423 421 421 424 424 422 422 421 421 423 423 467 467 464 464 466 466 469 469 467 467 468 468 491 491 493 493 494 494 492 492 493 493 491 491 486 486 491 491 494 494 486 486 490 490 491 491 486 486 480 480 479 479 484 484 488 488 485 485 484 484 487 487 488 488 389 389 483 483 388 388 484 484 483 483 389 389 489 489 484 484 389 389 442 442 437 437 440 440 502 502 460 460 463 463 510 510 465 465 511 511 510 510 466 466 465 465 467 467 466 466 510 510 432 432 369 369 378 378 432 432 524 524 369 369 440 440 447 447 446 446 448 448 447 447 440 440 449 449 448 448 450 450 447 447 448 448 449 449 452 452 448 448 451 451 452 452 450 450 448 448 448 448 439 439 451 451 438 438 439 439 520 520 440 440 437 437 439 439 466 466 462 462 461 461 437 437 441 441 435 435 437 437 442 442 441 441 446 446 442 442 440 440 458 458 456 456 459 459 462 462 459 459 461 461 462 462 460 460 459 459 459 459 455 455 461 461 456 456 455 455 459 459 464 464 460 460 462 462 464 464 463 463 460 460 456 456 458 458 454 454 440 440 439 439 448 448 453 453 450 450 452 452 453 453 454 454 450 450 450 450 457 457 449 449 473 473 474 474 471 471 429 429 367 367 370 370 429 429 426 426 367 367 367 367 428 428 368 368 370 370 369 369 524 524 455 455 456 456 454 454 454 454 458 458 457 457 478 478 504 504 505 505 477 477 504 504 478 478 479 479 476 476 477 477 480 480 476 476 479 479 477 477 481 481 479 479 478 478 481 481 477 477 482 482 505 505 385 385 478 478 505 505 482 482 471 471 474 474 472 472 455 455 454 454 453 453 475 475 507 507 506 506 473 473 507 507 475 475 476 476 506 506 503 503 475 475 506 506 476 476 503 503 477 477 476 476 504 504 477 477 503 503 464 464 467 467 469 469 470 470 464 464 469 469 471 471 468 468 508 508 469 469 468 468 471 471 471 471 470 470 469 469 471 471 472 472 470 470 508 508 473 473 471 471 507 507 473 473 508 508 466 466 461 461 465 465 526 526 525 525 417 417 530 530 414 414 405 405 404 404 403 403 530 530 530 530 531 531 529 529 530 530 403 403 531 531 532 532 395 395 394 394 400 400 401 401 402 402 527 527 528 528 373 373 527 527 416 416 415 415 526 526 416 416 527 527 373 373 529 529 374 374 528 528 529 529 373 373 527 527 414 414 528 528 414 414 529 529 528 528 414 414 530 530 529 529 417 417 525 525 418 418 391 391 532 532 394 394 525 525 526 526 371 371 525 525 371 371 365 365 416 416 526 526 417 417 526 526 373 373 371 371 527 527 373 373 526 526 399 399 425 425 429 429 399 399 400 400 425 425 530 530 405 405 404 404 418 418 525 525 419 419 525 525 368 368 428 428 365 365 368 368 525 525 428 428 420 420 419 419 432 432 397 397 396 396 432 432 430 430 397 397 432 432 398 398 524 524 376 376 375 375 531 531 454 454 457 457 450 450 367 367 368 368 366 366 428 428 419 419 525 525 389 389 388 388 393 393 393 393 387 387 386 386 382 382 390 390 386 386 381 381 390 390 382 382 391 391 386 386 390 390 386 386 391 391 392 392 392 392 393 393 386 386 386 386 383 383 382 382 387 387 383 383 386 386 387 387 384 384 383 383 388 388 384 384 387 387 393 393 388 388 387 387 500 500 497 497 496 496 531 531 374 374 529 529 375 375 374 374 531 531 531 531 395 395 533 533 403 403 395 395 531 531 413 413 527 527 415 415 371 371 373 373 372 372 464 464 462 462 466 466 532 532 533 533 395 395 532 532 391 391 390 390 533 533 532 532 377 377 390 390 377 377 532 532 381 381 377 377 390 390 377 377 376 376 533 533 376 376 531 531 533 533 405 405 409 409 406 406 470 470 499 499 463 463 465 465 461 461 518 518 513 513 519 519 514 514 513 513 517 517 519 519 517 517 451 451 519 519 517 517 452 452 451 451 515 515 519 519 438 438 514 514 519 519 515 515 438 438 451 451 439 439 512 512 518 518 516 516 408 408 411 411 412 412 527 527 413 413 409 409 409 409 413 413 410 410 414 414 409 409 405 405 414 414 527 527 409 409 398 398 429 429 524 524 488 488 486 486 485 485 490 490 486 486 488 488 491 491 500 500 492 492 472 472 497 497 499 499 497 497 501 501 499 499 497 497 498 498 501 501 500 500 501 501 498 498 499 499 502 502 463 463 499 499 501 501 502 502 495 495 475 475 480 480 475 475 474 474 473 473 475 475 495 495 474 474 496 496 472 472 474 474 497 497 472 472 496 496 498 498 497 497 500 500 385 385 384 384 482 482 396 396 398 398 432 432 370 370 524 524 429 429 429 429 425 425 426 426 398 398 399 399 429 429 401 401 408 408 402 402 401 401 407 407 408 408 408 408 406 406 409 409 407 407 406 406 408 408 408 408 410 410 411 411 409 409 410 410 408 408 402 402 408 408 412 412 519 519 451 451 438 438 511 511 518 518 512 512 516 516 452 452 517 517 516 516 453 453 452 452 518 518 455 455 453 453 511 511 465 465 518 518 518 518 461 461 455 455 513 513 516 516 517 517 512 512 516 516 513 513 495 495 493 493 496 496 480 480 475 475 476 476 509 509 508 508 468 468 518 518 453 453 516 516 468 468 467 467 509 509 467 467 510 510 509 509 489 489 389 389 393 393 384 384 483 483 482 482 384 384 388 388 483 483 470 470 463 463 464 464 537 537 538 538 539 539 536 536 537 537 535 535 537 537 539 539 535 535 536 536 535 535 534 534 545 545 544 544 540 540 548 548 547 547 543 543 551 551 549 549 550 550 540 540 547 547 542 542 543 543 540 540 544 544 551 551 546 546 549 549 540 540 543 543 547 547 551 551 547 547 546 546 551 551 542 542 547 547 542 542 541 541 540 540 560 560 559 559 558 558 553 553 554 554 555 555 560 560 561 561 559 559 554 554 556 556 557 557 561 561 552 552 559 559 559 559 552 552 553 553 554 554 557 557 555 555 552 552 554 554 553 553 563 563 564 564 566 566 567 567 565 565 566 566 565 565 563 563 566 566 562 562 564 564 563 563 569 569 568 568 571 571 570 570 569 569 571 571 576 576 573 573 575 575 576 576 574 574 573 573 591 591 593 593 592 592 591 591 592 592 590 590 607 607 573 573 574 574 605 605 606 606 607 607 604 604 606 606 605 605 579 579 575 575 577 577 597 597 594 594 596 596 597 597 595 595 594 594 595 595 592 592 594 594 606 606 572 572 607 607 603 603 604 604 605 605 572 572 573 573 607 607 579 579 576 576 575 575 582 582 584 584 583 583 586 586 584 584 587 587 580 580 582 582 583 583 582 582 585 585 584 584 589 589 591 591 590 590 589 589 590 590 588 588 603 603 601 601 600 600 601 601 598 598 600 600 602 602 604 604 603 603 603 603 600 600 602 602 601 601 599 599 598 598 577 577 578 578 579 579 580 580 583 583 581 581 581 581 578 578 580 580 594 594 592 592 593 593 599 599 597 597 596 596 599 599 596 596 598 598 587 587 589 589 588 588 587 587 588 588 586 586 587 587 584 584 585 585 621 621 629 629 622 622 633 633 628 628 627 627 622 622 630 630 618 618 618 618 630 630 619 619 623 623 610 610 609 609 625 625 631 631 627 627 622 622 629 629 630 630 623 623 608 608 620 620 621 621 608 608 629 629 626 626 631 631 625 625 626 626 619 619 631 631 627 627 631 631 632 632 617 617 615 615 614 614 613 613 611 611 624 624 617 617 633 633 615 615 613 613 612 612 611 611 627 627 632 632 633 633 618 618 619 619 626 626 617 617 614 614 616 616 612 612 613 613 616 616 616 616 614 614 612 612 633 633 617 617 628 628 624 624 611 611 610 610 610 610 623 623 624 624 623 623 609 609 608 608 620 620 608 608 621 621 634 634 637 637 635 635 641 641 637 637 642 642 639 639 640 640 637 637 642 642 637 637 634 634 646 646 637 637 645 645 638 638 639 639 637 637 636 636 637 637 646 646 635 635 637 637 636 636 638 638 637 637 641 641 645 645 637 637 643 643 643 643 637 637 644 644 651 651 650 650 673 673 656 656 654 654 655 655 658 658 657 657 656 656 654 654 656 656 653 653 663 663 662 662 661 661 670 670 647 647 669 669 671 671 647 647 670 670 661 661 662 662 660 660 659 659 660 660 657 657 663 663 664 664 662 662 665 665 664 664 663 663 667 667 664 664 665 665 659 659 657 657 658 658 672 672 649 649 648 648 671 671 648 648 647 647 667 667 669 669 666 666 672 672 648 648 671 671 651 651 652 652 650 650 673 673 650 650 649 649 673 673 649 649 672 672 668 668 669 669 667 667 670 670 669 669 668 668 667 667 666 666 664 664 654 654 652 652 651 651 654 654 653 653 652 652 658 658 656 656 655 655 661 661 660 660 659 659 686 686 682 682 687 687 686 686 685 685 682 682 679 679 682 682 680 680 680 680 682 682 681 681 675 675 682 682 676 676 676 676 682 682 677 677 685 685 684 684 682 682 687 687 682 682 674 674 674 674 682 682 675 675 678 678 682 682 679 679 677 677 682 682 678 678 684 684 683 683 682 682 698 698 704 704 705 705 704 704 707 707 706 706 698 698 705 705 703 703 699 699 703 703 701 701 707 707 708 708 706 706 724 724 722 722 725 725 729 729 727 727 728 728 724 724 700 700 702 702 734 734 732 732 735 735 725 725 719 719 726 726 726 726 719 719 720 720 699 699 698 698 703 703 741 741 743 743 738 738 742 742 743 743 741 741 700 700 701 701 702 702 740 740 738 738 737 737 740 740 737 737 739 739 726 726 720 720 729 729 724 724 723 723 722 722 729 729 720 720 727 727 725 725 721 721 719 719 724 724 702 702 723 723 725 725 722 722 721 721 691 691 690 690 689 689 729 729 728 728 733 733 749 749 736 736 748 748 749 749 735 735 736 736 734 734 731 731 732 732 734 734 735 735 749 749 733 733 731 731 734 734 733 733 730 730 731 731 733 733 728 728 730 730 694 694 688 688 693 693 694 694 692 692 688 688 692 692 689 689 688 688 692 692 691 691 689 689 700 700 699 699 701 701 710 710 713 713 711 711 709 709 718 718 717 717 717 717 718 718 715 715 717 717 715 715 716 716 749 749 748 748 750 750 745 745 746 746 744 744 750 750 746 746 745 745 695 695 693 693 696 696 691 691 739 739 690 690 711 711 713 713 714 714 750 750 747 747 746 746 740 740 739 739 691 691 697 697 695 695 696 696 697 697 696 696 712 712 707 707 709 709 708 708 716 716 711 711 714 714 745 745 744 744 742 742 709 709 717 717 708 708 716 716 715 715 711 711 697 697 712 712 710 710 710 710 712 712 713 713 742 742 744 744 743 743 750 750 748 748 747 747 704 704 706 706 705 705 695 695 694 694 693 693 741 741 738 738 740 740 768 768 769 769 766 766 769 769 767 767 766 766 769 769 770 770 767 767 759 759 756 756 758 758 772 772 771 771 770 770 755 755 752 752 753 753 759 759 757 757 756 756 761 761 762 762 763 763 761 761 760 760 762 762 765 765 761 761 764 764 764 764 761 761 763 763 757 757 755 755 753 753 754 754 768 768 751 751 772 772 773 773 771 771 768 768 766 766 751 751 760 760 759 759 758 758 760 760 758 758 762 762 769 769 772 772 770 770 755 755 754 754 752 752 757 757 753 753 756 756 754 754 751 751 752 752 780 780 783 783 781 781 794 794 792 792 774 774 787 787 794 794 779 779 783 783 784 784 785 785 783 783 785 785 786 786 783 783 777 777 784 784 779 779 794 794 783 783 778 778 783 783 780 780 779 779 783 783 778 778 794 794 776 776 783 783 794 794 775 775 776 776 794 794 774 774 775 775 783 783 776 776 777 777 788 788 794 794 787 787 789 789 794 794 788 788 791 791 794 794 790 790 790 790 794 794 789 789 795 795 794 794 791 791 794 794 793 793 792 792 781 781 783 783 782 782 797 797 796 796 799 799 797 797 799 799 800 800 802 802 801 801 798 798 810 810 809 809 811 811 808 808 797 797 800 800 808 808 800 800 807 807 812 812 810 810 811 811 810 810 808 808 809 809 808 808 807 807 809 809 805 805 804 804 803 803 802 802 805 805 803 803 805 805 806 806 804 804 796 796 802 802 798 798 802 802 803 803 801 801 796 796 798 798 799 799 815 815 817 817 818 818 814 814 818 818 813 813 814 814 815 815 818 818 818 818 817 817 816 816 838 838 826 826 839 839 828 828 824 824 825 825 827 827 826 826 824 824 819 819 825 825 824 824 829 829 822 822 831 831 836 836 834 834 835 835 836 836 833 833 834 834 829 829 825 825 822 822 823 823 826 826 838 838 824 824 823 823 819 819 828 828 829 829 830 830 827 827 824 824 828 828 821 821 820 820 823 823 824 824 826 826 823 823 837 837 836 836 839 839 839 839 836 836 838 838 821 821 823 823 838 838 833 833 836 836 837 837 833 833 837 837 832 832 838 838 836 836 821 821 825 825 829 829 828 828 819 819 823 823 820 820 819 819 822 822 825 825 821 821 836 836 835 835 840 840 844 844 841 841 853 853 852 852 855 855 855 855 852 852 854 854 854 854 857 857 856 856 859 859 857 857 854 854 858 858 854 854 852 852 842 842 843 843 840 840 849 849 848 848 851 851 853 853 850 850 849 849 849 849 846 846 848 848 843 843 848 848 844 844 850 850 846 846 849 849 844 844 848 848 846 846 849 849 858 858 852 852 853 853 849 849 852 852 851 851 858 858 849 849 847 847 844 844 846 846 840 840 843 843 844 844 845 845 844 844 847 847 841 841 844 844 845 845 850 850 847 847 846 846 854 854 856 856 855 855 858 858 859 859 854 854 859 859 860 860 857 857 864 864 861 861 862 862 864 864 862 862 863 863 869 869 865 865 867 867 869 869 867 867 868 868 864 864 863 863 866 866 865 865 864 864 866 866 865 865 866 866 867 867 887 887 880 880 881 881 887 887 879 879 880 880 887 887 881 881 882 882 887 887 873 873 872 872 887 887 883 883 884 884 887 887 874 874 875 875 887 887 878 878 879 879 887 887 882 882 883 883 887 887 885 885 886 886 887 887 876 876 877 877 887 887 875 875 876 876 887 887 884 884 885 885 887 887 877 877 878 878 887 887 871 871 873 873 874 874 887 887 872 872 887 887 870 870 871 871 888 888 889 889 899 899 908 908 910 910 911 911 909 909 918 918 914 914 888 888 899 899 893 893 909 909 914 914 910 910 920 920 921 921 926 926 891 891 895 895 896 896 891 891 890 890 895 895 922 922 925 925 898 898 922 922 923 923 925 925 921 921 898 898 926 926 921 921 922 922 898 898 920 920 926 926 927 927 924 924 896 896 897 897 924 924 891 891 896 896 923 923 897 897 925 925 923 923 924 924 897 897 917 917 916 916 915 915 917 917 919 919 916 916 918 918 915 915 914 914 918 918 917 917 915 915 919 919 927 927 916 916 919 919 920 920 927 927 904 904 913 913 905 905 904 904 906 906 913 913 906 906 912 912 913 913 906 906 907 907 912 912 908 908 909 909 910 910 907 907 911 911 912 912 907 907 908 908 911 911 892 892 893 893 894 894 892 892 888 888 893 893 890 890 894 894 895 895 890 890 892 892 894 894 902 902 901 901 900 900 902 902 903 903 901 901 889 889 900 900 899 899 889 889 902 902 900 900 903 903 905 905 901 901 903 903 904 904 905 905 1015 1015 1022 1022 1021 1021 1030 1030 1028 1028 1034 1034 1026 1026 1028 1028 1030 1030 1020 1020 1024 1024 1025 1025 1023 1023 1024 1024 1020 1020 1019 1019 1025 1025 1026 1026 1020 1020 1025 1025 1019 1019 1026 1026 1027 1027 1028 1028 1025 1025 1027 1027 1026 1026 1025 1025 1029 1029 1027 1027 1024 1024 1029 1029 1025 1025 1021 1021 1020 1020 1018 1018 1016 1016 1021 1021 1018 1018 1015 1015 1021 1021 1016 1016 1031 1031 1034 1034 958 958 1014 1014 1022 1022 1015 1015 1021 1021 1023 1023 1020 1020 1022 1022 1023 1023 1021 1021 1004 1004 1016 1016 1001 1001 945 945 985 985 977 977 945 945 944 944 985 985 938 938 1023 1023 1022 1022 938 938 937 937 1023 1023 939 939 1022 1022 1014 1014 939 939 938 938 1022 1022 943 943 987 987 986 986 943 943 942 942 987 987 944 944 986 986 985 985 991 991 1010 1010 1009 1009 942 942 1010 1010 990 990 1000 1000 1004 1004 999 999 942 942 941 941 1010 1010 941 941 1011 1011 1010 1010 941 941 940 940 1011 1011 942 942 990 990 987 987 1008 1008 1012 1012 1013 1013 1011 1011 1012 1012 1008 1008 940 940 1012 1012 1011 1011 992 992 1007 1007 996 996 1009 1009 1008 1008 1007 1007 992 992 1009 1009 1007 1007 991 991 1009 1009 992 992 944 944 943 943 986 986 990 990 1010 1010 991 991 1009 1009 1011 1011 1008 1008 1010 1010 1011 1011 1009 1009 1003 1003 1032 1032 1002 1002 1030 1030 1034 1034 1033 1033 1035 1035 1034 1034 1031 1031 961 961 1035 1035 1031 1031 931 931 1027 1027 1029 1029 1032 1032 1030 1030 1033 1033 957 957 1027 1027 931 931 932 932 933 933 930 930 958 958 1028 1028 957 957 958 958 1034 1034 1028 1028 976 976 977 977 978 978 1032 1032 1026 1026 1030 1030 936 936 935 935 1029 1029 935 935 931 931 1029 1029 938 938 932 932 937 937 954 954 970 970 959 959 965 965 967 967 966 966 968 968 964 964 929 929 928 928 968 968 929 929 963 963 968 968 928 928 963 963 969 969 968 968 970 970 969 969 963 963 932 932 934 934 933 933 962 962 963 963 928 928 953 953 933 933 952 952 959 959 970 970 963 963 973 973 974 974 972 972 978 978 984 984 979 979 940 940 932 932 939 939 941 941 932 932 940 940 942 942 932 932 941 941 943 943 932 932 942 942 944 944 932 932 943 943 945 945 932 932 944 944 945 945 946 946 932 932 946 946 947 947 932 932 959 959 963 963 962 962 932 932 930 930 931 931 951 951 973 973 972 972 935 935 932 932 931 931 937 937 1024 1024 1023 1023 937 937 936 936 1024 1024 930 930 933 933 953 953 955 955 951 951 954 954 952 952 951 951 955 955 956 956 952 952 955 955 953 953 952 952 956 956 934 934 950 950 933 933 934 934 949 949 950 950 972 972 971 971 970 970 954 954 972 972 970 970 951 951 972 972 954 954 957 957 1028 1028 1027 1027 950 950 973 973 951 951 972 972 974 974 971 971 1019 1019 1026 1026 1032 1032 936 936 1029 1029 1024 1024 930 930 957 957 931 931 953 953 957 957 930 930 953 953 958 958 957 957 947 947 948 948 932 932 948 948 949 949 932 932 949 949 934 934 932 932 952 952 950 950 951 951 933 933 950 950 952 952 969 969 976 976 980 980 969 969 980 980 968 968 965 965 981 981 967 967 979 979 981 981 965 965 1008 1008 1013 1013 1006 1006 981 981 982 982 967 967 970 970 971 971 969 969 975 975 977 977 976 976 946 946 977 977 975 975 946 946 945 945 977 977 980 980 978 978 979 979 976 976 978 978 980 980 968 968 980 980 964 964 971 971 976 976 969 969 939 939 932 932 938 938 949 949 948 948 973 973 948 948 974 974 973 973 948 948 947 947 974 974 971 971 975 975 976 976 974 974 975 975 971 971 947 947 975 975 974 974 947 947 946 946 975 975 1004 1004 1001 1001 999 999 1005 1005 1004 1004 1000 1000 961 961 955 955 960 960 978 978 985 985 984 984 977 977 985 985 978 978 984 984 986 986 983 983 985 985 986 986 984 984 1007 1007 1008 1008 1006 1006 986 986 987 987 983 983 982 982 988 988 989 989 960 960 959 959 962 962 956 956 958 958 953 953 984 984 983 983 981 981 979 979 984 984 981 981 967 967 982 982 994 994 956 956 955 955 961 961 956 956 1031 1031 958 958 961 961 1031 1031 956 956 960 960 954 954 959 959 955 955 954 954 960 960 937 937 932 932 936 936 964 964 979 979 965 965 936 936 932 932 935 935 949 949 973 973 950 950 980 980 979 979 964 964 1001 1001 1018 1018 1003 1003 1018 1018 1020 1020 1019 1019 1001 1001 1003 1003 1002 1002 1003 1003 1019 1019 1032 1032 982 982 989 989 994 994 994 994 993 993 995 995 967 967 994 994 966 966 993 993 996 996 995 995 996 996 998 998 997 997 988 988 991 991 989 989 1016 1016 1018 1018 1001 1001 983 983 987 987 988 988 1006 1006 1013 1013 1017 1017 989 989 992 992 993 993 983 983 988 988 982 982 988 988 990 990 991 991 994 994 989 989 993 993 989 989 991 991 992 992 1017 1017 1016 1016 1004 1004 1005 1005 1017 1017 1004 1004 997 997 1005 1005 1000 1000 1006 1006 1017 1017 1005 1005 987 987 990 990 988 988 981 981 983 983 982 982 998 998 1005 1005 997 997 1018 1018 1019 1019 1003 1003 1013 1013 1014 1014 1015 1015 1012 1012 1014 1014 1013 1013 993 993 992 992 996 996 940 940 1014 1014 1012 1012 940 940 939 939 1014 1014 1017 1017 1015 1015 1016 1016 998 998 1006 1006 1005 1005 996 996 1007 1007 998 998 1013 1013 1015 1015 1017 1017 1007 1007 1006 1006 998 998 1042 1042 1038 1038 1041 1041 1040 1040 1036 1036 1039 1039 1038 1038 1037 1037 1041 1041 1036 1036 1043 1043 1039 1039 1041 1041 1037 1037 1040 1040 1037 1037 1036 1036 1040 1040 1044 1044 1045 1045 1047 1047 1046 1046 1047 1047 1045 1045 1050 1050 1048 1048 1049 1049 1051 1051 1050 1050 1049 1049 1077 1077 1053 1053 1076 1076 1076 1076 1053 1053 1052 1052 1061 1061 1057 1057 1060 1060 1076 1076 1052 1052 1075 1075 1075 1075 1052 1052 1080 1080 1078 1078 1054 1054 1077 1077 1078 1078 1055 1055 1054 1054 1071 1071 1087 1087 1086 1086 1062 1062 1058 1058 1061 1061 1073 1073 1081 1081 1082 1082 1069 1069 1083 1083 1085 1085 1077 1077 1054 1054 1053 1053 1074 1074 1081 1081 1073 1073 1073 1073 1082 1082 1072 1072 1072 1072 1082 1082 1087 1087 1072 1072 1087 1087 1071 1071 1079 1079 1055 1055 1078 1078 1071 1071 1086 1086 1070 1070 1070 1070 1086 1086 1083 1083 1070 1070 1083 1083 1069 1069 1065 1065 1089 1089 1090 1090 1060 1060 1057 1057 1056 1056 1060 1060 1056 1056 1079 1079 1079 1079 1056 1056 1055 1055 1074 1074 1080 1080 1081 1081 1069 1069 1085 1085 1068 1068 1068 1068 1085 1085 1084 1084 1068 1068 1084 1084 1067 1067 1067 1067 1084 1084 1088 1088 1067 1067 1088 1088 1066 1066 1066 1066 1088 1088 1089 1089 1066 1066 1089 1089 1065 1065 1065 1065 1090 1090 1064 1064 1064 1064 1090 1090 1091 1091 1064 1064 1091 1091 1063 1063 1063 1063 1091 1091 1059 1059 1063 1063 1059 1059 1062 1062 1061 1061 1058 1058 1057 1057 1062 1062 1059 1059 1058 1058 1075 1075 1080 1080 1074 1074 1095 1095 1097 1097 1099 1099 1097 1097 1098 1098 1099 1099 1096 1096 1097 1097 1095 1095 1093 1093 1096 1096 1095 1095 1094 1094 1096 1096 1093 1093 1092 1092 1094 1094 1093 1093 1102 1102 1101 1101 1104 1104 1100 1100 1105 1105 1103 1103 1104 1104 1100 1100 1103 1103 1101 1101 1100 1100 1104 1104 1108 1108 1109 1109 1107 1107 1106 1106 1108 1108 1107 1107 1124 1124 1120 1120 1119 1119 1124 1124 1113 1113 1112 1112 1124 1124 1118 1118 1117 1117 1124 1124 1114 1114 1115 1115 1124 1124 1110 1110 1111 1111 1124 1124 1116 1116 1113 1113 1124 1124 1117 1117 1116 1116 1124 1124 1115 1115 1110 1110 1124 1124 1119 1119 1118 1118 1124 1124 1127 1127 1126 1126 1124 1124 1121 1121 1120 1120 1124 1124 1122 1122 1121 1121 1122 1122 1124 1124 1123 1123 1124 1124 1112 1112 1114 1114 1124 1124 1128 1128 1127 1127 1124 1124 1129 1129 1128 1128 1124 1124 1111 1111 1129 1129 1124 1124 1126 1126 1125 1125 1138 1138 1155 1155 1156 1156 1138 1138 1154 1154 1155 1155 1153 1153 1158 1158 1157 1157 1149 1149 1161 1161 1160 1160 1135 1135 1132 1132 1131 1131 1153 1153 1152 1152 1158 1158 1154 1154 1153 1153 1157 1157 1151 1151 1150 1150 1159 1159 1140 1140 1166 1166 1165 1165 1140 1140 1139 1139 1166 1166 1148 1148 1162 1162 1161 1161 1148 1148 1147 1147 1162 1162 1150 1150 1149 1149 1160 1160 1152 1152 1151 1151 1171 1171 1150 1150 1160 1160 1159 1159 1149 1149 1148 1148 1161 1161 1143 1143 1167 1167 1168 1168 1143 1143 1142 1142 1167 1167 1144 1144 1168 1168 1169 1169 1144 1144 1143 1143 1168 1168 1151 1151 1159 1159 1171 1171 1152 1152 1171 1171 1158 1158 1139 1139 1135 1135 1134 1134 1147 1147 1163 1163 1162 1162 1137 1137 1156 1156 1136 1136 1137 1137 1138 1138 1156 1156 1141 1141 1140 1140 1165 1165 1142 1142 1164 1164 1167 1167 1142 1142 1141 1141 1164 1164 1133 1133 1137 1137 1136 1136 1133 1133 1136 1136 1130 1130 1145 1145 1169 1169 1170 1170 1145 1145 1144 1144 1169 1169 1146 1146 1170 1170 1163 1163 1146 1146 1145 1145 1170 1170 1141 1141 1165 1165 1164 1164 1147 1147 1146 1146 1163 1163 1139 1139 1134 1134 1166 1166 1135 1135 1131 1131 1134 1134 1132 1132 1130 1130 1131 1131 1154 1154 1157 1157 1155 1155 1132 1132 1133 1133 1130 1130 1178 1178 1175 1175 1174 1174 1218 1218 1216 1216 1219 1219 1177 1177 1178 1178 1174 1174 1177 1177 1174 1174 1176 1176 1230 1230 1194 1194 1195 1195 1185 1185 1218 1218 1182 1182 1215 1215 1211 1211 1213 1213 1215 1215 1213 1213 1214 1214 1211 1211 1210 1210 1212 1212 1211 1211 1212 1212 1213 1213 1230 1230 1231 1231 1194 1194 1194 1194 1192 1192 1196 1196 1217 1217 1214 1214 1216 1216 1217 1217 1215 1215 1214 1214 1223 1223 1210 1210 1211 1211 1220 1220 1221 1221 1217 1217 1185 1185 1220 1220 1218 1218 1222 1222 1211 1211 1215 1215 1221 1221 1222 1222 1215 1215 1220 1220 1217 1217 1218 1218 1222 1222 1223 1223 1211 1211 1221 1221 1215 1215 1217 1217 1203 1203 1204 1204 1205 1205 1202 1202 1201 1201 1200 1200 1202 1202 1200 1200 1204 1204 1227 1227 1228 1228 1202 1202 1231 1231 1232 1232 1193 1193 1228 1228 1201 1201 1202 1202 1228 1228 1229 1229 1199 1199 1228 1228 1199 1199 1201 1201 1229 1229 1230 1230 1195 1195 1229 1229 1195 1195 1199 1199 1201 1201 1199 1199 1198 1198 1201 1201 1198 1198 1200 1200 1179 1179 1181 1181 1180 1180 1184 1184 1182 1182 1181 1181 1181 1181 1182 1182 1183 1183 1181 1181 1183 1183 1180 1180 1209 1209 1206 1206 1208 1208 1182 1182 1218 1218 1219 1219 1218 1218 1217 1217 1216 1216 1182 1182 1219 1219 1183 1183 1179 1179 1180 1180 1175 1175 1224 1224 1209 1209 1210 1210 1224 1224 1225 1225 1209 1209 1227 1227 1202 1202 1203 1203 1199 1199 1195 1195 1197 1197 1207 1207 1203 1203 1205 1205 1207 1207 1205 1205 1206 1206 1209 1209 1207 1207 1206 1206 1225 1225 1226 1226 1207 1207 1226 1226 1203 1203 1207 1207 1226 1226 1227 1227 1203 1203 1225 1225 1207 1207 1209 1209 1195 1195 1194 1194 1196 1196 1195 1195 1196 1196 1197 1197 1194 1194 1193 1193 1192 1192 1203 1203 1202 1202 1204 1204 1210 1210 1209 1209 1208 1208 1199 1199 1197 1197 1198 1198 1223 1223 1224 1224 1210 1210 1210 1210 1208 1208 1212 1212 1178 1178 1179 1179 1175 1175 1187 1187 1179 1179 1178 1178 1187 1187 1186 1186 1179 1179 1173 1173 1177 1177 1188 1188 1173 1173 1172 1172 1177 1177 1186 1186 1181 1181 1179 1179 1186 1186 1184 1184 1181 1181 1172 1172 1178 1178 1177 1177 1191 1191 1189 1189 1190 1190 1188 1188 1177 1177 1176 1176 1188 1188 1176 1176 1189 1189 1184 1184 1185 1185 1182 1182 1233 1233 1173 1173 1188 1188 1193 1193 1190 1190 1192 1192 1193 1193 1191 1191 1190 1190 1233 1233 1188 1188 1191 1191 1231 1231 1193 1193 1194 1194 1232 1232 1233 1233 1191 1191 1232 1232 1191 1191 1193 1193 1191 1191 1188 1188 1189 1189 1172 1172 1187 1187 1178 1178 1256 1256 1254 1254 1255 1255 1256 1256 1258 1258 1261 1261 1251 1251 1259 1259 1260 1260 1251 1251 1256 1256 1259 1259 1258 1258 1255 1255 1257 1257 1248 1248 1294 1294 1252 1252 1248 1248 1249 1249 1250 1250 1256 1256 1255 1255 1258 1258 1249 1249 1253 1253 1251 1251 1244 1244 1243 1243 1293 1293 1251 1251 1254 1254 1256 1256 1251 1251 1253 1253 1254 1254 1249 1249 1252 1252 1253 1253 1248 1248 1252 1252 1249 1249 1248 1248 1250 1250 1246 1246 1256 1256 1261 1261 1259 1259 1245 1245 1294 1294 1248 1248 1289 1289 1234 1234 1237 1237 1291 1291 1287 1287 1286 1286 1283 1283 1286 1286 1285 1285 1289 1289 1290 1290 1288 1288 1289 1289 1288 1288 1287 1287 1290 1290 1292 1292 1244 1244 1291 1291 1289 1289 1287 1287 1238 1238 1292 1292 1239 1239 1283 1283 1235 1235 1291 1291 1292 1292 1237 1237 1239 1239 1291 1291 1235 1235 1234 1234 1290 1290 1237 1237 1292 1292 1290 1290 1244 1244 1293 1293 1290 1290 1293 1293 1288 1288 1283 1283 1291 1291 1286 1286 1258 1258 1264 1264 1262 1262 1265 1265 1266 1266 1263 1263 1291 1291 1234 1234 1289 1289 1258 1258 1262 1262 1261 1261 1265 1265 1267 1267 1266 1266 1274 1274 1284 1284 1272 1272 1289 1289 1237 1237 1290 1290 1264 1264 1257 1257 1281 1281 1282 1282 1283 1283 1285 1285 1282 1282 1285 1285 1284 1284 1274 1274 1282 1282 1284 1284 1249 1249 1251 1251 1260 1260 1249 1249 1260 1260 1250 1250 1244 1244 1292 1292 1238 1238 1268 1268 1281 1281 1280 1280 1270 1270 1272 1272 1271 1271 1245 1245 1248 1248 1246 1246 1243 1243 1247 1247 1293 1293 1247 1247 1245 1245 1246 1246 1242 1242 1245 1245 1247 1247 1274 1274 1277 1277 1282 1282 1282 1282 1277 1277 1236 1236 1258 1258 1257 1257 1264 1264 1264 1264 1263 1263 1262 1262 1282 1282 1236 1236 1283 1283 1283 1283 1236 1236 1235 1235 1264 1264 1265 1265 1263 1263 1279 1279 1268 1268 1280 1280 1273 1273 1275 1275 1276 1276 1270 1270 1275 1275 1273 1273 1274 1274 1276 1276 1277 1277 1273 1273 1276 1276 1274 1274 1273 1273 1274 1274 1272 1272 1269 1269 1279 1279 1278 1278 1267 1267 1279 1279 1269 1269 1267 1267 1269 1269 1266 1266 1269 1269 1271 1271 1266 1266 1270 1270 1278 1278 1275 1275 1270 1270 1273 1273 1272 1272 1265 1265 1281 1281 1268 1268 1243 1243 1240 1240 1242 1242 1242 1242 1240 1240 1241 1241 1269 1269 1270 1270 1271 1271 1264 1264 1281 1281 1265 1265 1267 1267 1268 1268 1279 1279 1265 1265 1268 1268 1267 1267 1243 1243 1238 1238 1240 1240 1244 1244 1238 1238 1243 1243 1245 1245 1241 1241 1294 1294 1242 1242 1241 1241 1245 1245 1243 1243 1242 1242 1247 1247 1269 1269 1278 1278 1270 1270 1300 1300 1305 1305 1304 1304 1295 1295 1332 1332 1331 1331 1317 1317 1320 1320 1321 1321 1317 1317 1321 1321 1318 1318 1320 1320 1322 1322 1321 1321 1325 1325 1326 1326 1328 1328 1326 1326 1329 1329 1327 1327 1307 1307 1312 1312 1306 1306 1298 1298 1303 1303 1301 1301 1299 1299 1298 1298 1301 1301 1298 1298 1300 1300 1303 1303 1320 1320 1323 1323 1322 1322 1308 1308 1311 1311 1312 1312 1308 1308 1309 1309 1310 1310 1308 1308 1310 1310 1311 1311 1299 1299 1301 1301 1302 1302 1309 1309 1314 1314 1313 1313 1309 1309 1313 1313 1310 1310 1314 1314 1315 1315 1313 1313 1305 1305 1306 1306 1304 1304 1296 1296 1330 1330 1329 1329 1305 1305 1307 1307 1306 1306 1314 1314 1319 1319 1315 1315 1314 1314 1316 1316 1319 1319 1316 1316 1317 1317 1318 1318 1316 1316 1318 1318 1319 1319 1323 1323 1325 1325 1324 1324 1323 1323 1324 1324 1322 1322 1326 1326 1327 1327 1328 1328 1300 1300 1304 1304 1303 1303 1307 1307 1308 1308 1312 1312 1297 1297 1299 1299 1302 1302 1295 1295 1297 1297 1332 1332 1297 1297 1302 1302 1332 1332 1295 1295 1331 1331 1330 1330 1325 1325 1328 1328 1324 1324 1326 1326 1296 1296 1329 1329 1296 1296 1295 1295 1330 1330 1333 1333 1356 1356 1334 1334 1361 1361 1339 1339 1338 1338 1361 1361 1360 1360 1339 1339 1360 1360 1340 1340 1339 1339 1355 1355 1351 1351 1352 1352 1355 1355 1372 1372 1351 1351 1362 1362 1361 1361 1338 1338 1362 1362 1338 1338 1341 1341 1368 1368 1367 1367 1346 1346 1367 1367 1366 1366 1346 1346 1357 1357 1333 1333 1335 1335 1370 1370 1369 1369 1349 1349 1349 1349 1368 1368 1347 1347 1369 1369 1368 1368 1349 1349 1359 1359 1358 1358 1337 1337 1372 1372 1350 1350 1351 1351 1371 1371 1370 1370 1348 1348 1371 1371 1348 1348 1350 1350 1364 1364 1363 1363 1344 1344 1344 1344 1363 1363 1342 1342 1354 1354 1352 1352 1353 1353 1354 1354 1355 1355 1352 1352 1370 1370 1349 1349 1348 1348 1372 1372 1371 1371 1350 1350 1365 1365 1364 1364 1344 1344 1366 1366 1365 1365 1343 1343 1357 1357 1356 1356 1333 1333 1357 1357 1335 1335 1336 1336 1356 1356 1354 1354 1353 1353 1356 1356 1353 1353 1334 1334 1365 1365 1344 1344 1343 1343 1366 1366 1343 1343 1345 1345 1346 1346 1366 1366 1345 1345 1359 1359 1337 1337 1340 1340 1358 1358 1357 1357 1336 1336 1360 1360 1359 1359 1340 1340 1358 1358 1336 1336 1337 1337 1368 1368 1346 1346 1347 1347 1363 1363 1362 1362 1341 1341 1363 1363 1341 1341 1342 1342 1375 1375 1377 1377 1378 1378 1375 1375 1376 1376 1377 1377 1375 1375 1374 1374 1373 1373 1375 1375 1391 1391 1374 1374 1375 1375 1382 1382 1383 1383 1375 1375 1378 1378 1379 1379 1375 1375 1385 1385 1386 1386 1375 1375 1384 1384 1385 1385 1375 1375 1387 1387 1388 1388 1375 1375 1386 1386 1387 1387 1375 1375 1381 1381 1382 1382 1375 1375 1380 1380 1381 1381 1375 1375 1383 1383 1384 1384 1375 1375 1390 1390 1391 1391 1375 1375 1389 1389 1390 1390 1375 1375 1388 1388 1389 1389 1375 1375 1379 1379 1380 1380 1445 1445 1415 1415 1417 1417 1415 1415 1398 1398 1417 1417 1417 1417 1398 1398 1400 1400 1408 1408 1440 1440 1409 1409 1409 1409 1410 1410 1446 1446 1409 1409 1446 1446 1447 1447 1408 1408 1409 1409 1447 1447 1410 1410 1411 1411 1441 1441 1441 1441 1411 1411 1438 1438 1446 1446 1412 1412 1413 1413 1446 1446 1410 1410 1412 1412 1446 1446 1413 1413 1445 1445 1415 1415 1413 1413 1414 1414 1414 1414 1413 1413 1416 1416 1409 1409 1411 1411 1410 1410 1431 1431 1430 1430 1432 1432 1416 1416 1419 1419 1418 1418 1432 1432 1419 1419 1416 1416 1432 1432 1434 1434 1431 1431 1452 1452 1400 1400 1398 1398 1452 1452 1401 1401 1400 1400 1402 1402 1443 1443 1401 1401 1452 1452 1402 1402 1401 1401 1402 1402 1448 1448 1443 1443 1449 1449 1403 1403 1402 1402 1403 1403 1448 1448 1402 1402 1406 1406 1448 1448 1403 1403 1405 1405 1403 1403 1392 1392 1406 1406 1403 1403 1405 1405 1407 1407 1392 1392 1404 1404 1405 1405 1392 1392 1407 1407 1407 1407 1408 1408 1405 1405 1440 1440 1408 1408 1407 1407 1405 1405 1408 1408 1406 1406 1415 1415 1399 1399 1398 1398 1421 1421 1427 1427 1420 1420 1427 1427 1397 1397 1420 1420 1421 1421 1423 1423 1427 1427 1423 1423 1426 1426 1427 1427 1422 1422 1421 1421 1429 1429 1421 1421 1428 1428 1429 1429 1421 1421 1430 1430 1428 1428 1428 1428 1442 1442 1429 1429 1421 1421 1419 1419 1430 1430 1431 1431 1428 1428 1430 1430 1442 1442 1428 1428 1431 1431 1432 1432 1430 1430 1419 1419 1450 1450 1404 1404 1449 1449 1449 1449 1458 1458 1450 1450 1451 1451 1459 1459 1449 1449 1453 1453 1459 1459 1451 1451 1414 1414 1399 1399 1415 1415 1414 1414 1418 1418 1399 1399 1416 1416 1418 1418 1414 1414 1420 1420 1399 1399 1418 1418 1397 1397 1399 1399 1420 1420 1420 1420 1418 1418 1419 1419 1421 1421 1420 1420 1419 1419 1422 1422 1423 1423 1421 1421 1422 1422 1424 1424 1423 1423 1424 1424 1426 1426 1423 1423 1424 1424 1425 1425 1426 1426 1426 1426 1425 1425 1393 1393 1426 1426 1393 1393 1394 1394 1426 1426 1394 1394 1395 1395 1427 1427 1395 1395 1397 1397 1427 1427 1426 1426 1395 1395 1412 1412 1441 1441 1434 1434 1434 1434 1441 1441 1436 1436 1441 1441 1438 1438 1437 1437 1439 1439 1411 1411 1409 1409 1436 1436 1435 1435 1433 1433 1436 1436 1437 1437 1435 1435 1439 1439 1438 1438 1411 1411 1440 1440 1439 1439 1409 1409 1413 1413 1432 1432 1416 1416 1434 1434 1433 1433 1431 1431 1433 1433 1435 1435 1442 1442 1434 1434 1436 1436 1433 1433 1436 1436 1441 1441 1437 1437 1413 1413 1434 1434 1432 1432 1412 1412 1434 1434 1413 1413 1412 1412 1410 1410 1441 1441 1394 1394 1393 1393 1456 1456 1454 1454 1456 1456 1457 1457 1455 1455 1454 1454 1457 1457 1453 1453 1455 1455 1459 1459 1454 1454 1394 1394 1456 1456 1459 1459 1457 1457 1458 1458 1455 1455 1457 1457 1459 1459 1459 1459 1458 1458 1449 1449 1452 1452 1453 1453 1451 1451 1397 1397 1398 1398 1399 1399 1397 1397 1396 1396 1452 1452 1395 1395 1396 1396 1397 1397 1396 1396 1455 1455 1453 1453 1396 1396 1453 1453 1452 1452 1396 1396 1454 1454 1455 1455 1408 1408 1447 1447 1406 1406 1431 1431 1433 1433 1442 1442 1444 1444 1400 1400 1401 1401 1417 1417 1400 1400 1444 1444 1444 1444 1401 1401 1443 1443 1447 1447 1444 1444 1443 1443 1444 1444 1445 1445 1417 1417 1446 1446 1445 1445 1444 1444 1445 1445 1413 1413 1415 1415 1447 1447 1446 1446 1444 1444 1406 1406 1447 1447 1448 1448 1448 1448 1447 1447 1443 1443 1449 1449 1404 1404 1392 1392 1452 1452 1398 1398 1397 1397 1395 1395 1454 1454 1396 1396 1451 1451 1402 1402 1452 1452 1395 1395 1394 1394 1454 1454 1449 1449 1402 1402 1451 1451 1449 1449 1392 1392 1403 1403 1461 1461 1468 1468 1469 1469 1461 1461 1478 1478 1477 1477 1461 1461 1460 1460 1473 1473 1461 1461 1473 1473 1472 1472 1461 1461 1471 1471 1462 1462 1461 1461 1476 1476 1475 1475 1461 1461 1469 1469 1470 1470 1461 1461 1470 1470 1479 1479 1461 1461 1479 1479 1478 1478 1461 1461 1477 1477 1476 1476 1461 1461 1465 1465 1466 1466 1461 1461 1467 1467 1468 1468 1461 1461 1463 1463 1464 1464 1461 1461 1464 1464 1465 1465 1461 1461 1472 1472 1471 1471 1461 1461 1466 1466 1467 1467 1461 1461 1475 1475 1474 1474 1461 1461 1474 1474 1460 1460 1490 1490 1514 1514 1488 1488 1490 1490 1491 1491 1514 1514 1489 1489 1488 1488 1487 1487 1489 1489 1490 1490 1488 1488 1481 1481 1482 1482 1484 1484 1483 1483 1484 1484 1485 1485 1483 1483 1481 1481 1484 1484 1484 1484 1482 1482 1486 1486 1538 1538 1539 1539 1505 1505 1538 1538 1505 1505 1506 1506 1507 1507 1506 1506 1520 1520 1507 1507 1520 1520 1519 1519 1506 1506 1505 1505 1520 1520 1539 1539 1540 1540 1502 1502 1539 1539 1502 1502 1505 1505 1540 1540 1541 1541 1503 1503 1540 1540 1503 1503 1502 1502 1541 1541 1501 1501 1504 1504 1541 1541 1504 1504 1503 1503 1501 1501 1500 1500 1526 1526 1492 1492 1490 1490 1489 1489 1495 1495 1482 1482 1481 1481 1492 1492 1491 1491 1490 1490 1492 1492 1493 1493 1491 1491 1482 1482 1487 1487 1486 1486 1482 1482 1489 1489 1487 1487 1503 1503 1524 1524 1523 1523 1502 1502 1503 1503 1523 1523 1505 1505 1522 1522 1521 1521 1520 1520 1505 1505 1521 1521 1502 1502 1523 1523 1522 1522 1505 1505 1502 1502 1522 1522 1536 1536 1537 1537 1507 1507 1536 1536 1507 1507 1508 1508 1537 1537 1538 1538 1506 1506 1537 1537 1506 1506 1507 1507 1491 1491 1513 1513 1514 1514 1491 1491 1512 1512 1513 1513 1515 1515 1510 1510 1516 1516 1510 1510 1517 1517 1516 1516 1529 1529 1485 1485 1532 1532 1528 1528 1529 1529 1532 1532 1528 1528 1532 1532 1531 1531 1527 1527 1531 1531 1530 1530 1525 1525 1527 1527 1530 1530 1499 1499 1498 1498 1528 1528 1499 1499 1528 1528 1527 1527 1527 1527 1528 1528 1531 1531 1500 1500 1499 1499 1527 1527 1500 1500 1527 1527 1526 1526 1501 1501 1526 1526 1504 1504 1494 1494 1492 1492 1489 1489 1498 1498 1529 1529 1528 1528 1497 1497 1496 1496 1483 1483 1497 1497 1483 1483 1529 1529 1498 1498 1497 1497 1529 1529 1526 1526 1527 1527 1525 1525 1504 1504 1526 1526 1525 1525 1504 1504 1525 1525 1524 1524 1495 1495 1494 1494 1482 1482 1503 1503 1504 1504 1524 1524 1496 1496 1481 1481 1483 1483 1496 1496 1495 1495 1481 1481 1494 1494 1489 1489 1482 1482 1517 1517 1508 1508 1518 1518 1508 1508 1519 1519 1518 1518 1535 1535 1480 1480 1509 1509 1510 1510 1509 1509 1517 1517 1509 1509 1508 1508 1517 1517 1535 1535 1509 1509 1510 1510 1511 1511 1510 1510 1515 1515 1529 1529 1483 1483 1485 1485 1534 1534 1510 1510 1511 1511 1534 1534 1535 1535 1510 1510 1533 1533 1511 1511 1512 1512 1533 1533 1534 1534 1511 1511 1493 1493 1512 1512 1491 1491 1493 1493 1533 1533 1512 1512 1512 1512 1515 1515 1513 1513 1512 1512 1511 1511 1515 1515 1480 1480 1508 1508 1509 1509 1480 1480 1536 1536 1508 1508 1508 1508 1507 1507 1519 1519 1553 1553 1568 1568 1569 1569 1559 1559 1574 1574 1551 1551 1559 1559 1573 1573 1574 1574 1551 1551 1562 1562 1550 1550 1555 1555 1572 1572 1573 1573 1552 1552 1568 1568 1553 1553 1552 1552 1567 1567 1568 1568 1553 1553 1569 1569 1561 1561 1551 1551 1574 1574 1562 1562 1561 1561 1570 1570 1554 1554 1561 1561 1569 1569 1570 1570 1554 1554 1570 1570 1571 1571 1554 1554 1572 1572 1555 1555 1554 1554 1571 1571 1572 1572 1555 1555 1573 1573 1559 1559 1557 1557 1565 1565 1556 1556 1558 1558 1564 1564 1563 1563 1556 1556 1564 1564 1558 1558 1556 1556 1565 1565 1564 1564 1550 1550 1562 1562 1548 1548 1552 1552 1566 1566 1567 1567 1550 1550 1548 1548 1547 1547 1560 1560 1563 1563 1566 1566 1560 1560 1566 1566 1552 1552 1558 1558 1563 1563 1560 1560 1547 1547 1548 1548 1546 1546 1545 1545 1543 1543 1549 1549 1545 1545 1546 1546 1544 1544 1549 1549 1576 1576 1557 1557 1549 1549 1542 1542 1576 1576 1557 1557 1576 1576 1575 1575 1557 1557 1575 1575 1565 1565 1545 1545 1544 1544 1543 1543 1549 1549 1543 1543 1542 1542 1547 1547 1546 1546 1545 1545 1587 1587 1584 1584 1585 1585 1587 1587 1577 1577 1579 1579 1587 1587 1582 1582 1583 1583 1587 1587 1580 1580 1578 1578 1587 1587 1581 1581 1580 1580 1587 1587 1583 1583 1591 1591 1587 1587 1588 1588 1590 1590 1587 1587 1578 1578 1577 1577 1587 1587 1591 1591 1584 1584 1587 1587 1590 1590 1582 1582 1587 1587 1589 1589 1581 1581 1587 1587 1585 1585 1589 1589 1587 1587 1586 1586 1588 1588 1600 1600 1612 1612 1613 1613 1610 1610 1611 1611 1602 1602 1610 1610 1627 1627 1611 1611 1602 1602 1611 1611 1612 1612 1605 1605 1626 1626 1597 1597 1605 1605 1625 1625 1626 1626 1601 1601 1614 1614 1608 1608 1604 1604 1615 1615 1616 1616 1600 1600 1613 1613 1601 1601 1608 1608 1614 1614 1615 1615 1601 1601 1613 1613 1614 1614 1593 1593 1627 1627 1610 1610 1608 1608 1615 1615 1604 1604 1597 1597 1596 1596 1594 1594 1597 1597 1626 1626 1595 1595 1593 1593 1592 1592 1627 1627 1603 1603 1617 1617 1618 1618 1607 1607 1619 1619 1599 1599 1603 1603 1618 1618 1607 1607 1607 1607 1618 1618 1619 1619 1604 1604 1616 1616 1603 1603 1598 1598 1620 1620 1621 1621 1598 1598 1621 1621 1622 1622 1599 1599 1620 1620 1598 1598 1606 1606 1624 1624 1605 1605 1594 1594 1596 1596 1592 1592 1594 1594 1592 1592 1593 1593 1609 1609 1622 1622 1623 1623 1605 1605 1624 1624 1625 1625 1598 1598 1622 1622 1609 1609 1606 1606 1623 1623 1624 1624 1609 1609 1623 1623 1606 1606 1597 1597 1595 1595 1596 1596 1602 1602 1612 1612 1600 1600 1603 1603 1616 1616 1617 1617 1599 1599 1619 1619 1620 1620 1631 1631 1642 1642 1639 1639 1631 1631 1640 1640 1632 1632 1631 1631 1634 1634 1641 1641 1631 1631 1643 1643 1635 1635 1631 1631 1630 1630 1629 1629 1631 1631 1636 1636 1640 1640 1631 1631 1637 1637 1636 1636 1631 1631 1639 1639 1638 1638 1631 1631 1635 1635 1633 1633 1631 1631 1633 1633 1634 1634 1631 1631 1641 1641 1637 1637 1631 1631 1629 1629 1628 1628 1631 1631 1628 1628 1643 1643 1631 1631 1638 1638 1630 1630 1654 1654 1669 1669 1652 1652 1657 1657 1660 1660 1653 1653 1653 1653 1661 1661 1662 1662 1658 1658 1662 1662 1663 1663 1653 1653 1662 1662 1658 1658 1650 1650 1666 1666 1649 1649 1647 1647 1646 1646 1644 1644 1653 1653 1660 1660 1661 1661 1657 1657 1659 1659 1660 1660 1655 1655 1671 1671 1654 1654 1647 1647 1644 1644 1645 1645 1650 1650 1649 1649 1648 1648 1647 1647 1648 1648 1646 1646 1650 1650 1648 1648 1647 1647 1652 1652 1668 1668 1667 1667 1652 1652 1669 1669 1668 1668 1651 1651 1659 1659 1657 1657 1652 1652 1667 1667 1651 1651 1651 1651 1667 1667 1659 1659 1655 1655 1673 1673 1672 1672 1645 1645 1644 1644 1673 1673 1645 1645 1673 1673 1655 1655 1654 1654 1670 1670 1669 1669 1655 1655 1672 1672 1671 1671 1654 1654 1671 1671 1670 1670 1656 1656 1666 1666 1650 1650 1658 1658 1663 1663 1664 1664 1656 1656 1665 1665 1666 1666 1658 1658 1664 1664 1656 1656 1656 1656 1664 1664 1665 1665 1681 1681 1682 1682 1676 1676 1681 1681 1679 1679 1684 1684 1681 1681 1680 1680 1678 1678 1681 1681 1683 1683 1679 1679 1681 1681 1684 1684 1682 1682 1681 1681 1676 1676 1675 1675 1681 1681 1677 1677 1683 1683 1681 1681 1675 1675 1674 1674 1681 1681 1678 1678 1677 1677 1690 1690 1695 1695 1687 1687 1690 1690 1693 1693 1694 1694 1690 1690 1694 1694 1695 1695 1690 1690 1692 1692 1693 1693 1690 1690 1687 1687 1685 1685 1690 1690 1688 1688 1689 1689 1690 1690 1691 1691 1692 1692 1690 1690 1686 1686 1688 1688 1690 1690 1685 1685 1686 1686 1720 1720 1717 1717 1719 1719 1718 1718 1717 1717 1720 1720 1720 1720 1719 1719 1721 1721 1715 1715 1716 1716 1718 1718 1712 1712 1713 1713 1715 1715 1726 1726 1698 1698 1700 1700 1700 1700 1699 1699 1701 1701 1696 1696 1701 1701 1702 1702 1700 1700 1701 1701 1696 1696 1700 1700 1698 1698 1699 1699 1718 1718 1716 1716 1717 1717 1723 1723 1724 1724 1726 1726 1726 1726 1724 1724 1725 1725 1723 1723 1722 1722 1724 1724 1697 1697 1704 1704 1706 1706 1706 1706 1704 1704 1705 1705 1697 1697 1703 1703 1704 1704 1696 1696 1702 1702 1697 1697 1706 1706 1705 1705 1707 1707 1709 1709 1707 1707 1708 1708 1706 1706 1707 1707 1709 1709 1709 1709 1708 1708 1710 1710 1715 1715 1713 1713 1714 1714 1712 1712 1711 1711 1713 1713 1709 1709 1710 1710 1712 1712 1712 1712 1710 1710 1711 1711 1723 1723 1721 1721 1722 1722 1726 1726 1725 1725 1698 1698 1720 1720 1721 1721 1723 1723 1715 1715 1714 1714 1716 1716 1697 1697 1702 1702 1703 1703 1740 1740 1732 1732 1733 1733 1740 1740 1730 1730 1732 1732 1740 1740 1733 1733 1734 1734 1740 1740 1750 1750 1749 1749 1740 1740 1751 1751 1750 1750 1740 1740 1735 1735 1751 1751 1729 1729 1730 1730 1731 1731 1740 1740 1749 1749 1748 1748 1738 1738 1739 1739 1740 1740 1740 1740 1727 1727 1728 1728 1740 1740 1734 1734 1735 1735 1737 1737 1740 1740 1741 1741 1736 1736 1737 1737 1741 1741 1737 1737 1738 1738 1740 1740 1740 1740 1744 1744 1743 1743 1740 1740 1748 1748 1747 1747 1727 1727 1736 1736 1728 1728 1740 1740 1743 1743 1742 1742 1740 1740 1742 1742 1727 1727 1740 1740 1731 1731 1730 1730 1740 1740 1745 1745 1744 1744 1740 1740 1746 1746 1745 1745 1740 1740 1747 1747 1746 1746 1736 1736 1741 1741 1728 1728 1739 1739 1729 1729 1731 1731 1731 1731 1740 1740 1739 1739 1740 1740 1728 1728 1741 1741 1756 1756 1754 1754 1755 1755 1757 1757 1758 1758 1753 1753 1757 1757 1753 1753 1754 1754 1793 1793 1752 1752 1792 1792 1774 1774 1776 1776 1816 1816 1816 1816 1756 1756 1755 1755 1761 1761 1764 1764 1802 1802 1769 1769 1768 1768 1760 1760 1770 1770 1769 1769 1762 1762 1770 1770 1762 1762 1757 1757 1773 1773 1818 1818 1774 1774 1773 1773 1774 1774 1775 1775 1818 1818 1819 1819 1776 1776 1818 1818 1776 1776 1774 1774 1819 1819 1771 1771 1772 1772 1819 1819 1772 1772 1776 1776 1767 1767 1766 1766 1765 1765 1771 1771 1757 1757 1772 1772 1771 1771 1770 1770 1757 1757 1769 1769 1760 1760 1762 1762 1768 1768 1763 1763 1760 1760 1767 1767 1765 1765 1763 1763 1756 1756 1757 1757 1754 1754 1768 1768 1767 1767 1763 1763 1758 1758 1760 1760 1759 1759 1763 1763 1764 1764 1761 1761 1760 1760 1763 1763 1761 1761 1760 1760 1761 1761 1759 1759 1758 1758 1759 1759 1753 1753 1797 1797 1794 1794 1795 1795 1798 1798 1795 1795 1796 1796 1797 1797 1793 1793 1794 1794 1793 1793 1792 1792 1794 1794 1775 1775 1774 1774 1815 1815 1782 1782 1779 1779 1780 1780 1813 1813 1775 1775 1814 1814 1774 1774 1816 1816 1815 1815 1752 1752 1791 1791 1789 1789 1752 1752 1789 1789 1792 1792 1766 1766 1800 1800 1799 1799 1764 1764 1801 1801 1802 1802 1764 1764 1799 1799 1801 1801 1799 1799 1803 1803 1801 1801 1817 1817 1780 1780 1783 1783 1790 1790 1785 1785 1784 1784 1790 1790 1784 1784 1787 1787 1798 1798 1797 1797 1795 1795 1786 1786 1783 1783 1810 1810 1785 1785 1783 1783 1784 1784 1817 1817 1782 1782 1780 1780 1785 1785 1817 1817 1783 1783 1787 1787 1786 1786 1809 1809 1779 1779 1813 1813 1812 1812 1786 1786 1810 1810 1809 1809 1811 1811 1779 1779 1812 1812 1795 1795 1805 1805 1804 1804 1792 1792 1788 1788 1807 1807 1788 1788 1808 1808 1807 1807 1788 1788 1787 1787 1808 1808 1787 1787 1809 1809 1808 1808 1776 1776 1756 1756 1816 1816 1796 1796 1795 1795 1804 1804 1796 1796 1804 1804 1803 1803 1799 1799 1796 1796 1803 1803 1795 1795 1794 1794 1805 1805 1794 1794 1806 1806 1805 1805 1794 1794 1792 1792 1806 1806 1791 1791 1787 1787 1789 1789 1791 1791 1790 1790 1787 1787 1782 1782 1781 1781 1779 1779 1781 1781 1777 1777 1778 1778 1775 1775 1815 1815 1814 1814 1781 1781 1778 1778 1779 1779 1780 1780 1779 1779 1811 1811 1778 1778 1775 1775 1813 1813 1779 1779 1778 1778 1813 1813 1800 1800 1796 1796 1799 1799 1800 1800 1798 1798 1796 1796 1766 1766 1799 1799 1765 1765 1792 1792 1807 1807 1806 1806 1777 1777 1773 1773 1775 1775 1777 1777 1775 1775 1778 1778 1783 1783 1780 1780 1811 1811 1783 1783 1811 1811 1810 1810 1820 1820 1823 1823 1821 1821 1823 1823 1822 1822 1821 1821 1824 1824 1826 1826 1825 1825 1826 1826 1827 1827 1825 1825 1829 1829 1834 1834 1835 1835 1829 1829 1830 1830 1834 1834 1828 1828 1835 1835 1836 1836 1830 1830 1833 1833 1834 1834 1830 1830 1831 1831 1833 1833 1837 1837 1828 1828 1836 1836 1831 1831 1832 1832 1833 1833 1828 1828 1829 1829 1835 1835 1841 1841 1839 1839 1840 1840 1839 1839 1838 1838 1840 1840 1845 1845 1844 1844 1843 1843 1844 1844 1842 1842 1843 1843 1849 1849 1848 1848 1846 1846 1848 1848 1847 1847 1846 1846 1857 1857 1851 1851 1856 1856 1851 1851 1855 1855 1856 1856 1851 1851 1852 1852 1855 1855 1853 1853 1850 1850 1854 1854 1852 1852 1854 1854 1855 1855 1852 1852 1853 1853 1854 1854 1860 1860 1858 1858 1878 1878 1871 1871 1872 1872 1873 1873 1872 1872 1877 1877 1875 1875 1872 1872 1876 1876 1877 1877 1859 1859 1878 1878 1862 1862 1869 1869 1868 1868 1867 1867 1861 1861 1859 1859 1862 1862 1861 1861 1862 1862 1863 1863 1858 1858 1865 1865 1866 1866 1858 1858 1866 1866 1864 1864 1866 1866 1869 1869 1867 1867 1865 1865 1869 1869 1866 1866 1859 1859 1860 1860 1878 1878 1877 1877 1882 1882 1881 1881 1886 1886 1888 1888 1885 1885 1868 1868 1870 1870 1874 1874 1878 1878 1858 1858 1864 1864 1873 1873 1872 1872 1875 1875 1870 1870 1871 1871 1873 1873 1870 1870 1873 1873 1874 1874 1903 1903 1904 1904 1905 1905 1904 1904 1909 1909 1907 1907 1905 1905 1904 1904 1907 1907 1902 1902 1903 1903 1905 1905 1932 1932 1933 1933 1929 1929 1902 1902 1905 1905 1906 1906 1932 1932 1929 1929 1930 1930 1925 1925 1936 1936 1926 1926 1926 1926 1936 1936 1935 1935 1936 1936 1934 1934 1931 1931 1936 1936 1931 1931 1935 1935 1934 1934 1932 1932 1931 1931 1931 1931 1932 1932 1930 1930 1937 1937 1939 1939 1928 1928 1919 1919 1920 1920 1922 1922 1919 1919 1922 1922 1923 1923 1937 1937 1928 1928 1938 1938 1933 1933 1937 1937 1929 1929 1915 1915 1917 1917 1916 1916 1915 1915 1916 1916 1912 1912 1911 1911 1915 1915 1912 1912 1922 1922 1921 1921 1924 1924 1904 1904 1908 1908 1909 1909 1920 1920 1921 1921 1922 1922 1921 1921 1925 1925 1926 1926 1921 1921 1926 1926 1924 1924 1918 1918 1911 1911 1913 1913 1918 1918 1914 1914 1911 1911 1914 1914 1915 1915 1911 1911 1890 1890 1889 1889 1892 1892 1901 1901 1895 1895 1897 1897 1898 1898 1900 1900 1895 1895 1882 1882 1883 1883 1879 1879 1882 1882 1879 1879 1881 1881 1883 1883 1884 1884 1879 1879 1879 1879 1884 1884 1880 1880 1884 1884 1885 1885 1880 1880 1884 1884 1886 1886 1885 1885 1895 1895 1900 1900 1896 1896 1901 1901 1898 1898 1895 1895 1900 1900 1899 1899 1910 1910 1900 1900 1910 1910 1896 1896 1940 1940 1861 1861 1927 1927 1927 1927 1861 1861 1863 1863 1939 1939 1940 1940 1928 1928 1885 1885 1888 1888 1891 1891 1916 1916 1919 1919 1923 1923 1928 1928 1940 1940 1927 1927 1909 1909 1918 1918 1913 1913 1917 1917 1919 1919 1916 1916 1869 1869 1870 1870 1868 1868 1893 1893 1901 1901 1894 1894 1894 1894 1901 1901 1897 1897 1899 1899 1902 1902 1910 1910 1910 1910 1902 1902 1906 1906 1908 1908 1918 1918 1909 1909 1876 1876 1882 1882 1877 1877 1889 1889 1893 1893 1894 1894 1888 1888 1890 1890 1891 1891 1888 1888 1887 1887 1890 1890 1929 1929 1937 1937 1938 1938 1887 1887 1889 1889 1890 1890 1889 1889 1894 1894 1892 1892 1950 1950 1949 1949 1947 1947 1981 1981 1980 1980 1985 1985 1984 1984 1985 1985 1980 1980 1982 1982 1984 1984 1980 1980 1942 1942 1984 1984 1979 1979 1957 1957 1958 1958 1959 1959 1958 1958 1965 1965 1961 1961 1957 1957 1959 1959 1955 1955 1942 1942 1958 1958 1957 1957 1956 1956 1942 1942 1957 1957 1953 1953 1956 1956 1954 1954 1962 1962 1965 1965 1964 1964 1947 1947 1942 1942 1956 1956 1958 1958 1961 1961 1960 1960 1956 1956 1952 1952 1951 1951 1950 1950 1956 1956 1951 1951 1947 1947 1956 1956 1950 1950 1987 1987 1942 1942 1944 1944 1986 1986 1942 1942 1987 1987 1954 1954 1957 1957 1955 1955 1956 1956 1957 1957 1954 1954 1952 1952 1956 1956 1953 1953 1985 1985 1942 1942 1986 1986 1984 1984 1942 1942 1985 1985 1941 1941 1946 1946 1945 1945 1949 1949 1948 1948 1947 1947 1946 1946 1947 1947 1948 1948 1946 1946 1942 1942 1947 1947 1941 1941 1943 1943 1942 1942 1942 1942 1946 1946 1941 1941 1983 1983 1984 1984 1982 1982 1979 1979 1984 1984 1983 1983 1942 1942 1965 1965 1958 1958 1973 1973 1972 1972 1975 1975 1971 1971 1975 1975 1972 1972 1974 1974 1942 1942 1975 1975 1974 1974 1975 1975 1971 1971 1942 1942 1974 1974 1970 1970 1942 1942 1970 1970 1966 1966 1976 1976 1979 1979 1977 1977 1976 1976 1973 1973 1975 1975 1975 1975 1979 1979 1976 1976 1975 1975 1942 1942 1979 1979 1942 1942 1966 1966 1964 1964 1965 1965 1942 1942 1964 1964 1979 1979 1978 1978 1977 1977 1966 1966 1970 1970 1968 1968 1969 1969 1968 1968 1970 1970 1964 1964 1966 1966 1963 1963 1963 1963 1966 1966 1967 1967 1967 1967 1966 1966 1968 1968 2050 2050 2048 2048 2049 2049 2047 2047 2048 2048 2050 2050 2067 2067 2047 2047 2050 2050 2045 2045 2047 2047 2067 2067 2049 2049 2065 2065 2051 2051 2048 2048 2065 2065 2049 2049 2051 2051 2064 2064 2052 2052 1999 1999 2059 2059 1998 1998 1989 1989 2059 2059 2058 2058 2029 2029 2028 2028 2035 2035 2037 2037 2030 2030 2038 2038 2028 2028 2030 2030 2037 2037 2035 2035 2028 2028 2037 2037 2032 2032 2029 2029 2035 2035 2032 2032 2035 2035 2033 2033 2026 2026 2032 2032 2034 2034 2034 2034 2032 2032 2033 2033 2025 2025 2034 2034 2036 2036 2024 2024 2025 2025 2036 2036 2038 2038 2031 2031 2039 2039 2030 2030 2031 2031 2038 2038 2031 2031 2040 2040 2039 2039 2031 2031 2043 2043 2040 2040 2043 2043 2041 2041 2040 2040 2040 2040 2041 2041 2071 2071 2071 2071 2042 2042 2070 2070 2041 2041 2042 2042 2071 2071 1998 1998 2059 2059 1988 1988 1989 1989 1988 1988 2059 2059 2060 2060 1989 1989 2057 2057 2061 2061 2060 2060 2057 2057 2061 2061 2057 2057 2056 2056 2057 2057 1989 1989 2058 2058 2055 2055 2061 2061 2056 2056 2066 2066 2061 2061 2055 2055 2054 2054 2066 2066 2055 2055 2062 2062 2066 2066 2054 2054 2053 2053 2062 2062 2054 2054 2063 2063 2062 2062 2053 2053 2052 2052 2063 2063 2053 2053 2064 2064 2063 2063 2052 2052 2014 2014 2013 2013 2019 2019 2021 2021 2015 2015 2022 2022 2013 2013 2015 2015 2021 2021 2019 2019 2013 2013 2021 2021 2017 2017 2014 2014 2019 2019 2012 2012 2014 2014 2017 2017 2018 2018 2012 2012 2017 2017 2010 2010 2012 2012 2018 2018 2022 2022 2016 2016 2023 2023 2015 2015 2016 2016 2022 2022 2016 2016 2024 2024 2023 2023 2016 2016 2027 2027 2024 2024 2027 2027 2025 2025 2024 2024 2025 2025 2026 2026 2034 2034 1993 1993 2004 2004 2003 2003 2002 2002 1993 1993 2003 2003 1992 1992 1993 1993 2002 2002 2001 2001 1992 1992 2002 2002 1991 1991 1992 1992 2001 2001 1990 1990 1991 1991 2001 2001 1990 1990 1999 1999 1998 1998 2000 2000 1999 1999 1990 1990 1990 1990 2001 2001 2000 2000 2006 2006 1997 1997 2007 2007 1996 1996 1997 1997 2006 2006 1997 1997 2008 2008 2007 2007 1997 1997 2011 2011 2008 2008 2008 2008 2009 2009 2020 2020 2011 2011 2009 2009 2008 2008 2020 2020 2010 2010 2018 2018 2009 2009 2010 2010 2020 2020 2044 2044 2046 2046 2069 2069 2070 2070 2044 2044 2069 2069 2042 2042 2044 2044 2070 2070 2046 2046 2045 2045 2067 2067 2065 2065 2064 2064 2051 2051 2046 2046 2067 2067 2068 2068 2069 2069 2046 2046 2068 2068 1995 1995 1994 1994 2004 2004 2005 2005 1996 1996 2006 2006 1993 1993 1995 1995 2004 2004 1994 1994 1996 1996 2005 2005 2004 2004 1994 1994 2005 2005 2079 2079 2073 2073 2074 2074 2088 2088 2090 2090 2087 2087 2086 2086 2088 2088 2087 2087 2085 2085 2086 2086 2082 2082 2096 2096 2097 2097 2094 2094 2098 2098 2097 2097 2099 2099 2103 2103 2081 2081 2080 2080 2079 2079 2081 2081 2077 2077 2100 2100 2094 2094 2093 2093 2094 2094 2092 2092 2093 2093 2093 2093 2092 2092 2091 2091 2092 2092 2094 2094 2097 2097 2089 2089 2100 2100 2090 2090 2096 2096 2099 2099 2097 2097 2094 2094 2095 2095 2096 2096 2095 2095 2099 2099 2096 2096 2085 2085 2088 2088 2086 2086 2090 2090 2091 2091 2101 2101 2090 2090 2093 2093 2091 2091 2078 2078 2077 2077 2102 2102 2102 2102 2081 2081 2103 2103 2076 2076 2077 2077 2078 2078 2079 2079 2076 2076 2075 2075 2079 2079 2075 2075 2073 2073 2081 2081 2079 2079 2080 2080 2102 2102 2103 2103 2083 2083 2084 2084 2082 2082 2086 2086 2079 2079 2077 2077 2076 2076 2077 2077 2081 2081 2102 2102 2090 2090 2100 2100 2093 2093 2090 2090 2101 2101 2087 2087 2073 2073 2072 2072 2099 2099 2072 2072 2073 2073 2075 2075 2099 2099 2072 2072 2098 2098 2104 2104 2112 2112 2105 2105 2104 2104 2113 2113 2112 2112 2110 2110 2112 2112 2114 2114 2115 2115 2112 2112 2107 2107 2106 2106 2112 2112 2115 2115 2110 2110 2109 2109 2108 2108 2114 2114 2112 2112 2111 2111 2105 2105 2112 2112 2106 2106 2108 2108 2112 2112 2110 2110 2107 2107 2112 2112 2108 2108 2120 2120 2117 2117 2116 2116 2118 2118 2117 2117 2119 2119 2117 2117 2118 2118 2116 2116 2135 2135 2131 2131 2133 2133 2124 2124 2141 2141 2123 2123 2134 2134 2131 2131 2135 2135 2127 2127 2121 2121 2128 2128 2142 2142 2141 2141 2124 2124 2126 2126 2122 2122 2121 2121 2139 2139 2140 2140 2142 2142 2142 2142 2140 2140 2141 2141 2137 2137 2138 2138 2139 2139 2139 2139 2138 2138 2140 2140 2135 2135 2133 2133 2137 2137 2137 2137 2133 2133 2138 2138 2136 2136 2132 2132 2134 2134 2127 2127 2128 2128 2129 2129 2125 2125 2123 2123 2122 2122 2124 2124 2123 2123 2125 2125 2129 2129 2130 2130 2156 2156 2125 2125 2122 2122 2126 2126 2156 2156 2130 2130 2153 2153 2154 2154 2152 2152 2155 2155 2136 2136 2145 2145 2132 2132 2143 2143 2145 2145 2136 2136 2160 2160 2151 2151 2150 2150 2159 2159 2149 2149 2157 2157 2157 2157 2149 2149 2148 2148 2160 2160 2150 2150 2159 2159 2143 2143 2146 2146 2145 2145 2154 2154 2153 2153 2152 2152 2155 2155 2151 2151 2160 2160 2158 2158 2147 2147 2144 2144 2158 2158 2148 2148 2147 2147 2157 2157 2148 2148 2158 2158 2144 2144 2147 2147 2146 2146 2156 2156 2153 2153 2154 2154 2155 2155 2152 2152 2151 2151 2126 2126 2121 2121 2127 2127 2159 2159 2150 2150 2149 2149 2144 2144 2146 2146 2143 2143 2134 2134 2132 2132 2131 2131 2129 2129 2128 2128 2130 2130 2174 2174 2173 2173 2161 2161 2185 2185 2184 2184 2194 2194 2178 2178 2165 2165 2192 2192 2181 2181 2191 2191 2196 2196 2174 2174 2161 2161 2162 2162 2185 2185 2194 2194 2189 2189 2186 2186 2189 2189 2188 2188 2173 2173 2172 2172 2171 2171 2173 2173 2171 2171 2161 2161 2182 2182 2196 2196 2195 2195 2180 2180 2179 2179 2190 2190 2180 2180 2190 2190 2191 2191 2183 2183 2195 2195 2193 2193 2179 2179 2178 2178 2192 2192 2182 2182 2181 2181 2196 2196 2184 2184 2183 2183 2193 2193 2200 2200 2168 2168 2166 2166 2178 2178 2177 2177 2165 2165 2172 2172 2197 2197 2170 2170 2179 2179 2192 2192 2190 2190 2186 2186 2185 2185 2189 2189 2181 2181 2180 2180 2191 2191 2187 2187 2186 2186 2188 2188 2187 2187 2188 2188 2168 2168 2197 2197 2169 2169 2170 2170 2176 2176 2163 2163 2164 2164 2177 2177 2176 2176 2164 2164 2199 2199 2200 2200 2166 2166 2198 2198 2167 2167 2169 2169 2199 2199 2166 2166 2167 2167 2175 2175 2174 2174 2162 2162 2175 2175 2162 2162 2163 2163 2176 2176 2175 2175 2163 2163 2172 2172 2170 2170 2171 2171 2200 2200 2187 2187 2168 2168 2177 2177 2164 2164 2165 2165 2183 2183 2182 2182 2195 2195 2184 2184 2193 2193 2194 2194 2197 2197 2198 2198 2169 2169 2198 2198 2199 2199 2167 2167 2210 2210 2208 2208 2209 2209 2239 2239 2240 2240 2231 2231 2229 2229 2231 2231 2230 2230 2238 2238 2240 2240 2239 2239 2230 2230 2231 2231 2240 2240 2220 2220 2218 2218 2219 2219 2223 2223 2222 2222 2221 2221 2224 2224 2222 2222 2223 2223 2225 2225 2224 2224 2223 2223 2219 2219 2218 2218 2217 2217 2211 2211 2210 2210 2209 2209 2212 2212 2210 2210 2211 2211 2229 2229 2228 2228 2227 2227 2230 2230 2228 2228 2229 2229 2215 2215 2214 2214 2213 2213 2216 2216 2214 2214 2215 2215 2217 2217 2216 2216 2215 2215 2213 2213 2212 2212 2211 2211 2214 2214 2212 2212 2213 2213 2202 2202 2204 2204 2201 2201 2222 2222 2220 2220 2221 2221 2221 2221 2220 2220 2219 2219 2205 2205 2204 2204 2202 2202 2203 2203 2205 2205 2202 2202 2206 2206 2205 2205 2203 2203 2204 2204 2235 2235 2201 2201 2233 2233 2236 2236 2237 2237 2234 2234 2236 2236 2233 2233 2237 2237 2238 2238 2239 2239 2236 2236 2238 2238 2237 2237 2227 2227 2226 2226 2225 2225 2228 2228 2226 2226 2227 2227 2226 2226 2224 2224 2225 2225 2209 2209 2208 2208 2207 2207 2208 2208 2206 2206 2207 2207 2207 2207 2206 2206 2203 2203 2218 2218 2216 2216 2217 2217 2235 2235 2234 2234 2232 2232 2232 2232 2234 2234 2233 2233 2201 2201 2235 2235 2232 2232 2286 2286 2244 2244 2242 2242 2266 2266 2285 2285 2264 2264 2268 2268 2270 2270 2285 2285 2270 2270 2269 2269 2271 2271 2248 2248 2264 2264 2285 2285 2270 2270 2271 2271 2285 2285 2241 2241 2278 2278 2275 2275 2267 2267 2268 2268 2285 2285 2266 2266 2267 2267 2285 2285 2248 2248 2277 2277 2278 2278 2276 2276 2273 2273 2277 2277 2273 2273 2274 2274 2277 2277 2274 2274 2275 2275 2278 2278 2281 2281 2280 2280 2284 2284 2279 2279 2276 2276 2277 2277 2248 2248 2280 2280 2277 2277 2280 2280 2248 2248 2284 2284 2277 2277 2274 2274 2278 2278 2271 2271 2272 2272 2284 2284 2284 2284 2248 2248 2271 2271 2279 2279 2277 2277 2280 2280 2271 2271 2248 2248 2285 2285 2243 2243 2248 2248 2242 2242 2243 2243 2245 2245 2248 2248 2286 2286 2242 2242 2241 2241 2282 2282 2281 2281 2284 2284 2283 2283 2282 2282 2284 2284 2272 2272 2283 2283 2284 2284 2265 2265 2266 2266 2264 2264 2252 2252 2287 2287 2253 2253 2241 2241 2248 2248 2278 2278 2248 2248 2241 2241 2242 2242 2264 2264 2248 2248 2260 2260 2250 2250 2251 2251 2248 2248 2251 2251 2253 2253 2248 2248 2251 2251 2252 2252 2253 2253 2256 2256 2258 2258 2254 2254 2245 2245 2246 2246 2248 2248 2246 2246 2247 2247 2248 2248 2249 2249 2250 2250 2248 2248 2247 2247 2249 2249 2248 2248 2248 2248 2253 2253 2254 2254 2288 2288 2289 2289 2254 2254 2288 2288 2254 2254 2253 2253 2287 2287 2288 2288 2253 2253 2263 2263 2265 2265 2264 2264 2255 2255 2256 2256 2254 2254 2257 2257 2255 2255 2254 2254 2289 2289 2257 2257 2254 2254 2248 2248 2258 2258 2260 2260 2259 2259 2260 2260 2258 2258 2248 2248 2254 2254 2258 2258 2262 2262 2261 2261 2260 2260 2261 2261 2263 2263 2264 2264 2261 2261 2264 2264 2260 2260 2309 2309 2311 2311 2312 2312 2308 2308 2328 2328 2373 2373 2306 2306 2305 2305 2328 2328 2328 2328 2305 2305 2329 2329 2316 2316 2313 2313 2314 2314 2336 2336 2298 2298 2367 2367 2299 2299 2298 2298 2336 2336 2308 2308 2306 2306 2328 2328 2305 2305 2304 2304 2372 2372 2300 2300 2336 2336 2335 2335 2301 2301 2303 2303 2371 2371 2302 2302 2371 2371 2330 2330 2303 2303 2370 2370 2332 2332 2307 2307 2308 2308 2311 2311 2311 2311 2308 2308 2373 2373 2371 2371 2303 2303 2331 2331 2298 2298 2297 2297 2337 2337 2372 2372 2302 2302 2330 2330 2304 2304 2302 2302 2372 2372 2305 2305 2372 2372 2329 2329 2300 2300 2299 2299 2336 2336 2334 2334 2300 2300 2335 2335 2368 2368 2300 2300 2334 2334 2369 2369 2334 2334 2333 2333 2369 2369 2368 2368 2334 2334 2332 2332 2369 2369 2333 2333 2303 2303 2332 2332 2331 2331 2370 2370 2369 2369 2332 2332 2297 2297 2296 2296 2337 2337 2337 2337 2296 2296 2338 2338 2298 2298 2337 2337 2367 2367 2296 2296 2295 2295 2339 2339 2302 2302 2301 2301 2371 2371 2354 2354 2356 2356 2357 2357 2354 2354 2355 2355 2356 2356 2361 2361 2325 2325 2327 2327 2362 2362 2325 2325 2361 2361 2360 2360 2361 2361 2359 2359 2360 2360 2362 2362 2361 2361 2296 2296 2339 2339 2338 2338 2363 2363 2353 2353 2364 2364 2295 2295 2294 2294 2339 2339 2339 2339 2294 2294 2340 2340 2352 2352 2353 2353 2363 2363 2291 2291 2293 2293 2366 2366 2366 2366 2293 2293 2345 2345 2353 2353 2358 2358 2364 2364 2353 2353 2354 2354 2358 2358 2349 2349 2363 2363 2348 2348 2351 2351 2350 2350 2347 2347 2349 2349 2352 2352 2363 2363 2342 2342 2365 2365 2343 2343 2350 2350 2349 2349 2347 2347 2344 2344 2343 2343 2365 2365 2319 2319 2316 2316 2318 2318 2347 2347 2349 2349 2348 2348 2351 2351 2347 2347 2346 2346 2317 2317 2313 2313 2316 2316 2356 2356 2360 2360 2359 2359 2358 2358 2354 2354 2357 2357 2293 2293 2365 2365 2345 2345 2365 2365 2290 2290 2344 2344 2290 2290 2351 2351 2344 2344 2344 2344 2351 2351 2346 2346 2315 2315 2309 2309 2312 2312 2309 2309 2307 2307 2311 2311 2324 2324 2322 2322 2326 2326 2325 2325 2326 2326 2327 2327 2294 2294 2292 2292 2341 2341 2294 2294 2341 2341 2340 2340 2292 2292 2291 2291 2341 2341 2322 2322 2323 2323 2320 2320 2320 2320 2319 2319 2318 2318 2323 2323 2319 2319 2320 2320 2322 2322 2320 2320 2321 2321 2319 2319 2317 2317 2316 2316 2313 2313 2310 2310 2315 2315 2313 2313 2315 2315 2314 2314 2310 2310 2309 2309 2315 2315 2325 2325 2324 2324 2326 2326 2341 2341 2291 2291 2366 2366 2355 2355 2360 2360 2356 2356 2326 2326 2322 2322 2321 2321 2388 2388 2378 2378 2389 2389 2386 2386 2384 2384 2382 2382 2386 2386 2382 2382 2381 2381 2383 2383 2382 2382 2385 2385 2388 2388 2387 2387 2380 2380 2390 2390 2378 2378 2376 2376 2379 2379 2378 2378 2388 2388 2419 2419 2417 2417 2416 2416 2432 2432 2429 2429 2430 2430 2412 2412 2413 2413 2414 2414 2411 2411 2413 2413 2412 2412 2415 2415 2413 2413 2454 2454 2412 2412 2410 2410 2409 2409 2398 2398 2395 2395 2397 2397 2457 2457 2395 2395 2394 2394 2394 2394 2395 2395 2396 2396 2434 2434 2436 2436 2435 2435 2432 2432 2435 2435 2433 2433 2437 2437 2435 2435 2436 2436 2432 2432 2434 2434 2435 2435 2385 2385 2382 2382 2384 2384 2390 2390 2389 2389 2378 2378 2403 2403 2405 2405 2404 2404 2394 2394 2374 2374 2457 2457 2375 2375 2374 2374 2392 2392 2408 2408 2409 2409 2410 2410 2407 2407 2409 2409 2408 2408 2412 2412 2409 2409 2411 2411 2394 2394 2393 2393 2374 2374 2404 2404 2402 2402 2455 2455 2419 2419 2416 2416 2418 2418 2454 2454 2416 2416 2415 2415 2415 2415 2416 2416 2417 2417 2401 2401 2399 2399 2456 2456 2401 2401 2456 2456 2400 2400 2397 2397 2456 2456 2398 2398 2398 2398 2456 2456 2399 2399 2398 2398 2396 2396 2395 2395 2415 2415 2414 2414 2413 2413 2451 2451 2440 2440 2448 2448 2448 2448 2440 2440 2447 2447 2408 2408 2406 2406 2405 2405 2408 2408 2405 2405 2407 2407 2448 2448 2449 2449 2451 2451 2404 2404 2405 2405 2406 2406 2437 2437 2449 2449 2450 2450 2448 2448 2450 2450 2449 2449 2436 2436 2449 2449 2437 2437 2443 2443 2440 2440 2439 2439 2422 2422 2424 2424 2423 2423 2426 2426 2424 2424 2453 2453 2443 2443 2447 2447 2440 2440 2441 2441 2445 2445 2444 2444 2439 2439 2438 2438 2443 2443 2443 2443 2438 2438 2442 2442 2385 2385 2445 2445 2383 2383 2385 2385 2446 2446 2445 2445 2444 2444 2445 2445 2446 2446 2444 2444 2442 2442 2438 2438 2444 2444 2438 2438 2441 2441 2423 2423 2424 2424 2425 2425 2423 2423 2421 2421 2420 2420 2423 2423 2420 2420 2422 2422 2418 2418 2420 2420 2419 2419 2419 2419 2420 2420 2421 2421 2433 2433 2429 2429 2432 2432 2453 2453 2427 2427 2426 2426 2428 2428 2430 2430 2429 2429 2426 2426 2425 2425 2424 2424 2431 2431 2452 2452 2427 2427 2453 2453 2431 2431 2427 2427 2386 2386 2380 2380 2387 2387 2381 2381 2380 2380 2386 2386 2388 2388 2380 2380 2379 2379 2390 2390 2377 2377 2391 2391 2376 2376 2377 2377 2390 2390 2392 2392 2377 2377 2375 2375 2401 2401 2455 2455 2402 2402 2400 2400 2455 2455 2401 2401 2404 2404 2455 2455 2403 2403 2392 2392 2391 2391 2377 2377 2392 2392 2374 2374 2393 2393 2494 2494 2461 2461 2460 2460 2493 2493 2461 2461 2494 2494 2495 2495 2460 2460 2458 2458 2494 2494 2460 2460 2495 2495 2483 2483 2496 2496 2481 2481 2486 2486 2459 2459 2485 2485 2485 2485 2496 2496 2483 2483 2486 2486 2458 2458 2459 2459 2485 2485 2459 2459 2496 2496 2495 2495 2458 2458 2486 2486 2467 2467 2462 2462 2493 2493 2493 2493 2462 2462 2461 2461 2470 2470 2474 2474 2472 2472 2466 2466 2473 2473 2464 2464 2489 2489 2477 2477 2490 2490 2492 2492 2474 2474 2470 2470 2488 2488 2480 2480 2497 2497 2487 2487 2480 2480 2488 2488 2487 2487 2478 2478 2480 2480 2484 2484 2478 2478 2487 2487 2469 2469 2472 2472 2471 2471 2465 2465 2464 2464 2463 2463 2467 2467 2463 2463 2462 2462 2466 2466 2464 2464 2465 2465 2470 2470 2472 2472 2469 2469 2468 2468 2471 2471 2473 2473 2469 2469 2471 2471 2468 2468 2482 2482 2481 2481 2479 2479 2468 2468 2473 2473 2466 2466 2465 2465 2463 2463 2467 2467 2489 2489 2497 2497 2477 2477 2490 2490 2477 2477 2476 2476 2491 2491 2475 2475 2492 2492 2492 2492 2475 2475 2474 2474 2490 2490 2476 2476 2491 2491 2491 2491 2476 2476 2475 2475 2483 2483 2481 2481 2482 2482 2488 2488 2497 2497 2489 2489 2482 2482 2479 2479 2484 2484 2484 2484 2479 2479 2478 2478 2519 2519 2520 2520 2505 2505 2520 2520 2504 2504 2505 2505 2516 2516 2518 2518 2508 2508 2521 2521 2502 2502 2503 2503 2528 2528 2530 2530 2531 2531 2514 2514 2513 2513 2510 2510 2524 2524 2525 2525 2500 2500 2524 2524 2500 2500 2501 2501 2525 2525 2526 2526 2498 2498 2526 2526 2537 2537 2499 2499 2526 2526 2499 2499 2498 2498 2513 2513 2516 2516 2509 2509 2513 2513 2509 2509 2510 2510 2515 2515 2511 2511 2512 2512 2514 2514 2510 2510 2511 2511 2529 2529 2531 2531 2532 2532 2523 2523 2524 2524 2501 2501 2527 2527 2515 2515 2512 2512 2522 2522 2521 2521 2503 2503 2519 2519 2505 2505 2506 2506 2522 2522 2503 2503 2504 2504 2523 2523 2501 2501 2502 2502 2536 2536 2535 2535 2533 2533 2535 2535 2532 2532 2533 2533 2529 2529 2528 2528 2531 2531 2528 2528 2527 2527 2530 2530 2521 2521 2523 2523 2502 2502 2527 2527 2512 2512 2530 2530 2518 2518 2507 2507 2508 2508 2516 2516 2508 2508 2509 2509 2515 2515 2514 2514 2511 2511 2525 2525 2498 2498 2500 2500 2518 2518 2517 2517 2507 2507 2517 2517 2519 2519 2506 2506 2520 2520 2522 2522 2504 2504 2517 2517 2506 2506 2507 2507 2537 2537 2536 2536 2534 2534 2537 2537 2534 2534 2499 2499 2536 2536 2533 2533 2534 2534 2535 2535 2529 2529 2532 2532 2568 2568 2567 2567 2570 2570 2556 2556 2555 2555 2552 2552 2545 2545 2540 2540 2544 2544 2563 2563 2561 2561 2562 2562 2544 2544 2540 2540 2543 2543 2540 2540 2538 2538 2543 2543 2561 2561 2559 2559 2560 2560 2560 2560 2559 2559 2558 2558 2539 2539 2541 2541 2538 2538 2542 2542 2541 2541 2539 2539 2550 2550 2549 2549 2548 2548 2546 2546 2545 2545 2544 2544 2559 2559 2557 2557 2558 2558 2562 2562 2561 2561 2560 2560 2573 2573 2569 2569 2571 2571 2543 2543 2538 2538 2541 2541 2555 2555 2551 2551 2554 2554 2565 2565 2563 2563 2564 2564 2564 2564 2563 2563 2562 2562 2577 2577 2565 2565 2564 2564 2572 2572 2566 2566 2577 2577 2566 2566 2565 2565 2577 2577 2551 2551 2549 2549 2550 2550 2567 2567 2566 2566 2572 2572 2539 2539 2576 2576 2542 2542 2554 2554 2551 2551 2550 2550 2542 2542 2576 2576 2575 2575 2571 2571 2568 2568 2570 2570 2570 2570 2567 2567 2572 2572 2569 2569 2568 2568 2571 2571 2576 2576 2574 2574 2575 2575 2553 2553 2556 2556 2552 2552 2558 2558 2557 2557 2553 2553 2557 2557 2556 2556 2553 2553 2552 2552 2555 2555 2554 2554 2575 2575 2574 2574 2573 2573 2549 2549 2547 2547 2548 2548 2574 2574 2569 2569 2573 2573 2548 2548 2547 2547 2546 2546 2547 2547 2545 2545 2546 2546 2605 2605 2607 2607 2606 2606 2606 2606 2607 2607 2608 2608 2601 2601 2604 2604 2602 2602 2613 2613 2616 2616 2614 2614 2589 2589 2586 2586 2588 2588 2588 2588 2586 2586 2587 2587 2603 2603 2604 2604 2601 2601 2612 2612 2610 2610 2611 2611 2598 2598 2596 2596 2599 2599 2599 2599 2596 2596 2597 2597 2587 2587 2584 2584 2585 2585 2579 2579 2578 2578 2583 2583 2585 2585 2579 2579 2583 2583 2584 2584 2579 2579 2585 2585 2586 2586 2584 2584 2587 2587 2582 2582 2580 2580 2581 2581 2578 2578 2580 2580 2582 2582 2583 2583 2578 2578 2582 2582 2604 2604 2605 2605 2602 2602 2602 2602 2605 2605 2606 2606 2615 2615 2616 2616 2613 2613 2616 2616 2617 2617 2614 2614 2581 2581 2615 2615 2613 2613 2580 2580 2615 2615 2581 2581 2599 2599 2600 2600 2598 2598 2598 2598 2600 2600 2617 2617 2614 2614 2617 2617 2600 2600 2593 2593 2603 2603 2601 2601 2592 2592 2603 2603 2593 2593 2590 2590 2592 2592 2594 2594 2595 2595 2590 2590 2594 2594 2591 2591 2590 2590 2595 2595 2597 2597 2591 2591 2595 2595 2596 2596 2591 2591 2597 2597 2611 2611 2589 2589 2588 2588 2610 2610 2589 2589 2611 2611 2608 2608 2609 2609 2612 2612 2607 2607 2609 2609 2608 2608 2609 2609 2610 2610 2612 2612 2594 2594 2592 2592 2593 2593 2632 2632 2629 2629 2631 2631 2630 2630 2629 2629 2632 2632 2650 2650 2622 2622 2620 2620 2649 2649 2622 2622 2650 2650 2627 2627 2626 2626 2634 2634 2634 2634 2626 2626 2636 2636 2626 2626 2637 2637 2636 2636 2640 2640 2643 2643 2641 2641 2625 2625 2630 2630 2624 2624 2631 2631 2628 2628 2633 2633 2629 2629 2628 2628 2631 2631 2633 2633 2627 2627 2634 2634 2637 2637 2638 2638 2635 2635 2636 2636 2637 2637 2635 2635 2641 2641 2643 2643 2642 2642 2635 2635 2638 2638 2639 2639 2647 2647 2649 2649 2651 2651 2624 2624 2630 2630 2632 2632 2623 2623 2625 2625 2618 2618 2651 2651 2649 2649 2650 2650 2639 2639 2640 2640 2641 2641 2618 2618 2625 2625 2624 2624 2638 2638 2640 2640 2639 2639 2656 2656 2648 2648 2653 2653 2652 2652 2647 2647 2651 2651 2655 2655 2657 2657 2654 2654 2654 2654 2656 2656 2653 2653 2621 2621 2623 2623 2619 2619 2620 2620 2621 2621 2619 2619 2622 2622 2621 2621 2620 2620 2619 2619 2623 2623 2618 2618 2628 2628 2627 2627 2633 2633 2642 2642 2645 2645 2644 2644 2643 2643 2645 2645 2642 2642 2646 2646 2644 2644 2645 2645 2646 2646 2657 2657 2655 2655 2648 2648 2647 2647 2652 2652 2655 2655 2644 2644 2646 2646 2653 2653 2648 2648 2652 2652 2657 2657 2656 2656 2654 2654 2668 2668 2667 2667 2671 2671 2683 2683 2681 2681 2680 2680 2684 2684 2682 2682 2681 2681 2685 2685 2686 2686 2682 2682 2689 2689 2693 2693 2691 2691 2685 2685 2687 2687 2686 2686 2689 2689 2666 2666 2693 2693 2663 2663 2676 2676 2661 2661 2667 2667 2678 2678 2671 2671 2662 2662 2663 2663 2661 2661 2690 2690 2689 2689 2691 2691 2668 2668 2671 2671 2672 2672 2670 2670 2672 2672 2673 2673 2688 2688 2683 2683 2680 2680 2662 2662 2661 2661 2660 2660 2684 2684 2685 2685 2682 2682 2683 2683 2684 2684 2681 2681 2688 2688 2680 2680 2679 2679 2665 2665 2664 2664 2658 2658 2666 2666 2665 2665 2659 2659 2690 2690 2691 2691 2692 2692 2663 2663 2677 2677 2676 2676 2669 2669 2679 2679 2678 2678 2669 2669 2688 2688 2679 2679 2697 2697 2690 2690 2692 2692 2687 2687 2696 2696 2695 2695 2687 2687 2695 2695 2686 2686 2696 2696 2697 2697 2694 2694 2696 2696 2694 2694 2695 2695 2677 2677 2675 2675 2674 2674 2665 2665 2658 2658 2659 2659 2666 2666 2659 2659 2693 2693 2664 2664 2660 2660 2658 2658 2667 2667 2669 2669 2678 2678 2677 2677 2674 2674 2676 2676 2675 2675 2670 2670 2673 2673 2675 2675 2673 2673 2674 2674 2670 2670 2668 2668 2672 2672 2664 2664 2662 2662 2660 2660 2697 2697 2692 2692 2694 2694 2732 2732 2733 2733 2734 2734 2720 2720 2717 2717 2716 2716 2727 2727 2723 2723 2722 2722 2723 2723 2726 2726 2724 2724 2710 2710 2711 2711 2712 2712 2713 2713 2709 2709 2708 2708 2720 2720 2716 2716 2699 2699 2732 2732 2734 2734 2735 2735 2728 2728 2727 2727 2722 2722 2728 2728 2722 2722 2721 2721 2707 2707 2721 2721 2729 2729 2723 2723 2727 2727 2725 2725 2713 2713 2707 2707 2729 2729 2708 2708 2707 2707 2713 2713 2707 2707 2728 2728 2721 2721 2726 2726 2723 2723 2725 2725 2709 2709 2713 2713 2711 2711 2706 2706 2699 2699 2698 2698 2726 2726 2736 2736 2724 2724 2717 2717 2715 2715 2716 2716 2719 2719 2712 2712 2714 2714 2719 2719 2710 2710 2712 2712 2726 2726 2730 2730 2736 2736 2718 2718 2714 2714 2715 2715 2703 2703 2701 2701 2702 2702 2704 2704 2705 2705 2700 2700 2704 2704 2700 2700 2701 2701 2710 2710 2709 2709 2711 2711 2705 2705 2706 2706 2698 2698 2705 2705 2698 2698 2700 2700 2703 2703 2704 2704 2701 2701 2717 2717 2718 2718 2715 2715 2718 2718 2719 2719 2714 2714 2706 2706 2720 2720 2699 2699 2730 2730 2731 2731 2737 2737 2731 2731 2732 2732 2735 2735 2733 2733 2702 2702 2734 2734 2730 2730 2737 2737 2736 2736 2733 2733 2703 2703 2702 2702 2731 2731 2735 2735 2737 2737 2751 2751 2774 2774 2773 2773 2775 2775 2774 2774 2751 2751 2758 2758 2761 2761 2757 2757 2746 2746 2768 2768 2745 2745 2763 2763 2768 2768 2746 2746 2759 2759 2760 2760 2756 2756 2756 2756 2760 2760 2758 2758 2760 2760 2761 2761 2758 2758 2757 2757 2762 2762 2767 2767 2745 2745 2741 2741 2744 2744 2768 2768 2741 2741 2745 2745 2742 2742 2738 2738 2748 2748 2739 2739 2738 2738 2742 2742 2767 2767 2765 2765 2766 2766 2765 2765 2764 2764 2766 2766 2766 2766 2764 2764 2747 2747 2741 2741 2740 2740 2744 2744 2756 2756 2755 2755 2759 2759 2755 2755 2754 2754 2772 2772 2774 2774 2770 2770 2773 2773 2761 2761 2762 2762 2757 2757 2749 2749 2776 2776 2750 2750 2743 2743 2739 2739 2742 2742 2740 2740 2739 2739 2743 2743 2744 2744 2740 2740 2743 2743 2773 2773 2770 2770 2753 2753 2753 2753 2769 2769 2752 2752 2770 2770 2769 2769 2753 2753 2769 2769 2771 2771 2752 2752 2764 2764 2763 2763 2747 2747 2747 2747 2763 2763 2746 2746 2762 2762 2765 2765 2767 2767 2759 2759 2755 2755 2772 2772 2776 2776 2775 2775 2750 2750 2750 2750 2775 2775 2751 2751 2777 2777 2776 2776 2749 2749 2738 2738 2777 2777 2748 2748 2748 2748 2777 2777 2749 2749 2752 2752 2771 2771 2754 2754 2772 2772 2754 2754 2771 2771 2782 2782 2783 2783 2784 2784 2781 2781 2780 2780 2785 2785 2798 2798 2817 2817 2801 2801 2815 2815 2787 2787 2788 2788 2786 2786 2782 2782 2784 2784 2805 2805 2807 2807 2804 2804 2796 2796 2800 2800 2795 2795 2816 2816 2788 2788 2789 2789 2813 2813 2789 2789 2790 2790 2810 2810 2814 2814 2812 2812 2806 2806 2805 2805 2802 2802 2779 2779 2778 2778 2792 2792 2779 2779 2792 2792 2791 2791 2814 2814 2790 2790 2812 2812 2809 2809 2810 2810 2811 2811 2802 2802 2805 2805 2803 2803 2809 2809 2804 2804 2807 2807 2805 2805 2804 2804 2803 2803 2817 2817 2802 2802 2801 2801 2804 2804 2809 2809 2808 2808 2809 2809 2811 2811 2808 2808 2786 2786 2784 2784 2787 2787 2810 2810 2812 2812 2811 2811 2814 2814 2813 2813 2790 2790 2782 2782 2781 2781 2783 2783 2816 2816 2815 2815 2788 2788 2813 2813 2816 2816 2789 2789 2817 2817 2806 2806 2802 2802 2796 2796 2797 2797 2800 2800 2780 2780 2791 2791 2785 2785 2778 2778 2794 2794 2792 2792 2797 2797 2798 2798 2799 2799 2815 2815 2786 2786 2787 2787 2798 2798 2801 2801 2799 2799 2797 2797 2799 2799 2800 2800 2781 2781 2785 2785 2783 2783 2780 2780 2779 2779 2791 2791 2778 2778 2793 2793 2794 2794 2793 2793 2795 2795 2794 2794 2793 2793 2796 2796 2795 2795 2841 2841 2838 2838 2840 2840 2818 2818 2820 2820 2822 2822 2833 2833 2834 2834 2832 2832 2831 2831 2833 2833 2832 2832 2843 2843 2837 2837 2842 2842 2837 2837 2839 2839 2842 2842 2825 2825 2821 2821 2824 2824 2821 2821 2819 2819 2824 2824 2848 2848 2850 2850 2851 2851 2852 2852 2851 2851 2850 2850 2849 2849 2850 2850 2848 2848 2822 2822 2820 2820 2831 2831 2842 2842 2839 2839 2841 2841 2839 2839 2838 2838 2841 2841 2820 2820 2833 2833 2831 2831 2836 2836 2837 2837 2843 2843 2854 2854 2853 2853 2855 2855 2852 2852 2853 2853 2854 2854 2845 2845 2847 2847 2844 2844 2853 2853 2857 2857 2855 2855 2857 2857 2830 2830 2856 2856 2838 2838 2845 2845 2840 2840 2847 2847 2849 2849 2846 2846 2855 2855 2857 2857 2856 2856 2826 2826 2821 2821 2825 2825 2823 2823 2818 2818 2822 2822 2824 2824 2819 2819 2823 2823 2854 2854 2851 2851 2852 2852 2856 2856 2830 2830 2829 2829 2828 2828 2826 2826 2825 2825 2835 2835 2836 2836 2843 2843 2834 2834 2836 2836 2835 2835 2840 2840 2845 2845 2844 2844 2827 2827 2826 2826 2828 2828 2832 2832 2834 2834 2835 2835 2846 2846 2849 2849 2848 2848 2844 2844 2847 2847 2846 2846 2830 2830 2827 2827 2829 2829 2829 2829 2827 2827 2828 2828 2819 2819 2818 2818 2823 2823 2884 2884 2877 2877 2881 2881 2897 2897 2875 2875 2876 2876 2897 2897 2876 2876 2877 2877 2884 2884 2897 2897 2877 2877 2870 2870 2871 2871 2860 2860 2886 2886 2887 2887 2888 2888 2871 2871 2861 2861 2860 2860 2870 2870 2860 2860 2859 2859 2882 2882 2883 2883 2880 2880 2887 2887 2878 2878 2888 2888 2885 2885 2879 2879 2878 2878 2885 2885 2882 2882 2879 2879 2883 2883 2881 2881 2880 2880 2886 2886 2890 2890 2895 2895 2886 2886 2888 2888 2889 2889 2868 2868 2892 2892 2893 2893 2887 2887 2885 2885 2878 2878 2882 2882 2880 2880 2879 2879 2866 2866 2867 2867 2896 2896 2890 2890 2894 2894 2895 2895 2894 2894 2890 2890 2891 2891 2883 2883 2884 2884 2881 2881 2869 2869 2894 2894 2891 2891 2869 2869 2891 2891 2892 2892 2867 2867 2893 2893 2896 2896 2866 2866 2896 2896 2863 2863 2867 2867 2868 2868 2893 2893 2868 2868 2869 2869 2892 2892 2890 2890 2886 2886 2889 2889 2874 2874 2858 2858 2873 2873 2874 2874 2872 2872 2858 2858 2875 2875 2874 2874 2873 2873 2872 2872 2859 2859 2858 2858 2875 2875 2873 2873 2876 2876 2872 2872 2870 2870 2859 2859 2871 2871 2864 2864 2861 2861 2864 2864 2862 2862 2861 2861 2865 2865 2863 2863 2862 2862 2864 2864 2865 2865 2862 2862 2865 2865 2866 2866 2863 2863 2910 2910 2899 2899 2909 2909 2900 2900 2899 2899 2910 2910 2905 2905 2900 2900 2910 2910 2901 2901 2900 2900 2905 2905 2903 2903 2907 2907 2933 2933 2899 2899 2898 2898 2909 2909 2906 2906 2907 2907 2903 2903 2904 2904 2906 2906 2902 2902 2909 2909 2898 2898 2908 2908 2918 2918 2919 2919 2914 2914 2908 2908 2916 2916 2911 2911 2923 2923 2932 2932 2924 2924 2930 2930 2933 2933 2907 2907 2936 2936 2937 2937 2935 2935 2919 2919 2937 2937 2936 2936 2898 2898 2916 2916 2908 2908 2913 2913 2918 2918 2914 2914 2917 2917 2918 2918 2913 2913 2912 2912 2917 2917 2913 2913 2915 2915 2917 2917 2912 2912 2911 2911 2915 2915 2912 2912 2916 2916 2915 2915 2911 2911 2937 2937 2922 2922 2935 2935 2935 2935 2922 2922 2927 2927 2914 2914 2919 2919 2936 2936 2931 2931 2934 2934 2928 2928 2928 2928 2934 2934 2930 2930 2934 2934 2933 2933 2930 2930 2924 2924 2932 2932 2929 2929 2929 2929 2931 2931 2928 2928 2927 2927 2921 2921 2926 2926 2922 2922 2921 2921 2927 2927 2902 2902 2906 2906 2903 2903 2902 2902 2901 2901 2904 2904 2904 2904 2901 2901 2905 2905 2926 2926 2920 2920 2925 2925 2921 2921 2920 2920 2926 2926 2932 2932 2931 2931 2929 2929 2920 2920 2923 2923 2925 2925 2925 2925 2923 2923 2924 2924 2973 2973 2944 2944 2970 2970 2971 2971 2970 2970 2969 2969 2971 2971 2973 2973 2970 2970 2973 2973 2941 2941 2944 2944 2972 2972 2969 2969 2968 2968 2938 2938 2939 2939 2945 2945 2946 2946 2950 2950 2947 2947 2951 2951 2950 2950 2946 2946 2944 2944 2940 2940 2943 2943 2938 2938 2945 2945 2942 2942 2940 2940 2944 2944 2941 2941 2940 2940 2942 2942 2943 2943 2962 2962 2961 2961 2963 2963 2960 2960 2972 2972 2968 2968 2972 2972 2971 2971 2969 2969 2960 2960 2968 2968 2965 2965 2950 2950 2949 2949 2948 2948 2940 2940 2938 2938 2942 2942 2976 2976 2966 2966 2967 2967 2976 2976 2967 2967 2975 2975 2966 2966 2962 2962 2964 2964 2966 2966 2964 2964 2967 2967 2961 2961 2960 2960 2965 2965 2977 2977 2975 2975 2974 2974 2977 2977 2976 2976 2975 2975 2939 2939 2946 2946 2945 2945 2962 2962 2963 2963 2964 2964 2957 2957 2958 2958 2956 2956 2961 2961 2965 2965 2963 2963 2949 2949 2952 2952 2954 2954 2959 2959 2977 2977 2974 2974 2959 2959 2974 2974 2958 2958 2952 2952 2953 2953 2955 2955 2957 2957 2959 2959 2958 2958 2953 2953 2957 2957 2956 2956 2953 2953 2956 2956 2955 2955 2949 2949 2954 2954 2948 2948 2939 2939 2951 2951 2946 2946 2952 2952 2955 2955 2954 2954 2950 2950 2948 2948 2947 2947 3000 3000 2995 2995 2994 2994 3007 3007 3003 3003 3004 3004 2998 2998 2997 2997 2999 2999 2999 2999 2995 2995 3000 3000 2999 2999 2997 2997 2995 2995 3008 3008 2993 2993 3011 3011 3013 3013 2991 2991 2992 2992 3014 3014 2991 2991 3013 3013 3002 3002 3003 3003 3007 3007 2985 2985 2981 2981 2982 2982 3002 3002 2996 2996 3003 3003 2984 2984 2981 2981 2985 2985 2986 2986 2982 2982 2987 2987 3001 3001 2996 2996 3002 3002 3001 3001 2994 2994 2996 2996 3015 3015 2989 2989 2990 2990 3015 3015 2990 2990 3014 3014 3000 3000 2994 2994 3001 3001 3008 3008 3011 3011 3009 3009 3009 3009 3011 3011 3012 3012 3013 3013 2992 2992 3010 3010 3016 3016 2980 2980 2979 2979 3017 3017 3005 3005 2980 2980 3017 3017 2980 2980 3016 3016 3010 3010 2993 2993 3008 3008 2983 2983 2979 2979 2978 2978 3016 3016 2979 2979 2983 2983 2984 2984 2978 2978 2981 2981 3010 3010 2992 2992 2993 2993 3009 3009 3012 3012 2998 2998 3014 3014 2990 2990 2991 2991 3006 3006 3005 3005 3017 3017 2988 2988 2989 2989 3015 3015 3007 3007 3004 3004 3006 3006 3006 3006 3004 3004 3005 3005 2998 2998 3012 3012 2997 2997 2988 2988 2987 2987 2989 2989 2985 2985 2982 2982 2986 2986 2986 2986 2987 2987 2988 2988 2983 2983 2978 2978 2984 2984 3020 3020 3019 3019 3051 3051 3020 3020 3051 3051 3052 3052 3021 3021 3052 3052 3050 3050 3021 3021 3020 3020 3052 3052 3024 3024 3036 3036 3035 3035 3038 3038 3039 3039 3047 3047 3038 3038 3047 3047 3048 3048 3024 3024 3037 3037 3036 3036 3041 3041 3043 3043 3044 3044 3037 3037 3038 3038 3048 3048 3042 3042 3041 3041 3044 3044 3023 3023 3022 3022 3049 3049 3026 3026 3025 3025 3034 3034 3025 3025 3035 3035 3034 3034 3028 3028 3032 3032 3031 3031 3026 3026 3034 3034 3033 3033 3019 3019 3018 3018 3053 3053 3019 3019 3053 3053 3051 3051 3055 3055 3057 3057 3054 3054 3027 3027 3033 3033 3032 3032 3018 3018 3055 3055 3054 3054 3056 3056 3030 3030 3057 3057 3018 3018 3054 3054 3053 3053 3025 3025 3024 3024 3035 3035 3039 3039 3040 3040 3046 3046 3040 3040 3045 3045 3046 3046 3040 3040 3042 3042 3045 3045 3039 3039 3046 3046 3047 3047 3042 3042 3044 3044 3045 3045 3041 3041 3023 3023 3043 3043 3037 3037 3048 3048 3036 3036 3055 3055 3056 3056 3057 3057 3028 3028 3027 3027 3032 3032 3029 3029 3031 3031 3030 3030 3029 3029 3028 3028 3031 3031 3027 3027 3026 3026 3033 3033 3022 3022 3021 3021 3050 3050 3023 3023 3049 3049 3043 3043 3022 3022 3050 3050 3049 3049 3056 3056 3029 3029 3030 3030 3059 3059 3093 3093 3058 3058 3078 3078 3077 3077 3087 3087 3095 3095 3096 3096 3097 3097 3094 3094 3096 3096 3095 3095 3074 3074 3075 3075 3065 3065 3065 3065 3075 3075 3064 3064 3092 3092 3091 3091 3060 3060 3079 3079 3078 3078 3086 3086 3090 3090 3092 3092 3061 3061 3086 3086 3078 3078 3087 3087 3089 3089 3090 3090 3062 3062 3084 3084 3081 3081 3083 3083 3087 3087 3077 3077 3088 3088 3085 3085 3079 3079 3086 3086 3083 3083 3080 3080 3085 3085 3081 3081 3080 3080 3083 3083 3080 3080 3079 3079 3085 3085 3069 3069 3070 3070 3072 3072 3072 3072 3070 3070 3067 3067 3073 3073 3074 3074 3066 3066 3067 3067 3073 3073 3066 3066 3072 3072 3071 3071 3069 3069 3070 3070 3073 3073 3067 3067 3066 3066 3074 3074 3065 3065 3069 3069 3071 3071 3068 3068 3097 3097 3068 3068 3071 3071 3096 3096 3068 3068 3097 3097 3093 3093 3094 3094 3058 3058 3091 3091 3093 3093 3059 3059 3060 3060 3091 3091 3059 3059 3058 3058 3094 3094 3095 3095 3061 3061 3092 3092 3060 3060 3075 3075 3076 3076 3064 3064 3064 3064 3076 3076 3063 3063 3076 3076 3082 3082 3063 3063 3063 3063 3082 3082 3084 3084 3082 3082 3081 3081 3084 3084 3062 3062 3090 3090 3061 3061 3088 3088 3089 3089 3062 3062 3077 3077 3089 3089 3088 3088 3100 3100 3098 3098 3099 3099 3102 3102 3101 3101 3103 3103 3104 3104 3105 3105 3106 3106 3109 3109 3108 3108 3107 3107 3110 3110 3112 3112 3111 3111 3113 3113 3114 3114 3115 3115 3116 3116 3118 3118 3117 3117 3119 3119 3120 3120 3121 3121 3123 3123 3122 3122 3124 3124 3125 3125 3127 3127 3126 3126 3130 3130 3129 3129 3128 3128 3131 3131 3132 3132 3133 3133 3135 3135 3136 3136 3134 3134</p>
        </triangles>
      </mesh>
    </geometry>
  </library_geometries>
  <library_materials>
    <material id="black-material" name="black">
      <instance_effect url="#black-effect"/>
    </material>
    <material id="dark_steel-material" name="dark_steel">
      <instance_effect url="#dark_steel-effect"/>
    </material>
  </library_materials>
  <library_visual_scenes>
    <visual_scene id="scene">
      <node id="node_g0_black" name="node_g0_black">
        <instance_geometry url="#g0_black">
          <bind_material>
            <technique_common>
              <instance_material symbol="black-ref" target="#black-material"/>
            </technique_common>
          </bind_material>
        </instance_geometry>
      </node>
      <node id="node_g1_dark_steel" name="node_g1_dark_steel">
        <instance_geometry url="#g1_dark_steel">
          <bind_material>
            <technique_common>
              <instance_material symbol="dark_steel-ref" target="#dark_steel-material"/>
            </technique_common>
          </bind_material>
        </instance_geometry>
      </node>
    </visual_scene>
  </library_visual_scenes>
  <scene>
    <instance_visual_scene url="#scene"/>
  </scene>
</COLLADA>
