<COLLADA xmlns="http://www.collada.org/2005/11/COLLADASchema" version="1.4.1">
  <asset>
    <created>2026-09-29T18:16:48.186464</created>
    <modified>2026-09-29T18:16:48.186465</modified>
    <unit name="meter" meter="1.0"/>
    <up_axis>Z_UP</up_axis>
  </asset>
  <library_effects>
    <effect id="chrome-effect" name="chrome-effect">
      <profile_COMMON>
        <technique sid="common">
          <phong>
            <emission>
              <color>0 0 0 1.0</color>
            </emission>
            <ambient>
              <color>0.432 0.438 0.45599999999999996 1.0</color>
            </ambient>
            <diffuse>
              <color>0.72 0.73 0.76 1.0</color>
            </diffuse>
            <specular>
              <color>0.95 0.95 0.95 1.0</color>
            </specular>
            <shininess>
              <float>80.0</float>
            </shininess>
            <reflective>
              <color>0.0 0.0 0.0 1.0</color>
            </reflective>
            <reflectivity>
              <float>0.0</float>
            </reflectivity>
            <transparent>
              <color>0.0 0.0 0.0 1.0</color>
            </transparent>
            <transparency>
              <float>1.0</float>
            </transparency>
          </phong>
        </technique>
        <extra>
          <technique profile="GOOGLEEARTH">
            <double_sided>0</double_sided>
          </technique>
        </extra>
      </profile_COMMON>
    </effect>
  </library_effects>
  <library_geometries>
    <geometry id="g0_chrome" name="g0_chrome">
      <mesh>
        <source id="g0_chrome-pos">
          <float_array count="8178" id="g0_chrome-pos-array">0.0094583 -0.0093319 0.1228616 0.0056121 0.0115546 0.1372882 0.0045527 -0.0090528 0.1411961 0.0042085 0.0068879 0.1425026 0.0070668 0.0128698 0.1318264 0.0095856 0.0084618 0.1223923 0.0081135 0.0122566 0.127879 0.0104327 -0.0010719 0.1191676 0.0086105 -0.0119115 0.125955 0.005922 -0.0126984 0.13601 0.0036729 0.0021293 0.1444259 0.0074814 -0.0134351 0.1300435 0.0102603 -0.0045229 0.1196151 0.0102551 0.0041217 0.1195944 0.0035124 -0.0006437 0.1448045 0.0061639 0.0128519 0.1348522 0.0078668 0.0127874 0.1284057 0.0082186 -0.0128079 0.1270214 0.0049766 -0.0114392 0.1391527 0.0098248 0.0073478 0.1209844 0.0089304 -0.0113278 0.1242802 0.0062789 -0.0136472 0.1341041 0.0035217 0.0039456 0.1443708 0.0096371 -0.0086951 0.1214606 0.0074522 -0.0137074 0.1296205 0.0036198 -0.0055326 0.1439788 0.0069668 -0.0139337 0.1313354 0.0040499 -0.0086489 0.1422609 0.0090791 0.0103734 0.1233928 0.0032793 0.0018731 0.1449539 0.0068801 0.0135668 0.131398 0.010334 -0.0003863 0.1184402 0.0033186 -0.0038824 0.1446739 0.0044176 0.0102961 0.1404781 0.0055547 0.0128273 0.1362312 0.0102616 0.002152 0.1185952 0.0102623 -0.0025623 0.1185799 0.0036446 0.0070045 0.1432329 0.0099991 -0.0057168 0.1194279 0.0054346 -0.0132662 0.1364825 0.0093034 0.0092775 0.1219374 0.0050514 -0.0127166 0.1377842 0.0035565 -0.0072823 0.1433908 0.0041575 0.0098915 0.1410506 0.0049248 0.0120426 0.138186 0.0081319 -0.0129495 0.126122 0.0069447 -0.0141691 0.1305599 0.0085951 0.011458 0.1243116 0.0099203 0.0053451 0.1193381 0.0092498 -0.0097587 0.1218058 0.0086772 -0.0116972 0.1239426 0.0058688 -0.0139786 0.134442 0.0032123 0.005107 0.1442828 0.0096742 0.0069984 0.1201154 0.0028895 7.73e-05 0.145325 0.0049725 0.0124683 0.1375663 0.0076769 -0.0135888 0.1273796 0.0076365 0.0131507 0.1274461 0.0051092 -0.0133276 0.1368293 0.0031596 -0.0060506 0.1441418 0.0072331 -0.0140476 0.1287222 0.0040851 -0.0110626 0.1405059 0.0057561 0.0136906 0.134157 0.009937 0.0029417 0.1183206 0.0096483 -0.0065112 0.1193751 0.0078393 0.0127147 0.126022 0.009854 -0.004081 0.1184407 0.0068755 0.0138141 0.1294555 0.009384 -0.0078405 0.1200139 0.0086935 -0.010963 0.1225886 0.0061087 -0.0144817 0.1322482 0.0035506 -0.0098467 0.1418302 0.0027274 0.0041364 0.1447687 0.0042354 0.0117271 0.1391481 0.0052017 0.0134427 0.135538 0.0098778 0.0018528 0.1180146 0.0099012 -0.0015141 0.1179181 0.0098911 -0.0018873 0.117955 0.0079343 -0.0128855 0.1252453 0.0025923 -0.0025341 0.1452563 0.0025411 0.0019522 0.145279 0.0049743 -0.0137581 0.1361351 0.0058714 0.0140215 0.1326699 0.0070283 0.013652 0.1283412 0.0083385 0.0112783 0.1234338 0.0096377 0.0044133 0.1185551 0.0063611 -0.0145303 0.1307616 0.0032237 0.0087655 0.1423743 0.0092688 0.0071445 0.1197565 0.0082193 -0.0119557 0.1236311 0.0052524 -0.0142089 0.1347236 0.0027581 -0.0064812 0.1440751 0.002577 -0.0047365 0.1447571 0.0038832 -0.0119123 0.1396635 0.0071753 -0.0138541 0.1271528 0.0067042 -0.0143381 0.1289138 0.0030651 -0.0090561 0.1425411 0.0027403 0.006926 0.1436068 0.003266 0.0096453 0.1416476 0.0035497 0.0106849 0.140589 0.0073078 0.0131439 0.1265373 0.0093186 0.005834 0.1189958 0.0096603 0.0003642 0.117703 0.0094327 -0.0051994 0.1185395 0.0087362 -0.0097222 0.1211327 0.0056857 -0.0145853 0.1325311 0.0046794 0.0133198 0.1361764 0.0062181 0.0140867 0.1304223 0.0076471 0.0124692 0.1250724 0.0084249 0.0103386 0.1221573 0.0086279 0.0095556 0.1213959 0.0089299 0.0081206 0.120262 0.0094778 -0.004124 0.1181799 0.0040756 -0.0127875 0.1383652 0.0026436 -0.007177 0.1437368 0.0049185 0.0141122 0.1332707 0.0091223 -0.0016912 0.1175028 0.0078722 -0.0110975 0.122154 0.0073286 -0.0126423 0.1241832 0.0020675 0.0093423 0.1419027 0.0027934 0.0118226 0.1391941 0.0064027 0.0131299 0.1256959 0.0069969 0.0118741 0.1234695 0.0080749 -0.0080323 0.1193837 0.0050929 -0.0148038 0.1305205 0.0014879 -0.0064688 0.1440285 0.0044867 0.014412 0.1308402 0.0079355 -0.0053754 0.1178864 0.0008846 -0.0058134 0.144261 0.0006665 -0.002921 0.1450845 0.002181 0.0129149 0.13743 0.0044681 0.0143223 0.1288782 0.0047566 0.0141074 0.1277984 0.0070948 0.0077023 0.1190347 0.007679 0.0009375 0.1168311 0.0076292 -0.0028425 0.1170071 0.0045691 -0.0147362 0.1284227 0.0031082 -0.0146813 0.1338876 0.0027292 -0.0142995 0.1353063 0.0004385 -0.0065358 0.1438964 7.99e-05 -0.0006724 0.1452532 -0.0004263 0.0012294 0.1451156 0.0022118 0.0138411 0.1352807 0.0061127 0.0101188 0.1206785 0.0068379 0.0060714 0.1179548 0.0070727 0.0035691 0.1170697 0.0071881 -0.0013416 0.1166249 0.0057507 -0.0118237 0.1219738 0.0008545 -0.0113954 0.1402905 5.07e-05 -0.0075776 0.1433079 -0.0003197 -0.004061 0.1447027 0.0058154 -0.0097277 0.1196969 0.0044961 -0.013683 0.1246215 0.0042231 -0.0141323 0.1256416 0.0010659 -0.0133829 0.1374539 -0.0003151 -0.0085792 0.1426328 -0.0009493 -0.0018201 0.1450235 -0.0013895 0.0031324 0.1446394 -0.0007812 0.0083527 0.1423778 -0.0005354 0.009559 0.1414616 -0.000259 0.0106614 0.1404304 0.0003739 0.0125089 0.1380679 0.0020581 0.0146119 0.1317732 0.0038969 0.0134315 0.1248916 0.0048216 0.0112304 0.1214266 0.0061448 -0.002871 0.1164389 0.0056066 -0.008205 0.1184379 0.004341 -0.0129994 0.1231597 0.003147 -0.0148256 0.1276211 0.0018654 -0.0150331 0.1324148 0.0012507 0.0145125 0.1327466 0.0018445 0.0146977 0.1305256 0.003916 0.0123887 0.1227705 -0.0010504 -0.0101448 0.1412885 -0.0017973 -0.0051988 0.1440957 -0.0020304 0.007088 0.1429512 0.002318 0.0142446 0.1267042 0.0044266 0.008779 0.1188017 0.0051387 0.0024861 0.1161208 -0.0003014 -0.0138235 0.1364277 -0.0006529 -0.0131035 0.1377444 -0.0012152 -0.0115207 0.1398519 -0.0006366 0.013623 0.1357041 0.0046747 -0.0017382 0.1157947 0.0041939 -0.0075858 0.1175774 0.003455 -0.0112124 0.1203317 0.0011248 -0.0151851 0.1290379 -0.0028632 -0.0048478 0.1439841 -0.003042 -0.0010631 0.144663 -0.003277 0.0053627 0.1435076 0.0016763 0.0138076 0.125001 0.0041647 0.0013456 0.1156588 0.0039712 -0.0051267 0.1163654 0.0016805 -0.0142616 0.1249102 1.53e-05 -0.0152014 0.1311369 -0.002724 -0.0095893 0.1413987 -0.0031954 -0.0066449 0.14317 -0.0035151 -0.0025988 0.1443768 -0.0035722 0.0071029 0.1425644 -0.0029756 0.0101909 0.140341 -0.0023642 0.0121742 0.1380593 -0.0006005 0.014671 0.1314683 0.0003939 0.014584 0.1277482 0.0015298 0.013194 0.1234952 0.0023554 0.011054 0.120401 -0.0010875 -0.014852 0.133211 -0.0042986 0.00536 0.1432256 -0.0037487 0.0090223 0.1411781 0.0001751 0.0143565 0.1265144 0.0015293 0.0120012 0.1214423 0.0031269 0.0017286 0.1154385 0.0030969 -0.0028837 0.1155383 0.0015329 -0.0124323 0.1213632 -1.57e-05 -0.0149811 0.1271494 -0.0034826 -0.0107388 0.1401299 -0.0041278 -0.0073296 0.1425525 -0.0045366 -0.0025966 0.1440942 -0.0050785 0.0008655 0.1440799 -0.0028645 0.0132962 0.1358314 -0.003212 -0.0131016 0.1370603 -0.0035424 -0.0122452 0.1382985 -0.0049859 -0.0037274 0.1437215 -0.0019357 0.0146781 0.1303113 0.0001679 -0.0132233 0.1223675 -0.0014347 -0.0151367 0.1283575 -0.0032781 -0.0139534 0.1352564 -0.0030351 0.0143384 0.132376 -0.0017534 0.0145459 0.1275823 -1.69e-05 0.0119336 0.1210792 0.0005128 -0.0106111 0.1190374 0.0001452 -0.0119001 0.120409 -0.0007933 -0.0140312 0.1239139 -0.0024414 -0.0151298 0.1300764 -0.0064907 0.0031255 0.1432286 -0.0014968 0.0138075 0.1245764 -0.0008673 0.0127127 0.1222186 -0.0038258 -0.014521 0.1332127 -0.005763 -0.0094997 0.1404727 -0.007056 0.0016129 0.1432989 -0.0064913 0.0076636 0.1412028 -0.0062014 0.0092051 0.1401224 -0.0055608 0.0115702 0.1377324 -0.0026741 -0.01486 0.1268629 -0.0038507 -0.0148745 0.1312642 -0.0065904 -0.0075729 0.1415326 -0.0068409 -0.0055066 0.142475 -0.007299 0.0052678 0.1421812 -0.0050251 0.0136628 0.1336976 -0.0013329 -0.0115272 0.1198183 -0.0064274 -0.0108273 0.1388776 -0.0075582 -0.0018025 0.1431318 -0.0080612 0.000468 0.1429882 -0.0058867 0.0130196 0.1348873 -0.0039894 0.0143817 0.1277937 -0.0033172 0.0139503 0.1252781 -0.0030333 -0.0140737 0.124141 -0.0041798 -0.0148968 0.1284274 -0.0063915 -0.0124314 0.1367077 -0.0039181 -0.0144182 0.1254236 -0.0062907 -0.0136171 0.1343012 -0.0076116 -0.0098988 0.1392522 -0.0084467 0.0074958 0.1404026 -0.0072986 0.011958 0.1361198 -0.0094945 0.0008484 0.142291 -0.0056978 0.01414 0.1281242 -0.0035822 0.0113455 0.1202024 -0.0067352 -0.0141598 0.1319291 -0.0088175 -0.0086103 0.1397333 -0.0093293 -0.0046568 0.1416582 -0.0094946 -0.0013948 0.1422855 -0.0022009 -0.0073049 0.1163439 -0.00174 -0.009466 0.1178043 -0.000549 -0.0104837 0.1187811 0.0012269 -0.0103062 0.1188683 0.0020659 -0.0091988 0.1181076 0.0022996 -0.0077405 0.1171763 0.0022983 -0.0045253 0.1157586 0.0022976 -0.001909 0.1152146 0.0022971 0.0011838 0.1151891 0.0022971 0.0044467 0.115889 0.0018502 0.0092023 0.118451 0.0013397 0.0098014 0.1188722 0.0003381 0.0101748 0.1190596 -0.0012265 0.0096674 0.1184163 -0.0021922 0.0077613 0.1169045 -0.0022032 0.0060151 0.1159337 -0.0024217 0.0058471 0.1158468 -0.0022254 0.0038242 0.1151071 -0.0006156 -0.0100994 0.1175338 -0.0006856 -0.0096379 0.1142897 -0.0015401 -0.0091839 0.1143026 -0.0021242 -0.0082651 0.114727 -0.0022847 -0.007234 -0.0276025 -0.002251 -0.0074214 0.0303066 0.0019166 -0.0089088 0.1150269 0.0012995 -0.0096327 0.1163942 0.0011121 -0.0095588 0.11498 0.000439 -0.0098923 0.1163513 0.0003681 -0.0096955 0.1142722 -0.0004522 -0.0160159 -0.0779236 -0.0004434 -0.0091255 -0.0609493 -0.0007952 -0.0135568 -0.0749666 -0.0008579 -0.009584 -0.0657335 -0.0009936 -0.0113561 -0.0712314 -0.0009922 -0.0102926 -0.0685385 -0.0012456 -0.0094307 -0.0657652 -0.0013045 -0.0088963 -0.0619235 -0.0018394 -0.0091805 -0.0668262 -0.0018867 -0.0116664 -0.0732672 -0.0021898 -0.0107128 -0.0726417 -0.0021846 -0.0079232 -0.0629874 -0.0022966 -0.0081357 -0.0670853 -0.0023033 -0.0072137 -0.0614954 -0.0021249 -0.0122861 -0.0750404 -0.0015019 -0.0141985 -0.0764012 -0.0011258 -0.0150403 -0.0770856 0.0021854 -0.0093613 -0.0710189 0.0021513 -0.0076136 -0.0625056 0.0020172 -0.0103881 -0.0716804 0.0018882 -0.0092193 -0.0678453 0.0014241 -0.0094618 -0.0667581 0.0013714 -0.0087605 -0.0614439 0.0013067 -0.0136042 -0.0755265 0.0012507 -0.0107981 -0.0704193 0.0011283 -0.012373 -0.0734297 0.0010709 -0.0092056 -0.0643299 0.0008107 -0.0098991 -0.0671462 0.0006748 -0.0110239 -0.0703248 0.0006794 -0.0091042 -0.0619134 0.0006041 -0.014131 -0.0757404 0.0005415 -0.0093759 -0.0643041 0.0003985 -0.0125659 -0.0733169 0.0006965 -0.0156537 -0.0776227 0.0020459 -0.0120771 -0.0749093 -0.0004134 0.0093125 0.1147132 -0.0008214 0.0094188 0.1165357 -0.0010809 0.0091423 0.1150901 -0.0016905 0.0086622 0.1147434 -0.0022033 0.0073778 0.1139807 -0.0022091 0.0073333 0.1061548 -0.0022497 0.007559 0.0364173 -0.0022292 0.0074454 0.0715019 -0.0022519 0.0075711 0.0326472 -0.0022532 0.0075786 0.0303552 -0.0022649 0.0076432 0.0103856 -0.0022662 0.0076507 0.0080606 0.0022926 0.0078039 0.1174784 0.0019146 0.0086305 0.1161805 0.001528 0.0090799 0.1164807 0.0010449 0.0091769 0.1146879 0.0007128 0.0095821 0.117108 0.0021873 0.0084296 -0.0714693 0.0021881 0.0055964 -0.0709568 0.0021865 0.0111914 -0.0722833 0.0021892 -0.0057906 -0.0719859 0.0021889 -0.0091416 -0.0732959 0.0021891 -0.0008689 -0.0709306 -0.0003751 0.0098835 -0.0585144 -0.0003831 0.0139155 -0.0712158 -0.0004468 0.0102423 -0.0618641 -0.0004492 0.011196 -0.0655937 -0.0007272 0.0122414 -0.0682887 -0.0008652 0.0143909 -0.0720582 -0.0013059 0.0096755 -0.0594964 -0.0013686 0.0104836 -0.0642916 -0.0013738 0.0142054 -0.0721879 -0.0014884 0.0130808 -0.0705906 -0.0017448 0.0093775 -0.0600145 -0.0018441 0.0120737 -0.0694616 -0.0018851 0.0101721 -0.064892 -0.0022475 0.0086699 -0.0616217 -0.0022521 0.0109093 -0.0689156 -0.0008698 0.0169106 -0.075115 -0.0014341 0.016048 -0.0745734 -0.0022948 0.0130444 -0.0730013 0.0021863 0.0089837 -0.0647079 0.0021355 0.0083703 -0.0585784 0.0021122 0.0101735 -0.0670161 0.0017646 0.011586 -0.0685993 0.001533 0.0093718 -0.0585367 0.0015318 0.0095274 -0.0604954 0.001524 0.0143199 -0.0727096 0.0014219 0.0106468 -0.0652639 0.0009419 0.0101039 -0.0618894 0.000937 0.0128061 -0.0696291 0.0008084 0.0111081 -0.0656242 0.0006694 0.014975 -0.0728284 0.0006108 0.0098259 -0.0580346 0.0005417 0.0172127 -0.0753585 0.0021663 0.0130603 -0.0730254 0.001987 0.0141748 -0.0735481 0.0011232 0.0163747 -0.0747743 -0.0094243 0.0034516 0.1418418 -0.0062071 0.0140582 0.1298354 -0.0044835 0.0131523 0.1233852 -0.0085027 0.0099152 0.1382192 -0.0030448 0.0090092 0.1178001 -0.0023191 -0.0041091 0.1150504 -0.0081807 0.0111467 0.1368277 -0.002233 -0.0026363 0.114732 -0.0073339 -0.0135358 0.1335939 -0.0076862 -0.0128974 0.1349137 -0.0093908 -0.0054427 0.1413099 -0.0093607 0.00557 0.1410387 -0.0079038 0.0119857 0.135606 -0.0073833 0.0130078 0.1336613 -0.0023743 0.0029801 0.1148969 -0.0041021 -0.0125614 0.1213187 -0.0059556 -0.0145667 0.1282471 -0.0064409 -0.0144614 0.1300624 -0.0069675 0.0135919 0.1319217 -0.0055222 0.013941 0.1265159 -0.0050467 0.0135665 0.1247363 -0.0046742 -0.0135403 0.1232702 -0.0083419 -0.0114221 0.136996 -0.0094424 -0.0061158 0.1409432 -0.0089754 -0.0092857 0.139007 -0.0028662 -0.0065243 0.1159831 -0.0033405 -0.0093462 0.11775 -0.0036741 -0.0107036 0.1189942 -0.0056555 -0.0143441 0.1263966 -0.0052276 -0.0139362 0.124622 -0.0099054 0.0008346 0.1419886 -0.0038443 0.0104972 0.1193413 -0.0032629 0.0080208 0.1171596 -0.0041445 -0.0118394 0.1204045 -0.0089003 -0.0100764 0.1381994 -0.002747 0.0033065 0.1150491 -0.0095399 0.0064948 0.1403041 -0.0030204 0.0057448 0.1159143 -0.0061152 -0.014352 0.1274373 -0.0082262 -0.0123503 0.1353393 -0.0054051 0.0133738 0.1246949 -0.0033471 -0.00807 0.116939 -0.0068671 0.0137244 0.1300087 -0.0050837 0.0128794 0.123335 -0.0029406 -0.0043882 0.1152718 -0.0100366 -0.0013926 0.1418245 -0.0091397 0.0091584 0.1383457 -0.0046108 0.0118854 0.1214112 -0.0028257 0.0003592 0.1147026 -0.0099817 0.0033595 0.141332 -0.007314 0.0133931 0.1313799 -0.003775 0.0090643 0.1181296 -0.0033346 0.006672 0.1164759 -0.0098269 -0.0056629 0.140729 -0.0094932 0.0076696 0.1393733 -0.0079202 0.0126483 0.1333643 -0.0060639 0.0135734 0.1264227 -0.0077393 -0.0134164 0.1326177 -0.0042345 0.0102737 0.1194373 -0.007222 -0.013929 0.1305481 -0.0096458 -0.0075666 0.1396323 -0.0086396 0.0111919 0.1357905 -0.0102175 0.0004439 0.1415413 -0.0099492 0.005031 0.1405498 -0.0067212 -0.0140581 0.1284236 -0.0093589 -0.0092791 0.1383035 -0.0033459 0.0045907 0.11573 -0.0033781 -0.0053248 0.1158239 -0.008982 -0.0107775 0.1367723 -0.0101181 -0.0038619 0.1410407 -0.0058578 0.013105 0.1250374 -0.0038193 0.0077541 0.1173973 -0.0042415 -0.0100806 0.118929 -0.0048279 -0.0118647 0.1211177 -0.0053236 -0.0128699 0.1229696 -0.0032442 0.0007009 0.1150206 -0.0084496 0.0117261 0.134428 -0.004214 0.0090589 0.1185762 -0.0036781 -0.0065596 0.11653 -0.0087619 -0.0115061 0.1355338 -0.0100283 -0.0055054 0.1402873 -0.0072414 -0.0136973 0.1297518 -0.0049027 0.0110507 0.1209872 -0.0054916 0.0121751 0.1231169 -0.006186 -0.0134515 0.1256462 -0.0034351 -0.0021298 0.115316 -0.0096609 -0.0081876 0.1385891 -0.0064971 0.0130509 0.1267474 -0.0079277 -0.0129869 0.1320294 -0.0095045 0.0084094 0.1379282 -0.0080359 0.0122786 0.1323947 -0.0071563 0.0129932 0.129106 -0.0087596 -0.01142 0.1350382 -0.0101349 0.0041525 0.140181 -0.0038052 0.0050186 0.1164681 -0.0044354 -0.0091774 0.1187876 -0.004174 0.007394 0.1178237 -0.0066435 -0.0133055 0.127006 -0.010293 -0.0019991 0.1406883 -0.0022029 -0.0007918 0.1145483 -0.004563 -0.0167509 -0.0786647 0.0044365 -0.0177355 -0.0797196 -0.0045645 -0.0195325 -0.0819651 0.0044355 -0.0195311 -0.0819703 -0.0045664 -0.0217473 -0.0856696 -0.0045619 -0.013475 -0.0758545 -0.0045613 -0.0110581 -0.0742899 -0.0023108 -0.0064751 -0.072209 -0.0045608 -0.0064754 -0.0722077 -0.0023108 -0.0044066 -0.0715874 -0.0045608 -0.0030031 -0.0712652 -0.0023109 -0.0008696 -0.070928 -0.0045612 0.0012835 -0.0707612 -0.0023115 0.0034437 -0.0707713 -0.0045616 0.0041623 -0.0708116 -0.0023125 0.0077261 -0.07131 -0.0045629 0.009127 -0.0716409 -0.0045646 0.0138486 -0.0733852 -0.0045661 0.0169793 -0.0751584 0.0044339 0.0169807 -0.0751636 0.0044357 0.0131968 -0.0730873 0.0044371 0.0091284 -0.0716462 0.0044384 0.0041636 -0.0708169 0.004439 -0.0001523 -0.0708574 0.0044392 -0.0030017 -0.0712704 0.0044389 -0.0091412 -0.0732972 0.0044385 -0.0116765 -0.0746618 0.0044379 -0.0140505 -0.0762908 -0.0023112 -0.0104283 -0.0739414 0.0044336 -0.0217459 -0.0856748 -0.0045759 0.0238097 -0.0901333 0.0044245 0.0238135 -0.0895306 -0.0045737 0.0235333 -0.0865017 0.0044274 0.0231369 -0.0847277 -0.0045711 0.0223436 -0.0824249 0.0044303 0.0212663 -0.0802525 -0.0045687 0.0202781 -0.0787143 0.0044317 0.0199184 -0.0782304 -0.0045673 0.0187427 -0.0768306 0.0044143 0.0165445 -0.1089658 -0.0045857 0.0165431 -0.1089605 0.0044159 0.0192109 -0.1055726 -0.0045839 0.0196001 -0.1049626 0.0044171 0.0206754 -0.1030944 -0.0045816 0.0218686 -0.10047 0.0044191 0.0223617 -0.099122 -0.0045805 0.0225792 -0.0984308 -0.0045786 0.0233974 -0.0949278 0.0044214 0.0233988 -0.094933 0.0044226 0.0236651 -0.0927901 0.0044327 -0.0222809 -0.0874178 -0.0045686 -0.0227313 -0.0898008 0.0044307 -0.0228391 -0.0910169 -0.0045697 -0.0228659 -0.091619 -0.0045714 -0.0227015 -0.0946511 0.0044286 -0.0227002 -0.0946564 0.0044267 -0.0220549 -0.0976236 -0.004574 -0.0216668 -0.0987699 -0.0045751 -0.0209466 -0.1004448 0.0044249 -0.0209452 -0.1004501 -0.0045781 -0.01818 -0.1048397 0.0044219 -0.0181787 -0.1048449 0.00442 -0.015843 -0.1075809 -0.0045804 -0.0153349 -0.1080845 0.0044182 -0.0131668 -0.109985 -0.0045825 -0.0120127 -0.1108387 0.0044169 -0.010812 -0.1116407 -0.0045837 -0.0095736 -0.1123676 0.0044157 -0.0082955 -0.1130384 -0.0045859 -0.0042808 -0.1146126 0.0044141 -0.0042794 -0.1146178 0.0084779 -0.0097312 0.1265414 0.005645 -0.0097659 0.1371389 0.0065111 -0.0110158 0.1338954 0.0095143 -0.0057033 0.1226755 0.0070617 -0.0112182 0.1318354 0.0043489 0.0029066 0.1420212 0.0046074 -0.0057635 0.1410308 0.0058873 -0.0102459 0.1362312 0.0042271 -0.0002833 0.1424684 0.004869 -0.0072245 0.1400483 0.0095126 0.0052663 0.122711 0.0046058 0.0052061 0.1410663 0.0042646 -0.002057 0.1423231 0.0044104 -0.0041572 0.1417722 0.0053403 -0.0089829 0.1382808 0.007885 -0.0107345 0.1287567 0.0088559 -0.0087144 0.1251301 0.0098177 0.0022908 0.1215617 0.0084751 0.0092687 0.1266029 0.0056421 0.009234 0.1372004 0.0090621 0.0075326 0.1244025 0.0097969 -0.0030542 0.1216253 0.0075166 0.0105822 0.130192 0.0049905 0.0072217 0.1396327 0.0064162 0.0104276 0.1343079 0.009893 -0.0002139 0.1212734 -0.0097811 -0.0002733 0.1387237 -0.0097572 -0.0016877 0.1386306 -0.0096295 -0.0038056 0.1381471 -0.0094007 -0.0057534 0.1372861 -0.0097065 0.0022333 0.1384516 -0.0094023 0.0052162 0.1373216 -0.0090176 0.0072317 0.135888 -0.008366 0.009244 0.1334557 -0.0079506 0.0100111 0.131904 -0.0069497 0.010731 0.1281617 -0.0062164 0.0103662 0.1254177 -0.005533 0.0092787 0.1228582 -0.0044955 0.0052763 0.1189663 -0.0047571 0.0067373 0.1199488 -0.0042667 0.0033285 0.1181053 -0.0041151 -0.0002038 0.1175287 -0.0044938 -0.0056933 0.1189308 -0.0042973 -0.0040822 0.1181998 -0.0055302 -0.0097212 0.1227967 -0.0050111 -0.0082241 0.120859 -0.0060338 -0.010612 0.1246783 -0.0069464 -0.0112082 0.1280907 -0.006396 -0.0109923 0.1260321 -0.0083631 -0.0097559 0.1333942 -0.0078593 -0.0106344 0.1315069 -0.0090154 -0.0077595 0.1358395 -0.0022074 -0.0016755 0.1065954 -0.0022077 0.0013306 0.1069735 -0.0022073 -0.0009276 0.1070686 -0.0022073 -0.0009651 0.1070231 -0.002207 -0.0009839 0.1075995 -0.0022079 0.0013318 0.1066051 -0.0022083 -0.0016204 0.1050552 -0.002209 -0.001294 0.1039453 -0.0022094 -0.0001048 0.1036918 -0.0022093 0.0012264 0.1042043 -0.0022084 -5.1e-06 0.1054475 -0.0022087 0.0012801 0.1052183 -0.0022092 -7.21e-05 0.104061 -0.0022089 0.0002741 0.1045017 -0.0022086 0.0002451 0.1051274 -0.0022088 0.0010686 0.1049056 -0.0022091 0.0008973 0.1043255 -0.0022086 0.0007865 0.1052087 -0.0022081 -0.0009861999 0.1056185 -0.0022084 0.0008018 0.1055772 -0.002305 -0.0009328 -0.0606977 -0.0023058 -0.0005685 -0.0620924 -0.002306 -0.0010193 -0.0624861 -0.0023056 0.0018744 -0.0610632 -0.0023063 0.0017195 -0.062306 -0.0023069 0.0011505 -0.0635081 -0.0023063 0.0011542 -0.0624117 -0.0023069 0.0004705 -0.0636073 -0.0023067 0.0008075 -0.0631916 -0.0023066 0.0016151 -0.0627791 -0.0023047 -3.25e-05 -0.0599619 -0.0023059 -5.4e-05 -0.0620104 -0.0023068 0.0015822 -0.063149 -0.0023062 0.0006698 -0.0623527 -0.0023061 0.0012228 -0.0620659 -0.002305 -0.0004737 -0.0607024 -0.002307 0.0016969 -0.0635536 -0.0023071 0.0012752 -0.0638313 -0.0023064 -0.0010975 -0.0632199 -0.0023068 -0.0007055 -0.0637559 -0.0023067 0.0019316 -0.0629176 0.0044143 0.0165445 -0.1089658 -0.0045857 0.0165431 -0.1089605 -0.0045857 0.0152995 -0.1092981 0.0044143 0.0153008 -0.1093033 -0.0045859 -0.0042808 -0.1146126 0.0044141 -0.0042794 -0.1146178 -0.0045858 -0.0030371 -0.114275 0.0044142 -0.0030358 -0.1142802 -0.0045857 0.0152995 -0.1092981 0.0044143 0.0153008 -0.1093033 -0.0045858 -0.0030371 -0.114275 0.0044142 -0.0030358 -0.1142802 0.0044249 0.0098424 -0.0924958 -0.0045751 0.009841 -0.0924905 0.0044241 0.010901 -0.0936392 -0.0045759 0.0108304 -0.093523 -0.0045761 -0.0071607 -0.0985359 -0.0045754 -0.006968 -0.0973796 -0.0045739 -0.005003 -0.0942919 -0.0045745 -0.0059767 -0.0955327 -0.0045728 0.0010457 -0.0907913 -0.0045729 -0.0015573 -0.0916953 -0.0045733 -0.0032455 -0.0927117 -0.0045742 0.0080005 -0.091478 -0.0045735 0.0057469 -0.0907658 -0.0045731 0.0041837 -0.0905566 0.0044238 -0.0071531 -0.0988026 0.0044245 -0.0070056 -0.0975096 0.0044263 0.0065153 -0.0909562 0.0044272 0.001047 -0.0907965 0.004426 -0.005261 -0.0945945 0.0044267 -0.0032442 -0.092717 0.0044268 0.0045784 -0.0905938 -0.004563 -0.0167509 -0.0786647 -0.0045645 -0.0195325 -0.0819651 -0.0045664 -0.0217473 -0.0856696 -0.0045619 -0.013475 -0.0758545 -0.0045613 -0.0110581 -0.0742899 -0.0045608 -0.0064754 -0.0722077 -0.0045608 -0.0030031 -0.0712652 -0.0045612 0.0012835 -0.0707612 -0.0045616 0.0041623 -0.0708116 -0.0045629 0.009127 -0.0716409 -0.0045646 0.0138486 -0.0733852 -0.0045661 0.0169793 -0.0751584 -0.0045759 0.0238097 -0.0901333 -0.0045737 0.0235333 -0.0865017 -0.0045711 0.0223436 -0.0824249 -0.0045687 0.0202781 -0.0787143 -0.0045673 0.0187427 -0.0768306 -0.0045857 0.0165431 -0.1089605 -0.0045839 0.0196001 -0.1049626 -0.0045816 0.0218686 -0.10047 -0.0045805 0.0225792 -0.0984308 -0.0045786 0.0233974 -0.0949278 -0.0045857 0.0152995 -0.1092981 -0.0045686 -0.0227313 -0.0898008 -0.0045697 -0.0228659 -0.091619 -0.0045714 -0.0227015 -0.0946511 -0.004574 -0.0216668 -0.0987699 -0.0045751 -0.0209466 -0.1004448 -0.0045781 -0.01818 -0.1048397 -0.0045804 -0.0153349 -0.1080845 -0.0045825 -0.0120127 -0.1108387 -0.0045837 -0.0095736 -0.1123676 -0.0045859 -0.0042808 -0.1146126 -0.0045858 -0.0030371 -0.114275 -0.0045751 0.009841 -0.0924905 -0.0045759 0.0108304 -0.093523 -0.0045761 -0.0071607 -0.0985359 -0.0045754 -0.006968 -0.0973796 -0.0045739 -0.005003 -0.0942919 -0.0045745 -0.0059767 -0.0955327 -0.0045728 0.0010457 -0.0907913 -0.0045729 -0.0015573 -0.0916953 -0.0045733 -0.0032455 -0.0927117 -0.0045742 0.0080005 -0.091478 -0.0045735 0.0057469 -0.0907658 -0.0045731 0.0041837 -0.0905566 0.0044365 -0.0177355 -0.0797196 0.0044355 -0.0195311 -0.0819703 0.0044339 0.0169807 -0.0751636 0.0044357 0.0131968 -0.0730873 0.0044371 0.0091284 -0.0716462 0.0044384 0.0041636 -0.0708169 0.004439 -0.0001523 -0.0708574 0.0044392 -0.0030017 -0.0712704 0.0044389 -0.0091412 -0.0732972 0.0044385 -0.0116765 -0.0746618 0.0044379 -0.0140505 -0.0762908 0.0044336 -0.0217459 -0.0856748 0.0044245 0.0238135 -0.0895306 0.0044274 0.0231369 -0.0847277 0.0044303 0.0212663 -0.0802525 0.0044317 0.0199184 -0.0782304 0.0044143 0.0165445 -0.1089658 0.0044159 0.0192109 -0.1055726 0.0044171 0.0206754 -0.1030944 0.0044191 0.0223617 -0.099122 0.0044214 0.0233988 -0.094933 0.0044226 0.0236651 -0.0927901 0.0044143 0.0153008 -0.1093033 0.0044327 -0.0222809 -0.0874178 0.0044307 -0.0228391 -0.0910169 0.0044286 -0.0227002 -0.0946564 0.0044267 -0.0220549 -0.0976236 0.0044249 -0.0209452 -0.1004501 0.0044219 -0.0181787 -0.1048449 0.00442 -0.015843 -0.1075809 0.0044182 -0.0131668 -0.109985 0.0044169 -0.010812 -0.1116407 0.0044157 -0.0082955 -0.1130384 0.0044141 -0.0042794 -0.1146178 0.0044142 -0.0030358 -0.1142802 0.0044249 0.0098424 -0.0924958 0.0044241 0.010901 -0.0936392 0.0044238 -0.0071531 -0.0988026 0.0044245 -0.0070056 -0.0975096 0.0044263 0.0065153 -0.0909562 0.0044272 0.001047 -0.0907965 0.004426 -0.005261 -0.0945945 0.0044267 -0.0032442 -0.092717 0.0044268 0.0045784 -0.0905938 0.0046074 -0.0057635 0.1410308 0.0042271 -0.0002833 0.1424684 0.0044104 -0.0041572 0.1417722 0.0027086 -0.0028228 0.1405329 0.0046074 -0.0057635 0.1410308 0.0042271 -0.0002833 0.1424684 0.0027086 -0.0028228 0.1405329 -0.0097811 -0.0002733 0.1387237 -0.0075027 -0.0028155 0.1378031 -0.0094007 -0.0057534 0.1372861 -0.0097811 -0.0002733 0.1387237 -0.0075027 -0.0028155 0.1378031 -0.0097572 -0.0016877 0.1386306 -0.0096295 -0.0038056 0.1381471 -0.0094007 -0.0057534 0.1372861 0.0043489 0.0029066 0.1420212 0.0042271 -0.0002833 0.1424684 0.0046058 0.0052061 0.1410663 0.0027078 0.0022682 0.1405493 0.0042271 -0.0002833 0.1424684 0.0046058 0.0052061 0.1410663 -0.0097811 -0.0002733 0.1387237 0.0027078 0.0022682 0.1405493 -0.008571 0.000916 0.1383412 -0.0097065 0.0022333 0.1384516 -0.0094023 0.0052162 0.1373216 -0.0079435 0.0031536 0.1377049 0.0046058 0.0052061 0.1410663 0.0056421 0.009234 0.1372004 0.0049905 0.0072217 0.1396327 0.0033646 0.0066852 0.1381044 0.0046058 0.0052061 0.1410663 0.0056421 0.009234 0.1372004 -0.0094023 0.0052162 0.1373216 0.0033646 0.0066852 0.1381044 0.0054648 0.009073 0.1372485 -0.008366 0.009244 0.1334557 -0.0071683 0.0074444 0.1348429 -0.0094023 0.0052162 0.1373216 -0.0090176 0.0072317 0.135888 -0.008366 0.009244 0.1334557 -0.0071683 0.0074444 0.1348429 0.0056421 0.009234 0.1372004 0.0064162 0.0104276 0.1343079 0.0045028 0.0092447 0.1338533 0.0068635 0.0106278 0.1320204 0.0056421 0.009234 0.1372004 -0.008366 0.009244 0.1334557 0.0045028 0.0092447 0.1338533 0.0068635 0.0106278 0.1320204 -0.0057085 0.009252 0.1311236 -0.0069497 0.010731 0.1281617 -0.008366 0.009244 0.1334557 -0.0057085 0.009252 0.1311236 -0.0079506 0.0100111 0.131904 -0.0069497 0.010731 0.1281617 0.0084751 0.0092687 0.1266029 0.0075166 0.0105822 0.130192 0.0068635 0.0106278 0.1320204 -0.0069497 0.010731 0.1281617 0.0067274 0.0104373 0.1313048 0.0058176 0.0092608 0.128935 -0.0043937 0.0092681 0.1262053 -0.005533 0.0092787 0.1228582 -0.0069497 0.010731 0.1281617 -0.0043937 0.0092681 0.1262053 -0.0062164 0.0103662 0.1254177 -0.005533 0.0092787 0.1228582 0.0095126 0.0052663 0.122711 0.0084751 0.0092687 0.1266029 0.0090621 0.0075326 0.1244025 0.0069566 0.0067292 0.1246674 0.0095126 0.0052663 0.122711 0.0084751 0.0092687 0.1266029 -0.005533 0.0092787 0.1228582 0.0069566 0.0067292 0.1246674 -0.0032547 0.0067365 0.1219377 -0.0044955 0.0052763 0.1189663 -0.005533 0.0092787 0.1228582 -0.0032547 0.0067365 0.1219377 -0.0044955 0.0052763 0.1189663 -0.0047571 0.0067373 0.1199488 0.0095126 0.0052663 0.122711 0.0098177 0.0022908 0.1215617 0.009893 -0.0002139 0.1212734 0.0076981 0.0025146 0.1222169 0.0076216 0.0023443 0.1221959 0.0095126 0.0052663 0.122711 0.009893 -0.0002139 0.1212734 -0.0044955 0.0052763 0.1189663 0.0076981 0.0025146 0.1222169 0.0076216 0.0023443 0.1221959 -0.002673 0.0025067 0.1194444 -0.0041151 -0.0002038 0.1175287 -0.0044955 0.0052763 0.1189663 -0.002673 0.0025067 0.1194444 -0.0042667 0.0033285 0.1181053 -0.0041151 -0.0002038 0.1175287 0.0095143 -0.0057033 0.1226755 0.0097969 -0.0030542 0.1216253 0.009893 -0.0002139 0.1212734 0.007714 -0.0026142 0.1221157 0.0095143 -0.0057033 0.1226755 0.009893 -0.0002139 0.1212734 -0.0041151 -0.0002038 0.1175287 0.007714 -0.0026142 0.1221157 -0.0025959 -0.0027554 0.1194478 -0.0044938 -0.0056933 0.1189308 -0.0041151 -0.0002038 0.1175287 -0.0025959 -0.0027554 0.1194478 -0.0044938 -0.0056933 0.1189308 -0.0042973 -0.0040822 0.1181998 0.0084779 -0.0097312 0.1265414 0.0095143 -0.0057033 0.1226755 0.0088559 -0.0087144 0.1251301 -0.0044938 -0.0056933 0.1189308 0.0073176 -0.006921 0.1242576 0.0070713 -0.0074751 0.1248277 -0.003333 -0.0070011 0.1215666 -0.0055302 -0.0097212 0.1227967 -0.0050111 -0.0082241 0.120859 -0.003453 -0.0074675 0.1220143 0.0084779 -0.0097312 0.1265414 0.0070617 -0.0112182 0.1318354 0.007885 -0.0107345 0.1287567 0.0058204 -0.0097391 0.1288735 0.0084779 -0.0097312 0.1265414 0.0070617 -0.0112182 0.1318354 -0.0055302 -0.0097212 0.1227967 0.0058204 -0.0097391 0.1288735 -0.0043909 -0.0097318 0.1261438 -0.0069464 -0.0112082 0.1280907 -0.0055302 -0.0097212 0.1227967 -0.0043909 -0.0097318 0.1261438 -0.0060338 -0.010612 0.1246783 -0.0069464 -0.0112082 0.1280907 -0.006396 -0.0109923 0.1260321 0.005645 -0.0097659 0.1371389 0.0065111 -0.0110158 0.1338954 0.0070617 -0.0112182 0.1318354 0.0058873 -0.0102459 0.1362312 0.0045057 -0.0097552 0.1337918 0.005645 -0.0097659 0.1371389 0.0070617 -0.0112182 0.1318354 -0.0069464 -0.0112082 0.1280907 0.0045057 -0.0097552 0.1337918 -0.0057056 -0.0097479 0.1310621 -0.0083631 -0.0097559 0.1333942 -0.0069464 -0.0112082 0.1280907 -0.0057056 -0.0097479 0.1310621 -0.0083631 -0.0097559 0.1333942 -0.0078593 -0.0106344 0.1315069 0.005645 -0.0097659 0.1371389 0.0046074 -0.0057635 0.1410308 -0.0094007 -0.0057534 0.1372861 -0.0083631 -0.0097559 0.1333942 -0.0068447 -0.0072164 0.1353297 0.0034047 -0.0071388 0.138223 -0.0094007 -0.0057534 0.1372861 -0.0083631 -0.0097559 0.1333942 -0.0090154 -0.0077595 0.1358395 -0.0068447 -0.0072164 0.1353297 0.005645 -0.0097659 0.1371389 0.0046074 -0.0057635 0.1410308 0.004869 -0.0072245 0.1400483 0.0053403 -0.0089829 0.1382808 0.0034047 -0.0071388 0.138223 -0.0022599 -0.0002463 0.0168502 -0.0022595 3.28e-05 0.0175712 -0.0022597 0.0016197 0.0176332 -0.0022603 0.001623 0.0166018 -0.0023063 0.0011542 -0.0624117 -0.0023066 0.0016151 -0.0627791 -0.0020563 0.0011748 -0.0624156 -0.0020564 0.0014416 -0.0625193 -0.0023066 0.0016151 -0.0627791 -0.0023068 0.0015822 -0.063149 -0.0020564 0.0014416 -0.0625193 -0.0020568 0.0015093 -0.0632702 -0.0023069 0.0011505 -0.0635081 -0.0023069 0.0004705 -0.0636073 -0.0020569 0.0005283 -0.0635661 -0.0020568 0.0015093 -0.0632702 -0.0023063 0.0011542 -0.0624117 -0.0023061 0.0012228 -0.0620659 -0.0020563 0.0011748 -0.0624156 -0.0020561 0.0011815 -0.0620602 -0.0023058 -0.0005685 -0.0620924 -0.002306 -0.0010193 -0.0624861 -0.0023059 -5.4e-05 -0.0620104 -0.0023064 -0.0010975 -0.0632199 -0.0023068 -0.0007055 -0.0637559 -0.002056 0.0003367 -0.0620975 -0.0020558 -0.000508 -0.0620696 -0.0020559 -0.00094 -0.0623702 -0.0020562 -0.0011271 -0.0628259 -0.0020565 -0.0010439 -0.063361 -0.0020568 -0.000591 -0.0638208 -0.0023071 0.0012752 -0.0638313 -0.0023068 -0.0007055 -0.0637559 -0.0020568 -0.000591 -0.0638208 -0.0020571 0.0005592 -0.0639713 -0.002307 0.0016969 -0.0635536 -0.0023071 0.0012752 -0.0638313 -0.0020571 0.0005592 -0.0639713 -0.0020571 0.0012753 -0.0638315 -0.002057 0.0016546 -0.0635969 -0.002307 0.0016969 -0.0635536 -0.0023067 0.0019316 -0.0629176 -0.002057 0.0016546 -0.0635969 -0.0020565 0.0019024 -0.0626523 -0.0023063 0.0017195 -0.062306 -0.0023061 0.0012228 -0.0620659 -0.0020561 0.0011815 -0.0620602 -0.0020565 0.0019024 -0.0626523 -0.0020554 0.0018732 -0.060695 -0.0020556 0.0018744 -0.0610634 -0.0020546 -0.0003886 -0.0599632 -0.0020547 -3.25e-05 -0.0599621 -0.002055 -0.0004595 -0.0606872 -0.0020552 -0.0011402 -0.0610731 -0.002055 -0.0011409 -0.0608337 -0.002305 -0.0009328 -0.0606977 -0.0023047 -3.25e-05 -0.0599619 -0.0020546 -0.0003886 -0.0599632 -0.002055 -0.0011409 -0.0608337 -0.0023047 -3.25e-05 -0.0599619 -0.002305 -0.0004737 -0.0607024 -0.0020547 -3.25e-05 -0.0599621 -0.002055 -0.0004595 -0.0606872 -0.0022672 0.0016612 0.004809 -0.002267 0.00166 0.0051774 -0.002017 0.00166 0.0051773 -0.0020172 0.0016612 0.0048089 -0.002017 0.00166 0.0051773 -0.0020172 0.0016612 0.0048089 -0.0020162 -0.0001827 0.0061475 -0.002016 0.0001755 0.0064657 -0.0020157 -0.000561 0.00686 -0.0020163 -0.0005243 0.0057281 -0.0020156 -0.0001722 0.0071295 -0.0020169 -0.0002578 0.0048889 -0.0020163 -0.0001327 0.0058916 -0.0020162 -0.0002158 0.0061255 -0.0020155 0.0016517 0.0077598 -0.0020157 0.0016529 0.0073914 -0.0020167 -0.0001396 0.0052771 -0.0020162 -0.0001873 0.0061446 -0.0020165 0.0016571 0.0061005 -0.0020158 -0.0002248 0.0066901 -0.0020163 0.0003848 0.0060964 -0.0020166 -0.0005412 0.0052743 -0.0020155 0.0002884 0.007374 -0.0020152 -0.0005194 0.0077527 -0.0020154 -0.0005184 0.0074212 -0.0022662 -0.0001827 0.0061477 -0.0022662 -0.0001873 0.0061447 -0.0020162 -0.0001827 0.0061475 -0.0020162 -0.0002158 0.0061255 -0.0020162 -0.0001873 0.0061446 -0.0022664 -0.0005435 0.0056564 -0.0022662 -0.0001873 0.0061447 -0.0020163 -0.0005243 0.0057281 -0.0020162 -0.0002158 0.0061255 -0.0022668 -0.0003381 0.0049386 -0.0022664 -0.0005435 0.0056564 -0.0020163 -0.0005243 0.0057281 -0.0020166 -0.0005412 0.0052743 -0.0022668 -0.0003381 0.0049386 -0.0022672 0.0016612 0.004809 -0.0020172 0.0016612 0.0048089 -0.0020169 -0.0002578 0.0048889 -0.0022659 -0.0005318 0.0065121 -0.0022662 -0.0001873 0.0061447 -0.0020162 -0.0001827 0.0061475 -0.0020157 -0.000561 0.00686 -0.0022652 -0.0005195 0.0077529 -0.0022654 -0.0005184 0.0074213 -0.0020152 -0.0005194 0.0077527 -0.0020154 -0.0005184 0.0074212 -0.0022652 -0.0005195 0.0077529 -0.0022655 0.0016517 0.0077599 -0.0020155 0.0016517 0.0077598 -0.0020152 -0.0005194 0.0077527 -0.0022655 0.0016517 0.0077599 -0.0022657 0.0016528 0.0073915 -0.0020155 0.0016517 0.0077598 -0.0020157 0.0016529 0.0073914 -0.0022657 -0.0002487 0.006847 -0.002266 0.0001755 0.0064658 -0.0022662 0.0016558 0.006469 -0.002016 0.0001755 0.0064657 -0.0020158 -0.0002248 0.0066901 -0.0022655 -8.46e-05 0.007235 -0.0022657 -0.0002487 0.006847 -0.0020156 -0.0001722 0.0071295 -0.0020158 -0.0002248 0.0066901 -0.0022655 -8.46e-05 0.007235 -0.0022657 0.0016528 0.0073915 -0.0020157 0.0016529 0.0073914 -0.0020155 0.0002884 0.007374 -0.0022667 -1.66e-05 0.005205 -0.002267 0.00166 0.0051774 -0.002017 0.00166 0.0051773 -0.0020167 -0.0001396 0.0052771 -0.0022663 2.28e-05 0.0060227 -0.0022665 0.001657 0.0061007 -0.0020165 0.0016571 0.0061005 -0.0020163 0.0003848 0.0060964 -0.002015 0.0016488 0.0086523 -0.0020152 0.0016499 0.0083223 -0.002014 -0.0005258 0.0097113 -0.0020138 -0.000527 0.0100797 -0.0020143 0.0010891 0.0096892 -0.0020141 0.0013317 0.0100089 -0.0020148 -0.0005213 0.0083153 -0.0020146 -0.0005225 0.0086837 -0.0020149 0.0014334 0.0087388 -0.0020145 0.0016869 0.0094832 -0.0020145 0.0013655 0.0093902 -0.0020148 0.0011872 0.0088233 -0.0022652 0.0016498 0.0083225 -0.0022648 -0.0005213 0.0083154 -0.0020152 0.0016499 0.0083223 -0.0020148 -0.0005213 0.0083153 -0.0022648 -0.0005213 0.0083154 -0.0022646 -0.0005225 0.0086838 -0.0020148 -0.0005213 0.0083153 -0.0020146 -0.0005225 0.0086837 -0.0022643 0.0010478 0.0096968 -0.002264 -0.0005258 0.0097114 -0.002014 -0.0005258 0.0097113 -0.0020143 0.0010891 0.0096892 -0.0022644 0.0013302 0.0094894 -0.0022643 0.0010478 0.0096968 -0.0020143 0.0010891 0.0096892 -0.0020145 0.0013655 0.0093902 -0.0022648 0.001085 0.0087611 -0.0022646 0.0013773 0.009221 -0.0020145 0.0013655 0.0093902 -0.0020148 0.0011872 0.0088233 -0.0022648 0.001085 0.0087611 -0.0022646 -0.0005225 0.0086838 -0.0020146 -0.0005225 0.0086837 -0.0020148 0.0011872 0.0088233 -0.002264 -0.0005258 0.0097114 -0.0022638 -0.000527 0.0100798 -0.002014 -0.0005258 0.0097113 -0.0020138 -0.000527 0.0100797 -0.0022642 0.0013759 0.0099878 -0.0022647 0.0016848 0.0091849 -0.0020141 0.0013317 0.0100089 -0.0020145 0.0016869 0.0094832 -0.0022642 0.0013759 0.0099878 -0.0022638 -0.000527 0.0100798 -0.0020138 -0.000527 0.0100797 -0.0020141 0.0013317 0.0100089 -0.0022636 0.0016411 0.0110139 -0.0022638 0.0016423 0.0106455 -0.0020136 0.0016412 0.0110138 -0.0020138 0.0016424 0.0106454 -0.0022638 0.0016423 0.0106455 -0.0022635 -0.0005288 0.0106385 -0.0020138 0.0016424 0.0106454 -0.0020135 -0.0005288 0.0106384 -0.0022636 0.0016411 0.0110139 -0.0022632 -0.0009414 0.0110056 -0.0020136 0.0016412 0.0110138 -0.0020133 -0.00053 0.0110067 -0.0020136 0.0016412 0.0110138 -0.0020138 0.0016424 0.0106454 -0.0020135 -0.0005288 0.0106384 -0.0020133 -0.00053 0.0110067 -0.0022632 -0.0009414 0.0110056 -0.0022634 -0.0009402 0.0106372 -0.0020132 -0.0009413 0.0110054 -0.0020134 -0.0009401 0.010637 -0.0022634 -0.0009402 0.0106372 -0.0022634 -0.0013577 0.0106358 -0.0020134 -0.0009401 0.010637 -0.0020134 -0.0013576 0.0106357 -0.0022631 -0.0013589 0.0110042 -0.0022634 -0.0013577 0.0106358 -0.0020134 -0.0013576 0.0106357 -0.0020131 -0.0013588 0.0110041 -0.0022631 -0.0013589 0.0110042 -0.0022632 -0.0009414 0.0110056 -0.0020132 -0.0009413 0.0110054 -0.0020131 -0.0013588 0.0110041 -0.0020132 -0.0009413 0.0110054 -0.0020134 -0.0009401 0.010637 -0.0020134 -0.0013576 0.0106357 -0.0020131 -0.0013588 0.0110041 -0.0022626 -0.0013619 0.0119474 -0.0022628 -0.0013607 0.011579 -0.0020128 -0.0013607 0.0115789 -0.0020126 -0.0013619 0.0119473 -0.0022626 -0.0013619 0.0119474 -0.0022628 -0.0002852 0.0119547 -0.0020126 -0.0013619 0.0119473 -0.0020127 -0.0008235 0.0119495 -0.002263 0.0014864 0.0119327 -0.002263 0.0013619 0.0119355 -0.002013 0.0013619 0.0119354 -0.0022624 0.0015601 0.0129914 -0.0022621 0.0009961 0.0134078 -0.0020124 0.0015601 0.0129913 -0.002012 0.0006083 0.0134692 -0.0022621 -0.0004567 0.0130195 -0.002262 -1.26e-05 0.0133739 -0.0022621 0.0009961 0.0134078 -0.002012 0.0006083 0.0134692 -0.002012 -0.0001367 0.0133148 -0.0020123 -0.000575 0.0126902 -0.0022621 -0.0004567 0.0130195 -0.0022626 -0.0004905 0.0121729 -0.0020123 -0.000575 0.0126902 -0.0020126 -0.0004904 0.0121727 -0.0022626 -0.0004905 0.0121729 -0.0022626 -0.0004796 0.0121549 -0.0022626 -0.0004681 0.0121372 -0.0022626 -0.000456 0.0121198 -0.0022626 -0.0004431 0.0121027 -0.0022627 -0.0004294 0.0120857 -0.0022627 -0.0004149 0.0120689 -0.0020126 -0.0004904 0.0121727 -0.0020126 -0.0004796 0.0121548 -0.0020126 -0.0004681 0.0121371 -0.0020126 -0.0004559 0.0121197 -0.0020126 -0.000443 0.0121025 -0.0020127 -0.0004294 0.0120855 -0.0020127 -0.0004149 0.0120687 -0.0022627 -0.0004149 0.0120689 -0.0022628 -0.0002852 0.0119547 -0.0020128 -0.0002851 0.0119546 -0.0020127 -0.0004149 0.0120687 -0.002263 0.0014864 0.0119327 -0.0022631 0.0016246 0.0119325 -0.002013 0.0013619 0.0119354 -0.0020131 0.0016246 0.0119324 -0.002013 0.0014865 0.0119326 -0.0022619 0.0015281 0.0138424 -0.002261 0.0016289 0.0153821 -0.0022617 0.0013917 0.0142498 -0.002012 0.0016322 0.013792 -0.0020113 0.0016725 0.0149256 -0.0020111 0.0016368 0.0153583 -0.0020117 0.0015708 0.0142015 -0.0022606 3.02e-05 0.0157182 -0.0022608 -0.0004816 0.0153234 -0.0020106 6.2e-05 0.0157247 -0.0020107 -0.0003847 0.0154748 -0.0022615 -0.0003826 0.0140571 -0.0022617 0.0001872 0.0139067 -0.002012 0.0016322 0.013792 -0.0020114 -0.0004793 0.0141806 -0.0022606 3.02e-05 0.0157182 -0.0022608 9.37e-05 0.0153607 -0.0020106 6.2e-05 0.0157247 -0.0020108 9.37e-05 0.0153606 -0.002261 0.0016289 0.0153821 -0.0022608 0.0012718 0.0157586 -0.0020111 0.0016368 0.0153583 -0.0020108 0.0013224 0.0157375 -0.0022607 0.000712 0.0156945 -0.0022608 0.0012718 0.0157586 -0.0020108 0.0013224 0.0157375 -0.0020107 0.000651 0.0156461 -0.0022603 0.001623 0.0166018 -0.0022606 0.0016242 0.0162319 -0.0020103 0.0016231 0.0166016 -0.0020106 0.0016243 0.0162317 -0.0020103 0.0016231 0.0166016 -0.0020106 0.0016243 0.0162317 -0.0020103 3.27e-05 0.0162357 -0.00201 -0.0001343 0.0166974 -0.00201 -0.0005263 0.0166069 -0.0020095 -0.0002972 0.017621 -0.0020095 -0.0002972 0.017621 -0.0020095 0.0016185 0.0180015 -0.0020097 0.0016197 0.0176331 -0.0020095 4.8e-05 0.0175769 -0.0020092 -0.0005526 0.0179944 -0.0020094 -0.0005515 0.0176629 -0.0022596 -0.0004996 0.0173883 -0.0022598 -0.0005968 0.0169189 -0.00201 -0.0005263 0.0166069 -0.0020095 -0.0002972 0.017621 -0.0022603 -0.0001221 0.0162578 -0.0022606 0.0016242 0.0162319 -0.0020106 0.0016243 0.0162317 -0.0020103 3.27e-05 0.0162357 -0.0022594 -0.0002446 0.0176602 -0.0022594 -0.0005515 0.017663 -0.0020095 -0.0002972 0.017621 -0.0020094 -0.0005515 0.0176629 -0.0022597 0.0016197 0.0176332 -0.0022595 0.0016185 0.0180016 -0.0020095 0.0016185 0.0180015 -0.0020097 0.0016197 0.0176331 -0.0022595 3.28e-05 0.0175712 -0.0022597 0.0016197 0.0176332 -0.0020095 -0.0002972 0.017621 -0.0020097 0.0016197 0.0176331 -0.0020095 4.8e-05 0.0175769 -0.0022599 -0.0002463 0.0168502 -0.0022603 0.001623 0.0166018 -0.0020103 0.0016231 0.0166016 -0.00201 -0.0001343 0.0166974 -0.002259 0.0016158 0.0188404 -0.0022592 0.0015918 0.0184674 -0.0020092 0.0015387 0.0184929 -0.002009 0.0014578 0.0188939 -0.0022579 -0.0002677 0.0202585 -0.0022582 -0.0005736 0.019755 -0.0020079 -0.0001886 0.0203064 -0.0020081 -0.0005435 0.0198678 -0.0022587 -0.0004944 0.0188423 -0.0022582 -0.0005736 0.019755 -0.0020081 -0.0005435 0.0198678 -0.0020086 -0.0005561 0.0189874 -0.0022586 -0.0002036 0.0190662 -0.0022588 0.0002364 0.0189365 -0.0020086 -0.0002656 0.0191814 -0.0020088 0.0002364 0.0189364 -0.0022581 0.0005083 0.0201435 -0.0022588 0.0002364 0.0189365 -0.0020088 0.0002364 0.0189364 -0.002008 0.0007597 0.0203931 -0.0020082 0.0004235 0.0199271 -0.0022582 0.0015351 0.0202009 -0.002258 0.001128 0.0204502 -0.0020084 0.001629 0.019995 -0.0020081 0.0013991 0.0203436 -0.0020073 0.0016062 0.0218195 -0.0020075 -0.00139 0.0206356 -0.0020071 0.0016049 0.0222248 -0.0020071 0.001274 0.0220192 -0.0020059 -0.0013989 0.0233778 -0.0020073 -0.0013913 0.0210385 -0.0020062 -0.0013975 0.0229503 -0.0022575 -0.00139 0.0206358 -0.0022573 -0.0013913 0.0210387 -0.0020075 -0.00139 0.0206356 -0.0020073 -0.0013913 0.0210385 -0.0022573 -0.0013913 0.0210387 -0.0022571 0.001274 0.0220193 -0.0020071 0.001274 0.0220192 -0.0020073 -0.0013913 0.0210385 -0.0022562 -0.0013975 0.0229504 -0.0022571 0.001274 0.0220193 -0.0020071 0.001274 0.0220192 -0.0020062 -0.0013975 0.0229503 -0.0022554 0.0006044 0.0247367 -0.0022545 0.0006165 0.0263625 -0.0020054 0.0006044 0.0247365 -0.0020045 0.0006165 0.0263624 -0.0022555 0.0009436 0.02475 -0.0022554 0.0013825 0.0249943 -0.0020054 0.0014021 0.0250145 -0.0020055 0.0009436 0.0247499 -0.0022549 0.0016354 0.0258677 -0.0022554 0.0013825 0.0249943 -0.0020054 0.0014021 0.0250145 -0.0020051 0.0016371 0.0255512 -0.0022543 0.0005495 0.0267401 -0.0022545 0.0012871 0.0265142 -0.0020046 0.0014554 0.0263428 -0.0020044 0.0009559 0.0266826 -0.0022543 0.0005495 0.0267401 -0.0022544 -0.0004636 0.0263024 -0.0020042 -1.18e-05 0.0266471 -0.0020044 -0.0004306 0.0263465 -0.0022544 -0.0004636 0.0263024 -0.0022548 -0.0006174 0.0255802 -0.0020044 -0.0004306 0.0263465 -0.0020048 -0.0006174 0.02558 -0.0022548 -0.0006174 0.0255802 -0.0022553 -9.9e-05 0.0248526 -0.0020048 -0.0006174 0.02558 -0.0020051 -0.0004037 0.0250841 -0.0022554 0.0006044 0.0247367 -0.0022553 -9.9e-05 0.0248526 -0.0020054 0.0006044 0.0247365 -0.0020051 -0.0004037 0.0250841 -0.0022555 0.0009436 0.02475 -0.0022553 0.0009304 0.0251408 -0.0020055 0.0009436 0.0247499 -0.0020053 0.0008956 0.0251281 -0.0022546 0.0010653 0.0262272 -0.0022545 0.0006165 0.0263625 -0.0020045 0.0006165 0.0263624 -0.0020047 0.0011153 0.0261903 -0.002255 0.0013389 0.0257682 -0.0022546 0.0010653 0.0262272 -0.0020047 0.0011153 0.0261903 -0.002005 0.0013379 0.0256232 -0.002255 0.0013389 0.0257682 -0.0022553 0.0009304 0.0251408 -0.002005 0.0013379 0.0256232 -0.0020052 0.0011823 0.0252932 -0.002004 0.0015877 0.0275432 -0.0020042 0.0015889 0.0271749 -0.0020031 -0.0002551 0.0285135 -0.002003 -1.51e-05 0.0288435 -0.0020026 -0.0006334 0.029226 -0.0020027 -0.0003196 0.0292547 -0.0020034 -0.000625 0.02797 -0.0020034 -0.0003156 0.0279688 -0.0020037 -4.43e-05 0.027559 -0.0020032 0.0015835 0.0288349 -0.0020039 -0.0002702 0.0272282 -0.0020031 -0.0002882 0.0284915 -0.0020024 -0.0003406 0.0297473 -0.0020025 0.0015793 0.0301257 -0.0020031 -0.0002596 0.0285105 -0.0020025 -0.0001941 0.0295627 -0.0020034 0.0015847 0.0284665 -0.0020027 0.0015805 0.0297573 -0.0020025 0.000103 0.0297208 -0.0020032 6.42e-05 0.0284316 -0.0020021 -0.0005918 0.0301187 -0.0020023 -0.0005907 0.0297872 -0.0022531 -0.0002882 0.0284916 -0.0022531 -0.0002551 0.0285136 -0.0022531 -0.0002597 0.0285107 -0.0020031 -0.0002551 0.0285135 -0.0020031 -0.0002882 0.0284915 -0.0020031 -0.0002596 0.0285105 -0.0022532 -0.0005039 0.0282817 -0.0022531 -0.0002882 0.0284916 -0.0020034 -0.000625 0.02797 -0.0020031 -0.0002882 0.0284915 -0.0022524 -0.0002876 0.0297844 -0.0022526 -0.00063 0.0292557 -0.0020026 -0.0006334 0.029226 -0.0020024 -0.0003406 0.0297473 -0.0022531 -0.0002882 0.0284916 -0.0022526 -0.00063 0.0292557 -0.0020031 -0.0002551 0.0285135 -0.0020026 -0.0006334 0.029226 -0.0022524 -0.0002876 0.0297844 -0.0022523 -0.0005908 0.0297873 -0.0020024 -0.0003406 0.0297473 -0.0020023 -0.0005907 0.0297872 -0.0022523 -0.0005908 0.0297873 -0.0022521 -0.0005919 0.0301188 -0.0020021 -0.0005918 0.0301187 -0.0020023 -0.0005907 0.0297872 -0.0022521 -0.0005919 0.0301188 -0.0022525 0.0015793 0.0301259 -0.0020025 0.0015793 0.0301257 -0.0020021 -0.0005918 0.0301187 -0.0022525 0.0015793 0.0301259 -0.0022527 0.0015805 0.0297575 -0.0020025 0.0015793 0.0301257 -0.0020027 0.0015805 0.0297573 -0.0022529 -0.0001582 0.0288879 -0.0022532 0.0015835 0.028835 -0.002003 -1.51e-05 0.0288435 -0.0020032 0.0015835 0.0288349 -0.0022526 -0.0002813 0.0294245 -0.0022525 -3.41e-05 0.029678 -0.0022527 0.0015805 0.0297575 -0.0020027 -0.0003196 0.0292547 -0.0020025 -0.0001941 0.0295627 -0.0020027 0.0015805 0.0297573 -0.0020025 0.000103 0.0297208 -0.0022534 0.0015846 0.0284666 -0.0022532 0.0015835 0.028835 -0.0020032 0.0015835 0.0288349 -0.0020034 0.0015847 0.0284665 -0.0022537 -8.9e-05 0.027571 -0.002254 0.0015876 0.0275434 -0.002004 0.0015877 0.0275432 -0.0020037 -4.43e-05 0.027559 -0.0022534 -0.0003166 0.0279503 -0.0022537 -8.9e-05 0.027571 -0.0020034 -0.0003156 0.0279688 -0.0020037 -4.43e-05 0.027559 -0.0022532 -9.09e-05 0.0283649 -0.0022534 -0.0003166 0.0279503 -0.0020034 -0.0003156 0.0279688 -0.0020032 6.42e-05 0.0284316 -0.0022532 -9.09e-05 0.0283649 -0.0022534 0.0015846 0.0284666 -0.0020034 0.0015847 0.0284665 -0.0020032 6.42e-05 0.0284316 -0.0022506 -0.0002273 0.0328611 -0.0022507 -0.0005326 0.032667 -0.0020007 -0.0005325 0.0326669 -0.0020006 -0.0002272 0.0328609 -0.0020007 -0.0005325 0.0326669 -0.0020003 -0.0006308 0.0331709 -0.0020006 -0.0002272 0.0328609 -0.0020002 -0.0003696 0.03346 -0.0020003 0.0015672 0.0338571 -0.0020005 0.0015684 0.0334887 -0.0020003 -0.0001752 0.0333126 -0.002 -0.0006039 0.0338501 -0.0020002 -0.0006028 0.0335139 -0.0022502 -0.0002751 0.0335113 -0.0022503 -0.0006055 0.0332306 -0.0020003 -0.0006308 0.0331709 -0.0020002 -0.0003696 0.03346 -0.0022503 -0.0006055 0.0332306 -0.0022507 -0.0005326 0.032667 -0.0020007 -0.0005325 0.0326669 -0.0020003 -0.0006308 0.0331709 -0.0022502 -0.0002751 0.0335113 -0.0022502 -0.0006028 0.0335141 -0.0020002 -0.0003696 0.03346 -0.0020002 -0.0006028 0.0335139 -0.0022503 0.0015672 0.0338572 -0.0022505 0.0015684 0.0334889 -0.0020003 0.0015672 0.0338571 -0.0020005 0.0015684 0.0334887 -0.0022503 -6.66e-05 0.0333894 -0.0022506 -0.0002273 0.0328611 -0.0020006 -0.0002272 0.0328609 -0.0020003 -0.0001752 0.0333126 -0.0022503 -6.66e-05 0.0333894 -0.0022505 0.0015684 0.0334889 -0.0020005 0.0015684 0.0334887 -0.0020003 -0.0001752 0.0333126 -0.0022497 0.0015642 0.0347713 -0.00225 0.0015654 0.0344014 -0.0019997 0.0015643 0.0347711 -0.002 0.0015655 0.0344012 -0.0019997 0.0015643 0.0347711 -0.002 0.0015655 0.0344012 -0.0019997 4.7e-05 0.0344007 -0.001999 -0.0006216 0.0354044 -0.0019994 -0.000221 0.0348941 -0.0019991 -0.0003271 0.0353514 -0.0019995 -0.0005457 0.0346937 -0.0019989 -0.0004086 0.0357572 -0.0019989 0.0015597 0.0361756 -0.0019991 0.0015609 0.0358072 -0.0019989 7.87e-05 0.0357711 -0.0019985 -0.0014402 0.0361659 -0.0019987 -0.0014391 0.0357975 -0.0022497 4.7e-05 0.0344009 -0.0022494 -0.0006105 0.0348469 -0.0019997 4.7e-05 0.0344007 -0.0019995 -0.0005457 0.0346937 -0.0022497 4.7e-05 0.0344009 -0.00225 0.0015654 0.0344014 -0.002 0.0015655 0.0344012 -0.0019997 4.7e-05 0.0344007 -0.0022487 -0.0014391 0.0357976 -0.0022489 -0.0003854 0.03578 -0.0019989 -0.0004086 0.0357572 -0.0019987 -0.0014391 0.0357975 -0.0022487 -0.0014391 0.0357976 -0.0022485 -0.0014403 0.036166 -0.0019985 -0.0014402 0.0361659 -0.0019987 -0.0014391 0.0357975 -0.0022485 -0.0014403 0.036166 -0.0022489 0.0015597 0.0361757 -0.0019989 0.0015597 0.0361756 -0.0019985 -0.0014402 0.0361659 -0.0022491 0.0015609 0.0358073 -0.0022489 0.0015597 0.0361757 -0.0019989 0.0015597 0.0361756 -0.0019991 0.0015609 0.0358072 -0.002249 -0.0001401 0.035668 -0.0022491 0.0015609 0.0358073 -0.0019991 0.0015609 0.0358072 -0.0019989 7.87e-05 0.0357711 -0.0022494 -0.0002292 0.0349023 -0.0022497 0.0015642 0.0347713 -0.0019997 0.0015643 0.0347711 -0.0019994 -0.000221 0.0348941 -0.0022485 0.0006411 0.0366263 -0.0022483 0.0014209 0.0371655 -0.0019984 0.0013598 0.0370766 -0.0019985 0.0006067 0.0366168 -0.0019984 0.0013598 0.0370766 -0.0019985 0.0006067 0.0366168 -0.0019983 -0.0007205 0.0366971 -0.0019981 -0.0005958 0.0370765 -0.0019973 0.0012396 0.0388501 -0.001998 0.0012388 0.0376439 -0.0019971 -9e-06 0.0388533 -0.0019969 7.51e-05 0.0392648 -0.0019973 0.0007096 0.0387413 -0.001998 -0.0012125 0.0370233 -0.0019972 -0.0008537 0.0385835 -0.0019976 0.0011735 0.0383142 -0.0019971 -0.0013035 0.0386011 -0.0019978 0.0015798 0.0381793 -0.0019977 -0.0011325 0.0376312 -0.0019969 -0.000735 0.039113 -0.0019976 -0.0014904 0.0377026 -0.0019983 0.0005048 0.037011 -0.0022485 0.0006411 0.0366263 -0.0022483 0.0005048 0.0370111 -0.0019985 0.0006067 0.0366168 -0.0019983 0.0005048 0.037011 -0.0022478 -0.0010928 0.0375096 -0.0022481 -0.0006337 0.0370912 -0.0019981 -0.0005958 0.0370765 -0.0019977 -0.0011325 0.0376312 -0.0022472 -0.000968 0.0384675 -0.0022475 -0.0011512 0.0379847 -0.0019972 -0.0008537 0.0385835 -0.0019977 -0.0011325 0.0376312 -0.0022472 -0.000968 0.0384675 -0.0022473 0.000675 0.0387552 -0.0022471 8.01e-05 0.0388535 -0.0019971 -9e-06 0.0388533 -0.0019973 0.0007096 0.0387413 -0.0019972 -0.0008537 0.0385835 -0.0022473 0.000675 0.0387552 -0.0022477 0.0012053 0.038241 -0.0019973 0.0007096 0.0387413 -0.0019976 0.0011735 0.0383142 -0.0022477 0.0012053 0.038241 -0.0022481 0.0012047 0.0375342 -0.001998 0.0012388 0.0376439 -0.0019976 0.0011735 0.0383142 -0.0022481 0.0012047 0.0375342 -0.0022483 0.0005048 0.0370111 -0.001998 0.0012388 0.0376439 -0.0019983 0.0005048 0.037011 -0.0022479 0.0016056 0.0378722 -0.0022483 0.0014209 0.0371655 -0.0019984 0.0013598 0.0370766 -0.0019978 0.0015798 0.0381793 -0.0022479 0.0016056 0.0378722 -0.0022473 0.0011866 0.0388962 -0.0019973 0.0012396 0.0388501 -0.0019978 0.0015798 0.0381793 -0.0022469 -0.0005094 0.0391962 -0.0022472 -0.0014277 0.0383262 -0.0019971 -0.0013035 0.0386011 -0.0019969 -0.000735 0.039113 -0.0022478 -0.0014171 0.0373713 -0.0022481 -0.0011403 0.0369483 -0.0022483 -0.0006169 0.0366637 -0.0019983 -0.0007205 0.0366971 -0.001998 -0.0012125 0.0370233 -0.0019976 -0.0014904 0.0377026 -0.0022092 -7.21e-05 0.104061 -0.0022089 0.0002741 0.1045017 -0.0019592 -7.21e-05 0.1040609 -0.0019588 0.0003167 0.1047137 -0.0022088 0.0010686 0.1049056 -0.0022086 0.0007865 0.1052087 -0.0019586 0.0006322 0.1052527 -0.0019588 0.0010643 0.1049212 -0.0022088 0.0010686 0.1049056 -0.0022091 0.0008973 0.1043255 -0.0019588 0.0010643 0.1049212 -0.0019591 0.0009886 0.1044275 -0.0022092 -7.21e-05 0.104061 -0.0022091 0.0008973 0.1043255 -0.0019592 -7.21e-05 0.1040609 -0.0019591 0.0009886 0.1044275 -0.0019592 0.0002503 0.1040777 -0.0022084 -5.1e-06 0.1054475 -0.0022086 0.0002451 0.1051274 -0.0022081 -0.0009861999 0.1056185 -0.0019588 0.0003167 0.1047137 -0.0019584 4.01e-05 0.105408 -0.0019582 -0.0005515 0.105655 -0.0022083 -0.0016204 0.1050552 -0.0022081 -0.0009861999 0.1056185 -0.0019581 -0.0012232 0.1055201 -0.0019583 -0.0016204 0.105055 -0.002209 -0.001294 0.1039453 -0.0022094 -0.0001048 0.1036918 -0.001959 -0.0013148 0.1039616 -0.0019593 -0.0006377 0.103713 -0.0022093 0.0012264 0.1042043 -0.0022087 0.0012801 0.1052183 -0.0019592 0.0013311 0.1044068 -0.0019588 0.0013665 0.1049874 -0.0022087 0.0012801 0.1052183 -0.0022084 0.0008018 0.1055772 -0.0019588 0.0013665 0.1049874 -0.0019584 0.0008979 0.1055464 -0.0022077 0.0013306 0.1069735 -0.0022079 0.0013318 0.1066051 -0.0019577 0.0013306 0.1069733 -0.0019579 0.0013318 0.106605 -0.0019577 0.0013306 0.1069733 -0.0019579 0.0013318 0.106605 -0.0019569 -0.0009405 0.1076856 -0.001957 -0.000575 0.1077062 -0.0019572 -0.0008894 0.107118 -0.0019573 -0.0009275 0.1070684 -0.0019573 -0.000965 0.1070229 -0.0019574 -0.0016827 0.1065952 -0.0019573 -0.0016493 0.1068531 -0.0022074 -0.0016755 0.1065954 -0.0022079 0.0013318 0.1066051 -0.0019579 0.0013318 0.106605 -0.0019574 -0.0016827 0.1065952 -0.0022074 -0.0016755 0.1065954 -0.002207 -0.0009839 0.1075995 -0.0019569 -0.0009405 0.1076856 -0.0019573 -0.0016493 0.1068531 -0.0022073 -0.0009276 0.1070686 -0.0022073 -0.0009651 0.1070231 -0.0019572 -0.0008894 0.107118 -0.0019573 -0.0009275 0.1070684 -0.0019573 -0.000965 0.1070229 -0.0022077 0.0013306 0.1069735 -0.0022073 -0.0009651 0.1070231 -0.0019577 0.0013306 0.1069733 -0.0019573 -0.000965 0.1070229 -0.0022514 0.0015449 0.0319777 -0.002251 0.0009663 0.0325147 -0.002001 0.0010021 0.0325027 -0.0020012 0.0013768 0.0322485 -0.0022508 -2.27e-05 0.0325001 -0.002251 0.0009663 0.0325147 -0.002001 0.0010021 0.0325027 -0.0020008 -0.0001412 0.0324491 -0.0022508 -2.27e-05 0.0325001 -0.0022511 -0.0006129 0.0318397 -0.0020008 -0.0001412 0.0324491 -0.0020011 -0.0006129 0.0318395 -0.0022515 -0.0006023 0.0312417 -0.0022511 -0.0006129 0.0318397 -0.0020011 -0.0006129 0.0318395 -0.0020015 -0.000611 0.0312734 -0.0022515 -0.0006023 0.0312417 -0.0022518 -0.0002836 0.0307632 -0.0020015 -0.000611 0.0312734 -0.0020018 -0.0002605 0.0307453 -0.0022521 0.0006681 0.0305521 -0.0022518 -0.0002836 0.0307632 -0.002252 0.001363 0.0308583 -0.0020018 -0.0002605 0.0307453 -0.0020021 0.0006042 0.0305467 -0.0020021 0.0011326 0.0306769 -0.0022514 0.0015449 0.0319777 -0.002252 0.001363 0.0308583 -0.0020019 0.001517 0.0310901 -0.0020016 0.0016231 0.0316453 -0.002012 0.0016322 0.013792 -0.0020106 6.2e-05 0.0157247 -0.0020107 -0.0003847 0.0154748 -0.0020114 -0.0004793 0.0141806 -0.002011 -0.0002845 0.0149211 -0.0020108 9.37e-05 0.0153606 -0.0020114 -0.0001277 0.0143457 -0.0020113 0.0016725 0.0149256 -0.0020111 0.0016368 0.0153583 -0.0020108 0.0013224 0.0157375 -0.0020107 0.000651 0.0156461 -0.0020117 0.0015708 0.0142015 -0.0020115 0.0005714 0.0143723 -0.0020115 0.000548 0.0142954 -0.0020115 0.0005416 0.0142758 -0.002011 0.0008155 0.0153052 -0.002011 0.0011796 0.0153735 -0.0020115 0.0011794 0.0144329 -0.0020112 0.0013869 0.0150225 -0.002011 0.0011796 0.0153735 -0.0020112 0.0013869 0.0150225 -0.0022613 0.0013854 0.0148851 -0.002261 0.0011024 0.0153966 -0.0020115 0.0011794 0.0144329 -0.0020112 0.0013869 0.0150225 -0.0022613 0.0013854 0.0148851 -0.0022615 0.0011794 0.014433 -0.0020115 0.0005416 0.0142758 -0.0020115 0.0011794 0.0144329 -0.0022615 0.0011794 0.014433 -0.0022615 0.0005415 0.0142759 -0.0020115 0.0005714 0.0143723 -0.0020115 0.000548 0.0142954 -0.0020115 0.0005416 0.0142758 -0.0022615 0.0005415 0.0142759 -0.0022615 0.0005479 0.0142956 -0.0020115 0.0005714 0.0143723 -0.002011 0.0008155 0.0153052 -0.0022615 0.0005479 0.0142956 -0.002261 0.0007949 0.0152803 -0.002011 0.0008155 0.0153052 -0.002011 0.0011796 0.0153735 -0.002261 0.0007949 0.0152803 -0.002261 0.0011024 0.0153966 -0.0022613 0.0013854 0.0148851 -0.0022615 0.0011794 0.014433 -0.0022615 0.0005415 0.0142759 -0.0022615 0.0005479 0.0142956 -0.002261 0.0007949 0.0152803 -0.002261 0.0011024 0.0153966 -0.0020079 -0.0001886 0.0203064 -0.0020081 -0.0005435 0.0198678 -0.0020086 -0.0005561 0.0189874 -0.0020089 -0.0001865 0.0186034 -0.0020092 0.0015387 0.0184929 -0.0020079 5.98e-05 0.0203886 -0.0020086 -0.0002656 0.0191814 -0.0020081 2.84e-05 0.020008 -0.0020088 0.0002364 0.0189364 -0.0020084 0.001629 0.019995 -0.0020081 0.0013991 0.0203436 -0.002008 0.0007597 0.0203931 -0.0020082 0.0004235 0.0199271 -0.002009 0.0014578 0.0188939 -0.0020088 0.0005563 0.0190338 -0.0020088 0.0005329 0.0189569 -0.0020088 0.0005265 0.0189373 -0.0020083 0.0007259 0.0198434 -0.0020087 0.0012861 0.0192608 -0.0020082 0.0009904 0.0200605 -0.0020088 0.001023 0.0190028 -0.0020085 0.0013645 0.0197468 -0.0020087 0.0012861 0.0192608 -0.0020085 0.0013645 0.0197468 -0.0022585 0.0013673 0.0197277 -0.0022588 0.0011413 0.0190745 -0.0020088 0.0005265 0.0189373 -0.0020088 0.001023 0.0190028 -0.0022588 0.0011413 0.0190745 -0.0022588 0.0005329 0.0189571 -0.0020088 0.0005563 0.0190338 -0.0020088 0.0005329 0.0189569 -0.0020088 0.0005265 0.0189373 -0.0022588 0.0005265 0.0189374 -0.0022588 0.0005329 0.0189571 -0.0022588 0.0005562 0.019034 -0.0020088 0.0005563 0.0190338 -0.0020083 0.0007259 0.0198434 -0.0022588 0.0005562 0.019034 -0.0022583 0.000773 0.0199324 -0.0020083 0.0007259 0.0198434 -0.0020082 0.0009904 0.0200605 -0.0022583 0.000773 0.0199324 -0.0022582 0.0010873 0.0200581 -0.0020082 0.0009904 0.0200605 -0.0020085 0.0013645 0.0197468 -0.0022585 0.0013673 0.0197277 -0.0022582 0.0010873 0.0200581 -0.0022585 0.0013673 0.0197277 -0.0022588 0.0011413 0.0190745 -0.0022588 0.0005329 0.0189571 -0.0022588 0.0005562 0.019034 -0.0022583 0.000773 0.0199324 -0.0022582 0.0010873 0.0200581 -0.0020133 0.0016393 0.0115886 -0.0020128 -0.0013607 0.0115789 -0.0020126 -0.0013619 0.0119473 -0.0020127 -0.0008235 0.0119495 -0.0020128 -0.0002851 0.0119546 -0.0020128 0.0016844 0.01246 -0.0020124 0.0015601 0.0129913 -0.002012 0.0006083 0.0134692 -0.002012 -0.0001367 0.0133148 -0.0020123 -0.000575 0.0126902 -0.0020126 -0.0004904 0.0121727 -0.0020126 -0.0004796 0.0121548 -0.0020126 -0.0004681 0.0121371 -0.0020126 -0.0004559 0.0121197 -0.0020126 -0.000443 0.0121025 -0.0020127 -0.0004294 0.0120855 -0.0020127 -0.0004149 0.0120687 -0.002013 0.0013619 0.0119354 -0.0020131 0.0016246 0.0119324 -0.002013 0.0014865 0.0119326 -0.0020129 0.0004226 0.0119273 -0.0020124 -0.0002813 0.0125634 -0.0020126 -0.0001822 0.0121947 -0.0020124 0.0010772 0.0129829 -0.0020128 0.0013467 0.0123015 -0.0020122 -0.0001149 0.0129 -0.0020124 0.0010772 0.0129829 -0.0020122 -0.0001149 0.0129 -0.0022624 0.0010973 0.0129719 -0.0022622 -0.000115 0.0129001 -0.0020124 0.0010772 0.0129829 -0.0020128 0.0013467 0.0123015 -0.0022624 0.0010973 0.0129719 -0.0022627 0.0013776 0.0124104 -0.0020129 0.0004226 0.0119273 -0.0020126 -0.0001822 0.0121947 -0.0022629 0.000979 0.0119764 -0.0022628 0.0002906 0.0119453 -0.0022626 -0.0001621 0.0121705 -0.0020124 -0.0002813 0.0125634 -0.0020126 -0.0001822 0.0121947 -0.0022626 -0.0001621 0.0121705 -0.0022624 -0.0002825 0.012543 -0.0020124 -0.0002813 0.0125634 -0.0020122 -0.0001149 0.0129 -0.0022624 -0.0002825 0.012543 -0.0022622 -0.000115 0.0129001 -0.0022624 0.0010973 0.0129719 -0.0022627 0.0013776 0.0124104 -0.0022629 0.000979 0.0119764 -0.0022628 0.0002906 0.0119453 -0.0022626 -0.0001621 0.0121705 -0.0022624 -0.0002825 0.012543 -0.0022622 -0.000115 0.0129001 -0.0020569 0.0005283 -0.0635661 -0.0020563 0.0011748 -0.0624156 -0.0020564 0.0014416 -0.0625193 -0.0020568 0.0015093 -0.0632702 -0.0020561 0.0011815 -0.0620602 -0.0020564 0.000825 -0.0626407 -0.002056 0.0003367 -0.0620975 -0.0020558 -0.000508 -0.0620696 -0.0020559 -0.00094 -0.0623702 -0.0020562 -0.0011271 -0.0628259 -0.0020565 -0.0010439 -0.063361 -0.0020568 -0.000591 -0.0638208 -0.0020571 0.0005592 -0.0639713 -0.0020571 0.0012753 -0.0638315 -0.002057 0.0016546 -0.0635969 -0.0020565 0.0019024 -0.0626523 -0.0020565 0.000539 -0.0630235 -0.0020567 -0.0003285 -0.0635533 -0.0020562 -0.0007862 -0.0627763 -0.0020561 0.0001652 -0.0624333 -0.0020564 -0.0008219 -0.0630967 -0.0020567 0.0003917 -0.0633737 -0.0020561 -0.0002989 -0.0624055 -0.0020565 0.000539 -0.0630235 -0.0020567 0.0003917 -0.0633737 -0.0023067 0.0004734 -0.0632645 -0.0023064 0.0004952 -0.0627514 -0.0020562 -0.0007862 -0.0627763 -0.0020564 -0.0008219 -0.0630967 -0.0023064 -0.0008185 -0.0631141 -0.0023061 -0.0006298 -0.0625712 -0.0020562 -0.0007862 -0.0627763 -0.0020561 0.0001652 -0.0624333 -0.0020561 -0.0002989 -0.0624055 -0.0023061 -0.0006298 -0.0625712 -0.0023061 -0.0001522 -0.0623862 -0.0023067 0.0004734 -0.0632645 -0.0023068 -2.15e-05 -0.0635658 -0.0023064 -0.0008185 -0.0631141 -0.0023061 -0.0006298 -0.0625712 -0.0023061 -0.0001522 -0.0623862 -0.0023064 0.0004952 -0.0627514 -0.0019592 -7.21e-05 0.1040609 -0.0019586 0.0006322 0.1052527 -0.0019588 0.0010643 0.1049212 -0.0019591 0.0009886 0.1044275 -0.0019592 0.0002503 0.1040777 -0.0019588 0.0003167 0.1047137 -0.0019584 4.01e-05 0.105408 -0.0019582 -0.0005515 0.105655 -0.0019581 -0.0012232 0.1055201 -0.0019583 -0.0016204 0.105055 -0.0019586 -0.0016658 0.1045674 -0.001959 -0.0013148 0.1039616 -0.0019593 -0.0006377 0.103713 -0.0019594 0.0005224 0.1037703 -0.0019592 0.0013311 0.1044068 -0.0019588 0.0013665 0.1049874 -0.0019584 0.0008979 0.1055464 -0.001959 -0.000871 0.104115 -0.0019584 -0.0005528 0.1052779 -0.001959 -0.0001924 0.1042562 -0.0019586 -0.0013716 0.1046283 -0.0019586 -5.46e-05 0.1049331 -0.0019583 -0.0009173 0.105242 -0.001959 -0.000871 0.104115 -0.0019586 -0.0013716 0.1046283 -0.002209 -0.0006961 0.1040961 -0.0022087 -0.0013611 0.1045542 -0.0019586 -0.0013716 0.1046283 -0.0019583 -0.0009173 0.105242 -0.0022085 -0.0013056 0.1049382 -0.0022083 -0.0009644 0.1052249 -0.0022088 -7e-06 0.1046031 -0.002209 -0.0006961 0.1040961 -0.0022087 -0.0013611 0.1045542 -0.0022085 -0.0013056 0.1049382 -0.0022083 -0.0009644 0.1052249 -0.0022086 -6.24e-05 0.1049494 -0.002001 0.0010021 0.0325027 -0.0020008 -0.0001412 0.0324491 -0.0020011 -0.0006129 0.0318395 -0.0020015 -0.000611 0.0312734 -0.0020018 -0.0002605 0.0307453 -0.0020021 0.0006042 0.0305467 -0.0020021 0.0011326 0.0306769 -0.0020019 0.001517 0.0310901 -0.0020016 0.0016231 0.0316453 -0.0020012 0.0013768 0.0322485 -0.0020013 -0.0003433 0.0316069 -0.0020016 0.0013229 0.03156 -0.0020016 -0.0001764 0.0311398 -0.0020013 0.001146 0.0319891 -0.0020011 0.000216 0.0321772 -0.0020018 0.0011895 0.0311716 -0.0020019 0.00079 0.0309523 -0.0020013 0.001146 0.0319891 -0.0020011 0.000216 0.0321772 -0.0022511 0.0002159 0.0321773 -0.0022512 0.0010346 0.0320774 -0.0020016 0.0013229 0.03156 -0.0020013 0.001146 0.0319891 -0.0022512 0.0010346 0.0320774 -0.0022516 0.0013212 0.0315091 -0.0020016 0.0013229 0.03156 -0.0020018 0.0011895 0.0311716 -0.0022516 0.0013212 0.0315091 -0.0022518 0.0010211 0.0310402 -0.0020018 0.0011895 0.0311716 -0.0020019 0.00079 0.0309523 -0.0022518 0.0010211 0.0310402 -0.0022518 0.0002116 0.0309411 -0.0022511 0.0002159 0.0321773 -0.0022512 0.0010346 0.0320774 -0.0022516 0.0013212 0.0315091 -0.0022518 0.0010211 0.0310402 -0.0022518 0.0002116 0.0309411 -0.0022515 -0.0002816 0.0312861 -0.0022511 -0.0002129 0.0319425 -0.0020054 0.0006044 0.0247365 -0.0020054 0.0014021 0.0250145 -0.0020051 0.0016371 0.0255512 -0.0020046 0.0014554 0.0263428 -0.0020044 0.0009559 0.0266826 -0.0020042 -1.18e-05 0.0266471 -0.0020044 -0.0004306 0.0263465 -0.0020048 -0.0006174 0.02558 -0.0020051 -0.0004037 0.0250841 -0.0020055 0.0009436 0.0247499 -0.0020053 0.0008956 0.0251281 -0.0020045 0.0006165 0.0263624 -0.0020047 0.0011153 0.0261903 -0.002005 0.0013379 0.0256232 -0.0020052 0.0011823 0.0252932 -0.0020052 0.0003001 0.0251139 -0.0020046 -0.0002717 0.0259811 -0.0020048 -0.0003237 0.0256676 -0.0020045 0.0002649 0.0263382 -0.0020052 0.0003001 0.0251139 -0.0020048 -0.0003237 0.0256676 -0.0022552 0.0003 0.025114 -0.0022548 -0.0003072 0.025569 -0.0020052 0.0003001 0.0251139 -0.0020045 0.0002649 0.0263382 -0.0022552 0.0003 0.025114 -0.0022545 0.000296 0.026342 -0.0020046 -0.0002717 0.0259811 -0.0020048 -0.0003237 0.0256676 -0.0022548 -0.0003072 0.025569 -0.0022546 -0.0002473 0.0260275 -0.0020046 -0.0002717 0.0259811 -0.0020045 0.0002649 0.0263382 -0.0022545 0.000296 0.026342 -0.0022546 -0.0002473 0.0260275 -0.0022552 0.0003 0.025114 -0.0022545 0.000296 0.026342 -0.0022548 -0.0003072 0.025569 -0.0022546 -0.0002473 0.0260275 0.0022996 -0.0077405 0.1171763 0.0022983 -0.0045253 0.1157586 0.0022976 -0.001909 0.1152146 0.0022971 0.0011838 0.1151891 0.0022971 0.0044467 0.115889 0.0021513 -0.0076136 -0.0625056 0.0022926 0.0078039 0.1174784 0.0021881 0.0055964 -0.0709568 0.0021891 -0.0008689 -0.0709306 -0.0021242 -0.0082651 0.114727 -0.0022847 -0.007234 -0.0276025 -0.002251 -0.0074214 0.0303066 -0.0022497 0.007559 0.0364173 -0.0022292 0.0074454 0.0715019 -0.0022519 0.0075711 0.0326472 -0.0022532 0.0075786 0.0303552 -0.0022649 0.0076432 0.0103856 -0.0022662 0.0076507 0.0080606 -0.0022475 0.0086699 -0.0616217 -0.002265 -0.0007506 0.0080334 -0.0022659 -0.0005318 0.0065121 -0.0022652 -0.0005195 0.0077529 -0.0022654 -0.0005184 0.0074213 -0.0022654 -0.0002152 0.0074185 -0.0022668 -0.0003381 0.0049386 -0.0022664 -0.0005435 0.0056564 -0.0022663 2.28e-05 0.0060227 -0.0022664 -0.0002341 0.0056732 -0.0022655 -8.46e-05 0.007235 -0.0022672 0.0016612 0.004809 -0.0022667 -1.66e-05 0.005205 -0.0022662 -0.0001873 0.0061447 -0.0022657 -0.0002487 0.006847 -0.0022656 -0.0005429 0.0069705 -0.002266 0.0001755 0.0064658 -0.0022655 0.0016517 0.0077599 -0.0022662 0.0016558 0.006469 -0.0022657 0.0016528 0.0073915 -0.002267 0.00166 0.0051774 -0.0022665 0.001657 0.0061007 -0.0022636 0.0016411 0.0110139 -0.0022638 0.0016423 0.0106455 -0.0022635 -0.0005288 0.0106385 -0.0022631 -0.0013589 0.0110042 -0.0022632 -0.0009414 0.0110056 -0.0022634 -0.0009402 0.0106372 -0.0022634 -0.0013577 0.0106358 -0.0022617 -0.0007687 0.0136251 -0.0022602 -0.0013823 0.0160042 -0.0022594 -0.0002446 0.0176602 -0.0022594 -0.0005515 0.017663 -0.0022607 0.0016507 0.016014 -0.0022596 -0.0004996 0.0173883 -0.0022598 -0.0005968 0.0169189 -0.0022603 -0.0001221 0.0162578 -0.0022595 0.0016185 0.0180016 -0.0022603 0.001623 0.0166018 -0.0022606 0.0016242 0.0162319 -0.0022576 -0.001397 0.0205417 -0.0022539 -0.0008118 0.0269516 -0.0022524 -0.0002876 0.0297844 -0.0022536 -0.000596 0.0275731 -0.0022523 -0.0005908 0.0297873 -0.0022526 -0.0002813 0.0294245 -0.0022532 -9.09e-05 0.0283649 -0.0022529 -0.0001582 0.0288879 -0.0022532 -0.0005039 0.0282817 -0.0022525 -3.41e-05 0.029678 -0.0022531 -0.0002882 0.0284916 -0.0022534 -0.0003166 0.0279503 -0.0022539 -0.0002703 0.0272283 -0.0022526 -0.00063 0.0292557 -0.0022537 -8.9e-05 0.027571 -0.0022521 -0.0005919 0.0301188 -0.0022534 0.0015846 0.0284666 -0.0022525 0.0015793 0.0301259 -0.0022532 0.0015835 0.028835 -0.0022527 0.0015805 0.0297575 -0.002254 0.0015876 0.0275434 -0.0022502 -0.0002751 0.0335113 -0.0022502 -0.0006028 0.0335141 -0.0022503 -0.0006055 0.0332306 -0.0022506 -0.0008302 0.03262 -0.0022503 -6.66e-05 0.0333894 -0.0022506 -0.0002273 0.0328611 -0.0022507 -0.0005326 0.032667 -0.0022501 0.001592 0.0341294 -0.0022503 0.0015672 0.0338572 -0.0022505 0.0015684 0.0334889 -0.0022606 3.02e-05 0.0157182 -0.0022619 0.0015281 0.0138424 -0.0022615 -0.0003826 0.0140571 -0.002261 0.0016289 0.0153821 -0.0022617 0.0013917 0.0142498 -0.0022607 0.000712 0.0156945 -0.0022608 0.0012718 0.0157586 -0.0022609 -0.000148 0.015243 -0.0022614 -6.33e-05 0.0143091 -0.0022617 0.0001872 0.0139067 -0.0022615 0.0002114 0.014275 -0.0022608 -0.0004816 0.0153234 -0.0022612 -0.000287 0.014706 -0.0022608 9.37e-05 0.0153607 -0.0022648 0.001085 0.0087611 -0.0022649 0.0013843 0.0086972 -0.0022644 0.0013302 0.0094894 -0.0022646 0.0013773 0.009221 -0.0022643 0.0010478 0.0096968 -0.002264 -0.0005258 0.0097114 -0.0022652 0.0016498 0.0083225 -0.0022648 -0.0005213 0.0083154 -0.0022642 0.0013759 0.0099878 -0.0022646 -0.0005225 0.0086838 -0.0022638 -0.000527 0.0100798 -0.0023047 -3.25e-05 -0.0599619 -0.0022549 0.0016354 0.0258677 -0.0022647 0.0016848 0.0091849 -0.002263 0.0014864 0.0119327 -0.0022631 0.0016246 0.0119325 -0.0022621 -0.0004567 0.0130195 -0.0022626 -0.0004905 0.0121729 -0.002262 -1.26e-05 0.0133739 -0.0022626 -0.0004796 0.0121549 -0.0022624 0.0015601 0.0129914 -0.0022626 -0.0004681 0.0121372 -0.0022626 -0.000456 0.0121198 -0.0022626 -0.0004431 0.0121027 -0.0022627 -0.0004294 0.0120857 -0.0022621 0.0009961 0.0134078 -0.0022627 -0.0004149 0.0120689 -0.0022626 -0.0013619 0.0119474 -0.0022628 -0.0013607 0.011579 -0.0022579 -0.0002677 0.0202585 -0.0022587 -0.0004944 0.0188423 -0.0022586 -0.0002036 0.0190662 -0.002259 0.0016158 0.0188404 -0.0022592 0.0015918 0.0184674 -0.0022582 0.0015351 0.0202009 -0.002258 0.001128 0.0204502 -0.0022582 -0.0005736 0.019755 -0.0022582 -0.0002264 0.0198254 -0.0022581 0.0005083 0.0201435 -0.0022588 0.0002364 0.0189365 -0.0022581 7.86e-05 0.0200222 -0.0022543 0.0005495 0.0267401 -0.002255 0.0013389 0.0257682 -0.0022571 0.0016048 0.0222249 -0.0022555 0.0009436 0.02475 -0.0022546 0.0010653 0.0262272 -0.0022553 0.0009304 0.0251408 -0.0022544 -0.0004636 0.0263024 -0.0022548 -0.0006174 0.0255802 -0.0022545 0.0012871 0.0265142 -0.0022554 0.0013825 0.0249943 -0.0022554 0.0006044 0.0247367 -0.0022545 0.0006165 0.0263625 -0.0022553 -9.9e-05 0.0248526 -0.0022575 -0.00139 0.0206358 -0.0022562 -0.0013975 0.0229504 -0.0022573 -0.0013913 0.0210387 -0.0022571 0.001274 0.0220193 -0.0022508 -2.27e-05 0.0325001 -0.0022521 0.0006681 0.0305521 -0.0022515 -0.0006023 0.0312417 -0.0022518 -0.0002836 0.0307632 -0.0022514 0.0015449 0.0319777 -0.002252 0.001363 0.0308583 -0.0022511 -0.0006129 0.0318397 -0.002251 0.0009663 0.0325147 -0.0022487 -0.0014391 0.0357976 -0.0022485 -0.0014403 0.036166 -0.0022489 -0.0003854 0.03578 -0.002249 -0.0001401 0.035668 -0.0022497 4.7e-05 0.0344009 -0.0022494 -0.0002292 0.0349023 -0.0022494 -0.0006105 0.0348469 -0.0022491 0.0015609 0.0358073 -0.0022497 0.0015642 0.0347713 -0.0022489 0.0015597 0.0361757 -0.00225 0.0015654 0.0344014 -0.0022479 0.0016056 0.0378722 -0.0022473 0.0011866 0.0388962 -0.0022469 -0.0005094 0.0391962 -0.0022472 -0.0014277 0.0383262 -0.0022478 -0.0014171 0.0373713 -0.0022481 -0.0011403 0.0369483 -0.0022478 -0.0010928 0.0375096 -0.0022472 -0.000968 0.0384675 -0.0022475 -0.0011512 0.0379847 -0.0022485 0.0006411 0.0366263 -0.0022473 0.000675 0.0387552 -0.0022483 0.0014209 0.0371655 -0.0022477 0.0012053 0.038241 -0.0022481 -0.0006337 0.0370912 -0.0022481 0.0012047 0.0375342 -0.0022471 8.01e-05 0.0388535 -0.0022483 0.0005048 0.0370111 -0.0022483 -0.0006169 0.0366637 -0.0022628 -0.0002852 0.0119547 0.0044176 0.0102961 0.1404781 0.0041575 0.0098915 0.1410506 0.0032237 0.0087655 0.1423743 0.009854 -0.004081 0.1184407 0.0099012 -0.0015141 0.1179181 0.0098911 -0.0018873 0.117955 0.0054346 -0.0132662 0.1364825 0.0050514 -0.0127166 0.1377842 0.0058688 -0.0139786 0.134442 0.0003381 0.0101748 0.1190596 -0.0012265 0.0096674 0.1184163 -0.0030448 0.0090092 0.1178001 0.0021513 -0.0076136 -0.0625056 0.0020172 -0.0103881 -0.0716804 0.0018882 -0.0092193 -0.0678453 0.0003381 0.0101748 0.1190596 0.0010449 0.0091769 0.1146879 0.0007128 0.0095821 0.117108 0.0019146 0.0086305 0.1161805 0.001533 0.0093718 -0.0585367 0.0015318 0.0095274 -0.0604954 -0.0013738 0.0142054 -0.0721879 -0.0014884 0.0130808 -0.0705906 -0.0014341 0.016048 -0.0745734 -0.0080612 0.000468 0.1429882 -0.0094945 0.0008484 0.142291 -0.0099054 0.0008346 0.1419886 -0.0022254 0.0038242 0.1151071 -0.0023743 0.0029801 0.1148969 -0.0028257 0.0003592 0.1147026 -0.0042345 0.0102737 0.1194373 -0.0049027 0.0110507 0.1209872 -0.0054916 0.0121751 0.1231169 0.0075166 0.0105822 0.130192 0.0064162 0.0104276 0.1343079 0.0068635 0.0106278 0.1320204 -0.0022597 0.0016197 0.0176332 -0.0022595 0.0016185 0.0180016 -0.0022603 0.001623 0.0166018 -0.0022631 -0.0013589 0.0110042 -0.0022626 -0.0013619 0.0119474 -0.0022628 -0.0013607 0.011579 -0.0023069 0.0004705 -0.0636073 -0.0023067 0.0008075 -0.0631916 -0.0020569 0.0005283 -0.0635661 -0.0023069 0.0011505 -0.0635081 -0.0023068 0.0015822 -0.063149 -0.0020568 0.0015093 -0.0632702 -0.0023067 0.0008075 -0.0631916 -0.0023062 0.0006698 -0.0623527 -0.0020564 0.000825 -0.0626407 -0.0023059 -5.4e-05 -0.0620104 -0.0023062 0.0006698 -0.0623527 -0.002056 0.0003367 -0.0620975 -0.0023063 0.0017195 -0.062306 -0.0023067 0.0019316 -0.0629176 -0.0020565 0.0019024 -0.0626523 -0.0023062 0.0006698 -0.0623527 -0.0020564 0.000825 -0.0626407 -0.002056 0.0003367 -0.0620975 -0.0023067 0.0008075 -0.0631916 -0.0020569 0.0005283 -0.0635661 -0.0020564 0.000825 -0.0626407 -0.0023056 0.0018744 -0.0610632 -0.0020554 0.0018732 -0.060695 -0.0020556 0.0018744 -0.0610634 -0.0023056 0.0018744 -0.0610632 -0.0020556 0.0018744 -0.0610634 -0.0020552 -0.0011402 -0.0610731 -0.002305 -0.0009328 -0.0606977 -0.0023056 0.0018744 -0.0610632 -0.0020552 -0.0011402 -0.0610731 -0.002305 -0.0009328 -0.0606977 -0.0020552 -0.0011402 -0.0610731 -0.002055 -0.0011409 -0.0608337 -0.0023047 -3.25e-05 -0.0599619 -0.0020546 -0.0003886 -0.0599632 -0.0020547 -3.25e-05 -0.0599621 -0.002305 -0.0004737 -0.0607024 -0.0020554 0.0018732 -0.060695 -0.002055 -0.0004595 -0.0606872 -0.0023056 0.0018744 -0.0610632 -0.002305 -0.0004737 -0.0607024 -0.0020554 0.0018732 -0.060695 -0.0022668 -0.0003381 0.0049386 -0.0020169 -0.0002578 0.0048889 -0.0020166 -0.0005412 0.0052743 -0.0022654 -0.0002152 0.0074185 -0.0022656 -0.0005429 0.0069705 -0.0020157 -0.000561 0.00686 -0.0022659 -0.0005318 0.0065121 -0.0022656 -0.0005429 0.0069705 -0.0020157 -0.000561 0.00686 -0.0022654 -0.0002152 0.0074185 -0.0020157 -0.000561 0.00686 -0.0020154 -0.0005184 0.0074212 -0.0022654 -0.0005184 0.0074213 -0.0022654 -0.0002152 0.0074185 -0.0020154 -0.0005184 0.0074212 -0.0022655 -8.46e-05 0.007235 -0.0020156 -0.0001722 0.0071295 -0.0020155 0.0002884 0.007374 -0.0022662 0.0016558 0.006469 -0.002016 0.0001755 0.0064657 -0.0020165 0.0016571 0.0061005 -0.0022662 0.0016558 0.006469 -0.0022665 0.001657 0.0061007 -0.0020165 0.0016571 0.0061005 -0.0022664 -0.0002341 0.0056732 -0.0022667 -1.66e-05 0.005205 -0.0020167 -0.0001396 0.0052771 -0.0022663 2.28e-05 0.0060227 -0.0022664 -0.0002341 0.0056732 -0.0020163 -0.0001327 0.0058916 -0.0022663 2.28e-05 0.0060227 -0.0020163 -0.0001327 0.0058916 -0.0020163 0.0003848 0.0060964 -0.0022664 -0.0002341 0.0056732 -0.0020163 -0.0001327 0.0058916 -0.0020167 -0.0001396 0.0052771 -0.0022649 0.0013843 0.0086972 -0.0022652 0.0016498 0.0083225 -0.002015 0.0016488 0.0086523 -0.0022652 0.0016498 0.0083225 -0.002015 0.0016488 0.0086523 -0.0020152 0.0016499 0.0083223 -0.0022644 0.0013302 0.0094894 -0.0022646 0.0013773 0.009221 -0.0020145 0.0013655 0.0093902 -0.0022649 0.0013843 0.0086972 -0.0022647 0.0016848 0.0091849 -0.0020145 0.0016869 0.0094832 -0.0022649 0.0013843 0.0086972 -0.0020149 0.0014334 0.0087388 -0.0020145 0.0016869 0.0094832 -0.0022649 0.0013843 0.0086972 -0.002015 0.0016488 0.0086523 -0.0020149 0.0014334 0.0087388 -0.0022635 -0.0005288 0.0106385 -0.0022632 -0.0009414 0.0110056 -0.0020133 -0.00053 0.0110067 -0.0022635 -0.0005288 0.0106385 -0.0020135 -0.0005288 0.0106384 -0.0020133 -0.00053 0.0110067 -0.0022631 0.0016246 0.0119325 -0.0020133 0.0016393 0.0115886 -0.0020131 0.0016246 0.0119324 -0.0022631 0.0016246 0.0119325 -0.0022628 -0.0013607 0.011579 -0.0020133 0.0016393 0.0115886 -0.0022628 -0.0013607 0.011579 -0.0020133 0.0016393 0.0115886 -0.0020128 -0.0013607 0.0115789 -0.0022628 -0.0002852 0.0119547 -0.0020127 -0.0008235 0.0119495 -0.0020128 -0.0002851 0.0119546 -0.002263 0.0014864 0.0119327 -0.0022624 0.0015601 0.0129914 -0.0020128 0.0016844 0.01246 -0.0022624 0.0015601 0.0129914 -0.0020128 0.0016844 0.01246 -0.0020124 0.0015601 0.0129913 -0.002263 0.0014864 0.0119327 -0.0020128 0.0016844 0.01246 -0.002013 0.0013619 0.0119354 -0.0022615 -0.0003826 0.0140571 -0.0022608 -0.0004816 0.0153234 -0.0020114 -0.0004793 0.0141806 -0.0022619 0.0015281 0.0138424 -0.0022617 0.0001872 0.0139067 -0.002012 0.0016322 0.013792 -0.0022608 -0.0004816 0.0153234 -0.0020107 -0.0003847 0.0154748 -0.0020114 -0.0004793 0.0141806 -0.0022614 -6.33e-05 0.0143091 -0.0022612 -0.000287 0.014706 -0.002011 -0.0002845 0.0149211 -0.0022609 -0.000148 0.015243 -0.0022612 -0.000287 0.014706 -0.002011 -0.0002845 0.0149211 -0.0022609 -0.000148 0.015243 -0.0022608 9.37e-05 0.0153607 -0.0020108 9.37e-05 0.0153606 -0.0022609 -0.000148 0.015243 -0.002011 -0.0002845 0.0149211 -0.0020108 9.37e-05 0.0153606 -0.0022614 -6.33e-05 0.0143091 -0.002011 -0.0002845 0.0149211 -0.0020114 -0.0001277 0.0143457 -0.0022614 -6.33e-05 0.0143091 -0.0022615 0.0002114 0.014275 -0.0020114 -0.0001277 0.0143457 -0.0022615 0.0002114 0.014275 -0.0020114 -0.0001277 0.0143457 -0.0020107 0.000651 0.0156461 -0.0022607 0.000712 0.0156945 -0.0022615 0.0002114 0.014275 -0.0020107 0.000651 0.0156461 -0.0022594 -0.0002446 0.0176602 -0.0022596 -0.0004996 0.0173883 -0.0020095 -0.0002972 0.017621 -0.0022598 -0.0005968 0.0169189 -0.0022603 -0.0001221 0.0162578 -0.00201 -0.0005263 0.0166069 -0.0022603 -0.0001221 0.0162578 -0.0020103 3.27e-05 0.0162357 -0.00201 -0.0005263 0.0166069 -0.0022594 -0.0005515 0.017663 -0.0020092 -0.0005526 0.0179944 -0.0020094 -0.0005515 0.0176629 -0.0022594 -0.0005515 0.017663 -0.0022595 0.0016185 0.0180016 -0.0020092 -0.0005526 0.0179944 -0.0022595 0.0016185 0.0180016 -0.0020095 0.0016185 0.0180015 -0.0020092 -0.0005526 0.0179944 -0.0022599 -0.0002463 0.0168502 -0.0022595 3.28e-05 0.0175712 -0.0020095 -0.0002972 0.017621 -0.0022599 -0.0002463 0.0168502 -0.00201 -0.0001343 0.0166974 -0.0020095 -0.0002972 0.017621 -0.0022587 -0.0004944 0.0188423 -0.0022592 0.0015918 0.0184674 -0.0020089 -0.0001865 0.0186034 -0.0022592 0.0015918 0.0184674 -0.0020089 -0.0001865 0.0186034 -0.0020092 0.0015387 0.0184929 -0.0022587 -0.0004944 0.0188423 -0.0020086 -0.0005561 0.0189874 -0.0020089 -0.0001865 0.0186034 -0.0022579 -0.0002677 0.0202585 -0.0020079 -0.0001886 0.0203064 -0.0020079 5.98e-05 0.0203886 -0.0022579 -0.0002677 0.0202585 -0.0022581 7.86e-05 0.0200222 -0.0020079 5.98e-05 0.0203886 -0.0022581 7.86e-05 0.0200222 -0.0020079 5.98e-05 0.0203886 -0.0020081 2.84e-05 0.020008 -0.0022586 -0.0002036 0.0190662 -0.0022582 -0.0002264 0.0198254 -0.0020086 -0.0002656 0.0191814 -0.0022582 -0.0002264 0.0198254 -0.0022581 7.86e-05 0.0200222 -0.0020081 2.84e-05 0.020008 -0.0022582 -0.0002264 0.0198254 -0.0020086 -0.0002656 0.0191814 -0.0020081 2.84e-05 0.020008 -0.002259 0.0016158 0.0188404 -0.002259 0.0013766 0.0189113 -0.0020084 0.001629 0.019995 -0.002259 0.0016158 0.0188404 -0.0022582 0.0015351 0.0202009 -0.0020084 0.001629 0.019995 -0.002258 0.001128 0.0204502 -0.0022581 0.0005083 0.0201435 -0.002008 0.0007597 0.0203931 -0.002258 0.001128 0.0204502 -0.0020081 0.0013991 0.0203436 -0.002008 0.0007597 0.0203931 -0.002259 0.0013766 0.0189113 -0.0020084 0.001629 0.019995 -0.002009 0.0014578 0.0188939 -0.002259 0.0016158 0.0188404 -0.002259 0.0013766 0.0189113 -0.002009 0.0014578 0.0188939 -0.0022571 0.0016048 0.0222249 -0.0022575 -0.00139 0.0206358 -0.0020073 0.0016062 0.0218195 -0.0022575 -0.00139 0.0206358 -0.0020073 0.0016062 0.0218195 -0.0020075 -0.00139 0.0206356 -0.0022562 -0.0013975 0.0229504 -0.0020059 -0.0013989 0.0233778 -0.0020062 -0.0013975 0.0229503 -0.0022571 0.0016048 0.0222249 -0.0022562 -0.0013975 0.0229504 -0.0020071 0.0016049 0.0222248 -0.0022562 -0.0013975 0.0229504 -0.0020071 0.0016049 0.0222248 -0.0020059 -0.0013989 0.0233778 -0.0022571 0.0016048 0.0222249 -0.0020073 0.0016062 0.0218195 -0.0020071 0.0016049 0.0222248 -0.0022549 0.0016354 0.0258677 -0.0022545 0.0012871 0.0265142 -0.0020046 0.0014554 0.0263428 -0.0022543 0.0005495 0.0267401 -0.0020044 0.0009559 0.0266826 -0.0020042 -1.18e-05 0.0266471 -0.0022549 0.0016354 0.0258677 -0.0020051 0.0016371 0.0255512 -0.0020046 0.0014554 0.0263428 -0.0022553 0.0009304 0.0251408 -0.0020053 0.0008956 0.0251281 -0.0020052 0.0011823 0.0252932 -0.002254 0.0015876 0.0275434 -0.002004 0.0015877 0.0275432 -0.0020042 0.0015889 0.0271749 -0.0022536 -0.000596 0.0275731 -0.0022532 -0.0005039 0.0282817 -0.0020034 -0.000625 0.02797 -0.0022536 -0.000596 0.0275731 -0.0022539 -0.0002703 0.0272283 -0.0020039 -0.0002702 0.0272282 -0.0022539 -0.0002703 0.0272283 -0.002254 0.0015876 0.0275434 -0.0020042 0.0015889 0.0271749 -0.0022539 -0.0002703 0.0272283 -0.0020042 0.0015889 0.0271749 -0.0020039 -0.0002702 0.0272282 -0.0022536 -0.000596 0.0275731 -0.0020034 -0.000625 0.02797 -0.0020039 -0.0002702 0.0272282 -0.0022526 -0.0002813 0.0294245 -0.0022529 -0.0001582 0.0288879 -0.0020027 -0.0003196 0.0292547 -0.0022529 -0.0001582 0.0288879 -0.002003 -1.51e-05 0.0288435 -0.0020027 -0.0003196 0.0292547 -0.0022502 -0.0006028 0.0335141 -0.002 -0.0006039 0.0338501 -0.0020002 -0.0006028 0.0335139 -0.0022502 -0.0006028 0.0335141 -0.0022503 0.0015672 0.0338572 -0.002 -0.0006039 0.0338501 -0.0022503 0.0015672 0.0338572 -0.0020003 0.0015672 0.0338571 -0.002 -0.0006039 0.0338501 -0.0022489 -0.0003854 0.03578 -0.0022494 -0.0006105 0.0348469 -0.001999 -0.0006216 0.0354044 -0.0022494 -0.0006105 0.0348469 -0.001999 -0.0006216 0.0354044 -0.0019995 -0.0005457 0.0346937 -0.0022489 -0.0003854 0.03578 -0.001999 -0.0006216 0.0354044 -0.0019989 -0.0004086 0.0357572 -0.002249 -0.0001401 0.035668 -0.0022494 -0.0002292 0.0349023 -0.0019991 -0.0003271 0.0353514 -0.002249 -0.0001401 0.035668 -0.0019991 -0.0003271 0.0353514 -0.0019989 7.87e-05 0.0357711 -0.0022494 -0.0002292 0.0349023 -0.0019994 -0.000221 0.0348941 -0.0019991 -0.0003271 0.0353514 -0.0022478 -0.0010928 0.0375096 -0.0022475 -0.0011512 0.0379847 -0.0019977 -0.0011325 0.0376312 -0.0022481 -0.0006337 0.0370912 -0.0022483 -0.0006169 0.0366637 -0.0019981 -0.0005958 0.0370765 -0.0022483 -0.0006169 0.0366637 -0.0019983 -0.0007205 0.0366971 -0.0019981 -0.0005958 0.0370765 -0.0022473 0.0011866 0.0388962 -0.0022469 -0.0005094 0.0391962 -0.0019973 0.0012396 0.0388501 -0.0022472 -0.0014277 0.0383262 -0.0022478 -0.0014171 0.0373713 -0.0019976 -0.0014904 0.0377026 -0.0022472 -0.0014277 0.0383262 -0.0019971 -0.0013035 0.0386011 -0.0019976 -0.0014904 0.0377026 -0.0022469 -0.0005094 0.0391962 -0.0019969 7.51e-05 0.0392648 -0.0019969 -0.000735 0.039113 -0.0022469 -0.0005094 0.0391962 -0.0019973 0.0012396 0.0388501 -0.0019969 7.51e-05 0.0392648 -0.0022086 0.0007865 0.1052087 -0.0022084 0.0008018 0.1055772 -0.0019586 0.0006322 0.1052527 -0.0022084 0.0008018 0.1055772 -0.0019586 0.0006322 0.1052527 -0.0019584 0.0008979 0.1055464 -0.0022089 0.0002741 0.1045017 -0.0022086 0.0002451 0.1051274 -0.0019588 0.0003167 0.1047137 -0.0022083 -0.0016204 0.1050552 -0.002209 -0.001294 0.1039453 -0.0019586 -0.0016658 0.1045674 -0.0022094 -0.0001048 0.1036918 -0.0022093 0.0012264 0.1042043 -0.0019594 0.0005224 0.1037703 -0.0022093 0.0012264 0.1042043 -0.0019594 0.0005224 0.1037703 -0.0019592 0.0013311 0.1044068 -0.0022094 -0.0001048 0.1036918 -0.0019593 -0.0006377 0.103713 -0.0019594 0.0005224 0.1037703 -0.002209 -0.001294 0.1039453 -0.0019586 -0.0016658 0.1045674 -0.001959 -0.0013148 0.1039616 -0.0022083 -0.0016204 0.1050552 -0.0019583 -0.0016204 0.105055 -0.0019586 -0.0016658 0.1045674 -0.0022081 -0.0009861999 0.1056185 -0.0019582 -0.0005515 0.105655 -0.0019581 -0.0012232 0.1055201 -0.0022074 -0.0016755 0.1065954 -0.0019574 -0.0016827 0.1065952 -0.0019573 -0.0016493 0.1068531 -0.002207 -0.0009839 0.1075995 -0.0019569 -0.0009405 0.1076856 -0.001957 -0.000575 0.1077062 -0.0022073 -0.0009276 0.1070686 -0.002207 -0.0009839 0.1075995 -0.001957 -0.000575 0.1077062 -0.0022073 -0.0009276 0.1070686 -0.001957 -0.000575 0.1077062 -0.0019572 -0.0008894 0.107118 -0.0022514 0.0015449 0.0319777 -0.0020016 0.0016231 0.0316453 -0.0020012 0.0013768 0.0322485 -0.002252 0.001363 0.0308583 -0.0020021 0.0011326 0.0306769 -0.0020019 0.001517 0.0310901 -0.0020087 0.0012861 0.0192608 -0.0020088 0.001023 0.0190028 -0.0022588 0.0011413 0.0190745 -0.0020128 0.0013467 0.0123015 -0.0022627 0.0013776 0.0124104 -0.0022629 0.000979 0.0119764 -0.0020129 0.0004226 0.0119273 -0.0020128 0.0013467 0.0123015 -0.0022629 0.000979 0.0119764 -0.0020567 0.0003917 -0.0633737 -0.0023067 0.0004734 -0.0632645 -0.0023068 -2.15e-05 -0.0635658 -0.0020567 -0.0003285 -0.0635533 -0.0023068 -2.15e-05 -0.0635658 -0.0023064 -0.0008185 -0.0631141 -0.0020561 0.0001652 -0.0624333 -0.0023061 -0.0001522 -0.0623862 -0.0023064 0.0004952 -0.0627514 -0.0020565 0.000539 -0.0630235 -0.0020561 0.0001652 -0.0624333 -0.0023064 0.0004952 -0.0627514 -0.0020567 -0.0003285 -0.0635533 -0.0020564 -0.0008219 -0.0630967 -0.0023064 -0.0008185 -0.0631141 -0.0020567 -0.0003285 -0.0635533 -0.0020567 0.0003917 -0.0633737 -0.0023068 -2.15e-05 -0.0635658 -0.001959 -0.0001924 0.1042562 -0.0019586 -5.46e-05 0.1049331 -0.0022088 -7e-06 0.1046031 -0.001959 -0.0001924 0.1042562 -0.0022088 -7e-06 0.1046031 -0.002209 -0.0006961 0.1040961 -0.0019586 -0.0013716 0.1046283 -0.0022087 -0.0013611 0.1045542 -0.0022085 -0.0013056 0.1049382 -0.0019584 -0.0005528 0.1052779 -0.0022083 -0.0009644 0.1052249 -0.0022086 -6.24e-05 0.1049494 -0.0019586 -5.46e-05 0.1049331 -0.0022088 -7e-06 0.1046031 -0.0022086 -6.24e-05 0.1049494 -0.0019584 -0.0005528 0.1052779 -0.0019586 -5.46e-05 0.1049331 -0.0022086 -6.24e-05 0.1049494 -0.0019584 -0.0005528 0.1052779 -0.0019583 -0.0009173 0.105242 -0.0022083 -0.0009644 0.1052249 -0.001959 -0.000871 0.104115 -0.001959 -0.0001924 0.1042562 -0.002209 -0.0006961 0.1040961 -0.0020011 0.000216 0.0321772 -0.0022511 0.0002159 0.0321773 -0.0022511 -0.0002129 0.0319425 -0.0020013 -0.0003433 0.0316069 -0.0020011 0.000216 0.0321772 -0.0022511 -0.0002129 0.0319425 -0.0020016 -0.0001764 0.0311398 -0.0022518 0.0002116 0.0309411 -0.0022515 -0.0002816 0.0312861 -0.0020013 -0.0003433 0.0316069 -0.0022515 -0.0002816 0.0312861 -0.0022511 -0.0002129 0.0319425 -0.0020013 -0.0003433 0.0316069 -0.0020016 -0.0001764 0.0311398 -0.0022515 -0.0002816 0.0312861 -0.0020016 -0.0001764 0.0311398 -0.0020019 0.00079 0.0309523 -0.0022518 0.0002116 0.0309411</float_array>
          <technique_common>
            <accessor count="2726" source="#g0_chrome-pos-array" stride="3">
              <param type="float" name="X"/>
              <param type="float" name="Y"/>
              <param type="float" name="Z"/>
            </accessor>
          </technique_common>
        </source>
        <source id="g0_chrome-nrm">
          <float_array count="8178" id="g0_chrome-nrm-array">0.98331 -0.12405 0.13306 0.91356 0.20953 0.34857 0.91047 -0.13688 0.39026 0.8883 0.13354 0.43942 0.94337 0.20949 0.25724 0.98413 0.14834 0.09734 0.96088 0.24121 0.13609 0.99924 -0.01322 0.03675 0.96602 -0.21495 0.14356 0.91961 -0.21809 0.32674 0.88545 0.02777 0.46391 0.94874 -0.21946 0.22742 0.99478 -0.09578 -0.03526 0.99267 0.10335 -0.06268 0.81289 -0.02434 0.58191 0.86938 0.3742 0.32273 0.8836 0.45434 0.11324 0.90761 -0.40907 0.09435 0.81012 -0.35287 0.46817 0.96359 0.24218 -0.11333 0.93879 -0.34421 -0.0139 0.86435 -0.42061 0.27564 0.70501 0.15401 0.69227 0.92564 -0.30706 -0.22115 0.8495 -0.51388 0.11946 0.75659 -0.1448 0.63765 0.83066 -0.50278 0.23918 0.70166 -0.32753 0.63277 0.889 0.43873 -0.13112 0.63368 0.06879 0.77053 0.74823 0.63944 0.17683 0.91598 0.01641 -0.4009 0.49196 -0.24266 0.83612 0.66964 0.45431 0.58752 0.72755 0.553 0.40604 0.93592 0.08404 -0.34205 0.91083 -0.10801 -0.3984 0.58361 0.33889 0.73794 0.89479 -0.25584 -0.36591 0.82852 -0.40268 0.38911 0.82464 0.47271 -0.31066 0.6315 -0.59971 0.49149 0.53014 -0.36692 0.76441 0.75207 0.30717 0.58312 0.65042 0.56494 0.50774 0.76118 -0.64067 -0.10069 0.67549 -0.72938 0.10824 0.78528 0.59601 -0.16764 0.82828 0.30217 -0.47186 0.80782 -0.49276 -0.32345 0.76854 -0.59571 -0.23338 0.61032 -0.73191 0.30301 0.46228 0.30964 0.83092 0.80656 0.39109 -0.4433 0.34585 0.01593 0.93816 0.44832 0.75074 0.48518 0.70833 -0.70292 -0.06456 0.6816 0.72607 -0.09075 0.53161 -0.71983 0.44636 0.40562 -0.30973 0.85997 0.6208 -0.78365 -0.02253 0.40416 -0.61786 0.67446 0.50769 0.81118 0.29024 0.68316 0.21299 -0.69852 0.64475 -0.41626 -0.64111 0.63465 0.74912 -0.18984 0.71509 -0.20562 -0.66811 0.52973 0.84816 -0.00268 0.68438 -0.45352 -0.57091 0.60805 -0.65985 -0.44144 0.50097 -0.84696 0.17798 0.27595 -0.61304 0.7403 0.20343 0.26133 0.94357 0.29394 0.7583 0.58188 0.38157 0.86235 0.33281 0.63467 0.12783 -0.76214 0.6486 -0.05205 -0.75935 0.46592 -0.16147 -0.86997 0.50173 -0.81301 -0.29543 0.22553 -0.12367 0.96635 0.14736 0.14634 0.9782 0.2934 -0.87199 0.39185 0.39378 0.90465 0.16292 0.41583 0.90148 -0.12006 0.5678 0.70172 -0.43033 0.59081 0.2938 -0.75142 0.38295 -0.92288 0.04043 0.22084 0.55508 0.80195 0.55215 0.48536 -0.67791 0.47826 -0.76562 -0.43023 0.28925 -0.91224 0.2901 0.14664 -0.42656 0.89249 0.19892 -0.26282 0.94412 0.20729 -0.75713 0.6195 0.37161 -0.90028 -0.22671 0.33919 -0.93566 -0.09738 0.13987 -0.57308 0.80747 0.09104 0.45803 0.88426 0.18267 0.65439 0.73376 0.29367 0.66483 0.68685 0.37146 0.89942 -0.23034 0.57984 0.38979 -0.71544 0.57745 0.02376 -0.81608 0.52244 -0.34866 -0.77813 0.49015 -0.61658 -0.61611 0.24753 -0.95578 0.15878 0.18607 0.89935 0.39567 0.34064 0.93991 0.02301 0.41269 0.83328 -0.36787 0.49805 0.70064 -0.51093 0.49654 0.62804 -0.59918 0.57826 0.55678 -0.59634 0.49899 -0.15779 -0.85212 0.18637 -0.82975 0.52609 0.08647 -0.47474 0.87587 0.14948 0.97008 0.19132 0.44603 -0.02386 -0.8947 0.34939 -0.73146 -0.58557 0.30802 -0.84839 -0.43053 -0.04342 0.64256 0.765 0.02074 0.84572 0.53323 0.24286 0.90953 -0.3373 0.29378 0.82137 -0.48892 0.3775 -0.5192 -0.76676 0.15639 -0.98768 -0.00458 -0.04392 -0.58567 0.80936 0.14538 0.9891 0.02338 0.3726 -0.35675 -0.85668 -0.09788 -0.35611 0.9293 -0.09344 -0.17432 0.98025 0.02357 0.88068 0.47313 0.15596 0.98238 -0.10294 0.19071 0.95966 -0.20662 0.33141 0.54682 -0.76887 0.38086 0.07837 -0.92131 0.38677 -0.19584 -0.90114 0.17743 -0.97321 -0.1462 0.06427 -0.9732 0.22078 0.03797 -0.94162 0.33452 -0.12141 -0.42107 0.89887 -0.10128 -0.01335 0.99477 -0.13588 0.106 0.98504 0.03157 0.94882 0.31424 0.29479 0.67997 -0.67137 0.31279 0.40823 -0.85762 0.35106 0.27178 -0.89604 0.365 -0.04886 -0.92972 0.26762 -0.76587 -0.58465 -0.0725 -0.70821 0.70227 -0.11896 -0.49715 0.85947 -0.14263 -0.25491 0.95639 0.29547 -0.63932 -0.7099 0.2065 -0.89674 -0.39143 0.1891 -0.93519 -0.29943 -0.0106 -0.8724 0.48867 -0.13891 -0.55812 0.81805 -0.16802 -0.11319 0.97926 -0.1729 0.24917 0.9529 -0.14258 0.57238 0.80749 -0.12777 0.6483 0.75059 -0.12133 0.7999 0.58774 -0.06587 0.83543 0.54563 0.06646 0.9924 0.10353 0.19244 0.91521 -0.35406 0.23883 0.76068 -0.60359 0.32437 -0.19903 -0.92475 0.31104 -0.50278 -0.80652 0.19687 -0.85155 -0.48591 0.12513 -0.97491 -0.18411 0.04818 -0.9902 0.1311 0.00823 0.98062 0.19576 0.05535 0.99844 -0.00677 0.20189 0.84601 -0.49346 -0.13705 -0.65058 0.74697 -0.17645 -0.33548 0.92537 -0.15972 0.46857 0.86887 0.12017 0.96732 -0.22328 0.25533 0.60674 -0.75278 0.29236 0.19968 -0.93523 -0.06606 -0.91795 0.39116 -0.09019 -0.84715 0.52364 -0.11621 -0.75624 0.64389 -0.07554 0.93043 0.3586 0.28229 -0.07544 -0.95636 0.25459 -0.49104 -0.83311 0.20724 -0.72982 -0.65147 0.05541 -0.99696 -0.0548 -0.22869 -0.29734 0.92698 -0.2378 -0.04202 0.9704 -0.21001 0.35009 0.91287 0.09441 0.93754 -0.33483 0.27105 0.09118 -0.95824 0.26067 -0.33504 -0.90543 0.09425 -0.93378 -0.34522 -0.0062 -0.99758 0.06919 -0.15258 -0.63944 0.75355 -0.24137 -0.41678 0.87637 -0.24384 -0.0851 0.96607 -0.24314 0.51952 0.81914 -0.18795 0.71606 0.67226 -0.15148 0.8204 0.55137 -0.03592 0.99348 0.10818 0.03146 0.99284 -0.11526 0.10234 0.89367 -0.4369 0.17405 0.73888 -0.65097 -0.06403 -0.97179 0.227 -0.27579 0.3588 0.89174 -0.19265 0.49327 0.84827 0.0274 0.97078 -0.23841 0.12783 0.8208 -0.55672 0.22964 0.17549 -0.95732 0.2235 -0.18993 -0.95602 0.1313 -0.8149 -0.56454 0.02434 -0.97799 -0.20725 -0.21367 -0.70163 0.67975 -0.26975 -0.46067 0.84559 -0.29374 -0.12943 0.94708 -0.28662 0.08144 0.95458 -0.16014 0.92935 0.33266 -0.17937 -0.86177 0.47454 -0.202 -0.79493 0.57209 -0.30789 -0.24779 0.91859 -0.07716 0.99676 0.02267 0.05896 -0.86699 -0.49482 -0.03816 -0.99571 -0.08434 -0.16168 -0.91632 0.36635 -0.13283 0.97304 0.18854 -0.04354 0.99017 -0.13289 0.06028 0.78603 -0.61524 0.13285 -0.8482 -0.51274 0.03412 -0.83188 -0.55391 0.00715 -0.93383 -0.35765 -0.08986 -0.99546 0.03125 -0.32312 0.23332 0.91714 -0.00631 0.93801 -0.34656 0.01577 0.87224 -0.48883 -0.1665 -0.95555 0.24331 -0.29114 -0.62192 0.72695 -0.36637 0.12972 0.92138 -0.31713 0.521 0.79246 -0.30979 0.65105 0.69294 -0.25668 0.79669 0.54718 -0.06843 -0.97846 -0.19477 -0.15224 -0.98236 0.10862 -0.33424 -0.48557 0.80778 -0.34002 -0.35053 0.87265 -0.35977 0.37545 0.85417 -0.19587 0.94088 0.27635 -0.00543 -0.75308 -0.6579 -0.2983 -0.71465 0.63269 -0.37466 -0.11844 0.91957 -0.39777 0.04061 0.91659 -0.24084 0.88872 0.39008 -0.12087 0.98759 -0.10025 -0.08044 0.95925 -0.27087 -0.04588 -0.92885 -0.36761 -0.1515 -0.98714 -0.05095 -0.28231 -0.82361 0.4919 -0.1121 -0.95887 -0.26077 -0.24866 -0.9082 0.33666 -0.35841 -0.65779 0.66246 -0.4406 0.53104 0.72379 -0.29785 0.83349 0.46538 -0.4973 0.15257 0.85406 -0.33721 0.93616 -0.09949 -0.13599 0.77609 -0.61579 -0.38917 -0.91097 0.13669 -0.50485 -0.52612 0.68434 -0.57321 -0.24595 0.78163 -0.53462 -0.09154 0.84012 -0.71795 -0.40179 -0.56843 -0.35527 -0.77333 -0.52511 -0.07443 -0.84268 -0.53325 0.31015 -0.8006 -0.51269 0.54918 -0.65049 -0.52466 0.62194 -0.45885 -0.63455 0.21175 -0.29649 -0.93126 0.22058 -0.08353 -0.97179 0.21461 0.07523 -0.9738 0.26578 0.33172 -0.90516 0.51256 0.70077 -0.49619 0.29512 0.80206 -0.51923 0.06563 0.86026 -0.50562 -0.35259 0.88375 -0.30767 -0.63799 0.53354 -0.55526 -0.7524 0.31763 -0.57706 -0.08544 0.46847 -0.87934 -0.7879 0.18797 -0.58641 -0.31454 -0.92553 -0.21084 -0.26552 -0.96231 -0.05889 -0.68628 -0.72576 -0.04786 -0.95743 -0.28759 -0.02498 -0.99992 -0.0129 0.00054 -0.99282 -0.11965 0.00029 0.83399 -0.55046 -0.03811 0.50589 -0.85001 -0.14683 0.44576 -0.89253 -0.06849 0.14348 -0.97474 -0.17115 0.0751 -0.99644 -0.03828 -0.01016 -0.71579 0.69824 -0.12058 -0.99241 0.02413 -0.24647 -0.79446 0.55505 -0.23455 -0.91859 0.31809 -0.27816 -0.87462 0.39706 -0.26988 -0.91968 0.28523 -0.4408 -0.87642 0.19385 -0.57389 -0.81635 0.06495 -0.81421 -0.55973 0.15416 -0.74733 -0.5752 0.33264 -0.93226 -0.32129 0.16635 -0.9047 -0.42214 0.05762 -0.98296 -0.1778 0.04658 -0.99661 -0.08223 0.00159 -0.498 -0.57466 0.64943 -0.27468 -0.67145 0.68826 -0.20364 -0.706 0.6783 0.99547 -0.0915 0.0257 0.91492 -0.39972 0.05615 0.8859 -0.41989 0.19716 0.75487 -0.63187 0.17582 0.58002 -0.79858 0.16074 0.65785 -0.75246 0.0323 0.65636 -0.64424 0.39261 0.57825 -0.75943 0.29815 0.4743 -0.75155 0.4585 0.26723 -0.95365 0.13832 0.23339 -0.93757 0.25786 0.18412 -0.90744 0.3777 0.24985 -0.96558 0.07234 0.19493 -0.77997 0.59468 0.1357 -0.98186 0.13241 0.13682 -0.85412 0.50175 0.06719 -0.70632 0.7047 0.49001 -0.58328 0.64783 -0.07575 0.99677 -0.02652 -0.1346 0.97559 -0.17349 -0.43701 0.89475 -0.09187 -0.76738 0.64083 -0.0218 -0.9999 0.01437 0.00047 -0.99996 0.00856 0.00065 -0.99985 0.0173 0.00064 -0.99989 0.01511 0.00051 -0.99985 0.0173 0.00064 -0.99985 0.0173 0.00064 -0.99746 0.07121 0.00078 -0.99722 0.07449 0.00082 0.60566 0.51641 -0.60539 0.82021 0.56824 -0.066 0.5955 0.79056 -0.14283 0.32159 0.94593 -0.04228 0.42061 0.89169 -0.16726 0.7217 0.15236 0.67522 0.49645 0.10702 0.86144 0.71494 0.2355 0.65833 0.73845 -0.20253 0.64318 0.71318 -0.31461 0.62642 0.31224 -0.10006 0.94472 -0.10204 0.99392 0.04139 -0.11186 0.83111 0.54474 -0.06501 0.9823 0.17565 -0.07504 0.93914 0.33524 -0.25523 0.88301 0.39388 -0.23384 0.78616 0.57207 -0.44754 0.89194 0.06443 -0.50485 0.83871 0.20419 -0.41246 0.73255 0.54152 -0.56701 0.69699 0.43898 -0.74805 0.66093 0.0599 -0.80971 0.54827 0.2092 -0.73818 0.64823 0.18677 -0.95873 0.27947 0.05232 -0.97476 0.20532 0.08764 -0.06174 0.66632 0.74311 -0.29242 0.60837 0.73782 -0.58306 0.42638 0.69155 0.98949 0.1355 0.05042 0.96306 0.26887 0.0147 0.9595 0.26254 0.10215 0.77492 0.57367 0.26533 0.85416 0.51921 0.02879 0.68162 0.72708 0.08214 0.64862 0.63547 0.41889 0.64994 0.73185 0.20485 0.2766 0.94293 0.18539 0.32389 0.82444 0.46411 0.26302 0.90801 0.3261 0.24738 0.76113 0.59957 0.19174 0.98119 0.02219 0.02967 0.69921 0.7143 0.61707 0.38366 0.68705 0.47095 0.53763 0.6994 0.22655 0.62827 0.74428 -0.54313 0.23925 0.80484 -0.31354 0.94947 0.0138 -0.19105 0.87979 -0.43528 -0.48438 0.67398 0.55779 -0.11648 0.61924 -0.77652 -0.68303 -0.14989 -0.71484 -0.51723 0.71803 0.46573 -0.84522 -0.06356 -0.53063 -0.45586 -0.85857 0.23465 -0.45682 -0.8275 0.32645 -0.56689 -0.33391 0.75309 -0.58011 0.36896 0.72619 -0.51272 0.78884 0.3389 -0.45135 0.85695 0.24882 -0.24444 0.16627 -0.9553 -0.25468 -0.80032 -0.54279 -0.35461 -0.93117 -0.08469 -0.397 -0.91781 0.00388 -0.40549 0.90356 0.1384 -0.34059 0.91626 -0.21085 -0.27319 0.90455 -0.32735 -0.302 -0.84298 -0.44518 -0.57043 -0.6987 0.43178 -0.49158 -0.43203 0.75611 -0.6084 -0.57324 0.54886 -0.23553 -0.38091 -0.89411 -0.35416 -0.55271 -0.75437 -0.26109 -0.66945 -0.69546 -0.47572 -0.83892 -0.26441 -0.44404 -0.82637 -0.34633 -0.71177 0.08666 0.69705 -0.27982 0.67133 -0.68631 -0.14688 0.49951 -0.85377 -0.33832 -0.69927 -0.62973 -0.72232 -0.54237 0.42905 -0.39376 0.19879 -0.89746 -0.72259 0.41195 0.55512 -0.33995 0.36026 -0.8687 -0.6321 -0.72931 -0.26182 -0.68228 -0.68868 0.24539 -0.5461 0.74931 -0.37457 -0.41061 -0.4508 -0.79258 -0.66041 0.74574 -0.0879 -0.54743 0.71285 -0.43837 -0.43321 -0.21257 -0.87587 -0.82656 -0.08297 0.5567 -0.77113 0.50333 0.3899 -0.51969 0.66295 -0.5389 -0.35478 0.04677 -0.93378 -0.85818 0.17321 0.48324 -0.74085 0.67069 -0.03613 -0.52589 0.49107 -0.69447 -0.48778 0.36215 -0.7943 -0.82509 -0.27296 0.49469 -0.80895 0.42105 0.41026 -0.79701 0.60326 0.02905 -0.67879 0.69029 -0.25048 -0.74686 -0.66372 0.0411 -0.64446 0.48229 -0.59336 -0.72097 -0.69173 -0.04147 -0.8446 -0.36376 0.39286 -0.84545 0.51073 0.15614 -0.95115 0.03025 0.30725 -0.90855 0.23899 0.34268 -0.75839 -0.6226 -0.19293 -0.87289 -0.42508 0.23952 -0.65341 0.18716 -0.7335 -0.70485 -0.19907 -0.68085 -0.87101 -0.46062 0.17079 -0.88511 -0.17366 0.43177 -0.7854 0.51211 -0.34769 -0.69396 0.31008 -0.64982 -0.69142 -0.40413 -0.59885 -0.76378 -0.4446 -0.46794 -0.76688 -0.47595 -0.43054 -0.75369 0.04655 -0.65558 -0.92172 0.3872 -0.02233 -0.7376 0.34395 -0.58107 -0.84246 -0.11124 -0.52715 -0.91004 -0.41129 0.05168 -0.99736 -0.05949 -0.04176 -0.89931 -0.39195 -0.19395 -0.94087 0.09817 -0.32422 -0.87503 0.30958 -0.37213 -0.85903 -0.40376 -0.31471 -0.78264 -0.05467 -0.62007 -0.9853 -0.17001 -0.01696 -0.91728 0.29871 -0.26339 -0.94824 -0.27365 -0.1611 -0.97986 0.19723 -0.03133 -0.94712 0.28305 -0.15115 -0.92382 0.3061 -0.22993 -0.97093 -0.18712 -0.14924 -0.9971 0.07365 -0.01934 -0.88322 0.10597 -0.45683 -0.89766 -0.14281 -0.41692 -0.90731 0.10523 -0.40708 -0.94244 -0.19668 -0.27042 -0.99948 -0.02852 -0.01472 -0.83645 -0.02751 -0.54736 -0.01189 -0.71281 0.70126 0.00992 -0.73954 0.67303 -0.00301 -0.81566 0.57853 0.00046 -0.82186 0.56969 -0.00536 -0.92474 0.38057 -0.01108 -0.59678 0.80233 -0.0105 -0.47978 0.87732 -0.72128 -0.24228 0.64888 -0.00604 -0.34507 0.93856 -0.71945 -0.1697 0.67349 -0.00662 -0.19159 0.98145 -0.72428 -0.07821 0.68506 0.00618 -0.0432 0.99905 -0.71932 0.03389 0.69385 -0.00324 0.089 0.99603 -0.72472 0.14261 0.67413 0.00596 0.26646 0.96383 -0.01389 0.42741 0.90395 -0.00772 0.59804 0.80143 0.01381 0.61096 0.79154 0.02066 0.41056 0.9116 0.01645 0.24911 0.96834 -0.02387 0.05598 0.99815 -0.01226 -0.06338 0.99791 -0.00534 -0.21499 0.9766 0.0135 -0.41348 0.91041 -0.00247 -0.51492 0.85723 0.00074 -0.61898 0.78541 -0.68119 -0.37139 0.63091 0.00037 -0.91376 0.40625 -0.00615 0.99997 -0.00383 0.00698 0.99904 0.04318 -0.00516 0.98429 0.17649 0.01244 0.96431 0.26449 -0.00785 0.92261 0.38566 0.00686 0.87936 0.47611 -0.00675 0.82591 0.56376 0.0072 0.78201 0.62323 -0.00022 0.73304 0.68019 -0.00048 0.78628 -0.61787 -0.00501 0.79208 -0.61039 -1e-05 0.82476 -0.56549 -0.00856 0.84609 -0.53297 0.00215 0.89195 -0.45214 -0.00516 0.92172 -0.38782 0.00584 0.94887 -0.3156 -0.00054 0.9606 -0.27793 -0.00411 0.98715 -0.15977 0.00175 0.98356 -0.18058 -0.00057 0.99635 -0.08531 0.00197 -0.97401 0.2265 -0.00506 -0.98868 0.14998 0.00661 -0.99836 0.0568 -0.0002 -0.99996 0.00911 -0.00423 -0.98923 -0.14629 0.00222 -0.99184 -0.12745 0.00137 -0.95768 -0.28784 -0.00431 -0.94618 -0.32361 -0.00014 -0.88515 -0.4653 0.00271 -0.89156 -0.45289 -0.00224 -0.80255 -0.59658 -0.00022 -0.80553 -0.59255 0.00094 -0.71697 -0.6971 -0.00571 -0.69788 -0.71619 0.00198 -0.6229 -0.7823 -0.00567 -0.58485 -0.81112 0.00297 -0.5311 -0.84731 -0.00764 -0.4646 -0.88549 -0.001 -0.42528 -0.90506 -0.00956 -0.38352 -0.92348 -0.00049 -0.36599 -0.93062 0.96672 -0.00876 0.25569 0.96511 -0.00897 0.26169 0.96614 -0.01709 0.25746 0.9667 -0.00179 0.25591 0.96554 -0.02648 0.25891 0.96233 0.00413 0.27184 0.96497 -0.00286 0.26236 0.96496 -0.00998 0.26222 0.95838 -0.00593 0.28543 0.96531 -0.00309 0.26108 0.9719 0.00412 0.23537 0.96391 0.00174 0.26622 0.96067 -0.00512 0.27764 0.9576 -0.0066 0.28802 0.96541 -0.00422 0.2607 0.9663 -0.0189 0.25673 0.96637 -0.00207 0.25716 0.97479 0.00679 0.22302 0.96718 0.0081 0.25396 0.96551 0.00262 0.26035 0.96723 0.00422 0.25386 0.97115 -0.00971 0.23828 0.96662 0.00716 0.2561 0.96479 0.00366 0.263 0.96448 0.02531 0.26296 0.97022 0.00593 0.24216 -0.96794 0.00118 -0.25118 -0.96772 -0.00028 -0.25202 -0.97049 -0.01343 -0.24075 -0.9739 -0.01705 -0.22633 -0.96919 0.00461 -0.24626 -0.96994 0.01258 -0.24303 -0.97017 0.01781 -0.24178 -0.96939 0.01984 -0.24472 -0.96742 0.01825 -0.25251 -0.96508 0.02339 -0.26091 -0.96213 0.03442 -0.27041 -0.96157 0.0349 -0.27235 -0.96448 0.0039 -0.26412 -0.96478 0.00556 -0.26299 -0.9634 0.00289 -0.26806 -0.9574 -0.00317 -0.28875 -0.9631 -0.00509 -0.26908 -0.94723 -0.01127 -0.32035 -0.96409 -0.01427 -0.2652 -0.96427 -0.00685 -0.26484 -0.96209 -0.03902 -0.26992 -0.96759 -0.01266 -0.25221 -0.96136 -0.02748 -0.27391 -0.96803 -0.01948 -0.25009 -0.96791 -0.02733 -0.24981 -0.97198 -0.01744 -0.23443 -0.99792 -0.054 -0.03527 -1 -0.00015 0.00058 -1 -0.00015 0.00058 -1 -0.00015 0.00058 -0.99999 -0.00351 0.00071 -1 -0.00015 0.00058 -0.99988 -0.01513 -0.0017 -0.99989 -0.01433 -0.00327 -1 -0.00015 0.00058 -1 -0.00015 0.00058 -1 -0.00015 0.00058 -1 -0.00015 0.00058 -1 -0.00015 0.00058 -1 -0.00015 0.00058 -1 -0.00015 0.00058 -1 -0.00015 0.00058 -1 -0.00015 0.00058 -1 -0.00015 0.00058 -0.99999 -0.00327 0.00163 -1 -0.00015 0.00058 -1 -0.00043 0.0004 -1 -0.00015 0.00058 -1 -0.00015 0.00058 -0.99995 0.00628 0.00826 -1 -0.00015 0.00058 -1 -0.00015 0.00058 -1 -0.00015 0.00058 -1 -0.00015 0.00058 -1 -0.00015 0.00058 -1 -0.00015 0.00058 -1 0.00071 0.00208 -1 -0.00015 0.00058 -1 -0.00015 0.00058 -1 -0.00015 0.00058 -1 -0.00015 0.00058 -1 -0.00015 0.00058 -1 -0.00015 0.00058 -1 -0.00015 0.00058 -1 -0.0014 0.00078 -1 -0.00015 0.00058 -0.99998 0.00657 0.00135 -0.0006 0.26193 -0.96509 -0.0006 0.26193 -0.96509 -0.0006 0.26193 -0.96509 -0.0006 0.26193 -0.96509 -0.0006 0.26194 -0.96508 -0.0006 0.26194 -0.96508 -0.0006 0.26194 -0.96508 -0.0006 0.26194 -0.96508 0.00129 -0.96255 -0.27111 -1e-05 -0.96274 -0.27042 0 0.96735 0.25344 0.00219 0.96704 0.25461 -0.00743 -0.59215 -0.80579 -0.00171 -0.60977 -0.79258 0.00112 -0.87284 -0.48801 0.00035 -0.86668 -0.49887 0.00292 0.99897 0.04526 -0.00073 0.94592 -0.32441 0.00017 0.72986 -0.6836 -0.00226 0.83791 -0.54581 -0.0006 0.20304 -0.97917 -0.00491 0.42412 -0.90559 -0.00056 0.5949 -0.8038 0.00015 -0.39537 -0.91852 0.00307 -0.21663 -0.97625 -0.0002 -0.02839 -0.9996 0.00142 0.99706 0.07658 -0.0085 0.94819 -0.31759 -0.00943 -0.30078 -0.95365 -0.01391 0.23062 -0.97294 -0.00919 0.77547 -0.63132 -0.01405 0.55806 -0.82968 -0.00551 -0.06425 -0.99792 -1 -0.00015 0.00058 -1 -0.00015 0.00058 -1 -0.00015 0.00058 -1 -0.00015 0.00058 -1 -0.00015 0.00058 -1 -0.00015 0.00058 -1 -0.00015 0.00058 -1 -0.00015 0.00058 -1 -0.00015 0.00058 -1 -0.00015 0.00058 -1 -0.00015 0.00058 -1 -0.00015 0.00058 -1 -0.00015 0.00058 -1 -0.00015 0.00058 -1 -0.00015 0.00058 -1 -0.00015 0.00058 -1 -0.00015 0.00058 -1 -0.00015 0.00058 -1 -0.00015 0.00058 -1 -0.00015 0.00058 -1 -0.00015 0.00058 -1 -0.00015 0.00058 -1 -0.00015 0.00058 -1 -0.00015 0.00058 -1 -0.00015 0.00058 -1 -0.00015 0.00058 -1 -0.00015 0.00058 -1 -0.00015 0.00058 -1 -0.00015 0.00058 -1 -0.00015 0.00058 -1 -0.00015 0.00058 -1 -0.00015 0.00058 -1 -0.00015 0.00058 -1 -0.00015 0.00058 -1 -0.00015 0.00058 -1 -0.00015 0.00058 -1 -0.00015 0.00058 -1 -0.00015 0.00058 -1 -0.00015 0.00058 -1 -0.00015 0.00058 -1 -0.00015 0.00058 -1 -0.00015 0.00058 -1 -0.00015 0.00058 -1 -0.00015 0.00058 -1 -0.00015 0.00058 -1 -0.00015 0.00058 1 0.00015 -0.00058 1 0.00015 -0.00058 1 0.00015 -0.00058 1 0.00015 -0.00058 1 0.00015 -0.00058 1 0.00015 -0.00058 1 0.00015 -0.00058 1 0.00015 -0.00058 1 0.00015 -0.00058 1 0.00015 -0.00058 1 0.00015 -0.00058 1 0.00015 -0.00058 1 0.00015 -0.00058 1 0.00015 -0.00058 1 0.00015 -0.00058 1 0.00015 -0.00058 1 0.00015 -0.00058 1 0.00015 -0.00058 1 0.00015 -0.00058 1 0.00015 -0.00058 1 0.00015 -0.00058 1 0.00015 -0.00058 1 0.00015 -0.00058 1 0.00015 -0.00058 1 0.00015 -0.00058 1 0.00015 -0.00058 1 0.00015 -0.00058 1 0.00015 -0.00058 1 0.00015 -0.00058 1 0.00015 -0.00058 1 0.00015 -0.00058 1 0.00015 -0.00058 1 0.00015 -0.00058 1 0.00015 -0.00058 1 0.00015 -0.00058 1 0.00015 -0.00058 1 0.00015 -0.00058 1 0.00015 -0.00058 1 0.00015 -0.00058 1 0.00015 -0.00058 1 0.00015 -0.00058 1 0.00015 -0.00058 1 0.00015 -0.00058 1 0.00015 -0.00058 0.71745 0.36255 -0.59483 0.6611 0.16291 -0.7324 0.70225 0.29296 -0.64886 0.67989 0.21633 -0.70068 0.25826 0.00316 -0.96607 0.22358 0.50274 -0.83502 0.24942 0.26187 -0.93232 0.22358 0.50274 -0.83502 0.24942 0.26187 -0.93232 0.25826 0.00316 -0.96607 -0.3188 0.05688 -0.94611 -0.28316 0.22618 -0.93202 -0.29599 0.1049 -0.94941 -0.28404 0.29287 -0.91299 -0.30776 0.35422 -0.88307 0.69842 -0.24529 -0.67234 0.68912 -0.12636 -0.71355 0.69776 -0.3398 -0.63061 0.69718 -0.21655 -0.68341 0.22373 -0.49726 -0.83826 0.25826 0.00316 -0.96607 0.02729 -0.33113 -0.94319 0.24824 -0.25578 -0.93432 0.02567 -0.32179 -0.94646 -0.25461 -0.20593 -0.94486 0.05278 -0.14622 -0.98784 0.06569 -0.19473 -0.97865 0.67247 -0.50992 -0.53644 0.60606 -0.68499 -0.40434 0.64678 -0.59261 -0.48009 0.63777 -0.61608 -0.46226 0.12926 -0.86444 -0.48584 0.22373 -0.49726 -0.83826 0.12821 -0.80726 -0.57611 0.1806 -0.70494 -0.68589 0.22373 -0.49726 -0.83826 0.22373 -0.49726 -0.83826 0.18383 -0.64313 -0.74337 -0.38767 -0.48402 -0.7845 -0.36055 -0.55362 -0.75067 -0.28989 -0.69782 -0.65499 -0.31923 -0.64337 -0.69582 0.54848 -0.81446 -0.18929 0.53696 -0.84043 -0.07321 0.54021 -0.83565 -0.09935 0.52096 -0.85315 0.0272 0.00015 -0.99999 -0.00324 0.00015 -0.99999 -0.00324 0.06685 -0.96524 -0.25266 0.12926 -0.86444 -0.48584 0.06699 -0.9651 -0.25316 0.12926 -0.86444 -0.48584 -0.42774 -0.75956 -0.49001 -0.4042 -0.85217 -0.33232 -0.41811 -0.80786 -0.41539 -0.39261 -0.87797 -0.2739 0.15088 -0.97406 0.16862 0.43029 -0.8545 0.291 0.08139 -0.96687 0.24193 -0.1269 -0.87319 0.47057 0.18568 -0.94401 0.2727 0.07962 -0.95416 0.28851 -0.0667 -0.96674 0.24691 0.00015 -0.99999 -0.00324 -0.50906 -0.86046 -0.02164 -0.5408 -0.83688 0.0847 -0.5408 -0.83688 0.0847 -0.56558 -0.80252 0.18996 0.30219 -0.53085 0.79176 0.34359 -0.69054 0.63647 0.32498 -0.61465 0.71874 0.32498 -0.61465 0.71874 -0.129 -0.8676 0.48023 -0.22358 -0.50274 0.83502 -0.22358 -0.50274 0.83502 -0.18251 -0.70934 0.68083 -0.18251 -0.70934 0.68083 -0.129 -0.8676 0.48023 -0.58343 -0.68236 0.44045 -0.61751 -0.6335 0.46622 -0.69979 -0.48067 0.52844 -0.66275 -0.55708 0.50043 0.24741 -0.32693 0.91209 0.264 -0.20212 0.94311 0.27371 -0.10185 0.9564 0.25812 -0.27052 0.92747 0.26866 -0.18272 0.94575 -0.25826 -0.00316 0.96607 -0.22957 -0.49828 0.83607 -0.25826 -0.00316 0.96607 -0.25826 -0.00316 0.96607 -0.25236 -0.27395 0.92804 -0.25089 -0.24561 0.93634 -0.22707 -0.47862 0.84815 -0.70193 -0.35532 0.61729 -0.69183 -0.22199 0.68709 -0.69714 -0.26902 0.66455 -0.67957 -0.14649 0.71884 0.28152 0.3275 0.90194 0.26821 0.22599 0.93648 0.24986 0.11073 0.96193 0.26662 0.21506 0.9395 -0.25816 0.02455 0.96579 -0.22373 0.49726 0.83826 -0.22373 0.49726 0.83826 -0.24791 0.272 0.92981 -0.24571 0.25132 0.9362 -0.25233 -0.00049 0.96764 -0.66115 0.15797 0.73344 -0.67995 0.21159 0.70206 -0.71756 0.35847 0.59716 -0.70233 0.28855 0.65075 0.04052 0.62029 0.78333 0.02588 0.77451 0.63203 0.3349 0.66057 0.67193 -0.35623 0.76504 0.53648 0.02587 0.75038 0.6605 -0.00101 0.64235 0.76641 -0.35988 0.74046 0.56763 -0.41133 0.61325 0.67434 -0.62728 0.63213 0.4549 -0.39326 0.63441 0.66548 0.40569 0.7869 0.46498 0.43183 0.86616 0.25157 0.4202 0.82799 0.3713 0.42366 0.83855 0.34256 -0.00015 0.99999 0.00324 -0.12926 0.86444 0.48584 -0.00015 0.99999 0.00324 -0.06699 0.9651 0.25316 -0.06699 0.9651 0.25316 -0.12926 0.86444 0.48584 -0.59866 0.774 0.20624 -0.55772 0.82589 0.08278 -0.57335 0.8035 0.16016 -0.52937 0.84675 -0.05277 -0.5325 0.8464 0.00744 0.64325 0.73438 -0.21662 0.5328 0.84601 -0.01987 0.52911 0.84655 0.05825 0.61228 0.76684 -0.19254 0.54975 0.8314 -0.08086 -0.00015 0.99999 0.00324 0.129 0.8676 -0.48023 0.129 0.8676 -0.48023 0.0667 0.96674 -0.24691 0.0667 0.96674 -0.24691 -0.00015 0.99999 0.00324 -0.41278 0.87381 -0.25705 -0.41686 0.84637 -0.3315 -0.41715 0.77622 -0.47272 -0.41822 0.82108 -0.38848 0.22594 0.52419 -0.82108 0.129 0.8676 -0.48023 0.129 0.8676 -0.48023 0.22358 0.50274 -0.83502 0.18294 0.70932 -0.68073 0.18236 0.72385 -0.66542 -0.31592 0.51429 -0.79731 -0.32457 0.68843 -0.64862 -0.32192 0.59659 -0.73515 -0.32304 0.61994 -0.71506 0.66385 0.68754 -0.29428 0.6938 0.48329 -0.53392 0.66743 0.54265 -0.50997 0.65213 0.67355 -0.34793 0.65113 0.60584 -0.45714 -1 -0.00015 0.00058 -1 -0.00015 0.00058 -1 -0.00015 0.00058 -1 -0.00015 0.00058 -0.1829 0.48047 0.85773 -0.355 0.58268 0.73107 -0.01518 0.36239 0.9319 -0.26174 0.5299 0.80666 0.45995 0.88692 0.04271 0.24009 0.9669 -0.08635 0.51329 0.85477 0.07677 0.37165 0.92831 -0.01113 0.39956 0.24301 -0.88391 0.12839 0.1431 -0.98135 0.20348 0.17165 -0.96392 0.44475 0.2587 -0.85748 -0.08344 0.97747 -0.19386 0.06764 0.9938 -0.08819 0.01458 0.99194 -0.12584 0.16337 0.98639 -0.01879 0.01788 0.42244 -0.90622 0.05189 0.88063 -0.47095 -0.22061 0.00572 -0.97535 0.04561 0.96427 0.26097 -0.07625 0.73274 0.67622 -0.28441 -0.03165 -0.95818 -0.05406 0.31093 -0.94889 0.02046 0.75621 -0.65401 0.12735 0.98531 -0.11375 0.02161 0.87978 0.47489 -0.14255 0.70514 0.69459 0.55599 0.03174 0.83058 0.27021 0.10961 0.95654 0.1944 0.12732 0.97262 0.53263 0.03888 0.84545 0.03846 -0.53388 0.84469 0.00059 -0.39935 0.9168 0.0006 -0.19169 0.98146 0.0092 -0.37412 0.92734 0.05823 -0.52505 0.84908 -0.17078 -0.9493 0.26392 -0.43064 -0.84661 0.31273 -0.1187 -0.96043 0.25198 -0.33505 -0.89416 0.297 -0.44929 -0.5356 -0.71504 -0.05152 -0.43469 -0.89911 -0.20658 -0.48442 -0.8501 -0.51848 -0.54292 -0.66062 -1 -0.00015 0.00058 -1 -0.00015 0.00058 -1 -0.00015 0.00058 -1 -0.00015 0.00058 -1 -0.00015 0.00058 -1 -0.00015 0.00058 -1 -0.00015 0.00058 0.33026 0.70105 -0.63203 0.66766 0.47098 -0.57655 0.6244 0.51058 -0.59114 0.26444 0.72956 -0.63072 0.00043 -0.85908 0.51184 0.01489 -0.86113 0.50817 0.00364 -0.85955 0.51104 0.01827 -0.86158 0.5073 0.00015 -0.99999 -0.00324 0.00015 -0.99999 -0.00324 0.00015 -0.99999 -0.00324 0.00015 -0.99999 -0.00324 -1 -0.00015 0.00058 -1 -0.00015 0.00058 -1 -0.00015 0.00058 -1 -0.00015 0.00058 -1 -0.00015 0.00058 -1 -0.00015 0.00058 -1 -0.00015 0.00058 -1 -0.00015 0.00058 -1 -0.00015 0.00058 -1 -0.00015 0.00058 -1 -0.00015 0.00058 -1 -0.00015 0.00058 -1 -0.00015 0.00058 -1 -0.00015 0.00058 -1 -0.00015 0.00058 -1 -0.00015 0.00058 -1 -0.00015 0.00058 -1 -0.00015 0.00058 -1 -0.00015 0.00058 -1 -0.00015 0.00058 -1 -0.00015 0.00058 0.00057 -0.53988 0.84174 0.00057 -0.54055 0.84131 0.00057 -0.53988 0.84174 0.00057 -0.55566 0.83141 0.00057 -0.54779 0.83661 0.10668 0.80332 -0.58591 0.0623 0.79388 -0.60488 0.09154 0.80031 -0.59256 0.04285 0.78914 -0.61272 0.38087 0.88902 0.25414 0.08581 0.99439 0.06185 -0.06558 0.99716 -0.0371 0.28345 0.93982 0.19075 0.17508 0.06371 0.98249 0.01518 0.04353 0.99894 0.00058 0.04163 0.99913 0.16327 0.06225 0.98462 -0.4003 0.78325 0.47569 -0.02105 0.72932 0.68385 -0.17601 0.76848 0.61519 -0.48145 0.774 0.41125 -0.00015 0.99999 0.00324 -0.00015 0.99999 0.00324 -0.00015 0.99999 0.00324 -0.00015 0.99999 0.00324 -0.00058 0.00324 -0.99999 -0.00058 0.00324 -0.99999 -0.00058 0.00324 -0.99999 -0.00058 0.00324 -0.99999 0.00015 -0.99999 -0.00324 0.00015 -0.99999 -0.00324 0.00015 -0.99999 -0.00324 0.00015 -0.99999 -0.00324 -0.37387 -0.62013 -0.68968 -0.06774 -0.28453 -0.95627 -0.00058 0.00219 -1 -0.00052 -0.2659 -0.964 -0.28373 -0.59755 -0.74995 -0.15641 -0.90965 0.38479 0.05842 -0.97545 0.21234 -0.04386 -0.95385 0.29707 0.16715 -0.97896 0.117 -0.38729 -0.08279 0.91823 -0.04795 -0.0216 0.99862 0.00058 -0.01271 0.99992 -0.36126 -0.07816 0.92918 0.2696 -0.0158 -0.96284 0.02405 -0.05193 -0.99836 -0.00057 -0.05536 -0.99847 0.2373 -0.02076 -0.97121 -0.21141 -0.01422 0.97729 0.00059 -0.04765 0.99886 -0.02745 -0.04336 0.99868 -0.27839 -0.00318 0.96046 -1 -0.00015 0.00058 -1 -0.00015 0.00058 -1 -0.00015 0.00058 -1 -0.00015 0.00058 -1 -0.00015 0.00058 -1 -0.00015 0.00058 -1 -0.00015 0.00058 -1 -0.00015 0.00058 -1 -0.00015 0.00058 -1 -0.00015 0.00058 -1 -0.00015 0.00058 -1 -0.00015 0.00058 0.00058 -0.00324 0.99999 0.00058 -0.00324 0.99999 0.00058 -0.00324 0.99999 0.00058 -0.00324 0.99999 -0.00015 0.99999 0.00324 -0.00015 0.99999 0.00324 -0.00015 0.99999 0.00324 -0.00015 0.99999 0.00324 0.02877 0.00931 0.99954 0.00334 0.01325 0.99991 0.00058 0.01368 0.99991 0.02569 0.00979 0.99962 0.08136 0.68473 0.72425 -0.07321 0.59031 0.80385 0.02077 0.6507 0.75905 0.16355 0.72461 0.66947 -0.20707 0.82572 -0.52469 0.13224 0.92408 -0.3586 0.24078 0.92584 -0.29127 -0.08838 0.87599 -0.47417 0.19365 0.07726 -0.97802 -0.00059 0.04803 -0.99885 0.02053 0.0513 -0.99847 0.20984 0.07961 -0.97449 -0.00015 0.99999 0.00324 -0.00015 0.99999 0.00324 -0.00015 0.99999 0.00324 -0.00015 0.99999 0.00324 0.025 -0.85647 -0.51559 0.40007 -0.8553 -0.32926 -0.09884 -0.8245 -0.55716 0.32107 -0.8689 -0.37674 0.07037 -0.03889 -0.99676 -0.00057 -0.04832 -0.99883 0.00595 -0.04746 -0.99886 0.07768 -0.0379 -0.99626 0.00015 -0.99999 -0.00324 0.00015 -0.99999 -0.00324 0.00015 -0.99999 -0.00324 0.00015 -0.99999 -0.00324 0.00058 -0.00324 0.99999 0.00058 -0.00324 0.99999 0.00058 -0.00324 0.99999 0.00058 -0.00324 0.99999 -0.00058 0.00324 -0.99999 -0.00058 0.00324 -0.99999 -0.00058 0.00324 -0.99999 -0.00058 0.00324 -0.99999 -1 -0.00015 0.00058 -1 -0.00015 0.00058 -1 -0.00015 0.00058 -1 -0.00015 0.00058 0.00015 -0.99999 -0.00324 0.00015 -0.99999 -0.00324 0.00015 -0.99999 -0.00324 0.00015 -0.99999 -0.00324 0.00058 -0.00324 0.99999 0.00058 -0.00324 0.99999 0.00058 -0.00324 0.99999 0.00058 -0.00324 0.99999 -0.00015 0.99999 0.00324 -0.00015 0.99999 0.00324 -0.00015 0.99999 0.00324 -0.00015 0.99999 0.00324 -0.00058 0.00324 -0.99999 -0.00058 0.00324 -0.99999 -0.00058 0.00324 -0.99999 -0.00058 0.00324 -0.99999 -1 -0.00015 0.00058 -1 -0.00015 0.00058 -1 -0.00015 0.00058 -1 -0.00015 0.00058 -0.00015 0.99999 0.00324 -0.00015 0.99999 0.00324 -0.00015 0.99999 0.00324 -0.00015 0.99999 0.00324 -0.00218 0.00486 -0.99999 -0.00635 0.00679 -0.99996 -0.00058 0.00411 -0.99999 -0.00542 0.00636 -0.99997 0.00058 0.02248 0.99975 0.00058 0.02248 0.99975 0.00058 0.02248 0.99975 -0.00038 -0.59396 -0.8045 -0.37553 -0.43725 -0.81719 -0.1043 -0.56053 -0.82154 -0.43027 -0.40523 -0.80664 -0.25135 0.75523 -0.60535 0.01 0.33735 -0.94133 0.28529 0.03223 -0.9579 0.22563 0.05849 -0.97246 -0.04785 0.53115 -0.84592 -0.34623 0.76799 -0.53881 0.3877 0.92104 -0.03701 0.11929 0.98743 0.10372 0.32107 0.94706 -0.00052 -6e-05 0.98689 0.16138 -0.00017 -0.8558 -0.5173 -0.00018 -0.84712 -0.5314 -0.0002 -0.82899 -0.55926 -0.00022 -0.80987 -0.58661 -0.00024 -0.78974 -0.61344 -0.00026 -0.7687 -0.63961 -0.00027 -0.75791 -0.65236 -0.00017 -0.8558 -0.5173 -0.00018 -0.84712 -0.5314 -0.0002 -0.82899 -0.55926 -0.00022 -0.80987 -0.58661 -0.00024 -0.78974 -0.61344 -0.00026 -0.7687 -0.63961 -0.00027 -0.75791 -0.65236 0.00034 0.66047 0.75085 0.00034 0.66047 0.75085 0.00034 0.66047 0.75085 0.00034 0.66047 0.75085 0.00058 0.00615 0.99998 0.00058 0.00135 1 0.00058 0.02248 0.99975 0.00058 0.00135 1 0.00058 0.01191 0.99993 0.42528 -0.88466 -0.1911 0.19975 -0.97972 0.01563 0.56029 -0.82701 -0.04621 0.35678 -0.92383 -0.13871 0.43022 -0.89311 0.13139 0.02364 -0.99633 -0.08228 0.53348 -0.84258 -0.07393 0.04064 0.52369 -0.85094 0.23595 0.59355 -0.76943 -0.03951 0.4878 -0.87206 0.17563 0.57472 -0.79928 -0.35448 0.23856 0.90412 -0.49294 0.166 0.85408 -0.51132 0.15545 0.84521 -0.4087 0.2115 0.88782 0.12888 -0.97636 -0.17352 0.04971 -0.99148 -0.12042 0.07963 -0.98686 -0.14057 0.0001 -0.99623 -0.08672 -0.04248 -0.72496 -0.68748 0.05644 -0.75506 -0.65322 -0.00025 -0.73888 -0.67383 0.10151 -0.76586 -0.63495 -0.14621 0.12885 -0.98083 -0.10634 0.11303 -0.98788 -0.12074 0.11876 -0.98555 -0.15699 0.13311 -0.97859 0.00015 -0.99999 -0.00324 0.00015 -0.99999 -0.00324 0.00015 -0.99999 -0.00324 0.00015 -0.99999 -0.00324 -1 -0.00015 0.00058 -1 -0.00015 0.00058 -1 -0.00015 0.00058 -1 -0.00015 0.00058 -1 -0.00015 0.00058 -1 -0.00015 0.00058 -1 -0.00015 0.00058 -1 -0.00015 0.00058 -1 -0.00015 0.00058 -1 -0.00015 0.00058 -1 -0.00015 0.00058 -1 -0.00015 0.00058 -0.49927 0.84573 -0.18835 -0.46785 0.86549 -0.17899 -0.48507 0.85487 -0.18413 -0.50482 0.84205 -0.19 0.07484 0.00422 0.99719 0.00058 0.01488 0.99989 0.00842 0.01376 0.99987 0.08687 0.00249 0.99622 0.15684 0.00917 0.98758 0.07825 0.0873 0.9931 0.08907 0.07666 0.99307 0.00055 0.16258 0.9867 0.00015 -0.99999 -0.00324 0.00015 -0.99999 -0.00324 0.00015 -0.99999 -0.00324 0.00015 -0.99999 -0.00324 -0.02316 0.02828 0.99933 0.00059 -0.03908 0.99924 -0.03028 0.12673 0.99147 -0.00152 -0.03875 0.99925 -0.02533 0.04258 0.99877 -0.45474 -0.05749 -0.88877 -0.00056 -0.13176 -0.99128 -0.0497 -0.12515 -0.99089 -0.50586 -0.04702 -0.86133 -0.54176 -0.83877 0.05435 -0.33749 -0.9364 -0.09621 -0.18456 -0.9634 -0.19444 -0.41201 -0.91011 -0.04422 -0.05994 0.79705 -0.60094 0.13006 0.84731 -0.51492 -0.12448 0.77137 -0.62409 0.0684 0.83514 -0.54576 0.1571 0.98754 0.00887 -0.15735 0.98383 0.08553 -0.07279 0.9952 0.06541 0.24739 0.96881 -0.01409 0.21897 -0.38843 -0.89508 -0.00052 -0.28272 -0.9592 0.29215 -0.41948 -0.85947 0.09683 -0.33185 -0.93835 -0.10695 0.87755 -0.4674 0.02154 0.98138 -0.19087 -0.00026 0.98263 -0.18559 -0.22541 0.79016 -0.56995 0.03114 0.94712 -0.31936 -0.00287 -0.7265 -0.68716 0.19866 -0.51184 -0.8358 -0.13836 -0.82676 -0.54527 0.07278 -0.65528 -0.75187 -1 -0.00015 0.00058 -1 -0.00015 0.00058 -1 -0.00015 0.00058 -1 -0.00015 0.00058 -1 -0.00015 0.00058 -1 -0.00015 0.00058 -1 -0.00015 0.00058 -0.00015 0.99999 0.00324 -0.00015 0.99999 0.00324 -0.00015 0.99999 0.00324 -0.00015 0.99999 0.00324 -0.0006 0.34529 -0.9385 -0.0006 0.34529 -0.9385 -0.0006 0.34529 -0.9385 -0.0006 0.34529 -0.9385 0.0005 0.32912 0.94429 0.0005 0.32912 0.94429 0.0005 0.32912 0.94429 0.0005 0.32912 0.94429 0.00016 -0.99997 0.00744 0.00016 -0.99997 0.00744 0.00016 -0.99997 0.00744 0.00016 -0.99997 0.00744 -0.00862 -0.49602 0.86827 -0.03216 -0.4861 0.87331 -0.02229 -0.4903 0.87127 0.00058 -0.49981 0.86613 0.33782 -0.90412 0.26162 0.12355 -0.92228 0.36623 0.03954 -0.91531 0.4008 0.29171 -0.91267 0.28625 0.24798 -0.2837 -0.92629 -0.07259 -0.49507 -0.86581 -0.18483 -0.55277 -0.81258 0.14978 -0.35591 -0.92244 0.48105 0.3477 -0.8048 0.21066 0.51656 -0.82993 0.42134 0.39103 -0.81827 0.06649 0.58168 -0.81069 -0.09194 0.97394 -0.20733 -0.01827 0.97276 -0.23111 -0.0715 0.9742 -0.21407 -0.00028 0.97158 -0.2367 0.12598 0.88646 0.44532 0.41447 0.74126 0.52797 9e-05 0.91837 0.39571 0.34678 0.78531 0.51287 0.00055 0.16269 0.98668 -0.37674 0.2796 0.88311 -0.10228 0.19729 0.975 -0.43114 0.29396 0.85305 -0.00013 0.99943 0.03362 0.0903 0.99173 0.09115 0.05235 0.99638 0.06705 0.14322 0.98181 0.12462 0.05412 0.31552 0.94737 0.00051 0.28866 0.95743 0.02353 0.30032 0.95355 0.0741 0.32525 0.94272 0.13962 0.90687 0.39761 -0.09569 0.85502 0.50969 -0.01192 0.88066 0.4736 0.21067 0.90999 0.35713 -0.34034 0.82511 -0.45097 -0.45551 0.74619 -0.4855 -0.23711 0.87868 -0.41436 -0.41211 0.77853 -0.47335 -1 -0.00015 0.00058 -1 -0.00015 0.00058 -1 -0.00015 0.00058 -1 -0.00015 0.00058 -1 -0.00015 0.00058 -1 -0.00015 0.00058 -1 -0.00015 0.00058 -1 -0.00015 0.00058 -1 -0.00015 0.00058 -1 -0.00015 0.00058 -1 -0.00015 0.00058 -1 -0.00015 0.00058 -1 -0.00015 0.00058 -1 -0.00015 0.00058 -1 -0.00015 0.00058 -1 -0.00015 0.00058 -1 -0.00015 0.00058 -1 -0.00015 0.00058 -1 -0.00015 0.00058 -1 -0.00015 0.00058 -1 -0.00015 0.00058 -1 -0.00015 0.00058 0.00075 -0.5555 0.83151 0.00057 -0.54088 0.8411 0.00067 -0.54826 0.83631 0.0006 -0.54204 0.84035 0.00057 -0.5555 0.83151 0.00057 -0.54821 0.83634 -0.18883 0.78832 -0.58557 -0.00052 0.69745 -0.71663 -0.26027 0.8111 -0.52381 -0.11962 0.75994 -0.6389 0.06675 0.86142 -0.50348 -0.05336 0.83817 -0.5428 -0.0123 0.8477 -0.53034 0.11123 0.86645 -0.48671 -0.11475 0.88341 0.45434 0.06067 0.91116 0.40756 -0.1561 0.87237 0.46326 0.02161 0.90763 0.41922 0.08921 0.08247 0.99259 0.00058 0.00942 0.99996 0.177 0.1547 0.97198 0.07937 0.07437 0.99407 -0.00015 0.99999 0.00324 -0.00015 0.99999 0.00324 -0.00015 0.99999 0.00324 -0.00015 0.99999 0.00324 -0.00058 0.00324 -0.99999 -0.00058 0.00324 -0.99999 -0.00058 0.00324 -0.99999 -0.00058 0.00324 -0.99999 0.00015 -0.99999 -0.00324 0.00015 -0.99999 -0.00324 0.00015 -0.99999 -0.00324 0.00015 -0.99999 -0.00324 -0.15833 -0.03001 -0.98693 -0.01636 -0.00786 -0.99984 -0.14674 -0.02821 -0.98877 -0.00058 -0.00539 -0.99999 -0.00173 -0.8446 0.5354 -0.04756 -0.41059 0.91058 0.00059 -0.04916 0.99879 0.11338 -0.92014 0.37481 0.01495 -0.73863 0.67394 -0.01485 -0.04677 0.9988 -0.06927 -0.17988 0.98125 0.00015 -0.99999 -0.00324 0.00015 -0.99999 -0.00324 0.00015 -0.99999 -0.00324 0.00015 -0.99999 -0.00324 -0.04474 -0.01645 -0.99886 -0.00486 -0.01034 -0.99993 -0.00058 -0.00969 -0.99995 -0.04091 -0.01586 -0.99904 0.06911 -0.83897 -0.53977 0.12758 -0.85041 -0.51041 0.04417 -0.83299 -0.55153 0.09959 -0.84539 -0.52478 0.21947 -0.78263 0.58252 -0.03212 -0.87784 0.47787 0.07332 -0.84684 0.52677 0.29647 -0.73824 0.60589 -0.22285 -0.0591 0.97306 -0.02319 -0.02684 0.99937 0.00059 -0.02294 0.99974 -0.20606 -0.05642 0.97691 0.00057 -0.53646 0.84393 0.00057 -0.53646 0.84393 0.00057 -0.53646 0.84393 0.00057 -0.53646 0.84393 -1 -0.00015 0.00058 -1 -0.00015 0.00058 -1 -0.00015 0.00058 -1 -0.00015 0.00058 -1 -0.00015 0.00058 -1 -0.00015 0.00058 -1 -0.00015 0.00058 -1 -0.00015 0.00058 -1 -0.00015 0.00058 0.08809 0.64492 -0.75915 -0.02249 0.70919 -0.70466 -0.08464 0.73939 -0.66794 0.03097 0.67981 -0.73274 0.10006 0.98015 0.17113 -8e-05 0.99174 0.12828 0.03826 0.98871 0.14487 0.14371 0.97134 0.18932 0.20396 0.00833 0.97894 0.10767 0.11355 0.98768 0.11889 0.10153 0.9877 0.00053 0.22526 0.9743 0.00015 -0.99999 -0.00324 0.00015 -0.99999 -0.00324 0.00015 -0.99999 -0.00324 0.00015 -0.99999 -0.00324 -0.24439 -0.95387 0.17439 0.00031 -0.95676 0.29089 -0.10709 -0.96424 0.24242 -0.36821 -0.9236 0.10668 0.26986 -0.05843 0.96112 0.02582 -0.09686 0.99496 0.00059 -0.10048 0.99494 0.23779 -0.06385 0.96922 0.00015 -0.99999 -0.00324 0.00015 -0.99999 -0.00324 0.00015 -0.99999 -0.00324 0.00015 -0.99999 -0.00324 -1 -0.00015 0.00058 -1 -0.00015 0.00058 -1 -0.00015 0.00058 -1 -0.00015 0.00058 -1 -0.00015 0.00058 -1 -0.00015 0.00058 -1 -0.00015 0.00058 -1 -0.00015 0.00058 -1 -0.00015 0.00058 -1 -0.00015 0.00058 -1 -0.00015 0.00058 -1 -0.00015 0.00058 -1 -0.00015 0.00058 0.0004 0.56141 0.82754 0.29467 0.45746 0.83899 0.08471 0.53728 0.83914 0.39871 0.40648 0.82207 0.00058 -0.00031 1 0.00058 -0.00031 1 0.00058 -0.00031 1 0.00058 -0.00031 1 0.01458 0.03571 0.99926 0.09267 0.01664 0.99556 0.07952 0.01987 0.99664 0.00058 0.03911 0.99923 -0.00015 0.99999 0.00324 -0.00015 0.99999 0.00324 -0.00015 0.99999 0.00324 -0.00015 0.99999 0.00324 -0.00058 0.00324 -0.99999 -0.00058 0.00324 -0.99999 -0.00058 0.00324 -0.99999 -0.00058 0.00324 -0.99999 0.00015 -0.99999 -0.00324 0.00015 -0.99999 -0.00324 0.00015 -0.99999 -0.00324 0.00015 -0.99999 -0.00324 -0.32159 -0.07735 0.94371 -0.0356 -0.03043 0.9989 0.00059 -0.02434 0.9997 -0.299 -0.07373 0.9514 -0.03013 -0.07284 -0.99689 -0.00318 -0.06911 -0.9976 -0.00057 -0.06874 -0.99763 -0.02758 -0.07249 -0.99699 -0.00698 -0.52915 0.8485 0.15197 -0.56219 0.81293 0.12408 -0.55746 0.82088 -0.03943 -0.5206 0.85289 -1 -0.00015 0.00058 -1 -0.00015 0.00058 -1 -0.00015 0.00058 -1 -0.00015 0.00058 -1 -0.00015 0.00058 -1 -0.00015 0.00058 -1 -0.00015 0.00058 -1 -0.00015 0.00058 -1 -0.00015 0.00058 -1 -0.00015 0.00058 -1 -0.00015 0.00058 -1 -0.00015 0.00058 -1 -0.00015 0.00058 -1 -0.00015 0.00058 -1 -0.00015 0.00058 -1 -0.00015 0.00058 -1 -0.00015 0.00058 -1 -0.00015 0.00058 0.14097 0.93327 0.33037 0.04994 0.9589 0.27933 0.09198 0.94846 0.30326 0 0.96822 0.2501 0.18972 -0.69749 -0.69103 0.05832 -0.67235 -0.73793 0.10032 -0.68183 -0.7246 0.21863 -0.7012 -0.67862 0.32757 -0.90376 0.27553 0.49633 -0.81174 0.30778 0.29478 -0.9171 0.26837 0.4124 -0.86268 0.29276 -0.25247 -0.30374 0.91869 0.03869 0.15573 0.98704 -0.01294 -0.03879 0.99916 -0.06912 -0.14618 0.98684 0.03356 0.15392 0.98751 -0.28988 -0.29117 0.9117 -0.06997 0.6804 0.7295 -0.12071 0.69098 0.71273 -0.0528 0.67637 0.73467 -0.10757 0.68843 0.71729 0.04806 0.99595 0.07596 -0.13465 0.99089 -0.00071 -0.08841 0.9959 0.0189 0.09755 0.99056 0.09635 0.20278 0.63175 -0.74818 -0.00056 0.59866 -0.801 0.2363 0.63453 -0.73589 0.04269 0.60798 -0.79281 -0.37965 -0.89501 0.23415 -0.19623 -0.96015 0.19902 -0.16766 -0.96677 0.193 -0.31129 -0.92407 0.2218 0.33034 -0.85307 -0.40392 0.12534 -0.9182 -0.37576 0.16809 -0.90832 -0.38302 0.42066 -0.80899 -0.41058 0.36065 0.62931 -0.68841 0.41532 0.62555 -0.66045 0.40661 0.62632 -0.66512 0.33579 0.63022 -0.70005 -0.15827 0.89667 0.41343 -0.0012 0.66283 0.74877 0.08012 0.47622 0.87567 0.0394 0.49564 0.86763 -0.04138 0.76547 0.64214 -0.22442 0.90191 0.36904 0.00048 -0.78635 0.61778 -0.2255 -0.82421 0.51945 -0.07649 -0.80478 0.58863 -0.27623 -0.82569 0.49186 -0.0297 0.73161 0.68107 0.16142 0.63594 0.75467 0.22961 0.59262 0.77206 0.06178 0.69043 0.72076 -0.05006 0.98047 -0.1902 -0.22844 0.93375 -0.27555 0.02637 0.9881 -0.15156 -0.16921 0.95387 -0.24799 -0.1161 0.14078 -0.98321 0.12645 0.39703 -0.90905 -0.00059 0.05203 -0.99865 0.20774 0.41883 -0.88398 -0.1585 0.23461 -0.95908 0.04472 -0.55173 -0.83282 -0.24041 -0.87329 -0.42376 0.4044 -0.15692 -0.90102 -0.32746 -0.87786 -0.34948 -0.08914 -0.67577 -0.7317 0.33375 -0.19717 -0.92181 0.08247 0.73533 -0.67267 0.31771 0.62963 -0.70896 0.26612 0.65743 -0.70495 -0.00049 0.7604 -0.64945 0.04872 0.31674 0.94726 0.33995 0.19617 0.91976 -0.03285 0.34457 0.93819 0.29413 0.21748 0.93069 0.35146 -0.9349 0.04931 0.36489 -0.9295 0.05378 0.35453 -0.93369 0.05032 0.37262 -0.92627 0.05635 -0.22603 -0.71547 -0.66107 0.13098 -0.59495 -0.79302 -0.31209 -0.72817 -0.61022 0.02108 -0.64321 -0.7654 0.00015 -0.99999 -0.00324 0.00015 -0.99999 -0.00324 0.00015 -0.99999 -0.00324 0.00015 -0.99999 -0.00324 -1 -0.00015 0.00058 -1 -0.00015 0.00058 -1 -0.00015 0.00058 -1 -0.00015 0.00058 -1 -0.00015 0.00058 -1 -0.00015 0.00058 -1 -0.00015 0.00058 -1 -0.00015 0.00058 -1 -0.00015 0.00058 0.00058 -0.00324 0.99999 0.00058 -0.00324 0.99999 0.00058 -0.00324 0.99999 0.00058 -0.00324 0.99999 0.44611 0.73697 -0.50781 0.14182 0.76198 -0.63188 0.09071 0.75823 -0.64564 0.40975 0.74468 -0.52684 -0.00049 0.77455 -0.63251 -0.00049 0.7716 -0.63611 -0.00047 0.79306 -0.60914 -0.00048 0.78245 -0.62272 -0.00049 0.7716 -0.63611 -0.00058 -0.0216 -0.99977 -0.00058 -0.0216 -0.99977 -0.00058 -0.0216 -0.99977 -0.00058 -0.0216 -0.99977 0.31916 -0.64465 -0.69466 0.13806 -0.59664 -0.79055 0.04053 -0.56087 -0.82691 0.26652 -0.63331 -0.72656 -0.16358 0.0424 -0.98562 -0.05008 0.01476 -0.99864 -0.07201 0.02011 -0.9972 -0.17876 0.0461 -0.98281 0.21245 0.72857 -0.65119 0.04304 0.78142 -0.62252 0.17953 0.74088 -0.6472 -0.00048 0.79088 -0.61197 0.03242 0.99932 0.01765 0.00848 0.99994 0.0071 -0.00015 0.99999 0.0033 0.02445 0.9996 0.01414 -0.04137 0.8315 0.55399 -0.03812 0.83235 0.55294 -0.04022 0.8318 0.55362 -0.03713 0.83261 0.55262 0.06151 -0.07427 0.99534 0.05412 0.22218 0.9735 0.28063 -0.38711 0.87829 0.04924 0.22354 0.97345 0.0252 0.02522 0.99936 0.21821 -0.36113 0.90663 0.45836 -0.8749 0.15636 0.41738 -0.897 0.14554 0.42695 -0.89207 0.14807 0.48676 -0.85804 0.16381 -1 -0.00015 0.00058 -1 -0.00015 0.00058 -1 -0.00015 0.00058 -1 -0.00015 0.00058 -1 -0.00015 0.00058 -1 -0.00015 0.00058 -1 -0.00015 0.00058 -1 -0.00015 0.00058 -1 -0.00015 0.00058 -1 -0.00015 0.00058 -1 -0.00015 0.00058 -1 -0.00015 0.00058 -1 -0.00015 0.00058 -1 -0.00015 0.00058 -1 -0.00015 0.00058 -1 -0.00015 0.00058 -1 -0.00015 0.00058 -1 -0.00015 0.00058 -1 -0.00015 0.00058 -0.23367 0.84737 0.47682 -0.27381 0.82805 0.48925 -0.25246 0.83858 0.48274 -0.21978 0.85359 0.47232 0.05217 0.91938 -0.3899 0.17392 0.92889 -0.32699 0.13448 0.92771 -0.34824 -0.00038 0.90998 -0.41465 -0.0006 0.23919 -0.97097 -0.0006 0.23919 -0.97097 -0.0006 0.23919 -0.97097 -0.0006 0.23919 -0.97097 -0.00031 0.95676 -0.29089 -0.00032 0.95379 -0.30049 -0.00032 0.95072 -0.31005 -0.00032 0.95072 -0.31005 -0.00032 0.95174 -0.3069 0.0129 -0.96735 0.25312 0.04874 -0.96842 0.24451 0.02088 -0.9677 0.25124 0.05564 -0.96847 0.24282 -0.08248 -0.18365 0.97953 0.07502 -0.28052 0.95691 0.02445 -0.2503 0.96786 0.19216 -0.34718 0.9179 -1 -0.00015 0.00058 -1 -0.00015 0.00058 -1 -0.00015 0.00058 -1 -0.00015 0.00058 -1 -0.00015 0.00058 -1 -0.00015 0.00058 -1 -0.00015 0.00058 -1 -0.00015 0.00058 -1 -0.00015 0.00058 -1 -0.00015 0.00058 -1 -0.00015 0.00058 -1 -0.00015 0.00058 -1 -0.00015 0.00058 -1 -0.00015 0.00058 -1 -0.00015 0.00058 -1 -0.00015 0.00058 -1 -0.00015 0.00058 -1 -0.00015 0.00058 -1 -0.00015 0.00058 -1 -0.00015 0.00058 -1 -0.00015 0.00058 -1 -0.00015 0.00058 -1 -0.00015 0.00058 -1 -0.00015 0.00058 -1 -0.00015 0.00058 -1 -0.00015 0.00058 -1 -0.00015 0.00058 -1 -0.00015 0.00058 -0.22535 0.93232 -0.28283 0.0235 0.98696 -0.15922 -0.07338 0.97516 -0.20899 -0.29051 0.9043 -0.31281 -0.07494 0.13037 -0.98863 -0.16246 0.17339 -0.97136 -0.18854 0.18603 -0.96428 -0.10885 0.14714 -0.98311 -0.00031 0.95676 -0.29087 -0.00032 0.95377 -0.30053 -0.00032 0.95068 -0.31016 -0.00032 0.95068 -0.31016 -0.00032 0.95279 -0.30363 -0.00031 0.95676 -0.29087 0.00027 -0.97874 0.20511 -0.08406 -0.96972 0.22931 -0.01838 -0.9774 0.2106 -0.09903 -0.96732 0.23344 0.15379 -0.62712 0.76359 -0.0252 -0.48606 0.87356 0.02871 -0.53198 0.84627 -0.1512 -0.36719 0.91778 0.23512 0.6246 0.74471 0.05288 0.7244 0.68735 -0.04079 0.7623 0.64594 0.15577 0.67241 0.72361 -1 -0.00015 0.00058 -1 -0.00015 0.00058 -1 -0.00015 0.00058 -1 -0.00015 0.00058 -1 -0.00015 0.00058 -1 -0.00015 0.00058 -1 -0.00015 0.00058 -1 -0.00015 0.00058 -1 -0.00015 0.00058 -1 -0.00015 0.00058 -1 -0.00015 0.00058 -1 -0.00015 0.00058 -1 -0.00015 0.00058 -1 -0.00015 0.00058 -1 -0.00015 0.00058 -1 -0.00015 0.00058 -1 -0.00015 0.00058 -1 -0.00015 0.00058 -1 -0.00015 0.00058 -1 -0.00015 0.00058 -1 -0.00015 0.00058 -1 -0.00015 0.00058 -1 -0.00015 0.00058 -1 -0.00015 0.00058 -1 -0.00015 0.00058 -1 -0.00015 0.00058 -1 -0.00015 0.00058 -1 -0.00015 0.00058 -1 -0.00015 0.00058 -1 -0.00015 0.00058 -1 -0.00015 0.00058 -1 -0.00015 0.00058 -0.0494 -0.06929 0.99637 -0.00588 -0.06042 0.99816 -0.04261 -0.06792 0.99678 0.00059 -0.05909 0.99825 0.10691 0.8989 0.42491 0.26525 0.89665 0.35448 0.05226 0.89351 0.44598 0.22457 0.89985 0.37395 0.00208 -0.13913 -0.99027 0.0797 -0.43182 -0.89843 -0.09544 0.04503 -0.99442 0.04998 -0.25914 -0.96455 0.05075 -0.44488 -0.89415 0.02603 -0.96542 -0.25941 -0.02059 -0.9567 -0.29033 -0.04658 -0.95051 -0.30719 -0.00059 -0.96082 -0.27718 -0.03167 -0.89605 0.44283 -0.01115 -0.90214 0.4313 -0.01956 -0.89971 0.43606 0.00038 -0.90532 0.42472 -1 -0.00015 0.00058 -1 -0.00015 0.00058 -1 -0.00015 0.00058 -1 -0.00015 0.00058 -1 -0.00015 0.00058 -1 -0.00015 0.00058 -1 -0.00015 0.00058 -1 -0.00015 0.00058 -1 -0.00015 0.00058 -1 -0.00015 0.00058 -1 -0.00015 0.00058 -1 -0.00015 0.00058 -1 -0.00015 0.00058 -1 -0.00015 0.00058 -1 -0.00015 0.00058 -1 -0.00015 0.00058 -1 -0.00015 0.00058 -1 -0.00015 0.00058 -1 -0.00015 0.00058 -1 -0.00015 0.00058 -1 -0.00015 0.00058 -1 -0.00015 0.00058 -1 -0.00015 0.00058 -1 -0.00015 0.00058 -1 -0.00015 0.00058 -1 -0.00015 0.00058 -1 -0.00015 0.00058 -1 -0.00015 0.00058 -1 -0.00015 0.00058 -1 -0.00015 0.00058 -0.10257 0.98165 -0.16075 0.13075 0.91387 -0.38437 -0.00519 0.96624 -0.25759 -0.21618 0.97548 -0.0412 -0.2301 -0.93781 0.25995 -0.02127 -0.99364 0.11061 -0.14812 -0.96809 0.20213 -0.3063 -0.89911 0.31269 0.2642 -0.58402 0.76754 0.11161 0.0594 0.99198 0.02473 -0.27668 0.96064 0.16356 -0.53777 0.82707 0.00561 -0.1213 0.9926 -1 -0.00015 0.00058 -1 -0.00015 0.00058 -1 -0.00015 0.00058 -1 -0.00015 0.00058 -1 -0.00015 0.00058 -1 -0.00015 0.00058 -1 -0.00015 0.00058 -1 -0.00015 0.00058 -1 -0.00015 0.00058 -1 -0.00015 0.00058 -1 -0.00015 0.00058 -1 -0.00015 0.00058 -1 -0.00015 0.00058 -1 -0.00015 0.00058 -1 -0.00015 0.00058 -1 -0.00015 0.00058 -1 -0.00015 0.00058 -1 -0.00015 0.00058 -1 -0.00015 0.00058 -1 -0.00015 0.00058 -1 -0.00015 0.00058 -1 -0.00015 0.00058 -1 -0.00015 0.00058 -1 -0.00015 0.00058 -1 -0.00015 0.00058 -1 -0.00015 0.00058 -1 -0.00015 0.00058 -1 -0.00015 0.00058 -1 -0.00015 0.00058 -0.2352 -0.57953 -0.78027 0.17396 -0.70494 -0.6876 -0.31724 -0.53822 -0.78082 0.07203 -0.68582 -0.7242 0.46505 -0.71163 0.5266 0.22072 -0.68526 0.69405 0.39098 -0.71008 0.58559 0.06851 -0.6418 0.76381 -1 -0.00015 0.00058 -1 -0.00015 0.00058 -1 -0.00015 0.00058 -1 -0.00015 0.00058 -1 -0.00015 0.00058 -1 -0.00015 0.00058 -1 -0.00015 0.00058 -1 -0.00015 0.00058 -1 -0.00015 0.00058 -1 -0.00015 0.00058 -1 -0.00015 0.00058 -1 -0.00015 0.00058 -1 -0.00015 0.00058 -1 -0.00015 0.00058 -1 -0.00015 0.00058 -1 -0.00015 0.00058 -1 -0.00015 0.00058 -1 -0.00015 0.00058 -1 -0.00015 0.00058 -1 -0.00015 0.00058 -1 -0.00015 0.00058 -1 -0.00015 0.00058 -1 -0.00015 0.00058 0.22107 0.13603 0.96572 0.00054 0.19818 0.98017 0.0491 0.1854 0.98144 0.28439 0.11618 0.95164 -0.0836 0.92122 0.37996 -0.19917 0.88249 0.42608 -0.23222 0.86839 0.43816 -0.13379 0.90638 0.40071 0.05955 0.94407 -0.32432 -0.18493 0.86141 -0.47305 -0.05907 0.91437 -0.40055 -0.27325 0.81025 -0.51848 0.1353 0.47679 -0.86854 -0.12578 0.23107 -0.96477 0.00438 0.35975 -0.93304 -0.23046 0.11829 -0.96586 -1 -0.00015 0.00058 -1 -0.00015 0.00058 -1 -0.00015 0.00058 -1 -0.00015 0.00058 -1 -0.00015 0.00058 -1 -0.00015 0.00058 -1 -0.00015 0.00058 -1 -0.00015 0.00058 -1 -0.00015 0.00058 -1 -0.00015 0.00058 -1 -0.00015 0.00058 -1 -0.00015 0.00058 -1 -0.00015 0.00058 -1 -0.00015 0.00058 -1 -0.00015 0.00058 -1 -0.00015 0.00058 -1 -0.00015 0.00058 -1 -0.00015 0.00058 -1 -0.00015 0.00058 -1 -0.00015 0.00058 -1 -0.00015 0.00058 -1 -0.00015 0.00058 -1 -0.00015 0.00058 -1 -0.00015 0.00058 -1 -0.00015 0.00058 -1 -0.00015 0.00058 0.05059 -0.61219 -0.78909 0.24355 -0.64379 -0.72541 -0.00038 -0.59963 -0.80028 0.20264 -0.63927 -0.74181 0.01584 0.99985 0.00648 0.12393 0.99188 0.0284 -0.00015 0.99999 0.00324 0.10804 0.99383 0.02518 -0.06575 -0.9844 0.1632 -0.10021 -0.98515 0.13943 -0.11564 -0.98492 0.12868 -0.08756 -0.98507 0.1482 0.09993 -0.55129 0.82831 -0.01427 -0.51352 0.85796 -0.04941 -0.5003 0.86444 0.06631 -0.541 0.8384 -1 -0.00015 0.00058 -1 -0.00015 0.00058 -1 -0.00015 0.00058 -1 -0.00015 0.00058 1 -6e-05 -0.00059 1 0.00015 -0.00058 1 0.00015 -0.00058 1 0.00015 -0.00058 1 0.00104 -0.00061 0.99998 -0.00664 -0.00083 1 0.00158 -0.00062 1 0.00015 -0.00056 1 -0.00176 -0.00064 -1 -0.00261 0.00136 -1 0.00234 0.00016 -1 -0.0004 0.00077 -1 -0.00015 0.00058 -1 -0.00283 0.00124 -1 -0.00015 0.00058 -1 -0.00015 0.00058 -1 -0.00015 0.00058 -1 1e-05 0.00029 -0.99998 0.00538 0.00147 -1 -0.00015 0.00058 -1 -0.00015 0.00058 -1 -0.00015 0.00058 -1 -0.00015 0.00058 -1 -0.00015 0.00058 -1 -0.00015 0.00058 -1 -0.00015 0.00058 -1 -0.00015 0.00058 -1 -0.00015 0.00058 -1 -0.00015 0.00058 -1 0.00022 0.00018 -1 -0.00015 0.00058 -1 -0.00015 0.00058 -1 -0.00015 0.00058 -1 -0.00015 0.00058 -1 -0.00015 0.00058 -1 -0.00015 0.00058 -1 -0.00015 0.00058 -1 -0.00015 0.00058 -1 -0.00015 0.00058 -1 -0.00015 0.00058 -1 -0.00015 0.00058 -1 -0.00015 0.00058 -1 -0.00015 0.00058 -1 -0.00015 0.00058 -1 -0.00015 0.00058 -1 -0.00015 0.00058 -1 -0.00015 0.00058 -1 -0.00015 0.00058 -1 -0.00015 0.00058 -1 -0.00015 0.00058 -1 -0.00015 0.00058 -1 -0.00015 0.00058 -1 -0.00015 0.00058 -1 -0.00015 0.00058 -1 -0.00015 0.00058 -1 -0.00015 0.00058 -1 -0.00015 0.00058 -1 -0.00015 0.00058 -1 -0.00015 0.00058 -1 -0.00015 0.00058 -1 -0.00015 0.00058 -1 -0.00015 0.00058 -1 -0.00015 0.00058 -1 -0.00015 0.00058 -1 -0.00015 0.00058 -1 -0.00015 0.00058 -1 -0.00015 0.00058 -1 -0.00015 0.00058 -1 -0.00015 0.00058 -1 -0.00015 0.00058 -1 -0.00015 0.00058 -1 -0.00015 0.00058 -1 -0.00015 0.00058 -1 -0.00015 0.00058 -1 -0.00015 0.00058 -1 -0.00015 0.00058 -1 -0.00015 0.00058 -1 -0.00015 0.00058 -1 -0.00015 0.00058 -1 -0.00015 0.00058 -1 -0.00015 0.00058 -1 -0.00015 0.00058 -1 -0.00015 0.00058 -1 -0.00015 0.00058 -1 -0.00015 0.00058 -1 -0.00015 0.00058 -1 -0.00015 0.00058 -1 -0.00015 0.00058 -1 -0.00015 0.00058 -1 -0.00015 0.00058 -1 -0.00015 0.00058 -1 -0.00015 0.00058 -1 -0.00015 0.00058 -1 -0.00015 0.00058 -1 -0.00015 0.00058 -1 -0.00015 0.00058 -1 -0.00015 0.00058 -1 -0.00015 0.00058 -1 -0.00015 0.00058 -1 -0.00015 0.00058 -1 -0.00015 0.00058 -1 -0.00015 0.00058 -1 -0.00015 0.00058 -1 -0.00015 0.00058 -1 -0.00015 0.00058 -1 -0.00015 0.00058 -1 -0.00015 0.00058 -1 -0.00015 0.00058 -1 -0.00015 0.00058 -1 -0.00015 0.00058 -1 -0.00015 0.00058 -1 -0.00015 0.00058 -1 -0.00015 0.00058 -1 -0.00015 0.00058 -0.99997 0.00698 0.00217 -1 -0.00015 0.00058 -1 -0.00015 0.00058 -1 -0.00015 0.00058 -1 -0.00015 0.00058 -1 -0.00015 0.00058 -1 -0.00015 0.00058 -1 -0.00015 0.00058 -1 -0.00015 0.00058 -1 -0.00015 0.00058 -1 -0.00015 0.00058 -1 -0.00015 0.00058 -1 -0.00015 0.00058 -1 -0.00015 0.00058 -1 -0.00015 0.00058 -1 -0.00015 0.00058 -1 -0.00015 0.00058 -1 -0.00015 0.00058 -1 -0.00015 0.00058 -1 -0.00015 0.00058 -1 -0.00015 0.00058 -1 -0.00015 0.00058 -1 -0.00015 0.00058 -1 -0.00015 0.00058 -1 -0.00015 0.00058 -1 -0.00015 0.00058 -1 -0.00015 0.00058 -1 -0.00015 0.00058 -1 -0.00015 0.00058 -1 -0.00015 0.00058 -1 -0.00015 0.00058 -1 -0.00015 0.00058 -1 -0.00015 0.00058 -1 -0.00015 0.00058 -1 -0.00015 0.00058 -1 -0.00015 0.00058 -1 -0.00015 0.00058 -1 -0.00015 0.00058 -1 -0.00015 0.00058 -1 -0.00015 0.00058 -1 -0.00015 0.00058 -1 -0.00015 0.00058 -1 -0.00015 0.00058 -1 -0.00015 0.00058 -1 -0.00015 0.00058 -1 -0.00015 0.00058 -1 -0.00015 0.00058 -1 -0.00015 0.00058 -1 -0.00015 0.00058 -1 -0.00015 0.00058 -1 -0.00015 0.00058 -1 -0.00015 0.00058 -1 -0.00015 0.00058 -1 -0.00015 0.00058 -1 -0.00015 0.00058 -1 -0.00015 0.00058 -1 -0.00015 0.00058 -1 -0.00015 0.00058 -1 -0.00015 0.00058 -1 -0.00015 0.00058 -1 -0.00015 0.00058 -1 -0.00015 0.00058 -1 -0.00015 0.00058 -1 -0.00015 0.00058 -1 -0.00015 0.00058 -1 -0.00015 0.00058 -1 -0.00015 0.00058 -1 -0.00015 0.00058 -1 -0.00088 0.00115 -1 -0.00109 0.00135 -1 -0.00015 0.00058 -1 -0.00015 0.00058 -1 -0.00015 0.00058 -1 -0.00015 0.00058 -1 -0.00015 0.00058 -1 -0.00015 0.00058 -1 -0.00015 0.00058 -1 -0.00015 0.00058 -1 -0.00015 0.00058 -1 -0.00015 0.00058 -1 -0.00015 0.00058 -1 -0.00015 0.00058 -1 -0.00015 0.00058 -1 -0.00015 0.00058 -1 -0.00015 0.00058 -0.46347 0.80912 0.36128 -0.46347 0.80912 0.36128 -0.46347 0.80912 0.36128 0.99595 -0.03516 -0.08273 0.99595 -0.03516 -0.08273 0.99595 -0.03516 -0.08273 -0.66285 -0.73954 0.11713 -0.66285 -0.73954 0.11713 -0.66285 -0.73954 0.11713 -0.43098 0.80025 0.41696 -0.43098 0.80025 0.41696 -0.43098 0.80025 0.41696 -0.04703 -0.95594 0.28977 -0.04703 -0.95594 0.28977 -0.04703 -0.95594 0.28977 0.92581 0.37241 0.06467 0.92581 0.37241 0.06467 0.92581 0.37241 0.06467 0.99977 -0.02114 -0.00227 0.99977 -0.02114 -0.00227 0.99977 -0.02114 -0.00227 0.49019 0.69574 0.52502 0.49019 0.69574 0.52502 0.49019 0.69574 0.52502 -0.4776 -0.56269 0.67475 -0.4776 -0.56269 0.67475 -0.4776 -0.56269 0.67475 0.98551 -0.16804 -0.02306 0.98551 -0.16804 -0.02306 0.98551 -0.16804 -0.02306 -0.14778 0.85715 -0.49341 -0.14778 0.85715 -0.49341 -0.14778 0.85715 -0.49341 -0.56172 -0.80739 -0.18051 -0.56172 -0.80739 -0.18051 -0.56172 -0.80739 -0.18051 0.82995 -0.55783 -0.00227 0.82995 -0.55783 -0.00227 0.82995 -0.55783 -0.00227 -0.98614 -0.16594 -1e-05 -0.98614 -0.16594 -1e-05 -0.98614 -0.16594 -1e-05 0.0759 -0.77449 0.62801 0.0759 -0.77449 0.62801 0.0759 -0.77449 0.62801 -0.18308 0.62881 -0.7557 -0.18308 0.62881 -0.7557 -0.18308 0.62881 -0.7557 0.39164 -0.90793 -0.14926 0.39164 -0.90793 -0.14926 0.39164 -0.90793 -0.14926 0.33289 -0.40298 -0.85252 0.33289 -0.40298 -0.85252 0.33289 -0.40298 -0.85252 0.23077 -0.91925 -0.31895 0.23077 -0.91925 -0.31895 0.23077 -0.91925 -0.31895 -0.29509 -0.71073 -0.63858 -0.29509 -0.71073 -0.63858 -0.29509 -0.71073 -0.63858 -0.51834 -0.81428 0.26129 -0.51834 -0.81428 0.26129 -0.51834 -0.81428 0.26129 0.00015 -0.99999 -0.00324 0.00015 -0.99999 -0.00324 0.00015 -0.99999 -0.00324 0.00058 -0.00324 0.99999 0.00058 -0.00324 0.99999 0.00058 -0.00324 0.99999 0.8476 0.06869 0.52616 0.8476 0.06869 0.52616 0.8476 0.06869 0.52616 0.6405 0.76796 0.00211 0.6405 0.76796 0.00211 0.6405 0.76796 0.00211 -0.00058 0.00324 -0.99999 -0.00058 0.00324 -0.99999 -0.00058 0.00324 -0.99999 0.06083 -0.0033 -0.99814 0.06083 -0.0033 -0.99814 0.06083 -0.0033 -0.99814 0.82394 -0.08587 -0.56014 0.82394 -0.08587 -0.56014 0.82394 -0.08587 -0.56014 -0.13953 0.79767 0.58674 -0.13953 0.79767 0.58674 -0.13953 0.79767 0.58674 -0.19835 0.79117 -0.57854 -0.19835 0.79117 -0.57854 -0.19835 0.79117 -0.57854 0.08291 0.99627 0.0241 0.08291 0.99627 0.0241 0.08291 0.99627 0.0241 0.7707 0.63533 -0.0487 0.7707 0.63533 -0.0487 0.7707 0.63533 -0.0487 0.00058 0.00942 0.99996 0.00058 0.00942 0.99996 0.00058 0.00942 0.99996 0.20395 -0.45909 0.86466 0.20395 -0.45909 0.86466 0.20395 -0.45909 0.86466 -0.81973 -0.13729 -0.55606 -0.81973 -0.13729 -0.55606 -0.81973 -0.13729 -0.55606 0.00015 -0.99999 -0.00324 0.00015 -0.99999 -0.00324 0.00015 -0.99999 -0.00324 -0.3088 -0.86267 -0.40054 -0.3088 -0.86267 -0.40054 -0.3088 -0.86267 -0.40054 -0.18737 -0.79137 0.58191 -0.18737 -0.79137 0.58191 -0.18737 -0.79137 0.58191 0.25043 -0.35611 0.90026 0.25043 -0.35611 0.90026 0.25043 -0.35611 0.90026 0.36806 -0.92975 0.01017 0.36806 -0.92975 0.01017 0.36806 -0.92975 0.01017 0.60477 -0.6496 -0.46074 0.60477 -0.6496 -0.46074 0.60477 -0.6496 -0.46074 0.00015 -0.99999 -0.00324 0.00015 -0.99999 -0.00324 0.00015 -0.99999 -0.00324 -0.07014 0.98252 0.17246 -0.07014 0.98252 0.17246 -0.07014 0.98252 0.17246 -0.52607 -0.72389 0.44636 -0.52607 -0.72389 0.44636 -0.52607 -0.72389 0.44636 0.13154 -0.93842 0.31947 0.13154 -0.93842 0.31947 0.13154 -0.93842 0.31947 0.22178 -0.36317 -0.90494 0.22178 -0.36317 -0.90494 0.22178 -0.36317 -0.90494 -0.73901 0.44753 0.50357 -0.73901 0.44753 0.50357 -0.73901 0.44753 0.50357 -0.00015 0.99999 0.00324 -0.00015 0.99999 0.00324 -0.00015 0.99999 0.00324 0.00013 -0.99909 -0.04269 0.00013 -0.99909 -0.04269 0.00013 -0.99909 -0.04269 0.80858 -0.06912 0.58432 0.80858 -0.06912 0.58432 0.80858 -0.06912 0.58432 0.00058 -0.00324 0.99999 0.00058 -0.00324 0.99999 0.00058 -0.00324 0.99999 0.00058 -0.00947 0.99995 0.00058 -0.00947 0.99995 0.00058 -0.00947 0.99995 0.54138 -0.83877 0.05803 0.54138 -0.83877 0.05803 0.54138 -0.83877 0.05803 1e-05 -0.97369 -0.22788 1e-05 -0.97369 -0.22788 1e-05 -0.97369 -0.22788 -0.3949 -0.78254 0.48134 -0.3949 -0.78254 0.48134 -0.3949 -0.78254 0.48134 0.3277 0.94193 0.0734 0.3277 0.94193 0.0734 0.3277 0.94193 0.0734 0.17862 0.04714 0.98279 0.17862 0.04714 0.98279 0.17862 0.04714 0.98279 -0.32403 0.94354 -0.06879 -0.32403 0.94354 -0.06879 -0.32403 0.94354 -0.06879 0.39605 -0.79981 -0.45105 0.39605 -0.79981 -0.45105 0.39605 -0.79981 -0.45105 -0.20179 -0.94813 0.24561 -0.20179 -0.94813 0.24561 -0.20179 -0.94813 0.24561 0.00059 -0.43778 0.89908 0.00059 -0.43778 0.89908 0.00059 -0.43778 0.89908 0.39199 -0.69734 0.60005 0.39199 -0.69734 0.60005 0.39199 -0.69734 0.60005 -0.20542 -0.94427 -0.2572 -0.20542 -0.94427 -0.2572 -0.20542 -0.94427 -0.2572 0.11286 -0.12222 -0.98607 0.11286 -0.12222 -0.98607 0.11286 -0.12222 -0.98607 0.79448 0.52085 -0.31227 0.79448 0.52085 -0.31227 0.79448 0.52085 -0.31227 0.16331 0.9304 -0.32816 0.16331 0.9304 -0.32816 0.16331 0.9304 -0.32816 0.04612 0.72852 -0.68347 0.04612 0.72852 -0.68347 0.04612 0.72852 -0.68347 0.44647 0.72699 0.52169 0.44647 0.72699 0.52169 0.44647 0.72699 0.52169 -0.25943 0.53419 0.80457 -0.25943 0.53419 0.80457 -0.25943 0.53419 0.80457 -0.00015 0.99999 0.00324 -0.00015 0.99999 0.00324 -0.00015 0.99999 0.00324 0.79473 0.09361 -0.5997 0.79473 0.09361 -0.5997 0.79473 0.09361 -0.5997 -0.00058 0.00324 -0.99999 -0.00058 0.00324 -0.99999 -0.00058 0.00324 -0.99999 -0.79315 -0.56779 0.22029 -0.79315 -0.56779 0.22029 -0.79315 -0.56779 0.22029 0.31768 -0.93376 -0.16482 0.31768 -0.93376 -0.16482 0.31768 -0.93376 -0.16482 0.58591 0.14347 0.79758 0.58591 0.14347 0.79758 0.58591 0.14347 0.79758 -0.08789 0.06364 0.9941 -0.08789 0.06364 0.9941 -0.08789 0.06364 0.9941 -0.21917 0.7029 0.67668 -0.21917 0.7029 0.67668 -0.21917 0.7029 0.67668 0.08212 0.31318 -0.94614 0.08212 0.31318 -0.94614 0.08212 0.31318 -0.94614 0.75952 -0.36633 -0.53752 0.75952 -0.36633 -0.53752 0.75952 -0.36633 -0.53752 -0.19179 -0.97811 0.08078 -0.19179 -0.97811 0.08078 -0.19179 -0.97811 0.08078 -0.22768 -0.9733 -0.02908 -0.22768 -0.9733 -0.02908 -0.22768 -0.9733 -0.02908 -0.06091 -0.54117 0.8387 -0.06091 -0.54117 0.8387 -0.06091 -0.54117 0.8387 0.58203 -0.76625 0.2722 0.58203 -0.76625 0.2722 0.58203 -0.76625 0.2722 -0.97549 0.06225 0.21107 -0.97549 0.06225 0.21107 -0.97549 0.06225 0.21107 0.31029 -0.94896 -0.05648 0.31029 -0.94896 -0.05648 0.31029 -0.94896 -0.05648 0.40942 0.40466 -0.8177 0.40942 0.40466 -0.8177 0.40942 0.40466 -0.8177 -0.32314 -0.07314 -0.94352 -0.32314 -0.07314 -0.94352 -0.32314 -0.07314 -0.94352 0.31454 -0.93799 0.14574 0.31454 -0.93799 0.14574 0.31454 -0.93799 0.14574 0.02538 -0.28408 -0.95846 0.02538 -0.28408 -0.95846 0.02538 -0.28408 -0.95846 0.82063 -0.26795 0.50474 0.82063 -0.26795 0.50474 0.82063 -0.26795 0.50474 0.0006 -0.36749 0.93003 0.0006 -0.36749 0.93003 0.0006 -0.36749 0.93003 -0.00015 0.99999 0.00324 -0.00015 0.99999 0.00324 -0.00015 0.99999 0.00324 -0.00053 -0.23489 -0.97202 -0.00053 -0.23489 -0.97202 -0.00053 -0.23489 -0.97202 0.84689 -0.19028 -0.49655 0.84689 -0.19028 -0.49655 0.84689 -0.19028 -0.49655 0.00015 -0.99999 -0.00324 0.00015 -0.99999 -0.00324 0.00015 -0.99999 -0.00324 0.25849 -0.85036 -0.45834 0.25849 -0.85036 -0.45834 0.25849 -0.85036 -0.45834 -0.27825 0.03515 -0.95986 -0.27825 0.03515 -0.95986 -0.27825 0.03515 -0.95986 -0.26646 -0.93943 -0.21555 -0.26646 -0.93943 -0.21555 -0.26646 -0.93943 -0.21555 0.02561 0.49896 -0.86625 0.02561 0.49896 -0.86625 0.02561 0.49896 -0.86625 0.00015 -0.99999 -0.00324 0.00015 -0.99999 -0.00324 0.00015 -0.99999 -0.00324 0.30455 0.94452 -0.12301 0.30455 0.94452 -0.12301 0.30455 0.94452 -0.12301 0.00029 0.72692 0.68673 0.00029 0.72692 0.68673 0.00029 0.72692 0.68673 0.8242 -0.09464 0.55833 0.8242 -0.09464 0.55833 0.8242 -0.09464 0.55833 0.00058 0.02867 0.99959 0.00058 0.02867 0.99959 0.00058 0.02867 0.99959 -0.50186 0.78016 0.37347 -0.50186 0.78016 0.37347 -0.50186 0.78016 0.37347 -0.28847 -0.93331 -0.21381 -0.28847 -0.93331 -0.21381 -0.28847 -0.93331 -0.21381 0.33389 -0.75747 -0.56103 0.33389 -0.75747 -0.56103 0.33389 -0.75747 -0.56103 -0.00015 0.99999 0.00324 -0.00015 0.99999 0.00324 -0.00015 0.99999 0.00324 0.79865 0.09405 -0.5944 0.79865 0.09405 -0.5944 0.79865 0.09405 -0.5944 -0.00058 0.00324 -0.99999 -0.00058 0.00324 -0.99999 -0.00058 0.00324 -0.99999 0.49248 0.84598 -0.20441 0.49248 0.84598 -0.20441 0.49248 0.84598 -0.20441 -0.18937 0.97634 0.10438 -0.18937 0.97634 0.10438 -0.18937 0.97634 0.10438 0.03242 0.8557 -0.51645 0.03242 0.8557 -0.51645 0.03242 0.8557 -0.51645 -0.51219 -0.85309 0.09947 -0.51219 -0.85309 0.09947 -0.51219 -0.85309 0.09947 0.32416 -0.68018 0.65748 0.32416 -0.68018 0.65748 0.32416 -0.68018 0.65748 0.02442 -0.97385 -0.22589 0.02442 -0.97385 -0.22589 0.02442 -0.97385 -0.22589 -0.09793 -0.98776 -0.12137 -0.09793 -0.98776 -0.12137 -0.09793 -0.98776 -0.12137 0.14733 -0.98832 -0.03888 0.14733 -0.98832 -0.03888 0.14733 -0.98832 -0.03888 -0.39916 -0.871 0.28641 -0.39916 -0.871 0.28641 -0.39916 -0.871 0.28641 -0.14325 -0.17239 -0.97456 -0.14325 -0.17239 -0.97456 -0.14325 -0.17239 -0.97456 0.26824 0.96329 0.01054 0.26824 0.96329 0.01054 0.26824 0.96329 0.01054 -0.25384 0.94701 -0.19682 -0.25384 0.94701 -0.19682 -0.25384 0.94701 -0.19682 -0.15892 0.18184 -0.9704 -0.15892 0.18184 -0.9704 -0.15892 0.18184 -0.9704 0.72154 -0.23201 -0.65234 0.72154 -0.23201 -0.65234 0.72154 -0.23201 -0.65234 0.52927 0.84772 -0.03536 0.52927 0.84772 -0.03536 0.52927 0.84772 -0.03536 -0.34543 0.69596 -0.62954 -0.34543 0.69596 -0.62954 -0.34543 0.69596 -0.62954 0.20497 -0.97772 -0.04531 0.20497 -0.97772 -0.04531 0.20497 -0.97772 -0.04531 0.58683 0.77691 0.22813 0.58683 0.77691 0.22813 0.58683 0.77691 0.22813 0.51982 -0.30697 0.79722 0.51982 -0.30697 0.79722 0.51982 -0.30697 0.79722 -0.35307 -0.57858 0.73525 -0.35307 -0.57858 0.73525 -0.35307 -0.57858 0.73525 -0.18661 -0.04851 0.98124 -0.18661 -0.04851 0.98124 -0.18661 -0.04851 0.98124 0.03893 0.86454 0.50105 0.03893 0.86454 0.50105 0.03893 0.86454 0.50105 -0.0002 0.99569 -0.09277 -0.0002 0.99569 -0.09277 -0.0002 0.99569 -0.09277 -0.19552 0.19307 -0.96151 -0.19552 0.19307 -0.96151 -0.19552 0.19307 -0.96151 0.02867 0.99131 -0.12838 0.02867 0.99131 -0.12838 0.02867 0.99131 -0.12838 0.31684 0.05357 -0.94696 0.31684 0.05357 -0.94696 0.31684 0.05357 -0.94696 0.85817 -0.51044 -0.05469 0.85817 -0.51044 -0.05469 0.85817 -0.51044 -0.05469 0.04122 -0.88119 0.47096 0.04122 -0.88119 0.47096 0.04122 -0.88119 0.47096 -0.20803 -0.9056 -0.36962 -0.20803 -0.9056 -0.36962 -0.20803 -0.9056 -0.36962 -0.17766 -0.72048 0.67033 -0.17766 -0.72048 0.67033 -0.17766 -0.72048 0.67033 0.1255 0.69471 -0.70825 0.1255 0.69471 -0.70825 0.1255 0.69471 -0.70825 -0.19954 0.7217 -0.66282 -0.19954 0.7217 -0.66282 -0.19954 0.7217 -0.66282 0.54665 0.31429 -0.77614 0.54665 0.31429 -0.77614 0.54665 0.31429 -0.77614 -0.19899 0.50967 -0.83704 -0.19899 0.50967 -0.83704 -0.19899 0.50967 -0.83704 -0.48993 -0.43005 -0.7583 -0.48993 -0.43005 -0.7583 -0.48993 -0.43005 -0.7583 -0.41751 0.44633 0.7915 -0.41751 0.44633 0.7915 -0.41751 0.44633 0.7915 0.39828 0.77498 0.49069 0.39828 0.77498 0.49069 0.39828 0.77498 0.49069 0.04179 -0.67859 -0.73333 0.04179 -0.67859 -0.73333 0.04179 -0.67859 -0.73333 0.32683 0.22866 -0.917 0.32683 0.22866 -0.917 0.32683 0.22866 -0.917 0.41038 0.89354 -0.18215 0.41038 0.89354 -0.18215 0.41038 0.89354 -0.18215 -0.56136 0.49055 -0.66651 -0.56136 0.49055 -0.66651 -0.56136 0.49055 -0.66651 -0.08393 -0.98623 0.14249 -0.08393 -0.98623 0.14249 -0.08393 -0.98623 0.14249 -0.56439 0.24102 0.78954 -0.56439 0.24102 0.78954 -0.56439 0.24102 0.78954 -0.02055 0.98721 0.15807 -0.02055 0.98721 0.15807 -0.02055 0.98721 0.15807 0.03556 0.56878 0.82172 0.03556 0.56878 0.82172 0.03556 0.56878 0.82172 -0.04959 -0.09796 0.99395 -0.04959 -0.09796 0.99395 -0.04959 -0.09796 0.99395 0.21188 0.19904 -0.95681 0.21188 0.19904 -0.95681 0.21188 0.19904 -0.95681 0.00058 -0.48029 0.87711 0.00058 -0.48029 0.87711 0.00058 -0.48029 0.87711 0.49367 -0.621 0.60881 0.49367 -0.621 0.60881 0.49367 -0.621 0.60881 -0.23168 -0.55767 -0.79707 -0.23168 -0.55767 -0.79707 -0.23168 -0.55767 -0.79707 -0.35445 -0.92998 0.09751 -0.35445 -0.92998 0.09751 -0.35445 -0.92998 0.09751 0.19549 -0.92347 -0.33012 0.19549 -0.92347 -0.33012 0.19549 -0.92347 -0.33012 0.43612 -0.17137 -0.88342 0.43612 -0.17137 -0.88342 0.43612 -0.17137 -0.88342</float_array>
          <technique_common>
            <accessor count="2726" source="#g0_chrome-nrm-array" stride="3">
              <param type="float" name="X"/>
              <param type="float" name="Y"/>
              <param type="float" name="Z"/>
            </accessor>
          </technique_common>
        </source>
        <vertices id="g0_chrome-pos-vertices">
          <input semantic="POSITION" source="#g0_chrome-pos"/>
        </vertices>
        <triangles count="2456" material="chrome-ref">
          <input offset="0" semantic="VERTEX" source="#g0_chrome-pos-vertices"/>
          <input offset="1" semantic="NORMAL" source="#g0_chrome-nrm"/>
          <p>454 454 422 422 441 441 458 458 444 444 429 429 475 475 435 435 439 439 456 456 420 420 430 430 454 454 437 437 422 422 433 433 418 418 419 419 475 475 462 462 432 432 462 462 448 448 432 432 481 481 438 438 453 453 455 455 403 403 428 428 476 476 421 421 456 456 469 469 450 450 463 463 455 455 428 428 446 446 471 471 431 431 460 460 480 480 449 449 471 471 469 469 474 474 450 450 481 481 446 446 438 438 470 470 433 433 464 464 452 452 472 472 478 478 471 471 484 484 480 480 467 467 486 486 458 458 469 469 488 488 474 474 467 467 477 477 486 486 459 459 487 487 477 477 480 480 489 489 473 473 468 468 482 482 481 481 460 460 484 484 471 471 468 468 453 453 447 447 454 454 490 490 461 461 441 441 485 485 454 454 460 460 478 478 484 484 470 470 487 487 459 459 476 476 487 487 465 465 456 456 473 473 489 489 465 465 425 425 466 466 477 477 440 440 436 436 424 424 396 396 429 429 401 401 257 257 414 414 447 447 405 405 410 410 432 432 412 412 394 394 415 415 402 402 445 445 449 449 266 266 400 400 430 430 420 420 408 408 449 449 400 400 401 401 432 432 411 411 412 412 415 415 267 267 402 402 449 449 401 401 431 431 430 430 408 408 456 456 448 448 411 411 432 432 448 448 264 264 411 411 442 442 410 410 434 434 435 435 394 394 439 439 422 422 392 392 441 441 456 456 408 408 409 409 478 478 457 457 452 452 483 483 434 434 448 448 477 477 436 436 459 459 467 467 440 440 477 477 470 470 464 464 487 487 488 488 463 463 458 458 485 485 441 441 455 455 488 488 469 469 463 463 475 475 439 439 450 450 456 456 489 489 476 476 473 473 451 451 480 480 468 468 447 447 442 442 446 446 261 261 395 395 437 437 269 269 422 422 426 426 260 260 416 416 399 399 397 397 436 436 422 422 263 263 392 392 421 421 413 413 258 258 442 442 483 483 482 482 406 406 427 427 287 287 398 398 438 438 395 395 396 396 443 443 423 423 396 396 424 424 443 443 449 449 480 480 451 451 465 465 466 466 476 476 442 442 482 482 468 468 457 457 478 478 460 460 261 261 446 446 428 428 448 448 479 479 483 483 462 462 475 475 479 479 446 446 481 481 455 455 445 445 472 472 452 452 437 437 454 454 461 461 445 445 461 461 472 472 434 434 483 483 442 442 427 427 467 467 458 458 394 394 435 435 432 432 392 392 403 403 441 441 437 437 461 461 445 445 264 264 448 448 434 434 424 424 429 429 444 444 427 427 458 458 429 429 266 266 449 449 409 409 267 267 415 415 452 452 405 405 447 447 404 404 453 453 468 468 481 481 413 413 466 466 407 407 413 413 421 421 466 466 414 414 426 426 431 431 269 269 437 437 268 268 395 395 438 438 446 446 402 402 268 268 445 445 414 414 431 431 401 401 267 267 452 452 416 416 487 487 464 464 465 465 423 423 450 450 439 439 488 488 475 475 474 474 490 490 454 454 485 485 490 490 478 478 461 461 486 486 488 488 458 458 485 485 455 455 481 481 478 478 472 472 461 461 479 479 448 448 462 462 409 409 451 451 456 456 483 483 479 479 598 598 488 488 603 603 601 601 476 476 609 609 487 487 478 478 490 490 591 591 287 287 491 491 440 440 603 603 488 488 486 486 599 599 479 479 475 475 598 598 482 482 483 483 421 421 476 476 466 466 444 444 458 458 463 463 451 451 473 473 456 456 425 425 465 465 464 464 440 440 467 467 427 427 420 420 456 456 421 421 419 419 464 464 433 433 431 431 471 471 449 449 443 443 463 463 450 450 452 452 415 415 445 445 435 435 475 475 432 432 398 398 453 453 438 438 424 424 444 444 463 463 417 417 459 459 436 436 417 417 470 470 459 459 417 417 433 433 470 470 425 425 464 464 419 419 387 387 334 334 349 349 317 317 316 316 354 354 351 351 353 353 377 377 352 352 351 351 375 375 352 352 375 375 376 376 346 346 347 347 280 280 347 347 348 348 281 281 376 376 347 347 346 346 380 380 349 349 347 347 377 377 375 375 351 351 349 349 380 380 387 387 347 347 376 376 379 379 316 316 333 333 355 355 316 316 355 355 354 354 317 317 354 354 356 356 301 301 329 329 331 331 302 302 326 326 330 330 331 331 323 323 327 327 347 347 349 349 348 348 363 363 336 336 334 334 367 367 337 337 336 336 367 367 284 284 337 337 370 370 338 338 284 284 370 370 345 345 344 344 344 344 343 343 338 338 338 338 370 370 344 344 338 338 343 343 342 342 329 329 322 322 324 324 281 281 348 348 282 282 282 282 348 348 350 350 350 350 348 348 349 349 281 281 280 280 347 347 284 284 367 367 370 370 336 336 363 363 367 367 334 334 357 357 363 363 376 376 346 346 352 352 334 334 336 336 335 335 319 319 320 320 323 323 321 321 328 328 325 325 325 325 326 326 320 320 338 338 342 342 340 340 102 102 75 75 76 76 338 338 340 340 341 341 338 338 339 339 619 619 282 282 349 349 335 335 318 318 319 319 323 323 335 335 336 336 283 283 336 336 337 337 283 283 310 310 312 312 311 311 520 520 311 311 499 499 314 314 315 315 301 301 313 313 314 314 308 308 520 520 309 309 311 311 520 520 313 313 309 309 325 325 330 330 326 326 329 329 332 332 322 322 331 331 324 324 323 323 325 325 320 320 321 321 323 323 324 324 318 318 320 320 327 327 323 323 320 320 326 326 327 327 328 328 330 330 325 325 324 324 331 331 329 329 378 378 377 377 389 389 328 328 300 300 330 330 322 322 332 332 333 333 326 326 302 302 304 304 284 284 283 283 337 337 283 283 282 282 335 335 317 317 321 321 319 319 318 318 324 324 322 322 410 410 405 405 247 247 375 375 379 379 376 376 377 377 382 382 380 380 390 390 391 391 381 381 378 378 384 384 382 382 381 381 386 386 384 384 429 429 284 284 285 285 412 412 254 254 394 394 247 247 393 393 410 410 375 375 377 377 380 380 261 261 428 428 403 403 357 357 387 387 383 383 359 359 357 357 383 383 362 362 358 358 386 386 400 400 259 259 401 401 419 419 272 272 425 425 427 427 286 286 287 287 395 395 240 240 398 398 381 381 391 391 386 386 451 451 409 409 449 449 440 440 399 399 436 436 447 447 410 410 442 442 440 440 491 491 399 399 450 450 423 423 443 443 453 453 398 398 404 404 460 460 426 426 416 416 384 384 385 385 382 382 402 402 267 267 244 244 382 382 385 385 383 383 385 385 360 360 359 359 358 358 361 361 384 384 385 385 384 384 360 360 384 384 361 361 360 360 358 358 384 384 386 386 388 388 362 362 386 386 390 390 381 381 378 378 364 364 369 369 367 367 369 369 364 364 361 361 368 368 361 361 366 366 378 378 389 389 390 390 389 389 377 377 353 353 360 360 364 364 359 359 359 359 364 364 363 363 360 360 361 361 364 364 358 358 366 366 361 361 369 369 361 361 368 368 366 366 371 371 368 368 359 359 383 383 385 385 386 386 391 391 388 388 387 387 380 380 383 383 383 383 380 380 382 382 384 384 378 378 381 381 379 379 375 375 380 380 378 378 382 382 377 377 366 366 358 358 362 362 433 433 417 417 270 270 285 285 287 287 286 286 429 429 285 285 286 286 365 365 372 372 373 373 367 367 363 363 364 364 365 365 362 362 372 372 365 365 366 366 362 362 363 363 357 357 359 359 268 268 437 437 445 445 372 372 362 362 388 388 387 387 357 357 334 334 368 368 371 371 369 369 373 373 374 374 371 371 367 367 369 369 370 370 369 369 371 371 370 370 371 371 366 366 373 373 626 626 634 634 339 339 601 601 602 602 488 488 475 475 488 488 600 600 484 484 614 614 612 612 604 604 477 477 487 487 590 590 591 591 490 490 598 598 479 479 599 599 629 629 625 625 632 632 634 634 632 632 625 625 487 487 606 606 604 604 624 624 626 626 341 341 623 623 624 624 341 341 622 622 623 623 341 341 621 621 622 622 291 291 633 633 291 291 615 615 636 636 637 637 635 635 634 634 615 615 339 339 625 625 633 633 615 615 595 595 594 594 481 481 576 576 575 575 14 14 587 587 4 4 15 15 4 4 587 587 585 585 580 580 588 588 13 13 568 568 10 10 571 571 1 1 3 3 586 586 488 488 602 602 600 600 596 596 595 595 481 481 628 628 631 631 627 627 591 591 592 592 478 478 484 484 478 478 614 614 596 596 481 481 482 482 487 487 605 605 606 606 486 486 604 604 603 603 598 598 597 597 482 482 589 589 590 590 490 490 600 600 599 599 475 475 501 501 499 499 311 311 643 643 644 644 647 647 646 646 636 636 638 638 640 640 642 642 643 643 638 638 650 650 645 645 643 643 647 647 640 640 639 639 649 649 638 638 653 653 311 311 635 635 311 311 312 312 635 635 645 645 635 635 292 292 501 501 311 311 653 653 653 653 503 503 501 501 653 653 654 654 503 503 651 651 655 655 503 503 652 652 651 651 503 503 287 287 338 338 619 619 338 338 285 285 284 284 338 338 287 287 285 285 487 487 607 607 608 608 632 632 630 630 629 629 628 628 630 630 631 631 615 615 634 634 625 625 628 628 629 629 630 630 655 655 639 639 638 638 648 648 646 646 649 649 637 637 653 653 635 635 635 635 638 638 636 636 7 7 13 13 588 588 604 604 486 486 477 477 490 490 485 485 593 593 478 478 592 592 614 614 610 610 480 480 613 613 610 610 489 489 480 480 482 482 597 597 596 596 503 503 654 654 652 652 480 480 612 612 613 613 571 571 575 575 576 576 1 1 582 582 587 587 91 91 59 59 92 92 54 54 14 14 10 10 32 32 25 25 14 14 45 45 8 8 17 17 490 490 593 593 589 589 480 480 484 484 612 612 611 611 476 476 489 489 609 609 607 607 487 487 608 608 605 605 487 487 49 49 23 23 50 50 36 36 12 12 38 38 29 29 10 10 22 22 36 36 7 7 12 12 41 41 9 9 18 18 33 33 37 37 3 3 65 65 57 57 47 47 45 45 17 17 24 24 3 3 574 574 586 586 103 103 66 66 64 64 84 84 47 47 109 109 78 78 50 50 45 45 81 81 51 51 58 58 63 63 48 48 35 35 73 73 44 44 55 55 24 24 17 17 11 11 74 74 34 34 15 15 71 71 27 27 42 42 46 46 26 26 70 70 38 38 23 23 49 49 594 594 485 485 481 481 485 485 594 594 593 593 489 489 610 610 611 611 476 476 611 611 609 609 6 6 585 585 581 581 563 563 0 0 579 579 8 8 563 563 578 578 10 10 568 568 574 574 573 573 13 13 5 5 573 573 580 580 13 13 566 566 0 0 584 584 578 578 567 567 11 11 9 9 570 570 564 564 565 565 570 570 9 9 7 7 588 588 584 584 14 14 575 575 571 571 583 583 5 5 581 581 571 571 10 10 14 14 574 574 3 3 10 10 12 12 7 7 584 584 0 0 566 566 579 579 5 5 583 583 573 573 51 51 21 21 39 39 40 40 28 28 19 19 70 70 26 26 21 21 41 41 18 18 61 61 56 56 45 45 24 24 50 50 20 20 45 45 62 62 15 15 30 30 53 53 19 19 48 48 32 32 14 14 54 54 291 291 399 399 619 619 2 2 577 577 572 572 2 2 572 572 569 569 569 569 576 576 2 2 563 563 8 8 0 0 564 564 2 2 9 9 11 11 567 567 565 565 564 564 577 577 2 2 500 500 499 499 501 501 353 353 513 513 512 512 351 351 514 514 513 513 356 356 515 515 514 514 494 494 495 495 493 493 494 494 521 521 495 495 299 299 497 497 492 492 313 313 498 498 497 497 498 498 520 520 499 499 389 389 353 353 512 512 502 502 501 501 503 503 504 504 503 503 505 505 260 260 426 426 414 414 262 262 404 404 398 398 258 258 420 420 421 421 265 265 423 423 439 439 284 284 429 429 396 396 427 427 429 429 286 286 492 492 493 493 299 299 514 514 352 352 356 356 514 514 351 351 352 352 513 513 353 353 351 351 391 391 390 390 511 511 388 388 391 391 511 511 356 356 516 516 515 515 354 354 517 517 516 516 332 332 299 299 493 493 417 417 436 436 397 397 493 493 519 519 332 332 333 333 332 332 519 519 519 519 518 518 333 333 518 518 517 517 333 333 506 506 505 505 507 507 508 508 507 507 374 374 390 390 512 512 511 511 390 390 389 389 512 512 416 416 457 457 460 460 373 373 372 372 510 510 510 510 509 509 373 373 509 509 374 374 373 373 374 374 509 509 508 508 507 507 508 508 506 506 505 505 506 506 504 504 503 503 504 504 502 502 501 501 502 502 500 500 246 246 261 261 403 403 404 404 447 447 453 453 407 407 466 466 425 425 426 426 460 460 431 431 424 424 463 463 443 443 406 406 440 440 427 427 416 416 452 452 457 457 403 403 455 455 441 441 393 393 434 434 410 410 265 265 396 396 423 423 264 264 434 434 393 393 395 395 261 261 240 240 397 397 270 270 417 417 418 418 272 272 419 419 257 257 249 249 414 414 414 414 249 249 260 260 269 269 251 251 422 422 265 265 439 439 394 394 516 516 356 356 354 354 499 499 500 500 498 498 313 313 520 520 498 498 314 314 313 313 497 497 315 315 314 314 497 497 497 497 299 299 315 315 521 521 494 494 496 496 493 493 492 492 494 494 371 371 374 374 507 507 545 545 547 547 544 544 546 546 548 548 547 547 552 552 554 554 553 553 555 555 556 556 554 554 557 557 558 558 556 556 559 559 560 560 558 558 561 561 562 562 560 560 491 491 287 287 619 619 543 543 544 544 542 542 370 370 507 507 505 505 505 505 503 503 655 655 655 655 370 370 505 505 638 638 645 645 370 370 370 370 655 655 638 638 649 649 641 641 648 648 638 638 649 649 646 646 643 643 641 641 644 644 616 616 617 617 619 619 270 270 397 397 291 291 291 291 397 397 399 399 291 291 619 619 615 615 292 292 635 635 312 312 291 291 633 633 621 621 620 620 339 339 615 615 339 339 620 620 616 616 616 616 618 618 617 617 643 643 648 648 641 641 619 619 339 339 616 616 507 507 370 370 371 371 626 626 339 339 341 341 560 560 559 559 561 561 558 558 557 557 559 559 556 556 555 555 557 557 554 554 552 552 555 555 496 496 542 542 521 521 550 550 553 553 551 551 528 528 529 529 527 527 532 532 533 533 531 531 534 534 535 535 533 533 536 536 537 537 535 535 538 538 540 540 537 537 539 539 541 541 540 540 541 541 539 539 522 522 549 549 551 551 548 548 526 526 527 527 525 525 553 553 550 550 552 552 551 551 549 549 550 550 548 548 546 546 549 549 547 547 545 545 546 546 544 544 543 543 545 545 542 542 496 496 543 543 517 517 355 355 333 333 517 517 354 354 355 355 525 525 524 524 526 526 622 622 341 341 291 291 399 399 491 491 619 619 530 530 511 511 529 529 388 388 511 511 530 530 530 530 510 510 388 388 510 510 372 372 388 388 529 529 528 528 530 530 527 527 526 526 528 528 341 341 339 339 338 338 523 523 522 522 524 524 540 540 538 538 539 539 537 537 536 536 538 538 535 535 534 534 536 536 533 533 532 532 534 534 522 522 523 523 541 541 524 524 525 525 523 523 79 79 129 129 92 92 202 202 131 131 176 176 218 218 161 161 182 182 199 199 120 120 161 161 181 181 180 180 148 148 120 120 99 99 73 73 158 158 87 87 119 119 157 157 72 72 97 97 157 157 141 141 72 72 209 209 172 172 164 164 148 148 61 61 71 71 124 124 95 95 86 86 147 147 89 89 118 118 149 149 114 114 91 91 154 154 113 113 93 93 138 138 81 81 113 113 124 124 86 86 105 105 136 136 95 95 124 124 201 201 162 162 171 171 182 182 130 130 142 142 199 199 160 160 120 120 156 156 150 150 129 129 138 138 154 154 179 179 185 185 117 117 147 147 177 177 110 110 133 133 193 193 153 153 168 168 274 274 151 151 185 185 127 127 103 103 68 68 158 158 119 119 159 159 217 217 141 141 157 157 197 197 150 150 156 156 174 174 128 128 150 150 196 196 128 128 174 174 187 187 174 174 197 197 180 180 179 179 154 154 183 183 165 165 211 211 5 5 19 19 28 28 23 23 38 38 12 12 10 10 29 29 54 54 33 33 1 1 44 44 20 20 50 50 23 23 8 8 45 45 20 20 16 16 30 30 4 4 9 9 41 41 39 39 6 6 57 57 16 16 177 177 133 133 144 144 0 0 20 20 23 23 15 15 34 34 44 44 9 9 21 21 26 26 2 2 27 27 18 18 25 25 27 27 2 2 1 1 33 33 3 3 11 11 26 26 24 24 581 581 5 5 6 6 132 132 83 83 121 121 146 146 76 76 116 116 144 144 88 88 101 101 173 173 71 71 96 96 137 137 105 105 90 90 169 169 105 105 137 137 153 153 94 94 95 95 133 133 111 111 88 88 133 133 110 110 111 111 185 185 147 147 167 167 131 131 83 83 132 132 154 154 93 93 180 180 167 167 118 118 152 152 166 166 123 123 104 104 165 165 135 135 127 127 165 165 146 146 135 135 139 139 125 125 128 128 181 181 148 148 71 71 261 261 246 246 239 239 242 242 224 224 256 256 255 255 213 213 242 242 262 262 200 200 252 252 259 259 225 225 219 219 409 409 232 232 243 243 258 258 255 255 242 242 407 407 223 223 255 255 253 253 227 227 254 254 260 260 214 214 237 237 272 272 230 230 248 248 394 394 234 234 235 235 346 346 144 144 145 145 280 280 164 164 143 143 206 206 175 175 198 198 205 205 169 169 138 138 223 223 167 167 152 152 280 280 143 143 177 177 248 248 212 212 223 223 246 246 233 233 206 206 242 242 213 213 224 224 228 228 209 209 204 204 227 227 202 202 208 208 252 252 218 218 182 182 246 246 198 198 239 239 238 238 217 217 233 233 245 245 187 187 221 221 190 190 163 163 203 203 272 272 229 229 230 230 254 254 208 208 234 234 253 253 222 222 227 227 236 236 205 205 225 225 311 311 307 307 310 310 261 261 239 239 240 240 392 392 233 233 246 246 267 267 237 237 244 244 177 177 143 143 110 110 246 246 206 206 198 198 220 220 181 181 214 214 277 277 183 183 211 211 279 279 191 191 210 210 279 279 178 178 191 191 241 241 199 199 200 200 221 221 197 197 216 216 237 237 195 195 215 215 226 226 170 170 201 201 163 163 121 121 122 122 176 176 132 132 121 121 171 171 126 126 131 131 170 170 115 115 162 162 159 159 119 119 160 160 155 155 173 173 96 96 180 180 93 93 148 148 194 194 124 124 169 169 212 212 167 167 223 223 201 201 170 170 162 162 216 216 156 156 188 188 215 215 149 149 196 196 214 214 173 173 155 155 219 219 180 180 220 220 194 194 169 169 205 205 224 224 186 186 194 194 223 223 152 152 193 193 584 584 0 0 12 12 219 219 179 179 180 180 243 243 194 194 205 205 239 239 158 158 159 159 225 225 205 205 179 179 278 278 191 191 183 183 210 210 191 191 278 278 227 227 171 171 202 202 83 83 131 131 107 107 109 109 122 122 84 84 121 121 100 100 108 108 115 115 82 82 126 126 119 119 87 87 98 98 108 108 100 100 65 65 98 98 73 73 99 99 64 64 68 68 103 103 70 70 105 105 86 86 110 110 143 143 109 109 92 92 125 125 91 91 61 61 148 148 93 93 89 89 147 147 117 117 135 135 116 116 77 77 51 51 90 90 105 105 41 41 113 113 58 58 52 52 97 97 72 72 49 49 104 104 68 68 130 130 73 73 106 106 29 29 80 80 54 54 57 57 83 83 67 67 31 31 75 75 35 35 38 38 64 64 66 66 27 27 71 71 61 61 71 71 42 42 96 96 32 32 54 54 79 79 115 115 74 74 62 62 83 83 107 107 67 67 116 116 76 76 77 77 115 115 62 62 82 82 113 113 41 41 93 93 117 117 69 69 89 89 112 112 66 66 103 103 74 74 15 15 62 62 63 63 75 75 145 145 63 63 145 145 85 85 83 83 57 57 65 65 26 26 11 11 9 9 31 31 13 13 7 7 95 95 60 60 86 86 75 75 31 31 76 76 114 114 42 42 59 59 86 86 46 46 70 70 85 85 48 48 63 63 69 69 49 49 50 50 52 52 22 22 3 3 106 106 55 55 74 74 111 111 110 110 88 88 81 81 58 58 113 113 94 94 56 56 60 60 104 104 49 49 69 69 114 114 59 59 91 91 101 101 88 88 85 85 100 100 83 83 65 65 20 20 0 0 8 8 84 84 108 108 65 65 78 78 118 118 89 89 6 6 4 4 585 585 5 5 13 13 19 19 22 22 10 10 3 3 25 25 2 2 14 14 17 17 8 8 11 11 16 16 4 4 6 6 25 25 92 92 59 59 14 14 2 2 576 576 60 60 95 95 94 94 98 98 33 33 73 73 89 89 50 50 78 78 35 35 13 13 31 31 48 48 19 19 13 13 52 52 3 3 37 37 41 41 58 58 51 51 28 28 40 40 109 109 48 48 88 88 53 53 36 36 38 38 66 66 25 25 59 59 42 42 43 43 87 87 37 37 44 44 73 73 33 33 36 36 76 76 31 31 49 49 68 68 38 38 28 28 109 109 47 47 21 21 51 51 70 70 36 36 66 66 76 76 38 38 68 68 64 64 24 24 26 26 46 46 22 22 52 52 29 29 46 46 60 60 24 24 27 27 25 25 42 42 32 32 79 79 25 25 100 100 121 121 83 83 578 578 11 11 8 8 565 565 9 9 11 11 5 5 28 28 6 6 2 2 18 18 9 9 0 0 23 23 12 12 1 1 15 15 44 44 112 112 103 103 135 135 134 134 145 145 75 75 33 33 43 43 37 37 126 126 82 82 107 107 158 158 97 97 87 87 141 141 80 80 72 72 582 582 1 1 586 586 587 587 15 15 1 1 24 24 60 60 56 56 34 34 74 74 55 55 30 30 57 57 67 67 87 87 97 97 37 37 47 47 84 84 65 65 25 25 79 79 92 92 52 52 80 80 29 29 46 46 86 86 60 60 52 52 72 72 80 80 48 48 85 85 88 88 45 45 94 94 78 78 37 37 97 97 52 52 30 30 67 67 107 107 75 75 63 63 35 35 56 56 94 94 45 45 51 51 81 81 90 90 61 61 93 93 41 41 30 30 82 82 62 62 40 40 53 53 110 110 50 50 89 89 69 69 51 51 105 105 70 70 6 6 47 47 57 57 16 16 57 57 30 30 19 19 53 53 40 40 13 13 35 35 48 48 7 7 36 36 31 31 34 34 55 55 44 44 21 21 9 9 39 39 18 18 27 27 61 61 4 4 30 30 15 15 394 394 254 254 234 234 6 6 28 28 47 47 33 33 98 98 87 87 40 40 110 110 109 109 53 53 88 88 110 110 42 42 114 114 96 96 55 55 106 106 73 73 30 30 107 107 82 82 104 104 151 151 166 166 115 115 170 170 142 142 126 126 171 171 162 162 121 121 163 163 176 176 122 122 172 172 163 163 122 122 164 164 172 172 123 123 184 184 127 127 106 106 115 115 142 142 101 101 145 145 144 144 166 166 184 184 123 123 97 97 158 158 175 175 117 117 151 151 104 104 124 124 186 186 136 136 71 71 173 173 181 181 141 141 188 188 140 140 136 136 168 168 153 153 105 105 169 169 124 124 90 90 138 138 137 137 96 96 149 149 155 155 54 54 80 80 141 141 78 78 94 94 118 118 99 99 120 120 160 160 106 106 142 142 130 130 108 108 122 122 121 121 109 109 164 164 122 122 109 109 143 143 164 164 88 88 144 144 133 133 76 76 134 134 102 102 125 125 139 139 91 91 98 98 99 99 160 160 74 74 115 115 106 106 108 108 84 84 122 122 75 75 102 102 134 134 77 77 66 66 135 135 66 66 112 112 135 135 123 123 68 68 104 104 97 97 175 175 157 157 252 252 200 200 218 218 164 164 204 204 209 209 134 134 146 146 191 191 127 127 192 192 165 165 153 153 193 193 152 152 124 124 194 194 186 186 141 141 217 217 188 188 157 157 175 175 189 189 160 160 199 199 159 159 161 161 200 200 199 199 155 155 149 149 195 195 139 139 196 196 149 149 128 128 196 196 139 139 150 150 197 197 174 174 142 142 170 170 182 182 132 132 176 176 131 131 163 163 190 190 176 176 172 172 203 203 163 163 91 91 139 139 149 149 129 129 140 140 156 156 73 73 161 161 120 120 73 73 130 130 161 161 118 118 167 167 147 147 94 94 153 153 152 152 95 95 136 136 153 153 113 113 154 154 138 138 114 114 149 149 96 96 92 92 129 129 150 150 92 92 150 150 128 128 54 54 140 140 79 79 146 146 183 183 191 191 151 151 274 274 166 166 167 167 212 212 185 185 179 179 205 205 138 138 149 149 215 215 195 195 174 174 187 187 196 196 291 291 271 271 270 270 322 322 333 333 318 318 318 318 333 333 316 316 318 318 316 316 317 317 294 294 321 321 317 317 296 296 328 328 321 321 328 328 296 296 298 298 321 321 294 294 296 296 288 288 272 272 271 271 288 288 271 271 290 290 320 320 319 319 321 321 291 291 290 290 271 271 290 290 289 289 288 288 289 289 297 297 288 288 288 288 297 297 272 272 335 335 349 349 334 334 310 310 290 290 291 291 306 306 289 289 290 290 300 300 298 298 289 289 305 305 307 307 309 309 309 309 313 313 308 308 304 304 308 308 303 303 303 303 308 308 301 301 301 301 308 308 314 314 305 305 306 306 307 307 304 304 305 305 309 309 306 306 310 310 307 307 304 304 309 309 308 308 289 289 306 306 300 300 317 317 275 275 294 294 327 327 326 326 304 304 331 331 327 327 303 303 329 329 301 301 332 332 301 301 315 315 299 299 300 300 305 305 330 330 330 330 305 305 302 302 300 300 306 306 305 305 134 134 178 178 145 145 275 275 274 274 294 294 274 274 295 295 294 294 79 79 140 140 129 129 54 54 141 141 140 140 98 98 160 160 119 119 126 126 162 162 115 115 107 107 131 131 126 126 85 85 145 145 101 101 298 298 300 300 328 328 103 103 127 127 135 135 76 76 146 146 134 134 135 135 146 146 116 116 68 68 123 123 127 127 69 69 117 117 104 104 94 94 152 152 118 118 81 81 138 138 90 90 92 92 128 128 125 125 273 273 295 295 274 274 290 290 310 310 306 306 291 291 312 312 310 310 312 312 291 291 293 293 312 312 293 293 292 292 294 294 295 295 296 296 295 295 297 297 296 296 273 273 229 229 295 295 296 296 297 297 298 298 131 131 202 202 171 171 297 297 229 229 272 272 289 289 298 298 297 297 297 297 295 295 229 229 311 311 309 309 307 307 305 305 304 304 302 302 327 327 304 304 303 303 303 303 301 301 331 331 301 301 299 299 332 332 238 238 392 392 263 263 232 232 408 408 256 256 232 232 409 409 408 408 237 237 267 267 260 260 226 226 393 393 247 247 222 222 253 253 393 393 228 228 265 265 235 235 219 219 257 257 259 259 220 220 249 249 257 257 221 221 250 250 268 268 238 238 263 263 251 251 242 242 256 256 420 420 231 231 255 255 223 223 187 187 245 245 244 244 233 233 392 392 238 238 222 222 393 393 226 226 223 223 407 407 248 248 236 236 266 266 243 243 214 214 260 260 249 249 245 245 221 221 268 268 220 220 257 257 219 219 199 199 241 241 240 240 194 194 243 243 232 232 205 205 236 236 243 243 215 215 244 244 237 237 197 197 221 221 187 187 188 188 217 217 216 216 189 189 233 233 217 217 203 203 235 235 234 234 193 193 231 231 223 223 194 194 232 232 224 224 173 173 214 214 181 181 217 217 250 250 216 216 161 161 218 218 200 200 182 182 226 226 247 247 190 190 234 234 208 208 210 210 278 278 279 279 211 211 192 192 276 276 241 241 262 262 398 398 252 252 404 404 262 262 254 254 411 411 253 253 242 242 420 420 258 258 252 252 405 405 404 404 425 425 272 272 248 248 235 235 265 265 394 394 246 246 403 403 392 392 396 396 283 283 284 284 281 281 282 282 204 204 204 204 280 280 281 281 278 278 183 183 277 277 211 211 276 276 277 277 276 276 192 192 275 275 229 229 273 273 230 230 425 425 248 248 407 407 282 282 396 396 265 265 255 255 413 413 407 407 236 236 400 400 266 266 236 236 259 259 400 400 267 267 416 416 260 260 245 245 268 268 402 402 250 250 269 269 268 268 255 255 193 193 213 213 235 235 203 203 209 209 402 402 244 244 245 245 217 217 251 251 250 250 217 217 238 238 251 251 241 241 398 398 240 240 200 200 262 262 241 241 204 204 265 265 228 228 204 204 282 282 265 265 254 254 412 412 411 411 253 253 411 411 264 264 253 253 264 264 393 393 201 201 222 222 226 226 401 401 259 259 257 257 409 409 243 243 266 266 405 405 252 252 247 247 269 269 250 250 251 251 272 272 418 418 271 271 418 418 270 270 271 271 270 270 418 418 433 433 256 256 408 408 420 420 413 413 255 255 258 258 172 172 209 209 203 203 171 171 227 227 222 222 176 176 190 190 208 208 184 184 275 275 192 192 185 185 212 212 230 230 186 186 224 224 213 213 157 157 189 189 217 217 175 175 206 206 189 189 171 171 222 222 201 201 170 170 226 226 182 182 164 164 280 280 204 204 145 145 279 279 346 346 117 117 185 185 151 151 155 155 195 195 214 214 178 178 279 279 145 145 134 134 191 191 178 178 165 165 192 192 211 211 166 166 275 275 184 184 158 158 239 239 198 198 136 136 186 186 168 168 158 158 198 198 175 175 130 130 182 182 161 161 144 144 346 346 177 177 165 165 183 183 146 146 127 127 184 184 192 192 137 137 138 138 169 169 189 189 206 206 233 233 166 166 274 274 275 275 159 159 207 207 239 239 176 176 208 208 202 202 190 190 203 203 234 234 177 177 346 346 280 280 185 185 273 273 274 274 185 185 230 230 273 273 156 156 216 216 197 197 159 159 199 199 207 207 168 168 186 186 213 213 182 182 247 247 252 252 199 199 240 240 207 207 207 207 240 240 239 239 187 187 244 244 196 196 195 195 237 237 214 214 214 214 249 249 220 220 179 179 219 219 225 225 225 225 259 259 236 236 212 212 248 248 230 230 208 208 254 254 227 227 216 216 250 250 221 221 168 168 213 213 193 193 181 181 220 220 180 180 140 140 188 188 156 156 209 209 228 228 235 235 193 193 255 255 231 231 232 232 256 256 224 224 196 196 244 244 215 215 658 658 657 657 656 656 656 656 659 659 658 658 662 662 663 663 661 661 661 661 660 660 662 662 687 687 686 686 674 674 664 664 665 665 670 670 685 685 687 687 677 677 688 688 685 685 681 681 684 684 688 688 680 680 668 668 684 684 679 679 683 683 682 682 672 672 673 673 675 675 683 683 686 686 683 683 675 675 667 667 666 666 672 672 672 672 682 682 667 667 675 675 674 674 686 686 674 674 678 678 687 687 672 672 673 673 683 683 678 678 677 677 687 687 677 677 676 676 685 685 676 676 681 681 685 685 681 681 680 680 688 688 680 680 679 679 684 684 679 679 669 669 668 668 669 669 671 671 670 670 670 670 668 668 669 669 670 670 671 671 664 664 689 689 692 692 731 731 696 696 734 734 729 729 723 723 705 705 704 704 698 698 733 733 734 734 717 717 716 716 725 725 691 691 690 690 728 728 726 726 725 725 713 713 715 715 714 714 725 725 714 714 713 713 725 725 712 712 691 691 728 728 727 727 728 728 690 690 731 731 727 727 689 689 724 724 707 707 706 706 724 724 703 703 702 702 724 724 702 702 701 701 728 728 726 726 712 712 724 724 710 710 709 709 720 720 719 719 725 725 708 708 707 707 724 724 732 732 700 700 705 705 699 699 732 732 733 733 730 730 731 731 692 692 703 703 724 724 723 723 729 729 695 695 696 696 721 721 720 720 725 725 723 723 704 704 703 703 725 725 722 722 721 721 725 725 719 719 718 718 725 725 718 718 717 717 724 724 701 701 710 710 716 716 715 715 725 725 709 709 708 708 724 724 733 733 698 698 699 699 732 732 699 699 700 700 706 706 711 711 724 724 713 713 712 712 726 726 694 694 695 695 729 729 692 692 693 693 730 730 705 705 723 723 732 732 734 734 696 696 697 697 729 729 693 693 694 694 729 729 730 730 693 693 690 690 689 689 727 727 734 734 697 697 698 698 758 758 773 773 776 776 748 748 749 749 770 770 737 737 738 738 774 774 775 775 778 778 740 740 747 747 748 748 771 771 738 738 739 739 774 774 756 756 747 747 771 771 776 776 746 746 758 758 772 772 761 761 762 762 749 749 750 750 770 770 765 765 766 766 772 772 766 766 767 767 772 772 771 771 751 751 752 752 772 772 762 762 763 763 768 768 769 769 772 772 755 755 756 756 771 771 773 773 760 760 761 761 776 776 735 735 736 736 773 773 758 758 759 759 770 770 771 771 748 748 777 777 745 745 735 735 740 740 741 741 775 775 778 778 774 774 739 739 750 750 737 737 770 770 741 741 742 742 775 775 743 743 777 777 775 775 777 777 744 744 745 745 776 776 736 736 746 746 763 763 764 764 772 772 754 754 755 755 771 771 739 739 740 740 778 778 735 735 776 776 777 777 772 772 767 767 768 768 772 772 764 764 765 765 775 775 742 742 743 743 774 774 770 770 737 737 773 773 759 759 760 760 761 761 772 772 773 773 771 771 753 753 754 754 771 771 752 752 753 753 771 771 757 757 751 751 777 777 743 743 744 744 779 779 782 782 781 781 781 781 782 782 780 780 787 787 786 786 785 785 784 784 785 785 786 786 788 788 787 787 783 783 787 787 785 785 783 783 792 792 790 790 793 793 790 790 792 792 791 791 791 791 789 789 790 790 794 794 797 797 796 796 794 794 795 795 797 797 803 803 805 805 802 802 800 800 802 802 801 801 800 800 801 801 798 798 802 802 800 800 803 803 801 801 805 805 804 804 799 799 801 801 804 804 801 801 802 802 805 805 803 803 804 804 805 805 808 808 806 806 809 809 809 809 807 807 808 808 814 814 813 813 815 815 812 812 816 816 813 813 812 812 813 813 810 810 811 811 813 813 814 814 815 815 811 811 814 814 813 813 816 816 815 815 818 818 819 819 820 820 818 818 820 820 817 817 822 822 823 823 824 824 821 821 823 823 822 822 826 826 829 829 827 827 828 828 829 829 830 830 828 828 827 827 829 829 826 826 827 827 825 825 833 833 832 832 831 831 833 833 834 834 832 832 839 839 837 837 838 838 838 838 841 841 840 840 839 839 840 840 836 836 838 838 840 840 839 839 836 836 840 840 835 835 840 840 841 841 842 842 836 836 837 837 839 839 835 835 840 840 842 842 844 844 843 843 845 845 845 845 846 846 844 844 849 849 848 848 850 850 850 850 847 847 849 849 855 855 854 854 852 852 851 851 854 854 856 856 853 853 855 855 852 852 854 854 855 855 856 856 858 858 857 857 860 860 860 860 859 859 858 858 861 861 864 864 862 862 864 864 865 865 862 862 862 862 865 865 863 863 870 870 869 869 871 871 871 871 869 869 866 866 867 867 870 870 871 871 867 867 871 871 872 872 866 866 868 868 871 871 874 874 873 873 875 875 875 875 876 876 874 874 878 878 879 879 880 880 878 878 880 880 877 877 884 884 882 882 885 885 884 884 885 885 886 886 883 883 885 885 882 882 881 881 884 884 886 886 889 889 888 888 890 890 888 888 887 887 890 890 897 897 894 894 899 899 896 896 891 891 893 893 893 893 892 892 895 895 900 900 897 897 899 899 899 899 898 898 900 900 897 897 895 895 892 892 895 895 896 896 893 893 896 896 895 895 897 897 894 894 897 897 892 892 896 896 897 897 900 900 896 896 900 900 898 898 891 891 896 896 898 898 903 903 901 901 904 904 903 903 904 904 902 902 908 908 909 909 910 910 908 908 905 905 907 907 907 907 909 909 908 908 906 906 908 908 910 910 913 913 912 912 911 911 912 912 913 913 915 915 914 914 912 912 915 915 919 919 920 920 916 916 918 918 920 920 917 917 920 920 919 919 917 917 923 923 925 925 922 922 924 924 925 925 926 926 925 925 924 924 922 922 921 921 924 924 926 926 928 928 927 927 930 930 930 930 929 929 928 928 932 932 936 936 933 933 935 935 936 936 931 931 934 934 935 935 931 931 936 936 935 935 933 933 939 939 940 940 938 938 937 937 940 940 939 939 941 941 945 945 944 944 943 943 944 944 945 945 943 943 945 945 942 942 948 948 949 949 946 946 946 946 947 947 948 948 950 950 952 952 953 953 953 953 951 951 950 950 957 957 955 955 954 954 954 954 956 956 957 957 960 960 959 959 958 958 958 958 961 961 960 960 964 964 962 962 963 963 963 963 965 965 964 964 973 973 967 967 966 966 975 975 970 970 969 969 967 967 973 973 974 974 968 968 971 971 972 972 974 974 969 969 967 967 969 969 974 974 975 975 966 966 972 972 973 973 970 970 975 975 976 976 972 972 966 966 968 968 978 978 979 979 980 980 980 980 977 977 978 978 984 984 981 981 982 982 981 981 984 984 985 985 982 982 983 983 984 984 986 986 988 988 989 989 989 989 987 987 986 986 992 992 991 991 990 990 990 990 993 993 992 992 997 997 998 998 996 996 998 998 994 994 995 995 995 995 999 999 998 998 1000 1000 996 996 998 998 998 998 999 999 1000 1000 1003 1003 1001 1001 1002 1002 1001 1001 1003 1003 1004 1004 1007 1007 1005 1005 1006 1006 1006 1006 1008 1008 1007 1007 1009 1009 1012 1012 1011 1011 1011 1011 1010 1010 1009 1009 1031 1031 1019 1019 1033 1033 1015 1015 1027 1027 1029 1029 1033 1033 1023 1023 1031 1031 1014 1014 1020 1020 1025 1025 1025 1025 1020 1020 1030 1030 1019 1019 1017 1017 1033 1033 1021 1021 1022 1022 1026 1026 1023 1023 1024 1024 1031 1031 1025 1025 1030 1030 1018 1018 1015 1015 1029 1029 1021 1021 1032 1032 1023 1023 1033 1033 1016 1016 1027 1027 1015 1015 1028 1028 1015 1015 1017 1017 1025 1025 1013 1013 1014 1014 1028 1028 1016 1016 1015 1015 1019 1019 1028 1028 1017 1017 1021 1021 1026 1026 1015 1015 1025 1025 1018 1018 1022 1022 1022 1022 1021 1021 1025 1025 1036 1036 1034 1034 1035 1035 1034 1034 1035 1035 1038 1038 1037 1037 1038 1038 1035 1035 1038 1038 1036 1036 1034 1034 1041 1041 1039 1039 1040 1040 1040 1040 1042 1042 1041 1041 1044 1044 1045 1045 1046 1046 1046 1046 1043 1043 1044 1044 1048 1048 1050 1050 1049 1049 1050 1050 1048 1048 1047 1047 1053 1053 1052 1052 1051 1051 1051 1051 1054 1054 1053 1053 1055 1055 1057 1057 1058 1058 1058 1058 1056 1056 1055 1055 1062 1062 1059 1059 1060 1060 1060 1060 1061 1061 1062 1062 1064 1064 1066 1066 1065 1065 1065 1065 1063 1063 1064 1064 1071 1071 1067 1067 1068 1068 1068 1068 1070 1070 1071 1071 1070 1070 1068 1068 1069 1069 1074 1074 1072 1072 1073 1073 1073 1073 1075 1075 1074 1074 1079 1079 1077 1077 1076 1076 1077 1077 1079 1079 1078 1078 1083 1083 1080 1080 1081 1081 1081 1081 1082 1082 1083 1083 1086 1086 1085 1085 1084 1084 1084 1084 1087 1087 1086 1086 1099 1099 1096 1096 1094 1094 1093 1093 1098 1098 1092 1092 1096 1096 1099 1099 1098 1098 1095 1095 1099 1099 1094 1094 1089 1089 1094 1094 1096 1096 1089 1089 1096 1096 1088 1088 1098 1098 1097 1097 1096 1096 1098 1098 1093 1093 1097 1097 1091 1091 1092 1092 1090 1090 1092 1092 1091 1091 1093 1093 1101 1101 1103 1103 1102 1102 1102 1102 1100 1100 1101 1101 1105 1105 1107 1107 1106 1106 1106 1106 1104 1104 1105 1105 1111 1111 1108 1108 1109 1109 1109 1109 1110 1110 1111 1111 1112 1112 1114 1114 1115 1115 1114 1114 1112 1112 1113 1113 1119 1119 1116 1116 1117 1117 1117 1117 1118 1118 1119 1119 1120 1120 1123 1123 1122 1122 1122 1122 1121 1121 1120 1120 1125 1125 1127 1127 1126 1126 1126 1126 1124 1124 1125 1125 1128 1128 1131 1131 1130 1130 1131 1131 1128 1128 1129 1129 1134 1134 1133 1133 1132 1132 1132 1132 1135 1135 1134 1134 1137 1137 1139 1139 1138 1138 1138 1138 1136 1136 1137 1137 1142 1142 1140 1140 1141 1141 1141 1141 1143 1143 1142 1142 1146 1146 1147 1147 1145 1145 1145 1145 1144 1144 1146 1146 1151 1151 1148 1148 1149 1149 1149 1149 1150 1150 1151 1151 1153 1153 1155 1155 1154 1154 1154 1154 1152 1152 1153 1153 1157 1157 1159 1159 1158 1158 1158 1158 1156 1156 1157 1157 1163 1163 1162 1162 1161 1161 1161 1161 1160 1160 1163 1163 1164 1164 1165 1165 1166 1166 1166 1166 1167 1167 1164 1164 1169 1169 1170 1170 1171 1171 1171 1171 1168 1168 1169 1169 1174 1174 1173 1173 1172 1172 1172 1172 1175 1175 1174 1174 1179 1179 1176 1176 1177 1177 1176 1176 1179 1179 1178 1178 1182 1182 1180 1180 1181 1181 1180 1180 1181 1181 1182 1182 1184 1184 1185 1185 1186 1186 1185 1185 1184 1184 1183 1183 1188 1188 1190 1190 1191 1191 1190 1190 1188 1188 1189 1189 1191 1191 1187 1187 1188 1188 1187 1187 1191 1191 1192 1192 1195 1195 1194 1194 1193 1193 1194 1194 1195 1195 1196 1196 1205 1205 1204 1204 1197 1197 1208 1208 1207 1207 1200 1200 1207 1207 1206 1206 1199 1199 1197 1197 1198 1198 1205 1205 1209 1209 1208 1208 1201 1201 1210 1210 1209 1209 1202 1202 1202 1202 1203 1203 1210 1210 1206 1206 1205 1205 1198 1198 1201 1201 1202 1202 1209 1209 1198 1198 1199 1199 1206 1206 1199 1199 1200 1200 1207 1207 1200 1200 1201 1201 1208 1208 1211 1211 1214 1214 1213 1213 1213 1213 1212 1212 1211 1211 1217 1217 1219 1219 1215 1215 1216 1216 1215 1215 1219 1219 1219 1219 1218 1218 1216 1216 1226 1226 1222 1222 1220 1220 1221 1221 1224 1224 1225 1225 1224 1224 1221 1221 1222 1222 1220 1220 1223 1223 1226 1226 1222 1222 1226 1226 1224 1224 1227 1227 1229 1229 1230 1230 1230 1230 1228 1228 1227 1227 1234 1234 1232 1232 1231 1231 1232 1232 1234 1234 1233 1233 1237 1237 1235 1235 1236 1236 1236 1236 1238 1238 1237 1237 1240 1240 1241 1241 1242 1242 1241 1241 1240 1240 1239 1239 1243 1243 1245 1245 1246 1246 1245 1245 1243 1243 1244 1244 1249 1249 1247 1247 1248 1248 1248 1248 1250 1250 1249 1249 1254 1254 1253 1253 1255 1255 1255 1255 1256 1256 1254 1254 1252 1252 1253 1253 1254 1254 1254 1254 1251 1251 1252 1252 1257 1257 1262 1262 1261 1261 1261 1261 1258 1258 1257 1257 1259 1259 1257 1257 1258 1258 1259 1259 1260 1260 1257 1257 1263 1263 1266 1266 1265 1265 1265 1265 1264 1264 1263 1263 1269 1269 1268 1268 1267 1267 1267 1267 1270 1270 1269 1269 1273 1273 1271 1271 1272 1272 1272 1272 1274 1274 1273 1273 1275 1275 1278 1278 1277 1277 1277 1277 1276 1276 1275 1275 1279 1279 1281 1281 1283 1283 1279 1279 1283 1283 1282 1282 1282 1282 1280 1280 1279 1279 1286 1286 1284 1284 1285 1285 1284 1284 1286 1286 1287 1287 1289 1289 1290 1290 1291 1291 1291 1291 1288 1288 1289 1289 1292 1292 1294 1294 1295 1295 1295 1295 1293 1293 1292 1292 1298 1298 1296 1296 1297 1297 1296 1296 1298 1298 1299 1299 1303 1303 1300 1300 1301 1301 1300 1300 1303 1303 1302 1302 1305 1305 1308 1308 1306 1306 1308 1308 1305 1305 1304 1304 1304 1304 1307 1307 1308 1308 1309 1309 1311 1311 1312 1312 1312 1312 1310 1310 1309 1309 1316 1316 1319 1319 1317 1317 1313 1313 1314 1314 1316 1316 1317 1317 1315 1315 1316 1316 1315 1315 1313 1313 1316 1316 1314 1314 1318 1318 1316 1316 1321 1321 1323 1323 1322 1322 1322 1322 1320 1320 1321 1321 1324 1324 1326 1326 1327 1327 1326 1326 1324 1324 1325 1325 1328 1328 1331 1331 1330 1330 1330 1330 1329 1329 1328 1328 1332 1332 1334 1334 1335 1335 1335 1335 1333 1333 1332 1332 1338 1338 1337 1337 1336 1336 1336 1336 1339 1339 1338 1338 1343 1343 1340 1340 1341 1341 1341 1341 1342 1342 1343 1343 1345 1345 1346 1346 1347 1347 1347 1347 1344 1344 1345 1345 1350 1350 1349 1349 1348 1348 1349 1349 1350 1350 1351 1351 1353 1353 1354 1354 1355 1355 1354 1354 1353 1353 1352 1352 1356 1356 1358 1358 1359 1359 1359 1359 1357 1357 1356 1356 1362 1362 1360 1360 1361 1361 1361 1361 1363 1363 1362 1362 1366 1366 1364 1364 1365 1365 1365 1365 1367 1367 1366 1366 1368 1368 1370 1370 1371 1371 1370 1370 1368 1368 1369 1369 1374 1374 1372 1372 1373 1373 1372 1372 1374 1374 1375 1375 1376 1376 1378 1378 1379 1379 1379 1379 1377 1377 1376 1376 1400 1400 1393 1393 1392 1392 1383 1383 1389 1389 1382 1382 1397 1397 1398 1398 1393 1393 1399 1399 1394 1394 1382 1382 1387 1387 1390 1390 1386 1386 1392 1392 1393 1393 1398 1398 1391 1391 1399 1399 1387 1387 1392 1392 1401 1401 1400 1400 1398 1398 1395 1395 1392 1392 1399 1399 1391 1391 1394 1394 1389 1389 1396 1396 1399 1399 1387 1387 1386 1386 1391 1391 1384 1384 1395 1395 1385 1385 1382 1382 1385 1385 1383 1383 1395 1395 1384 1384 1392 1392 1381 1381 1388 1388 1380 1380 1381 1381 1390 1390 1388 1388 1382 1382 1389 1389 1399 1399 1385 1385 1382 1382 1384 1384 1390 1390 1387 1387 1388 1388 1407 1407 1405 1405 1403 1403 1405 1405 1404 1404 1402 1402 1403 1403 1404 1404 1407 1407 1405 1405 1403 1403 1404 1404 1404 1404 1402 1402 1406 1406 1406 1406 1407 1407 1404 1404 1411 1411 1408 1408 1409 1409 1408 1408 1411 1411 1410 1410 1414 1414 1413 1413 1412 1412 1412 1412 1415 1415 1414 1414 1416 1416 1419 1419 1418 1418 1419 1419 1416 1416 1417 1417 1420 1420 1423 1423 1422 1422 1423 1423 1420 1420 1421 1421 1425 1425 1426 1426 1427 1427 1427 1427 1424 1424 1425 1425 1429 1429 1430 1430 1431 1431 1431 1431 1428 1428 1429 1429 1434 1434 1432 1432 1433 1433 1433 1433 1435 1435 1434 1434 1437 1437 1439 1439 1438 1438 1438 1438 1436 1436 1437 1437 1445 1445 1442 1442 1441 1441 1441 1441 1444 1444 1446 1446 1441 1441 1446 1446 1445 1445 1440 1440 1443 1443 1444 1444 1444 1444 1441 1441 1440 1440 1449 1449 1448 1448 1447 1447 1447 1447 1450 1450 1449 1449 1452 1452 1453 1453 1454 1454 1454 1454 1451 1451 1452 1452 1458 1458 1455 1455 1456 1456 1455 1455 1458 1458 1457 1457 1461 1461 1459 1459 1460 1460 1459 1459 1461 1461 1462 1462 1464 1464 1466 1466 1465 1465 1466 1466 1464 1464 1463 1463 1468 1468 1469 1469 1470 1470 1470 1470 1467 1467 1468 1468 1476 1476 1477 1477 1475 1475 1478 1478 1475 1475 1474 1474 1474 1474 1479 1479 1478 1478 1477 1477 1474 1474 1475 1475 1473 1473 1472 1472 1474 1474 1474 1474 1477 1477 1473 1473 1471 1471 1472 1472 1473 1473 1481 1481 1483 1483 1482 1482 1483 1483 1481 1481 1480 1480 1484 1484 1487 1487 1486 1486 1486 1486 1485 1485 1484 1484 1489 1489 1491 1491 1490 1490 1490 1490 1488 1488 1489 1489 1493 1493 1495 1495 1494 1494 1494 1494 1492 1492 1493 1493 1496 1496 1498 1498 1499 1499 1498 1498 1496 1496 1497 1497 1503 1503 1501 1501 1500 1500 1501 1501 1503 1503 1502 1502 1506 1506 1504 1504 1505 1505 1505 1505 1507 1507 1506 1506 1510 1510 1514 1514 1512 1512 1515 1515 1518 1518 1513 1513 1515 1515 1520 1520 1519 1519 1519 1519 1516 1516 1515 1515 1513 1513 1511 1511 1515 1515 1508 1508 1509 1509 1510 1510 1515 1515 1516 1516 1518 1518 1513 1513 1514 1514 1511 1511 1514 1514 1513 1513 1512 1512 1516 1516 1517 1517 1518 1518 1512 1512 1508 1508 1510 1510 1522 1522 1524 1524 1523 1523 1523 1523 1521 1521 1522 1522 1527 1527 1526 1526 1525 1525 1525 1525 1528 1528 1527 1527 1532 1532 1531 1531 1529 1529 1531 1531 1530 1530 1529 1529 1534 1534 1535 1535 1536 1536 1536 1536 1533 1533 1534 1534 1539 1539 1540 1540 1538 1538 1540 1540 1537 1537 1538 1538 1543 1543 1542 1542 1541 1541 1541 1541 1544 1544 1543 1543 1548 1548 1546 1546 1545 1545 1546 1546 1548 1548 1547 1547 1552 1552 1549 1549 1550 1550 1550 1550 1551 1551 1552 1552 1553 1553 1556 1556 1555 1555 1555 1555 1554 1554 1553 1553 1564 1564 1561 1561 1563 1563 1560 1560 1559 1559 1566 1566 1562 1562 1570 1570 1557 1557 1566 1566 1571 1571 1560 1560 1567 1567 1571 1571 1569 1569 1574 1574 1562 1562 1557 1557 1569 1569 1572 1572 1567 1567 1571 1571 1566 1566 1573 1573 1573 1573 1569 1569 1571 1571 1565 1565 1563 1563 1561 1561 1572 1572 1564 1564 1563 1563 1574 1574 1557 1557 1558 1558 1561 1561 1570 1570 1568 1568 1568 1568 1565 1565 1561 1561 1562 1562 1568 1568 1570 1570 1563 1563 1567 1567 1572 1572 1577 1577 1575 1575 1576 1576 1576 1576 1578 1578 1577 1577 1581 1581 1579 1579 1580 1580 1579 1579 1581 1581 1582 1582 1586 1586 1583 1583 1584 1584 1583 1583 1586 1586 1585 1585 1588 1588 1590 1590 1591 1591 1590 1590 1588 1588 1589 1589 1587 1587 1592 1592 1590 1590 1590 1590 1589 1589 1587 1587 1596 1596 1594 1594 1593 1593 1593 1593 1595 1595 1596 1596 1599 1599 1598 1598 1597 1597 1597 1597 1600 1600 1599 1599 1601 1601 1603 1603 1604 1604 1604 1604 1602 1602 1601 1601 1606 1606 1607 1607 1608 1608 1608 1608 1605 1605 1606 1606 1611 1611 1610 1610 1609 1609 1609 1609 1612 1612 1611 1611 1615 1615 1614 1614 1613 1613 1613 1613 1616 1616 1615 1615 1620 1620 1619 1619 1618 1618 1617 1617 1622 1622 1621 1621 1621 1621 1618 1618 1617 1617 1618 1618 1621 1621 1620 1620 1625 1625 1624 1624 1623 1623 1624 1624 1625 1625 1626 1626 1630 1630 1627 1627 1628 1628 1628 1628 1629 1629 1630 1630 1631 1631 1633 1633 1634 1634 1634 1634 1632 1632 1631 1631 1635 1635 1639 1639 1637 1637 1636 1636 1638 1638 1639 1639 1639 1639 1635 1635 1636 1636 1640 1640 1644 1644 1645 1645 1644 1644 1640 1640 1641 1641 1641 1641 1643 1643 1644 1644 1645 1645 1642 1642 1640 1640 1646 1646 1648 1648 1649 1649 1648 1648 1646 1646 1647 1647 1650 1650 1652 1652 1653 1653 1653 1653 1651 1651 1650 1650 1656 1656 1655 1655 1654 1654 1655 1655 1656 1656 1657 1657 1661 1661 1659 1659 1658 1658 1658 1658 1660 1660 1661 1661 1663 1663 1665 1665 1664 1664 1664 1664 1662 1662 1663 1663 1670 1670 1671 1671 1668 1668 1667 1667 1673 1673 1672 1672 1672 1672 1666 1666 1667 1667 1669 1669 1670 1670 1668 1668 1668 1668 1671 1671 1672 1672 1672 1672 1673 1673 1674 1674 1672 1672 1674 1674 1668 1668 1677 1677 1676 1676 1675 1675 1675 1675 1678 1678 1677 1677 1682 1682 1679 1679 1680 1680 1680 1680 1681 1681 1682 1682 1686 1686 1687 1687 1684 1684 1685 1685 1686 1686 1683 1683 1684 1684 1683 1683 1686 1686 1690 1690 1691 1691 1689 1689 1689 1689 1688 1688 1690 1690 1695 1695 1693 1693 1692 1692 1693 1693 1695 1695 1694 1694 1696 1696 1698 1698 1699 1699 1698 1698 1696 1696 1697 1697 1702 1702 1701 1701 1700 1700 1701 1701 1702 1702 1703 1703 1705 1705 1706 1706 1707 1707 1707 1707 1704 1704 1705 1705 1710 1710 1709 1709 1708 1708 1709 1709 1710 1710 1711 1711 1716 1716 1712 1712 1713 1713 1717 1717 1714 1714 1712 1712 1712 1712 1716 1716 1717 1717 1713 1713 1715 1715 1716 1716 1720 1720 1718 1718 1719 1719 1718 1718 1720 1720 1721 1721 1724 1724 1723 1723 1727 1727 1736 1736 1739 1739 1722 1722 1740 1740 1730 1730 1729 1729 1722 1722 1725 1725 1728 1728 1739 1739 1740 1740 1729 1729 1732 1732 1731 1731 1738 1738 1736 1736 1728 1728 1732 1732 1725 1725 1724 1724 1726 1726 1738 1738 1731 1731 1730 1730 1727 1727 1726 1726 1724 1724 1725 1725 1726 1726 1728 1728 1732 1732 1737 1737 1734 1734 1728 1728 1736 1736 1722 1722 1739 1739 1733 1733 1722 1722 1730 1730 1740 1740 1738 1738 1738 1738 1737 1737 1732 1732 1734 1734 1735 1735 1732 1732 1732 1732 1735 1735 1736 1736 1739 1739 1729 1729 1733 1733 1741 1741 1743 1743 1744 1744 1743 1743 1741 1741 1742 1742 1747 1747 1746 1746 1745 1745 1745 1745 1748 1748 1747 1747 1750 1750 1752 1752 1751 1751 1752 1752 1750 1750 1749 1749 1753 1753 1754 1754 1757 1757 1756 1756 1757 1757 1754 1754 1754 1754 1755 1755 1756 1756 1760 1760 1758 1758 1759 1759 1759 1759 1761 1761 1760 1760 1764 1764 1762 1762 1763 1763 1763 1763 1765 1765 1764 1764 1771 1771 1769 1769 1770 1770 1769 1769 1771 1771 1766 1766 1769 1769 1767 1767 1768 1768 1769 1769 1766 1766 1767 1767 1774 1774 1778 1778 1780 1780 1773 1773 1772 1772 1779 1779 1779 1779 1778 1778 1773 1773 1785 1785 1792 1792 1790 1790 1775 1775 1774 1774 1780 1780 1791 1791 1789 1789 1783 1783 1780 1780 1784 1784 1786 1786 1786 1786 1787 1787 1780 1780 1780 1780 1788 1788 1775 1775 1792 1792 1785 1785 1775 1775 1776 1776 1775 1775 1785 1785 1781 1781 1790 1790 1793 1793 1782 1782 1793 1793 1791 1791 1793 1793 1782 1782 1781 1781 1784 1784 1783 1783 1789 1789 1783 1783 1782 1782 1791 1791 1784 1784 1789 1789 1786 1786 1774 1774 1773 1773 1778 1778 1780 1780 1787 1787 1788 1788 1781 1781 1785 1785 1790 1790 1775 1775 1788 1788 1792 1792 1772 1772 1777 1777 1779 1779 1796 1796 1795 1795 1794 1794 1794 1794 1797 1797 1796 1796 1801 1801 1799 1799 1798 1798 1799 1799 1801 1801 1800 1800 1804 1804 1805 1805 1806 1806 1802 1802 1803 1803 1806 1806 1805 1805 1806 1806 1803 1803 1803 1803 1804 1804 1805 1805 1806 1806 1807 1807 1802 1802 1809 1809 1811 1811 1810 1810 1810 1810 1808 1808 1809 1809 1814 1814 1812 1812 1813 1813 1813 1813 1815 1815 1814 1814 1819 1819 1816 1816 1817 1817 1817 1817 1818 1818 1819 1819 1820 1820 1823 1823 1824 1824 1823 1823 1821 1821 1822 1822 1823 1823 1820 1820 1821 1821 1824 1824 1825 1825 1820 1820 1830 1830 1846 1846 1827 1827 1836 1836 1835 1835 1847 1847 1850 1850 1849 1849 1832 1832 1843 1843 1845 1845 1826 1826 1846 1846 1850 1850 1843 1843 1841 1841 1840 1840 1848 1848 1840 1840 1839 1839 1848 1848 1846 1846 1843 1843 1827 1827 1834 1834 1833 1833 1851 1851 1839 1839 1838 1838 1848 1848 1838 1838 1837 1837 1848 1848 1848 1848 1846 1846 1830 1830 1832 1832 1831 1831 1850 1850 1830 1830 1842 1842 1848 1848 1842 1842 1841 1841 1848 1848 1827 1827 1828 1828 1829 1829 1849 1849 1833 1833 1832 1832 1826 1826 1845 1845 1844 1844 1826 1826 1827 1827 1843 1843 1851 1851 1847 1847 1835 1835 1850 1850 1831 1831 1843 1843 1835 1835 1834 1834 1851 1851 1847 1847 1848 1848 1836 1836 1837 1837 1836 1836 1848 1848 1827 1827 1829 1829 1830 1830 1849 1849 1851 1851 1833 1833 1854 1854 1853 1853 1852 1852 1853 1853 1854 1854 1855 1855 1859 1859 1856 1856 1857 1857 1856 1856 1859 1859 1858 1858 1860 1860 1863 1863 1862 1862 1861 1861 1864 1864 1863 1863 1863 1863 1860 1860 1861 1861 1866 1866 1868 1868 1867 1867 1868 1868 1866 1866 1865 1865 1870 1870 1872 1872 1871 1871 1871 1871 1869 1869 1870 1870 1873 1873 1874 1874 1875 1875 1875 1875 1876 1876 1873 1873 1876 1876 1878 1878 1879 1879 1878 1878 1876 1876 1877 1877 1876 1876 1879 1879 1873 1873 1887 1887 1886 1886 1899 1899 1882 1882 1881 1881 1884 1884 1900 1900 1897 1897 1890 1890 1897 1897 1891 1891 1890 1890 1896 1896 1885 1885 1880 1880 1893 1893 1880 1880 1883 1883 1888 1888 1887 1887 1898 1898 1883 1883 1894 1894 1893 1893 1895 1895 1883 1883 1882 1882 1892 1892 1891 1891 1880 1880 1880 1880 1891 1891 1901 1901 1897 1897 1901 1901 1891 1891 1889 1889 1888 1888 1898 1898 1889 1889 1898 1898 1900 1900 1886 1886 1896 1896 1899 1899 1896 1896 1886 1886 1885 1885 1883 1883 1895 1895 1894 1894 1882 1882 1884 1884 1895 1895 1887 1887 1899 1899 1902 1902 1900 1900 1890 1890 1889 1889 1880 1880 1893 1893 1892 1892 1880 1880 1901 1901 1896 1896 1887 1887 1902 1902 1898 1898 1905 1905 1903 1903 1904 1904 1903 1903 1905 1905 1906 1906 1907 1907 1910 1910 1909 1909 1909 1909 1908 1908 1907 1907 1915 1915 1913 1913 1912 1912 1914 1914 1911 1911 1913 1913 1913 1913 1915 1915 1914 1914 1918 1918 1916 1916 1917 1917 1918 1918 1921 1921 1916 1916 1918 1918 1920 1920 1921 1921 1919 1919 1920 1920 1918 1918 1933 1933 1932 1932 1942 1942 1938 1938 1924 1924 1923 1923 1925 1925 1936 1936 1935 1935 1943 1943 1928 1928 1927 1927 1933 1933 1939 1939 1941 1941 1933 1933 1942 1942 1939 1939 1937 1937 1936 1936 1924 1924 1924 1924 1938 1938 1937 1937 1925 1925 1924 1924 1936 1936 1932 1932 1931 1931 1942 1942 1929 1929 1928 1928 1940 1940 1927 1927 1941 1941 1943 1943 1941 1941 1927 1927 1922 1922 1940 1940 1944 1944 1930 1930 1930 1930 1929 1929 1940 1940 1934 1934 1933 1933 1922 1922 1935 1935 1926 1926 1925 1925 1935 1935 1922 1922 1926 1926 1935 1935 1934 1934 1922 1922 1944 1944 1942 1942 1931 1931 1931 1931 1930 1930 1944 1944 1943 1943 1940 1940 1928 1928 1922 1922 1933 1933 1941 1941 1948 1948 1945 1945 1946 1946 1945 1945 1948 1948 1947 1947 1950 1950 1952 1952 1951 1951 1951 1951 1949 1949 1950 1950 1956 1956 1957 1957 1955 1955 1955 1955 1957 1957 1958 1958 1955 1955 1958 1958 1953 1953 1954 1954 1955 1955 1953 1953 1970 1970 1972 1972 1967 1967 1975 1975 1965 1965 1964 1964 1962 1962 1961 1961 1969 1969 1971 1971 1964 1964 1963 1963 1961 1961 1960 1960 1969 1969 1975 1975 1974 1974 1965 1965 1960 1960 1973 1973 1969 1969 1968 1968 1967 1967 1972 1972 1971 1971 1963 1963 1962 1962 1973 1973 1960 1960 1959 1959 1959 1959 1968 1968 1972 1972 1974 1974 1970 1970 1966 1966 1962 1962 1969 1969 1971 1971 1966 1966 1965 1965 1974 1974 1964 1964 1971 1971 1975 1975 1967 1967 1966 1966 1970 1970 1959 1959 1972 1972 1973 1973 1978 1978 1977 1977 1976 1976 1976 1976 1979 1979 1978 1978 1981 1981 1983 1983 1982 1982 1983 1983 1981 1981 1980 1980 1985 1985 1987 1987 1986 1986 1986 1986 1984 1984 1985 1985 1990 1990 1988 1988 1989 1989 1989 1989 1991 1991 1990 1990 1995 1995 1992 1992 1993 1993 1995 1995 1996 1996 1998 1998 1995 1995 1998 1998 1992 1992 1998 1998 1996 1996 1997 1997 1993 1993 1994 1994 1995 1995 2000 2000 2008 2008 2009 2009 2004 2004 2003 2003 2017 2017 2005 2005 2015 2015 2016 2016 2001 2001 2000 2000 2013 2013 2010 2010 2017 2017 2003 2003 2010 2010 1999 1999 2014 2014 2011 2011 2003 2003 2002 2002 2016 2016 2006 2006 2005 2005 2001 2001 2013 2013 2012 2012 2011 2011 2010 2010 2003 2003 2007 2007 2016 2016 2014 2014 2002 2002 2012 2012 2011 2011 2005 2005 2004 2004 2017 2017 2012 2012 2002 2002 2001 2001 2000 2000 2009 2009 2013 2013 2017 2017 2015 2015 2005 2005 2016 2016 2007 2007 2006 2006 2014 2014 2017 2017 2010 2010 2014 2014 1999 1999 2007 2007 2021 2021 2018 2018 2019 2019 2018 2018 2021 2021 2020 2020 2025 2025 2023 2023 2022 2022 2022 2022 2024 2024 2025 2025 2027 2027 2029 2029 2028 2028 2029 2029 2027 2027 2026 2026 2033 2033 2030 2030 2031 2031 2031 2031 2032 2032 2033 2033 2036 2036 2037 2037 2035 2035 2035 2035 2034 2034 2036 2036 2046 2046 2042 2042 2041 2041 2046 2046 2045 2045 2044 2044 2046 2046 2039 2039 2038 2038 2046 2046 2044 2044 2042 2042 2046 2046 2040 2040 2039 2039 2041 2041 2040 2040 2046 2046 2038 2038 2043 2043 2046 2046 2224 2224 2226 2226 2225 2225 2200 2200 2204 2204 2053 2053 2203 2203 2206 2206 2052 2052 2201 2201 2202 2202 2111 2111 2187 2187 2185 2185 2192 2192 2096 2096 2195 2195 2184 2184 2194 2194 2192 2192 2184 2184 2185 2185 2184 2184 2192 2192 2196 2196 2198 2198 2197 2197 2080 2080 2079 2079 2054 2054 2048 2048 2151 2151 2057 2057 2124 2124 2217 2217 2215 2215 2215 2215 2050 2050 2124 2124 2051 2051 2050 2050 2218 2218 2221 2221 2049 2049 2047 2047 2222 2222 2223 2223 2208 2208 2188 2188 2196 2196 2097 2097 2118 2118 2213 2213 2211 2211 2209 2209 2213 2213 2207 2207 2208 2208 2050 2050 2216 2216 2050 2050 2215 2215 2214 2214 2214 2214 2216 2216 2050 2050 2233 2233 2228 2228 2230 2230 2225 2225 2234 2234 2231 2231 2235 2235 2231 2231 2234 2234 2218 2218 2219 2219 2051 2051 2219 2219 2220 2220 2051 2051 2047 2047 2051 2051 2220 2220 2220 2220 2221 2221 2047 2047 2221 2221 2222 2222 2049 2049 2144 2144 2146 2146 2145 2145 2190 2190 2182 2182 2116 2116 2172 2172 2178 2178 2179 2179 2088 2088 2171 2171 2174 2174 2086 2086 2085 2085 2168 2168 2082 2082 2081 2081 2169 2169 2054 2054 2093 2093 2173 2173 2173 2173 2175 2175 2054 2054 2222 2222 2208 2208 2049 2049 2175 2175 2184 2184 2054 2054 2161 2161 2128 2128 2054 2054 2063 2063 2062 2062 2048 2048 2225 2225 2232 2232 2234 2234 2227 2227 2229 2229 2050 2050 2225 2225 2231 2231 2224 2224 2230 2230 2232 2232 2225 2225 2055 2055 2147 2147 2142 2142 2191 2191 2153 2153 2184 2184 2192 2192 2193 2193 2187 2187 2234 2234 2227 2227 2235 2235 2223 2223 2235 2235 2208 2208 2050 2050 2235 2235 2227 2227 2235 2235 2050 2050 2208 2208 2229 2229 2218 2218 2050 2050 2196 2196 2197 2197 2096 2096 2197 2197 2195 2195 2096 2096 2203 2203 2052 2052 2053 2053 2189 2189 2194 2194 2196 2196 2184 2184 2196 2196 2194 2194 2196 2196 2188 2188 2189 2189 2183 2183 2193 2193 2186 2186 2058 2058 2069 2069 2063 2063 2128 2128 2161 2161 2166 2166 2142 2142 2154 2154 2055 2055 2055 2055 2057 2057 2148 2148 2148 2148 2147 2147 2055 2055 2057 2057 2146 2146 2150 2150 2154 2154 2149 2149 2054 2054 2150 2150 2148 2148 2057 2057 2077 2077 2074 2074 2055 2055 2055 2055 2056 2056 2067 2067 2067 2067 2076 2076 2055 2055 2156 2156 2078 2078 2082 2082 2054 2054 2079 2079 2078 2078 2054 2054 2151 2151 2080 2080 2048 2048 2056 2056 2152 2152 2085 2085 2159 2159 2157 2157 2048 2048 2084 2084 2083 2083 2081 2081 2084 2084 2048 2048 2087 2087 2090 2090 2088 2088 2091 2091 2092 2092 2086 2086 2089 2089 2086 2086 2092 2092 2075 2075 2073 2073 2055 2055 2055 2055 2076 2076 2077 2077 2066 2066 2075 2075 2072 2072 2057 2057 2059 2059 2060 2060 2062 2062 2067 2067 2048 2048 2151 2151 2083 2083 2082 2082 2053 2053 2116 2116 2112 2112 2140 2140 2127 2127 2132 2132 2146 2146 2057 2057 2151 2151 2092 2092 2095 2095 2089 2089 2146 2146 2141 2141 2150 2150 2137 2137 2134 2134 2140 2140 2127 2127 2138 2138 2086 2086 2135 2135 2139 2139 2137 2137 2085 2085 2136 2136 2128 2128 2140 2140 2132 2132 2137 2137 2049 2049 2207 2207 2120 2120 2049 2049 2196 2196 2096 2096 2049 2049 2096 2096 2088 2088 2131 2131 2130 2130 2128 2128 2144 2144 2145 2145 2143 2143 2146 2146 2144 2144 2141 2141 2149 2149 2151 2151 2054 2054 2049 2049 2111 2111 2097 2097 2230 2230 2225 2225 2233 2233 2083 2083 2151 2151 2048 2048 2130 2130 2089 2089 2054 2054 2153 2153 2116 2116 2054 2054 2049 2049 2208 2208 2207 2207 2049 2049 2088 2088 2086 2086 2049 2049 2086 2086 2081 2081 2049 2049 2081 2081 2048 2048 2207 2207 2118 2118 2120 2120 2060 2060 2061 2061 2071 2071 2082 2082 2169 2169 2156 2156 2054 2054 2156 2156 2161 2161 2157 2157 2158 2158 2168 2168 2085 2085 2128 2128 2166 2166 2166 2166 2159 2159 2085 2085 2117 2117 2119 2119 2118 2118 2078 2078 2156 2156 2054 2054 2082 2082 2080 2080 2151 2151 2119 2119 2123 2123 2120 2120 2110 2110 2107 2107 2102 2102 2100 2100 2097 2097 2111 2111 2053 2053 2113 2113 2111 2111 2053 2053 2114 2114 2115 2115 2112 2112 2116 2116 2110 2110 2105 2105 2115 2115 2114 2114 2115 2115 2113 2113 2053 2053 2123 2123 2122 2122 2052 2052 2102 2102 2112 2112 2110 2110 2112 2112 2114 2114 2053 2053 2097 2097 2196 2196 2049 2049 2111 2111 2049 2049 2120 2120 2109 2109 2106 2106 2104 2104 2119 2119 2120 2120 2118 2118 2121 2121 2126 2126 2122 2122 2064 2064 2076 2076 2068 2068 2071 2071 2058 2058 2063 2063 2071 2071 2063 2063 2057 2057 2052 2052 2120 2120 2123 2123 2124 2124 2125 2125 2118 2118 2181 2181 2170 2170 2179 2179 2124 2124 2052 2052 2126 2126 2126 2126 2125 2125 2124 2124 2182 2182 2188 2188 2097 2097 2153 2153 2190 2190 2116 2116 2185 2185 2191 2191 2184 2184 2093 2093 2088 2088 2174 2174 2175 2175 2176 2176 2184 2184 2103 2103 2101 2101 2105 2105 2068 2068 2065 2065 2064 2064 2055 2055 2073 2073 2059 2059 2055 2055 2074 2074 2075 2075 2059 2059 2057 2057 2055 2055 2074 2074 2072 2072 2075 2075 2076 2076 2064 2064 2077 2077 2060 2060 2071 2071 2057 2057 2090 2090 2091 2091 2088 2088 2091 2091 2086 2086 2088 2088 2067 2067 2056 2056 2048 2048 2097 2097 2104 2104 2099 2099 2097 2097 2099 2099 2108 2108 2100 2100 2098 2098 2109 2109 2097 2097 2100 2100 2109 2109 2109 2109 2104 2104 2097 2097 2052 2052 2122 2122 2126 2126 2116 2116 2097 2097 2108 2108 2114 2114 2103 2103 2105 2105 2066 2066 2072 2072 2070 2070 2130 2130 2133 2133 2089 2089 2085 2085 2129 2129 2136 2136 2086 2086 2089 2089 2127 2127 2085 2085 2086 2086 2138 2138 2138 2138 2129 2129 2085 2085 2127 2127 2089 2089 2133 2133 2133 2133 2132 2132 2127 2127 2063 2063 2048 2048 2057 2057 2139 2139 2134 2134 2137 2137 2089 2089 2095 2095 2094 2094 2094 2094 2093 2093 2089 2089 2157 2157 2168 2168 2085 2085 2054 2054 2089 2089 2093 2093 2158 2158 2160 2160 2168 2168 2054 2054 2128 2128 2130 2130 2179 2179 2178 2178 2181 2181 2155 2155 2161 2161 2156 2156 2213 2213 2118 2118 2207 2207 2214 2214 2215 2215 2212 2212 2214 2214 2212 2212 2210 2210 2199 2199 2120 2120 2052 2052 2201 2201 2111 2111 2120 2120 2200 2200 2053 2053 2111 2111 2199 2199 2205 2205 2120 2120 2052 2052 2206 2206 2199 2199 2167 2167 2236 2236 2168 2168 2154 2154 2054 2054 2055 2055 2081 2081 2086 2086 2168 2168 2205 2205 2201 2201 2120 2120 2204 2204 2203 2203 2053 2053 2202 2202 2200 2200 2111 2111 2124 2124 2211 2211 2217 2217 2124 2124 2118 2118 2211 2211 2171 2171 2088 2088 2096 2096 2170 2170 2184 2184 2176 2176 2096 2096 2177 2177 2171 2171 2160 2160 2162 2162 2168 2168 2162 2162 2163 2163 2168 2168 2163 2163 2164 2164 2168 2168 2164 2164 2165 2165 2168 2168 2165 2165 2167 2167 2168 2168 2052 2052 2124 2124 2050 2050 2180 2180 2172 2172 2179 2179 2093 2093 2174 2174 2173 2173 2096 2096 2184 2184 2170 2170 2193 2193 2183 2183 2187 2187 2182 2182 2097 2097 2116 2116 2054 2054 2116 2116 2053 2053 2054 2054 2184 2184 2153 2153 2170 2170 2177 2177 2096 2096 2176 2176 2179 2179 2170 2170 2239 2239 2238 2238 2237 2237 2241 2241 2240 2240 2242 2242 2243 2243 2244 2244 2245 2245 2246 2246 2247 2247 2248 2248 2251 2251 2250 2250 2249 2249 2254 2254 2253 2253 2252 2252 2255 2255 2256 2256 2257 2257 2258 2258 2260 2260 2259 2259 2262 2262 2263 2263 2261 2261 2264 2264 2266 2266 2265 2265 2267 2267 2268 2268 2269 2269 2271 2271 2272 2272 2270 2270 2274 2274 2275 2275 2273 2273 2277 2277 2278 2278 2276 2276 2281 2281 2280 2280 2279 2279 2284 2284 2282 2282 2283 2283 2287 2287 2286 2286 2285 2285 2290 2290 2288 2288 2289 2289 2293 2293 2291 2291 2292 2292 2294 2294 2295 2295 2296 2296 2297 2297 2298 2298 2299 2299 2300 2300 2302 2302 2301 2301 2303 2303 2305 2305 2304 2304 2307 2307 2306 2306 2308 2308 2309 2309 2311 2311 2310 2310 2312 2312 2314 2314 2313 2313 2316 2316 2317 2317 2315 2315 2319 2319 2318 2318 2320 2320 2321 2321 2323 2323 2322 2322 2326 2326 2325 2325 2324 2324 2329 2329 2327 2327 2328 2328 2330 2330 2332 2332 2331 2331 2335 2335 2334 2334 2333 2333 2336 2336 2337 2337 2338 2338 2339 2339 2341 2341 2340 2340 2344 2344 2342 2342 2343 2343 2347 2347 2345 2345 2346 2346 2350 2350 2348 2348 2349 2349 2351 2351 2352 2352 2353 2353 2354 2354 2356 2356 2355 2355 2359 2359 2357 2357 2358 2358 2360 2360 2362 2362 2361 2361 2365 2365 2364 2364 2363 2363 2368 2368 2367 2367 2366 2366 2369 2369 2370 2370 2371 2371 2372 2372 2373 2373 2374 2374 2375 2375 2376 2376 2377 2377 2380 2380 2379 2379 2378 2378 2381 2381 2382 2382 2383 2383 2386 2386 2384 2384 2385 2385 2387 2387 2389 2389 2388 2388 2391 2391 2392 2392 2390 2390 2395 2395 2394 2394 2393 2393 2396 2396 2397 2397 2398 2398 2399 2399 2401 2401 2400 2400 2404 2404 2402 2402 2403 2403 2407 2407 2405 2405 2406 2406 2408 2408 2409 2409 2410 2410 2413 2413 2412 2412 2411 2411 2416 2416 2414 2414 2415 2415 2419 2419 2418 2418 2417 2417 2420 2420 2421 2421 2422 2422 2423 2423 2425 2425 2424 2424 2428 2428 2426 2426 2427 2427 2429 2429 2431 2431 2430 2430 2434 2434 2433 2433 2432 2432 2437 2437 2436 2436 2435 2435 2440 2440 2439 2439 2438 2438 2441 2441 2443 2443 2442 2442 2444 2444 2445 2445 2446 2446 2449 2449 2447 2447 2448 2448 2450 2450 2451 2451 2452 2452 2455 2455 2454 2454 2453 2453 2456 2456 2457 2457 2458 2458 2461 2461 2460 2460 2459 2459 2462 2462 2463 2463 2464 2464 2465 2465 2466 2466 2467 2467 2468 2468 2470 2470 2469 2469 2473 2473 2471 2471 2472 2472 2474 2474 2476 2476 2475 2475 2479 2479 2478 2478 2477 2477 2482 2482 2481 2481 2480 2480 2483 2483 2484 2484 2485 2485 2488 2488 2486 2486 2487 2487 2491 2491 2490 2490 2489 2489 2494 2494 2493 2493 2492 2492 2495 2495 2496 2496 2497 2497 2498 2498 2500 2500 2499 2499 2503 2503 2502 2502 2501 2501 2506 2506 2504 2504 2505 2505 2507 2507 2509 2509 2508 2508 2510 2510 2511 2511 2512 2512 2514 2514 2513 2513 2515 2515 2517 2517 2518 2518 2516 2516 2520 2520 2521 2521 2519 2519 2524 2524 2523 2523 2522 2522 2525 2525 2526 2526 2527 2527 2528 2528 2529 2529 2530 2530 2531 2531 2533 2533 2532 2532 2534 2534 2536 2536 2535 2535 2539 2539 2537 2537 2538 2538 2542 2542 2541 2541 2540 2540 2545 2545 2544 2544 2543 2543 2546 2546 2548 2548 2547 2547 2549 2549 2550 2550 2551 2551 2554 2554 2552 2552 2553 2553 2555 2555 2556 2556 2557 2557 2558 2558 2559 2559 2560 2560 2563 2563 2561 2561 2562 2562 2564 2564 2565 2565 2566 2566 2569 2569 2568 2568 2567 2567 2570 2570 2571 2571 2572 2572 2573 2573 2575 2575 2574 2574 2578 2578 2576 2576 2577 2577 2579 2579 2580 2580 2581 2581 2582 2582 2583 2583 2584 2584 2587 2587 2586 2586 2585 2585 2590 2590 2588 2588 2589 2589 2591 2591 2592 2592 2593 2593 2596 2596 2595 2595 2594 2594 2599 2599 2598 2598 2597 2597 2600 2600 2601 2601 2602 2602 2603 2603 2604 2604 2605 2605 2606 2606 2607 2607 2608 2608 2611 2611 2609 2609 2610 2610 2612 2612 2614 2614 2613 2613 2617 2617 2616 2616 2615 2615 2620 2620 2619 2619 2618 2618 2623 2623 2622 2622 2621 2621 2624 2624 2625 2625 2626 2626 2627 2627 2628 2628 2629 2629 2630 2630 2631 2631 2632 2632 2633 2633 2634 2634 2635 2635 2636 2636 2637 2637 2638 2638 2639 2639 2641 2641 2640 2640 2642 2642 2644 2644 2643 2643 2647 2647 2646 2646 2645 2645 2648 2648 2650 2650 2649 2649 2651 2651 2652 2652 2653 2653 2654 2654 2655 2655 2656 2656 2659 2659 2657 2657 2658 2658 2660 2660 2662 2662 2661 2661 2665 2665 2664 2664 2663 2663 2666 2666 2668 2668 2667 2667 2669 2669 2671 2671 2670 2670 2672 2672 2674 2674 2673 2673 2677 2677 2676 2676 2675 2675 2680 2680 2678 2678 2679 2679 2683 2683 2682 2682 2681 2681 2686 2686 2685 2685 2684 2684 2687 2687 2689 2689 2688 2688 2690 2690 2692 2692 2691 2691 2693 2693 2695 2695 2694 2694 2696 2696 2697 2697 2698 2698 2701 2701 2699 2699 2700 2700 2704 2704 2703 2703 2702 2702 2707 2707 2706 2706 2705 2705 2708 2708 2709 2709 2710 2710 2713 2713 2711 2711 2712 2712 2714 2714 2716 2716 2715 2715 2717 2717 2719 2719 2718 2718 2722 2722 2721 2721 2720 2720 2725 2725 2724 2724 2723 2723</p>
        </triangles>
      </mesh>
    </geometry>
  </library_geometries>
  <library_materials>
    <material id="chrome-material" name="chrome">
      <instance_effect url="#chrome-effect"/>
    </material>
  </library_materials>
  <library_visual_scenes>
    <visual_scene id="scene">
      <node id="node_g0_chrome" name="node_g0_chrome">
        <instance_geometry url="#g0_chrome">
          <bind_material>
            <technique_common>
              <instance_material symbol="chrome-ref" target="#chrome-material"/>
            </technique_common>
          </bind_material>
        </instance_geometry>
      </node>
    </visual_scene>
  </library_visual_scenes>
  <scene>
    <instance_visual_scene url="#scene"/>
  </scene>
</COLLADA>
